KEY_CODE,人口,緯度,経度,最寄り店舗距離_km
58395740,26,39.12083333333333,139.88125,9.57
58395750,305,39.12916666666666,139.88125,8.667
58395760,247,39.137499999999996,139.88125,7.769
58395761,29,39.137499999999996,139.89374999999998,7.559
58395770,54,39.14583333333333,139.88125,6.879
58395771,140,39.14583333333333,139.89374999999998,6.641
58395772,6,39.14583333333333,139.90625,6.573
58395781,114,39.15416666666667,139.89374999999998,5.726
58395782,28,39.15416666666667,139.90625,5.647
58395791,8,39.1625,139.89374999999998,4.815
58395792,377,39.1625,139.90625,4.72
58396702,170,39.170833333333334,139.90625,3.794
58396705,226,39.170833333333334,139.94375,5.063
58396706,91,39.170833333333334,139.95624999999998,5.832
58396707,39,39.170833333333334,139.96875,6.688
58396708,34,39.170833333333334,139.98125,7.6
58396712,48,39.17916666666667,139.90625,2.868
58396715,43,39.17916666666667,139.94375,4.411
58396716,44,39.17916666666667,139.95624999999998,5.277
58396717,156,39.17916666666667,139.96875,6.209
58396718,81,39.17916666666667,139.98125,7.182
58396722,278,39.1875,139.90625,1.943
58396724,7,39.1875,139.93125,2.99
58396725,276,39.1875,139.94375,3.874
58396727,25,39.1875,139.96875,5.839
58396732,1838,39.19583333333333,139.90625,1.02
58396733,541,39.19583333333333,139.91875,1.569
58396735,31,39.19583333333333,139.94375,3.503
58396736,65,39.19583333333333,139.95624999999998,4.545
58396737,76,39.19583333333333,139.96875,5.6
58396741,636,39.204166666666666,139.89374999999998,0.93
58396742,1875,39.204166666666666,139.90625,0.149
58396743,2,39.204166666666666,139.91875,1.202
58396745,174,39.204166666666666,139.94375,3.354
58396746,55,39.204166666666666,139.95624999999998,4.431
58396751,1026,39.2125,139.89374999999998,1.033
58396752,459,39.2125,139.90625,0.762
58396753,6,39.2125,139.91875,1.448
58396755,17,39.2125,139.94375,3.457
58396756,109,39.2125,139.95624999999998,4.509
58396757,26,39.2125,139.96875,5.571
58396758,7,39.2125,139.98125,6.637
58396761,27,39.22083333333333,139.89374999999998,0.725
58396762,145,39.22083333333333,139.90625,0.41
58396767,67,39.22083333333333,139.96875,5.759
58396775,299,39.229166666666664,139.94375,3.766
58396776,15,39.229166666666664,139.95624999999998,4.807
58396777,116,39.229166666666664,139.96875,5.86
58396782,3,39.237500000000004,139.90625,2.058
58396783,280,39.237500000000004,139.91875,2.49
58396784,132,39.237500000000004,139.93125,3.237
58396785,3,39.237500000000004,139.94375,4.132
58396786,56,39.237500000000004,139.95624999999998,5.098
58396787,116,39.237500000000004,139.96875,5.254
58396788,34,39.237500000000004,139.98125,5.351
58396793,222,39.24583333333334,139.91875,3.288
58396795,65,39.24583333333334,139.94375,4.657
58396796,164,39.24583333333334,139.95624999999998,4.474
58396797,82,39.24583333333334,139.96875,4.327
58397702,20,39.25416666666667,139.90625,3.895
58397703,1790,39.25416666666667,139.91875,4.139
58397704,106,39.25416666666667,139.93125,4.628
58397705,268,39.25416666666667,139.94375,4.058
58397706,72,39.25416666666667,139.95624999999998,3.586
58397707,88,39.25416666666667,139.96875,3.401
58397708,80,39.25416666666667,139.98125,3.548
58397712,67,39.2625,139.90625,4.819
58397713,813,39.2625,139.91875,4.827
58397716,112,39.2625,139.95624999999998,2.723
58397717,223,39.2625,139.96875,2.475
58397718,15,39.2625,139.98125,2.673
58397723,1,39.270833333333336,139.91875,4.303
58397724,8,39.270833333333336,139.93125,3.407
58397725,16,39.270833333333336,139.94375,2.649
58397726,304,39.270833333333336,139.95624999999998,1.921
58397727,444,39.270833333333336,139.96875,1.548
58397728,60,39.270833333333336,139.98125,1.849
58397734,107,39.27916666666667,139.93125,2.924
58397735,3,39.27916666666667,139.94375,1.99
58397736,456,39.27916666666667,139.95624999999998,1.296
58397737,399,39.27916666666667,139.96875,0.624
58397744,368,39.2875,139.93125,2.684
58397745,672,39.2875,139.94375,1.617
58397746,1474,39.2875,139.95624999999998,0.582
58397747,2275,39.2875,139.96875,0.312
58397756,148,39.295833333333334,139.95624999999998,0.844
58397757,1117,39.295833333333334,139.96875,0.848
58397767,61,39.30416666666667,139.96875,1.686
58397768,29,39.30416666666667,139.98125,1.801
58397799,58,39.32916666666667,139.99375,2.556
58403347,2,38.954166666666666,140.46875,11.959
58403359,32,38.9625,140.49375,11.432
58403367,18,38.97083333333333,140.46875,10.113
58403368,7,38.97083333333333,140.48125,10.274
58403369,95,38.97083333333333,140.49375,10.544
58403377,19,38.979166666666664,140.46875,9.191
58403378,81,38.979166666666664,140.48125,9.368
58403379,24,38.979166666666664,140.49375,9.663
58403387,24,38.987500000000004,140.46875,8.271
58403388,126,38.987500000000004,140.48125,8.467
58403389,1,38.987500000000004,140.49375,8.792
58403397,79,38.99583333333334,140.46875,7.351
58403423,14,38.9375,140.54375,15.663
58403433,1,38.94583333333333,140.54375,14.855
58403434,2,38.94583333333333,140.55625,15.426
58403442,4,38.954166666666666,140.53125,13.519
58403443,22,38.954166666666666,140.54375,14.061
58403444,2,38.954166666666666,140.55625,14.663
58403451,6,38.9625,140.51874999999998,12.203
58403452,125,38.9625,140.53125,12.709
58403461,21,38.97083333333333,140.51874999999998,11.375
58403462,66,38.97083333333333,140.53125,11.917
58403470,38,38.979166666666664,140.50625,10.066
58403471,25,38.979166666666664,140.51874999999998,10.564
58403488,2,38.987500000000004,140.60625,15.256
58403593,20,38.99583333333334,140.66875,18.785
58403671,5,38.979166666666664,140.76874999999998,25.227
58404249,12,39.0375,140.36875,8.103
58404254,11,39.045833333333334,140.30625,13.166
58404259,20,39.045833333333334,140.36875,7.848
58404264,10,39.05416666666667,140.30625,13.076
58404265,7,39.05416666666667,140.31875,11.999
58404275,13,39.0625,140.31875,11.972
58404282,17,39.07083333333334,140.28125,15.245
58404285,33,39.07083333333334,140.31875,12.017
58404292,18,39.07916666666667,140.28125,15.336
58404293,9,39.07916666666667,140.29375,14.267
58404294,17,39.07916666666667,140.30625,13.199
58404306,46,39.00416666666667,140.45624999999998,6.36
58404307,75,39.00416666666667,140.46875,6.434
58404316,260,39.0125,140.45624999999998,5.433
58404317,4,39.0125,140.46875,5.52
58404325,22,39.020833333333336,140.44375,4.658
58404326,36,39.020833333333336,140.45624999999998,4.507
58404335,99,39.02916666666667,140.44375,3.769
58404336,118,39.02916666666667,140.45624999999998,3.581
58404341,13,39.0375,140.39374999999998,6.104
58404345,3,39.0375,140.44375,2.903
58404346,144,39.0375,140.45624999999998,2.655
58404347,13,39.0375,140.46875,2.828
58404350,1,39.045833333333334,140.38125,6.799
58404351,48,39.045833333333334,140.39374999999998,5.762
58404352,69,39.045833333333334,140.40625,4.743
58404353,189,39.045833333333334,140.41875,3.758
58404355,33,39.045833333333334,140.44375,2.091
58404356,115,39.045833333333334,140.45624999999998,1.729
58404357,3,39.045833333333334,140.46875,1.984
58404360,1,39.05416666666667,140.38125,6.624
58404361,57,39.05416666666667,140.39374999999998,5.555
58404362,270,39.05416666666667,140.40625,4.489
58404363,291,39.05416666666667,140.41875,3.432
58404364,162,39.05416666666667,140.43125,2.396
58404365,376,39.05416666666667,140.44375,1.425
58404366,136,39.05416666666667,140.45624999999998,0.806
58404367,67,39.05416666666667,140.46875,1.264
58404371,5,39.0625,140.39374999999998,5.498
58404375,325,39.0625,140.44375,1.186
58404376,821,39.0625,140.45624999999998,0.162
58404377,62,39.0625,140.46875,0.987
58404378,14,39.0625,140.48125,2.062
58404379,45,39.0625,140.49375,3.14
58404380,6,39.07083333333334,140.38125,6.659
58404381,15,39.07083333333334,140.39374999999998,5.596
58404382,55,39.07083333333334,140.40625,4.541
58404386,323,39.07083333333334,140.45624999999998,1.059
58404387,221,39.07083333333334,140.46875,1.438
58404388,19,39.07083333333334,140.48125,2.312
58404389,42,39.07083333333334,140.49375,3.31
58404396,142,39.07916666666667,140.45624999999998,1.983
58404397,246,39.07916666666667,140.46875,2.209
58404398,145,39.07916666666667,140.48125,2.856
58404399,46,39.07916666666667,140.49375,3.71
58404408,2,39.00416666666667,140.60625,14.343
58404409,2,39.00416666666667,140.61875,15.318
58404417,2,39.0125,140.59375,12.968
58404419,8,39.0125,140.61875,14.956
58404427,9,39.020833333333336,140.59375,12.608
58404428,7,39.020833333333336,140.60625,13.621
58404429,10,39.020833333333336,140.61875,14.628
58404435,13,39.02916666666667,140.56875,10.26
58404436,29,39.02916666666667,140.58124999999998,11.278
58404445,3,39.0375,140.56875,9.974
58404448,27,39.0375,140.60625,12.563
58404454,10,39.045833333333334,140.55625,8.708
58404455,45,39.045833333333334,140.56875,9.768
58404458,8,39.045833333333334,140.60625,11.663
58404462,3,39.05416666666667,140.53125,6.426
58404464,26,39.05416666666667,140.55625,8.572
58404468,25,39.05416666666667,140.60625,10.768
58404469,64,39.05416666666667,140.61875,11.106
58404470,53,39.0625,140.50625,4.219
58404471,118,39.0625,140.51874999999998,5.298
58404472,138,39.0625,140.53125,6.377
58404477,181,39.0625,140.59375,9.619
58404478,43,39.0625,140.60625,9.878
58404479,40,39.0625,140.61875,10.245
58404480,65,39.07083333333334,140.50625,4.346
58404481,94,39.07083333333334,140.51874999999998,5.4
58404482,8,39.07083333333334,140.53125,6.461
58404486,36,39.07083333333334,140.58124999999998,8.552
58404487,138,39.07083333333334,140.59375,8.71
58404488,4,39.07083333333334,140.60625,8.996
58404492,23,39.07916666666667,140.53125,6.675
58404493,91,39.07916666666667,140.54375,7.712
58404496,127,39.07916666666667,140.58124999999998,7.629
58404497,210,39.07916666666667,140.59375,7.806
58404498,14,39.07916666666667,140.60625,8.124
58404499,4,39.07916666666667,140.61875,8.566
58404502,33,39.00416666666667,140.65625,17.486
58404503,87,39.00416666666667,140.66875,17.957
58404512,47,39.0125,140.65625,16.646
58404521,18,39.020833333333336,140.64374999999998,15.354
58404522,20,39.020833333333336,140.65625,15.815
58404531,151,39.02916666666667,140.64374999999998,14.509
58404540,53,39.0375,140.63125,13.227
58404541,47,39.0375,140.64374999999998,13.674
58404550,68,39.045833333333334,140.63125,12.375
58404552,4,39.045833333333334,140.65625,13.4
58404560,75,39.05416666666667,140.63125,11.535
58404561,45,39.05416666666667,140.64374999999998,12.045
58404562,49,39.05416666666667,140.65625,12.628
58404572,4,39.0625,140.65625,11.878
58404582,2,39.07083333333334,140.65625,11.155
58404583,7,39.07083333333334,140.66875,11.88
58404592,7,39.07916666666667,140.65625,10.464
58404596,3,39.07916666666667,140.70624999999998,13.792
58404597,10,39.07916666666667,140.71875,14.704
58405099,4,39.1625,140.11875,8.274
58405109,86,39.0875,140.24375,18.591
58405125,1,39.104166666666664,140.19375,15.301
58405134,2,39.1125,140.18125,14.108
58405135,8,39.1125,140.19375,14.422
58405143,5,39.12083333333333,140.16875,12.962
58405147,31,39.12083333333333,140.21875,14.436
58405156,28,39.12916666666666,140.20624999999998,13.119
58405157,10,39.12916666666666,140.21875,13.626
58405164,7,39.137499999999996,140.18125,11.443
58405165,11,39.137499999999996,140.19375,11.827
58405166,13,39.137499999999996,140.20624999999998,12.293
58405173,22,39.14583333333333,140.16875,10.25
58405174,66,39.14583333333333,140.18125,10.567
58405179,11,39.14583333333333,140.24375,13.398
58405182,12,39.15416666666667,140.15625,9.123
58405183,107,39.15416666666667,140.16875,9.355
58405189,91,39.15416666666667,140.24375,12.726
58405190,32,39.1625,140.13125,8.111
58405191,31,39.1625,140.14374999999998,8.089
58405192,77,39.1625,140.15625,8.209
58405193,3,39.1625,140.16875,8.466
58405194,3,39.1625,140.18125,8.848
58405195,3,39.1625,140.19375,9.339
58405198,16,39.1625,140.23125,11.31
58405199,3,39.1625,140.24375,12.088
58405200,19,39.0875,140.25625,17.607
58405201,15,39.0875,140.26874999999998,16.543
58405203,14,39.0875,140.29375,14.424
58405204,18,39.0875,140.30625,13.369
58405210,92,39.09583333333333,140.25625,17.169
58405211,50,39.09583333333333,140.26874999999998,16.351
58405212,27,39.09583333333333,140.28125,15.565
58405213,46,39.09583333333333,140.29375,14.638
58405214,1,39.09583333333333,140.30625,13.6
58405221,14,39.104166666666664,140.26874999999998,15.747
58405222,115,39.104166666666664,140.28125,14.929
58405223,283,39.104166666666664,140.29375,14.146
58405232,17,39.1125,140.28125,14.326
58405233,83,39.1125,140.29375,13.508
58405235,10,39.1125,140.31875,11.995
58405236,14,39.1125,140.33124999999998,11.318
58405241,20,39.12083333333333,140.26874999999998,14.642
58405242,64,39.12083333333333,140.28125,13.759
58405243,45,39.12083333333333,140.29375,12.905
58405245,14,39.12083333333333,140.31875,11.312
58405246,54,39.12083333333333,140.33124999999998,10.591
58405250,3,39.12916666666666,140.25625,15.086
58405251,43,39.12916666666666,140.26874999999998,14.148
58405252,69,39.12916666666666,140.28125,13.232
58405255,72,39.12916666666666,140.31875,10.665
58405256,4,39.12916666666666,140.33124999999998,9.897
58405260,14,39.137499999999996,140.25625,14.665
58405261,66,39.137499999999996,140.26874999999998,13.699
58405264,22,39.137499999999996,140.30625,10.926
58405265,48,39.137499999999996,140.31875,10.063
58405266,3,39.137499999999996,140.33124999999998,9.245
58405267,13,39.137499999999996,140.34375,8.485
58405268,22,39.137499999999996,140.35625,7.8
58405270,47,39.14583333333333,140.25625,14.144
58405274,86,39.14583333333333,140.30625,10.421
58405275,3,39.14583333333333,140.31875,9.512
58405276,11,39.14583333333333,140.33124999999998,8.642
58405277,14,39.14583333333333,140.34375,7.824
58405278,47,39.14583333333333,140.35625,7.076
58405280,3,39.15416666666667,140.25625,13.509
58405284,43,39.15416666666667,140.30625,9.977
58405285,36,39.15416666666667,140.31875,9.023
58405286,6,39.15416666666667,140.33124999999998,8.101
58405287,9,39.15416666666667,140.34375,7.222
58405288,91,39.15416666666667,140.35625,6.404
58405294,42,39.1625,140.30625,9.602
58405295,93,39.1625,140.31875,8.607
58405298,79,39.1625,140.35625,5.803
58405299,5,39.1625,140.36875,4.986
58405306,12,39.0875,140.45624999999998,2.909
58405307,66,39.0875,140.46875,3.067
58405308,120,39.0875,140.48125,3.562
58405309,198,39.0875,140.49375,4.277
58405316,47,39.09583333333333,140.45624999999998,3.835
58405317,59,39.09583333333333,140.46875,3.957
58405318,237,39.09583333333333,140.48125,4.351
58405319,65,39.09583333333333,140.49375,4.953
58405327,127,39.104166666666664,140.46875,4.86
58405328,145,39.104166666666664,140.48125,5.186
58405329,1,39.104166666666664,140.49375,5.701
58405337,12,39.1125,140.46875,5.152
58405338,357,39.1125,140.48125,4.991
58405339,17,39.1125,140.49375,5.06
58405347,46,39.12083333333333,140.46875,4.262
58405349,134,39.12083333333333,140.49375,4.15
58405353,8,39.12916666666666,140.41875,6.424
58405354,91,39.12916666666666,140.43125,5.508
58405356,60,39.12916666666666,140.45624999999998,3.931
58405357,103,39.12916666666666,140.46875,3.391
58405358,97,39.12916666666666,140.48125,3.141
58405359,122,39.12916666666666,140.49375,3.249
58405363,70,39.137499999999996,140.41875,6.026
58405364,189,39.137499999999996,140.43125,5.038
58405366,110,39.137499999999996,140.45624999999998,3.241
58405367,99,39.137499999999996,140.46875,2.559
58405368,251,39.137499999999996,140.48125,2.217
58405369,534,39.137499999999996,140.49375,2.368
58405374,197,39.14583333333333,140.43125,4.707
58405375,231,39.14583333333333,140.44375,3.681
58405376,124,39.14583333333333,140.45624999999998,2.697
58405377,320,39.14583333333333,140.46875,1.821
58405378,424,39.14583333333333,140.48125,1.298
58405379,1326,39.14583333333333,140.49375,1.476
58405382,4,39.15416666666667,140.40625,4.433
58405384,21,39.15416666666667,140.43125,4.226
58405385,148,39.15416666666667,140.44375,3.365
58405386,321,39.15416666666667,140.45624999999998,2.399
58405387,447,39.15416666666667,140.46875,1.343
58405388,712,39.15416666666667,140.48125,0.415
58405389,1580,39.15416666666667,140.49375,0.616
58405391,82,39.1625,140.39374999999998,3.765
58405392,49,39.1625,140.40625,3.509
58405393,35,39.1625,140.41875,3.575
58405394,66,39.1625,140.43125,3.811
58405396,73,39.1625,140.45624999999998,1.945
58405397,335,39.1625,140.46875,1.377
58405398,2482,39.1625,140.48125,0.613
58405399,1715,39.1625,140.49375,0.192
58405403,38,39.0875,140.54375,7.123
58405405,60,39.0875,140.56875,6.677
58405406,149,39.0875,140.58124999999998,6.707
58405407,65,39.0875,140.59375,6.908
58405409,12,39.0875,140.61875,7.756
58405414,17,39.09583333333333,140.55625,5.916
58405415,208,39.09583333333333,140.56875,5.752
58405416,148,39.09583333333333,140.58124999999998,5.787
58405425,15,39.104166666666664,140.56875,4.827
58405426,529,39.104166666666664,140.58124999999998,4.869
58405429,46,39.104166666666664,140.61875,6.235
58405435,45,39.1125,140.56875,3.903
58405436,173,39.1125,140.58124999999998,3.955
58405444,8,39.12083333333333,140.55625,3.288
58405445,90,39.12083333333333,140.56875,2.982
58405446,171,39.12083333333333,140.58124999999998,3.049
58405450,41,39.12916666666666,140.50625,3.584
58405454,220,39.12916666666666,140.55625,2.486
58405455,196,39.12916666666666,140.56875,2.064
58405456,274,39.12916666666666,140.58124999999998,2.161
58405464,133,39.137499999999996,140.55625,1.807
58405465,130,39.137499999999996,140.56875,1.162
58405466,160,39.137499999999996,140.58124999999998,1.325
58405473,86,39.14583333333333,140.54375,2.513
58405474,250,39.14583333333333,140.55625,1.44
58405475,1108,39.14583333333333,140.56875,0.394
58405476,196,39.14583333333333,140.58124999999998,0.75
58405480,5,39.15416666666667,140.50625,1.515
58405481,7,39.15416666666667,140.51874999999998,2.537
58405483,30,39.15416666666667,140.54375,2.615
58405484,440,39.15416666666667,140.55625,1.611
58405485,649,39.15416666666667,140.56875,0.824
58405486,365,39.15416666666667,140.58124999999998,1.042
58405489,25,39.15416666666667,140.61875,4.031
58405490,446,39.1625,140.50625,1.262
58405491,119,39.1625,140.51874999999998,2.34
58405492,81,39.1625,140.53125,3.417
58405493,60,39.1625,140.54375,3.012
58405494,241,39.1625,140.55625,2.199
58405495,69,39.1625,140.56875,1.708
58405496,46,39.1625,140.58124999999998,1.824
58405499,8,39.1625,140.61875,4.3
58405507,19,39.0875,140.71875,14.247
58405517,38,39.09583333333333,140.71875,13.837
58405520,2,39.104166666666664,140.63125,6.971
58405527,59,39.104166666666664,140.71875,13.478
58405537,9,39.1125,140.71875,13.175
58405541,47,39.12083333333333,140.64374999999998,6.797
58405547,10,39.12083333333333,140.71875,12.931
58405551,32,39.12916666666666,140.64374999999998,6.448
58405552,22,39.12916666666666,140.65625,7.478
58405557,44,39.12916666666666,140.71875,12.75
58405560,47,39.137499999999996,140.63125,5.16
58405567,48,39.137499999999996,140.71875,12.634
58405576,167,39.14583333333333,140.70624999999998,11.509
58405577,283,39.14583333333333,140.71875,12.586
58405580,93,39.15416666666667,140.63125,5.094
58405586,25,39.15416666666667,140.70624999999998,11.531
58405587,34,39.15416666666667,140.71875,12.606
58405596,59,39.1625,140.70624999999998,11.627
58405597,47,39.1625,140.71875,12.694
58405598,2,39.1625,140.73125,13.763
58406009,2,39.170833333333334,140.11875,7.372
58406027,5,39.1875,140.09375,6.601
58406038,1,39.19583333333333,140.10625,5.224
58406047,4,39.204166666666666,140.09375,5.23
58406048,2,39.204166666666666,140.10625,4.477
58406049,10,39.204166666666666,140.11875,3.88
58406050,32,39.2125,140.00625,8.635
58406051,1,39.2125,140.01874999999998,9.085
58406055,1,39.2125,140.06875,6.588
58406056,20,39.2125,140.08124999999998,5.609
58406058,2,39.2125,140.10625,3.81
58406061,5,39.22083333333333,140.01874999999998,8.277
58406062,50,39.22083333333333,140.03125,8.877
58406065,11,39.22083333333333,140.06875,6.292
58406066,5,39.22083333333333,140.08124999999998,5.258
58406071,5,39.229166666666664,140.01874999999998,7.496
58406072,10,39.229166666666664,140.03125,8.154
58406075,6,39.229166666666664,140.06875,6.123
58406079,3,39.229166666666664,140.11875,1.901
58406080,2,39.237500000000004,140.00625,6.134
58406082,108,39.237500000000004,140.03125,7.476
58406083,2,39.237500000000004,140.04375,8.243
58406085,2,39.237500000000004,140.06875,6.092
58406092,5,39.24583333333334,140.03125,6.856
58406094,1,39.24583333333334,140.05625,7.26
58406098,12,39.24583333333334,140.10625,3.093
58406099,176,39.24583333333334,140.11875,2.139
58406100,26,39.170833333333334,140.13125,7.188
58406101,69,39.170833333333334,140.14374999999998,7.163
58406102,18,39.170833333333334,140.15625,7.299
58406103,69,39.170833333333334,140.16875,7.587
58406104,4,39.170833333333334,140.18125,8.01
58406105,30,39.170833333333334,140.19375,8.549
58406106,26,39.170833333333334,140.20624999999998,9.183
58406107,91,39.170833333333334,140.21875,9.894
58406108,29,39.170833333333334,140.23125,10.667
58406109,2,39.170833333333334,140.24375,11.489
58406112,71,39.17916666666667,140.15625,6.393
58406113,47,39.17916666666667,140.16875,6.72
58406114,62,39.17916666666667,140.18125,7.195
58406115,53,39.17916666666667,140.19375,7.79
58406116,138,39.17916666666667,140.20624999999998,8.481
58406117,73,39.17916666666667,140.21875,9.246
58406120,8,39.1875,140.13125,5.347
58406121,10,39.1875,140.14374999999998,5.313
58406122,14,39.1875,140.15625,5.495
58406123,59,39.1875,140.16875,5.872
58406124,38,39.1875,140.18125,6.41
58406125,206,39.1875,140.19375,7.071
58406126,88,39.1875,140.20624999999998,7.826
58406129,1,39.1875,140.24375,10.435
58406130,1,39.19583333333333,140.13125,4.43
58406131,1,39.19583333333333,140.14374999999998,4.389
58406132,1,39.19583333333333,140.15625,4.608
58406133,4,39.19583333333333,140.16875,5.051
58406134,94,39.19583333333333,140.18125,5.667
58406135,299,39.19583333333333,140.19375,6.406
58406136,31,39.19583333333333,140.20624999999998,7.23
58406139,17,39.19583333333333,140.24375,9.996
58406142,34,39.204166666666666,140.15625,3.74
58406144,75,39.204166666666666,140.18125,4.987
58406145,127,39.204166666666666,140.19375,5.813
58406146,11,39.204166666666666,140.20624999999998,6.71
58406149,5,39.204166666666666,140.24375,9.626
58406150,19,39.2125,140.13125,2.617
58406151,25,39.2125,140.14374999999998,2.548
58406152,8,39.2125,140.15625,2.908
58406153,13,39.2125,140.16875,3.569
58406154,79,39.2125,140.18125,4.397
58406155,91,39.2125,140.19375,5.316
58406159,23,39.2125,140.24375,9.334
58406160,109,39.22083333333333,140.13125,1.742
58406161,351,39.22083333333333,140.14374999999998,1.637
58406162,117,39.22083333333333,140.15625,2.155
58406163,133,39.22083333333333,140.16875,2.987
58406164,91,39.22083333333333,140.18125,3.94
58406170,627,39.229166666666664,140.13125,0.969
58406171,1069,39.229166666666664,140.14374999999998,0.764
58406172,289,39.229166666666664,140.15625,1.596
58406173,86,39.229166666666664,140.16875,2.613
58406174,5,39.229166666666664,140.18125,3.664
58406180,242,39.237500000000004,140.13125,0.75
58406181,107,39.237500000000004,140.14374999999998,0.455
58406183,4,39.237500000000004,140.16875,2.54
58406184,7,39.237500000000004,140.18125,3.612
58406190,64,39.24583333333334,140.13125,1.379
58406191,162,39.24583333333334,140.14374999999998,1.244
58406192,13,39.24583333333334,140.15625,1.873
58406194,2,39.24583333333334,140.18125,3.793
58406203,7,39.170833333333334,140.29375,10.344
58406204,11,39.170833333333334,140.30625,9.304
58406205,132,39.170833333333334,140.31875,8.274
58406208,68,39.170833333333334,140.35625,5.297
58406214,108,39.17916666666667,140.30625,9.092
58406216,2,39.17916666666667,140.33124999999998,6.983
58406217,5,39.17916666666667,140.34375,5.941
58406218,5,39.17916666666667,140.35625,4.915
58406219,1,39.17916666666667,140.36875,3.916
58406220,3,39.1875,140.25625,11.376
58406221,16,39.1875,140.26874999999998,12.194
58406223,16,39.1875,140.29375,10.044
58406224,41,39.1875,140.30625,8.97
58406225,16,39.1875,140.31875,7.897
58406226,2,39.1875,140.33124999999998,6.825
58406227,11,39.1875,140.34375,5.754
58406229,77,39.1875,140.36875,3.626
58406231,16,39.19583333333333,140.26874999999998,11.97
58406234,22,39.19583333333333,140.30625,8.944
58406235,68,39.19583333333333,140.31875,7.867
58406236,56,39.19583333333333,140.33124999999998,6.79
58406237,5,39.19583333333333,140.34375,5.713
58406241,24,39.204166666666666,140.26874999999998,11.663
58406242,17,39.204166666666666,140.28125,11.153
58406243,9,39.204166666666666,140.29375,10.082
58406244,35,39.204166666666666,140.30625,9.013
58406245,29,39.204166666666666,140.31875,7.945
58406246,30,39.204166666666666,140.33124999999998,6.881
58406251,26,39.2125,140.26874999999998,11.422
58406252,32,39.2125,140.28125,11.285
58406253,39,39.2125,140.29375,10.228
58406254,33,39.2125,140.30625,9.176
58406255,22,39.2125,140.31875,8.13
58406259,15,39.2125,140.36875,4.111
58406260,30,39.22083333333333,140.25625,10.189
58406261,53,39.22083333333333,140.26874999999998,11.254
58406262,39,39.22083333333333,140.28125,11.49
58406263,6,39.22083333333333,140.29375,10.454
58406264,57,39.22083333333333,140.30625,9.427
58406265,73,39.22083333333333,140.31875,8.413
58406269,17,39.22083333333333,140.36875,4.646
58406270,17,39.229166666666664,140.25625,10.085
58406271,15,39.229166666666664,140.26874999999998,11.159
58406272,27,39.229166666666664,140.28125,11.765
58406274,88,39.229166666666664,140.30625,9.76
58406275,58,39.229166666666664,140.31875,8.785
58406276,6,39.229166666666664,140.33124999999998,7.835
58406278,3,39.229166666666664,140.35625,6.067
58406279,119,39.229166666666664,140.36875,5.279
58406280,59,39.237500000000004,140.25625,10.066
58406282,5,39.237500000000004,140.28125,12.104
58406283,58,39.237500000000004,140.29375,11.126
58406284,107,39.237500000000004,140.30625,10.167
58406285,3,39.237500000000004,140.31875,9.235
58406290,24,39.24583333333334,140.25625,10.131
58406291,20,39.24583333333334,140.26874999999998,11.201
58406292,2,39.24583333333334,140.28125,12.272
58406295,14,39.24583333333334,140.31875,9.753
58406300,13,39.170833333333334,140.38125,3.569
58406301,15,39.170833333333334,140.39374999999998,2.925
58406302,33,39.170833333333334,140.40625,2.588
58406303,158,39.170833333333334,140.41875,2.676
58406304,39,39.170833333333334,140.43125,3.154
58406305,241,39.170833333333334,140.44375,2.525
58406306,2,39.170833333333334,140.45624999999998,1.472
58406307,671,39.170833333333334,140.46875,0.529
58406308,2171,39.170833333333334,140.48125,0.159
58406309,1695,39.170833333333334,140.49375,0.294
58406311,30,39.17916666666667,140.39374999999998,2.158
58406312,22,39.17916666666667,140.40625,1.673
58406313,335,39.17916666666667,140.41875,1.806
58406314,235,39.17916666666667,140.43125,2.459
58406315,70,39.17916666666667,140.44375,2.544
58406316,232,39.17916666666667,140.45624999999998,1.505
58406317,463,39.17916666666667,140.46875,0.617
58406318,327,39.17916666666667,140.48125,0.786
58406319,874,39.17916666666667,140.49375,0.859
58406320,73,39.1875,140.38125,2.579
58406321,107,39.1875,140.39374999999998,1.572
58406322,157,39.1875,140.40625,0.784
58406323,212,39.1875,140.41875,1.039
58406324,92,39.1875,140.43125,1.904
58406325,55,39.1875,140.44375,2.879
58406326,309,39.1875,140.45624999999998,2.021
58406327,220,39.1875,140.46875,1.483
58406328,462,39.1875,140.48125,1.624
58406329,632,39.1875,140.49375,1.763
58406330,478,39.19583333333333,140.38125,2.487
58406331,627,39.19583333333333,140.39374999999998,1.417
58406332,1556,39.19583333333333,140.40625,0.387
58406333,186,39.19583333333333,140.41875,0.632
58406334,786,39.19583333333333,140.43125,1.707
58406335,644,39.19583333333333,140.44375,2.783
58406336,51,39.19583333333333,140.45624999999998,2.76
58406337,2,39.19583333333333,140.46875,2.395
58406338,266,39.19583333333333,140.48125,2.484
58406339,2,39.19583333333333,140.49375,2.682
58406341,147,39.204166666666666,140.39374999999998,1.805
58406342,841,39.204166666666666,140.40625,1.101
58406343,123,39.204166666666666,140.41875,1.185
58406344,109,39.204166666666666,140.43125,1.979
58406345,496,39.204166666666666,140.44375,2.958
58406346,217,39.204166666666666,140.45624999999998,3.588
58406347,90,39.204166666666666,140.46875,3.315
58406348,351,39.204166666666666,140.48125,3.38
58406349,9,39.204166666666666,140.49375,2.482
58406350,5,39.2125,140.38125,3.226
58406351,140,39.2125,140.39374999999998,2.462
58406352,172,39.2125,140.40625,1.983
58406353,124,39.2125,140.41875,2.031
58406354,62,39.2125,140.43125,2.576
58406355,205,39.2125,140.44375,3.387
58406356,53,39.2125,140.45624999999998,4.315
58406357,149,39.2125,140.46875,4.168
58406358,110,39.2125,140.48125,3.105
58406359,60,39.2125,140.49375,2.056
58406360,77,39.22083333333333,140.38125,3.866
58406361,160,39.22083333333333,140.39374999999998,3.24
58406362,182,39.22083333333333,140.40625,2.893
58406363,270,39.22083333333333,140.41875,2.926
58406364,107,39.22083333333333,140.43125,3.328
58406366,64,39.22083333333333,140.45624999999998,4.802
58406367,47,39.22083333333333,140.46875,4.142
58406368,150,39.22083333333333,140.48125,3.07
58406369,97,39.22083333333333,140.49375,2.004
58406370,122,39.229166666666664,140.38125,4.594
58406371,48,39.229166666666664,140.39374999999998,4.081
58406372,217,39.229166666666664,140.40625,3.812
58406373,78,39.229166666666664,140.41875,3.837
58406374,99,39.229166666666664,140.43125,4.151
58406375,281,39.229166666666664,140.44375,4.697
58406376,215,39.229166666666664,140.45624999999998,5.224
58406377,404,39.229166666666664,140.46875,4.319
58406378,165,39.229166666666664,140.48125,3.306
58406379,38,39.229166666666664,140.49375,2.349
58406381,374,39.237500000000004,140.39374999999998,4.953
58406382,180,39.237500000000004,140.40625,4.664
58406383,127,39.237500000000004,140.41875,4.317
58406384,42,39.237500000000004,140.43125,4.223
58406385,359,39.237500000000004,140.44375,4.398
58406386,44,39.237500000000004,140.45624999999998,4.483
58406387,176,39.237500000000004,140.46875,3.875
58406388,160,39.237500000000004,140.48125,3.5
58406389,55,39.237500000000004,140.49375,2.957
58406390,80,39.24583333333334,140.38125,5.29
58406391,83,39.24583333333334,140.39374999999998,4.498
58406392,4,39.24583333333334,140.40625,3.846
58406393,34,39.24583333333334,140.41875,3.417
58406394,213,39.24583333333334,140.43125,3.297
58406395,24,39.24583333333334,140.44375,3.519
58406396,188,39.24583333333334,140.45624999999998,3.823
58406397,75,39.24583333333334,140.46875,3.088
58406398,107,39.24583333333334,140.48125,2.602
58406399,31,39.24583333333334,140.49375,2.514
58406400,48,39.170833333333334,140.50625,1.354
58406404,219,39.170833333333334,140.55625,2.965
58406405,133,39.170833333333334,140.56875,2.622
58406406,37,39.170833333333334,140.58124999999998,2.699
58406409,80,39.170833333333334,140.61875,4.737
58406410,148,39.17916666666667,140.50625,1.577
58406413,4,39.17916666666667,140.54375,2.415
58406414,167,39.17916666666667,140.55625,2.765
58406415,341,39.17916666666667,140.56875,3.433
58406416,209,39.17916666666667,140.58124999999998,3.6
58406417,2,39.17916666666667,140.59375,3.961
58406419,32,39.17916666666667,140.61875,5.302
58406420,494,39.1875,140.50625,2.203
58406422,20,39.1875,140.53125,1.659
58406423,233,39.1875,140.54375,1.5
58406424,183,39.1875,140.55625,2.017
58406425,142,39.1875,140.56875,2.865
58406426,33,39.1875,140.58124999999998,3.829
58406428,15,39.1875,140.60625,5.304
58406429,127,39.1875,140.61875,5.959
58406430,709,39.19583333333333,140.50625,2.591
58406432,126,39.19583333333333,140.53125,0.943
58406433,664,39.19583333333333,140.54375,0.622
58406434,235,39.19583333333333,140.55625,1.485
58406435,71,39.19583333333333,140.56875,2.518
58406436,74,39.19583333333333,140.58124999999998,3.578
58406437,4,39.19583333333333,140.59375,4.645
58406438,158,39.19583333333333,140.60625,5.716
58406439,71,39.19583333333333,140.61875,6.679
58406440,619,39.204166666666666,140.50625,1.752
58406441,38,39.204166666666666,140.51874999999998,1.516
58406442,149,39.204166666666666,140.53125,0.863
58406443,1902,39.204166666666666,140.54375,0.491
58406444,542,39.204166666666666,140.55625,1.435
58406445,330,39.204166666666666,140.56875,2.489
58406447,182,39.204166666666666,140.59375,4.629
58406450,65,39.2125,140.50625,1.067
58406451,442,39.2125,140.51874999999998,0.606
58406452,471,39.2125,140.53125,1.26
58406453,186,39.2125,140.54375,1.346
58406454,145,39.2125,140.55625,1.905
58406455,227,39.2125,140.56875,2.787
58406460,241,39.22083333333333,140.50625,0.962
58406461,1758,39.22083333333333,140.51874999999998,0.291
58406462,1611,39.22083333333333,140.53125,1.126
58406463,181,39.22083333333333,140.54375,2.085
58406464,101,39.22083333333333,140.55625,2.63
58406465,88,39.22083333333333,140.56875,3.325
58406470,211,39.229166666666664,140.50625,1.559
58406471,1271,39.229166666666664,140.51874999999998,1.217
58406472,1252,39.229166666666664,140.53125,0.804
58406473,169,39.229166666666664,140.54375,1.417
58406474,254,39.229166666666664,140.55625,2.385
58406475,77,39.229166666666664,140.56875,3.419
58406479,12,39.229166666666664,140.61875,7.47
58406480,380,39.237500000000004,140.50625,2.063
58406481,152,39.237500000000004,140.51874999999998,0.991
58406482,502,39.237500000000004,140.53125,0.159
58406483,77,39.237500000000004,140.54375,1.178
58406484,163,39.237500000000004,140.55625,2.251
58406489,27,39.237500000000004,140.61875,7.631
58406490,246,39.24583333333334,140.50625,2.313
58406491,6,39.24583333333334,140.51874999999998,1.441
58406492,271,39.24583333333334,140.53125,1.059
58406493,259,39.24583333333334,140.54375,1.576
58406494,245,39.24583333333334,140.55625,2.482
58406495,76,39.24583333333334,140.56875,3.487
58406499,11,39.24583333333334,140.61875,7.702
58406503,30,39.170833333333334,140.66875,8.67
58406504,76,39.170833333333334,140.68125,9.704
58406505,5,39.170833333333334,140.69375,10.746
58406506,39,39.170833333333334,140.70624999999998,11.795
58406507,56,39.170833333333334,140.71875,12.848
58406510,61,39.17916666666667,140.63125,6.149
58406511,384,39.17916666666667,140.64374999999998,7.059
58406512,298,39.17916666666667,140.65625,8.011
58406513,47,39.17916666666667,140.66875,8.991
58406515,225,39.17916666666667,140.69375,11.007
58406516,162,39.17916666666667,140.70624999999998,12.032
58406517,43,39.17916666666667,140.71875,13.067
58406518,96,39.17916666666667,140.73125,14.107
58406519,4,39.17916666666667,140.74375,15.153
58406520,183,39.1875,140.63125,6.723
58406521,67,39.1875,140.64374999999998,7.564
58406522,35,39.1875,140.65625,8.459
58406546,6,39.204166666666666,140.70624999999998,13.117
58406555,15,39.2125,140.69375,12.687
58406556,126,39.2125,140.70624999999998,13.586
58406557,24,39.2125,140.71875,13.707
58406565,3,39.22083333333333,140.69375,13.237
58406575,7,39.229166666666664,140.69375,13.182
58406585,53,39.237500000000004,140.69375,12.445
58406595,136,39.24583333333334,140.69375,11.735
58407008,1,39.25416666666667,140.10625,3.553
58407009,76,39.25416666666667,140.11875,2.763
58407015,39,39.2625,140.06875,6.802
58407018,7,39.2625,140.10625,4.171
58407019,74,39.2625,140.11875,3.522
58407025,22,39.270833333333336,140.06875,7.263
58407028,156,39.270833333333336,140.10625,4.887
58407029,102,39.270833333333336,140.11875,4.347
58407035,22,39.27916666666667,140.06875,7.808
58407038,24,39.27916666666667,140.10625,5.665
58407039,285,39.27916666666667,140.11875,5.206
58407040,335,39.2875,140.00625,2.827
58407047,26,39.2875,140.09375,7.023
58407048,174,39.2875,140.10625,6.482
58407049,58,39.2875,140.11875,6.085
58407050,11,39.295833333333334,140.00625,2.918
58407054,4,39.295833333333334,140.05625,6.723
58407055,22,39.295833333333334,140.06875,6.883
58407057,55,39.295833333333334,140.09375,6.919
58407058,134,39.295833333333334,140.10625,7.183
58407059,184,39.295833333333334,140.11875,6.977
58407060,1,39.30416666666667,140.00625,3.279
58407061,1,39.30416666666667,140.01874999999998,4.24
58407065,53,39.30416666666667,140.06875,5.967
58407067,121,39.30416666666667,140.09375,6.009
58407069,102,39.30416666666667,140.11875,6.771
58407074,54,39.3125,140.05625,5.271
58407075,39,39.3125,140.06875,5.055
58407077,79,39.3125,140.09375,5.104
58407078,971,39.3125,140.10625,5.456
58407079,181,39.3125,140.11875,5.983
58407080,113,39.32083333333334,140.00625,2.909
58407081,307,39.32083333333334,140.01874999999998,2.88
58407084,76,39.32083333333334,140.05625,4.52
58407086,21,39.32083333333334,140.08124999999998,4.038
58407087,207,39.32083333333334,140.09375,4.208
58407088,88,39.32083333333334,140.10625,4.629
58407089,13,39.32083333333334,140.11875,5.239
58407090,135,39.32916666666667,140.00625,2.013
58407091,87,39.32916666666667,140.01874999999998,1.971
58407092,57,39.32916666666667,140.03125,2.454
58407094,152,39.32916666666667,140.05625,3.716
58407095,239,39.32916666666667,140.06875,3.254
58407096,71,39.32916666666667,140.08124999999998,3.112
58407097,167,39.32916666666667,140.09375,3.33
58407098,49,39.32916666666667,140.10625,3.847
58407099,11,39.32916666666667,140.11875,4.564
58407100,8,39.25416666666667,140.13125,2.227
58407101,13,39.25416666666667,140.14374999999998,2.146
58407110,67,39.2625,140.13125,3.12
58407127,5,39.270833333333336,140.21875,7.899
58407128,28,39.270833333333336,140.23125,8.846
58407136,4,39.27916666666667,140.20624999999998,7.553
58407137,10,39.27916666666667,140.21875,8.402
58407139,16,39.27916666666667,140.24375,10.229
58407140,21,39.2875,140.13125,5.862
58407146,4,39.2875,140.20624999999998,8.184
58407149,11,39.2875,140.24375,10.703
58407150,11,39.295833333333334,140.13125,6.782
58407155,7,39.295833333333334,140.19375,8.209
58407156,2,39.295833333333334,140.20624999999998,8.866
58407157,14,39.295833333333334,140.21875,9.6
58407158,6,39.295833333333334,140.23125,10.393
58407159,10,39.295833333333334,140.24375,11.233
58407160,16,39.30416666666667,140.13125,7.361
58407165,4,39.30416666666667,140.19375,8.986
58407166,5,39.30416666666667,140.20624999999998,9.59
58407167,6,39.30416666666667,140.21875,10.272
58407168,35,39.30416666666667,140.23125,11.017
58407169,53,39.30416666666667,140.24375,11.812
58407170,10,39.3125,140.13125,6.643
58407176,46,39.3125,140.20624999999998,10.346
58407177,23,39.3125,140.21875,10.981
58407178,186,39.3125,140.23125,11.68
58407183,5,39.32083333333334,140.16875,8.641
58407184,19,39.32083333333334,140.18125,9.605
58407185,3,39.32083333333334,140.19375,10.59
58407186,40,39.32083333333334,140.20624999999998,11.128
58407189,13,39.32083333333334,140.24375,13.092
58407190,18,39.32916666666667,140.13125,5.4
58407193,4,39.32916666666667,140.16875,8.249
58407194,23,39.32916666666667,140.18125,9.253
58407198,4,39.32916666666667,140.23125,13.104
58407199,6,39.32916666666667,140.24375,13.78
58407200,80,39.25416666666667,140.25625,10.281
58407201,17,39.25416666666667,140.26874999999998,11.336
58407204,10,39.25416666666667,140.30625,10.858
58407210,91,39.2625,140.25625,10.51
58407213,20,39.2625,140.29375,11.76
58407219,5,39.2625,140.36875,5.411
58407220,51,39.270833333333336,140.25625,10.813
58407221,77,39.270833333333336,140.26874999999998,11.821
58407222,8,39.270833333333336,140.28125,12.758
58407223,8,39.270833333333336,140.29375,11.683
58407229,101,39.270833333333336,140.36875,5.24
58407231,53,39.27916666666667,140.26874999999998,12.163
58407232,1,39.27916666666667,140.28125,12.753
58407233,51,39.27916666666667,140.29375,11.678
58407235,19,39.27916666666667,140.31875,9.528
58407241,68,39.2875,140.26874999999998,12.564
58407242,236,39.2875,140.28125,12.816
58407243,98,39.2875,140.29375,11.747
58407252,80,39.295833333333334,140.28125,12.873
58407253,46,39.295833333333334,140.29375,11.798
58407254,1,39.295833333333334,140.30625,10.722
58407255,9,39.295833333333334,140.31875,9.646
58407260,15,39.30416666666667,140.25625,12.65
58407261,39,39.30416666666667,140.26874999999998,13.521
58407262,348,39.30416666666667,140.28125,12.912
58407263,206,39.30416666666667,140.29375,11.84
58407270,89,39.3125,140.25625,13.232
58407271,244,39.3125,140.26874999999998,14.067
58407272,77,39.3125,140.28125,13.018
58407273,3,39.3125,140.29375,11.955
58407275,8,39.3125,140.31875,9.839
58407276,19,39.3125,140.33124999999998,8.787
58407278,2,39.3125,140.35625,6.707
58407279,6,39.3125,140.36875,5.686
58407280,40,39.32083333333334,140.25625,13.852
58407281,1,39.32083333333334,140.26874999999998,14.239
58407287,2,39.32083333333334,140.34375,7.955
58407288,19,39.32083333333334,140.35625,6.935
58407290,19,39.32916666666667,140.25625,14.504
58407291,71,39.32916666666667,140.26874999999998,14.124
58407292,19,39.32916666666667,140.28125,13.055
58407297,21,39.32916666666667,140.34375,7.733
58407301,40,39.25416666666667,140.39374999999998,3.871
58407302,49,39.25416666666667,140.40625,3.09
58407303,251,39.25416666666667,140.41875,2.536
58407304,121,39.25416666666667,140.43125,2.372
58407305,112,39.25416666666667,140.44375,2.672
58407306,171,39.25416666666667,140.45624999999998,3.295
58407307,191,39.25416666666667,140.46875,2.403
58407308,224,39.25416666666667,140.48125,1.735
58407309,282,39.25416666666667,140.49375,1.6
58407310,14,39.2625,140.38125,4.383
58407311,2,39.2625,140.39374999999998,3.385
58407312,135,39.2625,140.40625,2.454
58407313,154,39.2625,140.41875,1.704
58407314,91,39.2625,140.43125,1.449
58407315,292,39.2625,140.44375,1.9
58407316,78,39.2625,140.45624999999998,2.728
58407317,85,39.2625,140.46875,1.931
58407318,759,39.2625,140.48125,0.983
58407319,758,39.2625,140.49375,0.719
58407320,269,39.270833333333336,140.38125,4.171
58407321,185,39.270833333333336,140.39374999999998,3.106
58407322,280,39.270833333333336,140.40625,2.052
58407323,115,39.270833333333336,140.41875,1.046
58407324,76,39.270833333333336,140.43125,0.539
58407325,160,39.270833333333336,140.44375,1.343
58407326,217,39.270833333333336,140.45624999999998,2.373
58407327,158,39.270833333333336,140.46875,1.845
58407328,482,39.270833333333336,140.48125,0.8
58407329,286,39.270833333333336,140.49375,0.269
58407330,71,39.27916666666667,140.38125,4.16
58407331,47,39.27916666666667,140.39374999999998,3.091
58407332,391,39.27916666666667,140.40625,2.03
58407333,113,39.27916666666667,140.41875,1.001
58407334,531,39.27916666666667,140.43125,0.445
58407335,299,39.27916666666667,140.44375,1.308
58407336,177,39.27916666666667,140.45624999999998,2.353
58407337,67,39.27916666666667,140.46875,2.19
58407338,223,39.27916666666667,140.48125,1.425
58407339,77,39.27916666666667,140.49375,1.042
58407340,21,39.2875,140.38125,4.348
58407341,10,39.2875,140.39374999999998,3.299
58407342,144,39.2875,140.40625,2.275
58407343,106,39.2875,140.41875,1.333
58407344,801,39.2875,140.43125,0.834
58407345,119,39.2875,140.44375,1.389
58407346,39,39.2875,140.45624999999998,2.34
58407347,182,39.2875,140.46875,2.811
58407348,131,39.2875,140.48125,2.267
58407349,183,39.2875,140.49375,1.954
58407352,17,39.295833333333334,140.40625,2.118
58407353,283,39.295833333333334,140.41875,1.045
58407354,952,39.295833333333334,140.43125,0.1
58407355,71,39.295833333333334,140.44375,1.115
58407356,287,39.295833333333334,140.45624999999998,2.188
58407357,174,39.295833333333334,140.46875,3.263
58407358,187,39.295833333333334,140.48125,3.157
58407359,120,39.295833333333334,140.49375,2.875
58407362,56,39.30416666666667,140.40625,2.349
58407363,58,39.30416666666667,140.41875,1.457
58407364,78,39.30416666666667,140.43125,1.02
58407365,120,39.30416666666667,140.44375,1.508
58407366,162,39.30416666666667,140.45624999999998,2.412
58407367,131,39.30416666666667,140.46875,3.418
58407368,43,39.30416666666667,140.48125,3.609
58407369,186,39.30416666666667,140.49375,3.66
58407370,171,39.3125,140.38125,4.69
58407372,117,39.3125,140.40625,2.875
58407373,39,39.3125,140.41875,2.207
58407374,271,39.3125,140.43125,1.947
58407376,51,39.3125,140.45624999999998,2.927
58407377,125,39.3125,140.46875,3.028
58407378,96,39.3125,140.48125,2.689
58407379,169,39.3125,140.49375,2.757
58407380,21,39.32083333333334,140.38125,4.963
58407382,10,39.32083333333334,140.40625,3.23
58407383,1,39.32083333333334,140.41875,2.607
58407384,74,39.32083333333334,140.43125,2.339
58407385,270,39.32083333333334,140.44375,2.541
58407386,175,39.32083333333334,140.45624999999998,3.057
58407387,125,39.32083333333334,140.46875,2.256
58407388,111,39.32083333333334,140.48125,1.775
58407389,283,39.32083333333334,140.49375,1.877
58407390,22,39.32916666666667,140.38125,4.6
58407391,59,39.32916666666667,140.39374999999998,3.592
58407393,6,39.32916666666667,140.41875,1.822
58407394,212,39.32916666666667,140.43125,1.413
58407395,160,39.32916666666667,140.44375,1.728
58407396,89,39.32916666666667,140.45624999999998,2.507
58407397,76,39.32916666666667,140.46875,1.652
58407398,479,39.32916666666667,140.48125,0.889
58407399,55,39.32916666666667,140.49375,1.078
58407400,154,39.25416666666667,140.50625,1.951
58407401,270,39.25416666666667,140.51874999999998,2.211
58407402,550,39.25416666666667,140.53125,1.984
58407403,157,39.25416666666667,140.54375,2.301
58407404,71,39.25416666666667,140.55625,2.996
58407409,2,39.25416666666667,140.61875,7.297
58407410,227,39.2625,140.50625,1.177
58407411,148,39.2625,140.51874999999998,2.076
58407412,107,39.2625,140.53125,2.909
58407413,182,39.2625,140.54375,3.135
58407414,33,39.2625,140.55625,3.675
58407419,66,39.2625,140.61875,6.552
58407420,276,39.270833333333336,140.50625,0.825
58407421,56,39.270833333333336,140.51874999999998,1.899
58407422,205,39.270833333333336,140.53125,2.974
58407423,73,39.270833333333336,140.54375,3.593
58407424,209,39.270833333333336,140.55625,3.836
58407425,255,39.270833333333336,140.56875,4.188
58407429,225,39.270833333333336,140.61875,5.857
58407430,146,39.27916666666667,140.50625,1.302
58407431,54,39.27916666666667,140.51874999999998,2.149
58407432,111,39.27916666666667,140.53125,2.765
58407433,42,39.27916666666667,140.54375,2.671
58407434,576,39.27916666666667,140.55625,2.99
58407435,202,39.27916666666667,140.56875,3.263
58407438,14,39.27916666666667,140.60625,4.444
58407439,651,39.27916666666667,140.61875,5.236
58407440,239,39.2875,140.50625,2.104
58407441,489,39.2875,140.51874999999998,2.531
58407442,174,39.2875,140.53125,1.893
58407443,13,39.2875,140.54375,1.753
58407444,579,39.2875,140.55625,2.159
58407445,57,39.2875,140.56875,2.339
58407446,25,39.2875,140.58124999999998,2.488
58407447,122,39.2875,140.59375,3.037
58407448,177,39.2875,140.60625,3.818
58407449,288,39.2875,140.61875,4.716
58407450,112,39.295833333333334,140.50625,2.979
58407451,168,39.295833333333334,140.51874999999998,2.016
58407452,875,39.295833333333334,140.53125,1.114
58407453,1387,39.295833333333334,140.54375,0.856
58407454,1030,39.295833333333334,140.55625,1.274
58407455,362,39.295833333333334,140.56875,1.418
58407456,30,39.295833333333334,140.58124999999998,1.653
58407457,151,39.295833333333334,140.59375,2.401
58407458,62,39.295833333333334,140.60625,3.334
58407460,97,39.30416666666667,140.50625,2.928
58407461,204,39.30416666666667,140.51874999999998,1.854
58407462,291,39.30416666666667,140.53125,0.784
58407463,1736,39.30416666666667,140.54375,0.327
58407464,2452,39.30416666666667,140.55625,0.552
58407465,2659,39.30416666666667,140.56875,0.518
58407466,642,39.30416666666667,140.58124999999998,0.994
58407467,7,39.30416666666667,140.59375,2.006
58407468,10,39.30416666666667,140.60625,3.061
58407470,217,39.3125,140.50625,3.109
58407471,322,39.3125,140.51874999999998,2.128
58407472,247,39.3125,140.53125,1.307
58407473,178,39.3125,140.54375,0.4
58407474,1774,39.3125,140.55625,0.183
58407475,2777,39.3125,140.56875,0.452
58407476,483,39.3125,140.58124999999998,0.982
58407480,194,39.32083333333334,140.50625,2.491
58407481,275,39.32083333333334,140.51874999999998,2.571
58407482,140,39.32083333333334,140.53125,1.562
58407483,1303,39.32083333333334,140.54375,0.766
58407484,2229,39.32083333333334,140.55625,0.821
58407485,1389,39.32083333333334,140.56875,0.448
58407486,133,39.32083333333334,140.58124999999998,1.428
58407490,112,39.32916666666667,140.50625,1.961
58407491,182,39.32916666666667,140.51874999999998,2.783
58407492,131,39.32916666666667,140.53125,1.711
58407493,302,39.32916666666667,140.54375,0.652
58407494,1178,39.32916666666667,140.55625,0.483
58407495,1058,39.32916666666667,140.56875,0.688
58407502,27,39.25416666666667,140.65625,9.494
58407503,53,39.25416666666667,140.66875,10.347
58407504,77,39.25416666666667,140.68125,11.239
58407510,17,39.2625,140.63125,7.273
58407511,49,39.2625,140.64374999999998,8.075
58407512,78,39.2625,140.65625,8.934
58407517,27,39.2625,140.71875,8.929
58407518,1,39.2625,140.73125,8.295
58407520,93,39.270833333333336,140.63125,6.655
58407521,52,39.270833333333336,140.64374999999998,7.522
58407522,8,39.270833333333336,140.65625,8.437
58407525,3,39.270833333333336,140.69375,9.823
58407526,82,39.270833333333336,140.70624999999998,8.997
58407527,10,39.270833333333336,140.71875,8.229
58407530,1,39.27916666666667,140.63125,6.115
58407535,18,39.27916666666667,140.69375,9.284
58407536,35,39.27916666666667,140.70624999999998,8.406
58407540,21,39.2875,140.63125,5.676
58407542,76,39.2875,140.65625,7.688
58407550,54,39.295833333333334,140.63125,5.362
58407551,51,39.295833333333334,140.64374999999998,6.406
58407560,75,39.30416666666667,140.63125,5.197
58407561,3,39.30416666666667,140.64374999999998,6.268
59390709,354,39.337500000000006,139.99375,1.96
59396588,1,39.904166666666676,139.73125,10.4
59396598,77,39.91250000000001,139.73125,10.644
59396630,137,39.862500000000004,139.75625,8.342
59396631,96,39.862500000000004,139.76874999999998,7.324
59396632,178,39.862500000000004,139.78125,6.321
59396633,62,39.862500000000004,139.79375,5.344
59396634,65,39.862500000000004,139.80625,4.408
59396635,327,39.862500000000004,139.81875,3.547
59396642,38,39.87083333333334,139.78125,6.042
59396643,81,39.87083333333334,139.79375,5.01
59396645,4,39.87083333333334,139.81875,3.021
59396646,160,39.87083333333334,139.83124999999998,2.134
59396647,210,39.87083333333334,139.84375,1.502
59396656,203,39.87916666666667,139.83124999999998,1.679
59396657,567,39.87916666666667,139.84375,0.721
59396658,7,39.87916666666667,139.85625,0.705
59396666,92,39.8875,139.83124999999998,1.673
59396667,1691,39.8875,139.84375,0.708
59396668,111,39.8875,139.85625,0.692
59396677,93,39.895833333333336,139.84375,1.483
59396678,764,39.895833333333336,139.85625,0.847
59396679,294,39.895833333333336,139.86875,0.849
59396688,180,39.904166666666676,139.85625,0.595
59396689,405,39.904166666666676,139.86875,0.597
59396692,69,39.91250000000001,139.78125,6.706
59396697,61,39.91250000000001,139.84375,1.994
59396698,296,39.91250000000001,139.85625,1.306
59396699,11,39.91250000000001,139.86875,1.308
59396749,365,39.87083333333334,139.99375,1.171
59396758,238,39.87916666666667,139.98125,0.423
59396759,1697,39.87916666666667,139.99375,0.305
59396767,534,39.8875,139.96875,1.303
59396768,705,39.8875,139.98125,0.538
59396769,966,39.8875,139.99375,0.729
59396775,812,39.895833333333336,139.94375,0.97
59396776,431,39.895833333333336,139.95624999999998,1.866
59396777,1028,39.895833333333336,139.96875,1.877
59396778,46,39.895833333333336,139.98125,1.455
59396779,203,39.895833333333336,139.99375,1.64
59396781,225,39.904166666666676,139.89374999999998,1.278
59396782,571,39.904166666666676,139.90625,0.594
59396783,308,39.904166666666676,139.91875,1.161
59396784,1045,39.904166666666676,139.93125,0.46
59396785,1968,39.904166666666676,139.94375,0.693
59396786,1273,39.904166666666676,139.95624999999998,1.738
59396787,497,39.904166666666676,139.96875,2.659
59396788,249,39.904166666666676,139.98125,2.379
59396789,337,39.904166666666676,139.99375,2.555
59396790,37,39.91250000000001,139.88125,1.997
59396791,280,39.91250000000001,139.89374999999998,1.182
59396792,946,39.91250000000001,139.90625,0.343
59396793,645,39.91250000000001,139.91875,1.054
59396794,176,39.91250000000001,139.93125,1.212
59396795,60,39.91250000000001,139.94375,1.318
59396796,18,39.91250000000001,139.95624999999998,2.068
59396798,88,39.91250000000001,139.98125,3.305
59397536,69,39.94583333333334,139.70624999999998,14.097
59397537,34,39.94583333333334,139.71875,13.179
59397547,21,39.95416666666667,139.71875,13.57
59397556,46,39.962500000000006,139.70624999999998,14.935
59397557,94,39.962500000000006,139.71875,13.993
59397559,43,39.962500000000006,139.74375,12.169
59397568,16,39.97083333333334,139.73125,13.571
59397569,126,39.97083333333334,139.74375,12.706
59397578,78,39.97916666666667,139.73125,14.115
59397579,63,39.97916666666667,139.74375,13.287
59397596,191,39.995833333333344,139.70624999999998,16.934
59397604,30,39.92083333333334,139.80625,5.244
59397605,26,39.92083333333334,139.81875,4.29
59397606,5,39.92083333333334,139.83124999999998,3.404
59397607,91,39.92083333333334,139.84375,2.655
59397608,34,39.92083333333334,139.85625,2.186
59397611,8,39.929166666666674,139.76874999999998,8.555
59397612,106,39.929166666666674,139.78125,7.568
59397613,8,39.929166666666674,139.79375,6.606
59397615,21,39.929166666666674,139.81875,4.816
59397616,44,39.929166666666674,139.83124999999998,4.047
59397618,79,39.929166666666674,139.85625,3.093
59397621,43,39.93750000000001,139.76874999999998,8.927
59397622,40,39.93750000000001,139.78125,7.986
59397625,55,39.93750000000001,139.81875,5.449
59397626,21,39.93750000000001,139.83124999999998,4.783
59397627,192,39.93750000000001,139.84375,4.282
59397632,32,39.94583333333334,139.78125,8.485
59397635,119,39.94583333333334,139.81875,6.158
59397636,22,39.94583333333334,139.83124999999998,5.577
59397640,35,39.95416666666667,139.75625,10.77
59397641,92,39.95416666666667,139.76874999999998,9.891
59397642,110,39.95416666666667,139.78125,9.051
59397643,201,39.95416666666667,139.79375,8.264
59397644,85,39.95416666666667,139.80625,7.546
59397645,84,39.95416666666667,139.81875,6.918
59397646,70,39.95416666666667,139.83124999999998,6.406
59397650,18,39.962500000000006,139.75625,11.298
59397651,20,39.962500000000006,139.76874999999998,10.463
59397652,609,39.962500000000006,139.78125,9.674
59397653,13,39.962500000000006,139.79375,8.941
59397655,75,39.962500000000006,139.81875,7.714
59397656,3,39.962500000000006,139.83124999999998,7.259
59397658,7,39.962500000000006,139.85625,6.774
59397659,90,39.962500000000006,139.86875,6.739
59397660,26,39.97083333333334,139.75625,11.875
59397661,107,39.97083333333334,139.76874999999998,11.083
59397662,48,39.97083333333334,139.78125,10.341
59397668,18,39.97083333333334,139.85625,7.698
59397669,248,39.97083333333334,139.86875,7.335
59397670,56,39.97916666666667,139.75625,12.494
59397679,169,39.97916666666667,139.86875,7.942
59397689,171,39.98750000000001,139.86875,8.606
59397700,42,39.92083333333334,139.88125,2.536
59397701,126,39.92083333333334,139.89374999999998,1.697
59397702,284,39.92083333333334,139.90625,1.265
59397704,427,39.92083333333334,139.93125,1.107
59397705,233,39.92083333333334,139.94375,1.199
59397711,83,39.929166666666674,139.89374999999998,2.465
59397712,213,39.929166666666674,139.90625,2.191
59397714,82,39.929166666666674,139.93125,0.442
59397715,111,39.929166666666674,139.94375,0.64
59397722,228,39.93750000000001,139.90625,2.696
59397723,129,39.93750000000001,139.91875,1.715
59397724,453,39.93750000000001,139.93125,0.94
59397725,56,39.93750000000001,139.94375,1.048
59397732,215,39.94583333333334,139.90625,3.111
59397733,56,39.94583333333334,139.91875,2.312
59397735,57,39.94583333333334,139.94375,1.872
59397742,86,39.95416666666667,139.90625,3.715
59397743,272,39.95416666666667,139.91875,3.077
59397750,58,39.962500000000006,139.88125,5.925
59397752,319,39.962500000000006,139.90625,4.431
59397753,168,39.962500000000006,139.91875,3.913
59397760,170,39.97083333333334,139.88125,6.531
59397761,27,39.97083333333334,139.89374999999998,5.813
59397762,8,39.97083333333334,139.90625,5.215
59397763,220,39.97083333333334,139.91875,4.782
59397770,8,39.97916666666667,139.88125,7.206
59397771,144,39.97916666666667,139.89374999999998,6.562
59397773,208,39.97916666666667,139.91875,5.669
59397780,134,39.98750000000001,139.88125,7.932
59397781,2,39.98750000000001,139.89374999999998,7.352
59397783,93,39.98750000000001,139.91875,6.567
59397784,21,39.98750000000001,139.93125,6.409
59397790,9,39.995833333333344,139.88125,8.696
59397792,31,39.995833333333344,139.90625,7.757
59397794,219,39.995833333333344,139.93125,7.334
59400000,620,39.337500000000006,140.00625,1.166
59400002,20,39.337500000000006,140.03125,1.825
59400003,99,39.337500000000006,140.04375,2.79
59400004,91,39.337500000000006,140.05625,2.984
59400005,122,39.337500000000006,140.06875,2.385
59400006,26,39.337500000000006,140.08124999999998,2.186
59400007,167,39.337500000000006,140.09375,2.487
59400008,63,39.337500000000006,140.10625,3.146
59400009,77,39.337500000000006,140.11875,3.99
59400010,597,39.34583333333334,140.00625,0.62
59400011,802,39.34583333333334,140.01874999999998,0.463
59400012,155,39.34583333333334,140.03125,1.535
59400013,64,39.34583333333334,140.04375,2.609
59400014,112,39.34583333333334,140.05625,2.391
59400015,156,39.34583333333334,140.06875,1.581
59400016,92,39.34583333333334,140.08124999999998,1.262
59400017,171,39.34583333333334,140.09375,1.731
59400018,127,39.34583333333334,140.10625,2.59
59400019,225,39.34583333333334,140.11875,3.568
59400020,197,39.35416666666667,140.00625,1.061
59400021,820,39.35416666666667,140.01874999999998,0.978
59400022,67,39.35416666666667,140.03125,1.76
59400023,23,39.35416666666667,140.04375,1.993
59400024,25,39.35416666666667,140.05625,1.918
59400025,283,39.35416666666667,140.06875,1.014
59400026,322,39.35416666666667,140.08124999999998,0.349
59400027,3,39.35416666666667,140.09375,1.235
59400028,13,39.35416666666667,140.10625,2.289
59400029,10,39.35416666666667,140.11875,3.356
59400030,190,39.362500000000004,140.00625,1.893
59400031,338,39.362500000000004,140.01874999999998,1.848
59400032,6,39.362500000000004,140.03125,1.988
59400033,531,39.362500000000004,140.04375,1.163
59400034,140,39.362500000000004,140.05625,1.03
59400035,350,39.362500000000004,140.06875,1.13
59400036,190,39.362500000000004,140.08124999999998,0.608
59400037,61,39.362500000000004,140.09375,1.331
59400039,8,39.362500000000004,140.11875,3.392
59400040,69,39.37083333333334,140.00625,2.764
59400041,502,39.37083333333334,140.01874999999998,2.205
59400043,1931,39.37083333333334,140.04375,0.673
59400044,1079,39.37083333333334,140.05625,0.402
59400045,225,39.37083333333334,140.06875,1.446
59400046,46,39.37083333333334,140.08124999999998,1.528
59400047,65,39.37083333333334,140.09375,1.933
59400048,50,39.37083333333334,140.10625,2.729
59400049,44,39.37083333333334,140.11875,3.67
59400051,63,39.37916666666667,140.01874999999998,1.379
59400052,535,39.37916666666667,140.03125,1.169
59400053,2673,39.37916666666667,140.04375,0.979
59400054,4492,39.37916666666667,140.05625,0.129
59400055,725,39.37916666666667,140.06875,0.984
59400056,47,39.37916666666667,140.08124999999998,1.841
59400058,8,39.37916666666667,140.10625,3.336
59400059,20,39.37916666666667,140.11875,4.142
59400061,265,39.3875,140.01874999999998,0.69
59400062,1210,39.3875,140.03125,0.354
59400063,2419,39.3875,140.04375,0.309
59400064,3466,39.3875,140.05625,0.483
59400065,1281,39.3875,140.06875,0.594
59400066,7,39.3875,140.08124999999998,1.667
59400071,1083,39.395833333333336,140.01874999999998,0.829
59400072,3012,39.395833333333336,140.03125,0.063
59400073,1583,39.395833333333336,140.04375,0.865
59400074,1784,39.395833333333336,140.05625,0.724
59400075,868,39.395833333333336,140.06875,1.134
59400081,121,39.404166666666676,140.01874999999998,1.387
59400082,3240,39.404166666666676,140.03125,0.949
59400083,403,39.404166666666676,140.04375,1.478
59400084,1421,39.404166666666676,140.05625,1.568
59400085,444,39.404166666666676,140.06875,1.984
59400086,58,39.404166666666676,140.08124999999998,2.523
59400087,44,39.404166666666676,140.09375,3.331
59400092,378,39.41250000000001,140.03125,1.874
59400094,77,39.41250000000001,140.05625,2.472
59400095,366,39.41250000000001,140.06875,2.862
59400096,36,39.41250000000001,140.08124999999998,3.276
59400097,57,39.41250000000001,140.09375,3.511
59400099,15,39.41250000000001,140.11875,3.732
59400100,340,39.337500000000006,140.13125,4.925
59400101,47,39.337500000000006,140.14374999999998,5.908
59400102,42,39.337500000000006,140.15625,6.918
59400103,34,39.337500000000006,140.16875,7.945
59400107,7,39.337500000000006,140.21875,12.137
59400108,2,39.337500000000006,140.23125,13.196
59400109,7,39.337500000000006,140.24375,14.257
59400110,40,39.34583333333334,140.13125,4.59
59400119,3,39.34583333333334,140.24375,14.144
59400120,15,39.35416666666667,140.13125,4.427
59400121,6,39.35416666666667,140.14374999999998,5.499
59400128,8,39.35416666666667,140.23125,13.017
59400130,1,39.362500000000004,140.13125,4.454
59400137,27,39.362500000000004,140.21875,11.952
59400138,3,39.362500000000004,140.23125,13.025
59400140,24,39.37083333333334,140.13125,4.669
59400147,17,39.37083333333334,140.21875,12.033
59400148,68,39.37083333333334,140.23125,13.1
59400149,2,39.37083333333334,140.24375,14.168
59400150,11,39.37916666666667,140.13125,5.048
59400157,4,39.37916666666667,140.21875,12.044
59400158,5,39.37916666666667,140.23125,12.914
59400159,29,39.37916666666667,140.24375,13.813
59400160,10,39.3875,140.13125,5.557
59400161,5,39.3875,140.14374999999998,6.444
59400166,20,39.3875,140.20624999999998,10.628
59400168,19,39.3875,140.23125,12.412
59400169,9,39.3875,140.24375,13.345
59400176,25,39.395833333333336,140.20624999999998,10.098
59400177,52,39.395833333333336,140.21875,11.017
59400178,15,39.395833333333336,140.23125,11.962
59400180,47,39.404166666666676,140.13125,4.972
59400186,18,39.404166666666676,140.20624999999998,9.629
59400187,45,39.404166666666676,140.21875,10.589
59400188,47,39.404166666666676,140.23125,11.568
59400190,27,39.41250000000001,140.13125,4.146
59400191,4,39.41250000000001,140.14374999999998,4.771
59400195,22,39.41250000000001,140.19375,8.251
59400196,3,39.41250000000001,140.20624999999998,9.229
59400197,75,39.41250000000001,140.21875,10.226
59400198,9,39.41250000000001,140.23125,11.238
59400201,18,39.337500000000006,140.26874999999998,14.061
59400202,48,39.337500000000006,140.28125,12.987
59400203,32,39.337500000000006,140.29375,11.913
59400205,2,39.337500000000006,140.31875,9.765
59400213,2,39.34583333333334,140.29375,11.91
59400215,3,39.34583333333334,140.31875,9.762
59400217,15,39.34583333333334,140.34375,7.615
59400227,20,39.35416666666667,140.34375,7.724
59400228,18,39.35416666666667,140.35625,6.669
59400229,25,39.35416666666667,140.36875,5.621
59400232,24,39.362500000000004,140.28125,13.177
59400233,50,39.362500000000004,140.29375,12.12
59400235,10,39.362500000000004,140.31875,10.018
59400236,4,39.362500000000004,140.33124999999998,8.975
59400237,34,39.362500000000004,140.34375,7.941
59400238,19,39.362500000000004,140.35625,6.919
59400239,23,39.362500000000004,140.36875,5.915
59400241,15,39.37083333333334,140.26874999999998,14.414
59400242,11,39.37083333333334,140.28125,13.369
59400246,13,39.37083333333334,140.33124999999998,9.255
59400247,47,39.37083333333334,140.34375,8.256
59400248,105,39.37083333333334,140.35625,7.278
59400249,9,39.37083333333334,140.36875,6.333
59400250,16,39.37916666666667,140.25625,14.735
59400251,19,39.37916666666667,140.26874999999998,14.648
59400252,16,39.37916666666667,140.28125,13.621
59400253,74,39.37916666666667,140.29375,12.602
59400254,8,39.37916666666667,140.30625,11.592
59400258,21,39.37916666666667,140.35625,7.733
59400259,2,39.37916666666667,140.36875,6.85
59400260,11,39.3875,140.25625,14.297
59400266,36,39.3875,140.33124999999998,10.05
59400267,5,39.3875,140.34375,9.139
59400268,22,39.3875,140.35625,8.267
59400274,3,39.395833333333336,140.30625,12.376
59400275,7,39.395833333333336,140.31875,11.448
59400277,13,39.395833333333336,140.34375,9.684
59400278,28,39.395833333333336,140.35625,8.866
59400283,4,39.404166666666676,140.29375,13.768
59400284,30,39.404166666666676,140.30625,12.85
59400285,22,39.404166666666676,140.31875,11.96
59400287,17,39.404166666666676,140.34375,10.284
59400288,43,39.404166666666676,140.35625,9.517
59400289,22,39.404166666666676,140.36875,8.815
59400291,9,39.41250000000001,140.26874999999998,14.326
59400292,28,39.41250000000001,140.28125,15.017
59400293,13,39.41250000000001,140.29375,14.208
59400295,9,39.41250000000001,140.31875,12.519
59400296,41,39.41250000000001,140.33124999999998,11.702
59400297,12,39.41250000000001,140.34375,10.929
59400298,29,39.41250000000001,140.35625,10.211
59400299,8,39.41250000000001,140.36875,9.561
59400300,7,39.337500000000006,140.38125,4.405
59400301,136,39.337500000000006,140.39374999999998,3.338
59400302,91,39.337500000000006,140.40625,2.28
59400303,83,39.337500000000006,140.41875,1.251
59400304,259,39.337500000000006,140.43125,0.491
59400305,95,39.337500000000006,140.44375,1.108
59400306,142,39.337500000000006,140.45624999999998,2.128
59400307,455,39.337500000000006,140.46875,1.444
59400308,172,39.337500000000006,140.48125,0.383
59400309,197,39.337500000000006,140.49375,0.72
59400310,58,39.34583333333334,140.38125,4.4
59400311,133,39.34583333333334,140.39374999999998,3.332
59400312,321,39.34583333333334,140.40625,2.271
59400313,856,39.34583333333334,140.41875,1.235
59400314,657,39.34583333333334,140.43125,0.449
59400315,16,39.34583333333334,140.44375,1.091
59400316,411,39.34583333333334,140.45624999999998,2.118
59400317,135,39.34583333333334,140.46875,1.778
59400318,190,39.34583333333334,140.48125,1.105
59400319,37,39.34583333333334,140.49375,1.262
59400320,123,39.35416666666667,140.38125,4.586
59400321,71,39.35416666666667,140.39374999999998,3.575
59400322,70,39.35416666666667,140.40625,2.615
59400323,228,39.35416666666667,140.41875,1.79
59400324,2,39.35416666666667,140.43125,1.371
59400325,237,39.35416666666667,140.44375,1.693
59400326,66,39.35416666666667,140.45624999999998,2.483
59400327,220,39.35416666666667,140.46875,2.439
59400328,136,39.35416666666667,140.48125,2.003
59400329,197,39.35416666666667,140.49375,2.094
59400330,27,39.362500000000004,140.38125,4.943
59400332,31,39.362500000000004,140.40625,3.199
59400333,7,39.362500000000004,140.41875,2.569
59400335,168,39.362500000000004,140.44375,2.503
59400336,6,39.362500000000004,140.45624999999998,3.092
59400337,229,39.362500000000004,140.46875,3.234
59400339,153,39.362500000000004,140.49375,2.982
59400343,21,39.37083333333334,140.41875,3.422
59400345,245,39.37083333333334,140.44375,3.373
59400346,16,39.37083333333334,140.45624999999998,3.831
59400347,133,39.37083333333334,140.46875,4.085
59400348,11,39.37083333333334,140.48125,3.84
59400349,198,39.37083333333334,140.49375,3.888
59400355,238,39.37916666666667,140.44375,4.267
59400356,128,39.37916666666667,140.45624999999998,4.637
59400357,69,39.37916666666667,140.46875,4.963
59400358,76,39.37916666666667,140.48125,4.763
59400359,175,39.37916666666667,140.49375,4.802
59400365,124,39.3875,140.44375,5.172
59400366,161,39.3875,140.45624999999998,5.403
59400367,196,39.3875,140.46875,4.994
59400368,101,39.3875,140.48125,4.796
59400369,66,39.3875,140.49375,4.834
59400372,1,39.395833333333336,140.40625,6.402
59400374,25,39.395833333333336,140.43125,6.002
59400375,267,39.395833333333336,140.44375,5.267
59400376,21,39.395833333333336,140.45624999999998,4.603
59400377,26,39.395833333333336,140.46875,4.116
59400378,247,39.395833333333336,140.48125,3.873
59400379,79,39.395833333333336,140.49375,3.92
59400380,2,39.404166666666676,140.38125,8.195
59400383,15,39.404166666666676,140.41875,6.44
59400385,112,39.404166666666676,140.44375,4.632
59400386,11,39.404166666666676,140.45624999999998,3.86
59400387,23,39.404166666666676,140.46875,3.264
59400388,973,39.404166666666676,140.48125,2.952
59400389,133,39.404166666666676,140.49375,3.013
59400390,2,39.41250000000001,140.38125,8.992
59400394,39,39.41250000000001,140.43125,5.073
59400395,135,39.41250000000001,140.44375,4.109
59400396,293,39.41250000000001,140.45624999999998,3.214
59400397,84,39.41250000000001,140.46875,2.466
59400398,374,39.41250000000001,140.48125,2.036
59400399,337,39.41250000000001,140.49375,2.124
59400400,100,39.337500000000006,140.50625,1.789
59400401,134,39.337500000000006,140.51874999999998,2.863
59400402,137,39.337500000000006,140.53125,2.029
59400403,286,39.337500000000006,140.54375,1.271
59400404,194,39.337500000000006,140.55625,1.193
59400405,842,39.337500000000006,140.56875,1.57
59400406,84,39.337500000000006,140.58124999999998,2.074
59400407,3,39.337500000000006,140.59375,2.907
59400410,185,39.34583333333334,140.50625,2.068
59400411,88,39.34583333333334,140.51874999999998,3.044
59400412,413,39.34583333333334,140.53125,2.651
59400413,47,39.34583333333334,140.54375,2.127
59400414,173,39.34583333333334,140.55625,2.081
59400415,152,39.34583333333334,140.56875,2.484
59400416,102,39.34583333333334,140.58124999999998,2.83
59400420,81,39.35416666666667,140.50625,2.658
59400421,158,39.35416666666667,140.51874999999998,3.473
59400422,93,39.35416666666667,140.53125,3.413
59400423,164,39.35416666666667,140.54375,3.025
59400424,204,39.35416666666667,140.55625,2.993
59400425,276,39.35416666666667,140.56875,3.328
59400426,66,39.35416666666667,140.58124999999998,3.665
59400427,36,39.35416666666667,140.59375,4.193
59400430,217,39.362500000000004,140.50625,3.402
59400431,176,39.362500000000004,140.51874999999998,4.07
59400432,360,39.362500000000004,140.53125,4.242
59400433,178,39.362500000000004,140.54375,3.936
59400434,124,39.362500000000004,140.55625,3.912
59400435,206,39.362500000000004,140.56875,4.174
59400440,106,39.37083333333334,140.50625,4.219
59400441,104,39.37083333333334,140.51874999999998,4.774
59400442,184,39.37083333333334,140.53125,5.104
59400443,124,39.37083333333334,140.54375,4.853
59400444,112,39.37083333333334,140.55625,4.833
59400445,310,39.37083333333334,140.56875,5.048
59400450,157,39.37916666666667,140.50625,5.074
59400451,110,39.37916666666667,140.51874999999998,4.809
59400452,65,39.37916666666667,140.53125,4.28
59400453,107,39.37916666666667,140.54375,3.977
59400454,136,39.37916666666667,140.55625,3.953
59400455,549,39.37916666666667,140.56875,4.212
59400456,261,39.37916666666667,140.58124999999998,4.708
59400460,219,39.3875,140.50625,4.88
59400461,156,39.3875,140.51874999999998,4.087
59400462,321,39.3875,140.53125,3.449
59400463,226,39.3875,140.54375,3.066
59400464,122,39.3875,140.55625,3.034
59400465,127,39.3875,140.56875,3.365
59400466,218,39.3875,140.58124999999998,3.968
59400470,139,39.395833333333336,140.50625,4.247
59400471,189,39.395833333333336,140.51874999999998,3.464
59400472,175,39.395833333333336,140.53125,2.682
59400473,128,39.395833333333336,140.54375,2.167
59400474,127,39.395833333333336,140.55625,2.122
59400475,314,39.395833333333336,140.56875,2.573
59400476,100,39.395833333333336,140.58124999999998,3.323
59400477,25,39.395833333333336,140.59375,4.215
59400480,89,39.404166666666676,140.50625,3.428
59400481,375,39.404166666666676,140.51874999999998,3.002
59400482,120,39.404166666666676,140.53125,2.051
59400483,119,39.404166666666676,140.54375,1.308
59400484,237,39.404166666666676,140.55625,1.232
59400485,164,39.404166666666676,140.56875,1.906
59400486,190,39.404166666666676,140.58124999999998,2.838
59400487,42,39.404166666666676,140.59375,3.845
59400490,61,39.41250000000001,140.50625,2.68
59400491,251,39.41250000000001,140.51874999999998,2.783
59400492,114,39.41250000000001,140.53125,1.714
59400493,278,39.41250000000001,140.54375,0.664
59400494,353,39.41250000000001,140.55625,0.499
59400495,70,39.41250000000001,140.56875,1.538
59400496,252,39.41250000000001,140.58124999999998,2.583
59400497,39,39.41250000000001,140.59375,3.546
59400498,107,39.41250000000001,140.60625,4.558
59400499,4,39.41250000000001,140.61875,5.594
59401002,78,39.42083333333334,140.03125,2.801
59401005,205,39.42083333333334,140.06875,2.902
59401006,66,39.42083333333334,140.08124999999998,2.542
59401007,45,39.42083333333334,140.09375,2.609
59401008,27,39.42083333333334,140.10625,2.675
59401009,49,39.42083333333334,140.11875,2.849
59401012,38,39.429166666666674,140.03125,3.727
59401015,43,39.429166666666674,140.06875,2.15
59401016,113,39.429166666666674,140.08124999999998,1.632
59401017,94,39.429166666666674,140.09375,1.734
59401018,36,39.429166666666674,140.10625,1.75
59401019,22,39.429166666666674,140.11875,2.005
59401022,91,39.43750000000001,140.03125,4.654
59401025,143,39.43750000000001,140.06875,1.593
59401026,171,39.43750000000001,140.08124999999998,0.761
59401027,636,39.43750000000001,140.09375,0.961
59401028,58,39.43750000000001,140.10625,0.826
59401029,101,39.43750000000001,140.11875,1.28
59401032,67,39.44583333333334,140.03125,4.677
59401035,13,39.44583333333334,140.06875,1.474
59401036,193,39.44583333333334,140.08124999999998,0.46
59401037,914,39.44583333333334,140.09375,0.746
59401038,384,39.44583333333334,140.10625,0.14
59401039,133,39.44583333333334,140.11875,0.988
59401042,70,39.45416666666667,140.03125,4.819
59401043,7,39.45416666666667,140.04375,3.788
59401047,321,39.45416666666667,140.09375,1.381
59401048,15,39.45416666666667,140.10625,1.037
59401049,10,39.45416666666667,140.11875,1.425
59401052,65,39.462500000000006,140.03125,5.127
59401053,28,39.462500000000006,140.04375,4.173
59401058,7,39.462500000000006,140.10625,1.961
59401059,23,39.462500000000006,140.11875,2.192
59401063,41,39.47083333333334,140.04375,4.712
59401067,10,39.47083333333334,140.09375,3.112
59401068,3,39.47083333333334,140.10625,2.887
59401073,77,39.47916666666667,140.04375,5.357
59401076,21,39.47916666666667,140.08124999999998,3.99
59401077,10,39.47916666666667,140.09375,3.986
59401083,110,39.48750000000001,140.04375,6.076
59401085,59,39.48750000000001,140.06875,5.108
59401086,48,39.48750000000001,140.08124999999998,4.913
59401087,61,39.48750000000001,140.09375,4.88
59401088,65,39.48750000000001,140.10625,4.74
59401093,517,39.495833333333344,140.04375,6.845
59401094,231,39.495833333333344,140.05625,6.348
59401095,10,39.495833333333344,140.06875,6.003
59401096,257,39.495833333333344,140.08124999999998,5.837
59401098,20,39.495833333333344,140.10625,5.666
59401107,2,39.42083333333334,140.21875,9.937
59401108,111,39.42083333333334,140.23125,10.975
59401110,11,39.429166666666674,140.13125,2.698
59401111,14,39.429166666666674,140.14374999999998,3.584
59401114,5,39.429166666666674,140.18125,6.586
59401115,7,39.429166666666674,140.19375,7.626
59401117,89,39.429166666666674,140.21875,9.729
59401118,229,39.429166666666674,140.23125,10.786
59401119,18,39.429166666666674,140.24375,11.847
59401120,77,39.43750000000001,140.13125,2.214
59401121,82,39.43750000000001,140.14374999999998,3.235
59401125,2,39.43750000000001,140.19375,7.468
59401126,16,39.43750000000001,140.20624999999998,8.536
59401127,171,39.43750000000001,140.21875,9.605
59401128,13,39.43750000000001,140.23125,10.675
59401130,6,39.44583333333334,140.13125,2.059
59401131,120,39.44583333333334,140.14374999999998,3.131
59401132,48,39.44583333333334,140.15625,4.204
59401133,31,39.44583333333334,140.16875,5.277
59401134,122,39.44583333333334,140.18125,6.35
59401135,28,39.44583333333334,140.19375,7.423
59401136,19,39.44583333333334,140.20624999999998,8.497
59401137,22,39.44583333333334,140.21875,9.57
59401141,31,39.45416666666667,140.14374999999998,3.295
59401142,38,39.45416666666667,140.15625,4.327
59401143,114,39.45416666666667,140.16875,5.376
59401144,23,39.45416666666667,140.18125,6.432
59401145,157,39.45416666666667,140.19375,7.494
59401146,258,39.45416666666667,140.20624999999998,8.558
59401147,88,39.45416666666667,140.21875,9.624
59401151,20,39.462500000000006,140.14374999999998,3.692
59401152,200,39.462500000000006,140.15625,4.636
59401153,28,39.462500000000006,140.16875,5.627
59401154,19,39.462500000000006,140.18125,6.644
59401155,11,39.462500000000006,140.19375,7.676
59401156,38,39.462500000000006,140.20624999999998,8.718
59401157,21,39.462500000000006,140.21875,9.767
59401158,20,39.462500000000006,140.23125,10.82
59401159,4,39.462500000000006,140.24375,11.877
59401162,2,39.47083333333334,140.15625,5.097
59401163,129,39.47083333333334,140.16875,6.013
59401164,66,39.47083333333334,140.18125,6.973
59401165,34,39.47083333333334,140.19375,7.963
59401166,13,39.47083333333334,140.20624999999998,8.971
59401174,17,39.47916666666667,140.18125,7.405
59401175,37,39.47916666666667,140.19375,8.343
59401176,33,39.47916666666667,140.20624999999998,9.31
59401179,6,39.47916666666667,140.24375,12.318
59401184,5,39.48750000000001,140.18125,7.921
59401185,13,39.48750000000001,140.19375,8.805
59401186,8,39.48750000000001,140.20624999999998,9.726
59401187,4,39.48750000000001,140.21875,10.676
59401194,23,39.495833333333344,140.18125,8.508
59401199,35,39.495833333333344,140.24375,12.046
59401200,19,39.42083333333334,140.25625,13.068
59401206,8,39.42083333333334,140.33124999999998,11.304
59401207,8,39.42083333333334,140.34375,10.647
59401208,6,39.42083333333334,140.35625,10.06
59401209,78,39.42083333333334,140.36875,9.559
59401214,20,39.429166666666674,140.30625,12.181
59401218,199,39.429166666666674,140.35625,9.274
59401219,39,39.429166666666674,140.36875,8.728
59401224,4,39.43750000000001,140.30625,11.615
59401225,86,39.43750000000001,140.31875,10.764
59401226,112,39.43750000000001,140.33124999999998,9.956
59401227,35,39.43750000000001,140.34375,9.202
59401228,250,39.43750000000001,140.35625,8.517
59401229,65,39.43750000000001,140.36875,7.919
59401236,2,39.44583333333334,140.33124999999998,9.346
59401237,34,39.44583333333334,140.34375,8.539
59401238,185,39.44583333333334,140.35625,7.796
59401239,69,39.44583333333334,140.36875,7.138
59401241,1,39.45416666666667,140.26874999999998,13.356
59401247,8,39.45416666666667,140.34375,7.929
59401248,66,39.45416666666667,140.35625,7.123
59401249,170,39.45416666666667,140.36875,6.396
59401250,1,39.462500000000006,140.25625,12.937
59401251,6,39.462500000000006,140.26874999999998,12.654
59401254,6,39.462500000000006,140.30625,10.235
59401255,15,39.462500000000006,140.31875,9.258
59401258,19,39.462500000000006,140.35625,6.512
59401259,194,39.462500000000006,140.36875,5.708
59401260,13,39.47083333333334,140.25625,12.763
59401263,5,39.47083333333334,140.29375,10.573
59401264,21,39.47083333333334,140.30625,9.906
59401265,5,39.47083333333334,140.31875,8.894
59401269,104,39.47083333333334,140.36875,5.096
59401270,16,39.47916666666667,140.25625,12.167
59401272,2,39.47916666666667,140.28125,10.568
59401273,4,39.47916666666667,140.29375,9.847
59401274,1,39.47916666666667,140.30625,9.194
59401275,11,39.47916666666667,140.31875,8.614
59401276,17,39.47916666666667,140.33124999999998,7.581
59401277,9,39.47916666666667,140.34375,6.56
59401279,37,39.47916666666667,140.36875,4.592
59401283,22,39.48750000000001,140.29375,9.156
59401286,10,39.48750000000001,140.33124999999998,7.311
59401289,7,39.48750000000001,140.36875,4.232
59401290,10,39.495833333333344,140.25625,11.113
59401293,14,39.495833333333344,140.29375,8.511
59401294,46,39.495833333333344,140.30625,7.746
59401296,7,39.495833333333344,140.33124999999998,6.485
59401297,7,39.495833333333344,140.34375,6.044
59401298,3,39.495833333333344,140.35625,5.126
59401301,2,39.42083333333334,140.39374999999998,7.925
59401302,7,39.42083333333334,140.40625,6.875
59401304,100,39.42083333333334,140.43125,4.784
59401305,94,39.42083333333334,140.44375,3.745
59401306,114,39.42083333333334,140.45624999999998,2.734
59401307,318,39.42083333333334,140.46875,1.797
59401308,184,39.42083333333334,140.48125,1.136
59401309,47,39.42083333333334,140.49375,1.287
59401311,17,39.429166666666674,140.39374999999998,7.73
59401312,2,39.429166666666674,140.40625,6.693
59401313,107,39.429166666666674,140.41875,5.659
59401314,93,39.429166666666674,140.43125,4.593
59401315,122,39.429166666666674,140.44375,3.532
59401316,301,39.429166666666674,140.45624999999998,2.482
59401317,64,39.429166666666674,140.46875,1.448
59401318,182,39.429166666666674,140.48125,0.396
59401319,390,39.429166666666674,140.49375,0.723
59401321,70,39.43750000000001,140.39374999999998,7.067
59401323,24,39.43750000000001,140.41875,5.436
59401325,174,39.43750000000001,140.44375,3.342
59401326,77,39.43750000000001,140.45624999999998,2.331
59401328,843,39.43750000000001,140.48125,0.405
59401329,104,39.43750000000001,140.49375,0.873
59401330,15,39.44583333333334,140.38125,6.589
59401331,46,39.44583333333334,140.39374999999998,6.18
59401335,41,39.44583333333334,140.44375,3.208
59401336,645,39.44583333333334,140.45624999999998,2.135
59401337,17,39.44583333333334,140.46875,1.062
59401338,3176,39.44583333333334,140.48125,0.014
59401339,1036,39.44583333333334,140.49375,0.651
59401340,99,39.45416666666667,140.38125,5.777
59401341,7,39.45416666666667,140.39374999999998,5.306
59401345,86,39.45416666666667,140.44375,2.785
59401346,266,39.45416666666667,140.45624999999998,2.015
59401347,1727,39.45416666666667,140.46875,1.063
59401348,3167,39.45416666666667,140.48125,0.066
59401349,1740,39.45416666666667,140.49375,0.314
59401350,83,39.462500000000006,140.38125,5.005
59401355,43,39.462500000000006,140.44375,2.365
59401356,86,39.462500000000006,140.45624999999998,1.378
59401357,2428,39.462500000000006,140.46875,0.712
59401358,2320,39.462500000000006,140.48125,0.708
59401359,1785,39.462500000000006,140.49375,0.484
59401360,170,39.47083333333334,140.38125,4.295
59401361,10,39.47083333333334,140.39374999999998,3.636
59401365,13,39.47083333333334,140.44375,2.241
59401366,181,39.47083333333334,140.45624999999998,1.172
59401367,2090,39.47083333333334,140.46875,0.162
59401368,3024,39.47083333333334,140.48125,0.069
59401369,677,39.47083333333334,140.49375,1.08
59401370,138,39.47916666666667,140.38125,3.682
59401371,152,39.47916666666667,140.39374999999998,2.887
59401372,84,39.47916666666667,140.40625,2.326
59401373,71,39.47916666666667,140.41875,2.188
59401376,288,39.47916666666667,140.45624999999998,1.575
59401377,189,39.47916666666667,140.46875,1.064
59401378,226,39.47916666666667,140.48125,0.996
59401379,164,39.47916666666667,140.49375,0.912
59401380,133,39.48750000000001,140.38125,3.223
59401383,396,39.48750000000001,140.41875,1.272
59401384,578,39.48750000000001,140.43125,1.816
59401385,142,39.48750000000001,140.44375,2.698
59401386,128,39.48750000000001,140.45624999999998,2.303
59401387,121,39.48750000000001,140.46875,1.989
59401388,213,39.48750000000001,140.48125,1.072
59401389,708,39.48750000000001,140.49375,0.015
59401390,98,39.495833333333344,140.38125,2.988
59401391,11,39.495833333333344,140.39374999999998,1.926
59401392,206,39.495833333333344,140.40625,0.886
59401393,819,39.495833333333344,140.41875,0.405
59401394,709,39.495833333333344,140.43125,1.358
59401395,214,39.495833333333344,140.44375,2.413
59401396,148,39.495833333333344,140.45624999999998,3.138
59401397,54,39.495833333333344,140.46875,2.342
59401398,132,39.495833333333344,140.48125,1.427
59401399,261,39.495833333333344,140.49375,0.942
59401400,280,39.42083333333334,140.50625,2.081
59401401,178,39.42083333333334,140.51874999999998,2.862
59401402,50,39.42083333333334,140.53125,1.84
59401403,1601,39.42083333333334,140.54375,0.943
59401404,990,39.42083333333334,140.55625,0.416
59401405,226,39.42083333333334,140.56875,1.208
59401406,127,39.42083333333334,140.58124999999998,2.248
59401407,116,39.42083333333334,140.59375,3.309
59401408,98,39.42083333333334,140.60625,4.377
59401409,8,39.42083333333334,140.61875,5.446
59401410,107,39.429166666666674,140.50625,1.787
59401411,248,39.429166666666674,140.51874999999998,2.858
59401412,103,39.429166666666674,140.53125,2.148
59401413,331,39.429166666666674,140.54375,1.135
59401414,940,39.429166666666674,140.55625,0.52
59401415,70,39.429166666666674,140.56875,1.248
59401416,112,39.429166666666674,140.58124999999998,2.269
59401417,55,39.429166666666674,140.59375,3.324
59401418,59,39.429166666666674,140.60625,4.043
59401420,102,39.43750000000001,140.50625,1.803
59401421,185,39.43750000000001,140.51874999999998,2.521
59401422,159,39.43750000000001,140.53125,2.535
59401423,101,39.43750000000001,140.54375,1.761
59401424,498,39.43750000000001,140.55625,1.444
59401425,364,39.43750000000001,140.56875,1.836
59401426,220,39.43750000000001,140.58124999999998,2.237
59401427,4,39.43750000000001,140.59375,2.657
59401428,8,39.43750000000001,140.60625,3.379
59401429,48,39.43750000000001,140.61875,4.252
59401430,144,39.44583333333334,140.50625,1.107
59401431,161,39.44583333333334,140.51874999999998,1.857
59401432,144,39.44583333333334,140.53125,2.569
59401433,98,39.44583333333334,140.54375,2.576
59401434,191,39.44583333333334,140.55625,2.143
59401435,162,39.44583333333334,140.56875,1.428
59401436,125,39.44583333333334,140.58124999999998,1.338
59401437,17,39.44583333333334,140.59375,1.961
59401439,40,39.44583333333334,140.61875,3.856
59401440,110,39.45416666666667,140.50625,0.694
59401441,250,39.45416666666667,140.51874999999998,1.153
59401442,297,39.45416666666667,140.53125,2.117
59401443,229,39.45416666666667,140.54375,2.82
59401444,115,39.45416666666667,140.55625,1.76
59401445,92,39.45416666666667,140.56875,0.738
59401446,259,39.45416666666667,140.58124999999998,0.543
59401447,217,39.45416666666667,140.59375,1.533
59401449,18,39.45416666666667,140.61875,3.656
59401450,370,39.462500000000006,140.50625,0.285
59401451,245,39.462500000000006,140.51874999999998,0.965
59401452,233,39.462500000000006,140.53125,2.021
59401453,161,39.462500000000006,140.54375,2.859
59401454,207,39.462500000000006,140.55625,1.822
59401455,189,39.462500000000006,140.56875,0.875
59401456,263,39.462500000000006,140.58124999999998,0.719
59401457,162,39.462500000000006,140.59375,1.603
59401458,31,39.462500000000006,140.60625,2.632
59401459,50,39.462500000000006,140.61875,3.686
59401460,147,39.47083333333334,140.50625,1.183
59401461,173,39.47083333333334,140.51874999999998,1.499
59401462,276,39.47083333333334,140.53125,2.324
59401463,88,39.47083333333334,140.54375,3.18
59401464,151,39.47083333333334,140.55625,2.293
59401465,94,39.47083333333334,140.56875,1.645
59401466,399,39.47083333333334,140.58124999999998,1.567
59401467,306,39.47083333333334,140.59375,2.124
59401468,212,39.47083333333334,140.60625,2.978
59401469,6,39.47083333333334,140.61875,3.94
59401470,129,39.47916666666667,140.50625,1.409
59401471,160,39.47916666666667,140.51874999999998,2.298
59401472,94,39.47916666666667,140.53125,2.904
59401473,178,39.47916666666667,140.54375,3.71
59401474,296,39.47916666666667,140.55625,2.985
59401475,48,39.47916666666667,140.56875,2.522
59401476,261,39.47916666666667,140.58124999999998,2.472
59401477,63,39.47916666666667,140.59375,2.857
59401478,151,39.47916666666667,140.60625,3.156
59401479,194,39.47916666666667,140.61875,3.617
59401480,141,39.48750000000001,140.50625,1.074
59401481,112,39.48750000000001,140.51874999999998,2.146
59401482,238,39.48750000000001,140.53125,3.219
59401483,235,39.48750000000001,140.54375,4.292
59401484,95,39.48750000000001,140.55625,3.78
59401485,106,39.48750000000001,140.56875,3.108
59401486,173,39.48750000000001,140.58124999999998,2.424
59401487,199,39.48750000000001,140.59375,2.098
59401488,95,39.48750000000001,140.60625,2.285
59401489,22,39.48750000000001,140.61875,2.889
59401490,445,39.495833333333344,140.50625,1.428
59401491,78,39.495833333333344,140.51874999999998,2.344
59401492,149,39.495833333333344,140.53125,3.354
59401493,180,39.495833333333344,140.54375,4.394
59401494,114,39.495833333333344,140.55625,3.566
59401495,184,39.495833333333344,140.56875,2.576
59401496,122,39.495833333333344,140.58124999999998,1.691
59401497,323,39.495833333333344,140.59375,1.175
59401498,10,39.495833333333344,140.60625,1.485
59401499,111,39.495833333333344,140.61875,2.308
59401520,22,39.43750000000001,140.63125,5.201
59401530,20,39.44583333333334,140.63125,4.882
59401540,7,39.45416666666667,140.63125,4.726
59401550,75,39.462500000000006,140.63125,4.749
59401551,3,39.462500000000006,140.64374999999998,5.815
59401560,17,39.47083333333334,140.63125,4.949
59401561,4,39.47083333333334,140.64374999999998,5.717
59401570,6,39.47916666666667,140.63125,4.302
59401580,158,39.48750000000001,140.63125,3.711
59401590,185,39.495833333333344,140.63125,3.279
59401591,64,39.495833333333344,140.64374999999998,4.298
59402003,6,39.50416666666667,140.04375,7.649
59402005,34,39.50416666666667,140.06875,6.905
59402006,510,39.50416666666667,140.08124999999998,6.762
59402007,277,39.50416666666667,140.09375,6.694
59402017,165,39.5125,140.09375,7.609
59402018,13,39.5125,140.10625,7.52
59402019,36,39.5125,140.11875,7.583
59402028,17,39.520833333333336,140.10625,8.446
59402029,81,39.520833333333336,140.11875,8.503
59402034,120,39.52916666666667,140.05625,9.859
59402039,39,39.52916666666667,140.11875,9.424
59402044,877,39.5375,140.05625,10.758
59402054,496,39.545833333333334,140.05625,11.661
59402056,38,39.545833333333334,140.08124999999998,11.391
59402057,2,39.545833333333334,140.09375,11.286
59402058,13,39.545833333333334,140.10625,11.226
59402064,409,39.55416666666667,140.05625,12.567
59402065,16,39.55416666666667,140.06875,12.396
59402066,63,39.55416666666667,140.08124999999998,12.317
59402067,41,39.55416666666667,140.09375,12.208
59402068,55,39.55416666666667,140.10625,12.152
59402069,39,39.55416666666667,140.11875,12.192
59402074,679,39.5625,140.05625,12.916
59402075,6,39.5625,140.06875,12.724
59402079,28,39.5625,140.11875,11.647
59402084,141,39.57083333333334,140.05625,12.013
59402085,53,39.57083333333334,140.06875,11.807
59402094,198,39.57916666666667,140.05625,11.115
59402095,2,39.57916666666667,140.06875,10.891
59402099,6,39.57916666666667,140.11875,9.917
59402106,14,39.50416666666667,140.20624999999998,10.751
59402107,15,39.50416666666667,140.21875,11.617
59402109,85,39.50416666666667,140.24375,11.637
59402115,22,39.5125,140.19375,10.563
59402116,27,39.5125,140.20624999999998,11.342
59402117,23,39.5125,140.21875,12.166
59402118,49,39.5125,140.23125,12.303
59402119,19,39.5125,140.24375,11.289
59402126,26,39.520833333333336,140.20624999999998,11.976
59402127,19,39.520833333333336,140.21875,12.759
59402128,30,39.520833333333336,140.23125,12.045
59402129,5,39.520833333333336,140.24375,11.008
59402137,112,39.52916666666667,140.21875,12.813
59402138,248,39.52916666666667,140.23125,11.855
59402139,56,39.52916666666667,140.24375,10.8
59402146,60,39.5375,140.20624999999998,13.062
59402147,3,39.5375,140.21875,12.21
59402148,56,39.5375,140.23125,11.397
59402149,3,39.5375,140.24375,10.629
59402156,47,39.545833333333334,140.20624999999998,12.539
59402157,69,39.545833333333334,140.21875,11.65
59402158,157,39.545833333333334,140.23125,10.794
59402159,87,39.545833333333334,140.24375,9.98
59402166,122,39.55416666666667,140.20624999999998,12.066
59402167,11,39.55416666666667,140.21875,11.139
59402169,31,39.55416666666667,140.24375,9.379
59402170,15,39.5625,140.13125,11.337
59402176,84,39.5625,140.20624999999998,11.572
59402185,84,39.57083333333334,140.19375,10.382
59402186,145,39.57083333333334,140.20624999999998,10.696
59402187,46,39.57083333333334,140.21875,10.293
59402188,42,39.57083333333334,140.23125,9.313
59402193,1,39.57916666666667,140.16875,9.144
59402194,319,39.57916666666667,140.18125,9.255
59402195,2,39.57916666666667,140.19375,9.486
59402196,22,39.57916666666667,140.20624999999998,9.83
59402197,36,39.57916666666667,140.21875,9.972
59402198,2,39.57916666666667,140.23125,8.958
59402200,40,39.50416666666667,140.25625,10.668
59402201,31,39.50416666666667,140.26874999999998,9.72
59402204,29,39.50416666666667,140.30625,7.093
59402205,11,39.50416666666667,140.31875,6.34
59402206,15,39.50416666666667,140.33124999999998,5.689
59402209,1,39.50416666666667,140.36875,4.089
59402210,2,39.5125,140.25625,10.287
59402211,7,39.5125,140.26874999999998,9.301
59402212,4,39.5125,140.28125,8.336
59402213,45,39.5125,140.29375,7.401
59402215,27,39.5125,140.31875,5.677
59402217,6,39.5125,140.34375,4.345
59402218,42,39.5125,140.35625,3.956
59402221,110,39.520833333333336,140.26874999999998,8.958
59402222,70,39.520833333333336,140.28125,7.952
59402223,44,39.520833333333336,140.29375,6.965
59402224,180,39.520833333333336,140.30625,6.008
59402225,20,39.520833333333336,140.31875,5.096
59402226,24,39.520833333333336,140.33124999999998,4.26
59402228,10,39.520833333333336,140.35625,3.066
59402229,321,39.520833333333336,140.36875,2.911
59402230,51,39.52916666666667,140.25625,9.748
59402231,237,39.52916666666667,140.26874999999998,8.701
59402232,55,39.52916666666667,140.28125,7.661
59402233,127,39.52916666666667,140.29375,6.632
59402234,79,39.52916666666667,140.30625,5.618
59402235,19,39.52916666666667,140.31875,4.63
59402236,64,39.52916666666667,140.33124999999998,3.69
59402238,94,39.52916666666667,140.35625,2.206
59402239,9,39.52916666666667,140.36875,1.985
59402240,92,39.5375,140.25625,9.602
59402242,59,39.5375,140.28125,7.475
59402243,54,39.5375,140.29375,6.416
59402244,68,39.5375,140.30625,5.361
59402246,45,39.5375,140.33124999999998,3.287
59402249,41,39.5375,140.36875,1.06
59402250,2,39.545833333333334,140.25625,9.219
59402253,131,39.545833333333334,140.29375,6.329
59402254,33,39.545833333333334,140.30625,5.258
59402255,275,39.545833333333334,140.31875,4.186
59402256,73,39.545833333333334,140.33124999999998,3.115
59402257,267,39.545833333333334,140.34375,2.045
59402258,171,39.545833333333334,140.35625,0.977
59402259,1301,39.545833333333334,140.36875,0.165
59402260,92,39.55416666666667,140.25625,8.564
59402262,276,39.55416666666667,140.28125,7.141
59402263,2,39.55416666666667,140.29375,6.377
59402264,70,39.55416666666667,140.30625,5.316
59402265,103,39.55416666666667,140.31875,4.259
59402266,157,39.55416666666667,140.33124999999998,3.213
59402267,37,39.55416666666667,140.34375,2.191
59402268,50,39.55416666666667,140.35625,1.255
59402269,403,39.55416666666667,140.36875,0.804
59402270,85,39.5625,140.25625,7.964
59402272,117,39.5625,140.28125,6.409
59402274,83,39.5625,140.30625,5.283
59402275,183,39.5625,140.31875,4.525
59402276,121,39.5625,140.33124999999998,3.558
59402277,174,39.5625,140.34375,2.671
59402278,16,39.5625,140.35625,1.978
59402280,147,39.57083333333334,140.25625,7.431
59402285,79,39.57083333333334,140.31875,4.071
59402286,64,39.57083333333334,140.33124999999998,3.965
59402287,44,39.57083333333334,140.34375,3.345
59402290,42,39.57916666666667,140.25625,6.98
59402291,85,39.57916666666667,140.26874999999998,6.034
59402292,9,39.57916666666667,140.28125,5.137
59402296,2,39.57916666666667,140.33124999999998,3.04
59402300,5,39.50416666666667,140.38125,3.032
59402301,445,39.50416666666667,140.39374999999998,1.993
59402302,138,39.50416666666667,140.40625,1.024
59402303,141,39.50416666666667,140.41875,0.654
59402304,124,39.50416666666667,140.43125,1.451
59402305,64,39.50416666666667,140.44375,2.467
59402306,104,39.50416666666667,140.45624999999998,3.516
59402307,31,39.50416666666667,140.46875,2.844
59402308,58,39.50416666666667,140.48125,2.154
59402309,82,39.50416666666667,140.49375,1.868
59402310,37,39.5125,140.38125,3.343
59402311,36,39.5125,140.39374999999998,2.44
59402312,50,39.5125,140.40625,1.741
59402313,25,39.5125,140.41875,1.552
59402314,8,39.5125,140.43125,2.022
59402315,3,39.5125,140.44375,2.84
59402317,55,39.5125,140.46875,3.523
59402318,117,39.5125,140.48125,2.993
59402320,73,39.520833333333336,140.38125,3.137
59402321,15,39.520833333333336,140.39374999999998,3.106
59402323,15,39.520833333333336,140.41875,2.471
59402324,19,39.520833333333336,140.43125,2.79
59402329,53,39.520833333333336,140.49375,3.722
59402330,62,39.52916666666667,140.38125,2.304
59402333,20,39.52916666666667,140.41875,3.394
59402335,26,39.52916666666667,140.44375,4.145
59402336,17,39.52916666666667,140.45624999999998,4.843
59402340,127,39.5375,140.38125,1.579
59402341,107,39.5375,140.39374999999998,2.482
59402342,292,39.5375,140.40625,3.482
59402343,26,39.5375,140.41875,4.319
59402344,41,39.5375,140.43125,4.509
59402345,8,39.5375,140.44375,4.931
59402346,80,39.5375,140.45624999999998,5.531
59402347,5,39.5375,140.46875,5.973
59402349,2,39.5375,140.49375,3.98
59402350,486,39.545833333333334,140.38125,1.182
59402351,32,39.545833333333334,140.39374999999998,2.25
59402352,44,39.545833333333334,140.40625,3.321
59402353,70,39.545833333333334,140.41875,4.392
59402355,43,39.545833333333334,140.44375,5.758
59402356,25,39.545833333333334,140.45624999999998,6.28
59402357,7,39.545833333333334,140.46875,6.031
59402358,4,39.545833333333334,140.48125,4.959
59402359,21,39.545833333333334,140.49375,3.887
59402360,293,39.55416666666667,140.38125,1.42
59402362,73,39.55416666666667,140.40625,3.413
59402366,40,39.55416666666667,140.45624999999998,7.071
59402367,40,39.55416666666667,140.46875,6.112
59402368,52,39.55416666666667,140.48125,5.058
59402369,26,39.55416666666667,140.49375,4.013
59402372,67,39.5625,140.40625,3.739
59402373,9,39.5625,140.41875,4.716
59402376,10,39.5625,140.45624999999998,7.358
59402383,88,39.57083333333334,140.41875,5.128
59402384,7,39.57083333333334,140.43125,6.07
59402385,18,39.57083333333334,140.44375,7.05
59402386,58,39.57083333333334,140.45624999999998,7.652
59402387,19,39.57083333333334,140.46875,6.67
59402393,51,39.57916666666667,140.41875,5.663
59402394,80,39.57916666666667,140.43125,6.528
59402397,27,39.57916666666667,140.46875,7.115
59402398,30,39.57916666666667,140.48125,6.233
59402400,464,39.50416666666667,140.50625,2.155
59402401,88,39.50416666666667,140.51874999999998,2.845
59402402,165,39.50416666666667,140.53125,3.722
59402403,117,39.50416666666667,140.54375,4.449
59402404,173,39.50416666666667,140.55625,3.379
59402405,135,39.50416666666667,140.56875,2.31
59402406,156,39.50416666666667,140.58124999999998,1.248
59402407,397,39.50416666666667,140.59375,0.283
59402408,183,39.50416666666667,140.60625,0.95
59402409,21,39.50416666666667,140.61875,2.006
59402410,172,39.5125,140.50625,2.994
59402411,130,39.5125,140.51874999999998,3.524
59402412,37,39.5125,140.53125,3.696
59402413,161,39.5125,140.54375,3.635
59402414,144,39.5125,140.55625,3.439
59402415,120,39.5125,140.56875,2.398
59402416,139,39.5125,140.58124999999998,1.405
59402417,384,39.5125,140.59375,0.705
59402418,124,39.5125,140.60625,1.148
59402419,111,39.5125,140.61875,2.107
59402420,62,39.520833333333336,140.50625,3.873
59402421,260,39.520833333333336,140.51874999999998,3.22
59402422,168,39.520833333333336,140.53125,2.789
59402423,148,39.520833333333336,140.54375,2.71
59402424,221,39.520833333333336,140.55625,2.98
59402425,135,39.520833333333336,140.56875,2.808
59402426,76,39.520833333333336,140.58124999999998,2.027
59402427,107,39.520833333333336,140.59375,1.622
59402428,83,39.520833333333336,140.60625,1.858
59402429,180,39.520833333333336,140.61875,2.564
59402431,42,39.52916666666667,140.51874999999998,2.492
59402432,242,39.52916666666667,140.53125,1.903
59402433,189,39.52916666666667,140.54375,1.787
59402434,141,39.52916666666667,140.55625,2.174
59402435,156,39.52916666666667,140.56875,2.849
59402436,206,39.52916666666667,140.58124999999998,2.821
59402437,54,39.52916666666667,140.59375,2.546
59402438,273,39.52916666666667,140.60625,2.702
59402439,97,39.52916666666667,140.61875,3.229
59402440,36,39.5375,140.50625,2.942
59402441,66,39.5375,140.51874999999998,1.941
59402442,366,39.5375,140.53125,1.086
59402443,199,39.5375,140.54375,0.87
59402444,163,39.5375,140.55625,1.434
59402445,92,39.5375,140.56875,2.324
59402446,164,39.5375,140.58124999999998,3.323
59402447,67,39.5375,140.59375,3.471
59402448,117,39.5375,140.60625,3.588
59402449,28,39.5375,140.61875,3.999
59402452,279,39.545833333333334,140.53125,0.675
59402453,882,39.545833333333334,140.54375,0.09
59402454,91,39.545833333333334,140.55625,1.027
59402455,215,39.545833333333334,140.56875,2.097
59402456,88,39.545833333333334,140.58124999999998,3.168
59402457,86,39.545833333333334,140.59375,4.24
59402458,9,39.545833333333334,140.60625,4.49
59402459,94,39.545833333333334,140.61875,4.825
59402462,59,39.55416666666667,140.53125,1.204
59402463,141,39.55416666666667,140.54375,0.851
59402464,131,39.55416666666667,140.55625,1.331
59402465,112,39.55416666666667,140.56875,2.261
59402466,253,39.55416666666667,140.58124999999998,3.279
59402467,112,39.55416666666667,140.59375,4.137
59402468,169,39.55416666666667,140.60625,4.7
59402469,122,39.55416666666667,140.61875,5.418
59402471,21,39.5625,140.51874999999998,2.597
59402472,149,39.5625,140.53125,2.039
59402473,74,39.5625,140.54375,1.777
59402474,131,39.5625,140.55625,2.05
59402475,55,39.5625,140.56875,2.747
59402476,181,39.5625,140.58124999999998,2.895
59402477,110,39.5625,140.59375,3.325
59402478,168,39.5625,140.60625,4.004
59402479,124,39.5625,140.61875,4.827
59402481,34,39.57083333333334,140.51874999999998,3.343
59402482,87,39.57083333333334,140.53125,2.926
59402483,58,39.57083333333334,140.54375,2.704
59402484,222,39.57083333333334,140.55625,2.361
59402485,191,39.57083333333334,140.56875,1.913
59402486,151,39.57083333333334,140.58124999999998,2.01
59402487,116,39.57083333333334,140.59375,2.591
59402488,171,39.57083333333334,140.60625,3.419
59402489,170,39.57083333333334,140.61875,4.351
59402491,82,39.57916666666667,140.51874999999998,3.443
59402492,96,39.57916666666667,140.53125,2.56
59402493,166,39.57916666666667,140.54375,1.883
59402494,29,39.57916666666667,140.55625,1.683
59402495,530,39.57916666666667,140.56875,1.017
59402496,123,39.57916666666667,140.58124999999998,1.19
59402497,206,39.57916666666667,140.59375,2.023
59402498,90,39.57916666666667,140.60625,2.988
59402499,72,39.57916666666667,140.61875,4.003
59402500,80,39.50416666666667,140.63125,3.074
59402501,48,39.50416666666667,140.64374999999998,4.144
59402502,5,39.50416666666667,140.65625,5.215
59402510,198,39.5125,140.63125,3.141
59402511,51,39.5125,140.64374999999998,4.193
59402512,8,39.5125,140.65625,5.254
59402520,187,39.520833333333336,140.63125,3.463
59402521,131,39.520833333333336,140.64374999999998,4.44
59402530,217,39.52916666666667,140.63125,3.981
59402531,48,39.52916666666667,140.64374999999998,4.854
59402540,124,39.5375,140.63125,4.627
59402541,76,39.5375,140.64374999999998,5.397
59402542,13,39.5375,140.65625,6.257
59402550,105,39.545833333333334,140.63125,5.357
59402551,12,39.545833333333334,140.64374999999998,6.034
59402580,4,39.57083333333334,140.63125,5.322
59402590,5,39.57916666666667,140.63125,5.01
59403004,50,39.587500000000006,140.05625,10.221
59403009,1,39.587500000000006,140.11875,9.071
59403014,12,39.59583333333334,140.05625,9.334
59403015,15,39.59583333333334,140.06875,9.067
59403017,8,39.59583333333334,140.09375,8.903
59403018,33,39.59583333333334,140.10625,8.794
59403019,52,39.59583333333334,140.11875,8.242
59403025,163,39.60416666666667,140.06875,8.16
59403026,136,39.60416666666667,140.08124999999998,7.998
59403028,11,39.60416666666667,140.10625,8.044
59403035,490,39.612500000000004,140.06875,7.258
59403039,7,39.612500000000004,140.11875,6.661
59403044,1,39.62083333333334,140.05625,6.738
59403045,213,39.62083333333334,140.06875,6.363
59403055,316,39.62916666666667,140.06875,5.479
59403065,17,39.6375,140.06875,4.611
59403069,137,39.6375,140.11875,4.633
59403075,229,39.645833333333336,140.06875,3.771
59403078,55,39.645833333333336,140.10625,3.637
59403079,107,39.645833333333336,140.11875,3.715
59403085,438,39.654166666666676,140.06875,2.983
59403089,281,39.654166666666676,140.11875,2.804
59403095,477,39.66250000000001,140.06875,2.301
59403096,31,39.66250000000001,140.08124999999998,1.635
59403098,86,39.66250000000001,140.10625,2.073
59403099,180,39.66250000000001,140.11875,1.907
59403102,17,39.587500000000006,140.15625,8.233
59403103,194,39.587500000000006,140.16875,8.218
59403104,204,39.587500000000006,140.18125,8.342
59403106,63,39.587500000000006,140.20624999999998,8.975
59403107,5,39.587500000000006,140.21875,9.459
59403112,7,39.59583333333334,140.15625,7.31
59403113,164,39.59583333333334,140.16875,7.293
59403114,25,39.59583333333334,140.18125,7.432
59403115,8,39.59583333333334,140.19375,7.718
59403117,35,39.59583333333334,140.21875,8.667
59403118,44,39.59583333333334,140.23125,8.509
59403119,45,39.59583333333334,140.24375,7.45
59403121,4,39.60416666666667,140.14374999999998,6.583
59403122,156,39.60416666666667,140.15625,6.387
59403123,40,39.60416666666667,140.16875,6.368
59403126,6,39.60416666666667,140.20624999999998,7.319
59403127,69,39.60416666666667,140.21875,7.904
59403128,23,39.60416666666667,140.23125,8.43
59403129,15,39.60416666666667,140.24375,7.36
59403130,89,39.612500000000004,140.13125,6.103
59403131,120,39.612500000000004,140.14374999999998,5.694
59403132,279,39.612500000000004,140.15625,5.466
59403133,16,39.612500000000004,140.16875,5.444
59403134,2,39.612500000000004,140.18125,5.628
59403135,21,39.612500000000004,140.19375,6.001
59403136,56,39.612500000000004,140.20624999999998,6.53
59403141,48,39.62083333333334,140.14374999999998,4.819
59403142,273,39.62083333333334,140.15625,4.548
59403143,91,39.62083333333334,140.16875,4.52
59403144,81,39.62083333333334,140.18125,4.741
59403145,31,39.62083333333334,140.19375,5.178
59403150,228,39.62916666666667,140.13125,4.535
59403151,6,39.62916666666667,140.14374999999998,3.967
59403152,31,39.62916666666667,140.15625,3.633
59403153,224,39.62916666666667,140.16875,3.599
59403155,252,39.62916666666667,140.19375,4.397
59403157,49,39.62916666666667,140.21875,5.905
59403161,236,39.6375,140.14374999999998,3.158
59403162,193,39.6375,140.15625,2.726
59403163,102,39.6375,140.16875,2.681
59403164,59,39.6375,140.18125,3.038
59403165,94,39.6375,140.19375,3.683
59403166,17,39.6375,140.20624999999998,4.493
59403168,15,39.6375,140.23125,6.349
59403171,206,39.645833333333336,140.14374999999998,2.434
59403172,297,39.645833333333336,140.15625,1.84
59403173,129,39.645833333333336,140.16875,1.771
59403174,82,39.645833333333336,140.18125,2.276
59403175,602,39.645833333333336,140.19375,3.085
59403176,335,39.645833333333336,140.20624999999998,4.017
59403177,122,39.645833333333336,140.21875,5.005
59403178,233,39.645833333333336,140.23125,6.022
59403179,4,39.645833333333336,140.24375,7.054
59403180,134,39.654166666666676,140.13125,2.785
59403181,258,39.654166666666676,140.14374999999998,1.843
59403182,1252,39.654166666666676,140.15625,1.027
59403183,570,39.654166666666676,140.16875,0.898
59403184,7,39.654166666666676,140.18125,1.688
59403186,288,39.654166666666676,140.20624999999998,3.716
59403187,1568,39.654166666666676,140.21875,4.767
59403188,328,39.654166666666676,140.23125,5.824
59403189,289,39.654166666666676,140.24375,6.886
59403190,361,39.66250000000001,140.13125,1.88
59403191,455,39.66250000000001,140.14374999999998,1.521
59403192,2071,39.66250000000001,140.15625,0.462
59403193,3114,39.66250000000001,140.16875,0.44
59403194,9,39.66250000000001,140.18125,1.496
59403196,20,39.66250000000001,140.20624999999998,3.632
59403197,141,39.66250000000001,140.21875,4.702
59403198,1,39.66250000000001,140.23125,5.771
59403199,286,39.66250000000001,140.24375,6.841
59403201,6,39.587500000000006,140.26874999999998,5.625
59403202,126,39.587500000000006,140.28125,4.649
59403203,16,39.587500000000006,140.29375,3.727
59403212,50,39.59583333333334,140.28125,4.308
59403213,169,39.59583333333334,140.29375,3.292
59403214,281,39.59583333333334,140.30625,2.324
59403223,12,39.60416666666667,140.29375,3.082
59403225,40,39.60416666666667,140.31875,0.964
59403226,409,39.60416666666667,140.33124999999998,0.293
59403230,16,39.612500000000004,140.25625,6.319
59403235,382,39.612500000000004,140.31875,1.146
59403236,77,39.612500000000004,140.33124999999998,0.685
59403237,143,39.612500000000004,140.34375,1.385
59403238,77,39.612500000000004,140.35625,2.379
59403245,668,39.62083333333334,140.31875,1.848
59403248,41,39.62083333333334,140.35625,2.786
59403254,24,39.62916666666667,140.30625,3.22
59403255,374,39.62916666666667,140.31875,2.689
59403258,21,39.62916666666667,140.35625,3.403
59403264,110,39.6375,140.30625,3.988
59403265,22,39.6375,140.31875,3.573
59403271,11,39.645833333333336,140.26874999999998,6.806
59403272,48,39.645833333333336,140.28125,6.025
59403275,102,39.645833333333336,140.31875,4.474
59403276,57,39.645833333333336,140.33124999999998,4.379
59403277,6,39.645833333333336,140.34375,4.541
59403279,22,39.645833333333336,140.36875,5.513
59403280,73,39.654166666666676,140.25625,7.95
59403281,74,39.654166666666676,140.26874999999998,7.435
59403286,3,39.654166666666676,140.33124999999998,5.305
59403287,144,39.654166666666676,140.34375,5.44
59403290,96,39.66250000000001,140.25625,7.911
59403291,19,39.66250000000001,140.26874999999998,8.122
59403292,11,39.66250000000001,140.28125,7.48
59403297,148,39.66250000000001,140.34375,6.347
59403298,31,39.66250000000001,140.35625,6.635
59403301,3,39.587500000000006,140.39374999999998,5.033
59403303,18,39.587500000000006,140.41875,6.289
59403323,7,39.60416666666667,140.41875,7.642
59403324,2,39.60416666666667,140.43125,8.38
59403332,114,39.612500000000004,140.40625,6.6
59403333,36,39.612500000000004,140.41875,7.666
59403334,123,39.612500000000004,140.43125,8.733
59403338,26,39.612500000000004,140.48125,6.548
59403339,99,39.612500000000004,140.49375,5.54
59403340,9,39.62083333333334,140.38125,4.703
59403344,11,39.62083333333334,140.43125,8.852
59403345,24,39.62083333333334,140.44375,9.889
59403346,92,39.62083333333334,140.45624999999998,8.873
59403347,9,39.62083333333334,140.46875,7.872
59403348,50,39.62083333333334,140.48125,6.892
59403349,11,39.62083333333334,140.49375,5.943
59403350,4,39.62916666666667,140.38125,5.093
59403351,35,39.62916666666667,140.39374999999998,6.046
59403352,12,39.62916666666667,140.40625,7.034
59403356,21,39.62916666666667,140.45624999999998,9.224
59403363,2,39.6375,140.41875,8.379
59403370,7,39.645833333333336,140.38125,6.223
59403401,30,39.587500000000006,140.51874999999998,3.101
59403402,25,39.587500000000006,140.53125,2.077
59403403,359,39.587500000000006,140.54375,1.143
59403404,520,39.587500000000006,140.55625,0.771
59403405,963,39.587500000000006,140.56875,0.359
59403406,150,39.587500000000006,140.58124999999998,0.658
59403407,141,39.587500000000006,140.59375,1.676
59403408,224,39.587500000000006,140.60625,2.691
59403409,261,39.587500000000006,140.61875,3.737
59403411,49,39.59583333333334,140.51874999999998,3.016
59403412,77,39.59583333333334,140.53125,1.948
59403413,190,39.59583333333334,140.54375,0.888
59403414,1518,39.59583333333334,140.55625,0.273
59403415,1670,39.59583333333334,140.56875,0.658
59403416,788,39.59583333333334,140.58124999999998,0.526
59403417,36,39.59583333333334,140.59375,1.554
59403418,8,39.59583333333334,140.60625,2.616
59403419,17,39.59583333333334,140.61875,3.684
59403420,15,39.60416666666667,140.50625,4.229
59403421,127,39.60416666666667,140.51874999999998,3.208
59403424,507,39.60416666666667,140.55625,1.128
59403425,289,39.60416666666667,140.56875,1.325
59403426,29,39.60416666666667,140.58124999999998,1.265
59403427,180,39.60416666666667,140.59375,1.933
59403428,73,39.60416666666667,140.60625,2.858
59403429,245,39.60416666666667,140.61875,3.859
59403430,265,39.612500000000004,140.50625,4.561
59403431,35,39.612500000000004,140.51874999999998,3.634
59403432,3,39.612500000000004,140.53125,2.812
59403434,183,39.612500000000004,140.55625,2.046
59403435,130,39.612500000000004,140.56875,2.19
59403436,78,39.612500000000004,140.58124999999998,2.154
59403437,148,39.612500000000004,140.59375,2.603
59403438,232,39.612500000000004,140.60625,3.348
59403439,93,39.612500000000004,140.61875,4.235
59403440,53,39.62083333333334,140.50625,5.043
59403442,26,39.62083333333334,140.53125,3.541
59403443,6,39.62083333333334,140.54375,3.087
59403444,203,39.62083333333334,140.55625,2.97
59403445,162,39.62083333333334,140.56875,3.091
59403446,68,39.62083333333334,140.58124999999998,3.065
59403447,106,39.62083333333334,140.59375,3.396
59403448,179,39.62083333333334,140.60625,3.996
59403449,224,39.62083333333334,140.61875,4.763
59403453,78,39.62916666666667,140.54375,3.985
59403454,74,39.62916666666667,140.55625,3.895
59403455,138,39.62916666666667,140.56875,4.004
59403456,180,39.62916666666667,140.58124999999998,3.984
59403457,116,39.62916666666667,140.59375,4.244
59403458,105,39.62916666666667,140.60625,4.737
59403459,290,39.62916666666667,140.61875,5.4
59403460,59,39.6375,140.50625,6.312
59403462,3,39.6375,140.53125,5.192
59403463,88,39.6375,140.54375,4.894
59403465,289,39.6375,140.56875,4.921
59403466,114,39.6375,140.58124999999998,4.905
59403467,157,39.6375,140.59375,5.119
59403468,24,39.6375,140.60625,5.534
59403469,45,39.6375,140.61875,6.112
59403471,33,39.645833333333336,140.51874999999998,6.483
59403472,84,39.645833333333336,140.53125,6.061
59403473,72,39.645833333333336,140.54375,5.808
59403474,6,39.645833333333336,140.55625,5.746
59403475,148,39.645833333333336,140.56875,5.842
59403476,179,39.645833333333336,140.58124999999998,5.829
59403477,124,39.645833333333336,140.59375,6.009
59403478,30,39.645833333333336,140.60625,6.367
59403479,20,39.645833333333336,140.61875,6.874
59403481,24,39.654166666666676,140.51874999999998,7.317
59403483,21,39.654166666666676,140.54375,6.726
59403484,24,39.654166666666676,140.55625,6.672
59403485,335,39.654166666666676,140.56875,6.764
59403486,26,39.654166666666676,140.58124999999998,6.753
59403487,78,39.654166666666676,140.59375,6.909
59403488,43,39.654166666666676,140.60625,7.222
59403494,119,39.66250000000001,140.55625,7.599
59403495,293,39.66250000000001,140.56875,7.688
59403496,5,39.66250000000001,140.58124999999998,7.677
59403497,34,39.66250000000001,140.59375,7.815
59403498,62,39.66250000000001,140.60625,8.094
59403520,99,39.60416666666667,140.63125,4.89
59403530,203,39.612500000000004,140.63125,5.191
59403531,19,39.612500000000004,140.64374999999998,6.186
59403540,216,39.62083333333334,140.63125,5.631
59403550,157,39.62916666666667,140.63125,6.179
59403551,97,39.62916666666667,140.64374999999998,7.035
59403555,4,39.62916666666667,140.69375,8.459
59403560,87,39.6375,140.63125,6.809
59403562,19,39.6375,140.65625,8.442
59403570,5,39.645833333333336,140.63125,7.502
59403583,3,39.654166666666676,140.66875,7.244
59403594,2,39.66250000000001,140.68125,5.834
59403595,13,39.66250000000001,140.69375,5.153
59403596,9,39.66250000000001,140.70624999999998,4.622
59404005,449,39.67083333333334,140.06875,1.845
59404006,1809,39.67083333333334,140.08124999999998,0.886
59404007,3921,39.67083333333334,140.09375,0.673
59404008,477,39.67083333333334,140.10625,1.552
59404009,2168,39.67083333333334,140.11875,1.063
59404015,744,39.679166666666674,140.06875,1.799
59404016,4275,39.679166666666674,140.08124999999998,0.784
59404017,681,39.679166666666674,140.09375,0.531
59404018,510,39.679166666666674,140.10625,1.496
59404019,2920,39.679166666666674,140.11875,0.584
59404025,208,39.68750000000001,140.06875,1.541
59404026,3875,39.68750000000001,140.08124999999998,1.261
59404027,960,39.68750000000001,140.09375,1.043
59404028,4765,39.68750000000001,140.10625,0.726
59404029,4021,39.68750000000001,140.11875,0.782
59404035,1208,39.69583333333334,140.06875,0.958
59404036,3638,39.69583333333334,140.08124999999998,0.364
59404037,1687,39.69583333333334,140.09375,0.506
59404038,3595,39.69583333333334,140.10625,0.221
59404039,6236,39.69583333333334,140.11875,0.379
59404045,575,39.70416666666667,140.06875,1.085
59404046,5388,39.70416666666667,140.08124999999998,0.476
59404047,1640,39.70416666666667,140.09375,0.608
59404048,3508,39.70416666666667,140.10625,0.374
59404049,5841,39.70416666666667,140.11875,0.696
59404056,182,39.712500000000006,140.08124999999998,0.96
59404057,5256,39.712500000000006,140.09375,0.082
59404058,5065,39.712500000000006,140.10625,0.31
59404059,6493,39.712500000000006,140.11875,0.569
59404067,2696,39.72083333333334,140.09375,0.848
59404068,3905,39.72083333333334,140.10625,0.473
59404069,4712,39.72083333333334,140.11875,0.594
59404076,1476,39.72916666666667,140.08124999999998,0.582
59404077,5823,39.72916666666667,140.09375,0.407
59404078,6116,39.72916666666667,140.10625,0.202
59404079,5182,39.72916666666667,140.11875,0.304
59404085,411,39.73750000000001,140.06875,1.986
59404086,1411,39.73750000000001,140.08124999999998,1.029
59404087,4715,39.73750000000001,140.09375,0.5
59404088,4828,39.73750000000001,140.10625,0.366
59404089,3626,39.73750000000001,140.11875,0.168
59404095,2498,39.745833333333344,140.06875,1.47
59404096,4044,39.745833333333344,140.08124999999998,1.34
59404097,4385,39.745833333333344,140.09375,0.54
59404098,4897,39.745833333333344,140.10625,0.756
59404099,617,39.745833333333344,140.11875,1.005
59404100,4776,39.67083333333334,140.13125,1.014
59404101,98,39.67083333333334,140.14374999999998,1.717
59404102,324,39.67083333333334,140.15625,0.922
59404103,1304,39.67083333333334,140.16875,1.019
59404104,73,39.67083333333334,140.18125,1.828
59404107,65,39.67083333333334,140.21875,4.817
59404109,139,39.67083333333334,140.24375,6.921
59404110,3624,39.679166666666674,140.13125,0.489
59404111,549,39.679166666666674,140.14374999999998,1.557
59404112,112,39.679166666666674,140.15625,1.79
59404113,128,39.679166666666674,140.16875,1.842
59404114,54,39.679166666666674,140.18125,2.423
59404115,35,39.679166666666674,140.19375,3.239
59404117,32,39.679166666666674,140.21875,5.101
59404119,26,39.679166666666674,140.24375,7.121
59404120,1681,39.68750000000001,140.13125,1.04
59404121,182,39.68750000000001,140.14374999999998,1.831
59404122,755,39.68750000000001,140.15625,2.697
59404123,580,39.68750000000001,140.16875,2.732
59404124,34,39.68750000000001,140.18125,3.153
59404127,1,39.68750000000001,140.21875,5.528
59404128,10,39.68750000000001,140.23125,6.462
59404130,4530,39.69583333333334,140.13125,0.784
59404131,208,39.69583333333334,140.14374999999998,1.832
59404132,2573,39.69583333333334,140.15625,2.232
59404133,39,39.69583333333334,140.16875,2.838
59404134,36,39.69583333333334,140.18125,3.6
59404135,38,39.69583333333334,140.19375,4.474
59404138,52,39.69583333333334,140.23125,6.929
59404140,2769,39.70416666666667,140.13125,0.999
59404141,3399,39.70416666666667,140.14374999999998,0.92
59404142,4424,39.70416666666667,140.15625,1.472
59404143,81,39.70416666666667,140.16875,2.188
59404144,23,39.70416666666667,140.18125,3.089
59404145,14,39.70416666666667,140.19375,4.072
59404146,10,39.70416666666667,140.20624999999998,5.09
59404150,6476,39.712500000000006,140.13125,0.562
59404151,5460,39.712500000000006,140.14374999999998,0.226
59404152,3442,39.712500000000006,140.15625,0.774
59404153,135,39.712500000000006,140.16875,1.751
59404154,101,39.712500000000006,140.18125,2.796
59404155,96,39.712500000000006,140.19375,3.854
59404156,54,39.712500000000006,140.20624999999998,4.918
59404160,5374,39.72083333333334,140.13125,0.036
59404161,6104,39.72083333333334,140.14374999999998,0.645
59404162,2668,39.72083333333334,140.15625,0.739
59404163,230,39.72083333333334,140.16875,1.653
59404164,75,39.72083333333334,140.18125,2.684
59404165,24,39.72083333333334,140.19375,3.736
59404167,17,39.72083333333334,140.21875,5.859
59404170,4128,39.72916666666667,140.13125,0.923
59404171,3416,39.72916666666667,140.14374999999998,0.203
59404172,3699,39.72916666666667,140.15625,0.613
59404173,1060,39.72916666666667,140.16875,1.6
59404174,16,39.72916666666667,140.18125,2.652
59404175,114,39.72916666666667,140.19375,3.713
59404176,102,39.72916666666667,140.20624999999998,4.778
59404177,8,39.72916666666667,140.21875,5.844
59404180,3693,39.73750000000001,140.13125,0.916
59404181,526,39.73750000000001,140.14374999999998,0.854
59404182,191,39.73750000000001,140.15625,1.218
59404183,306,39.73750000000001,140.16875,2.026
59404184,117,39.73750000000001,140.18125,2.928
59404185,180,39.73750000000001,140.19375,3.915
59404186,64,39.73750000000001,140.20624999999998,4.937
59404187,266,39.73750000000001,140.21875,5.975
59404188,209,39.73750000000001,140.23125,7.022
59404189,41,39.73750000000001,140.24375,8.075
59404190,3263,39.745833333333344,140.13125,1.349
59404191,78,39.745833333333344,140.14374999999998,1.771
59404194,138,39.745833333333344,140.18125,3.441
59404195,83,39.745833333333344,140.19375,4.312
59404198,2,39.745833333333344,140.23125,7.25
59404200,51,39.67083333333334,140.25625,7.98
59404201,34,39.67083333333334,140.26874999999998,8.853
59404202,32,39.67083333333334,140.28125,8.268
59404208,14,39.67083333333334,140.35625,7.512
59404209,82,39.67083333333334,140.36875,7.903
59404210,172,39.679166666666674,140.25625,8.154
59404211,33,39.679166666666674,140.26874999999998,9.196
59404212,3,39.679166666666674,140.28125,9.082
59404220,85,39.68750000000001,140.25625,8.427
59404221,168,39.68750000000001,140.26874999999998,9.439
59404222,18,39.68750000000001,140.28125,9.915
59404231,12,39.69583333333334,140.26874999999998,9.764
59404232,106,39.69583333333334,140.28125,10.756
59404236,40,39.69583333333334,140.33124999999998,9.937
59404237,30,39.69583333333334,140.34375,10.01
59404242,128,39.70416666666667,140.28125,11.12
59404243,213,39.70416666666667,140.29375,11.288
59404245,17,39.70416666666667,140.31875,10.903
59404246,10,39.70416666666667,140.33124999999998,10.864
59404248,5,39.70416666666667,140.35625,11.1
59404249,99,39.70416666666667,140.36875,11.368
59404250,12,39.712500000000006,140.25625,9.161
59404253,518,39.712500000000006,140.29375,12.183
59404254,16,39.712500000000006,140.30625,11.958
59404255,31,39.712500000000006,140.31875,11.826
59404256,58,39.712500000000006,140.33124999999998,11.791
59404260,24,39.72083333333334,140.25625,9.057
59404263,50,39.72083333333334,140.29375,12.26
59404264,99,39.72083333333334,140.30625,12.873
59404265,63,39.72083333333334,140.31875,12.75
59404270,17,39.72916666666667,140.25625,9.047
59404271,194,39.72916666666667,140.26874999999998,10.115
59404272,129,39.72916666666667,140.28125,11.184
59404273,6,39.72916666666667,140.29375,12.252
59404274,89,39.72916666666667,140.30625,13.321
59404280,48,39.73750000000001,140.25625,9.132
59404284,8,39.73750000000001,140.30625,13.378
59404285,14,39.73750000000001,140.31875,14.442
59404286,41,39.73750000000001,140.33124999999998,14.57
59404300,14,39.67083333333334,140.38125,8.413
59404310,89,39.679166666666674,140.38125,9.214
59404311,35,39.679166666666674,140.39374999999998,9.773
59404321,4,39.68750000000001,140.39374999999998,10.552
59404340,4,39.70416666666667,140.38125,11.728
59404404,79,39.67083333333334,140.55625,8.525
59404405,196,39.67083333333334,140.56875,8.612
59404407,14,39.67083333333334,140.59375,8.726
59404408,8,39.67083333333334,140.60625,8.976
59404414,145,39.679166666666674,140.55625,9.451
59404415,53,39.679166666666674,140.56875,9.535
59404424,107,39.68750000000001,140.55625,10.378
59404434,41,39.69583333333334,140.55625,11.304
59404435,17,39.69583333333334,140.56875,11.374
59404436,22,39.69583333333334,140.58124999999998,11.379
59404443,3,39.70416666666667,140.54375,12.26
59404444,2,39.70416666666667,140.55625,12.231
59404446,63,39.70416666666667,140.58124999999998,12.305
59404447,17,39.70416666666667,140.59375,11.522
59404464,22,39.72083333333334,140.55625,14.084
59404465,21,39.72083333333334,140.56875,13.839
59404474,38,39.72916666666667,140.55625,15.01
59404475,109,39.72916666666667,140.56875,14.02
59404476,54,39.72916666666667,140.58124999999998,12.981
59404477,6,39.72916666666667,140.59375,11.948
59404484,51,39.73750000000001,140.55625,15.286
59404485,74,39.73750000000001,140.56875,14.259
59404486,150,39.73750000000001,140.58124999999998,13.239
59404487,39,39.73750000000001,140.59375,12.228
59404496,2,39.745833333333344,140.58124999999998,13.556
59404497,323,39.745833333333344,140.59375,12.57
59404498,34,39.745833333333344,140.60625,11.599
59404505,82,39.67083333333334,140.69375,4.426
59404506,49,39.67083333333334,140.70624999999998,3.795
59404507,34,39.67083333333334,140.71875,3.392
59404516,24,39.679166666666674,140.70624999999998,3.027
59404517,223,39.679166666666674,140.71875,2.503
59404526,39,39.68750000000001,140.70624999999998,2.375
59404527,136,39.68750000000001,140.71875,1.655
59404528,68,39.68750000000001,140.73125,1.459
59404532,48,39.69583333333334,140.65625,6.189
59404534,51,39.69583333333334,140.68125,4.062
59404537,472,39.69583333333334,140.71875,0.967
59404538,354,39.69583333333334,140.73125,0.568
59404544,18,39.70416666666667,140.68125,4.05
59404545,4,39.70416666666667,140.69375,2.989
59404547,251,39.70416666666667,140.71875,0.92
59404548,1326,39.70416666666667,140.73125,0.484
59404549,536,39.70416666666667,140.74375,1.382
59404550,21,39.712500000000006,140.63125,8.414
59404557,35,39.712500000000006,140.71875,1.573
59404558,106,39.712500000000006,140.73125,1.365
59404567,178,39.72083333333334,140.71875,2.413
59404568,10,39.72083333333334,140.73125,2.282
59404576,133,39.72916666666667,140.70624999999998,3.713
59404577,211,39.72916666666667,140.71875,3.299
59404578,2,39.72916666666667,140.73125,3.205
59404585,40,39.73750000000001,140.69375,5.074
59404586,49,39.73750000000001,140.70624999999998,4.535
59404587,76,39.73750000000001,140.71875,4.203
59404597,151,39.745833333333344,140.71875,5.115
59404598,18,39.745833333333344,140.73125,5.055
59404640,2,39.70416666666667,140.75625,2.423
59405005,3380,39.75416666666667,140.06875,0.793
59405006,4575,39.75416666666667,140.08124999999998,0.514
59405007,3656,39.75416666666667,140.09375,0.189
59405008,318,39.75416666666667,140.10625,0.776
59405009,99,39.75416666666667,140.11875,1.824
59405014,459,39.7625,140.05625,0.903
59405015,4189,39.7625,140.06875,0.229
59405016,4153,39.7625,140.08124999999998,0.114
59405017,3349,39.7625,140.09375,0.64
59405019,147,39.7625,140.11875,2.146
59405024,361,39.770833333333336,140.05625,1.185
59405025,4005,39.770833333333336,140.06875,0.428
59405026,4460,39.770833333333336,140.08124999999998,1.032
59405027,1956,39.770833333333336,140.09375,1.411
59405028,14,39.770833333333336,140.10625,2.053
59405029,39,39.770833333333336,140.11875,2.756
59405034,453,39.77916666666667,140.05625,1.757
59405035,4304,39.77916666666667,140.06875,1.352
59405036,1183,39.77916666666667,140.08124999999998,1.688
59405038,85,39.77916666666667,140.10625,2.741
59405039,14,39.77916666666667,140.11875,3.467
59405044,873,39.7875,140.05625,1.193
59405045,1011,39.7875,140.06875,1.313
59405046,64,39.7875,140.08124999999998,2.075
59405047,12,39.7875,140.09375,3.028
59405048,224,39.7875,140.10625,3.54
59405049,34,39.7875,140.11875,4.128
59405054,468,39.795833333333334,140.05625,0.441
59405055,63,39.795833333333334,140.06875,0.704
59405056,243,39.795833333333334,140.08124999999998,1.754
59405057,287,39.795833333333334,140.09375,2.818
59405058,21,39.795833333333334,140.10625,3.884
59405059,191,39.795833333333334,140.11875,4.875
59405063,89,39.80416666666667,140.04375,1.042
59405064,2151,39.80416666666667,140.05625,0.826
59405065,158,39.80416666666667,140.06875,0.992
59405066,103,39.80416666666667,140.08124999999998,1.888
59405067,136,39.80416666666667,140.09375,2.903
59405068,30,39.80416666666667,140.10625,3.946
59405069,2,39.80416666666667,140.11875,5.0
59405073,1640,39.8125,140.04375,0.547
59405074,2641,39.8125,140.05625,0.524
59405075,186,39.8125,140.06875,1.59
59405076,32,39.8125,140.08124999999998,2.402
59405077,49,39.8125,140.09375,3.261
59405078,55,39.8125,140.10625,4.216
59405079,30,39.8125,140.11875,5.215
59405082,330,39.82083333333334,140.03125,1.593
59405083,2808,39.82083333333334,140.04375,0.58
59405084,973,39.82083333333334,140.05625,0.644
59405085,171,39.82083333333334,140.06875,1.665
59405086,140,39.82083333333334,140.08124999999998,2.722
59405087,107,39.82083333333334,140.09375,3.785
59405088,4,39.82083333333334,140.10625,4.658
59405092,208,39.82916666666667,140.03125,1.987
59405093,148,39.82916666666667,140.04375,1.323
59405094,347,39.82916666666667,140.05625,1.352
59405095,27,39.82916666666667,140.06875,2.046
59405096,126,39.82916666666667,140.08124999999998,2.97
59405097,36,39.82916666666667,140.09375,3.967
59405098,19,39.82916666666667,140.10625,4.993
59405100,1111,39.75416666666667,140.13125,2.126
59405101,541,39.75416666666667,140.14374999999998,2.694
59405102,84,39.75416666666667,140.15625,2.831
59405105,62,39.75416666666667,140.19375,4.855
59405106,5,39.75416666666667,140.20624999999998,5.71
59405107,2,39.75416666666667,140.21875,6.628
59405111,13,39.7625,140.14374999999998,3.468
59405112,37,39.7625,140.15625,3.722
59405113,77,39.7625,140.16875,4.11
59405115,20,39.7625,140.19375,5.461
59405116,64,39.7625,140.20624999999998,6.269
59405123,30,39.770833333333336,140.16875,4.944
59405124,2,39.770833333333336,140.18125,5.456
59405130,131,39.77916666666667,140.13125,4.161
59405131,130,39.77916666666667,140.14374999999998,4.961
59405134,130,39.77916666666667,140.18125,6.248
59405135,43,39.77916666666667,140.19375,6.83
59405137,7,39.77916666666667,140.21875,8.289
59405138,9,39.77916666666667,140.23125,9.098
59405140,29,39.7875,140.13125,4.872
59405145,36,39.7875,140.19375,7.592
59405146,6,39.7875,140.20624999999998,8.217
59405150,99,39.795833333333334,140.13125,5.528
59405156,34,39.795833333333334,140.20624999999998,8.957
59405160,53,39.80416666666667,140.13125,6.058
59405161,27,39.80416666666667,140.14374999999998,6.934
59405166,41,39.80416666666667,140.20624999999998,9.729
59405167,49,39.80416666666667,140.21875,10.336
59405170,17,39.8125,140.13125,6.237
59405171,99,39.8125,140.14374999999998,7.272
59405172,6,39.8125,140.15625,8.316
59405407,81,39.75416666666667,140.59375,12.969
59405408,35,39.75416666666667,140.60625,12.03
59405417,7,39.7625,140.59375,13.421
59405428,44,39.770833333333336,140.60625,13.049
59405437,47,39.77916666666667,140.59375,14.46
59405438,9,39.77916666666667,140.60625,13.625
59405447,30,39.7875,140.59375,15.039
59405456,11,39.795833333333334,140.58124999999998,16.453
59405457,6,39.795833333333334,140.59375,15.651
59405465,13,39.80416666666667,140.56875,17.866
59405466,41,39.80416666666667,140.58124999999998,17.064
59405475,6,39.8125,140.56875,18.478
59405476,52,39.8125,140.58124999999998,17.703
59405477,12,39.8125,140.59375,16.961
59405486,53,39.82083333333334,140.58124999999998,18.367
59405487,31,39.82083333333334,140.59375,17.653
59405496,54,39.82916666666667,140.58124999999998,19.052
59405501,15,39.75416666666667,140.64374999999998,9.383
59405506,3,39.75416666666667,140.70624999999998,6.267
59405507,107,39.75416666666667,140.71875,6.031
59405508,79,39.75416666666667,140.73125,5.981
59405514,6,39.7625,140.68125,7.991
59405515,121,39.7625,140.69375,7.509
59405516,37,39.7625,140.70624999999998,7.156
59405519,11,39.7625,140.74375,7.027
59405523,3,39.770833333333336,140.66875,9.341
59405524,121,39.770833333333336,140.68125,8.804
59405525,50,39.770833333333336,140.69375,8.369
59405532,1,39.77916666666667,140.65625,10.708
59405533,70,39.77916666666667,140.66875,10.13
59405542,12,39.7875,140.65625,11.478
59405610,7,39.7625,140.75625,7.303
59405631,9,39.77916666666667,140.76874999999998,9.412
59406001,176,39.837500000000006,140.01874999999998,3.4
59406002,1634,39.837500000000006,140.03125,2.661
59406003,90,39.837500000000006,140.04375,2.209
59406004,210,39.837500000000006,140.05625,2.227
59406005,119,39.837500000000006,140.06875,2.705
59406006,117,39.837500000000006,140.08124999999998,3.292
59406008,121,39.837500000000006,140.10625,4.746
59406009,16,39.837500000000006,140.11875,5.637
59406011,317,39.84583333333334,140.01874999999998,4.05
59406012,1109,39.84583333333334,140.03125,3.225
59406013,261,39.84583333333334,140.04375,2.448
59406014,104,39.84583333333334,140.05625,1.966
59406015,202,39.84583333333334,140.06875,2.003
59406017,2,39.84583333333334,140.09375,3.338
59406019,12,39.84583333333334,140.11875,5.232
59406020,25,39.85416666666667,140.00625,3.128
59406021,316,39.85416666666667,140.01874999999998,3.572
59406022,448,39.85416666666667,140.03125,2.778
59406023,245,39.85416666666667,140.04375,1.82
59406024,275,39.85416666666667,140.05625,1.088
59406025,72,39.85416666666667,140.06875,1.154
59406026,70,39.85416666666667,140.08124999999998,1.938
59406027,12,39.85416666666667,140.09375,2.908
59406029,28,39.85416666666667,140.11875,4.969
59406030,607,39.862500000000004,140.00625,2.251
59406031,484,39.862500000000004,140.01874999999998,2.837
59406032,336,39.862500000000004,140.03125,2.598
59406033,497,39.862500000000004,140.04375,1.532
59406034,701,39.862500000000004,140.05625,0.468
59406035,619,39.862500000000004,140.06875,0.606
59406036,241,39.862500000000004,140.08124999999998,1.671
59406037,139,39.862500000000004,140.09375,2.737
59406038,29,39.862500000000004,140.10625,3.804
59406039,120,39.862500000000004,140.11875,4.711
59406040,709,39.87083333333334,140.00625,1.44
59406041,73,39.87083333333334,140.01874999999998,2.248
59406042,484,39.87083333333334,140.03125,2.739
59406044,1170,39.87083333333334,140.05625,0.986
59406045,1423,39.87083333333334,140.06875,1.058
59406046,148,39.87083333333334,140.08124999999998,1.869
59406047,33,39.87083333333334,140.09375,2.468
59406048,28,39.87083333333334,140.10625,3.311
59406050,74,39.87916666666667,140.00625,0.892
59406051,41,39.87916666666667,140.01874999999998,1.943
59406055,836,39.87916666666667,140.06875,0.898
59406056,5,39.87916666666667,140.08124999999998,1.062
59406058,34,39.87916666666667,140.10625,2.932
59406060,267,39.8875,140.00625,1.111
59406061,5,39.8875,140.01874999999998,2.052
59406062,3,39.8875,140.03125,3.076
59406065,313,39.8875,140.06875,0.399
59406066,341,39.8875,140.08124999999998,0.693
59406068,4,39.8875,140.10625,2.618
59406070,283,39.895833333333336,140.00625,1.841
59406075,304,39.895833333333336,140.06875,1.109
59406076,735,39.895833333333336,140.08124999999998,0.896
59406077,2,39.895833333333336,140.09375,1.208
59406078,38,39.895833333333336,140.10625,2.095
59406079,261,39.895833333333336,140.11875,2.945
59406080,155,39.904166666666676,140.00625,2.695
59406085,204,39.904166666666676,140.06875,0.92
59406086,500,39.904166666666676,140.08124999999998,0.233
59406087,91,39.904166666666676,140.09375,0.843
59406088,159,39.904166666666676,140.10625,1.579
59406089,196,39.904166666666676,140.11875,2.291
59406095,247,39.91250000000001,140.06875,0.784
59406096,1164,39.91250000000001,140.08124999999998,0.493
59406097,305,39.91250000000001,140.09375,0.552
59406098,333,39.91250000000001,140.10625,0.886
59406120,61,39.85416666666667,140.13125,6.019
59406142,28,39.87083333333334,140.15625,7.153
59406159,5,39.87916666666667,140.24375,12.876
59406160,46,39.8875,140.13125,4.341
59406161,136,39.8875,140.14374999999998,5.113
59406169,5,39.8875,140.24375,12.363
59406170,73,39.895833333333336,140.13125,3.701
59406171,9,39.895833333333336,140.14374999999998,4.583
59406180,80,39.904166666666676,140.13125,3.205
59406181,1,39.904166666666676,140.14374999999998,4.192
59406183,17,39.904166666666676,140.16875,6.215
59406184,41,39.904166666666676,140.18125,6.966
59406185,31,39.904166666666676,140.19375,7.79
59406192,50,39.91250000000001,140.15625,4.818
59406193,90,39.91250000000001,140.16875,5.553
59406194,144,39.91250000000001,140.18125,6.383
59406196,22,39.91250000000001,140.20624999999998,8.206
59406197,41,39.91250000000001,140.21875,9.168
59406199,43,39.91250000000001,140.24375,11.149
59406376,135,39.895833333333336,140.45624999999998,25.7
59406377,8,39.895833333333336,140.46875,25.991
59406385,77,39.904166666666676,140.44375,24.545
59406386,281,39.904166666666676,140.45624999999998,24.805
59406387,13,39.904166666666676,140.46875,25.106
59406395,61,39.91250000000001,140.44375,23.643
59406396,9,39.91250000000001,140.45624999999998,23.912
59406398,2,39.91250000000001,140.48125,24.58
59406399,26,39.91250000000001,140.49375,24.975
59406406,23,39.837500000000006,140.58124999999998,19.758
59406416,24,39.84583333333334,140.58124999999998,20.48
59406426,22,39.85416666666667,140.58124999999998,21.219
59406435,12,39.862500000000004,140.56875,22.6
59406436,32,39.862500000000004,140.58124999999998,21.972
59406490,12,39.91250000000001,140.50625,25.409
59407005,433,39.92083333333334,140.06875,1.449
59407006,137,39.92083333333334,140.08124999999998,1.314
59407007,205,39.92083333333334,140.09375,0.56
59407008,166,39.92083333333334,140.10625,0.891
59407009,6,39.92083333333334,140.11875,1.884
59407015,229,39.929166666666674,140.06875,2.085
59407016,14,39.929166666666674,140.08124999999998,1.728
59407017,96,39.929166666666674,140.09375,1.429
59407018,57,39.929166666666674,140.10625,1.555
59407019,143,39.929166666666674,140.11875,1.611
59407025,517,39.93750000000001,140.06875,1.417
59407026,963,39.93750000000001,140.08124999999998,0.805
59407027,116,39.93750000000001,140.09375,1.205
59407028,111,39.93750000000001,140.10625,0.719
59407029,556,39.93750000000001,140.11875,0.834
59407035,865,39.94583333333334,140.06875,1.178
59407036,1670,39.94583333333334,140.08124999999998,0.166
59407037,209,39.94583333333334,140.09375,0.838
59407038,901,39.94583333333334,140.10625,0.381
59407039,1889,39.94583333333334,140.11875,0.156
59407045,101,39.95416666666667,140.06875,1.576
59407046,616,39.95416666666667,140.08124999999998,1.012
59407047,97,39.95416666666667,140.09375,1.292
59407048,284,39.95416666666667,140.10625,1.145
59407049,182,39.95416666666667,140.11875,0.911
59407055,179,39.962500000000006,140.06875,2.301
59407056,170,39.962500000000006,140.08124999999998,1.926
59407057,48,39.962500000000006,140.09375,2.086
59407058,17,39.962500000000006,140.10625,2.048
59407066,459,39.97083333333334,140.08124999999998,2.848
59407067,266,39.97083333333334,140.09375,2.959
59407068,25,39.97083333333334,140.10625,2.966
59407076,16,39.97916666666667,140.08124999999998,3.772
59407077,39,39.97916666666667,140.09375,3.857
59407085,101,39.98750000000001,140.06875,4.867
59407086,19,39.98750000000001,140.08124999999998,4.697
59407087,15,39.98750000000001,140.09375,4.765
59407088,13,39.98750000000001,140.10625,4.763
59407095,3,39.995833333333344,140.06875,4.335
59407096,16,39.995833333333344,140.08124999999998,4.268
59407097,25,39.995833333333344,140.09375,4.461
59407101,90,39.92083333333334,140.14374999999998,3.435
59407102,143,39.92083333333334,140.15625,4.141
59407107,28,39.92083333333334,140.21875,8.831
59407109,14,39.92083333333334,140.24375,10.873
59407110,55,39.929166666666674,140.13125,2.091
59407111,63,39.929166666666674,140.14374999999998,2.73
59407120,422,39.93750000000001,140.13125,1.321
59407121,59,39.93750000000001,140.14374999999998,2.196
59407126,8,39.93750000000001,140.20624999999998,7.368
59407127,17,39.93750000000001,140.21875,8.426
59407130,742,39.94583333333334,140.13125,0.912
59407131,102,39.94583333333334,140.14374999999998,1.978
59407132,195,39.94583333333334,140.15625,3.043
59407133,54,39.94583333333334,140.16875,4.109
59407134,107,39.94583333333334,140.18125,5.174
59407135,18,39.94583333333334,140.19375,6.24
59407136,71,39.94583333333334,140.20624999999998,7.305
59407137,10,39.94583333333334,140.21875,8.371
59407140,206,39.95416666666667,140.13125,1.28
59407141,118,39.95416666666667,140.14374999999998,2.172
59407142,80,39.95416666666667,140.15625,3.173
59407143,9,39.95416666666667,140.16875,4.205
59407147,11,39.95416666666667,140.21875,8.419
59407148,3,39.95416666666667,140.23125,9.479
59407150,2,39.962500000000006,140.13125,2.04
59407151,21,39.962500000000006,140.14374999999998,2.69
59407152,2,39.962500000000006,140.15625,3.548
59407153,229,39.962500000000006,140.16875,4.495
59407163,37,39.97083333333334,140.16875,4.944
59407173,129,39.97916666666667,140.16875,5.514
59407183,7,39.98750000000001,140.16875,6.17
59407234,7,39.94583333333334,140.30625,15.83
59407244,2,39.95416666666667,140.30625,15.855
59407270,6,39.97916666666667,140.25625,12.136
59407304,7,39.92083333333334,140.43125,22.51
59407309,4,39.92083333333334,140.49375,24.125
59407312,14,39.929166666666674,140.40625,21.269
59407313,22,39.929166666666674,140.41875,21.41
59407319,1,39.929166666666674,140.49375,23.28
59407321,113,39.93750000000001,140.39374999999998,20.256
59407322,2,39.93750000000001,140.40625,20.348
59407323,7,39.93750000000001,140.41875,20.495
59407332,3,39.94583333333334,140.40625,19.428
59407333,23,39.94583333333334,140.41875,19.581
59407343,24,39.95416666666667,140.41875,18.669
59407348,2,39.95416666666667,140.48125,20.31
59407349,3,39.95416666666667,140.49375,20.786
59407353,14,39.962500000000006,140.41875,17.758
59407362,12,39.97083333333334,140.40625,16.67
59407364,1,39.97083333333334,140.43125,17.092
59407372,167,39.97916666666667,140.40625,15.753
59407382,71,39.98750000000001,140.40625,14.836
59407392,403,39.995833333333344,140.40625,13.922
59407400,46,39.92083333333334,140.50625,24.573
59407401,20,39.92083333333334,140.51874999999998,25.06
59407402,42,39.92083333333334,140.53125,25.581
59407403,20,39.92083333333334,140.54375,26.135
59407461,1,39.97083333333334,140.51874999999998,20.331
59407557,76,39.962500000000006,140.71875,24.921
59407665,15,39.97083333333334,140.81875,23.442
60390506,52,40.00416666666667,139.70624999999998,17.521
60390701,10,40.00416666666667,139.89374999999998,9.01
60390702,26,40.00416666666667,139.90625,8.637
60390703,22,40.00416666666667,139.91875,8.383
60390704,67,40.00416666666667,139.93125,8.259
60390706,231,40.00416666666667,139.95624999999998,8.421
60390713,13,40.0125,139.91875,9.296
60390714,235,40.0125,139.93125,9.184
60390716,509,40.0125,139.95624999999998,9.33
60390717,18,40.0125,139.96875,9.581
60390723,202,40.020833333333336,139.91875,10.211
60390724,73,40.020833333333336,139.93125,10.11
60390726,952,40.020833333333336,139.95624999999998,9.665
60390727,659,40.020833333333336,139.96875,9.284
60390733,87,40.02916666666667,139.91875,10.637
60390734,99,40.02916666666667,139.93125,9.956
60390736,386,40.02916666666667,139.95624999999998,8.826
60390737,256,40.02916666666667,139.96875,8.407
60390743,48,40.0375,139.91875,9.967
60390744,172,40.0375,139.93125,9.237
60390745,195,40.0375,139.94375,8.578
60390754,11,40.045833333333334,139.93125,8.559
60390755,45,40.045833333333334,139.94375,7.843
60390756,2,40.045833333333334,139.95624999999998,7.213
60390766,113,40.05416666666667,139.95624999999998,6.455
60390776,164,40.0625,139.95624999999998,5.747
60390786,114,40.07083333333334,139.95624999999998,5.109
60390787,15,40.07083333333334,139.96875,4.346
60390797,265,40.07916666666667,139.96875,3.699
60391707,11,40.087500000000006,139.96875,3.193
60391717,1,40.09583333333334,139.96875,2.902
60391718,460,40.09583333333334,139.98125,1.863
60391727,408,40.10416666666667,139.96875,2.892
60391728,689,40.10416666666667,139.98125,1.843
60391729,396,40.10416666666667,139.99375,0.831
60391738,12,40.112500000000004,139.98125,2.226
60391769,127,40.1375,139.99375,4.151
60391779,39,40.145833333333336,139.99375,4.996
60391789,4,40.154166666666676,139.99375,4.202
60394759,160,40.37916666666667,139.99375,5.64
60394769,16,40.3875,139.99375,6.436
60394778,75,40.395833333333336,139.98125,7.772
60394786,24,40.404166666666676,139.95624999999998,9.771
60394787,504,40.404166666666676,139.96875,9.129
60394788,32,40.404166666666676,139.98125,8.57
60394797,18,40.41250000000001,139.96875,9.905
60400006,241,40.00416666666667,140.08124999999998,3.343
60400008,27,40.00416666666667,140.10625,4.1
60400016,86,40.0125,140.08124999999998,2.42
60400026,49,40.020833333333336,140.08124999999998,1.502
60400036,238,40.02916666666667,140.08124999999998,0.611
60400045,8,40.0375,140.06875,0.887
60400046,843,40.0375,140.08124999999998,0.455
60400047,174,40.0375,140.09375,1.375
60400048,32,40.0375,140.10625,2.417
60400056,1115,40.045833333333334,140.08124999999998,1.326
60400057,40,40.045833333333334,140.09375,1.855
60400065,71,40.05416666666667,140.06875,2.368
60400066,282,40.05416666666667,140.08124999999998,2.242
60400067,39,40.05416666666667,140.09375,2.59
60400068,10,40.05416666666667,140.10625,3.265
60400075,210,40.0625,140.06875,3.254
60400076,1,40.0625,140.08124999999998,3.164
60400077,51,40.0625,140.09375,3.42
60400078,15,40.0625,140.10625,3.955
60400085,134,40.07083333333334,140.06875,3.414
60400086,2,40.07083333333334,140.08124999999998,3.284
60400087,50,40.07083333333334,140.09375,3.49
60400093,10,40.07916666666667,140.04375,3.867
60400094,90,40.07916666666667,140.05625,3.092
60400095,62,40.07916666666667,140.06875,2.536
60400096,67,40.07916666666667,140.08124999999998,2.358
60400097,319,40.07916666666667,140.09375,2.637
60400098,36,40.07916666666667,140.10625,3.257
60400100,12,40.00416666666667,140.13125,5.614
60400110,5,40.0125,140.13125,5.118
60400120,22,40.020833333333336,140.13125,4.753
60400130,27,40.02916666666667,140.13125,4.55
60400140,22,40.0375,140.13125,4.531
60400141,10,40.0375,140.14374999999998,5.593
60400151,28,40.045833333333334,140.14374999999998,5.729
60400152,90,40.045833333333334,140.15625,6.77
60400153,43,40.045833333333334,140.16875,7.817
60400154,50,40.045833333333334,140.18125,8.868
60400161,23,40.05416666666667,140.14374999999998,6.007
60400162,45,40.05416666666667,140.15625,7.007
60400171,7,40.0625,140.14374999999998,6.409
60400172,20,40.0625,140.15625,7.354
60400180,53,40.07083333333334,140.13125,5.47
60400181,90,40.07083333333334,140.14374999999998,6.353
60400182,39,40.07083333333334,140.15625,7.284
60400190,11,40.07916666666667,140.13125,4.97
60400191,51,40.07916666666667,140.14374999999998,5.927
60400202,16,40.00416666666667,140.28125,15.139
60400203,2,40.00416666666667,140.29375,14.736
60400212,5,40.0125,140.28125,14.523
60400231,108,40.02916666666667,140.26874999999998,13.685
60400232,4,40.02916666666667,140.28125,13.044
60400235,6,40.02916666666667,140.31875,11.277
60400241,28,40.0375,140.26874999999998,12.975
60400242,25,40.0375,140.28125,12.298
60400244,23,40.0375,140.30625,11.025
60400245,28,40.0375,140.31875,10.462
60400252,547,40.045833333333334,140.28125,11.578
60400253,95,40.045833333333334,140.29375,10.918
60400254,119,40.045833333333334,140.30625,10.273
60400262,163,40.05416666666667,140.28125,10.89
60400263,75,40.05416666666667,140.29375,10.185
60400264,11,40.05416666666667,140.30625,9.547
60400273,233,40.0625,140.29375,9.486
60400274,101,40.0625,140.30625,8.797
60400275,23,40.0625,140.31875,8.159
60400276,38,40.0625,140.33124999999998,7.532
60400283,99,40.07083333333334,140.29375,8.829
60400284,88,40.07083333333334,140.30625,8.085
60400285,36,40.07083333333334,140.31875,7.418
60400294,34,40.07916666666667,140.30625,7.419
60400295,109,40.07916666666667,140.31875,6.687
60400301,71,40.00416666666667,140.39374999999998,12.864
60400302,312,40.00416666666667,140.40625,13.008
60400305,2,40.00416666666667,140.44375,13.928
60400311,72,40.0125,140.39374999999998,11.942
60400315,5,40.0125,140.44375,13.081
60400321,93,40.020833333333336,140.39374999999998,11.021
60400324,9,40.020833333333336,140.43125,11.808
60400331,114,40.02916666666667,140.39374999999998,10.1
60400332,30,40.02916666666667,140.40625,10.283
60400333,22,40.02916666666667,140.41875,10.57
60400334,1,40.02916666666667,140.43125,10.954
60400341,61,40.0375,140.39374999999998,9.181
60400342,29,40.0375,140.40625,9.382
60400344,80,40.0375,140.43125,10.112
60400345,84,40.0375,140.44375,10.619
60400352,9,40.045833333333334,140.40625,8.486
60400354,28,40.045833333333334,140.43125,9.287
60400361,74,40.05416666666667,140.39374999999998,7.348
60400362,176,40.05416666666667,140.40625,7.598
60400363,247,40.05416666666667,140.41875,7.982
60400364,24,40.05416666666667,140.43125,8.483
60400372,343,40.0625,140.40625,6.72
60400373,367,40.0625,140.41875,7.151
60400382,12,40.07083333333334,140.40625,5.857
60400383,99,40.07083333333334,140.41875,6.347
60400392,70,40.07916666666667,140.40625,5.016
60400393,6,40.07916666666667,140.41875,5.581
60400420,2,40.020833333333336,140.50625,15.377
60400614,1,40.0125,140.80625,18.758
60400615,13,40.0125,140.81875,18.883
60400624,5,40.020833333333336,140.80625,17.835
60400625,4,40.020833333333336,140.81875,17.966
60400645,24,40.0375,140.81875,16.137
60400646,13,40.0375,140.83124999999998,16.351
60400655,78,40.045833333333334,140.81875,15.225
60400656,3,40.045833333333334,140.83124999999998,15.451
60400664,3,40.05416666666667,140.80625,14.149
60400665,30,40.05416666666667,140.81875,14.314
60400674,55,40.0625,140.80625,13.23
60400683,10,40.07083333333334,140.79375,12.212
60400684,31,40.07083333333334,140.80625,12.311
60400692,28,40.07916666666667,140.78125,11.28
60400693,24,40.07916666666667,140.79375,11.287
60401001,82,40.087500000000006,140.01874999999998,1.989
60401002,260,40.087500000000006,140.03125,2.837
60401003,218,40.087500000000006,140.04375,3.384
60401004,45,40.087500000000006,140.05625,2.461
60401005,15,40.087500000000006,140.06875,1.71
60401006,240,40.087500000000006,140.08124999999998,1.434
60401007,445,40.087500000000006,140.09375,1.857
60401008,29,40.087500000000006,140.10625,2.665
60401009,59,40.087500000000006,140.11875,3.607
60401011,273,40.09583333333334,140.01874999999998,1.478
60401012,584,40.09583333333334,140.03125,2.505
60401013,98,40.09583333333334,140.04375,3.108
60401014,197,40.09583333333334,140.05625,2.066
60401015,208,40.09583333333334,140.06875,1.066
60401016,398,40.09583333333334,140.08124999999998,0.517
60401017,13,40.09583333333334,140.09375,1.288
60401019,57,40.09583333333334,140.11875,3.35
60401020,715,40.10416666666667,140.00625,0.497
60401021,40,40.10416666666667,140.01874999999998,1.436
60401022,52,40.10416666666667,140.03125,2.478
60401023,67,40.10416666666667,140.04375,3.096
60401024,4,40.10416666666667,140.05625,2.048
60401025,289,40.10416666666667,140.06875,1.032
60401026,299,40.10416666666667,140.08124999999998,0.442
60401030,169,40.112500000000004,140.00625,1.344
60401032,77,40.112500000000004,140.03125,2.775
60401035,2,40.112500000000004,140.06875,1.646
60401036,436,40.112500000000004,140.08124999999998,1.357
60401037,3,40.112500000000004,140.09375,1.798
60401040,27,40.12083333333334,140.00625,2.254
60401042,40,40.12083333333334,140.03125,3.313
60401043,73,40.12083333333334,140.04375,3.82
60401044,29,40.12083333333334,140.05625,3.034
60401045,50,40.12083333333334,140.06875,2.464
60401046,221,40.12083333333334,140.08124999999998,2.281
60401050,177,40.12916666666667,140.00625,3.174
60401053,74,40.12916666666667,140.04375,4.435
60401054,98,40.12916666666667,140.05625,3.779
60401055,11,40.12916666666667,140.06875,3.34
60401056,31,40.12916666666667,140.08124999999998,3.207
60401057,4,40.12916666666667,140.09375,3.417
60401060,116,40.1375,140.00625,4.097
60401061,36,40.1375,140.01874999999998,4.313
60401063,12,40.1375,140.04375,5.049
60401064,160,40.1375,140.05625,4.591
60401065,122,40.1375,140.06875,4.237
60401067,245,40.1375,140.09375,4.298
60401070,2,40.145833333333336,140.00625,4.592
60401071,75,40.145833333333336,140.01874999999998,4.412
60401072,2,40.145833333333336,140.03125,4.445
60401073,30,40.145833333333336,140.04375,4.134
60401074,185,40.145833333333336,140.05625,4.084
60401075,113,40.145833333333336,140.06875,4.304
60401076,67,40.145833333333336,140.08124999999998,4.756
60401077,27,40.145833333333336,140.09375,4.972
60401078,48,40.145833333333336,140.10625,5.35
60401080,12,40.154166666666676,140.00625,3.712
60401081,59,40.154166666666676,140.01874999999998,3.487
60401083,26,40.154166666666676,140.04375,3.226
60401084,6,40.154166666666676,140.05625,3.161
60401085,4,40.154166666666676,140.06875,3.441
60401086,2,40.154166666666676,140.08124999999998,3.879
60401087,41,40.154166666666676,140.09375,4.085
60401088,15,40.154166666666676,140.10625,4.537
60401090,185,40.16250000000001,140.00625,2.862
60401091,575,40.16250000000001,140.01874999999998,2.563
60401093,3,40.16250000000001,140.04375,2.332
60401094,34,40.16250000000001,140.05625,2.242
60401095,2,40.16250000000001,140.06875,2.621
60401096,70,40.16250000000001,140.08124999999998,2.955
60401097,24,40.16250000000001,140.09375,3.221
60401098,2,40.16250000000001,140.10625,3.778
60401099,6,40.16250000000001,140.11875,4.519
60401100,68,40.087500000000006,140.13125,4.603
60401101,222,40.087500000000006,140.14374999999998,5.624
60401109,8,40.087500000000006,140.24375,9.617
60401110,256,40.09583333333334,140.13125,4.404
60401116,2,40.09583333333334,140.20624999999998,10.767
60401118,16,40.09583333333334,140.23125,9.653
60401119,8,40.09583333333334,140.24375,8.909
60401121,21,40.10416666666667,140.14374999999998,5.455
60401128,5,40.10416666666667,140.23125,9.043
60401136,4,40.112500000000004,140.20624999999998,10.319
60401138,32,40.112500000000004,140.23125,8.491
60401148,33,40.12083333333334,140.23125,8.008
60401167,10,40.1375,140.21875,7.647
60401181,13,40.154166666666676,140.14374999999998,6.769
60401182,53,40.154166666666676,140.15625,7.664
60401187,3,40.154166666666676,140.21875,5.816
60401190,4,40.16250000000001,140.13125,5.369
60401191,13,40.16250000000001,140.14374999999998,6.284
60401204,56,40.087500000000006,140.30625,6.816
60401205,44,40.087500000000006,140.31875,6.01
60401214,32,40.09583333333334,140.30625,6.291
60401224,75,40.10416666666667,140.30625,5.725
60401225,57,40.10416666666667,140.31875,4.908
60401227,2,40.10416666666667,140.34375,3.197
60401228,6,40.10416666666667,140.35625,2.583
60401234,114,40.112500000000004,140.30625,4.805
60401235,7,40.112500000000004,140.31875,4.544
60401239,17,40.112500000000004,140.36875,1.183
60401244,160,40.12083333333334,140.30625,3.889
60401248,174,40.12083333333334,140.35625,1.228
60401249,816,40.12083333333334,140.36875,0.472
60401254,118,40.12916666666667,140.30625,2.98
60401257,228,40.12916666666667,140.34375,2.246
60401258,19,40.12916666666667,140.35625,1.225
60401259,344,40.12916666666667,140.36875,0.466
60401263,5,40.1375,140.29375,2.621
60401264,168,40.1375,140.30625,2.086
60401268,193,40.1375,140.35625,1.792
60401269,44,40.1375,140.36875,1.389
60401274,83,40.145833333333336,140.30625,1.241
60401275,173,40.145833333333336,140.31875,1.13
60401277,327,40.145833333333336,140.34375,2.743
60401278,52,40.145833333333336,140.35625,2.577
60401279,32,40.145833333333336,140.36875,2.314
60401282,23,40.154166666666676,140.28125,2.782
60401283,120,40.154166666666676,140.29375,1.721
60401284,340,40.154166666666676,140.30625,0.667
60401285,52,40.154166666666676,140.31875,0.427
60401286,280,40.154166666666676,140.33124999999998,1.476
60401287,106,40.154166666666676,140.34375,2.536
60401293,71,40.16250000000001,140.29375,1.894
60401294,14,40.16250000000001,140.30625,1.033
60401295,486,40.16250000000001,140.31875,0.897
60401296,394,40.16250000000001,140.33124999999998,1.673
60401297,16,40.16250000000001,140.34375,2.656
60401298,25,40.16250000000001,140.35625,3.683
60401299,11,40.16250000000001,140.36875,4.167
60401302,13,40.087500000000006,140.40625,4.212
60401312,27,40.09583333333334,140.40625,3.47
60401313,94,40.09583333333334,140.41875,4.245
60401322,171,40.10416666666667,140.40625,2.838
60401323,152,40.10416666666667,140.41875,3.747
60401325,8,40.10416666666667,140.44375,5.725
60401326,24,40.10416666666667,140.45624999999998,6.749
60401327,13,40.10416666666667,140.46875,7.782
60401328,17,40.10416666666667,140.48125,8.823
60401329,16,40.10416666666667,140.49375,9.869
60401330,23,40.112500000000004,140.38125,0.776
60401331,61,40.112500000000004,140.39374999999998,1.437
60401332,32,40.112500000000004,140.40625,2.405
60401336,10,40.112500000000004,140.45624999999998,6.578
60401337,20,40.112500000000004,140.46875,7.635
60401340,557,40.12083333333334,140.38125,0.228
60401341,68,40.12083333333334,140.39374999999998,1.231
60401344,14,40.12083333333334,140.43125,4.411
60401346,21,40.12083333333334,140.45624999999998,6.536
60401350,172,40.12916666666667,140.38125,1.091
60401351,154,40.12916666666667,140.39374999999998,1.637
60401354,31,40.12916666666667,140.43125,4.541
60401360,72,40.1375,140.38125,1.704
60401364,28,40.1375,140.43125,4.848
60401366,76,40.1375,140.45624999999998,6.838
60401370,33,40.145833333333336,140.38125,2.516
60401371,85,40.145833333333336,140.39374999999998,3.092
60401374,12,40.145833333333336,140.43125,5.301
60401375,2,40.145833333333336,140.44375,6.213
60401381,51,40.154166666666676,140.39374999999998,3.835
60401385,47,40.154166666666676,140.44375,6.702
60401386,2,40.154166666666676,140.45624999999998,7.594
60401390,28,40.16250000000001,140.38125,4.282
60401391,111,40.16250000000001,140.39374999999998,4.644
60401393,56,40.16250000000001,140.41875,5.85
60401395,7,40.16250000000001,140.44375,7.276
60401420,10,40.10416666666667,140.50625,10.918
60401534,72,40.112500000000004,140.68125,11.72
60401539,16,40.112500000000004,140.74375,8.394
60401552,104,40.12916666666667,140.65625,11.671
60401553,75,40.12916666666667,140.66875,11.528
60401554,24,40.12916666666667,140.68125,10.618
60401561,71,40.1375,140.64374999999998,10.346
60401562,12,40.1375,140.65625,10.88
60401571,28,40.145833333333336,140.64374999999998,9.535
60401580,52,40.154166666666676,140.63125,8.211
60401581,17,40.154166666666676,140.64374999999998,8.747
60401590,3,40.16250000000001,140.63125,7.399
60401591,31,40.16250000000001,140.64374999999998,7.99
60401601,48,40.087500000000006,140.76874999999998,10.454
60401602,14,40.087500000000006,140.78125,10.354
60401603,54,40.087500000000006,140.79375,10.362
60401611,4,40.09583333333334,140.76874999999998,9.538
60401612,57,40.09583333333334,140.78125,9.428
60401613,2,40.09583333333334,140.79375,9.437
60401621,88,40.10416666666667,140.76874999999998,8.625
60401622,128,40.10416666666667,140.78125,8.503
60401623,45,40.10416666666667,140.79375,8.512
60401630,20,40.112500000000004,140.75625,7.991
60401631,90,40.112500000000004,140.76874999999998,7.714
60401632,126,40.112500000000004,140.78125,7.577
60401633,260,40.112500000000004,140.79375,7.588
60401641,40,40.12083333333334,140.76874999999998,6.808
60401642,88,40.12083333333334,140.78125,6.653
60401643,8,40.12083333333334,140.79375,6.665
60401646,17,40.12083333333334,140.83124999999998,7.646
60401647,213,40.12083333333334,140.84375,8.226
60401651,99,40.12916666666667,140.76874999999998,5.908
60401652,132,40.12916666666667,140.78125,5.729
60401653,5,40.12916666666667,140.79375,5.743
60401660,3,40.1375,140.75625,5.434
60401661,72,40.1375,140.76874999999998,5.018
60401662,104,40.1375,140.78125,4.805
60401663,283,40.1375,140.79375,4.823
60401664,250,40.1375,140.80625,5.068
60401672,91,40.145833333333336,140.78125,3.884
60401673,55,40.145833333333336,140.79375,3.905
60401674,271,40.145833333333336,140.80625,4.204
60401682,183,40.154166666666676,140.78125,2.966
60401683,219,40.154166666666676,140.79375,2.993
60401684,76,40.154166666666676,140.80625,3.374
60401692,66,40.16250000000001,140.78125,2.055
60401693,91,40.16250000000001,140.79375,2.095
60401694,37,40.16250000000001,140.80625,2.609
60402000,20,40.170833333333334,140.00625,2.078
60402001,108,40.170833333333334,140.01874999999998,1.642
60402003,94,40.170833333333334,140.04375,1.48
60402004,2,40.170833333333334,140.05625,1.333
60402006,51,40.170833333333334,140.08124999999998,2.033
60402008,67,40.170833333333334,140.10625,3.11
60402009,226,40.170833333333334,140.11875,3.978
60402011,1094,40.17916666666667,140.01874999999998,0.737
60402012,735,40.17916666666667,140.03125,1.085
60402013,255,40.17916666666667,140.04375,0.811
60402015,108,40.17916666666667,140.06875,1.366
60402016,63,40.17916666666667,140.08124999999998,1.118
60402017,30,40.17916666666667,140.09375,1.7
60402018,24,40.17916666666667,140.10625,2.605
60402021,1502,40.1875,140.01874999999998,0.325
60402022,3742,40.1875,140.03125,0.588
60402023,1486,40.1875,140.04375,0.656
60402024,1139,40.1875,140.05625,0.51
60402025,1324,40.1875,140.06875,0.837
60402026,241,40.1875,140.08124999999998,0.293
60402027,168,40.1875,140.09375,1.314
60402028,64,40.1875,140.10625,2.371
60402030,19,40.19583333333333,140.00625,1.503
60402031,2586,40.19583333333333,140.01874999999998,0.558
60402032,2809,40.19583333333333,140.03125,0.501
60402033,875,40.19583333333333,140.04375,0.784
60402034,81,40.19583333333333,140.05625,1.335
60402035,307,40.19583333333333,140.06875,1.119
60402036,386,40.19583333333333,140.08124999999998,0.799
60402037,253,40.19583333333333,140.09375,1.509
60402038,50,40.19583333333333,140.10625,2.484
60402041,2671,40.204166666666666,140.01874999999998,0.625
60402042,3106,40.204166666666666,140.03125,0.845
60402043,360,40.204166666666666,140.04375,1.534
60402044,85,40.204166666666666,140.05625,2.192
60402045,91,40.204166666666666,140.06875,1.877
60402047,41,40.204166666666666,140.09375,2.132
60402048,2,40.204166666666666,140.10625,2.905
60402049,476,40.204166666666666,140.11875,3.82
60402050,69,40.2125,140.00625,2.025
60402051,1688,40.2125,140.01874999999998,1.414
60402052,2063,40.2125,140.03125,1.16
60402053,86,40.2125,140.04375,1.574
60402054,179,40.2125,140.05625,2.422
60402055,56,40.2125,140.06875,2.74
60402056,157,40.2125,140.08124999999998,2.626
60402057,17,40.2125,140.09375,2.921
60402060,6,40.22083333333333,140.00625,1.647
60402061,240,40.22083333333333,140.01874999999998,0.661
60402062,1364,40.22083333333333,140.03125,0.234
60402063,614,40.22083333333333,140.04375,1.089
60402067,112,40.22083333333333,140.09375,3.773
60402068,41,40.22083333333333,140.10625,4.258
60402069,216,40.22083333333333,140.11875,4.927
60402070,132,40.229166666666664,140.00625,1.566
60402071,1317,40.229166666666664,140.01874999999998,0.535
60402072,1324,40.229166666666664,140.03125,0.574
60402073,1233,40.229166666666664,140.04375,1.27
60402074,79,40.229166666666664,140.05625,2.235
60402076,1,40.229166666666664,140.08124999999998,4.304
60402078,80,40.229166666666664,140.10625,5.055
60402081,241,40.237500000000004,140.01874999999998,1.242
60402082,16,40.237500000000004,140.03125,1.276
60402083,55,40.237500000000004,140.04375,1.938
60402084,65,40.237500000000004,140.05625,2.672
60402085,14,40.237500000000004,140.06875,3.574
60402086,48,40.237500000000004,140.08124999999998,4.546
60402087,11,40.237500000000004,140.09375,5.549
60402088,2,40.237500000000004,140.10625,5.89
60402092,130,40.24583333333334,140.03125,2.145
60402094,50,40.24583333333334,140.05625,3.317
60402095,53,40.24583333333334,140.06875,4.079
60402096,18,40.24583333333334,140.08124999999998,4.952
60402097,16,40.24583333333334,140.09375,5.887
60402098,16,40.24583333333334,140.10625,6.749
60402099,33,40.24583333333334,140.11875,7.189
60402100,159,40.170833333333334,140.13125,4.922
60402108,89,40.170833333333334,140.23125,3.873
60402115,13,40.17916666666667,140.19375,4.307
60402117,175,40.17916666666667,140.21875,3.117
60402118,6,40.17916666666667,140.23125,2.947
60402128,180,40.1875,140.23125,2.02
60402136,10,40.19583333333333,140.20624999999998,2.349
60402137,134,40.19583333333333,140.21875,1.493
60402138,619,40.19583333333333,140.23125,1.094
60402139,23,40.19583333333333,140.24375,1.555
60402146,294,40.204166666666666,140.20624999999998,2.086
60402147,197,40.204166666666666,140.21875,1.031
60402148,791,40.204166666666666,140.23125,0.172
60402149,377,40.204166666666666,140.24375,0.99
60402150,1,40.2125,140.13125,5.194
60402152,76,40.2125,140.15625,6.37
60402153,1,40.2125,140.16875,5.318
60402154,92,40.2125,140.18125,4.27
60402156,59,40.2125,140.20624999999998,2.214
60402157,7,40.2125,140.21875,1.27
60402158,483,40.2125,140.23125,0.519
60402159,1211,40.2125,140.24375,1.014
60402160,61,40.22083333333333,140.13125,5.716
60402161,99,40.22083333333333,140.14374999999998,6.583
60402162,178,40.22083333333333,140.15625,6.546
60402163,564,40.22083333333333,140.16875,5.527
60402164,30,40.22083333333333,140.18125,4.528
60402165,34,40.22083333333333,140.19375,3.565
60402166,14,40.22083333333333,140.20624999999998,2.677
60402167,75,40.22083333333333,140.21875,1.879
60402169,528,40.22083333333333,140.24375,1.672
60402171,254,40.229166666666664,140.14374999999998,7.124
60402172,92,40.229166666666664,140.15625,6.843
60402173,75,40.229166666666664,140.16875,5.876
60402174,33,40.229166666666664,140.18125,4.948
60402175,10,40.229166666666664,140.19375,4.085
60402176,11,40.229166666666664,140.20624999999998,3.28
60402177,167,40.229166666666664,140.21875,2.648
60402179,154,40.229166666666664,140.24375,2.506
60402181,109,40.237500000000004,140.14374999999998,7.739
60402182,21,40.237500000000004,140.15625,7.247
60402183,38,40.237500000000004,140.16875,6.342
60402185,28,40.237500000000004,140.19375,4.686
60402186,67,40.237500000000004,140.20624999999998,3.995
60402187,144,40.237500000000004,140.21875,3.495
60402189,3,40.237500000000004,140.24375,3.388
60402191,28,40.24583333333334,140.14374999999998,8.41
60402192,31,40.24583333333334,140.15625,7.742
60402195,16,40.24583333333334,140.19375,5.374
60402199,55,40.24583333333334,140.24375,4.289
60402204,227,40.170833333333334,140.30625,1.846
60402205,621,40.170833333333334,140.31875,1.773
60402206,5,40.170833333333334,140.33124999999998,2.267
60402208,35,40.170833333333334,140.35625,3.987
60402209,7,40.170833333333334,140.36875,4.966
60402213,192,40.17916666666667,140.29375,3.159
60402214,128,40.17916666666667,140.30625,2.732
60402215,11,40.17916666666667,140.31875,2.684
60402216,10,40.17916666666667,140.33124999999998,3.033
60402217,17,40.17916666666667,140.34375,3.667
60402218,45,40.17916666666667,140.35625,4.467
60402219,11,40.17916666666667,140.36875,4.856
60402223,87,40.1875,140.29375,3.969
60402225,183,40.1875,140.31875,3.602
60402226,361,40.1875,140.33124999999998,3.869
60402227,171,40.1875,140.34375,4.123
60402228,110,40.1875,140.35625,3.891
60402233,77,40.19583333333333,140.29375,4.822
60402240,54,40.204166666666666,140.25625,1.998
60402241,171,40.204166666666666,140.26874999999998,3.043
60402242,112,40.204166666666666,140.28125,4.096
60402244,73,40.204166666666666,140.30625,5.016
60402246,121,40.204166666666666,140.33124999999998,3.19
60402247,78,40.204166666666666,140.34375,2.463
60402248,30,40.204166666666666,140.35625,2.052
60402249,76,40.204166666666666,140.36875,2.11
60402250,168,40.2125,140.25625,2.01
60402251,13,40.2125,140.26874999999998,3.051
60402252,49,40.2125,140.28125,4.102
60402253,191,40.2125,140.29375,5.158
60402254,51,40.2125,140.30625,4.719
60402258,13,40.2125,140.35625,1.149
60402259,786,40.2125,140.36875,1.185
60402260,9,40.22083333333333,140.25625,2.41
60402265,182,40.22083333333333,140.31875,3.532
60402266,43,40.22083333333333,140.33124999999998,2.472
60402268,538,40.22083333333333,140.35625,0.384
60402269,1791,40.22083333333333,140.36875,0.272
60402275,1,40.229166666666664,140.31875,3.608
60402276,231,40.229166666666664,140.33124999999998,2.58
60402277,342,40.229166666666664,140.34375,1.596
60402278,481,40.229166666666664,140.35625,0.832
60402279,2719,40.229166666666664,140.36875,0.679
60402287,116,40.237500000000004,140.34375,2.193
60402288,762,40.237500000000004,140.35625,1.719
60402289,240,40.237500000000004,140.36875,1.026
60402290,143,40.24583333333334,140.25625,4.627
60402295,1,40.24583333333334,140.31875,4.388
60402296,10,40.24583333333334,140.33124999999998,3.591
60402298,115,40.24583333333334,140.35625,2.428
60402299,24,40.24583333333334,140.36875,1.833
60402300,7,40.170833333333334,140.38125,5.188
60402301,3,40.170833333333334,140.39374999999998,5.491
60402302,121,40.170833333333334,140.40625,5.97
60402303,41,40.170833333333334,140.41875,6.587
60402306,49,40.170833333333334,140.45624999999998,8.686
60402311,61,40.17916666666667,140.39374999999998,5.368
60402312,266,40.17916666666667,140.40625,5.887
60402314,7,40.17916666666667,140.43125,7.282
60402315,25,40.17916666666667,140.44375,7.963
60402318,35,40.17916666666667,140.48125,10.065
60402319,33,40.17916666666667,140.49375,9.13
60402321,93,40.1875,140.39374999999998,4.541
60402322,205,40.1875,140.40625,5.144
60402324,9,40.1875,140.43125,6.563
60402325,11,40.1875,140.44375,7.312
60402330,4,40.19583333333333,140.38125,3.248
60402331,164,40.19583333333333,140.39374999999998,3.76
60402332,12,40.19583333333333,140.40625,4.469
60402340,69,40.204166666666666,140.38125,2.405
60402341,255,40.204166666666666,140.39374999999998,3.061
60402350,798,40.2125,140.38125,1.654
60402351,67,40.2125,140.39374999999998,2.429
60402354,21,40.2125,140.43125,4.85
60402360,583,40.22083333333333,140.38125,1.143
60402363,9,40.22083333333333,140.41875,3.509
60402370,770,40.229166666666664,140.38125,0.295
60402371,149,40.229166666666664,140.39374999999998,1.207
60402372,20,40.229166666666664,140.40625,2.253
60402373,52,40.229166666666664,140.41875,3.309
60402380,805,40.237500000000004,140.38125,0.665
60402381,219,40.237500000000004,140.39374999999998,1.346
60402382,33,40.237500000000004,140.40625,2.331
60402383,3,40.237500000000004,140.41875,3.362
60402385,32,40.237500000000004,140.44375,4.89
60402389,5,40.237500000000004,140.49375,5.548
60402391,21,40.24583333333334,140.39374999999998,1.97
60402404,39,40.170833333333334,140.55625,6.049
60402408,10,40.170833333333334,140.60625,5.689
60402410,11,40.17916666666667,140.50625,8.224
60402411,13,40.17916666666667,140.51874999999998,7.361
60402416,234,40.17916666666667,140.58124999999998,4.553
60402417,224,40.17916666666667,140.59375,4.56
60402418,122,40.17916666666667,140.60625,4.809
60402419,104,40.17916666666667,140.61875,5.263
60402421,11,40.1875,140.51874999999998,6.83
60402424,127,40.1875,140.55625,4.452
60402425,55,40.1875,140.56875,3.922
60402426,4,40.1875,140.58124999999998,3.633
60402427,150,40.1875,140.59375,3.643
60402428,245,40.1875,140.60625,3.949
60402429,22,40.1875,140.61875,4.491
60402432,103,40.19583333333333,140.53125,5.444
60402434,35,40.19583333333333,140.55625,3.743
60402435,105,40.19583333333333,140.56875,3.094
60402436,82,40.19583333333333,140.58124999999998,2.718
60402437,77,40.19583333333333,140.59375,2.731
60402438,119,40.19583333333333,140.60625,3.128
60402439,30,40.19583333333333,140.61875,3.79
60402442,42,40.204166666666666,140.53125,5.054
60402444,54,40.204166666666666,140.55625,3.149
60402445,233,40.204166666666666,140.56875,2.34
60402447,333,40.204166666666666,140.59375,1.834
60402448,85,40.204166666666666,140.60625,2.385
60402449,97,40.204166666666666,140.61875,3.204
60402451,25,40.2125,140.51874999999998,5.862
60402452,64,40.2125,140.53125,4.813
60402453,20,40.2125,140.54375,3.772
60402454,348,40.2125,140.55625,2.745
60402455,239,40.2125,140.56875,1.761
60402456,386,40.2125,140.58124999999998,0.958
60402457,98,40.2125,140.59375,0.994
60402459,53,40.2125,140.61875,2.809
60402461,5,40.22083333333333,140.51874999999998,5.33
60402462,87,40.22083333333333,140.53125,4.474
60402463,81,40.22083333333333,140.54375,3.683
60402464,270,40.22083333333333,140.55625,2.622
60402465,178,40.22083333333333,140.56875,1.562
60402466,823,40.22083333333333,140.58124999999998,0.509
60402467,583,40.22083333333333,140.59375,0.574
60402468,107,40.22083333333333,140.60625,1.629
60402469,11,40.22083333333333,140.61875,2.689
60402470,54,40.229166666666664,140.50625,5.685
60402471,186,40.229166666666664,140.51874999999998,4.893
60402472,5,40.229166666666664,140.53125,3.942
60402474,19,40.229166666666664,140.55625,2.346
60402475,425,40.229166666666664,140.56875,1.62
60402476,1763,40.229166666666664,140.58124999999998,0.622
60402477,237,40.229166666666664,140.59375,0.635
60402478,45,40.229166666666664,140.60625,1.635
60402480,89,40.237500000000004,140.50625,4.89
60402481,55,40.237500000000004,140.51874999999998,4.393
60402482,44,40.237500000000004,140.53125,3.576
60402483,364,40.237500000000004,140.54375,2.577
60402484,626,40.237500000000004,140.55625,1.658
60402485,12,40.237500000000004,140.56875,1.052
60402486,400,40.237500000000004,140.58124999999998,1.31
60402490,114,40.24583333333334,140.50625,4.15
60402491,156,40.24583333333334,140.51874999999998,3.551
60402492,119,40.24583333333334,140.53125,3.201
60402493,105,40.24583333333334,140.54375,2.367
60402494,27,40.24583333333334,140.55625,1.307
60402495,156,40.24583333333334,140.56875,0.262
60402496,202,40.24583333333334,140.58124999999998,0.824
60402500,3,40.170833333333334,140.63125,6.617
60402510,87,40.17916666666667,140.63125,5.877
60402517,23,40.17916666666667,140.71875,5.765
60402520,3,40.1875,140.63125,5.197
60402526,18,40.1875,140.70624999999998,6.868
60402527,6,40.1875,140.71875,5.814
60402530,21,40.19583333333333,140.63125,4.603
60402535,4,40.19583333333333,140.69375,7.992
60402545,169,40.204166666666666,140.69375,8.121
60402550,310,40.2125,140.63125,3.836
60402551,631,40.2125,140.64374999999998,4.879
60402552,195,40.2125,140.65625,5.928
60402553,310,40.2125,140.66875,6.98
60402554,39,40.2125,140.68125,8.035
60402559,3,40.2125,140.74375,3.885
60402560,5,40.22083333333333,140.63125,3.749
60402561,211,40.22083333333333,140.64374999999998,4.81
60402562,40,40.22083333333333,140.65625,5.871
60402563,107,40.22083333333333,140.66875,6.931
60402564,129,40.22083333333333,140.68125,7.989
60402566,21,40.22083333333333,140.70624999999998,6.886
60402567,112,40.22083333333333,140.71875,5.825
60402572,100,40.229166666666664,140.65625,5.854
60402573,9,40.229166666666664,140.66875,6.914
60402574,140,40.229166666666664,140.68125,7.974
60402575,140,40.229166666666664,140.69375,7.393
60402576,24,40.229166666666664,140.70624999999998,6.5
60402578,137,40.229166666666664,140.73125,4.803
60402579,23,40.229166666666664,140.74375,3.755
60402585,218,40.237500000000004,140.69375,6.971
60402586,19,40.237500000000004,140.70624999999998,6.015
60402588,118,40.237500000000004,140.73125,4.255
60402589,142,40.237500000000004,140.74375,3.528
60402599,54,40.24583333333334,140.74375,2.847
60402602,163,40.170833333333334,140.78125,1.169
60402603,111,40.170833333333334,140.79375,1.238
60402604,12,40.170833333333334,140.80625,1.988
60402611,215,40.17916666666667,140.76874999999998,1.523
60402612,797,40.17916666666667,140.78125,0.478
60402613,624,40.17916666666667,140.79375,0.627
60402614,2,40.17916666666667,140.80625,1.678
60402620,40,40.1875,140.75625,2.668
60402621,828,40.1875,140.76874999999998,1.614
60402622,1391,40.1875,140.78125,0.591
60402623,1254,40.1875,140.79375,0.523
60402624,206,40.1875,140.80625,1.566
60402625,48,40.1875,140.81875,2.624
60402630,11,40.19583333333333,140.75625,2.738
60402631,96,40.19583333333333,140.76874999999998,1.728
60402632,1101,40.19583333333333,140.78125,0.854
60402633,1453,40.19583333333333,140.79375,0.571
60402634,743,40.19583333333333,140.80625,1.236
60402635,8,40.19583333333333,140.81875,2.233
60402640,15,40.204166666666666,140.75625,3.097
60402641,3,40.204166666666666,140.76874999999998,2.118
60402643,1607,40.204166666666666,140.79375,0.359
60402644,772,40.204166666666666,140.80625,1.154
60402645,17,40.204166666666666,140.81875,2.188
60402650,3,40.2125,140.75625,2.893
60402651,25,40.2125,140.76874999999998,1.976
60402652,215,40.2125,140.78125,1.299
60402653,420,40.2125,140.79375,1.284
60402654,242,40.2125,140.80625,1.688
60402655,4,40.2125,140.81875,2.511
60402662,237,40.22083333333333,140.78125,0.578
60402663,39,40.22083333333333,140.79375,0.61
60402664,541,40.22083333333333,140.80625,1.632
60402665,16,40.22083333333333,140.81875,2.685
60402671,34,40.229166666666664,140.76874999999998,1.706
60402672,241,40.229166666666664,140.78125,0.835
60402673,45,40.229166666666664,140.79375,0.858
60402674,154,40.229166666666664,140.80625,1.74
60402675,47,40.229166666666664,140.81875,2.751
60402676,10,40.229166666666664,140.83124999999998,3.79
60402681,113,40.237500000000004,140.76874999999998,2.234
60402682,204,40.237500000000004,140.78125,1.667
60402683,98,40.237500000000004,140.79375,1.678
60402684,401,40.237500000000004,140.80625,2.26
60402685,41,40.237500000000004,140.81875,3.106
60402686,181,40.237500000000004,140.83124999999998,4.055
60402687,20,40.237500000000004,140.84375,5.049
60402690,119,40.24583333333334,140.75625,2.167
60402691,208,40.24583333333334,140.76874999999998,1.807
60402692,101,40.24583333333334,140.78125,1.999
60402693,191,40.24583333333334,140.79375,2.572
60402694,222,40.24583333333334,140.80625,2.984
60402695,165,40.24583333333334,140.81875,3.667
60402696,21,40.24583333333334,140.83124999999998,4.499
60402697,8,40.24583333333334,140.84375,5.411
60403002,242,40.25416666666667,140.03125,3.049
60403003,101,40.25416666666667,140.04375,3.41
60403004,7,40.25416666666667,140.05625,4.027
60403006,5,40.25416666666667,140.08124999999998,5.486
60403007,4,40.25416666666667,140.09375,6.343
60403008,2,40.25416666666667,140.10625,7.254
60403012,4,40.2625,140.03125,3.963
60403013,22,40.2625,140.04375,4.247
60403014,67,40.2625,140.05625,4.757
60403015,50,40.2625,140.06875,5.428
60403016,54,40.2625,140.08124999999998,6.115
60403017,13,40.2625,140.09375,6.894
60403022,143,40.270833333333336,140.03125,4.881
60403023,214,40.270833333333336,140.04375,5.115
60403024,8,40.270833333333336,140.05625,5.545
60403025,47,40.270833333333336,140.06875,6.131
60403026,17,40.270833333333336,140.08124999999998,6.812
60403027,411,40.270833333333336,140.09375,7.519
60403032,139,40.27916666666667,140.03125,5.803
60403033,113,40.27916666666667,140.04375,6.001
60403034,223,40.27916666666667,140.05625,6.371
60403035,111,40.27916666666667,140.06875,6.887
60403036,102,40.27916666666667,140.08124999999998,7.518
60403037,4,40.27916666666667,140.09375,8.201
60403042,86,40.2875,140.03125,5.469
60403043,56,40.2875,140.04375,5.589
60403045,4,40.2875,140.06875,6.375
60403046,96,40.2875,140.08124999999998,6.979
60403052,474,40.295833333333334,140.03125,4.543
60403053,319,40.295833333333334,140.04375,4.687
60403055,5,40.295833333333334,140.06875,5.6
60403056,110,40.295833333333334,140.08124999999998,6.279
60403063,200,40.30416666666667,140.04375,3.795
60403065,31,40.30416666666667,140.06875,4.878
60403066,19,40.30416666666667,140.08124999999998,5.645
60403067,53,40.30416666666667,140.09375,6.494
60403073,192,40.3125,140.04375,2.927
60403074,1,40.3125,140.05625,3.484
60403075,29,40.3125,140.06875,4.237
60403082,127,40.32083333333334,140.03125,1.765
60403083,42,40.32083333333334,140.04375,2.107
60403085,109,40.32083333333334,140.06875,3.719
60403092,449,40.32916666666667,140.03125,0.841
60403096,21,40.32916666666667,140.08124999999998,4.414
60403097,42,40.32916666666667,140.09375,5.458
60403102,70,40.25416666666667,140.15625,8.307
60403105,77,40.25416666666667,140.19375,6.125
60403109,89,40.25416666666667,140.24375,5.199
60403112,29,40.2625,140.15625,8.909
60403113,23,40.2625,140.16875,8.161
60403115,51,40.2625,140.19375,6.918
60403119,3,40.2625,140.24375,6.114
60403122,41,40.270833333333336,140.15625,9.562
60403123,5,40.270833333333336,140.16875,8.87
60403125,16,40.270833333333336,140.19375,7.741
60403135,4,40.27916666666667,140.19375,8.586
60403139,107,40.27916666666667,140.24375,7.952
60403142,30,40.2875,140.15625,10.987
60403144,2,40.2875,140.18125,9.872
60403149,39,40.2875,140.24375,8.874
60403152,50,40.295833333333334,140.15625,11.619
60403158,52,40.295833333333334,140.23125,9.758
60403159,28,40.295833333333334,140.24375,9.796
60403165,10,40.30416666666667,140.19375,11.197
60403168,49,40.30416666666667,140.23125,10.684
60403169,38,40.30416666666667,140.24375,10.719
60403177,18,40.3125,140.21875,11.675
60403178,77,40.3125,140.23125,11.611
60403187,70,40.32083333333334,140.21875,12.596
60403188,21,40.32083333333334,140.23125,12.537
60403200,127,40.25416666666667,140.25625,5.481
60403201,327,40.25416666666667,140.26874999999998,5.942
60403202,1,40.25416666666667,140.28125,6.544
60403209,439,40.25416666666667,140.36875,2.681
60403210,40,40.2625,140.25625,6.356
60403211,64,40.2625,140.26874999999998,6.757
60403212,5,40.2625,140.28125,7.292
60403219,1,40.2625,140.36875,3.563
60403220,274,40.270833333333336,140.25625,7.243
60403221,83,40.270833333333336,140.26874999999998,7.598
60403227,40,40.270833333333336,140.34375,5.283
60403228,56,40.270833333333336,140.35625,4.801
60403230,493,40.27916666666667,140.25625,8.139
60403231,332,40.27916666666667,140.26874999999998,8.456
60403232,10,40.27916666666667,140.28125,8.89
60403237,13,40.27916666666667,140.34375,6.089
60403241,153,40.2875,140.26874999999998,9.328
60403247,5,40.2875,140.34375,6.926
60403251,19,40.295833333333334,140.26874999999998,10.21
60403252,18,40.295833333333334,140.28125,10.571
60403261,8,40.30416666666667,140.26874999999998,11.098
60403262,32,40.30416666666667,140.28125,11.302
60403263,16,40.30416666666667,140.29375,10.707
60403269,11,40.30416666666667,140.36875,8.07
60403272,18,40.3125,140.28125,12.061
60403273,68,40.3125,140.29375,11.505
60403283,21,40.32083333333334,140.29375,12.261
60403300,1008,40.25416666666667,140.38125,2.511
60403301,197,40.25416666666667,140.39374999999998,2.77
60403302,147,40.25416666666667,140.40625,3.36
60403303,3,40.25416666666667,140.41875,4.143
60403309,129,40.25416666666667,140.49375,4.149
60403310,27,40.2625,140.38125,3.436
60403311,107,40.2625,140.39374999999998,3.63
60403313,59,40.2625,140.41875,3.893
60403314,184,40.2625,140.43125,3.021
60403315,79,40.2625,140.44375,2.314
60403318,59,40.2625,140.48125,2.743
60403319,182,40.2625,140.49375,3.571
60403321,26,40.270833333333336,140.39374999999998,4.517
60403324,417,40.270833333333336,140.43125,2.525
60403325,646,40.270833333333336,140.44375,1.613
60403326,427,40.270833333333336,140.45624999999998,1.038
60403327,449,40.270833333333336,140.46875,1.342
60403328,3,40.270833333333336,140.48125,2.185
60403331,55,40.27916666666667,140.39374999999998,5.417
60403334,4,40.27916666666667,140.43125,2.311
60403335,73,40.27916666666667,140.44375,1.253
60403336,951,40.27916666666667,140.45624999999998,0.211
60403337,149,40.27916666666667,140.46875,0.877
60403338,245,40.27916666666667,140.48125,1.934
60403339,832,40.27916666666667,140.49375,2.994
60403343,75,40.2875,140.41875,3.471
60403344,122,40.2875,140.43125,2.455
60403345,33,40.2875,140.44375,1.501
60403346,360,40.2875,140.45624999999998,0.854
60403347,123,40.2875,140.46875,1.205
60403348,4,40.2875,140.48125,2.104
60403350,27,40.295833333333334,140.38125,6.782
60403353,30,40.295833333333334,140.41875,3.801
60403354,1,40.295833333333334,140.43125,2.903
60403355,31,40.295833333333334,140.44375,2.157
60403356,150,40.295833333333334,140.45624999999998,1.769
60403357,38,40.295833333333334,140.46875,1.963
60403358,16,40.295833333333334,140.48125,2.613
60403359,64,40.295833333333334,140.49375,3.471
60403362,13,40.30416666666667,140.40625,5.18
60403363,51,40.30416666666667,140.41875,4.309
60403366,136,40.30416666666667,140.45624999999998,2.692
60403368,371,40.30416666666667,140.48125,3.308
60403371,52,40.3125,140.39374999999998,6.571
60403372,117,40.3125,140.40625,5.715
60403375,27,40.3125,140.44375,3.822
60403376,40,40.3125,140.45624999999998,3.617
60403378,65,40.3125,140.48125,4.096
60403379,9,40.3125,140.49375,4.69
60403381,46,40.32083333333334,140.39374999999998,7.123
60403391,9,40.32916666666667,140.39374999999998,7.746
60403400,227,40.25416666666667,140.50625,3.499
60403401,65,40.25416666666667,140.51874999999998,2.763
60403402,160,40.25416666666667,140.53125,2.296
60403403,2,40.25416666666667,140.54375,2.175
60403404,38,40.25416666666667,140.55625,1.545
60403405,1239,40.25416666666667,140.56875,0.864
60403406,648,40.25416666666667,140.58124999999998,1.165
60403410,59,40.2625,140.50625,2.998
60403411,225,40.2625,140.51874999999998,2.092
60403412,19,40.2625,140.53125,1.419
60403413,382,40.2625,140.54375,1.251
60403414,2104,40.2625,140.55625,1.444
60403415,1947,40.2625,140.56875,1.023
60403416,433,40.2625,140.58124999999998,1.088
60403421,252,40.270833333333336,140.51874999999998,1.684
60403422,464,40.270833333333336,140.53125,0.689
60403423,2302,40.270833333333336,140.54375,0.34
60403424,2765,40.270833333333336,140.55625,0.543
60403425,2640,40.270833333333336,140.56875,0.465
60403426,2418,40.270833333333336,140.58124999999998,0.596
60403430,677,40.27916666666667,140.50625,2.761
60403431,314,40.27916666666667,140.51874999999998,1.736
60403432,656,40.27916666666667,140.53125,0.808
60403433,1536,40.27916666666667,140.54375,0.62
60403434,2372,40.27916666666667,140.55625,0.382
60403435,3480,40.27916666666667,140.56875,0.627
60403436,1004,40.27916666666667,140.58124999999998,0.751
60403437,13,40.27916666666667,140.59375,1.266
60403438,13,40.27916666666667,140.60625,2.147
60403440,60,40.2875,140.50625,3.085
60403442,102,40.2875,140.53125,1.596
60403443,778,40.2875,140.54375,1.103
60403444,1581,40.2875,140.55625,0.572
60403445,3206,40.2875,140.56875,0.657
60403446,612,40.2875,140.58124999999998,0.175
60403447,433,40.2875,140.59375,0.887
60403448,142,40.2875,140.60625,1.947
60403453,264,40.295833333333334,140.54375,1.347
60403454,1225,40.295833333333334,140.55625,0.287
60403455,762,40.295833333333334,140.56875,0.774
60403456,1654,40.295833333333334,140.58124999999998,0.965
60403457,861,40.295833333333334,140.59375,1.299
60403458,128,40.295833333333334,140.60625,2.166
60403461,7,40.30416666666667,140.51874999999998,3.59
60403463,117,40.30416666666667,140.54375,1.639
60403464,363,40.30416666666667,140.55625,0.977
60403465,850,40.30416666666667,140.56875,1.213
60403466,135,40.30416666666667,140.58124999999998,1.884
60403467,182,40.30416666666667,140.59375,2.075
60403468,8,40.30416666666667,140.60625,2.704
60403473,55,40.3125,140.54375,2.297
60403474,68,40.3125,140.55625,1.883
60403475,748,40.3125,140.56875,2.015
60403476,136,40.3125,140.58124999999998,2.612
60403477,80,40.3125,140.59375,2.939
60403483,79,40.32083333333334,140.54375,3.095
60403484,559,40.32083333333334,140.55625,2.802
60403485,149,40.32083333333334,140.56875,2.893
60403486,6,40.32083333333334,140.58124999999998,3.336
60403494,652,40.32916666666667,140.55625,3.725
60403495,138,40.32916666666667,140.56875,3.794
60403496,74,40.32916666666667,140.58124999999998,4.142
60403526,18,40.270833333333336,140.70624999999998,5.394
60403529,2,40.270833333333336,140.74375,2.318
60403534,2,40.27916666666667,140.68125,7.205
60403535,33,40.27916666666667,140.69375,6.484
60403539,9,40.27916666666667,140.74375,2.811
60403543,3,40.2875,140.66875,7.249
60403544,5,40.2875,140.68125,6.594
60403545,77,40.2875,140.69375,5.799
60403551,20,40.295833333333334,140.64374999999998,5.215
60403552,57,40.295833333333334,140.65625,6.26
60403553,79,40.295833333333334,140.66875,6.992
60403555,10,40.295833333333334,140.69375,5.189
60403556,13,40.295833333333334,140.70624999999998,4.394
60403559,71,40.295833333333334,140.74375,3.153
60403562,67,40.30416666666667,140.65625,6.466
60403565,30,40.30416666666667,140.69375,4.684
60403566,14,40.30416666666667,140.70624999999998,3.785
60403569,101,40.30416666666667,140.74375,2.228
60403575,3,40.3125,140.69375,4.321
60403579,387,40.3125,140.74375,1.303
60403588,5,40.32083333333334,140.73125,1.013
60403589,783,40.32083333333334,140.74375,0.389
60403598,178,40.32916666666667,140.73125,1.094
60403599,918,40.32916666666667,140.74375,0.568
60403600,6,40.25416666666667,140.75625,1.438
60403601,608,40.25416666666667,140.76874999999998,0.89
60403602,262,40.25416666666667,140.78125,1.234
60403603,213,40.25416666666667,140.79375,2.122
60403604,26,40.25416666666667,140.80625,3.12
60403605,73,40.25416666666667,140.81875,4.149
60403606,21,40.25416666666667,140.83124999999998,5.075
60403607,21,40.25416666666667,140.84375,5.899
60403610,189,40.2625,140.75625,1.077
60403611,578,40.2625,140.76874999999998,0.031
60403612,109,40.2625,140.78125,0.877
60403613,127,40.2625,140.79375,1.936
60403614,25,40.2625,140.80625,2.997
60403615,82,40.2625,140.81875,4.057
60403616,100,40.2625,140.83124999999998,5.118
60403617,26,40.2625,140.84375,6.178
60403620,42,40.270833333333336,140.75625,1.403
60403621,1419,40.270833333333336,140.76874999999998,0.9
60403622,439,40.270833333333336,140.78125,1.316
60403623,282,40.270833333333336,140.79375,2.171
60403624,9,40.270833333333336,140.80625,3.153
60403625,65,40.270833333333336,140.81875,4.174
60403626,126,40.270833333333336,140.83124999999998,5.211
60403627,96,40.270833333333336,140.84375,6.255
60403630,19,40.27916666666667,140.75625,2.12
60403631,575,40.27916666666667,140.76874999999998,1.826
60403632,202,40.27916666666667,140.78125,2.1
60403633,77,40.27916666666667,140.79375,2.719
60403634,113,40.27916666666667,140.80625,3.553
60403635,181,40.27916666666667,140.81875,4.483
60403636,22,40.27916666666667,140.83124999999998,5.461
60403640,117,40.2875,140.75625,2.956
60403641,34,40.2875,140.76874999999998,2.753
60403642,31,40.2875,140.78125,2.944
60403643,30,40.2875,140.79375,3.433
60403644,105,40.2875,140.80625,4.125
60403645,128,40.2875,140.81875,4.949
60403646,47,40.2875,140.83124999999998,5.85
60403650,187,40.295833333333334,140.75625,3.364
60403651,152,40.295833333333334,140.76874999999998,3.679
60403652,85,40.295833333333334,140.78125,3.825
60403653,53,40.295833333333334,140.79375,4.231
60403655,310,40.295833333333334,140.81875,5.532
60403656,1143,40.295833333333334,140.83124999999998,6.351
60403657,40,40.295833333333334,140.84375,7.232
60403660,42,40.30416666666667,140.75625,2.517
60403661,74,40.30416666666667,140.76874999999998,3.155
60403662,37,40.30416666666667,140.78125,3.977
60403663,84,40.30416666666667,140.79375,4.892
60403667,345,40.30416666666667,140.84375,7.755
60403670,51,40.3125,140.75625,1.752
60403671,99,40.3125,140.76874999999998,2.586
60403672,14,40.3125,140.78125,3.543
60403676,18,40.3125,140.83124999999998,7.597
60403677,11,40.3125,140.84375,8.347
60403680,21,40.32083333333334,140.75625,1.234
60403681,18,40.32083333333334,140.76874999999998,2.267
60403682,3,40.32083333333334,140.78125,3.317
60403686,8,40.32083333333334,140.83124999999998,7.544
60403690,147,40.32916666666667,140.75625,1.301
60403691,16,40.32916666666667,140.76874999999998,2.304
60403692,30,40.32916666666667,140.78125,3.343
60403696,38,40.32916666666667,140.83124999999998,7.555
60404002,305,40.337500000000006,140.03125,0.133
60404007,7,40.337500000000006,140.09375,5.394
60404012,177,40.34583333333334,140.03125,1.022
60404013,4,40.34583333333334,140.04375,1.54
60404017,1,40.34583333333334,140.09375,5.489
60404021,3,40.35416666666667,140.01874999999998,2.17
60404022,53,40.35416666666667,140.03125,1.947
60404023,42,40.35416666666667,140.04375,2.262
60404031,280,40.362500000000004,140.01874999999998,3.028
60404040,13,40.37083333333334,140.00625,4.303
60404041,556,40.37083333333334,140.01874999999998,3.918
60404050,342,40.37916666666667,140.00625,5.139
60404051,76,40.37916666666667,140.01874999999998,4.822
60404204,40,40.337500000000006,140.30625,13.313
60404215,1,40.34583333333334,140.31875,13.719
60404225,7,40.35416666666667,140.31875,14.433
60404306,53,40.337500000000006,140.45624999999998,6.395
60404307,3,40.337500000000006,140.46875,6.451
60404310,5,40.34583333333334,140.38125,9.82
60404311,56,40.34583333333334,140.39374999999998,9.148
60404312,3,40.34583333333334,140.40625,8.554
60404317,88,40.34583333333334,140.46875,7.37
60404320,16,40.35416666666667,140.38125,10.529
60404321,12,40.35416666666667,140.39374999999998,9.905
60404327,72,40.35416666666667,140.46875,8.291
60404331,25,40.362500000000004,140.39374999999998,10.688
60404337,45,40.362500000000004,140.46875,9.213
60404345,10,40.37083333333334,140.44375,10.175
60404403,143,40.337500000000006,140.54375,4.832
60404404,237,40.337500000000006,140.55625,4.649
60404405,405,40.337500000000006,140.56875,4.704
60404406,112,40.337500000000006,140.58124999999998,4.989
60404407,227,40.337500000000006,140.59375,5.468
60404414,78,40.34583333333334,140.55625,5.574
60404416,150,40.34583333333334,140.58124999999998,5.861
60404417,157,40.34583333333334,140.59375,6.274
60404418,19,40.34583333333334,140.60625,6.794
60404423,23,40.35416666666667,140.54375,6.632
60404424,49,40.35416666666667,140.55625,6.5
60404425,36,40.35416666666667,140.56875,6.54
60404426,45,40.35416666666667,140.58124999999998,6.747
60404427,6,40.35416666666667,140.59375,7.109
60404428,27,40.35416666666667,140.60625,7.602
60404435,84,40.362500000000004,140.56875,7.461
60404437,62,40.362500000000004,140.59375,7.964
60404447,54,40.37083333333334,140.59375,8.834
60404448,15,40.37083333333334,140.60625,9.235
60404458,55,40.37916666666667,140.60625,10.08
60404468,8,40.3875,140.60625,10.939
60404478,14,40.395833333333336,140.60625,11.808
60404488,78,40.404166666666676,140.60625,12.684
60404508,392,40.337500000000006,140.73125,1.756
60404509,269,40.337500000000006,140.74375,1.487
60404517,3,40.34583333333334,140.71875,3.132
60404518,51,40.34583333333334,140.73125,2.586
60404528,4,40.35416666666667,140.73125,3.466
60404538,62,40.362500000000004,140.73125,4.365
60404539,12,40.362500000000004,140.74375,4.264
60404548,169,40.37083333333334,140.73125,5.273
60404549,42,40.37083333333334,140.74375,5.19
60404556,7,40.37916666666667,140.70624999999998,6.838
60404557,18,40.37916666666667,140.71875,6.434
60404558,11,40.37916666666667,140.73125,6.187
60404559,14,40.37916666666667,140.74375,6.116
60404569,194,40.3875,140.74375,7.043
60404579,14,40.395833333333336,140.74375,7.969
60404601,2,40.337500000000006,140.76874999999998,2.683
60404602,36,40.337500000000006,140.78125,3.614
60404606,12,40.337500000000006,140.83124999999998,7.679
60404617,12,40.34583333333334,140.84375,8.925
60404622,14,40.35416666666667,140.78125,4.689
60404627,9,40.35416666666667,140.84375,9.217
60404632,6,40.362500000000004,140.78125,5.387
60404640,6,40.37083333333334,140.75625,5.32
60404649,2,40.37083333333334,140.86875,11.901
60404679,3,40.395833333333336,140.86875,13.348
60404724,4,40.35416666666667,140.93125,16.353
60404725,2,40.35416666666667,140.94375,17.391
60404734,13,40.362500000000004,140.93125,16.566
60404736,11,40.362500000000004,140.95624999999998,18.621
60404740,19,40.37083333333334,140.88125,12.863
60404746,4,40.37083333333334,140.95624999999998,18.854
60404747,2,40.37083333333334,140.96875,19.874
60404750,3,40.37916666666667,140.88125,13.263
60404751,4,40.37916666666667,140.89374999999998,14.211
60404758,11,40.37916666666667,140.98125,21.146
60405408,4,40.420833333333334,140.60625,11.489
60405647,60,40.454166666666666,140.84375,16.813
60405701,49,40.420833333333334,140.89374999999998,16.733
