KEY_CODE,人口,緯度,経度,最寄り店舗距離_km
58402758,3,38.87916666666666,140.98125,5.626
58402768,11,38.887499999999996,140.98125,6.514
58402769,31,38.887499999999996,140.99375,6.314
58402777,2,38.89583333333333,140.96875,7.735
58402778,4,38.89583333333333,140.98125,7.411
58402779,6,38.89583333333333,140.99375,7.236
58402788,15,38.90416666666667,140.98125,8.315
58402789,34,38.90416666666667,140.99375,8.16
58402798,6,38.9125,140.98125,9.224
58402799,13,38.9125,140.99375,9.084
58403671,10,38.979166666666664,140.76874999999998,25.227
58403703,6,38.920833333333334,140.91875,12.274
58403708,21,38.920833333333334,140.98125,10.135
58403709,37,38.920833333333334,140.99375,10.008
58403713,22,38.92916666666667,140.91875,13.04
58403715,10,38.92916666666667,140.94375,11.993
58403716,21,38.92916666666667,140.95624999999998,11.586
58403717,6,38.92916666666667,140.96875,11.269
58403718,4,38.92916666666667,140.98125,11.02
58403719,8,38.92916666666667,140.99375,9.945
58403723,10,38.9375,140.91875,13.824
58403729,4,38.9375,140.99375,9.883
58403733,7,38.94583333333333,140.91875,14.625
58403734,18,38.94583333333333,140.93125,14.129
58403739,24,38.94583333333333,140.99375,9.908
58403744,26,38.954166666666666,140.93125,14.972
58403745,22,38.954166666666666,140.94375,14.301
58403749,11,38.954166666666666,140.99375,10.019
58403755,50,38.9625,140.94375,14.437
58403756,30,38.9625,140.95624999999998,13.375
58403757,5,38.9625,140.96875,12.316
58403759,22,38.9625,140.99375,10.212
58403763,9,38.97083333333333,140.91875,16.737
58403764,36,38.97083333333333,140.93125,15.682
58403765,52,38.97083333333333,140.94375,14.63
58403766,95,38.97083333333333,140.95624999999998,13.584
58403767,19,38.97083333333333,140.96875,12.543
58403768,23,38.97083333333333,140.98125,11.509
58403769,80,38.97083333333333,140.99375,10.485
58403772,19,38.979166666666664,140.90625,18.0
58403773,77,38.979166666666664,140.91875,16.955
58403774,63,38.979166666666664,140.93125,15.914
58403775,3,38.979166666666664,140.94375,14.879
58403776,42,38.979166666666664,140.95624999999998,13.851
58403778,18,38.979166666666664,140.98125,11.712
58403779,27,38.979166666666664,140.99375,10.631
58403782,21,38.987500000000004,140.90625,18.206
58403783,5,38.987500000000004,140.91875,17.127
58403786,2,38.987500000000004,140.95624999999998,13.889
58403787,7,38.987500000000004,140.96875,12.81
58403788,19,38.987500000000004,140.98125,11.732
58403789,5,38.987500000000004,140.99375,10.654
58403791,1,38.99583333333334,140.89374999999998,19.342
58403792,8,38.99583333333334,140.90625,18.266
58403796,44,38.99583333333334,140.95624999999998,13.967
58403797,35,38.99583333333334,140.96875,12.895
58403798,7,38.99583333333334,140.98125,11.824
58403799,14,38.99583333333334,140.99375,10.756
58404619,13,39.0125,140.86875,20.884
58404706,3,39.00416666666667,140.95624999999998,14.106
58404707,9,39.00416666666667,140.96875,13.045
58404708,30,39.00416666666667,140.98125,11.988
58404709,47,39.00416666666667,140.99375,10.936
58404710,12,39.0125,140.88125,20.008
58404711,5,39.0125,140.89374999999998,19.152
58404719,19,39.0125,140.99375,11.19
58404729,3,39.020833333333336,140.99375,11.513
58404739,7,39.02916666666667,140.99375,11.776
58404799,35,39.07916666666667,140.99375,7.79
58405708,21,39.0875,140.98125,8.247
58405709,51,39.0875,140.99375,7.291
58405717,49,39.09583333333333,140.96875,8.91
58405718,50,39.09583333333333,140.98125,7.888
58405719,44,39.09583333333333,140.99375,6.882
58405727,10,39.104166666666664,140.96875,8.678
58405728,61,39.104166666666664,140.98125,7.624
58405729,68,39.104166666666664,140.99375,6.579
58405735,11,39.1125,140.94375,10.689
58405736,6,39.1125,140.95624999999998,9.614
58405737,34,39.1125,140.96875,8.54
58405738,24,39.1125,140.98125,7.467
58405739,61,39.1125,140.99375,6.396
58405745,30,39.12083333333333,140.94375,10.659
58405746,94,39.12083333333333,140.95624999999998,9.58
58405747,88,39.12083333333333,140.96875,8.502
58405748,83,39.12083333333333,140.98125,7.424
58405749,21,39.12083333333333,140.99375,6.346
58405757,26,39.12916666666666,140.96875,8.564
58405758,174,39.12916666666666,140.98125,7.495
58405759,151,39.12916666666666,140.99375,6.429
58405767,10,39.137499999999996,140.96875,8.725
58405768,2,39.137499999999996,140.98125,7.679
58405769,15,39.137499999999996,140.99375,6.642
58405778,13,39.14583333333333,140.98125,7.967
58405779,2,39.14583333333333,140.99375,6.973
58405788,18,39.15416666666667,140.98125,8.348
58405789,66,39.15416666666667,140.99375,7.406
58405799,25,39.1625,140.99375,7.924
58406729,19,39.1875,140.99375,8.761
58406749,12,39.204166666666666,140.99375,8.833
58406751,10,39.2125,140.89374999999998,15.673
58406786,14,39.237500000000004,140.95624999999998,9.985
58406788,6,39.237500000000004,140.98125,8.704
58406789,17,39.237500000000004,140.99375,8.202
58406798,7,39.24583333333334,140.98125,7.924
58406799,104,39.24583333333334,140.99375,7.369
58407527,2,39.270833333333336,140.71875,8.229
58407537,13,39.27916666666667,140.71875,7.578
58407548,52,39.2875,140.73125,6.159
58407557,6,39.295833333333334,140.71875,6.479
58407558,60,39.295833333333334,140.73125,5.574
58407567,25,39.30416666666667,140.71875,6.069
58407568,57,39.30416666666667,140.73125,5.091
58407569,21,39.30416666666667,140.74375,4.162
58407578,16,39.3125,140.73125,4.743
58407579,18,39.3125,140.74375,3.728
58407588,13,39.32083333333334,140.73125,4.559
58407589,6,39.32083333333334,140.74375,3.491
58407598,8,39.32916666666667,140.73125,4.56
58407599,2,39.32916666666667,140.74375,3.492
58407621,28,39.270833333333336,140.76874999999998,6.159
58407631,56,39.27916666666667,140.76874999999998,5.257
58407634,2,39.27916666666667,140.80625,5.44
58407637,1,39.27916666666667,140.84375,7.236
58407641,17,39.2875,140.76874999999998,4.366
58407645,2,39.2875,140.81875,5.127
58407655,6,39.295833333333334,140.81875,4.408
58407656,102,39.295833333333334,140.83124999999998,5.198
58407657,8,39.295833333333334,140.84375,6.077
58407660,3,39.30416666666667,140.75625,3.322
58407662,4,39.30416666666667,140.78125,2.323
58407670,40,39.3125,140.75625,2.758
58407671,43,39.3125,140.76874999999998,1.906
58407672,370,39.3125,140.78125,1.404
58407673,18,39.3125,140.79375,1.62
58407682,263,39.32083333333334,140.78125,0.515
58407691,5,39.32916666666667,140.76874999999998,1.392
58407692,64,39.32916666666667,140.78125,0.524
58407708,4,39.25416666666667,140.98125,7.18
58407709,67,39.25416666666667,140.99375,6.561
58407718,6,39.2625,140.98125,6.482
58407719,31,39.2625,140.99375,5.79
58407728,1,39.270833333333336,140.98125,5.848
58407729,51,39.270833333333336,140.99375,5.07
58407739,16,39.27916666666667,140.99375,4.428
58407748,35,39.2875,140.98125,4.87
58407749,107,39.2875,140.99375,3.903
58407753,12,39.295833333333334,140.91875,9.91
58407754,60,39.295833333333334,140.93125,8.841
58407755,12,39.295833333333334,140.94375,7.773
58407756,25,39.295833333333334,140.95624999999998,6.707
58407757,53,39.295833333333334,140.96875,5.645
58407758,144,39.295833333333334,140.98125,4.589
58407759,146,39.295833333333334,140.99375,3.545
58407762,7,39.30416666666667,140.90625,10.769
58407763,47,39.30416666666667,140.91875,9.862
58407764,67,39.30416666666667,140.93125,8.787
58407765,24,39.30416666666667,140.94375,7.711
58407766,124,39.30416666666667,140.95624999999998,6.636
58407767,292,39.30416666666667,140.96875,5.56
58407768,236,39.30416666666667,140.98125,4.485
58407769,348,39.30416666666667,140.99375,3.409
58407772,29,39.3125,140.90625,10.609
58407773,29,39.3125,140.91875,9.901
58407776,21,39.3125,140.95624999999998,6.693
58407777,312,39.3125,140.96875,5.629
58407778,295,39.3125,140.98125,4.57
58407779,593,39.3125,140.99375,3.521
58407787,70,39.32083333333334,140.96875,5.846
58407788,196,39.32083333333334,140.98125,4.834
58407789,6,39.32083333333334,140.99375,3.858
58407797,86,39.32916666666667,140.96875,6.195
58407798,181,39.32916666666667,140.98125,5.251
58407799,40,39.32916666666667,140.99375,4.369
58410197,29,38.74583333333334,141.21875,4.404
58410198,13,38.74583333333334,141.23125,3.585
58411098,11,38.82916666666667,141.10625,4.543
58411099,9,38.82916666666667,141.11875,5.411
58411106,7,38.75416666666667,141.20624999999998,5.602
58411107,159,38.75416666666667,141.21875,5.006
58411108,63,38.75416666666667,141.23125,4.303
58411109,2,38.75416666666667,141.24375,3.785
58411117,66,38.7625,141.21875,5.696
58411118,83,38.7625,141.23125,5.089
58411119,132,38.7625,141.24375,4.659
58411127,145,38.770833333333336,141.21875,6.366
58411128,36,38.770833333333336,141.23125,5.916
58411129,79,38.770833333333336,141.24375,5.551
58411133,41,38.77916666666667,141.16875,2.228
58411135,20,38.77916666666667,141.19375,4.297
58411136,147,38.77916666666667,141.20624999999998,5.361
58411137,243,38.77916666666667,141.21875,6.154
58411138,146,38.77916666666667,141.23125,6.704
58411139,39,38.77916666666667,141.24375,6.452
58411141,17,38.7875,141.14374999999998,1.631
58411142,100,38.7875,141.15625,2.071
58411143,185,38.7875,141.16875,2.742
58411144,104,38.7875,141.18125,3.618
58411145,122,38.7875,141.19375,4.584
58411146,87,38.7875,141.20624999999998,4.876
58411147,48,38.7875,141.21875,5.338
58411148,94,38.7875,141.23125,5.964
58411149,62,38.7875,141.24375,6.707
58411151,45,38.795833333333334,141.14374999999998,2.416
58411152,16,38.795833333333334,141.15625,2.926
58411153,138,38.795833333333334,141.16875,3.433
58411154,46,38.795833333333334,141.18125,3.703
58411155,138,38.795833333333334,141.19375,3.707
58411156,60,38.795833333333334,141.20624999999998,4.015
58411157,69,38.795833333333334,141.21875,4.566
58411158,49,38.795833333333334,141.23125,5.283
58411159,5,38.795833333333334,141.24375,6.11
58411161,15,38.80416666666667,141.14374999999998,3.276
58411162,40,38.80416666666667,141.15625,3.765
58411163,77,38.80416666666667,141.16875,3.177
58411164,61,38.80416666666667,141.18125,2.789
58411165,48,38.80416666666667,141.19375,2.795
58411166,122,38.80416666666667,141.20624999999998,3.192
58411167,45,38.80416666666667,141.21875,3.861
58411168,26,38.80416666666667,141.23125,4.688
58411169,2,38.80416666666667,141.24375,5.603
58411171,1,38.8125,141.14374999999998,4.165
58411172,16,38.8125,141.15625,3.246
58411173,42,38.8125,141.16875,2.424
58411174,175,38.8125,141.18125,1.888
58411175,215,38.8125,141.19375,1.896
58411176,56,38.8125,141.20624999999998,2.443
58411177,101,38.8125,141.21875,3.27
58411179,1,38.8125,141.24375,5.212
58411180,32,38.82083333333334,141.13125,4.939
58411182,54,38.82083333333334,141.15625,2.835
58411183,71,38.82083333333334,141.16875,1.838
58411184,427,38.82083333333334,141.18125,1.031
58411185,390,38.82083333333334,141.19375,1.046
58411186,82,38.82083333333334,141.20624999999998,1.862
58411187,43,38.82083333333334,141.21875,2.862
58411188,38,38.82083333333334,141.23125,3.906
58411189,6,38.82083333333334,141.24375,4.966
58411190,12,38.82916666666667,141.13125,4.509
58411191,10,38.82916666666667,141.14374999999998,3.551
58411192,4,38.82916666666667,141.15625,2.69
58411193,77,38.82916666666667,141.16875,1.611
58411194,1336,38.82916666666667,141.18125,0.529
58411195,169,38.82916666666667,141.19375,0.557
58411196,226,38.82916666666667,141.20624999999998,1.639
58411197,31,38.82916666666667,141.21875,2.721
58411198,46,38.82916666666667,141.23125,3.804
58411199,51,38.82916666666667,141.24375,4.887
58411210,73,38.7625,141.25625,4.458
58411220,8,38.770833333333336,141.25625,5.383
58411230,32,38.77916666666667,141.25625,6.308
58411240,17,38.7875,141.25625,7.234
58411250,41,38.795833333333334,141.25625,7.006
58411253,10,38.795833333333334,141.29375,8.67
58411260,16,38.80416666666667,141.25625,6.569
58411261,11,38.80416666666667,141.26874999999998,7.567
58411262,5,38.80416666666667,141.28125,8.585
58411263,32,38.80416666666667,141.29375,8.954
58411264,1,38.80416666666667,141.30625,8.378
58411270,13,38.8125,141.25625,6.239
58411271,14,38.8125,141.26874999999998,7.282
58411272,19,38.8125,141.28125,8.335
58411273,27,38.8125,141.29375,8.213
58411274,3,38.8125,141.30625,7.581
58411279,22,38.8125,141.36875,6.536
58411280,5,38.82083333333334,141.25625,6.035
58411282,11,38.82083333333334,141.28125,8.184
58411283,6,38.82083333333334,141.29375,7.514
58411284,13,38.82083333333334,141.30625,6.817
58411285,3,38.82083333333334,141.31875,6.232
58411286,27,38.82083333333334,141.33124999999998,5.792
58411287,16,38.82083333333334,141.34375,5.531
58411288,2,38.82083333333334,141.35625,5.476
58411289,50,38.82083333333334,141.36875,5.632
58411290,128,38.82916666666667,141.25625,5.97
58411291,10,38.82916666666667,141.26874999999998,7.052
58411292,5,38.82916666666667,141.28125,7.703
58411293,8,38.82916666666667,141.29375,6.869
58411294,16,38.82916666666667,141.30625,6.099
58411295,21,38.82916666666667,141.31875,5.437
58411296,31,38.82916666666667,141.33124999999998,4.926
58411297,11,38.82916666666667,141.34375,4.617
58411298,33,38.82916666666667,141.35625,4.55
58411299,16,38.82916666666667,141.36875,4.737
58411341,5,38.7875,141.39374999999998,9.242
58411342,89,38.7875,141.40625,8.163
58411343,73,38.7875,141.41875,7.085
58411344,24,38.7875,141.43125,6.009
58411351,5,38.795833333333334,141.39374999999998,8.965
58411352,26,38.795833333333334,141.40625,8.129
58411353,25,38.795833333333334,141.41875,7.046
58411360,33,38.80416666666667,141.38125,7.714
58411361,14,38.80416666666667,141.39374999999998,8.12
58411370,84,38.8125,141.38125,6.841
58411371,8,38.8125,141.39374999999998,7.295
58411380,12,38.82083333333334,141.38125,5.983
58411385,64,38.82083333333334,141.44375,5.7
58411393,11,38.82916666666667,141.41875,7.268
58411394,30,38.82916666666667,141.43125,7.11
58411395,4,38.82916666666667,141.44375,6.23
58411396,2,38.82916666666667,141.45624999999998,5.424
58412008,20,38.8375,141.10625,5.194
58412009,30,38.8375,141.11875,5.272
58412053,4,38.87916666666666,141.04375,6.5
58412059,3,38.87916666666666,141.11875,5.34
58412060,21,38.887499999999996,141.00625,6.296
58412061,8,38.887499999999996,141.01874999999998,6.462
58412062,10,38.887499999999996,141.03125,6.799
58412063,1,38.887499999999996,141.04375,7.282
58412064,10,38.887499999999996,141.05625,7.05
58412065,24,38.887499999999996,141.06875,6.365
58412066,14,38.887499999999996,141.08124999999998,5.802
58412068,8,38.887499999999996,141.10625,4.794
58412069,96,38.887499999999996,141.11875,4.509
58412070,15,38.89583333333333,141.00625,7.221
58412071,26,38.89583333333333,141.01874999999998,7.366
58412072,63,38.89583333333333,141.03125,7.663
58412073,21,38.89583333333333,141.04375,7.245
58412074,16,38.89583333333333,141.05625,6.4
58412075,11,38.89583333333333,141.06875,5.637
58412076,35,38.89583333333333,141.08124999999998,4.993
58412077,23,38.89583333333333,141.09375,4.519
58412078,17,38.89583333333333,141.10625,3.943
58412079,64,38.89583333333333,141.11875,3.604
58412080,33,38.90416666666667,141.00625,8.146
58412081,24,38.90416666666667,141.01874999999998,8.275
58412082,80,38.90416666666667,141.03125,7.701
58412083,44,38.90416666666667,141.04375,6.743
58412084,12,38.90416666666667,141.05625,5.827
58412085,5,38.90416666666667,141.06875,4.976
58412086,33,38.90416666666667,141.08124999999998,4.233
58412088,48,38.90416666666667,141.10625,3.135
58412089,206,38.90416666666667,141.11875,2.698
58412090,33,38.9125,141.00625,9.071
58412091,28,38.9125,141.01874999999998,8.274
58412092,10,38.9125,141.03125,7.275
58412093,24,38.9125,141.04375,6.304
58412094,60,38.9125,141.05625,5.353
58412095,66,38.9125,141.06875,4.412
58412096,35,38.9125,141.08124999999998,3.553
58412097,232,38.9125,141.09375,2.848
58412098,694,38.9125,141.10625,2.415
58412099,262,38.9125,141.11875,1.811
58412100,77,38.8375,141.13125,4.211
58412101,108,38.8375,141.14374999999998,3.165
58412102,89,38.8375,141.15625,2.154
58412103,360,38.8375,141.16875,1.269
58412104,660,38.8375,141.18125,0.962
58412105,283,38.8375,141.19375,1.116
58412106,60,38.8375,141.20624999999998,1.902
58412107,53,38.8375,141.21875,2.888
58412108,124,38.8375,141.23125,3.925
58412109,74,38.8375,141.24375,4.981
58412110,47,38.84583333333333,141.13125,4.106
58412111,45,38.84583333333333,141.14374999999998,3.023
58412112,164,38.84583333333333,141.15625,1.941
58412113,331,38.84583333333333,141.16875,0.858
58412114,414,38.84583333333333,141.18125,0.225
58412115,53,38.84583333333333,141.19375,1.307
58412116,33,38.84583333333333,141.20624999999998,2.39
58412117,7,38.84583333333333,141.21875,3.315
58412118,45,38.84583333333333,141.23125,4.249
58412119,18,38.84583333333333,141.24375,5.24
58412121,111,38.854166666666664,141.14374999999998,3.159
58412122,152,38.854166666666664,141.15625,2.146
58412123,325,38.854166666666664,141.16875,1.256
58412124,118,38.854166666666664,141.18125,0.945
58412125,32,38.854166666666664,141.19375,1.597
58412126,21,38.854166666666664,141.20624999999998,2.56
58412127,28,38.854166666666664,141.21875,3.591
58412128,15,38.854166666666664,141.23125,4.646
58412131,37,38.8625,141.14374999999998,3.541
58412132,107,38.8625,141.15625,2.677
58412133,157,38.8625,141.16875,2.034
58412134,54,38.8625,141.18125,1.858
58412135,24,38.8625,141.19375,2.261
58412136,101,38.8625,141.20624999999998,3.018
58412137,37,38.8625,141.21875,3.931
58412141,6,38.87083333333333,141.14374999999998,4.1
58412142,3,38.87083333333333,141.15625,3.383
58412143,95,38.87083333333333,141.16875,2.901
58412144,20,38.87083333333333,141.18125,2.78
58412145,63,38.87083333333333,141.19375,3.064
58412146,3,38.87083333333333,141.20624999999998,3.659
58412147,16,38.87083333333333,141.21875,4.442
58412148,14,38.87083333333333,141.23125,4.9
58412149,3,38.87083333333333,141.24375,4.109
58412151,361,38.87916666666666,141.14374999999998,4.776
58412152,12,38.87916666666666,141.15625,4.176
58412153,3,38.87916666666666,141.16875,3.796
58412154,48,38.87916666666666,141.18125,3.704
58412155,26,38.87916666666666,141.19375,3.922
58412156,27,38.87916666666666,141.20624999999998,4.402
58412157,71,38.87916666666666,141.21875,5.072
58412158,18,38.87916666666666,141.23125,4.382
58412159,34,38.87916666666666,141.24375,3.476
58412160,250,38.887499999999996,141.13125,4.101
58412161,53,38.887499999999996,141.14374999999998,3.955
58412162,45,38.887499999999996,141.15625,4.1
58412163,24,38.887499999999996,141.16875,4.507
58412164,21,38.887499999999996,141.18125,4.63
58412165,8,38.887499999999996,141.19375,4.805
58412166,40,38.887499999999996,141.20624999999998,5.205
58412167,4,38.887499999999996,141.21875,5.057
58412168,34,38.887499999999996,141.23125,4.015
58412169,97,38.887499999999996,141.24375,3.0
58412170,411,38.89583333333333,141.13125,3.216
58412171,108,38.89583333333333,141.14374999999998,3.029
58412172,46,38.89583333333333,141.15625,3.215
58412173,64,38.89583333333333,141.16875,3.721
58412174,52,38.89583333333333,141.18125,4.437
58412175,237,38.89583333333333,141.19375,5.28
58412176,83,38.89583333333333,141.20624999999998,6.0
58412177,57,38.89583333333333,141.21875,4.92
58412178,28,38.89583333333333,141.23125,3.84
58412179,41,38.89583333333333,141.24375,2.763
58412180,622,38.90416666666667,141.13125,2.364
58412181,1097,38.90416666666667,141.14374999999998,2.102
58412182,235,38.90416666666667,141.15625,2.363
58412183,241,38.90416666666667,141.16875,3.015
58412184,309,38.90416666666667,141.18125,3.865
58412185,320,38.90416666666667,141.19375,4.808
58412186,43,38.90416666666667,141.20624999999998,5.8
58412187,55,38.90416666666667,141.21875,4.955
58412188,50,38.90416666666667,141.23125,3.886
58412189,27,38.90416666666667,141.24375,2.825
58412190,1022,38.9125,141.13125,1.598
58412191,1519,38.9125,141.14374999999998,1.175
58412192,541,38.9125,141.15625,1.596
58412193,383,38.9125,141.16875,2.46
58412194,103,38.9125,141.18125,3.449
58412195,83,38.9125,141.19375,4.481
58412196,28,38.9125,141.20624999999998,5.532
58412197,66,38.9125,141.21875,5.159
58412198,32,38.9125,141.23125,4.143
58412199,64,38.9125,141.24375,3.17
58412200,63,38.8375,141.25625,6.047
58412201,97,38.8375,141.26874999999998,6.786
58412202,21,38.8375,141.28125,6.779
58412203,42,38.8375,141.29375,6.294
58412204,12,38.8375,141.30625,5.444
58412205,18,38.8375,141.31875,4.69
58412206,53,38.8375,141.33124999999998,4.087
58412207,47,38.8375,141.34375,3.708
58412208,64,38.8375,141.35625,3.626
58412209,70,38.8375,141.36875,3.857
58412210,80,38.84583333333333,141.25625,6.068
58412211,174,38.84583333333333,141.26874999999998,5.863
58412212,101,38.84583333333333,141.28125,5.855
58412213,170,38.84583333333333,141.29375,5.811
58412214,123,38.84583333333333,141.30625,4.878
58412215,38,38.84583333333333,141.31875,4.019
58412216,95,38.84583333333333,141.33124999999998,3.295
58412217,138,38.84583333333333,141.34375,2.812
58412218,123,38.84583333333333,141.35625,2.702
58412219,128,38.84583333333333,141.36875,3.006
58412220,1,38.854166666666664,141.25625,5.183
58412221,24,38.854166666666664,141.26874999999998,4.942
58412222,106,38.854166666666664,141.28125,4.933
58412223,216,38.854166666666664,141.29375,5.155
58412224,113,38.854166666666664,141.30625,4.434
58412225,67,38.854166666666664,141.31875,3.468
58412226,88,38.854166666666664,141.33124999999998,2.595
58412227,195,38.854166666666664,141.34375,1.945
58412228,122,38.854166666666664,141.35625,1.782
58412229,31,38.854166666666664,141.36875,2.216
58412232,63,38.8625,141.28125,4.012
58412233,96,38.8625,141.29375,4.282
58412234,111,38.8625,141.30625,4.154
58412235,65,38.8625,141.31875,3.101
58412236,66,38.8625,141.33124999999998,2.08
58412237,582,38.8625,141.34375,1.173
58412238,416,38.8625,141.35625,0.876
58412239,105,38.8625,141.36875,1.582
58412240,3,38.87083333333333,141.25625,3.48
58412241,12,38.87083333333333,141.26874999999998,3.11
58412242,46,38.87083333333333,141.28125,3.094
58412243,64,38.87083333333333,141.29375,3.438
58412244,65,38.87083333333333,141.30625,4.05
58412245,100,38.87083333333333,141.31875,2.987
58412246,41,38.87083333333333,141.33124999999998,1.906
58412247,184,38.87083333333333,141.34375,0.827
58412248,191,38.87083333333333,141.35625,0.276
58412249,149,38.87083333333333,141.36875,1.346
58412250,63,38.87916666666666,141.25625,2.703
58412251,70,38.87916666666666,141.26874999999998,2.207
58412252,44,38.87916666666666,141.28125,2.185
58412253,98,38.87916666666666,141.29375,2.649
58412254,31,38.87916666666666,141.30625,3.406
58412255,71,38.87916666666666,141.31875,3.154
58412256,93,38.87916666666666,141.33124999999998,2.158
58412257,208,38.87916666666666,141.34375,1.307
58412258,139,38.87916666666666,141.35625,1.05
58412259,70,38.87916666666666,141.36875,1.684
58412260,135,38.887499999999996,141.25625,2.055
58412261,14,38.887499999999996,141.26874999999998,1.336
58412262,47,38.887499999999996,141.28125,1.3
58412263,62,38.887499999999996,141.29375,1.983
58412264,27,38.887499999999996,141.30625,2.815
58412265,13,38.887499999999996,141.31875,2.272
58412266,80,38.887499999999996,141.33124999999998,2.178
58412267,87,38.887499999999996,141.34375,2.11
58412268,101,38.887499999999996,141.35625,1.961
58412269,62,38.887499999999996,141.36875,2.362
58412270,125,38.89583333333333,141.25625,1.69
58412271,47,38.89583333333333,141.26874999999998,0.647
58412272,169,38.89583333333333,141.28125,0.567
58412273,137,38.89583333333333,141.29375,1.602
58412274,62,38.89583333333333,141.30625,2.19
58412275,88,38.89583333333333,141.31875,1.427
58412276,106,38.89583333333333,141.33124999999998,1.272
58412277,60,38.89583333333333,141.34375,1.881
58412278,56,38.89583333333333,141.35625,2.793
58412279,57,38.89583333333333,141.36875,3.169
58412280,155,38.90416666666667,141.25625,1.79
58412281,528,38.90416666666667,141.26874999999998,0.876
58412282,289,38.90416666666667,141.28125,0.82
58412283,231,38.90416666666667,141.29375,1.707
58412284,54,38.90416666666667,141.30625,1.84
58412285,54,38.90416666666667,141.31875,0.792
58412286,91,38.90416666666667,141.33124999999998,0.457
58412287,85,38.90416666666667,141.34375,1.459
58412288,63,38.90416666666667,141.35625,2.528
58412289,85,38.90416666666667,141.36875,3.57
58412290,139,38.9125,141.25625,2.296
58412291,25,38.9125,141.26874999999998,1.684
58412292,80,38.9125,141.28125,1.655
58412293,56,38.9125,141.29375,2.232
58412294,24,38.9125,141.30625,1.9
58412295,252,38.9125,141.31875,0.829
58412296,633,38.9125,141.33124999999998,0.199
58412297,762,38.9125,141.34375,1.263
58412298,73,38.9125,141.35625,2.343
58412299,40,38.9125,141.36875,3.424
58412300,48,38.8375,141.38125,4.354
58412303,9,38.8375,141.41875,6.727
58412304,51,38.8375,141.43125,7.654
58412305,17,38.8375,141.44375,6.845
58412310,118,38.84583333333333,141.38125,3.621
58412311,74,38.84583333333333,141.39374999999998,4.42
58412314,134,38.84583333333333,141.43125,7.27
58412315,3,38.84583333333333,141.44375,7.524
58412321,12,38.854166666666664,141.39374999999998,3.925
58412322,1,38.854166666666664,141.40625,4.917
58412323,54,38.854166666666664,141.41875,5.94
58412324,38,38.854166666666664,141.43125,6.98
58412330,75,38.8625,141.38125,2.565
58412332,20,38.8625,141.40625,4.665
58412333,41,38.8625,141.41875,5.733
58412334,58,38.8625,141.43125,6.805
58412335,14,38.8625,141.44375,7.88
58412340,103,38.87083333333333,141.38125,2.426
58412341,16,38.87083333333333,141.39374999999998,3.508
58412342,7,38.87083333333333,141.40625,4.59
58412343,18,38.87083333333333,141.41875,5.672
58412344,66,38.87083333333333,141.43125,6.754
58412350,120,38.87916666666666,141.38125,2.629
58412351,54,38.87916666666666,141.39374999999998,3.651
58412353,4,38.87916666666666,141.41875,5.761
58412354,37,38.87916666666666,141.43125,6.829
58412360,90,38.887499999999996,141.38125,3.107
58412361,90,38.887499999999996,141.39374999999998,4.009
58412362,12,38.887499999999996,141.40625,4.983
58412363,78,38.887499999999996,141.41875,5.994
58412364,28,38.887499999999996,141.43125,7.027
58412365,29,38.887499999999996,141.44375,8.072
58412366,12,38.887499999999996,141.45624999999998,8.234
58412370,46,38.89583333333333,141.38125,3.757
58412371,119,38.89583333333333,141.39374999999998,4.531
58412372,14,38.89583333333333,141.40625,5.412
58412373,49,38.89583333333333,141.41875,6.355
58412374,146,38.89583333333333,141.43125,7.337
58412375,77,38.89583333333333,141.44375,8.343
58412376,38,38.89583333333333,141.45624999999998,7.949
58412380,153,38.90416666666667,141.38125,4.505
58412381,62,38.90416666666667,141.39374999999998,5.168
58412382,71,38.90416666666667,141.40625,5.955
58412383,55,38.90416666666667,141.41875,6.824
58412384,82,38.90416666666667,141.43125,7.746
58412385,3,38.90416666666667,141.44375,8.705
58412387,3,38.90416666666667,141.46875,6.696
58412388,10,38.90416666666667,141.48125,5.632
58412390,90,38.9125,141.38125,4.506
58412391,38,38.9125,141.39374999999998,5.587
58412393,91,38.9125,141.41875,7.379
58412394,6,38.9125,141.43125,8.24
58412396,61,38.9125,141.45624999999998,7.689
58412397,66,38.9125,141.46875,6.607
58412398,50,38.9125,141.48125,5.526
58412399,51,38.9125,141.49375,4.445
58413000,16,38.920833333333334,141.00625,9.036
58413001,7,38.920833333333334,141.01874999999998,7.987
58413002,23,38.920833333333334,141.03125,6.947
58413003,71,38.920833333333334,141.04375,5.923
58413005,49,38.920833333333334,141.06875,3.965
58413006,143,38.920833333333334,141.08124999999998,3.007
58413007,691,38.920833333333334,141.09375,2.13
58413008,2026,38.920833333333334,141.10625,1.538
58413009,1681,38.920833333333334,141.11875,0.999
58413010,27,38.92916666666667,141.00625,8.872
58413011,80,38.92916666666667,141.01874999999998,7.801
58413012,61,38.92916666666667,141.03125,6.732
58413013,41,38.92916666666667,141.04375,5.669
58413014,13,38.92916666666667,141.05625,4.614
58413015,4,38.92916666666667,141.06875,3.575
58413016,291,38.92916666666667,141.08124999999998,2.571
58413017,674,38.92916666666667,141.09375,1.635
58413018,1362,38.92916666666667,141.10625,0.711
58413019,3118,38.92916666666667,141.11875,0.66
58413020,33,38.9375,141.00625,8.802
58413021,32,38.9375,141.01874999999998,7.722
58413022,19,38.9375,141.03125,6.641
58413023,175,38.9375,141.04375,5.56
58413024,195,38.9375,141.05625,4.48
58413025,155,38.9375,141.06875,3.4
58413026,556,38.9375,141.08124999999998,2.322
58413027,1607,38.9375,141.09375,1.248
58413028,1928,38.9375,141.10625,0.246
58413029,1840,38.9375,141.11875,0.331
58413030,22,38.94583333333333,141.00625,8.83
58413031,41,38.94583333333333,141.01874999999998,7.753
58413032,61,38.94583333333333,141.03125,6.678
58413033,447,38.94583333333333,141.04375,5.605
58413034,298,38.94583333333333,141.05625,4.535
58413035,34,38.94583333333333,141.06875,3.473
58413036,152,38.94583333333333,141.08124999999998,2.427
58413037,331,38.94583333333333,141.09375,1.434
58413038,368,38.94583333333333,141.10625,0.748
58413039,394,38.94583333333333,141.11875,0.959
58413040,49,38.954166666666666,141.00625,8.954
58413041,89,38.954166666666666,141.01874999999998,7.895
58413043,84,38.954166666666666,141.04375,5.799
58413044,67,38.954166666666666,141.05625,4.773
58413046,7,38.954166666666666,141.08124999999998,2.847
58413047,32,38.954166666666666,141.09375,2.067
58413048,70,38.954166666666666,141.10625,1.666
58413049,216,38.954166666666666,141.11875,1.43
58413050,64,38.9625,141.00625,9.171
58413051,14,38.9625,141.01874999999998,8.139
58413053,11,38.9625,141.04375,6.128
58413054,32,38.9625,141.05625,5.168
58413056,48,38.9625,141.08124999999998,3.469
58413057,85,38.9625,141.09375,2.489
58413058,68,38.9625,141.10625,1.443
58413059,277,38.9625,141.11875,0.552
58413060,10,38.97083333333333,141.00625,9.473
58413063,17,38.97083333333333,141.04375,6.408
58413064,80,38.97083333333333,141.05625,5.348
58413065,53,38.97083333333333,141.06875,4.297
58413066,100,38.97083333333333,141.08124999999998,3.267
58413067,45,38.97083333333333,141.09375,2.284
58413068,319,38.97083333333333,141.10625,1.435
58413069,478,38.97083333333333,141.11875,0.532
58413070,12,38.979166666666664,141.00625,9.551
58413076,70,38.979166666666664,141.08124999999998,3.073
58413077,213,38.979166666666664,141.09375,1.996
58413078,170,38.979166666666664,141.10625,0.927
58413079,401,38.979166666666664,141.11875,0.267
58413080,39,38.987500000000004,141.00625,9.576
58413081,6,38.987500000000004,141.01874999999998,8.499
58413082,7,38.987500000000004,141.03125,7.423
58413083,28,38.987500000000004,141.04375,6.349
58413085,23,38.987500000000004,141.06875,4.209
58413086,3,38.987500000000004,141.08124999999998,3.15
58413087,70,38.987500000000004,141.09375,2.114
58413088,528,38.987500000000004,141.10625,1.16
58413089,920,38.987500000000004,141.11875,0.746
58413090,11,38.99583333333334,141.00625,9.69
58413091,47,38.99583333333334,141.01874999999998,8.627
58413092,11,38.99583333333334,141.03125,7.57
58413093,13,38.99583333333334,141.04375,6.519
58413094,32,38.99583333333334,141.05625,5.481
58413095,18,38.99583333333334,141.06875,4.463
58413096,9,38.99583333333334,141.08124999999998,3.482
58413098,430,38.99583333333334,141.10625,1.883
58413099,263,38.99583333333334,141.11875,1.661
58413100,1713,38.920833333333334,141.13125,0.885
58413101,2437,38.920833333333334,141.14374999999998,0.249
58413102,252,38.920833333333334,141.15625,1.108
58413103,63,38.920833333333334,141.16875,2.166
58413104,71,38.920833333333334,141.18125,3.232
58413105,45,38.920833333333334,141.19375,4.305
58413106,47,38.920833333333334,141.20624999999998,5.382
58413107,28,38.920833333333334,141.21875,5.514
58413108,12,38.920833333333334,141.23125,4.577
58413109,26,38.920833333333334,141.24375,3.719
58413110,2729,38.92916666666667,141.13125,0.157
58413111,3630,38.92916666666667,141.14374999999998,0.479
58413112,1456,38.92916666666667,141.15625,1.142
58413113,297,38.92916666666667,141.16875,2.172
58413114,48,38.92916666666667,141.18125,3.235
58413115,76,38.92916666666667,141.19375,4.308
58413116,72,38.92916666666667,141.20624999999998,5.384
58413119,30,38.92916666666667,141.24375,4.397
58413120,2930,38.9375,141.13125,0.752
58413121,1236,38.9375,141.14374999999998,0.24
58413122,144,38.9375,141.15625,1.208
58413123,414,38.9375,141.16875,2.28
58413124,78,38.9375,141.18125,3.358
58413125,62,38.9375,141.19375,4.438
58413126,4,38.9375,141.20624999999998,5.518
58413127,24,38.9375,141.21875,6.565
58413128,5,38.9375,141.23125,5.802
58413129,101,38.9375,141.24375,5.153
58413130,1815,38.94583333333333,141.13125,1.173
58413131,62,38.94583333333333,141.14374999999998,0.72
58413132,49,38.94583333333333,141.15625,1.386
58413133,130,38.94583333333333,141.16875,2.379
58413134,264,38.94583333333333,141.18125,3.426
58413136,8,38.94583333333333,141.20624999999998,5.559
58413137,51,38.94583333333333,141.21875,5.75
58413138,1,38.94583333333333,141.23125,5.283
58413139,117,38.94583333333333,141.24375,5.009
58413140,686,38.954166666666666,141.13125,1.614
58413143,63,38.954166666666666,141.16875,2.8
58413144,141,38.954166666666666,141.18125,3.73
58413145,71,38.954166666666666,141.19375,4.725
58413146,24,38.954166666666666,141.20624999999998,5.679
58413147,53,38.954166666666666,141.21875,4.975
58413148,9,38.954166666666666,141.23125,4.427
58413149,16,38.954166666666666,141.24375,4.095
58413150,69,38.9625,141.13125,0.93
58413153,178,38.9625,141.16875,3.425
58413154,97,38.9625,141.18125,4.22
58413155,84,38.9625,141.19375,5.121
58413156,28,38.9625,141.20624999999998,5.064
58413157,34,38.9625,141.21875,4.261
58413158,13,38.9625,141.23125,3.605
58413159,274,38.9625,141.24375,3.19
58413162,24,38.97083333333333,141.15625,2.995
58413163,201,38.97083333333333,141.16875,4.066
58413164,137,38.97083333333333,141.18125,4.839
58413165,66,38.97083333333333,141.19375,5.531
58413166,130,38.97083333333333,141.20624999999998,4.557
58413167,113,38.97083333333333,141.21875,3.643
58413168,14,38.97083333333333,141.23125,2.849
58413169,155,38.97083333333333,141.24375,2.301
58413171,52,38.979166666666664,141.14374999999998,2.331
58413172,134,38.979166666666664,141.15625,3.265
58413173,93,38.979166666666664,141.16875,4.269
58413174,104,38.979166666666664,141.18125,5.304
58413175,76,38.979166666666664,141.19375,5.237
58413176,155,38.979166666666664,141.20624999999998,4.195
58413177,76,38.979166666666664,141.21875,3.18
58413178,48,38.979166666666664,141.23125,2.226
58413179,220,38.979166666666664,141.24375,1.46
58413181,221,38.987500000000004,141.14374999999998,2.446
58413182,126,38.987500000000004,141.15625,3.493
58413183,46,38.987500000000004,141.16875,4.555
58413184,4,38.987500000000004,141.18125,5.616
58413185,87,38.987500000000004,141.19375,5.097
58413186,37,38.987500000000004,141.20624999999998,4.019
58413187,36,38.987500000000004,141.21875,2.943
58413189,133,38.987500000000004,141.24375,0.829
58413190,56,38.99583333333334,141.13125,2.075
58413191,373,38.99583333333334,141.14374999999998,2.861
58413192,242,38.99583333333334,141.15625,3.795
58413193,66,38.99583333333334,141.16875,4.791
58413194,2,38.99583333333334,141.18125,5.817
58413197,38,38.99583333333334,141.21875,2.989
58413198,14,38.99583333333334,141.23125,1.944
58413199,261,38.99583333333334,141.24375,0.979
58413200,131,38.920833333333334,141.25625,3.009
58413201,12,38.920833333333334,141.26874999999998,2.573
58413202,55,38.920833333333334,141.28125,2.554
58413203,34,38.920833333333334,141.29375,2.961
58413204,74,38.920833333333334,141.30625,2.155
58413205,196,38.920833333333334,141.31875,1.233
58413206,1278,38.920833333333334,141.33124999999998,0.859
58413207,842,38.920833333333334,141.34375,1.514
58413208,112,38.920833333333334,141.35625,2.488
58413209,26,38.920833333333334,141.36875,3.525
58413210,142,38.92916666666667,141.25625,3.815
58413211,66,38.92916666666667,141.26874999999998,3.482
58413212,47,38.92916666666667,141.28125,3.468
58413213,13,38.92916666666667,141.29375,3.538
58413214,81,38.92916666666667,141.30625,2.656
58413215,93,38.92916666666667,141.31875,1.984
58413216,305,38.92916666666667,141.33124999999998,1.775
58413217,382,38.92916666666667,141.34375,2.17
58413218,139,38.92916666666667,141.35625,2.933
58413219,132,38.92916666666667,141.36875,3.852
58413220,74,38.9375,141.25625,4.667
58413221,26,38.9375,141.26874999999998,4.398
58413222,29,38.9375,141.28125,4.387
58413223,4,38.9375,141.29375,4.08
58413224,55,38.9375,141.30625,3.345
58413225,21,38.9375,141.31875,2.84
58413226,58,38.9375,141.33124999999998,2.699
58413227,168,38.9375,141.34375,2.973
58413228,32,38.9375,141.35625,3.568
58413229,16,38.9375,141.36875,4.355
58413230,89,38.94583333333333,141.25625,4.96
58413231,51,38.94583333333333,141.26874999999998,5.143
58413232,17,38.94583333333333,141.28125,5.309
58413233,15,38.94583333333333,141.29375,4.743
58413234,68,38.94583333333333,141.30625,4.128
58413235,79,38.94583333333333,141.31875,3.73
58413236,53,38.94583333333333,141.33124999999998,3.624
58413237,85,38.94583333333333,141.34375,3.833
58413238,124,38.94583333333333,141.35625,4.311
58413239,64,38.94583333333333,141.36875,4.981
58413240,594,38.954166666666666,141.25625,4.035
58413241,13,38.954166666666666,141.26874999999998,4.258
58413243,4,38.954166666666666,141.29375,5.307
58413244,53,38.954166666666666,141.30625,4.894
58413245,52,38.954166666666666,141.31875,4.635
58413246,84,38.954166666666666,141.33124999999998,4.55
58413247,71,38.954166666666666,141.34375,4.718
58413248,165,38.954166666666666,141.35625,5.114
58413249,124,38.954166666666666,141.36875,5.69
58413250,87,38.9625,141.25625,3.112
58413252,2,38.9625,141.28125,3.965
58413253,19,38.9625,141.29375,4.51
58413256,42,38.9625,141.33124999999998,3.834
58413257,25,38.9625,141.34375,4.182
58413258,75,38.9625,141.35625,4.755
58413259,139,38.9625,141.36875,5.484
58413260,18,38.97083333333333,141.25625,2.193
58413261,5,38.97083333333333,141.26874999999998,2.58
58413262,72,38.97083333333333,141.28125,3.292
58413263,26,38.97083333333333,141.29375,3.773
58413264,19,38.97083333333333,141.30625,3.165
58413265,3,38.97083333333333,141.31875,2.852
58413266,62,38.97083333333333,141.33124999999998,2.931
58413267,57,38.97083333333333,141.34375,3.373
58413268,12,38.97083333333333,141.35625,4.062
58413269,71,38.97083333333333,141.36875,4.895
58413270,15,38.979166666666664,141.25625,1.282
58413271,3,38.979166666666664,141.26874999999998,1.869
58413272,17,38.979166666666664,141.28125,2.77
58413273,6,38.979166666666664,141.29375,3.137
58413274,2,38.979166666666664,141.30625,2.372
58413275,12,38.979166666666664,141.31875,1.935
58413276,30,38.979166666666664,141.33124999999998,2.049
58413277,33,38.979166666666664,141.34375,2.643
58413278,13,38.979166666666664,141.35625,3.48
58413279,36,38.979166666666664,141.36875,4.423
58413280,230,38.987500000000004,141.25625,0.446
58413281,17,38.987500000000004,141.26874999999998,1.431
58413282,73,38.987500000000004,141.28125,2.496
58413283,60,38.987500000000004,141.29375,2.677
58413284,16,38.987500000000004,141.30625,1.717
58413285,102,38.987500000000004,141.31875,1.034
58413286,109,38.987500000000004,141.33124999999998,1.234
58413287,39,38.987500000000004,141.34375,2.076
58413288,73,38.987500000000004,141.35625,3.071
58413289,104,38.987500000000004,141.36875,4.11
58413290,439,38.99583333333334,141.25625,0.686
58413291,1039,38.99583333333334,141.26874999999998,1.523
58413292,190,38.99583333333334,141.28125,2.549
58413293,116,38.99583333333334,141.29375,2.491
58413294,120,38.99583333333334,141.30625,1.411
58413295,743,38.99583333333334,141.31875,0.334
58413296,883,38.99583333333334,141.33124999999998,0.752
58413297,66,38.99583333333334,141.34375,1.831
58413298,70,38.99583333333334,141.35625,2.911
58413299,83,38.99583333333334,141.36875,3.991
58413300,2,38.920833333333334,141.38125,4.582
58413301,86,38.920833333333334,141.39374999999998,5.649
58413302,71,38.920833333333334,141.40625,6.72
58413303,126,38.920833333333334,141.41875,7.794
58413304,12,38.920833333333334,141.43125,8.803
58413305,4,38.920833333333334,141.44375,8.8
58413306,79,38.920833333333334,141.45624999999998,7.724
58413307,137,38.920833333333334,141.46875,6.648
58413308,129,38.920833333333334,141.48125,5.575
58413309,37,38.920833333333334,141.49375,4.506
58413310,169,38.92916666666667,141.38125,4.838
58413311,47,38.92916666666667,141.39374999999998,5.858
58413312,38,38.92916666666667,141.40625,6.897
58413313,141,38.92916666666667,141.41875,7.947
58413314,63,38.92916666666667,141.43125,9.005
58413315,40,38.92916666666667,141.44375,8.927
58413316,41,38.92916666666667,141.45624999999998,7.868
58413317,45,38.92916666666667,141.46875,6.816
58413318,8,38.92916666666667,141.48125,5.774
58413320,56,38.9375,141.38125,5.248
58413321,72,38.9375,141.39374999999998,6.201
58413322,79,38.9375,141.40625,7.19
58413323,144,38.9375,141.41875,8.203
58413324,136,38.9375,141.43125,9.231
58413325,483,38.9375,141.44375,9.147
58413326,489,38.9375,141.45624999999998,8.117
58413327,53,38.9375,141.46875,7.101
58413328,2,38.9375,141.48125,6.109
58413330,46,38.94583333333333,141.38125,5.778
58413331,79,38.94583333333333,141.39374999999998,6.655
58413332,68,38.94583333333333,141.40625,7.586
58413333,43,38.94583333333333,141.41875,8.551
58413334,70,38.94583333333333,141.43125,9.542
58413335,159,38.94583333333333,141.44375,9.453
58413336,189,38.94583333333333,141.45624999999998,8.46
58413337,38,38.94583333333333,141.46875,7.491
58413340,106,38.954166666666666,141.38125,6.399
58413341,121,38.954166666666666,141.39374999999998,7.201
58413342,87,38.954166666666666,141.40625,8.069
58413343,24,38.954166666666666,141.41875,8.982
58413344,39,38.954166666666666,141.43125,9.93
58413345,39,38.954166666666666,141.44375,9.837
58413346,47,38.954166666666666,141.45624999999998,8.887
58413347,56,38.954166666666666,141.46875,7.971
58413348,15,38.954166666666666,141.48125,7.101
58413350,193,38.9625,141.38125,6.314
58413351,61,38.9625,141.39374999999998,7.21
58413352,79,38.9625,141.40625,8.152
58413353,32,38.9625,141.41875,9.124
58413355,9,38.9625,141.44375,10.29
58413357,31,38.9625,141.46875,8.524
58413360,22,38.97083333333333,141.38125,5.81
58413361,28,38.97083333333333,141.39374999999998,6.773
58413362,59,38.97083333333333,141.40625,7.768
58413363,44,38.97083333333333,141.41875,8.783
58413367,5,38.97083333333333,141.46875,9.138
58413368,10,38.97083333333333,141.48125,8.39
58413370,55,38.979166666666664,141.38125,5.418
58413371,131,38.979166666666664,141.39374999999998,6.441
58413372,53,38.979166666666664,141.40625,7.479
58413380,89,38.987500000000004,141.38125,5.165
58413381,88,38.987500000000004,141.39374999999998,6.229
58413382,182,38.987500000000004,141.40625,7.298
58413384,5,38.987500000000004,141.43125,9.443
58413390,49,38.99583333333334,141.38125,5.071
58413391,66,38.99583333333334,141.39374999999998,6.151
58413392,31,38.99583333333334,141.40625,7.232
58413393,61,38.99583333333334,141.41875,8.312
58413394,30,38.99583333333334,141.43125,9.392
58413479,254,38.979166666666664,141.61875,4.114
58413488,13,38.987500000000004,141.60625,3.591
58413489,394,38.987500000000004,141.61875,3.204
58413498,69,38.99583333333334,141.60625,2.819
58413499,417,38.99583333333334,141.61875,2.307
58413526,5,38.9375,141.70624999999998,8.593
58413535,141,38.94583333333333,141.69375,7.404
58413536,248,38.94583333333333,141.70624999999998,7.721
58413545,460,38.954166666666666,141.69375,6.505
58413546,113,38.954166666666666,141.70624999999998,6.864
58413547,148,38.954166666666666,141.71875,7.366
58413555,486,38.9625,141.69375,5.615
58413556,271,38.9625,141.70624999999998,6.027
58413557,92,38.9625,141.71875,6.593
58413563,2,38.97083333333333,141.66875,4.456
58413564,151,38.97083333333333,141.68125,4.471
58413565,234,38.97083333333333,141.69375,4.739
58413570,88,38.979166666666664,141.63125,4.078
58413573,36,38.979166666666664,141.66875,3.536
58413574,19,38.979166666666664,141.68125,3.555
58413575,155,38.979166666666664,141.69375,3.886
58413576,222,38.979166666666664,141.70624999999998,4.462
58413580,7,38.987500000000004,141.63125,3.157
58413583,106,38.987500000000004,141.66875,2.621
58413584,109,38.987500000000004,141.68125,2.646
58413585,113,38.987500000000004,141.69375,3.077
58413586,443,38.987500000000004,141.70624999999998,3.778
58413587,51,38.987500000000004,141.71875,4.627
58413588,201,38.987500000000004,141.73125,5.557
58413589,79,38.987500000000004,141.74375,6.533
58413590,3,38.99583333333334,141.63125,2.242
58413593,3,38.99583333333334,141.66875,1.718
58413594,73,38.99583333333334,141.68125,1.757
58413595,114,38.99583333333334,141.69375,2.357
58413596,442,38.99583333333334,141.70624999999998,3.218
58413597,215,38.99583333333334,141.71875,4.182
58413598,529,38.99583333333334,141.73125,5.192
58413599,70,38.99583333333334,141.74375,6.226
58414000,12,39.00416666666667,141.00625,9.889
58414001,48,39.00416666666667,141.01874999999998,8.851
58414003,36,39.00416666666667,141.04375,6.813
58414005,10,39.00416666666667,141.06875,4.882
58414006,51,39.00416666666667,141.08124999999998,4.006
58414007,146,39.00416666666667,141.09375,3.254
58414008,146,39.00416666666667,141.10625,2.733
58414010,3,39.0125,141.00625,10.17
58414011,45,39.0125,141.01874999999998,9.163
58414012,63,39.0125,141.03125,8.176
58414014,6,39.0125,141.05625,6.292
58414015,1,39.0125,141.06875,5.429
58414016,101,39.0125,141.08124999999998,4.656
58414017,168,39.0125,141.09375,4.028
58414018,453,39.0125,141.10625,3.62
58414019,89,39.0125,141.11875,3.509
58414020,1,39.020833333333336,141.00625,10.525
58414021,9,39.020833333333336,141.01874999999998,9.556
58414022,15,39.020833333333336,141.03125,8.613
58414023,50,39.020833333333336,141.04375,7.707
58414025,24,39.020833333333336,141.06875,6.068
58414026,147,39.020833333333336,141.08124999999998,5.192
58414027,180,39.020833333333336,141.09375,4.366
58414028,130,39.020833333333336,141.10625,3.674
58414029,62,39.020833333333336,141.11875,3.204
58414031,8,39.02916666666667,141.01874999999998,9.697
58414032,28,39.02916666666667,141.03125,8.672
58414033,81,39.02916666666667,141.04375,7.662
58414034,38,39.02916666666667,141.05625,6.675
58414035,92,39.02916666666667,141.06875,5.69
58414036,128,39.02916666666667,141.08124999999998,4.706
58414037,1,39.02916666666667,141.09375,3.775
58414038,33,39.02916666666667,141.10625,2.948
58414039,69,39.02916666666667,141.11875,2.336
58414040,14,39.0375,141.00625,10.521
58414041,3,39.0375,141.01874999999998,9.462
58414043,7,39.0375,141.04375,7.364
58414044,89,39.0375,141.05625,6.329
58414045,342,39.0375,141.06875,5.313
58414046,63,39.0375,141.08124999999998,4.328
58414048,28,39.0375,141.10625,2.366
58414049,904,39.0375,141.11875,1.538
58414050,31,39.045833333333334,141.00625,9.767
58414051,7,39.045833333333334,141.01874999999998,9.229
58414053,78,39.045833333333334,141.04375,7.173
58414054,163,39.045833333333334,141.05625,6.107
58414055,139,39.045833333333334,141.06875,5.046
58414056,2,39.045833333333334,141.08124999999998,3.995
58414057,50,39.045833333333334,141.09375,2.965
58414058,87,39.045833333333334,141.10625,1.989
58414059,1213,39.045833333333334,141.11875,0.997
58414060,4,39.05416666666667,141.00625,9.0
58414061,7,39.05416666666667,141.01874999999998,8.414
58414062,12,39.05416666666667,141.03125,7.932
58414063,69,39.05416666666667,141.04375,7.099
58414064,6,39.05416666666667,141.05625,6.02
58414065,13,39.05416666666667,141.06875,4.941
58414066,14,39.05416666666667,141.08124999999998,3.862
58414067,132,39.05416666666667,141.09375,2.783
58414068,88,39.05416666666667,141.10625,1.705
58414069,976,39.05416666666667,141.11875,0.631
58414072,63,39.0625,141.03125,7.089
58414073,18,39.0625,141.04375,6.686
58414074,8,39.0625,141.05625,6.075
58414075,6,39.0625,141.06875,5.007
58414076,63,39.0625,141.08124999999998,3.947
58414077,63,39.0625,141.09375,2.9
58414078,203,39.0625,141.10625,1.89
58414079,240,39.0625,141.11875,1.032
58414080,10,39.07083333333334,141.00625,7.575
58414081,81,39.07083333333334,141.01874999999998,6.869
58414083,61,39.07083333333334,141.04375,5.81
58414084,109,39.07083333333334,141.05625,5.526
58414085,74,39.07083333333334,141.06875,5.24
58414086,77,39.07083333333334,141.08124999999998,4.238
58414087,78,39.07083333333334,141.09375,3.286
58414088,54,39.07083333333334,141.10625,2.441
58414089,68,39.07083333333334,141.11875,1.858
58414090,95,39.07916666666667,141.00625,6.939
58414091,6,39.07916666666667,141.01874999999998,6.16
58414092,20,39.07916666666667,141.03125,5.484
58414093,158,39.07916666666667,141.04375,4.953
58414094,70,39.07916666666667,141.05625,4.616
58414095,82,39.07916666666667,141.06875,4.519
58414096,84,39.07916666666667,141.08124999999998,4.675
58414097,151,39.07916666666667,141.09375,3.86
58414098,73,39.07916666666667,141.10625,3.172
58414099,90,39.07916666666667,141.11875,2.748
58414100,213,39.00416666666667,141.13125,2.868
58414101,194,39.00416666666667,141.14374999999998,3.479
58414102,6,39.00416666666667,141.15625,4.28
58414103,41,39.00416666666667,141.16875,5.183
58414104,1,39.00416666666667,141.18125,6.144
58414106,9,39.00416666666667,141.20624999999998,4.291
58414107,100,39.00416666666667,141.21875,3.305
58414108,38,39.00416666666667,141.23125,2.402
58414109,11,39.00416666666667,141.24375,1.717
58414110,103,39.0125,141.13125,3.723
58414111,170,39.0125,141.14374999999998,4.161
58414113,11,39.0125,141.16875,5.212
58414115,16,39.0125,141.19375,5.651
58414116,15,39.0125,141.20624999999998,4.703
58414117,84,39.0125,141.21875,3.825
58414118,66,39.0125,141.23125,3.078
58414119,43,39.0125,141.24375,2.58
58414120,196,39.020833333333336,141.13125,3.06
58414121,145,39.020833333333336,141.14374999999998,3.285
58414122,40,39.020833333333336,141.15625,3.815
58414125,19,39.020833333333336,141.19375,6.112
58414126,101,39.020833333333336,141.20624999999998,5.248
58414127,73,39.020833333333336,141.21875,4.478
58414128,78,39.020833333333336,141.23125,3.86
58414129,45,39.020833333333336,141.24375,3.475
58414130,55,39.02916666666667,141.13125,2.134
58414131,123,39.02916666666667,141.14374999999998,2.446
58414132,122,39.02916666666667,141.15625,3.121
58414133,36,39.02916666666667,141.16875,3.979
58414134,6,39.02916666666667,141.18125,4.925
58414135,51,39.02916666666667,141.19375,5.917
58414136,39,39.02916666666667,141.20624999999998,5.889
58414138,62,39.02916666666667,141.23125,4.695
58414140,93,39.0375,141.13125,1.21
58414141,80,39.0375,141.14374999999998,1.701
58414142,262,39.0375,141.15625,2.579
58414143,52,39.0375,141.16875,3.57
58414144,14,39.0375,141.18125,4.569
58414145,25,39.0375,141.19375,5.581
58414147,58,39.0375,141.21875,6.004
58414148,22,39.0375,141.23125,5.558
58414149,51,39.0375,141.24375,5.299
58414150,770,39.045833333333334,141.13125,0.303
58414151,319,39.045833333333334,141.14374999999998,1.233
58414152,65,39.045833333333334,141.15625,2.22
58414153,119,39.045833333333334,141.16875,3.245
58414154,43,39.045833333333334,141.18125,4.297
58414155,12,39.045833333333334,141.19375,5.36
58414156,8,39.045833333333334,141.20624999999998,6.429
58414157,12,39.045833333333334,141.21875,6.828
58414159,16,39.045833333333334,141.24375,6.217
58414160,1184,39.05416666666667,141.13125,0.137
58414161,70,39.05416666666667,141.14374999999998,0.982
58414162,7,39.05416666666667,141.15625,2.059
58414163,161,39.05416666666667,141.16875,3.137
58414164,226,39.05416666666667,141.18125,4.216
58414165,59,39.05416666666667,141.19375,5.295
58414166,11,39.05416666666667,141.20624999999998,6.375
58414170,686,39.0625,141.13125,0.942
58414171,383,39.0625,141.14374999999998,1.411
58414172,254,39.0625,141.15625,2.295
58414173,21,39.0625,141.16875,3.297
58414174,76,39.0625,141.18125,4.336
58414175,47,39.0625,141.19375,5.391
58414180,615,39.07083333333334,141.13125,1.809
58414181,129,39.07083333333334,141.14374999999998,2.177
58414182,347,39.07083333333334,141.15625,2.831
58414183,181,39.07083333333334,141.16875,3.69
58414184,268,39.07083333333334,141.18125,4.642
58414185,58,39.07083333333334,141.19375,5.64
58414186,8,39.07083333333334,141.20624999999998,6.663
58414187,43,39.07083333333334,141.21875,7.702
58414190,189,39.07916666666667,141.13125,2.716
58414191,152,39.07916666666667,141.14374999999998,3.033
58414192,129,39.07916666666667,141.15625,3.532
58414193,111,39.07916666666667,141.16875,4.252
58414194,16,39.07916666666667,141.18125,5.1
58414195,78,39.07916666666667,141.19375,5.958
58414196,25,39.07916666666667,141.20624999999998,6.533
58414197,4,39.07916666666667,141.21875,7.225
58414198,16,39.07916666666667,141.23125,8.003
58414200,71,39.00416666666667,141.25625,1.569
58414201,124,39.00416666666667,141.26874999999998,2.075
58414202,36,39.00416666666667,141.28125,2.913
58414203,21,39.00416666666667,141.29375,2.639
58414204,78,39.00416666666667,141.30625,1.659
58414205,76,39.00416666666667,141.31875,0.934
58414206,40,39.00416666666667,141.33124999999998,1.151
58414207,72,39.00416666666667,141.34375,2.028
58414208,63,39.00416666666667,141.35625,3.039
58414209,10,39.00416666666667,141.36875,4.085
58414210,126,39.0125,141.25625,2.483
58414211,101,39.0125,141.26874999999998,2.831
58414212,19,39.0125,141.28125,3.492
58414213,50,39.0125,141.29375,3.073
58414214,2,39.0125,141.30625,2.287
58414215,39,39.0125,141.31875,1.83
58414216,125,39.0125,141.33124999999998,1.95
58414217,75,39.0125,141.34375,2.567
58414218,36,39.0125,141.35625,3.422
58414219,81,39.0125,141.36875,4.378
58414220,89,39.020833333333336,141.25625,3.404
58414221,10,39.020833333333336,141.26874999999998,3.666
58414222,3,39.020833333333336,141.28125,4.197
58414223,78,39.020833333333336,141.29375,3.693
58414224,45,39.020833333333336,141.30625,3.07
58414225,115,39.020833333333336,141.31875,2.747
58414226,264,39.020833333333336,141.33124999999998,2.828
58414227,219,39.020833333333336,141.34375,3.284
58414228,103,39.020833333333336,141.35625,3.988
58414229,46,39.020833333333336,141.36875,4.833
58414230,63,39.02916666666667,141.25625,4.328
58414232,53,39.02916666666667,141.28125,4.976
58414233,191,39.02916666666667,141.29375,4.421
58414234,46,39.02916666666667,141.30625,3.916
58414235,100,39.02916666666667,141.31875,3.668
58414236,69,39.02916666666667,141.33124999999998,3.729
58414237,29,39.02916666666667,141.34375,4.086
58414238,13,39.02916666666667,141.35625,4.671
58414239,8,39.02916666666667,141.36875,5.41
58414240,37,39.0375,141.25625,5.253
58414243,403,39.0375,141.29375,5.213
58414244,19,39.0375,141.30625,4.792
58414245,29,39.0375,141.31875,4.592
58414246,74,39.0375,141.33124999999998,4.641
58414247,128,39.0375,141.34375,4.932
58414248,63,39.0375,141.35625,5.426
58414249,58,39.0375,141.36875,6.074
58414250,18,39.045833333333334,141.25625,6.178
58414252,2,39.045833333333334,141.28125,6.562
58414253,94,39.045833333333334,141.29375,6.043
58414254,75,39.045833333333334,141.30625,5.684
58414255,14,39.045833333333334,141.31875,5.516
58414256,60,39.045833333333334,141.33124999999998,5.557
58414257,63,39.045833333333334,141.34375,5.803
58414258,94,39.045833333333334,141.35625,6.228
58414259,308,39.045833333333334,141.36875,6.8
58414262,20,39.05416666666667,141.28125,7.357
58414263,57,39.05416666666667,141.29375,6.898
58414264,20,39.05416666666667,141.30625,6.586
58414265,8,39.05416666666667,141.31875,6.442
58414266,41,39.05416666666667,141.33124999999998,6.477
58414267,9,39.05416666666667,141.34375,6.688
58414268,63,39.05416666666667,141.35625,7.06
58414269,285,39.05416666666667,141.36875,7.57
58414272,39,39.0625,141.28125,8.18
58414273,60,39.0625,141.29375,7.769
58414274,3,39.0625,141.30625,7.494
58414275,2,39.0625,141.31875,7.367
58414276,56,39.0625,141.33124999999998,7.398
58414277,26,39.0625,141.34375,7.584
58414278,82,39.0625,141.35625,7.914
58414279,119,39.0625,141.36875,8.371
58414282,25,39.07083333333334,141.28125,9.022
58414283,32,39.07083333333334,141.29375,8.652
58414286,12,39.07083333333334,141.33124999999998,8.32
58414287,46,39.07083333333334,141.34375,8.486
58414288,15,39.07083333333334,141.35625,8.782
58414289,18,39.07083333333334,141.36875,9.196
58414292,4,39.07916666666667,141.28125,9.88
58414297,57,39.07916666666667,141.34375,9.393
58414298,79,39.07916666666667,141.35625,9.661
58414299,5,39.07916666666667,141.36875,10.039
58414300,23,39.00416666666667,141.38125,5.145
58414301,37,39.00416666666667,141.39374999999998,6.213
58414302,48,39.00416666666667,141.40625,7.284
58414303,76,39.00416666666667,141.41875,8.357
58414304,42,39.00416666666667,141.43125,9.432
58414310,147,39.0125,141.38125,5.38
58414311,559,39.0125,141.39374999999998,6.409
58414312,350,39.0125,141.40625,7.451
58414313,93,39.0125,141.41875,8.503
58414314,36,39.0125,141.43125,9.562
58414315,11,39.0125,141.44375,10.625
58414318,20,39.0125,141.48125,11.972
58414319,10,39.0125,141.49375,10.91
58414320,102,39.020833333333336,141.38125,5.757
58414321,207,39.020833333333336,141.39374999999998,6.727
58414322,357,39.020833333333336,141.40625,7.727
58414323,61,39.020833333333336,141.41875,8.746
58414324,2,39.020833333333336,141.43125,9.778
58414329,9,39.020833333333336,141.49375,10.773
58414330,9,39.02916666666667,141.38125,6.249
58414331,11,39.02916666666667,141.39374999999998,7.153
58414332,55,39.02916666666667,141.40625,8.1
58414333,138,39.02916666666667,141.41875,9.077
58414336,5,39.02916666666667,141.45624999999998,12.114
58414339,15,39.02916666666667,141.49375,10.714
58414340,62,39.0375,141.38125,6.832
58414341,22,39.0375,141.39374999999998,7.668
58414342,63,39.0375,141.40625,8.558
58414343,71,39.0375,141.41875,9.488
58414344,25,39.0375,141.43125,10.447
58414345,7,39.0375,141.44375,11.427
58414347,3,39.0375,141.46875,12.89
58414350,32,39.045833333333334,141.38125,7.485
58414351,5,39.045833333333334,141.39374999999998,8.254
58414352,17,39.045833333333334,141.40625,9.087
58414354,41,39.045833333333334,141.43125,10.884
58414360,39,39.05416666666667,141.38125,8.19
58414361,11,39.05416666666667,141.39374999999998,8.899
58414362,42,39.05416666666667,141.40625,9.677
58414364,27,39.05416666666667,141.43125,11.381
58414370,84,39.0625,141.38125,8.936
58414371,129,39.0625,141.39374999999998,9.59
58414372,25,39.0625,141.40625,10.316
58414374,5,39.0625,141.43125,11.929
58414375,38,39.0625,141.44375,12.796
58414376,26,39.0625,141.45624999999998,13.428
58414380,90,39.07083333333334,141.38125,9.714
58414381,30,39.07083333333334,141.39374999999998,10.318
58414382,2,39.07083333333334,141.40625,10.996
58414384,2,39.07083333333334,141.43125,12.521
58414385,69,39.07083333333334,141.44375,13.35
58414386,29,39.07083333333334,141.45624999999998,12.826
58414390,40,39.07916666666667,141.38125,10.515
58414391,39,39.07916666666667,141.39374999999998,11.076
58414394,12,39.07916666666667,141.43125,13.152
58414395,19,39.07916666666667,141.44375,13.156
58414396,19,39.07916666666667,141.45624999999998,12.264
58414403,6,39.00416666666667,141.54375,7.059
58414408,19,39.00416666666667,141.60625,2.173
58414409,390,39.00416666666667,141.61875,1.446
58414413,36,39.0125,141.54375,6.719
58414418,16,39.0125,141.60625,1.792
58414419,28,39.0125,141.61875,0.763
58414422,22,39.020833333333336,141.53125,7.559
58414423,20,39.020833333333336,141.54375,6.494
58414424,20,39.020833333333336,141.55625,5.434
58414425,78,39.020833333333336,141.56875,4.384
58414426,253,39.020833333333336,141.58124999999998,3.353
58414427,2,39.020833333333336,141.59375,2.365
58414428,8,39.020833333333336,141.60625,1.511
58414429,71,39.020833333333336,141.61875,0.888
58414430,26,39.02916666666667,141.50625,9.634
58414431,22,39.02916666666667,141.51874999999998,8.555
58414432,125,39.02916666666667,141.53125,7.476
58414436,60,39.02916666666667,141.58124999999998,3.161
58414437,192,39.02916666666667,141.59375,2.085
58414438,65,39.02916666666667,141.60625,1.016
58414439,572,39.02916666666667,141.61875,0.227
58414442,5,39.0375,141.53125,7.506
58414445,19,39.0375,141.56875,4.293
58414446,13,39.0375,141.58124999999998,3.234
58414448,206,39.0375,141.60625,1.225
58414449,436,39.0375,141.61875,0.608
58414451,4,39.045833333333334,141.51874999999998,8.708
58414452,10,39.045833333333334,141.53125,7.65
58414457,135,39.045833333333334,141.59375,2.643
58414458,195,39.045833333333334,141.60625,1.872
58414459,58,39.045833333333334,141.61875,1.534
58414460,57,39.05416666666667,141.50625,9.967
58414467,187,39.05416666666667,141.59375,3.269
58414468,83,39.05416666666667,141.60625,2.684
58414470,52,39.0625,141.50625,10.245
58414476,70,39.0625,141.58124999999998,4.682
58414477,285,39.0625,141.59375,4.013
58414478,6,39.0625,141.60625,3.553
58414480,29,39.07083333333334,141.50625,9.852
58414485,6,39.07083333333334,141.56875,6.099
58414486,204,39.07083333333334,141.58124999999998,5.39
58414487,42,39.07083333333334,141.59375,4.821
58414490,37,39.07916666666667,141.50625,9.109
58414496,207,39.07916666666667,141.58124999999998,6.157
58414497,10,39.07916666666667,141.59375,5.665
58414502,165,39.00416666666667,141.65625,0.868
58414503,241,39.00416666666667,141.66875,0.867
58414504,430,39.00416666666667,141.68125,0.941
58414505,359,39.00416666666667,141.69375,1.831
58414506,605,39.00416666666667,141.70624999999998,2.856
58414507,475,39.00416666666667,141.71875,3.91
58414508,4,39.00416666666667,141.73125,4.976
58414510,152,39.0125,141.63125,0.437
58414511,461,39.0125,141.64374999999998,1.052
58414512,638,39.0125,141.65625,0.066
58414513,435,39.0125,141.66875,0.519
58414514,160,39.0125,141.68125,0.636
58414516,317,39.0125,141.70624999999998,2.77
58414517,701,39.0125,141.71875,3.848
58414520,1297,39.020833333333336,141.63125,0.5
58414521,815,39.020833333333336,141.64374999999998,1.251
58414522,571,39.020833333333336,141.65625,0.986
58414523,333,39.020833333333336,141.66875,1.227
58414524,33,39.020833333333336,141.68125,1.28
58414526,154,39.020833333333336,141.70624999999998,2.984
58414527,96,39.020833333333336,141.71875,4.005
58414529,1,39.020833333333336,141.74375,4.612
58414530,1396,39.02916666666667,141.63125,1.133
58414531,397,39.02916666666667,141.64374999999998,1.828
58414532,69,39.02916666666667,141.65625,1.912
58414533,103,39.02916666666667,141.66875,2.111
58414534,22,39.02916666666667,141.68125,2.143
58414536,129,39.02916666666667,141.70624999999998,3.39
58414537,73,39.02916666666667,141.71875,3.189
58414538,7,39.02916666666667,141.73125,3.343
58414539,254,39.02916666666667,141.74375,3.809
58414540,160,39.0375,141.63125,1.245
58414541,72,39.0375,141.64374999999998,2.25
58414547,926,39.0375,141.71875,2.263
58414548,50,39.0375,141.73125,2.475
58414549,232,39.0375,141.74375,3.075
58414557,799,39.045833333333334,141.71875,1.337
58414558,52,39.045833333333334,141.73125,1.671
58414559,57,39.045833333333334,141.74375,2.475
58414567,995,39.05416666666667,141.71875,0.415
58414568,15,39.05416666666667,141.73125,1.084
58414569,223,39.05416666666667,141.74375,2.114
58414576,217,39.0625,141.70624999999998,1.181
58414577,2193,39.0625,141.71875,0.109
58414579,285,39.0625,141.74375,2.052
58414586,696,39.07083333333334,141.70624999999998,1.145
58414587,1662,39.07083333333334,141.71875,0.105
58414588,40,39.07083333333334,141.73125,1.02
58414589,429,39.07083333333334,141.74375,2.097
58414593,2,39.07916666666667,141.66875,3.468
58414596,1011,39.07916666666667,141.70624999999998,0.554
58414597,844,39.07916666666667,141.71875,0.609
58414598,101,39.07916666666667,141.73125,1.196
58414599,229,39.07916666666667,141.74375,2.191
58414620,323,39.020833333333336,141.75625,5.191
58414632,49,39.02916666666667,141.78125,6.205
58414641,65,39.0375,141.76874999999998,4.808
58414643,69,39.0375,141.79375,6.79
58414644,136,39.0375,141.80625,7.816
58414651,9,39.045833333333334,141.76874999999998,4.448
58414652,21,39.045833333333334,141.78125,5.483
58414653,472,39.045833333333334,141.79375,6.526
58414654,59,39.045833333333334,141.80625,7.58
58414655,103,39.045833333333334,141.81875,8.64
58414662,3,39.05416666666667,141.78125,5.299
58414663,694,39.05416666666667,141.79375,6.373
58414664,251,39.05416666666667,141.80625,7.448
58414665,5,39.05416666666667,141.81875,8.524
58414673,63,39.0625,141.79375,6.352
58414674,84,39.0625,141.80625,7.43
58414675,58,39.0625,141.81875,8.508
58414677,1,39.0625,141.84375,10.666
58414685,5,39.07083333333334,141.81875,8.571
58414686,6,39.07083333333334,141.83124999999998,9.65
58414687,45,39.07083333333334,141.84375,10.729
58414688,10,39.07083333333334,141.85625,11.806
58414690,13,39.07916666666667,141.75625,3.24
58414695,74,39.07916666666667,141.81875,8.597
58414697,2,39.07916666666667,141.84375,10.75
58415001,52,39.0875,141.01874999999998,5.517
58415002,63,39.0875,141.03125,4.75
58415003,85,39.0875,141.04375,4.125
58415004,87,39.0875,141.05625,3.715
58415005,127,39.0875,141.06875,3.593
58415006,90,39.0875,141.08124999999998,3.787
58415007,100,39.0875,141.09375,4.255
58415008,140,39.0875,141.10625,3.985
58415009,19,39.0875,141.11875,3.657
58415010,39,39.09583333333333,141.00625,5.902
58415011,51,39.09583333333333,141.01874999999998,4.964
58415012,67,39.09583333333333,141.03125,4.095
58415013,51,39.09583333333333,141.04375,3.35
58415014,111,39.09583333333333,141.05625,2.829
58415015,163,39.09583333333333,141.06875,2.667
58415016,350,39.09583333333333,141.08124999999998,2.923
58415017,132,39.09583333333333,141.09375,3.508
58415018,68,39.09583333333333,141.10625,3.616
58415019,66,39.09583333333333,141.11875,3.055
58415020,38,39.104166666666664,141.00625,5.546
58415021,64,39.104166666666664,141.01874999999998,4.534
58415022,63,39.104166666666664,141.03125,3.562
58415023,99,39.104166666666664,141.04375,2.673
58415024,139,39.104166666666664,141.05625,1.981
58415025,174,39.104166666666664,141.06875,1.742
58415026,247,39.104166666666664,141.08124999999998,2.114
58415027,127,39.104166666666664,141.09375,2.868
58415028,221,39.104166666666664,141.10625,2.954
58415029,75,39.104166666666664,141.11875,2.232
58415030,46,39.1125,141.00625,5.328
58415031,91,39.1125,141.01874999999998,4.266
58415032,49,39.1125,141.03125,3.214
58415033,90,39.1125,141.04375,2.187
58415034,159,39.1125,141.05625,1.251
58415035,149,39.1125,141.06875,0.82
58415036,88,39.1125,141.08124999999998,1.451
58415037,176,39.1125,141.09375,2.422
58415038,148,39.1125,141.10625,2.351
58415039,252,39.1125,141.11875,1.532
58415040,30,39.12083333333333,141.00625,5.267
58415041,66,39.12083333333333,141.01874999999998,4.189
58415042,72,39.12083333333333,141.03125,3.112
58415043,127,39.12083333333333,141.04375,2.034
58415044,188,39.12083333333333,141.05625,0.96
58415045,283,39.12083333333333,141.06875,0.171
58415046,241,39.12083333333333,141.08124999999998,1.209
58415047,201,39.12083333333333,141.09375,2.285
58415048,469,39.12083333333333,141.10625,2.004
58415049,999,39.12083333333333,141.11875,0.961
58415050,88,39.12916666666666,141.00625,5.368
58415051,107,39.12916666666666,141.01874999999998,4.315
58415052,142,39.12916666666666,141.03125,3.28
58415053,216,39.12916666666666,141.04375,2.283
58415054,449,39.12916666666666,141.05625,1.412
58415055,270,39.12916666666666,141.06875,1.05
58415056,210,39.12916666666666,141.08124999999998,1.593
58415057,239,39.12916666666666,141.09375,1.425
58415058,439,39.12916666666666,141.10625,1.562
58415059,442,39.12916666666666,141.11875,1.042
58415060,3,39.137499999999996,141.00625,5.622
58415062,53,39.137499999999996,141.03125,3.68
58415063,148,39.137499999999996,141.04375,2.829
58415064,179,39.137499999999996,141.05625,2.188
58415065,282,39.137499999999996,141.06875,1.973
58415066,284,39.137499999999996,141.08124999999998,1.485
58415067,423,39.137499999999996,141.09375,0.568
58415068,252,39.137499999999996,141.10625,0.811
58415069,656,39.137499999999996,141.11875,0.852
58415070,1,39.14583333333333,141.00625,6.009
58415071,7,39.14583333333333,141.01874999999998,5.091
58415072,29,39.14583333333333,141.03125,4.249
58415073,33,39.14583333333333,141.04375,3.537
58415074,170,39.14583333333333,141.05625,3.049
58415075,186,39.14583333333333,141.06875,2.534
58415076,148,39.14583333333333,141.08124999999998,1.488
58415077,258,39.14583333333333,141.09375,0.575
58415078,388,39.14583333333333,141.10625,0.769
58415079,1055,39.14583333333333,141.11875,0.576
58415080,34,39.15416666666667,141.00625,6.506
58415081,60,39.15416666666667,141.01874999999998,5.669
58415083,28,39.15416666666667,141.04375,4.329
58415084,74,39.15416666666667,141.05625,3.831
58415085,126,39.15416666666667,141.06875,2.854
58415086,208,39.15416666666667,141.08124999999998,1.985
58415087,193,39.15416666666667,141.09375,1.424
58415088,184,39.15416666666667,141.10625,1.498
58415089,197,39.15416666666667,141.11875,1.198
58415090,6,39.1625,141.00625,7.09
58415091,17,39.1625,141.01874999999998,6.331
58415092,66,39.1625,141.03125,5.676
58415093,51,39.1625,141.04375,5.165
58415094,81,39.1625,141.05625,4.257
58415095,112,39.1625,141.06875,3.404
58415096,64,39.1625,141.08124999999998,2.717
58415097,217,39.1625,141.09375,2.323
58415098,219,39.1625,141.10625,2.369
58415099,744,39.1625,141.11875,1.497
58415100,190,39.0875,141.13125,3.632
58415101,127,39.0875,141.14374999999998,3.859
58415102,190,39.0875,141.15625,4.257
58415103,322,39.0875,141.16875,4.382
58415104,21,39.0875,141.18125,4.663
58415105,129,39.0875,141.19375,5.158
58415106,20,39.0875,141.20624999999998,5.813
58415110,390,39.09583333333333,141.13125,2.813
58415111,118,39.09583333333333,141.14374999999998,2.97
58415112,217,39.09583333333333,141.15625,3.438
58415113,187,39.09583333333333,141.16875,3.468
58415114,343,39.09583333333333,141.18125,3.816
58415115,80,39.09583333333333,141.19375,4.407
58415116,26,39.09583333333333,141.20624999999998,5.159
58415117,62,39.09583333333333,141.21875,6.01
58415120,223,39.104166666666664,141.13125,1.888
58415121,140,39.104166666666664,141.14374999999998,2.115
58415122,172,39.104166666666664,141.15625,2.522
58415123,128,39.104166666666664,141.16875,2.563
58415124,207,39.104166666666664,141.18125,3.017
58415125,25,39.104166666666664,141.19375,3.737
58415126,86,39.104166666666664,141.20624999999998,4.599
58415127,17,39.104166666666664,141.21875,5.537
58415128,23,39.104166666666664,141.23125,6.519
58415130,568,39.1125,141.13125,0.965
58415131,1299,39.1125,141.14374999999998,1.356
58415132,940,39.1125,141.15625,1.618
58415133,1043,39.1125,141.16875,1.681
58415134,68,39.1125,141.18125,2.315
58415135,69,39.1125,141.19375,3.197
58415137,44,39.1125,141.21875,5.188
58415138,36,39.1125,141.23125,6.225
58415139,18,39.1125,141.24375,7.274
58415140,2516,39.12083333333333,141.13125,0.122
58415141,840,39.12083333333333,141.14374999999998,0.833
58415142,1747,39.12083333333333,141.15625,0.769
58415143,735,39.12083333333333,141.16875,0.895
58415144,45,39.12083333333333,141.18125,1.826
58415145,56,39.12083333333333,141.19375,2.863
58415146,54,39.12083333333333,141.20624999999998,3.922
58415147,24,39.12083333333333,141.21875,4.989
58415148,75,39.12083333333333,141.23125,6.06
58415149,46,39.12083333333333,141.24375,7.053
58415150,4125,39.12916666666666,141.13125,0.51
58415151,2699,39.12916666666666,141.14374999999998,0.354
58415152,3083,39.12916666666666,141.15625,0.32
58415153,480,39.12916666666666,141.16875,0.702
58415154,76,39.12916666666666,141.18125,1.74
58415155,222,39.12916666666666,141.19375,2.808
58415156,403,39.12916666666666,141.20624999999998,3.882
58415157,170,39.12916666666666,141.21875,4.794
58415159,20,39.12916666666666,141.24375,6.548
58415160,3699,39.137499999999996,141.13125,0.289
58415161,2481,39.137499999999996,141.14374999999998,0.241
58415162,3857,39.137499999999996,141.15625,0.788
58415163,740,39.137499999999996,141.16875,1.379
58415164,744,39.137499999999996,141.18125,2.106
58415165,479,39.137499999999996,141.19375,2.692
58415166,53,39.137499999999996,141.20624999999998,3.374
58415167,25,39.137499999999996,141.21875,4.224
58415168,8,39.137499999999996,141.23125,5.159
58415169,2,39.137499999999996,141.24375,6.142
58415170,2754,39.14583333333333,141.13125,0.613
58415171,3123,39.14583333333333,141.14374999999998,0.325
58415172,1076,39.14583333333333,141.15625,0.367
58415173,82,39.14583333333333,141.16875,1.147
58415174,591,39.14583333333333,141.18125,1.418
58415175,466,39.14583333333333,141.19375,1.955
58415176,69,39.14583333333333,141.20624999999998,2.82
58415177,69,39.14583333333333,141.21875,3.796
58415178,78,39.14583333333333,141.23125,4.816
58415179,9,39.14583333333333,141.24375,5.856
58415180,1391,39.15416666666667,141.13125,0.123
58415181,1754,39.15416666666667,141.14374999999998,0.66
58415182,529,39.15416666666667,141.15625,0.527
58415183,168,39.15416666666667,141.16875,0.903
58415184,306,39.15416666666667,141.18125,0.549
58415185,117,39.15416666666667,141.19375,1.453
58415186,102,39.15416666666667,141.20624999999998,2.498
58415187,43,39.15416666666667,141.21875,3.563
58415188,99,39.15416666666667,141.23125,4.634
58415189,26,39.15416666666667,141.24375,5.708
58415190,1020,39.1625,141.13125,0.907
58415191,454,39.1625,141.14374999999998,1.314
58415192,97,39.1625,141.15625,1.454
58415193,69,39.1625,141.16875,0.907
58415194,315,39.1625,141.18125,0.555
58415195,202,39.1625,141.19375,1.455
58415196,95,39.1625,141.20624999999998,2.5
58415199,5,39.1625,141.24375,5.708
58415207,15,39.0875,141.34375,10.303
58415208,45,39.0875,141.35625,10.549
58415209,2,39.0875,141.36875,10.896
58415216,10,39.09583333333333,141.33124999999998,11.092
58415217,25,39.09583333333333,141.34375,11.216
58415218,20,39.09583333333333,141.35625,11.442
58415219,17,39.09583333333333,141.36875,11.763
58415221,27,39.104166666666664,141.26874999999998,9.59
58415222,17,39.104166666666664,141.28125,10.636
58415225,5,39.104166666666664,141.31875,11.997
58415226,30,39.104166666666664,141.33124999999998,12.016
58415230,45,39.1125,141.25625,8.331
58415231,31,39.1125,141.26874999999998,9.355
58415232,3,39.1125,141.28125,10.276
58415236,73,39.1125,141.33124999999998,12.941
58415237,7,39.1125,141.34375,13.048
58415240,55,39.12083333333333,141.25625,7.948
58415245,10,39.12083333333333,141.31875,12.853
58415247,1,39.12083333333333,141.34375,13.966
58415250,20,39.12916666666666,141.25625,7.504
58415251,22,39.12916666666666,141.26874999999998,8.489
58415252,8,39.12916666666666,141.28125,9.494
58415260,31,39.137499999999996,141.25625,7.152
58415261,5,39.137499999999996,141.26874999999998,8.18
58415269,16,39.137499999999996,141.36875,16.198
58415282,3,39.15416666666667,141.28125,8.934
58415283,8,39.15416666666667,141.29375,10.011
58415285,3,39.15416666666667,141.31875,12.165
58415286,10,39.15416666666667,141.33124999999998,13.242
58415287,11,39.15416666666667,141.34375,14.319
58415288,2,39.15416666666667,141.35625,15.396
58415290,11,39.1625,141.25625,6.783
58415292,5,39.1625,141.28125,8.934
58415293,20,39.1625,141.29375,10.011
58415294,38,39.1625,141.30625,11.087
58415295,119,39.1625,141.31875,12.164
58415296,138,39.1625,141.33124999999998,13.241
58415297,13,39.1625,141.34375,14.318
58415299,8,39.1625,141.36875,16.473
58415300,5,39.0875,141.38125,11.336
58415301,1,39.0875,141.39374999999998,11.858
58415310,5,39.09583333333333,141.38125,12.171
58415320,7,39.104166666666664,141.38125,13.019
58415321,2,39.104166666666664,141.39374999999998,13.476
58415330,22,39.1125,141.38125,13.878
58415340,55,39.12083333333333,141.38125,14.744
58415359,2,39.12916666666666,141.49375,6.917
58415368,15,39.137499999999996,141.48125,7.84
58415369,7,39.137499999999996,141.49375,6.766
58415376,13,39.14583333333333,141.45624999999998,9.972
58415377,16,39.14583333333333,141.46875,8.895
58415378,31,39.14583333333333,141.48125,7.817
58415379,10,39.14583333333333,141.49375,6.74
58415398,19,39.1625,141.48125,8.096
58415399,16,39.1625,141.49375,7.062
58415400,21,39.0875,141.50625,8.402
58415406,57,39.0875,141.58124999999998,6.264
58415407,35,39.0875,141.59375,6.492
58415410,3,39.09583333333333,141.50625,7.742
58415416,49,39.09583333333333,141.58124999999998,5.346
58415417,91,39.09583333333333,141.59375,5.612
58415426,56,39.104166666666664,141.58124999999998,4.433
58415427,38,39.104166666666664,141.59375,4.75
58415436,93,39.1125,141.58124999999998,3.526
58415437,2,39.1125,141.59375,3.917
58415446,6,39.12083333333333,141.58124999999998,2.633
58415447,12,39.12083333333333,141.59375,3.137
58415448,4,39.12083333333333,141.60625,3.883
58415453,17,39.12916666666666,141.54375,2.891
58415456,163,39.12916666666666,141.58124999999998,1.774
58415457,39,39.12916666666666,141.59375,2.462
58415463,29,39.137499999999996,141.54375,2.509
58415465,63,39.137499999999996,141.56875,0.704
58415466,709,39.137499999999996,141.58124999999998,1.04
58415467,19,39.137499999999996,141.59375,1.999
58415468,5,39.137499999999996,141.60625,3.038
58415473,78,39.14583333333333,141.54375,2.438
58415474,145,39.14583333333333,141.55625,1.372
58415475,438,39.14583333333333,141.56875,0.383
58415476,293,39.14583333333333,141.58124999999998,0.857
58415477,163,39.14583333333333,141.59375,1.909
58415478,86,39.14583333333333,141.60625,2.98
58415479,4,39.14583333333333,141.61875,4.055
58415480,6,39.15416666666667,141.50625,5.782
58415481,16,39.15416666666667,141.51874999999998,4.733
58415482,32,39.15416666666667,141.53125,3.701
58415483,120,39.15416666666667,141.54375,2.704
58415485,40,39.15416666666667,141.56875,1.231
58415486,23,39.15416666666667,141.58124999999998,1.45
58415488,27,39.15416666666667,141.60625,3.202
58415489,1,39.15416666666667,141.61875,4.22
58415490,30,39.1625,141.50625,6.043
58415493,86,39.1625,141.54375,3.225
58415495,5,39.1625,141.56875,2.145
58415499,2,39.1625,141.61875,4.571
58415503,30,39.0875,141.66875,3.451
58415506,1560,39.0875,141.70624999999998,0.445
58415507,1788,39.0875,141.71875,0.311
58415508,215,39.0875,141.73125,1.067
58415514,27,39.09583333333333,141.68125,2.699
58415515,330,39.09583333333333,141.69375,1.82
58415516,1463,39.09583333333333,141.70624999999998,0.807
58415517,1613,39.09583333333333,141.71875,0.563
58415518,257,39.09583333333333,141.73125,1.52
58415519,24,39.09583333333333,141.74375,2.435
58415521,11,39.104166666666664,141.64374999999998,5.885
58415522,10,39.104166666666664,141.65625,4.809
58415524,172,39.104166666666664,141.68125,2.665
58415525,128,39.104166666666664,141.69375,1.606
58415526,487,39.104166666666664,141.70624999999998,0.616
58415527,906,39.104166666666664,141.71875,0.671
58415528,68,39.104166666666664,141.73125,1.687
58415531,14,39.1125,141.64374999999998,5.895
58415534,169,39.1125,141.68125,2.689
58415535,45,39.1125,141.69375,1.645
58415536,122,39.1125,141.70624999999998,0.715
58415537,1525,39.1125,141.71875,0.802
58415538,53,39.1125,141.73125,1.748
58415542,6,39.12083333333333,141.65625,5.009
58415543,64,39.12083333333333,141.66875,3.99
58415544,52,39.12083333333333,141.68125,3.012
58415545,145,39.12083333333333,141.69375,2.133
58415546,5,39.12083333333333,141.70624999999998,1.535
58415547,626,39.12083333333333,141.71875,1.577
58415548,568,39.12083333333333,141.73125,2.223
58415549,75,39.12083333333333,141.74375,3.115
58415550,7,39.12916666666666,141.63125,5.361
58415552,27,39.12916666666666,141.65625,5.353
58415553,167,39.12916666666666,141.66875,4.413
58415554,165,39.12916666666666,141.68125,3.554
58415555,113,39.12916666666666,141.69375,2.848
58415556,1,39.12916666666666,141.70624999999998,2.432
58415557,38,39.12916666666666,141.71875,2.459
58415558,31,39.12916666666666,141.73125,2.916
58415562,66,39.137499999999996,141.65625,5.825
58415563,11,39.137499999999996,141.66875,4.975
58415564,71,39.137499999999996,141.68125,4.232
58415565,98,39.137499999999996,141.69375,3.659
58415571,9,39.14583333333333,141.64374999999998,6.207
58415572,44,39.14583333333333,141.65625,6.397
58415573,2,39.14583333333333,141.66875,5.635
58415574,23,39.14583333333333,141.68125,4.99
58415575,83,39.14583333333333,141.69375,4.515
58415581,1,39.15416666666667,141.64374999999998,6.316
58415582,31,39.15416666666667,141.65625,7.045
58415603,41,39.0875,141.79375,6.424
58415604,142,39.0875,141.80625,7.501
58415605,2,39.0875,141.81875,8.579
58415613,8,39.09583333333333,141.79375,6.533
58415614,95,39.09583333333333,141.80625,7.595
58415622,21,39.104166666666664,141.78125,5.757
58415623,66,39.104166666666664,141.79375,6.769
58415624,69,39.104166666666664,141.80625,7.799
58415625,8,39.104166666666664,141.81875,8.841
58415626,27,39.104166666666664,141.83124999999998,9.89
58415627,11,39.104166666666664,141.84375,10.945
58415628,241,39.104166666666664,141.85625,12.005
58415629,73,39.104166666666664,141.86875,13.068
58415633,5,39.1125,141.79375,7.066
58415634,123,39.1125,141.80625,8.104
58415635,123,39.1125,141.81875,9.111
58415636,40,39.1125,141.83124999999998,10.132
58415637,4,39.1125,141.84375,11.165
58415638,186,39.1125,141.85625,12.205
58415639,39,39.1125,141.86875,13.251
58415640,3,39.12083333333333,141.75625,4.093
58415643,8,39.12083333333333,141.79375,7.201
58415644,207,39.12083333333333,141.80625,8.259
58415645,303,39.12083333333333,141.81875,9.321
58415649,5,39.12083333333333,141.86875,13.497
58415653,29,39.12916666666666,141.79375,7.449
58415654,210,39.12916666666666,141.80625,8.476
58415655,25,39.12916666666666,141.81875,9.514
58415658,8,39.12916666666666,141.85625,12.669
58415660,6,39.137499999999996,141.75625,5.067
58415661,31,39.137499999999996,141.76874999999998,5.925
58415662,17,39.137499999999996,141.78125,6.843
58415665,33,39.137499999999996,141.81875,9.791
58415666,19,39.137499999999996,141.83124999999998,10.811
58415667,10,39.137499999999996,141.84375,11.84
58415668,8,39.137499999999996,141.85625,12.449
58415674,9,39.14583333333333,141.80625,9.18
58415675,125,39.14583333333333,141.81875,10.146
58415676,134,39.14583333333333,141.83124999999998,11.133
58415686,176,39.15416666666667,141.83124999999998,11.425
58415687,197,39.15416666666667,141.84375,10.993
58415688,118,39.15416666666667,141.85625,10.654
58415689,68,39.15416666666667,141.86875,10.415
58415695,5,39.1625,141.81875,10.697
58415696,79,39.1625,141.83124999999998,10.6
58415697,30,39.1625,141.84375,10.134
58415698,13,39.1625,141.85625,9.765
58415730,2,39.1125,141.88125,14.303
58415791,134,39.1625,141.89374999999998,9.34
58416001,2,39.170833333333334,141.01874999999998,7.021
58416003,71,39.170833333333334,141.04375,5.055
58416004,100,39.170833333333334,141.05625,4.143
58416005,79,39.170833333333334,141.06875,3.33
58416006,87,39.170833333333334,141.08124999999998,2.71
58416007,70,39.170833333333334,141.09375,2.433
58416008,110,39.170833333333334,141.10625,2.61
58416009,219,39.170833333333334,141.11875,2.183
58416010,18,39.17916666666667,141.00625,7.811
58416011,11,39.17916666666667,141.01874999999998,6.757
58416012,9,39.17916666666667,141.03125,5.711
58416013,22,39.17916666666667,141.04375,4.681
58416014,62,39.17916666666667,141.05625,3.677
58416015,151,39.17916666666667,141.06875,2.729
58416016,157,39.17916666666667,141.08124999999998,1.924
58416017,151,39.17916666666667,141.09375,1.508
58416018,49,39.17916666666667,141.10625,1.78
58416019,95,39.17916666666667,141.11875,2.034
58416020,56,39.1875,141.00625,7.686
58416021,35,39.1875,141.01874999999998,6.612
58416023,54,39.1875,141.04375,4.47
58416024,86,39.1875,141.05625,3.404
58416025,61,39.1875,141.06875,2.35
58416026,136,39.1875,141.08124999999998,1.332
58416027,127,39.1875,141.09375,0.589
58416028,496,39.1875,141.10625,1.114
58416029,27,39.1875,141.11875,1.159
58416030,37,39.19583333333333,141.00625,7.672
58416031,17,39.19583333333333,141.01874999999998,6.596
58416033,10,39.19583333333333,141.04375,4.446
58416034,38,39.19583333333333,141.05625,3.373
58416035,169,39.19583333333333,141.06875,2.305
58416036,189,39.19583333333333,141.08124999999998,1.251
58416037,782,39.19583333333333,141.09375,0.372
58416038,1891,39.19583333333333,141.10625,0.59
58416039,1219,39.19583333333333,141.11875,0.514
58416040,12,39.204166666666666,141.00625,7.769
58416041,13,39.204166666666666,141.01874999999998,6.709
58416042,19,39.204166666666666,141.03125,5.655
58416043,76,39.204166666666666,141.04375,4.612
58416044,27,39.204166666666666,141.05625,3.59
58416045,84,39.204166666666666,141.06875,2.611
58416046,24,39.204166666666666,141.08124999999998,1.753
58416047,197,39.204166666666666,141.09375,1.283
58416048,755,39.204166666666666,141.10625,0.737
58416049,766,39.204166666666666,141.11875,0.413
58416050,21,39.2125,141.00625,7.974
58416051,15,39.2125,141.01874999999998,6.945
58416052,32,39.2125,141.03125,5.933
58416053,61,39.2125,141.04375,4.949
58416054,43,39.2125,141.05625,4.014
58416055,1,39.2125,141.06875,3.169
58416056,2,39.2125,141.08124999999998,2.51
58416057,304,39.2125,141.09375,2.11
58416058,485,39.2125,141.10625,1.326
58416059,402,39.2125,141.11875,1.177
58416061,41,39.22083333333333,141.01874999999998,7.292
58416062,5,39.22083333333333,141.03125,6.336
58416063,83,39.22083333333333,141.04375,5.426
58416064,45,39.22083333333333,141.05625,4.588
58416065,404,39.22083333333333,141.06875,3.871
58416066,263,39.22083333333333,141.08124999999998,3.353
58416067,1400,39.22083333333333,141.09375,2.717
58416068,252,39.22083333333333,141.10625,2.166
58416069,127,39.22083333333333,141.11875,2.078
58416070,20,39.229166666666664,141.00625,8.67
58416071,34,39.229166666666664,141.01874999999998,7.735
58416073,24,39.229166666666664,141.04375,6.008
58416074,102,39.229166666666664,141.05625,5.264
58416075,110,39.229166666666664,141.06875,4.652
58416076,521,39.229166666666664,141.08124999999998,4.129
58416077,362,39.229166666666664,141.09375,3.469
58416078,68,39.229166666666664,141.10625,3.056
58416079,203,39.229166666666664,141.11875,2.994
58416080,9,39.237500000000004,141.00625,7.816
58416081,30,39.237500000000004,141.01874999999998,7.564
58416082,97,39.237500000000004,141.03125,7.187
58416083,166,39.237500000000004,141.04375,6.329
58416084,155,39.237500000000004,141.05625,5.548
58416085,156,39.237500000000004,141.06875,4.88
58416086,58,39.237500000000004,141.08124999999998,4.378
58416087,156,39.237500000000004,141.09375,4.075
58416088,40,39.237500000000004,141.10625,3.963
58416089,187,39.237500000000004,141.11875,3.916
58416090,59,39.24583333333334,141.00625,6.937
58416092,34,39.24583333333334,141.03125,6.535
58416093,50,39.24583333333334,141.04375,5.777
58416094,43,39.24583333333334,141.05625,4.909
58416095,122,39.24583333333334,141.06875,4.139
58416096,191,39.24583333333334,141.08124999999998,3.534
58416097,93,39.24583333333334,141.09375,3.178
58416098,303,39.24583333333334,141.10625,3.056
58416099,211,39.24583333333334,141.11875,3.302
58416100,398,39.170833333333334,141.13125,1.83
58416101,405,39.170833333333334,141.14374999999998,2.062
58416102,554,39.170833333333334,141.15625,2.152
58416103,994,39.170833333333334,141.16875,1.577
58416104,143,39.170833333333334,141.18125,1.426
58416105,188,39.170833333333334,141.19375,1.96
58416106,61,39.170833333333334,141.20624999999998,2.823
58416107,99,39.170833333333334,141.21875,3.798
58416108,20,39.170833333333334,141.23125,4.817
58416109,21,39.170833333333334,141.24375,5.857
58416110,159,39.17916666666667,141.13125,2.525
58416111,215,39.17916666666667,141.14374999999998,2.675
58416112,781,39.17916666666667,141.15625,1.64
58416113,594,39.17916666666667,141.16875,0.74
58416114,704,39.17916666666667,141.18125,0.852
58416115,491,39.17916666666667,141.19375,1.796
58416116,68,39.17916666666667,141.20624999999998,2.837
58416117,79,39.17916666666667,141.21875,3.898
58416118,49,39.17916666666667,141.23125,4.965
58416119,124,39.17916666666667,141.24375,6.037
58416120,45,39.1875,141.13125,1.892
58416121,145,39.1875,141.14374999999998,2.446
58416122,352,39.1875,141.15625,1.377
58416123,1874,39.1875,141.16875,0.364
58416124,2446,39.1875,141.18125,0.71
58416125,1125,39.1875,141.19375,1.733
58416126,68,39.1875,141.20624999999998,2.797
58416127,78,39.1875,141.21875,3.869
58416128,114,39.1875,141.23125,4.943
58416129,88,39.1875,141.24375,6.018
58416130,106,39.19583333333333,141.13125,1.581
58416131,171,39.19583333333333,141.14374999999998,2.31
58416132,187,39.19583333333333,141.15625,1.24
58416133,1294,39.19583333333333,141.16875,0.22
58416134,846,39.19583333333333,141.18125,0.871
58416135,76,39.19583333333333,141.19375,1.947
58416136,3,39.19583333333333,141.20624999999998,3.023
58416137,64,39.19583333333333,141.21875,4.057
58416138,63,39.19583333333333,141.23125,5.092
58416139,75,39.19583333333333,141.24375,6.141
58416140,190,39.204166666666666,141.13125,1.455
58416141,188,39.204166666666666,141.14374999999998,2.415
58416142,160,39.204166666666666,141.15625,1.427
58416143,304,39.204166666666666,141.16875,0.747
58416144,71,39.204166666666666,141.18125,1.184
58416145,237,39.204166666666666,141.19375,2.125
58416146,71,39.204166666666666,141.20624999999998,3.141
58416147,3,39.204166666666666,141.21875,4.188
58416148,9,39.204166666666666,141.23125,5.247
58416149,25,39.204166666666666,141.24375,6.312
58416150,72,39.2125,141.13125,1.825
58416151,232,39.2125,141.14374999999998,2.756
58416152,285,39.2125,141.15625,2.062
58416153,50,39.2125,141.16875,1.666
58416154,2,39.2125,141.18125,1.902
58416155,109,39.2125,141.19375,2.604
58416156,91,39.2125,141.20624999999998,3.502
58416157,47,39.2125,141.21875,4.47
58416158,45,39.2125,141.23125,5.475
58416159,87,39.2125,141.24375,6.503
58416160,97,39.22083333333333,141.13125,2.503
58416161,109,39.22083333333333,141.14374999999998,3.245
58416162,88,39.22083333333333,141.15625,2.861
58416163,41,39.22083333333333,141.16875,2.59
58416164,47,39.22083333333333,141.18125,2.748
58416166,8,39.22083333333333,141.20624999999998,4.024
58416167,159,39.22083333333333,141.21875,4.899
58416168,150,39.22083333333333,141.23125,5.841
58416169,82,39.22083333333333,141.24375,6.815
58416170,124,39.229166666666664,141.13125,3.303
58416171,1,39.229166666666664,141.14374999999998,3.896
58416172,20,39.229166666666664,141.15625,3.72
58416173,67,39.229166666666664,141.16875,3.516
58416174,99,39.229166666666664,141.18125,3.634
58416175,15,39.229166666666664,141.19375,4.045
58416177,7,39.229166666666664,141.21875,5.445
58416178,57,39.229166666666664,141.23125,6.306
58416179,153,39.229166666666664,141.24375,7.225
58416180,45,39.237500000000004,141.13125,4.157
58416182,31,39.237500000000004,141.15625,4.605
58416183,26,39.237500000000004,141.16875,4.442
58416184,93,39.237500000000004,141.18125,4.535
58416185,97,39.237500000000004,141.19375,4.872
58416186,53,39.237500000000004,141.20624999999998,5.405
58416187,28,39.237500000000004,141.21875,6.084
58416188,19,39.237500000000004,141.23125,6.865
58416189,4,39.237500000000004,141.24375,7.718
58416190,93,39.24583333333334,141.13125,3.844
58416191,7,39.24583333333334,141.14374999999998,4.579
58416192,54,39.24583333333334,141.15625,5.304
58416193,46,39.24583333333334,141.16875,5.368
58416194,37,39.24583333333334,141.18125,5.446
58416195,39,39.24583333333334,141.19375,5.729
58416196,39,39.24583333333334,141.20624999999998,6.189
58416197,54,39.24583333333334,141.21875,6.789
58416198,68,39.24583333333334,141.23125,7.498
58416199,46,39.24583333333334,141.24375,8.286
58416200,128,39.170833333333334,141.25625,6.908
58416201,9,39.170833333333334,141.26874999999998,7.967
58416202,31,39.170833333333334,141.28125,9.03
58416203,39,39.170833333333334,141.29375,10.096
58416204,17,39.170833333333334,141.30625,11.164
58416205,56,39.170833333333334,141.31875,12.234
58416206,73,39.170833333333334,141.33124999999998,13.305
58416207,17,39.170833333333334,141.34375,14.378
58416209,14,39.170833333333334,141.36875,16.524
58416210,113,39.17916666666667,141.25625,7.11
58416211,145,39.17916666666667,141.26874999999998,8.179
58416212,61,39.17916666666667,141.28125,9.218
58416213,102,39.17916666666667,141.29375,10.264
58416214,263,39.17916666666667,141.30625,11.317
58416215,54,39.17916666666667,141.31875,12.373
58416216,28,39.17916666666667,141.33124999999998,13.433
58416219,13,39.17916666666667,141.36875,16.627
58416220,77,39.1875,141.25625,7.094
58416221,59,39.1875,141.26874999999998,8.17
58416222,13,39.1875,141.28125,9.247
58416223,24,39.1875,141.29375,10.323
58416224,69,39.1875,141.30625,11.4
58416226,22,39.1875,141.33124999999998,13.554
58416227,11,39.1875,141.34375,14.631
58416228,34,39.1875,141.35625,15.708
58416230,88,39.19583333333333,141.25625,7.198
58416231,12,39.19583333333333,141.26874999999998,8.261
58416233,68,39.19583333333333,141.29375,10.395
58416234,29,39.19583333333333,141.30625,11.465
58416235,28,39.19583333333333,141.31875,12.536
58416236,6,39.19583333333333,141.33124999999998,13.608
58416237,24,39.19583333333333,141.34375,14.681
58416240,51,39.204166666666666,141.25625,7.381
58416241,6,39.204166666666666,141.26874999999998,8.452
58416242,2,39.204166666666666,141.28125,9.497
58416243,21,39.204166666666666,141.29375,10.548
58416247,40,39.204166666666666,141.34375,14.789
58416248,28,39.204166666666666,141.35625,15.855
58416250,30,39.2125,141.25625,7.544
58416251,36,39.2125,141.26874999999998,8.595
58416252,35,39.2125,141.28125,9.651
58416253,12,39.2125,141.29375,10.711
58416254,3,39.2125,141.30625,11.774
58416256,5,39.2125,141.33124999999998,13.903
58416257,7,39.2125,141.34375,14.954
58416258,5,39.2125,141.35625,16.009
58416260,51,39.22083333333333,141.25625,7.815
58416261,48,39.22083333333333,141.26874999999998,8.833
58416262,17,39.22083333333333,141.28125,9.863
58416263,50,39.22083333333333,141.29375,10.903
58416264,43,39.22083333333333,141.30625,11.949
58416265,7,39.22083333333333,141.31875,13.0
58416266,56,39.22083333333333,141.33124999999998,14.056
58416268,14,39.22083333333333,141.35625,16.175
58416270,146,39.229166666666664,141.25625,8.182
58416271,39,39.229166666666664,141.26874999999998,9.159
58416272,59,39.229166666666664,141.28125,10.157
58416273,55,39.229166666666664,141.29375,11.169
58416274,177,39.229166666666664,141.30625,12.192
58416275,51,39.229166666666664,141.31875,13.224
58416276,25,39.229166666666664,141.33124999999998,14.262
58416277,2,39.229166666666664,141.34375,15.306
58416278,3,39.229166666666664,141.35625,16.354
58416280,54,39.237500000000004,141.25625,8.621
58416281,22,39.237500000000004,141.26874999999998,9.561
58416283,23,39.237500000000004,141.29375,11.503
58416284,52,39.237500000000004,141.30625,12.499
58416285,118,39.237500000000004,141.31875,13.507
58416286,30,39.237500000000004,141.33124999999998,14.526
58416287,11,39.237500000000004,141.34375,15.552
58416288,11,39.237500000000004,141.35625,16.584
58416290,35,39.24583333333334,141.25625,9.133
58416291,56,39.24583333333334,141.26874999999998,10.024
58416292,19,39.24583333333334,141.28125,10.949
58416293,30,39.24583333333334,141.29375,11.899
58416294,6,39.24583333333334,141.30625,12.866
58416295,47,39.24583333333334,141.31875,13.847
58416296,12,39.24583333333334,141.33124999999998,14.842
58416297,5,39.24583333333334,141.34375,15.847
58416307,4,39.170833333333334,141.46875,9.399
58416308,22,39.170833333333334,141.48125,8.387
58416311,6,39.17916666666667,141.39374999999998,15.862
58416346,9,39.204166666666666,141.45624999999998,12.042
58416356,4,39.2125,141.45624999999998,12.585
58416365,25,39.22083333333333,141.44375,14.004
58416366,6,39.22083333333333,141.45624999999998,13.171
58416375,64,39.229166666666664,141.44375,14.327
58416384,1,39.237500000000004,141.43125,14.19
58416385,84,39.237500000000004,141.44375,13.553
58416395,62,39.24583333333334,141.44375,12.8
58416403,134,39.170833333333334,141.54375,3.899
58416405,14,39.170833333333334,141.56875,3.067
58416412,15,39.17916666666667,141.53125,5.301
58416413,63,39.17916666666667,141.54375,4.661
58416414,57,39.17916666666667,141.55625,4.203
58416421,53,39.1875,141.51874999999998,6.711
58416422,32,39.1875,141.53125,6.028
58416424,177,39.1875,141.55625,5.089
58416425,82,39.1875,141.56875,4.916
58416426,7,39.1875,141.58124999999998,4.975
58416427,34,39.1875,141.59375,5.26
58416428,130,39.1875,141.60625,5.735
58416429,45,39.1875,141.61875,6.36
58416431,10,39.19583333333333,141.51874999999998,7.416
58416434,26,39.19583333333333,141.55625,5.988
58416435,40,39.19583333333333,141.56875,5.841
58416436,130,39.19583333333333,141.58124999999998,5.891
58416437,234,39.19583333333333,141.59375,6.133
58416438,12,39.19583333333333,141.60625,6.546
58416444,18,39.204166666666666,141.55625,6.894
58416445,31,39.204166666666666,141.56875,6.767
58416447,105,39.204166666666666,141.59375,7.021
58416453,1,39.2125,141.54375,8.061
58416454,24,39.2125,141.55625,7.805
58416457,88,39.2125,141.59375,7.917
58416458,19,39.2125,141.60625,8.241
58416463,17,39.22083333333333,141.54375,8.949
58416464,5,39.22083333333333,141.55625,8.719
58416465,1,39.22083333333333,141.56875,8.619
58416467,73,39.22083333333333,141.59375,8.82
58416473,1,39.229166666666664,141.54375,9.844
58416475,2,39.229166666666664,141.56875,9.545
58416476,1,39.229166666666664,141.58124999999998,9.576
58416477,39,39.229166666666664,141.59375,9.727
58416478,8,39.229166666666664,141.60625,9.992
58416484,6,39.237500000000004,141.55625,10.554
58416486,3,39.237500000000004,141.58124999999998,10.5
58416488,24,39.237500000000004,141.60625,10.88
58416495,9,39.24583333333334,141.56875,10.135
58416497,6,39.24583333333334,141.59375,10.727
58416520,11,39.1875,141.63125,7.094
58416530,33,39.19583333333333,141.63125,7.764
58416531,24,39.19583333333333,141.64374999999998,8.514
58416533,34,39.19583333333333,141.66875,10.19
58416541,2,39.204166666666666,141.64374999999998,9.173
58416542,141,39.204166666666666,141.65625,9.933
58416552,11,39.2125,141.65625,10.447
58416562,6,39.22083333333333,141.65625,10.103
58416572,2,39.229166666666664,141.65625,9.836
58416573,1,39.229166666666664,141.66875,8.796
58416583,2,39.237500000000004,141.66875,8.588
58416584,7,39.237500000000004,141.68125,7.53
58416590,8,39.24583333333334,141.63125,11.701
58416594,4,39.24583333333334,141.68125,7.403
58416623,5,39.1875,141.79375,7.41
58416628,103,39.1875,141.85625,7.155
58416633,3,39.19583333333333,141.79375,6.536
58416634,16,39.19583333333333,141.80625,6.989
58416635,19,39.19583333333333,141.81875,6.996
58416636,32,39.19583333333333,141.83124999999998,7.005
58416637,46,39.19583333333333,141.84375,6.873
58416638,45,39.19583333333333,141.85625,6.317
58416645,3,39.204166666666666,141.81875,6.072
58416648,75,39.204166666666666,141.85625,5.507
58416649,236,39.204166666666666,141.86875,5.031
58416655,2,39.2125,141.81875,5.149
58416656,19,39.2125,141.83124999999998,5.161
58416657,79,39.2125,141.84375,5.393
58416659,200,39.2125,141.86875,4.178
58416663,7,39.22083333333333,141.79375,4.055
58416666,2,39.22083333333333,141.83124999999998,4.242
58416674,2,39.229166666666664,141.80625,3.623
58416682,3,39.237500000000004,141.78125,1.926
58416683,10,39.237500000000004,141.79375,2.741
58416689,251,39.237500000000004,141.86875,2.051
58416690,240,39.24583333333334,141.75625,1.078
58416691,204,39.24583333333334,141.76874999999998,0.577
58416692,22,39.24583333333334,141.78125,1.349
58416693,216,39.24583333333334,141.79375,2.371
58416696,17,39.24583333333334,141.83124999999998,1.541
58416697,16,39.24583333333334,141.84375,2.032
58416699,1502,39.24583333333334,141.86875,1.795
58416711,76,39.17916666666667,141.89374999999998,7.488
58416750,345,39.2125,141.88125,3.841
58416751,175,39.2125,141.89374999999998,3.79
58416763,12,39.22083333333333,141.91875,3.797
58416770,6,39.229166666666664,141.88125,2.05
58416773,42,39.229166666666664,141.91875,3.162
58416780,14,39.237500000000004,141.88125,1.225
58416781,386,39.237500000000004,141.89374999999998,1.056
58416783,215,39.237500000000004,141.91875,2.701
58416790,743,39.24583333333334,141.88125,0.721
58416791,328,39.24583333333334,141.89374999999998,0.365
58417000,67,39.25416666666667,141.00625,6.072
58417001,78,39.25416666666667,141.01874999999998,5.745
58417002,61,39.25416666666667,141.03125,5.608
58417003,62,39.25416666666667,141.04375,5.331
58417004,25,39.25416666666667,141.05625,4.374
58417005,133,39.25416666666667,141.06875,3.489
58417006,181,39.25416666666667,141.08124999999998,2.743
58417007,156,39.25416666666667,141.09375,2.279
58417008,364,39.25416666666667,141.10625,2.132
58417009,175,39.25416666666667,141.11875,2.471
58417010,125,39.2625,141.00625,5.229
58417011,31,39.2625,141.01874999999998,4.845
58417012,52,39.2625,141.03125,4.682
58417013,27,39.2625,141.04375,4.763
58417014,110,39.2625,141.05625,3.986
58417015,137,39.2625,141.06875,2.988
58417016,821,39.2625,141.08124999999998,2.069
58417017,1742,39.2625,141.09375,1.397
58417018,3132,39.2625,141.10625,1.212
58417019,624,39.2625,141.11875,1.74
58417020,6,39.270833333333336,141.00625,4.419
58417021,35,39.270833333333336,141.01874999999998,3.958
58417022,41,39.270833333333336,141.03125,3.757
58417023,162,39.270833333333336,141.04375,3.857
58417024,28,39.270833333333336,141.05625,3.571
58417025,27,39.270833333333336,141.06875,2.721
58417026,84,39.270833333333336,141.08124999999998,1.66
58417027,1625,39.270833333333336,141.09375,0.653
58417028,1025,39.270833333333336,141.10625,0.329
58417029,248,39.270833333333336,141.11875,1.252
58417030,17,39.27916666666667,141.00625,3.665
58417031,96,39.27916666666667,141.01874999999998,3.093
58417032,61,39.27916666666667,141.03125,2.832
58417033,252,39.27916666666667,141.04375,2.963
58417034,172,39.27916666666667,141.05625,2.668
58417035,348,39.27916666666667,141.06875,2.542
58417036,654,39.27916666666667,141.08124999999998,1.717
58417037,753,39.27916666666667,141.09375,0.786
58417038,671,39.27916666666667,141.10625,0.398
58417039,3223,39.27916666666667,141.11875,0.389
58417040,246,39.2875,141.00625,3.009
58417041,118,39.2875,141.01874999999998,2.278
58417042,69,39.2875,141.03125,1.908
58417043,99,39.2875,141.04375,2.099
58417044,119,39.2875,141.05625,1.79
58417045,124,39.2875,141.06875,1.683
58417046,215,39.2875,141.08124999999998,1.525
58417047,656,39.2875,141.09375,1.079
58417048,3181,39.2875,141.10625,0.27
58417049,3705,39.2875,141.11875,0.268
58417050,101,39.295833333333334,141.00625,2.528
58417051,122,39.295833333333334,141.01874999999998,1.59
58417052,1252,39.295833333333334,141.03125,0.989
58417053,927,39.295833333333334,141.04375,1.32
58417054,616,39.295833333333334,141.05625,1.002
58417055,1032,39.295833333333334,141.06875,0.819
58417056,1386,39.295833333333334,141.08124999999998,0.644
58417057,1616,39.295833333333334,141.09375,1.491
58417058,2950,39.295833333333334,141.10625,0.581
58417059,4205,39.295833333333334,141.11875,0.071
58417060,240,39.30416666666667,141.00625,2.334
58417061,396,39.30416666666667,141.01874999999998,1.259
58417062,1347,39.30416666666667,141.03125,0.188
58417063,375,39.30416666666667,141.04375,0.894
58417064,333,39.30416666666667,141.05625,0.722
58417065,1042,39.30416666666667,141.06875,0.433
58417066,526,39.30416666666667,141.08124999999998,0.469
58417067,576,39.30416666666667,141.09375,1.392
58417068,2140,39.30416666666667,141.10625,0.743
58417069,4979,39.30416666666667,141.11875,0.517
58417070,181,39.3125,141.00625,2.494
58417071,10,39.3125,141.01874999999998,1.536
58417072,344,39.3125,141.03125,0.9
58417073,182,39.3125,141.04375,1.254
58417074,205,39.3125,141.05625,1.325
58417075,320,39.3125,141.06875,1.193
58417076,973,39.3125,141.08124999999998,1.32
58417077,160,39.3125,141.09375,0.655
58417078,718,39.3125,141.10625,0.63
58417079,1680,39.3125,141.11875,0.729
58417080,207,39.32083333333334,141.00625,2.951
58417081,23,39.32083333333334,141.01874999999998,2.202
58417082,199,39.32083333333334,141.03125,1.817
58417083,236,39.32083333333334,141.04375,2.016
58417084,127,39.32083333333334,141.05625,2.17
58417085,202,39.32083333333334,141.06875,2.092
58417086,136,39.32083333333334,141.08124999999998,1.727
58417087,10,39.32083333333334,141.09375,0.798
58417088,961,39.32083333333334,141.10625,0.655
58417089,2524,39.32083333333334,141.11875,0.68
58417090,3,39.32916666666667,141.00625,3.594
58417091,4,39.32916666666667,141.01874999999998,3.009
58417092,8,39.32916666666667,141.03125,2.74
58417093,122,39.32916666666667,141.04375,2.876
58417094,207,39.32916666666667,141.05625,3.062
58417095,63,39.32916666666667,141.06875,3.007
58417096,200,39.32916666666667,141.08124999999998,2.215
58417097,358,39.32916666666667,141.09375,1.6
58417098,1376,39.32916666666667,141.10625,0.745
58417099,895,39.32916666666667,141.11875,0.767
58417100,18,39.25416666666667,141.13125,3.159
58417101,14,39.25416666666667,141.14374999999998,3.904
58417102,10,39.25416666666667,141.15625,4.575
58417103,38,39.25416666666667,141.16875,5.285
58417105,26,39.25416666666667,141.19375,6.605
58417106,83,39.25416666666667,141.20624999999998,7.007
58417107,87,39.25416666666667,141.21875,7.543
58417108,119,39.25416666666667,141.23125,8.186
58417109,28,39.25416666666667,141.24375,8.913
58417110,3,39.2625,141.13125,2.528
58417111,92,39.2625,141.14374999999998,3.206
58417112,39,39.2625,141.15625,3.868
58417113,40,39.2625,141.16875,4.672
58417114,54,39.2625,141.18125,5.408
58417115,51,39.2625,141.19375,6.243
58417116,39,39.2625,141.20624999999998,7.144
58417117,33,39.2625,141.21875,8.087
58417118,51,39.2625,141.23125,8.918
58417119,38,39.2625,141.24375,9.59
58417120,10,39.270833333333336,141.13125,1.804
58417122,5,39.270833333333336,141.15625,3.273
58417124,25,39.270833333333336,141.18125,4.83
58417126,15,39.270833333333336,141.20624999999998,6.717
58417127,80,39.270833333333336,141.21875,7.712
58417128,48,39.270833333333336,141.23125,8.727
58417129,69,39.270833333333336,141.24375,9.755
58417130,762,39.27916666666667,141.13125,1.063
58417131,392,39.27916666666667,141.14374999999998,1.871
58417132,50,39.27916666666667,141.15625,2.571
58417133,36,39.27916666666667,141.16875,3.422
58417134,26,39.27916666666667,141.18125,4.374
58417136,46,39.27916666666667,141.20624999999998,6.396
58417137,73,39.27916666666667,141.21875,7.435
58417138,46,39.27916666666667,141.23125,8.483
58417140,3492,39.2875,141.13125,0.544
58417141,513,39.2875,141.14374999999998,1.157
58417142,261,39.2875,141.15625,2.032
58417143,30,39.2875,141.16875,3.039
58417144,16,39.2875,141.18125,4.081
58417145,5,39.2875,141.19375,5.137
58417146,90,39.2875,141.20624999999998,6.199
58417147,74,39.2875,141.21875,7.266
58417148,52,39.2875,141.23125,8.335
58417149,13,39.2875,141.24375,9.405
58417150,4532,39.295833333333334,141.13125,0.321
58417151,318,39.295833333333334,141.14374999999998,0.76
58417152,44,39.295833333333334,141.15625,1.835
58417153,36,39.295833333333334,141.16875,2.91
58417154,41,39.295833333333334,141.18125,3.986
58417155,80,39.295833333333334,141.19375,5.062
58417156,277,39.295833333333334,141.20624999999998,6.137
58417157,10,39.295833333333334,141.21875,7.213
58417158,37,39.295833333333334,141.23125,8.288
58417159,8,39.295833333333334,141.24375,9.364
58417160,1475,39.30416666666667,141.13125,1.029
58417161,231,39.30416666666667,141.14374999999998,1.239
58417162,264,39.30416666666667,141.15625,2.079
58417163,52,39.30416666666667,141.16875,3.07
58417164,10,39.30416666666667,141.18125,4.104
58417165,57,39.30416666666667,141.19375,5.155
58417166,27,39.30416666666667,141.20624999999998,6.214
58417168,3,39.30416666666667,141.23125,8.345
58417169,9,39.30416666666667,141.24375,8.832
58417170,285,39.3125,141.13125,1.6
58417171,206,39.3125,141.14374999999998,2.051
58417172,348,39.3125,141.15625,2.645
58417173,8,39.3125,141.16875,3.478
58417174,14,39.3125,141.18125,4.417
58417175,39,39.3125,141.19375,5.408
58417176,11,39.3125,141.20624999999998,6.425
58417177,15,39.3125,141.21875,7.459
58417178,11,39.3125,141.23125,7.828
58417179,3,39.3125,141.24375,7.914
58417180,727,39.32083333333334,141.13125,1.676
58417181,265,39.32083333333334,141.14374999999998,2.733
58417182,263,39.32083333333334,141.15625,3.374
58417183,105,39.32083333333334,141.16875,4.06
58417184,20,39.32083333333334,141.18125,4.889
58417185,6,39.32083333333334,141.19375,5.799
58417186,26,39.32083333333334,141.20624999999998,6.758
58417187,109,39.32083333333334,141.21875,6.97
58417188,21,39.32083333333334,141.23125,6.902
58417189,46,39.32083333333334,141.24375,6.999
58417190,218,39.32916666666667,141.13125,1.713
58417191,597,39.32916666666667,141.14374999999998,2.755
58417192,113,39.32916666666667,141.15625,3.816
58417193,112,39.32916666666667,141.16875,4.753
58417194,26,39.32916666666667,141.18125,5.478
58417195,73,39.32916666666667,141.19375,6.304
58417196,42,39.32916666666667,141.20624999999998,6.318
58417197,15,39.32916666666667,141.21875,6.054
58417198,49,39.32916666666667,141.23125,5.975
58417199,50,39.32916666666667,141.24375,6.087
58417200,21,39.25416666666667,141.25625,9.706
58417201,27,39.25416666666667,141.26874999999998,10.549
58417202,56,39.25416666666667,141.28125,11.431
58417203,9,39.25416666666667,141.29375,12.344
58417204,13,39.25416666666667,141.30625,13.282
58417205,21,39.25416666666667,141.31875,14.239
58417206,19,39.25416666666667,141.33124999999998,15.208
58417210,40,39.2625,141.25625,10.33
58417211,75,39.2625,141.26874999999998,11.126
58417212,34,39.2625,141.28125,11.966
58417214,13,39.2625,141.30625,13.745
58417215,17,39.2625,141.31875,14.672
58417220,20,39.270833333333336,141.25625,10.792
58417221,92,39.270833333333336,141.26874999999998,11.748
58417222,38,39.270833333333336,141.28125,12.546
58417225,21,39.270833333333336,141.31875,14.606
58417230,54,39.27916666666667,141.25625,10.595
58417231,92,39.27916666666667,141.26874999999998,11.657
58417232,33,39.27916666666667,141.28125,12.342
58417235,10,39.27916666666667,141.31875,13.823
58417240,158,39.2875,141.25625,10.477
58417241,46,39.2875,141.26874999999998,11.114
58417242,40,39.2875,141.28125,11.481
58417243,4,39.2875,141.29375,11.934
58417244,2,39.2875,141.30625,12.463
58417245,24,39.2875,141.31875,13.06
58417246,6,39.2875,141.33124999999998,13.715
58417247,5,39.2875,141.34375,14.42
58417250,53,39.295833333333334,141.25625,9.937
58417251,48,39.295833333333334,141.26874999999998,10.234
58417252,24,39.295833333333334,141.28125,10.631
58417253,35,39.295833333333334,141.29375,11.118
58417254,8,39.295833333333334,141.30625,11.684
58417255,60,39.295833333333334,141.31875,12.319
58417256,60,39.295833333333334,141.33124999999998,13.011
58417257,4,39.295833333333334,141.34375,13.752
58417260,12,39.30416666666667,141.25625,9.037
58417261,36,39.30416666666667,141.26874999999998,9.362
58417262,76,39.30416666666667,141.28125,9.794
58417264,12,39.30416666666667,141.30625,10.929
58417265,11,39.30416666666667,141.31875,11.604
58417269,5,39.30416666666667,141.36875,14.547
58417270,9,39.3125,141.25625,8.143
58417271,16,39.3125,141.26874999999998,8.502
58417272,35,39.3125,141.28125,8.976
58417274,24,39.3125,141.30625,10.201
58417275,2,39.3125,141.31875,10.922
58417279,5,39.3125,141.36875,14.257
58417280,62,39.32083333333334,141.25625,7.256
58417283,2,39.32083333333334,141.29375,8.804
58417284,40,39.32083333333334,141.30625,9.509
58417288,6,39.32083333333334,141.35625,12.851
58417290,75,39.32916666666667,141.25625,6.381
58417293,63,39.32916666666667,141.29375,8.098
58417294,18,39.32916666666667,141.30625,8.859
58417299,55,39.32916666666667,141.36875,13.329
58417301,3,39.25416666666667,141.39374999999998,15.173
58417302,20,39.25416666666667,141.40625,14.339
58417304,64,39.25416666666667,141.43125,12.781
58417305,5,39.25416666666667,141.44375,12.07
58417310,5,39.2625,141.38125,15.515
58417311,18,39.2625,141.39374999999998,14.621
58417313,2,39.2625,141.41875,12.919
58417314,48,39.2625,141.43125,12.122
58417318,29,39.2625,141.48125,9.497
58417323,118,39.270833333333336,141.41875,12.337
58417324,51,39.270833333333336,141.43125,11.499
58417325,32,39.270833333333336,141.44375,10.704
58417326,26,39.270833333333336,141.45624999999998,9.961
58417328,14,39.270833333333336,141.48125,8.688
58417331,56,39.27916666666667,141.39374999999998,13.641
58417332,13,39.27916666666667,141.40625,12.708
58417333,9,39.27916666666667,141.41875,11.799
58417334,10,39.27916666666667,141.43125,10.92
58417335,43,39.27916666666667,141.44375,10.079
58417337,28,39.27916666666667,141.46875,8.557
58417338,22,39.27916666666667,141.48125,7.906
58417340,31,39.2875,141.38125,14.189
58417341,9,39.2875,141.39374999999998,13.22
58417342,13,39.2875,141.40625,12.256
58417345,28,39.2875,141.44375,9.504
58417346,41,39.2875,141.45624999999998,8.659
58417347,87,39.2875,141.46875,7.871
58417348,31,39.2875,141.48125,7.158
58417350,25,39.295833333333334,141.38125,13.827
58417351,11,39.295833333333334,141.39374999999998,12.83
58417352,255,39.295833333333334,141.40625,11.847
58417353,9,39.295833333333334,141.41875,10.88
58417356,2,39.295833333333334,141.45624999999998,8.089
58417357,3,39.295833333333334,141.46875,7.239
58417360,68,39.30416666666667,141.38125,13.518
58417361,45,39.30416666666667,141.39374999999998,12.497
58417362,25,39.30416666666667,141.40625,11.486
58417363,58,39.30416666666667,141.41875,10.488
58417364,48,39.30416666666667,141.43125,9.506
58417371,12,39.3125,141.39374999999998,12.226
58417372,6,39.3125,141.40625,11.19
58417374,124,39.3125,141.43125,9.147
58417375,64,39.3125,141.44375,8.146
58417376,29,39.3125,141.45624999999998,7.166
58417377,71,39.3125,141.46875,6.202
58417380,4,39.32083333333334,141.38125,13.078
58417381,24,39.32083333333334,141.39374999999998,12.019
58417384,5,39.32083333333334,141.43125,8.87
58417385,89,39.32083333333334,141.44375,7.834
58417386,162,39.32083333333334,141.45624999999998,6.81
58417387,91,39.32083333333334,141.46875,5.804
58417388,65,39.32083333333334,141.48125,4.829
58417390,62,39.32916666666667,141.38125,12.951
58417391,3,39.32916666666667,141.39374999999998,11.882
58417395,84,39.32916666666667,141.44375,7.622
58417396,85,39.32916666666667,141.45624999999998,6.565
58417397,109,39.32916666666667,141.46875,5.516
58417398,208,39.32916666666667,141.48125,4.478
58417399,120,39.32916666666667,141.49375,3.463
58417417,84,39.2625,141.59375,9.029
58417418,19,39.2625,141.60625,9.548
58417419,62,39.2625,141.61875,10.154
58417423,24,39.270833333333336,141.54375,7.205
58417424,4,39.270833333333336,141.55625,7.231
58417425,14,39.270833333333336,141.56875,7.416
58417426,130,39.270833333333336,141.58124999999998,7.746
58417427,25,39.270833333333336,141.59375,8.205
58417428,57,39.270833333333336,141.60625,8.773
58417432,6,39.27916666666667,141.53125,6.432
58417433,12,39.27916666666667,141.54375,6.28
58417434,31,39.27916666666667,141.55625,6.31
58417435,125,39.27916666666667,141.56875,6.52
58417436,137,39.27916666666667,141.58124999999998,6.894
58417437,285,39.27916666666667,141.59375,7.406
58417438,75,39.27916666666667,141.60625,8.03
58417439,8,39.27916666666667,141.61875,8.742
58417443,4,39.2875,141.54375,5.355
58417444,3,39.2875,141.55625,5.39
58417445,48,39.2875,141.56875,5.635
58417446,306,39.2875,141.58124999999998,6.063
58417447,347,39.2875,141.59375,6.639
58417448,186,39.2875,141.60625,7.329
58417449,16,39.2875,141.61875,8.103
58417452,4,39.295833333333334,141.53125,4.644
58417453,12,39.295833333333334,141.54375,4.431
58417455,75,39.295833333333334,141.56875,4.765
58417456,78,39.295833333333334,141.58124999999998,5.265
58417457,53,39.295833333333334,141.59375,5.919
58417458,27,39.295833333333334,141.60625,6.684
58417465,116,39.30416666666667,141.56875,3.922
58417466,95,39.30416666666667,141.58124999999998,4.516
58417467,106,39.30416666666667,141.59375,5.264
58417468,18,39.30416666666667,141.60625,6.111
58417472,10,39.3125,141.53125,2.836
58417475,256,39.3125,141.56875,3.126
58417476,90,39.3125,141.58124999999998,3.845
58417481,39,39.32083333333334,141.51874999999998,2.261
58417482,529,39.32083333333334,141.53125,1.912
58417483,298,39.32083333333334,141.54375,1.675
58417484,137,39.32083333333334,141.55625,1.786
58417485,428,39.32083333333334,141.56875,2.425
58417486,255,39.32083333333334,141.58124999999998,3.3
58417487,69,39.32083333333334,141.59375,4.267
58417488,55,39.32083333333334,141.60625,5.276
58417490,16,39.32916666666667,141.50625,2.492
58417491,886,39.32916666666667,141.51874999999998,1.562
58417492,2237,39.32916666666667,141.53125,0.99
58417493,719,39.32916666666667,141.54375,0.796
58417494,279,39.32916666666667,141.55625,1.008
58417495,171,39.32916666666667,141.56875,1.926
58417496,153,39.32916666666667,141.58124999999998,2.952
58417497,24,39.32916666666667,141.59375,4.004
58417498,29,39.32916666666667,141.60625,5.066
58417499,13,39.32916666666667,141.61875,6.132
58417500,2,39.25416666666667,141.63125,11.545
58417501,34,39.25416666666667,141.64374999999998,10.617
58417508,3,39.25416666666667,141.73125,3.099
58417509,310,39.25416666666667,141.74375,2.034
58417510,35,39.2625,141.63125,10.834
58417511,7,39.2625,141.64374999999998,10.689
58417518,121,39.2625,141.73125,3.339
58417521,3,39.270833333333336,141.64374999999998,10.84
58417527,12,39.270833333333336,141.71875,4.71
58417528,8,39.270833333333336,141.73125,3.796
58417537,44,39.27916666666667,141.71875,5.212
58417540,7,39.2875,141.63125,8.94
58417600,238,39.25416666666667,141.75625,0.995
58417601,426,39.25416666666667,141.76874999999998,0.401
58417602,757,39.25416666666667,141.78125,1.283
58417603,1262,39.25416666666667,141.79375,2.335
58417604,1649,39.25416666666667,141.80625,1.63
58417605,1325,39.25416666666667,141.81875,0.686
58417606,1089,39.25416666666667,141.83124999999998,0.776
58417608,22,39.25416666666667,141.85625,1.795
58417609,3,39.25416666666667,141.86875,1.965
58417611,1,39.2625,141.76874999999998,1.306
58417614,39,39.2625,141.80625,1.613
58417615,294,39.2625,141.81875,0.645
58417616,2192,39.2625,141.83124999999998,0.49
58417617,1258,39.2625,141.84375,0.601
58417618,1035,39.2625,141.85625,0.886
58417625,169,39.270833333333336,141.81875,1.441
58417626,1420,39.270833333333336,141.83124999999998,0.965
58417627,764,39.270833333333336,141.84375,1.026
58417628,1933,39.270833333333336,141.85625,0.254
58417629,403,39.270833333333336,141.86875,0.421
58417634,13,39.27916666666667,141.80625,2.764
58417635,170,39.27916666666667,141.81875,2.336
58417637,21,39.27916666666667,141.84375,1.655
58417638,7,39.27916666666667,141.85625,1.03
58417639,128,39.27916666666667,141.86875,0.551
58417644,61,39.2875,141.80625,3.569
58417651,3,39.295833333333334,141.76874999999998,5.006
58417653,2,39.295833333333334,141.79375,4.904
58417658,28,39.295833333333334,141.85625,2.56
58417659,3,39.295833333333334,141.86875,2.389
58417669,5,39.30416666666667,141.86875,2.395
58417687,46,39.32083333333334,141.84375,3.538
58417689,1,39.32083333333334,141.86875,1.389
58417699,403,39.32916666666667,141.86875,1.614
58417701,153,39.25416666666667,141.89374999999998,0.932
58417710,315,39.2625,141.88125,1.365
58417711,825,39.2625,141.89374999999998,1.571
58417720,1312,39.270833333333336,141.88125,0.488
58417721,110,39.270833333333336,141.89374999999998,0.917
58417722,64,39.270833333333336,141.90625,1.939
58417730,1257,39.27916666666667,141.88125,0.574
58417731,420,39.27916666666667,141.89374999999998,0.965
58417732,9,39.27916666666667,141.90625,1.962
58417760,18,39.30416666666667,141.88125,1.978
58417761,27,39.30416666666667,141.89374999999998,2.098
58417770,46,39.3125,141.88125,1.072
58417771,169,39.3125,141.89374999999998,1.28
58417772,59,39.3125,141.90625,2.107
58417775,29,39.3125,141.94375,5.169
58417780,781,39.32083333333334,141.88125,0.326
58417781,28,39.32083333333334,141.89374999999998,0.771
58417782,77,39.32083333333334,141.90625,1.843
58417783,351,39.32083333333334,141.91875,2.917
58417785,8,39.32083333333334,141.94375,5.067
58417790,370,39.32916666666667,141.88125,0.883
58417791,22,39.32916666666667,141.89374999999998,1.126
58417792,6,39.32916666666667,141.90625,2.017
58417795,200,39.32916666666667,141.94375,5.08
59400508,17,39.337500000000006,140.73125,4.745
59400519,32,39.34583333333334,140.74375,4.167
59400528,17,39.35416666666667,140.73125,5.578
59400537,33,39.362500000000004,140.71875,6.993
59400538,16,39.362500000000004,140.73125,6.164
59400548,5,39.37083333333334,140.73125,6.826
59400549,8,39.37083333333334,140.74375,6.164
59400557,22,39.37916666666667,140.71875,8.234
59400558,44,39.37916666666667,140.73125,7.543
59400588,44,39.404166666666676,140.73125,9.906
59400589,66,39.404166666666676,140.74375,9.463
59400599,62,39.41250000000001,140.74375,10.331
59400601,138,39.337500000000006,140.76874999999998,1.914
59400602,102,39.337500000000006,140.78125,1.415
59400603,1,39.337500000000006,140.79375,1.629
59400610,2,39.34583333333334,140.75625,3.329
59400611,510,39.34583333333334,140.76874999999998,2.666
59400621,138,39.35416666666667,140.76874999999998,3.503
59400630,18,39.362500000000004,140.75625,4.808
59400631,54,39.362500000000004,140.76874999999998,4.376
59400640,96,39.37083333333334,140.75625,5.632
59400641,31,39.37083333333334,140.76874999999998,5.267
59400650,70,39.37916666666667,140.75625,6.483
59400651,43,39.37916666666667,140.76874999999998,6.169
59400660,83,39.3875,140.75625,7.352
59400661,46,39.3875,140.76874999999998,7.077
59400670,262,39.395833333333336,140.75625,8.234
59400671,5,39.395833333333336,140.76874999999998,7.99
59400680,100,39.404166666666676,140.75625,9.125
59400681,42,39.404166666666676,140.76874999999998,8.905
59400690,42,39.41250000000001,140.75625,10.023
59400707,28,39.337500000000006,140.96875,6.656
59400708,71,39.337500000000006,140.98125,5.788
59400709,47,39.337500000000006,140.99375,5.002
59400718,26,39.34583333333334,140.98125,6.414
59400719,37,39.34583333333334,140.99375,5.715
59400727,4,39.35416666666667,140.96875,7.829
59400728,45,39.35416666666667,140.98125,7.106
59400729,70,39.35416666666667,140.99375,6.482
59400737,37,39.362500000000004,140.96875,8.507
59400738,12,39.362500000000004,140.98125,7.847
59400739,120,39.362500000000004,140.99375,7.286
59400749,6,39.37083333333334,140.99375,8.117
59400758,1,39.37916666666667,140.98125,9.283
59400759,28,39.37916666666667,140.99375,8.208
59400769,8,39.3875,140.99375,8.246
59401509,77,39.42083333333334,140.74375,11.208
59401519,112,39.429166666666674,140.74375,12.093
59401529,3,39.43750000000001,140.74375,12.984
59401600,15,39.42083333333334,140.75625,10.925
59401610,130,39.429166666666674,140.75625,11.831
59401620,82,39.43750000000001,140.75625,12.74
59401630,129,39.44583333333334,140.75625,13.651
59401631,30,39.44583333333334,140.76874999999998,13.505
59401632,13,39.44583333333334,140.78125,13.444
59401633,35,39.44583333333334,140.79375,13.468
59401641,41,39.45416666666667,140.76874999999998,14.428
59401642,126,39.45416666666667,140.78125,14.37
59401643,20,39.45416666666667,140.79375,14.393
59401651,70,39.462500000000006,140.76874999999998,15.351
59401652,33,39.462500000000006,140.78125,15.297
59401662,44,39.47083333333334,140.78125,16.223
59401663,11,39.47083333333334,140.79375,16.243
59401672,18,39.47916666666667,140.78125,16.22
59401673,101,39.47916666666667,140.79375,17.168
59401674,77,39.47916666666667,140.80625,17.254
59401684,60,39.48750000000001,140.80625,18.176
59401694,20,39.495833333333344,140.80625,18.117
59401695,54,39.495833333333344,140.81875,19.187
59401759,101,39.462500000000006,140.99375,6.615
59401769,66,39.47083333333334,140.99375,6.835
59402605,29,39.50416666666667,140.81875,19.152
59402606,10,39.50416666666667,140.83124999999998,20.225
59402616,19,39.5125,140.83124999999998,20.234
59402626,58,39.520833333333336,140.83124999999998,20.285
59402636,28,39.52916666666667,140.83124999999998,20.379
59402646,31,39.5375,140.83124999999998,20.147
59402656,27,39.545833333333334,140.83124999999998,19.318
59402657,29,39.545833333333334,140.84375,19.829
59402666,25,39.55416666666667,140.83124999999998,18.498
59402667,55,39.55416666666667,140.84375,19.031
59402676,32,39.5625,140.83124999999998,17.689
59402677,4,39.5625,140.84375,18.245
59402686,6,39.57083333333334,140.83124999999998,16.891
59402792,8,39.57916666666667,140.90625,14.136
59403702,39,39.587500000000006,140.90625,13.459
59403703,52,39.587500000000006,140.91875,12.733
59403704,6,39.587500000000006,140.93125,12.058
59403713,130,39.59583333333334,140.91875,12.048
59403714,11,39.59583333333334,140.93125,11.333
59403724,26,39.60416666666667,140.93125,10.639
59403735,14,39.612500000000004,140.94375,9.232
59403742,6,39.62083333333334,140.90625,10.338
59403745,47,39.62083333333334,140.94375,8.568
59403746,2,39.62083333333334,140.95624999999998,7.828
59403747,2,39.62083333333334,140.96875,7.171
59403753,1,39.62916666666667,140.91875,8.962
59403755,86,39.62916666666667,140.94375,7.95
59403756,12,39.62916666666667,140.95624999999998,7.154
59403757,34,39.62916666666667,140.96875,6.429
59403763,171,39.6375,140.91875,8.214
59403764,133,39.6375,140.93125,7.601
59403765,119,39.6375,140.94375,7.096
59403766,55,39.6375,140.95624999999998,6.543
59403767,28,39.6375,140.96875,5.741
59403768,16,39.6375,140.98125,5.04
59403769,32,39.6375,140.99375,4.487
59403774,14,39.645833333333336,140.93125,6.83
59403775,144,39.645833333333336,140.94375,6.264
59403776,66,39.645833333333336,140.95624999999998,5.841
59403777,4,39.645833333333336,140.96875,5.13
59403778,15,39.645833333333336,140.98125,4.33
59403779,25,39.645833333333336,140.99375,3.672
59403785,62,39.654166666666676,140.94375,5.462
59403786,77,39.654166666666676,140.95624999999998,4.971
59403787,193,39.654166666666676,140.96875,4.624
59403788,40,39.654166666666676,140.98125,3.717
59403789,50,39.654166666666676,140.99375,2.924
59403796,33,39.66250000000001,140.95624999999998,4.126
59403797,116,39.66250000000001,140.96875,3.767
59403798,265,39.66250000000001,140.98125,3.256
59403799,35,39.66250000000001,140.99375,2.309
59404673,2,39.72916666666667,140.79375,6.443
59404704,23,39.67083333333334,140.93125,4.857
59404706,56,39.67083333333334,140.95624999999998,3.325
59404707,115,39.67083333333334,140.96875,2.868
59404708,296,39.67083333333334,140.98125,2.771
59404712,6,39.679166666666674,140.90625,6.369
59404713,78,39.679166666666674,140.91875,5.371
59404714,99,39.679166666666674,140.93125,4.397
59404715,46,39.679166666666674,140.94375,3.454
59404716,114,39.679166666666674,140.95624999999998,2.609
59404717,62,39.679166666666674,140.96875,1.993
59404718,33,39.679166666666674,140.98125,1.852
59404719,95,39.679166666666674,140.99375,2.013
59404721,69,39.68750000000001,140.89374999999998,7.179
59404722,91,39.68750000000001,140.90625,6.126
59404723,26,39.68750000000001,140.91875,5.081
59404724,176,39.68750000000001,140.93125,4.047
59404725,268,39.68750000000001,140.94375,3.039
59404726,60,39.68750000000001,140.95624999999998,2.067
59404727,218,39.68750000000001,140.96875,1.2
59404728,742,39.68750000000001,140.98125,0.946
59404729,433,39.68750000000001,140.99375,1.624
59404731,56,39.69583333333334,140.89374999999998,7.087
59404734,120,39.69583333333334,140.93125,3.882
59404735,311,39.69583333333334,140.94375,2.815
59404736,726,39.69583333333334,140.95624999999998,1.752
59404737,1947,39.69583333333334,140.96875,0.709
59404738,139,39.69583333333334,140.98125,0.281
59404739,62,39.69583333333334,140.99375,1.35
59404740,73,39.70416666666667,140.88125,8.18
59404742,25,39.70416666666667,140.90625,6.052
59404744,112,39.70416666666667,140.93125,3.934
59404745,180,39.70416666666667,140.94375,2.887
59404746,94,39.70416666666667,140.95624999999998,1.865
59404747,402,39.70416666666667,140.96875,0.954
59404748,691,39.70416666666667,140.98125,0.793
59404749,43,39.70416666666667,140.99375,1.624
59404751,2,39.712500000000006,140.89374999999998,7.262
59404752,9,39.712500000000006,140.90625,6.224
59404754,59,39.712500000000006,140.93125,4.195
59404755,4,39.712500000000006,140.94375,3.234
59404756,233,39.712500000000006,140.95624999999998,2.367
59404757,245,39.712500000000006,140.96875,1.742
59404758,30,39.712500000000006,140.98125,1.659
59404759,130,39.712500000000006,140.99375,2.182
59404764,72,39.72083333333334,140.93125,4.63
59404765,44,39.72083333333334,140.94375,3.781
59404766,60,39.72083333333334,140.95624999999998,3.073
59404767,244,39.72083333333334,140.96875,2.622
59404768,56,39.72083333333334,140.98125,2.568
59404769,47,39.72083333333334,140.99375,2.933
59404774,45,39.72916666666667,140.93125,5.196
59404775,55,39.72916666666667,140.94375,4.456
59404776,69,39.72916666666667,140.95624999999998,3.873
59404777,199,39.72916666666667,140.96875,3.526
59404778,17,39.72916666666667,140.98125,3.486
59404779,10,39.72916666666667,140.99375,3.763
59404783,3,39.73750000000001,140.91875,6.61
59404784,20,39.73750000000001,140.93125,5.854
59404785,97,39.73750000000001,140.94375,5.209
59404786,187,39.73750000000001,140.95624999999998,4.72
59404787,307,39.73750000000001,140.96875,4.44
59404788,11,39.73750000000001,140.98125,4.408
59404794,31,39.745833333333344,140.93125,6.577
59404795,145,39.745833333333344,140.94375,6.01
59404796,39,39.745833333333344,140.95624999999998,5.592
59404797,79,39.745833333333344,140.96875,5.358
59405705,22,39.75416666666667,140.94375,6.843
59405706,66,39.75416666666667,140.95624999999998,6.479
59405707,7,39.75416666666667,140.96875,6.278
59405708,48,39.75416666666667,140.98125,6.256
59405709,2,39.75416666666667,140.99375,6.414
59405715,95,39.7625,140.94375,7.698
59405716,8,39.7625,140.95624999999998,7.376
59405717,64,39.7625,140.96875,7.2
59405718,44,39.7625,140.98125,7.181
59405725,66,39.770833333333336,140.94375,8.568
59405726,96,39.770833333333336,140.95624999999998,8.28
59405727,14,39.770833333333336,140.96875,8.123
59405728,42,39.770833333333336,140.98125,8.106
59405735,13,39.77916666666667,140.94375,9.448
59405736,68,39.77916666666667,140.95624999999998,9.188
59405737,17,39.77916666666667,140.96875,9.047
59405738,41,39.77916666666667,140.98125,9.032
59405745,12,39.7875,140.94375,10.336
59405747,30,39.7875,140.96875,9.971
59405748,2,39.7875,140.98125,9.957
59405755,5,39.795833333333334,140.94375,11.231
59405757,11,39.795833333333334,140.96875,10.896
59405765,9,39.80416666666667,140.94375,12.131
59405766,8,39.80416666666667,140.95624999999998,11.929
59405775,13,39.8125,140.94375,13.034
59405776,9,39.8125,140.95624999999998,12.847
59405785,2,39.82083333333334,140.94375,13.94
59406743,6,39.87083333333334,140.91875,15.344
59406744,7,39.87083333333334,140.93125,14.301
59406777,53,39.895833333333336,140.96875,10.767
59406778,97,39.895833333333336,140.98125,9.701
59406787,77,39.904166666666676,140.96875,10.781
59406788,149,39.904166666666676,140.98125,9.716
59406789,47,39.904166666666676,140.99375,8.652
59406797,5,39.91250000000001,140.96875,10.866
59406798,488,39.91250000000001,140.98125,9.807
59406799,1,39.91250000000001,140.99375,8.748
59407708,199,39.92083333333334,140.98125,9.743
59407709,19,39.92083333333334,140.99375,8.678
59407718,69,39.929166666666674,140.98125,9.734
59407719,14,39.929166666666674,140.99375,8.701
59407729,32,39.93750000000001,140.99375,8.509
59407749,6,39.95416666666667,140.99375,8.423
59407759,43,39.962500000000006,140.99375,8.532
59407798,32,39.995833333333344,140.98125,10.788
59410000,12,39.337500000000006,141.00625,4.341
59410001,12,39.337500000000006,141.01874999999998,3.871
59410002,66,39.337500000000006,141.03125,3.665
59410003,209,39.337500000000006,141.04375,3.768
59410004,132,39.337500000000006,141.05625,3.97
59410005,40,39.337500000000006,141.06875,3.351
59410006,341,39.337500000000006,141.08124999999998,2.277
59410007,335,39.337500000000006,141.09375,1.206
59410008,1127,39.337500000000006,141.10625,0.189
59410009,526,39.337500000000006,141.11875,0.963
59410010,4,39.34583333333334,141.00625,5.146
59410011,53,39.34583333333334,141.01874999999998,4.757
59410012,131,39.34583333333334,141.03125,4.591
59410013,241,39.34583333333334,141.04375,4.673
59410014,213,39.34583333333334,141.05625,4.491
59410015,33,39.34583333333334,141.06875,3.437
59410016,105,39.34583333333334,141.08124999999998,2.403
59410017,274,39.34583333333334,141.09375,1.43
59410018,538,39.34583333333334,141.10625,0.792
59410019,401,39.34583333333334,141.11875,1.233
59410020,33,39.35416666666667,141.00625,5.987
59410021,106,39.35416666666667,141.01874999999998,5.656
59410022,125,39.35416666666667,141.03125,5.517
59410023,194,39.35416666666667,141.04375,4.872
59410024,157,39.35416666666667,141.05625,4.061
59410025,169,39.35416666666667,141.06875,3.399
59410026,224,39.35416666666667,141.08124999999998,2.843
59410027,227,39.35416666666667,141.09375,2.087
59410028,87,39.35416666666667,141.10625,1.713
59410029,187,39.35416666666667,141.11875,1.956
59410030,34,39.362500000000004,141.00625,6.85
59410031,16,39.362500000000004,141.01874999999998,6.375
59410032,116,39.362500000000004,141.03125,5.364
59410033,179,39.362500000000004,141.04375,4.383
59410034,309,39.362500000000004,141.05625,3.459
59410035,185,39.362500000000004,141.06875,2.65
59410036,83,39.362500000000004,141.08124999999998,2.096
59410037,230,39.362500000000004,141.09375,2.018
59410038,795,39.362500000000004,141.10625,1.864
59410039,548,39.362500000000004,141.11875,1.982
59410040,34,39.37083333333334,141.00625,7.211
59410041,3,39.37083333333334,141.01874999999998,6.15
59410042,84,39.37083333333334,141.03125,5.095
59410043,211,39.37083333333334,141.04375,4.049
59410044,278,39.37083333333334,141.05625,3.025
59410045,252,39.37083333333334,141.06875,2.052
59410046,374,39.37083333333334,141.08124999999998,1.257
59410047,262,39.37083333333334,141.09375,1.122
59410048,1598,39.37083333333334,141.10625,0.965
59410049,1712,39.37083333333334,141.11875,1.178
59410050,50,39.37916666666667,141.00625,7.134
59410051,39,39.37916666666667,141.01874999999998,6.06
59410052,9,39.37916666666667,141.03125,4.986
59410053,215,39.37916666666667,141.04375,3.912
59410054,162,39.37916666666667,141.05625,2.838
59410055,208,39.37916666666667,141.06875,1.766
59410056,589,39.37916666666667,141.08124999999998,0.698
59410057,1185,39.37916666666667,141.09375,0.408
59410058,1895,39.37916666666667,141.10625,0.326
59410059,2369,39.37916666666667,141.11875,0.507
59410060,76,39.3875,141.00625,7.177
59410061,47,39.3875,141.01874999999998,6.111
59410062,94,39.3875,141.03125,5.048
59410063,241,39.3875,141.04375,3.991
59410064,635,39.3875,141.05625,2.946
59410065,422,39.3875,141.06875,1.934
59410066,261,39.3875,141.08124999999998,1.054
59410067,1605,39.3875,141.09375,0.889
59410068,3004,39.3875,141.10625,0.33
59410069,2323,39.3875,141.11875,0.477
59410071,9,39.395833333333336,141.01874999999998,6.299
59410072,266,39.395833333333336,141.03125,5.274
59410073,479,39.395833333333336,141.04375,4.274
59410074,168,39.395833333333336,141.05625,3.319
59410075,126,39.395833333333336,141.06875,2.466
59410076,57,39.395833333333336,141.08124999999998,1.688
59410077,1109,39.395833333333336,141.09375,0.904
59410078,3567,39.395833333333336,141.10625,0.426
59410079,3205,39.395833333333336,141.11875,0.289
59410081,242,39.404166666666676,141.01874999999998,6.613
59410082,217,39.404166666666676,141.03125,5.646
59410083,164,39.404166666666676,141.04375,4.706
59410084,153,39.404166666666676,141.05625,3.633
59410085,78,39.404166666666676,141.06875,2.56
59410086,193,39.404166666666676,141.08124999999998,1.488
59410087,172,39.404166666666676,141.09375,0.426
59410088,3522,39.404166666666676,141.10625,0.333
59410089,3549,39.404166666666676,141.11875,0.366
59410090,57,39.41250000000001,141.00625,7.019
59410091,102,39.41250000000001,141.01874999999998,6.223
59410093,12,39.41250000000001,141.04375,4.82
59410094,142,39.41250000000001,141.05625,3.779
59410095,192,39.41250000000001,141.06875,2.763
59410096,52,39.41250000000001,141.08124999999998,1.815
59410097,422,39.41250000000001,141.09375,1.124
59410098,1824,39.41250000000001,141.10625,0.627
59410099,843,39.41250000000001,141.11875,0.58
59410100,2,39.337500000000006,141.13125,2.033
59410101,105,39.337500000000006,141.14374999999998,3.071
59410102,151,39.337500000000006,141.15625,4.05
59410103,73,39.337500000000006,141.16875,5.068
59410105,15,39.337500000000006,141.19375,5.94
59410106,59,39.337500000000006,141.20624999999998,5.45
59410107,41,39.337500000000006,141.21875,5.142
59410108,21,39.337500000000006,141.23125,5.049
59410109,69,39.337500000000006,141.24375,5.181
59410110,300,39.34583333333334,141.13125,2.173
59410111,181,39.34583333333334,141.14374999999998,3.2
59410112,142,39.34583333333334,141.15625,4.25
59410113,47,39.34583333333334,141.16875,4.987
59410114,1,39.34583333333334,141.18125,5.622
59410117,42,39.34583333333334,141.21875,4.236
59410118,46,39.34583333333334,141.23125,4.122
59410119,92,39.34583333333334,141.24375,4.283
59410120,309,39.35416666666667,141.13125,2.652
59410121,48,39.35416666666667,141.14374999999998,3.36
59410122,213,39.35416666666667,141.15625,3.662
59410123,63,39.35416666666667,141.16875,4.224
59410124,28,39.35416666666667,141.18125,4.958
59410125,58,39.35416666666667,141.19375,4.473
59410126,45,39.35416666666667,141.20624999999998,3.799
59410127,29,39.35416666666667,141.21875,3.342
59410128,34,39.35416666666667,141.23125,3.196
59410129,10,39.35416666666667,141.24375,3.401
59410130,255,39.362500000000004,141.13125,2.483
59410131,334,39.362500000000004,141.14374999999998,2.445
59410132,39,39.362500000000004,141.15625,2.846
59410133,29,39.362500000000004,141.16875,3.539
59410134,78,39.362500000000004,141.18125,4.389
59410135,15,39.362500000000004,141.19375,3.866
59410136,162,39.362500000000004,141.20624999999998,3.061
59410137,125,39.362500000000004,141.21875,2.471
59410138,12,39.362500000000004,141.23125,2.27
59410139,48,39.362500000000004,141.24375,2.551
59410140,69,39.37083333333334,141.13125,1.603
59410141,278,39.37083333333334,141.14374999999998,1.543
59410142,29,39.37083333333334,141.15625,2.122
59410143,49,39.37083333333334,141.16875,2.988
59410144,43,39.37083333333334,141.18125,3.958
59410145,9,39.37083333333334,141.19375,3.406
59410146,7,39.37083333333334,141.20624999999998,2.455
59410147,164,39.37083333333334,141.21875,1.662
59410148,161,39.37083333333334,141.23125,1.344
59410149,149,39.37083333333334,141.24375,1.778
59410150,339,39.37916666666667,141.13125,0.832
59410151,1359,39.37916666666667,141.14374999999998,0.71
59410152,183,39.37916666666667,141.15625,1.62
59410153,5,39.37916666666667,141.16875,2.656
59410154,27,39.37916666666667,141.18125,3.713
59410155,53,39.37916666666667,141.19375,3.157
59410156,40,39.37916666666667,141.20624999999998,2.097
59410157,316,39.37916666666667,141.21875,1.065
59410158,242,39.37916666666667,141.23125,0.425
59410159,202,39.37916666666667,141.24375,1.239
59410160,1136,39.3875,141.13125,0.364
59410161,1347,39.3875,141.14374999999998,0.586
59410162,387,39.3875,141.15625,1.569
59410163,150,39.3875,141.16875,2.625
59410164,15,39.3875,141.18125,3.691
59410165,29,39.3875,141.19375,3.172
59410166,81,39.3875,141.20624999999998,2.118
59410167,614,39.3875,141.21875,1.107
59410168,817,39.3875,141.23125,0.52
59410169,8,39.3875,141.24375,1.275
59410170,565,39.395833333333336,141.13125,0.703
59410171,168,39.395833333333336,141.14374999999998,1.233
59410172,267,39.395833333333336,141.15625,1.985
59410173,45,39.395833333333336,141.16875,2.906
59410174,11,39.395833333333336,141.18125,3.896
59410175,134,39.395833333333336,141.19375,3.445
59410176,93,39.395833333333336,141.20624999999998,2.509
59410177,56,39.395833333333336,141.21875,1.741
59410178,147,39.395833333333336,141.23125,1.442
59410179,41,39.395833333333336,141.24375,1.853
59410180,387,39.404166666666676,141.13125,0.767
59410181,157,39.404166666666676,141.14374999999998,0.866
59410182,62,39.404166666666676,141.15625,1.794
59410183,241,39.404166666666676,141.16875,2.828
59410184,149,39.404166666666676,141.18125,3.883
59410185,121,39.404166666666676,141.19375,3.923
59410186,98,39.404166666666676,141.20624999999998,3.134
59410187,68,39.404166666666676,141.21875,2.561
59410188,102,39.404166666666676,141.23125,2.367
59410189,43,39.404166666666676,141.24375,2.638
59410190,92,39.41250000000001,141.13125,0.52
59410191,198,39.41250000000001,141.14374999999998,0.688
59410192,70,39.41250000000001,141.15625,1.716
59410193,311,39.41250000000001,141.16875,2.778
59410194,149,39.41250000000001,141.18125,3.847
59410195,114,39.41250000000001,141.19375,4.542
59410196,62,39.41250000000001,141.20624999999998,3.881
59410197,81,39.41250000000001,141.21875,3.435
59410198,111,39.41250000000001,141.23125,3.293
59410199,96,39.41250000000001,141.24375,3.493
59410200,108,39.337500000000006,141.25625,5.523
59410201,27,39.337500000000006,141.26874999999998,6.04
59410202,14,39.337500000000006,141.28125,6.691
59410204,26,39.337500000000006,141.30625,8.262
59410206,3,39.337500000000006,141.33124999999998,10.05
59410207,2,39.337500000000006,141.34375,10.992
59410208,30,39.337500000000006,141.35625,11.957
59410209,53,39.337500000000006,141.36875,12.939
59410210,74,39.34583333333334,141.25625,4.692
59410211,80,39.34583333333334,141.26874999999998,5.29
59410212,41,39.34583333333334,141.28125,6.022
59410213,6,39.34583333333334,141.29375,6.845
59410214,8,39.34583333333334,141.30625,7.731
59410216,41,39.34583333333334,141.33124999999998,9.617
59410217,113,39.34583333333334,141.34375,10.598
59410218,425,39.34583333333334,141.35625,11.596
59410219,160,39.34583333333334,141.36875,12.606
59410220,24,39.35416666666667,141.25625,3.903
59410221,72,39.35416666666667,141.26874999999998,4.605
59410222,72,39.35416666666667,141.28125,5.43
59410223,20,39.35416666666667,141.29375,6.331
59410224,34,39.35416666666667,141.30625,7.279
59410225,49,39.35416666666667,141.31875,8.258
59410226,43,39.35416666666667,141.33124999999998,9.258
59410227,219,39.35416666666667,141.34375,10.273
59410228,7,39.35416666666667,141.35625,11.299
59410229,3,39.35416666666667,141.36875,12.334
59410230,252,39.362500000000004,141.25625,3.189
59410231,153,39.362500000000004,141.26874999999998,4.018
59410232,7,39.362500000000004,141.28125,4.942
59410234,12,39.362500000000004,141.30625,6.922
59410236,13,39.362500000000004,141.33124999999998,8.98
59410237,12,39.362500000000004,141.34375,10.023
59410238,47,39.362500000000004,141.35625,11.072
59410239,7,39.362500000000004,141.36875,12.126
59410240,153,39.37083333333334,141.25625,2.612
59410241,32,39.37083333333334,141.26874999999998,3.577
59410246,10,39.37083333333334,141.33124999999998,8.791
59410247,7,39.37083333333334,141.34375,9.854
59410249,25,39.37083333333334,141.36875,11.987
59410250,79,39.37916666666667,141.25625,2.28
59410251,13,39.37916666666667,141.26874999999998,3.342
59410252,5,39.37916666666667,141.28125,4.41
59410256,21,39.37916666666667,141.33124999999998,8.698
59410257,47,39.37916666666667,141.34375,9.771
59410260,5,39.3875,141.25625,2.299
59410261,18,39.3875,141.26874999999998,3.355
59410263,9,39.3875,141.29375,5.488
59410264,21,39.3875,141.30625,6.559
59410267,267,39.3875,141.34375,9.775
59410268,31,39.3875,141.35625,10.848
59410270,41,39.395833333333336,141.25625,2.663
59410271,15,39.395833333333336,141.26874999999998,3.614
59410273,2,39.395833333333336,141.29375,5.65
59410276,4,39.395833333333336,141.33124999999998,8.805
59410277,190,39.395833333333336,141.34375,9.866
59410278,25,39.395833333333336,141.35625,10.759
59410279,50,39.395833333333336,141.36875,11.45
59410280,45,39.404166666666676,141.25625,3.258
59410286,24,39.404166666666676,141.33124999999998,8.779
59410287,24,39.404166666666676,141.34375,9.371
59410289,38,39.404166666666676,141.36875,10.782
59410290,71,39.41250000000001,141.25625,3.982
59410291,64,39.41250000000001,141.26874999999998,4.672
59410292,15,39.41250000000001,141.28125,5.487
59410295,16,39.41250000000001,141.31875,7.448
59410297,4,39.41250000000001,141.34375,8.642
59410299,35,39.41250000000001,141.36875,10.154
59410304,3,39.337500000000006,141.43125,8.593
59410305,117,39.337500000000006,141.44375,7.52
59410306,10,39.337500000000006,141.45624999999998,6.446
59410307,50,39.337500000000006,141.46875,5.373
59410308,65,39.337500000000006,141.48125,4.302
59410310,57,39.34583333333334,141.38125,12.897
59410311,6,39.34583333333334,141.39374999999998,11.823
59410314,36,39.34583333333334,141.43125,8.603
59410315,4,39.34583333333334,141.44375,7.531
59410317,4,39.34583333333334,141.46875,5.389
59410318,35,39.34583333333334,141.48125,4.321
59410320,91,39.35416666666667,141.38125,12.969
59410321,16,39.35416666666667,141.39374999999998,11.902
59410324,8,39.35416666666667,141.43125,8.711
59410327,16,39.35416666666667,141.46875,5.561
59410328,16,39.35416666666667,141.48125,4.534
59410330,72,39.362500000000004,141.38125,13.106
59410331,85,39.362500000000004,141.39374999999998,12.052
59410332,38,39.362500000000004,141.40625,11.001
59410333,47,39.362500000000004,141.41875,9.955
59410337,5,39.362500000000004,141.46875,5.876
59410338,6,39.362500000000004,141.48125,4.915
59410340,65,39.37083333333334,141.38125,13.055
59410341,170,39.37083333333334,141.39374999999998,12.27
59410350,50,39.37916666666667,141.38125,12.992
59410360,13,39.3875,141.38125,12.859
59410380,13,39.404166666666676,141.38125,11.572
59410381,8,39.404166666666676,141.39374999999998,12.405
59410386,15,39.404166666666676,141.45624999999998,9.538
59410389,33,39.404166666666676,141.49375,7.739
59410390,106,39.41250000000001,141.38125,10.989
59410391,3,39.41250000000001,141.39374999999998,11.863
59410396,6,39.41250000000001,141.45624999999998,10.241
59410397,2,39.41250000000001,141.46875,9.602
59410398,14,39.41250000000001,141.48125,9.047
59410399,77,39.41250000000001,141.49375,8.59
59410401,456,39.337500000000006,141.51874999999998,1.124
59410402,2004,39.337500000000006,141.53125,0.151
59410403,1220,39.337500000000006,141.54375,0.274
59410404,352,39.337500000000006,141.55625,0.747
59410405,12,39.337500000000006,141.56875,1.803
59410406,286,39.337500000000006,141.58124999999998,2.873
59410407,12,39.337500000000006,141.59375,3.946
59410411,172,39.34583333333334,141.51874999999998,1.197
59410412,486,39.34583333333334,141.53125,0.556
59410413,637,39.34583333333334,141.54375,0.497
59410414,67,39.34583333333334,141.55625,1.279
59410415,40,39.34583333333334,141.56875,2.124
59410421,91,39.35416666666667,141.51874999999998,1.823
59410422,79,39.35416666666667,141.53125,1.482
59410423,157,39.35416666666667,141.54375,1.396
59410424,86,39.35416666666667,141.55625,1.881
59410425,303,39.35416666666667,141.56875,2.688
59410426,85,39.35416666666667,141.58124999999998,3.526
59410427,144,39.35416666666667,141.59375,4.451
59410428,9,39.35416666666667,141.60625,5.425
59410429,15,39.35416666666667,141.61875,6.432
59410431,4,39.362500000000004,141.51874999999998,2.632
59410432,124,39.362500000000004,141.53125,2.409
59410433,207,39.362500000000004,141.54375,2.316
59410434,10,39.362500000000004,141.55625,2.637
59410435,64,39.362500000000004,141.56875,3.295
59410436,169,39.362500000000004,141.58124999999998,4.104
59410437,106,39.362500000000004,141.59375,4.935
59410438,123,39.362500000000004,141.60625,5.842
59410439,19,39.362500000000004,141.61875,6.787
59410444,92,39.37083333333334,141.55625,3.477
59410445,19,39.37083333333334,141.56875,3.999
59410447,62,39.37083333333334,141.59375,5.521
59410448,61,39.37083333333334,141.60625,6.349
59410454,64,39.37916666666667,141.55625,4.352
59410455,84,39.37916666666667,141.56875,4.779
59410457,40,39.37916666666667,141.59375,6.129
59410458,106,39.37916666666667,141.60625,6.939
59410463,38,39.3875,141.54375,5.091
59410464,70,39.3875,141.55625,5.245
59410465,10,39.3875,141.56875,5.604
59410468,58,39.3875,141.60625,7.547
59410471,11,39.395833333333336,141.51874999999998,6.207
59410472,27,39.395833333333336,141.53125,6.077
59410473,55,39.395833333333336,141.54375,6.017
59410478,8,39.395833333333336,141.60625,8.2
59410479,33,39.395833333333336,141.61875,8.965
59410480,8,39.404166666666676,141.50625,7.358
59410481,42,39.404166666666676,141.51874999999998,7.121
59410482,62,39.404166666666676,141.53125,6.995
59410483,18,39.404166666666676,141.54375,6.944
59410488,52,39.404166666666676,141.60625,8.902
59410489,13,39.404166666666676,141.61875,9.611
59410490,98,39.41250000000001,141.50625,8.25
59410491,38,39.41250000000001,141.51874999999998,8.039
59410492,238,39.41250000000001,141.53125,7.916
59410493,7,39.41250000000001,141.54375,7.87
59410514,5,39.34583333333334,141.68125,11.522
59410525,6,39.35416666666667,141.69375,12.709
59410526,2,39.35416666666667,141.70624999999998,12.622
59410528,4,39.35416666666667,141.73125,11.894
59410538,4,39.362500000000004,141.73125,12.792
59410539,72,39.362500000000004,141.74375,12.576
59410560,23,39.3875,141.63125,9.181
59410580,2,39.404166666666676,141.63125,10.384
59410592,6,39.41250000000001,141.65625,12.612
59410606,45,39.337500000000006,141.83124999999998,4.933
59410607,8,39.337500000000006,141.84375,3.947
59410608,157,39.337500000000006,141.85625,3.022
59410609,292,39.337500000000006,141.86875,2.235
59410613,1,39.34583333333334,141.79375,8.282
59410615,54,39.34583333333334,141.81875,6.286
59410616,281,39.34583333333334,141.83124999999998,5.333
59410617,152,39.34583333333334,141.84375,4.437
59410621,15,39.35416666666667,141.76874999999998,10.617
59410622,31,39.35416666666667,141.78125,9.613
59410624,20,39.35416666666667,141.80625,7.662
59410625,12,39.35416666666667,141.81875,6.708
59410626,234,39.35416666666667,141.83124999999998,5.634
59410630,17,39.362500000000004,141.75625,11.953
59410631,151,39.362500000000004,141.76874999999998,10.966
59410632,2,39.362500000000004,141.78125,9.945
59410635,52,39.362500000000004,141.81875,6.731
59410639,58,39.362500000000004,141.86875,2.485
59410640,11,39.37083333333334,141.75625,12.174
59410641,20,39.37083333333334,141.76874999999998,11.109
59410648,93,39.37083333333334,141.85625,3.812
59410649,25,39.37083333333334,141.86875,2.866
59410655,26,39.37916666666667,141.81875,7.148
59410656,85,39.37916666666667,141.83124999999998,6.152
59410657,180,39.37916666666667,141.84375,5.188
59410658,52,39.37916666666667,141.85625,4.276
59410664,2,39.3875,141.80625,8.492
59410665,34,39.3875,141.81875,7.52
59410666,19,39.3875,141.83124999999998,6.581
59410669,15,39.3875,141.86875,3.856
59410675,30,39.395833333333336,141.81875,7.984
59410677,45,39.395833333333336,141.84375,6.142
59410678,11,39.395833333333336,141.85625,5.274
59410679,6,39.395833333333336,141.86875,4.496
59410683,5,39.404166666666676,141.79375,10.298
59410684,3,39.404166666666676,141.80625,9.391
59410687,97,39.404166666666676,141.84375,6.692
59410692,3,39.41250000000001,141.78125,11.697
59410693,9,39.41250000000001,141.79375,10.783
59410700,66,39.337500000000006,141.88125,1.781
59410701,277,39.337500000000006,141.89374999999998,1.913
59410702,3,39.337500000000006,141.90625,2.296
59410711,9,39.34583333333334,141.89374999999998,1.243
59410712,34,39.34583333333334,141.90625,1.468
59410720,249,39.35416666666667,141.88125,1.359
59410721,760,39.35416666666667,141.89374999999998,0.385
59410722,363,39.35416666666667,141.90625,0.872
59410723,46,39.35416666666667,141.91875,1.677
59410724,604,39.35416666666667,141.93125,2.568
59410725,4,39.35416666666667,141.94375,3.561
59410730,1139,39.362500000000004,141.88125,1.472
59410731,567,39.362500000000004,141.89374999999998,0.685
59410732,493,39.362500000000004,141.90625,0.266
59410733,442,39.362500000000004,141.91875,1.241
59410734,100,39.362500000000004,141.93125,2.307
59410735,265,39.362500000000004,141.94375,3.378
59410740,540,39.37083333333334,141.88125,2.008
59410741,1389,39.37083333333334,141.89374999999998,1.024
59410742,556,39.37083333333334,141.90625,0.612
59410744,382,39.37083333333334,141.93125,2.401
59410745,876,39.37083333333334,141.94375,3.443
59410746,50,39.37083333333334,141.95624999999998,4.5
59410750,302,39.37916666666667,141.88125,2.438
59410751,105,39.37916666666667,141.89374999999998,1.721
59410754,121,39.37916666666667,141.93125,2.805
59410755,122,39.37916666666667,141.94375,3.744
59410760,164,39.3875,141.88125,3.095
59410764,163,39.3875,141.93125,3.391
59410765,25,39.3875,141.94375,4.214
59410786,5,39.404166666666676,141.95624999999998,6.223
59410799,50,39.41250000000001,141.99375,6.287
59411001,319,39.42083333333334,141.01874999999998,5.602
59411004,30,39.42083333333334,141.05625,3.643
59411005,77,39.42083333333334,141.06875,3.23
59411006,280,39.42083333333334,141.08124999999998,2.469
59411007,100,39.42083333333334,141.09375,1.949
59411008,766,39.42083333333334,141.10625,1.547
59411009,604,39.42083333333334,141.11875,0.987
59411010,2,39.429166666666674,141.00625,6.024
59411011,86,39.429166666666674,141.01874999999998,5.074
59411014,55,39.429166666666674,141.05625,2.789
59411015,52,39.429166666666674,141.06875,2.505
59411016,149,39.429166666666674,141.08124999999998,2.659
59411017,203,39.429166666666674,141.09375,2.742
59411018,99,39.429166666666674,141.10625,2.388
59411019,29,39.429166666666674,141.11875,1.825
59411020,25,39.43750000000001,141.00625,5.689
59411021,116,39.43750000000001,141.01874999999998,4.672
59411024,8,39.43750000000001,141.05625,2.001
59411025,152,39.43750000000001,141.06875,1.581
59411026,429,39.43750000000001,141.08124999999998,1.816
59411027,147,39.43750000000001,141.09375,2.53
59411028,5,39.43750000000001,141.10625,3.126
59411029,547,39.43750000000001,141.11875,2.721
59411030,80,39.44583333333334,141.00625,5.493
59411031,7,39.44583333333334,141.01874999999998,4.431
59411035,679,39.44583333333334,141.06875,0.667
59411036,433,39.44583333333334,141.08124999999998,1.115
59411037,366,39.44583333333334,141.09375,2.085
59411038,101,39.44583333333334,141.10625,3.123
59411039,92,39.44583333333334,141.11875,3.632
59411040,13,39.45416666666667,141.00625,5.449
59411044,72,39.45416666666667,141.05625,1.17
59411045,218,39.45416666666667,141.06875,0.22
59411046,364,39.45416666666667,141.08124999999998,0.951
59411047,263,39.45416666666667,141.09375,2.002
59411048,15,39.45416666666667,141.10625,3.068
59411049,9,39.45416666666667,141.11875,3.636
59411057,147,39.462500000000006,141.09375,2.321
59411058,147,39.462500000000006,141.10625,3.285
59411059,177,39.462500000000006,141.11875,3.001
59411067,178,39.47083333333334,141.09375,2.912
59411068,123,39.47083333333334,141.10625,3.578
59411069,67,39.47083333333334,141.11875,2.552
59411078,84,39.47916666666667,141.10625,3.467
59411079,203,39.47916666666667,141.11875,2.394
59411087,2,39.48750000000001,141.09375,4.425
59411088,83,39.48750000000001,141.10625,3.6
59411089,144,39.48750000000001,141.11875,2.583
59411097,10,39.495833333333344,141.09375,4.878
59411098,28,39.495833333333344,141.10625,3.851
59411099,130,39.495833333333344,141.11875,2.857
59411100,958,39.42083333333334,141.13125,0.953
59411101,178,39.42083333333334,141.14374999999998,1.384
59411102,181,39.42083333333334,141.15625,2.094
59411103,85,39.42083333333334,141.16875,3.026
59411104,54,39.42083333333334,141.18125,4.03
59411105,35,39.42083333333334,141.19375,5.062
59411106,92,39.42083333333334,141.20624999999998,4.693
59411107,53,39.42083333333334,141.21875,4.331
59411108,96,39.42083333333334,141.23125,4.22
59411109,58,39.42083333333334,141.24375,4.377
59411110,349,39.429166666666674,141.13125,1.806
59411111,244,39.429166666666674,141.14374999999998,2.252
59411112,1,39.429166666666674,141.15625,2.746
59411113,33,39.429166666666674,141.16875,3.509
59411114,147,39.429166666666674,141.18125,4.404
59411115,65,39.429166666666674,141.19375,5.365
59411116,80,39.429166666666674,141.20624999999998,5.54
59411117,45,39.429166666666674,141.21875,5.238
59411118,40,39.429166666666674,141.23125,5.146
59411119,3,39.429166666666674,141.24375,5.276
59411120,679,39.43750000000001,141.13125,2.708
59411121,48,39.43750000000001,141.14374999999998,3.094
59411122,183,39.43750000000001,141.15625,3.524
59411123,186,39.43750000000001,141.16875,4.146
59411124,80,39.43750000000001,141.18125,4.926
59411125,24,39.43750000000001,141.19375,5.801
59411126,32,39.43750000000001,141.20624999999998,6.41
59411127,13,39.43750000000001,141.21875,6.151
59411128,43,39.43750000000001,141.23125,5.633
59411129,38,39.43750000000001,141.24375,4.904
59411130,1086,39.44583333333334,141.13125,3.623
59411131,86,39.44583333333334,141.14374999999998,3.671
59411132,126,39.44583333333334,141.15625,3.755
59411133,129,39.44583333333334,141.16875,4.126
59411134,71,39.44583333333334,141.18125,4.716
59411135,4,39.44583333333334,141.19375,5.456
59411136,13,39.44583333333334,141.20624999999998,6.293
59411137,1,39.44583333333334,141.21875,5.953
59411139,15,39.44583333333334,141.24375,4.217
59411140,31,39.45416666666667,141.13125,3.039
59411141,180,39.45416666666667,141.14374999999998,2.748
59411142,56,39.45416666666667,141.15625,2.858
59411143,180,39.45416666666667,141.16875,3.33
59411144,118,39.45416666666667,141.18125,4.039
59411145,80,39.45416666666667,141.19375,4.883
59411146,37,39.45416666666667,141.20624999999998,5.803
59411147,6,39.45416666666667,141.21875,5.557
59411148,3,39.45416666666667,141.23125,4.572
59411150,125,39.462500000000006,141.13125,2.241
59411151,229,39.462500000000006,141.14374999999998,1.827
59411152,27,39.462500000000006,141.15625,1.989
59411153,133,39.462500000000006,141.16875,2.622
59411154,108,39.462500000000006,141.18125,3.479
59411155,134,39.462500000000006,141.19375,4.43
59411156,95,39.462500000000006,141.20624999999998,5.427
59411157,6,39.462500000000006,141.21875,5.295
59411158,16,39.462500000000006,141.23125,4.25
59411160,290,39.47083333333334,141.13125,1.589
59411161,468,39.47083333333334,141.14374999999998,0.917
59411162,206,39.47083333333334,141.15625,1.208
59411163,153,39.47083333333334,141.16875,2.093
59411164,51,39.47083333333334,141.18125,3.099
59411165,18,39.47083333333334,141.19375,4.139
59411166,40,39.47083333333334,141.20624999999998,5.171
59411167,48,39.47083333333334,141.21875,5.188
59411168,54,39.47083333333334,141.23125,4.116
59411169,11,39.47083333333334,141.24375,3.044
59411170,133,39.47916666666667,141.13125,1.322
59411171,443,39.47916666666667,141.14374999999998,0.252
59411172,73,39.47916666666667,141.15625,0.826
59411173,159,39.47916666666667,141.16875,1.824
59411174,155,39.47916666666667,141.18125,2.858
59411175,11,39.47916666666667,141.19375,3.913
59411176,55,39.47916666666667,141.20624999999998,4.976
59411177,85,39.47916666666667,141.21875,5.245
59411178,76,39.47916666666667,141.23125,4.187
59411179,188,39.47916666666667,141.24375,3.14
59411180,174,39.48750000000001,141.13125,1.532
59411181,1586,39.48750000000001,141.14374999999998,0.532
59411182,245,39.48750000000001,141.15625,0.721
59411183,136,39.48750000000001,141.16875,1.749
59411184,190,39.48750000000001,141.18125,2.786
59411185,15,39.48750000000001,141.19375,3.689
59411187,8,39.48750000000001,141.21875,5.461
59411188,8,39.48750000000001,141.23125,4.455
59411189,28,39.48750000000001,141.24375,3.489
59411190,17,39.495833333333344,141.13125,1.948
59411191,1386,39.495833333333344,141.14374999999998,1.301
59411192,1271,39.495833333333344,141.15625,0.798
59411193,307,39.495833333333344,141.16875,1.371
59411194,77,39.495833333333344,141.18125,2.329
59411195,17,39.495833333333344,141.19375,3.357
59411196,18,39.495833333333344,141.20624999999998,4.406
59411197,27,39.495833333333344,141.21875,5.465
59411198,76,39.495833333333344,141.23125,4.886
59411199,140,39.495833333333344,141.24375,4.025
59411200,42,39.42083333333334,141.25625,4.777
59411201,68,39.42083333333334,141.26874999999998,5.365
59411204,4,39.42083333333334,141.30625,6.157
59411205,7,39.42083333333334,141.31875,6.637
59411206,25,39.42083333333334,141.33124999999998,7.246
59411207,4,39.42083333333334,141.34375,7.953
59411208,3,39.42083333333334,141.35625,8.735
59411216,3,39.429166666666674,141.33124999999998,6.541
59411220,15,39.43750000000001,141.25625,4.322
59411222,21,39.43750000000001,141.28125,3.852
59411224,46,39.43750000000001,141.30625,4.496
59411230,31,39.44583333333334,141.25625,3.522
59411232,19,39.44583333333334,141.28125,2.927
59411233,17,39.44583333333334,141.29375,3.178
59411234,92,39.44583333333334,141.30625,3.733
59411235,7,39.44583333333334,141.31875,4.481
59411236,21,39.44583333333334,141.33124999999998,5.341
59411237,8,39.44583333333334,141.34375,6.267
59411239,7,39.44583333333334,141.36875,8.227
59411240,14,39.45416666666667,141.25625,2.802
59411241,4,39.45416666666667,141.26874999999998,2.186
59411242,3,39.45416666666667,141.28125,2.002
59411243,82,39.45416666666667,141.29375,2.355
59411245,18,39.45416666666667,141.31875,3.94
59411246,12,39.45416666666667,141.33124999999998,4.896
59411248,2,39.45416666666667,141.35625,6.911
59411249,59,39.45416666666667,141.36875,7.945
59411250,20,39.462500000000006,141.25625,2.239
59411251,1,39.462500000000006,141.26874999999998,1.393
59411252,312,39.462500000000006,141.28125,1.083
59411253,334,39.462500000000006,141.29375,1.645
59411256,2,39.462500000000006,141.33124999999998,4.596
59411257,48,39.462500000000006,141.34375,5.646
59411259,23,39.462500000000006,141.36875,7.763
59411260,51,39.47083333333334,141.25625,1.972
59411261,224,39.47083333333334,141.26874999999998,0.905
59411262,888,39.47083333333334,141.28125,0.228
59411263,346,39.47083333333334,141.29375,1.259
59411264,50,39.47083333333334,141.30625,2.329
59411269,11,39.47083333333334,141.36875,7.69
59411270,135,39.47916666666667,141.25625,2.118
59411271,33,39.47916666666667,141.26874999999998,1.19
59411272,3,39.47916666666667,141.28125,0.805
59411274,156,39.47916666666667,141.30625,2.453
59411279,45,39.47916666666667,141.36875,7.729
59411280,6,39.48750000000001,141.25625,2.608
59411281,5,39.48750000000001,141.26874999999998,1.932
59411284,27,39.48750000000001,141.30625,2.887
59411285,89,39.48750000000001,141.31875,3.804
59411286,11,39.48750000000001,141.33124999999998,4.786
59411289,10,39.48750000000001,141.36875,7.877
59411290,45,39.495833333333344,141.25625,3.291
59411295,50,39.495833333333344,141.31875,4.301
59411296,21,39.495833333333344,141.33124999999998,5.19
59411301,19,39.42083333333334,141.39374999999998,11.371
59411311,37,39.429166666666674,141.39374999999998,10.935
59411312,19,39.429166666666674,141.40625,11.91
59411313,5,39.429166666666674,141.41875,12.901
59411314,9,39.429166666666674,141.43125,13.042
59411321,20,39.43750000000001,141.39374999999998,10.563
59411322,31,39.43750000000001,141.40625,11.569
59411323,12,39.43750000000001,141.41875,12.586
59411332,12,39.44583333333334,141.40625,11.294
59411340,39,39.45416666666667,141.38125,8.987
59411392,66,39.495833333333344,141.40625,11.221
59411393,1,39.495833333333344,141.41875,12.266
59411400,23,39.42083333333334,141.50625,9.148
59411402,48,39.42083333333334,141.53125,8.837
59411403,5,39.42083333333334,141.54375,8.796
59411410,4,39.429166666666674,141.50625,10.051
59411411,10,39.429166666666674,141.51874999999998,9.879
59411412,50,39.429166666666674,141.53125,9.76
59411413,28,39.429166666666674,141.54375,9.723
59411422,8,39.43750000000001,141.53125,10.683
59411430,4,39.44583333333334,141.50625,11.869
59411440,48,39.45416666666667,141.50625,12.781
59411460,12,39.47083333333334,141.50625,14.612
59411470,8,39.47916666666667,141.50625,15.529
59411471,18,39.47916666666667,141.51874999999998,15.404
59411481,21,39.48750000000001,141.51874999999998,16.323
59411491,15,39.495833333333344,141.51874999999998,17.244
59411510,1,39.429166666666674,141.63125,12.414
59411511,3,39.429166666666674,141.64374999999998,13.109
59411554,5,39.462500000000006,141.68125,18.019
59411573,5,39.47916666666667,141.66875,18.793
59411578,5,39.47916666666667,141.73125,18.911
59411579,24,39.47916666666667,141.74375,17.84
59411580,10,39.48750000000001,141.63125,17.951
59411581,9,39.48750000000001,141.64374999999998,18.438
59411582,6,39.48750000000001,141.65625,18.974
59411584,6,39.48750000000001,141.68125,20.174
59411588,8,39.48750000000001,141.73125,18.992
59411591,4,39.495833333333344,141.64374999999998,19.258
59411594,19,39.495833333333344,141.68125,20.925
59411602,2,39.42083333333334,141.78125,12.174
59411611,4,39.429166666666674,141.76874999999998,13.57
59411612,3,39.429166666666674,141.78125,12.665
59411615,19,39.429166666666674,141.81875,10.149
59411616,24,39.429166666666674,141.83124999999998,9.407
59411617,17,39.429166666666674,141.84375,8.734
59411624,84,39.43750000000001,141.80625,11.565
59411633,2,39.44583333333334,141.79375,12.982
59411634,29,39.44583333333334,141.80625,12.223
59411642,14,39.45416666666667,141.78125,14.399
59411644,12,39.45416666666667,141.80625,12.535
59411652,17,39.462500000000006,141.78125,14.596
59411653,29,39.462500000000006,141.79375,13.524
59411661,33,39.47083333333334,141.76874999999998,15.657
59411662,24,39.47083333333334,141.78125,14.584
59411663,11,39.47083333333334,141.79375,13.511
59411670,12,39.47916666666667,141.75625,16.77
59411671,6,39.47916666666667,141.76874999999998,15.7
59411707,187,39.42083333333334,141.96875,4.563
59411708,115,39.42083333333334,141.98125,4.951
59411709,460,39.42083333333334,141.99375,5.523
59411711,38,39.429166666666674,141.89374999999998,6.306
59411713,168,39.429166666666674,141.91875,4.669
59411715,5,39.429166666666674,141.94375,3.612
59411717,608,39.429166666666674,141.96875,3.676
59411718,153,39.429166666666674,141.98125,4.147
59411721,26,39.43750000000001,141.89374999999998,5.846
59411722,65,39.43750000000001,141.90625,4.903
59411723,91,39.43750000000001,141.91875,4.026
59411724,173,39.43750000000001,141.93125,3.268
59411725,9,39.43750000000001,141.94375,2.73
59411726,53,39.43750000000001,141.95624999999998,2.556
59411727,789,39.43750000000001,141.96875,2.814
59411728,122,39.43750000000001,141.98125,3.407
59411732,11,39.44583333333334,141.90625,4.49
59411733,67,39.44583333333334,141.91875,3.511
59411734,37,39.44583333333334,141.93125,2.608
59411735,71,39.44583333333334,141.94375,1.892
59411736,115,39.44583333333334,141.95624999999998,1.631
59411737,100,39.44583333333334,141.96875,2.011
59411738,9,39.44583333333334,141.98125,2.781
59411743,12,39.45416666666667,141.91875,3.189
59411745,331,39.45416666666667,141.94375,1.193
59411746,904,39.45416666666667,141.95624999999998,0.709
59411755,2004,39.462500000000006,141.94375,0.9
59411756,638,39.462500000000006,141.95624999999998,0.25
59411763,8,39.47083333333334,141.91875,2.793
59411764,199,39.47083333333334,141.93125,1.729
59411765,639,39.47083333333334,141.94375,0.694
59411766,211,39.47083333333334,141.95624999999998,0.526
59411773,132,39.47916666666667,141.91875,3.032
59411774,35,39.47916666666667,141.93125,2.093
59411775,228,39.47916666666667,141.94375,1.368
59411776,359,39.47916666666667,141.95624999999998,1.036
59411777,96,39.47916666666667,141.96875,0.365
59411778,41,39.47916666666667,141.98125,1.222
59411779,8,39.47916666666667,141.99375,2.271
59411783,21,39.48750000000001,141.91875,3.507
59411786,4,39.48750000000001,141.95624999999998,1.132
59411787,830,39.48750000000001,141.96875,0.583
59411788,453,39.48750000000001,141.98125,1.304
59411789,1,39.48750000000001,141.99375,2.316
59411796,21,39.495833333333344,141.95624999999998,1.79
59411797,26,39.495833333333344,141.96875,1.505
59412006,3,39.50416666666667,141.08124999999998,5.85
59412007,125,39.50416666666667,141.09375,5.192
59412008,140,39.50416666666667,141.10625,4.242
59412009,105,39.50416666666667,141.11875,3.176
59412017,6,39.5125,141.09375,5.422
59412018,105,39.5125,141.10625,4.375
59412019,54,39.5125,141.11875,3.345
59412028,104,39.520833333333336,141.10625,4.686
59412029,182,39.520833333333336,141.11875,3.742
59412038,69,39.52916666666667,141.10625,5.147
59412039,183,39.52916666666667,141.11875,4.218
59412047,7,39.5375,141.09375,6.107
59412048,132,39.5375,141.10625,5.055
59412049,161,39.5375,141.11875,4.013
59412058,177,39.545833333333334,141.10625,4.843
59412059,103,39.545833333333334,141.11875,3.822
59412066,14,39.55416666666667,141.08124999999998,6.818
59412067,143,39.55416666666667,141.09375,5.748
59412068,709,39.55416666666667,141.10625,4.68
59412069,273,39.55416666666667,141.11875,3.612
59412076,126,39.5625,141.08124999999998,6.83
59412077,145,39.5625,141.09375,5.762
59412078,189,39.5625,141.10625,4.697
59412079,144,39.5625,141.11875,3.635
59412086,27,39.57083333333334,141.08124999999998,6.966
59412087,185,39.57083333333334,141.09375,5.923
59412088,216,39.57083333333334,141.10625,4.892
59412089,111,39.57083333333334,141.11875,3.859
59412096,2,39.57916666666667,141.08124999999998,6.332
59412097,61,39.57916666666667,141.09375,5.925
59412098,156,39.57916666666667,141.10625,4.921
59412099,204,39.57916666666667,141.11875,3.855
59412100,66,39.50416666666667,141.13125,2.105
59412101,141,39.50416666666667,141.14374999999998,1.037
59412102,890,39.50416666666667,141.15625,0.137
59412103,99,39.50416666666667,141.16875,1.124
59412104,50,39.50416666666667,141.18125,2.192
59412105,13,39.50416666666667,141.19375,3.264
59412106,7,39.50416666666667,141.20624999999998,4.335
59412107,44,39.50416666666667,141.21875,5.408
59412108,7,39.50416666666667,141.23125,5.443
59412109,96,39.50416666666667,141.24375,4.685
59412110,79,39.5125,141.13125,2.352
59412111,35,39.5125,141.14374999999998,1.475
59412112,391,39.5125,141.15625,1.058
59412113,69,39.5125,141.16875,1.537
59412114,39,39.5125,141.18125,2.43
59412115,70,39.5125,141.19375,3.428
59412116,40,39.5125,141.20624999999998,4.398
59412117,84,39.5125,141.21875,5.269
59412118,32,39.5125,141.23125,6.09
59412119,97,39.5125,141.24375,5.424
59412120,105,39.520833333333336,141.13125,2.889
59412121,162,39.520833333333336,141.14374999999998,2.234
59412122,151,39.520833333333336,141.15625,1.984
59412123,135,39.520833333333336,141.16875,1.879
59412124,43,39.520833333333336,141.18125,2.249
59412125,193,39.520833333333336,141.19375,2.981
59412126,84,39.520833333333336,141.20624999999998,3.875
59412127,6,39.520833333333336,141.21875,4.841
59412128,22,39.520833333333336,141.23125,5.845
59412129,27,39.520833333333336,141.24375,6.213
59412130,145,39.52916666666667,141.13125,3.182
59412131,73,39.52916666666667,141.14374999999998,2.181
59412132,375,39.52916666666667,141.15625,1.3
59412133,131,39.52916666666667,141.16875,0.96
59412134,61,39.52916666666667,141.18125,1.566
59412135,87,39.52916666666667,141.19375,2.506
59412136,24,39.52916666666667,141.20624999999998,3.522
59412137,16,39.52916666666667,141.21875,4.564
59412139,37,39.52916666666667,141.24375,6.676
59412140,97,39.5375,141.13125,2.992
59412141,73,39.5375,141.14374999999998,1.967
59412142,731,39.5375,141.15625,0.895
59412143,1224,39.5375,141.16875,0.178
59412144,152,39.5375,141.18125,1.249
59412145,71,39.5375,141.19375,2.321
59412147,60,39.5375,141.21875,4.465
59412148,3,39.5375,141.23125,5.537
59412149,38,39.5375,141.24375,6.609
59412150,140,39.545833333333334,141.13125,2.802
59412151,323,39.545833333333334,141.14374999999998,1.732
59412152,1050,39.545833333333334,141.15625,0.668
59412153,2048,39.545833333333334,141.16875,0.435
59412154,143,39.545833333333334,141.18125,1.493
59412155,25,39.545833333333334,141.19375,2.493
59412156,9,39.545833333333334,141.20624999999998,3.513
59412157,90,39.545833333333334,141.21875,4.556
59412158,64,39.545833333333334,141.23125,5.611
59412159,36,39.545833333333334,141.24375,6.671
59412160,158,39.55416666666667,141.13125,2.549
59412161,231,39.55416666666667,141.14374999999998,1.497
59412162,2034,39.55416666666667,141.15625,0.49
59412163,2424,39.55416666666667,141.16875,0.375
59412164,295,39.55416666666667,141.18125,1.356
59412165,100,39.55416666666667,141.19375,2.415
59412166,47,39.55416666666667,141.20624999999998,3.482
59412167,31,39.55416666666667,141.21875,4.551
59412168,45,39.55416666666667,141.23125,5.621
59412169,7,39.55416666666667,141.24375,6.692
59412170,126,39.5625,141.13125,2.581
59412171,122,39.5625,141.14374999999998,1.551
59412172,2206,39.5625,141.15625,0.668
59412173,1257,39.5625,141.16875,0.701
59412174,249,39.5625,141.18125,1.48
59412175,28,39.5625,141.19375,2.487
59412176,106,39.5625,141.20624999999998,3.532
59412177,21,39.5625,141.21875,4.589
59412178,70,39.5625,141.23125,5.652
59412179,11,39.5625,141.24375,6.452
59412180,73,39.57083333333334,141.13125,2.8
59412181,123,39.57083333333334,141.14374999999998,1.754
59412182,498,39.57083333333334,141.15625,0.775
59412183,1887,39.57083333333334,141.16875,0.408
59412184,72,39.57083333333334,141.18125,1.424
59412185,176,39.57083333333334,141.19375,2.487
59412186,63,39.57083333333334,141.20624999999998,3.555
59412187,5,39.57083333333334,141.21875,4.241
59412188,23,39.57083333333334,141.23125,5.037
59412189,16,39.57083333333334,141.24375,5.92
59412190,120,39.57916666666667,141.13125,2.794
59412191,115,39.57916666666667,141.14374999999998,1.745
59412192,2845,39.57916666666667,141.15625,0.76
59412193,1532,39.57916666666667,141.16875,0.638
59412194,57,39.57916666666667,141.18125,1.591
59412195,209,39.57916666666667,141.19375,2.292
59412196,85,39.57916666666667,141.20624999999998,2.836
59412197,27,39.57916666666667,141.21875,3.623
59412198,16,39.57916666666667,141.23125,4.528
59412199,46,39.57916666666667,141.24375,5.493
59412200,40,39.50416666666667,141.25625,4.072
59412201,10,39.50416666666667,141.26874999999998,3.676
59412205,69,39.50416666666667,141.31875,4.924
59412206,56,39.50416666666667,141.33124999999998,5.717
59412207,24,39.50416666666667,141.34375,6.59
59412208,48,39.50416666666667,141.35625,7.514
59412216,12,39.5125,141.33124999999998,6.336
59412219,20,39.5125,141.36875,8.903
59412220,14,39.520833333333336,141.25625,5.764
59412221,4,39.520833333333336,141.26874999999998,5.492
59412225,4,39.520833333333336,141.31875,6.395
59412226,23,39.520833333333336,141.33124999999998,7.024
59412235,32,39.52916666666667,141.31875,7.197
59412236,31,39.52916666666667,141.33124999999998,7.761
59412240,10,39.5375,141.25625,7.533
59412249,34,39.5375,141.36875,10.58
59412255,16,39.545833333333334,141.31875,8.874
59412256,3,39.545833333333334,141.33124999999998,9.337
59412259,23,39.545833333333334,141.36875,11.237
59412260,79,39.55416666666667,141.25625,7.763
59412261,12,39.55416666666667,141.26874999999998,8.727
59412264,2,39.55416666666667,141.30625,9.416
59412265,59,39.55416666666667,141.31875,9.736
59412267,11,39.55416666666667,141.34375,10.675
59412268,7,39.55416666666667,141.35625,11.269
59412269,13,39.55416666666667,141.36875,11.93
59412270,47,39.5625,141.25625,7.321
59412280,6,39.57083333333334,141.25625,6.856
59412290,19,39.57916666666667,141.25625,6.492
59412292,12,39.57916666666667,141.28125,8.542
59412300,2,39.50416666666667,141.38125,9.458
59412301,8,39.50416666666667,141.39374999999998,10.459
59412302,13,39.50416666666667,141.40625,11.473
59412310,26,39.5125,141.38125,9.844
59412311,25,39.5125,141.39374999999998,10.81
59412320,7,39.520833333333336,141.38125,10.3
59412333,8,39.52916666666667,141.41875,13.553
59412340,20,39.5375,141.38125,11.383
59412341,10,39.5375,141.39374999999998,12.228
59412342,12,39.5375,141.40625,13.105
59412343,3,39.5375,141.41875,14.01
59412351,5,39.545833333333334,141.39374999999998,12.8
59412445,4,39.5375,141.56875,21.893
59412446,1,39.5375,141.58124999999998,22.034
59412455,2,39.545833333333334,141.56875,22.814
59412456,2,39.545833333333334,141.58124999999998,22.95
59412479,2,39.5625,141.61875,25.429
59412501,3,39.50416666666667,141.64374999999998,20.086
59412502,16,39.50416666666667,141.65625,20.579
59412503,28,39.50416666666667,141.66875,21.115
59412504,25,39.50416666666667,141.68125,21.69
59412505,2,39.50416666666667,141.69375,22.303
59412512,5,39.5125,141.65625,21.396
59412513,115,39.5125,141.66875,21.912
59412514,9,39.5125,141.68125,22.467
59412522,13,39.520833333333336,141.65625,22.222
59412523,57,39.520833333333336,141.66875,22.719
59412531,43,39.52916666666667,141.64374999999998,22.618
59412532,26,39.52916666666667,141.65625,23.056
59412533,20,39.52916666666667,141.66875,23.535
59412536,4,39.52916666666667,141.70624999999998,20.852
59412541,13,39.5375,141.64374999999998,23.474
59412542,95,39.5375,141.65625,23.897
59412545,7,39.5375,141.69375,21.29
59412546,2,39.5375,141.70624999999998,20.362
59412552,17,39.545833333333334,141.65625,23.76
59412553,14,39.545833333333334,141.66875,22.782
59412554,20,39.545833333333334,141.68125,21.812
59412562,10,39.55416666666667,141.65625,23.405
59412563,7,39.55416666666667,141.66875,22.411
59412570,6,39.5625,141.63125,25.113
59412572,2,39.5625,141.65625,23.081
59412573,19,39.5625,141.66875,22.073
59412582,14,39.57083333333334,141.65625,22.791
59412593,3,39.57916666666667,141.66875,21.501
59412658,10,39.545833333333334,141.85625,10.554
59412659,7,39.545833333333334,141.86875,10.128
59412666,11,39.55416666666667,141.83124999999998,10.918
59412668,2,39.55416666666667,141.85625,9.731
59412675,22,39.5625,141.81875,10.95
59412676,10,39.5625,141.83124999999998,10.208
59412677,8,39.5625,141.84375,9.529
59412684,5,39.57083333333334,141.80625,11.164
59412685,2,39.57083333333334,141.81875,10.327
59412694,2,39.57916666666667,141.80625,10.633
59412695,5,39.57916666666667,141.81875,9.751
59412696,3,39.57916666666667,141.83124999999998,8.91
59412697,4,39.57916666666667,141.84375,8.123
59412698,11,39.57916666666667,141.85625,7.408
59412701,4,39.50416666666667,141.89374999999998,6.339
59412704,21,39.50416666666667,141.93125,3.953
59412706,88,39.50416666666667,141.95624999999998,2.616
59412712,83,39.5125,141.90625,6.243
59412713,127,39.5125,141.91875,5.369
59412714,40,39.5125,141.93125,4.581
59412715,17,39.5125,141.94375,3.93
59412716,11,39.5125,141.95624999999998,3.493
59412717,1,39.5125,141.96875,3.356
59412723,65,39.520833333333336,141.91875,5.992
59412724,23,39.520833333333336,141.93125,5.297
59412725,18,39.520833333333336,141.94375,4.746
59412730,26,39.52916666666667,141.88125,9.045
59412731,27,39.52916666666667,141.89374999999998,8.202
59412732,7,39.52916666666667,141.90625,7.405
59412733,121,39.52916666666667,141.91875,6.685
59412734,514,39.52916666666667,141.93125,6.071
59412735,39,39.52916666666667,141.94375,5.596
59412740,28,39.5375,141.88125,9.619
59412741,16,39.5375,141.89374999999998,8.819
59412742,253,39.5375,141.90625,8.083
59412743,398,39.5375,141.91875,7.43
59412744,605,39.5375,141.93125,6.882
59412747,65,39.5375,141.96875,6.135
59412750,12,39.545833333333334,141.88125,9.8
59412753,84,39.545833333333334,141.91875,8.211
59412754,112,39.545833333333334,141.93125,7.719
59412755,130,39.545833333333334,141.94375,7.352
59412763,101,39.55416666666667,141.91875,8.39
59412773,48,39.5625,141.91875,7.574
59412774,696,39.5625,141.93125,7.101
59412775,187,39.5625,141.94375,6.766
59412782,23,39.57083333333334,141.90625,6.704
59412783,74,39.57083333333334,141.91875,6.731
59412784,315,39.57083333333334,141.93125,6.254
59412785,344,39.57083333333334,141.94375,5.871
59412792,3,39.57916666666667,141.90625,5.779
59412794,946,39.57916666666667,141.93125,5.433
59412795,190,39.57916666666667,141.94375,4.988
59412796,406,39.57916666666667,141.95624999999998,4.747
59413006,5,39.587500000000006,141.08124999999998,5.522
59413007,35,39.587500000000006,141.09375,5.05
59413008,103,39.587500000000006,141.10625,4.775
59413009,143,39.587500000000006,141.11875,4.059
59413017,4,39.59583333333334,141.09375,4.196
59413018,128,39.59583333333334,141.10625,3.862
59413019,268,39.59583333333334,141.11875,3.514
59413027,46,39.60416666666667,141.09375,3.382
59413028,142,39.60416666666667,141.10625,2.956
59413029,218,39.60416666666667,141.11875,2.887
59413036,44,39.612500000000004,141.08124999999998,3.46
59413037,4,39.612500000000004,141.09375,2.643
59413038,109,39.612500000000004,141.10625,2.071
59413039,260,39.612500000000004,141.11875,1.971
59413040,9,39.62083333333334,141.00625,5.967
59413046,200,39.62083333333334,141.08124999999998,3.039
59413047,69,39.62083333333334,141.09375,2.061
59413048,40,39.62083333333334,141.10625,1.245
59413049,118,39.62083333333334,141.11875,1.071
59413056,123,39.62916666666667,141.08124999999998,2.866
59413057,438,39.62916666666667,141.09375,1.797
59413058,292,39.62916666666667,141.10625,0.729
59413059,489,39.62916666666667,141.11875,0.357
59413060,37,39.6375,141.00625,4.141
59413066,16,39.6375,141.08124999999998,2.985
59413067,1820,39.6375,141.09375,1.981
59413068,811,39.6375,141.10625,1.109
59413069,326,39.6375,141.11875,0.909
59413070,1,39.645833333333336,141.00625,3.241
59413076,9,39.645833333333336,141.08124999999998,3.366
59413077,663,39.645833333333336,141.09375,2.518
59413078,526,39.645833333333336,141.10625,1.909
59413079,215,39.645833333333336,141.11875,1.8
59413086,108,39.654166666666676,141.08124999999998,3.932
59413087,114,39.654166666666676,141.09375,3.236
59413088,220,39.654166666666676,141.10625,2.789
59413089,248,39.654166666666676,141.11875,2.263
59413096,17,39.66250000000001,141.08124999999998,3.462
59413097,27,39.66250000000001,141.09375,3.359
59413098,239,39.66250000000001,141.10625,2.405
59413099,213,39.66250000000001,141.11875,1.518
59413100,150,39.587500000000006,141.13125,3.081
59413101,166,39.587500000000006,141.14374999999998,2.175
59413102,161,39.587500000000006,141.15625,1.505
59413103,619,39.587500000000006,141.16875,1.447
59413104,181,39.587500000000006,141.18125,1.271
59413105,136,39.587500000000006,141.19375,1.452
59413106,163,39.587500000000006,141.20624999999998,2.213
59413107,11,39.587500000000006,141.21875,3.159
59413108,5,39.587500000000006,141.23125,4.166
59413110,213,39.59583333333334,141.13125,2.643
59413111,227,39.59583333333334,141.14374999999998,1.978
59413112,195,39.59583333333334,141.15625,1.771
59413113,153,39.59583333333334,141.16875,1.41
59413114,213,39.59583333333334,141.18125,0.433
59413115,80,39.59583333333334,141.19375,0.825
59413116,168,39.59583333333334,141.20624999999998,1.862
59413117,88,39.59583333333334,141.21875,2.924
59413118,14,39.59583333333334,141.23125,3.991
59413120,230,39.60416666666667,141.13125,2.139
59413121,3337,39.60416666666667,141.14374999999998,1.227
59413122,859,39.60416666666667,141.15625,0.853
59413123,154,39.60416666666667,141.16875,1.05
59413124,196,39.60416666666667,141.18125,0.69
59413125,252,39.60416666666667,141.19375,0.985
59413126,421,39.60416666666667,141.20624999999998,1.938
59413127,27,39.60416666666667,141.21875,2.928
59413128,34,39.60416666666667,141.23125,3.875
59413129,20,39.60416666666667,141.24375,4.874
59413130,123,39.612500000000004,141.13125,1.971
59413131,3455,39.612500000000004,141.14374999999998,0.903
59413132,3911,39.612500000000004,141.15625,0.195
59413133,3392,39.612500000000004,141.16875,0.124
59413134,192,39.612500000000004,141.18125,0.976
59413135,709,39.612500000000004,141.19375,0.72
59413136,134,39.612500000000004,141.20624999999998,1.542
59413137,86,39.612500000000004,141.21875,2.555
59413138,190,39.612500000000004,141.23125,3.602
59413139,3,39.612500000000004,141.24375,4.66
59413140,138,39.62083333333334,141.13125,1.742
59413141,444,39.62083333333334,141.14374999999998,1.357
59413142,185,39.62083333333334,141.15625,0.819
59413143,1228,39.62083333333334,141.16875,0.382
59413144,879,39.62083333333334,141.18125,0.792
59413145,926,39.62083333333334,141.19375,0.44
59413146,13,39.62083333333334,141.20624999999998,1.433
59413148,37,39.62083333333334,141.23125,3.557
59413149,3,39.62083333333334,141.24375,4.625
59413150,259,39.62916666666667,141.13125,1.42
59413151,197,39.62916666666667,141.14374999999998,2.142
59413152,180,39.62916666666667,141.15625,1.411
59413153,2035,39.62916666666667,141.16875,1.148
59413154,838,39.62916666666667,141.18125,1.421
59413155,365,39.62916666666667,141.19375,1.26
59413159,30,39.62916666666667,141.24375,4.772
59413160,56,39.6375,141.13125,1.647
59413161,118,39.6375,141.14374999999998,1.895
59413162,120,39.6375,141.15625,1.113
59413163,3032,39.6375,141.16875,0.223
59413164,476,39.6375,141.18125,1.073
59413165,667,39.6375,141.19375,2.132
59413166,3,39.6375,141.20624999999998,2.56
59413169,9,39.6375,141.24375,5.088
59413170,128,39.645833333333336,141.13125,1.8
59413171,537,39.645833333333336,141.14374999999998,1.027
59413172,2639,39.645833333333336,141.15625,0.916
59413173,3841,39.645833333333336,141.16875,0.705
59413174,315,39.645833333333336,141.18125,1.264
59413175,74,39.645833333333336,141.19375,2.234
59413176,6,39.645833333333336,141.20624999999998,3.267
59413177,34,39.645833333333336,141.21875,3.941
59413178,5,39.645833333333336,141.23125,4.688
59413180,264,39.654166666666676,141.13125,1.555
59413181,3971,39.654166666666676,141.14374999999998,0.486
59413182,4792,39.654166666666676,141.15625,0.14
59413183,2424,39.654166666666676,141.16875,0.688
59413184,1309,39.654166666666676,141.18125,1.659
59413185,30,39.654166666666676,141.19375,2.675
59413190,298,39.66250000000001,141.13125,1.057
59413191,1459,39.66250000000001,141.14374999999998,0.385
59413192,5759,39.66250000000001,141.15625,0.206
59413193,1890,39.66250000000001,141.16875,0.721
59413194,492,39.66250000000001,141.18125,1.427
59413195,50,39.66250000000001,141.19375,2.334
59413196,45,39.66250000000001,141.20624999999998,3.339
59413197,14,39.66250000000001,141.21875,4.375
59413199,4,39.66250000000001,141.24375,6.48
59413203,5,39.587500000000006,141.29375,9.416
59413204,5,39.587500000000006,141.30625,10.478
59413210,5,39.59583333333334,141.25625,6.128
59413214,1,39.59583333333334,141.30625,10.277
59413215,6,39.59583333333334,141.31875,11.319
59413216,38,39.59583333333334,141.33124999999998,12.366
59413217,2,39.59583333333334,141.34375,13.417
59413220,8,39.60416666666667,141.25625,5.898
59413225,22,39.60416666666667,141.31875,11.151
59413240,30,39.62083333333334,141.25625,5.694
59413241,41,39.62083333333334,141.26874999999998,6.763
59413244,9,39.62083333333334,141.30625,9.973
59413250,44,39.62916666666667,141.25625,5.814
59413251,2,39.62916666666667,141.26874999999998,6.865
59413253,22,39.62916666666667,141.29375,8.98
59413263,6,39.6375,141.29375,9.151
59413278,24,39.645833333333336,141.35625,14.575
59413279,43,39.645833333333336,141.36875,15.624
59413280,7,39.654166666666676,141.25625,6.948
59413288,29,39.654166666666676,141.35625,14.797
59413290,1,39.66250000000001,141.25625,7.519
59413294,15,39.66250000000001,141.30625,11.115
59413295,8,39.66250000000001,141.31875,12.084
59413296,3,39.66250000000001,141.33124999999998,13.069
59413338,24,39.612500000000004,141.48125,23.323
59413355,11,39.62916666666667,141.44375,21.779
59413360,5,39.6375,141.38125,16.53
59413363,7,39.6375,141.41875,19.719
59413364,28,39.6375,141.43125,20.784
59413365,11,39.6375,141.44375,21.849
59413366,13,39.6375,141.45624999999998,22.914
59413370,3,39.645833333333336,141.38125,16.675
59413371,13,39.645833333333336,141.39374999999998,17.728
59413372,30,39.645833333333336,141.40625,18.783
59413373,5,39.645833333333336,141.41875,19.84
59413416,2,39.59583333333334,141.58124999999998,28.459
59413418,10,39.59583333333334,141.60625,26.357
59413427,8,39.60416666666667,141.59375,27.298
59413428,1,39.60416666666667,141.60625,26.234
59413431,2,39.612500000000004,141.51874999999998,25.802
59413440,16,39.62083333333334,141.50625,25.546
59413441,4,39.62083333333334,141.51874999999998,26.372
59413448,4,39.62083333333334,141.60625,26.085
59413449,84,39.62083333333334,141.61875,25.015
59413451,6,39.62916666666667,141.51874999999998,26.962
59413457,5,39.62916666666667,141.59375,27.13
59413458,18,39.62916666666667,141.60625,26.059
59413459,6,39.62916666666667,141.61875,24.989
59413467,19,39.6375,141.59375,27.137
59413468,19,39.6375,141.60625,26.067
59413476,8,39.645833333333336,141.58124999999998,28.244
59413477,64,39.645833333333336,141.59375,27.176
59413478,9,39.645833333333336,141.60625,26.107
59413486,9,39.654166666666676,141.58124999999998,27.867
59413487,50,39.654166666666676,141.59375,27.198
59413488,15,39.654166666666676,141.60625,26.18
59413497,10,39.66250000000001,141.59375,26.472
59413503,34,39.587500000000006,141.66875,21.27
59413511,7,39.59583333333334,141.64374999999998,23.185
59413512,32,39.59583333333334,141.65625,22.131
59413513,71,39.59583333333334,141.66875,21.078
59413514,352,39.59583333333334,141.68125,20.026
59413516,16,39.59583333333334,141.70624999999998,17.931
59413518,10,39.59583333333334,141.73125,15.848
59413519,26,39.59583333333334,141.74375,14.813
59413521,21,39.60416666666667,141.64374999999998,23.046
59413522,12,39.60416666666667,141.65625,21.984
59413524,25,39.60416666666667,141.68125,19.865
59413525,22,39.60416666666667,141.69375,18.807
59413526,7,39.60416666666667,141.70624999999998,17.751
59413528,4,39.60416666666667,141.73125,15.644
59413530,60,39.612500000000004,141.63125,24.009
59413531,29,39.612500000000004,141.64374999999998,22.942
59413532,3,39.612500000000004,141.65625,21.876
59413540,17,39.62083333333334,141.63125,23.946
59413579,18,39.645833333333336,141.74375,14.376
59413589,68,39.654166666666676,141.74375,14.51
59413598,60,39.66250000000001,141.73125,15.744
59413599,30,39.66250000000001,141.74375,14.702
59413608,9,39.587500000000006,141.85625,6.712
59413609,22,39.587500000000006,141.86875,6.02
59413610,13,39.59583333333334,141.75625,13.783
59413611,3,39.59583333333334,141.76874999999998,12.76
59413619,30,39.59583333333334,141.86875,5.303
59413620,23,39.60416666666667,141.75625,13.548
59413621,70,39.60416666666667,141.76874999999998,12.506
59413622,4,39.60416666666667,141.78125,11.469
59413633,46,39.612500000000004,141.79375,10.212
59413634,35,39.612500000000004,141.80625,9.166
59413643,198,39.62083333333334,141.79375,10.066
59413644,121,39.62083333333334,141.80625,9.003
59413646,19,39.62083333333334,141.83124999999998,6.884
59413647,18,39.62083333333334,141.84375,5.831
59413648,8,39.62083333333334,141.85625,4.785
59413652,92,39.62916666666667,141.78125,11.073
59413653,105,39.62916666666667,141.79375,10.003
59413655,13,39.62916666666667,141.81875,7.863
59413656,193,39.62916666666667,141.83124999999998,6.793
59413657,169,39.62916666666667,141.84375,5.723
59413658,140,39.62916666666667,141.85625,4.653
59413659,75,39.62916666666667,141.86875,3.584
59413660,14,39.6375,141.75625,13.231
59413661,120,39.6375,141.76874999999998,12.163
59413662,12,39.6375,141.78125,11.094
59413665,7,39.6375,141.81875,7.892
59413666,148,39.6375,141.83124999999998,6.827
59413667,78,39.6375,141.84375,5.764
59413670,247,39.645833333333336,141.75625,13.313
59413671,91,39.645833333333336,141.76874999999998,12.252
59413674,13,39.645833333333336,141.80625,9.08
59413675,20,39.645833333333336,141.81875,8.03
59413680,30,39.654166666666676,141.75625,13.458
59413686,8,39.654166666666676,141.83124999999998,7.259
59413691,8,39.66250000000001,141.76874999999998,12.633
59413696,10,39.66250000000001,141.83124999999998,7.637
59413700,4,39.587500000000006,141.88125,5.452
59413701,39,39.587500000000006,141.89374999999998,5.049
59413702,11,39.587500000000006,141.90625,4.854
59413704,31,39.587500000000006,141.93125,4.652
59413705,68,39.587500000000006,141.94375,4.123
59413706,73,39.587500000000006,141.95624999999998,3.828
59413707,51,39.587500000000006,141.96875,3.822
59413710,98,39.59583333333334,141.88125,4.649
59413711,123,39.59583333333334,141.89374999999998,4.169
59413712,15,39.59583333333334,141.90625,3.931
59413714,31,39.59583333333334,141.93125,3.934
59413715,314,39.59583333333334,141.94375,3.292
59413717,87,39.59583333333334,141.96875,2.906
59413720,116,39.60416666666667,141.88125,3.9
59413721,353,39.60416666666667,141.89374999999998,3.315
59413722,37,39.60416666666667,141.90625,3.01
59413724,63,39.60416666666667,141.93125,3.28
59413725,139,39.60416666666667,141.94375,2.529
59413726,421,39.60416666666667,141.95624999999998,2.013
59413727,5,39.60416666666667,141.96875,2.0
59413728,17,39.60416666666667,141.98125,2.499
59413731,238,39.612500000000004,141.89374999999998,2.512
59413732,78,39.612500000000004,141.90625,2.093
59413734,49,39.612500000000004,141.93125,2.393
59413735,292,39.612500000000004,141.94375,1.916
59413736,496,39.612500000000004,141.95624999999998,1.152
59413738,84,39.612500000000004,141.98125,1.876
59413740,76,39.62083333333334,141.88125,2.752
59413741,98,39.62083333333334,141.89374999999998,1.831
59413742,292,39.62083333333334,141.90625,1.192
59413743,425,39.62083333333334,141.91875,1.299
59413745,1510,39.62083333333334,141.94375,1.348
59413746,1276,39.62083333333334,141.95624999999998,0.553
59413747,97,39.62083333333334,141.96875,0.518
59413750,41,39.62916666666667,141.88125,2.516
59413751,121,39.62916666666667,141.89374999999998,1.452
59413752,624,39.62916666666667,141.90625,0.421
59413753,554,39.62916666666667,141.91875,0.562
59413755,163,39.62916666666667,141.94375,0.472
59413756,1396,39.62916666666667,141.95624999999998,0.539
59413757,299,39.62916666666667,141.96875,0.581
59413760,90,39.6375,141.88125,2.608
59413761,55,39.6375,141.89374999999998,1.607
59413762,349,39.6375,141.90625,0.807
59413763,2040,39.6375,141.91875,0.814
59413764,1687,39.6375,141.93125,0.674
59413765,1782,39.6375,141.94375,0.45
59413766,1515,39.6375,141.95624999999998,0.647
59413767,100,39.6375,141.96875,0.789
59413771,25,39.645833333333336,141.89374999999998,2.185
59413772,757,39.645833333333336,141.90625,1.681
59413773,2377,39.645833333333336,141.91875,1.651
59413774,2318,39.645833333333336,141.93125,0.699
59413775,4119,39.645833333333336,141.94375,0.375
59413776,1710,39.645833333333336,141.95624999999998,0.809
59413777,874,39.645833333333336,141.96875,1.62
59413778,22,39.645833333333336,141.98125,2.196
59413781,45,39.654166666666676,141.89374999999998,2.946
59413782,178,39.654166666666676,141.90625,2.57
59413783,49,39.654166666666676,141.91875,1.9
59413784,664,39.654166666666676,141.93125,1.008
59413785,321,39.654166666666676,141.94375,0.846
59413786,2087,39.654166666666676,141.95624999999998,1.41
59413787,281,39.654166666666676,141.96875,2.186
59413791,26,39.66250000000001,141.89374999999998,3.783
59413794,513,39.66250000000001,141.93125,1.806
59413795,48,39.66250000000001,141.94375,1.721
59413796,373,39.66250000000001,141.95624999999998,2.225
59413797,44,39.66250000000001,141.96875,2.798
59414000,5,39.67083333333334,141.00625,0.924
59414001,187,39.67083333333334,141.01874999999998,0.405
59414002,12,39.67083333333334,141.03125,1.328
59414007,11,39.67083333333334,141.09375,2.435
59414008,476,39.67083333333334,141.10625,2.164
59414009,259,39.67083333333334,141.11875,1.098
59414010,29,39.679166666666674,141.00625,1.036
59414011,215,39.679166666666674,141.01874999999998,0.619
59414012,195,39.679166666666674,141.03125,0.555
59414015,237,39.679166666666674,141.06875,2.446
59414016,136,39.679166666666674,141.08124999999998,1.73
59414017,291,39.679166666666674,141.09375,1.514
59414018,533,39.679166666666674,141.10625,1.507
59414019,912,39.679166666666674,141.11875,0.771
59414020,136,39.68750000000001,141.00625,1.735
59414021,114,39.68750000000001,141.01874999999998,1.025
59414024,158,39.68750000000001,141.05625,2.291
59414025,291,39.68750000000001,141.06875,1.875
59414026,342,39.68750000000001,141.08124999999998,1.036
59414027,365,39.68750000000001,141.09375,0.609
59414028,231,39.68750000000001,141.10625,1.049
59414029,1941,39.68750000000001,141.11875,0.172
59414030,505,39.69583333333334,141.00625,2.408
59414031,455,39.69583333333334,141.01874999999998,1.619
59414032,75,39.69583333333334,141.03125,1.317
59414033,62,39.69583333333334,141.04375,1.77
59414034,214,39.69583333333334,141.05625,1.746
59414035,101,39.69583333333334,141.06875,0.995
59414036,287,39.69583333333334,141.08124999999998,0.932
59414037,476,39.69583333333334,141.09375,0.41
59414038,581,39.69583333333334,141.10625,1.283
59414039,3226,39.69583333333334,141.11875,0.759
59414040,49,39.70416666666667,141.00625,2.598
59414041,285,39.70416666666667,141.01874999999998,2.431
59414042,225,39.70416666666667,141.03125,2.241
59414043,430,39.70416666666667,141.04375,2.534
59414044,183,39.70416666666667,141.05625,1.496
59414045,1336,39.70416666666667,141.06875,0.428
59414046,473,39.70416666666667,141.08124999999998,0.643
59414047,80,39.70416666666667,141.09375,1.297
59414048,405,39.70416666666667,141.10625,1.555
59414049,2169,39.70416666666667,141.11875,0.776
59414050,341,39.712500000000006,141.00625,3.009
59414051,1400,39.712500000000006,141.01874999999998,3.304
59414052,471,39.712500000000006,141.03125,3.167
59414054,63,39.712500000000006,141.05625,1.774
59414055,1104,39.712500000000006,141.06875,1.045
59414056,364,39.712500000000006,141.08124999999998,1.15
59414057,659,39.712500000000006,141.09375,1.96
59414058,3888,39.712500000000006,141.10625,1.154
59414059,5683,39.712500000000006,141.11875,0.382
59414061,263,39.72083333333334,141.01874999999998,4.2
59414062,44,39.72083333333334,141.03125,4.092
59414064,27,39.72083333333334,141.05625,2.403
59414065,441,39.72083333333334,141.06875,1.928
59414066,79,39.72083333333334,141.08124999999998,1.723
59414067,347,39.72083333333334,141.09375,1.191
59414068,7518,39.72083333333334,141.10625,0.688
59414069,5275,39.72083333333334,141.11875,0.381
59414071,1,39.72916666666667,141.01874999999998,5.003
59414072,6,39.72916666666667,141.03125,4.233
59414074,51,39.72916666666667,141.05625,2.17
59414075,144,39.72916666666667,141.06875,1.238
59414076,562,39.72916666666667,141.08124999999998,0.801
59414077,2857,39.72916666666667,141.09375,0.321
59414078,6465,39.72916666666667,141.10625,0.101
59414079,3782,39.72916666666667,141.11875,0.49
59414080,4,39.73750000000001,141.00625,5.072
59414085,1066,39.73750000000001,141.06875,0.96
59414086,2552,39.73750000000001,141.08124999999998,0.178
59414087,4178,39.73750000000001,141.09375,0.635
59414088,5162,39.73750000000001,141.10625,0.289
59414089,2365,39.73750000000001,141.11875,0.34
59414090,2,39.745833333333344,141.00625,5.892
59414091,4,39.745833333333344,141.01874999999998,5.333
59414095,411,39.745833333333344,141.06875,1.424
59414096,890,39.745833333333344,141.08124999999998,1.067
59414097,270,39.745833333333344,141.09375,1.032
59414098,5600,39.745833333333344,141.10625,0.052
59414099,5608,39.745833333333344,141.11875,0.314
59414100,2105,39.67083333333334,141.13125,0.131
59414101,3314,39.67083333333334,141.14374999999998,0.311
59414102,4923,39.67083333333334,141.15625,0.769
59414103,1768,39.67083333333334,141.16875,0.031
59414105,112,39.67083333333334,141.19375,2.13
59414106,20,39.67083333333334,141.20624999999998,3.199
59414107,38,39.67083333333334,141.21875,4.269
59414108,19,39.67083333333334,141.23125,5.339
59414109,62,39.67083333333334,141.24375,6.409
59414110,2741,39.679166666666674,141.13125,0.726
59414111,6755,39.679166666666674,141.14374999999998,0.245
59414112,3889,39.679166666666674,141.15625,0.256
59414113,2820,39.679166666666674,141.16875,0.897
59414114,221,39.679166666666674,141.18125,1.388
59414115,130,39.679166666666674,141.19375,2.311
59414116,7,39.679166666666674,141.20624999999998,3.323
59414117,18,39.679166666666674,141.21875,4.362
59414118,6,39.679166666666674,141.23125,5.414
59414120,4513,39.68750000000001,141.13125,0.457
59414121,5742,39.68750000000001,141.14374999999998,0.331
59414122,4486,39.68750000000001,141.15625,0.352
59414123,2317,39.68750000000001,141.16875,0.677
59414124,2294,39.68750000000001,141.18125,1.23
59414125,68,39.68750000000001,141.19375,2.204
59414126,4,39.68750000000001,141.20624999999998,3.238
59414127,96,39.68750000000001,141.21875,4.29
59414128,20,39.68750000000001,141.23125,5.349
59414129,13,39.68750000000001,141.24375,6.411
59414130,909,39.69583333333334,141.13125,0.483
59414131,2304,39.69583333333334,141.14374999999998,0.635
59414132,8000,39.69583333333334,141.15625,0.265
59414133,4805,39.69583333333334,141.16875,0.254
59414134,760,39.69583333333334,141.18125,1.058
59414135,38,39.69583333333334,141.19375,2.112
59414136,33,39.69583333333334,141.20624999999998,3.177
59414137,24,39.69583333333334,141.21875,4.244
59414138,1,39.69583333333334,141.23125,5.312
59414140,6520,39.70416666666667,141.13125,0.273
59414141,7747,39.70416666666667,141.14374999999998,0.15
59414142,5481,39.70416666666667,141.15625,0.213
59414143,5063,39.70416666666667,141.16875,0.591
59414144,706,39.70416666666667,141.18125,1.502
59414146,3,39.70416666666667,141.20624999999998,3.379
59414147,2,39.70416666666667,141.21875,4.397
59414150,5658,39.712500000000006,141.13125,0.784
59414151,5360,39.712500000000006,141.14374999999998,0.266
59414152,3005,39.712500000000006,141.15625,0.563
59414153,4344,39.712500000000006,141.16875,0.739
59414154,3979,39.712500000000006,141.18125,1.75
59414155,3,39.712500000000006,141.19375,2.804
59414156,7,39.712500000000006,141.20624999999998,3.802
59414157,13,39.712500000000006,141.21875,4.73
59414158,70,39.712500000000006,141.23125,5.707
59414160,5074,39.72083333333334,141.13125,0.085
59414161,3007,39.72083333333334,141.14374999999998,0.949
59414162,1607,39.72083333333334,141.15625,1.015
59414163,2896,39.72083333333334,141.16875,1.105
59414164,716,39.72083333333334,141.18125,1.836
59414165,12,39.72083333333334,141.19375,2.794
59414170,4964,39.72916666666667,141.13125,0.622
59414171,3595,39.72916666666667,141.14374999999998,0.474
59414172,2458,39.72916666666667,141.15625,0.337
59414173,1905,39.72916666666667,141.16875,0.476
59414174,25,39.72916666666667,141.18125,1.541
59414180,2908,39.73750000000001,141.13125,0.305
59414181,5352,39.73750000000001,141.14374999999998,0.247
59414182,946,39.73750000000001,141.15625,0.957
59414183,59,39.73750000000001,141.16875,0.975
59414184,173,39.73750000000001,141.18125,1.76
59414185,50,39.73750000000001,141.19375,2.745
59414186,8,39.73750000000001,141.20624999999998,3.775
59414190,2201,39.745833333333344,141.13125,0.488
59414191,2276,39.745833333333344,141.14374999999998,0.558
59414192,2428,39.745833333333344,141.15625,1.029
59414193,1985,39.745833333333344,141.16875,1.471
59414194,75,39.745833333333344,141.18125,2.183
59414195,738,39.745833333333344,141.19375,3.106
59414196,239,39.745833333333344,141.20624999999998,4.085
59414197,28,39.745833333333344,141.21875,5.069
59414198,8,39.745833333333344,141.23125,6.081
59414199,5,39.745833333333344,141.24375,7.11
59414204,2,39.67083333333334,141.30625,11.554
59414206,25,39.67083333333334,141.33124999999998,13.444
59414208,3,39.67083333333334,141.35625,15.4
59414220,13,39.68750000000001,141.25625,7.476
59414238,2,39.69583333333334,141.35625,16.003
59414241,22,39.70416666666667,141.26874999999998,8.595
59414242,11,39.70416666666667,141.28125,9.655
59414243,1,39.70416666666667,141.29375,10.718
59414251,7,39.712500000000006,141.26874999999998,8.77
59414254,2,39.712500000000006,141.30625,11.909
59414260,17,39.72083333333334,141.25625,8.016
59414282,1,39.73750000000001,141.28125,10.127
59414396,7,39.745833333333344,141.45624999999998,25.117
59414407,8,39.67083333333334,141.59375,25.759
59414416,8,39.679166666666674,141.58124999999998,25.783
59414417,10,39.679166666666674,141.59375,25.059
59414508,90,39.67083333333334,141.73125,15.974
59414517,90,39.679166666666674,141.71875,17.268
59414526,4,39.68750000000001,141.70624999999998,18.58
59414527,90,39.68750000000001,141.71875,17.577
59414536,56,39.69583333333334,141.70624999999998,18.266
59414537,8,39.69583333333334,141.71875,17.879
59414547,3,39.70416666666667,141.71875,17.009
59414557,2,39.712500000000006,141.71875,16.145
59414558,5,39.712500000000006,141.73125,15.779
59414559,21,39.712500000000006,141.74375,15.479
59414567,3,39.72083333333334,141.71875,15.289
59414568,3,39.72083333333334,141.73125,14.902
59414606,3,39.67083333333334,141.83124999999998,8.103
59414628,19,39.68750000000001,141.85625,7.811
59414639,9,39.69583333333334,141.86875,8.044
59414648,13,39.70416666666667,141.85625,9.366
59414649,13,39.70416666666667,141.86875,8.723
59414695,1,39.745833333333344,141.81875,11.41
59414704,45,39.67083333333334,141.93125,2.688
59414705,18,39.67083333333334,141.94375,2.631
59414706,1270,39.67083333333334,141.95624999999998,2.985
59414707,254,39.67083333333334,141.96875,3.549
59414708,44,39.67083333333334,141.98125,4.204
59414713,9,39.679166666666674,141.91875,3.936
59414716,479,39.679166666666674,141.95624999999998,3.82
59414717,576,39.679166666666674,141.96875,4.344
59414718,36,39.679166666666674,141.98125,4.915
59414720,18,39.68750000000001,141.88125,6.663
59414721,3,39.68750000000001,141.89374999999998,5.911
59414723,29,39.68750000000001,141.91875,4.784
59414724,20,39.68750000000001,141.93125,4.506
59414725,25,39.68750000000001,141.94375,4.472
59414726,49,39.68750000000001,141.95624999999998,4.689
59414727,43,39.68750000000001,141.96875,5.125
59414728,29,39.68750000000001,141.98125,5.689
59414730,23,39.69583333333334,141.88125,7.315
59414731,8,39.69583333333334,141.89374999999998,6.637
59414733,2,39.69583333333334,141.91875,5.657
59414735,15,39.69583333333334,141.94375,5.396
59414736,167,39.69583333333334,141.95624999999998,5.577
59414740,56,39.70416666666667,141.88125,8.021
59414741,31,39.70416666666667,141.89374999999998,7.408
59414742,39,39.70416666666667,141.90625,6.908
59414746,17,39.70416666666667,141.95624999999998,6.476
59414750,4,39.712500000000006,141.88125,8.768
59414753,6,39.712500000000006,141.91875,7.442
59414754,39,39.712500000000006,141.93125,7.266
59414757,246,39.712500000000006,141.96875,7.665
59414758,50,39.712500000000006,141.98125,8.082
59414762,3,39.72083333333334,141.90625,8.633
59414764,29,39.72083333333334,141.93125,8.189
59414765,7,39.72083333333334,141.94375,8.171
59414771,7,39.72916666666667,141.89374999999998,9.883
59414772,13,39.72916666666667,141.90625,9.514
59414773,2,39.72916666666667,141.91875,9.254
59414774,31,39.72916666666667,141.93125,9.113
59414775,131,39.72916666666667,141.94375,9.096
59414776,179,39.72916666666667,141.95624999999998,9.205
59414777,30,39.72916666666667,141.96875,9.434
59414780,17,39.73750000000001,141.88125,11.173
59414781,9,39.73750000000001,141.89374999999998,10.741
59414785,16,39.73750000000001,141.94375,10.022
59414787,310,39.73750000000001,141.96875,10.33
59414788,508,39.73750000000001,141.98125,10.643
59414792,40,39.745833333333344,141.90625,11.297
59414793,22,39.745833333333344,141.91875,11.079
59414797,160,39.745833333333344,141.96875,11.23
59414798,133,39.745833333333344,141.98125,11.519
59415001,15,39.75416666666667,141.01874999999998,5.591
59415003,36,39.75416666666667,141.04375,3.672
59415004,47,39.75416666666667,141.05625,2.833
59415005,905,39.75416666666667,141.06875,2.203
59415006,506,39.75416666666667,141.08124999999998,1.991
59415007,586,39.75416666666667,141.09375,1.419
59415008,1599,39.75416666666667,141.10625,0.96
59415009,686,39.75416666666667,141.11875,0.899
59415012,6,39.7625,141.03125,5.076
59415013,4,39.7625,141.04375,4.246
59415016,13,39.7625,141.08124999999998,2.833
59415017,723,39.7625,141.09375,2.164
59415018,478,39.7625,141.10625,1.857
59415019,1,39.7625,141.11875,1.538
59415021,7,39.770833333333336,141.01874999999998,6.485
59415022,41,39.770833333333336,141.03125,5.659
59415027,730,39.770833333333336,141.09375,3.011
59415028,361,39.770833333333336,141.10625,1.984
59415030,1,39.77916666666667,141.00625,7.895
59415031,46,39.77916666666667,141.01874999999998,7.073
59415032,9,39.77916666666667,141.03125,6.324
59415035,17,39.77916666666667,141.06875,4.861
59415037,884,39.77916666666667,141.09375,3.068
59415038,1718,39.77916666666667,141.10625,2.027
59415039,8,39.77916666666667,141.11875,1.042
59415041,8,39.7875,141.01874999999998,7.727
59415042,32,39.7875,141.03125,7.049
59415043,17,39.7875,141.04375,6.477
59415044,10,39.7875,141.05625,6.041
59415048,130,39.7875,141.10625,2.449
59415049,56,39.7875,141.11875,1.725
59415052,29,39.795833333333334,141.03125,7.817
59415053,20,39.795833333333334,141.04375,7.305
59415055,11,39.795833333333334,141.06875,5.689
59415056,18,39.795833333333334,141.08124999999998,4.743
59415057,31,39.795833333333334,141.09375,3.861
59415058,33,39.795833333333334,141.10625,3.099
59415059,90,39.795833333333334,141.11875,2.566
59415065,26,39.80416666666667,141.06875,6.139
59415066,39,39.80416666666667,141.08124999999998,5.274
59415067,180,39.80416666666667,141.09375,4.498
59415068,31,39.80416666666667,141.10625,3.864
59415069,178,39.80416666666667,141.11875,3.231
59415075,84,39.8125,141.06875,6.687
59415076,29,39.8125,141.08124999999998,5.904
59415077,64,39.8125,141.09375,5.222
59415078,169,39.8125,141.10625,4.644
59415079,787,39.8125,141.11875,3.928
59415085,26,39.82083333333334,141.06875,7.313
59415086,23,39.82083333333334,141.08124999999998,6.604
59415087,5,39.82083333333334,141.09375,6.003
59415088,107,39.82083333333334,141.10625,5.317
59415089,18,39.82083333333334,141.11875,4.704
59415096,22,39.82916666666667,141.08124999999998,7.355
59415097,22,39.82916666666667,141.09375,6.589
59415098,333,39.82916666666667,141.10625,5.557
59415099,27,39.82916666666667,141.11875,4.54
59415100,1462,39.75416666666667,141.13125,0.468
59415102,2614,39.75416666666667,141.15625,0.539
59415103,2899,39.75416666666667,141.16875,0.78
59415104,126,39.75416666666667,141.18125,1.791
59415105,1781,39.75416666666667,141.19375,2.845
59415106,97,39.75416666666667,141.20624999999998,3.907
59415107,11,39.75416666666667,141.21875,4.971
59415109,5,39.75416666666667,141.24375,7.104
59415110,24,39.7625,141.13125,1.135
59415112,610,39.7625,141.15625,0.672
59415113,4901,39.7625,141.16875,0.877
59415114,825,39.7625,141.18125,1.836
59415115,336,39.7625,141.19375,2.873
59415116,7,39.7625,141.20624999999998,3.927
59415118,4,39.7625,141.23125,6.05
59415120,1310,39.770833333333336,141.13125,0.21
59415121,1499,39.770833333333336,141.14374999999998,0.958
59415122,2,39.770833333333336,141.15625,1.292
59415123,311,39.770833333333336,141.16875,1.627
59415124,174,39.770833333333336,141.18125,2.291
59415127,5,39.770833333333336,141.21875,5.172
59415128,14,39.770833333333336,141.23125,6.203
59415130,2136,39.77916666666667,141.13125,0.587
59415131,3726,39.77916666666667,141.14374999999998,0.183
59415134,70,39.77916666666667,141.18125,2.974
59415136,3,39.77916666666667,141.20624999999998,4.571
59415137,9,39.77916666666667,141.21875,5.508
59415140,259,39.7875,141.13125,1.327
59415141,1668,39.7875,141.14374999999998,0.426
59415142,88,39.7875,141.15625,0.94
59415143,11,39.7875,141.16875,1.966
59415144,17,39.7875,141.18125,3.022
59415145,29,39.7875,141.19375,4.084
59415146,93,39.7875,141.20624999999998,5.119
59415147,70,39.7875,141.21875,5.971
59415148,24,39.7875,141.23125,6.883
59415150,68,39.795833333333334,141.13125,1.82
59415151,1224,39.795833333333334,141.14374999999998,1.316
59415152,683,39.795833333333334,141.15625,1.56
59415155,121,39.795833333333334,141.19375,4.269
59415156,19,39.795833333333334,141.20624999999998,5.297
59415157,53,39.795833333333334,141.21875,6.337
59415158,44,39.795833333333334,141.23125,7.376
59415160,154,39.80416666666667,141.13125,2.565
59415161,1453,39.80416666666667,141.14374999999998,2.236
59415162,457,39.80416666666667,141.15625,2.388
59415164,17,39.80416666666667,141.18125,3.735
59415165,14,39.80416666666667,141.19375,4.636
59415166,38,39.80416666666667,141.20624999999998,5.368
59415167,37,39.80416666666667,141.21875,6.065
59415168,27,39.80416666666667,141.23125,6.858
59415170,93,39.8125,141.13125,3.401
59415171,91,39.8125,141.14374999999998,3.16
59415173,31,39.8125,141.16875,3.385
59415174,18,39.8125,141.18125,3.548
59415175,28,39.8125,141.19375,4.0
59415176,75,39.8125,141.20624999999998,4.657
59415177,57,39.8125,141.21875,5.445
59415178,14,39.8125,141.23125,6.316
59415180,14,39.82083333333334,141.13125,4.041
59415181,13,39.82083333333334,141.14374999999998,3.259
59415182,17,39.82083333333334,141.15625,2.682
59415183,124,39.82083333333334,141.16875,2.459
59415184,32,39.82083333333334,141.18125,2.679
59415185,39,39.82083333333334,141.19375,3.253
59415186,41,39.82083333333334,141.20624999999998,4.034
59415187,23,39.82083333333334,141.21875,4.923
59415190,24,39.82916666666667,141.13125,3.554
59415191,61,39.82916666666667,141.14374999999998,2.631
59415192,58,39.82916666666667,141.15625,1.87
59415193,37,39.82916666666667,141.16875,1.532
59415194,4,39.82916666666667,141.18125,1.865
59415195,8,39.82916666666667,141.19375,2.624
59415196,3,39.82916666666667,141.20624999999998,3.545
59415197,11,39.82916666666667,141.21875,4.531
59415214,1,39.7625,141.30625,12.448
59415224,3,39.770833333333336,141.30625,12.523
59415227,4,39.770833333333336,141.34375,15.71
59415232,2,39.77916666666667,141.28125,10.575
59415233,5,39.77916666666667,141.29375,11.617
59415234,29,39.77916666666667,141.30625,12.665
59415236,11,39.77916666666667,141.33124999999998,14.768
59415243,6,39.7875,141.29375,11.843
59415246,17,39.7875,141.33124999999998,14.946
59415247,2,39.7875,141.34375,15.989
59415299,4,39.82916666666667,141.36875,17.141
59415380,3,39.82083333333334,141.38125,18.307
59415390,7,39.82916666666667,141.38125,18.204
59415391,1,39.82916666666667,141.39374999999998,19.268
59415397,2,39.82916666666667,141.46875,23.087
59415421,3,39.770833333333336,141.51874999999998,24.598
59415426,3,39.770833333333336,141.58124999999998,19.676
59415427,4,39.770833333333336,141.59375,18.718
59415431,10,39.77916666666667,141.51874999999998,24.292
59415433,22,39.77916666666667,141.54375,22.274
59415434,11,39.77916666666667,141.55625,21.273
59415437,27,39.77916666666667,141.59375,18.315
59415442,8,39.7875,141.53125,22.994
59415443,13,39.7875,141.54375,21.975
59415444,49,39.7875,141.55625,20.959
59415445,35,39.7875,141.56875,19.95
59415446,7,39.7875,141.58124999999998,18.947
59415447,6,39.7875,141.59375,17.951
59415453,8,39.795833333333334,141.54375,21.711
59415456,6,39.795833333333334,141.58124999999998,18.641
59415457,16,39.795833333333334,141.59375,17.628
59415458,8,39.795833333333334,141.60625,16.622
59415459,7,39.795833333333334,141.61875,15.624
59415467,13,39.80416666666667,141.59375,17.348
59415513,2,39.7625,141.66875,13.942
59415523,7,39.770833333333336,141.66875,13.332
59415534,7,39.77916666666667,141.68125,11.919
59415535,1,39.77916666666667,141.69375,11.115
59415538,5,39.77916666666667,141.73125,9.039
59415543,2,39.7875,141.66875,12.233
59415544,1,39.7875,141.68125,11.352
59415549,11,39.7875,141.74375,7.689
59415550,27,39.795833333333334,141.63125,14.636
59415553,12,39.795833333333334,141.66875,11.755
59415554,5,39.795833333333334,141.68125,10.835
59415558,10,39.795833333333334,141.73125,7.553
59415560,11,39.80416666666667,141.63125,14.298
59415561,79,39.80416666666667,141.64374999999998,13.297
59415562,94,39.80416666666667,141.65625,12.307
59415563,27,39.80416666666667,141.66875,11.332
59415564,6,39.80416666666667,141.68125,10.375
59415567,7,39.80416666666667,141.71875,7.679
59415568,4,39.80416666666667,141.73125,6.878
59415576,12,39.8125,141.70624999999998,8.055
59415582,4,39.82083333333334,141.65625,11.709
59415586,6,39.82083333333334,141.70624999999998,7.652
59415587,25,39.82083333333334,141.71875,6.68
59415588,90,39.82083333333334,141.73125,5.741
59415597,36,39.82916666666667,141.71875,6.326
59415598,10,39.82916666666667,141.73125,5.325
59415599,25,39.82916666666667,141.74375,4.356
59415600,9,39.75416666666667,141.75625,10.726
59415606,15,39.75416666666667,141.83124999999998,10.685
59415610,12,39.7625,141.75625,9.834
59415611,3,39.7625,141.76874999999998,9.586
59415614,6,39.7625,141.80625,9.477
59415616,41,39.7625,141.83124999999998,9.785
59415618,3,39.7625,141.85625,10.526
59415619,12,39.7625,141.86875,11.034
59415623,11,39.770833333333336,141.79375,8.512
59415624,24,39.770833333333336,141.80625,8.551
59415635,7,39.77916666666667,141.81875,7.744
59415645,5,39.7875,141.81875,6.834
59415648,7,39.7875,141.85625,8.115
59415649,7,39.7875,141.86875,8.763
59415651,1,39.795833333333334,141.76874999999998,5.977
59415656,2,39.795833333333334,141.83124999999998,6.266
59415659,13,39.795833333333334,141.86875,8.078
59415661,15,39.80416666666667,141.76874999999998,5.097
59415662,15,39.80416666666667,141.78125,4.841
59415664,20,39.80416666666667,141.80625,4.85
59415666,2,39.80416666666667,141.83124999999998,5.426
59415673,4,39.8125,141.79375,3.89
59415674,31,39.8125,141.80625,3.925
59415675,5,39.8125,141.81875,4.151
59415678,2,39.8125,141.85625,6.031
59415679,14,39.8125,141.86875,6.878
59415684,2,39.82083333333334,141.80625,3.003
59415688,8,39.82083333333334,141.85625,5.475
59415689,18,39.82083333333334,141.86875,6.396
59415694,5,39.82916666666667,141.80625,2.084
59415695,1,39.82916666666667,141.81875,2.483
59415706,30,39.75416666666667,141.95624999999998,11.958
59415707,7,39.75416666666667,141.96875,12.135
59415708,12,39.75416666666667,141.98125,12.402
59415710,8,39.7625,141.88125,11.617
59415716,85,39.7625,141.95624999999998,12.878
59415717,70,39.7625,141.96875,13.043
59415718,5,39.7625,141.98125,13.292
59415720,6,39.770833333333336,141.88125,10.875
59415728,23,39.770833333333336,141.98125,14.186
59415729,28,39.770833333333336,141.99375,14.494
59415730,11,39.77916666666667,141.88125,10.163
59415731,5,39.77916666666667,141.89374999999998,10.899
59415736,51,39.77916666666667,141.95624999999998,14.72
59415743,15,39.7875,141.91875,11.973
59415746,74,39.7875,141.95624999999998,14.738
59415747,79,39.7875,141.96875,15.696
59415752,3,39.795833333333334,141.90625,10.571
59415754,2,39.795833333333334,141.93125,12.415
59415756,18,39.795833333333334,141.95624999999998,14.34
59415765,9,39.80416666666667,141.94375,12.996
59415766,18,39.80416666666667,141.95624999999998,13.993
59415767,34,39.80416666666667,141.96875,14.87
59415768,31,39.80416666666667,141.98125,15.356
59415775,12,39.8125,141.94375,12.68
59415776,156,39.8125,141.95624999999998,13.588
59415777,21,39.8125,141.96875,14.037
59415785,5,39.82083333333334,141.94375,12.335
59415786,10,39.82083333333334,141.95624999999998,12.739
59415787,21,39.82083333333334,141.96875,13.217
59415793,55,39.82916666666667,141.91875,10.136
59415795,20,39.82916666666667,141.94375,11.468
59415796,8,39.82916666666667,141.95624999999998,11.902
59415797,96,39.82916666666667,141.96875,12.413
59415798,13,39.82916666666667,141.98125,12.991
59416007,124,39.837500000000006,141.09375,6.437
59416008,731,39.837500000000006,141.10625,5.375
59416009,81,39.837500000000006,141.11875,4.316
59416017,32,39.84583333333334,141.09375,5.862
59416018,157,39.84583333333334,141.10625,5.35
59416019,51,39.84583333333334,141.11875,4.285
59416028,135,39.85416666666667,141.10625,5.029
59416029,151,39.85416666666667,141.11875,4.452
59416038,27,39.862500000000004,141.10625,4.123
59416039,122,39.862500000000004,141.11875,4.495
59416048,58,39.87083333333334,141.10625,3.23
59416049,87,39.87083333333334,141.11875,3.692
59416056,29,39.87916666666667,141.08124999999998,2.45
59416057,33,39.87916666666667,141.09375,2.157
59416058,73,39.87916666666667,141.10625,2.362
59416059,46,39.87916666666667,141.11875,2.963
59416064,7,39.8875,141.05625,3.52
59416066,7,39.8875,141.08124999999998,1.694
59416067,134,39.8875,141.09375,1.233
59416068,33,39.8875,141.10625,1.563
59416069,20,39.8875,141.11875,2.376
59416070,63,39.895833333333336,141.00625,7.57
59416071,14,39.895833333333336,141.01874999999998,6.505
59416074,9,39.895833333333336,141.05625,3.312
59416075,141,39.895833333333336,141.06875,2.253
59416076,141,39.895833333333336,141.08124999999998,1.204
59416077,619,39.895833333333336,141.09375,0.318
59416078,22,39.895833333333336,141.10625,1.013
59416079,85,39.895833333333336,141.11875,2.055
59416080,26,39.904166666666676,141.00625,7.589
59416081,8,39.904166666666676,141.01874999999998,6.527
59416084,25,39.904166666666676,141.05625,3.357
59416085,246,39.904166666666676,141.06875,2.318
59416086,43,39.904166666666676,141.08124999999998,1.323
59416087,1196,39.904166666666676,141.09375,0.633
59416088,459,39.904166666666676,141.10625,1.151
59416089,107,39.904166666666676,141.11875,1.582
59416090,46,39.91250000000001,141.00625,7.693
59416091,20,39.91250000000001,141.01874999999998,6.64
59416092,11,39.91250000000001,141.03125,5.592
59416094,122,39.91250000000001,141.05625,3.53
59416095,235,39.91250000000001,141.06875,2.542
59416096,503,39.91250000000001,141.08124999999998,1.655
59416097,1155,39.91250000000001,141.09375,1.109
59416098,1038,39.91250000000001,141.10625,0.254
59416099,161,39.91250000000001,141.11875,1.083
59416100,61,39.837500000000006,141.13125,3.263
59416101,106,39.837500000000006,141.14374999999998,2.223
59416102,991,39.837500000000006,141.15625,1.231
59416103,391,39.837500000000006,141.16875,0.606
59416107,5,39.837500000000006,141.21875,4.307
59416110,108,39.84583333333334,141.13125,3.222
59416111,100,39.84583333333334,141.14374999999998,2.163
59416112,359,39.84583333333334,141.15625,1.119
59416113,1434,39.84583333333334,141.16875,0.321
59416114,19,39.84583333333334,141.18125,1.11
59416116,9,39.84583333333334,141.20624999999998,3.213
59416117,6,39.84583333333334,141.21875,4.276
59416120,35,39.85416666666667,141.13125,3.44
59416121,37,39.85416666666667,141.14374999999998,2.476
59416122,88,39.85416666666667,141.15625,1.645
59416123,166,39.85416666666667,141.16875,1.248
59416124,42,39.85416666666667,141.18125,1.639
59416125,53,39.85416666666667,141.19375,2.468
59416126,22,39.85416666666667,141.20624999999998,3.432
59416127,15,39.85416666666667,141.21875,4.443
59416128,5,39.85416666666667,141.23125,5.475
59416130,111,39.862500000000004,141.13125,3.586
59416131,48,39.862500000000004,141.14374999999998,2.641
59416132,17,39.862500000000004,141.15625,1.835
59416133,118,39.862500000000004,141.16875,1.427
59416134,99,39.862500000000004,141.18125,1.726
59416135,15,39.862500000000004,141.19375,2.49
59416136,9,39.862500000000004,141.20624999999998,3.42
59416137,29,39.862500000000004,141.21875,4.413
59416140,20,39.87083333333334,141.13125,3.328
59416141,24,39.87083333333334,141.14374999999998,2.279
59416142,59,39.87083333333334,141.15625,1.259
59416143,1555,39.87083333333334,141.16875,0.505
59416144,251,39.87083333333334,141.18125,1.095
59416146,16,39.87083333333334,141.20624999999998,3.149
59416147,14,39.87083333333334,141.21875,4.206
59416150,42,39.87916666666667,141.13125,3.318
59416151,27,39.87916666666667,141.14374999999998,2.265
59416152,52,39.87916666666667,141.15625,1.234
59416153,1037,39.87916666666667,141.16875,0.439
59416154,274,39.87916666666667,141.18125,1.066
59416155,87,39.87916666666667,141.19375,2.087
59416156,20,39.87916666666667,141.20624999999998,3.139
59416157,2,39.87916666666667,141.21875,4.198
59416158,2,39.87916666666667,141.23125,5.26
59416160,40,39.8875,141.13125,3.334
59416162,68,39.8875,141.15625,1.783
59416163,75,39.8875,141.16875,1.359
59416164,99,39.8875,141.18125,1.671
59416165,88,39.8875,141.19375,2.452
59416167,8,39.8875,141.21875,4.391
59416170,65,39.895833333333336,141.13125,2.989
59416171,68,39.895833333333336,141.14374999999998,3.187
59416172,40,39.895833333333336,141.15625,2.559
59416173,56,39.895833333333336,141.16875,2.285
59416174,17,39.895833333333336,141.18125,2.483
59416175,201,39.895833333333336,141.19375,3.063
59416176,18,39.895833333333336,141.20624999999998,3.857
59416177,22,39.895833333333336,141.21875,4.759
59416180,70,39.904166666666676,141.13125,2.426
59416181,123,39.904166666666676,141.14374999999998,3.397
59416182,86,39.904166666666676,141.15625,3.412
59416183,3,39.904166666666676,141.16875,3.211
59416185,152,39.904166666666676,141.19375,3.804
59416186,139,39.904166666666676,141.20624999999998,4.468
59416187,3,39.904166666666676,141.21875,5.266
59416188,42,39.904166666666676,141.23125,6.146
59416190,125,39.91250000000001,141.13125,2.134
59416191,157,39.91250000000001,141.14374999999998,3.195
59416192,98,39.91250000000001,141.15625,4.259
59416193,9,39.91250000000001,141.16875,4.137
59416194,4,39.91250000000001,141.18125,4.25
59416195,73,39.91250000000001,141.19375,4.613
59416196,500,39.91250000000001,141.20624999999998,5.174
59416197,23,39.91250000000001,141.21875,5.835
59416211,1,39.84583333333334,141.26874999999998,8.539
59416225,1,39.85416666666667,141.31875,12.861
59416231,2,39.862500000000004,141.26874999999998,8.563
59416235,4,39.862500000000004,141.31875,12.79
59416240,5,39.87083333333334,141.25625,7.393
59416242,9,39.87083333333334,141.28125,9.523
59416246,7,39.87083333333334,141.33124999999998,13.786
59416249,4,39.87083333333334,141.36875,16.781
59416250,6,39.87916666666667,141.25625,7.389
59416251,5,39.87916666666667,141.26874999999998,8.454
59416253,8,39.87916666666667,141.29375,10.585
59416254,14,39.87916666666667,141.30625,11.651
59416255,4,39.87916666666667,141.31875,12.717
59416258,2,39.87916666666667,141.35625,15.37
59416260,40,39.8875,141.25625,7.499
59416263,11,39.8875,141.29375,10.662
59416264,35,39.8875,141.30625,11.609
59416270,4,39.895833333333336,141.25625,7.72
59416272,3,39.895833333333336,141.28125,9.54
59416274,41,39.895833333333336,141.30625,10.94
59416280,15,39.904166666666676,141.25625,7.619
59416282,33,39.904166666666676,141.28125,8.811
59416283,3,39.904166666666676,141.29375,9.53
59416284,48,39.904166666666676,141.30625,10.31
59416286,18,39.904166666666676,141.33124999999998,12.002
59416293,15,39.91250000000001,141.29375,8.897
59416295,4,39.91250000000001,141.31875,10.601
59416296,21,39.91250000000001,141.33124999999998,11.458
59416300,8,39.837500000000006,141.38125,18.149
59416302,7,39.837500000000006,141.40625,20.282
59416307,7,39.837500000000006,141.46875,22.162
59416308,3,39.837500000000006,141.48125,22.258
59416314,6,39.84583333333334,141.43125,21.258
59416315,4,39.84583333333334,141.44375,21.198
59416316,9,39.84583333333334,141.45624999999998,21.191
59416319,2,39.84583333333334,141.49375,21.49
59416334,7,39.862500000000004,141.43125,19.412
59416335,7,39.862500000000004,141.44375,19.346
59416344,2,39.87083333333334,141.43125,18.489
59416345,6,39.87083333333334,141.44375,18.42
59416363,6,39.8875,141.41875,16.789
59416372,12,39.895833333333336,141.40625,16.098
59416374,2,39.895833333333336,141.43125,15.723
59416398,4,39.91250000000001,141.48125,14.005
59416423,3,39.85416666666667,141.54375,20.948
59416424,17,39.85416666666667,141.55625,19.882
59416429,10,39.85416666666667,141.61875,14.552
59416435,3,39.862500000000004,141.56875,18.875
59416445,22,39.87083333333334,141.56875,18.979
59416446,19,39.87083333333334,141.58124999999998,17.923
59416447,26,39.87083333333334,141.59375,16.868
59416448,9,39.87083333333334,141.60625,15.815
59416449,2,39.87083333333334,141.61875,14.764
59416466,4,39.8875,141.58124999999998,18.284
59416467,4,39.8875,141.59375,17.251
59416468,6,39.8875,141.60625,16.223
59416469,37,39.8875,141.61875,15.201
59416477,40,39.895833333333336,141.59375,17.513
59416478,10,39.895833333333336,141.60625,16.502
59416479,47,39.895833333333336,141.61875,15.498
59416487,26,39.904166666666676,141.59375,17.82
59416488,7,39.904166666666676,141.60625,16.827
59416489,14,39.904166666666676,141.61875,15.843
59416496,21,39.91250000000001,141.58124999999998,17.659
59416497,8,39.91250000000001,141.59375,18.168
59416499,25,39.91250000000001,141.61875,16.235
59416500,10,39.837500000000006,141.63125,13.51
59416507,26,39.837500000000006,141.71875,6.094
59416509,152,39.837500000000006,141.74375,4.012
59416511,4,39.84583333333334,141.64374999999998,12.4
59416514,16,39.84583333333334,141.68125,9.199
59416515,106,39.84583333333334,141.69375,8.132
59416516,20,39.84583333333334,141.70624999999998,7.065
59416517,35,39.84583333333334,141.71875,5.998
59416519,17,39.84583333333334,141.74375,3.865
59416523,9,39.85416666666667,141.66875,10.292
59416524,146,39.85416666666667,141.68125,9.228
59416525,100,39.85416666666667,141.69375,8.165
59416533,68,39.862500000000004,141.66875,10.401
59416534,44,39.862500000000004,141.68125,9.35
59416542,214,39.87083333333334,141.65625,11.628
59416543,31,39.87083333333334,141.66875,10.591
59416550,49,39.87916666666667,141.63125,13.921
59416551,177,39.87916666666667,141.64374999999998,12.892
59416552,162,39.87916666666667,141.65625,11.87
59416560,97,39.8875,141.63125,14.185
59416561,24,39.8875,141.64374999999998,13.176
59416562,29,39.8875,141.65625,12.178
59416570,7,39.895833333333336,141.63125,14.503
59416572,27,39.895833333333336,141.65625,12.547
59416573,4,39.895833333333336,141.66875,11.594
59416583,2,39.904166666666676,141.66875,12.052
59416590,2,39.91250000000001,141.63125,15.288
59416591,10,39.91250000000001,141.64374999999998,14.358
59416600,45,39.837500000000006,141.75625,2.999
59416601,67,39.837500000000006,141.76874999999998,2.042
59416602,139,39.837500000000006,141.78125,1.273
59416603,14,39.837500000000006,141.79375,1.163
59416605,4,39.837500000000006,141.81875,1.79
59416607,1,39.837500000000006,141.84375,3.699
59416608,103,39.837500000000006,141.85625,4.726
59416611,35,39.84583333333334,141.76874999999998,1.735
59416612,285,39.84583333333334,141.78125,0.68
59416613,1737,39.84583333333334,141.79375,0.438
59416614,582,39.84583333333334,141.80625,0.38
59416615,114,39.84583333333334,141.81875,1.402
59416616,1,39.84583333333334,141.83124999999998,2.462
59416617,12,39.84583333333334,141.84375,3.527
59416618,36,39.84583333333334,141.85625,4.593
59416619,19,39.84583333333334,141.86875,5.659
59416623,3,39.85416666666667,141.79375,0.866
59416624,323,39.85416666666667,141.80625,0.788
59416629,7,39.85416666666667,141.86875,5.701
59416632,1,39.862500000000004,141.78125,1.815
59416633,12,39.862500000000004,141.79375,1.739
59416641,5,39.87083333333334,141.76874999999998,3.136
59416642,6,39.87083333333334,141.78125,2.699
59416645,9,39.87083333333334,141.81875,2.924
59416653,2,39.87916666666667,141.79375,3.567
59416654,9,39.87916666666667,141.80625,3.515
59416655,7,39.87916666666667,141.81875,3.765
59416659,20,39.87916666666667,141.86875,5.55
59416660,8,39.8875,141.75625,5.272
59416663,1,39.8875,141.79375,4.489
59416664,3,39.8875,141.80625,4.439
59416665,2,39.8875,141.81875,4.639
59416667,2,39.8875,141.84375,5.656
59416668,8,39.8875,141.85625,5.291
59416675,9,39.895833333333336,141.81875,5.53
59416676,9,39.895833333333336,141.83124999999998,5.889
59416677,13,39.895833333333336,141.84375,5.4
59416678,5,39.895833333333336,141.85625,4.594
59416687,15,39.904166666666676,141.84375,4.899
59416689,26,39.904166666666676,141.86875,3.187
59416693,13,39.91250000000001,141.79375,7.246
59416695,2,39.91250000000001,141.81875,6.594
59416696,4,39.91250000000001,141.83124999999998,5.556
59416700,3,39.837500000000006,141.88125,6.818
59416702,10,39.837500000000006,141.90625,8.929
59416703,46,39.837500000000006,141.91875,9.958
59416704,40,39.837500000000006,141.93125,10.235
59416705,38,39.837500000000006,141.94375,10.612
59416706,143,39.837500000000006,141.95624999999998,11.079
59416707,2,39.837500000000006,141.96875,11.626
59416708,59,39.837500000000006,141.98125,12.241
59416710,7,39.84583333333334,141.88125,6.726
59416711,6,39.84583333333334,141.89374999999998,7.792
59416712,32,39.84583333333334,141.90625,8.859
59416714,22,39.84583333333334,141.93125,9.358
59416715,63,39.84583333333334,141.94375,9.769
59416716,491,39.84583333333334,141.95624999999998,10.274
59416717,109,39.84583333333334,141.96875,10.861
59416725,20,39.85416666666667,141.94375,8.942
59416727,6,39.85416666666667,141.96875,10.124
59416730,21,39.862500000000004,141.88125,6.921
59416734,7,39.862500000000004,141.93125,7.638
59416735,60,39.862500000000004,141.94375,8.136
59416736,7,39.862500000000004,141.95624999999998,8.737
59416737,1,39.862500000000004,141.96875,9.42
59416740,30,39.87083333333334,141.88125,6.133
59416741,4,39.87083333333334,141.89374999999998,6.031
59416743,26,39.87083333333334,141.91875,6.381
59416744,48,39.87083333333334,141.93125,6.805
59416745,28,39.87083333333334,141.94375,7.359
59416746,28,39.87083333333334,141.95624999999998,8.018
59416747,9,39.87083333333334,141.96875,8.758
59416750,8,39.87916666666667,141.88125,5.224
59416754,40,39.87916666666667,141.93125,5.999
59416755,24,39.87916666666667,141.94375,6.621
59416756,13,39.87916666666667,141.95624999999998,7.346
59416757,7,39.87916666666667,141.96875,8.147
59416762,10,39.8875,141.90625,4.3
59416763,84,39.8875,141.91875,4.669
59416772,27,39.895833333333336,141.90625,3.407
59416773,19,39.895833333333336,141.91875,3.862
59416774,17,39.895833333333336,141.93125,4.527
59416775,69,39.895833333333336,141.94375,5.325
59416780,6,39.904166666666676,141.88125,2.577
59416782,43,39.904166666666676,141.90625,2.538
59416783,12,39.904166666666676,141.91875,3.122
59416785,161,39.904166666666676,141.94375,4.815
59416792,8,39.91250000000001,141.90625,1.729
59416794,64,39.91250000000001,141.93125,3.447
59416795,114,39.91250000000001,141.94375,4.442
59417000,89,39.92083333333334,141.00625,7.612
59417001,66,39.92083333333334,141.01874999999998,6.546
59417002,162,39.92083333333334,141.03125,5.481
59417003,191,39.92083333333334,141.04375,4.416
59417004,78,39.92083333333334,141.05625,3.351
59417005,212,39.92083333333334,141.06875,2.288
59417006,394,39.92083333333334,141.08124999999998,1.23
59417007,251,39.92083333333334,141.09375,0.247
59417008,443,39.92083333333334,141.10625,0.673
59417009,107,39.92083333333334,141.11875,1.249
59417011,22,39.929166666666674,141.01874999999998,6.583
59417012,134,39.929166666666674,141.03125,5.525
59417013,361,39.929166666666674,141.04375,4.471
59417014,228,39.929166666666674,141.05625,3.424
59417015,214,39.929166666666674,141.06875,2.393
59417016,280,39.929166666666674,141.08124999999998,1.415
59417017,318,39.929166666666674,141.09375,0.743
59417018,165,39.929166666666674,141.10625,1.172
59417019,70,39.929166666666674,141.11875,1.915
59417021,26,39.93750000000001,141.01874999999998,6.412
59417022,24,39.93750000000001,141.03125,5.373
59417023,153,39.93750000000001,141.04375,4.348
59417024,56,39.93750000000001,141.05625,3.347
59417025,7,39.93750000000001,141.06875,2.404
59417027,440,39.93750000000001,141.09375,1.32
59417028,59,39.93750000000001,141.10625,1.77
59417029,49,39.93750000000001,141.11875,2.584
59417031,102,39.94583333333334,141.01874999999998,6.287
59417032,5,39.94583333333334,141.03125,5.224
59417033,13,39.94583333333334,141.04375,4.162
59417034,239,39.94583333333334,141.05625,3.103
59417035,184,39.94583333333334,141.06875,2.05
59417036,106,39.94583333333334,141.08124999999998,1.024
59417037,896,39.94583333333334,141.09375,0.406
59417038,45,39.94583333333334,141.10625,1.246
59417041,22,39.95416666666667,141.01874999999998,6.298
59417042,51,39.95416666666667,141.03125,5.237
59417043,120,39.95416666666667,141.04375,4.178
59417044,256,39.95416666666667,141.05625,3.125
59417045,310,39.95416666666667,141.06875,2.083
59417046,320,39.95416666666667,141.08124999999998,1.089
59417047,217,39.95416666666667,141.09375,0.551
59417048,192,39.95416666666667,141.10625,1.301
59417049,4,39.95416666666667,141.11875,2.313
59417051,11,39.962500000000006,141.01874999999998,6.443
59417052,29,39.962500000000006,141.03125,5.411
59417053,31,39.962500000000006,141.04375,4.395
59417054,268,39.962500000000006,141.05625,3.409
59417055,214,39.962500000000006,141.06875,2.489
59417056,131,39.962500000000006,141.08124999999998,1.744
59417057,63,39.962500000000006,141.09375,1.47
59417058,68,39.962500000000006,141.10625,1.884
59417059,89,39.962500000000006,141.11875,2.684
59417061,12,39.97083333333334,141.01874999999998,6.714
59417062,36,39.97083333333334,141.03125,5.731
59417063,146,39.97083333333334,141.04375,4.784
59417064,67,39.97083333333334,141.05625,3.898
59417065,73,39.97083333333334,141.06875,3.126
59417066,26,39.97083333333334,141.08124999999998,2.572
59417067,211,39.97083333333334,141.09375,2.395
59417068,144,39.97083333333334,141.10625,2.669
59417069,62,39.97083333333334,141.11875,3.283
59417070,6,39.97916666666667,141.00625,8.054
59417071,5,39.97916666666667,141.01874999999998,7.097
59417076,13,39.97916666666667,141.08124999999998,3.451
59417077,49,39.97916666666667,141.09375,3.32
59417078,327,39.97916666666667,141.10625,3.523
59417079,30,39.97916666666667,141.11875,4.009
59417086,50,39.98750000000001,141.08124999999998,4.349
59417087,3,39.98750000000001,141.09375,4.247
59417088,124,39.98750000000001,141.10625,4.407
59417089,18,39.98750000000001,141.11875,4.804
59417096,14,39.995833333333344,141.08124999999998,5.257
59417097,19,39.995833333333344,141.09375,5.173
59417098,98,39.995833333333344,141.10625,5.305
59417099,22,39.995833333333344,141.11875,5.639
59417100,119,39.92083333333334,141.13125,2.223
59417101,92,39.92083333333334,141.14374999999998,3.255
59417102,15,39.92083333333334,141.15625,4.304
59417103,8,39.92083333333334,141.16875,4.39
59417104,2,39.92083333333334,141.18125,4.341
59417105,116,39.92083333333334,141.19375,4.549
59417106,950,39.92083333333334,141.20624999999998,4.954
59417107,54,39.92083333333334,141.21875,4.911
59417110,87,39.929166666666674,141.13125,2.655
59417111,45,39.929166666666674,141.14374999999998,3.564
59417112,4,39.929166666666674,141.15625,3.847
59417113,1,39.929166666666674,141.16875,3.479
59417114,23,39.929166666666674,141.18125,3.418
59417115,190,39.929166666666674,141.19375,3.678
59417116,116,39.929166666666674,141.20624999999998,4.04
59417117,14,39.929166666666674,141.21875,3.987
59417120,35,39.93750000000001,141.13125,3.297
59417121,56,39.93750000000001,141.14374999999998,3.784
59417122,38,39.93750000000001,141.15625,3.059
59417123,5,39.93750000000001,141.16875,2.581
59417124,30,39.93750000000001,141.18125,2.497
59417125,114,39.93750000000001,141.19375,2.843
59417126,206,39.93750000000001,141.20624999999998,3.134
59417127,44,39.93750000000001,141.21875,3.064
59417128,1,39.93750000000001,141.23125,3.351
59417130,2,39.94583333333334,141.13125,3.338
59417131,57,39.94583333333334,141.14374999999998,3.255
59417132,89,39.94583333333334,141.15625,2.372
59417133,48,39.94583333333334,141.16875,1.712
59417134,14,39.94583333333334,141.18125,1.584
59417135,126,39.94583333333334,141.19375,2.087
59417136,10,39.94583333333334,141.20624999999998,2.243
59417137,67,39.94583333333334,141.21875,2.145
59417140,24,39.95416666666667,141.13125,3.359
59417141,27,39.95416666666667,141.14374999999998,2.929
59417142,99,39.95416666666667,141.15625,1.902
59417143,98,39.95416666666667,141.16875,0.96
59417144,34,39.95416666666667,141.18125,0.706
59417145,74,39.95416666666667,141.19375,1.531
59417146,115,39.95416666666667,141.20624999999998,1.401
59417147,268,39.95416666666667,141.21875,1.238
59417148,6,39.95416666666667,141.23125,1.836
59417149,20,39.95416666666667,141.24375,2.735
59417150,59,39.962500000000006,141.13125,3.624
59417151,61,39.962500000000006,141.14374999999998,2.879
59417152,98,39.962500000000006,141.15625,1.823
59417153,100,39.962500000000006,141.16875,0.793
59417154,155,39.962500000000006,141.18125,0.452
59417155,187,39.962500000000006,141.19375,1.432
59417156,272,39.962500000000006,141.20624999999998,0.782
59417157,908,39.962500000000006,141.21875,0.424
59417158,407,39.962500000000006,141.23125,1.372
59417159,2,39.962500000000006,141.24375,2.206
59417160,43,39.97083333333334,141.13125,4.087
59417161,4,39.97083333333334,141.14374999999998,3.116
59417162,149,39.97083333333334,141.15625,2.179
59417163,226,39.97083333333334,141.16875,1.433
59417164,97,39.97083333333334,141.18125,1.276
59417165,17,39.97083333333334,141.19375,1.864
59417166,213,39.97083333333334,141.20624999999998,0.958
59417167,1202,39.97083333333334,141.21875,0.51
59417168,483,39.97083333333334,141.23125,0.845
59417169,41,39.97083333333334,141.24375,1.604
59417170,12,39.97916666666667,141.13125,4.481
59417171,51,39.97916666666667,141.14374999999998,3.585
59417172,136,39.97916666666667,141.15625,2.808
59417173,53,39.97916666666667,141.16875,2.279
59417174,31,39.97916666666667,141.18125,2.184
59417175,24,39.97916666666667,141.19375,2.356
59417176,14,39.97916666666667,141.20624999999998,1.62
59417177,374,39.97916666666667,141.21875,0.741
59417178,574,39.97916666666667,141.23125,0.372
59417179,48,39.97916666666667,141.24375,1.413
59417180,78,39.98750000000001,141.13125,4.994
59417181,64,39.98750000000001,141.14374999999998,4.208
59417182,48,39.98750000000001,141.15625,3.57
59417183,41,39.98750000000001,141.16875,3.17
59417184,13,39.98750000000001,141.18125,3.103
59417186,25,39.98750000000001,141.20624999999998,2.091
59417187,44,39.98750000000001,141.21875,1.3
59417188,237,39.98750000000001,141.23125,1.131
59417191,31,39.995833333333344,141.14374999999998,4.928
59417192,47,39.995833333333344,141.15625,4.395
59417193,3,39.995833333333344,141.16875,4.078
59417196,41,39.995833333333344,141.20624999999998,2.689
59417198,115,39.995833333333344,141.23125,2.034
59417199,6,39.995833333333344,141.24375,2.448
59417201,1,39.92083333333334,141.26874999999998,6.716
59417204,5,39.92083333333334,141.30625,9.203
59417205,13,39.92083333333334,141.31875,10.047
59417206,21,39.92083333333334,141.33124999999998,10.894
59417212,22,39.929166666666674,141.28125,6.914
59417214,10,39.929166666666674,141.30625,8.635
59417215,12,39.929166666666674,141.31875,9.489
59417216,60,39.929166666666674,141.33124999999998,10.383
59417217,5,39.929166666666674,141.34375,11.306
59417221,4,39.93750000000001,141.26874999999998,5.511
59417222,2,39.93750000000001,141.28125,6.422
59417225,28,39.93750000000001,141.31875,8.993
59417226,46,39.93750000000001,141.33124999999998,9.931
59417227,7,39.93750000000001,141.34375,10.893
59417228,16,39.93750000000001,141.35625,11.872
59417231,12,39.94583333333334,141.26874999999998,5.013
59417234,17,39.94583333333334,141.30625,7.612
59417235,50,39.94583333333334,141.31875,8.569
59417236,44,39.94583333333334,141.33124999999998,9.548
59417237,13,39.94583333333334,141.34375,10.545
59417240,5,39.95416666666667,141.25625,3.606
59417244,6,39.95416666666667,141.30625,7.226
59417245,17,39.95416666666667,141.31875,8.227
59417247,27,39.95416666666667,141.34375,10.269
59417254,5,39.962500000000006,141.30625,6.942
59417255,10,39.962500000000006,141.31875,7.979
59417256,41,39.962500000000006,141.33124999999998,9.023
59417257,19,39.962500000000006,141.34375,10.071
59417258,7,39.962500000000006,141.35625,11.122
59417259,5,39.962500000000006,141.36875,10.828
59417266,12,39.97083333333334,141.33124999999998,8.894
59417269,7,39.97083333333334,141.36875,10.143
59417270,54,39.97916666666667,141.25625,2.474
59417271,10,39.97916666666667,141.26874999999998,3.538
59417273,5,39.97916666666667,141.29375,5.667
59417276,14,39.97916666666667,141.33124999999998,8.861
59417277,9,39.97916666666667,141.34375,9.926
59417278,19,39.97916666666667,141.35625,10.314
59417279,61,39.97916666666667,141.36875,9.498
59417282,7,39.98750000000001,141.28125,4.724
59417285,18,39.98750000000001,141.31875,7.869
59417286,12,39.98750000000001,141.33124999999998,8.925
59417287,6,39.98750000000001,141.34375,9.983
59417289,11,39.98750000000001,141.36875,8.904
59417290,4,39.995833333333344,141.25625,3.181
59417291,17,39.995833333333344,141.26874999999998,4.064
59417294,13,39.995833333333344,141.30625,7.022
59417295,21,39.995833333333344,141.31875,8.048
59417296,6,39.995833333333344,141.33124999999998,9.083
59417306,6,39.92083333333334,141.45624999999998,12.854
59417315,3,39.929166666666674,141.44375,11.94
59417325,2,39.93750000000001,141.44375,11.015
59417330,3,39.94583333333334,141.38125,11.715
59417336,2,39.94583333333334,141.45624999999998,10.076
59417341,7,39.95416666666667,141.39374999999998,10.384
59417342,6,39.95416666666667,141.40625,9.923
59417351,37,39.962500000000006,141.39374999999998,9.578
59417352,13,39.962500000000006,141.40625,9.076
59417361,4,39.97083333333334,141.39374999999998,8.796
59417362,5,39.97083333333334,141.40625,8.247
59417370,28,39.97916666666667,141.38125,8.737
59417372,98,39.97916666666667,141.40625,7.441
59417379,32,39.97916666666667,141.49375,7.306
59417380,28,39.98750000000001,141.38125,8.087
59417381,24,39.98750000000001,141.39374999999998,7.334
59417382,3,39.98750000000001,141.40625,6.666
59417383,3,39.98750000000001,141.41875,6.111
59417389,91,39.98750000000001,141.49375,6.515
59417390,11,39.995833333333344,141.38125,7.495
59417391,8,39.995833333333344,141.39374999999998,6.676
59417392,26,39.995833333333344,141.40625,5.934
59417398,54,39.995833333333344,141.48125,5.169
59417399,49,39.995833333333344,141.49375,5.764
59417405,4,39.92083333333334,141.56875,16.272
59417406,53,39.92083333333334,141.58124999999998,16.946
59417407,8,39.92083333333334,141.59375,17.659
59417412,10,39.929166666666674,141.53125,13.719
59417416,1,39.929166666666674,141.58124999999998,16.254
59417420,5,39.93750000000001,141.50625,11.941
59417421,7,39.93750000000001,141.51874999999998,12.395
59417422,37,39.93750000000001,141.53125,12.922
59417423,27,39.93750000000001,141.54375,13.512
59417424,16,39.93750000000001,141.55625,14.157
59417431,51,39.94583333333334,141.51874999999998,11.581
59417432,13,39.94583333333334,141.53125,12.143
59417434,20,39.94583333333334,141.55625,13.45
59417435,4,39.94583333333334,141.56875,14.178
59417440,18,39.95416666666667,141.50625,10.26
59417441,49,39.95416666666667,141.51874999999998,10.785
59417445,5,39.95416666666667,141.56875,13.536
59417450,70,39.962500000000006,141.50625,9.443
59417455,14,39.962500000000006,141.56875,12.927
59417460,154,39.97083333333334,141.50625,8.649
59417464,14,39.97083333333334,141.55625,11.516
59417465,14,39.97083333333334,141.56875,12.359
59417468,3,39.97083333333334,141.60625,15.057
59417469,9,39.97083333333334,141.61875,15.997
59417470,112,39.97916666666667,141.50625,7.884
59417474,7,39.97916666666667,141.55625,10.953
59417478,2,39.97916666666667,141.60625,14.63
59417480,3,39.98750000000001,141.50625,7.157
59417487,8,39.98750000000001,141.59375,13.273
59417497,1,39.995833333333344,141.59375,12.92
59417509,4,39.92083333333334,141.74375,9.042
59417519,12,39.929166666666674,141.74375,9.888
59417533,8,39.94583333333334,141.66875,15.009
59417542,1,39.95416666666667,141.65625,16.414
59417550,6,39.962500000000006,141.63125,17.371
59417560,7,39.97083333333334,141.63125,16.951
59417562,10,39.97083333333334,141.65625,17.801
59417563,18,39.97083333333334,141.66875,17.143
59417573,6,39.97916666666667,141.66875,17.893
59417574,5,39.97916666666667,141.68125,17.304
59417575,19,39.97916666666667,141.69375,16.763
59417576,1,39.97916666666667,141.70624999999998,16.273
59417577,3,39.97916666666667,141.71875,15.84
59417579,10,39.97916666666667,141.74375,14.173
59417584,6,39.98750000000001,141.68125,18.096
59417585,9,39.98750000000001,141.69375,17.546
59417586,20,39.98750000000001,141.70624999999998,16.977
59417587,46,39.98750000000001,141.71875,16.457
59417588,91,39.98750000000001,141.73125,15.536
59417589,18,39.98750000000001,141.74375,14.59
59417599,4,39.995833333333344,141.74375,14.72
59417600,4,39.92083333333334,141.75625,8.641
59417604,18,39.92083333333334,141.80625,7.524
59417605,7,39.92083333333334,141.81875,6.461
59417606,16,39.92083333333334,141.83124999999998,5.398
59417607,1,39.92083333333334,141.84375,4.337
59417610,8,39.929166666666674,141.75625,9.523
59417611,4,39.929166666666674,141.76874999999998,9.266
59417614,7,39.929166666666674,141.80625,7.523
59417615,60,39.929166666666674,141.81875,6.459
59417617,7,39.929166666666674,141.84375,4.335
59417618,15,39.929166666666674,141.85625,3.277
59417620,6,39.93750000000001,141.75625,10.412
59417625,21,39.93750000000001,141.81875,6.589
59417626,101,39.93750000000001,141.83124999999998,5.552
59417627,42,39.93750000000001,141.84375,4.527
59417636,29,39.94583333333334,141.83124999999998,5.851
59417637,24,39.94583333333334,141.84375,4.89
59417640,5,39.95416666666667,141.75625,12.207
59417644,49,39.95416666666667,141.80625,8.175
59417645,9,39.95416666666667,141.81875,7.209
59417646,1,39.95416666666667,141.83124999999998,6.275
59417647,9,39.95416666666667,141.84375,5.39
59417649,7,39.95416666666667,141.86875,3.901
59417650,17,39.962500000000006,141.75625,12.484
59417655,15,39.962500000000006,141.81875,7.669
59417657,31,39.962500000000006,141.84375,5.992
59417658,16,39.962500000000006,141.85625,5.277
59417666,27,39.97083333333334,141.83124999999998,7.402
59417675,3,39.97916666666667,141.81875,8.813
59417676,3,39.97916666666667,141.83124999999998,8.067
59417678,12,39.97916666666667,141.85625,6.834
59417682,20,39.98750000000001,141.78125,11.877
59417686,11,39.98750000000001,141.83124999999998,8.779
59417687,13,39.98750000000001,141.84375,8.171
59417688,27,39.98750000000001,141.85625,7.662
59417692,5,39.995833333333344,141.78125,12.44
59417695,7,39.995833333333344,141.81875,10.168
59417696,16,39.995833333333344,141.83124999999998,9.529
59417697,4,39.995833333333344,141.84375,8.971
59417701,97,39.92083333333334,141.89374999999998,0.474
59417702,233,39.92083333333334,141.90625,1.122
59417703,3,39.92083333333334,141.91875,2.137
59417710,5,39.929166666666674,141.88125,1.203
59417711,250,39.929166666666674,141.89374999999998,0.458
59417712,158,39.929166666666674,141.90625,1.115
59417713,58,39.929166666666674,141.91875,2.133
59417714,13,39.929166666666674,141.93125,3.183
59417720,2,39.93750000000001,141.88125,1.775
59417721,94,39.93750000000001,141.89374999999998,1.383
59417722,171,39.93750000000001,141.90625,1.717
59417723,13,39.93750000000001,141.91875,2.501
59417724,188,39.93750000000001,141.93125,3.44
59417725,38,39.93750000000001,141.94375,4.436
59417733,70,39.94583333333334,141.91875,3.11
59417734,14,39.94583333333334,141.93125,3.905
59417735,1,39.94583333333334,141.94375,4.806
59417736,5,39.94583333333334,141.95624999999998,5.764
59417745,36,39.95416666666667,141.94375,5.314
59417751,3,39.962500000000006,141.89374999999998,4.162
59417754,50,39.962500000000006,141.93125,5.219
59417755,24,39.962500000000006,141.94375,5.923
59417761,1,39.97083333333334,141.89374999999998,5.089
59417762,2,39.97083333333334,141.90625,5.189
59417763,9,39.97083333333334,141.91875,5.499
59417764,45,39.97083333333334,141.93125,5.984
59417771,2,39.97916666666667,141.89374999999998,6.015
59417774,9,39.97916666666667,141.93125,6.79
59417775,56,39.97916666666667,141.94375,7.345
59417776,13,39.97916666666667,141.95624999999998,8.004
59417781,6,39.98750000000001,141.89374999999998,6.942
59417784,15,39.98750000000001,141.93125,7.623
59417785,1,39.98750000000001,141.94375,8.121
59417790,154,39.995833333333344,141.88125,7.947
59417791,7,39.995833333333344,141.89374999999998,7.869
59417794,141,39.995833333333344,141.93125,8.475
59417795,2,39.995833333333344,141.94375,8.926
59421010,2,39.429166666666674,142.00625,5.611
59421011,21,39.429166666666674,142.01874999999998,6.488
59421020,22,39.43750000000001,142.00625,5.089
59421030,483,39.44583333333334,142.00625,4.692
59421040,97,39.45416666666667,142.00625,4.456
59421041,6,39.45416666666667,142.01874999999998,5.392
59421042,2,39.45416666666667,142.03125,6.297
59421043,5,39.45416666666667,142.04375,7.247
59422000,12,39.50416666666667,142.00625,4.11
59422021,54,39.520833333333336,142.01874999999998,6.13
59422022,44,39.520833333333336,142.03125,6.939
59422031,4,39.52916666666667,142.01874999999998,6.81
59422032,121,39.52916666666667,142.03125,7.545
59422042,15,39.5375,142.03125,8.212
59422043,24,39.5375,142.04375,8.961
59422081,46,39.57083333333334,142.01874999999998,7.404
59422091,302,39.57916666666667,142.01874999999998,6.724
59423001,152,39.587500000000006,142.01874999999998,6.11
59423010,9,39.59583333333334,142.00625,4.696
59423011,173,39.59583333333334,142.01874999999998,5.583
59423012,135,39.59583333333334,142.03125,6.526
59423021,36,39.60416666666667,142.01874999999998,5.17
59423031,19,39.612500000000004,142.01874999999998,4.899
59423050,7,39.62916666666667,142.00625,3.715
59423051,21,39.62916666666667,142.01874999999998,4.783
59423060,5,39.6375,142.00625,3.753
59423061,22,39.6375,142.01874999999998,4.812
59423071,33,39.645833333333336,142.01874999999998,5.016
59423081,3,39.654166666666676,142.01874999999998,5.374
60400707,133,40.00416666666667,140.96875,12.171
60400708,125,40.00416666666667,140.98125,11.261
60400718,9,40.0125,140.98125,11.789
60400727,33,40.020833333333336,140.96875,13.196
60400728,27,40.020833333333336,140.98125,12.363
60400737,53,40.02916666666667,140.96875,13.774
60400738,78,40.02916666666667,140.98125,12.978
60400747,5,40.0375,140.96875,14.388
60400748,30,40.0375,140.98125,13.628
60400749,59,40.0375,140.99375,12.911
60400759,47,40.045833333333334,140.99375,13.628
60401700,25,40.087500000000006,140.88125,13.106
60401710,34,40.09583333333334,140.88125,12.387
60401720,17,40.10416666666667,140.88125,11.698
60401721,5,40.10416666666667,140.89374999999998,12.453
60401730,39,40.112500000000004,140.88125,11.043
60401731,30,40.112500000000004,140.89374999999998,11.84
60401740,32,40.12083333333334,140.88125,10.43
60401742,18,40.12083333333334,140.90625,12.145
60401753,12,40.12916666666667,140.91875,12.601
60401756,3,40.12916666666667,140.95624999999998,15.509
60401757,24,40.12916666666667,140.96875,16.501
60401764,6,40.1375,140.93125,13.192
60401765,254,40.1375,140.94375,14.187
60401766,212,40.1375,140.95624999999998,15.191
60401767,54,40.1375,140.96875,16.203
60401774,48,40.145833333333336,140.93125,12.884
60401775,2,40.145833333333336,140.94375,13.901
60401776,210,40.145833333333336,140.95624999999998,14.925
60401777,20,40.145833333333336,140.96875,15.953
60401778,7,40.145833333333336,140.98125,15.445
60401784,30,40.154166666666676,140.93125,12.637
60401785,13,40.154166666666676,140.94375,13.672
60401786,11,40.154166666666676,140.95624999999998,14.712
60401788,10,40.154166666666676,140.98125,15.211
60401793,16,40.16250000000001,140.91875,11.407
60401794,10,40.16250000000001,140.93125,12.453
60401795,19,40.16250000000001,140.94375,13.475
60401796,26,40.16250000000001,140.95624999999998,14.486
60402703,4,40.170833333333334,140.91875,11.168
60402706,30,40.170833333333334,140.95624999999998,14.239
60402707,24,40.170833333333334,140.96875,15.273
60410006,4,40.00416666666667,141.08124999999998,6.171
60410007,5,40.00416666666667,141.09375,6.099
60410008,6,40.00416666666667,141.10625,6.212
60410009,25,40.00416666666667,141.11875,6.5
60410018,11,40.0125,141.10625,7.124
60410019,45,40.0125,141.11875,7.376
60410028,22,40.020833333333336,141.10625,8.039
60410029,15,40.020833333333336,141.11875,8.263
60410038,2,40.02916666666667,141.10625,8.957
60410048,11,40.0375,141.10625,9.876
60410050,41,40.045833333333334,141.00625,12.999
60410060,125,40.05416666666667,141.00625,13.773
60410061,61,40.05416666666667,141.01874999999998,13.237
60410071,15,40.0625,141.01874999999998,14.06
60410081,55,40.07083333333334,141.01874999999998,14.895
60410091,98,40.07916666666667,141.01874999999998,15.74
60410093,10,40.07916666666667,141.04375,15.02
60410101,43,40.00416666666667,141.14374999999998,5.707
60410102,21,40.00416666666667,141.15625,5.255
60410103,11,40.00416666666667,141.16875,4.992
60410106,5,40.00416666666667,141.20624999999998,3.436
60410107,9,40.00416666666667,141.21875,3.021
60410108,48,40.00416666666667,141.23125,2.952
60410109,206,40.00416666666667,141.24375,3.251
60410111,6,40.0125,141.14374999999998,6.526
60410112,3,40.0125,141.15625,6.134
60410113,30,40.0125,141.16875,5.91
60410114,6,40.0125,141.18125,5.501
60410117,10,40.0125,141.21875,3.926
60410118,89,40.0125,141.23125,3.874
60410119,29,40.0125,141.24375,4.106
60410121,2,40.020833333333336,141.14374999999998,7.369
60410122,4,40.020833333333336,141.15625,7.025
60410124,9,40.020833333333336,141.18125,6.186
60410126,4,40.020833333333336,141.20624999999998,5.109
60410127,16,40.020833333333336,141.21875,4.84
60410128,20,40.020833333333336,141.23125,4.797
60410129,16,40.020833333333336,141.24375,4.987
60410134,7,40.02916666666667,141.18125,6.927
60410135,28,40.02916666666667,141.19375,6.386
60410136,15,40.02916666666667,141.20624999999998,5.986
60410137,24,40.02916666666667,141.21875,5.758
60410139,58,40.02916666666667,141.24375,5.882
60410144,6,40.0375,141.18125,7.709
60410148,15,40.0375,141.23125,6.647
60410149,30,40.0375,141.24375,6.786
60410156,4,40.045833333333334,141.20624999999998,7.774
60410157,15,40.045833333333334,141.21875,7.6
60410158,15,40.045833333333334,141.23125,7.573
60410159,5,40.045833333333334,141.24375,7.694
60410166,7,40.05416666666667,141.20624999999998,8.679
60410167,11,40.05416666666667,141.21875,8.523
60410168,16,40.05416666666667,141.23125,8.499
60410169,67,40.05416666666667,141.24375,8.607
60410175,5,40.0625,141.19375,9.842
60410176,26,40.0625,141.20624999999998,9.587
60410177,312,40.0625,141.21875,9.446
60410178,657,40.0625,141.23125,9.425
60410179,27,40.0625,141.24375,9.523
60410185,6,40.07083333333334,141.19375,10.732
60410186,21,40.07083333333334,141.20624999999998,10.499
60410187,72,40.07083333333334,141.21875,10.371
60410188,132,40.07083333333334,141.23125,10.351
60410189,239,40.07083333333334,141.24375,10.44
60410195,2,40.07916666666667,141.19375,11.627
60410196,16,40.07916666666667,141.20624999999998,11.413
60410197,45,40.07916666666667,141.21875,11.295
60410198,6,40.07916666666667,141.23125,11.277
60410199,21,40.07916666666667,141.24375,11.359
60410200,27,40.00416666666667,141.25625,3.833
60410201,13,40.00416666666667,141.26874999999998,4.592
60410211,18,40.0125,141.26874999999998,5.232
60410212,16,40.0125,141.28125,6.003
60410214,7,40.0125,141.30625,7.756
60410215,3,40.0125,141.31875,8.696
60410221,11,40.020833333333336,141.26874999999998,5.949
60410222,20,40.020833333333336,141.28125,6.637
60410223,4,40.020833333333336,141.29375,7.414
60410224,5,40.020833333333336,141.30625,8.256
60410231,7,40.02916666666667,141.26874999999998,6.717
60410232,15,40.02916666666667,141.28125,7.333
60410233,15,40.02916666666667,141.29375,8.043
60410237,3,40.02916666666667,141.34375,9.214
60410240,39,40.0375,141.25625,7.083
60410242,26,40.0375,141.28125,8.075
60410243,29,40.0375,141.29375,8.726
60410244,36,40.0375,141.30625,9.451
60410245,42,40.0375,141.31875,10.236
60410246,2,40.0375,141.33124999999998,10.244
60410250,40,40.045833333333334,141.25625,7.958
60410251,47,40.045833333333334,141.26874999999998,8.35
60410252,8,40.045833333333334,141.28125,8.853
60410253,25,40.045833333333334,141.29375,9.45
60410255,5,40.045833333333334,141.31875,10.86
60410260,36,40.05416666666667,141.25625,8.843
60410261,50,40.05416666666667,141.26874999999998,9.197
60410262,61,40.05416666666667,141.28125,9.657
60410263,77,40.05416666666667,141.29375,10.206
60410266,1,40.05416666666667,141.33124999999998,10.431
60410270,117,40.0625,141.25625,9.737
60410271,34,40.0625,141.26874999999998,10.059
60410272,29,40.0625,141.28125,10.481
60410273,6,40.0625,141.29375,10.989
60410274,1,40.0625,141.30625,11.574
60410275,5,40.0625,141.31875,11.672
60410278,5,40.0625,141.35625,8.617
60410279,3,40.0625,141.36875,7.624
60410280,5,40.07083333333334,141.25625,10.636
60410281,15,40.07083333333334,141.26874999999998,10.932
60410284,1,40.07083333333334,141.30625,12.339
60410288,1,40.07083333333334,141.35625,8.972
60410290,36,40.07916666666667,141.25625,11.539
60410291,37,40.07916666666667,141.26874999999998,11.812
60410294,1,40.07916666666667,141.30625,13.126
60410296,2,40.07916666666667,141.33124999999998,11.291
60410298,9,40.07916666666667,141.35625,9.405
60410302,23,40.00416666666667,141.40625,5.265
60410308,189,40.00416666666667,141.48125,4.384
60410309,4,40.00416666666667,141.49375,5.073
60410312,12,40.0125,141.40625,4.684
60410316,30,40.0125,141.45624999999998,2.685
60410317,92,40.0125,141.46875,3.031
60410318,21,40.0125,141.48125,3.666
60410319,5,40.0125,141.49375,4.467
60410324,6,40.020833333333336,141.43125,2.445
60410326,224,40.020833333333336,141.45624999999998,1.774
60410327,58,40.020833333333336,141.46875,2.264
60410329,3,40.020833333333336,141.49375,3.986
60410332,10,40.02916666666667,141.40625,3.941
60410334,33,40.02916666666667,141.43125,1.906
60410335,21,40.02916666666667,141.44375,1.042
60410336,134,40.02916666666667,141.45624999999998,0.895
60410337,35,40.02916666666667,141.46875,1.668
60410341,16,40.0375,141.39374999999998,4.924
60410342,13,40.0375,141.40625,3.86
60410344,108,40.0375,141.43125,1.734
60410345,566,40.0375,141.44375,0.677
60410346,668,40.0375,141.45624999999998,0.418
60410352,28,40.045833333333334,141.40625,3.998
60410353,193,40.045833333333334,141.41875,2.985
60410354,371,40.045833333333334,141.43125,2.024
60410355,20,40.045833333333334,141.44375,1.244
60410356,73,40.045833333333334,141.45624999999998,1.125
60410357,32,40.045833333333334,141.46875,1.802
60410362,38,40.05416666666667,141.40625,4.335
60410363,13,40.05416666666667,141.41875,3.423
60410367,3,40.05416666666667,141.46875,2.46
60410368,10,40.05416666666667,141.48125,3.209
60410369,15,40.05416666666667,141.49375,4.1
60410371,2,40.0625,141.39374999999998,5.715
60410372,48,40.0625,141.40625,4.829
60410375,24,40.0625,141.44375,2.98
60410376,3,40.0625,141.45624999999998,2.932
60410377,12,40.0625,141.46875,3.252
60410378,32,40.0625,141.48125,3.85
60410379,70,40.0625,141.49375,4.619
60410381,8,40.07083333333334,141.39374999999998,6.237
60410382,42,40.07083333333334,141.40625,5.437
60410383,4,40.07083333333334,141.41875,4.741
60410385,4,40.07083333333334,141.44375,3.889
60410386,19,40.07083333333334,141.45624999999998,3.852
60410387,9,40.07083333333334,141.46875,4.101
60410392,22,40.07916666666667,141.40625,6.125
60410393,161,40.07916666666667,141.41875,5.517
60410395,6,40.07916666666667,141.44375,4.804
60410396,29,40.07916666666667,141.45624999999998,4.775
60410460,9,40.05416666666667,141.50625,5.058
60410489,7,40.07083333333334,141.61875,14.736
60410490,4,40.07916666666667,141.50625,6.656
60410499,67,40.07916666666667,141.61875,15.003
60410544,2,40.0375,141.68125,14.091
60410548,5,40.0375,141.73125,11.158
60410551,6,40.045833333333334,141.64374999999998,16.186
60410554,12,40.045833333333334,141.68125,13.517
60410555,33,40.045833333333334,141.69375,12.681
60410556,5,40.045833333333334,141.70624999999998,11.881
60410563,1,40.05416666666667,141.66875,13.882
60410564,6,40.05416666666667,141.68125,12.983
60410571,1,40.0625,141.64374999999998,15.343
60410574,9,40.0625,141.68125,12.495
60410576,2,40.0625,141.70624999999998,10.705
60410577,4,40.0625,141.71875,9.86
60410584,4,40.07083333333334,141.68125,12.059
60410587,7,40.07083333333334,141.71875,9.301
60410593,4,40.07916666666667,141.66875,12.672
60410594,8,40.07916666666667,141.68125,11.68
60410596,7,40.07916666666667,141.70624999999998,9.742
60410597,4,40.07916666666667,141.71875,8.805
60410600,10,40.00416666666667,141.75625,13.477
60410601,1,40.00416666666667,141.76874999999998,13.164
60410606,19,40.00416666666667,141.83124999999998,10.307
60410607,13,40.00416666666667,141.84375,9.794
60410608,11,40.00416666666667,141.85625,9.374
60410610,20,40.0125,141.75625,12.606
60410612,13,40.0125,141.78125,12.021
60410618,130,40.0125,141.85625,10.248
60410619,17,40.0125,141.86875,9.963
60410623,5,40.020833333333336,141.79375,10.94
60410627,3,40.020833333333336,141.84375,11.273
60410628,2,40.020833333333336,141.85625,11.131
60410639,72,40.02916666666667,141.86875,11.183
60410647,39,40.0375,141.84375,9.499
60410649,133,40.0375,141.86875,10.368
60410658,97,40.045833333333334,141.85625,9.049
60410659,207,40.045833333333334,141.86875,9.573
60410664,24,40.05416666666667,141.80625,7.164
60410665,46,40.05416666666667,141.81875,7.214
60410666,2,40.05416666666667,141.83124999999998,7.417
60410667,77,40.05416666666667,141.84375,7.762
60410668,104,40.05416666666667,141.85625,8.231
60410671,2,40.0625,141.76874999999998,7.094
60410677,11,40.0625,141.84375,6.917
60410681,8,40.07083333333334,141.76874999999998,6.296
60410682,18,40.07083333333334,141.78125,5.794
60410686,11,40.07083333333334,141.83124999999998,5.648
60410691,13,40.07916666666667,141.76874999999998,5.537
60410692,2,40.07916666666667,141.78125,4.958
60410694,17,40.07916666666667,141.80625,4.386
60410695,57,40.07916666666667,141.81875,4.466
60410696,225,40.07916666666667,141.83124999999998,4.788
60410700,415,40.00416666666667,141.88125,8.865
60410701,66,40.00416666666667,141.89374999999998,8.795
60410702,116,40.00416666666667,141.90625,8.854
60410704,67,40.00416666666667,141.93125,9.342
60410710,223,40.0125,141.88125,9.785
60410711,36,40.0125,141.89374999999998,9.722
60410712,149,40.0125,141.90625,9.775
60410720,41,40.020833333333336,141.88125,10.706
60410730,12,40.02916666666667,141.88125,11.628
60410740,91,40.0375,141.88125,10.933
60411003,32,40.087500000000006,141.04375,14.41
60411013,376,40.09583333333334,141.04375,13.727
60411014,38,40.09583333333334,141.05625,13.013
60411023,324,40.10416666666667,141.04375,13.075
60411024,120,40.10416666666667,141.05625,12.323
60411025,1,40.10416666666667,141.06875,11.62
60411026,24,40.10416666666667,141.08124999999998,10.974
60411031,20,40.112500000000004,141.01874999999998,14.147
60411032,54,40.112500000000004,141.03125,13.287
60411033,85,40.112500000000004,141.04375,12.457
60411034,184,40.112500000000004,141.05625,11.666
60411035,157,40.112500000000004,141.06875,10.92
60411036,4,40.112500000000004,141.08124999999998,10.231
60411043,46,40.12083333333334,141.04375,11.88
60411044,60,40.12083333333334,141.05625,11.047
60411045,3,40.12083333333334,141.06875,10.257
60411046,97,40.12083333333334,141.08124999999998,9.52
60411047,103,40.12083333333334,141.09375,8.849
60411052,13,40.12916666666667,141.03125,12.254
60411053,14,40.12916666666667,141.04375,11.349
60411056,31,40.12916666666667,141.08124999999998,8.849
60411057,92,40.12916666666667,141.09375,8.123
60411058,21,40.12916666666667,141.10625,7.478
60411061,24,40.1375,141.01874999999998,12.772
60411062,5,40.1375,141.03125,11.812
60411068,28,40.1375,141.10625,6.732
60411076,45,40.145833333333336,141.08124999999998,7.669
60411078,60,40.145833333333336,141.10625,6.036
60411079,21,40.145833333333336,141.11875,5.351
60411086,33,40.154166666666676,141.08124999999998,7.186
60411089,206,40.154166666666676,141.11875,4.633
60411099,245,40.16250000000001,141.11875,4.001
60411106,11,40.087500000000006,141.20624999999998,11.639
60411107,22,40.087500000000006,141.21875,12.072
60411108,32,40.087500000000006,141.23125,12.203
60411109,8,40.087500000000006,141.24375,12.279
60411116,2,40.09583333333334,141.20624999999998,10.783
60411117,4,40.09583333333334,141.21875,11.249
60411118,5,40.09583333333334,141.23125,11.792
60411126,9,40.10416666666667,141.20624999999998,9.94
60411128,9,40.10416666666667,141.23125,11.026
60411129,17,40.10416666666667,141.24375,11.677
60411149,8,40.12083333333334,141.24375,10.322
60411158,18,40.12916666666667,141.23125,8.913
60411159,7,40.12916666666667,141.24375,9.706
60411167,6,40.1375,141.21875,7.505
60411168,3,40.1375,141.23125,8.297
60411170,5,40.145833333333336,141.13125,4.805
60411171,1,40.145833333333336,141.14374999999998,4.449
60411173,2,40.145833333333336,141.16875,4.471
60411177,4,40.145833333333336,141.21875,6.888
60411178,3,40.145833333333336,141.23125,7.743
60411180,2,40.154166666666676,141.13125,3.99
60411181,17,40.154166666666676,141.14374999999998,3.554
60411182,7,40.154166666666676,141.15625,3.405
60411188,5,40.154166666666676,141.23125,7.265
60411189,18,40.154166666666676,141.24375,7.666
60411190,15,40.16250000000001,141.13125,3.235
60411191,13,40.16250000000001,141.14374999999998,2.679
60411199,4,40.16250000000001,141.24375,7.005
60411200,69,40.087500000000006,141.25625,12.446
60411201,8,40.087500000000006,141.26874999999998,12.699
60411202,12,40.087500000000006,141.28125,13.036
60411203,10,40.087500000000006,141.29375,13.139
60411204,6,40.087500000000006,141.30625,13.11
60411206,2,40.087500000000006,141.33124999999998,11.711
60411211,1,40.09583333333334,141.26874999999998,12.548
60411212,28,40.09583333333334,141.28125,12.337
60411213,15,40.09583333333334,141.29375,12.214
60411214,12,40.09583333333334,141.30625,12.184
60411220,3,40.10416666666667,141.25625,11.969
60411221,31,40.10416666666667,141.26874999999998,11.651
60411222,22,40.10416666666667,141.28125,11.423
60411223,5,40.10416666666667,141.29375,11.29
60411224,5,40.10416666666667,141.30625,11.257
60411225,6,40.10416666666667,141.31875,11.324
60411226,1,40.10416666666667,141.33124999999998,11.489
60411230,36,40.112500000000004,141.25625,11.102
60411233,4,40.112500000000004,141.29375,10.367
60411235,76,40.112500000000004,141.31875,10.403
60411240,21,40.12083333333334,141.25625,10.245
60411245,36,40.12083333333334,141.31875,9.484
60411249,19,40.12083333333334,141.36875,10.888
60411251,15,40.12916666666667,141.26874999999998,8.993
60411252,45,40.12916666666667,141.28125,8.696
60411255,5,40.12916666666667,141.31875,8.566
60411259,35,40.12916666666667,141.36875,10.099
60411262,3,40.1375,141.28125,7.796
60411268,40,40.1375,141.35625,8.752
60411269,4,40.1375,141.36875,9.334
60411270,11,40.145833333333336,141.25625,7.773
60411274,97,40.145833333333336,141.30625,6.625
60411275,15,40.145833333333336,141.31875,6.738
60411280,15,40.154166666666676,141.25625,7.0
60411283,7,40.154166666666676,141.29375,5.764
60411284,70,40.154166666666676,141.30625,5.699
60411289,20,40.154166666666676,141.36875,7.91
60411290,12,40.16250000000001,141.25625,6.269
60411291,12,40.16250000000001,141.26874999999998,5.638
60411292,4,40.16250000000001,141.28125,5.15
60411294,153,40.16250000000001,141.30625,4.773
60411296,202,40.16250000000001,141.33124999999998,5.296
60411297,54,40.16250000000001,141.34375,5.837
60411299,34,40.16250000000001,141.36875,7.271
60411301,10,40.087500000000006,141.39374999999998,7.518
60411302,36,40.087500000000006,141.40625,6.869
60411303,8,40.087500000000006,141.41875,6.334
60411304,40,40.087500000000006,141.43125,5.942
60411305,52,40.087500000000006,141.44375,5.724
60411310,3,40.09583333333334,141.38125,8.917
60411311,48,40.09583333333334,141.39374999999998,8.241
60411312,2,40.09583333333334,141.40625,7.654
60411313,15,40.09583333333334,141.41875,7.177
60411314,27,40.09583333333334,141.43125,6.834
60411316,16,40.09583333333334,141.45624999999998,6.623
60411319,4,40.09583333333334,141.49375,7.523
60411321,56,40.10416666666667,141.39374999999998,9.001
60411324,11,40.10416666666667,141.43125,7.734
60411325,16,40.10416666666667,141.44375,7.567
60411329,10,40.10416666666667,141.49375,8.349
60411330,36,40.112500000000004,141.38125,10.366
60411333,2,40.112500000000004,141.41875,8.913
60411334,2,40.112500000000004,141.43125,8.639
60411335,72,40.112500000000004,141.44375,8.491
60411336,4,40.112500000000004,141.45624999999998,8.474
60411337,24,40.112500000000004,141.46875,8.59
60411338,5,40.112500000000004,141.48125,8.833
60411340,13,40.12083333333334,141.38125,11.135
60411343,12,40.12083333333334,141.41875,9.797
60411344,15,40.12083333333334,141.43125,9.549
60411345,18,40.12083333333334,141.44375,9.415
60411346,19,40.12083333333334,141.45624999999998,9.4
60411347,13,40.12083333333334,141.46875,9.504
60411349,1,40.12083333333334,141.49375,10.054
60411353,27,40.12916666666667,141.41875,10.4
60411354,81,40.12916666666667,141.43125,10.462
60411363,24,40.1375,141.41875,9.473
60411364,70,40.1375,141.43125,9.542
60411371,4,40.145833333333336,141.39374999999998,8.788
60411373,149,40.145833333333336,141.41875,8.547
60411374,8,40.145833333333336,141.43125,8.622
60411381,1,40.154166666666676,141.39374999999998,7.889
60411382,4,40.154166666666676,141.40625,7.683
60411383,29,40.154166666666676,141.41875,7.62
60411384,126,40.154166666666676,141.43125,7.705
60411388,6,40.154166666666676,141.48125,9.332
60411389,27,40.154166666666676,141.49375,9.983
60411391,5,40.16250000000001,141.39374999999998,6.999
60411393,24,40.16250000000001,141.41875,6.694
60411394,229,40.16250000000001,141.43125,6.79
60411399,15,40.16250000000001,141.49375,9.295
60411400,5,40.087500000000006,141.50625,7.347
60411401,2,40.087500000000006,141.51874999999998,8.063
60411406,4,40.087500000000006,141.58124999999998,12.415
60411407,11,40.087500000000006,141.59375,13.369
60411409,50,40.087500000000006,141.61875,15.322
60411410,3,40.09583333333334,141.50625,8.085
60411414,7,40.09583333333334,141.55625,11.094
60411417,147,40.09583333333334,141.59375,13.788
60411418,1,40.09583333333334,141.60625,14.73
60411419,11,40.09583333333334,141.61875,15.636
60411420,21,40.10416666666667,141.50625,8.859
60411427,70,40.10416666666667,141.59375,14.255
60411430,70,40.112500000000004,141.50625,9.659
60411437,65,40.112500000000004,141.59375,14.765
60411438,25,40.112500000000004,141.60625,15.319
60411441,6,40.12083333333334,141.51874999999998,10.994
60411447,31,40.12083333333334,141.59375,15.315
60411448,24,40.12083333333334,141.60625,14.814
60411450,4,40.12916666666667,141.50625,11.318
60411451,7,40.12916666666667,141.51874999999998,11.795
60411456,6,40.12916666666667,141.58124999999998,15.106
60411457,41,40.12916666666667,141.59375,15.296
60411460,21,40.1375,141.50625,12.09
60411461,6,40.1375,141.51874999999998,12.614
60411464,4,40.1375,141.55625,14.344
60411465,58,40.1375,141.56875,15.027
60411466,13,40.1375,141.58124999999998,15.753
60411470,10,40.145833333333336,141.50625,11.379
60411471,10,40.145833333333336,141.51874999999998,12.106
60411472,4,40.145833333333336,141.53125,12.88
60411473,8,40.145833333333336,141.54375,13.692
60411474,11,40.145833333333336,141.55625,14.537
60411475,375,40.145833333333336,141.56875,15.409
60411476,24,40.145833333333336,141.58124999999998,15.568
60411477,19,40.145833333333336,141.59375,14.565
60411479,4,40.145833333333336,141.61875,12.587
60411480,32,40.154166666666676,141.50625,10.7
60411481,49,40.154166666666676,141.51874999999998,11.47
60411485,91,40.154166666666676,141.56875,14.914
60411486,43,40.154166666666676,141.58124999999998,15.297
60411487,17,40.154166666666676,141.59375,14.275
60411490,3,40.16250000000001,141.50625,10.061
60411491,5,40.16250000000001,141.51874999999998,10.876
60411492,5,40.16250000000001,141.53125,11.731
60411494,4,40.16250000000001,141.55625,13.53
60411495,8,40.16250000000001,141.56875,14.462
60411496,14,40.16250000000001,141.58124999999998,15.079
60411497,35,40.16250000000001,141.59375,14.042
60411500,15,40.087500000000006,141.63125,15.47
60411501,21,40.087500000000006,141.64374999999998,14.436
60411503,8,40.087500000000006,141.66875,12.382
60411504,5,40.087500000000006,141.68125,11.365
60411505,4,40.087500000000006,141.69375,10.357
60411506,54,40.087500000000006,141.70624999999998,9.361
60411510,11,40.09583333333334,141.63125,14.867
60411513,7,40.09583333333334,141.66875,12.155
60411515,7,40.09583333333334,141.69375,10.085
60411524,6,40.10416666666667,141.68125,10.943
60411526,4,40.10416666666667,141.70624999999998,8.846
60411533,4,40.112500000000004,141.66875,11.341
60411536,10,40.112500000000004,141.70624999999998,8.725
60411538,1,40.112500000000004,141.73125,6.607
60411539,9,40.112500000000004,141.74375,5.551
60411543,1,40.12083333333334,141.66875,10.65
60411545,1,40.12083333333334,141.69375,9.317
60411546,22,40.12083333333334,141.70624999999998,8.702
60411548,3,40.12083333333334,141.73125,6.577
60411549,4,40.12083333333334,141.74375,5.515
60411550,5,40.12916666666667,141.63125,12.522
60411556,41,40.12916666666667,141.70624999999998,7.963
60411558,2,40.12916666666667,141.73125,6.677
60411560,8,40.1375,141.63125,12.043
60411562,12,40.1375,141.65625,10.241
60411563,12,40.1375,141.66875,9.391
60411565,5,40.1375,141.69375,7.847
60411566,32,40.1375,141.70624999999998,7.188
60411568,2,40.1375,141.73125,6.212
60411572,26,40.145833333333336,141.65625,9.739
60411575,30,40.145833333333336,141.69375,7.18
60411578,11,40.145833333333336,141.73125,5.344
60411579,12,40.145833333333336,141.74375,4.915
60411581,2,40.154166666666676,141.64374999999998,10.269
60411582,4,40.154166666666676,141.65625,9.302
60411583,12,40.154166666666676,141.66875,8.357
60411588,391,40.154166666666676,141.73125,4.499
60411589,89,40.154166666666676,141.74375,4.093
60411591,5,40.16250000000001,141.64374999999998,9.942
60411592,1,40.16250000000001,141.65625,8.939
60411594,6,40.16250000000001,141.68125,6.986
60411598,160,40.16250000000001,141.73125,3.694
60411599,670,40.16250000000001,141.74375,3.24
60411600,7,40.087500000000006,141.75625,5.632
60411601,44,40.087500000000006,141.76874999999998,4.836
60411602,2,40.087500000000006,141.78125,4.162
60411603,2,40.087500000000006,141.79375,3.677
60411604,5,40.087500000000006,141.80625,3.46
60411605,115,40.087500000000006,141.81875,3.562
60411606,49,40.087500000000006,141.83124999999998,3.958
60411610,16,40.09583333333334,141.75625,5.116
60411611,5,40.09583333333334,141.76874999999998,4.224
60411615,104,40.09583333333334,141.81875,2.673
60411621,1,40.10416666666667,141.76874999999998,3.744
60411623,196,40.10416666666667,141.79375,2.037
60411624,390,40.10416666666667,141.80625,1.613
60411625,483,40.10416666666667,141.81875,1.821
60411630,15,40.112500000000004,141.75625,4.498
60411634,537,40.112500000000004,141.80625,0.703
60411635,862,40.112500000000004,141.81875,1.099
60411640,1,40.12083333333334,141.75625,4.454
60411641,19,40.12083333333334,141.76874999999998,3.393
60411642,6,40.12083333333334,141.78125,2.335
60411643,61,40.12083333333334,141.79375,1.283
60411644,110,40.12083333333334,141.80625,0.319
60411645,442,40.12083333333334,141.81875,0.903
60411646,106,40.12083333333334,141.83124999999998,1.947
60411650,40,40.12916666666667,141.75625,4.6
60411651,30,40.12916666666667,141.76874999999998,3.583
60411652,479,40.12916666666667,141.78125,2.603
60411653,215,40.12916666666667,141.79375,1.724
60411654,154,40.12916666666667,141.80625,1.194
60411655,14,40.12916666666667,141.81875,1.463
60411656,28,40.12916666666667,141.83124999999998,2.262
60411657,86,40.12916666666667,141.84375,3.217
60411661,13,40.1375,141.76874999999998,3.985
60411662,18,40.1375,141.78125,3.133
60411663,33,40.1375,141.79375,2.452
60411664,43,40.1375,141.80625,2.114
60411666,57,40.1375,141.83124999999998,2.856
60411667,549,40.1375,141.84375,3.659
60411671,5,40.145833333333336,141.76874999999998,4.459
60411677,49,40.145833333333336,141.84375,4.26
60411678,70,40.145833333333336,141.85625,5.063
60411681,21,40.154166666666676,141.76874999999998,3.533
60411686,24,40.154166666666676,141.83124999999998,4.404
60411687,230,40.154166666666676,141.84375,4.962
60411688,1,40.154166666666676,141.85625,5.667
60411690,388,40.16250000000001,141.75625,2.793
60411691,4,40.16250000000001,141.76874999999998,2.606
60411697,90,40.16250000000001,141.84375,5.729
60411698,181,40.16250000000001,141.85625,6.349
60412008,60,40.170833333333334,141.10625,4.48
60412009,12,40.170833333333334,141.11875,3.504
60412018,72,40.17916666666667,141.10625,4.249
60412019,91,40.17916666666667,141.11875,3.203
60412027,1,40.1875,141.09375,5.273
60412028,18,40.1875,141.10625,4.214
60412029,75,40.1875,141.11875,3.155
60412036,1,40.19583333333333,141.08124999999998,6.444
60412037,7,40.19583333333333,141.09375,5.406
60412038,27,40.19583333333333,141.10625,4.378
60412039,70,40.19583333333333,141.11875,3.372
60412048,13,40.204166666666666,141.10625,4.723
60412049,40,40.204166666666666,141.11875,3.809
60412058,37,40.2125,141.10625,5.211
60412068,21,40.22083333333333,141.10625,5.807
60412069,5,40.22083333333333,141.11875,5.092
60412078,9,40.229166666666664,141.10625,6.481
60412079,28,40.229166666666664,141.11875,5.849
60412088,5,40.237500000000004,141.10625,7.212
60412089,34,40.237500000000004,141.11875,6.649
60412098,35,40.24583333333334,141.10625,7.983
60412100,132,40.170833333333334,141.13125,2.594
60412101,16,40.170833333333334,141.14374999999998,1.855
60412105,19,40.170833333333334,141.19375,3.584
60412106,8,40.170833333333334,141.20624999999998,4.564
60412107,21,40.170833333333334,141.21875,5.575
60412108,36,40.170833333333334,141.23125,6.601
60412110,4,40.17916666666667,141.13125,2.171
60412111,124,40.17916666666667,141.14374999999998,1.194
60412112,400,40.17916666666667,141.15625,0.627
60412116,32,40.17916666666667,141.20624999999998,4.338
60412117,52,40.17916666666667,141.21875,5.391
60412118,129,40.17916666666667,141.23125,6.446
60412119,29,40.17916666666667,141.24375,5.9
60412121,11,40.1875,141.14374999999998,1.061
60412122,432,40.1875,141.15625,0.305
60412123,224,40.1875,141.16875,1.147
60412129,53,40.1875,141.24375,5.501
60412130,8,40.19583333333333,141.13125,2.415
60412131,38,40.19583333333333,141.14374999999998,1.595
60412132,41,40.19583333333333,141.15625,1.229
60412133,94,40.19583333333333,141.16875,1.653
60412134,25,40.19583333333333,141.18125,2.492
60412139,11,40.19583333333333,141.24375,5.238
60412140,41,40.204166666666666,141.13125,2.994
60412141,9,40.204166666666666,141.14374999999998,2.383
60412143,96,40.204166666666666,141.16875,2.422
60412144,194,40.204166666666666,141.18125,3.057
60412145,55,40.204166666666666,141.19375,3.883
60412154,11,40.2125,141.18125,3.768
60412155,97,40.2125,141.19375,4.464
60412156,7,40.2125,141.20624999999998,5.283
60412158,28,40.2125,141.23125,5.467
60412160,7,40.22083333333333,141.13125,4.515
60412161,47,40.22083333333333,141.14374999999998,4.135
60412162,4,40.22083333333333,141.15625,4.008
60412163,3,40.22083333333333,141.16875,4.158
60412166,62,40.22083333333333,141.20624999999998,5.872
60412167,91,40.22083333333333,141.21875,6.356
60412168,19,40.22083333333333,141.23125,5.299
60412172,110,40.229166666666664,141.15625,4.935
60412173,11,40.229166666666664,141.16875,5.057
60412176,48,40.229166666666664,141.20624999999998,6.539
60412177,121,40.229166666666664,141.21875,6.348
60412178,1,40.229166666666664,141.23125,5.29
60412180,7,40.237500000000004,141.13125,6.219
60412182,15,40.237500000000004,141.15625,5.862
60412183,1,40.237500000000004,141.16875,5.965
60412184,2,40.237500000000004,141.18125,6.249
60412186,56,40.237500000000004,141.20624999999998,7.264
60412187,217,40.237500000000004,141.21875,6.34
60412188,222,40.237500000000004,141.23125,5.378
60412189,290,40.237500000000004,141.24375,4.42
60412193,12,40.24583333333334,141.16875,6.878
60412194,19,40.24583333333334,141.18125,7.126
60412195,2,40.24583333333334,141.19375,7.517
60412196,6,40.24583333333334,141.20624999999998,7.073
60412200,40,40.170833333333334,141.25625,5.596
60412201,38,40.170833333333334,141.26874999999998,4.879
60412202,22,40.170833333333334,141.28125,4.307
60412204,421,40.170833333333334,141.30625,3.847
60412205,87,40.170833333333334,141.31875,4.038
60412206,66,40.170833333333334,141.33124999999998,4.48
60412209,4,40.170833333333334,141.36875,6.7
60412210,69,40.17916666666667,141.25625,5.005
60412211,5,40.17916666666667,141.26874999999998,4.188
60412212,70,40.17916666666667,141.28125,3.505
60412213,28,40.17916666666667,141.29375,3.047
60412214,281,40.17916666666667,141.30625,2.922
60412215,22,40.17916666666667,141.31875,3.169
60412220,15,40.1875,141.25625,4.528
60412221,38,40.1875,141.26874999999998,3.604
60412223,44,40.1875,141.29375,2.176
60412224,54,40.1875,141.30625,1.998
60412225,5,40.1875,141.31875,2.345
60412226,65,40.1875,141.33124999999998,3.043
60412230,69,40.19583333333333,141.25625,4.204
60412231,135,40.19583333333333,141.26874999999998,3.188
60412233,16,40.19583333333333,141.29375,1.381
60412234,169,40.19583333333333,141.30625,1.078
60412235,31,40.19583333333333,141.31875,1.634
60412236,2,40.19583333333333,141.33124999999998,2.536
60412238,8,40.19583333333333,141.35625,4.552
60412241,33,40.204166666666666,141.26874999999998,3.008
60412242,3,40.204166666666666,141.28125,1.949
60412243,638,40.204166666666666,141.29375,0.893
60412244,506,40.204166666666666,141.30625,0.225
60412245,3,40.204166666666666,141.31875,1.248
60412247,8,40.204166666666666,141.34375,3.367
60412251,11,40.2125,141.26874999999998,2.539
60412252,8,40.2125,141.28125,1.77
60412253,1097,40.2125,141.29375,0.979
60412254,711,40.2125,141.30625,0.255
60412255,12,40.2125,141.31875,1.193
60412257,52,40.2125,141.34375,3.302
60412258,61,40.2125,141.35625,4.361
60412262,117,40.22083333333333,141.28125,1.15
60412263,849,40.22083333333333,141.29375,0.515
60412264,250,40.22083333333333,141.30625,1.162
60412265,1,40.22083333333333,141.31875,1.646
60412266,63,40.22083333333333,141.33124999999998,2.514
60412267,7,40.22083333333333,141.34375,3.491
60412268,61,40.22083333333333,141.35625,4.506
60412271,79,40.229166666666664,141.26874999999998,2.13
60412272,23,40.229166666666664,141.28125,1.108
60412273,475,40.229166666666664,141.29375,0.414
60412274,54,40.229166666666664,141.30625,1.169
60412275,70,40.229166666666664,141.31875,2.194
60412280,12,40.237500000000004,141.25625,3.424
60412281,79,40.237500000000004,141.26874999999998,2.482
60412282,226,40.237500000000004,141.28125,1.689
60412287,68,40.237500000000004,141.34375,4.462
60412288,6,40.237500000000004,141.35625,5.294
60412289,25,40.237500000000004,141.36875,4.479
60412291,107,40.24583333333334,141.26874999999998,2.215
60412292,29,40.24583333333334,141.28125,1.623
60412296,26,40.24583333333334,141.33124999999998,3.728
60412297,9,40.24583333333334,141.34375,4.65
60412298,17,40.24583333333334,141.35625,5.62
60412299,16,40.24583333333334,141.36875,4.896
60412303,65,40.170833333333334,141.41875,5.767
60412304,121,40.170833333333334,141.43125,5.878
60412305,1,40.170833333333334,141.44375,6.173
60412306,8,40.170833333333334,141.45624999999998,6.626
60412309,17,40.170833333333334,141.49375,8.651
60412313,69,40.17916666666667,141.41875,4.841
60412314,37,40.17916666666667,141.43125,4.973
60412322,64,40.1875,141.40625,4.035
60412323,70,40.1875,141.41875,3.914
60412324,228,40.1875,141.43125,4.076
60412325,20,40.1875,141.44375,4.49
60412332,13,40.19583333333333,141.40625,3.144
60412333,230,40.19583333333333,141.41875,2.988
60412334,104,40.19583333333333,141.43125,3.197
60412335,9,40.19583333333333,141.44375,3.711
60412343,772,40.204166666666666,141.41875,2.062
60412344,178,40.204166666666666,141.43125,2.355
60412346,3,40.204166666666666,141.45624999999998,3.859
60412347,3,40.204166666666666,141.46875,4.79
60412352,68,40.2125,141.40625,1.5
60412353,704,40.2125,141.41875,1.136
60412354,1,40.2125,141.43125,1.608
60412356,25,40.2125,141.45624999999998,3.454
60412362,27,40.22083333333333,141.40625,1.004
60412363,108,40.22083333333333,141.41875,0.221
60412364,93,40.22083333333333,141.43125,1.159
60412365,2,40.22083333333333,141.44375,2.211
60412366,7,40.22083333333333,141.45624999999998,3.269
60412372,17,40.229166666666664,141.40625,1.218
60412373,273,40.229166666666664,141.41875,0.724
60412374,10,40.229166666666664,141.43125,1.348
60412375,25,40.229166666666664,141.44375,2.316
60412376,26,40.229166666666664,141.45624999999998,3.341
60412377,2,40.229166666666664,141.46875,4.383
60412380,3,40.237500000000004,141.38125,3.514
60412382,26,40.237500000000004,141.40625,1.917
60412383,39,40.237500000000004,141.41875,1.648
60412384,25,40.237500000000004,141.43125,2.003
60412385,31,40.237500000000004,141.44375,2.749
60412386,33,40.237500000000004,141.45624999999998,3.654
60412392,107,40.24583333333334,141.40625,2.754
60412393,55,40.24583333333334,141.41875,2.574
60412394,3,40.24583333333334,141.43125,2.814
60412395,42,40.24583333333334,141.44375,3.386
60412396,29,40.24583333333334,141.45624999999998,4.155
60412397,26,40.24583333333334,141.46875,5.031
60412399,12,40.24583333333334,141.49375,6.94
60412400,3,40.170833333333334,141.50625,9.469
60412401,12,40.170833333333334,141.51874999999998,10.331
60412402,8,40.170833333333334,141.53125,11.228
60412410,5,40.17916666666667,141.50625,8.935
60412412,11,40.17916666666667,141.53125,10.781
60412413,39,40.17916666666667,141.54375,11.739
60412414,29,40.17916666666667,141.55625,12.714
60412415,1,40.17916666666667,141.56875,13.701
60412424,6,40.1875,141.55625,12.39
60412425,16,40.1875,141.56875,13.401
60412432,2,40.19583333333333,141.53125,10.085
60412433,21,40.19583333333333,141.54375,11.103
60412437,6,40.19583333333333,141.59375,13.54
60412438,8,40.19583333333333,141.60625,12.512
60412446,5,40.204166666666666,141.58124999999998,14.029
60412447,93,40.204166666666666,141.59375,13.347
60412448,4,40.204166666666666,141.60625,12.303
60412453,30,40.2125,141.54375,10.752
60412454,23,40.2125,141.55625,11.808
60412455,6,40.2125,141.56875,12.865
60412456,4,40.2125,141.58124999999998,13.923
60412457,21,40.2125,141.59375,13.216
60412458,16,40.2125,141.60625,12.161
60412465,5,40.22083333333333,141.56875,12.816
60412466,4,40.22083333333333,141.58124999999998,13.877
60412471,6,40.229166666666664,141.51874999999998,8.599
60412472,4,40.229166666666664,141.53125,9.657
60412480,34,40.237500000000004,141.50625,7.685
60412481,2,40.237500000000004,141.51874999999998,8.725
60412482,11,40.237500000000004,141.53125,9.769
60412488,7,40.237500000000004,141.60625,12.156
60412490,3,40.24583333333334,141.50625,7.935
60412492,63,40.24583333333334,141.53125,9.763
60412494,3,40.24583333333334,141.55625,10.978
60412496,1,40.24583333333334,141.58124999999998,12.438
60412498,4,40.24583333333334,141.60625,12.295
60412506,1,40.170833333333334,141.70624999999998,4.672
60412508,94,40.170833333333334,141.73125,2.961
60412509,737,40.170833333333334,141.74375,2.37
60412516,119,40.17916666666667,141.70624999999998,4.32
60412517,710,40.17916666666667,141.71875,3.317
60412518,192,40.17916666666667,141.73125,2.367
60412526,262,40.1875,141.70624999999998,4.149
60412527,296,40.1875,141.71875,3.092
60412528,397,40.1875,141.73125,2.038
60412529,246,40.1875,141.74375,1.003
60412535,16,40.19583333333333,141.69375,5.234
60412536,10,40.19583333333333,141.70624999999998,4.182
60412537,69,40.19583333333333,141.71875,3.135
60412538,502,40.19583333333333,141.73125,2.104
60412539,1156,40.19583333333333,141.74375,1.13
60412546,76,40.204166666666666,141.70624999999998,4.278
60412547,17,40.204166666666666,141.71875,3.436
60412554,1,40.2125,141.68125,5.881
60412555,8,40.2125,141.69375,4.857
60412556,29,40.2125,141.70624999999998,3.853
60412563,8,40.22083333333333,141.66875,6.79
60412565,7,40.22083333333333,141.69375,4.675
60412566,1,40.22083333333333,141.70624999999998,3.62
60412569,16,40.22083333333333,141.74375,0.624
60412570,3,40.229166666666664,141.63125,9.967
60412574,5,40.229166666666664,141.68125,5.729
60412575,7,40.229166666666664,141.69375,4.672
60412576,12,40.229166666666664,141.70624999999998,3.617
60412577,41,40.229166666666664,141.71875,2.568
60412578,25,40.229166666666664,141.73125,1.535
60412579,69,40.229166666666664,141.74375,0.596
60412581,23,40.237500000000004,141.64374999999998,9.001
60412583,16,40.237500000000004,141.66875,6.911
60412584,54,40.237500000000004,141.68125,5.875
60412585,39,40.237500000000004,141.69375,4.85
60412586,25,40.237500000000004,141.70624999999998,3.845
60412591,26,40.24583333333334,141.64374999999998,9.188
60412592,41,40.24583333333334,141.65625,8.165
60412593,5,40.24583333333334,141.66875,7.154
60412594,28,40.24583333333334,141.68125,6.159
60412595,91,40.24583333333334,141.69375,5.19
60412596,99,40.24583333333334,141.70624999999998,4.264
60412597,39,40.24583333333334,141.71875,3.412
60412598,57,40.24583333333334,141.73125,2.713
60412600,1025,40.170833333333334,141.75625,1.957
60412601,76,40.170833333333334,141.76874999999998,1.68
60412602,151,40.170833333333334,141.78125,1.87
60412605,20,40.170833333333334,141.81875,3.488
60412606,9,40.170833333333334,141.83124999999998,4.424
60412607,40,40.170833333333334,141.84375,5.406
60412608,30,40.170833333333334,141.85625,6.414
60412610,475,40.17916666666667,141.75625,1.248
60412611,1222,40.17916666666667,141.76874999999998,0.754
60412612,266,40.17916666666667,141.78125,0.957
60412613,15,40.17916666666667,141.79375,1.245
60412614,277,40.17916666666667,141.80625,2.107
60412615,128,40.17916666666667,141.81875,3.096
60412616,136,40.17916666666667,141.83124999999998,4.121
60412620,883,40.1875,141.75625,0.335
60412621,1679,40.1875,141.76874999999998,0.183
60412622,1165,40.1875,141.78125,0.232
60412623,443,40.1875,141.79375,0.83
60412630,2796,40.19583333333333,141.75625,0.427
60412631,2519,40.19583333333333,141.76874999999998,0.514
60412632,1346,40.19583333333333,141.78125,0.554
60412633,146,40.19583333333333,141.79375,0.904
60412640,339,40.204166666666666,141.75625,1.336
60412641,483,40.204166666666666,141.76874999999998,0.848
60412642,576,40.204166666666666,141.78125,0.762
60412643,819,40.204166666666666,141.79375,1.597
60412650,3,40.2125,141.75625,1.546
60412651,15,40.2125,141.76874999999998,1.642
60412652,263,40.2125,141.78125,1.599
60412653,335,40.2125,141.79375,2.162
60412660,256,40.22083333333333,141.75625,0.809
60412661,83,40.22083333333333,141.76874999999998,1.771
60412662,270,40.22083333333333,141.78125,2.5
60412663,207,40.22083333333333,141.79375,2.893
60412664,85,40.22083333333333,141.80625,3.569
60412665,4,40.22083333333333,141.81875,4.353
60412666,54,40.22083333333333,141.83124999999998,5.121
60412672,224,40.229166666666664,141.78125,2.787
60412675,31,40.229166666666664,141.81875,4.977
60412676,21,40.229166666666664,141.83124999999998,5.754
60412681,7,40.237500000000004,141.76874999999998,2.161
60412684,51,40.237500000000004,141.80625,5.027
60412685,25,40.237500000000004,141.81875,5.647
60412690,7,40.24583333333334,141.75625,2.355
60412691,7,40.24583333333334,141.76874999999998,2.831
60412693,53,40.24583333333334,141.79375,4.44
60412694,59,40.24583333333334,141.80625,5.379
60412695,4,40.24583333333334,141.81875,6.357
60413008,2,40.25416666666667,141.10625,8.784
60413009,21,40.25416666666667,141.11875,8.329
60413019,12,40.2625,141.11875,9.194
60413049,1,40.2875,141.11875,11.845
60413100,3,40.25416666666667,141.13125,7.99
60413103,2,40.25416666666667,141.16875,7.794
60413104,15,40.25416666666667,141.18125,8.013
60413105,29,40.25416666666667,141.19375,7.989
60413110,11,40.2625,141.13125,8.888
60413111,8,40.2625,141.14374999999998,8.701
60413112,32,40.2625,141.15625,8.641
60413113,24,40.2625,141.16875,8.712
60413114,24,40.2625,141.18125,8.909
60413115,14,40.2625,141.19375,7.972
60413116,12,40.2625,141.20624999999998,6.912
60413118,4,40.2625,141.23125,4.794
60413120,5,40.270833333333336,141.13125,9.791
60413121,7,40.270833333333336,141.14374999999998,9.622
60413122,22,40.270833333333336,141.15625,9.568
60413123,49,40.270833333333336,141.16875,9.632
60413124,2,40.270833333333336,141.18125,9.112
60413125,10,40.270833333333336,141.19375,8.062
60413126,176,40.270833333333336,141.20624999999998,7.016
60413127,13,40.270833333333336,141.21875,5.976
60413130,1,40.27916666666667,141.13125,10.698
60413131,39,40.27916666666667,141.14374999999998,10.544
60413132,11,40.27916666666667,141.15625,10.495
60413133,23,40.27916666666667,141.16875,10.318
60413134,1,40.27916666666667,141.18125,9.284
60413137,92,40.27916666666667,141.21875,6.235
60413138,61,40.27916666666667,141.23125,5.255
60413142,51,40.2875,141.15625,11.421
60413143,6,40.2875,141.16875,10.551
60413145,13,40.2875,141.19375,8.547
60413146,2,40.2875,141.20624999999998,7.569
60413148,22,40.2875,141.23125,5.642
60413149,59,40.2875,141.24375,4.701
60413152,2,40.295833333333334,141.15625,11.232
60413153,32,40.295833333333334,141.16875,10.553
60413154,36,40.295833333333334,141.18125,9.883
60413155,20,40.295833333333334,141.19375,8.925
60413156,1,40.295833333333334,141.20624999999998,7.911
60413157,9,40.295833333333334,141.21875,6.851
60413162,8,40.30416666666667,141.15625,10.561
60413163,14,40.30416666666667,141.16875,9.836
60413166,17,40.30416666666667,141.20624999999998,7.985
60413167,31,40.30416666666667,141.21875,6.937
60413168,3,40.30416666666667,141.23125,5.893
60413169,7,40.30416666666667,141.24375,4.856
60413178,55,40.3125,141.23125,6.134
60413179,22,40.3125,141.24375,5.146
60413187,18,40.32083333333334,141.21875,5.995
60413188,19,40.32083333333334,141.23125,5.69
60413189,44,40.32083333333334,141.24375,5.573
60413201,108,40.25416666666667,141.26874999999998,1.711
60413202,1015,40.25416666666667,141.28125,0.81
60413203,346,40.25416666666667,141.29375,0.797
60413204,165,40.25416666666667,141.30625,1.502
60413205,7,40.25416666666667,141.31875,2.339
60413206,170,40.25416666666667,141.33124999999998,3.308
60413211,125,40.2625,141.26874999999998,1.634
60413212,750,40.2625,141.28125,0.63
60413213,1751,40.2625,141.29375,0.219
60413214,906,40.2625,141.30625,1.008
60413215,176,40.2625,141.31875,2.044
60413216,44,40.2625,141.33124999999998,3.037
60413220,22,40.270833333333336,141.25625,2.941
60413223,793,40.270833333333336,141.29375,0.278
60413224,1130,40.270833333333336,141.30625,0.789
60413225,611,40.270833333333336,141.31875,1.849
60413229,7,40.270833333333336,141.36875,6.02
60413233,1189,40.27916666666667,141.29375,0.479
60413234,663,40.27916666666667,141.30625,0.64
60413235,88,40.27916666666667,141.31875,1.685
60413237,1,40.27916666666667,141.34375,3.801
60413238,12,40.27916666666667,141.35625,4.809
60413240,129,40.2875,141.25625,3.702
60413241,11,40.2875,141.26874999999998,2.673
60413242,13,40.2875,141.28125,1.682
60413243,1449,40.2875,141.29375,0.872
60413244,170,40.2875,141.30625,0.875
60413245,24,40.2875,141.31875,1.542
60413246,36,40.2875,141.33124999999998,2.498
60413247,13,40.2875,141.34375,3.514
60413248,4,40.2875,141.35625,4.55
60413250,3,40.295833333333334,141.25625,3.673
60413251,59,40.295833333333334,141.26874999999998,2.615
60413252,189,40.295833333333334,141.28125,1.559
60413253,988,40.295833333333334,141.29375,0.519
60413254,911,40.295833333333334,141.30625,0.245
60413255,5,40.295833333333334,141.31875,1.293
60413257,31,40.295833333333334,141.34375,3.412
60413260,1,40.30416666666667,141.25625,3.831
60413261,2,40.30416666666667,141.26874999999998,2.832
60413263,154,40.30416666666667,141.29375,1.207
60413264,967,40.30416666666667,141.30625,1.036
60413265,336,40.30416666666667,141.31875,1.264
60413266,3,40.30416666666667,141.33124999999998,2.071
60413267,17,40.30416666666667,141.34375,3.037
60413268,3,40.30416666666667,141.35625,4.05
60413271,26,40.3125,141.26874999999998,3.306
60413274,1004,40.3125,141.30625,0.337
60413275,305,40.3125,141.31875,0.745
60413276,5,40.3125,141.33124999999998,1.801
60413277,21,40.3125,141.34375,2.86
60413281,29,40.32083333333334,141.26874999999998,3.597
60413282,6,40.32083333333334,141.28125,2.577
60413283,30,40.32083333333334,141.29375,1.61
60413284,1011,40.32083333333334,141.30625,0.887
60413285,439,40.32083333333334,141.31875,1.109
60413286,29,40.32083333333334,141.33124999999998,1.979
60413289,31,40.32083333333334,141.36875,5.046
60413290,68,40.32916666666667,141.25625,4.744
60413291,23,40.32916666666667,141.26874999999998,3.915
60413292,42,40.32916666666667,141.28125,3.006
60413293,11,40.32916666666667,141.29375,2.232
60413294,165,40.32916666666667,141.30625,1.783
60413299,6,40.32916666666667,141.36875,5.277
60413302,254,40.25416666666667,141.40625,3.635
60413303,96,40.25416666666667,141.41875,3.501
60413304,16,40.25416666666667,141.43125,3.681
60413305,58,40.25416666666667,141.44375,4.134
60413306,62,40.25416666666667,141.45624999999998,4.784
60413307,20,40.25416666666667,141.46875,5.562
60413309,4,40.25416666666667,141.49375,7.334
60413312,75,40.2625,141.40625,4.534
60413315,22,40.2625,141.44375,4.943
60413317,72,40.2625,141.46875,6.187
60413318,12,40.2625,141.48125,6.633
60413319,2,40.2625,141.49375,6.817
60413322,77,40.270833333333336,141.40625,5.442
60413324,6,40.270833333333336,141.43125,5.473
60413325,7,40.270833333333336,141.44375,5.788
60413328,224,40.270833333333336,141.48125,5.711
60413329,74,40.270833333333336,141.49375,5.924
60413332,30,40.27916666666667,141.40625,6.356
60413334,2,40.27916666666667,141.43125,5.959
60413335,10,40.27916666666667,141.44375,5.385
60413338,9,40.27916666666667,141.48125,4.791
60413339,2,40.27916666666667,141.49375,5.043
60413340,1,40.2875,141.38125,6.646
60413341,65,40.2875,141.39374999999998,7.49
60413342,77,40.2875,141.40625,6.88
60413344,3,40.2875,141.43125,5.251
60413345,15,40.2875,141.44375,4.589
60413348,11,40.2875,141.48125,3.875
60413349,7,40.2875,141.49375,4.183
60413350,64,40.295833333333334,141.38125,6.346
60413351,9,40.295833333333334,141.39374999999998,7.362
60413352,69,40.295833333333334,141.40625,6.411
60413353,4,40.295833333333334,141.41875,5.486
60413356,27,40.295833333333334,141.45624999999998,3.252
60413358,4,40.295833333333334,141.48125,2.965
60413359,5,40.295833333333334,141.49375,3.357
60413360,14,40.30416666666667,141.38125,6.125
60413361,268,40.30416666666667,141.39374999999998,7.06
60413362,4,40.30416666666667,141.40625,6.049
60413363,35,40.30416666666667,141.41875,5.059
60413368,5,40.30416666666667,141.48125,2.07
60413370,120,40.3125,141.38125,6.038
60413371,69,40.3125,141.39374999999998,6.859
60413372,13,40.3125,141.40625,5.814
60413373,2,40.3125,141.41875,4.775
60413374,14,40.3125,141.43125,3.748
60413375,53,40.3125,141.44375,2.745
60413376,221,40.3125,141.45624999999998,1.81
60413377,97,40.3125,141.46875,1.124
60413378,378,40.3125,141.48125,1.223
60413379,27,40.3125,141.49375,1.993
60413380,128,40.32083333333334,141.38125,6.094
60413381,7,40.32083333333334,141.39374999999998,6.78
60413382,45,40.32083333333334,141.40625,5.72
60413385,6,40.32083333333334,141.44375,2.542
60413386,219,40.32083333333334,141.45624999999998,1.485
60413387,1139,40.32083333333334,141.46875,0.436
60413388,226,40.32083333333334,141.48125,0.65
60413389,91,40.32083333333334,141.49375,1.703
60413390,368,40.32916666666667,141.38125,6.286
60413391,16,40.32916666666667,141.39374999999998,6.827
60413392,10,40.32916666666667,141.40625,5.776
60413393,4,40.32916666666667,141.41875,4.729
60413394,34,40.32916666666667,141.43125,3.69
60413395,30,40.32916666666667,141.44375,2.666
60413396,575,40.32916666666667,141.45624999999998,1.688
60413397,468,40.32916666666667,141.46875,0.914
60413401,5,40.25416666666667,141.51874999999998,8.442
60413402,54,40.25416666666667,141.53125,8.972
60413403,11,40.25416666666667,141.54375,9.59
60413404,24,40.25416666666667,141.55625,10.281
60413406,3,40.25416666666667,141.58124999999998,11.827
60413410,7,40.2625,141.50625,7.155
60413412,38,40.2625,141.53125,8.21
60413413,4,40.2625,141.54375,8.881
60413414,12,40.2625,141.55625,9.623
60413415,18,40.2625,141.56875,10.419
60413416,3,40.2625,141.58124999999998,11.26
60413418,9,40.2625,141.60625,12.772
60413421,44,40.270833333333336,141.51874999999998,6.841
60413422,18,40.270833333333336,141.53125,7.485
60413423,4,40.270833333333336,141.54375,8.215
60413425,43,40.270833333333336,141.56875,9.858
60413428,52,40.270833333333336,141.60625,12.592
60413429,41,40.270833333333336,141.61875,12.132
60413431,10,40.27916666666667,141.51874999999998,6.094
60413432,20,40.27916666666667,141.53125,6.809
60413433,3,40.27916666666667,141.54375,7.605
60413434,39,40.27916666666667,141.55625,8.458
60413435,92,40.27916666666667,141.56875,9.355
60413439,174,40.27916666666667,141.61875,12.548
60413442,1,40.2875,141.53125,6.198
60413443,7,40.2875,141.54375,7.063
60413449,279,40.2875,141.61875,12.879
60413451,75,40.295833333333334,141.51874999999998,4.793
60413452,247,40.295833333333334,141.53125,5.673
60413458,5,40.295833333333334,141.60625,11.606
60413459,26,40.295833333333334,141.61875,12.635
60413461,144,40.30416666666667,141.51874999999998,4.297
60413462,45,40.30416666666667,141.53125,5.261
60413466,1,40.30416666666667,141.58124999999998,9.328
60413467,11,40.30416666666667,141.59375,10.367
60413468,39,40.30416666666667,141.60625,11.409
60413469,28,40.30416666666667,141.61875,12.454
60413470,15,40.3125,141.50625,2.949
60413471,164,40.3125,141.51874999999998,3.958
60413472,22,40.3125,141.53125,4.989
60413473,14,40.3125,141.54375,6.029
60413475,15,40.3125,141.56875,8.125
60413476,6,40.3125,141.58124999999998,9.177
60413477,4,40.3125,141.59375,10.231
60413479,103,40.3125,141.61875,12.341
60413480,9,40.32083333333334,141.50625,2.761
60413482,11,40.32083333333334,141.53125,4.88
60413483,17,40.32083333333334,141.54375,5.939
60413484,2,40.32083333333334,141.55625,6.999
60413485,51,40.32083333333334,141.56875,8.058
60413486,21,40.32083333333334,141.58124999999998,9.118
60413488,137,40.32083333333334,141.60625,11.237
60413489,85,40.32083333333334,141.61875,12.297
60413493,55,40.32916666666667,141.54375,5.993
60413495,6,40.32916666666667,141.56875,8.098
60413496,11,40.32916666666667,141.58124999999998,9.153
60413497,47,40.32916666666667,141.59375,10.208
60413498,101,40.32916666666667,141.60625,11.265
60413501,1,40.25416666666667,141.64374999999998,9.463
60413502,4,40.25416666666667,141.65625,8.473
60413503,15,40.25416666666667,141.66875,7.503
60413504,9,40.25416666666667,141.68125,6.562
60413505,118,40.25416666666667,141.69375,5.659
60413506,34,40.25416666666667,141.70624999999998,4.821
60413507,13,40.25416666666667,141.71875,4.087
60413508,49,40.25416666666667,141.73125,3.524
60413512,2,40.2625,141.65625,8.868
60413513,3,40.2625,141.66875,7.945
60413514,12,40.2625,141.68125,7.06
60413515,39,40.2625,141.69375,6.229
60413516,220,40.2625,141.70624999999998,5.479
60413520,14,40.270833333333336,141.63125,11.177
60413521,35,40.270833333333336,141.64374999999998,10.244
60413523,33,40.270833333333336,141.66875,8.463
60413524,20,40.270833333333336,141.68125,7.638
60413526,134,40.270833333333336,141.70624999999998,6.206
60413530,524,40.27916666666667,141.63125,11.627
60413531,34,40.27916666666667,141.64374999999998,10.731
60413532,27,40.27916666666667,141.65625,9.867
60413533,5,40.27916666666667,141.66875,9.046
60413534,26,40.27916666666667,141.68125,8.279
60413535,27,40.27916666666667,141.69375,7.583
60413536,14,40.27916666666667,141.70624999999998,6.98
60413540,655,40.2875,141.63125,12.129
60413542,1,40.2875,141.65625,10.454
60413544,17,40.2875,141.68125,8.97
60413545,8,40.2875,141.69375,8.333
60413546,2,40.2875,141.70624999999998,7.788
60413547,19,40.2875,141.71875,7.357
60413550,45,40.295833333333334,141.63125,12.678
60413552,8,40.295833333333334,141.65625,11.087
60413554,57,40.295833333333334,141.68125,9.701
60413555,51,40.295833333333334,141.69375,9.115
60413556,15,40.295833333333334,141.70624999999998,8.62
60413560,175,40.30416666666667,141.63125,13.27
60413561,22,40.30416666666667,141.64374999999998,12.492
60413562,44,40.30416666666667,141.65625,11.759
60413563,212,40.30416666666667,141.66875,11.079
60413564,41,40.30416666666667,141.68125,10.463
60413570,112,40.3125,141.63125,12.969
60413571,27,40.3125,141.64374999999998,12.452
60413572,7,40.3125,141.65625,12.006
60413573,4,40.3125,141.66875,11.64
60413580,5,40.32083333333334,141.63125,12.186
60413581,12,40.32083333333334,141.64374999999998,11.634
60413582,4,40.32083333333334,141.65625,11.156
60413583,12,40.32083333333334,141.66875,10.761
60413590,8,40.32916666666667,141.63125,11.425
60413591,9,40.32916666666667,141.64374999999998,10.835
60413592,3,40.32916666666667,141.65625,10.32
60413593,7,40.32916666666667,141.66875,9.891
60413594,15,40.32916666666667,141.68125,9.562
60413597,2,40.32916666666667,141.71875,9.255
60413600,40,40.25416666666667,141.75625,3.257
60413601,43,40.25416666666667,141.76874999999998,3.616
60413602,46,40.25416666666667,141.78125,4.219
60413603,141,40.25416666666667,141.79375,4.977
60413604,4,40.25416666666667,141.80625,5.831
60413605,82,40.25416666666667,141.81875,6.743
60413610,42,40.2625,141.75625,4.169
60413611,56,40.2625,141.76874999999998,4.456
60413613,83,40.2625,141.79375,5.617
60413614,236,40.2625,141.80625,6.385
60413615,21,40.2625,141.81875,7.228
60413622,89,40.270833333333336,141.78125,5.751
60413623,328,40.270833333333336,141.79375,6.328
60413624,84,40.270833333333336,141.80625,7.019
60413632,22,40.27916666666667,141.78125,6.579
60413633,140,40.27916666666667,141.79375,7.089
60413634,16,40.27916666666667,141.80625,7.712
60413641,27,40.2875,141.76874999999998,7.106
60413642,59,40.2875,141.78125,7.43
60413643,162,40.2875,141.79375,7.886
60413644,4,40.2875,141.80625,8.45
60413651,47,40.295833333333334,141.76874999999998,8.009
60413652,244,40.295833333333334,141.78125,8.298
60413653,7,40.295833333333334,141.79375,8.708
60413660,7,40.30416666666667,141.75625,8.777
60413661,438,40.30416666666667,141.76874999999998,8.917
60413662,551,40.30416666666667,141.78125,9.177
60413663,4,40.30416666666667,141.79375,9.549
60413670,15,40.3125,141.75625,9.701
60413671,270,40.3125,141.76874999999998,9.828
60413672,151,40.3125,141.78125,10.065
60413680,60,40.32083333333334,141.75625,10.626
60413681,272,40.32083333333334,141.76874999999998,10.742
60413682,13,40.32083333333334,141.78125,10.959
60413690,25,40.32916666666667,141.75625,9.924
60413691,151,40.32916666666667,141.76874999999998,10.357
60414200,19,40.337500000000006,141.25625,3.842
60414201,39,40.337500000000006,141.26874999999998,4.234
60414202,58,40.337500000000006,141.28125,3.625
60414203,60,40.337500000000006,141.29375,3.015
60414204,53,40.337500000000006,141.30625,2.699
60414210,2,40.34583333333334,141.25625,2.954
60414211,138,40.34583333333334,141.26874999999998,3.357
60414212,15,40.34583333333334,141.28125,3.851
60414223,44,40.35416666666667,141.29375,3.956
60414224,24,40.35416666666667,141.30625,4.545
60414225,3,40.35416666666667,141.31875,4.593
60414300,50,40.337500000000006,141.38125,6.605
60414301,19,40.337500000000006,141.39374999999998,6.997
60414302,77,40.337500000000006,141.40625,5.977
60414303,127,40.337500000000006,141.41875,4.972
60414305,43,40.337500000000006,141.44375,3.077
60414306,53,40.337500000000006,141.45624999999998,2.283
60414307,12,40.337500000000006,141.46875,1.788
60414310,8,40.34583333333334,141.38125,7.032
60414311,12,40.34583333333334,141.39374999999998,7.282
60414312,16,40.34583333333334,141.40625,6.308
60414313,89,40.34583333333334,141.41875,5.367
60414314,85,40.34583333333334,141.43125,4.478
60414315,14,40.34583333333334,141.44375,3.681
60414316,44,40.34583333333334,141.45624999999998,3.048
60414317,6,40.34583333333334,141.46875,2.697
60414321,82,40.35416666666667,141.39374999999998,6.885
60414322,69,40.35416666666667,141.40625,6.26
60414325,91,40.35416666666667,141.44375,4.398
60414331,12,40.362500000000004,141.39374999999998,6.202
60414332,26,40.362500000000004,141.40625,5.499
60414338,65,40.362500000000004,141.48125,4.563
60414345,20,40.37083333333334,141.44375,3.438
60414346,3,40.37083333333334,141.45624999999998,3.545
60414400,3,40.337500000000006,141.50625,3.26
60414401,18,40.337500000000006,141.51874999999998,4.195
60414403,33,40.337500000000006,141.54375,6.186
60414404,2,40.337500000000006,141.55625,7.209
60414405,57,40.337500000000006,141.56875,8.242
60414406,10,40.337500000000006,141.58124999999998,9.28
60414407,69,40.337500000000006,141.59375,10.323
60414408,17,40.337500000000006,141.60625,11.369
60414413,20,40.34583333333334,141.54375,6.507
60414414,20,40.34583333333334,141.55625,7.487
60414415,64,40.34583333333334,141.56875,8.485
60414416,4,40.34583333333334,141.58124999999998,9.497
60414417,11,40.34583333333334,141.59375,10.518
60414424,53,40.35416666666667,141.55625,7.864
60414425,20,40.35416666666667,141.56875,8.82
60414426,3,40.35416666666667,141.58124999999998,9.797
60414435,18,40.362500000000004,141.56875,9.235
60414436,15,40.362500000000004,141.58124999999998,10.173
60414457,2,40.37916666666667,141.59375,8.196
60414458,30,40.37916666666667,141.60625,7.956
60414459,49,40.37916666666667,141.61875,7.852
60414468,16,40.3875,141.60625,7.044
60414469,17,40.3875,141.61875,6.926
60414478,8,40.395833333333336,141.60625,6.135
60414479,42,40.395833333333336,141.61875,6.0
60414488,18,40.404166666666676,141.60625,5.234
60414505,24,40.337500000000006,141.69375,8.427
60414511,2,40.34583333333334,141.64374999999998,9.306
60414519,2,40.34583333333334,141.74375,7.819
60414521,33,40.35416666666667,141.64374999999998,8.59
60414522,28,40.35416666666667,141.65625,7.931
60414528,70,40.35416666666667,141.73125,6.635
60414529,74,40.35416666666667,141.74375,6.95
60414531,35,40.362500000000004,141.64374999999998,7.918
60414532,10,40.362500000000004,141.65625,7.197
60414533,11,40.362500000000004,141.66875,6.569
60414538,49,40.362500000000004,141.73125,5.735
60414539,253,40.362500000000004,141.74375,6.097
60414541,9,40.37083333333334,141.64374999999998,7.301
60414542,16,40.37083333333334,141.65625,6.513
60414548,69,40.37083333333334,141.73125,4.847
60414549,269,40.37083333333334,141.74375,5.27
60414550,29,40.37916666666667,141.63125,7.666
60414553,12,40.37916666666667,141.66875,5.11
60414558,143,40.37916666666667,141.73125,3.975
60414559,78,40.37916666666667,141.74375,4.481
60414567,26,40.3875,141.71875,2.792
60414568,34,40.3875,141.73125,3.136
60414570,161,40.395833333333336,141.63125,6.05
60414571,139,40.395833333333336,141.64374999999998,5.955
60414572,21,40.395833333333336,141.65625,4.958
60414575,16,40.395833333333336,141.69375,2.317
60414576,71,40.395833333333336,141.70624999999998,1.856
60414577,319,40.395833333333336,141.71875,1.882
60414582,23,40.404166666666676,141.65625,4.698
60414583,33,40.404166666666676,141.66875,3.664
60414584,22,40.404166666666676,141.68125,2.65
60414585,27,40.404166666666676,141.69375,1.691
60414586,248,40.404166666666676,141.70624999999998,0.968
60414587,466,40.404166666666676,141.71875,1.003
60414593,13,40.41250000000001,141.66875,3.554
60414594,35,40.41250000000001,141.68125,2.496
60414595,91,40.41250000000001,141.69375,1.438
60414596,734,40.41250000000001,141.70624999999998,0.381
60414597,1037,40.41250000000001,141.71875,0.434
60414600,103,40.337500000000006,141.75625,9.067
60414601,253,40.337500000000006,141.76874999999998,9.539
60414610,203,40.34583333333334,141.75625,8.226
60414611,284,40.34583333333334,141.76874999999998,8.742
60414620,169,40.35416666666667,141.75625,7.404
60414630,44,40.362500000000004,141.75625,6.61
60414640,123,40.37083333333334,141.75625,5.856
60415504,11,40.420833333333334,141.68125,2.675
60415505,272,40.420833333333334,141.69375,1.73
60415506,358,40.420833333333334,141.70624999999998,1.035
60415507,38,40.420833333333334,141.71875,1.043
60415513,71,40.42916666666667,141.66875,4.025
60415514,6,40.42916666666667,141.68125,3.13
60415515,307,40.42916666666667,141.69375,2.374
60415516,3,40.42916666666667,141.70624999999998,1.927
60415523,111,40.4375,141.66875,4.212
60415524,357,40.4375,141.68125,3.762
60415525,42,40.4375,141.69375,3.162
60415533,6,40.44583333333333,141.66875,4.009
60415534,470,40.44583333333333,141.68125,4.498
