KEY_CODE,人口,緯度,経度,最寄り店舗距離_km
56396677,9,37.895833333333336,139.84375,19.785
56396686,8,37.904166666666676,139.83124999999998,18.495
56396687,26,37.904166666666676,139.84375,18.948
56396697,9,37.91250000000001,139.84375,18.119
56396698,6,37.91250000000001,139.85625,18.646
56396719,2,37.84583333333334,139.99375,10.877
56396758,25,37.87916666666667,139.98125,10.4
56396763,1,37.8875,139.91875,15.359
56396764,10,37.8875,139.93125,14.301
56396767,1,37.8875,139.96875,11.172
56396768,10,37.8875,139.98125,10.146
56396769,25,37.8875,139.99375,9.083
56396776,3,37.895833333333336,139.95624999999998,11.941
56396779,2,37.895833333333336,139.99375,8.793
56396784,4,37.904166666666676,139.93125,13.908
56396787,4,37.904166666666676,139.96875,10.665
56396790,10,37.91250000000001,139.88125,17.878
56396791,2,37.91250000000001,139.89374999999998,16.973
56396797,9,37.91250000000001,139.96875,10.526
56396798,15,37.91250000000001,139.98125,9.436
56397543,2,37.95416666666667,139.66875,13.467
56397545,41,37.95416666666667,139.69375,12.462
56397553,1,37.962500000000006,139.66875,12.686
56397554,36,37.962500000000006,139.68125,12.112
56397555,1,37.962500000000006,139.69375,11.614
56397564,12,37.97083333333334,139.68125,11.314
56397574,20,37.97916666666667,139.68125,10.537
56397577,12,37.97916666666667,139.71875,9.096
56397583,11,37.98750000000001,139.66875,10.438
56397587,9,37.98750000000001,139.71875,8.215
56397593,10,37.995833333333344,139.66875,9.724
56397608,38,37.92083333333334,139.85625,17.851
56397609,27,37.92083333333334,139.86875,17.821
56397619,9,37.929166666666674,139.86875,17.087
56397664,16,37.97083333333334,139.80625,10.847
56397665,14,37.97083333333334,139.81875,11.393
56397666,10,37.97083333333334,139.83124999999998,12.015
56397671,28,37.97916666666667,139.76874999999998,8.866
56397674,55,37.97916666666667,139.80625,10.033
56397682,16,37.98750000000001,139.78125,8.264
56397683,14,37.98750000000001,139.79375,8.698
56397684,45,37.98750000000001,139.80625,9.242
56397693,3,37.995833333333344,139.79375,7.881
56397694,90,37.995833333333344,139.80625,8.477
56397700,30,37.92083333333334,139.88125,17.187
56397701,16,37.92083333333334,139.89374999999998,16.453
56397708,13,37.92083333333334,139.98125,9.37
56397710,8,37.929166666666674,139.88125,16.425
56397711,1,37.929166666666674,139.89374999999998,15.812
56397712,7,37.929166666666674,139.90625,15.031
56397716,7,37.929166666666674,139.95624999999998,11.553
56397717,15,37.929166666666674,139.96875,10.489
56397718,69,37.929166666666674,139.98125,9.396
56397719,19,37.929166666666674,139.99375,8.303
56397728,27,37.93750000000001,139.98125,9.366
56397729,66,37.93750000000001,139.99375,8.435
56397738,142,37.94583333333334,139.98125,8.689
56397739,30,37.94583333333334,139.99375,7.95
56397748,50,37.95416666666667,139.98125,8.062
56397749,26,37.95416666666667,139.99375,7.26
56397758,24,37.962500000000006,139.98125,7.498
56397759,107,37.962500000000006,139.99375,6.627
56397769,36,37.97083333333334,139.99375,6.071
56397775,78,37.97916666666667,139.94375,8.798
56397776,7,37.97916666666667,139.95624999999998,8.344
56397779,1,37.97916666666667,139.99375,5.613
56397786,64,37.98750000000001,139.95624999999998,7.487
56397788,15,37.98750000000001,139.98125,6.339
56397789,30,37.98750000000001,139.99375,5.28
56397796,82,37.995833333333344,139.95624999999998,6.649
56397797,7,37.995833333333344,139.96875,6.231
56405039,29,37.77916666666667,140.11875,12.689
56405065,4,37.80416666666667,140.06875,10.269
56405097,58,37.82916666666667,140.09375,7.092
56405098,28,37.82916666666667,140.10625,7.057
56405178,12,37.8125,140.23125,13.575
56405180,18,37.82083333333334,140.13125,8.363
56405271,29,37.8125,140.26874999999998,11.755
56405272,20,37.8125,140.28125,10.773
56405282,1,37.82083333333334,140.28125,11.237
56406006,81,37.837500000000006,140.08124999999998,6.403
56406007,42,37.837500000000006,140.09375,6.172
56406008,7,37.837500000000006,140.10625,6.131
56406009,17,37.837500000000006,140.11875,6.285
56406013,15,37.84583333333334,140.04375,7.327
56406016,11,37.84583333333334,140.08124999999998,5.524
56406017,50,37.84583333333334,140.09375,5.254
56406019,33,37.84583333333334,140.11875,5.386
56406023,7,37.85416666666667,140.04375,6.702
56406025,6,37.85416666666667,140.06875,5.202
56406026,2,37.85416666666667,140.08124999999998,4.663
56406027,88,37.85416666666667,140.09375,4.34
56406028,90,37.85416666666667,140.10625,4.282
56406029,74,37.85416666666667,140.11875,4.499
56406032,4,37.862500000000004,140.03125,7.099
56406033,11,37.862500000000004,140.04375,6.153
56406034,18,37.862500000000004,140.05625,5.266
56406035,4,37.862500000000004,140.06875,4.473
56406037,181,37.862500000000004,140.09375,3.432
56406038,248,37.862500000000004,140.10625,3.358
56406039,61,37.862500000000004,140.11875,3.631
56406042,10,37.87083333333334,140.03125,6.712
56406043,44,37.87083333333334,140.04375,5.703
56406044,31,37.87083333333334,140.05625,4.732
56406047,50,37.87083333333334,140.09375,2.538
56406048,675,37.87083333333334,140.10625,2.437
56406049,166,37.87083333333334,140.11875,2.801
56406052,7,37.87916666666667,140.03125,6.387
56406053,50,37.87916666666667,140.04375,5.376
56406054,355,37.87916666666667,140.05625,4.332
56406057,249,37.87916666666667,140.09375,1.68
56406058,1416,37.87916666666667,140.10625,1.524
56406059,322,37.87916666666667,140.11875,2.056
56406060,61,37.8875,140.00625,8.028
56406062,8,37.8875,140.03125,5.965
56406063,91,37.8875,140.04375,4.976
56406064,289,37.8875,140.05625,4.017
56406067,194,37.8875,140.09375,0.96
56406068,633,37.8875,140.10625,0.648
56406069,1633,37.8875,140.11875,1.525
56406070,18,37.895833333333336,140.00625,7.77
56406071,61,37.895833333333336,140.01874999999998,6.732
56406072,17,37.895833333333336,140.03125,5.665
56406073,4,37.895833333333336,140.04375,4.611
56406074,106,37.895833333333336,140.05625,3.584
56406076,104,37.895833333333336,140.08124999999998,1.646
56406077,691,37.895833333333336,140.09375,0.858
56406078,2325,37.895833333333336,140.10625,0.484
56406079,2564,37.895833333333336,140.11875,0.789
56406081,48,37.904166666666676,140.01874999999998,6.416
56406082,133,37.904166666666676,140.03125,5.389
56406083,14,37.904166666666676,140.04375,4.395
56406084,94,37.904166666666676,140.05625,3.327
56406085,46,37.904166666666676,140.06875,2.248
56406086,452,37.904166666666676,140.08124999999998,1.203
56406087,2422,37.904166666666676,140.09375,0.322
56406088,3765,37.904166666666676,140.10625,0.243
56406089,2454,37.904166666666676,140.11875,0.124
56406092,88,37.91250000000001,140.03125,5.108
56406093,23,37.91250000000001,140.04375,4.046
56406094,40,37.91250000000001,140.05625,3.008
56406095,744,37.91250000000001,140.06875,2.033
56406096,2247,37.91250000000001,140.08124999999998,1.032
56406097,3844,37.91250000000001,140.09375,0.057
56406098,3209,37.91250000000001,140.10625,0.465
56406099,3110,37.91250000000001,140.11875,0.245
56406100,24,37.837500000000006,140.13125,6.619
56406105,13,37.837500000000006,140.19375,9.304
56406114,2,37.84583333333334,140.18125,7.89
56406115,3,37.84583333333334,140.19375,8.621
56406123,2,37.85416666666667,140.16875,6.485
56406128,30,37.85416666666667,140.23125,10.698
56406130,29,37.862500000000004,140.13125,4.183
56406131,306,37.862500000000004,140.14374999999998,4.599
56406132,121,37.862500000000004,140.15625,5.099
56406138,9,37.862500000000004,140.23125,10.278
56406140,77,37.87083333333334,140.13125,3.409
56406141,259,37.87083333333334,140.14374999999998,3.75
56406142,39,37.87083333333334,140.15625,4.348
56406146,15,37.87083333333334,140.20624999999998,7.897
56406147,7,37.87083333333334,140.21875,8.871
56406150,544,37.87916666666667,140.13125,2.5
56406151,387,37.87916666666667,140.14374999999998,2.948
56406152,20,37.87916666666667,140.15625,3.679
56406160,2124,37.8875,140.13125,1.61
56406161,308,37.8875,140.14374999999998,2.244
56406163,37,37.8875,140.16875,4.139
56406164,167,37.8875,140.18125,5.096
56406165,35,37.8875,140.19375,6.093
56406166,249,37.8875,140.20624999999998,7.119
56406167,12,37.8875,140.21875,8.164
56406170,2519,37.895833333333336,140.13125,0.81
56406171,659,37.895833333333336,140.14374999999998,1.76
56406172,316,37.895833333333336,140.15625,2.726
56406173,144,37.895833333333336,140.16875,3.712
56406174,5,37.895833333333336,140.18125,4.746
56406180,3111,37.904166666666676,140.13125,0.454
56406181,615,37.904166666666676,140.14374999999998,1.331
56406182,2279,37.904166666666676,140.15625,2.39
56406183,113,37.904166666666676,140.16875,3.472
56406190,2159,37.91250000000001,140.13125,0.485
56406191,213,37.91250000000001,140.14374999999998,1.329
56406192,102,37.91250000000001,140.15625,2.388
56406196,15,37.91250000000001,140.20624999999998,6.746
56407000,7,37.92083333333334,140.00625,7.178
56407002,3,37.92083333333334,140.03125,4.986
56407006,961,37.92083333333334,140.08124999999998,0.629
56407007,3484,37.92083333333334,140.09375,0.474
56407008,3193,37.92083333333334,140.10625,0.739
56407009,2496,37.92083333333334,140.11875,0.334
56407010,10,37.929166666666674,140.00625,7.212
56407011,4,37.929166666666674,140.01874999999998,6.122
56407016,351,37.929166666666674,140.08124999999998,0.941
56407017,288,37.929166666666674,140.09375,0.883
56407018,1958,37.929166666666674,140.10625,0.829
56407019,1769,37.929166666666674,140.11875,0.276
56407020,17,37.93750000000001,140.00625,7.363
56407021,24,37.93750000000001,140.01874999999998,6.299
56407024,8,37.93750000000001,140.05625,3.243
56407025,7,37.93750000000001,140.06875,2.367
56407026,261,37.93750000000001,140.08124999999998,1.759
56407027,196,37.93750000000001,140.09375,1.729
56407028,516,37.93750000000001,140.10625,1.027
56407029,1163,37.93750000000001,140.11875,0.44
56407030,2,37.94583333333334,140.00625,7.301
56407031,28,37.94583333333334,140.01874999999998,6.603
56407032,24,37.94583333333334,140.03125,5.611
56407035,203,37.94583333333334,140.06875,3.087
56407036,256,37.94583333333334,140.08124999999998,2.649
56407037,249,37.94583333333334,140.09375,2.232
56407038,379,37.94583333333334,140.10625,1.138
56407039,1273,37.94583333333334,140.11875,0.097
56407041,52,37.95416666666667,140.01874999999998,5.942
56407042,21,37.95416666666667,140.03125,5.496
56407045,87,37.95416666666667,140.06875,3.895
56407046,83,37.95416666666667,140.08124999999998,3.478
56407047,113,37.95416666666667,140.09375,2.451
56407048,193,37.95416666666667,140.10625,1.523
56407049,573,37.95416666666667,140.11875,1.017
56407051,50,37.962500000000006,140.01874999999998,5.15
56407052,86,37.962500000000006,140.03125,4.629
56407053,35,37.962500000000006,140.04375,4.328
56407055,107,37.962500000000006,140.06875,4.532
56407056,133,37.962500000000006,140.08124999999998,3.852
56407057,238,37.962500000000006,140.09375,2.958
56407058,34,37.962500000000006,140.10625,2.25
56407059,433,37.962500000000006,140.11875,1.943
56407062,88,37.97083333333334,140.03125,3.79
56407063,26,37.97083333333334,140.04375,3.416
56407064,55,37.97083333333334,140.05625,3.372
56407065,155,37.97083333333334,140.06875,3.671
56407066,159,37.97083333333334,140.08124999999998,4.24
56407067,85,37.97083333333334,140.09375,3.634
56407068,106,37.97083333333334,140.10625,3.085
56407069,125,37.97083333333334,140.11875,2.87
56407070,31,37.97916666666667,140.00625,4.649
56407072,11,37.97916666666667,140.03125,3.003
56407073,44,37.97916666666667,140.04375,2.515
56407074,116,37.97916666666667,140.05625,2.455
56407075,230,37.97916666666667,140.06875,2.851
56407076,164,37.97916666666667,140.08124999999998,3.554
56407077,93,37.97916666666667,140.09375,4.403
56407078,150,37.97916666666667,140.10625,3.962
56407079,198,37.97916666666667,140.11875,3.191
56407080,49,37.98750000000001,140.00625,4.241
56407083,462,37.98750000000001,140.04375,1.642
56407084,292,37.98750000000001,140.05625,1.549
56407085,184,37.98750000000001,140.06875,2.122
56407086,202,37.98750000000001,140.08124999999998,3.001
56407087,65,37.98750000000001,140.09375,3.988
56407088,110,37.98750000000001,140.10625,3.951
56407089,45,37.98750000000001,140.11875,2.872
56407090,43,37.995833333333344,140.00625,4.009
56407091,61,37.995833333333344,140.01874999999998,2.929
56407093,312,37.995833333333344,140.04375,0.888
56407094,173,37.995833333333344,140.05625,0.701
56407095,137,37.995833333333344,140.06875,1.611
56407096,174,37.995833333333344,140.08124999999998,2.664
56407097,88,37.995833333333344,140.09375,3.741
56407098,108,37.995833333333344,140.10625,3.924
56407099,165,37.995833333333344,140.11875,2.835
56407100,1292,37.92083333333334,140.13125,0.808
56407101,504,37.92083333333334,140.14374999999998,1.865
56407102,292,37.92083333333334,140.15625,2.723
56407103,77,37.92083333333334,140.16875,3.709
56407104,17,37.92083333333334,140.18125,4.744
56407106,13,37.92083333333334,140.20624999999998,6.871
56407110,130,37.929166666666674,140.13125,1.298
56407111,430,37.929166666666674,140.14374999999998,2.173
56407112,363,37.929166666666674,140.15625,3.173
56407114,59,37.929166666666674,140.18125,5.092
56407115,44,37.929166666666674,140.19375,6.09
56407116,22,37.929166666666674,140.20624999999998,7.116
56407120,291,37.93750000000001,140.13125,1.15
56407121,102,37.93750000000001,140.14374999999998,2.203
56407122,214,37.93750000000001,140.15625,3.285
56407123,110,37.93750000000001,140.16875,4.373
56407124,107,37.93750000000001,140.18125,5.465
56407126,71,37.93750000000001,140.20624999999998,7.086
56407127,16,37.93750000000001,140.21875,7.427
56407128,8,37.93750000000001,140.23125,7.907
56407130,276,37.94583333333334,140.13125,1.062
56407131,56,37.94583333333334,140.14374999999998,2.156
56407132,97,37.94583333333334,140.15625,3.251
56407133,119,37.94583333333334,140.16875,4.347
56407134,243,37.94583333333334,140.18125,5.443
56407135,15,37.94583333333334,140.19375,5.981
56407136,179,37.94583333333334,140.20624999999998,6.191
56407137,129,37.94583333333334,140.21875,6.579
56407138,47,37.94583333333334,140.23125,7.116
56407140,416,37.95416666666667,140.13125,1.467
56407141,420,37.95416666666667,140.14374999999998,2.381
56407142,168,37.95416666666667,140.15625,3.405
56407143,194,37.95416666666667,140.16875,4.463
56407144,291,37.95416666666667,140.18125,5.045
56407145,302,37.95416666666667,140.19375,5.06
56407146,235,37.95416666666667,140.20624999999998,5.306
56407147,158,37.95416666666667,140.21875,5.754
56407150,537,37.962500000000006,140.13125,2.212
56407151,166,37.962500000000006,140.14374999999998,2.9
56407152,66,37.962500000000006,140.15625,3.391
56407153,205,37.962500000000006,140.16875,3.706
56407154,293,37.962500000000006,140.18125,4.123
56407155,138,37.962500000000006,140.19375,4.142
56407156,6,37.962500000000006,140.20624999999998,4.439
56407157,20,37.962500000000006,140.21875,4.966
56407160,201,37.97083333333334,140.13125,2.977
56407161,50,37.97083333333334,140.14374999999998,2.51
56407162,268,37.97083333333334,140.15625,2.477
56407163,273,37.97083333333334,140.16875,2.893
56407164,143,37.97083333333334,140.18125,3.205
56407170,339,37.97916666666667,140.13125,2.284
56407171,61,37.97916666666667,140.14374999999998,1.628
56407172,101,37.97916666666667,140.15625,1.577
56407173,268,37.97916666666667,140.16875,2.174
56407174,335,37.97916666666667,140.18125,2.293
56407175,36,37.97916666666667,140.19375,2.326
56407180,250,37.98750000000001,140.13125,1.812
56407181,1286,37.98750000000001,140.14374999999998,0.849
56407182,743,37.98750000000001,140.15625,0.747
56407183,148,37.98750000000001,140.16875,1.672
56407184,65,37.98750000000001,140.18125,1.4
56407185,70,37.98750000000001,140.19375,1.453
56407186,68,37.98750000000001,140.20624999999998,2.16
56407188,41,37.98750000000001,140.23125,3.856
56407190,242,37.995833333333344,140.13125,1.753
56407191,1234,37.995833333333344,140.14374999999998,0.713
56407192,1165,37.995833333333344,140.15625,0.588
56407193,154,37.995833333333344,140.16875,1.607
56407194,302,37.995833333333344,140.18125,0.616
56407195,472,37.995833333333344,140.19375,0.73
56407196,285,37.995833333333344,140.20624999999998,1.506
56407197,48,37.995833333333344,140.21875,2.469
56407198,166,37.995833333333344,140.23125,3.511
57390503,9,38.00416666666667,139.66875,9.049
57390504,6,38.00416666666667,139.68125,8.308
57390507,8,38.00416666666667,139.71875,6.489
57390513,6,38.0125,139.66875,8.423
57390514,15,38.0125,139.68125,7.62
57390517,1,38.0125,139.71875,5.657
57390524,21,38.020833333333336,139.68125,6.988
57390527,8,38.020833333333336,139.71875,4.859
57390528,3,38.020833333333336,139.73125,4.356
57390534,57,38.02916666666667,139.68125,6.428
57390544,1,38.0375,139.68125,5.96
57390546,4,38.0375,139.70624999999998,4.119
57390547,21,38.0375,139.71875,3.36
57390555,29,38.045833333333334,139.69375,4.579
57390556,3,38.045833333333334,139.70624999999998,3.59
57390566,6,38.05416666666667,139.70624999999998,3.245
57390569,193,38.05416666666667,139.74375,0.593
57390579,1189,38.0625,139.74375,0.183
57390588,10,38.07083333333334,139.73125,1.413
57390589,926,38.07083333333334,139.74375,1.053
57390598,54,38.07916666666667,139.73125,2.188
57390599,163,38.07916666666667,139.74375,1.975
57390604,14,38.00416666666667,139.80625,7.748
57390619,31,38.0125,139.86875,11.418
57390620,31,38.020833333333336,139.75625,4.112
57390629,3,38.020833333333336,139.86875,11.12
57390630,25,38.02916666666667,139.75625,3.199
57390639,58,38.02916666666667,139.86875,10.893
57390640,28,38.0375,139.75625,2.297
57390641,45,38.0375,139.76874999999998,2.799
57390642,59,38.0375,139.78125,3.576
57390646,4,38.0375,139.83124999999998,7.522
57390650,282,38.045833333333334,139.75625,1.427
57390651,12,38.045833333333334,139.76874999999998,2.144
57390652,59,38.045833333333334,139.78125,3.09
57390656,41,38.045833333333334,139.83124999999998,7.303
57390657,4,38.045833333333334,139.84375,8.382
57390660,1306,38.05416666666667,139.75625,0.717
57390662,16,38.05416666666667,139.78125,2.833
57390663,18,38.05416666666667,139.79375,3.921
57390664,10,38.05416666666667,139.80625,5.012
57390665,89,38.05416666666667,139.81875,6.104
57390666,6,38.05416666666667,139.83124999999998,7.197
57390670,368,38.0625,139.75625,0.842
57390680,126,38.07083333333334,139.75625,1.617
57390690,73,38.07916666666667,139.75625,2.325
57390705,11,38.00416666666667,139.94375,6.468
57390706,95,38.00416666666667,139.95624999999998,5.837
57390707,11,38.00416666666667,139.96875,5.357
57390712,1,38.0125,139.90625,8.433
57390716,129,38.0125,139.95624999999998,5.064
57390717,168,38.0125,139.96875,4.503
57390718,47,38.0125,139.98125,4.159
57390720,91,38.020833333333336,139.88125,10.075
57390721,6,38.020833333333336,139.89374999999998,9.042
57390727,43,38.020833333333336,139.96875,3.684
57390728,76,38.020833333333336,139.98125,3.255
57390730,10,38.02916666666667,139.88125,9.824
57390736,24,38.02916666666667,139.95624999999998,3.736
57390737,34,38.02916666666667,139.96875,2.931
57390738,286,38.02916666666667,139.98125,2.369
57390739,211,38.02916666666667,139.99375,2.244
57390745,2,38.0375,139.94375,4.296
57390748,94,38.0375,139.98125,1.532
57390749,467,38.0375,139.99375,1.33
57390758,3,38.045833333333334,139.98125,0.893
57390759,487,38.045833333333334,139.99375,0.468
57390768,61,38.05416666666667,139.98125,0.982
57390769,145,38.05416666666667,139.99375,0.622
57390777,3,38.0625,139.96875,2.413
57390778,104,38.0625,139.98125,1.688
57390779,752,38.0625,139.99375,1.507
57390788,27,38.07083333333334,139.98125,2.54
57390789,363,38.07083333333334,139.99375,2.424
57390798,46,38.07916666666667,139.98125,3.431
57390799,318,38.07916666666667,139.99375,3.346
57391508,59,38.087500000000006,139.73125,3.049
57391509,5,38.087500000000006,139.74375,2.9
57391518,14,38.09583333333334,139.73125,3.94
57391519,69,38.09583333333334,139.74375,3.826
57391528,23,38.10416666666667,139.73125,4.844
57391529,127,38.10416666666667,139.74375,4.752
57391538,64,38.112500000000004,139.73125,5.756
57391539,49,38.112500000000004,139.74375,5.678
57391548,32,38.12083333333334,139.73125,6.671
57391549,9,38.12083333333334,139.74375,6.604
57391558,4,38.12916666666667,139.73125,7.59
57391559,11,38.12916666666667,139.74375,7.531
57391569,28,38.1375,139.74375,8.457
57391579,60,38.145833333333336,139.74375,9.384
57391589,26,38.154166666666676,139.74375,10.31
57391598,4,38.16250000000001,139.73125,11.276
57391599,80,38.16250000000001,139.74375,11.237
57391604,6,38.087500000000006,139.80625,6.016
57391610,17,38.09583333333334,139.75625,4.018
57391614,11,38.09583333333334,139.80625,6.577
57391620,22,38.10416666666667,139.75625,4.908
57391622,2,38.10416666666667,139.78125,5.855
57391630,50,38.112500000000004,139.75625,5.809
57391631,48,38.112500000000004,139.76874999999998,6.135
57391632,7,38.112500000000004,139.78125,6.628
57391672,3,38.145833333333336,139.78125,9.987
57391673,14,38.145833333333336,139.79375,10.413
57391674,9,38.145833333333336,139.80625,10.932
57391681,4,38.154166666666676,139.76874999999998,10.569
57391682,50,38.154166666666676,139.78125,10.862
57391683,53,38.154166666666676,139.79375,11.255
57391690,41,38.16250000000001,139.75625,11.304
57391691,56,38.16250000000001,139.76874999999998,11.475
57391708,17,38.087500000000006,139.98125,4.337
57391709,169,38.087500000000006,139.99375,3.398
57391718,93,38.09583333333334,139.98125,4.382
57391719,179,38.09583333333334,139.99375,3.289
57391728,5,38.10416666666667,139.98125,4.384
57391729,213,38.10416666666667,139.99375,3.291
57391738,17,38.112500000000004,139.98125,4.451
57391739,282,38.112500000000004,139.99375,3.38
57391749,149,38.12083333333334,139.99375,3.706
57391759,23,38.12916666666667,139.99375,4.133
57391769,14,38.1375,139.99375,4.492
57392509,21,38.170833333333334,139.74375,12.163
57392528,2,38.1875,139.73125,14.048
57392603,11,38.170833333333334,139.79375,12.974
57392613,14,38.17916666666667,139.79375,13.846
57392624,7,38.1875,139.80625,15.096
57393767,2,38.30416666666667,139.96875,16.211
57394728,18,38.35416666666667,139.98125,16.288
57394738,30,38.362500000000004,139.98125,16.656
57394739,4,38.362500000000004,139.99375,15.674
57394749,28,38.37083333333334,139.99375,16.109
57394759,15,38.37916666666667,139.99375,16.286
57394769,38,38.3875,139.99375,16.052
57394779,27,38.395833333333336,139.99375,15.87
57394789,6,38.404166666666676,139.99375,15.74
57394799,3,38.41250000000001,139.99375,15.664
57395650,13,38.4625,139.75625,20.475
57395660,15,38.47083333333333,139.75625,20.033
57395661,12,38.47083333333333,139.76874999999998,21.005
57395671,19,38.479166666666664,139.76874999999998,20.615
57395681,3,38.487500000000004,139.76874999999998,20.261
57395709,11,38.420833333333334,139.99375,15.643
57396448,137,38.5375,139.60625,5.069
57396449,69,38.5375,139.61875,6.099
57396457,13,38.545833333333334,139.59375,3.757
57396463,644,38.55416666666667,139.54375,0.693
57396464,91,38.55416666666667,139.55625,0.405
57396467,8,38.55416666666667,139.59375,3.66
57396473,95,38.5625,139.54375,1.216
57396474,122,38.5625,139.55625,1.078
57396484,370,38.57083333333334,139.55625,1.969
57396494,53,38.57916666666667,139.55625,2.883
57396514,3,38.5125,139.68125,12.158
57396524,100,38.520833333333336,139.68125,11.841
57396540,44,38.5375,139.63125,7.145
57396555,251,38.545833333333334,139.69375,12.385
57396574,4,38.5625,139.68125,11.312
57396575,29,38.5625,139.69375,12.395
57396580,141,38.57083333333334,139.63125,7.183
57396581,41,38.57083333333334,139.64374999999998,8.235
57396583,1,38.57083333333334,139.66875,10.361
57396584,32,38.57083333333334,139.68125,11.43
57396585,46,38.57083333333334,139.69375,12.503
57396590,25,38.57916666666667,139.63125,7.485
57396604,20,38.50416666666667,139.80625,19.505
57396612,15,38.5125,139.78125,19.021
57396622,9,38.520833333333336,139.78125,18.126
57396623,113,38.520833333333336,139.79375,17.867
57396632,102,38.52916666666667,139.78125,17.235
57396633,25,38.52916666666667,139.79375,16.962
57396635,33,38.52916666666667,139.81875,16.617
57396643,51,38.5375,139.79375,16.06
57396653,11,38.545833333333334,139.79375,15.16
57396654,39,38.545833333333334,139.80625,14.929
57396663,23,38.55416666666667,139.79375,14.264
57396664,94,38.55416666666667,139.80625,14.018
57396665,9,38.55416666666667,139.81875,13.852
57396674,8,38.5625,139.80625,13.109
57396675,59,38.5625,139.81875,12.932
57396676,18,38.5625,139.83124999999998,12.845
57396686,66,38.57083333333334,139.83124999999998,11.919
57396695,4,38.57916666666667,139.81875,11.095
57396696,91,38.57916666666667,139.83124999999998,10.993
57396783,63,38.57083333333334,139.91875,13.868
57396785,7,38.57083333333334,139.94375,15.097
57397405,230,38.587500000000006,139.56875,4.063
57397408,90,38.587500000000006,139.60625,6.067
57397409,26,38.587500000000006,139.61875,6.95
57397415,108,38.59583333333334,139.56875,4.937
57397418,31,38.59583333333334,139.60625,6.684
57397425,115,38.60416666666667,139.56875,5.827
57397426,95,38.60416666666667,139.58124999999998,6.194
57397427,79,38.60416666666667,139.59375,6.718
57397436,178,38.612500000000004,139.58124999999998,7.047
57397437,254,38.612500000000004,139.59375,7.512
57397438,661,38.612500000000004,139.60625,8.097
57397439,84,38.612500000000004,139.61875,8.778
57397446,185,38.62083333333334,139.58124999999998,7.917
57397447,39,38.62083333333334,139.59375,8.334
57397448,32,38.62083333333334,139.60625,8.864
57397456,4,38.62916666666667,139.58124999999998,8.799
57397457,481,38.62916666666667,139.59375,9.175
57397467,59,38.6375,139.59375,10.032
57397477,129,38.645833333333336,139.59375,10.9
57397479,10,38.645833333333336,139.61875,11.807
57397488,51,38.654166666666676,139.60625,12.158
57397498,72,38.66250000000001,139.60625,13.016
57397499,2,38.66250000000001,139.61875,13.45
57397506,1,38.587500000000006,139.70624999999998,13.96
57397511,45,38.59583333333334,139.64374999999998,9.287
57397516,126,38.59583333333334,139.70624999999998,14.239
57397521,27,38.60416666666667,139.64374999999998,9.789
57397537,9,38.612500000000004,139.71875,12.581
57397547,31,38.62083333333334,139.71875,12.068
57397557,32,38.62916666666667,139.71875,11.607
57397564,138,38.6375,139.68125,14.246
57397565,31,38.6375,139.69375,13.221
57397566,10,38.6375,139.70624999999998,12.206
57397572,173,38.645833333333336,139.65625,13.712
57397579,61,38.645833333333336,139.74375,8.843
57397582,248,38.654166666666676,139.65625,14.419
57397589,28,38.654166666666676,139.74375,8.511
57397590,26,38.66250000000001,139.63125,13.955
57397599,114,38.66250000000001,139.74375,8.268
57397605,10,38.587500000000006,139.81875,10.179
57397606,129,38.587500000000006,139.83124999999998,10.068
57397607,51,38.587500000000006,139.84375,10.073
57397608,147,38.587500000000006,139.85625,10.194
57397616,177,38.59583333333334,139.83124999999998,9.142
57397617,160,38.59583333333334,139.84375,9.148
57397618,20,38.59583333333334,139.85625,9.282
57397626,195,38.60416666666667,139.83124999999998,8.217
57397627,161,38.60416666666667,139.84375,8.223
57397636,251,38.612500000000004,139.83124999999998,7.292
57397637,114,38.612500000000004,139.84375,7.3
57397638,48,38.612500000000004,139.85625,7.466
57397646,99,38.62083333333334,139.83124999999998,6.368
57397647,108,38.62083333333334,139.84375,6.376
57397657,326,38.62916666666667,139.84375,5.454
57397658,299,38.62916666666667,139.85625,5.676
57397666,58,38.6375,139.83124999999998,4.523
57397667,215,38.6375,139.84375,4.534
57397668,170,38.6375,139.85625,4.798
57397676,36,38.645833333333336,139.83124999999998,3.603
57397677,254,38.645833333333336,139.84375,3.618
57397678,196,38.645833333333336,139.85625,3.943
57397679,334,38.645833333333336,139.86875,4.513
57397686,96,38.654166666666676,139.83124999999998,2.688
57397687,370,38.654166666666676,139.84375,2.708
57397688,133,38.654166666666676,139.85625,3.13
57397689,86,38.654166666666676,139.86875,3.822
57397691,11,38.66250000000001,139.76874999999998,6.163
57397695,91,38.66250000000001,139.81875,2.332
57397696,214,38.66250000000001,139.83124999999998,1.785
57397697,250,38.66250000000001,139.84375,1.815
57397698,128,38.66250000000001,139.85625,2.399
57397699,312,38.66250000000001,139.86875,3.251
57397701,2,38.587500000000006,139.89374999999998,11.201
57397702,21,38.587500000000006,139.90625,11.72
57397711,134,38.59583333333334,139.89374999999998,10.377
57397712,47,38.59583333333334,139.90625,10.935
57397761,5,38.6375,139.89374999999998,6.674
57397767,13,38.6375,139.96875,11.849
57397771,72,38.645833333333336,139.89374999999998,6.089
57397780,10,38.654166666666676,139.88125,4.667
57397782,104,38.654166666666676,139.90625,6.572
57397783,44,38.654166666666676,139.91875,7.579
57397784,4,38.654166666666676,139.93125,8.448
57397789,3,38.654166666666676,139.99375,12.147
57397790,70,38.66250000000001,139.88125,4.212
57397791,14,38.66250000000001,139.89374999999998,5.222
57397793,7,38.66250000000001,139.91875,7.112
57397796,26,38.66250000000001,139.95624999999998,9.064
57400001,68,38.00416666666667,140.01874999999998,2.892
57400002,609,38.00416666666667,140.03125,1.8
57400003,1957,38.00416666666667,140.04375,0.72
57400004,399,38.00416666666667,140.05625,0.443
57400005,193,38.00416666666667,140.06875,1.458
57400006,131,38.00416666666667,140.08124999999998,2.418
57400007,140,38.00416666666667,140.09375,3.458
57400008,132,38.00416666666667,140.10625,4.111
57400009,47,38.00416666666667,140.11875,3.089
57400012,23,38.0125,140.03125,2.109
57400013,494,38.0125,140.04375,1.041
57400014,265,38.0125,140.05625,0.062
57400015,137,38.0125,140.06875,1.15
57400016,107,38.0125,140.08124999999998,2.245
57400017,186,38.0125,140.09375,3.34
57400018,271,38.0125,140.10625,4.435
57400019,164,38.0125,140.11875,3.572
57400020,121,38.020833333333336,140.00625,3.441
57400021,22,38.020833333333336,140.01874999999998,3.369
57400022,3,38.020833333333336,140.03125,2.34
57400023,146,38.020833333333336,140.04375,1.413
57400024,146,38.020833333333336,140.05625,0.958
57400025,102,38.020833333333336,140.06875,1.495
57400026,201,38.020833333333336,140.08124999999998,2.44
57400027,198,38.020833333333336,140.09375,3.474
57400028,116,38.020833333333336,140.10625,4.537
57400029,106,38.020833333333336,140.11875,4.031
57400030,147,38.02916666666667,140.00625,2.618
57400031,110,38.02916666666667,140.01874999999998,3.327
57400032,117,38.02916666666667,140.03125,2.847
57400033,217,38.02916666666667,140.04375,2.151
57400034,211,38.02916666666667,140.05625,1.883
57400035,124,38.02916666666667,140.06875,2.206
57400036,103,38.02916666666667,140.08124999999998,2.863
57400037,100,38.02916666666667,140.09375,3.702
57400038,83,38.02916666666667,140.10625,4.55
57400039,295,38.02916666666667,140.11875,3.54
57400040,93,38.0375,140.00625,1.894
57400041,158,38.0375,140.01874999999998,2.793
57400042,51,38.0375,140.03125,2.669
57400043,266,38.0375,140.04375,1.747
57400044,48,38.0375,140.05625,1.171
57400045,209,38.0375,140.06875,1.446
57400046,97,38.0375,140.08124999999998,2.281
57400047,185,38.0375,140.09375,3.273
57400048,79,38.0375,140.10625,4.108
57400049,274,38.0375,140.11875,3.244
57400050,78,38.045833333333334,140.00625,1.427
57400051,102,38.045833333333334,140.01874999999998,2.5
57400052,99,38.045833333333334,140.03125,2.419
57400053,258,38.045833333333334,140.04375,1.333
57400054,328,38.045833333333334,140.05625,0.314
57400055,295,38.045833333333334,140.06875,0.903
57400056,63,38.045833333333334,140.08124999999998,1.982
57400057,16,38.045833333333334,140.09375,3.073
57400058,47,38.045833333333334,140.10625,3.481
57400059,252,38.045833333333334,140.11875,2.691
57400060,157,38.05416666666667,140.00625,1.485
57400061,20,38.05416666666667,140.01874999999998,2.534
57400062,197,38.05416666666667,140.03125,2.509
57400063,748,38.05416666666667,140.04375,1.49
57400064,693,38.05416666666667,140.05625,0.736
57400065,198,38.05416666666667,140.06875,1.122
57400066,158,38.05416666666667,140.08124999999998,2.091
57400067,428,38.05416666666667,140.09375,3.144
57400068,261,38.05416666666667,140.10625,3.013
57400069,78,38.05416666666667,140.11875,2.051
57400070,427,38.0625,140.00625,2.022
57400071,116,38.0625,140.01874999999998,2.882
57400072,101,38.0625,140.03125,2.908
57400073,235,38.0625,140.04375,2.093
57400074,136,38.0625,140.05625,1.644
57400075,138,38.0625,140.06875,1.849
57400076,6,38.0625,140.08124999999998,2.556
57400077,40,38.0625,140.09375,3.47
57400078,278,38.0625,140.10625,2.786
57400079,375,38.0625,140.11875,1.698
57400080,153,38.07083333333334,140.00625,2.773
57400081,147,38.07083333333334,140.01874999999998,2.912
57400082,160,38.07083333333334,140.03125,2.381
57400083,263,38.07083333333334,140.04375,2.203
57400084,37,38.07083333333334,140.05625,2.536
57400085,140,38.07083333333334,140.06875,2.702
57400087,15,38.07083333333334,140.09375,3.928
57400088,1,38.07083333333334,140.10625,2.856
57400089,1142,38.07083333333334,140.11875,1.812
57400090,144,38.07916666666667,140.00625,2.828
57400091,153,38.07916666666667,140.01874999999998,2.096
57400092,283,38.07916666666667,140.03125,1.556
57400093,337,38.07916666666667,140.04375,1.281
57400095,134,38.07916666666667,140.06875,2.681
57400096,22,38.07916666666667,140.08124999999998,3.682
57400099,60,38.07916666666667,140.11875,2.283
57400100,58,38.00416666666667,140.13125,2.139
57400101,92,38.00416666666667,140.14374999999998,1.419
57400102,87,38.00416666666667,140.15625,1.36
57400103,737,38.00416666666667,140.16875,1.662
57400104,1413,38.00416666666667,140.18125,0.719
57400105,2158,38.00416666666667,140.19375,0.106
57400106,1624,38.00416666666667,140.20624999999998,1.2
57400107,538,38.00416666666667,140.21875,2.295
57400108,167,38.00416666666667,140.23125,3.391
57400109,17,38.00416666666667,140.24375,4.486
57400110,280,38.0125,140.13125,2.793
57400111,400,38.0125,140.14374999999998,2.288
57400112,144,38.0125,140.15625,2.252
57400113,106,38.0125,140.16875,2.103
57400114,634,38.0125,140.18125,1.137
57400115,390,38.0125,140.19375,0.748
57400117,3,38.0125,140.21875,2.482
57400118,61,38.0125,140.23125,3.519
57400119,109,38.0125,140.24375,4.584
57400121,93,38.020833333333336,140.14374999999998,2.664
57400122,144,38.020833333333336,140.15625,2.474
57400123,501,38.020833333333336,140.16875,2.571
57400124,151,38.020833333333336,140.18125,1.865
57400125,181,38.020833333333336,140.19375,1.657
57400128,27,38.020833333333336,140.23125,3.865
57400130,50,38.02916666666667,140.13125,2.599
57400131,199,38.02916666666667,140.14374999999998,1.838
57400132,419,38.02916666666667,140.15625,1.548
57400133,119,38.02916666666667,140.16875,1.953
57400135,82,38.02916666666667,140.19375,2.579
57400136,102,38.02916666666667,140.20624999999998,2.884
57400138,21,38.02916666666667,140.23125,4.341
57400139,67,38.02916666666667,140.24375,5.263
57400140,737,38.0375,140.13125,2.179
57400141,311,38.0375,140.14374999999998,1.172
57400142,786,38.0375,140.15625,0.626
57400143,1017,38.0375,140.16875,1.2
57400146,91,38.0375,140.20624999999998,3.117
57400147,48,38.0375,140.21875,4.155
57400148,19,38.0375,140.23125,4.946
57400150,194,38.045833333333334,140.13125,2.02
57400151,2456,38.045833333333334,140.14374999999998,1.042
57400152,3018,38.045833333333334,140.15625,0.324
57400153,2983,38.045833333333334,140.16875,0.359
57400154,8,38.045833333333334,140.18125,0.743
57400155,40,38.045833333333334,140.19375,1.819
57400156,58,38.045833333333334,140.20624999999998,2.909
57400157,168,38.045833333333334,140.21875,4.002
57400160,256,38.05416666666667,140.13125,1.281
57400161,1317,38.05416666666667,140.14374999999998,0.788
57400162,1833,38.05416666666667,140.15625,0.357
57400163,828,38.05416666666667,140.16875,0.682
57400164,17,38.05416666666667,140.18125,1.01
57400165,62,38.05416666666667,140.19375,1.943
57400170,419,38.0625,140.13125,0.637
57400171,988,38.0625,140.14374999999998,0.343
57400172,176,38.0625,140.15625,1.128
57400173,5,38.0625,140.16875,1.587
57400174,34,38.0625,140.18125,1.79
57400180,2283,38.07083333333334,140.13125,0.896
57400181,2310,38.07083333333334,140.14374999999998,0.094
57400182,111,38.07083333333334,140.15625,1.178
57400184,48,38.07083333333334,140.18125,2.646
57400190,358,38.07916666666667,140.13125,1.341
57400191,922,38.07916666666667,140.14374999999998,0.884
57400194,176,38.07916666666667,140.18125,3.478
57400195,27,38.07916666666667,140.19375,3.935
57400200,8,38.00416666666667,140.25625,5.581
57400210,56,38.0125,140.25625,5.66
57400220,272,38.020833333333336,140.25625,5.886
57400221,17,38.020833333333336,140.26874999999998,6.933
57400230,65,38.02916666666667,140.25625,6.242
57400240,156,38.0375,140.25625,6.677
57400250,47,38.045833333333334,140.25625,7.205
57400291,6,38.07916666666667,140.26874999999998,7.156
57400293,10,38.07916666666667,140.29375,7.084
57400294,3,38.07916666666667,140.30625,7.297
57401000,295,38.087500000000006,140.00625,2.356
57401001,295,38.087500000000006,140.01874999999998,1.395
57401002,375,38.087500000000006,140.03125,0.798
57401003,419,38.087500000000006,140.04375,0.384
57401004,34,38.087500000000006,140.05625,1.313
57401005,169,38.087500000000006,140.06875,2.387
57401006,112,38.087500000000006,140.08124999999998,3.473
57401010,349,38.09583333333334,140.00625,2.195
57401011,453,38.09583333333334,140.01874999999998,1.102
57401012,1726,38.09583333333334,140.03125,0.069
57401013,1420,38.09583333333334,140.04375,0.609
57401014,142,38.09583333333334,140.05625,1.396
57401015,310,38.09583333333334,140.06875,2.433
57401020,193,38.10416666666667,140.00625,2.198
57401021,550,38.10416666666667,140.01874999999998,1.109
57401022,2297,38.10416666666667,140.03125,0.143
57401023,1448,38.10416666666667,140.04375,0.457
57401024,86,38.10416666666667,140.05625,1.55
57401025,127,38.10416666666667,140.06875,2.644
57401026,42,38.10416666666667,140.08124999999998,3.737
57401028,4,38.10416666666667,140.10625,4.862
57401030,197,38.112500000000004,140.00625,2.33
57401031,689,38.112500000000004,140.01874999999998,1.351
57401032,2306,38.112500000000004,140.03125,0.712
57401033,1721,38.112500000000004,140.04375,0.413
57401034,75,38.112500000000004,140.05625,1.492
57401040,48,38.12083333333334,140.00625,2.782
57401041,199,38.12083333333334,140.01874999999998,1.788
57401042,700,38.12083333333334,140.03125,0.729
57401043,457,38.12083333333334,140.04375,0.505
57401044,105,38.12083333333334,140.05625,1.54
57401047,1,38.12083333333334,140.09375,4.803
57401050,355,38.12916666666667,140.00625,3.104
57401051,148,38.12916666666667,140.01874999999998,2.139
57401052,202,38.12916666666667,140.03125,1.381
57401053,895,38.12916666666667,140.04375,1.278
57401054,162,38.12916666666667,140.05625,1.936
57401055,35,38.12916666666667,140.06875,2.873
57401057,15,38.12916666666667,140.09375,4.944
57401060,209,38.1375,140.00625,3.567
57401061,177,38.1375,140.01874999999998,2.769
57401062,146,38.1375,140.03125,2.237
57401063,482,38.1375,140.04375,2.174
57401064,152,38.1375,140.05625,2.616
57401065,55,38.1375,140.06875,3.369
57401070,49,38.145833333333336,140.00625,4.188
57401071,305,38.145833333333336,140.01874999999998,3.533
57401072,16,38.145833333333336,140.03125,3.133
57401073,193,38.145833333333336,140.04375,3.088
57401074,29,38.145833333333336,140.05625,3.414
57401075,422,38.145833333333336,140.06875,4.02
57401076,42,38.145833333333336,140.08124999999998,4.65
57401081,278,38.154166666666676,140.01874999999998,4.36
57401082,275,38.154166666666676,140.03125,4.043
57401083,190,38.154166666666676,140.04375,4.008
57401084,30,38.154166666666676,140.05625,4.264
57401085,281,38.154166666666676,140.06875,3.87
57401086,118,38.154166666666676,140.08124999999998,3.724
57401087,65,38.154166666666676,140.09375,3.405
57401088,24,38.154166666666676,140.10625,3.251
57401091,4,38.16250000000001,140.01874999999998,5.221
57401092,221,38.16250000000001,140.03125,4.959
57401093,181,38.16250000000001,140.04375,4.281
57401094,238,38.16250000000001,140.05625,3.526
57401095,198,38.16250000000001,140.06875,2.989
57401096,325,38.16250000000001,140.08124999999998,2.797
57401097,100,38.16250000000001,140.09375,2.521
57401098,49,38.16250000000001,140.10625,2.324
57401099,2,38.16250000000001,140.11875,2.573
57401101,118,38.087500000000006,140.14374999999998,1.809
57401102,15,38.087500000000006,140.15625,2.157
57401103,4,38.087500000000006,140.16875,2.902
57401104,206,38.087500000000006,140.18125,3.819
57401105,146,38.087500000000006,140.19375,4.775
57401106,146,38.087500000000006,140.20624999999998,5.289
57401111,7,38.09583333333334,140.14374999999998,2.735
57401112,71,38.09583333333334,140.15625,2.976
57401113,6,38.09583333333334,140.16875,3.554
57401115,171,38.09583333333334,140.19375,5.23
57401116,204,38.09583333333334,140.20624999999998,6.085
57401122,111,38.10416666666667,140.15625,3.845
57401125,57,38.10416666666667,140.19375,5.769
57401126,75,38.10416666666667,140.20624999999998,6.65
57401132,33,38.112500000000004,140.15625,4.736
57401134,14,38.112500000000004,140.18125,5.689
57401135,9,38.112500000000004,140.19375,6.397
57401136,45,38.112500000000004,140.20624999999998,6.747
57401137,68,38.112500000000004,140.21875,5.94
57401143,24,38.12083333333334,140.16875,5.963
57401146,15,38.12083333333334,140.20624999999998,6.203
57401147,300,38.12083333333334,140.21875,5.314
57401152,10,38.12916666666667,140.15625,6.547
57401153,50,38.12916666666667,140.16875,6.829
57401157,94,38.12916666666667,140.21875,4.787
57401158,5,38.12916666666667,140.23125,3.882
57401159,183,38.12916666666667,140.24375,3.1
57401162,39,38.1375,140.15625,6.727
57401163,2,38.1375,140.16875,7.485
57401172,8,38.145833333333336,140.15625,6.054
57401173,165,38.145833333333336,140.16875,6.887
57401177,8,38.145833333333336,140.21875,4.173
57401183,61,38.154166666666676,140.16875,6.367
57401184,40,38.154166666666676,140.18125,7.328
57401187,6,38.154166666666676,140.21875,4.152
57401194,6,38.16250000000001,140.18125,6.966
57401204,19,38.087500000000006,140.30625,6.409
57401209,10,38.087500000000006,140.36875,9.609
57401214,272,38.09583333333334,140.30625,5.534
57401215,23,38.09583333333334,140.31875,6.007
57401216,165,38.09583333333334,140.33124999999998,6.629
57401217,32,38.09583333333334,140.34375,7.362
57401222,16,38.10416666666667,140.28125,4.258
57401223,134,38.10416666666667,140.29375,4.337
57401224,80,38.10416666666667,140.30625,4.678
57401225,202,38.10416666666667,140.31875,5.23
57401226,1,38.10416666666667,140.33124999999998,5.933
57401227,28,38.10416666666667,140.34375,6.742
57401228,2,38.10416666666667,140.35625,7.622
57401230,227,38.112500000000004,140.25625,4.113
57401231,98,38.112500000000004,140.26874999999998,3.58
57401232,266,38.112500000000004,140.28125,3.333
57401233,233,38.112500000000004,140.29375,3.434
57401234,277,38.112500000000004,140.30625,3.856
57401235,20,38.112500000000004,140.31875,4.509
57401240,9,38.12083333333334,140.25625,3.408
57401241,301,38.12083333333334,140.26874999999998,2.741
57401242,275,38.12083333333334,140.28125,2.41
57401243,232,38.12083333333334,140.29375,2.547
57401244,186,38.12083333333334,140.30625,3.092
57401245,324,38.12083333333334,140.31875,3.876
57401246,11,38.12083333333334,140.33124999999998,4.783
57401249,7,38.12083333333334,140.36875,7.602
57401250,77,38.12916666666667,140.25625,2.557
57401251,370,38.12916666666667,140.26874999999998,1.982
57401252,177,38.12916666666667,140.28125,1.49
57401253,217,38.12916666666667,140.29375,1.704
57401254,88,38.12916666666667,140.30625,2.444
57401256,11,38.12916666666667,140.33124999999998,4.286
57401257,13,38.12916666666667,140.34375,5.231
57401258,46,38.12916666666667,140.35625,6.225
57401259,5,38.12916666666667,140.36875,7.248
57401260,214,38.1375,140.25625,1.713
57401261,595,38.1375,140.26874999999998,1.268
57401262,1919,38.1375,140.28125,0.593
57401263,21,38.1375,140.29375,1.017
57401267,13,38.1375,140.34375,4.881
57401268,19,38.1375,140.35625,5.934
57401270,254,38.145833333333336,140.25625,1.021
57401271,515,38.145833333333336,140.26874999999998,0.604
57401272,3770,38.145833333333336,140.28125,0.351
57401273,211,38.145833333333336,140.29375,0.594
57401276,120,38.145833333333336,140.33124999999998,3.607
57401277,17,38.145833333333336,140.34375,4.691
57401280,60,38.154166666666676,140.25625,0.933
57401281,2736,38.154166666666676,140.26874999999998,0.439
57401282,3129,38.154166666666676,140.28125,0.715
57401283,134,38.154166666666676,140.29375,0.473
57401284,44,38.154166666666676,140.30625,1.442
57401285,343,38.154166666666676,140.31875,2.509
57401286,187,38.154166666666676,140.33124999999998,3.592
57401289,3,38.154166666666676,140.36875,6.832
57401291,556,38.16250000000001,140.26874999999998,1.255
57401292,2417,38.16250000000001,140.28125,0.377
57401293,534,38.16250000000001,140.29375,0.603
57401294,440,38.16250000000001,140.30625,1.335
57401295,519,38.16250000000001,140.31875,2.364
57401296,91,38.16250000000001,140.33124999999998,3.433
57401297,127,38.16250000000001,140.34375,4.514
57401298,62,38.16250000000001,140.35625,5.599
57401299,14,38.16250000000001,140.36875,6.686
57401350,40,38.12916666666667,140.38125,8.289
57401391,122,38.16250000000001,140.39374999999998,8.357
57401393,7,38.16250000000001,140.41875,9.911
57402002,40,38.170833333333334,140.03125,4.719
57402003,208,38.170833333333334,140.04375,3.741
57402004,194,38.170833333333334,140.05625,2.848
57402005,55,38.170833333333334,140.06875,2.147
57402006,17,38.170833333333334,140.08124999999998,1.871
57402007,530,38.170833333333334,140.09375,1.684
57402008,80,38.170833333333334,140.10625,1.398
57402009,1,38.170833333333334,140.11875,1.781
57402012,40,38.17916666666667,140.03125,4.434
57402013,300,38.17916666666667,140.04375,3.375
57402014,175,38.17916666666667,140.05625,2.346
57402015,426,38.17916666666667,140.06875,1.415
57402017,746,38.17916666666667,140.09375,1.015
57402018,803,38.17916666666667,140.10625,0.471
57402019,159,38.17916666666667,140.11875,1.2
57402023,91,38.1875,140.04375,3.24
57402024,200,38.1875,140.05625,2.148
57402025,701,38.1875,140.06875,1.055
57402026,528,38.1875,140.08124999999998,0.041
57402027,363,38.1875,140.09375,0.972
57402028,930,38.1875,140.10625,0.456
57402029,417,38.1875,140.11875,1.194
57402033,98,38.19583333333333,140.04375,3.365
57402034,202,38.19583333333333,140.05625,2.332
57402035,216,38.19583333333333,140.06875,1.393
57402036,476,38.19583333333333,140.08124999999998,0.91
57402037,22,38.19583333333333,140.09375,1.451
57402038,122,38.19583333333333,140.10625,1.361
57402039,268,38.19583333333333,140.11875,1.768
57402043,22,38.204166666666666,140.04375,3.724
57402044,12,38.204166666666666,140.05625,2.825
57402045,127,38.204166666666666,140.06875,2.118
57402046,247,38.204166666666666,140.08124999999998,1.837
57402047,152,38.204166666666666,140.09375,2.156
57402048,46,38.204166666666666,140.10625,2.28
57402049,22,38.204166666666666,140.11875,2.559
57402055,148,38.2125,140.06875,2.958
57402056,16,38.2125,140.08124999999998,2.763
57402057,152,38.2125,140.09375,2.985
57402058,26,38.2125,140.10625,3.204
57402059,24,38.2125,140.11875,3.418
57402064,43,38.22083333333333,140.05625,4.269
57402065,16,38.22083333333333,140.06875,3.837
57402067,85,38.22083333333333,140.09375,3.859
57402074,6,38.229166666666664,140.05625,5.091
57402077,47,38.229166666666664,140.09375,4.752
57402087,2,38.237500000000004,140.09375,5.657
57402097,27,38.24583333333334,140.09375,6.567
57402098,13,38.24583333333334,140.10625,6.84
57402099,2,38.24583333333334,140.11875,6.722
57402104,8,38.170833333333334,140.18125,6.714
57402107,15,38.170833333333334,140.21875,4.695
57402114,26,38.17916666666667,140.18125,6.583
57402115,12,38.17916666666667,140.19375,7.062
57402117,13,38.17916666666667,140.21875,5.198
57402119,1,38.17916666666667,140.24375,3.701
57402120,71,38.1875,140.13125,2.243
57402124,95,38.1875,140.18125,6.582
57402125,9,38.1875,140.19375,7.521
57402127,62,38.1875,140.21875,5.807
57402128,49,38.1875,140.23125,5.087
57402129,48,38.1875,140.24375,4.162
57402130,129,38.19583333333333,140.13125,2.595
57402135,10,38.19583333333333,140.19375,7.782
57402136,48,38.19583333333333,140.20624999999998,7.236
57402137,2,38.19583333333333,140.21875,6.491
57402139,16,38.19583333333333,140.24375,4.76
57402140,174,38.204166666666666,140.13125,3.186
57402142,13,38.204166666666666,140.15625,4.952
57402150,255,38.2125,140.13125,3.91
57402152,4,38.2125,140.15625,5.445
57402160,10,38.22083333333333,140.13125,4.706
57402170,7,38.229166666666664,140.13125,5.542
57402171,87,38.229166666666664,140.14374999999998,6.058
57402174,2,38.229166666666664,140.18125,8.154
57402177,1,38.229166666666664,140.21875,7.633
57402180,22,38.237500000000004,140.13125,6.403
57402181,185,38.237500000000004,140.14374999999998,6.855
57402182,32,38.237500000000004,140.15625,6.885
57402186,2,38.237500000000004,140.20624999999998,7.514
57402187,51,38.237500000000004,140.21875,6.901
57402188,116,38.237500000000004,140.23125,6.416
57402189,53,38.237500000000004,140.24375,5.47
57402190,26,38.24583333333334,140.13125,6.291
57402192,17,38.24583333333334,140.15625,5.959
57402196,4,38.24583333333334,140.20624999999998,6.805
57402199,22,38.24583333333334,140.24375,5.189
57402202,1453,38.170833333333334,140.28125,0.576
57402203,1450,38.170833333333334,140.29375,0.348
57402204,572,38.170833333333334,140.30625,1.241
57402205,5,38.170833333333334,140.31875,2.313
57402206,92,38.170833333333334,140.33124999999998,3.398
57402207,126,38.170833333333334,140.34375,4.486
57402208,60,38.170833333333334,140.35625,5.381
57402209,2,38.170833333333334,140.36875,6.105
57402212,247,38.17916666666667,140.28125,1.496
57402213,347,38.17916666666667,140.29375,1.263
57402214,405,38.17916666666667,140.30625,1.736
57402215,310,38.17916666666667,140.31875,2.612
57402216,212,38.17916666666667,140.33124999999998,3.525
57402217,1,38.17916666666667,140.34375,3.995
57402220,5,38.1875,140.25625,3.334
57402221,17,38.1875,140.26874999999998,2.701
57402222,697,38.1875,140.28125,2.399
57402223,1108,38.1875,140.29375,2.188
57402224,337,38.1875,140.30625,2.491
57402225,1415,38.1875,140.31875,2.431
57402226,23,38.1875,140.33124999999998,2.657
57402229,17,38.1875,140.36875,4.877
57402231,27,38.19583333333333,140.26874999999998,3.555
57402232,9,38.19583333333333,140.28125,3.266
57402233,1971,38.19583333333333,140.29375,2.536
57402234,1426,38.19583333333333,140.30625,1.81
57402235,801,38.19583333333333,140.31875,1.505
57402236,96,38.19583333333333,140.33124999999998,1.847
57402238,107,38.19583333333333,140.35625,3.486
57402239,10,38.19583333333333,140.36875,4.186
57402240,1,38.204166666666666,140.25625,4.849
57402241,3,38.204166666666666,140.26874999999998,4.225
57402243,225,38.204166666666666,140.29375,2.093
57402244,3200,38.204166666666666,140.30625,1.106
57402245,2286,38.204166666666666,140.31875,0.579
57402246,55,38.204166666666666,140.33124999999998,1.217
57402248,25,38.204166666666666,140.35625,2.758
57402249,127,38.204166666666666,140.36875,3.603
57402250,49,38.2125,140.25625,4.848
57402251,487,38.2125,140.26874999999998,3.828
57402252,641,38.2125,140.28125,2.861
57402253,192,38.2125,140.29375,2.011
57402254,913,38.2125,140.30625,0.943
57402255,3614,38.2125,140.31875,0.342
57402256,2442,38.2125,140.33124999999998,0.844
57402257,303,38.2125,140.34375,1.341
57402258,24,38.2125,140.35625,2.188
57402259,46,38.2125,140.36875,3.008
57402260,5,38.22083333333333,140.25625,4.536
57402261,686,38.22083333333333,140.26874999999998,3.503
57402262,232,38.22083333333333,140.28125,2.489
57402263,266,38.22083333333333,140.29375,1.456
57402264,1209,38.22083333333333,140.30625,0.652
57402265,5701,38.22083333333333,140.31875,0.569
57402266,5826,38.22083333333333,140.33124999999998,0.3
57402267,4120,38.22083333333333,140.34375,0.832
57402268,224,38.22083333333333,140.35625,1.774
57402269,39,38.22083333333333,140.36875,2.223
57402270,222,38.229166666666664,140.25625,4.364
57402271,725,38.229166666666664,140.26874999999998,3.278
57402272,46,38.229166666666664,140.28125,2.196
57402273,213,38.229166666666664,140.29375,1.133
57402274,3354,38.229166666666664,140.30625,0.362
57402275,4943,38.229166666666664,140.31875,0.358
57402276,4942,38.229166666666664,140.33124999999998,0.285
57402277,4385,38.229166666666664,140.34375,0.36
57402278,1033,38.229166666666664,140.35625,0.871
57402280,83,38.237500000000004,140.25625,4.386
57402281,1023,38.237500000000004,140.26874999999998,3.306
57402282,74,38.237500000000004,140.28125,2.238
57402283,629,38.237500000000004,140.29375,1.214
57402284,4896,38.237500000000004,140.30625,0.566
57402285,6188,38.237500000000004,140.31875,0.279
57402286,4896,38.237500000000004,140.33124999999998,0.332
57402287,5710,38.237500000000004,140.34375,0.528
57402288,3011,38.237500000000004,140.35625,0.293
57402289,1571,38.237500000000004,140.36875,1.371
57402290,160,38.24583333333334,140.25625,4.598
57402291,484,38.24583333333334,140.26874999999998,3.583
57402292,605,38.24583333333334,140.28125,2.63
57402293,1826,38.24583333333334,140.29375,1.687
57402294,1325,38.24583333333334,140.30625,0.86
57402295,6911,38.24583333333334,140.31875,0.673
57402296,5626,38.24583333333334,140.33124999999998,0.091
57402297,6174,38.24583333333334,140.34375,0.507
57402298,5684,38.24583333333334,140.35625,0.455
57402299,3012,38.24583333333334,140.36875,1.474
57402301,208,38.170833333333334,140.39374999999998,7.704
57402302,4,38.170833333333334,140.40625,8.479
57402303,18,38.170833333333334,140.41875,9.294
57402313,6,38.17916666666667,140.41875,8.584
57402350,11,38.2125,140.38125,3.637
57402362,154,38.22083333333333,140.40625,4.963
57402363,68,38.22083333333333,140.41875,5.996
57402372,256,38.229166666666664,140.40625,4.715
57402373,150,38.229166666666664,140.41875,5.793
57402375,31,38.229166666666664,140.44375,7.961
57402376,3,38.229166666666664,140.45624999999998,9.047
57402380,825,38.237500000000004,140.38125,2.461
57402381,599,38.237500000000004,140.39374999999998,3.552
57402382,193,38.237500000000004,140.40625,4.643
57402383,9,38.237500000000004,140.41875,5.735
57402390,89,38.24583333333334,140.38125,2.553
57402391,240,38.24583333333334,140.39374999999998,3.64
57402392,36,38.24583333333334,140.40625,4.729
57403008,60,38.25416666666667,140.10625,6.557
57403018,33,38.2625,140.10625,5.876
57403029,35,38.270833333333336,140.11875,4.449
57403039,98,38.27916666666667,140.11875,3.842
57403048,36,38.2875,140.10625,4.408
57403049,244,38.2875,140.11875,3.384
57403057,11,38.295833333333334,140.09375,5.31
57403058,136,38.295833333333334,140.10625,4.223
57403059,59,38.295833333333334,140.11875,3.139
57403064,4,38.30416666666667,140.05625,8.584
57403065,9,38.30416666666667,140.06875,7.495
57403066,36,38.30416666666667,140.08124999999998,6.408
57403067,35,38.30416666666667,140.09375,5.322
57403068,12,38.30416666666667,140.10625,4.238
57403069,37,38.30416666666667,140.11875,3.158
57403079,28,38.3125,140.11875,3.437
57403098,61,38.32916666666667,140.10625,5.35
57403101,3,38.25416666666667,140.14374999999998,5.116
57403102,38,38.25416666666667,140.15625,5.033
57403103,1,38.25416666666667,140.16875,5.183
57403104,118,38.25416666666667,140.18125,5.548
57403105,24,38.25416666666667,140.19375,6.09
57403109,58,38.25416666666667,140.24375,4.299
57403112,18,38.2625,140.15625,4.107
57403115,200,38.2625,140.19375,5.35
57403116,13,38.2625,140.20624999999998,5.58
57403118,16,38.2625,140.23125,3.98
57403119,201,38.2625,140.24375,3.429
57403120,121,38.270833333333336,140.13125,3.767
57403122,6,38.270833333333336,140.15625,3.181
57403124,20,38.270833333333336,140.18125,3.946
57403125,17,38.270833333333336,140.19375,4.677
57403127,20,38.270833333333336,140.21875,4.158
57403128,63,38.270833333333336,140.23125,3.291
57403129,134,38.270833333333336,140.24375,2.599
57403130,170,38.27916666666667,140.13125,3.026
57403131,24,38.27916666666667,140.14374999999998,2.436
57403136,5,38.27916666666667,140.20624999999998,4.779
57403137,1,38.27916666666667,140.21875,3.742
57403139,211,38.27916666666667,140.24375,1.862
57403140,26,38.2875,140.13125,2.418
57403141,32,38.2875,140.14374999999998,1.619
57403143,29,38.2875,140.16875,1.82
57403145,32,38.2875,140.19375,3.678
57403146,105,38.2875,140.20624999999998,4.611
57403149,146,38.2875,140.24375,1.377
57403150,112,38.295833333333334,140.13125,2.062
57403151,248,38.295833333333334,140.14374999999998,1.013
57403152,355,38.295833333333334,140.15625,0.428
57403153,4,38.295833333333334,140.16875,1.311
57403154,36,38.295833333333334,140.18125,2.374
57403158,13,38.295833333333334,140.23125,2.473
57403160,245,38.30416666666667,140.13125,2.091
57403161,1042,38.30416666666667,140.14374999999998,1.072
57403162,453,38.30416666666667,140.15625,0.553
57403163,24,38.30416666666667,140.16875,1.357
57403164,72,38.30416666666667,140.18125,2.399
57403165,4,38.30416666666667,140.19375,3.472
57403166,4,38.30416666666667,140.20624999999998,4.553
57403169,14,38.30416666666667,140.24375,1.976
57403170,8,38.3125,140.13125,2.492
57403171,88,38.3125,140.14374999999998,1.729
57403172,172,38.3125,140.15625,1.465
57403174,9,38.3125,140.18125,2.756
57403176,1,38.3125,140.20624999999998,4.75
57403182,78,38.32083333333334,140.15625,2.388
57403183,147,38.32083333333334,140.16875,2.69
57403184,14,38.32083333333334,140.18125,3.34
57403185,13,38.32083333333334,140.19375,4.177
57403190,9,38.32916666666667,140.13125,3.879
57403192,37,38.32916666666667,140.15625,3.313
57403193,344,38.32916666666667,140.16875,3.537
57403194,10,38.32916666666667,140.18125,4.053
57403199,2,38.32916666666667,140.24375,3.064
57403200,25,38.25416666666667,140.25625,4.097
57403201,412,38.25416666666667,140.26874999999998,3.697
57403202,1105,38.25416666666667,140.28125,2.607
57403203,986,38.25416666666667,140.29375,1.52
57403204,2019,38.25416666666667,140.30625,0.454
57403205,6143,38.25416666666667,140.31875,0.143
57403206,3924,38.25416666666667,140.33124999999998,0.626
57403207,4541,38.25416666666667,140.34375,0.256
57403208,2187,38.25416666666667,140.35625,0.925
57403209,132,38.25416666666667,140.36875,1.887
57403210,447,38.2625,140.25625,3.173
57403211,181,38.2625,140.26874999999998,3.279
57403212,1500,38.2625,140.28125,2.825
57403213,475,38.2625,140.29375,1.804
57403214,339,38.2625,140.30625,0.869
57403215,6112,38.2625,140.31875,0.799
57403216,5286,38.2625,140.33124999999998,0.125
57403217,3951,38.2625,140.34375,0.529
57403218,4383,38.2625,140.35625,0.838
57403219,799,38.2625,140.36875,1.279
57403220,318,38.270833333333336,140.25625,2.25
57403221,354,38.270833333333336,140.26874999999998,2.397
57403222,684,38.270833333333336,140.28125,2.618
57403223,138,38.270833333333336,140.29375,1.638
57403224,530,38.270833333333336,140.30625,0.669
57403225,6349,38.270833333333336,140.31875,0.574
57403226,4980,38.270833333333336,140.33124999999998,0.068
57403227,4675,38.270833333333336,140.34375,0.492
57403228,5651,38.270833333333336,140.35625,0.152
57403229,486,38.270833333333336,140.36875,0.979
57403230,213,38.27916666666667,140.25625,1.331
57403231,2216,38.27916666666667,140.26874999999998,1.568
57403232,386,38.27916666666667,140.28125,1.918
57403233,543,38.27916666666667,140.29375,1.366
57403234,4374,38.27916666666667,140.30625,0.276
57403235,4849,38.27916666666667,140.31875,0.417
57403236,4233,38.27916666666667,140.33124999999998,0.025
57403237,2283,38.27916666666667,140.34375,0.973
57403238,3432,38.27916666666667,140.35625,0.504
57403239,1143,38.27916666666667,140.36875,1.374
57403240,1390,38.2875,140.25625,0.449
57403241,1315,38.2875,140.26874999999998,0.797
57403242,461,38.2875,140.28125,1.179
57403243,466,38.2875,140.29375,1.664
57403244,863,38.2875,140.30625,0.951
57403245,2414,38.2875,140.31875,0.161
57403246,961,38.2875,140.33124999999998,0.93
57403247,3186,38.2875,140.34375,1.453
57403248,511,38.2875,140.35625,1.403
57403249,457,38.2875,140.36875,1.898
57403250,1179,38.295833333333334,140.25625,0.589
57403251,2973,38.295833333333334,140.26874999999998,0.252
57403252,1209,38.295833333333334,140.28125,0.905
57403254,476,38.295833333333334,140.30625,1.379
57403255,301,38.295833333333334,140.31875,1.011
57403256,521,38.295833333333334,140.33124999999998,1.588
57403257,854,38.295833333333334,140.34375,0.672
57403258,555,38.295833333333334,140.35625,0.807
57403259,650,38.295833333333334,140.36875,1.797
57403260,869,38.30416666666667,140.25625,1.487
57403261,1151,38.30416666666667,140.26874999999998,1.1
57403262,61,38.30416666666667,140.28125,1.402
57403263,770,38.30416666666667,140.29375,2.258
57403264,1206,38.30416666666667,140.30625,2.148
57403265,58,38.30416666666667,140.31875,1.933
57403266,260,38.30416666666667,140.33124999999998,1.388
57403267,822,38.30416666666667,140.34375,0.626
57403268,1121,38.30416666666667,140.35625,0.769
57403269,1017,38.30416666666667,140.36875,1.78
57403270,122,38.3125,140.25625,2.387
57403272,2,38.3125,140.28125,1.645
57403273,301,38.3125,140.29375,2.087
57403274,1,38.3125,140.30625,2.896
57403275,252,38.3125,140.31875,2.212
57403276,470,38.3125,140.33124999999998,1.124
57403277,2076,38.3125,140.34375,0.11
57403278,2802,38.3125,140.35625,1.067
57403279,182,38.3125,140.36875,2.155
57403280,645,38.32083333333334,140.25625,2.091
57403281,207,38.32083333333334,140.26874999999998,1.126
57403282,222,38.32083333333334,140.28125,0.736
57403283,278,38.32083333333334,140.29375,1.481
57403284,210,38.32083333333334,140.30625,2.396
57403285,791,38.32083333333334,140.31875,2.439
57403286,5,38.32083333333334,140.33124999999998,1.523
57403287,932,38.32083333333334,140.34375,1.033
57403288,242,38.32083333333334,140.35625,1.481
57403289,96,38.32083333333334,140.36875,1.767
57403290,900,38.32916666666667,140.25625,1.974
57403291,94,38.32916666666667,140.26874999999998,0.883
57403292,1642,38.32916666666667,140.28125,0.207
57403293,131,38.32916666666667,140.29375,1.025
57403294,63,38.32916666666667,140.30625,1.773
57403295,447,38.32916666666667,140.31875,2.759
57403297,404,38.32916666666667,140.34375,1.96
57403298,3601,38.32916666666667,140.35625,1.315
57403299,1630,38.32916666666667,140.36875,0.842
57403323,128,38.270833333333336,140.41875,5.34
57403324,51,38.270833333333336,140.43125,6.431
57403330,4,38.27916666666667,140.38125,2.305
57403332,328,38.27916666666667,140.40625,4.369
57403333,5,38.27916666666667,140.41875,5.436
57403334,20,38.27916666666667,140.43125,6.511
57403342,413,38.2875,140.40625,4.673
57403351,147,38.295833333333334,140.39374999999998,3.941
57403352,196,38.295833333333334,140.40625,5.025
57403360,855,38.30416666666667,140.38125,2.851
57403361,790,38.30416666666667,140.39374999999998,3.933
57403362,15,38.30416666666667,140.40625,4.931
57403364,24,38.30416666666667,140.43125,6.609
57403365,111,38.30416666666667,140.44375,7.517
57403370,513,38.3125,140.38125,2.934
57403371,938,38.3125,140.39374999999998,3.514
57403372,264,38.3125,140.40625,4.297
57403373,219,38.3125,140.41875,5.192
57403374,385,38.3125,140.43125,6.086
57403375,198,38.3125,140.44375,6.976
57403376,15,38.3125,140.45624999999998,7.916
57403380,368,38.32083333333334,140.38125,2.117
57403381,637,38.32083333333334,140.39374999999998,2.866
57403382,229,38.32083333333334,140.40625,3.785
57403385,76,38.32083333333334,140.44375,6.522
57403390,261,38.32916666666667,140.38125,1.438
57403391,866,38.32916666666667,140.39374999999998,2.409
57403392,316,38.32916666666667,140.40625,3.228
57404009,38,38.337500000000006,140.11875,5.257
57404015,6,38.34583333333334,140.06875,9.084
57404019,9,38.34583333333334,140.11875,6.028
57404027,2,38.35416666666667,140.09375,8.068
57404033,5,38.362500000000004,140.04375,11.934
57404035,9,38.362500000000004,140.06875,10.251
57404036,2,38.362500000000004,140.08124999999998,9.485
57404037,1,38.362500000000004,140.09375,8.789
57404043,1,38.37083333333334,140.04375,12.501
57404044,37,38.37083333333334,140.05625,11.562
57404045,22,38.37083333333334,140.06875,10.613
57404046,2,38.37083333333334,140.08124999999998,9.694
57404047,91,38.37083333333334,140.09375,8.814
57404057,13,38.37916666666667,140.09375,8.273
57404058,13,38.37916666666667,140.10625,7.385
57404059,32,38.37916666666667,140.11875,6.557
57404069,73,38.3875,140.11875,5.956
57404084,7,38.404166666666676,140.05625,10.345
57404085,7,38.404166666666676,140.06875,9.274
57404093,1,38.41250000000001,140.04375,11.316
57404095,5,38.41250000000001,140.06875,9.145
57404103,225,38.337500000000006,140.16875,4.416
57404104,286,38.337500000000006,140.18125,4.839
57404105,14,38.337500000000006,140.19375,4.86
57404107,3,38.337500000000006,140.21875,4.321
57404112,115,38.34583333333334,140.15625,5.165
57404113,622,38.34583333333334,140.16875,5.312
57404114,74,38.34583333333334,140.18125,4.713
57404115,166,38.34583333333334,140.19375,4.055
57404116,130,38.34583333333334,140.20624999999998,3.585
57404125,45,38.35416666666667,140.19375,3.313
57404126,134,38.35416666666667,140.20624999999998,2.718
57404129,52,38.35416666666667,140.24375,2.911
57404133,3,38.362500000000004,140.16875,4.144
57404135,19,38.362500000000004,140.19375,2.563
57404136,354,38.362500000000004,140.20624999999998,1.908
57404137,258,38.362500000000004,140.21875,1.547
57404138,5,38.362500000000004,140.23125,1.791
57404139,489,38.362500000000004,140.24375,2.171
57404141,14,38.37083333333334,140.14374999999998,5.839
57404142,92,38.37083333333334,140.15625,4.781
57404143,156,38.37083333333334,140.16875,3.74
57404144,274,38.37083333333334,140.18125,2.738
57404145,476,38.37083333333334,140.19375,1.839
57404146,910,38.37083333333334,140.20624999999998,1.27
57404147,350,38.37083333333334,140.21875,0.632
57404148,747,38.37083333333334,140.23125,1.103
57404149,337,38.37083333333334,140.24375,1.634
57404150,5,38.37916666666667,140.13125,5.815
57404151,134,38.37916666666667,140.14374999999998,5.198
57404152,91,38.37916666666667,140.15625,4.624
57404153,75,38.37916666666667,140.16875,3.538
57404154,157,38.37916666666667,140.18125,2.455
57404155,1369,38.37916666666667,140.19375,1.383
57404156,1468,38.37916666666667,140.20624999999998,0.416
57404157,352,38.37916666666667,140.21875,0.295
57404158,160,38.37916666666667,140.23125,0.971
57404159,662,38.37916666666667,140.24375,1.531
57404160,59,38.3875,140.13125,5.129
57404161,31,38.3875,140.14374999999998,4.417
57404164,2,38.3875,140.18125,2.506
57404165,126,38.3875,140.19375,1.471
57404166,456,38.3875,140.20624999999998,0.649
57404167,47,38.3875,140.21875,1.027
57404169,19,38.3875,140.24375,1.924
57404174,2,38.395833333333336,140.18125,2.75
57404176,2,38.395833333333336,140.20624999999998,1.545
57404177,48,38.395833333333336,140.21875,1.738
57404178,427,38.395833333333336,140.23125,2.355
57404179,597,38.395833333333336,140.24375,2.587
57404184,6,38.404166666666676,140.18125,1.868
57404185,43,38.404166666666676,140.19375,2.487
57404186,62,38.404166666666676,140.20624999999998,2.464
57404187,202,38.404166666666676,140.21875,2.589
57404188,611,38.404166666666676,140.23125,3.116
57404189,398,38.404166666666676,140.24375,3.376
57404190,4,38.41250000000001,140.13125,3.752
57404192,127,38.41250000000001,140.15625,1.692
57404193,251,38.41250000000001,140.16875,0.901
57404194,234,38.41250000000001,140.18125,1.064
57404195,331,38.41250000000001,140.19375,1.956
57404196,258,38.41250000000001,140.20624999999998,2.982
57404197,528,38.41250000000001,140.21875,3.479
57404198,596,38.41250000000001,140.23125,3.887
57404199,172,38.41250000000001,140.24375,4.094
57404200,431,38.337500000000006,140.25625,2.166
57404201,1258,38.337500000000006,140.26874999999998,1.076
57404202,2782,38.337500000000006,140.28125,0.025
57404203,927,38.337500000000006,140.29375,0.415
57404204,743,38.337500000000006,140.30625,1.505
57404205,373,38.337500000000006,140.31875,2.595
57404206,138,38.337500000000006,140.33124999999998,2.867
57404207,1455,38.337500000000006,140.34375,1.873
57404208,1375,38.337500000000006,140.35625,1.016
57404209,3215,38.337500000000006,140.36875,0.117
57404210,263,38.34583333333334,140.25625,2.074
57404211,333,38.34583333333334,140.26874999999998,1.098
57404212,469,38.34583333333334,140.28125,0.698
57404213,2,38.34583333333334,140.29375,1.006
57404214,237,38.34583333333334,140.30625,1.762
57404215,742,38.34583333333334,140.31875,2.752
57404217,102,38.34583333333334,140.34375,1.614
57404218,1029,38.34583333333334,140.35625,0.524
57404219,3194,38.34583333333334,140.36875,0.149
57404220,163,38.35416666666667,140.25625,1.983
57404221,452,38.35416666666667,140.26874999999998,0.914
57404222,3302,38.35416666666667,140.28125,0.34
57404223,142,38.35416666666667,140.29375,1.331
57404225,535,38.35416666666667,140.31875,2.67
57404227,530,38.35416666666667,140.34375,1.849
57404228,977,38.35416666666667,140.35625,1.044
57404229,3975,38.35416666666667,140.36875,0.788
57404230,166,38.362500000000004,140.25625,1.62
57404231,325,38.362500000000004,140.26874999999998,1.267
57404232,1295,38.362500000000004,140.28125,0.52
57404233,600,38.362500000000004,140.29375,0.939
57404235,126,38.362500000000004,140.31875,2.028
57404236,26,38.362500000000004,140.33124999999998,2.987
57404237,10,38.362500000000004,140.34375,2.439
57404238,70,38.362500000000004,140.35625,1.515
57404239,4816,38.362500000000004,140.36875,0.445
57404240,930,38.37083333333334,140.25625,0.762
57404241,3990,38.37083333333334,140.26874999999998,0.93
57404242,3415,38.37083333333334,140.28125,0.295
57404243,2357,38.37083333333334,140.29375,0.569
57404244,310,38.37083333333334,140.30625,0.619
57404245,28,38.37083333333334,140.31875,1.679
57404246,858,38.37083333333334,140.33124999999998,2.762
57404247,406,38.37083333333334,140.34375,2.813
57404248,207,38.37083333333334,140.35625,1.839
57404249,3552,38.37083333333334,140.36875,0.801
57404250,1941,38.37916666666667,140.25625,0.504
57404251,2485,38.37916666666667,140.26874999999998,0.673
57404252,3002,38.37916666666667,140.28125,0.325
57404253,611,38.37916666666667,140.29375,0.863
57404254,596,38.37916666666667,140.30625,0.897
57404256,143,38.37916666666667,140.33124999999998,2.837
57404257,251,38.37916666666667,140.34375,2.947
57404258,746,38.37916666666667,140.35625,1.888
57404259,396,38.37916666666667,140.36875,0.908
57404260,436,38.3875,140.25625,1.235
57404261,464,38.3875,140.26874999999998,0.777
57404262,2108,38.3875,140.28125,0.32
57404263,46,38.3875,140.29375,1.405
57404264,110,38.3875,140.30625,1.716
57404265,197,38.3875,140.31875,2.319
57404266,136,38.3875,140.33124999999998,3.192
57404267,443,38.3875,140.34375,2.844
57404268,369,38.3875,140.35625,2.043
57404269,268,38.3875,140.36875,1.053
57404270,519,38.395833333333336,140.25625,2.107
57404271,9,38.395833333333336,140.26874999999998,1.251
57404272,693,38.395833333333336,140.28125,1.032
57404273,49,38.395833333333336,140.29375,1.714
57404274,845,38.395833333333336,140.30625,1.972
57404275,564,38.395833333333336,140.31875,2.032
57404277,403,38.395833333333336,140.34375,2.145
57404278,83,38.395833333333336,140.35625,1.511
57404279,206,38.395833333333336,140.36875,0.901
57404280,614,38.404166666666676,140.25625,2.668
57404281,153,38.404166666666676,140.26874999999998,2.061
57404282,750,38.404166666666676,140.28125,1.935
57404283,192,38.404166666666676,140.29375,1.822
57404284,52,38.404166666666676,140.30625,1.088
57404285,241,38.404166666666676,140.31875,1.192
57404286,312,38.404166666666676,140.33124999999998,1.976
57404287,179,38.404166666666676,140.34375,1.682
57404288,1593,38.404166666666676,140.35625,0.715
57404289,965,38.404166666666676,140.36875,0.513
57404290,267,38.41250000000001,140.25625,3.394
57404291,195,38.41250000000001,140.26874999999998,2.94
57404292,561,38.41250000000001,140.28125,2.461
57404293,297,38.41250000000001,140.29375,1.4
57404294,610,38.41250000000001,140.30625,0.441
57404295,1087,38.41250000000001,140.31875,0.555
57404296,18,38.41250000000001,140.33124999999998,1.599
57404297,308,38.41250000000001,140.34375,1.666
57404298,652,38.41250000000001,140.35625,0.677
57404299,84,38.41250000000001,140.36875,0.717
57404300,366,38.337500000000006,140.38125,1.071
57404301,728,38.337500000000006,140.39374999999998,1.804
57404310,552,38.34583333333334,140.38125,0.425
57404311,484,38.34583333333334,140.39374999999998,1.502
57404312,252,38.34583333333334,140.40625,2.295
57404320,1433,38.35416666666667,140.38125,0.169
57404321,252,38.35416666666667,140.39374999999998,0.895
57404327,3,38.35416666666667,140.46875,7.382
57404330,3574,38.362500000000004,140.38125,0.46
57404331,903,38.362500000000004,140.39374999999998,1.031
57404332,141,38.362500000000004,140.40625,2.018
57404333,3,38.362500000000004,140.41875,3.075
57404336,33,38.362500000000004,140.45624999999998,6.314
57404337,83,38.362500000000004,140.46875,7.4
57404340,3884,38.37083333333334,140.38125,0.316
57404341,205,38.37083333333334,140.39374999999998,1.169
57404342,72,38.37083333333334,140.40625,2.238
57404344,54,38.37083333333334,140.43125,4.381
57404345,4,38.37083333333334,140.44375,5.416
57404346,15,38.37083333333334,140.45624999999998,6.469
57404350,3663,38.37916666666667,140.38125,0.394
57404351,355,38.37916666666667,140.39374999999998,1.356
57404352,354,38.37916666666667,140.40625,2.428
57404353,348,38.37916666666667,140.41875,3.511
57404354,147,38.37916666666667,140.43125,4.567
57404358,16,38.37916666666667,140.48125,8.814
57404360,2248,38.3875,140.38125,0.646
57404361,448,38.3875,140.39374999999998,1.449
57404362,492,38.3875,140.40625,2.481
57404363,83,38.3875,140.41875,3.548
57404364,179,38.3875,140.43125,4.625
57404367,33,38.3875,140.46875,7.877
57404370,690,38.395833333333336,140.38125,0.97
57404372,23,38.395833333333336,140.40625,2.75
57404373,415,38.395833333333336,140.41875,3.612
57404374,159,38.395833333333336,140.43125,4.552
57404375,145,38.395833333333336,140.44375,5.547
57404376,25,38.395833333333336,140.45624999999998,6.572
57404377,25,38.395833333333336,140.46875,7.615
57404380,2782,38.404166666666676,140.38125,0.627
57404381,875,38.404166666666676,140.39374999999998,1.326
57404382,74,38.404166666666676,140.40625,2.195
57404383,1086,38.404166666666676,140.41875,3.181
57404384,158,38.404166666666676,140.43125,4.218
57404385,245,38.404166666666676,140.44375,5.277
57404386,70,38.404166666666676,140.45624999999998,6.319
57404387,35,38.404166666666676,140.46875,7.332
57404390,4940,38.41250000000001,140.38125,0.21
57404391,1311,38.41250000000001,140.39374999999998,0.823
57404392,852,38.41250000000001,140.40625,1.899
57404393,169,38.41250000000001,140.41875,2.984
57404394,262,38.41250000000001,140.43125,3.952
57404395,304,38.41250000000001,140.44375,4.97
57404396,262,38.41250000000001,140.45624999999998,6.002
57404397,166,38.41250000000001,140.46875,7.026
57404398,238,38.41250000000001,140.48125,8.068
57404399,44,38.41250000000001,140.49375,9.12
57405003,4,38.420833333333334,140.04375,11.287
57405009,22,38.420833333333334,140.11875,4.754
57405016,59,38.42916666666667,140.08124999999998,8.087
57405017,82,38.42916666666667,140.09375,7.009
57405018,11,38.42916666666667,140.10625,5.934
57405019,19,38.42916666666667,140.11875,4.866
57405025,34,38.4375,140.06875,9.319
57405026,58,38.4375,140.08124999999998,8.258
57405027,76,38.4375,140.09375,7.205
57405028,142,38.4375,140.10625,6.165
57405029,153,38.4375,140.11875,5.145
57405034,36,38.44583333333333,140.05625,10.6
57405035,6,38.44583333333333,140.06875,9.557
57405037,9,38.44583333333333,140.09375,7.511
57405038,18,38.44583333333333,140.10625,6.52
57405040,10,38.454166666666666,140.00625,15.044
57405044,12,38.454166666666666,140.05625,10.889
57405047,36,38.454166666666666,140.09375,7.915
57405048,127,38.454166666666666,140.10625,6.981
57405060,24,38.47083333333333,140.00625,15.617
57405070,10,38.479166666666664,140.00625,15.977
57405080,6,38.487500000000004,140.00625,16.381
57405100,30,38.420833333333334,140.13125,3.666
57405101,144,38.420833333333334,140.14374999999998,2.578
57405102,686,38.420833333333334,140.15625,1.491
57405103,425,38.420833333333334,140.16875,0.414
57405104,118,38.420833333333334,140.18125,0.702
57405105,2,38.420833333333334,140.19375,1.785
57405107,116,38.420833333333334,140.21875,3.961
57405108,2,38.420833333333334,140.23125,4.715
57405110,658,38.42916666666667,140.13125,3.81
57405111,555,38.42916666666667,140.14374999999998,2.779
57405112,82,38.42916666666667,140.15625,1.816
57405120,230,38.4375,140.13125,4.16
57405125,13,38.4375,140.19375,2.656
57405135,15,38.44583333333333,140.19375,3.401
57405136,49,38.44583333333333,140.20624999999998,4.078
57405138,92,38.44583333333333,140.23125,5.82
57405146,104,38.454166666666666,140.20624999999998,4.781
57405148,54,38.454166666666666,140.23125,6.332
57405149,28,38.454166666666666,140.24375,7.082
57405156,63,38.4625,140.20624999999998,5.55
57405161,1,38.47083333333333,140.14374999999998,6.234
57405201,113,38.420833333333334,140.26874999999998,3.551
57405202,505,38.420833333333334,140.28125,2.478
57405203,200,38.420833333333334,140.29375,1.43
57405204,1620,38.420833333333334,140.30625,0.566
57405205,2431,38.420833333333334,140.31875,0.743
57405206,78,38.420833333333334,140.33124999999998,1.203
57405207,283,38.420833333333334,140.34375,2.107
57405208,441,38.420833333333334,140.35625,1.457
57405209,104,38.420833333333334,140.36875,1.197
57405212,141,38.42916666666667,140.28125,2.818
57405213,288,38.42916666666667,140.29375,1.961
57405214,1165,38.42916666666667,140.30625,1.238
57405215,2650,38.42916666666667,140.31875,0.237
57405218,703,38.42916666666667,140.35625,2.346
57405219,618,38.42916666666667,140.36875,1.546
57405223,358,38.4375,140.29375,2.53
57405224,194,38.4375,140.30625,1.534
57405225,687,38.4375,140.31875,0.82
57405226,148,38.4375,140.33124999999998,1.168
57405227,32,38.4375,140.34375,2.104
57405228,678,38.4375,140.35625,2.805
57405229,646,38.4375,140.36875,1.822
57405233,11,38.44583333333333,140.29375,2.953
57405234,320,38.44583333333333,140.30625,2.161
57405235,424,38.44583333333333,140.31875,1.73
57405236,248,38.44583333333333,140.33124999999998,1.92
57405238,410,38.44583333333333,140.35625,2.975
57405239,220,38.44583333333333,140.36875,2.046
57405244,381,38.454166666666666,140.30625,2.495
57405245,466,38.454166666666666,140.31875,2.068
57405247,131,38.454166666666666,140.34375,2.736
57405248,29,38.454166666666666,140.35625,2.649
57405249,514,38.454166666666666,140.36875,1.611
57405254,338,38.4625,140.30625,1.818
57405255,281,38.4625,140.31875,1.165
57405256,47,38.4625,140.33124999999998,1.333
57405259,472,38.4625,140.36875,1.52
57405264,779,38.47083333333333,140.30625,1.451
57405265,235,38.47083333333333,140.31875,0.397
57405266,1062,38.47083333333333,140.33124999999998,0.76
57405274,61,38.479166666666664,140.30625,1.62
57405275,26,38.479166666666664,140.31875,0.821
57405276,181,38.479166666666664,140.33124999999998,1.046
57405277,155,38.479166666666664,140.34375,1.97
57405278,638,38.479166666666664,140.35625,0.973
57405279,156,38.479166666666664,140.36875,0.387
57405283,221,38.487500000000004,140.29375,3.029
57405284,34,38.487500000000004,140.30625,2.204
57405285,96,38.487500000000004,140.31875,1.705
57405286,474,38.487500000000004,140.33124999999998,1.824
57405287,156,38.487500000000004,140.34375,2.082
57405288,451,38.487500000000004,140.35625,1.081
57405293,103,38.49583333333334,140.29375,3.623
57405294,223,38.49583333333334,140.30625,2.968
57405295,153,38.49583333333334,140.31875,2.619
57405296,286,38.49583333333334,140.33124999999998,2.698
57405297,324,38.49583333333334,140.34375,2.504
57405298,559,38.49583333333334,140.35625,1.763
57405299,339,38.49583333333334,140.36875,1.52
57405300,2622,38.420833333333334,140.38125,0.653
57405301,278,38.420833333333334,140.39374999999998,0.737
57405302,21,38.420833333333334,140.40625,1.585
57405303,298,38.420833333333334,140.41875,2.618
57405304,453,38.420833333333334,140.43125,3.636
57405305,235,38.420833333333334,140.44375,4.672
57405306,186,38.420833333333334,140.45624999999998,5.727
57405307,150,38.420833333333334,140.46875,6.793
57405308,8,38.420833333333334,140.48125,7.865
57405310,2839,38.42916666666667,140.38125,0.458
57405311,2244,38.42916666666667,140.39374999999998,0.376
57405312,309,38.42916666666667,140.40625,1.276
57405313,91,38.42916666666667,140.41875,2.342
57405314,235,38.42916666666667,140.43125,3.423
57405315,49,38.42916666666667,140.44375,4.488
57405316,30,38.42916666666667,140.45624999999998,5.527
57405317,46,38.42916666666667,140.46875,6.583
57405318,5,38.42916666666667,140.48125,7.647
57405320,1852,38.4375,140.38125,1.038
57405321,3237,38.4375,140.39374999999998,0.571
57405322,1089,38.4375,140.40625,1.118
57405325,88,38.4375,140.44375,4.272
57405326,24,38.4375,140.45624999999998,5.353
57405327,50,38.4375,140.46875,6.437
57405330,939,38.44583333333333,140.38125,1.263
57405331,2401,38.44583333333333,140.39374999999998,0.387
57405332,795,38.44583333333333,140.40625,1.037
57405333,17,38.44583333333333,140.41875,2.09
57405340,864,38.454166666666666,140.38125,0.619
57405341,604,38.454166666666666,140.39374999999998,0.679
57405342,23,38.454166666666666,140.40625,1.617
57405350,1127,38.4625,140.38125,0.505
57405351,467,38.4625,140.39374999999998,0.727
57405360,530,38.47083333333333,140.38125,0.818
57405361,1524,38.47083333333333,140.39374999999998,0.2
57405370,1096,38.479166666666664,140.38125,0.108
57405371,3039,38.479166666666664,140.39374999999998,0.478
57405372,698,38.479166666666664,140.40625,1.49
57405380,263,38.487500000000004,140.38125,1.035
57405381,1484,38.487500000000004,140.39374999999998,1.283
57405382,50,38.487500000000004,140.40625,1.907
57405390,40,38.49583333333334,140.38125,1.962
57405391,654,38.49583333333334,140.39374999999998,2.187
57405392,216,38.49583333333334,140.40625,2.602
57405393,3,38.49583333333334,140.41875,3.336
57406205,385,38.50416666666667,140.31875,3.54
57406206,56,38.50416666666667,140.33124999999998,3.598
57406207,56,38.50416666666667,140.34375,3.151
57406208,2,38.50416666666667,140.35625,2.601
57406209,283,38.50416666666667,140.36875,2.443
57406215,235,38.5125,140.31875,4.463
57406216,80,38.5125,140.33124999999998,4.509
57406217,20,38.5125,140.34375,3.912
57406218,160,38.5125,140.35625,3.484
57406219,125,38.5125,140.36875,3.367
57406225,34,38.520833333333336,140.31875,5.387
57406226,52,38.520833333333336,140.33124999999998,5.284
57406227,32,38.520833333333336,140.34375,4.732
57406228,37,38.520833333333336,140.35625,4.385
57406229,27,38.520833333333336,140.36875,4.293
57406236,8,38.52916666666667,140.33124999999998,6.06
57406238,28,38.52916666666667,140.35625,5.295
57406239,63,38.52916666666667,140.36875,5.219
57406246,245,38.5375,140.33124999999998,6.874
57406248,235,38.5375,140.35625,6.21
57406249,122,38.5375,140.36875,6.145
57406256,2,38.545833333333334,140.33124999999998,6.926
57406257,427,38.545833333333334,140.34375,6.248
57406258,26,38.545833333333334,140.35625,5.699
57406259,2,38.545833333333334,140.36875,5.317
57406264,9,38.55416666666667,140.30625,8.016
57406265,18,38.55416666666667,140.31875,7.114
57406267,16,38.55416666666667,140.34375,5.513
57406268,86,38.55416666666667,140.35625,4.881
57406269,4,38.55416666666667,140.36875,4.429
57406273,57,38.5625,140.29375,8.563
57406274,86,38.5625,140.30625,7.571
57406278,20,38.5625,140.35625,4.11
57406279,210,38.5625,140.36875,3.561
57406288,122,38.57083333333334,140.35625,3.416
57406289,29,38.57083333333334,140.36875,2.732
57406299,182,38.57916666666667,140.36875,1.992
57406300,160,38.50416666666667,140.38125,2.745
57406301,391,38.50416666666667,140.39374999999998,3.085
57406302,220,38.50416666666667,140.40625,3.409
57406303,187,38.50416666666667,140.41875,3.998
57406304,11,38.50416666666667,140.43125,4.765
57406310,51,38.5125,140.38125,3.593
57406311,321,38.5125,140.39374999999998,3.966
57406320,89,38.520833333333336,140.38125,4.472
57406321,77,38.520833333333336,140.39374999999998,4.864
57406331,178,38.52916666666667,140.39374999999998,5.722
57406335,1,38.52916666666667,140.44375,7.527
57406340,8,38.5375,140.38125,6.066
57406341,253,38.5375,140.39374999999998,6.109
57406345,19,38.5375,140.44375,7.571
57406347,49,38.5375,140.46875,8.796
57406350,167,38.545833333333334,140.38125,5.141
57406351,250,38.545833333333334,140.39374999999998,5.191
57406352,64,38.545833333333334,140.40625,5.461
57406354,7,38.545833333333334,140.43125,6.267
57406355,4,38.545833333333334,140.44375,6.765
57406356,69,38.545833333333334,140.45624999999998,7.39
57406357,30,38.545833333333334,140.46875,8.103
57406359,57,38.545833333333334,140.49375,9.615
57406360,26,38.55416666666667,140.38125,4.216
57406361,112,38.55416666666667,140.39374999999998,4.277
57406362,161,38.55416666666667,140.40625,4.601
57406364,2,38.55416666666667,140.43125,5.425
57406365,31,38.55416666666667,140.44375,5.993
57406366,55,38.55416666666667,140.45624999999998,6.691
57406369,126,38.55416666666667,140.49375,9.033
57406370,210,38.5625,140.38125,3.293
57406371,2,38.5625,140.39374999999998,3.37
57406372,91,38.5625,140.40625,3.773
57406373,32,38.5625,140.41875,4.146
57406376,73,38.5625,140.45624999999998,5.986
57406377,160,38.5625,140.46875,6.759
57406378,9,38.5625,140.48125,7.609
57406379,33,38.5625,140.49375,8.513
57406380,47,38.57083333333334,140.38125,2.371
57406382,15,38.57083333333334,140.40625,3.004
57406383,26,38.57083333333334,140.41875,3.284
57406386,182,38.57083333333334,140.45624999999998,5.331
57406387,72,38.57083333333334,140.46875,6.186
57406388,254,38.57083333333334,140.48125,7.105
57406390,423,38.57916666666667,140.38125,1.457
57406391,1,38.57916666666667,140.39374999999998,1.625
57406392,65,38.57916666666667,140.40625,2.083
57406395,147,38.57916666666667,140.44375,3.903
57406396,58,38.57916666666667,140.45624999999998,4.767
57406398,48,38.57916666666667,140.48125,6.692
57406399,144,38.57916666666667,140.49375,7.704
57406440,79,38.5375,140.50625,11.044
57406450,64,38.545833333333334,140.50625,10.459
57406451,3,38.545833333333334,140.51874999999998,11.344
57406480,60,38.57083333333334,140.50625,9.055
57406481,10,38.57083333333334,140.51874999999998,10.064
57406482,72,38.57083333333334,140.53125,11.087
57406490,17,38.57916666666667,140.50625,8.734
57406491,5,38.57916666666667,140.51874999999998,9.776
57407060,15,38.6375,140.00625,14.15
57407070,15,38.645833333333336,140.00625,13.571
57407080,19,38.654166666666676,140.00625,13.032
57407122,16,38.60416666666667,140.15625,19.904
57407123,101,38.60416666666667,140.16875,18.82
57407132,25,38.612500000000004,140.15625,19.802
57407133,147,38.612500000000004,140.16875,18.909
57407142,3,38.62083333333334,140.15625,19.052
57407146,2,38.62083333333334,140.20624999999998,15.839
57407147,70,38.62083333333334,140.21875,14.777
57407148,20,38.62083333333334,140.23125,13.719
57407154,1,38.62916666666667,140.18125,17.051
57407157,76,38.62916666666667,140.21875,15.005
57407166,15,38.6375,140.20624999999998,15.154
57407167,6,38.6375,140.21875,14.564
57407174,3,38.645833333333336,140.18125,15.526
57407175,7,38.645833333333336,140.19375,14.906
57407176,7,38.645833333333336,140.20624999999998,14.341
57407177,18,38.645833333333336,140.21875,13.78
57407178,9,38.645833333333336,140.23125,13.218
57407183,8,38.654166666666676,140.16875,15.491
57407186,20,38.654166666666676,140.20624999999998,13.542
57407191,7,38.66250000000001,140.14374999999998,16.398
57407193,22,38.66250000000001,140.16875,14.813
57407196,19,38.66250000000001,140.20624999999998,12.761
57407209,780,38.587500000000006,140.36875,1.478
57407213,27,38.59583333333334,140.29375,7.921
57407218,100,38.59583333333334,140.35625,2.514
57407219,807,38.59583333333334,140.36875,1.455
57407223,29,38.60416666666667,140.29375,8.024
57407224,6,38.60416666666667,140.30625,6.956
57407228,253,38.60416666666667,140.35625,2.824
57407229,166,38.60416666666667,140.36875,1.942
57407231,24,38.612500000000004,140.26874999999998,10.336
57407237,6,38.612500000000004,140.34375,4.231
57407238,122,38.612500000000004,140.35625,3.368
57407239,324,38.612500000000004,140.36875,2.672
57407246,16,38.62083333333334,140.33124999999998,5.649
57407247,6,38.62083333333334,140.34375,4.794
57407249,171,38.62083333333334,140.36875,3.497
57407252,18,38.62916666666667,140.28125,9.898
57407256,111,38.62916666666667,140.33124999999998,6.222
57407257,303,38.62916666666667,140.34375,5.458
57407259,348,38.62916666666667,140.36875,4.277
57407268,69,38.6375,140.35625,5.635
57407269,226,38.6375,140.36875,5.049
57407272,53,38.645833333333336,140.28125,10.804
57407273,13,38.645833333333336,140.29375,9.918
57407276,2,38.645833333333336,140.33124999999998,7.58
57407277,57,38.645833333333336,140.34375,6.968
57407278,71,38.645833333333336,140.35625,6.416
57407279,153,38.645833333333336,140.36875,5.865
57407281,19,38.654166666666676,140.26874999999998,11.081
57407282,23,38.654166666666676,140.28125,10.818
57407284,5,38.654166666666676,140.30625,9.712
57407285,20,38.654166666666676,140.31875,8.983
57407286,7,38.654166666666676,140.33124999999998,8.332
57407287,2,38.654166666666676,140.34375,7.778
57407288,74,38.654166666666676,140.35625,7.196
57407289,160,38.654166666666676,140.36875,6.71
57407291,192,38.66250000000001,140.26874999999998,10.197
57407292,119,38.66250000000001,140.28125,9.911
57407293,77,38.66250000000001,140.29375,9.737
57407294,76,38.66250000000001,140.30625,9.683
57407295,25,38.66250000000001,140.31875,9.714
57407296,188,38.66250000000001,140.33124999999998,9.115
57407297,393,38.66250000000001,140.34375,8.559
57407298,62,38.66250000000001,140.35625,8.008
57407299,34,38.66250000000001,140.36875,7.574
57407300,570,38.587500000000006,140.38125,0.584
57407302,267,38.587500000000006,140.40625,1.17
57407304,45,38.587500000000006,140.43125,2.476
57407305,47,38.587500000000006,140.44375,3.355
57407306,16,38.587500000000006,140.45624999999998,4.33
57407307,10,38.587500000000006,140.46875,5.347
57407308,65,38.587500000000006,140.48125,6.388
57407309,180,38.587500000000006,140.49375,7.441
57407310,806,38.59583333333334,140.38125,0.525
57407311,185,38.59583333333334,140.39374999999998,0.493
57407312,866,38.59583333333334,140.40625,0.341
57407313,386,38.59583333333334,140.41875,1.051
57407314,7,38.59583333333334,140.43125,1.968
57407316,79,38.59583333333334,140.45624999999998,4.06
57407317,62,38.59583333333334,140.46875,5.131
57407318,77,38.59583333333334,140.48125,6.208
57407319,80,38.59583333333334,140.49375,7.287
57407320,8,38.60416666666667,140.38125,1.389
57407321,120,38.60416666666667,140.39374999999998,0.753
57407322,2852,38.60416666666667,140.40625,0.395
57407323,524,38.60416666666667,140.41875,0.75
57407326,11,38.60416666666667,140.45624999999998,3.993
57407327,119,38.60416666666667,140.46875,5.078
57407328,247,38.60416666666667,140.48125,6.164
57407329,1,38.60416666666667,140.49375,7.25
57407330,9,38.612500000000004,140.38125,2.158
57407331,18,38.612500000000004,140.39374999999998,1.615
57407332,793,38.612500000000004,140.40625,1.154
57407333,172,38.612500000000004,140.41875,1.318
57407334,119,38.612500000000004,140.43125,2.122
57407335,78,38.612500000000004,140.44375,3.103
57407336,101,38.612500000000004,140.45624999999998,4.137
57407337,152,38.612500000000004,140.46875,5.192
57407338,77,38.612500000000004,140.48125,6.258
57407340,157,38.62083333333334,140.38125,2.901
57407341,276,38.62083333333334,140.39374999999998,2.485
57407342,187,38.62083333333334,140.40625,2.055
57407343,9,38.62083333333334,140.41875,2.152
57407344,51,38.62083333333334,140.43125,2.72
57407345,374,38.62083333333334,140.44375,3.539
57407346,112,38.62083333333334,140.45624999999998,4.473
57407347,7,38.62083333333334,140.46875,5.463
57407348,270,38.62083333333334,140.48125,6.485
57407350,149,38.62916666666667,140.38125,3.727
57407351,76,38.62916666666667,140.39374999999998,3.284
57407352,45,38.62916666666667,140.40625,2.972
57407353,49,38.62916666666667,140.41875,3.04
57407354,47,38.62916666666667,140.43125,3.465
57407355,141,38.62916666666667,140.44375,4.139
57407356,226,38.62916666666667,140.45624999999998,4.961
57407357,4,38.62916666666667,140.46875,5.87
57407358,23,38.62916666666667,140.48125,6.831
57407359,14,38.62916666666667,140.49375,7.824
57407360,167,38.6375,140.38125,4.592
57407363,82,38.6375,140.41875,3.946
57407368,16,38.6375,140.48125,7.279
57407369,113,38.6375,140.49375,8.218
57407370,14,38.645833333333336,140.38125,5.428
57407371,79,38.645833333333336,140.39374999999998,5.016
57407372,187,38.645833333333336,140.40625,4.817
57407375,3,38.645833333333336,140.44375,5.613
57407378,1,38.645833333333336,140.48125,7.812
57407379,43,38.645833333333336,140.49375,8.693
57407381,85,38.654166666666676,140.39374999999998,5.909
57407382,227,38.654166666666676,140.40625,5.742
57407385,93,38.654166666666676,140.44375,6.423
57407386,5,38.654166666666676,140.45624999999998,6.982
57407389,90,38.654166666666676,140.49375,9.238
57407391,52,38.66250000000001,140.39374999999998,6.812
57407392,14,38.66250000000001,140.40625,6.667
57407399,32,38.66250000000001,140.49375,9.839
57407410,56,38.59583333333334,140.50625,8.368
57407460,12,38.6375,140.50625,9.19
57407490,7,38.66250000000001,140.50625,10.194
58390408,5,38.670833333333334,139.60625,13.883
58390409,238,38.670833333333334,139.61875,14.29
58390500,19,38.670833333333334,139.63125,14.767
58390509,50,38.670833333333334,139.74375,7.712
58390519,52,38.67916666666667,139.74375,7.232
58390520,179,38.6875,139.63125,13.792
58390521,188,38.6875,139.64374999999998,12.865
58390523,10,38.6875,139.66875,11.097
58390525,12,38.6875,139.69375,9.496
58390526,25,38.6875,139.70624999999998,8.787
58390529,90,38.6875,139.74375,6.845
58390531,249,38.69583333333333,139.64374999999998,12.392
58390532,52,38.69583333333333,139.65625,11.454
58390533,146,38.69583333333333,139.66875,10.544
58390534,102,38.69583333333333,139.68125,9.671
58390535,5,38.69583333333333,139.69375,8.844
58390536,91,38.69583333333333,139.70624999999998,8.079
58390538,113,38.69583333333333,139.73125,6.813
58390539,101,38.69583333333333,139.74375,6.336
58390542,4,38.704166666666666,139.65625,10.998
58390543,970,38.704166666666666,139.66875,10.047
58390544,16,38.704166666666666,139.68125,9.126
58390546,71,38.704166666666666,139.70624999999998,7.419
58390547,71,38.704166666666666,139.71875,6.666
58390548,248,38.704166666666666,139.73125,6.016
58390549,241,38.704166666666666,139.74375,5.504
58390553,2,38.7125,139.66875,9.614
58390554,5,38.7125,139.68125,8.647
58390557,61,38.7125,139.71875,5.994
58390558,454,38.7125,139.73125,5.261
58390559,155,38.7125,139.74375,4.667
58390564,559,38.72083333333333,139.68125,8.245
58390565,351,38.72083333333333,139.69375,7.258
58390567,110,38.72083333333333,139.71875,5.397
58390568,41,38.72083333333333,139.73125,4.57
58390569,113,38.72083333333333,139.74375,3.871
58390575,4,38.729166666666664,139.69375,6.899
58390577,147,38.729166666666664,139.71875,4.904
58390578,11,38.729166666666664,139.73125,3.976
58390587,13,38.737500000000004,139.71875,4.549
58390588,88,38.737500000000004,139.73125,3.528
58390589,60,38.737500000000004,139.74375,2.56
58390596,168,38.74583333333334,139.70624999999998,5.445
58390597,10,38.74583333333334,139.71875,4.365
58390599,89,38.74583333333334,139.74375,2.217
58390601,18,38.670833333333334,139.76874999999998,5.972
58390605,148,38.670833333333334,139.81875,1.765
58390607,317,38.670833333333334,139.84375,0.986
58390608,89,38.670833333333334,139.85625,1.853
58390609,258,38.670833333333334,139.86875,2.872
58390610,58,38.67916666666667,139.75625,6.296
58390611,11,38.67916666666667,139.76874999999998,5.414
58390615,12,38.67916666666667,139.81875,1.575
58390616,544,38.67916666666667,139.83124999999998,0.491
58390617,511,38.67916666666667,139.84375,0.595
58390618,229,38.67916666666667,139.85625,1.68
58390619,303,38.67916666666667,139.86875,2.765
58390620,200,38.6875,139.75625,5.847
58390621,80,38.6875,139.76874999999998,4.886
58390622,71,38.6875,139.78125,3.988
58390625,169,38.6875,139.81875,1.816
58390626,210,38.6875,139.83124999999998,1.028
58390627,488,38.6875,139.84375,1.082
58390628,165,38.6875,139.85625,1.908
58390629,134,38.6875,139.86875,2.909
58390630,93,38.69583333333333,139.75625,5.519
58390631,526,38.69583333333333,139.76874999999998,4.488
58390632,190,38.69583333333333,139.78125,3.49
58390634,180,38.69583333333333,139.80625,1.821
58390635,39,38.69583333333333,139.81875,1.553
58390636,403,38.69583333333333,139.83124999999998,1.895
58390637,429,38.69583333333333,139.84375,1.925
58390638,93,38.69583333333333,139.85625,2.485
58390639,45,38.69583333333333,139.86875,2.86
58390640,63,38.704166666666666,139.75625,4.91
58390641,50,38.704166666666666,139.76874999999998,4.175
58390642,64,38.704166666666666,139.78125,3.189
58390643,312,38.704166666666666,139.79375,2.135
58390644,235,38.704166666666666,139.80625,1.142
58390645,384,38.704166666666666,139.81875,0.634
58390646,758,38.704166666666666,139.83124999999998,1.229
58390647,160,38.704166666666666,139.84375,1.561
58390648,171,38.704166666666666,139.85625,1.738
58390649,213,38.704166666666666,139.86875,2.039
58390650,107,38.7125,139.75625,4.27
58390651,213,38.7125,139.76874999999998,3.485
58390652,5,38.7125,139.78125,2.796
58390653,512,38.7125,139.79375,1.962
58390654,1981,38.7125,139.80625,0.969
58390655,2437,38.7125,139.81875,0.33
58390656,3756,38.7125,139.83124999999998,0.313
58390657,1198,38.7125,139.84375,0.658
58390658,245,38.7125,139.85625,0.981
58390659,227,38.7125,139.86875,1.361
58390660,158,38.72083333333333,139.75625,3.383
58390661,98,38.72083333333333,139.76874999999998,2.928
58390662,86,38.72083333333333,139.78125,2.061
58390663,83,38.72083333333333,139.79375,1.508
58390664,2793,38.72083333333333,139.80625,0.886
58390665,4856,38.72083333333333,139.81875,0.475
58390666,4334,38.72083333333333,139.83124999999998,0.349
58390667,3415,38.72083333333333,139.84375,0.272
58390668,795,38.72083333333333,139.85625,0.788
58390669,403,38.72083333333333,139.86875,1.125
58390670,164,38.729166666666664,139.75625,2.524
58390671,61,38.729166666666664,139.76874999999998,2.275
58390672,591,38.729166666666664,139.78125,1.548
58390673,608,38.729166666666664,139.79375,0.65
58390674,5808,38.729166666666664,139.80625,0.566
58390675,3100,38.729166666666664,139.81875,0.188
58390676,2503,38.729166666666664,139.83124999999998,0.537
58390677,2816,38.729166666666664,139.84375,0.508
58390678,179,38.729166666666664,139.85625,1.273
58390679,107,38.729166666666664,139.86875,1.548
58390680,118,38.737500000000004,139.75625,1.735
58390681,235,38.737500000000004,139.76874999999998,1.348
58390682,37,38.737500000000004,139.78125,1.238
58390683,681,38.737500000000004,139.79375,0.536
58390684,3987,38.737500000000004,139.80625,0.439
58390685,4655,38.737500000000004,139.81875,0.243
58390686,2880,38.737500000000004,139.83124999999998,0.149
58390687,2948,38.737500000000004,139.84375,0.364
58390688,799,38.737500000000004,139.85625,1.448
58390689,191,38.737500000000004,139.86875,2.29
58390690,685,38.74583333333334,139.75625,1.171
58390691,2132,38.74583333333334,139.76874999999998,0.422
58390692,329,38.74583333333334,139.78125,0.329
58390693,496,38.74583333333334,139.79375,1.244
58390694,214,38.74583333333334,139.80625,1.335
58390695,115,38.74583333333334,139.81875,1.072
58390696,2338,38.74583333333334,139.83124999999998,0.3
58390697,1647,38.74583333333334,139.84375,0.124
58390698,48,38.74583333333334,139.85625,1.121
58390699,66,38.74583333333334,139.86875,2.202
58390700,74,38.670833333333334,139.88125,3.927
58390701,106,38.670833333333334,139.89374999999998,4.995
58390702,15,38.670833333333334,139.90625,5.82
58390703,87,38.670833333333334,139.91875,6.3
58390706,92,38.670833333333334,139.95624999999998,8.442
58390710,65,38.67916666666667,139.88125,3.849
58390711,147,38.67916666666667,139.89374999999998,4.609
58390712,192,38.67916666666667,139.90625,4.97
58390713,101,38.67916666666667,139.91875,5.524
58390714,19,38.67916666666667,139.93125,6.22
58390715,4,38.67916666666667,139.94375,7.015
58390716,6,38.67916666666667,139.95624999999998,7.879
58390717,6,38.67916666666667,139.96875,8.793
58390719,22,38.67916666666667,139.99375,10.716
58390720,47,38.6875,139.88125,3.56
58390721,29,38.6875,139.89374999999998,3.713
58390723,118,38.6875,139.91875,4.802
58390724,44,38.6875,139.93125,5.588
58390725,18,38.6875,139.94375,6.461
58390729,7,38.6875,139.99375,10.362
58390730,78,38.69583333333333,139.88125,2.634
58390731,88,38.69583333333333,139.89374999999998,2.836
58390733,135,38.69583333333333,139.91875,4.162
58390734,72,38.69583333333333,139.93125,5.049
58390735,125,38.69583333333333,139.94375,6.001
58390740,55,38.704166666666666,139.88125,1.707
58390741,18,38.704166666666666,139.89374999999998,2.006
58390742,13,38.704166666666666,139.90625,2.736
58390743,50,38.704166666666666,139.91875,3.647
58390744,4,38.704166666666666,139.93125,4.633
58390745,54,38.704166666666666,139.94375,5.655
58390746,76,38.704166666666666,139.95624999999998,6.697
58390747,184,38.704166666666666,139.96875,7.751
58390750,314,38.7125,139.88125,0.781
58390751,50,38.7125,139.89374999999998,1.311
58390752,198,38.7125,139.90625,2.276
58390753,190,38.7125,139.91875,3.315
58390754,127,38.7125,139.93125,4.377
58390755,143,38.7125,139.94375,5.447
58390756,492,38.7125,139.95624999999998,6.523
58390760,318,38.72083333333333,139.88125,0.15
58390761,458,38.72083333333333,139.89374999999998,1.063
58390762,239,38.72083333333333,139.90625,2.143
58390763,444,38.72083333333333,139.91875,3.225
58390764,92,38.72083333333333,139.93125,4.309
58390765,376,38.72083333333333,139.94375,5.393
58390766,127,38.72083333333333,139.95624999999998,6.473
58390770,144,38.729166666666664,139.88125,1.074
58390771,78,38.729166666666664,139.89374999999998,1.504
58390772,102,38.729166666666664,139.90625,2.392
58390773,267,38.729166666666664,139.91875,3.396
58390774,75,38.729166666666664,139.93125,4.311
58390775,6,38.729166666666664,139.94375,5.047
58390776,9,38.729166666666664,139.95624999999998,5.892
58390777,8,38.729166666666664,139.96875,6.804
58390780,153,38.737500000000004,139.88125,2.0
58390781,148,38.737500000000004,139.89374999999998,2.26
58390782,146,38.737500000000004,139.90625,2.53
58390783,56,38.737500000000004,139.91875,2.93
58390784,186,38.737500000000004,139.93125,3.622
58390785,104,38.737500000000004,139.94375,4.473
58390786,117,38.737500000000004,139.95624999999998,5.408
58390787,122,38.737500000000004,139.96875,6.373
58390790,135,38.74583333333334,139.88125,2.308
58390791,20,38.74583333333334,139.89374999999998,1.678
58390792,119,38.74583333333334,139.90625,1.628
58390793,99,38.74583333333334,139.91875,2.199
58390794,166,38.74583333333334,139.93125,3.061
58390795,132,38.74583333333334,139.94375,4.032
58390796,24,38.74583333333334,139.95624999999998,4.951
58390797,209,38.74583333333334,139.96875,5.869
58391508,39,38.75416666666667,139.73125,3.299
58391509,2,38.75416666666667,139.74375,2.234
58391517,39,38.7625,139.71875,4.574
58391518,603,38.7625,139.73125,3.561
58391519,11,38.7625,139.74375,2.605
58391528,7,38.770833333333336,139.73125,4.024
58391529,95,38.770833333333336,139.74375,3.209
58391539,91,38.77916666666667,139.74375,3.94
58391600,509,38.75416666666667,139.75625,1.204
58391601,1233,38.75416666666667,139.76874999999998,0.505
58391602,22,38.75416666666667,139.78125,0.633
58391603,89,38.75416666666667,139.79375,1.357
58391604,66,38.75416666666667,139.80625,2.227
58391605,426,38.75416666666667,139.81875,1.598
58391606,707,38.75416666666667,139.83124999999998,0.928
58391607,1484,38.75416666666667,139.84375,0.207
58391608,156,38.75416666666667,139.85625,1.255
58391609,92,38.75416666666667,139.86875,2.336
58391611,391,38.7625,139.76874999999998,1.432
58391612,25,38.7625,139.78125,1.553
58391614,175,38.7625,139.80625,2.764
58391615,61,38.7625,139.81875,2.157
58391616,65,38.7625,139.83124999999998,1.219
58391617,144,38.7625,139.84375,0.818
58391618,293,38.7625,139.85625,1.478
58391619,29,38.7625,139.86875,2.05
58391621,350,38.770833333333336,139.76874999999998,2.358
58391622,57,38.770833333333336,139.78125,2.477
58391623,88,38.770833333333336,139.79375,2.753
58391624,76,38.770833333333336,139.80625,3.371
58391625,23,38.770833333333336,139.81875,2.645
58391626,206,38.770833333333336,139.83124999999998,1.847
58391627,141,38.770833333333336,139.84375,0.855
58391628,414,38.770833333333336,139.85625,0.633
58391629,261,38.770833333333336,139.86875,1.555
58391630,728,38.77916666666667,139.75625,3.462
58391631,29,38.77916666666667,139.76874999999998,3.285
58391632,164,38.77916666666667,139.78125,3.403
58391633,34,38.77916666666667,139.79375,3.609
58391634,149,38.77916666666667,139.80625,3.968
58391635,87,38.77916666666667,139.81875,2.893
58391636,101,38.77916666666667,139.83124999999998,1.829
58391637,712,38.77916666666667,139.84375,0.815
58391638,505,38.77916666666667,139.85625,0.578
58391639,69,38.77916666666667,139.86875,1.533
58391640,427,38.7875,139.75625,4.351
58391641,810,38.7875,139.76874999999998,4.212
58391642,20,38.7875,139.78125,4.329
58391643,163,38.7875,139.79375,4.493
58391644,275,38.7875,139.80625,4.171
58391645,204,38.7875,139.81875,3.165
58391646,22,38.7875,139.83124999999998,2.235
58391647,348,38.7875,139.84375,1.521
58391648,245,38.7875,139.85625,1.409
58391649,56,38.7875,139.86875,2.0
58391651,35,38.795833333333334,139.76874999999998,5.138
58391653,139,38.795833333333334,139.79375,4.332
58391654,81,38.795833333333334,139.80625,3.508
58391655,114,38.795833333333334,139.81875,2.862
58391656,91,38.795833333333334,139.83124999999998,2.535
58391657,613,38.795833333333334,139.84375,2.384
58391658,221,38.795833333333334,139.85625,2.313
58391659,16,38.795833333333334,139.86875,2.714
58391661,90,38.80416666666667,139.76874999999998,5.909
58391662,14,38.80416666666667,139.78125,4.875
58391663,100,38.80416666666667,139.79375,3.867
58391664,205,38.80416666666667,139.80625,2.915
58391665,81,38.80416666666667,139.81875,2.093
58391666,47,38.80416666666667,139.83124999999998,1.617
58391667,132,38.80416666666667,139.84375,1.786
58391668,532,38.80416666666667,139.85625,2.473
58391669,336,38.80416666666667,139.86875,3.374
58391674,16,38.8125,139.80625,2.53
58391677,670,38.8125,139.84375,1.047
58391678,705,38.8125,139.85625,2.005
58391679,409,38.8125,139.86875,3.048
58391682,333,38.82083333333334,139.78125,4.614
58391684,98,38.82083333333334,139.80625,2.455
58391687,452,38.82083333333334,139.84375,0.849
58391688,55,38.82083333333334,139.85625,1.909
58391689,19,38.82083333333334,139.86875,2.985
58391692,954,38.82916666666667,139.78125,4.757
58391693,19,38.82916666666667,139.79375,3.718
58391694,98,38.82916666666667,139.80625,2.714
58391696,464,38.82916666666667,139.83124999999998,1.218
58391697,156,38.82916666666667,139.84375,1.436
58391698,130,38.82916666666667,139.85625,2.233
58391699,256,38.82916666666667,139.86875,3.001
58391700,223,38.75416666666667,139.88125,1.816
58391701,339,38.75416666666667,139.89374999999998,0.885
58391702,2,38.75416666666667,139.90625,0.786
58391703,36,38.75416666666667,139.91875,1.674
58391704,103,38.75416666666667,139.93125,2.694
58391705,38,38.75416666666667,139.94375,3.533
58391706,229,38.75416666666667,139.95624999999998,4.479
58391710,10,38.7625,139.88125,1.727
58391711,799,38.7625,139.89374999999998,0.684
58391712,471,38.7625,139.90625,0.551
58391713,194,38.7625,139.91875,1.282
58391714,96,38.7625,139.93125,2.126
58391715,59,38.7625,139.94375,3.122
58391716,240,38.7625,139.95624999999998,4.162
58391720,13,38.770833333333336,139.88125,2.094
58391721,560,38.770833333333336,139.89374999999998,1.368
58391722,1441,38.770833333333336,139.90625,0.31
58391723,141,38.770833333333336,139.91875,0.791
58391724,77,38.770833333333336,139.93125,1.871
58391726,77,38.770833333333336,139.95624999999998,4.038
58391731,165,38.77916666666667,139.89374999999998,1.617
58391732,100,38.77916666666667,139.90625,0.892
58391733,132,38.77916666666667,139.91875,1.151
58391734,209,38.77916666666667,139.93125,2.05
58391735,79,38.77916666666667,139.94375,3.07
58391736,14,38.77916666666667,139.95624999999998,4.123
58391737,17,38.77916666666667,139.96875,5.189
58391740,306,38.7875,139.88125,2.892
58391741,251,38.7875,139.89374999999998,2.243
58391742,569,38.7875,139.90625,1.792
58391743,115,38.7875,139.91875,1.934
58391744,178,38.7875,139.93125,2.572
58391745,139,38.7875,139.94375,3.441
58391747,740,38.7875,139.96875,5.416
58391748,303,38.7875,139.98125,6.45
58391749,178,38.7875,139.99375,7.498
58391750,122,38.795833333333334,139.88125,3.425
58391752,9,38.795833333333334,139.90625,2.71
58391753,1,38.795833333333334,139.91875,2.806
58391754,20,38.795833333333334,139.93125,3.279
58391755,104,38.795833333333334,139.94375,3.997
58391756,130,38.795833333333334,139.95624999999998,4.853
58391757,866,38.795833333333334,139.96875,5.785
58391758,286,38.795833333333334,139.98125,6.763
58391759,197,38.795833333333334,139.99375,7.769
58391760,38,38.80416666666667,139.88125,4.101
58391761,101,38.80416666666667,139.89374999999998,3.875
58391762,92,38.80416666666667,139.90625,3.633
58391763,238,38.80416666666667,139.91875,3.705
58391764,287,38.80416666666667,139.93125,4.074
58391765,92,38.80416666666667,139.94375,4.672
58391766,17,38.80416666666667,139.95624999999998,5.422
58391767,13,38.80416666666667,139.96875,6.27
58391768,46,38.80416666666667,139.98125,7.182
58391769,163,38.80416666666667,139.99375,8.136
58391770,101,38.8125,139.88125,3.825
58391771,56,38.8125,139.89374999999998,3.58
58391772,248,38.8125,139.90625,3.558
58391773,40,38.8125,139.91875,3.83
58391774,33,38.8125,139.93125,4.363
58391775,372,38.8125,139.94375,5.073
58391776,372,38.8125,139.95624999999998,5.898
58391777,16,38.8125,139.96875,6.796
58391778,13,38.8125,139.98125,7.691
58391779,118,38.8125,139.99375,8.588
58391781,36,38.82083333333334,139.89374999999998,2.658
58391782,112,38.82083333333334,139.90625,2.638
58391783,237,38.82083333333334,139.91875,2.996
58391784,218,38.82083333333334,139.93125,3.652
58391785,139,38.82083333333334,139.94375,4.477
58391786,278,38.82083333333334,139.95624999999998,5.394
58391788,203,38.82083333333334,139.98125,7.364
58391789,4,38.82083333333334,139.99375,8.385
58391790,110,38.82916666666667,139.88125,2.201
58391791,44,38.82916666666667,139.89374999999998,1.74
58391792,173,38.82916666666667,139.90625,1.727
58391793,162,38.82916666666667,139.91875,2.236
58391794,312,38.82916666666667,139.93125,3.059
58391795,336,38.82916666666667,139.94375,4.008
58391797,2,38.82916666666667,139.96875,6.042
58391798,31,38.82916666666667,139.98125,7.088
58392604,2,38.8375,139.80625,3.228
58392605,3,38.8375,139.81875,2.512
58392606,33,38.8375,139.83124999999998,2.131
58392609,242,38.8375,139.86875,2.585
58392613,31,38.84583333333333,139.79375,4.653
58392615,557,38.84583333333333,139.81875,3.329
58392617,371,38.84583333333333,139.84375,3.146
58392618,404,38.84583333333333,139.85625,3.548
58392619,62,38.84583333333333,139.86875,2.466
58392623,3,38.854166666666664,139.79375,5.305
58392625,475,38.854166666666664,139.81875,4.193
58392627,308,38.854166666666664,139.84375,4.048
58392628,45,38.854166666666664,139.85625,3.702
58392629,144,38.854166666666664,139.86875,2.683
58392635,103,38.8625,139.81875,4.399
58392636,58,38.8625,139.83124999999998,3.897
58392637,164,38.8625,139.84375,3.656
58392638,18,38.8625,139.85625,3.632
58392639,154,38.8625,139.86875,3.167
58392645,339,38.87083333333333,139.81875,3.598
58392646,171,38.87083333333333,139.83124999999998,3.048
58392647,4,38.87083333333333,139.84375,2.733
58392649,292,38.87083333333333,139.86875,2.963
58392653,156,38.87916666666666,139.79375,3.308
58392654,461,38.87916666666666,139.80625,2.806
58392655,38,38.87916666666666,139.81875,2.673
58392656,2073,38.87916666666666,139.83124999999998,2.262
58392657,65,38.87916666666666,139.84375,1.815
58392658,230,38.87916666666666,139.85625,1.781
58392659,6,38.87916666666666,139.86875,2.151
58392664,92,38.887499999999996,139.80625,1.948
58392665,73,38.887499999999996,139.81875,1.751
58392666,653,38.887499999999996,139.83124999999998,1.564
58392667,314,38.887499999999996,139.84375,0.914
58392668,1573,38.887499999999996,139.85625,0.86
58392669,250,38.887499999999996,139.86875,1.48
58392674,1600,38.89583333333333,139.80625,1.196
58392675,932,38.89583333333333,139.81875,0.837
58392676,12,38.89583333333333,139.83124999999998,1.047
58392677,2001,38.89583333333333,139.84375,0.274
58392678,1532,38.89583333333333,139.85625,0.107
58392679,11,38.89583333333333,139.86875,1.14
58392684,805,38.90416666666667,139.80625,0.885
58392685,2794,38.90416666666667,139.81875,0.234
58392686,1449,38.90416666666667,139.83124999999998,0.726
58392687,4487,38.90416666666667,139.84375,0.546
58392688,3922,38.90416666666667,139.85625,0.575
58392689,720,38.90416666666667,139.86875,1.409
58392694,370,38.9125,139.80625,1.362
58392695,571,38.9125,139.81875,1.061
58392696,1271,38.9125,139.83124999999998,0.281
58392697,3581,38.9125,139.84375,0.783
58392698,4875,38.9125,139.85625,1.002
58392699,561,38.9125,139.86875,0.899
58392700,202,38.8375,139.88125,1.589
58392701,84,38.8375,139.89374999999998,0.842
58392702,1934,38.8375,139.90625,0.851
58392703,365,38.8375,139.91875,1.655
58392704,202,38.8375,139.93125,2.664
58392705,10,38.8375,139.94375,3.715
58392706,19,38.8375,139.95624999999998,4.78
58392710,277,38.84583333333333,139.88125,1.387
58392711,759,38.84583333333333,139.89374999999998,0.328
58392712,2403,38.84583333333333,139.90625,0.425
58392713,33,38.84583333333333,139.91875,1.482
58392714,150,38.84583333333333,139.93125,2.56
58392716,417,38.84583333333333,139.95624999999998,4.723
58392720,346,38.854166666666664,139.88125,1.743
58392721,1266,38.854166666666664,139.89374999999998,1.026
58392722,1539,38.854166666666664,139.90625,1.164
58392723,167,38.854166666666664,139.91875,1.836
58392725,8,38.854166666666664,139.94375,3.799
58392726,760,38.854166666666664,139.95624999999998,4.365
58392727,19,38.854166666666664,139.96875,4.947
58392729,16,38.854166666666664,139.99375,6.507
58392730,207,38.8625,139.88125,2.385
58392731,145,38.8625,139.89374999999998,1.916
58392732,110,38.8625,139.90625,1.999
58392733,84,38.8625,139.91875,2.502
58392734,232,38.8625,139.93125,2.978
58392735,177,38.8625,139.94375,3.099
58392736,780,38.8625,139.95624999999998,3.561
58392737,11,38.8625,139.96875,4.255
58392738,2,38.8625,139.98125,5.086
58392739,65,38.8625,139.99375,5.998
58392740,601,38.87083333333333,139.88125,3.166
58392741,212,38.87083333333333,139.89374999999998,2.829
58392742,132,38.87083333333333,139.90625,2.437
58392743,177,38.87083333333333,139.91875,2.167
58392744,184,38.87083333333333,139.93125,2.054
58392745,118,38.87083333333333,139.94375,2.227
58392746,84,38.87083333333333,139.95624999999998,2.835
58392747,56,38.87083333333333,139.96875,3.668
58392749,72,38.87083333333333,139.99375,5.596
58392750,90,38.87916666666666,139.88125,2.902
58392752,21,38.87916666666666,139.90625,1.668
58392753,10,38.87916666666666,139.91875,1.241
58392755,345,38.87916666666666,139.94375,1.424
58392756,146,38.87916666666666,139.95624999999998,2.259
58392757,66,38.87916666666666,139.96875,3.244
58392758,63,38.87916666666666,139.98125,4.276
58392759,38,38.87916666666666,139.99375,5.328
58392760,228,38.887499999999996,139.88125,2.441
58392761,3,38.887499999999996,139.89374999999998,2.22
58392762,225,38.887499999999996,139.90625,1.159
58392763,1128,38.887499999999996,139.91875,0.315
58392764,621,38.887499999999996,139.93125,0.277
58392765,123,38.887499999999996,139.94375,0.902
58392766,109,38.887499999999996,139.95624999999998,1.972
58392767,47,38.887499999999996,139.96875,3.051
58392768,146,38.887499999999996,139.98125,4.131
58392769,18,38.887499999999996,139.99375,5.212
58392770,128,38.89583333333333,139.88125,2.219
58392771,159,38.89583333333333,139.89374999999998,2.281
58392772,803,38.89583333333333,139.90625,1.273
58392773,364,38.89583333333333,139.91875,0.614
58392774,85,38.89583333333333,139.93125,0.762
58392775,108,38.89583333333333,139.94375,1.148
58392776,203,38.89583333333333,139.95624999999998,2.096
58392777,226,38.89583333333333,139.96875,3.132
58392778,137,38.89583333333333,139.98125,4.192
58392779,60,38.89583333333333,139.99375,5.26
58392780,147,38.90416666666667,139.88125,2.291
58392781,157,38.90416666666667,139.89374999999998,2.683
58392782,93,38.90416666666667,139.90625,1.901
58392783,153,38.90416666666667,139.91875,1.54
58392784,107,38.90416666666667,139.93125,1.674
58392785,105,38.90416666666667,139.94375,1.881
58392787,57,38.90416666666667,139.96875,3.469
58392789,58,38.90416666666667,139.99375,5.467
58392790,74,38.9125,139.88125,1.716
58392791,135,38.9125,139.89374999999998,2.725
58392792,210,38.9125,139.90625,2.707
58392793,25,38.9125,139.91875,2.467
58392794,31,38.9125,139.93125,2.596
58392795,161,38.9125,139.94375,2.734
58393605,6,38.920833333333334,139.81875,1.182
58393606,3500,38.920833333333334,139.83124999999998,0.614
58393607,3131,38.920833333333334,139.84375,0.772
58393608,4912,38.920833333333334,139.85625,0.271
58393609,1634,38.920833333333334,139.86875,0.471
58393615,12,38.92916666666667,139.81875,1.06
58393616,2768,38.92916666666667,139.83124999999998,0.324
58393617,4842,38.92916666666667,139.84375,0.442
58393618,2753,38.92916666666667,139.85625,0.645
58393619,916,38.92916666666667,139.86875,0.201
58393625,1009,38.9375,139.81875,1.603
58393626,1444,38.9375,139.83124999999998,0.987
58393627,1637,38.9375,139.84375,0.239
58393628,730,38.9375,139.85625,0.97
58393629,216,38.9375,139.86875,0.873
58393635,338,38.94583333333333,139.81875,2.394
58393636,562,38.94583333333333,139.83124999999998,1.655
58393637,659,38.94583333333333,139.84375,1.133
58393639,101,38.94583333333333,139.86875,1.789
58393647,170,38.954166666666666,139.84375,2.056
58393648,195,38.954166666666666,139.85625,2.261
58393649,25,38.954166666666666,139.86875,2.712
58393657,2,38.9625,139.84375,2.982
58393658,248,38.9625,139.85625,3.126
58393659,47,38.9625,139.86875,3.605
58393666,14,38.97083333333333,139.83124999999998,4.089
58393667,315,38.97083333333333,139.84375,3.908
58393668,306,38.97083333333333,139.85625,4.019
58393677,96,38.979166666666664,139.84375,4.834
58393679,340,38.979166666666664,139.86875,4.47
58393687,100,38.987500000000004,139.84375,5.579
58393688,19,38.987500000000004,139.85625,4.646
58393689,64,38.987500000000004,139.86875,3.792
58393697,19,38.99583333333334,139.84375,5.219
58393698,161,38.99583333333334,139.85625,4.207
58393699,262,38.99583333333334,139.86875,3.239
58393700,50,38.920833333333334,139.88125,1.536
58393701,15,38.920833333333334,139.89374999999998,2.554
58393703,202,38.920833333333334,139.91875,3.393
58393704,2,38.920833333333334,139.93125,3.521
58393705,315,38.920833333333334,139.94375,3.624
58393706,21,38.920833333333334,139.95624999999998,4.026
58393710,334,38.92916666666667,139.88125,1.27
58393711,199,38.92916666666667,139.89374999999998,2.35
58393712,72,38.92916666666667,139.90625,3.431
58393713,207,38.92916666666667,139.91875,3.878
58393714,124,38.92916666666667,139.93125,3.896
58393715,71,38.92916666666667,139.94375,4.113
58393716,87,38.92916666666667,139.95624999999998,4.436
58393720,287,38.9375,139.88125,1.528
58393721,127,38.9375,139.89374999999998,2.499
58393722,147,38.9375,139.90625,3.311
58393723,7,38.9375,139.91875,2.961
58393724,269,38.9375,139.93125,2.984
58393725,5,38.9375,139.94375,3.206
58393730,324,38.94583333333333,139.88125,2.185
58393731,304,38.94583333333333,139.89374999999998,2.947
58393732,17,38.94583333333333,139.90625,2.531
58393733,171,38.94583333333333,139.91875,2.052
58393734,80,38.94583333333333,139.93125,2.085
58393736,4,38.94583333333333,139.95624999999998,2.848
58393740,148,38.954166666666666,139.88125,2.988
58393741,71,38.954166666666666,139.89374999999998,2.846
58393742,74,38.954166666666666,139.90625,1.889
58393743,141,38.954166666666666,139.91875,1.171
58393744,156,38.954166666666666,139.93125,1.228
58393750,204,38.9625,139.88125,3.721
58393751,269,38.9625,139.89374999999998,2.642
58393752,274,38.9625,139.90625,1.564
58393753,90,38.9625,139.91875,0.497
58393754,738,38.9625,139.93125,0.485
58393755,209,38.9625,139.94375,0.81
58393756,4,38.9625,139.95624999999998,1.847
58393757,81,38.9625,139.96875,2.916
58393758,111,38.9625,139.98125,3.992
58393759,77,38.9625,139.99375,5.069
58393760,367,38.97083333333333,139.88125,3.8
58393761,358,38.97083333333333,139.89374999999998,2.752
58393762,77,38.97083333333333,139.90625,1.743
58393763,172,38.97083333333333,139.91875,0.917
58393764,433,38.97083333333333,139.93125,0.681
58393765,1283,38.97083333333333,139.94375,0.94
58393766,140,38.97083333333333,139.95624999999998,1.908
58393767,18,38.97083333333333,139.96875,2.955
58393769,6,38.97083333333333,139.99375,5.092
58393770,48,38.979166666666664,139.88125,3.887
58393771,82,38.979166666666664,139.89374999999998,3.144
58393772,114,38.979166666666664,139.90625,2.313
58393773,101,38.979166666666664,139.91875,1.776
58393774,352,38.979166666666664,139.93125,1.552
58393775,114,38.979166666666664,139.94375,1.682
58393781,612,38.987500000000004,139.89374999999998,2.638
58393782,206,38.987500000000004,139.90625,2.598
58393783,66,38.987500000000004,139.91875,2.68
58393784,158,38.987500000000004,139.93125,2.464
58393785,186,38.987500000000004,139.94375,2.548
58393786,10,38.987500000000004,139.95624999999998,3.041
58393788,9,38.987500000000004,139.98125,4.665
58393789,29,38.987500000000004,139.99375,5.615
58393791,12,38.99583333333334,139.89374999999998,1.753
58393792,97,38.99583333333334,139.90625,1.693
58393793,249,38.99583333333334,139.91875,2.234
58393794,112,38.99583333333334,139.93125,2.923
58393795,181,38.99583333333334,139.94375,3.445
58393796,30,38.99583333333334,139.95624999999998,3.825
58393797,83,38.99583333333334,139.96875,4.44
58393798,77,38.99583333333334,139.98125,5.21
58393799,34,38.99583333333334,139.99375,6.075
58394607,26,39.00416666666667,139.84375,5.007
58394608,257,39.00416666666667,139.85625,3.941
58394609,278,39.00416666666667,139.86875,2.884
58394618,33,39.0125,139.85625,3.883
58394619,225,39.0125,139.86875,2.805
58394628,1,39.020833333333336,139.85625,4.042
58394629,17,39.020833333333336,139.86875,3.022
58394649,243,39.0375,139.86875,4.101
58394659,22,39.045833333333334,139.86875,4.725
58394669,154,39.05416666666667,139.86875,5.403
58394679,72,39.0625,139.86875,6.146
58394689,20,39.07083333333334,139.86875,6.934
58394699,229,39.07916666666667,139.86875,7.752
58394701,92,39.00416666666667,139.89374999999998,0.951
58394702,222,39.00416666666667,139.90625,0.835
58394703,108,39.00416666666667,139.91875,1.507
58394704,44,39.00416666666667,139.93125,2.363
58394705,34,39.00416666666667,139.94375,3.345
58394706,57,39.00416666666667,139.95624999999998,4.35
58394707,94,39.00416666666667,139.96875,5.178
58394710,187,39.0125,139.88125,1.73
58394711,79,39.0125,139.89374999999998,0.673
58394712,898,39.0125,139.90625,0.222
58394713,568,39.0125,139.91875,0.996
58394714,172,39.0125,139.93125,2.016
58394715,1,39.0125,139.94375,3.077
58394716,13,39.0125,139.95624999999998,4.148
58394717,180,39.0125,139.96875,5.222
58394720,206,39.020833333333336,139.88125,2.064
58394721,181,39.020833333333336,139.89374999999998,1.311
58394722,1197,39.020833333333336,139.90625,0.503
58394723,158,39.020833333333336,139.91875,0.996
58394724,216,39.020833333333336,139.93125,2.015
58394725,21,39.020833333333336,139.94375,3.076
58394726,70,39.020833333333336,139.95624999999998,4.147
58394727,5,39.020833333333336,139.96875,5.222
58394728,29,39.020833333333336,139.98125,6.298
58394729,26,39.020833333333336,139.99375,7.376
58394730,205,39.02916666666667,139.88125,2.691
58394731,308,39.02916666666667,139.89374999999998,1.888
58394732,61,39.02916666666667,139.90625,1.403
58394733,118,39.02916666666667,139.91875,1.645
58394734,316,39.02916666666667,139.93125,2.404
58394735,35,39.02916666666667,139.94375,3.344
58394736,48,39.02916666666667,139.95624999999998,4.349
58394737,59,39.02916666666667,139.96875,5.383
58394740,96,39.0375,139.88125,3.305
58394741,71,39.0375,139.89374999999998,2.645
58394742,228,39.0375,139.90625,2.324
58394743,226,39.0375,139.91875,2.478
58394744,1,39.0375,139.93125,3.035
58394745,24,39.0375,139.94375,3.822
58394746,39,39.0375,139.95624999999998,4.727
58394747,3,39.0375,139.96875,5.693
58394749,4,39.0375,139.99375,7.716
58394750,212,39.045833333333334,139.88125,4.009
58394751,136,39.045833333333334,139.89374999999998,3.485
58394752,257,39.045833333333334,139.90625,3.248
58394753,3,39.045833333333334,139.91875,3.36
58394754,25,39.045833333333334,139.93125,3.789
58394755,10,39.045833333333334,139.94375,4.445
58394756,106,39.045833333333334,139.95624999999998,5.243
58394760,174,39.05416666666667,139.88125,4.789
58394761,31,39.05416666666667,139.89374999999998,4.36
58394762,144,39.05416666666667,139.90625,4.174
58394763,22,39.05416666666667,139.91875,4.261
58394764,45,39.05416666666667,139.93125,4.607
58394765,34,39.05416666666667,139.94375,5.16
58394770,481,39.0625,139.88125,5.615
58394771,139,39.0625,139.89374999999998,5.253
58394772,71,39.0625,139.90625,5.1
58394773,143,39.0625,139.91875,5.171
58394780,894,39.07083333333334,139.88125,6.467
58394781,31,39.07083333333334,139.89374999999998,6.156
58394782,26,39.07083333333334,139.90625,6.026
58394790,5,39.07916666666667,139.88125,7.338
58394791,39,39.07916666666667,139.89374999999998,7.065
58395609,11,39.0875,139.86875,8.593
58395700,30,39.0875,139.88125,8.221
58395701,21,39.0875,139.89374999999998,7.978
58395702,38,39.0875,139.90625,7.878
58395710,76,39.09583333333333,139.88125,9.112
58395720,142,39.104166666666664,139.88125,10.01
58396423,68,39.1875,139.54375,31.064
58396424,10,39.1875,139.55625,29.994
58396434,40,39.19583333333333,139.55625,29.898
58396444,40,39.204166666666666,139.55625,29.829
58400000,27,38.670833333333334,140.00625,12.096
58400030,53,38.69583333333333,140.00625,11.131
58400050,99,38.7125,140.00625,10.548
58400060,47,38.72083333333333,140.00625,10.1
58400061,19,38.72083333333333,140.01874999999998,11.015
58400069,12,38.72083333333333,140.11875,15.227
58400071,38,38.729166666666664,140.01874999999998,10.57
58400079,12,38.729166666666664,140.11875,15.001
58400080,61,38.737500000000004,140.00625,9.192
58400090,52,38.74583333333334,140.00625,8.85
58400099,4,38.74583333333334,140.11875,14.715
58400101,43,38.670833333333334,140.14374999999998,15.813
58400106,75,38.670833333333334,140.20624999999998,12.0
58400107,13,38.670833333333334,140.21875,11.395
58400111,18,38.67916666666667,140.14374999999998,15.262
58400112,9,38.67916666666667,140.15625,14.388
58400113,102,38.67916666666667,140.16875,13.544
58400117,35,38.67916666666667,140.21875,10.617
58400118,5,38.67916666666667,140.23125,10.046
58400119,235,38.67916666666667,140.24375,9.492
58400121,48,38.6875,140.14374999999998,14.748
58400122,70,38.6875,140.15625,13.842
58400123,11,38.6875,140.16875,12.963
58400125,15,38.6875,140.19375,11.313
58400126,42,38.6875,140.20624999999998,10.558
58400127,30,38.6875,140.21875,9.866
58400128,150,38.6875,140.23125,9.248
58400129,111,38.6875,140.24375,8.723
58400131,18,38.69583333333333,140.14374999999998,14.276
58400132,101,38.69583333333333,140.15625,13.338
58400136,42,38.69583333333333,140.20624999999998,9.889
58400138,367,38.69583333333333,140.23125,8.476
58400140,4,38.704166666666666,140.13125,14.835
58400141,160,38.704166666666666,140.14374999999998,13.85
58400146,1,38.704166666666666,140.20624999999998,9.264
58400147,40,38.704166666666666,140.21875,8.466
58400148,776,38.704166666666666,140.23125,7.738
58400149,9,38.704166666666666,140.24375,7.102
58400150,7,38.7125,140.13125,14.485
58400157,35,38.7125,140.21875,7.838
58400158,244,38.7125,140.23125,7.045
58400159,14,38.7125,140.24375,6.34
58400160,34,38.72083333333333,140.13125,14.187
58400163,12,38.72083333333333,140.16875,11.117
58400164,6,38.72083333333333,140.18125,10.118
58400165,12,38.72083333333333,140.19375,9.14
58400167,14,38.72083333333333,140.21875,7.273
58400168,26,38.72083333333333,140.23125,6.411
58400169,10,38.72083333333333,140.24375,5.627
58400172,59,38.729166666666664,140.15625,11.845
58400173,171,38.729166666666664,140.16875,10.805
58400174,272,38.729166666666664,140.18125,9.776
58400175,47,38.729166666666664,140.19375,8.759
58400176,31,38.729166666666664,140.20624999999998,7.761
58400177,3,38.729166666666664,140.21875,6.788
58400178,473,38.729166666666664,140.23125,5.856
58400179,50,38.729166666666664,140.24375,4.985
58400180,93,38.737500000000004,140.13125,13.76
58400181,383,38.737500000000004,140.14374999999998,12.692
58400182,103,38.737500000000004,140.15625,11.627
58400183,74,38.737500000000004,140.16875,10.566
58400184,326,38.737500000000004,140.18125,9.511
58400185,60,38.737500000000004,140.19375,8.463
58400188,64,38.737500000000004,140.23125,5.403
58400189,87,38.737500000000004,140.24375,4.445
58400190,34,38.74583333333334,140.13125,13.636
58400194,429,38.74583333333334,140.18125,9.331
58400195,92,38.74583333333334,140.19375,8.26
58400196,61,38.74583333333334,140.20624999999998,7.193
58400197,5,38.74583333333334,140.21875,6.132
58400198,124,38.74583333333334,140.23125,5.081
58400199,35,38.74583333333334,140.24375,4.047
58400201,43,38.670833333333334,140.26874999999998,9.322
58400204,90,38.670833333333334,140.30625,8.757
58400205,15,38.670833333333334,140.31875,8.831
58400206,65,38.670833333333334,140.33124999999998,9.035
58400208,26,38.670833333333334,140.35625,8.843
58400209,2,38.670833333333334,140.36875,8.401
58400210,62,38.67916666666667,140.25625,8.924
58400211,33,38.67916666666667,140.26874999999998,8.457
58400212,298,38.67916666666667,140.28125,8.11
58400215,20,38.67916666666667,140.31875,7.913
58400218,1,38.67916666666667,140.35625,8.979
58400220,14,38.6875,140.25625,8.123
58400221,53,38.6875,140.26874999999998,7.607
58400222,26,38.6875,140.28125,7.219
58400223,10,38.6875,140.29375,6.979
58400224,219,38.6875,140.30625,6.903
58400225,463,38.6875,140.31875,6.997
58400230,9,38.69583333333333,140.25625,7.351
58400231,170,38.69583333333333,140.26874999999998,6.777
58400232,207,38.69583333333333,140.28125,6.339
58400233,56,38.69583333333333,140.29375,6.064
58400234,30,38.69583333333333,140.30625,5.977
58400235,431,38.69583333333333,140.31875,6.085
58400236,396,38.69583333333333,140.33124999999998,6.378
58400237,175,38.69583333333333,140.34375,6.832
58400238,58,38.69583333333333,140.35625,7.419
58400243,30,38.704166666666666,140.29375,5.153
58400244,165,38.704166666666666,140.30625,5.05
58400245,288,38.704166666666666,140.31875,5.177
58400247,40,38.704166666666666,140.34375,6.038
58400248,11,38.704166666666666,140.35625,6.694
58400249,380,38.704166666666666,140.36875,7.451
58400250,9,38.7125,140.25625,5.753
58400251,54,38.7125,140.26874999999998,5.217
58400252,19,38.7125,140.28125,4.632
58400254,31,38.7125,140.30625,4.124
58400255,27,38.7125,140.31875,4.278
58400259,224,38.7125,140.36875,6.838
58400260,123,38.72083333333333,140.25625,4.957
58400261,55,38.72083333333333,140.26874999999998,4.453
58400265,161,38.72083333333333,140.31875,3.394
58400266,15,38.72083333333333,140.33124999999998,3.895
58400267,76,38.72083333333333,140.34375,4.602
58400270,11,38.729166666666664,140.25625,4.214
58400272,233,38.729166666666664,140.28125,3.1
58400273,121,38.729166666666664,140.29375,2.491
58400274,49,38.729166666666664,140.30625,2.271
58400275,132,38.729166666666664,140.31875,2.541
58400280,55,38.737500000000004,140.25625,3.559
58400282,75,38.737500000000004,140.28125,2.353
58400283,69,38.737500000000004,140.29375,1.691
58400284,240,38.737500000000004,140.30625,1.345
58400285,321,38.737500000000004,140.31875,1.763
58400290,94,38.74583333333334,140.25625,3.048
58400291,372,38.74583333333334,140.26874999999998,2.133
58400292,277,38.74583333333334,140.28125,1.469
58400293,1175,38.74583333333334,140.29375,1.108
58400294,1525,38.74583333333334,140.30625,0.421
58400295,307,38.74583333333334,140.31875,1.138
58400296,54,38.74583333333334,140.33124999999998,2.041
58400297,56,38.74583333333334,140.34375,3.064
58400298,13,38.74583333333334,140.35625,4.118
58400311,30,38.67916666666667,140.39374999999998,8.632
58400312,37,38.67916666666667,140.40625,8.518
58400350,143,38.7125,140.38125,7.684
58400351,3,38.7125,140.39374999999998,8.583
58400360,110,38.72083333333333,140.38125,7.176
58400361,128,38.72083333333333,140.39374999999998,8.131
58400378,26,38.729166666666664,140.48125,4.178
58400379,32,38.729166666666664,140.49375,3.473
58400388,13,38.737500000000004,140.48125,3.603
58400389,3,38.737500000000004,140.49375,2.755
58400398,5,38.74583333333334,140.48125,3.198
58400399,57,38.74583333333334,140.49375,2.198
58400442,31,38.704166666666666,140.53125,5.608
58400443,11,38.704166666666666,140.54375,5.914
58400450,37,38.7125,140.50625,4.703
58400451,77,38.7125,140.51874999999998,4.576
58400452,21,38.7125,140.53125,4.703
58400453,12,38.7125,140.54375,5.064
58400454,350,38.7125,140.55625,5.614
58400460,15,38.72083333333333,140.50625,3.808
58400461,7,38.72083333333333,140.51874999999998,3.65
58400464,207,38.72083333333333,140.55625,4.888
58400470,44,38.729166666666664,140.50625,2.931
58400471,2,38.729166666666664,140.51874999999998,2.723
58400473,30,38.729166666666664,140.54375,3.48
58400474,266,38.729166666666664,140.55625,4.241
58400481,37,38.737500000000004,140.51874999999998,1.796
58400483,156,38.737500000000004,140.54375,2.815
58400484,11,38.737500000000004,140.55625,3.714
58400486,92,38.737500000000004,140.58124999999998,5.709
58400488,6,38.737500000000004,140.60625,7.797
58400489,47,38.737500000000004,140.61875,8.855
58400490,70,38.74583333333334,140.50625,1.338
58400491,21,38.74583333333334,140.51874999999998,0.87
58400492,130,38.74583333333334,140.53125,1.389
58400493,161,38.74583333333334,140.54375,2.335
58400498,20,38.74583333333334,140.60625,7.636
58400499,4,38.74583333333334,140.61875,8.714
58401000,16,38.75416666666667,140.00625,8.594
58401001,9,38.75416666666667,140.01874999999998,9.653
58401005,1,38.75416666666667,140.06875,13.927
58401010,28,38.7625,140.00625,8.433
58401011,34,38.7625,140.01874999999998,9.51
58401014,21,38.7625,140.05625,12.747
58401021,63,38.770833333333336,140.01874999999998,9.456
58401022,8,38.770833333333336,140.03125,10.539
58401023,8,38.770833333333336,140.04375,11.623
58401030,11,38.77916666666667,140.00625,8.413
58401031,27,38.77916666666667,140.01874999999998,9.492
58401032,12,38.77916666666667,140.03125,10.572
58401041,344,38.7875,140.01874999999998,9.618
58401042,87,38.7875,140.03125,10.685
58401051,79,38.795833333333334,140.01874999999998,9.83
58401060,41,38.80416666666667,140.00625,9.119
58401061,11,38.80416666666667,140.01874999999998,10.123
58401070,2,38.8125,140.00625,9.525
58401090,14,38.82916666666667,140.00625,9.176
58401103,43,38.75416666666667,140.16875,10.324
58401104,94,38.75416666666667,140.18125,9.241
58401105,249,38.75416666666667,140.19375,8.159
58401106,40,38.75416666666667,140.20624999999998,7.077
58401107,7,38.75416666666667,140.21875,5.995
58401108,85,38.75416666666667,140.23125,4.915
58401109,298,38.75416666666667,140.24375,3.836
58401113,95,38.7625,140.16875,10.327
58401114,256,38.7625,140.18125,9.244
58401115,77,38.7625,140.19375,8.162
58401116,5,38.7625,140.20624999999998,7.081
58401118,67,38.7625,140.23125,4.92
58401119,1,38.7625,140.24375,3.844
58401121,5,38.770833333333336,140.14374999999998,12.562
58401122,6,38.770833333333336,140.15625,11.486
58401123,36,38.770833333333336,140.16875,10.412
58401124,24,38.770833333333336,140.18125,9.339
58401125,194,38.770833333333336,140.19375,8.268
58401126,65,38.770833333333336,140.20624999999998,7.197
58401127,27,38.770833333333336,140.21875,6.131
58401128,23,38.770833333333336,140.23125,5.072
58401131,11,38.77916666666667,140.14374999999998,12.253
58401132,2,38.77916666666667,140.15625,11.468
58401134,121,38.77916666666667,140.18125,9.503
58401136,60,38.77916666666667,140.20624999999998,7.405
58401137,20,38.77916666666667,140.21875,6.374
58401138,66,38.77916666666667,140.23125,5.363
58401139,53,38.77916666666667,140.24375,4.326
58401147,178,38.7875,140.21875,6.635
58401148,76,38.7875,140.23125,5.589
58401149,33,38.7875,140.24375,4.561
58401155,78,38.795833333333334,140.19375,7.93
58401157,299,38.795833333333334,140.21875,6.836
58401158,5,38.795833333333334,140.23125,5.92
58401159,1,38.795833333333334,140.24375,4.961
58401164,135,38.80416666666667,140.18125,7.978
58401165,110,38.80416666666667,140.19375,7.215
58401166,31,38.80416666666667,140.20624999999998,6.543
58401167,95,38.80416666666667,140.21875,5.993
58401168,138,38.80416666666667,140.23125,5.6
58401172,59,38.8125,140.15625,9.205
58401173,6,38.8125,140.16875,8.274
58401174,3,38.8125,140.18125,7.385
58401175,16,38.8125,140.19375,6.553
58401176,3,38.8125,140.20624999999998,5.805
58401177,61,38.8125,140.21875,5.177
58401178,78,38.8125,140.23125,4.717
58401179,7,38.8125,140.24375,4.477
58401182,3,38.82083333333334,140.15625,8.794
58401183,31,38.82083333333334,140.16875,7.815
58401184,16,38.82083333333334,140.18125,6.866
58401185,120,38.82083333333334,140.19375,5.962
58401187,79,38.82083333333334,140.21875,4.406
58401188,209,38.82083333333334,140.23125,3.855
58401189,318,38.82083333333334,140.24375,3.557
58401194,20,38.82916666666667,140.18125,6.439
58401195,43,38.82916666666667,140.19375,5.466
58401198,101,38.82916666666667,140.23125,3.031
58401199,180,38.82916666666667,140.24375,2.642
58401200,70,38.75416666666667,140.25625,2.762
58401201,87,38.75416666666667,140.26874999999998,1.7
58401202,212,38.75416666666667,140.28125,0.707
58401203,1705,38.75416666666667,140.29375,0.679
58401204,3163,38.75416666666667,140.30625,0.287
58401205,792,38.75416666666667,140.31875,0.789
58401206,4,38.75416666666667,140.33124999999998,1.869
58401210,7,38.7625,140.25625,2.772
58401211,21,38.7625,140.26874999999998,1.7
58401212,664,38.7625,140.28125,0.649
58401213,3678,38.7625,140.29375,0.548
58401214,1709,38.7625,140.30625,0.308
58401215,220,38.7625,140.31875,0.796
58401216,92,38.7625,140.33124999999998,1.876
58401217,55,38.7625,140.34375,2.959
58401221,19,38.770833333333336,140.26874999999998,2.053
58401222,372,38.770833333333336,140.28125,1.056
58401223,2741,38.770833333333336,140.29375,0.268
58401224,3124,38.770833333333336,140.30625,0.128
58401225,109,38.770833333333336,140.31875,0.992
58401226,150,38.770833333333336,140.33124999999998,2.051
58401227,57,38.770833333333336,140.34375,3.073
58401230,75,38.77916666666667,140.25625,3.259
58401231,306,38.77916666666667,140.26874999999998,2.21
58401232,61,38.77916666666667,140.28125,1.221
58401233,332,38.77916666666667,140.29375,0.669
58401234,961,38.77916666666667,140.30625,0.338
58401235,305,38.77916666666667,140.31875,1.399
58401236,77,38.77916666666667,140.33124999999998,2.306
58401240,8,38.7875,140.25625,3.566
58401241,75,38.7875,140.26874999999998,2.641
58401242,164,38.7875,140.28125,1.893
58401243,94,38.7875,140.29375,1.316
58401244,768,38.7875,140.30625,1.108
58401245,235,38.7875,140.31875,1.752
58401246,196,38.7875,140.33124999999998,2.695
58401247,9,38.7875,140.34375,3.272
58401250,7,38.795833333333334,140.25625,4.065
58401251,43,38.795833333333334,140.26874999999998,3.284
58401253,179,38.795833333333334,140.29375,2.136
58401254,116,38.795833333333334,140.30625,2.014
58401255,191,38.795833333333334,140.31875,1.927
58401256,40,38.795833333333334,140.33124999999998,1.969
58401257,3,38.795833333333334,140.34375,2.527
58401258,54,38.795833333333334,140.35625,3.352
58401261,75,38.80416666666667,140.26874999999998,4.039
58401265,426,38.80416666666667,140.31875,1.052
58401266,30,38.80416666666667,140.33124999999998,1.127
58401267,161,38.80416666666667,140.34375,1.944
58401268,47,38.80416666666667,140.35625,2.938
58401274,168,38.8125,140.30625,1.55
58401275,610,38.8125,140.31875,0.467
58401276,364,38.8125,140.33124999999998,0.617
58401277,165,38.8125,140.34375,1.699
58401278,282,38.8125,140.35625,2.782
58401279,36,38.8125,140.36875,3.865
58401280,4,38.82083333333334,140.25625,3.576
58401285,12,38.82083333333334,140.31875,1.023
58401286,383,38.82083333333334,140.33124999999998,1.099
58401288,30,38.82083333333334,140.35625,2.927
58401289,60,38.82083333333334,140.36875,3.971
58401290,3,38.82916666666667,140.25625,2.667
58401291,51,38.82916666666667,140.26874999999998,3.097
58401292,118,38.82916666666667,140.28125,3.797
58401293,25,38.82916666666667,140.29375,3.21
58401295,32,38.82916666666667,140.31875,1.895
58401296,229,38.82916666666667,140.33124999999998,1.937
58401297,145,38.82916666666667,140.34375,2.502
58401298,60,38.82916666666667,140.35625,3.334
58401299,211,38.82916666666667,140.36875,4.279
58401302,76,38.75416666666667,140.40625,8.371
58401303,177,38.75416666666667,140.41875,8.45
58401307,8,38.75416666666667,140.46875,4.114
58401308,79,38.75416666666667,140.48125,3.031
58401309,230,38.75416666666667,140.49375,1.948
58401314,5,38.7625,140.43125,7.411
58401315,85,38.7625,140.44375,6.335
58401316,194,38.7625,140.45624999999998,5.263
58401317,230,38.7625,140.46875,4.196
58401318,318,38.7625,140.48125,3.141
58401319,306,38.7625,140.49375,2.115
58401326,78,38.770833333333336,140.45624999999998,5.486
58401327,43,38.770833333333336,140.46875,4.472
58401328,283,38.770833333333336,140.48125,3.502
58401336,55,38.77916666666667,140.45624999999998,5.848
58401337,76,38.77916666666667,140.46875,4.911
58401338,145,38.77916666666667,140.48125,4.047
58401339,73,38.77916666666667,140.49375,3.314
58401346,22,38.7875,140.45624999999998,6.327
58401347,1,38.7875,140.46875,5.472
58401348,12,38.7875,140.48125,4.712
58401349,83,38.7875,140.49375,4.101
58401359,93,38.795833333333334,140.49375,4.936
58401400,171,38.75416666666667,140.50625,0.867
58401401,1143,38.75416666666667,140.51874999999998,0.057
58401402,120,38.75416666666667,140.53125,1.084
58401409,9,38.75416666666667,140.61875,8.67
58401410,192,38.7625,140.50625,1.196
58401411,813,38.7625,140.51874999999998,0.859
58401412,275,38.7625,140.53125,1.463
58401413,8,38.7625,140.54375,2.379
58401420,4,38.770833333333336,140.50625,1.957
58401422,124,38.770833333333336,140.53125,2.189
58401423,40,38.770833333333336,140.54375,2.888
58401424,27,38.770833333333336,140.55625,3.77
58401430,6,38.77916666666667,140.50625,2.818
58401432,25,38.77916666666667,140.53125,2.984
58401433,8,38.77916666666667,140.54375,3.569
58401440,134,38.7875,140.50625,3.711
58401442,45,38.7875,140.53125,3.839
58401450,102,38.795833333333334,140.50625,4.618
58401452,14,38.795833333333334,140.53125,4.721
58401460,26,38.80416666666667,140.50625,5.531
58401461,49,38.80416666666667,140.51874999999998,5.468
58401462,6,38.80416666666667,140.53125,5.617
58401463,43,38.80416666666667,140.54375,5.963
58401464,16,38.80416666666667,140.55625,6.474
58401471,7,38.8125,140.51874999999998,6.394
58402000,4,38.8375,140.00625,8.525
58402010,52,38.84583333333333,140.00625,7.929
58402011,14,38.84583333333333,140.01874999999998,8.813
58402020,38,38.854166666666664,140.00625,7.402
58402040,95,38.87083333333333,140.00625,6.615
58402070,52,38.89583333333333,140.00625,6.333
58402071,77,38.89583333333333,140.01874999999998,7.409
58402080,62,38.90416666666667,140.00625,6.506
58402081,58,38.90416666666667,140.01874999999998,7.557
58402082,50,38.90416666666667,140.03125,8.615
58402090,165,38.9125,140.00625,6.801
58402091,3,38.9125,140.01874999999998,7.813
58402104,14,38.8375,140.18125,6.124
58402105,28,38.8375,140.19375,5.091
58402107,64,38.8375,140.21875,3.128
58402108,83,38.8375,140.23125,2.287
58402109,179,38.8375,140.24375,1.738
58402111,7,38.84583333333333,140.14374999999998,9.169
58402112,32,38.84583333333333,140.15625,8.09
58402113,22,38.84583333333333,140.16875,7.013
58402114,29,38.84583333333333,140.18125,5.938
58402115,9,38.84583333333333,140.19375,4.866
58402118,79,38.84583333333333,140.23125,1.73
58402119,174,38.84583333333333,140.24375,0.885
58402121,34,38.854166666666664,140.14374999999998,9.14
58402127,2,38.854166666666664,140.21875,2.65
58402128,55,38.854166666666664,140.23125,1.572
58402129,265,38.854166666666664,140.24375,0.512
58402134,8,38.8625,140.18125,5.994
58402135,12,38.8625,140.19375,4.934
58402137,14,38.8625,140.21875,2.866
58402138,26,38.8625,140.23125,1.915
58402139,420,38.8625,140.24375,0.902
58402143,12,38.87083333333333,140.16875,7.263
58402144,5,38.87083333333333,140.18125,6.232
58402147,4,38.87083333333333,140.21875,3.257
58402148,88,38.87083333333333,140.23125,2.301
58402157,91,38.87916666666666,140.21875,3.72
58402158,9,38.87916666666666,140.23125,2.92
58402166,87,38.887499999999996,140.20624999999998,5.142
58402167,181,38.887499999999996,140.21875,4.334
58402174,11,38.89583333333333,140.18125,7.445
58402175,37,38.89583333333333,140.19375,6.565
58402176,78,38.89583333333333,140.20624999999998,5.753
58402177,40,38.89583333333333,140.21875,5.045
58402184,10,38.90416666666667,140.18125,7.988
58402186,98,38.90416666666667,140.20624999999998,6.441
58402187,86,38.90416666666667,140.21875,5.817
58402188,20,38.90416666666667,140.23125,5.341
58402195,19,38.9125,140.19375,7.847
58402196,47,38.9125,140.20624999999998,7.182
58402201,50,38.8375,140.26874999999998,2.374
58402202,123,38.8375,140.28125,3.234
58402203,29,38.8375,140.29375,3.817
58402204,188,38.8375,140.30625,3.168
58402205,45,38.8375,140.31875,2.803
58402206,208,38.8375,140.33124999999998,2.831
58402208,72,38.8375,140.35625,3.921
58402210,18,38.84583333333333,140.25625,0.959
58402211,60,38.84583333333333,140.26874999999998,1.843
58402213,41,38.84583333333333,140.29375,3.807
58402216,58,38.84583333333333,140.33124999999998,3.741
58402218,17,38.84583333333333,140.35625,4.621
58402220,846,38.854166666666664,140.25625,0.625
58402221,205,38.854166666666664,140.26874999999998,1.453
58402222,47,38.854166666666664,140.28125,2.484
58402224,38,38.854166666666664,140.30625,4.618
58402225,11,38.854166666666664,140.31875,4.64
58402226,192,38.854166666666664,140.33124999999998,4.658
58402227,42,38.854166666666664,140.34375,4.919
58402228,56,38.854166666666664,140.35625,5.39
58402229,42,38.854166666666664,140.36875,6.021
58402230,1006,38.8625,140.25625,0.435
58402231,310,38.8625,140.26874999999998,1.381
58402232,149,38.8625,140.28125,2.443
58402233,110,38.8625,140.29375,3.518
58402234,67,38.8625,140.30625,4.596
58402235,47,38.8625,140.31875,5.563
58402236,24,38.8625,140.33124999999998,5.577
58402237,191,38.8625,140.34375,5.798
58402238,151,38.8625,140.35625,6.202
58402240,55,38.87083333333333,140.25625,1.306
58402243,62,38.87083333333333,140.29375,3.727
58402244,15,38.87083333333333,140.30625,4.757
58402245,147,38.87083333333333,140.31875,5.807
58402246,215,38.87083333333333,140.33124999999998,6.499
58402247,1,38.87083333333333,140.34375,6.689
58402248,182,38.87083333333333,140.35625,7.042
58402249,14,38.87083333333333,140.36875,7.536
58402250,293,38.87916666666666,140.25625,2.222
58402251,18,38.87916666666666,140.26874999999998,2.58
58402252,22,38.87916666666666,140.28125,3.274
58402253,73,38.87916666666666,140.29375,4.138
58402254,123,38.87916666666666,140.30625,5.086
58402255,108,38.87916666666666,140.31875,6.079
58402256,827,38.87916666666666,140.33124999999998,7.098
58402257,278,38.87916666666666,140.34375,7.589
58402259,67,38.87916666666666,140.36875,8.345
58402260,33,38.887499999999996,140.25625,3.145
58402261,11,38.887499999999996,140.26874999999998,3.407
58402262,16,38.887499999999996,140.28125,3.958
58402263,33,38.887499999999996,140.29375,4.698
58402265,51,38.887499999999996,140.31875,6.473
58402266,449,38.887499999999996,140.33124999999998,7.438
58402267,405,38.887499999999996,140.34375,8.432
58402268,14,38.887499999999996,140.35625,8.776
58402269,95,38.887499999999996,140.36875,9.176
58402270,114,38.89583333333333,140.25625,4.069
58402274,24,38.89583333333333,140.30625,6.122
58402276,2,38.89583333333333,140.33124999999998,7.873
58402277,15,38.89583333333333,140.34375,8.818
58402278,45,38.89583333333333,140.35625,9.659
58402279,121,38.89583333333333,140.36875,10.024
58402280,13,38.90416666666667,140.25625,4.994
58402284,64,38.90416666666667,140.30625,6.772
58402285,6,38.90416666666667,140.31875,7.546
58402292,18,38.9125,140.28125,6.389
58402295,1,38.9125,140.31875,8.188
58402298,1,38.9125,140.35625,10.693
58402300,17,38.8375,140.38125,5.667
58402311,88,38.84583333333333,140.39374999999998,7.07
58402321,7,38.854166666666664,140.39374999999998,7.594
58402350,9,38.87916666666666,140.38125,8.898
58402360,28,38.887499999999996,140.38125,9.682
58402361,38,38.887499999999996,140.39374999999998,10.277
58402370,36,38.89583333333333,140.38125,10.489
58402380,30,38.90416666666667,140.38125,11.314
58402381,36,38.90416666666667,140.39374999999998,11.828
58402382,11,38.90416666666667,140.40625,12.414
58402390,76,38.9125,140.38125,12.154
58402391,142,38.9125,140.39374999999998,12.634
58402392,16,38.9125,140.40625,13.184
58403000,15,38.920833333333334,140.00625,7.205
58403001,88,38.920833333333334,140.01874999999998,8.166
58403002,18,38.920833333333334,140.03125,9.154
58403012,10,38.92916666666667,140.03125,9.236
58403050,30,38.9625,140.00625,6.148
58403051,29,38.9625,140.01874999999998,7.227
58403053,25,38.9625,140.04375,9.387
58403061,18,38.97083333333333,140.01874999999998,7.243
58403062,61,38.97083333333333,140.03125,8.32
58403063,63,38.97083333333333,140.04375,9.399
58403064,7,38.97083333333333,140.05625,10.477
58403080,25,38.987500000000004,140.00625,6.605
58403081,11,38.987500000000004,140.01874999999998,7.619
58403090,57,38.99583333333334,140.00625,7.0
58403091,37,38.99583333333334,140.01874999999998,7.964
58403092,4,38.99583333333334,140.03125,8.955
58403093,42,38.99583333333334,140.04375,9.965
58403105,38,38.920833333333334,140.19375,8.567
58403106,125,38.920833333333334,140.20624999999998,7.963
58403114,29,38.92916666666667,140.18125,9.962
58403115,58,38.92916666666667,140.19375,9.323
58403116,12,38.92916666666667,140.20624999999998,8.771
58403117,13,38.92916666666667,140.21875,8.324
58403118,8,38.92916666666667,140.23125,7.999
58403119,49,38.92916666666667,140.24375,7.812
58403124,153,38.9375,140.18125,10.7
58403125,39,38.9375,140.19375,10.108
58403127,6,38.9375,140.21875,9.195
58403129,17,38.9375,140.24375,8.734
58403133,57,38.94583333333333,140.16875,12.088
58403134,44,38.94583333333333,140.18125,11.466
58403135,10,38.94583333333333,140.19375,10.915
58403137,17,38.94583333333333,140.21875,10.075
58403138,9,38.94583333333333,140.23125,9.809
58403139,1,38.94583333333333,140.24375,9.656
58403145,11,38.954166666666666,140.19375,11.74
58403147,9,38.954166666666666,140.21875,10.964
58403148,23,38.954166666666666,140.23125,10.719
58403200,15,38.920833333333334,140.25625,6.846
58403201,13,38.920833333333334,140.26874999999998,6.97
58403202,49,38.920833333333334,140.28125,7.255
58403203,23,38.920833333333334,140.29375,7.683
58403204,29,38.920833333333334,140.30625,8.233
58403205,54,38.920833333333334,140.31875,8.88
58403206,83,38.920833333333334,140.33124999999998,9.606
58403207,26,38.920833333333334,140.34375,10.394
58403208,10,38.920833333333334,140.35625,11.231
58403210,52,38.92916666666667,140.25625,7.772
58403211,201,38.92916666666667,140.26874999999998,7.881
58403217,18,38.92916666666667,140.34375,11.026
58403218,4,38.92916666666667,140.35625,11.818
58403219,12,38.92916666666667,140.36875,12.653
58403220,21,38.9375,140.25625,8.698
58403221,271,38.9375,140.26874999999998,8.796
58403228,12,38.9375,140.35625,12.446
58403229,18,38.9375,140.36875,13.242
58403231,3,38.94583333333333,140.26874999999998,9.713
58403238,6,38.94583333333333,140.35625,13.11
58403242,16,38.954166666666666,140.28125,10.821
58403252,98,38.9625,140.28125,11.726
58403253,9,38.9625,140.29375,11.995
58403263,2,38.97083333333333,140.29375,12.884
58403264,82,38.97083333333333,140.30625,13.219
58403266,43,38.97083333333333,140.33124999999998,14.115
58403267,92,38.97083333333333,140.34375,14.062
58403276,31,38.979166666666664,140.33124999999998,14.224
58403278,110,38.979166666666664,140.35625,12.645
58403279,13,38.979166666666664,140.36875,11.924
58403288,16,38.987500000000004,140.35625,11.992
58403298,17,38.99583333333334,140.35625,11.377
58403299,13,38.99583333333334,140.36875,10.57
58403361,14,38.97083333333333,140.39374999999998,11.47
58403362,6,38.97083333333333,140.40625,10.993
58403363,22,38.97083333333333,140.41875,10.605
58403370,23,38.979166666666664,140.38125,11.261
58404003,117,39.00416666666667,140.04375,10.314
58404012,12,39.0125,140.03125,9.802
58404013,4,39.0125,140.04375,10.732
58404031,1,39.02916666666667,140.01874999999998,9.621
58404032,2,39.02916666666667,140.03125,10.691
