KEY_CODE,人口,緯度,経度,最寄り店舗距離_km
56405558,9,37.795833333333334,140.73125,11.248
56405559,38,37.795833333333334,140.74375,11.174
56405569,11,37.80416666666667,140.74375,11.952
56405576,9,37.8125,140.70624999999998,9.545
56405577,9,37.8125,140.71875,10.566
56405578,7,37.8125,140.73125,11.257
56405586,18,37.82083333333334,140.70624999999998,9.224
56405587,10,37.82083333333334,140.71875,10.276
56405588,7,37.82083333333334,140.73125,10.362
56405595,2,37.82916666666667,140.69375,7.917
56405596,12,37.82916666666667,140.70624999999998,8.988
56405597,35,37.82916666666667,140.71875,9.854
56405598,80,37.82916666666667,140.73125,9.474
56405599,2,37.82916666666667,140.74375,9.209
56405633,2,37.77916666666667,140.79375,10.221
56405634,8,37.77916666666667,140.80625,9.776
56405662,2,37.80416666666667,140.78125,11.457
56405668,25,37.80416666666667,140.85625,4.876
56405676,6,37.8125,140.83124999999998,7.08
56405677,19,37.8125,140.84375,5.986
56405680,4,37.82083333333334,140.75625,9.994
56405681,5,37.82083333333334,140.76874999999998,9.988
56405683,4,37.82083333333334,140.79375,10.33
56405686,7,37.82083333333334,140.83124999999998,7.213
56405687,16,37.82083333333334,140.84375,6.142
56405691,2,37.82916666666667,140.76874999999998,9.062
56405693,7,37.82916666666667,140.79375,9.438
56405694,20,37.82916666666667,140.80625,9.563
56405695,32,37.82916666666667,140.81875,8.505
56405696,36,37.82916666666667,140.83124999999998,7.459
56405697,27,37.82916666666667,140.84375,6.43
56405698,3,37.82916666666667,140.85625,5.428
56406489,1,37.904166666666676,140.61875,5.043
56406496,15,37.91250000000001,140.58124999999998,5.556
56406497,146,37.91250000000001,140.59375,6.043
56406498,23,37.91250000000001,140.60625,5.899
56406499,5,37.91250000000001,140.61875,5.958
56406507,28,37.837500000000006,140.71875,9.011
56406508,23,37.837500000000006,140.73125,8.593
56406518,9,37.84583333333334,140.73125,7.723
56406519,9,37.84583333333334,140.74375,7.395
56406527,7,37.85416666666667,140.71875,7.384
56406528,24,37.85416666666667,140.73125,6.868
56406529,17,37.85416666666667,140.74375,6.497
56406536,6,37.862500000000004,140.70624999999998,7.316
56406538,4,37.862500000000004,140.73125,6.034
56406539,6,37.862500000000004,140.74375,5.609
56406545,2,37.87083333333334,140.69375,7.526
56406546,24,37.87083333333334,140.70624999999998,6.669
56406549,7,37.87083333333334,140.74375,4.734
56406555,4,37.87916666666667,140.69375,7.022
56406556,39,37.87916666666667,140.70624999999998,6.095
56406557,10,37.87916666666667,140.71875,5.233
56406558,11,37.87916666666667,140.73125,4.476
56406566,6,37.8875,140.70624999999998,5.616
56406567,10,37.8875,140.71875,4.667
56406569,3,37.8875,140.74375,3.079
56406571,2,37.895833333333336,140.64374999999998,5.068
56406573,23,37.895833333333336,140.66875,6.628
56406574,27,37.895833333333336,140.68125,7.374
56406575,1,37.895833333333336,140.69375,6.309
56406577,30,37.895833333333336,140.71875,4.229
56406578,25,37.895833333333336,140.73125,3.245
56406579,18,37.895833333333336,140.74375,2.364
56406580,21,37.904166666666676,140.63125,5.341
56406581,11,37.904166666666676,140.64374999999998,5.834
56406582,18,37.904166666666676,140.65625,6.477
56406583,12,37.904166666666676,140.66875,7.23
56406584,28,37.904166666666676,140.68125,7.224
56406585,32,37.904166666666676,140.69375,6.134
56406587,20,37.904166666666676,140.71875,3.963
56406588,6,37.904166666666676,140.73125,2.891
56406589,13,37.904166666666676,140.74375,1.848
56406590,6,37.91250000000001,140.63125,6.213
56406591,58,37.91250000000001,140.64374999999998,6.641
56406592,49,37.91250000000001,140.65625,7.212
56406593,47,37.91250000000001,140.66875,7.895
56406594,18,37.91250000000001,140.68125,7.192
56406595,27,37.91250000000001,140.69375,6.096
56406600,2,37.837500000000006,140.75625,8.145
56406603,4,37.837500000000006,140.79375,8.554
56406604,21,37.837500000000006,140.80625,8.959
56406605,24,37.837500000000006,140.81875,8.813
56406606,45,37.837500000000006,140.83124999999998,7.808
56406607,14,37.837500000000006,140.84375,6.832
56406610,11,37.84583333333334,140.75625,7.222
56406614,25,37.84583333333334,140.80625,8.128
56406616,48,37.84583333333334,140.83124999999998,8.247
56406617,11,37.84583333333334,140.84375,7.294
56406620,6,37.85416666666667,140.75625,6.299
56406624,41,37.85416666666667,140.80625,7.32
56406625,53,37.85416666666667,140.81875,7.942
56406626,34,37.85416666666667,140.83124999999998,7.9
56406630,13,37.862500000000004,140.75625,5.377
56406634,37,37.862500000000004,140.80625,6.544
56406635,80,37.862500000000004,140.81875,7.233
56406636,312,37.862500000000004,140.83124999999998,7.632
56406637,12,37.862500000000004,140.84375,6.57
56406642,154,37.87083333333334,140.78125,4.692
56406643,20,37.87083333333334,140.79375,5.166
56406645,208,37.87083333333334,140.81875,6.578
56406646,180,37.87083333333334,140.83124999999998,7.427
56406650,2,37.87916666666667,140.75625,3.542
56406652,111,37.87916666666667,140.78125,3.832
56406654,10,37.87916666666667,140.80625,5.143
56406655,134,37.87916666666667,140.81875,5.995
56406656,45,37.87916666666667,140.83124999999998,6.916
56406660,23,37.8875,140.75625,2.634
56406661,99,37.8875,140.76874999999998,2.609
56406662,67,37.8875,140.78125,3.013
56406664,59,37.8875,140.80625,4.565
56406665,159,37.8875,140.81875,5.507
56406666,58,37.8875,140.83124999999998,6.498
56406667,39,37.8875,140.84375,6.402
56406670,15,37.895833333333336,140.75625,1.746
56406671,218,37.895833333333336,140.76874999999998,1.707
56406672,50,37.895833333333336,140.78125,2.277
56406673,127,37.895833333333336,140.79375,3.141
56406674,165,37.895833333333336,140.80625,4.117
56406675,56,37.895833333333336,140.81875,5.141
56406676,185,37.895833333333336,140.83124999999998,6.165
56406677,17,37.895833333333336,140.84375,6.61
56406679,9,37.895833333333336,140.86875,4.556
56406680,249,37.904166666666676,140.75625,0.935
56406681,235,37.904166666666676,140.76874999999998,0.861
56406682,126,37.904166666666676,140.78125,1.736
56406683,324,37.904166666666676,140.79375,2.773
56406684,279,37.904166666666676,140.80625,3.843
56406685,106,37.904166666666676,140.81875,4.742
56406686,28,37.904166666666676,140.83124999999998,5.706
56406687,19,37.904166666666676,140.84375,6.71
56406689,47,37.904166666666676,140.86875,5.019
56406690,382,37.91250000000001,140.75625,0.647
56406691,924,37.91250000000001,140.76874999999998,0.533
56406692,116,37.91250000000001,140.78125,1.599
56406693,44,37.91250000000001,140.79375,2.414
56406694,108,37.91250000000001,140.80625,3.33
56406695,118,37.91250000000001,140.81875,4.33
56406696,36,37.91250000000001,140.83124999999998,5.368
56406699,53,37.91250000000001,140.86875,5.598
56406770,1,37.895833333333336,140.88125,3.592
56406772,5,37.895833333333336,140.90625,2.101
56406773,26,37.895833333333336,140.91875,1.944
56406774,17,37.895833333333336,140.93125,2.202
56406780,57,37.904166666666676,140.88125,4.163
56406782,190,37.904166666666676,140.90625,2.974
56406783,2,37.904166666666676,140.91875,2.865
56406790,142,37.91250000000001,140.88125,4.846
56406791,194,37.91250000000001,140.89374999999998,4.246
56406792,130,37.91250000000001,140.90625,3.872
56406793,5,37.91250000000001,140.91875,3.789
56407298,1,37.995833333333344,140.35625,14.372
56407376,7,37.97916666666667,140.45624999999998,13.762
56407377,4,37.97916666666667,140.46875,12.68
56407379,1,37.97916666666667,140.49375,10.524
56407385,75,37.98750000000001,140.44375,14.746
56407386,38,37.98750000000001,140.45624999999998,13.654
56407387,44,37.98750000000001,140.46875,12.562
56407394,32,37.995833333333344,140.43125,15.798
56407395,478,37.995833333333344,140.44375,14.703
56407396,9,37.995833333333344,140.45624999999998,13.608
56407401,18,37.92083333333334,140.51874999999998,5.897
56407406,15,37.92083333333334,140.58124999999998,6.333
56407407,210,37.92083333333334,140.59375,6.95
56407408,48,37.92083333333334,140.60625,6.825
56407409,68,37.92083333333334,140.61875,6.876
56407417,121,37.929166666666674,140.59375,7.703
56407418,293,37.929166666666674,140.60625,7.63
56407419,67,37.929166666666674,140.61875,7.615
56407427,38,37.93750000000001,140.59375,6.868
56407428,235,37.93750000000001,140.60625,6.705
56407429,7,37.93750000000001,140.61875,6.701
56407432,92,37.94583333333334,140.53125,8.309
56407433,91,37.94583333333334,140.54375,8.228
56407434,32,37.94583333333334,140.55625,7.529
56407437,22,37.94583333333334,140.59375,5.969
56407438,61,37.94583333333334,140.60625,5.781
56407439,15,37.94583333333334,140.61875,5.791
56407441,4,37.95416666666667,140.51874999999998,9.428
56407442,29,37.95416666666667,140.53125,8.538
56407443,24,37.95416666666667,140.54375,7.66
56407444,96,37.95416666666667,140.55625,6.845
56407447,12,37.95416666666667,140.59375,5.081
56407448,79,37.95416666666667,140.60625,4.858
56407449,69,37.95416666666667,140.61875,4.877
56407454,69,37.962500000000006,140.55625,6.225
56407455,6,37.962500000000006,140.56875,5.416
56407458,199,37.962500000000006,140.60625,3.937
56407459,106,37.962500000000006,140.61875,3.96
56407464,60,37.97083333333334,140.55625,5.689
56407465,33,37.97083333333334,140.56875,4.791
56407468,266,37.97083333333334,140.60625,3.018
56407469,57,37.97083333333334,140.61875,3.049
56407474,63,37.97916666666667,140.55625,5.262
56407475,20,37.97916666666667,140.56875,4.275
56407478,260,37.97916666666667,140.60625,2.107
56407479,189,37.97916666666667,140.61875,2.151
56407484,9,37.98750000000001,140.55625,4.974
56407485,1,37.98750000000001,140.56875,3.915
56407487,8,37.98750000000001,140.59375,1.924
56407488,342,37.98750000000001,140.60625,1.22
56407489,917,37.98750000000001,140.61875,1.295
56407493,4,37.995833333333344,140.54375,5.942
56407494,5,37.995833333333344,140.55625,4.848
56407498,277,37.995833333333344,140.60625,0.505
56407499,2777,37.995833333333344,140.61875,0.637
56407500,4,37.92083333333334,140.63125,7.098
56407501,42,37.92083333333334,140.64374999999998,7.476
56407502,53,37.92083333333334,140.65625,7.987
56407503,15,37.92083333333334,140.66875,8.364
56407504,35,37.92083333333334,140.68125,7.279
56407505,9,37.92083333333334,140.69375,6.199
56407508,2,37.92083333333334,140.73125,3.027
56407510,3,37.929166666666674,140.63125,7.527
56407511,48,37.929166666666674,140.64374999999998,7.597
56407512,25,37.929166666666674,140.65625,7.797
56407513,93,37.929166666666674,140.66875,8.12
56407514,52,37.929166666666674,140.68125,7.48
56407515,45,37.929166666666674,140.69375,6.434
56407517,7,37.929166666666674,140.71875,4.414
56407518,26,37.929166666666674,140.73125,3.484
56407519,3,37.929166666666674,140.74375,2.554
56407520,9,37.93750000000001,140.63125,6.6
56407521,36,37.93750000000001,140.64374999999998,6.68
56407522,41,37.93750000000001,140.65625,6.899
56407523,140,37.93750000000001,140.66875,7.262
56407524,145,37.93750000000001,140.68125,7.764
56407525,17,37.93750000000001,140.69375,6.789
56407526,18,37.93750000000001,140.70624999999998,5.825
56407527,8,37.93750000000001,140.71875,4.886
56407528,14,37.93750000000001,140.73125,3.834
56407529,17,37.93750000000001,140.74375,2.818
56407530,8,37.94583333333334,140.63125,5.674
56407531,12,37.94583333333334,140.64374999999998,5.767
56407532,38,37.94583333333334,140.65625,6.009
56407533,21,37.94583333333334,140.66875,6.423
56407534,38,37.94583333333334,140.68125,6.985
56407535,10,37.94583333333334,140.69375,7.245
56407536,15,37.94583333333334,140.70624999999998,6.211
56407537,10,37.94583333333334,140.71875,5.196
56407538,2,37.94583333333334,140.73125,4.223
56407540,10,37.95416666666667,140.63125,4.747
56407541,26,37.95416666666667,140.64374999999998,4.858
56407542,73,37.95416666666667,140.65625,5.132
56407543,27,37.95416666666667,140.66875,5.611
56407544,23,37.95416666666667,140.68125,6.247
56407545,41,37.95416666666667,140.69375,6.998
56407546,36,37.95416666666667,140.70624999999998,6.589
56407547,36,37.95416666666667,140.71875,5.644
56407548,17,37.95416666666667,140.73125,4.763
56407549,51,37.95416666666667,140.74375,3.99
56407550,7,37.962500000000006,140.63125,3.821
56407551,7,37.962500000000006,140.64374999999998,3.943
56407552,73,37.962500000000006,140.65625,4.277
56407553,52,37.962500000000006,140.66875,4.841
56407554,5,37.962500000000006,140.68125,5.565
56407555,35,37.962500000000006,140.69375,6.397
56407556,3,37.962500000000006,140.70624999999998,6.511
56407557,44,37.962500000000006,140.71875,5.466
56407558,7,37.962500000000006,140.73125,4.446
56407559,120,37.962500000000006,140.74375,3.473
56407560,25,37.97083333333334,140.63125,2.894
56407562,75,37.97083333333334,140.65625,3.458
56407563,40,37.97083333333334,140.66875,4.135
56407564,54,37.97083333333334,140.68125,4.964
56407565,47,37.97083333333334,140.69375,5.881
56407566,13,37.97083333333334,140.70624999999998,6.318
56407567,18,37.97083333333334,140.71875,5.235
56407569,67,37.97083333333334,140.74375,3.096
56407570,111,37.97916666666667,140.63125,1.968
56407571,323,37.97916666666667,140.64374999999998,2.145
56407572,234,37.97916666666667,140.65625,2.71
56407573,33,37.97916666666667,140.66875,3.533
56407574,25,37.97916666666667,140.68125,4.475
56407575,35,37.97916666666667,140.69375,5.474
56407576,11,37.97916666666667,140.70624999999998,6.257
56407577,52,37.97916666666667,140.71875,5.162
56407578,72,37.97916666666667,140.73125,4.066
56407579,98,37.97916666666667,140.74375,2.971
56407580,808,37.98750000000001,140.63125,1.042
56407581,281,37.98750000000001,140.64374999999998,1.306
56407582,277,37.98750000000001,140.65625,2.108
56407583,71,37.98750000000001,140.66875,3.096
56407584,1,37.98750000000001,140.68125,4.138
56407585,6,37.98750000000001,140.69375,5.202
56407586,40,37.98750000000001,140.70624999999998,6.277
56407587,32,37.98750000000001,140.71875,5.216
56407588,39,37.98750000000001,140.73125,4.135
56407589,98,37.98750000000001,140.74375,3.063
56407590,3286,37.995833333333344,140.63125,0.13
56407591,1205,37.995833333333344,140.64374999999998,0.724
56407592,31,37.995833333333344,140.65625,1.807
56407593,63,37.995833333333344,140.66875,2.899
56407594,35,37.995833333333344,140.68125,3.993
56407595,40,37.995833333333344,140.69375,5.087
56407596,32,37.995833333333344,140.70624999999998,5.77
56407597,14,37.995833333333344,140.71875,5.425
56407598,107,37.995833333333344,140.73125,4.395
56407599,187,37.995833333333344,140.74375,3.407
56407600,112,37.92083333333334,140.75625,1.296
56407601,599,37.92083333333334,140.76874999999998,0.714
56407602,305,37.92083333333334,140.78125,0.979
56407603,83,37.92083333333334,140.79375,1.952
56407604,48,37.92083333333334,140.80625,3.011
56407605,137,37.92083333333334,140.81875,4.09
56407606,181,37.92083333333334,140.83124999999998,5.176
56407607,11,37.92083333333334,140.84375,6.266
56407609,63,37.92083333333334,140.86875,5.394
56407610,225,37.929166666666674,140.75625,1.471
56407611,621,37.929166666666674,140.76874999999998,0.457
56407612,322,37.929166666666674,140.78125,0.81
56407613,25,37.929166666666674,140.79375,1.873
56407614,139,37.929166666666674,140.80625,2.961
56407615,52,37.929166666666674,140.81875,4.053
56407616,54,37.929166666666674,140.83124999999998,5.147
56407617,13,37.929166666666674,140.84375,5.496
56407619,53,37.929166666666674,140.86875,4.526
56407620,185,37.93750000000001,140.75625,1.892
56407621,206,37.93750000000001,140.76874999999998,1.275
56407622,281,37.93750000000001,140.78125,1.44
56407623,100,37.93750000000001,140.79375,2.219
56407624,123,37.93750000000001,140.80625,3.191
56407625,292,37.93750000000001,140.81875,4.224
56407626,241,37.93750000000001,140.83124999999998,5.282
56407627,12,37.93750000000001,140.84375,4.71
56407629,110,37.93750000000001,140.86875,3.686
56407630,60,37.94583333333334,140.75625,2.591
56407631,158,37.94583333333334,140.76874999999998,2.181
56407632,95,37.94583333333334,140.78125,2.282
56407633,164,37.94583333333334,140.79375,2.839
56407634,208,37.94583333333334,140.80625,3.592
56407635,214,37.94583333333334,140.81875,4.3
56407636,137,37.94583333333334,140.83124999999998,4.793
56407637,7,37.94583333333334,140.84375,3.985
56407638,4,37.94583333333334,140.85625,3.344
56407639,252,37.94583333333334,140.86875,2.899
56407640,139,37.95416666666667,140.75625,3.145
56407641,63,37.95416666666667,140.76874999999998,2.424
56407642,221,37.95416666666667,140.78125,2.064
56407643,76,37.95416666666667,140.79375,2.246
56407644,86,37.95416666666667,140.80625,2.869
56407645,44,37.95416666666667,140.81875,3.718
56407646,346,37.95416666666667,140.83124999999998,4.288
56407647,12,37.95416666666667,140.84375,3.36
56407649,139,37.95416666666667,140.86875,2.074
56407650,60,37.962500000000006,140.75625,2.598
56407651,104,37.962500000000006,140.76874999999998,1.71
56407652,783,37.962500000000006,140.78125,1.144
56407653,53,37.962500000000006,140.79375,1.447
56407654,10,37.962500000000006,140.80625,2.298
56407655,209,37.962500000000006,140.81875,3.297
56407656,391,37.962500000000006,140.83124999999998,3.939
56407659,466,37.962500000000006,140.86875,1.195
56407660,102,37.97083333333334,140.75625,2.068
56407661,332,37.97083333333334,140.76874999999998,1.169
56407662,2329,37.97083333333334,140.78125,0.277
56407663,1333,37.97083333333334,140.79375,0.929
56407664,72,37.97083333333334,140.80625,2.012
56407665,101,37.97083333333334,140.81875,3.104
56407666,102,37.97083333333334,140.83124999999998,3.789
56407667,31,37.97083333333334,140.84375,2.695
56407668,35,37.97083333333334,140.85625,1.602
56407669,636,37.97083333333334,140.86875,0.524
56407670,200,37.97916666666667,140.75625,1.875
56407671,1332,37.97916666666667,140.76874999999998,0.781
56407672,3116,37.97916666666667,140.78125,0.136
56407673,1405,37.97916666666667,140.79375,0.778
56407674,87,37.97916666666667,140.80625,1.87
56407675,157,37.97916666666667,140.81875,2.964
56407676,189,37.97916666666667,140.83124999999998,3.863
56407677,30,37.97916666666667,140.84375,2.797
56407678,103,37.97916666666667,140.85625,1.769
56407679,382,37.97916666666667,140.86875,0.915
56407680,367,37.98750000000001,140.75625,2.017
56407681,1412,37.98750000000001,140.76874999999998,1.075
56407682,1215,37.98750000000001,140.78125,0.581
56407683,738,37.98750000000001,140.79375,1.133
56407684,22,37.98750000000001,140.80625,2.043
56407685,72,37.98750000000001,140.81875,3.077
56407686,85,37.98750000000001,140.83124999999998,4.142
56407688,211,37.98750000000001,140.85625,2.326
56407689,627,37.98750000000001,140.86875,1.766
56407690,9,37.995833333333344,140.75625,2.509
56407691,71,37.995833333333344,140.76874999999998,1.805
56407692,233,37.995833333333344,140.78125,1.503
56407693,1087,37.995833333333344,140.79375,1.913
56407694,277,37.995833333333344,140.80625,2.564
56407695,53,37.995833333333344,140.81875,3.444
56407696,69,37.995833333333344,140.83124999999998,4.422
56407698,189,37.995833333333344,140.85625,3.067
56407699,340,37.995833333333344,140.86875,2.667
56407700,113,37.92083333333334,140.88125,5.149
56407701,855,37.92083333333334,140.89374999999998,5.089
56407702,72,37.92083333333334,140.90625,4.781
56407710,196,37.929166666666674,140.88125,4.231
56407711,120,37.929166666666674,140.89374999999998,4.21
56407712,4,37.929166666666674,140.90625,4.467
56407720,106,37.93750000000001,140.88125,3.318
56407721,382,37.93750000000001,140.89374999999998,3.291
56407722,6,37.93750000000001,140.90625,3.613
56407730,186,37.94583333333334,140.88125,2.414
56407731,568,37.94583333333334,140.89374999999998,2.377
56407740,609,37.95416666666667,140.88125,1.539
56407741,134,37.95416666666667,140.89374999999998,1.48
56407742,2,37.95416666666667,140.90625,2.101
56407750,1737,37.962500000000006,140.88125,0.789
56407751,364,37.962500000000006,140.89374999999998,0.668
56407752,75,37.962500000000006,140.90625,1.635
56407760,580,37.97083333333334,140.88125,0.618
56407761,768,37.97083333333334,140.89374999999998,0.648
56407762,56,37.97083333333334,140.90625,1.626
56407770,9,37.97916666666667,140.88125,0.972
56407771,109,37.97916666666667,140.89374999999998,1.453
56407780,6,37.98750000000001,140.88125,1.796
56407781,307,37.98750000000001,140.89374999999998,2.349
56407782,7,37.98750000000001,140.90625,2.783
56407790,287,37.995833333333344,140.88125,2.687
56407791,500,37.995833333333344,140.89374999999998,3.119
57400206,24,38.00416666666667,140.33124999999998,12.152
57400208,69,38.00416666666667,140.35625,14.343
57400209,27,38.00416666666667,140.36875,15.438
57400215,114,38.0125,140.31875,11.097
57400216,34,38.0125,140.33124999999998,12.188
57400219,3,38.0125,140.36875,15.466
57400243,2,38.0375,140.29375,9.615
57400253,17,38.045833333333334,140.29375,10.003
57400303,20,38.00416666666667,140.41875,16.907
57400304,2,38.00416666666667,140.43125,15.812
57400306,8,38.00416666666667,140.45624999999998,13.625
57400307,17,38.00416666666667,140.46875,12.531
57400310,3,38.0125,140.38125,16.559
57400311,5,38.0125,140.39374999999998,17.35
57400312,62,38.0125,140.40625,17.98
57400313,25,38.0125,140.41875,16.971
57400317,8,38.0125,140.46875,12.618
57400326,23,38.020833333333336,140.45624999999998,13.846
57400327,74,38.020833333333336,140.46875,12.771
57400348,14,38.0375,140.48125,12.242
57400349,22,38.0375,140.49375,11.228
57400359,11,38.045833333333334,140.49375,11.625
57400403,4,38.00416666666667,140.54375,5.982
57400404,5,38.00416666666667,140.55625,4.897
57400406,37,38.00416666666667,140.58124999999998,2.75
57400407,237,38.00416666666667,140.59375,1.717
57400408,1047,38.00416666666667,140.60625,0.859
57400409,2333,38.00416666666667,140.61875,0.294
57400413,8,38.0125,140.54375,6.163
57400414,7,38.0125,140.55625,5.116
57400416,104,38.0125,140.58124999999998,3.124
57400417,30,38.0125,140.59375,2.269
57400418,217,38.0125,140.60625,1.663
57400419,1721,38.0125,140.61875,1.066
57400421,2,38.020833333333336,140.51874999999998,8.527
57400422,5,38.020833333333336,140.53125,7.49
57400423,9,38.020833333333336,140.54375,6.473
57400426,66,38.020833333333336,140.58124999999998,3.698
57400427,44,38.020833333333336,140.59375,2.644
57400428,393,38.020833333333336,140.60625,1.549
57400429,1039,38.020833333333336,140.61875,0.456
57400432,43,38.02916666666667,140.53125,7.857
57400433,5,38.02916666666667,140.54375,6.894
57400435,9,38.02916666666667,140.56875,4.915
57400436,20,38.02916666666667,140.58124999999998,3.843
57400437,47,38.02916666666667,140.59375,2.789
57400438,382,38.02916666666667,140.60625,1.786
57400439,142,38.02916666666667,140.61875,0.998
57400440,19,38.0375,140.50625,10.231
57400442,7,38.0375,140.53125,8.311
57400443,4,38.0375,140.54375,7.254
57400444,2,38.0375,140.55625,6.2
57400445,64,38.0375,140.56875,5.163
57400446,63,38.0375,140.58124999999998,4.156
57400447,17,38.0375,140.59375,3.207
57400448,20,38.0375,140.60625,2.387
57400449,207,38.0375,140.61875,1.872
57400450,35,38.045833333333334,140.50625,10.665
57400451,19,38.045833333333334,140.51874999999998,9.612
57400454,5,38.045833333333334,140.55625,6.532
57400455,8,38.045833333333334,140.56875,5.557
57400456,57,38.045833333333334,140.58124999999998,4.636
57400457,3,38.045833333333334,140.59375,3.809
57400459,49,38.045833333333334,140.61875,2.78
57400462,7,38.05416666666667,140.53125,8.908
57400466,1,38.05416666666667,140.58124999999998,5.238
57400469,5,38.05416666666667,140.61875,3.697
57400472,15,38.0625,140.53125,9.327
57400473,14,38.0625,140.54375,8.392
57400474,9,38.0625,140.55625,7.5
57400475,25,38.0625,140.56875,6.669
57400483,3,38.07083333333334,140.54375,8.933
57400484,41,38.07083333333334,140.55625,8.101
57400485,48,38.07083333333334,140.56875,7.338
57400486,2,38.07083333333334,140.58124999999998,6.668
57400494,9,38.07916666666667,140.55625,8.759
57400495,24,38.07916666666667,140.56875,7.877
57400500,2346,38.00416666666667,140.63125,0.815
57400501,1282,38.00416666666667,140.64374999999998,1.03
57400502,77,38.00416666666667,140.65625,1.95
57400503,126,38.00416666666667,140.66875,2.99
57400504,56,38.00416666666667,140.68125,4.059
57400505,29,38.00416666666667,140.69375,5.14
57400506,30,38.00416666666667,140.70624999999998,4.865
57400507,70,38.00416666666667,140.71875,4.73
57400508,204,38.00416666666667,140.73125,4.823
57400509,80,38.00416666666667,140.74375,3.944
57400510,2233,38.0125,140.63125,1.09
57400511,50,38.0125,140.64374999999998,1.821
57400513,31,38.0125,140.66875,3.346
57400514,54,38.0125,140.68125,4.328
57400515,26,38.0125,140.69375,4.411
57400516,29,38.0125,140.70624999999998,3.97
57400517,61,38.0125,140.71875,3.803
57400518,113,38.0125,140.73125,3.945
57400519,96,38.0125,140.74375,4.319
57400520,432,38.020833333333336,140.63125,0.488
57400521,78,38.020833333333336,140.64374999999998,1.581
57400523,30,38.020833333333336,140.66875,3.771
57400524,106,38.020833333333336,140.68125,4.4
57400525,5,38.020833333333336,140.69375,3.643
57400526,11,38.020833333333336,140.70624999999998,3.094
57400527,82,38.020833333333336,140.71875,2.877
57400528,69,38.020833333333336,140.73125,3.062
57400529,65,38.020833333333336,140.74375,3.419
57400530,390,38.02916666666667,140.63125,1.003
57400531,68,38.02916666666667,140.64374999999998,1.808
57400532,64,38.02916666666667,140.65625,2.815
57400533,107,38.02916666666667,140.66875,3.871
57400534,164,38.02916666666667,140.68125,3.858
57400535,237,38.02916666666667,140.69375,2.966
57400536,15,38.02916666666667,140.70624999999998,2.259
57400538,727,38.02916666666667,140.73125,2.214
57400539,104,38.02916666666667,140.74375,2.499
57400540,370,38.0375,140.63125,1.868
57400541,475,38.0375,140.64374999999998,2.398
57400542,333,38.0375,140.65625,3.227
57400543,86,38.0375,140.66875,4.179
57400544,77,38.0375,140.68125,3.483
57400545,267,38.0375,140.69375,2.458
57400546,596,38.0375,140.70624999999998,1.532
57400547,296,38.0375,140.71875,1.024
57400548,1313,38.0375,140.73125,1.375
57400549,1440,38.0375,140.74375,1.587
57400550,239,38.045833333333334,140.63125,2.774
57400551,420,38.045833333333334,140.64374999999998,3.155
57400552,637,38.045833333333334,140.65625,3.823
57400553,199,38.045833333333334,140.66875,4.425
57400554,46,38.045833333333334,140.68125,3.33
57400555,76,38.045833333333334,140.69375,2.237
57400556,1484,38.045833333333334,140.70624999999998,1.144
57400557,2415,38.045833333333334,140.71875,0.107
57400558,2951,38.045833333333334,140.73125,0.455
57400559,3975,38.045833333333334,140.74375,0.714
57400560,2,38.05416666666667,140.63125,3.69
57400561,40,38.05416666666667,140.64374999999998,3.984
57400562,345,38.05416666666667,140.65625,4.531
57400563,185,38.05416666666667,140.66875,4.501
57400564,30,38.05416666666667,140.68125,3.431
57400565,73,38.05416666666667,140.69375,2.384
57400566,139,38.05416666666667,140.70624999999998,1.41
57400567,30,38.05416666666667,140.71875,0.831
57400568,2389,38.05416666666667,140.73125,0.492
57400569,2775,38.05416666666667,140.74375,0.466
57400571,79,38.0625,140.64374999999998,4.088
57400572,373,38.0625,140.65625,3.958
57400573,15,38.0625,140.66875,4.124
57400574,50,38.0625,140.68125,3.764
57400575,81,38.0625,140.69375,2.842
57400576,172,38.0625,140.70624999999998,2.094
57400577,246,38.0625,140.71875,1.553
57400578,577,38.0625,140.73125,0.528
57400579,2260,38.0625,140.74375,0.612
57400580,116,38.07083333333334,140.63125,3.699
57400581,99,38.07083333333334,140.64374999999998,3.2
57400582,169,38.07083333333334,140.65625,3.031
57400583,74,38.07083333333334,140.66875,3.246
57400584,11,38.07083333333334,140.68125,3.778
57400585,21,38.07083333333334,140.69375,3.492
57400586,92,38.07083333333334,140.70624999999998,2.688
57400587,73,38.07083333333334,140.71875,1.642
57400588,926,38.07083333333334,140.73125,0.751
57400589,289,38.07083333333334,140.74375,0.828
57400590,6,38.07916666666667,140.63125,2.987
57400591,72,38.07916666666667,140.64374999999998,2.341
57400592,339,38.07916666666667,140.65625,2.105
57400593,113,38.07916666666667,140.66875,2.403
57400594,61,38.07916666666667,140.68125,3.084
57400595,32,38.07916666666667,140.69375,3.955
57400596,99,38.07916666666667,140.70624999999998,3.037
57400597,66,38.07916666666667,140.71875,2.168
57400598,460,38.07916666666667,140.73125,1.602
57400599,92,38.07916666666667,140.74375,1.647
57400600,233,38.00416666666667,140.75625,3.2
57400601,165,38.00416666666667,140.76874999999998,2.626
57400602,130,38.00416666666667,140.78125,2.429
57400603,316,38.00416666666667,140.79375,2.701
57400605,69,38.00416666666667,140.81875,3.997
57400606,37,38.00416666666667,140.83124999999998,3.819
57400607,5,38.00416666666667,140.84375,3.545
57400608,941,38.00416666666667,140.85625,3.598
57400609,72,38.00416666666667,140.86875,3.582
57400610,26,38.0125,140.75625,3.956
57400611,250,38.0125,140.76874999999998,3.501
57400612,76,38.0125,140.78125,3.355
57400613,210,38.0125,140.79375,3.557
57400614,53,38.0125,140.80625,4.056
57400615,83,38.0125,140.81875,3.65
57400616,30,38.0125,140.83124999999998,2.985
57400617,241,38.0125,140.84375,2.625
57400618,876,38.0125,140.85625,2.696
57400619,31,38.0125,140.86875,3.094
57400620,36,38.020833333333336,140.75625,3.481
57400621,133,38.020833333333336,140.76874999999998,3.486
57400622,1085,38.020833333333336,140.78125,3.272
57400623,197,38.020833333333336,140.79375,3.414
57400624,31,38.020833333333336,140.80625,3.873
57400625,150,38.020833333333336,140.81875,3.061
57400626,11,38.020833333333336,140.83124999999998,2.225
57400627,82,38.020833333333336,140.84375,1.713
57400628,396,38.020833333333336,140.85625,1.82
57400630,155,38.02916666666667,140.75625,2.583
57400631,66,38.02916666666667,140.76874999999998,2.637
57400632,98,38.02916666666667,140.78125,2.346
57400633,67,38.02916666666667,140.79375,2.54
57400634,35,38.02916666666667,140.80625,3.13
57400635,133,38.02916666666667,140.81875,2.67
57400636,45,38.02916666666667,140.83124999999998,1.647
57400637,345,38.02916666666667,140.84375,0.834
57400638,2954,38.02916666666667,140.85625,1.036
57400639,389,38.02916666666667,140.86875,1.242
57400640,43,38.0375,140.75625,1.716
57400642,140,38.0375,140.78125,1.421
57400643,123,38.0375,140.79375,1.723
57400644,78,38.0375,140.80625,2.513
57400645,73,38.0375,140.81875,2.57
57400647,901,38.0375,140.84375,0.416
57400648,3207,38.0375,140.85625,0.743
57400649,3008,38.0375,140.86875,0.32
57400650,780,38.045833333333334,140.75625,0.968
57400651,203,38.045833333333334,140.76874999999998,0.905
57400652,1001,38.045833333333334,140.78125,0.503
57400653,139,38.045833333333334,140.79375,1.096
57400654,130,38.045833333333334,140.80625,2.003
57400655,73,38.045833333333334,140.81875,2.719
57400656,35,38.045833333333334,140.83124999999998,1.752
57400657,520,38.045833333333334,140.84375,0.695
57400658,1273,38.045833333333334,140.85625,0.54
57400659,224,38.045833333333334,140.86875,0.616
57400660,941,38.05416666666667,140.75625,0.803
57400661,4227,38.05416666666667,140.76874999999998,0.207
57400662,3744,38.05416666666667,140.78125,0.451
57400663,1196,38.05416666666667,140.79375,0.817
57400664,455,38.05416666666667,140.80625,1.285
57400665,62,38.05416666666667,140.81875,2.243
57400667,343,38.05416666666667,140.84375,0.903
57400668,417,38.05416666666667,140.85625,0.79
57400669,49,38.05416666666667,140.86875,1.472
57400670,1460,38.0625,140.75625,0.57
57400671,3249,38.0625,140.76874999999998,0.54
57400672,2643,38.0625,140.78125,0.277
57400673,1308,38.0625,140.79375,0.152
57400674,1284,38.0625,140.80625,1.003
57400675,66,38.0625,140.81875,1.497
57400677,247,38.0625,140.84375,1.693
57400678,738,38.0625,140.85625,1.636
57400679,582,38.0625,140.86875,2.209
57400680,556,38.07083333333334,140.75625,1.005
57400681,2735,38.07083333333334,140.76874999999998,0.988
57400682,228,38.07083333333334,140.78125,1.169
57400683,66,38.07083333333334,140.79375,1.047
57400684,1934,38.07083333333334,140.80625,0.528
57400685,170,38.07083333333334,140.81875,0.823
57400686,56,38.07083333333334,140.83124999999998,1.863
57400687,50,38.07083333333334,140.84375,2.576
57400688,1344,38.07083333333334,140.85625,2.538
57400689,2149,38.07083333333334,140.86875,2.94
57400690,11,38.07916666666667,140.75625,1.847
57400691,340,38.07916666666667,140.76874999999998,1.838
57400692,70,38.07916666666667,140.78125,2.092
57400693,93,38.07916666666667,140.79375,1.355
57400694,2846,38.07916666666667,140.80625,0.656
57400695,2008,38.07916666666667,140.81875,0.911
57400696,58,38.07916666666667,140.83124999999998,1.903
57400697,109,38.07916666666667,140.84375,2.968
57400698,258,38.07916666666667,140.85625,2.809
57400699,1309,38.07916666666667,140.86875,2.455
57400700,839,38.00416666666667,140.88125,3.597
57400701,704,38.00416666666667,140.89374999999998,3.93
57400702,17,38.00416666666667,140.90625,4.44
57400710,235,38.0125,140.88125,3.292
57400711,219,38.0125,140.89374999999998,3.387
57400720,184,38.020833333333336,140.88125,2.393
57400721,224,38.020833333333336,140.89374999999998,2.464
57400722,31,38.020833333333336,140.90625,2.804
57400730,301,38.02916666666667,140.88125,1.506
57400731,302,38.02916666666667,140.89374999999998,1.547
57400732,23,38.02916666666667,140.90625,2.044
57400740,263,38.0375,140.88125,0.667
57400741,89,38.0375,140.89374999999998,0.654
57400742,398,38.0375,140.90625,1.488
57400743,3,38.0375,140.91875,2.53
57400750,342,38.045833333333334,140.88125,0.582
57400751,341,38.045833333333334,140.89374999999998,0.426
57400752,1021,38.045833333333334,140.90625,1.403
57400753,8,38.045833333333334,140.91875,2.48
57400760,115,38.05416666666667,140.88125,1.396
57400761,61,38.05416666666667,140.89374999999998,1.285
57400762,50,38.05416666666667,140.90625,1.854
57400770,10,38.0625,140.88125,2.297
57400771,21,38.0625,140.89374999999998,2.2
57400773,7,38.0625,140.91875,3.288
57400780,607,38.07083333333334,140.88125,3.213
57400781,69,38.07083333333334,140.89374999999998,3.122
57400782,173,38.07083333333334,140.90625,3.396
57400783,26,38.07083333333334,140.91875,3.964
57400790,473,38.07916666666667,140.88125,2.56
57400791,46,38.07916666666667,140.89374999999998,3.079
57400792,133,38.07916666666667,140.90625,3.156
57400793,19,38.07916666666667,140.91875,3.494
57401404,4,38.087500000000006,140.55625,8.763
57401405,16,38.087500000000006,140.56875,7.681
57401414,76,38.09583333333334,140.55625,8.687
57401415,41,38.09583333333334,140.56875,7.594
57401416,3,38.09583333333334,140.58124999999998,6.501
57401423,15,38.10416666666667,140.54375,9.8
57401424,34,38.10416666666667,140.55625,8.709
57401425,25,38.10416666666667,140.56875,7.619
57401428,4,38.10416666666667,140.60625,4.36
57401429,6,38.10416666666667,140.61875,3.284
57401434,64,38.112500000000004,140.55625,8.829
57401435,76,38.112500000000004,140.56875,7.756
57401436,92,38.112500000000004,140.58124999999998,6.69
57401437,88,38.112500000000004,140.59375,5.634
57401438,253,38.112500000000004,140.60625,4.596
57401439,219,38.112500000000004,140.61875,3.591
57401442,27,38.12083333333334,140.53125,11.16
57401443,22,38.12083333333334,140.54375,10.097
57401444,20,38.12083333333334,140.55625,9.043
57401445,345,38.12083333333334,140.56875,7.999
57401446,591,38.12083333333334,140.58124999999998,6.97
57401447,101,38.12083333333334,140.59375,5.964
57401448,96,38.12083333333334,140.60625,4.995
57401449,4,38.12083333333334,140.61875,4.089
57401453,10,38.12916666666667,140.54375,10.134
57401454,58,38.12916666666667,140.55625,9.287
57401455,101,38.12916666666667,140.56875,8.338
57401456,44,38.12916666666667,140.58124999999998,7.356
57401457,50,38.12916666666667,140.59375,6.412
57401458,11,38.12916666666667,140.60625,5.522
57401463,13,38.1375,140.54375,9.602
57401464,81,38.1375,140.55625,8.703
57401465,62,38.1375,140.56875,7.854
57401466,29,38.1375,140.58124999999998,7.072
57401472,78,38.145833333333336,140.53125,10.112
57401482,4,38.154166666666676,140.53125,9.756
57401483,60,38.154166666666676,140.54375,8.737
57401484,71,38.154166666666676,140.55625,7.739
57401485,9,38.154166666666676,140.56875,6.77
57401488,4,38.154166666666676,140.60625,4.242
57401489,19,38.154166666666676,140.61875,3.673
57401496,47,38.16250000000001,140.58124999999998,5.369
57401499,94,38.16250000000001,140.61875,2.855
57401500,7,38.087500000000006,140.63125,2.425
57401501,36,38.087500000000006,140.64374999999998,1.562
57401502,381,38.087500000000006,140.65625,1.179
57401503,148,38.087500000000006,140.66875,1.654
57401504,58,38.087500000000006,140.68125,2.544
57401505,32,38.087500000000006,140.69375,3.524
57401506,177,38.087500000000006,140.70624999999998,2.763
57401507,137,38.087500000000006,140.71875,2.289
57401508,335,38.087500000000006,140.73125,2.289
57401509,178,38.087500000000006,140.74375,2.541
57401512,499,38.09583333333334,140.65625,0.26
57401513,398,38.09583333333334,140.66875,1.188
57401514,137,38.09583333333334,140.68125,2.269
57401515,50,38.09583333333334,140.69375,3.026
57401516,44,38.09583333333334,140.70624999999998,2.091
57401517,125,38.09583333333334,140.71875,1.407
57401518,371,38.09583333333334,140.73125,1.407
57401519,93,38.09583333333334,140.74375,2.091
57401520,25,38.10416666666667,140.63125,2.225
57401521,188,38.10416666666667,140.64374999999998,1.229
57401522,129,38.10416666666667,140.65625,0.679
57401523,152,38.10416666666667,140.66875,1.343
57401524,283,38.10416666666667,140.68125,2.354
57401525,148,38.10416666666667,140.69375,2.683
57401526,159,38.10416666666667,140.70624999999998,1.669
57401527,175,38.10416666666667,140.71875,0.66
57401528,643,38.10416666666667,140.73125,0.66
57401529,142,38.10416666666667,140.74375,1.682
57401530,33,38.112500000000004,140.63125,2.658
57401531,37,38.112500000000004,140.64374999999998,1.903
57401532,144,38.112500000000004,140.65625,1.604
57401533,101,38.112500000000004,140.66875,1.979
57401534,233,38.112500000000004,140.68125,2.766
57401535,67,38.112500000000004,140.69375,2.569
57401536,33,38.112500000000004,140.70624999999998,1.478
57401537,661,38.112500000000004,140.71875,0.402
57401538,809,38.112500000000004,140.73125,0.632
57401539,29,38.112500000000004,140.74375,1.657
57401541,32,38.12083333333334,140.64374999999998,2.729
57401542,121,38.12083333333334,140.65625,2.53
57401543,145,38.12083333333334,140.66875,2.783
57401544,488,38.12083333333334,140.68125,3.388
57401545,14,38.12083333333334,140.69375,2.777
57401546,88,38.12083333333334,140.70624999999998,1.816
57401547,1062,38.12083333333334,140.71875,1.13
57401548,1240,38.12083333333334,140.73125,1.283
57401549,43,38.12083333333334,140.74375,2.063
57401550,3,38.12916666666667,140.63125,4.054
57401553,57,38.12916666666667,140.66875,3.645
57401554,256,38.12916666666667,140.68125,4.126
57401555,247,38.12916666666667,140.69375,3.247
57401556,24,38.12916666666667,140.70624999999998,2.476
57401557,73,38.12916666666667,140.71875,2.027
57401558,334,38.12916666666667,140.73125,2.116
57401559,84,38.12916666666667,140.74375,2.691
57401563,1,38.1375,140.66875,4.533
57401564,9,38.1375,140.68125,4.679
57401565,55,38.1375,140.69375,3.885
57401566,243,38.1375,140.70624999999998,3.268
57401567,134,38.1375,140.71875,2.942
57401568,90,38.1375,140.73125,3.005
57401569,9,38.1375,140.74375,3.434
57401575,20,38.145833333333336,140.69375,4.621
57401576,124,38.145833333333336,140.70624999999998,4.117
57401577,83,38.145833333333336,140.71875,3.863
57401578,72,38.145833333333336,140.73125,3.911
57401579,9,38.145833333333336,140.74375,4.249
57401585,8,38.154166666666676,140.69375,5.417
57401586,40,38.154166666666676,140.70624999999998,4.993
57401588,25,38.154166666666676,140.73125,4.825
57401589,65,38.154166666666676,140.74375,5.103
57401590,105,38.16250000000001,140.63125,2.456
57401591,4,38.16250000000001,140.64374999999998,2.511
57401592,19,38.16250000000001,140.65625,2.994
57401595,110,38.16250000000001,140.69375,5.592
57401596,51,38.16250000000001,140.70624999999998,5.885
57401597,3,38.16250000000001,140.71875,5.711
57401599,36,38.16250000000001,140.74375,5.978
57401600,27,38.087500000000006,140.75625,2.744
57401601,149,38.087500000000006,140.76874999999998,2.738
57401602,167,38.087500000000006,140.78125,2.076
57401603,997,38.087500000000006,140.79375,0.982
57401604,440,38.087500000000006,140.80625,0.112
57401605,479,38.087500000000006,140.81875,1.206
57401606,113,38.087500000000006,140.83124999999998,2.3
57401607,209,38.087500000000006,140.84375,2.422
57401608,556,38.087500000000006,140.85625,2.058
57401609,764,38.087500000000006,140.86875,1.54
57401610,46,38.09583333333334,140.75625,3.026
57401611,80,38.09583333333334,140.76874999999998,3.3
57401612,12,38.09583333333334,140.78125,2.27
57401613,80,38.09583333333334,140.79375,1.345
57401614,92,38.09583333333334,140.80625,0.926
57401615,276,38.09583333333334,140.81875,1.517
57401616,25,38.09583333333334,140.83124999999998,2.391
57401617,221,38.09583333333334,140.84375,1.599
57401618,2152,38.09583333333334,140.85625,1.337
57401619,1740,38.09583333333334,140.86875,0.657
57401620,5,38.10416666666667,140.75625,2.759
57401621,106,38.10416666666667,140.76874999999998,3.668
57401622,221,38.10416666666667,140.78125,2.778
57401623,121,38.10416666666667,140.79375,2.091
57401624,95,38.10416666666667,140.80625,1.85
57401625,60,38.10416666666667,140.81875,2.205
57401626,32,38.10416666666667,140.83124999999998,2.03
57401627,333,38.10416666666667,140.84375,0.981
57401628,2813,38.10416666666667,140.85625,0.442
57401629,4067,38.10416666666667,140.86875,0.262
57401630,30,38.112500000000004,140.75625,2.736
57401631,11,38.112500000000004,140.76874999999998,3.823
57401632,79,38.112500000000004,140.78125,3.464
57401633,112,38.112500000000004,140.79375,2.942
57401634,63,38.112500000000004,140.80625,2.775
57401635,36,38.112500000000004,140.81875,3.024
57401637,3043,38.112500000000004,140.84375,1.043
57401638,5902,38.112500000000004,140.85625,0.566
57401639,6729,38.112500000000004,140.86875,0.368
57401640,23,38.12083333333334,140.75625,2.999
57401642,48,38.12083333333334,140.78125,4.242
57401643,20,38.12083333333334,140.79375,3.828
57401644,45,38.12083333333334,140.80625,3.701
57401645,7,38.12083333333334,140.81875,3.412
57401647,1407,38.12083333333334,140.84375,1.471
57401648,1946,38.12083333333334,140.85625,0.435
57401649,2865,38.12083333333334,140.86875,0.239
57401650,17,38.12916666666667,140.75625,3.495
57401653,29,38.12916666666667,140.79375,4.729
57401654,35,38.12916666666667,140.80625,4.627
57401655,77,38.12916666666667,140.81875,3.822
57401656,91,38.12916666666667,140.83124999999998,2.802
57401657,330,38.12916666666667,140.84375,1.867
57401658,240,38.12916666666667,140.85625,1.229
57401659,137,38.12916666666667,140.86875,1.016
57401660,26,38.1375,140.75625,4.116
57401663,13,38.1375,140.79375,5.639
57401664,33,38.1375,140.80625,5.021
57401665,142,38.1375,140.81875,4.106
57401666,22,38.1375,140.83124999999998,3.3
57401667,201,38.1375,140.84375,2.554
57401668,40,38.1375,140.85625,2.133
57401669,86,38.1375,140.86875,1.93
57401670,6,38.145833333333336,140.75625,4.817
57401671,20,38.145833333333336,140.76874999999998,5.545
57401675,2632,38.145833333333336,140.81875,3.623
57401677,233,38.145833333333336,140.84375,1.895
57401678,54,38.145833333333336,140.85625,1.552
57401679,142,38.145833333333336,140.86875,1.39
57401680,6,38.154166666666676,140.75625,5.585
57401681,17,38.154166666666676,140.76874999999998,6.223
57401682,6,38.154166666666676,140.78125,6.548
57401684,3,38.154166666666676,140.80625,4.411
57401685,20,38.154166666666676,140.81875,3.333
57401686,32,38.154166666666676,140.83124999999998,2.269
57401687,274,38.154166666666676,140.84375,1.255
57401688,2088,38.154166666666676,140.85625,0.625
57401689,2995,38.154166666666676,140.86875,0.493
57401690,68,38.16250000000001,140.75625,6.395
57401691,81,38.16250000000001,140.76874999999998,6.674
57401692,11,38.16250000000001,140.78125,5.858
57401697,202,38.16250000000001,140.84375,1.129
57401698,1814,38.16250000000001,140.85625,0.301
57401699,1697,38.16250000000001,140.86875,0.52
57401700,1206,38.087500000000006,140.88125,1.703
57401701,56,38.087500000000006,140.89374999999998,2.277
57401702,123,38.087500000000006,140.90625,2.245
57401703,204,38.087500000000006,140.91875,2.699
57401710,84,38.09583333333334,140.88125,0.981
57401711,160,38.09583333333334,140.89374999999998,1.407
57401712,184,38.09583333333334,140.90625,1.354
57401720,1653,38.10416666666667,140.88125,0.84
57401721,355,38.10416666666667,140.89374999999998,0.701
57401722,1934,38.10416666666667,140.90625,0.588
57401723,144,38.10416666666667,140.91875,1.61
57401730,979,38.112500000000004,140.88125,0.472
57401731,506,38.112500000000004,140.89374999999998,0.849
57401732,1104,38.112500000000004,140.90625,0.758
57401733,9,38.112500000000004,140.91875,1.68
57401740,416,38.12083333333334,140.88125,0.866
57401741,131,38.12083333333334,140.89374999999998,1.633
57401742,346,38.12083333333334,140.90625,1.588
57401750,587,38.12916666666667,140.88125,1.313
57401752,1052,38.12916666666667,140.90625,2.487
57401753,44,38.12916666666667,140.91875,2.904
57401760,162,38.1375,140.88125,2.102
57401761,8,38.1375,140.89374999999998,2.388
57401762,13,38.1375,140.90625,2.452
57401763,13,38.1375,140.91875,2.209
57401770,2069,38.145833333333336,140.88125,1.524
57401771,11,38.145833333333336,140.89374999999998,1.495
57401772,84,38.145833333333336,140.90625,1.667
57401773,120,38.145833333333336,140.91875,1.282
57401780,4091,38.154166666666676,140.88125,0.757
57401781,140,38.154166666666676,140.89374999999998,0.698
57401782,206,38.154166666666676,140.90625,0.931
57401783,2524,38.154166666666676,140.91875,0.357
57401784,376,38.154166666666676,140.93125,1.175
57401790,4886,38.16250000000001,140.88125,0.721
57401791,1807,38.16250000000001,140.89374999999998,0.647
57401792,3494,38.16250000000001,140.90625,0.091
57401793,2051,38.16250000000001,140.91875,0.572
57401794,208,38.16250000000001,140.93125,1.257
57401795,9,38.16250000000001,140.94375,1.744
57402405,1,38.170833333333334,140.56875,6.071
57402406,18,38.170833333333334,140.58124999999998,5.02
57402407,51,38.170833333333334,140.59375,3.99
57402408,59,38.170833333333334,140.60625,3.004
57402409,5,38.170833333333334,140.61875,2.127
57402416,16,38.17916666666667,140.58124999999998,4.825
57402417,8,38.17916666666667,140.59375,3.743
57402418,19,38.17916666666667,140.60625,2.668
57402419,117,38.17916666666667,140.61875,1.617
57402427,35,38.1875,140.59375,3.717
57402428,93,38.1875,140.60625,2.632
57402429,174,38.1875,140.61875,1.557
57402437,367,38.19583333333333,140.59375,3.917
57402438,209,38.19583333333333,140.60625,2.907
57402439,77,38.19583333333333,140.61875,1.987
57402446,134,38.204166666666666,140.58124999999998,5.278
57402447,28,38.204166666666666,140.59375,4.311
57402453,1,38.2125,140.54375,8.658
57402454,1,38.2125,140.55625,7.65
57402455,3,38.2125,140.56875,6.669
57402459,28,38.2125,140.61875,3.486
57402460,48,38.22083333333333,140.50625,12.051
57402461,19,38.22083333333333,140.51874999999998,11.029
57402462,3,38.22083333333333,140.53125,10.022
57402468,13,38.22083333333333,140.60625,4.83
57402469,31,38.22083333333333,140.61875,4.339
57402479,4,38.229166666666664,140.61875,5.218
57402499,30,38.24583333333334,140.61875,7.012
57402500,155,38.170833333333334,140.63125,1.551
57402501,587,38.170833333333334,140.64374999999998,1.637
57402502,42,38.170833333333334,140.65625,2.311
57402503,50,38.170833333333334,140.66875,3.223
57402505,31,38.170833333333334,140.69375,5.258
57402506,81,38.170833333333334,140.70624999999998,6.313
57402507,98,38.170833333333334,140.71875,6.635
57402508,6,38.170833333333334,140.73125,6.663
57402509,15,38.170833333333334,140.74375,6.867
57402510,499,38.17916666666667,140.63125,0.706
57402511,1195,38.17916666666667,140.64374999999998,0.878
57402512,78,38.17916666666667,140.65625,1.852
57402513,36,38.17916666666667,140.66875,2.911
57402516,5,38.17916666666667,140.70624999999998,6.16
57402517,112,38.17916666666667,140.71875,7.248
57402518,24,38.17916666666667,140.73125,7.018
57402519,23,38.17916666666667,140.74375,6.274
57402520,259,38.1875,140.63125,0.555
57402521,656,38.1875,140.64374999999998,0.761
57402522,137,38.1875,140.65625,1.8
57402523,123,38.1875,140.66875,2.878
57402527,2,38.1875,140.71875,7.235
57402528,24,38.1875,140.73125,6.413
57402530,57,38.19583333333333,140.63125,1.354
57402531,59,38.19583333333333,140.64374999999998,1.451
57402532,105,38.19583333333333,140.65625,2.183
57402533,7,38.19583333333333,140.66875,3.132
57402535,3,38.19583333333333,140.69375,5.202
57402536,4,38.19583333333333,140.70624999999998,6.266
57402537,194,38.19583333333333,140.71875,6.856
57402538,124,38.19583333333333,140.73125,5.893
57402539,249,38.19583333333333,140.74375,4.983
57402540,19,38.204166666666666,140.63125,2.253
57402541,98,38.204166666666666,140.64374999999998,2.313
57402542,102,38.204166666666666,140.65625,2.83
57402543,35,38.204166666666666,140.66875,3.613
57402544,4,38.204166666666666,140.68125,4.526
57402545,2,38.204166666666666,140.69375,5.505
57402546,20,38.204166666666666,140.70624999999998,6.52
57402547,21,38.204166666666666,140.71875,6.504
57402548,319,38.204166666666666,140.73125,5.48
57402549,134,38.204166666666666,140.74375,4.487
57402550,116,38.2125,140.63125,3.168
57402555,1,38.2125,140.69375,5.938
57402559,38,38.2125,140.74375,4.143
57402562,24,38.22083333333333,140.65625,4.432
57402564,1,38.22083333333333,140.68125,5.667
57402567,151,38.22083333333333,140.71875,6.17
57402568,836,38.22083333333333,140.73125,5.079
57402569,63,38.22083333333333,140.74375,3.988
57402576,34,38.229166666666664,140.70624999999998,5.853
57402577,913,38.229166666666664,140.71875,5.322
57402578,207,38.229166666666664,140.73125,4.975
57402580,31,38.237500000000004,140.63125,5.935
57402581,81,38.237500000000004,140.64374999999998,5.958
57402582,27,38.237500000000004,140.65625,6.177
57402583,35,38.237500000000004,140.66875,6.572
57402585,1,38.237500000000004,140.69375,5.869
57402586,87,38.237500000000004,140.70624999999998,5.111
57402587,14,38.237500000000004,140.71875,4.492
57402590,47,38.24583333333334,140.63125,6.86
57402592,10,38.24583333333334,140.65625,7.07
57402593,19,38.24583333333334,140.66875,7.197
57402594,70,38.24583333333334,140.68125,6.222
57402595,110,38.24583333333334,140.69375,5.293
57402600,62,38.170833333333334,140.75625,6.457
57402601,150,38.170833333333334,140.76874999999998,6.047
57402602,11,38.170833333333334,140.78125,5.242
57402607,79,38.170833333333334,140.84375,1.64
57402608,167,38.170833333333334,140.85625,1.228
57402609,1530,38.170833333333334,140.86875,0.654
57402610,27,38.17916666666667,140.75625,5.644
57402611,45,38.17916666666667,140.76874999999998,5.17
57402612,8,38.17916666666667,140.78125,4.728
57402615,24,38.17916666666667,140.81875,2.453
57402617,28,38.17916666666667,140.84375,2.414
57402618,146,38.17916666666667,140.85625,1.77
57402619,2108,38.17916666666667,140.86875,0.684
57402620,39,38.1875,140.75625,4.871
57402621,63,38.1875,140.76874999999998,4.313
57402622,39,38.1875,140.78125,3.983
57402623,7,38.1875,140.79375,3.334
57402624,6,38.1875,140.80625,2.382
57402626,66,38.1875,140.83124999999998,1.394
57402627,420,38.1875,140.84375,1.912
57402628,526,38.1875,140.85625,1.291
57402629,989,38.1875,140.86875,0.569
57402630,26,38.19583333333333,140.75625,4.162
57402631,62,38.19583333333333,140.76874999999998,3.492
57402632,54,38.19583333333333,140.78125,3.076
57402633,5,38.19583333333333,140.79375,3.016
57402634,13,38.19583333333333,140.80625,1.996
57402635,244,38.19583333333333,140.81875,0.963
57402636,2576,38.19583333333333,140.83124999999998,0.506
57402637,2958,38.19583333333333,140.84375,1.404
57402638,947,38.19583333333333,140.85625,0.782
57402639,6330,38.19583333333333,140.86875,0.328
57402643,4,38.204166666666666,140.79375,2.089
57402644,2524,38.204166666666666,140.80625,2.004
57402645,386,38.204166666666666,140.81875,0.979
57402646,3246,38.204166666666666,140.83124999999998,0.536
57402647,719,38.204166666666666,140.84375,1.372
57402648,750,38.204166666666666,140.85625,0.911
57402649,776,38.204166666666666,140.86875,0.779
57402650,179,38.2125,140.75625,3.108
57402651,55,38.2125,140.76874999999998,2.13
57402652,32,38.2125,140.78125,1.342
57402653,400,38.2125,140.79375,1.163
57402654,987,38.2125,140.80625,1.589
57402655,1339,38.2125,140.81875,1.308
57402656,823,38.2125,140.83124999999998,0.435
57402657,686,38.2125,140.84375,0.755
57402658,4186,38.2125,140.85625,0.067
57402659,9032,38.2125,140.86875,0.219
57402660,31,38.22083333333333,140.75625,2.899
57402662,640,38.22083333333333,140.78125,0.738
57402663,539,38.22083333333333,140.79375,0.236
57402664,3945,38.22083333333333,140.80625,1.108
57402665,2133,38.22083333333333,140.81875,1.347
57402666,4296,38.22083333333333,140.83124999999998,0.541
57402667,3655,38.22083333333333,140.84375,0.196
57402668,5946,38.22083333333333,140.85625,0.091
57402669,10787,38.22083333333333,140.86875,0.301
57402671,2,38.229166666666664,140.76874999999998,1.935
57402672,1315,38.229166666666664,140.78125,1.004
57402673,28,38.229166666666664,140.79375,0.691
57402674,1207,38.229166666666664,140.80625,1.284
57402675,3607,38.229166666666664,140.81875,1.74
57402676,2917,38.229166666666664,140.83124999999998,0.854
57402677,7420,38.229166666666664,140.84375,0.863
57402678,5919,38.229166666666664,140.85625,0.843
57402679,7766,38.229166666666664,140.86875,0.718
57402681,5,38.237500000000004,140.76874999999998,2.434
57402682,4587,38.237500000000004,140.78125,1.786
57402683,261,38.237500000000004,140.79375,1.617
57402685,1276,38.237500000000004,140.81875,1.616
57402686,2037,38.237500000000004,140.83124999999998,0.559
57402687,4930,38.237500000000004,140.84375,0.537
57402688,7309,38.237500000000004,140.85625,0.422
57402689,3692,38.237500000000004,140.86875,0.729
57402690,53,38.24583333333334,140.75625,2.464
57402691,97,38.24583333333334,140.76874999999998,2.56
57402692,22,38.24583333333334,140.78125,2.413
57402693,36,38.24583333333334,140.79375,2.544
57402695,82,38.24583333333334,140.81875,1.977
57402696,288,38.24583333333334,140.83124999999998,1.27
57402697,1716,38.24583333333334,140.84375,1.237
57402698,4035,38.24583333333334,140.85625,1.167
57402699,6236,38.24583333333334,140.86875,0.916
57402700,7248,38.170833333333334,140.88125,0.224
57402701,2754,38.170833333333334,140.89374999999998,0.158
57402702,228,38.170833333333334,140.90625,0.921
57402703,277,38.170833333333334,140.91875,1.498
57402704,89,38.170833333333334,140.93125,1.368
57402705,9,38.170833333333334,140.94375,0.818
57402710,4370,38.17916666666667,140.88125,0.436
57402711,1881,38.17916666666667,140.89374999999998,0.564
57402712,313,38.17916666666667,140.90625,1.386
57402713,497,38.17916666666667,140.91875,2.192
57402714,255,38.17916666666667,140.93125,1.103
57402715,1468,38.17916666666667,140.94375,0.109
57402716,129,38.17916666666667,140.95624999999998,1.094
57402720,4705,38.1875,140.88125,0.49
57402721,2358,38.1875,140.89374999999998,0.288
57402722,2604,38.1875,140.90625,1.105
57402723,2246,38.1875,140.91875,1.747
57402724,73,38.1875,140.93125,1.509
57402725,41,38.1875,140.94375,1.036
57402730,9155,38.19583333333333,140.88125,0.417
57402731,5478,38.19583333333333,140.89374999999998,0.007
57402732,6801,38.19583333333333,140.90625,0.321
57402733,5954,38.19583333333333,140.91875,1.384
57402734,81,38.19583333333333,140.93125,2.248
57402735,164,38.19583333333333,140.94375,1.962
57402736,45,38.19583333333333,140.95624999999998,2.244
57402740,3377,38.204166666666666,140.88125,0.679
57402741,3988,38.204166666666666,140.89374999999998,0.672
57402742,4439,38.204166666666666,140.90625,0.456
57402743,536,38.204166666666666,140.91875,1.533
57402744,426,38.204166666666666,140.93125,1.462
57402745,183,38.204166666666666,140.94375,1.821
57402746,80,38.204166666666666,140.95624999999998,2.623
57402750,7965,38.2125,140.88125,0.385
57402751,4416,38.2125,140.89374999999998,0.962
57402753,3218,38.2125,140.91875,1.223
57402754,4784,38.2125,140.93125,0.536
57402755,185,38.2125,140.94375,1.21
57402756,180,38.2125,140.95624999999998,2.242
57402760,10852,38.22083333333333,140.88125,0.172
57402761,8522,38.22083333333333,140.89374999999998,0.646
57402762,3769,38.22083333333333,140.90625,0.675
57402763,6735,38.22083333333333,140.91875,1.029
57402764,733,38.22083333333333,140.93125,0.391
57402765,529,38.22083333333333,140.94375,1.153
57402766,191,38.22083333333333,140.95624999999998,1.845
57402767,27,38.22083333333333,140.96875,2.464
57402770,12568,38.229166666666664,140.88125,0.034
57402771,7362,38.229166666666664,140.89374999999998,0.311
57402772,7574,38.229166666666664,140.90625,0.302
57402773,4757,38.229166666666664,140.91875,0.499
57402774,458,38.229166666666664,140.93125,0.939
57402775,80,38.229166666666664,140.94375,0.894
57402776,211,38.229166666666664,140.95624999999998,1.04
57402777,408,38.229166666666664,140.96875,1.936
57402780,5026,38.237500000000004,140.88125,0.713
57402781,11138,38.237500000000004,140.89374999999998,0.88
57402782,7546,38.237500000000004,140.90625,0.17
57402783,2912,38.237500000000004,140.91875,0.629
57402784,4610,38.237500000000004,140.93125,0.089
57402785,4990,38.237500000000004,140.94375,0.275
57402786,1274,38.237500000000004,140.95624999999998,0.612
57402787,6,38.237500000000004,140.96875,1.616
57402788,19,38.237500000000004,140.98125,2.689
57402789,7,38.237500000000004,140.99375,3.737
57402790,8614,38.24583333333334,140.88125,0.323
57402791,11325,38.24583333333334,140.89374999999998,0.494
57402792,8397,38.24583333333334,140.90625,0.383
57402793,11230,38.24583333333334,140.91875,0.48
57402794,7244,38.24583333333334,140.93125,0.416
57402795,6521,38.24583333333334,140.94375,0.445
57402796,11,38.24583333333334,140.95624999999998,0.725
57402797,11,38.24583333333334,140.96875,1.662
57402798,174,38.24583333333334,140.98125,2.717
57402799,85,38.24583333333334,140.99375,2.827
57403407,7,38.25416666666667,140.59375,8.608
57403408,26,38.25416666666667,140.60625,8.198
57403409,9,38.25416666666667,140.61875,7.919
57403423,3,38.270833333333336,140.54375,12.558
57403425,4,38.270833333333336,140.56875,11.281
57403426,57,38.270833333333336,140.58124999999998,10.752
57403428,30,38.270833333333336,140.60625,9.973
57403429,119,38.270833333333336,140.61875,9.745
57403438,19,38.27916666666667,140.60625,10.87
57403439,36,38.27916666666667,140.61875,10.661
57403469,46,38.30416666666667,140.61875,11.445
57403489,112,38.32083333333334,140.61875,12.137
57403497,2,38.32916666666667,140.59375,14.503
57403499,82,38.32916666666667,140.61875,12.571
57403501,7,38.25416666666667,140.64374999999998,7.802
57403503,80,38.25416666666667,140.66875,6.862
57403504,312,38.25416666666667,140.68125,5.831
57403505,27,38.25416666666667,140.69375,4.827
57403512,177,38.2625,140.65625,7.718
57403513,291,38.2625,140.66875,6.64
57403514,51,38.2625,140.68125,5.569
57403519,6,38.2625,140.74375,1.15
57403520,79,38.270833333333336,140.63125,9.636
57403521,188,38.270833333333336,140.64374999999998,8.725
57403522,65,38.270833333333336,140.65625,7.634
57403526,99,38.270833333333336,140.70624999999998,3.274
57403527,255,38.270833333333336,140.71875,2.186
57403528,457,38.270833333333336,140.73125,1.106
57403529,2403,38.270833333333336,140.74375,0.224
57403530,1,38.27916666666667,140.63125,9.838
57403534,9,38.27916666666667,140.68125,5.493
57403535,73,38.27916666666667,140.69375,4.413
57403536,258,38.27916666666667,140.70624999999998,3.341
57403537,70,38.27916666666667,140.71875,2.285
57403538,33,38.27916666666667,140.73125,1.292
57403539,1212,38.27916666666667,140.74375,0.703
57403544,17,38.2875,140.68125,5.686
57403545,171,38.2875,140.69375,4.651
57403546,59,38.2875,140.70624999999998,3.65
57403547,199,38.2875,140.71875,2.717
57403548,57,38.2875,140.73125,1.957
57403549,434,38.2875,140.74375,1.63
57403551,13,38.295833333333334,140.64374999999998,9.087
57403552,70,38.295833333333334,140.65625,8.046
57403553,2,38.295833333333334,140.66875,7.02
57403554,368,38.295833333333334,140.68125,6.017
57403555,227,38.295833333333334,140.69375,5.051
57403556,114,38.295833333333334,140.70624999999998,4.147
57403557,78,38.295833333333334,140.71875,3.356
57403558,41,38.295833333333334,140.73125,2.776
57403559,1785,38.295833333333334,140.74375,2.556
57403560,126,38.30416666666667,140.63125,10.411
57403561,94,38.30416666666667,140.64374999999998,9.39
57403562,36,38.30416666666667,140.65625,8.386
57403563,49,38.30416666666667,140.66875,7.408
57403564,62,38.30416666666667,140.68125,6.465
57403565,34,38.30416666666667,140.69375,5.577
57403566,48,38.30416666666667,140.70624999999998,4.774
57403567,66,38.30416666666667,140.71875,4.106
57403568,44,38.30416666666667,140.73125,3.647
57403570,90,38.3125,140.63125,10.756
57403571,128,38.3125,140.64374999999998,9.771
57403572,96,38.3125,140.65625,8.811
57403574,21,38.3125,140.68125,7.008
57403576,71,38.3125,140.70624999999998,5.487
57403579,6,38.3125,140.74375,4.137
57403580,89,38.32083333333334,140.63125,11.167
57403587,4,38.32083333333334,140.71875,5.762
57403589,15,38.32083333333334,140.74375,3.975
57403595,8,38.32916666666667,140.69375,7.628
57403596,9,38.32916666666667,140.70624999999998,7.063
57403600,2257,38.25416666666667,140.75625,1.551
57403601,4387,38.25416666666667,140.76874999999998,1.698
57403604,101,38.25416666666667,140.80625,1.951
57403605,3,38.25416666666667,140.81875,2.555
57403606,535,38.25416666666667,140.83124999999998,2.144
57403607,144,38.25416666666667,140.84375,1.747
57403608,485,38.25416666666667,140.85625,1.48
57403609,8956,38.25416666666667,140.86875,0.587
57403610,1655,38.2625,140.75625,0.674
57403611,199,38.2625,140.76874999999998,0.966
57403612,65,38.2625,140.78125,0.571
57403613,2595,38.2625,140.79375,0.976
57403614,3021,38.2625,140.80625,1.136
57403615,1323,38.2625,140.81875,2.003
57403616,182,38.2625,140.83124999999998,1.764
57403617,4828,38.2625,140.84375,0.902
57403618,2848,38.2625,140.85625,0.78
57403619,9378,38.2625,140.86875,0.195
57403620,3912,38.270833333333336,140.75625,0.469
57403621,4563,38.270833333333336,140.76874999999998,0.577
57403622,4781,38.270833333333336,140.78125,0.271
57403623,5835,38.270833333333336,140.79375,0.392
57403624,716,38.270833333333336,140.80625,0.701
57403625,1297,38.270833333333336,140.81875,1.729
57403626,1099,38.270833333333336,140.83124999999998,1.61
57403627,7415,38.270833333333336,140.84375,0.54
57403628,11487,38.270833333333336,140.85625,0.479
57403629,15919,38.270833333333336,140.86875,0.142
57403630,1067,38.27916666666667,140.75625,1.036
57403631,2051,38.27916666666667,140.76874999999998,1.195
57403632,1173,38.27916666666667,140.78125,0.671
57403633,996,38.27916666666667,140.79375,0.902
57403634,35,38.27916666666667,140.80625,1.187
57403635,537,38.27916666666667,140.81875,0.811
57403636,3172,38.27916666666667,140.83124999999998,1.338
57403637,6468,38.27916666666667,140.84375,0.641
57403638,9561,38.27916666666667,140.85625,0.401
57403639,13781,38.27916666666667,140.86875,0.295
57403640,1504,38.2875,140.75625,1.819
57403641,1822,38.2875,140.76874999999998,1.888
57403642,234,38.2875,140.78125,1.595
57403643,15,38.2875,140.79375,1.701
57403644,546,38.2875,140.80625,0.942
57403645,4539,38.2875,140.81875,0.094
57403646,4190,38.2875,140.83124999999998,0.998
57403647,6317,38.2875,140.84375,0.422
57403648,7974,38.2875,140.85625,0.552
57403649,8929,38.2875,140.86875,0.594
57403650,452,38.295833333333334,140.75625,2.695
57403651,80,38.295833333333334,140.76874999999998,2.716
57403652,99,38.295833333333334,140.78125,2.375
57403654,721,38.295833333333334,140.80625,1.139
57403655,3556,38.295833333333334,140.81875,0.901
57403656,5763,38.295833333333334,140.83124999999998,0.431
57403657,8347,38.295833333333334,140.84375,0.507
57403658,6125,38.295833333333334,140.85625,0.885
57403659,6467,38.295833333333334,140.86875,1.519
57403660,18,38.30416666666667,140.75625,3.561
57403661,1323,38.30416666666667,140.76874999999998,2.667
57403662,515,38.30416666666667,140.78125,1.707
57403663,6,38.30416666666667,140.79375,1.047
57403664,2668,38.30416666666667,140.80625,0.772
57403665,1885,38.30416666666667,140.81875,0.334
57403666,4989,38.30416666666667,140.83124999999998,0.877
57403667,6313,38.30416666666667,140.84375,0.723
57403668,1542,38.30416666666667,140.85625,0.942
57403669,4003,38.30416666666667,140.86875,1.409
57403670,275,38.3125,140.75625,3.107
57403671,2847,38.3125,140.76874999999998,2.137
57403672,23,38.3125,140.78125,1.363
57403673,2821,38.3125,140.79375,0.299
57403674,3245,38.3125,140.80625,0.806
57403675,3596,38.3125,140.81875,1.062
57403676,5350,38.3125,140.83124999999998,0.142
57403677,4026,38.3125,140.84375,0.411
57403678,2602,38.3125,140.85625,0.024
57403679,3024,38.3125,140.86875,0.503
57403681,21,38.32083333333334,140.76874999999998,1.803
57403682,84,38.32083333333334,140.78125,0.738
57403683,2586,38.32083333333334,140.79375,0.464
57403684,1628,38.32083333333334,140.80625,0.993
57403685,1770,38.32083333333334,140.81875,1.568
57403686,536,38.32083333333334,140.83124999999998,0.904
57403687,1602,38.32083333333334,140.84375,0.076
57403688,1009,38.32083333333334,140.85625,0.911
57403689,2990,38.32083333333334,140.86875,0.487
57403691,829,38.32916666666667,140.76874999999998,1.912
57403692,4424,38.32916666666667,140.78125,0.974
57403693,2223,38.32916666666667,140.79375,0.787
57403694,265,38.32916666666667,140.80625,0.296
57403695,262,38.32916666666667,140.81875,1.386
57403696,88,38.32916666666667,140.83124999999998,1.434
57403697,208,38.32916666666667,140.84375,0.499
57403698,381,38.32916666666667,140.85625,0.889
57403699,3098,38.32916666666667,140.86875,0.227
57403700,14666,38.25416666666667,140.88125,0.362
57403701,11559,38.25416666666667,140.89374999999998,0.433
57403702,6062,38.25416666666667,140.90625,0.751
57403703,8375,38.25416666666667,140.91875,0.25
57403704,1338,38.25416666666667,140.93125,0.69
57403705,2749,38.25416666666667,140.94375,0.521
57403706,546,38.25416666666667,140.95624999999998,1.081
57403707,1315,38.25416666666667,140.96875,1.865
57403708,2020,38.25416666666667,140.98125,1.894
57403709,252,38.25416666666667,140.99375,1.933
57403710,7460,38.2625,140.88125,0.246
57403711,15428,38.2625,140.89374999999998,0.025
57403712,9678,38.2625,140.90625,0.391
57403713,4178,38.2625,140.91875,0.867
57403714,25,38.2625,140.93125,1.536
57403715,3,38.2625,140.94375,1.436
57403716,1278,38.2625,140.95624999999998,1.426
57403717,2920,38.2625,140.96875,0.939
57403718,2749,38.2625,140.98125,1.024
57403719,159,38.2625,140.99375,1.095
57403720,15018,38.270833333333336,140.88125,0.437
57403721,12915,38.270833333333336,140.89374999999998,0.639
57403722,8848,38.270833333333336,140.90625,0.537
57403723,9306,38.270833333333336,140.91875,0.673
57403724,4942,38.270833333333336,140.93125,0.624
57403725,941,38.270833333333336,140.94375,0.932
57403726,4812,38.270833333333336,140.95624999999998,1.073
57403727,7390,38.270833333333336,140.96875,0.021
57403728,721,38.270833333333336,140.98125,0.476
57403730,10903,38.27916666666667,140.88125,0.41
57403731,10935,38.27916666666667,140.89374999999998,0.225
57403732,5250,38.27916666666667,140.90625,0.453
57403733,8645,38.27916666666667,140.91875,0.446
57403734,7473,38.27916666666667,140.93125,0.276
57403735,134,38.27916666666667,140.94375,0.741
57403736,4255,38.27916666666667,140.95624999999998,0.481
57403737,7883,38.27916666666667,140.96875,0.534
57403738,8095,38.27916666666667,140.98125,0.969
57403739,1284,38.27916666666667,140.99375,0.517
57403740,8054,38.2875,140.88125,0.292
57403741,7387,38.2875,140.89374999999998,1.019
57403742,5563,38.2875,140.90625,0.732
57403743,5812,38.2875,140.91875,0.554
57403744,4638,38.2875,140.93125,0.776
57403746,2655,38.2875,140.95624999999998,0.45
57403747,5093,38.2875,140.96875,0.483
57403748,4610,38.2875,140.98125,0.983
57403749,2682,38.2875,140.99375,0.971
57403750,4142,38.295833333333334,140.88125,0.898
57403751,10027,38.295833333333334,140.89374999999998,0.235
57403752,7719,38.295833333333334,140.90625,0.233
57403753,4644,38.295833333333334,140.91875,0.703
57403754,4262,38.295833333333334,140.93125,1.612
57403755,1670,38.295833333333334,140.94375,1.784
57403756,5022,38.295833333333334,140.95624999999998,1.254
57403757,2092,38.295833333333334,140.96875,0.863
57403758,1134,38.295833333333334,140.98125,0.397
57403759,5615,38.295833333333334,140.99375,0.193
57403760,7255,38.30416666666667,140.88125,0.889
57403761,7414,38.30416666666667,140.89374999999998,0.642
57403762,4322,38.30416666666667,140.90625,0.102
57403763,1177,38.30416666666667,140.91875,0.699
57403764,591,38.30416666666667,140.93125,1.461
57403765,3698,38.30416666666667,140.94375,1.437
57403766,5361,38.30416666666667,140.95624999999998,0.428
57403767,1047,38.30416666666667,140.96875,0.825
57403768,544,38.30416666666667,140.98125,0.699
57403769,3000,38.30416666666667,140.99375,0.733
57403770,9187,38.3125,140.88125,0.541
57403771,8221,38.3125,140.89374999999998,0.258
57403772,1289,38.3125,140.90625,0.433
57403773,972,38.3125,140.91875,0.557
57403774,2473,38.3125,140.93125,0.769
57403775,1695,38.3125,140.94375,1.547
57403776,3645,38.3125,140.95624999999998,0.714
57403778,164,38.3125,140.98125,1.369
57403779,2075,38.3125,140.99375,0.741
57403780,6062,38.32083333333334,140.88125,0.328
57403781,7176,38.32083333333334,140.89374999999998,0.328
57403782,4652,38.32083333333334,140.90625,0.523
57403783,4507,38.32083333333334,140.91875,0.696
57403784,1214,38.32083333333334,140.93125,0.875
57403786,1705,38.32083333333334,140.95624999999998,1.416
57403787,221,38.32083333333334,140.96875,0.369
57403788,246,38.32083333333334,140.98125,0.804
57403789,3432,38.32083333333334,140.99375,0.446
57403790,6240,38.32916666666667,140.88125,0.359
57403791,5873,38.32916666666667,140.89374999999998,0.354
57403792,4419,38.32916666666667,140.90625,0.557
57403793,3027,38.32916666666667,140.91875,0.545
57403795,172,38.32916666666667,140.94375,2.221
57403796,3443,38.32916666666667,140.95624999999998,1.359
57403797,914,38.32916666666667,140.96875,0.334
57403798,3236,38.32916666666667,140.98125,0.288
57403799,1409,38.32916666666667,140.99375,1.0
57404408,53,38.337500000000006,140.60625,13.98
57404409,32,38.337500000000006,140.61875,13.057
57404502,9,38.337500000000006,140.65625,10.482
57404504,34,38.337500000000006,140.68125,9.019
57404505,62,38.337500000000006,140.69375,8.406
57404514,8,38.34583333333334,140.68125,9.753
57404515,9,38.34583333333334,140.69375,8.705
57404517,7,38.34583333333334,140.71875,6.65
57404519,6,38.34583333333334,140.74375,4.708
57404524,50,38.35416666666667,140.68125,10.034
57404526,5,38.35416666666667,140.70624999999998,8.023
57404527,28,38.35416666666667,140.71875,7.055
57404528,2,38.35416666666667,140.73125,6.128
57404533,63,38.362500000000004,140.66875,11.387
57404536,12,38.362500000000004,140.70624999999998,8.463
57404539,32,38.362500000000004,140.74375,5.915
57404543,9,38.37083333333334,140.66875,11.774
57404547,9,38.37083333333334,140.71875,8.126
57404550,19,38.37916666666667,140.63125,15.124
57404558,30,38.37916666666667,140.73125,8.032
57404559,9,38.37916666666667,140.74375,7.395
57404601,7,38.337500000000006,140.76874999999998,2.404
57404602,97,38.337500000000006,140.78125,1.752
57404603,228,38.337500000000006,140.79375,1.205
57404604,325,38.337500000000006,140.80625,0.953
57404605,679,38.337500000000006,140.81875,0.863
57404606,2438,38.337500000000006,140.83124999999998,0.651
57404607,4219,38.337500000000006,140.84375,0.604
57404608,4495,38.337500000000006,140.85625,0.411
57404609,4971,38.337500000000006,140.86875,0.457
57404610,12,38.34583333333334,140.75625,3.834
57404611,51,38.34583333333334,140.76874999999998,3.101
57404612,109,38.34583333333334,140.78125,2.629
57404613,860,38.34583333333334,140.79375,1.997
57404614,153,38.34583333333334,140.80625,1.209
57404615,2390,38.34583333333334,140.81875,0.124
57404616,3033,38.34583333333334,140.83124999999998,0.544
57404617,989,38.34583333333334,140.84375,0.653
57404618,2600,38.34583333333334,140.85625,0.534
57404619,3138,38.34583333333334,140.86875,0.911
57404620,6,38.35416666666667,140.75625,4.501
57404622,214,38.35416666666667,140.78125,3.341
57404623,323,38.35416666666667,140.79375,2.492
57404624,55,38.35416666666667,140.80625,1.544
57404625,840,38.35416666666667,140.81875,0.968
57404626,1155,38.35416666666667,140.83124999999998,1.268
57404628,56,38.35416666666667,140.85625,1.455
57404629,3544,38.35416666666667,140.86875,0.736
57404630,54,38.362500000000004,140.75625,5.247
57404631,79,38.362500000000004,140.76874999999998,4.736
57404632,142,38.362500000000004,140.78125,3.879
57404633,90,38.362500000000004,140.79375,2.974
57404635,8,38.362500000000004,140.81875,1.891
57404637,81,38.362500000000004,140.84375,2.184
57404638,358,38.362500000000004,140.85625,1.992
57404639,5493,38.362500000000004,140.86875,0.933
57404640,99,38.37083333333334,140.75625,6.043
57404641,122,38.37083333333334,140.76874999999998,5.289
57404642,23,38.37083333333334,140.78125,4.405
57404643,45,38.37083333333334,140.79375,3.634
57404645,18,38.37083333333334,140.81875,2.817
57404647,12,38.37083333333334,140.84375,1.99
57404648,756,38.37083333333334,140.85625,1.234
57404649,3825,38.37083333333334,140.86875,1.065
57404650,32,38.37916666666667,140.75625,6.708
57404651,4,38.37916666666667,140.76874999999998,5.835
57404652,64,38.37916666666667,140.78125,5.047
57404653,34,38.37916666666667,140.79375,4.391
57404657,18,38.37916666666667,140.84375,1.672
57404658,2270,38.37916666666667,140.85625,0.598
57404659,4047,38.37916666666667,140.86875,0.541
57404662,2,38.3875,140.78125,5.768
57404663,22,38.3875,140.79375,5.203
57404665,42,38.3875,140.81875,3.917
57404667,4,38.3875,140.84375,1.829
57404668,584,38.3875,140.85625,0.953
57404669,6054,38.3875,140.86875,0.251
57404676,29,38.395833333333336,140.83124999999998,3.229
57404677,21,38.395833333333336,140.84375,2.37
57404678,32,38.395833333333336,140.85625,1.601
57404679,45,38.395833333333336,140.86875,1.177
57404686,68,38.404166666666676,140.83124999999998,3.796
57404687,307,38.404166666666676,140.84375,3.026
57404688,300,38.404166666666676,140.85625,2.367
57404689,53,38.404166666666676,140.86875,1.481
57404692,4,38.41250000000001,140.78125,7.943
57404694,4,38.41250000000001,140.80625,6.071
57404697,34,38.41250000000001,140.84375,3.73
57404698,205,38.41250000000001,140.85625,2.801
57404699,61,38.41250000000001,140.86875,1.864
57404700,6387,38.337500000000006,140.88125,0.588
57404701,5692,38.337500000000006,140.89374999999998,0.631
57404702,3654,38.337500000000006,140.90625,1.139
57404703,707,38.337500000000006,140.91875,1.142
57404704,1,38.337500000000006,140.93125,1.915
57404705,27,38.337500000000006,140.94375,1.964
57404706,1197,38.337500000000006,140.95624999999998,0.878
57404707,3181,38.337500000000006,140.96875,0.249
57404708,979,38.337500000000006,140.98125,0.48
57404709,264,38.337500000000006,140.99375,0.961
57404710,3552,38.34583333333334,140.88125,0.38
57404711,6236,38.34583333333334,140.89374999999998,0.279
57404712,879,38.34583333333334,140.90625,0.496
57404713,31,38.34583333333334,140.91875,1.578
57404714,8,38.34583333333334,140.93125,2.528
57404716,1480,38.34583333333334,140.95624999999998,1.188
57404717,2954,38.34583333333334,140.96875,0.839
57404718,86,38.34583333333334,140.98125,1.368
57404719,106,38.34583333333334,140.99375,1.602
57404720,1072,38.35416666666667,140.88125,0.356
57404721,3761,38.35416666666667,140.89374999999998,0.656
57404722,128,38.35416666666667,140.90625,0.955
57404723,28,38.35416666666667,140.91875,1.777
57404726,693,38.35416666666667,140.95624999999998,1.942
57404727,1564,38.35416666666667,140.96875,1.75
57404730,1879,38.362500000000004,140.88125,0.315
57404731,4546,38.362500000000004,140.89374999999998,0.286
57404732,1726,38.362500000000004,140.90625,1.003
57404733,42,38.362500000000004,140.91875,2.07
57404734,7,38.362500000000004,140.93125,3.153
57404735,13,38.362500000000004,140.94375,3.306
57404740,2342,38.37083333333334,140.88125,0.642
57404741,1288,38.37083333333334,140.89374999999998,0.647
57404742,448,38.37083333333334,140.90625,1.15
57404743,15,38.37083333333334,140.91875,2.145
57404744,7,38.37083333333334,140.93125,3.202
57404745,43,38.37083333333334,140.94375,4.09
57404746,47,38.37083333333334,140.95624999999998,3.693
57404747,25,38.37083333333334,140.96875,3.596
57404749,17,38.37083333333334,140.99375,4.219
57404750,2609,38.37916666666667,140.88125,1.286
57404751,9,38.37916666666667,140.89374999999998,1.566
57404752,93,38.37916666666667,140.90625,1.832
57404753,17,38.37916666666667,140.91875,2.575
57404754,46,38.37916666666667,140.93125,3.505
57404755,12,38.37916666666667,140.94375,4.507
57404756,5,38.37916666666667,140.95624999999998,4.599
57404758,6,38.37916666666667,140.98125,4.702
57404760,1187,38.3875,140.88125,1.122
57404761,50,38.3875,140.89374999999998,1.739
57404762,95,38.3875,140.90625,2.136
57404763,16,38.3875,140.91875,2.911
57404765,58,38.3875,140.94375,4.839
57404768,37,38.3875,140.98125,4.164
57404769,11,38.3875,140.99375,3.962
57404770,539,38.395833333333336,140.88125,0.793
57404771,905,38.395833333333336,140.89374999999998,0.821
57404772,146,38.395833333333336,140.90625,1.487
57404773,114,38.395833333333336,140.91875,2.475
57404774,73,38.395833333333336,140.93125,3.523
57404775,91,38.395833333333336,140.94375,4.59
57404778,43,38.395833333333336,140.98125,3.295
57404779,16,38.395833333333336,140.99375,3.037
57404780,2492,38.404166666666676,140.88125,0.438
57404781,1478,38.404166666666676,140.89374999999998,0.203
57404784,59,38.404166666666676,140.93125,3.432
57404785,29,38.404166666666676,140.94375,4.52
57404788,58,38.404166666666676,140.98125,2.47
57404789,3,38.404166666666676,140.99375,2.114
57404790,495,38.41250000000001,140.88125,1.213
57404791,1486,38.41250000000001,140.89374999999998,1.061
57404793,45,38.41250000000001,140.91875,2.564
57404794,123,38.41250000000001,140.93125,3.586
57404795,115,38.41250000000001,140.94375,4.638
57404796,35,38.41250000000001,140.95624999999998,3.667
57404798,40,38.41250000000001,140.98125,1.75
57404799,127,38.41250000000001,140.99375,1.195
57405601,22,38.420833333333334,140.76874999999998,9.337
57405602,40,38.420833333333334,140.78125,8.397
57405603,64,38.420833333333334,140.79375,7.497
57405604,81,38.420833333333334,140.80625,6.654
57405608,6,38.420833333333334,140.85625,2.955
57405609,10,38.420833333333334,140.86875,2.16
57405613,9,38.42916666666667,140.79375,7.847
57405614,54,38.42916666666667,140.80625,6.769
57405615,16,38.42916666666667,140.81875,5.695
57405618,8,38.42916666666667,140.85625,2.535
57405619,12,38.42916666666667,140.86875,1.536
57405623,6,38.4375,140.79375,7.78
57405624,26,38.4375,140.80625,6.692
57405625,11,38.4375,140.81875,5.603
57405628,31,38.4375,140.85625,2.338
57405629,854,38.4375,140.86875,1.251
57405634,29,38.44583333333333,140.80625,6.742
57405635,49,38.44583333333333,140.81875,5.663
57405636,48,38.44583333333333,140.83124999999998,4.589
57405637,200,38.44583333333333,140.84375,3.524
57405638,67,38.44583333333333,140.85625,2.479
57405639,1880,38.44583333333333,140.86875,1.498
57405644,14,38.454166666666666,140.80625,6.917
57405645,57,38.454166666666666,140.81875,5.871
57405646,231,38.454166666666666,140.83124999999998,4.843
57405647,115,38.454166666666666,140.84375,3.849
57405648,322,38.454166666666666,140.85625,2.923
57405649,170,38.454166666666666,140.86875,2.154
57405653,30,38.4625,140.79375,8.228
57405654,44,38.4625,140.80625,7.208
57405655,80,38.4625,140.81875,6.211
57405656,15,38.4625,140.83124999999998,5.25
57405658,46,38.4625,140.85625,3.558
57405659,931,38.4625,140.86875,2.959
57405662,52,38.47083333333333,140.78125,9.573
57405663,40,38.47083333333333,140.79375,8.575
57405664,14,38.47083333333333,140.80625,7.601
57405665,2,38.47083333333333,140.81875,6.663
57405667,76,38.47083333333333,140.84375,4.976
57405668,61,38.47083333333333,140.85625,4.3
57405669,87,38.47083333333333,140.86875,3.819
57405675,34,38.479166666666664,140.81875,7.207
57405676,102,38.479166666666664,140.83124999999998,6.398
57405677,139,38.479166666666664,140.84375,5.684
57405678,67,38.479166666666664,140.85625,5.102
57405679,25,38.479166666666664,140.86875,4.705
57405687,19,38.487500000000004,140.84375,6.447
57405688,33,38.487500000000004,140.85625,5.941
57405689,179,38.487500000000004,140.86875,5.604
57405698,43,38.49583333333334,140.85625,6.049
57405699,194,38.49583333333334,140.86875,6.219
57405700,55,38.420833333333334,140.88125,1.722
57405701,119,38.420833333333334,140.89374999999998,1.822
57405702,172,38.420833333333334,140.90625,2.338
57405703,143,38.420833333333334,140.91875,3.062
57405704,254,38.420833333333334,140.93125,3.957
57405705,40,38.420833333333334,140.94375,4.568
57405706,280,38.420833333333334,140.95624999999998,3.481
57405707,283,38.420833333333334,140.96875,2.396
57405708,419,38.420833333333334,140.98125,1.318
57405709,999,38.420833333333334,140.99375,0.324
57405710,54,38.42916666666667,140.88125,0.814
57405711,275,38.42916666666667,140.89374999999998,1.014
57405712,38,38.42916666666667,140.90625,1.91
57405713,157,38.42916666666667,140.91875,2.939
57405714,112,38.42916666666667,140.93125,4.0
57405715,57,38.42916666666667,140.94375,4.611
57405716,125,38.42916666666667,140.95624999999998,3.537
57405717,30,38.42916666666667,140.96875,2.477
57405718,93,38.42916666666667,140.98125,1.46
57405719,356,38.42916666666667,140.99375,0.707
57405720,2719,38.4375,140.88125,0.186
57405721,1781,38.4375,140.89374999999998,0.676
57405722,743,38.4375,140.90625,1.754
57405723,79,38.4375,140.91875,2.84
57405724,125,38.4375,140.93125,3.928
57405725,45,38.4375,140.94375,4.834
57405726,100,38.4375,140.95624999999998,3.824
57405727,51,38.4375,140.96875,2.872
57405728,35,38.4375,140.98125,2.06
57405729,100,38.4375,140.99375,1.616
57405730,4624,38.44583333333333,140.88125,0.845
57405731,1331,38.44583333333333,140.89374999999998,1.247
57405732,155,38.44583333333333,140.90625,2.055
57405733,17,38.44583333333333,140.91875,3.035
57405734,52,38.44583333333333,140.93125,4.071
57405735,117,38.44583333333333,140.94375,5.128
57405736,3,38.44583333333333,140.95624999999998,4.295
57405737,43,38.44583333333333,140.96875,3.475
57405738,133,38.44583333333333,140.98125,2.841
57405739,84,38.44583333333333,140.99375,2.538
57405740,982,38.454166666666666,140.88125,1.764
57405741,375,38.454166666666666,140.89374999999998,1.988
57405742,120,38.454166666666666,140.90625,2.662
57405745,6,38.454166666666666,140.94375,5.4
57405748,19,38.454166666666666,140.98125,3.69
57405749,76,38.454166666666666,140.99375,3.462
57405750,911,38.4625,140.88125,2.688
57405751,7,38.4625,140.89374999999998,2.84
57405752,59,38.4625,140.90625,3.358
57405755,15,38.4625,140.94375,5.808
57405756,33,38.4625,140.95624999999998,5.591
57405757,36,38.4625,140.96875,4.988
57405758,36,38.4625,140.98125,4.57
57405759,172,38.4625,140.99375,4.387
57405760,359,38.47083333333333,140.88125,3.614
57405762,5,38.47083333333333,140.90625,4.136
57405763,12,38.47083333333333,140.91875,4.763
57405764,10,38.47083333333333,140.93125,5.505
57405765,39,38.47083333333333,140.94375,6.327
57405766,20,38.47083333333333,140.95624999999998,6.343
57405767,50,38.47083333333333,140.96875,5.819
57405768,89,38.47083333333333,140.98125,5.465
57405769,33,38.47083333333333,140.99375,5.313
57405770,91,38.479166666666664,140.88125,4.539
57405771,9,38.479166666666664,140.89374999999998,4.631
57405772,31,38.479166666666664,140.90625,4.965
57405773,15,38.479166666666664,140.91875,5.498
57405774,111,38.479166666666664,140.93125,6.043
57405775,77,38.479166666666664,140.94375,5.931
57405777,34,38.479166666666664,140.96875,6.291
57405778,29,38.479166666666664,140.98125,6.369
57405780,199,38.487500000000004,140.88125,5.466
57405781,52,38.487500000000004,140.89374999999998,5.542
57405782,98,38.487500000000004,140.90625,5.824
57405783,158,38.487500000000004,140.91875,5.486
57405784,66,38.487500000000004,140.93125,5.137
57405785,67,38.487500000000004,140.94375,5.004
57405786,51,38.487500000000004,140.95624999999998,5.105
57405787,137,38.487500000000004,140.96875,5.427
57405788,1,38.487500000000004,140.98125,5.933
57405789,15,38.487500000000004,140.99375,6.582
57405790,287,38.49583333333334,140.88125,6.392
57405791,114,38.49583333333334,140.89374999999998,6.017
57405792,16,38.49583333333334,140.90625,5.269
57405793,2,38.49583333333334,140.91875,4.656
57405794,89,38.49583333333334,140.93125,4.239
57405795,38,38.49583333333334,140.94375,4.078
57405796,7,38.49583333333334,140.95624999999998,4.201
57405799,18,38.49583333333334,140.99375,5.908
57406556,5,38.545833333333334,140.70624999999998,8.244
57406557,35,38.545833333333334,140.71875,7.249
57406558,9,38.545833333333334,140.73125,6.285
57406564,1,38.55416666666667,140.68125,10.048
57406567,4,38.55416666666667,140.71875,6.902
57406568,90,38.55416666666667,140.73125,5.881
57406569,51,38.55416666666667,140.74375,4.889
57406574,3,38.5625,140.68125,9.887
57406575,9,38.5625,140.69375,8.811
57406577,4,38.5625,140.71875,6.667
57406578,46,38.5625,140.73125,5.603
57406579,183,38.5625,140.74375,4.551
57406581,12,38.57083333333334,140.64374999999998,13.071
57406585,5,38.57083333333334,140.69375,8.726
57406587,5,38.57083333333334,140.71875,6.555
57406588,13,38.57083333333334,140.73125,5.47
57406589,32,38.57083333333334,140.74375,4.386
57406591,53,38.57916666666667,140.64374999999998,13.079
57406592,7,38.57916666666667,140.65625,11.994
57406598,27,38.57916666666667,140.73125,5.492
57406599,41,38.57916666666667,140.74375,4.413
57406608,9,38.50416666666667,140.85625,5.125
57406609,197,38.50416666666667,140.86875,5.324
57406610,13,38.5125,140.75625,7.569
57406614,27,38.5125,140.80625,5.74
57406615,22,38.5125,140.81875,5.057
57406616,24,38.5125,140.83124999999998,4.535
57406617,27,38.5125,140.84375,4.234
57406618,46,38.5125,140.85625,4.202
57406619,375,38.5125,140.86875,4.443
57406620,34,38.520833333333336,140.75625,6.746
57406624,60,38.520833333333336,140.80625,5.104
57406625,42,38.520833333333336,140.81875,4.322
57406626,72,38.520833333333336,140.83124999999998,3.699
57406627,47,38.520833333333336,140.84375,3.323
57406628,112,38.520833333333336,140.85625,3.281
57406629,181,38.520833333333336,140.86875,3.585
57406630,3,38.52916666666667,140.75625,5.954
57406631,13,38.52916666666667,140.76874999999998,5.43
57406632,20,38.52916666666667,140.78125,5.088
57406634,59,38.52916666666667,140.80625,4.569
57406635,102,38.52916666666667,140.81875,3.676
57406636,64,38.52916666666667,140.83124999999998,2.917
57406637,121,38.52916666666667,140.84375,2.422
57406638,118,38.52916666666667,140.85625,2.365
57406639,36,38.52916666666667,140.86875,2.771
57406642,32,38.5375,140.78125,4.188
57406643,87,38.5375,140.79375,4.038
57406644,14,38.5375,140.80625,4.174
57406645,120,38.5375,140.81875,3.171
57406646,165,38.5375,140.83124999999998,2.248
57406647,105,38.5375,140.84375,1.553
57406648,280,38.5375,140.85625,1.462
57406649,127,38.5375,140.86875,2.055
57406651,39,38.545833333333334,140.76874999999998,3.81
57406652,24,38.545833333333334,140.78125,3.304
57406653,45,38.545833333333334,140.79375,3.111
57406654,145,38.545833333333334,140.80625,3.287
57406655,125,38.545833333333334,140.81875,2.884
57406656,161,38.545833333333334,140.83124999999998,1.82
57406657,534,38.545833333333334,140.84375,0.821
57406658,891,38.545833333333334,140.85625,0.631
57406659,7,38.545833333333334,140.86875,1.577
57406662,40,38.55416666666667,140.78125,2.452
57406663,26,38.55416666666667,140.79375,2.185
57406664,55,38.55416666666667,140.80625,2.428
57406665,230,38.55416666666667,140.81875,2.88
57406666,124,38.55416666666667,140.83124999999998,1.814
57406667,310,38.55416666666667,140.84375,0.809
57406668,203,38.55416666666667,140.85625,0.615
57406669,336,38.55416666666667,140.86875,1.121
57406673,88,38.5625,140.79375,1.258
57406674,161,38.5625,140.80625,1.645
57406675,330,38.5625,140.81875,2.488
57406676,123,38.5625,140.83124999999998,2.234
57406677,203,38.5625,140.84375,1.464
57406678,1157,38.5625,140.85625,0.38
57406679,1052,38.5625,140.86875,0.608
57406680,60,38.57083333333334,140.75625,3.303
57406682,531,38.57083333333334,140.78125,1.161
57406683,190,38.57083333333334,140.79375,0.332
57406684,23,38.57083333333334,140.80625,1.111
57406685,72,38.57083333333334,140.81875,2.172
57406686,101,38.57083333333334,140.83124999999998,1.76
57406687,121,38.57083333333334,140.84375,0.891
57406688,2390,38.57083333333334,140.85625,0.924
57406689,1199,38.57083333333334,140.86875,0.34
57406690,71,38.57916666666667,140.75625,3.34
57406691,554,38.57916666666667,140.76874999999998,2.279
57406692,931,38.57916666666667,140.78125,1.262
57406693,232,38.57916666666667,140.79375,0.596
57406694,99,38.57916666666667,140.80625,1.216
57406695,203,38.57916666666667,140.81875,2.228
57406696,143,38.57916666666667,140.83124999999998,1.615
57406697,545,38.57916666666667,140.84375,0.554
57406698,1436,38.57916666666667,140.85625,0.605
57406699,158,38.57916666666667,140.86875,1.257
57406700,27,38.50416666666667,140.88125,5.727
57406701,85,38.50416666666667,140.89374999999998,5.431
57406704,68,38.50416666666667,140.93125,3.358
57406705,79,38.50416666666667,140.94375,3.151
57406707,7,38.50416666666667,140.96875,3.786
57406708,11,38.50416666666667,140.98125,4.482
57406710,34,38.5125,140.88125,4.919
57406711,83,38.5125,140.89374999999998,4.952
57406712,111,38.5125,140.90625,4.01
57406713,33,38.5125,140.91875,3.163
57406714,484,38.5125,140.93125,2.509
57406715,6,38.5125,140.94375,2.225
57406717,8,38.5125,140.96875,3.059
57406718,37,38.5125,140.98125,3.887
57406719,3,38.5125,140.99375,4.819
57406720,110,38.520833333333336,140.88125,4.16
57406721,41,38.520833333333336,140.89374999999998,4.61
57406722,151,38.520833333333336,140.90625,3.58
57406723,341,38.520833333333336,140.91875,2.596
57406724,1258,38.520833333333336,140.93125,1.741
57406725,279,38.520833333333336,140.94375,1.299
57406726,65,38.520833333333336,140.95624999999998,1.646
57406727,90,38.520833333333336,140.96875,2.469
57406728,65,38.520833333333336,140.98125,3.442
57406729,58,38.520833333333336,140.99375,4.468
57406730,22,38.52916666666667,140.88125,3.483
57406731,60,38.52916666666667,140.89374999999998,4.353
57406732,187,38.52916666666667,140.90625,3.357
57406733,167,38.52916666666667,140.91875,2.279
57406734,241,38.52916666666667,140.93125,1.219
57406735,2020,38.52916666666667,140.94375,0.378
57406736,106,38.52916666666667,140.95624999999998,1.079
57406737,246,38.52916666666667,140.96875,2.133
57406738,105,38.52916666666667,140.98125,3.209
57406739,276,38.52916666666667,140.99375,4.291
57406740,95,38.5375,140.88125,2.946
57406741,134,38.5375,140.89374999999998,3.936
57406742,222,38.5375,140.90625,3.382
57406743,153,38.5375,140.91875,2.317
57406744,250,38.5375,140.93125,1.288
57406745,107,38.5375,140.94375,0.561
57406746,22,38.5375,140.95624999999998,1.156
57406747,229,38.5375,140.96875,2.173
57406748,35,38.5375,140.98125,2.947
57406749,193,38.5375,140.99375,3.606
57406750,447,38.545833333333334,140.88125,2.539
57406751,14,38.545833333333334,140.89374999999998,3.342
57406752,111,38.545833333333334,140.90625,3.651
57406753,77,38.545833333333334,140.91875,2.694
57406754,123,38.545833333333334,140.93125,1.884
57406755,79,38.545833333333334,140.94375,1.485
57406756,225,38.545833333333334,140.95624999999998,1.796
57406757,112,38.545833333333334,140.96875,1.681
57406758,132,38.545833333333334,140.98125,2.186
57406759,467,38.545833333333334,140.99375,2.835
57406760,174,38.55416666666667,140.88125,1.931
57406761,75,38.55416666666667,140.89374999999998,2.735
57406762,95,38.55416666666667,140.90625,3.243
57406763,70,38.55416666666667,140.91875,2.287
57406764,50,38.55416666666667,140.93125,1.517
57406765,1214,38.55416666666667,140.94375,1.317
57406766,2629,38.55416666666667,140.95624999999998,1.025
57406767,1025,38.55416666666667,140.96875,0.8
57406768,199,38.55416666666667,140.98125,1.531
57406769,138,38.55416666666667,140.99375,2.11
57406770,128,38.5625,140.88125,1.326
57406771,157,38.5625,140.89374999999998,2.347
57406772,239,38.5625,140.90625,2.999
57406773,354,38.5625,140.91875,1.924
57406774,397,38.5625,140.93125,0.88
57406775,3191,38.5625,140.94375,0.457
57406776,5120,38.5625,140.95624999999998,0.195
57406777,3941,38.5625,140.96875,0.412
57406778,264,38.5625,140.98125,0.691
57406779,10,38.5625,140.99375,1.608
57406780,156,38.57083333333334,140.88125,1.226
57406781,194,38.57083333333334,140.89374999999998,2.292
57406782,157,38.57083333333334,140.90625,2.954
57406783,287,38.57083333333334,140.91875,1.88
57406784,435,38.57083333333334,140.93125,0.841
57406785,4865,38.57083333333334,140.94375,0.416
57406786,4209,38.57083333333334,140.95624999999998,0.492
57406787,3005,38.57083333333334,140.96875,0.386
57406788,3016,38.57083333333334,140.98125,0.574
57406789,1132,38.57083333333334,140.99375,1.562
57406790,68,38.57916666666667,140.88125,1.722
57406791,772,38.57916666666667,140.89374999999998,2.592
57406792,210,38.57916666666667,140.90625,2.984
57406793,130,38.57916666666667,140.91875,1.928
57406794,439,38.57916666666667,140.93125,0.943
57406795,2840,38.57916666666667,140.94375,0.649
57406796,3862,38.57916666666667,140.95624999999998,0.696
57406797,4305,38.57916666666667,140.96875,0.45
57406798,1874,38.57916666666667,140.98125,0.958
57406799,205,38.57916666666667,140.99375,1.87
57407501,10,38.587500000000006,140.64374999999998,13.153
57407502,27,38.587500000000006,140.65625,12.075
57407506,12,38.587500000000006,140.70624999999998,7.782
57407507,66,38.587500000000006,140.71875,6.72
57407508,179,38.587500000000006,140.73125,5.667
57407509,336,38.587500000000006,140.74375,4.63
57407515,5,38.59583333333334,140.69375,9.056
57407516,88,38.59583333333334,140.70624999999998,8.015
57407517,281,38.59583333333334,140.71875,6.988
57407518,193,38.59583333333334,140.73125,5.983
57407519,55,38.59583333333334,140.74375,5.011
57407524,48,38.60416666666667,140.68125,10.369
57407525,41,38.60416666666667,140.69375,9.348
57407526,117,38.60416666666667,140.70624999999998,8.344
57407527,42,38.60416666666667,140.71875,7.364
57407528,41,38.60416666666667,140.73125,6.418
57407529,31,38.60416666666667,140.74375,5.523
57407535,9,38.612500000000004,140.69375,9.721
57407536,11,38.612500000000004,140.70624999999998,8.76
57407537,17,38.612500000000004,140.71875,7.832
57407538,65,38.612500000000004,140.73125,6.95
57407539,66,38.612500000000004,140.74375,6.133
57407541,6,38.62083333333334,140.64374999999998,14.07
57407542,3,38.62083333333334,140.65625,13.067
57407543,14,38.62083333333334,140.66875,12.08
57407544,13,38.62083333333334,140.68125,11.11
57407545,85,38.62083333333334,140.69375,10.165
57407546,71,38.62083333333334,140.70624999999998,9.25
57407547,75,38.62083333333334,140.71875,8.376
57407548,47,38.62083333333334,140.73125,7.558
57407549,98,38.62083333333334,140.74375,6.815
57407555,6,38.62916666666667,140.69375,10.67
57407556,117,38.62916666666667,140.70624999999998,9.803
57407557,85,38.62916666666667,140.71875,8.984
57407558,32,38.62916666666667,140.73125,8.226
57407566,6,38.6375,140.70624999999998,10.41
57407567,42,38.6375,140.71875,9.642
57407575,3,38.645833333333336,140.69375,11.271
57407576,3,38.645833333333336,140.70624999999998,10.932
57407600,123,38.587500000000006,140.75625,3.621
57407601,36,38.587500000000006,140.76874999999998,2.675
57407602,217,38.587500000000006,140.78125,1.885
57407603,97,38.587500000000006,140.79375,1.522
57407604,172,38.587500000000006,140.80625,1.855
57407605,66,38.587500000000006,140.81875,2.632
57407606,122,38.587500000000006,140.83124999999998,1.959
57407607,115,38.587500000000006,140.84375,1.239
57407608,416,38.587500000000006,140.85625,1.263
57407609,254,38.587500000000006,140.86875,2.004
57407610,60,38.59583333333334,140.75625,4.098
57407611,44,38.59583333333334,140.76874999999998,3.291
57407612,48,38.59583333333334,140.78125,2.69
57407613,123,38.59583333333334,140.79375,2.449
57407614,51,38.59583333333334,140.80625,2.668
57407615,57,38.59583333333334,140.81875,3.256
57407616,60,38.59583333333334,140.83124999999998,2.605
57407617,58,38.59583333333334,140.84375,2.117
57407618,231,38.59583333333334,140.85625,2.131
57407619,541,38.59583333333334,140.86875,2.639
57407620,28,38.60416666666667,140.75625,4.71
57407621,84,38.60416666666667,140.76874999999998,4.028
57407622,96,38.60416666666667,140.78125,3.554
57407623,201,38.60416666666667,140.79375,3.375
57407625,3,38.60416666666667,140.81875,4.0
57407626,25,38.60416666666667,140.83124999999998,3.384
57407627,2,38.60416666666667,140.84375,3.024
57407628,48,38.60416666666667,140.85625,3.034
57407629,125,38.60416666666667,140.86875,3.41
57407630,1090,38.612500000000004,140.75625,5.413
57407631,127,38.612500000000004,140.76874999999998,4.831
57407632,130,38.612500000000004,140.78125,4.443
57407633,6,38.612500000000004,140.79375,4.302
57407634,16,38.612500000000004,140.80625,4.431
57407635,45,38.612500000000004,140.81875,4.743
57407636,18,38.612500000000004,140.83124999999998,4.223
57407638,56,38.612500000000004,140.85625,3.913
57407639,39,38.612500000000004,140.86875,3.416
57407640,108,38.62083333333334,140.75625,6.175
57407641,73,38.62083333333334,140.76874999999998,5.672
57407642,52,38.62083333333334,140.78125,5.346
57407643,3,38.62083333333334,140.79375,5.229
57407645,60,38.62083333333334,140.81875,5.531
57407646,34,38.62083333333334,140.83124999999998,4.956
57407647,10,38.62083333333334,140.84375,4.025
57407648,27,38.62083333333334,140.85625,3.194
57407649,70,38.62083333333334,140.86875,2.56
57407650,3,38.62916666666667,140.75625,6.977
57407651,3,38.62916666666667,140.76874999999998,6.536
57407652,17,38.62916666666667,140.78125,6.255
57407653,6,38.62916666666667,140.79375,6.155
57407654,2,38.62916666666667,140.80625,6.246
57407655,26,38.62916666666667,140.81875,5.646
57407656,41,38.62916666666667,140.83124999999998,4.6
57407657,39,38.62916666666667,140.84375,3.578
57407658,104,38.62916666666667,140.85625,2.608
57407659,71,38.62916666666667,140.86875,1.778
57407660,19,38.6375,140.75625,7.806
57407664,2,38.6375,140.80625,6.578
57407665,39,38.6375,140.81875,5.495
57407666,18,38.6375,140.83124999999998,4.414
57407667,12,38.6375,140.84375,3.336
57407668,56,38.6375,140.85625,2.264
57407669,79,38.6375,140.86875,1.218
57407670,15,38.645833333333336,140.75625,8.656
57407674,35,38.645833333333336,140.80625,6.581
57407675,8,38.645833333333336,140.81875,5.499
57407676,21,38.645833333333336,140.83124999999998,4.418
57407677,12,38.645833333333336,140.84375,3.341
57407678,67,38.645833333333336,140.85625,2.267
57407679,1113,38.645833333333336,140.86875,1.197
57407680,10,38.654166666666676,140.75625,9.52
57407683,9,38.654166666666676,140.79375,7.771
57407684,26,38.654166666666676,140.80625,6.701
57407685,15,38.654166666666676,140.81875,5.636
57407686,19,38.654166666666676,140.83124999999998,4.582
57407688,353,38.654166666666676,140.85625,2.552
57407689,1732,38.654166666666676,140.86875,1.675
57407693,23,38.66250000000001,140.79375,7.967
57407694,5,38.66250000000001,140.80625,6.927
57407695,19,38.66250000000001,140.81875,5.904
57407696,17,38.66250000000001,140.83124999999998,4.907
57407697,10,38.66250000000001,140.84375,3.957
57407698,223,38.66250000000001,140.85625,3.098
57407699,593,38.66250000000001,140.86875,2.428
57407700,204,38.587500000000006,140.88125,2.479
57407701,211,38.587500000000006,140.89374999999998,3.146
57407702,131,38.587500000000006,140.90625,3.287
57407703,77,38.587500000000006,140.91875,2.37
57407704,108,38.587500000000006,140.93125,1.67
57407705,2292,38.587500000000006,140.94375,0.592
57407706,4700,38.587500000000006,140.95624999999998,0.494
57407707,4174,38.587500000000006,140.96875,0.049
57407708,183,38.587500000000006,140.98125,0.858
57407709,55,38.587500000000006,140.99375,1.706
57407710,158,38.59583333333334,140.88125,3.323
57407711,148,38.59583333333334,140.89374999999998,3.846
57407712,29,38.59583333333334,140.90625,3.797
57407713,61,38.59583333333334,140.91875,2.914
57407714,624,38.59583333333334,140.93125,1.914
57407715,555,38.59583333333334,140.94375,1.093
57407716,414,38.59583333333334,140.95624999999998,0.895
57407717,958,38.59583333333334,140.96875,0.591
57407718,886,38.59583333333334,140.98125,0.501
57407719,273,38.59583333333334,140.99375,1.558
57407720,60,38.60416666666667,140.88125,4.05
57407721,414,38.60416666666667,140.89374999999998,4.276
57407722,137,38.60416666666667,140.90625,4.271
57407723,240,38.60416666666667,140.91875,3.324
57407724,366,38.60416666666667,140.93125,2.495
57407725,390,38.60416666666667,140.94375,1.939
57407726,147,38.60416666666667,140.95624999999998,1.713
57407727,249,38.60416666666667,140.96875,1.291
57407728,440,38.60416666666667,140.98125,1.218
57407729,176,38.60416666666667,140.99375,1.913
57407730,52,38.612500000000004,140.88125,3.222
57407731,170,38.612500000000004,140.89374999999998,3.384
57407732,204,38.612500000000004,140.90625,3.858
57407733,169,38.612500000000004,140.91875,3.915
57407734,98,38.612500000000004,140.93125,3.241
57407735,53,38.612500000000004,140.94375,2.835
57407736,112,38.612500000000004,140.95624999999998,2.575
57407737,126,38.612500000000004,140.96875,2.149
57407738,885,38.612500000000004,140.98125,2.106
57407739,154,38.612500000000004,140.99375,2.571
57407740,67,38.62083333333334,140.88125,2.295
57407741,83,38.62083333333334,140.89374999999998,2.518
57407742,96,38.62083333333334,140.90625,3.126
57407743,57,38.62083333333334,140.91875,3.945
57407744,131,38.62083333333334,140.93125,4.062
57407745,324,38.62083333333334,140.94375,3.746
57407746,222,38.62083333333334,140.95624999999998,3.439
57407747,127,38.62083333333334,140.96875,3.047
57407748,185,38.62083333333334,140.98125,3.017
57407749,214,38.62083333333334,140.99375,3.358
57407750,106,38.62916666666667,140.88125,1.369
57407751,265,38.62916666666667,140.89374999999998,1.717
57407752,4,38.62916666666667,140.90625,2.525
57407753,5,38.62916666666667,140.91875,3.488
57407754,9,38.62916666666667,140.93125,4.506
57407755,111,38.62916666666667,140.94375,4.664
57407756,45,38.62916666666667,140.95624999999998,4.268
57407757,152,38.62916666666667,140.96875,3.958
57407758,192,38.62916666666667,140.98125,3.935
57407759,85,38.62916666666667,140.99375,4.202
57407760,125,38.6375,140.88125,0.444
57407761,108,38.6375,140.89374999999998,1.127
57407762,3,38.6375,140.90625,2.168
57407763,8,38.6375,140.91875,3.238
57407764,38,38.6375,140.93125,4.313
57407765,54,38.6375,140.94375,5.389
57407766,80,38.6375,140.95624999999998,5.13
57407767,91,38.6375,140.96875,4.876
57407768,82,38.6375,140.98125,4.857
57407769,115,38.6375,140.99375,5.076
57407770,502,38.645833333333336,140.88125,0.288
57407771,33,38.645833333333336,140.89374999999998,1.045
57407772,63,38.645833333333336,140.90625,2.111
57407773,24,38.645833333333336,140.91875,3.19
57407774,26,38.645833333333336,140.93125,4.273
57407775,57,38.645833333333336,140.94375,5.357
57407776,19,38.645833333333336,140.95624999999998,6.011
57407777,30,38.645833333333336,140.96875,5.796
57407778,160,38.645833333333336,140.98125,5.78
57407779,48,38.645833333333336,140.99375,5.965
57407780,114,38.654166666666676,140.88125,1.207
57407781,57,38.654166666666676,140.89374999999998,1.57
57407782,5,38.654166666666676,140.90625,2.414
57407783,44,38.654166666666676,140.91875,3.398
57407784,22,38.654166666666676,140.93125,4.43
57407785,55,38.654166666666676,140.94375,5.483
57407786,69,38.654166666666676,140.95624999999998,6.546
57407787,130,38.654166666666676,140.96875,6.718
57407788,41,38.654166666666676,140.98125,6.704
57407789,72,38.654166666666676,140.99375,6.864
57407790,69,38.66250000000001,140.88125,2.132
57407791,37,38.66250000000001,140.89374999999998,2.357
57407792,4,38.66250000000001,140.90625,2.986
57407793,6,38.66250000000001,140.91875,3.826
57407794,35,38.66250000000001,140.93125,4.766
57407795,41,38.66250000000001,140.94375,5.758
57407796,55,38.66250000000001,140.95624999999998,6.778
57407797,59,38.66250000000001,140.96875,7.641
57407798,107,38.66250000000001,140.98125,7.629
57407799,112,38.66250000000001,140.99375,7.77
57412399,1,38.24583333333334,141.49375,22.181
57413010,2,38.2625,141.00625,1.926
57413030,330,38.27916666666667,141.00625,0.605
57413033,107,38.27916666666667,141.04375,2.15
57413034,383,38.27916666666667,141.05625,1.905
57413040,6467,38.2875,141.00625,0.396
57413041,3029,38.2875,141.01874999999998,0.702
57413042,634,38.2875,141.03125,1.745
57413043,1492,38.2875,141.04375,1.399
57413044,2121,38.2875,141.05625,0.981
57413045,39,38.2875,141.06875,1.532
57413050,6047,38.295833333333334,141.00625,0.434
57413051,3765,38.295833333333334,141.01874999999998,0.784
57413052,3853,38.295833333333334,141.03125,0.841
57413053,4495,38.295833333333334,141.04375,0.718
57413054,2976,38.295833333333334,141.05625,0.103
57413055,542,38.295833333333334,141.06875,1.182
57413056,149,38.295833333333334,141.08124999999998,2.272
57413060,6908,38.30416666666667,141.00625,0.974
57413061,5858,38.30416666666667,141.01874999999998,1.358
57413062,3630,38.30416666666667,141.03125,0.291
57413063,2741,38.30416666666667,141.04375,0.292
57413064,1169,38.30416666666667,141.05625,0.881
57413065,680,38.30416666666667,141.06875,1.471
57413066,795,38.30416666666667,141.08124999999998,2.435
57413070,6170,38.3125,141.00625,0.3
57413071,5950,38.3125,141.01874999999998,0.832
57413072,3133,38.3125,141.03125,0.219
57413073,181,38.3125,141.04375,0.948
57413074,632,38.3125,141.05625,1.474
57413075,324,38.3125,141.06875,2.155
57413076,312,38.3125,141.08124999999998,2.9
57413080,3467,38.32083333333334,141.00625,0.354
57413081,3115,38.32083333333334,141.01874999999998,0.421
57413082,956,38.32083333333334,141.03125,0.58
57413085,255,38.32083333333334,141.06875,2.89
57413090,5470,38.32916666666667,141.00625,0.706
57413091,4578,38.32916666666667,141.01874999999998,0.867
57413092,5174,38.32916666666667,141.03125,0.346
57413093,1460,38.32916666666667,141.04375,0.631
57413094,4,38.32916666666667,141.05625,1.72
57413097,1,38.32916666666667,141.09375,4.967
57413098,22,38.32916666666667,141.10625,5.761
57413192,107,38.32916666666667,141.15625,7.746
57413193,2,38.32916666666667,141.16875,7.57
57413308,1,38.25416666666667,141.48125,21.053
57413309,182,38.25416666666667,141.49375,21.274
57413319,3,38.2625,141.49375,20.369
57413326,26,38.270833333333336,141.45624999999998,18.414
57413327,3,38.270833333333336,141.46875,18.904
57413337,31,38.27916666666667,141.46875,18.093
57413343,6,38.2875,141.41875,15.498
57413353,26,38.295833333333334,141.41875,14.615
57413354,5,38.295833333333334,141.43125,14.991
57413359,9,38.295833333333334,141.49375,16.773
57413363,6,38.30416666666667,141.41875,13.738
57413369,30,38.30416666666667,141.49375,15.882
57413377,7,38.3125,141.46875,14.494
57413379,61,38.3125,141.49375,14.995
57413387,133,38.32083333333334,141.46875,13.58
57413388,133,38.32083333333334,141.48125,13.806
57413389,10,38.32083333333334,141.49375,14.113
57413397,87,38.32916666666667,141.46875,12.667
57413398,42,38.32916666666667,141.48125,12.91
57413399,6,38.32916666666667,141.49375,13.238
57413431,28,38.27916666666667,141.51874999999998,19.209
57413444,7,38.2875,141.55625,19.766
57413450,336,38.295833333333334,141.50625,17.096
57413451,39,38.295833333333334,141.51874999999998,17.482
57413454,10,38.295833333333334,141.55625,18.97
57413460,187,38.30416666666667,141.50625,16.223
57413461,123,38.30416666666667,141.51874999999998,16.629
57413491,33,38.32916666666667,141.51874999999998,14.125
57413492,5,38.32916666666667,141.53125,14.67
57414000,1598,38.337500000000006,141.00625,1.609
57414001,2987,38.337500000000006,141.01874999999998,1.429
57414002,2738,38.337500000000006,141.03125,0.858
57414003,225,38.337500000000006,141.04375,0.971
57414004,2,38.337500000000006,141.05625,1.878
57414006,7,38.337500000000006,141.08124999999998,3.978
57414007,88,38.337500000000006,141.09375,5.054
57414008,56,38.337500000000006,141.10625,5.863
57414009,87,38.337500000000006,141.11875,6.554
57414010,136,38.34583333333334,141.00625,2.374
57414011,33,38.34583333333334,141.01874999999998,2.247
57414012,21,38.34583333333334,141.03125,1.717
57414013,98,38.34583333333334,141.04375,1.776
57414019,8,38.34583333333334,141.11875,5.912
57414020,24,38.35416666666667,141.00625,2.999
57414021,155,38.35416666666667,141.01874999999998,3.008
57414022,14,38.35416666666667,141.03125,2.622
57414023,112,38.35416666666667,141.04375,2.662
57414029,2,38.35416666666667,141.11875,5.353
57414031,1229,38.362500000000004,141.01874999999998,3.833
57414032,306,38.362500000000004,141.03125,3.539
57414034,148,38.362500000000004,141.05625,2.225
57414041,388,38.37083333333334,141.01874999999998,4.372
57414042,65,38.37083333333334,141.03125,3.327
57414043,6,38.37083333333334,141.04375,2.323
57414044,468,38.37083333333334,141.05625,1.448
57414045,729,38.37083333333334,141.06875,1.084
57414052,82,38.37916666666667,141.03125,3.151
57414053,10,38.37916666666667,141.04375,2.063
57414054,9,38.37916666666667,141.05625,0.98
57414055,1828,38.37916666666667,141.06875,0.193
57414056,1395,38.37916666666667,141.08124999999998,1.22
57414057,1,38.37916666666667,141.09375,2.305
57414058,54,38.37916666666667,141.10625,3.393
57414059,61,38.37916666666667,141.11875,4.482
57414060,20,38.3875,141.00625,4.055
57414061,12,38.3875,141.01874999999998,4.239
57414062,20,38.3875,141.03125,3.15
57414063,36,38.3875,141.04375,2.061
57414064,57,38.3875,141.05625,0.974
57414065,2731,38.3875,141.06875,0.154
57414066,1339,38.3875,141.08124999999998,1.214
57414067,131,38.3875,141.09375,2.301
57414068,108,38.3875,141.10625,3.39
57414069,56,38.3875,141.11875,4.479
57414070,83,38.395833333333336,141.00625,3.157
57414071,16,38.395833333333336,141.01874999999998,3.616
57414072,12,38.395833333333336,141.03125,3.256
57414073,129,38.395833333333336,141.04375,2.22
57414074,346,38.395833333333336,141.05625,1.277
57414075,945,38.395833333333336,141.06875,0.84
57414076,11,38.395833333333336,141.08124999999998,1.468
57414077,6,38.395833333333336,141.09375,2.445
57414078,63,38.395833333333336,141.10625,3.489
57414080,17,38.404166666666676,141.00625,2.282
57414081,51,38.404166666666676,141.01874999999998,2.884
57414082,105,38.404166666666676,141.03125,3.605
57414083,166,38.404166666666676,141.04375,2.707
57414084,173,38.404166666666676,141.05625,2.007
57414085,92,38.404166666666676,141.06875,1.762
57414086,47,38.404166666666676,141.08124999999998,2.134
57414087,34,38.404166666666676,141.09375,2.894
57414088,60,38.404166666666676,141.10625,3.817
57414089,45,38.404166666666676,141.11875,4.81
57414090,83,38.41250000000001,141.00625,1.472
57414091,80,38.41250000000001,141.01874999999998,2.297
57414092,196,38.41250000000001,141.03125,3.28
57414093,45,38.41250000000001,141.04375,3.383
57414094,101,38.41250000000001,141.05625,2.854
57414095,50,38.41250000000001,141.06875,2.687
57414096,8,38.41250000000001,141.08124999999998,2.944
57414097,33,38.41250000000001,141.09375,3.534
57414098,78,38.41250000000001,141.10625,4.323
57414099,87,38.41250000000001,141.11875,5.22
57414101,239,38.337500000000006,141.14374999999998,7.208
57414102,34,38.337500000000006,141.15625,6.848
57414103,65,38.337500000000006,141.16875,6.648
57414111,3,38.34583333333334,141.14374999999998,6.369
57414121,3,38.35416666666667,141.14374999999998,5.557
57414130,4,38.362500000000004,141.13125,5.51
57414131,2,38.362500000000004,141.14374999999998,4.788
57414141,738,38.37083333333334,141.14374999999998,4.084
57414142,61,38.37083333333334,141.15625,3.408
57414150,216,38.37916666666667,141.13125,4.426
57414151,844,38.37916666666667,141.14374999999998,3.486
57414152,511,38.37916666666667,141.15625,2.662
57414153,7,38.37916666666667,141.16875,2.096
57414162,149,38.3875,141.15625,2.068
57414163,32,38.3875,141.16875,1.259
57414164,27,38.3875,141.18125,1.125
57414170,27,38.395833333333336,141.13125,3.961
57414171,45,38.395833333333336,141.14374999999998,2.872
57414172,311,38.395833333333336,141.15625,1.784
57414173,1407,38.395833333333336,141.16875,0.702
57414174,868,38.395833333333336,141.18125,0.418
57414175,19,38.395833333333336,141.19375,1.493
57414180,69,38.404166666666676,141.13125,4.039
57414181,89,38.404166666666676,141.14374999999998,2.979
57414182,986,38.404166666666676,141.15625,1.952
57414183,68,38.404166666666676,141.16875,1.058
57414184,414,38.404166666666676,141.18125,0.895
57414185,272,38.404166666666676,141.19375,1.69
57414190,18,38.41250000000001,141.13125,4.319
57414191,32,38.41250000000001,141.14374999999998,3.349
57414192,92,38.41250000000001,141.15625,2.48
57414194,86,38.41250000000001,141.18125,1.773
57414195,290,38.41250000000001,141.19375,1.723
57414196,58,38.41250000000001,141.20624999999998,0.781
57414197,429,38.41250000000001,141.21875,0.771
57414198,9,38.41250000000001,141.23125,1.391
57414289,37,38.404166666666676,141.36875,1.848
57414295,23,38.41250000000001,141.31875,1.389
57414296,24,38.41250000000001,141.33124999999998,0.756
57414297,12,38.41250000000001,141.34375,0.628
57414298,159,38.41250000000001,141.35625,0.74
57414299,674,38.41250000000001,141.36875,0.933
57414307,15,38.337500000000006,141.46875,11.757
57414308,34,38.337500000000006,141.48125,12.018
57414315,5,38.34583333333334,141.44375,10.604
57414317,27,38.34583333333334,141.46875,10.85
57414318,10,38.34583333333334,141.48125,11.132
57414323,68,38.35416666666667,141.41875,8.692
57414325,105,38.35416666666667,141.44375,9.677
57414326,9,38.35416666666667,141.45624999999998,9.752
57414327,62,38.35416666666667,141.46875,9.947
57414328,1,38.35416666666667,141.48125,10.254
57414334,61,38.362500000000004,141.43125,8.593
57414335,12,38.362500000000004,141.44375,8.751
57414338,3,38.362500000000004,141.48125,9.384
57414339,25,38.362500000000004,141.49375,9.83
57414346,15,38.37083333333334,141.45624999999998,7.917
57414347,12,38.37083333333334,141.46875,8.155
57414348,2,38.37083333333334,141.48125,8.527
57414354,21,38.37916666666667,141.43125,6.964
57414355,35,38.37916666666667,141.44375,6.898
57414356,7,38.37916666666667,141.45624999999998,7.002
57414357,1,38.37916666666667,141.46875,7.271
57414358,47,38.37916666666667,141.48125,7.685
57414360,56,38.3875,141.38125,3.911
57414364,17,38.3875,141.43125,6.048
57414367,5,38.3875,141.46875,6.398
57414369,2,38.3875,141.49375,7.464
57414372,7,38.395833333333336,141.40625,4.44
57414373,4,38.395833333333336,141.41875,5.336
57414374,8,38.395833333333336,141.43125,5.135
57414376,4,38.395833333333336,141.45624999999998,5.187
57414377,11,38.395833333333336,141.46875,5.544
57414378,31,38.395833333333336,141.48125,6.077
57414382,35,38.404166666666676,141.40625,3.931
57414384,2,38.404166666666676,141.43125,4.229
57414387,42,38.404166666666676,141.46875,4.716
57414389,241,38.404166666666676,141.49375,6.084
57414390,161,38.41250000000001,141.38125,1.585
57414391,2,38.41250000000001,141.39374999999998,2.554
57414397,11,38.41250000000001,141.46875,3.933
57414421,59,38.35416666666667,141.51874999999998,11.746
57414431,6,38.362500000000004,141.51874999999998,10.995
57414460,27,38.3875,141.50625,8.164
57414461,53,38.3875,141.51874999999998,8.942
57414462,158,38.3875,141.53125,9.78
57414470,4,38.395833333333336,141.50625,7.513
57414471,9,38.395833333333336,141.51874999999998,8.352
57414472,7,38.395833333333336,141.53125,9.243
57414477,29,38.395833333333336,141.59375,14.123
57414480,22,38.404166666666676,141.50625,6.925
57414487,4,38.404166666666676,141.59375,13.818
57414490,1,38.41250000000001,141.50625,6.417
57415000,478,38.420833333333334,141.00625,0.918
57415001,88,38.420833333333334,141.01874999999998,1.988
57415002,170,38.420833333333334,141.03125,3.072
57415004,72,38.420833333333334,141.05625,3.739
57415005,16,38.420833333333334,141.06875,3.613
57415006,46,38.420833333333334,141.08124999999998,3.808
57415007,8,38.420833333333334,141.09375,4.281
57415008,72,38.420833333333334,141.10625,4.951
57415009,70,38.420833333333334,141.11875,5.702
57415010,752,38.42916666666667,141.00625,1.112
57415011,398,38.42916666666667,141.01874999999998,2.085
57415012,203,38.42916666666667,141.03125,3.135
57415013,103,38.42916666666667,141.04375,4.205
57415014,45,38.42916666666667,141.05625,4.64
57415015,105,38.42916666666667,141.06875,4.539
57415016,647,38.42916666666667,141.08124999999998,4.696
57415017,157,38.42916666666667,141.09375,5.087
57415018,47,38.42916666666667,141.10625,5.317
57415019,75,38.42916666666667,141.11875,5.463
57415020,121,38.4375,141.00625,1.83
57415021,8,38.4375,141.01874999999998,2.541
57415022,174,38.4375,141.03125,3.455
57415023,122,38.4375,141.04375,4.449
57415024,111,38.4375,141.05625,5.478
57415025,126,38.4375,141.06875,5.367
57415026,52,38.4375,141.08124999999998,4.823
57415027,188,38.4375,141.09375,4.482
57415028,98,38.4375,141.10625,4.391
57415029,113,38.4375,141.11875,4.566
57415031,29,38.44583333333333,141.01874999999998,3.207
57415032,166,38.44583333333333,141.03125,3.971
57415033,35,38.44583333333333,141.04375,4.86
57415034,166,38.44583333333333,141.05625,5.426
57415035,48,38.44583333333333,141.06875,4.64
57415036,46,38.44583333333333,141.08124999999998,3.999
57415037,100,38.44583333333333,141.09375,3.58
57415038,170,38.44583333333333,141.10625,3.466
57415039,65,38.44583333333333,141.11875,3.684
57415040,157,38.454166666666666,141.00625,3.567
57415042,10,38.454166666666666,141.03125,4.616
57415043,38,38.454166666666666,141.04375,5.4
57415045,26,38.454166666666666,141.06875,3.997
57415046,31,38.454166666666666,141.08124999999998,3.23
57415047,120,38.454166666666666,141.09375,2.694
57415048,360,38.454166666666666,141.10625,2.541
57415049,46,38.454166666666666,141.11875,2.832
57415050,333,38.4625,141.00625,4.471
57415051,153,38.4625,141.01874999999998,4.806
57415052,68,38.4625,141.03125,5.345
57415053,208,38.4625,141.04375,5.507
57415054,160,38.4625,141.05625,4.477
57415055,51,38.4625,141.06875,3.484
57415056,118,38.4625,141.08124999999998,2.568
57415057,555,38.4625,141.09375,1.85
57415058,48,38.4625,141.10625,1.617
57415059,300,38.4625,141.11875,2.044
57415060,155,38.47083333333333,141.00625,5.382
57415061,36,38.47083333333333,141.01874999999998,5.663
57415062,60,38.47083333333333,141.03125,5.407
57415063,78,38.47083333333333,141.04375,4.907
57415064,149,38.47083333333333,141.05625,4.234
57415065,198,38.47083333333333,141.06875,3.164
57415066,143,38.47083333333333,141.08124999999998,2.115
57415067,1307,38.47083333333333,141.09375,1.14
57415068,437,38.47083333333333,141.10625,0.703
57415069,284,38.47083333333333,141.11875,1.415
57415070,26,38.479166666666664,141.00625,6.25
57415071,5,38.479166666666664,141.01874999999998,5.401
57415072,3,38.479166666666664,141.03125,4.653
57415073,34,38.479166666666664,141.04375,4.061
57415074,12,38.479166666666664,141.05625,3.702
57415075,35,38.479166666666664,141.06875,3.1
57415076,146,38.479166666666664,141.08124999999998,2.017
57415077,1565,38.479166666666664,141.09375,0.946
57415078,1607,38.479166666666664,141.10625,0.095
57415079,147,38.479166666666664,141.11875,1.138
57415080,11,38.487500000000004,141.00625,5.761
57415082,4,38.487500000000004,141.03125,3.973
57415083,9,38.487500000000004,141.04375,3.26
57415084,47,38.487500000000004,141.05625,2.8
57415085,58,38.487500000000004,141.06875,2.724
57415086,80,38.487500000000004,141.08124999999998,2.32
57415087,1392,38.487500000000004,141.09375,1.45
57415088,347,38.487500000000004,141.10625,1.01
57415089,147,38.487500000000004,141.11875,1.519
57415090,5,38.49583333333334,141.00625,5.389
57415094,3,38.49583333333334,141.05625,1.922
57415095,3,38.49583333333334,141.06875,1.809
57415096,84,38.49583333333334,141.08124999999998,2.284
57415097,213,38.49583333333334,141.09375,2.198
57415098,57,38.49583333333334,141.10625,1.936
57415099,304,38.49583333333334,141.11875,2.244
57415100,15,38.420833333333334,141.13125,4.765
57415101,99,38.420833333333334,141.14374999999998,3.908
57415102,90,38.420833333333334,141.15625,3.196
57415103,75,38.420833333333334,141.16875,2.743
57415104,105,38.420833333333334,141.18125,2.08
57415105,446,38.420833333333334,141.19375,1.068
57415106,3557,38.420833333333334,141.20624999999998,0.572
57415107,3287,38.420833333333334,141.21875,0.558
57415108,2341,38.420833333333334,141.23125,0.568
57415109,111,38.420833333333334,141.24375,1.191
57415110,71,38.42916666666667,141.13125,5.337
57415111,7,38.42916666666667,141.14374999999998,4.588
57415112,5,38.42916666666667,141.15625,3.999
57415113,32,38.42916666666667,141.16875,3.119
57415114,43,38.42916666666667,141.18125,2.043
57415115,219,38.42916666666667,141.19375,0.994
57415116,1184,38.42916666666667,141.20624999999998,0.417
57415117,3744,38.42916666666667,141.21875,0.153
57415118,3705,38.42916666666667,141.23125,0.363
57415119,1240,38.42916666666667,141.24375,0.606
57415120,40,38.4375,141.13125,4.978
57415121,71,38.4375,141.14374999999998,5.343
57415122,57,38.4375,141.15625,4.384
57415123,415,38.4375,141.16875,3.36
57415124,240,38.4375,141.18125,2.395
57415125,448,38.4375,141.19375,1.597
57415126,311,38.4375,141.20624999999998,1.318
57415127,367,38.4375,141.21875,1.072
57415128,1383,38.4375,141.23125,0.824
57415129,2053,38.4375,141.24375,0.702
57415130,13,38.44583333333333,141.13125,4.184
57415131,83,38.44583333333333,141.14374999999998,4.88
57415132,109,38.44583333333333,141.15625,4.743
57415133,780,38.44583333333333,141.16875,3.817
57415134,96,38.44583333333333,141.18125,3.003
57415135,490,38.44583333333333,141.19375,2.415
57415136,205,38.44583333333333,141.20624999999998,2.24
57415137,315,38.44583333333333,141.21875,1.998
57415138,406,38.44583333333333,141.23125,1.588
57415139,57,38.44583333333333,141.24375,1.528
57415142,72,38.454166666666666,141.15625,5.161
57415143,111,38.454166666666666,141.16875,4.424
57415144,138,38.454166666666666,141.18125,3.637
57415145,90,38.454166666666666,141.19375,2.811
57415146,63,38.454166666666666,141.20624999999998,2.222
57415147,254,38.454166666666666,141.21875,1.968
57415148,222,38.454166666666666,141.23125,2.275
57415149,207,38.454166666666666,141.24375,2.249
57415150,72,38.4625,141.13125,2.842
57415153,44,38.4625,141.16875,4.235
57415154,69,38.4625,141.18125,3.201
57415155,298,38.4625,141.19375,2.219
57415159,823,38.4625,141.24375,2.461
57415160,565,38.47083333333333,141.13125,2.378
57415162,5,38.47083333333333,141.15625,4.48
57415163,127,38.47083333333333,141.16875,4.084
57415164,74,38.47083333333333,141.18125,2.997
57415165,251,38.47083333333333,141.19375,1.914
57415166,1218,38.47083333333333,141.20624999999998,0.842
57415167,1359,38.47083333333333,141.21875,0.126
57415168,106,38.47083333333333,141.23125,1.148
57415169,1383,38.47083333333333,141.24375,2.233
57415170,841,38.479166666666664,141.13125,2.225
57415172,6,38.479166666666664,141.15625,4.4
57415173,129,38.479166666666664,141.16875,4.139
57415174,73,38.479166666666664,141.18125,3.072
57415175,335,38.479166666666664,141.19375,2.029
57415176,69,38.479166666666664,141.20624999999998,1.079
57415177,473,38.479166666666664,141.21875,0.761
57415178,173,38.479166666666664,141.23125,1.402
57415179,607,38.479166666666664,141.24375,2.374
57415180,794,38.487500000000004,141.13125,2.441
57415183,38,38.487500000000004,141.16875,4.393
57415184,141,38.487500000000004,141.18125,3.408
57415185,151,38.487500000000004,141.19375,2.508
57415186,107,38.487500000000004,141.20624999999998,1.827
57415188,33,38.487500000000004,141.23125,2.081
57415189,140,38.487500000000004,141.24375,2.829
57415190,153,38.49583333333334,141.13125,2.948
57415193,132,38.49583333333334,141.16875,4.816
57415194,71,38.49583333333334,141.18125,3.937
57415195,103,38.49583333333334,141.19375,3.191
57415196,61,38.49583333333334,141.20624999999998,2.689
57415198,137,38.49583333333334,141.23125,2.901
57415199,121,38.49583333333334,141.24375,3.476
57415200,596,38.420833333333334,141.25625,1.407
57415201,592,38.420833333333334,141.26874999999998,0.666
57415202,556,38.420833333333334,141.28125,1.04
57415203,948,38.420833333333334,141.29375,1.005
57415204,1539,38.420833333333334,141.30625,1.761
57415205,1434,38.420833333333334,141.31875,1.181
57415206,981,38.420833333333334,141.33124999999998,0.192
57415207,3895,38.420833333333334,141.34375,0.3
57415208,4091,38.420833333333334,141.35625,0.362
57415209,2873,38.420833333333334,141.36875,0.209
57415210,816,38.42916666666667,141.25625,1.281
57415211,3675,38.42916666666667,141.26874999999998,0.323
57415212,4981,38.42916666666667,141.28125,0.144
57415213,3974,38.42916666666667,141.29375,0.416
57415214,2864,38.42916666666667,141.30625,1.296
57415215,1272,38.42916666666667,141.31875,1.605
57415216,25,38.42916666666667,141.33124999999998,1.104
57415217,974,38.42916666666667,141.34375,1.226
57415218,611,38.42916666666667,141.35625,1.197
57415219,2130,38.42916666666667,141.36875,0.966
57415220,2485,38.4375,141.25625,0.632
57415221,5332,38.4375,141.26874999999998,0.356
57415222,4757,38.4375,141.28125,0.377
57415223,5563,38.4375,141.29375,0.659
57415224,4658,38.4375,141.30625,0.432
57415225,1489,38.4375,141.31875,0.999
57415226,58,38.4375,141.33124999999998,2.029
57415227,10,38.4375,141.34375,2.111
57415228,32,38.4375,141.35625,2.067
57415229,122,38.4375,141.36875,1.882
57415230,3330,38.44583333333333,141.25625,0.824
57415231,2392,38.44583333333333,141.26874999999998,0.16
57415232,5205,38.44583333333333,141.28125,0.613
57415233,3285,38.44583333333333,141.29375,0.886
57415234,4899,38.44583333333333,141.30625,0.459
57415235,2605,38.44583333333333,141.31875,1.037
57415236,1515,38.44583333333333,141.33124999999998,2.057
57415237,220,38.44583333333333,141.34375,3.009
57415238,29,38.44583333333333,141.35625,2.932
57415239,63,38.44583333333333,141.36875,2.804
57415240,861,38.454166666666666,141.25625,1.59
57415241,1300,38.454166666666666,141.26874999999998,0.813
57415242,3461,38.454166666666666,141.28125,0.118
57415243,769,38.454166666666666,141.29375,0.97
57415244,929,38.454166666666666,141.30625,1.372
57415245,274,38.454166666666666,141.31875,1.667
57415246,117,38.454166666666666,141.33124999999998,2.454
57415247,99,38.454166666666666,141.34375,3.399
57415248,17,38.454166666666666,141.35625,3.826
57415249,71,38.454166666666666,141.36875,3.729
57415250,195,38.4625,141.25625,1.968
57415252,67,38.4625,141.28125,0.334
57415253,151,38.4625,141.29375,1.017
57415254,422,38.4625,141.30625,2.08
57415255,28,38.4625,141.31875,2.484
57415256,76,38.4625,141.33124999999998,3.071
57415257,124,38.4625,141.34375,3.881
57415258,16,38.4625,141.35625,4.733
57415259,98,38.4625,141.36875,4.655
57415260,57,38.47083333333333,141.25625,2.438
57415261,150,38.47083333333333,141.26874999999998,1.481
57415262,292,38.47083333333333,141.28125,0.713
57415263,8,38.47083333333333,141.29375,1.092
57415264,253,38.47083333333333,141.30625,2.06
57415268,217,38.47083333333333,141.35625,5.308
57415270,11,38.479166666666664,141.25625,2.42
57415271,258,38.479166666666664,141.26874999999998,1.342
57415272,573,38.479166666666664,141.28125,0.341
57415273,92,38.479166666666664,141.29375,0.894
57415274,39,38.479166666666664,141.30625,1.953
57415275,21,38.479166666666664,141.31875,2.913
57415278,35,38.479166666666664,141.35625,5.916
57415279,105,38.479166666666664,141.36875,6.507
57415280,191,38.487500000000004,141.25625,2.679
57415281,654,38.487500000000004,141.26874999999998,1.671
57415282,1431,38.487500000000004,141.28125,0.603
57415283,499,38.487500000000004,141.29375,0.549
57415285,229,38.487500000000004,141.31875,2.698
57415289,42,38.487500000000004,141.36875,6.325
57415290,300,38.49583333333334,141.25625,2.846
57415291,196,38.49583333333334,141.26874999999998,1.817
57415292,358,38.49583333333334,141.28125,0.934
57415293,1021,38.49583333333334,141.29375,0.9
57415295,340,38.49583333333334,141.31875,2.79
57415296,59,38.49583333333334,141.33124999999998,3.503
57415300,1112,38.420833333333334,141.38125,1.298
57415303,4,38.420833333333334,141.41875,3.057
57415304,5,38.420833333333334,141.43125,2.461
57415306,25,38.420833333333334,141.45624999999998,2.568
57415310,712,38.42916666666667,141.38125,1.604
57415313,68,38.42916666666667,141.41875,2.451
57415314,20,38.42916666666667,141.43125,1.649
57415316,11,38.42916666666667,141.45624999999998,1.804
57415317,1,38.42916666666667,141.46875,2.661
57415320,325,38.4375,141.38125,2.276
57415321,98,38.4375,141.39374999999998,3.032
57415322,137,38.4375,141.40625,3.17
57415323,495,38.4375,141.41875,2.095
57415324,2059,38.4375,141.43125,1.049
57415325,834,38.4375,141.44375,0.428
57415326,40,38.4375,141.45624999999998,1.279
57415328,30,38.4375,141.48125,3.414
57415330,214,38.44583333333333,141.38125,3.083
57415334,34,38.44583333333333,141.43125,1.095
57415335,1038,38.44583333333333,141.44375,0.531
57415336,436,38.44583333333333,141.45624999999998,1.317
57415337,73,38.44583333333333,141.46875,2.358
57415338,72,38.44583333333333,141.48125,3.428
57415339,51,38.44583333333333,141.49375,4.507
57415340,132,38.454166666666666,141.38125,3.943
57415345,371,38.454166666666666,141.44375,1.448
57415346,2,38.454166666666666,141.45624999999998,1.884
57415349,81,38.454166666666666,141.49375,4.704
57415350,148,38.4625,141.38125,4.827
57415351,15,38.4625,141.39374999999998,4.849
57415355,6,38.4625,141.44375,2.373
57415357,18,38.4625,141.46875,3.302
57415360,147,38.47083333333333,141.38125,5.725
57415367,5,38.47083333333333,141.46875,4.019
57415368,50,38.47083333333333,141.48125,4.727
57415370,55,38.479166666666664,141.38125,6.631
57415371,6,38.479166666666664,141.39374999999998,5.977
57415379,5,38.479166666666664,141.49375,6.154
57415380,105,38.487500000000004,141.38125,7.195
57415388,9,38.487500000000004,141.48125,6.164
57415389,11,38.487500000000004,141.49375,6.823
57415395,45,38.49583333333334,141.44375,6.077
57415398,15,38.49583333333334,141.48125,6.957
57415399,11,38.49583333333334,141.49375,7.547
57415421,9,38.4375,141.51874999999998,6.668
57415431,39,38.44583333333333,141.51874999999998,6.675
57415432,8,38.44583333333333,141.53125,7.761
57415441,9,38.454166666666666,141.51874999999998,6.809
57415451,4,38.4625,141.51874999999998,7.064
57415482,20,38.487500000000004,141.53125,9.298
57415491,3,38.49583333333334,141.51874999999998,9.01
57415492,59,38.49583333333334,141.53125,9.841
57416000,2,38.50416666666667,141.00625,5.159
57416004,140,38.50416666666667,141.05625,1.124
57416005,238,38.50416666666667,141.06875,0.917
57416006,100,38.50416666666667,141.08124999999998,1.669
57416007,134,38.50416666666667,141.09375,2.664
57416008,44,38.50416666666667,141.10625,2.863
57416009,767,38.50416666666667,141.11875,3.079
57416010,19,38.5125,141.00625,5.089
57416012,49,38.5125,141.03125,2.914
57416013,189,38.5125,141.04375,1.827
57416014,1479,38.5125,141.05625,0.742
57416015,1626,38.5125,141.06875,0.359
57416016,34,38.5125,141.08124999999998,1.44
57416017,116,38.5125,141.09375,2.526
57416018,380,38.5125,141.10625,2.939
57416019,141,38.5125,141.11875,2.718
57416020,51,38.520833333333336,141.00625,5.186
57416021,56,38.520833333333336,141.01874999999998,4.125
57416022,29,38.520833333333336,141.03125,3.081
57416023,332,38.520833333333336,141.04375,2.084
57416024,24,38.520833333333336,141.05625,1.247
57416025,48,38.520833333333336,141.06875,1.065
57416026,102,38.520833333333336,141.08124999999998,1.314
57416027,121,38.520833333333336,141.09375,2.045
57416028,378,38.520833333333336,141.10625,2.112
57416030,405,38.52916666666667,141.00625,4.756
57416031,5,38.52916666666667,141.01874999999998,3.87
57416032,442,38.52916666666667,141.03125,2.898
57416033,284,38.52916666666667,141.04375,2.046
57416034,402,38.52916666666667,141.05625,1.529
57416035,1183,38.52916666666667,141.06875,0.561
57416036,695,38.52916666666667,141.08124999999998,0.636
57416037,148,38.52916666666667,141.09375,1.691
57416038,21,38.52916666666667,141.10625,1.414
57416039,35,38.52916666666667,141.11875,0.865
57416040,384,38.5375,141.00625,4.151
57416041,253,38.5375,141.01874999999998,3.334
57416042,63,38.5375,141.03125,2.546
57416043,380,38.5375,141.04375,1.506
57416044,2309,38.5375,141.05625,0.648
57416045,2947,38.5375,141.06875,0.843
57416046,30,38.5375,141.08124999999998,0.895
57416049,1392,38.5375,141.11875,0.07
57416050,10,38.545833333333334,141.00625,3.537
57416052,3,38.545833333333334,141.03125,1.922
57416053,307,38.545833333333334,141.04375,1.131
57416054,1414,38.545833333333334,141.05625,0.423
57416055,1125,38.545833333333334,141.06875,0.723
57416056,74,38.545833333333334,141.08124999999998,1.707
57416057,12,38.545833333333334,141.09375,2.317
57416058,560,38.545833333333334,141.10625,1.255
57416059,1555,38.545833333333334,141.11875,0.322
57416060,171,38.55416666666667,141.00625,2.988
57416062,529,38.55416666666667,141.03125,1.321
57416063,263,38.55416666666667,141.04375,0.595
57416064,1281,38.55416666666667,141.05625,0.346
57416065,20,38.55416666666667,141.06875,1.26
57416066,56,38.55416666666667,141.08124999999998,2.1
57416067,378,38.55416666666667,141.09375,2.61
57416068,476,38.55416666666667,141.10625,1.726
57416069,606,38.55416666666667,141.11875,1.227
57416070,279,38.5625,141.00625,2.657
57416071,539,38.5625,141.01874999999998,2.296
57416072,540,38.5625,141.03125,1.231
57416073,671,38.5625,141.04375,0.353
57416074,723,38.5625,141.05625,1.047
57416075,318,38.5625,141.06875,1.744
57416076,187,38.5625,141.08124999999998,2.621
57416077,104,38.5625,141.09375,3.151
57416078,41,38.5625,141.10625,2.469
57416079,70,38.5625,141.11875,2.15
57416080,306,38.57083333333334,141.00625,2.629
57416081,98,38.57083333333334,141.01874999999998,2.6
57416082,146,38.57083333333334,141.03125,1.733
57416083,213,38.57083333333334,141.04375,1.27
57416084,133,38.57083333333334,141.05625,1.607
57416085,2,38.57083333333334,141.06875,2.432
57416086,12,38.57083333333334,141.08124999999998,3.169
57416087,140,38.57083333333334,141.09375,3.843
57416088,208,38.57083333333334,141.10625,3.306
57416089,134,38.57083333333334,141.11875,3.076
57416090,60,38.57916666666667,141.00625,2.904
57416091,241,38.57916666666667,141.01874999999998,2.396
57416092,456,38.57916666666667,141.03125,2.088
57416093,31,38.57916666666667,141.04375,2.013
57416094,18,38.57916666666667,141.05625,2.206
57416095,165,38.57916666666667,141.06875,2.836
57416096,154,38.57916666666667,141.08124999999998,3.685
57416097,9,38.57916666666667,141.09375,4.595
57416098,42,38.57916666666667,141.10625,4.181
57416099,32,38.57916666666667,141.11875,4.002
57416100,161,38.50416666666667,141.13125,3.624
57416101,74,38.50416666666667,141.14374999999998,4.227
57416102,23,38.50416666666667,141.15625,4.87
57416103,87,38.50416666666667,141.16875,5.366
57416104,82,38.50416666666667,141.18125,4.595
57416105,232,38.50416666666667,141.19375,3.974
57416106,189,38.50416666666667,141.20624999999998,3.583
57416108,462,38.50416666666667,141.23125,3.746
57416109,64,38.50416666666667,141.24375,4.182
57416110,20,38.5125,141.13125,2.915
57416111,53,38.5125,141.14374999999998,3.46
57416113,86,38.5125,141.16875,5.101
57416114,155,38.5125,141.18125,5.332
57416115,1044,38.5125,141.19375,4.808
57416116,124,38.5125,141.20624999999998,4.49
57416118,130,38.5125,141.23125,4.622
57416119,200,38.5125,141.24375,4.629
57416121,97,38.520833333333336,141.14374999999998,2.792
57416122,141,38.520833333333336,141.15625,3.693
57416124,105,38.520833333333336,141.18125,5.693
57416125,228,38.520833333333336,141.19375,5.671
57416126,213,38.520833333333336,141.20624999999998,5.404
57416127,142,38.520833333333336,141.21875,5.35
57416128,316,38.520833333333336,141.23125,5.224
57416129,63,38.520833333333336,141.24375,5.053
57416130,333,38.52916666666667,141.13125,1.364
57416131,138,38.52916666666667,141.14374999999998,2.31
57416132,97,38.52916666666667,141.15625,3.343
57416133,80,38.52916666666667,141.16875,4.402
57416134,219,38.52916666666667,141.18125,5.473
57416135,179,38.52916666666667,141.19375,6.186
57416136,2,38.52916666666667,141.20624999999998,5.423
57416137,487,38.52916666666667,141.21875,4.788
57416138,266,38.52916666666667,141.23125,4.336
57416140,2318,38.5375,141.13125,1.057
57416141,885,38.5375,141.14374999999998,2.137
57416142,167,38.5375,141.15625,3.191
57416143,205,38.5375,141.16875,4.262
57416144,94,38.5375,141.18125,5.34
57416145,137,38.5375,141.19375,5.611
57416146,79,38.5375,141.20624999999998,4.758
57416147,43,38.5375,141.21875,4.019
57416148,343,38.5375,141.23125,3.468
57416149,231,38.5375,141.24375,3.204
57416150,1008,38.545833333333334,141.13125,0.997
57416151,507,38.545833333333334,141.14374999999998,2.061
57416152,137,38.545833333333334,141.15625,3.141
57416153,26,38.545833333333334,141.16875,4.225
57416154,61,38.545833333333334,141.18125,5.31
57416155,78,38.545833333333334,141.19375,5.14
57416156,90,38.545833333333334,141.20624999999998,4.192
57416157,5,38.545833333333334,141.21875,3.33
57416158,160,38.545833333333334,141.23125,2.639
57416159,534,38.545833333333334,141.24375,2.282
57416160,84,38.55416666666667,141.13125,1.548
57416161,129,38.55416666666667,141.14374999999998,2.377
57416162,5,38.55416666666667,141.15625,3.357
57416163,24,38.55416666666667,141.16875,4.387
57416165,156,38.55416666666667,141.19375,4.804
57416167,115,38.55416666666667,141.21875,2.783
57416168,49,38.55416666666667,141.23125,1.904
57416169,502,38.55416666666667,141.24375,1.366
57416170,14,38.5625,141.13125,2.348
57416172,18,38.5625,141.15625,3.793
57416173,3,38.5625,141.16875,4.729
57416174,45,38.5625,141.18125,5.696
57416175,349,38.5625,141.19375,4.632
57416176,24,38.5625,141.20624999999998,3.551
57416177,50,38.5625,141.21875,2.475
57416178,3,38.5625,141.23125,1.415
57416179,716,38.5625,141.24375,0.491
57416180,5,38.57083333333334,141.13125,3.217
57416181,15,38.57083333333334,141.14374999999998,3.688
57416182,46,38.57083333333334,141.15625,4.384
57416183,7,38.57083333333334,141.16875,4.844
57416184,111,38.57083333333334,141.18125,4.77
57416185,130,38.57083333333334,141.19375,4.642
57416186,66,38.57083333333334,141.20624999999998,3.564
57416187,300,38.57083333333334,141.21875,2.493
57416188,82,38.57083333333334,141.23125,1.447
57416189,788,38.57083333333334,141.24375,0.579
57416190,33,38.57916666666667,141.13125,4.111
57416191,46,38.57916666666667,141.14374999999998,4.49
57416192,104,38.57916666666667,141.15625,4.308
57416193,76,38.57916666666667,141.16875,3.936
57416194,143,38.57916666666667,141.18125,3.845
57416195,109,38.57916666666667,141.19375,4.054
57416196,86,38.57916666666667,141.20624999999998,3.809
57416197,32,38.57916666666667,141.21875,2.779
57416198,424,38.57916666666667,141.23125,1.805
57416199,1452,38.57916666666667,141.24375,1.075
57416200,197,38.50416666666667,141.25625,3.213
57416201,7,38.50416666666667,141.26874999999998,2.351
57416202,114,38.50416666666667,141.28125,1.76
57416203,244,38.50416666666667,141.29375,1.742
57416204,190,38.50416666666667,141.30625,2.262
57416205,511,38.50416666666667,141.31875,2.248
57416206,134,38.50416666666667,141.33124999999998,2.712
57416211,2,38.5125,141.26874999999998,3.077
57416212,5,38.5125,141.28125,2.654
57416213,272,38.5125,141.29375,2.043
57416214,565,38.5125,141.30625,1.386
57416215,793,38.5125,141.31875,1.362
57416216,66,38.5125,141.33124999999998,2.039
57416217,61,38.5125,141.34375,2.97
57416222,23,38.520833333333336,141.28125,2.672
57416223,115,38.520833333333336,141.29375,1.605
57416224,457,38.520833333333336,141.30625,0.614
57416225,695,38.520833333333336,141.31875,0.614
57416226,32,38.520833333333336,141.33124999999998,1.636
57416227,50,38.520833333333336,141.34375,2.71
57416228,63,38.520833333333336,141.35625,3.791
57416229,55,38.520833333333336,141.36875,4.876
57416230,2,38.52916666666667,141.25625,4.2
57416231,104,38.52916666666667,141.26874999999998,3.766
57416232,134,38.52916666666667,141.28125,2.694
57416233,196,38.52916666666667,141.29375,1.642
57416234,272,38.52916666666667,141.30625,0.705
57416235,100,38.52916666666667,141.31875,0.784
57416236,77,38.52916666666667,141.33124999999998,1.707
57416237,197,38.52916666666667,141.34375,2.753
57416238,47,38.52916666666667,141.35625,3.822
57416239,28,38.52916666666667,141.36875,4.9
57416241,260,38.5375,141.26874999999998,3.719
57416242,76,38.5375,141.28125,3.016
57416243,33,38.5375,141.29375,2.129
57416245,24,38.5375,141.31875,1.582
57416246,195,38.5375,141.33124999999998,2.207
57416247,70,38.5375,141.34375,3.088
57416248,69,38.5375,141.35625,4.07
57416249,52,38.5375,141.36875,5.095
57416250,6,38.545833333333334,141.25625,2.41
57416251,126,38.545833333333334,141.26874999999998,2.962
57416252,80,38.545833333333334,141.28125,3.557
57416253,6,38.545833333333334,141.29375,2.844
57416254,3,38.545833333333334,141.30625,2.427
57416257,102,38.545833333333334,141.34375,3.634
57416258,39,38.545833333333334,141.35625,4.498
57416259,136,38.545833333333334,141.36875,5.443
57416260,11,38.55416666666667,141.25625,1.571
57416261,250,38.55416666666667,141.26874999999998,2.331
57416262,159,38.55416666666667,141.28125,3.28
57416263,19,38.55416666666667,141.29375,3.655
57416264,7,38.55416666666667,141.30625,3.341
57416267,151,38.55416666666667,141.34375,4.312
57416268,3,38.55416666666667,141.35625,5.062
57416269,22,38.55416666666667,141.36875,5.917
57416270,433,38.5625,141.25625,0.919
57416271,78,38.5625,141.26874999999998,1.952
57416272,162,38.5625,141.28125,3.023
57416273,54,38.5625,141.29375,4.102
57416274,32,38.5625,141.30625,4.26
57416277,22,38.5625,141.34375,5.07
57416280,140,38.57083333333334,141.25625,0.968
57416281,22,38.57083333333334,141.26874999999998,1.975
57416282,108,38.57083333333334,141.28125,3.038
57416283,54,38.57083333333334,141.29375,4.113
57416284,15,38.57083333333334,141.30625,5.182
57416290,324,38.57916666666667,141.25625,1.189
57416291,74,38.57916666666667,141.26874999999998,2.008
57416292,144,38.57916666666667,141.28125,3.002
57416293,76,38.57916666666667,141.29375,4.044
57416294,19,38.57916666666667,141.30625,5.105
57416305,17,38.50416666666667,141.44375,7.004
57416306,3,38.50416666666667,141.45624999999998,7.107
57416308,46,38.50416666666667,141.48125,7.779
57416309,11,38.50416666666667,141.49375,8.311
57416312,159,38.5125,141.40625,8.224
57416316,9,38.5125,141.45624999999998,8.021
57416317,32,38.5125,141.46875,8.256
57416318,4,38.5125,141.48125,8.623
57416319,14,38.5125,141.49375,9.105
57416320,52,38.520833333333336,141.38125,5.961
57416322,54,38.520833333333336,141.40625,8.133
57416323,35,38.520833333333336,141.41875,9.091
57416325,1,38.520833333333336,141.44375,8.857
57416327,48,38.520833333333336,141.46875,9.15
57416328,27,38.520833333333336,141.48125,9.482
57416329,2,38.520833333333336,141.49375,9.923
57416330,57,38.52916666666667,141.38125,5.98
57416331,2,38.52916666666667,141.39374999999998,7.063
57416332,5,38.52916666666667,141.40625,8.147
57416333,21,38.52916666666667,141.41875,9.232
57416334,19,38.52916666666667,141.43125,9.83
57416339,56,38.52916666666667,141.49375,10.758
57416340,157,38.5375,141.38125,6.141
57416341,1,38.5375,141.39374999999998,7.2
57416342,75,38.5375,141.40625,8.266
57416343,9,38.5375,141.41875,9.337
57416344,57,38.5375,141.43125,10.411
57416350,86,38.545833333333334,141.38125,6.433
57416351,29,38.545833333333334,141.39374999999998,7.45
57416352,319,38.545833333333334,141.40625,8.485
57416361,64,38.55416666666667,141.39374999999998,7.803
57416362,240,38.55416666666667,141.40625,8.796
57416363,31,38.55416666666667,141.41875,9.809
57416372,92,38.5625,141.40625,9.191
57416373,1,38.5625,141.41875,10.165
57416374,9,38.5625,141.43125,11.159
57416382,233,38.57083333333334,141.40625,9.659
57416383,121,38.57083333333334,141.41875,10.589
57416384,29,38.57083333333334,141.43125,11.547
57416390,3,38.57916666666667,141.38125,8.557
57416391,94,38.57916666666667,141.39374999999998,9.346
57416392,43,38.57916666666667,141.40625,10.189
57416394,1,38.57916666666667,141.43125,11.284
57416395,30,38.57916666666667,141.44375,11.159
57416396,10,38.57916666666667,141.45624999999998,11.139
57416397,49,38.57916666666667,141.46875,11.225
57416401,44,38.50416666666667,141.51874999999998,9.659
57416402,33,38.50416666666667,141.53125,10.438
57416410,89,38.5125,141.50625,9.687
57416411,20,38.5125,141.51874999999998,10.35
57416412,85,38.5125,141.53125,11.081
57416413,5,38.5125,141.54375,11.866
57416422,14,38.520833333333336,141.53125,11.761
57416423,192,38.520833333333336,141.54375,12.504
57416430,47,38.52916666666667,141.50625,11.254
57416431,5,38.52916666666667,141.51874999999998,11.829
57416432,49,38.52916666666667,141.53125,12.474
57417000,76,38.587500000000006,141.00625,2.545
57417001,152,38.587500000000006,141.01874999999998,1.653
57417002,249,38.587500000000006,141.03125,1.163
57417003,102,38.587500000000006,141.04375,1.093
57417004,9,38.587500000000006,141.05625,1.417
57417005,118,38.587500000000006,141.06875,2.277
57417006,116,38.587500000000006,141.08124999999998,3.274
57417007,42,38.587500000000006,141.09375,4.315
57417010,196,38.59583333333334,141.00625,2.277
57417011,623,38.59583333333334,141.01874999999998,1.201
57417012,500,38.59583333333334,141.03125,0.25
57417013,432,38.59583333333334,141.04375,0.227
57417014,906,38.59583333333334,141.05625,0.931
57417015,125,38.59583333333334,141.06875,2.01
57417016,11,38.59583333333334,141.08124999999998,3.095
57417017,12,38.59583333333334,141.09375,4.18
57417018,43,38.59583333333334,141.10625,5.266
57417019,148,38.59583333333334,141.11875,5.58
57417020,195,38.60416666666667,141.00625,2.369
57417021,565,38.60416666666667,141.01874999999998,1.368
57417022,240,38.60416666666667,141.03125,0.7
57417023,175,38.60416666666667,141.04375,0.792
57417024,734,38.60416666666667,141.05625,1.201
57417025,115,38.60416666666667,141.06875,2.149
57417026,159,38.60416666666667,141.08124999999998,3.186
57417027,161,38.60416666666667,141.09375,4.248
57417028,214,38.60416666666667,141.10625,5.32
57417029,75,38.60416666666667,141.11875,5.321
57417030,161,38.612500000000004,141.00625,2.785
57417031,152,38.612500000000004,141.01874999999998,2.004
57417032,106,38.612500000000004,141.03125,1.623
57417033,209,38.612500000000004,141.04375,1.709
57417034,58,38.612500000000004,141.05625,1.932
57417035,93,38.612500000000004,141.06875,2.628
57417036,100,38.612500000000004,141.08124999999998,3.527
57417037,125,38.612500000000004,141.09375,4.51
57417038,181,38.612500000000004,141.10625,5.531
57417039,214,38.612500000000004,141.11875,5.216
57417040,94,38.62083333333334,141.00625,3.408
57417041,207,38.62083333333334,141.01874999999998,2.807
57417042,132,38.62083333333334,141.03125,2.549
57417043,150,38.62083333333334,141.04375,2.632
57417044,190,38.62083333333334,141.05625,2.783
57417045,100,38.62083333333334,141.06875,3.304
57417046,136,38.62083333333334,141.08124999999998,4.056
57417047,299,38.62083333333334,141.09375,4.934
57417048,48,38.62083333333334,141.10625,5.882
57417049,3,38.62083333333334,141.11875,5.274
57417050,88,38.62916666666667,141.00625,4.147
57417051,53,38.62916666666667,141.01874999999998,3.668
57417052,75,38.62916666666667,141.03125,3.475
57417053,113,38.62916666666667,141.04375,3.558
57417054,54,38.62916666666667,141.05625,3.67
57417055,56,38.62916666666667,141.06875,4.08
57417056,95,38.62916666666667,141.08124999999998,4.709
57417057,45,38.62916666666667,141.09375,5.483
57417060,133,38.6375,141.00625,4.949
57417061,78,38.6375,141.01874999999998,4.555
57417062,95,38.6375,141.03125,4.401
57417063,137,38.6375,141.04375,4.483
57417064,206,38.6375,141.05625,4.573
57417065,167,38.6375,141.06875,4.908
57417066,21,38.6375,141.08124999999998,5.442
57417067,6,38.6375,141.09375,6.125
57417068,11,38.6375,141.10625,5.217
57417070,310,38.645833333333336,141.00625,5.788
57417071,6,38.645833333333336,141.01874999999998,5.456
57417072,92,38.645833333333336,141.03125,5.328
57417073,110,38.645833333333336,141.04375,5.409
57417074,139,38.645833333333336,141.05625,5.484
57417075,35,38.645833333333336,141.06875,5.766
57417076,122,38.645833333333336,141.08124999999998,6.227
57417077,241,38.645833333333336,141.09375,5.832
57417078,31,38.645833333333336,141.10625,4.808
57417079,279,38.645833333333336,141.11875,3.817
57417080,378,38.654166666666676,141.00625,6.651
57417081,459,38.654166666666676,141.01874999999998,6.364
57417082,69,38.654166666666676,141.03125,6.254
57417083,114,38.654166666666676,141.04375,6.332
57417084,220,38.654166666666676,141.05625,6.4
57417085,871,38.654166666666676,141.06875,6.643
57417086,386,38.654166666666676,141.08124999999998,6.699
57417087,116,38.654166666666676,141.09375,5.624
57417088,178,38.654166666666676,141.10625,4.553
57417089,446,38.654166666666676,141.11875,3.491
57417090,705,38.66250000000001,141.00625,7.529
57417091,270,38.66250000000001,141.01874999999998,7.276
57417092,39,38.66250000000001,141.03125,7.181
57417093,30,38.66250000000001,141.04375,7.249
57417094,46,38.66250000000001,141.05625,7.318
57417095,654,38.66250000000001,141.06875,7.531
57417096,41,38.66250000000001,141.08124999999998,6.649
57417097,47,38.66250000000001,141.09375,5.564
57417098,123,38.66250000000001,141.10625,4.479
57417099,181,38.66250000000001,141.11875,3.394
57417101,76,38.587500000000006,141.14374999999998,4.211
57417102,113,38.587500000000006,141.15625,3.508
57417103,62,38.587500000000006,141.16875,3.039
57417104,126,38.587500000000006,141.18125,2.92
57417106,19,38.587500000000006,141.20624999999998,3.633
57417109,558,38.587500000000006,141.24375,0.429
57417110,88,38.59583333333334,141.13125,4.581
57417111,87,38.59583333333334,141.14374999999998,3.633
57417112,118,38.59583333333334,141.15625,2.787
57417113,164,38.59583333333334,141.16875,2.168
57417114,55,38.59583333333334,141.18125,1.997
57417115,90,38.59583333333334,141.19375,2.375
57417116,195,38.59583333333334,141.20624999999998,3.106
57417117,23,38.59583333333334,141.21875,2.623
57417118,116,38.59583333333334,141.23125,1.596
57417119,211,38.59583333333334,141.24375,0.757
57417120,98,38.60416666666667,141.13125,4.262
57417121,112,38.60416666666667,141.14374999999998,3.221
57417123,110,38.60416666666667,141.16875,1.37
57417124,27,38.60416666666667,141.18125,1.081
57417125,125,38.60416666666667,141.19375,1.679
57417126,258,38.60416666666667,141.20624999999998,2.613
57417127,222,38.60416666666667,141.21875,2.994
57417128,385,38.60416666666667,141.23125,2.153
57417129,145,38.60416666666667,141.24375,1.632
57417130,35,38.612500000000004,141.13125,4.13
57417131,51,38.612500000000004,141.14374999999998,3.045
57417132,4,38.612500000000004,141.15625,1.96
57417133,119,38.612500000000004,141.16875,0.88
57417134,296,38.612500000000004,141.18125,0.253
57417135,24,38.612500000000004,141.19375,1.309
57417136,73,38.612500000000004,141.20624999999998,2.14
57417137,82,38.612500000000004,141.21875,2.96
57417138,56,38.612500000000004,141.23125,2.905
57417139,72,38.612500000000004,141.24375,2.543
57417140,89,38.62083333333334,141.13125,4.204
57417141,144,38.62083333333334,141.14374999999998,3.144
57417142,472,38.62083333333334,141.15625,2.111
57417143,789,38.62083333333334,141.16875,1.178
57417144,153,38.62083333333334,141.18125,0.823
57417147,181,38.62083333333334,141.21875,2.567
57417148,149,38.62083333333334,141.23125,3.623
57417149,38,38.62083333333334,141.24375,3.463
57417150,81,38.62916666666667,141.13125,4.278
57417151,196,38.62916666666667,141.14374999999998,3.495
57417152,393,38.62916666666667,141.15625,2.605
57417153,13,38.62916666666667,141.16875,1.888
57417155,761,38.62916666666667,141.19375,0.369
57417156,570,38.62916666666667,141.20624999999998,1.399
57417157,617,38.62916666666667,141.21875,2.477
57417158,115,38.62916666666667,141.23125,3.56
57417159,81,38.62916666666667,141.24375,4.159
57417160,76,38.6375,141.13125,3.533
57417161,31,38.6375,141.14374999999998,2.942
57417162,14,38.6375,141.15625,2.68
57417163,34,38.6375,141.16875,2.198
57417164,11,38.6375,141.18125,1.392
57417165,366,38.6375,141.19375,1.184
57417166,203,38.6375,141.20624999999998,1.795
57417167,171,38.6375,141.21875,2.721
57417168,261,38.6375,141.23125,3.734
57417169,103,38.6375,141.24375,3.549
57417170,129,38.645833333333336,141.13125,2.896
57417171,255,38.645833333333336,141.14374999999998,2.134
57417172,99,38.645833333333336,141.15625,1.755
57417173,267,38.645833333333336,141.16875,1.99
57417174,203,38.645833333333336,141.18125,2.218
57417175,114,38.645833333333336,141.19375,2.094
57417176,162,38.645833333333336,141.20624999999998,2.491
57417177,111,38.645833333333336,141.21875,3.223
57417178,90,38.645833333333336,141.23125,4.114
57417179,110,38.645833333333336,141.24375,3.1
57417180,52,38.654166666666676,141.13125,2.45
57417181,187,38.654166666666676,141.14374999999998,1.473
57417182,164,38.654166666666676,141.15625,0.834
57417183,96,38.654166666666676,141.16875,1.256
57417184,133,38.654166666666676,141.18125,2.194
57417185,131,38.654166666666676,141.19375,2.923
57417186,152,38.654166666666676,141.20624999999998,3.169
57417187,206,38.654166666666676,141.21875,3.261
57417188,31,38.654166666666676,141.23125,3.685
57417190,227,38.66250000000001,141.13125,2.309
57417191,292,38.66250000000001,141.14374999999998,1.226
57417192,516,38.66250000000001,141.15625,0.171
57417193,375,38.66250000000001,141.16875,0.955
57417194,429,38.66250000000001,141.18125,2.037
57417195,245,38.66250000000001,141.19375,1.999
57417197,91,38.66250000000001,141.21875,2.375
57417198,20,38.66250000000001,141.23125,2.93
57417199,2,38.66250000000001,141.24375,2.965
57417200,821,38.587500000000006,141.25625,0.665
57417201,202,38.587500000000006,141.26874999999998,1.75
57417202,119,38.587500000000006,141.28125,2.836
57417203,55,38.587500000000006,141.29375,3.922
57417204,5,38.587500000000006,141.30625,5.008
57417205,6,38.587500000000006,141.31875,6.095
57417210,296,38.59583333333334,141.25625,0.981
57417211,174,38.59583333333334,141.26874999999998,1.926
57417212,14,38.59583333333334,141.28125,2.964
57417214,7,38.59583333333334,141.30625,5.082
57417219,17,38.59583333333334,141.36875,9.365
57417220,128,38.60416666666667,141.25625,1.746
57417221,165,38.60416666666667,141.26874999999998,2.408
57417222,132,38.60416666666667,141.28125,3.303
57417223,47,38.60416666666667,141.29375,4.287
57417224,238,38.60416666666667,141.30625,5.311
57417226,72,38.60416666666667,141.33124999999998,7.4
57417229,66,38.60416666666667,141.36875,9.851
57417230,62,38.612500000000004,141.25625,2.618
57417231,52,38.612500000000004,141.26874999999998,3.099
57417232,36,38.612500000000004,141.28125,3.836
57417233,193,38.612500000000004,141.29375,4.709
57417234,578,38.612500000000004,141.30625,5.482
57417235,59,38.612500000000004,141.31875,6.063
57417236,43,38.612500000000004,141.33124999999998,6.77
57417238,83,38.612500000000004,141.35625,8.428
57417239,54,38.612500000000004,141.36875,9.337
57417240,50,38.62083333333334,141.25625,3.518
57417242,89,38.62083333333334,141.28125,3.945
57417243,242,38.62083333333334,141.29375,4.19
57417244,106,38.62083333333334,141.30625,4.681
57417245,5,38.62083333333334,141.31875,5.35
57417246,28,38.62083333333334,141.33124999999998,6.139
57417248,48,38.62083333333334,141.35625,7.931
57417250,15,38.62916666666667,141.25625,3.496
57417253,24,38.62916666666667,141.29375,3.337
57417254,75,38.62916666666667,141.30625,3.936
57417255,108,38.62916666666667,141.31875,4.712
57417257,165,38.62916666666667,141.34375,6.534
57417258,381,38.62916666666667,141.35625,7.515
57417260,98,38.6375,141.25625,2.743
57417263,73,38.6375,141.29375,2.537
57417268,171,38.6375,141.35625,7.195
57417269,207,38.6375,141.36875,8.181
57417270,130,38.645833333333336,141.25625,2.13
57417271,264,38.645833333333336,141.26874999999998,1.349
57417272,48,38.645833333333336,141.28125,1.207
57417273,133,38.645833333333336,141.29375,1.858
57417279,7,38.645833333333336,141.36875,7.576
57417280,66,38.654166666666676,141.25625,1.808
57417281,552,38.654166666666676,141.26874999999998,0.743
57417282,1326,38.654166666666676,141.28125,0.436
57417283,240,38.654166666666676,141.29375,1.478
57417284,115,38.654166666666676,141.30625,2.557
57417290,263,38.66250000000001,141.25625,1.929
57417291,350,38.66250000000001,141.26874999999998,1.001
57417292,592,38.66250000000001,141.28125,0.8
57417293,5,38.66250000000001,141.29375,1.623
57417294,102,38.66250000000001,141.30625,2.643
57417295,21,38.66250000000001,141.31875,3.7
57417296,10,38.66250000000001,141.33124999999998,4.77
57417307,12,38.587500000000006,141.46875,10.306
57417308,3,38.587500000000006,141.48125,10.511
57417309,56,38.587500000000006,141.49375,10.822
57417319,140,38.59583333333334,141.49375,9.953
57417329,30,38.60416666666667,141.49375,9.095
57417341,5,38.62083333333334,141.39374999999998,8.257
57417350,28,38.62916666666667,141.38125,8.149
57417351,3,38.62916666666667,141.39374999999998,7.549
57417355,5,38.62916666666667,141.44375,5.625
57417360,20,38.6375,141.38125,7.427
57417363,39,38.6375,141.41875,5.489
57417365,333,38.6375,141.44375,4.708
57417366,32,38.6375,141.45624999999998,4.66
57417368,80,38.6375,141.48125,5.281
57417369,125,38.6375,141.49375,5.875
57417370,19,38.645833333333336,141.38125,6.755
57417371,1,38.645833333333336,141.39374999999998,6.019
57417372,123,38.645833333333336,141.40625,5.401
57417373,155,38.645833333333336,141.41875,4.73
57417374,13,38.645833333333336,141.43125,4.149
57417375,6,38.645833333333336,141.44375,3.796
57417376,6,38.645833333333336,141.45624999999998,3.736
57417377,130,38.645833333333336,141.46875,3.984
57417378,32,38.645833333333336,141.48125,4.487
57417379,8,38.645833333333336,141.49375,5.173
57417385,20,38.654166666666676,141.44375,2.893
57417391,51,38.66250000000001,141.39374999999998,4.726
57417392,10,38.66250000000001,141.40625,3.909
57417395,74,38.66250000000001,141.44375,2.012
57417420,120,38.60416666666667,141.50625,9.576
57417421,56,38.60416666666667,141.51874999999998,10.15
57417431,90,38.612500000000004,141.51874999999998,9.402
57417441,101,38.62083333333334,141.51874999999998,8.689
57417451,61,38.62916666666667,141.51874999999998,8.019
57417452,23,38.62916666666667,141.53125,8.831
57417460,119,38.6375,141.50625,6.595
57417461,55,38.6375,141.51874999999998,7.404
58400529,3,38.6875,140.74375,5.911
58400552,2,38.7125,140.65625,7.9
58400553,5,38.7125,140.66875,6.917
58400559,23,38.7125,140.74375,3.14
58400562,37,38.72083333333333,140.65625,7.581
58400563,57,38.72083333333333,140.66875,6.551
58400564,27,38.72083333333333,140.68125,5.541
58400567,64,38.72083333333333,140.71875,2.861
58400568,17,38.72083333333333,140.73125,2.32
58400569,18,38.72083333333333,140.74375,2.221
58400572,36,38.729166666666664,140.65625,7.366
58400573,186,38.729166666666664,140.66875,6.301
58400574,37,38.729166666666664,140.68125,5.243
58400576,62,38.729166666666664,140.70624999999998,3.183
58400577,1,38.729166666666664,140.71875,2.231
58400579,6,38.729166666666664,140.74375,1.312
58400583,5,38.737500000000004,140.66875,6.181
58400584,4,38.737500000000004,140.68125,5.099
58400585,13,38.737500000000004,140.69375,4.018
58400586,250,38.737500000000004,140.70624999999998,2.939
58400587,116,38.737500000000004,140.71875,1.866
58400588,8,38.737500000000004,140.73125,0.825
58400589,403,38.737500000000004,140.74375,0.478
58400596,54,38.74583333333334,140.70624999999998,2.977
58400597,613,38.74583333333334,140.71875,1.925
58400598,261,38.74583333333334,140.73125,0.951
58400599,81,38.74583333333334,140.74375,0.673
58400604,5,38.670833333333334,140.80625,7.266
58400605,11,38.670833333333334,140.81875,6.297
58400606,3,38.670833333333334,140.83124999999998,5.374
58400608,44,38.670833333333334,140.85625,3.796
58400609,204,38.670833333333334,140.86875,3.271
58400615,5,38.67916666666667,140.81875,6.796
58400616,6,38.67916666666667,140.83124999999998,5.95
58400617,6,38.67916666666667,140.84375,5.195
58400618,170,38.67916666666667,140.85625,4.575
58400619,171,38.67916666666667,140.86875,4.15
58400620,17,38.6875,140.75625,6.07
58400621,1,38.6875,140.76874999999998,6.411
58400627,42,38.6875,140.84375,5.936
58400628,140,38.6875,140.85625,5.401
58400629,49,38.6875,140.86875,5.047
58400630,20,38.69583333333333,140.75625,5.173
58400631,5,38.69583333333333,140.76874999999998,5.569
58400636,8,38.69583333333333,140.83124999999998,7.321
58400637,113,38.69583333333333,140.84375,6.722
58400638,86,38.69583333333333,140.85625,6.255
58400644,2,38.704166666666666,140.80625,7.037
58400645,8,38.704166666666666,140.81875,7.949
58400646,152,38.704166666666666,140.83124999999998,8.079
58400647,183,38.704166666666666,140.84375,7.541
58400648,10,38.704166666666666,140.85625,7.128
58400649,2,38.704166666666666,140.86875,6.863
58400654,20,38.7125,140.80625,6.548
58400655,144,38.7125,140.81875,7.519
58400656,373,38.7125,140.83124999999998,8.517
58400657,66,38.7125,140.84375,8.382
58400659,6,38.7125,140.86875,7.778
58400660,12,38.72083333333333,140.75625,2.614
58400663,30,38.72083333333333,140.79375,5.161
58400664,42,38.72083333333333,140.80625,6.16
58400665,79,38.72083333333333,140.81875,7.183
58400666,20,38.72083333333333,140.83124999999998,8.222
58400668,4,38.72083333333333,140.85625,8.906
58400669,3,38.72083333333333,140.86875,8.049
58400670,309,38.729166666666664,140.75625,1.903
58400671,264,38.729166666666664,140.76874999999998,2.805
58400672,95,38.729166666666664,140.78125,3.804
58400673,145,38.729166666666664,140.79375,4.84
58400674,2,38.729166666666664,140.80625,5.893
58400679,2,38.729166666666664,140.86875,7.926
58400680,60,38.737500000000004,140.75625,1.459
58400681,259,38.737500000000004,140.76874999999998,2.525
58400682,544,38.737500000000004,140.78125,3.602
58400683,24,38.737500000000004,140.79375,4.683
58400684,8,38.737500000000004,140.80625,5.765
58400685,9,38.737500000000004,140.81875,6.847
58400686,3,38.737500000000004,140.83124999999998,7.93
58400687,8,38.737500000000004,140.84375,9.013
58400689,2,38.737500000000004,140.86875,7.912
58400690,7,38.74583333333334,140.75625,1.533
58400691,22,38.74583333333334,140.76874999999998,2.569
58400692,50,38.74583333333334,140.78125,3.633
58400693,15,38.74583333333334,140.79375,4.706
58400694,35,38.74583333333334,140.80625,5.784
58400695,9,38.74583333333334,140.81875,6.863
58400697,10,38.74583333333334,140.84375,9.025
58400698,41,38.74583333333334,140.85625,9.077
58400699,6,38.74583333333334,140.86875,8.005
58400700,92,38.670833333333334,140.88125,3.058
58400701,24,38.670833333333334,140.89374999999998,3.219
58400702,6,38.670833333333334,140.90625,3.705
58400703,13,38.670833333333334,140.91875,4.41
58400704,7,38.670833333333334,140.93125,5.246
58400705,38,38.670833333333334,140.94375,6.161
58400706,29,38.670833333333334,140.95624999999998,7.079
58400707,47,38.670833333333334,140.96875,7.113
58400708,69,38.670833333333334,140.98125,7.311
58400709,129,38.670833333333334,140.99375,7.658
58400710,10,38.67916666666667,140.88125,3.985
58400711,2,38.67916666666667,140.89374999999998,4.109
58400713,6,38.67916666666667,140.91875,5.096
58400714,37,38.67916666666667,140.93125,5.835
58400715,16,38.67916666666667,140.94375,6.302
58400716,68,38.67916666666667,140.95624999999998,6.153
58400717,37,38.67916666666667,140.96875,6.193
58400718,101,38.67916666666667,140.98125,6.419
58400719,51,38.67916666666667,140.99375,6.812
58400720,17,38.6875,140.88125,4.911
58400721,35,38.6875,140.89374999999998,5.013
58400722,40,38.6875,140.90625,5.338
58400723,33,38.6875,140.91875,5.849
58400724,14,38.6875,140.93125,5.78
58400725,18,38.6875,140.94375,5.403
58400726,135,38.6875,140.95624999999998,5.228
58400727,63,38.6875,140.96875,5.275
58400728,38,38.6875,140.98125,5.538
58400729,40,38.6875,140.99375,5.989
58400730,28,38.69583333333333,140.88125,5.838
58400731,53,38.69583333333333,140.89374999999998,5.923
58400732,11,38.69583333333333,140.90625,6.201
58400733,24,38.69583333333333,140.91875,5.582
58400734,97,38.69583333333333,140.93125,4.959
58400735,33,38.69583333333333,140.94375,4.514
58400736,57,38.69583333333333,140.95624999999998,4.303
58400737,29,38.69583333333333,140.96875,4.36
58400738,50,38.69583333333333,140.98125,4.675
58400739,49,38.69583333333333,140.99375,5.201
58400740,26,38.704166666666666,140.88125,6.764
58400741,5,38.704166666666666,140.89374999999998,6.651
58400742,31,38.704166666666666,140.90625,5.742
58400743,91,38.704166666666666,140.91875,4.905
58400744,33,38.704166666666666,140.93125,4.183
58400745,39,38.704166666666666,140.94375,3.645
58400746,2,38.704166666666666,140.95624999999998,3.38
58400747,66,38.704166666666666,140.96875,3.452
58400748,56,38.704166666666666,140.98125,3.842
58400749,19,38.704166666666666,140.99375,4.467
58400750,19,38.7125,140.88125,7.244
58400751,20,38.7125,140.89374999999998,6.234
58400752,2,38.7125,140.90625,5.253
58400753,20,38.7125,140.91875,4.322
58400754,20,38.7125,140.93125,3.481
58400755,29,38.7125,140.94375,2.812
58400756,26,38.7125,140.95624999999998,2.459
58400757,123,38.7125,140.96875,2.557
58400758,45,38.7125,140.98125,3.063
58400759,45,38.7125,140.99375,3.818
58400760,16,38.72083333333333,140.88125,6.986
58400761,5,38.72083333333333,140.89374999999998,5.933
58400762,4,38.72083333333333,140.90625,4.892
58400764,9,38.72083333333333,140.93125,2.908
58400765,17,38.72083333333333,140.94375,2.06
58400766,9,38.72083333333333,140.95624999999998,1.544
58400767,21,38.72083333333333,140.96875,1.696
58400768,48,38.72083333333333,140.98125,2.392
58400769,29,38.72083333333333,140.99375,3.304
58400770,22,38.729166666666664,140.88125,6.846
58400771,14,38.729166666666664,140.89374999999998,5.766
58400772,9,38.729166666666664,140.90625,4.689
58400773,57,38.729166666666664,140.91875,3.615
58400774,56,38.729166666666664,140.93125,2.552
58400775,71,38.729166666666664,140.94375,1.517
58400776,258,38.729166666666664,140.95624999999998,0.665
58400777,161,38.729166666666664,140.96875,0.967
58400778,219,38.729166666666664,140.98125,1.944
58400779,103,38.729166666666664,140.99375,2.732
58400780,13,38.737500000000004,140.88125,6.829
58400781,61,38.737500000000004,140.89374999999998,5.746
58400782,89,38.737500000000004,140.90625,4.664
58400783,7,38.737500000000004,140.91875,3.584
58400784,128,38.737500000000004,140.93125,2.507
58400785,235,38.737500000000004,140.94375,1.44
58400786,1003,38.737500000000004,140.95624999999998,0.464
58400787,152,38.737500000000004,140.96875,0.842
58400788,146,38.737500000000004,140.98125,1.885
58400789,156,38.737500000000004,140.99375,2.169
58400790,30,38.74583333333334,140.88125,6.937
58400791,84,38.74583333333334,140.89374999999998,5.874
58400792,85,38.74583333333334,140.90625,4.821
58400793,153,38.74583333333334,140.91875,3.786
58400794,59,38.74583333333334,140.93125,2.788
58400795,277,38.74583333333334,140.94375,1.888
58400796,250,38.74583333333334,140.95624999999998,1.307
58400797,21,38.74583333333334,140.96875,1.483
58400798,103,38.74583333333334,140.98125,2.246
58400799,36,38.74583333333334,140.99375,1.913
58401507,181,38.75416666666667,140.71875,2.377
58401508,23,38.75416666666667,140.73125,1.687
58401509,2,38.75416666666667,140.74375,1.547
58401535,2,38.77916666666667,140.69375,5.867
58401536,10,38.77916666666667,140.70624999999998,5.189
58401540,6,38.7875,140.63125,10.453
58401541,23,38.7875,140.64374999999998,9.835
58401542,5,38.7875,140.65625,8.935
58401544,40,38.7875,140.68125,7.286
58401545,6,38.7875,140.69375,6.575
58401551,9,38.795833333333334,140.64374999999998,10.356
58401552,89,38.795833333333334,140.65625,9.505
58401553,11,38.795833333333334,140.66875,8.707
58401560,31,38.80416666666667,140.63125,11.253
58401561,184,38.80416666666667,140.64374999999998,10.931
58401562,70,38.80416666666667,140.65625,10.129
58401563,24,38.80416666666667,140.66875,9.383
58401570,15,38.8125,140.63125,11.742
58401571,84,38.8125,140.64374999999998,11.551
58401572,20,38.8125,140.65625,10.796
58401581,38,38.82083333333334,140.64374999999998,12.211
58401590,3,38.82916666666667,140.63125,12.866
58401591,5,38.82916666666667,140.64374999999998,12.903
58401601,9,38.75416666666667,140.76874999999998,2.923
58401603,10,38.75416666666667,140.79375,4.908
58401604,38,38.75416666666667,140.80625,5.949
58401607,7,38.75416666666667,140.84375,9.132
58401609,49,38.75416666666667,140.86875,8.202
58401613,7,38.7625,140.79375,5.267
58401618,69,38.7625,140.85625,9.514
58401619,65,38.7625,140.86875,8.497
58401623,3,38.770833333333336,140.79375,5.755
58401624,26,38.770833333333336,140.80625,6.665
58401625,15,38.770833333333336,140.81875,7.62
58401626,9,38.770833333333336,140.83124999999998,8.606
58401627,24,38.770833333333336,140.84375,9.613
58401628,22,38.770833333333336,140.85625,9.856
58401629,45,38.770833333333336,140.86875,8.879
58401632,2,38.77916666666667,140.78125,5.592
58401635,2,38.77916666666667,140.81875,8.072
58401636,9,38.77916666666667,140.83124999999998,9.008
58401638,6,38.77916666666667,140.85625,10.271
58401639,9,38.77916666666667,140.86875,9.337
58401643,7,38.7875,140.79375,7.001
58401644,3,38.7875,140.80625,7.766
58401645,12,38.7875,140.81875,8.6
58401646,15,38.7875,140.83124999999998,9.484
58401647,48,38.7875,140.84375,10.406
58401648,17,38.7875,140.85625,10.75
58401653,4,38.795833333333334,140.79375,7.717
58401654,27,38.795833333333334,140.80625,8.417
58401655,4,38.795833333333334,140.81875,9.191
58401656,76,38.795833333333334,140.83124999999998,10.023
58401657,127,38.795833333333334,140.84375,10.9
58401658,66,38.795833333333334,140.85625,11.285
58401664,5,38.80416666666667,140.80625,9.115
58401666,18,38.80416666666667,140.83124999999998,10.616
58401667,31,38.80416666666667,140.84375,11.447
58401673,11,38.8125,140.79375,9.26
58401674,8,38.8125,140.80625,9.851
58401675,1,38.8125,140.81875,10.52
58401677,9,38.8125,140.84375,12.042
58401678,1,38.8125,140.85625,11.194
58401679,1,38.8125,140.86875,10.117
58401683,10,38.82083333333334,140.79375,10.071
58401684,37,38.82083333333334,140.80625,10.617
58401693,2,38.82916666666667,140.79375,10.9
58401700,59,38.75416666666667,140.88125,7.164
58401701,55,38.75416666666667,140.89374999999998,6.141
58401702,130,38.75416666666667,140.90625,5.143
58401703,174,38.75416666666667,140.91875,4.188
58401704,175,38.75416666666667,140.93125,3.314
58401705,128,38.75416666666667,140.94375,2.603
58401706,82,38.75416666666667,140.95624999999998,2.217
58401707,51,38.75416666666667,140.96875,2.326
58401708,53,38.75416666666667,140.98125,2.872
58401709,5,38.75416666666667,140.99375,2.081
58401710,11,38.7625,140.88125,7.499
58401711,379,38.7625,140.89374999999998,6.529
58401712,92,38.7625,140.90625,5.601
58401713,126,38.7625,140.91875,4.74
58401715,44,38.7625,140.94375,3.42
58401716,64,38.7625,140.95624999999998,3.137
58401717,81,38.7625,140.96875,3.215
58401718,136,38.7625,140.98125,3.469
58401719,17,38.7625,140.99375,2.592
58401720,183,38.770833333333336,140.88125,7.93
58401721,103,38.770833333333336,140.89374999999998,7.019
58401722,55,38.770833333333336,140.90625,6.166
58401723,47,38.770833333333336,140.91875,5.395
58401724,34,38.770833333333336,140.93125,4.749
58401725,45,38.770833333333336,140.94375,4.283
58401726,29,38.770833333333336,140.95624999999998,4.06
58401727,40,38.770833333333336,140.96875,4.12
58401728,83,38.770833333333336,140.98125,4.018
58401729,163,38.770833333333336,140.99375,3.29
58401730,6,38.77916666666667,140.88125,8.44
58401731,3,38.77916666666667,140.89374999999998,7.591
58401733,12,38.77916666666667,140.91875,6.121
58401735,30,38.77916666666667,140.94375,5.167
58401736,50,38.77916666666667,140.95624999999998,4.984
58401737,1,38.77916666666667,140.96875,5.034
58401738,21,38.77916666666667,140.98125,4.687
58401739,62,38.77916666666667,140.99375,4.08
58401740,4,38.7875,140.88125,9.017
58401741,5,38.7875,140.89374999999998,8.228
58401742,12,38.7875,140.90625,7.513
58401743,17,38.7875,140.91875,6.895
58401744,27,38.7875,140.93125,6.097
58401745,45,38.7875,140.94375,5.32
58401746,73,38.7875,140.95624999999998,4.668
58401747,53,38.7875,140.96875,4.197
58401748,79,38.7875,140.98125,3.974
58401749,60,38.7875,140.99375,4.038
58401750,3,38.795833333333334,140.88125,9.466
58401751,14,38.795833333333334,140.89374999999998,8.447
58401752,4,38.795833333333334,140.90625,7.447
58401755,3,38.795833333333334,140.94375,4.671
58401756,3,38.795833333333334,140.95624999999998,3.912
58401757,45,38.795833333333334,140.96875,3.336
58401758,63,38.795833333333334,140.98125,3.05
58401759,120,38.795833333333334,140.99375,3.135
58401761,11,38.80416666666667,140.89374999999998,8.16
58401762,224,38.80416666666667,140.90625,7.119
58401763,77,38.80416666666667,140.91875,6.093
58401764,154,38.80416666666667,140.93125,5.091
58401765,227,38.80416666666667,140.94375,4.129
58401766,150,38.80416666666667,140.95624999999998,3.246
58401767,142,38.80416666666667,140.96875,2.523
58401768,32,38.80416666666667,140.98125,2.13
58401769,89,38.80416666666667,140.99375,2.249
58401772,6,38.8125,140.90625,6.901
58401773,29,38.8125,140.91875,5.837
58401774,56,38.8125,140.93125,4.782
58401775,358,38.8125,140.94375,3.742
58401776,54,38.8125,140.95624999999998,2.736
58401777,109,38.8125,140.96875,1.82
58401778,429,38.8125,140.98125,1.22
58401779,313,38.8125,140.99375,1.417
58401781,6,38.82083333333334,140.89374999999998,7.886
58401782,15,38.82083333333334,140.90625,6.803
58401783,60,38.82083333333334,140.91875,5.722
58401784,234,38.82083333333334,140.93125,4.64
58401785,104,38.82083333333334,140.94375,3.559
58401786,74,38.82083333333334,140.95624999999998,2.48
58401787,116,38.82083333333334,140.96875,1.408
58401788,543,38.82083333333334,140.98125,0.395
58401789,239,38.82083333333334,140.99375,0.822
58401792,46,38.82916666666667,140.90625,6.831
58401793,3,38.82916666666667,140.91875,5.755
58401794,74,38.82916666666667,140.93125,4.681
58401795,62,38.82916666666667,140.94375,3.613
58401796,86,38.82916666666667,140.95624999999998,2.557
58401797,77,38.82916666666667,140.96875,1.538
58401798,773,38.82916666666667,140.98125,0.736
58401799,1480,38.82916666666667,140.99375,0.676
58402501,20,38.8375,140.64374999999998,13.624
58402510,17,38.84583333333333,140.63125,14.145
58402511,10,38.84583333333333,140.64374999999998,14.368
58402520,1,38.854166666666664,140.63125,14.83
58402521,7,38.854166666666664,140.64374999999998,15.132
58402522,5,38.854166666666664,140.65625,14.563
58402527,5,38.854166666666664,140.71875,12.763
58402532,12,38.8625,140.65625,15.374
58402533,4,38.8625,140.66875,14.893
58402536,4,38.8625,140.70624999999998,13.867
58402537,8,38.8625,140.71875,13.681
58402543,7,38.87083333333333,140.66875,15.741
58402544,13,38.87083333333333,140.68125,15.35
58402545,1,38.87083333333333,140.69375,15.026
58402546,4,38.87083333333333,140.70624999999998,14.774
58402602,8,38.8375,140.78125,11.358
58402632,5,38.8625,140.78125,14.023
58402658,2,38.87916666666666,140.85625,12.752
58402659,19,38.87916666666666,140.86875,11.819
58402695,4,38.9125,140.81875,17.471
58402696,9,38.9125,140.83124999999998,16.592
58402700,4,38.8375,140.88125,9.105
58402702,53,38.8375,140.90625,6.983
58402703,18,38.8375,140.91875,5.934
58402705,6,38.8375,140.94375,3.893
58402706,87,38.8375,140.95624999999998,2.939
58402707,91,38.8375,140.96875,2.114
58402708,167,38.8375,140.98125,1.626
58402709,186,38.8375,140.99375,0.967
58402710,22,38.84583333333333,140.88125,9.312
58402711,13,38.84583333333333,140.89374999999998,8.275
58402712,102,38.84583333333333,140.90625,7.251
58402716,95,38.84583333333333,140.95624999999998,3.529
58402717,27,38.84583333333333,140.96875,2.879
58402719,36,38.84583333333333,140.99375,1.769
58402721,11,38.854166666666664,140.89374999999998,8.602
58402722,71,38.854166666666664,140.90625,7.623
58402723,7,38.854166666666664,140.91875,6.676
58402725,12,38.854166666666664,140.94375,4.95
58402726,81,38.854166666666664,140.95624999999998,4.242
58402727,26,38.854166666666664,140.96875,3.718
58402728,6,38.854166666666664,140.98125,3.1
58402729,12,38.854166666666664,140.99375,2.654
58402732,39,38.8625,140.90625,8.084
58402733,4,38.8625,140.91875,7.198
58402734,7,38.8625,140.93125,6.373
58402735,47,38.8625,140.94375,5.635
58402736,83,38.8625,140.95624999999998,5.025
58402738,15,38.8625,140.98125,3.903
58402739,8,38.8625,140.99375,3.56
58402740,17,38.87083333333333,140.88125,10.413
58402741,58,38.87083333333333,140.89374999999998,9.498
58402742,54,38.87083333333333,140.90625,8.621
58402743,1,38.87083333333333,140.91875,7.796
58402744,7,38.87083333333333,140.93125,7.041
58402745,42,38.87083333333333,140.94375,6.382
58402746,76,38.87083333333333,140.95624999999998,5.849
58402747,20,38.87083333333333,140.96875,5.243
58402748,16,38.87083333333333,140.98125,4.752
58402750,67,38.87916666666666,140.88125,10.914
58402751,54,38.87916666666666,140.89374999999998,10.044
58402754,2,38.87916666666666,140.93125,7.763
58402755,24,38.87916666666666,140.94375,7.17
58402756,57,38.87916666666666,140.95624999999998,6.619
58402757,11,38.87916666666666,140.96875,6.046
58402762,4,38.887499999999996,140.90625,9.87
58402763,2,38.887499999999996,140.91875,9.158
58402764,2,38.887499999999996,140.93125,8.525
58402765,83,38.887499999999996,140.94375,7.989
58402766,43,38.887499999999996,140.95624999999998,7.388
58402767,30,38.887499999999996,140.96875,6.88
58402773,4,38.89583333333333,140.91875,9.899
58402774,24,38.89583333333333,140.93125,9.316
58402775,70,38.89583333333333,140.94375,8.756
58402776,21,38.89583333333333,140.95624999999998,8.19
58402781,2,38.90416666666667,140.89374999999998,11.968
58402784,34,38.90416666666667,140.93125,10.131
58402785,5,38.90416666666667,140.94375,9.533
58403508,3,38.920833333333334,140.73125,20.058
58403606,10,38.920833333333334,140.83124999999998,17.163
58403607,2,38.920833333333334,140.84375,16.339
58403615,3,38.92916666666667,140.81875,18.586
58403616,10,38.92916666666667,140.83124999999998,17.763
58403617,1,38.92916666666667,140.84375,16.969
58403626,5,38.9375,140.83124999999998,18.391
58403627,1,38.9375,140.84375,17.625
58410000,171,38.670833333333334,141.00625,7.475
58410001,29,38.670833333333334,141.01874999999998,7.194
58410002,33,38.670833333333334,141.03125,7.069
58410003,61,38.670833333333334,141.04375,7.11
58410004,117,38.670833333333334,141.05625,7.314
58410005,91,38.670833333333334,141.06875,7.667
58410006,66,38.670833333333334,141.08124999999998,6.727
58410007,78,38.670833333333334,141.09375,5.657
58410008,116,38.670833333333334,141.10625,4.594
58410009,106,38.670833333333334,141.11875,3.545
58410010,57,38.67916666666667,141.00625,6.606
58410011,54,38.67916666666667,141.01874999999998,6.286
58410012,57,38.67916666666667,141.03125,6.144
58410013,11,38.67916666666667,141.04375,6.191
58410014,122,38.67916666666667,141.05625,6.423
58410015,104,38.67916666666667,141.06875,6.822
58410016,131,38.67916666666667,141.08124999999998,6.93
58410017,68,38.67916666666667,141.09375,5.897
58410018,76,38.67916666666667,141.10625,4.886
58410019,157,38.67916666666667,141.11875,3.916
58410020,30,38.6875,141.00625,5.755
58410021,53,38.6875,141.01874999999998,5.385
58410022,34,38.6875,141.03125,5.218
58410024,18,38.6875,141.05625,5.545
58410025,11,38.6875,141.06875,6.002
58410026,89,38.6875,141.08124999999998,6.608
58410027,52,38.6875,141.09375,6.265
58410028,17,38.6875,141.10625,5.325
58410029,35,38.6875,141.11875,4.452
58410030,56,38.69583333333333,141.00625,4.932
58410031,4,38.69583333333333,141.01874999999998,4.495
58410032,5,38.69583333333333,141.03125,4.293
58410033,28,38.69583333333333,141.04375,4.36
58410034,130,38.69583333333333,141.05625,4.684
58410035,93,38.69583333333333,141.06875,5.218
58410036,111,38.69583333333333,141.08124999999998,5.905
58410037,113,38.69583333333333,141.09375,6.697
58410038,155,38.69583333333333,141.10625,5.879
58410039,104,38.69583333333333,141.11875,5.101
58410040,26,38.704166666666666,141.00625,4.153
58410041,3,38.704166666666666,141.01874999999998,3.622
58410042,60,38.704166666666666,141.03125,3.369
58410043,181,38.704166666666666,141.04375,3.454
58410044,84,38.704166666666666,141.05625,3.855
58410045,101,38.704166666666666,141.06875,4.488
58410046,40,38.704166666666666,141.08124999999998,5.271
58410047,88,38.704166666666666,141.09375,5.996
58410048,144,38.704166666666666,141.10625,6.517
58410049,262,38.704166666666666,141.11875,5.826
58410050,97,38.7125,141.00625,3.447
58410051,368,38.7125,141.01874999999998,2.785
58410052,108,38.7125,141.03125,2.446
58410053,32,38.7125,141.04375,2.562
58410054,7,38.7125,141.05625,3.082
58410055,16,38.7125,141.06875,3.845
58410056,99,38.7125,141.08124999999998,4.628
58410058,53,38.7125,141.10625,6.031
58410059,339,38.7125,141.11875,6.49
58410060,32,38.72083333333333,141.00625,2.869
58410061,223,38.72083333333333,141.01874999999998,2.027
58410062,399,38.72083333333333,141.03125,1.529
58410063,98,38.72083333333333,141.04375,1.708
58410064,27,38.72083333333333,141.05625,2.419
58410065,75,38.72083333333333,141.06875,3.309
58410066,110,38.72083333333333,141.08124999999998,3.86
58410067,47,38.72083333333333,141.09375,4.605
58410068,11,38.72083333333333,141.10625,5.465
58410070,746,38.729166666666664,141.00625,2.121
58410071,1349,38.729166666666664,141.01874999999998,1.477
58410072,1217,38.729166666666664,141.03125,0.64
58410073,476,38.729166666666664,141.04375,0.995
58410074,127,38.729166666666664,141.05625,1.98
58410075,125,38.729166666666664,141.06875,2.481
58410076,163,38.729166666666664,141.08124999999998,3.179
58410077,210,38.729166666666664,141.09375,4.051
58410078,48,38.729166666666664,141.10625,4.857
58410080,332,38.737500000000004,141.00625,1.318
58410081,1476,38.737500000000004,141.01874999999998,1.059
58410082,1460,38.737500000000004,141.03125,0.444
58410083,228,38.737500000000004,141.04375,0.882
58410084,111,38.737500000000004,141.05625,1.214
58410085,201,38.737500000000004,141.06875,1.754
58410086,22,38.737500000000004,141.08124999999998,2.651
58410087,68,38.737500000000004,141.09375,3.651
58410088,126,38.737500000000004,141.10625,3.96
58410089,341,38.737500000000004,141.11875,3.802
58410090,115,38.74583333333334,141.00625,0.832
58410091,1078,38.74583333333334,141.01874999999998,0.192
58410092,106,38.74583333333334,141.03125,1.001
58410093,366,38.74583333333334,141.04375,0.928
58410094,373,38.74583333333334,141.05625,0.335
58410095,177,38.74583333333334,141.06875,1.309
58410096,163,38.74583333333334,141.08124999999998,2.38
58410097,110,38.74583333333334,141.09375,3.459
58410098,93,38.74583333333334,141.10625,3.082
58410099,346,38.74583333333334,141.11875,2.875
58410100,103,38.670833333333334,141.13125,2.527
58410101,91,38.670833333333334,141.14374999999998,1.598
58410102,273,38.670833333333334,141.15625,1.039
58410103,220,38.670833333333334,141.16875,1.401
58410104,439,38.670833333333334,141.18125,1.41
58410105,1148,38.670833333333334,141.19375,1.077
58410106,73,38.670833333333334,141.20624999999998,1.332
58410107,431,38.670833333333334,141.21875,1.538
58410109,45,38.670833333333334,141.24375,3.257
58410110,141,38.67916666666667,141.13125,3.025
58410111,86,38.67916666666667,141.14374999999998,2.307
58410113,91,38.67916666666667,141.16875,1.369
58410114,392,38.67916666666667,141.18125,0.51
58410115,2427,38.67916666666667,141.19375,0.21
58410116,765,38.67916666666667,141.20624999999998,0.465
58410117,216,38.67916666666667,141.21875,0.898
58410118,106,38.67916666666667,141.23125,1.937
58410119,275,38.67916666666667,141.24375,3.008
58410120,82,38.6875,141.13125,3.693
58410121,100,38.6875,141.14374999999998,3.132
58410122,129,38.6875,141.15625,2.414
58410123,80,38.6875,141.16875,1.365
58410124,1038,38.6875,141.18125,0.499
58410125,2268,38.6875,141.19375,0.44
58410126,2155,38.6875,141.20624999999998,0.612
58410127,193,38.6875,141.21875,0.982
58410128,48,38.6875,141.23125,1.961
58410129,268,38.6875,141.24375,2.394
58410130,27,38.69583333333333,141.13125,4.454
58410131,101,38.69583333333333,141.14374999999998,3.722
58410132,289,38.69583333333333,141.15625,2.745
58410133,397,38.69583333333333,141.16875,1.889
58410134,566,38.69583333333333,141.18125,0.912
58410135,1369,38.69583333333333,141.19375,0.559
58410136,1594,38.69583333333333,141.20624999999998,0.351
58410137,956,38.69583333333333,141.21875,0.837
58410138,178,38.69583333333333,141.23125,1.059
58410139,515,38.69583333333333,141.24375,1.56
58410140,127,38.704166666666666,141.13125,5.094
58410141,17,38.704166666666666,141.14374999999998,4.157
58410142,221,38.704166666666666,141.15625,3.265
58410143,142,38.704166666666666,141.16875,2.331
58410144,328,38.704166666666666,141.18125,1.6
58410145,112,38.704166666666666,141.19375,1.428
58410146,390,38.704166666666666,141.20624999999998,0.516
58410147,2121,38.704166666666666,141.21875,0.761
58410148,517,38.704166666666666,141.23125,0.337
58410149,203,38.704166666666666,141.24375,0.761
58410150,183,38.7125,141.13125,5.576
58410151,255,38.7125,141.14374999999998,4.656
58410152,27,38.7125,141.15625,3.755
58410153,260,38.7125,141.16875,2.979
58410154,149,38.7125,141.18125,2.451
58410155,43,38.7125,141.19375,1.942
58410156,231,38.7125,141.20624999999998,1.321
58410157,484,38.7125,141.21875,1.136
58410158,685,38.7125,141.23125,0.671
58410159,504,38.7125,141.24375,0.665
58410160,69,38.72083333333333,141.13125,5.703
58410161,178,38.72083333333333,141.14374999999998,5.181
58410162,35,38.72083333333333,141.15625,4.389
58410163,132,38.72083333333333,141.16875,3.747
58410164,133,38.72083333333333,141.18125,3.342
58410165,2,38.72083333333333,141.19375,2.64
58410166,601,38.72083333333333,141.20624999999998,2.222
58410167,424,38.72083333333333,141.21875,1.928
58410168,7,38.72083333333333,141.23125,1.425
58410169,343,38.72083333333333,141.24375,1.403
58410171,166,38.729166666666664,141.14374999999998,4.647
58410172,197,38.729166666666664,141.15625,4.74
58410173,166,38.729166666666664,141.16875,4.574
58410175,152,38.729166666666664,141.19375,3.447
58410176,39,38.729166666666664,141.20624999999998,3.139
58410177,167,38.729166666666664,141.21875,2.773
58410178,88,38.729166666666664,141.23125,2.308
58410180,180,38.737500000000004,141.13125,3.913
58410181,58,38.737500000000004,141.14374999999998,3.72
58410182,37,38.737500000000004,141.15625,3.837
58410183,8,38.737500000000004,141.16875,4.237
58410184,51,38.737500000000004,141.18125,4.784
58410185,65,38.737500000000004,141.19375,4.302
58410186,124,38.737500000000004,141.20624999999998,4.06
58410187,196,38.737500000000004,141.21875,3.564
58410188,15,38.737500000000004,141.23125,2.984
58410189,71,38.737500000000004,141.24375,2.171
58410190,122,38.74583333333334,141.13125,3.046
58410191,126,38.74583333333334,141.14374999999998,2.795
58410192,173,38.74583333333334,141.15625,2.948
58410193,7,38.74583333333334,141.16875,3.452
58410194,37,38.74583333333334,141.18125,4.183
58410195,291,38.74583333333334,141.19375,5.042
58410196,67,38.74583333333334,141.20624999999998,4.911
58410197,182,38.74583333333334,141.21875,4.404
58410200,252,38.670833333333334,141.25625,2.426
58410201,145,38.670833333333334,141.26874999999998,1.78
58410202,28,38.670833333333334,141.28125,1.676
58410206,7,38.670833333333334,141.33124999999998,4.992
58410207,16,38.670833333333334,141.34375,6.028
58410208,6,38.670833333333334,141.35625,7.079
58410209,10,38.670833333333334,141.36875,6.256
58410210,236,38.67916666666667,141.25625,3.126
58410211,104,38.67916666666667,141.26874999999998,2.656
58410212,13,38.67916666666667,141.28125,2.587
58410213,17,38.67916666666667,141.29375,2.947
58410219,4,38.67916666666667,141.36875,6.04
58410220,12,38.6875,141.25625,2.89
58410221,44,38.6875,141.26874999999998,3.558
58410222,120,38.6875,141.28125,3.506
58410223,138,38.6875,141.29375,3.78
58410224,30,38.6875,141.30625,4.317
58410230,47,38.69583333333333,141.25625,2.186
58410231,283,38.69583333333333,141.26874999999998,3.066
58410232,104,38.69583333333333,141.28125,3.502
58410233,78,38.69583333333333,141.29375,4.181
58410234,55,38.69583333333333,141.30625,5.006
58410235,17,38.69583333333333,141.31875,5.715
58410240,106,38.704166666666666,141.25625,1.71
58410241,454,38.704166666666666,141.26874999999998,2.183
58410242,344,38.704166666666666,141.28125,2.762
58410243,757,38.704166666666666,141.29375,3.584
58410244,59,38.704166666666666,141.30625,4.518
58410245,18,38.704166666666666,141.31875,5.508
58410246,9,38.704166666666666,141.33124999999998,6.528
58410247,18,38.704166666666666,141.34375,7.566
58410250,205,38.7125,141.25625,1.154
58410251,54,38.7125,141.26874999999998,1.358
58410252,39,38.7125,141.28125,2.17
58410253,224,38.7125,141.29375,3.15
58410254,113,38.7125,141.30625,4.183
58410255,76,38.7125,141.31875,5.236
58410256,34,38.7125,141.33124999999998,6.3
58410260,474,38.72083333333333,141.25625,0.358
58410261,315,38.72083333333333,141.26874999999998,0.8
58410262,205,38.72083333333333,141.28125,1.872
58410263,74,38.72083333333333,141.29375,2.953
58410265,35,38.72083333333333,141.31875,5.119
58410266,65,38.72083333333333,141.33124999999998,6.203
58410270,390,38.729166666666664,141.25625,0.801
58410271,372,38.729166666666664,141.26874999999998,1.074
58410272,297,38.729166666666664,141.28125,2.005
58410273,88,38.729166666666664,141.29375,3.039
58410274,21,38.729166666666664,141.30625,4.099
58410276,7,38.729166666666664,141.33124999999998,6.244
58410277,28,38.729166666666664,141.34375,7.322
58410278,9,38.729166666666664,141.35625,8.402
58410279,4,38.729166666666664,141.36875,7.524
58410280,193,38.737500000000004,141.25625,1.695
58410281,206,38.737500000000004,141.26874999999998,1.84
58410282,107,38.737500000000004,141.28125,2.5
58410283,115,38.737500000000004,141.29375,3.386
58410284,133,38.737500000000004,141.30625,4.362
58410285,35,38.737500000000004,141.31875,5.38
58410286,6,38.737500000000004,141.33124999999998,6.42
58410290,257,38.74583333333334,141.25625,2.612
58410291,305,38.74583333333334,141.26874999999998,2.708
58410292,21,38.74583333333334,141.28125,3.193
58410293,29,38.74583333333334,141.29375,3.926
58410295,104,38.74583333333334,141.31875,5.735
58410296,136,38.74583333333334,141.33124999999998,6.72
58410297,11,38.74583333333334,141.34375,7.732
58410298,3,38.74583333333334,141.35625,8.761
58410299,6,38.74583333333334,141.36875,8.778
58410303,88,38.670833333333334,141.41875,2.493
58410304,20,38.670833333333334,141.43125,1.968
58410305,176,38.670833333333334,141.44375,1.203
58410306,160,38.670833333333334,141.45624999999998,1.0
58410307,7,38.670833333333334,141.46875,1.705
58410312,14,38.67916666666667,141.40625,2.874
58410313,94,38.67916666666667,141.41875,1.888
58410314,206,38.67916666666667,141.43125,1.106
58410315,389,38.67916666666667,141.44375,0.749
58410316,686,38.67916666666667,141.45624999999998,0.337
58410317,623,38.67916666666667,141.46875,1.422
58410318,325,38.67916666666667,141.48125,2.507
58410319,94,38.67916666666667,141.49375,3.592
58410323,45,38.6875,141.41875,1.622
58410324,397,38.6875,141.43125,0.538
58410325,456,38.6875,141.44375,0.55
58410326,499,38.6875,141.45624999999998,0.615
58410327,223,38.6875,141.46875,1.499
58410332,33,38.69583333333333,141.40625,2.848
58410333,277,38.69583333333333,141.41875,1.848
58410334,82,38.69583333333333,141.43125,1.036
58410336,7,38.69583333333333,141.45624999999998,1.487
58410337,40,38.69583333333333,141.46875,2.02
58410338,154,38.69583333333333,141.48125,2.881
58410339,120,38.69583333333333,141.49375,3.857
58410341,95,38.704166666666666,141.39374999999998,4.202
58410342,236,38.704166666666666,141.40625,3.257
58410343,177,38.704166666666666,141.41875,2.432
58410344,58,38.704166666666666,141.43125,1.89
58410345,2,38.704166666666666,141.44375,1.894
58410348,7,38.704166666666666,141.48125,3.443
58410351,26,38.7125,141.39374999999998,4.677
58410352,132,38.7125,141.40625,3.851
58410353,204,38.7125,141.41875,3.183
58410354,142,38.7125,141.43125,2.791
58410355,8,38.7125,141.44375,2.794
58410358,3,38.7125,141.48125,4.137
58410363,141,38.72083333333333,141.41875,4.008
58410364,93,38.72083333333333,141.43125,3.705
58410367,7,38.72083333333333,141.46875,4.459
58410370,10,38.729166666666664,141.38125,6.698
58410373,5,38.729166666666664,141.41875,4.87
58410374,36,38.729166666666664,141.43125,4.624
58410375,2,38.729166666666664,141.44375,4.625
58410376,16,38.729166666666664,141.45624999999998,4.874
58410377,5,38.729166666666664,141.46875,5.336
58410378,56,38.729166666666664,141.48125,5.727
58410379,33,38.729166666666664,141.49375,6.275
58410388,12,38.737500000000004,141.48125,6.523
58410389,37,38.737500000000004,141.49375,6.339
58410390,6,38.74583333333334,141.38125,8.081
58410391,16,38.74583333333334,141.39374999999998,7.477
58410392,4,38.74583333333334,141.40625,6.991
58410430,204,38.69583333333333,141.50625,4.879
58410434,95,38.69583333333333,141.55625,9.114
58410440,149,38.704166666666666,141.50625,5.23
58410441,162,38.704166666666666,141.51874999999998,6.216
58410444,295,38.704166666666666,141.55625,9.306
58410445,38,38.704166666666666,141.56875,10.359
58410450,24,38.7125,141.50625,5.711
58410451,43,38.7125,141.51874999999998,6.626
58410452,15,38.7125,141.53125,7.585
58410453,217,38.7125,141.54375,8.575
58410454,119,38.7125,141.55625,9.585
58410460,31,38.72083333333333,141.50625,6.293
58410461,547,38.72083333333333,141.51874999999998,7.133
58410462,268,38.72083333333333,141.53125,8.032
58410463,223,38.72083333333333,141.54375,8.972
58410464,210,38.72083333333333,141.55625,9.513
58410470,108,38.729166666666664,141.50625,6.95
58410471,151,38.729166666666664,141.51874999999998,7.422
58410472,34,38.729166666666664,141.53125,7.732
58410473,155,38.729166666666664,141.54375,8.175
58410474,390,38.729166666666664,141.55625,8.73
58410475,3,38.729166666666664,141.56875,9.378
58410480,76,38.737500000000004,141.50625,6.339
58410482,278,38.737500000000004,141.53125,6.871
58410483,84,38.737500000000004,141.54375,7.366
58410484,2,38.737500000000004,141.55625,7.978
58410485,8,38.737500000000004,141.56875,8.683
58410490,4,38.74583333333334,141.50625,5.416
58410491,55,38.74583333333334,141.51874999999998,5.628
58410492,132,38.74583333333334,141.53125,6.031
58411000,444,38.75416666666667,141.00625,1.168
58411001,673,38.75416666666667,141.01874999999998,0.767
58411002,141,38.75416666666667,141.03125,1.247
58411003,51,38.75416666666667,141.04375,1.103
58411004,751,38.75416666666667,141.05625,0.684
58411005,313,38.75416666666667,141.06875,1.438
58411006,161,38.75416666666667,141.08124999999998,2.453
58411007,208,38.75416666666667,141.09375,2.934
58411008,77,38.75416666666667,141.10625,2.242
58411009,152,38.75416666666667,141.11875,1.948
58411010,63,38.7625,141.00625,1.938
58411011,6,38.7625,141.01874999999998,1.69
58411012,84,38.7625,141.03125,1.955
58411013,222,38.7625,141.04375,1.814
58411014,141,38.7625,141.05625,1.594
58411015,154,38.7625,141.06875,2.035
58411016,451,38.7625,141.08124999999998,2.845
58411017,120,38.7625,141.09375,2.42
58411018,45,38.7625,141.10625,1.509
58411019,52,38.7625,141.11875,1.022
58411020,140,38.770833333333336,141.00625,2.804
58411021,27,38.770833333333336,141.01874999999998,2.616
58411022,246,38.770833333333336,141.03125,2.794
58411023,128,38.770833333333336,141.04375,2.661
58411024,164,38.770833333333336,141.05625,2.516
58411025,99,38.770833333333336,141.06875,2.816
58411026,32,38.770833333333336,141.08124999999998,3.279
58411027,267,38.770833333333336,141.09375,2.196
58411028,230,38.770833333333336,141.10625,1.114
58411029,1081,38.770833333333336,141.11875,0.099
58411030,142,38.77916666666667,141.00625,3.699
58411031,96,38.77916666666667,141.01874999999998,3.542
58411032,95,38.77916666666667,141.03125,3.676
58411033,110,38.77916666666667,141.04375,3.262
58411034,66,38.77916666666667,141.05625,2.749
58411035,134,38.77916666666667,141.06875,2.611
58411036,102,38.77916666666667,141.08124999999998,2.903
58411037,17,38.77916666666667,141.09375,2.346
58411038,268,38.77916666666667,141.10625,1.387
58411039,517,38.77916666666667,141.11875,0.832
58411040,201,38.7875,141.00625,4.379
58411041,173,38.7875,141.01874999999998,4.46
58411042,52,38.7875,141.03125,3.48
58411043,95,38.7875,141.04375,2.584
58411044,24,38.7875,141.05625,1.895
58411045,240,38.7875,141.06875,1.689
58411046,197,38.7875,141.08124999999998,2.112
58411047,189,38.7875,141.09375,2.811
58411048,84,38.7875,141.10625,2.079
58411049,116,38.7875,141.11875,1.68
58411050,11,38.795833333333334,141.00625,3.563
58411051,183,38.795833333333334,141.01874999999998,4.198
58411052,94,38.795833333333334,141.03125,3.14
58411053,307,38.795833333333334,141.04375,2.104
58411054,414,38.795833333333334,141.05625,1.158
58411055,395,38.795833333333334,141.06875,0.776
58411056,69,38.795833333333334,141.08124999999998,1.487
58411060,154,38.80416666666667,141.00625,2.815
58411061,6,38.80416666666667,141.01874999999998,3.351
58411062,58,38.80416666666667,141.03125,3.054
58411063,220,38.80416666666667,141.04375,1.974
58411064,70,38.80416666666667,141.05625,0.9
58411065,140,38.80416666666667,141.06875,0.267
58411066,15,38.80416666666667,141.08124999999998,1.296
58411067,135,38.80416666666667,141.09375,2.373
58411068,311,38.80416666666667,141.10625,3.454
58411069,361,38.80416666666667,141.11875,3.301
58411070,22,38.8125,141.00625,2.105
58411071,75,38.8125,141.01874999999998,2.56
58411072,192,38.8125,141.03125,3.243
58411073,124,38.8125,141.04375,2.254
58411074,78,38.8125,141.05625,1.413
58411075,383,38.8125,141.06875,1.121
58411076,517,38.8125,141.08124999999998,1.692
58411077,85,38.8125,141.09375,2.611
58411078,77,38.8125,141.10625,3.622
58411079,124,38.8125,141.11875,4.185
58411080,135,38.82083333333334,141.00625,1.214
58411081,71,38.82083333333334,141.01874999999998,1.897
58411082,101,38.82083333333334,141.03125,2.84
58411083,100,38.82083333333334,141.04375,2.826
58411084,13,38.82083333333334,141.05625,2.214
58411085,74,38.82083333333334,141.06875,2.04
58411086,117,38.82083333333334,141.08124999999998,2.402
58411090,215,38.82916666666667,141.00625,0.485
58411091,146,38.82916666666667,141.01874999999998,1.536
58411092,123,38.82916666666667,141.03125,2.613
58411093,40,38.82916666666667,141.04375,3.55
58411094,6,38.82916666666667,141.05625,3.085
58411095,4,38.82916666666667,141.06875,2.963
58411096,72,38.82916666666667,141.08124999999998,3.223
58411097,25,38.82916666666667,141.09375,3.787
58411098,2,38.82916666666667,141.10625,4.543
58411100,142,38.75416666666667,141.13125,2.217
58411101,185,38.75416666666667,141.14374999999998,1.87
58411102,111,38.75416666666667,141.15625,2.092
58411103,370,38.75416666666667,141.16875,2.757
58411104,296,38.75416666666667,141.18125,3.631
58411105,302,38.75416666666667,141.19375,4.594
58411106,41,38.75416666666667,141.20624999999998,5.602
58411107,11,38.75416666666667,141.21875,5.006
58411110,406,38.7625,141.13125,1.47
58411111,190,38.7625,141.14374999999998,0.948
58411112,227,38.7625,141.15625,1.333
58411113,404,38.7625,141.16875,2.237
58411114,373,38.7625,141.18125,3.253
58411115,149,38.7625,141.19375,4.302
58411116,62,38.7625,141.20624999999998,5.365
58411120,2081,38.770833333333336,141.13125,0.603
58411121,1265,38.770833333333336,141.14374999999998,0.137
58411122,744,38.770833333333336,141.15625,0.948
58411123,317,38.770833333333336,141.16875,2.031
58411124,275,38.770833333333336,141.18125,3.115
58411125,69,38.770833333333336,141.19375,4.198
58411130,208,38.77916666666667,141.13125,0.327
58411131,560,38.77916666666667,141.14374999999998,0.925
58411132,321,38.77916666666667,141.15625,1.317
58411133,71,38.77916666666667,141.16875,2.228
58411134,27,38.77916666666667,141.18125,3.246
58411150,98,38.795833333333334,141.13125,2.179
58411151,1,38.795833333333334,141.14374999999998,2.416
58411160,135,38.80416666666667,141.13125,3.105
58411161,4,38.80416666666667,141.14374999999998,3.276
58411200,100,38.75416666666667,141.25625,3.534
58411201,144,38.75416666666667,141.26874999999998,3.606
58411202,107,38.75416666666667,141.28125,3.983
58411206,81,38.75416666666667,141.33124999999998,7.129
58411207,120,38.75416666666667,141.34375,8.089
58411208,45,38.75416666666667,141.35625,9.078
58411209,43,38.75416666666667,141.36875,9.479
58411210,15,38.7625,141.25625,4.458
58411211,260,38.7625,141.26874999999998,4.515
58411212,77,38.7625,141.28125,4.821
58411213,20,38.7625,141.29375,5.335
58411215,12,38.7625,141.31875,6.778
58411216,42,38.7625,141.33124999999998,7.629
58411218,13,38.7625,141.35625,9.475
58411221,52,38.770833333333336,141.26874999999998,5.43
58411222,43,38.770833333333336,141.28125,5.687
58411223,9,38.770833333333336,141.29375,6.128
58411226,637,38.770833333333336,141.33124999999998,8.203
58411227,15,38.770833333333336,141.34375,9.05
58411231,7,38.77916666666667,141.26874999999998,6.348
58411232,63,38.77916666666667,141.28125,6.57
58411235,5,38.77916666666667,141.31875,8.115
58411236,129,38.77916666666667,141.33124999999998,8.838
58411237,69,38.77916666666667,141.34375,9.629
58411238,128,38.77916666666667,141.35625,10.106
58411239,52,38.77916666666667,141.36875,10.192
58411242,9,38.7875,141.28125,7.463
58411243,4,38.7875,141.29375,7.804
58411245,85,38.7875,141.31875,8.853
58411246,17,38.7875,141.33124999999998,9.372
58411248,5,38.7875,141.35625,9.18
58411249,9,38.7875,141.36875,9.274
58411253,5,38.795833333333334,141.29375,8.67
58411255,29,38.795833333333334,141.31875,8.774
58411259,3,38.795833333333334,141.36875,8.358
58411265,16,38.80416666666667,141.31875,7.909
58411301,8,38.75416666666667,141.39374999999998,8.289
58411303,4,38.75416666666667,141.41875,7.549
58411309,6,38.75416666666667,141.49375,4.496
58411313,54,38.7625,141.41875,7.883
58411314,21,38.7625,141.43125,6.932
58411315,34,38.7625,141.44375,6.026
58411316,22,38.7625,141.45624999999998,5.187
58411319,288,38.7625,141.49375,3.578
58411324,68,38.770833333333336,141.43125,6.508
58411325,76,38.770833333333336,141.44375,5.533
58411327,11,38.770833333333336,141.46875,3.763
58411328,2,38.770833333333336,141.48125,3.076
58411329,5,38.770833333333336,141.49375,2.666
58411330,71,38.77916666666667,141.38125,10.39
58411331,8,38.77916666666667,141.39374999999998,9.364
58411334,43,38.77916666666667,141.43125,6.195
58411335,144,38.77916666666667,141.44375,5.16
58411336,109,38.77916666666667,141.45624999999998,4.151
58411337,72,38.77916666666667,141.46875,3.191
58411338,115,38.77916666666667,141.48125,2.341
58411339,48,38.77916666666667,141.49375,1.769
58411340,11,38.7875,141.38125,9.491
58411341,61,38.7875,141.39374999999998,9.242
58411342,25,38.7875,141.40625,8.163
58411343,9,38.7875,141.41875,7.085
58411344,6,38.7875,141.43125,6.009
58411345,11,38.7875,141.44375,4.936
58411346,71,38.7875,141.45624999999998,3.869
58411347,96,38.7875,141.46875,2.815
58411348,164,38.7875,141.48125,1.795
58411349,145,38.7875,141.49375,0.932
58411350,2,38.795833333333334,141.38125,8.599
58411354,6,38.795833333333334,141.43125,5.963
58411355,3,38.795833333333334,141.44375,4.881
58411356,2,38.795833333333334,141.45624999999998,3.798
58411357,13,38.795833333333334,141.46875,2.716
58411358,9,38.795833333333334,141.48125,1.637
58411359,130,38.795833333333334,141.49375,0.57
58411368,33,38.80416666666667,141.48125,1.963
58411369,119,38.80416666666667,141.49375,1.225
58411376,1,38.8125,141.45624999999998,4.3
58411377,33,38.8125,141.46875,3.383
58411378,52,38.8125,141.48125,2.597
58411379,14,38.8125,141.49375,2.096
58411386,18,38.82083333333334,141.45624999999998,4.806
58411387,38,38.82083333333334,141.46875,4.006
58411388,18,38.82083333333334,141.48125,3.369
58411389,24,38.82083333333334,141.49375,3.0
58411396,8,38.82916666666667,141.45624999999998,5.424
58411397,4,38.82916666666667,141.46875,4.73
58411399,1,38.82916666666667,141.49375,3.915
58411400,7,38.75416666666667,141.50625,4.495
58411401,166,38.75416666666667,141.51874999999998,4.749
58411402,96,38.75416666666667,141.53125,5.219
58411410,180,38.7625,141.50625,3.577
58411411,53,38.7625,141.51874999999998,3.891
58411420,97,38.770833333333336,141.50625,2.665
58411421,2,38.770833333333336,141.51874999999998,3.073
58411430,243,38.77916666666667,141.50625,1.767
58411431,138,38.77916666666667,141.51874999999998,2.338
58411440,936,38.7875,141.50625,0.929
58411441,193,38.7875,141.51874999999998,1.79
58411442,41,38.7875,141.53125,2.809
58411450,684,38.795833333333334,141.50625,0.565
58411451,482,38.795833333333334,141.51874999999998,1.631
58411452,323,38.795833333333334,141.53125,2.711
58411453,14,38.795833333333334,141.54375,3.793
58411460,138,38.80416666666667,141.50625,1.222
58411461,25,38.80416666666667,141.51874999999998,1.958
58411462,166,38.80416666666667,141.53125,2.919
58411463,379,38.80416666666667,141.54375,3.944
58411464,118,38.80416666666667,141.55625,3.71
58411470,37,38.8125,141.50625,2.094
58411471,7,38.8125,141.51874999999998,2.593
58411472,20,38.8125,141.53125,3.378
58411473,115,38.8125,141.54375,3.772
58411474,327,38.8125,141.55625,2.965
58411475,93,38.8125,141.56875,2.389
58411476,35,38.8125,141.58124999999998,2.228
58411480,18,38.82083333333334,141.50625,2.999
58411484,205,38.82083333333334,141.55625,2.354
58411485,1073,38.82083333333334,141.56875,1.566
58411493,1,38.82916666666667,141.54375,3.025
58411494,86,38.82916666666667,141.55625,1.974
58411495,277,38.82916666666667,141.56875,0.957
58411496,312,38.82916666666667,141.58124999999998,0.416
58411497,21,38.82916666666667,141.59375,1.332
58411498,26,38.82916666666667,141.60625,2.392
58412000,229,38.8375,141.00625,0.844
58412001,91,38.8375,141.01874999999998,1.684
58412002,15,38.8375,141.03125,2.702
58412003,2,38.8375,141.04375,3.757
58412004,19,38.8375,141.05625,3.982
58412005,43,38.8375,141.06875,3.888
58412006,32,38.8375,141.08124999999998,4.09
58412007,34,38.8375,141.09375,4.547
58412008,37,38.8375,141.10625,5.194
58412009,16,38.8375,141.11875,5.272
58412010,20,38.84583333333333,141.00625,1.705
58412011,104,38.84583333333333,141.01874999999998,2.243
58412012,80,38.84583333333333,141.03125,3.082
58412013,1,38.84583333333333,141.04375,4.038
58412014,31,38.84583333333333,141.05625,4.89
58412016,20,38.84583333333333,141.08124999999998,4.978
58412017,91,38.84583333333333,141.09375,5.36
58412018,214,38.84583333333333,141.10625,5.918
58412019,41,38.84583333333333,141.11875,5.188
58412020,45,38.854166666666664,141.00625,2.612
58412021,64,38.854166666666664,141.01874999999998,2.99
58412023,5,38.854166666666664,141.04375,4.497
58412024,27,38.854166666666664,141.05625,5.42
58412025,14,38.854166666666664,141.06875,5.74
58412026,43,38.854166666666664,141.08124999999998,5.878
58412027,56,38.854166666666664,141.09375,6.205
58412028,39,38.854166666666664,141.10625,6.337
58412030,7,38.8625,141.00625,3.528
58412032,17,38.8625,141.03125,4.363
58412033,22,38.8625,141.04375,5.084
58412034,32,38.8625,141.05625,5.916
58412035,52,38.8625,141.06875,6.666
58412036,6,38.8625,141.08124999999998,6.785
58412037,1,38.8625,141.09375,7.071
58412038,25,38.8625,141.10625,6.536
58412039,195,38.8625,141.11875,5.506
58412041,30,38.87083333333333,141.01874999999998,4.682
58412042,27,38.87083333333333,141.03125,5.136
58412043,15,38.87083333333333,141.04375,5.761
58412045,15,38.87083333333333,141.06875,7.338
58412046,29,38.87083333333333,141.08124999999998,7.425
58412047,62,38.87083333333333,141.09375,6.92
58412048,116,38.87083333333333,141.10625,6.557
58412049,376,38.87083333333333,141.11875,5.881
58412051,13,38.87916666666666,141.01874999999998,5.566
58412053,4,38.87916666666666,141.04375,6.5
58412054,25,38.87916666666666,141.05625,7.17
58412055,25,38.87916666666666,141.06875,7.138
58412056,7,38.87916666666666,141.08124999999998,6.641
58412057,15,38.87916666666666,141.09375,6.085
58412059,3,38.87916666666666,141.11875,5.34
58412100,7,38.8375,141.13125,4.211
58412110,44,38.84583333333333,141.13125,4.106
58412121,21,38.854166666666664,141.14374999999998,3.159
58412130,81,38.8625,141.13125,4.5
58412131,33,38.8625,141.14374999999998,3.541
58412140,70,38.87083333333333,141.13125,4.953
58412337,4,38.8625,141.46875,8.053
58412347,2,38.87083333333333,141.46875,7.952
58412357,1,38.87916666666666,141.46875,7.66
58412368,18,38.887499999999996,141.48125,6.262
58412369,3,38.887499999999996,141.49375,5.311
58412378,72,38.89583333333333,141.48125,5.883
58412379,30,38.89583333333333,141.49375,4.881
58412389,65,38.90416666666667,141.49375,4.576
58412399,49,38.9125,141.49375,4.445
58412403,38,38.8375,141.54375,2.986
58412404,140,38.8375,141.55625,1.914
58412405,419,38.8375,141.56875,0.87
58412406,1447,38.8375,141.58124999999998,0.439
58412407,117,38.8375,141.59375,1.398
58412408,6,38.8375,141.60625,2.429
58412409,215,38.8375,141.61875,3.492
58412411,4,38.84583333333333,141.51874999999998,5.285
58412412,7,38.84583333333333,141.53125,4.242
58412413,5,38.84583333333333,141.54375,3.225
58412414,18,38.84583333333333,141.55625,2.269
58412415,178,38.84583333333333,141.56875,1.497
58412416,1081,38.84583333333333,141.58124999999998,1.295
58412418,1,38.84583333333333,141.60625,2.754
58412419,385,38.84583333333333,141.61875,3.749
58412420,57,38.854166666666664,141.50625,5.931
58412421,47,38.854166666666664,141.51874999999998,5.174
58412422,33,38.854166666666664,141.53125,4.55
58412424,18,38.854166666666664,141.55625,2.89
58412425,164,38.854166666666664,141.56875,2.333
58412426,411,38.854166666666664,141.58124999999998,2.018
58412428,107,38.854166666666664,141.60625,2.793
58412429,641,38.854166666666664,141.61875,3.631
58412430,40,38.8625,141.50625,5.359
58412431,169,38.8625,141.51874999999998,4.507
58412432,103,38.8625,141.53125,3.774
58412433,58,38.8625,141.54375,3.244
58412434,630,38.8625,141.55625,2.618
58412435,1199,38.8625,141.56875,1.692
58412436,1582,38.8625,141.58124999999998,1.102
58412438,124,38.8625,141.60625,2.223
58412439,266,38.8625,141.61875,3.213
58412442,187,38.87083333333333,141.53125,3.083
58412443,435,38.87083333333333,141.54375,2.404
58412444,250,38.87083333333333,141.55625,2.098
58412445,1804,38.87083333333333,141.56875,1.312
58412446,688,38.87083333333333,141.58124999999998,0.269
58412448,149,38.87083333333333,141.60625,1.95
58412449,21,38.87083333333333,141.61875,3.03
58412451,8,38.87916666666666,141.51874999999998,3.541
58412452,109,38.87916666666666,141.53125,2.545
58412453,302,38.87916666666666,141.54375,1.66
58412454,907,38.87916666666666,141.55625,1.173
58412455,2141,38.87916666666666,141.56875,1.107
58412456,1193,38.87916666666666,141.58124999999998,0.804
58412457,175,38.87916666666666,141.59375,1.158
58412458,98,38.87916666666666,141.60625,2.092
58412459,27,38.87916666666666,141.61875,3.123
58412461,27,38.887499999999996,141.51874999999998,3.351
58412462,95,38.887499999999996,141.53125,2.274
58412463,75,38.887499999999996,141.54375,1.203
58412464,1648,38.887499999999996,141.55625,0.261
58412465,1891,38.887499999999996,141.56875,0.375
58412466,411,38.887499999999996,141.58124999999998,1.089
58412467,13,38.887499999999996,141.59375,1.768
58412468,125,38.887499999999996,141.60625,2.582
58412469,17,38.887499999999996,141.61875,3.47
58412471,24,38.89583333333333,141.51874999999998,2.958
58412472,121,38.89583333333333,141.53125,2.0
58412473,928,38.89583333333333,141.54375,1.257
58412474,2364,38.89583333333333,141.55625,0.572
58412475,3131,38.89583333333333,141.56875,0.733
58412476,404,38.89583333333333,141.58124999999998,0.37
58412477,31,38.89583333333333,141.59375,1.422
58412479,7,38.89583333333333,141.61875,3.57
58412480,11,38.90416666666667,141.50625,3.535
58412481,2,38.90416666666667,141.51874999999998,2.529
58412482,468,38.90416666666667,141.53125,1.623
58412483,1279,38.90416666666667,141.54375,0.605
58412484,2630,38.90416666666667,141.55625,0.187
58412485,1793,38.90416666666667,141.56875,0.953
58412486,613,38.90416666666667,141.58124999999998,0.73
58412487,168,38.90416666666667,141.59375,1.544
58412489,53,38.90416666666667,141.61875,3.337
58412490,35,38.9125,141.50625,3.365
58412491,105,38.9125,141.51874999999998,2.285
58412492,109,38.9125,141.53125,1.21
58412493,701,38.9125,141.54375,0.205
58412494,1462,38.9125,141.55625,0.89
58412495,725,38.9125,141.56875,1.231
58412496,1066,38.9125,141.58124999999998,0.488
58412497,389,38.9125,141.59375,1.1
58412499,2,38.9125,141.61875,2.933
58412500,10,38.8375,141.63125,4.564
58412510,168,38.84583333333333,141.63125,4.767
58412520,6,38.854166666666664,141.63125,4.572
58412530,16,38.8625,141.63125,4.248
58412532,70,38.8625,141.65625,6.365
58412533,247,38.8625,141.66875,7.433
58412540,52,38.87083333333333,141.63125,4.111
58412542,289,38.87083333333333,141.65625,6.274
58412543,98,38.87083333333333,141.66875,7.356
58412550,9,38.87916666666666,141.63125,4.18
58412551,118,38.87916666666666,141.64374999999998,5.247
58412552,531,38.87916666666666,141.65625,6.319
58412553,3,38.87916666666666,141.66875,7.394
58412560,14,38.887499999999996,141.63125,4.445
58412561,242,38.887499999999996,141.64374999999998,5.461
58412562,717,38.887499999999996,141.65625,6.498
58412563,1,38.887499999999996,141.66875,7.547
58412570,61,38.89583333333333,141.63125,4.649
58412571,398,38.89583333333333,141.64374999999998,5.67
58412572,340,38.89583333333333,141.65625,6.636
58412573,8,38.89583333333333,141.66875,7.633
58412580,203,38.90416666666667,141.63125,4.283
58412581,448,38.90416666666667,141.64374999999998,5.281
58412582,69,38.90416666666667,141.65625,6.307
58412590,4,38.9125,141.63125,3.976
58412591,267,38.9125,141.64374999999998,5.035
58413309,119,38.920833333333334,141.49375,4.506
58413318,2,38.92916666666667,141.48125,5.774
58413319,13,38.92916666666667,141.49375,4.75
58413400,61,38.920833333333334,141.50625,3.445
58413401,28,38.920833333333334,141.51874999999998,2.402
58413403,178,38.920833333333334,141.54375,0.766
58413405,25,38.920833333333334,141.56875,1.214
58413406,927,38.920833333333334,141.58124999999998,0.444
58413407,410,38.920833333333334,141.59375,0.628
58413408,4,38.920833333333334,141.60625,1.709
58413410,2,38.92916666666667,141.50625,3.759
58413411,38,38.92916666666667,141.51874999999998,2.834
58413413,43,38.92916666666667,141.54375,1.688
58413416,905,38.92916666666667,141.58124999999998,1.052
58413417,39,38.92916666666667,141.59375,1.138
58413418,37,38.92916666666667,141.60625,1.955
58413420,12,38.9375,141.50625,4.255
58413421,130,38.9375,141.51874999999998,3.465
58413422,29,38.9375,141.53125,2.872
58413423,4,38.9375,141.54375,2.613
58413425,29,38.9375,141.56875,2.424
58413426,449,38.9375,141.58124999999998,1.93
58413427,14,38.9375,141.59375,1.978
58413430,23,38.94583333333333,141.50625,4.879
58413431,72,38.94583333333333,141.51874999999998,4.208
58413432,52,38.94583333333333,141.53125,3.735
58413435,94,38.94583333333333,141.56875,3.196
58413436,77,38.94583333333333,141.58124999999998,2.839
58413441,51,38.954166666666666,141.51874999999998,5.012
58413442,45,38.954166666666666,141.53125,4.622
58413445,126,38.954166666666666,141.56875,4.033
58413451,72,38.9625,141.51874999999998,5.852
58413452,20,38.9625,141.53125,5.522
58413454,5,38.9625,141.55625,5.341
58413455,156,38.9625,141.56875,4.902
58413459,17,38.9625,141.61875,5.428
58413461,51,38.97083333333333,141.51874999999998,6.716
58413464,92,38.97083333333333,141.55625,6.165
58413465,23,38.97083333333333,141.56875,5.79
58413470,14,38.979166666666664,141.50625,7.985
58413471,33,38.979166666666664,141.51874999999998,7.594
58413474,27,38.979166666666664,141.55625,7.015
58413480,13,38.987500000000004,141.50625,8.834
58413483,2,38.987500000000004,141.54375,7.813
58413484,16,38.987500000000004,141.55625,6.837
58413500,107,38.920833333333334,141.63125,3.872
58413501,299,38.920833333333334,141.64374999999998,4.953
58413510,120,38.92916666666667,141.63125,3.986
58413511,23,38.92916666666667,141.64374999999998,5.043
58413520,78,38.9375,141.63125,4.302
58413521,91,38.9375,141.64374999999998,5.296
58413530,216,38.94583333333333,141.63125,4.779
58413531,43,38.94583333333333,141.64374999999998,5.691
58413540,159,38.954166666666666,141.63125,5.375
58413550,296,38.9625,141.63125,5.9
