KEY_CODE,人口,緯度,経度,最寄り店舗距離_km
55393215,4,36.92916666666667,139.31875,50.215
55393220,4,36.9375,139.25625,54.223
55393223,3,36.9375,139.29375,51.461
55393240,5,36.954166666666666,139.25625,53.235
55393270,8,36.979166666666664,139.25625,51.843
55393284,4,36.987500000000004,139.30625,47.521
55393287,2,36.987500000000004,139.34375,44.677
55394129,2,37.020833333333336,139.24375,50.796
55394281,2,37.07083333333334,139.26874999999998,46.73
55394310,38,37.0125,139.38125,40.379
55394320,316,37.020833333333336,139.38125,39.901
55394321,8,37.020833333333336,139.39374999999998,38.949
55394331,99,37.02916666666667,139.39374999999998,38.476
55394341,9,37.0375,139.39374999999998,38.019
55394378,92,37.0625,139.48125,29.906
55394389,8,37.07083333333334,139.49375,28.478
55394399,12,37.07916666666667,139.49375,28.012
55394441,37,37.0375,139.51874999999998,28.808
55394451,14,37.045833333333334,139.51874999999998,28.226
55394471,11,37.0625,139.51874999999998,27.121
55394472,60,37.0625,139.53125,26.221
55394481,3,37.07083333333334,139.51874999999998,26.6
55394482,182,37.07083333333334,139.53125,25.682
55394488,9,37.07083333333334,139.60625,20.566
55394489,15,37.07083333333334,139.61875,19.803
55394492,49,37.07916666666667,139.53125,25.165
55394498,113,37.07916666666667,139.60625,19.918
55394595,7,37.07916666666667,139.69375,15.247
55395309,21,37.0875,139.49375,27.57
55395319,5,37.09583333333333,139.49375,27.152
55395326,1,37.104166666666664,139.45624999999998,29.825
55395336,121,37.1125,139.45624999999998,29.497
55395349,13,37.12083333333333,139.49375,26.057
55395357,57,37.12916666666666,139.46875,27.859
55395369,39,37.137499999999996,139.49375,25.469
55395379,35,37.14583333333333,139.49375,25.221
55395402,22,37.0875,139.53125,24.672
55395403,43,37.0875,139.54375,23.731
55395404,8,37.0875,139.55625,22.804
55395405,58,37.0875,139.56875,21.895
55395407,27,37.0875,139.59375,20.136
55395408,12,37.0875,139.60625,19.292
55395412,105,37.09583333333333,139.53125,24.204
55395415,37,37.09583333333333,139.56875,21.367
55395416,132,37.09583333333333,139.58124999999998,20.454
55395417,107,37.09583333333333,139.59375,19.561
55395421,36,37.104166666666664,139.51874999999998,24.753
55395427,10,37.104166666666664,139.59375,19.014
55395428,82,37.104166666666664,139.60625,18.118
55395431,68,37.1125,139.51874999999998,24.358
55395438,63,37.1125,139.60625,17.575
55395440,17,37.12083333333333,139.50625,25.021
55395480,59,37.15416666666667,139.50625,23.925
55395481,35,37.15416666666667,139.51874999999998,22.847
55395490,15,37.1625,139.50625,23.734
55395491,130,37.1625,139.51874999999998,22.647
55395505,25,37.0875,139.69375,14.421
55395506,65,37.0875,139.70624999999998,13.94
55395508,3,37.0875,139.73125,13.206
55395516,196,37.09583333333333,139.70624999999998,13.096
55395517,3,37.09583333333333,139.71875,12.662
55395527,18,37.104166666666664,139.71875,11.8
55395528,6,37.104166666666664,139.73125,11.424
55395537,62,37.1125,139.71875,10.949
55395547,77,37.12083333333333,139.71875,10.111
55395557,146,37.12916666666666,139.71875,9.29
55395568,35,37.137499999999996,139.73125,7.96
55395577,17,37.14583333333333,139.71875,7.72
55395578,100,37.14583333333333,139.73125,7.132
55395587,69,37.15416666666667,139.71875,6.987
55395588,443,37.15416666666667,139.73125,6.332
55395589,28,37.15416666666667,139.74375,5.816
55395597,22,37.1625,139.71875,6.305
55395598,68,37.1625,139.73125,5.571
55395599,266,37.1625,139.74375,4.976
55395683,66,37.15416666666667,139.79375,5.768
55395684,79,37.15416666666667,139.80625,6.151
55395693,2,37.1625,139.79375,4.899
55395694,2,37.1625,139.80625,5.315
55396401,27,37.170833333333334,139.51874999999998,22.483
55396402,71,37.170833333333334,139.53125,21.39
55396411,103,37.17916666666667,139.51874999999998,22.356
55396412,321,37.17916666666667,139.53125,21.257
55396421,19,37.1875,139.51874999999998,22.267
55396422,88,37.1875,139.53125,21.163
55396431,5,37.19583333333333,139.51874999999998,22.217
55396432,149,37.19583333333333,139.53125,21.11
55396442,84,37.204166666666666,139.53125,21.098
55396445,64,37.204166666666666,139.56875,17.777
55396452,93,37.2125,139.53125,21.126
55396453,8,37.2125,139.54375,20.021
55396454,5,37.2125,139.55625,18.916
55396462,169,37.22083333333333,139.53125,21.195
55396463,65,37.22083333333333,139.54375,20.094
55396473,141,37.229166666666664,139.54375,20.209
55396483,53,37.237500000000004,139.54375,20.365
55396493,265,37.24583333333334,139.54375,20.563
55396509,102,37.170833333333334,139.74375,4.174
55396510,4,37.17916666666667,139.63125,12.51
55396511,35,37.17916666666667,139.64374999999998,11.428
55396519,60,37.17916666666667,139.74375,3.435
55396521,4,37.1875,139.64374999999998,11.255
55396522,237,37.1875,139.65625,10.161
55396529,50,37.1875,139.74375,2.809
55396532,60,37.19583333333333,139.65625,10.052
55396533,30,37.19583333333333,139.66875,8.949
55396534,55,37.19583333333333,139.68125,7.845
55396535,139,37.19583333333333,139.69375,6.744
55396536,11,37.19583333333333,139.70624999999998,5.644
55396546,53,37.204166666666666,139.70624999999998,5.602
55396547,124,37.204166666666666,139.71875,4.496
55396548,144,37.204166666666666,139.73125,3.39
55396549,141,37.204166666666666,139.74375,2.286
55396569,47,37.22083333333333,139.74375,3.071
55396579,22,37.229166666666664,139.74375,3.757
55396610,146,37.17916666666667,139.75625,2.825
55396613,54,37.17916666666667,139.79375,3.162
55396614,4,37.17916666666667,139.80625,3.774
55396620,81,37.1875,139.75625,2.018
55396621,3,37.1875,139.76874999999998,1.646
55396624,76,37.1875,139.80625,3.132
55396629,8,37.1875,139.86875,8.234
55396630,129,37.19583333333333,139.75625,1.373
55396631,444,37.19583333333333,139.76874999999998,0.721
55396632,611,37.19583333333333,139.78125,1.032
55396634,156,37.19583333333333,139.80625,2.664
55396639,104,37.19583333333333,139.86875,7.368
55396640,332,37.204166666666666,139.75625,1.188
55396641,1526,37.204166666666666,139.76874999999998,0.218
55396642,1008,37.204166666666666,139.78125,0.266
55396643,298,37.204166666666666,139.79375,1.365
55396644,423,37.204166666666666,139.80625,2.471
55396647,15,37.204166666666666,139.84375,5.791
55396649,25,37.204166666666666,139.86875,6.447
55396650,126,37.2125,139.75625,1.63
55396651,97,37.2125,139.76874999999998,1.137
55396652,46,37.2125,139.78125,0.891
55396653,61,37.2125,139.79375,1.608
55396654,566,37.2125,139.80625,2.613
55396655,344,37.2125,139.81875,3.677
55396656,44,37.2125,139.83124999999998,4.761
55396657,14,37.2125,139.84375,5.853
55396659,6,37.2125,139.86875,5.528
55396660,35,37.22083333333333,139.75625,2.37
55396664,2,37.22083333333333,139.80625,3.044
55396665,26,37.22083333333333,139.81875,3.995
55396666,69,37.22083333333333,139.83124999999998,5.01
55396667,171,37.22083333333333,139.84375,5.438
55396668,2,37.22083333333333,139.85625,4.919
55396669,4,37.22083333333333,139.86875,4.612
55396676,33,37.229166666666664,139.83124999999998,5.409
55396677,56,37.229166666666664,139.84375,4.691
55396686,16,37.237500000000004,139.83124999999998,4.896
55396687,208,37.237500000000004,139.84375,4.019
55396688,33,37.237500000000004,139.85625,3.283
55396691,6,37.24583333333334,139.76874999999998,4.639
55396697,103,37.24583333333334,139.84375,3.466
55396698,118,37.24583333333334,139.85625,2.577
55396699,329,37.24583333333334,139.86875,1.928
55396720,145,37.1875,139.88125,8.261
55396723,1,37.1875,139.91875,9.028
55396740,37,37.204166666666666,139.88125,6.41
55396741,14,37.204166666666666,139.89374999999998,6.561
55396750,8,37.2125,139.88125,5.484
55396751,11,37.2125,139.89374999999998,5.661
55396752,34,37.2125,139.90625,6.039
55396753,10,37.2125,139.91875,6.583
55396761,17,37.22083333333333,139.89374999999998,4.771
55396771,99,37.229166666666664,139.89374999999998,3.898
55396781,94,37.237500000000004,139.89374999999998,3.057
55396789,11,37.237500000000004,139.99375,10.642
55396790,138,37.24583333333334,139.88125,1.799
55396791,100,37.24583333333334,139.89374999999998,2.282
55396799,15,37.24583333333334,139.99375,10.445
55397259,88,37.295833333333334,139.36875,36.961
55397268,124,37.30416666666667,139.35625,38.286
55397269,325,37.30416666666667,139.36875,37.231
55397277,88,37.3125,139.34375,39.619
55397278,221,37.3125,139.35625,38.568
55397283,27,37.32083333333334,139.29375,42.52
55397286,56,37.32083333333334,139.33124999999998,40.153
55397287,49,37.32083333333334,139.34375,39.394
55397296,22,37.32916666666667,139.33124999999998,39.491
55397301,1,37.25416666666667,139.39374999999998,33.76
55397302,6,37.25416666666667,139.40625,32.67
55397306,4,37.25416666666667,139.45624999999998,28.324
55397311,11,37.2625,139.39374999999998,33.929
55397316,1,37.2625,139.45624999999998,28.525
55397320,26,37.270833333333336,139.38125,35.202
55397321,26,37.270833333333336,139.39374999999998,34.122
55397326,11,37.270833333333336,139.45624999999998,28.756
55397336,6,37.27916666666667,139.45624999999998,29.013
55397337,11,37.27916666666667,139.46875,27.958
55397339,97,37.27916666666667,139.49375,25.86
55397347,38,37.2875,139.46875,28.254
55397348,13,37.2875,139.48125,27.214
55397349,30,37.2875,139.49375,26.179
55397350,1,37.295833333333334,139.38125,35.901
55397357,51,37.295833333333334,139.46875,28.576
55397358,146,37.295833333333334,139.48125,27.549
55397360,132,37.30416666666667,139.38125,36.178
55397361,119,37.30416666666667,139.39374999999998,35.129
55397363,16,37.30416666666667,139.41875,33.043
55397365,89,37.30416666666667,139.44375,30.973
55397366,248,37.30416666666667,139.45624999999998,29.946
55397367,11,37.30416666666667,139.46875,28.925
55397370,23,37.3125,139.38125,36.477
55397371,1,37.3125,139.39374999999998,35.437
55397372,58,37.3125,139.40625,34.401
55397373,29,37.3125,139.41875,33.37
55397374,54,37.3125,139.43125,32.344
55397375,218,37.3125,139.44375,31.323
55397376,90,37.3125,139.45624999999998,30.308
55397386,42,37.32083333333334,139.45624999999998,30.693
55397387,29,37.32083333333334,139.46875,29.697
55397397,17,37.32916666666667,139.46875,30.119
55397399,14,37.32916666666667,139.49375,28.183
55397403,18,37.25416666666667,139.54375,20.799
55397412,17,37.2625,139.53125,22.126
55397413,110,37.2625,139.54375,21.074
55397422,203,37.270833333333336,139.53125,22.423
55397423,34,37.270833333333336,139.54375,21.385
55397430,246,37.27916666666667,139.50625,24.818
55397431,106,37.27916666666667,139.51874999999998,23.782
55397432,31,37.27916666666667,139.53125,22.753
55397440,12,37.2875,139.50625,25.151
55397441,20,37.2875,139.51874999999998,24.13
55397498,6,37.32916666666667,139.60625,20.19
55397499,319,37.32916666666667,139.61875,19.414
55397512,1,37.2625,139.65625,12.053
55397522,3,37.270833333333336,139.65625,12.591
55397550,119,37.295833333333334,139.63125,16.057
55397554,13,37.295833333333334,139.68125,13.005
55397560,24,37.30416666666667,139.63125,16.672
55397561,17,37.30416666666667,139.64374999999998,15.878
55397570,1,37.3125,139.63125,17.314
55397572,48,37.3125,139.65625,15.829
55397573,8,37.3125,139.66875,15.153
55397580,31,37.32083333333334,139.63125,17.982
55397581,46,37.32083333333334,139.64374999999998,17.248
55397582,33,37.32083333333334,139.65625,16.556
55397585,26,37.32083333333334,139.69375,14.786
55397590,10,37.32916666666667,139.63125,18.671
55397594,42,37.32916666666667,139.68125,16.123
55397595,9,37.32916666666667,139.69375,15.618
55397600,6,37.25416666666667,139.75625,5.826
55397602,21,37.25416666666667,139.78125,5.493
55397603,13,37.25416666666667,139.79375,5.654
55397604,5,37.25416666666667,139.80625,6.017
55397608,140,37.25416666666667,139.85625,2.055
55397609,557,37.25416666666667,139.86875,1.139
55397614,25,37.2625,139.80625,6.301
55397617,22,37.2625,139.84375,2.983
55397618,107,37.2625,139.85625,1.877
55397619,348,37.2625,139.86875,0.774
55397625,45,37.270833333333336,139.81875,5.291
55397627,74,37.270833333333336,139.84375,3.148
55397634,17,37.27916666666667,139.80625,6.591
55397647,12,37.2875,139.84375,4.135
55397657,41,37.295833333333334,139.84375,4.823
55397677,2,37.3125,139.84375,6.384
55397698,33,37.32916666666667,139.85625,7.729
55397700,21,37.25416666666667,139.88125,0.906
55397701,3,37.25416666666667,139.89374999999998,1.671
55397710,226,37.2625,139.88125,0.348
55397711,135,37.2625,139.89374999999998,1.446
55397712,23,37.2625,139.90625,2.551
55397715,4,37.2625,139.94375,5.869
55397719,6,37.2625,139.99375,10.294
55397720,16,37.270833333333336,139.88125,1.067
55397721,241,37.270833333333336,139.89374999999998,1.763
55397722,25,37.270833333333336,139.90625,2.743
55397724,13,37.270833333333336,139.93125,4.868
55397729,12,37.270833333333336,139.99375,10.342
55397730,33,37.27916666666667,139.88125,1.968
55397731,1,37.27916666666667,139.89374999999998,2.417
55397732,59,37.27916666666667,139.90625,3.203
55397738,11,37.27916666666667,139.98125,9.388
55397739,105,37.27916666666667,139.99375,10.473
55397742,67,37.2875,139.90625,3.835
55397743,11,37.2875,139.91875,4.645
55397744,2,37.2875,139.93125,5.557
55397746,18,37.2875,139.95624999999998,7.539
55397747,36,37.2875,139.96875,8.573
55397750,29,37.295833333333334,139.88125,3.807
55397751,13,37.295833333333334,139.89374999999998,4.058
55397752,251,37.295833333333334,139.90625,4.569
55397761,126,37.30416666666667,139.89374999999998,4.935
55397762,22,37.30416666666667,139.90625,5.363
55397763,2,37.30416666666667,139.91875,5.969
55397764,166,37.30416666666667,139.93125,6.703
55397771,40,37.3125,139.89374999999998,5.827
55397772,67,37.3125,139.90625,6.194
55397792,31,37.32916666666667,139.90625,7.92
55397793,31,37.32916666666667,139.91875,8.342
55401357,4,36.795833333333334,140.46875,8.729
55401367,56,36.80416666666667,140.46875,7.906
55401377,53,36.8125,140.46875,7.109
55401384,37,36.82083333333334,140.43125,5.089
55401386,21,36.82083333333334,140.45624999999998,5.746
55401388,6,36.82083333333334,140.48125,7.074
55401394,7,36.82916666666667,140.43125,4.168
55401395,11,36.82916666666667,140.44375,4.438
55401396,88,36.82916666666667,140.45624999999998,4.949
55401397,1,36.82916666666667,140.46875,5.636
55401398,3,36.82916666666667,140.48125,6.443
55401399,7,36.82916666666667,140.49375,7.33
55402268,13,36.887499999999996,140.35625,6.614
55402269,35,36.887499999999996,140.36875,5.588
55402277,3,36.89583333333333,140.34375,7.996
55402278,7,36.89583333333333,140.35625,6.996
55402279,19,36.89583333333333,140.36875,6.036
55402288,15,36.90416666666667,140.35625,7.468
55402289,57,36.90416666666667,140.36875,6.585
55402299,6,36.9125,140.36875,6.041
55402300,37,36.8375,140.38125,5.1
55402303,7,36.8375,140.41875,3.273
55402304,35,36.8375,140.43125,3.249
55402305,261,36.8375,140.44375,3.589
55402306,72,36.8375,140.45624999999998,4.204
55402307,5,36.8375,140.46875,4.995
55402308,1,36.8375,140.48125,5.89
55402309,35,36.8375,140.49375,6.849
55402310,13,36.84583333333333,140.38125,4.573
55402311,97,36.84583333333333,140.39374999999998,3.652
55402313,18,36.84583333333333,140.41875,2.37
55402314,9,36.84583333333333,140.43125,2.337
55402315,3,36.84583333333333,140.44375,2.79
55402316,6,36.84583333333333,140.45624999999998,3.547
55402317,1,36.84583333333333,140.46875,4.455
55402320,81,36.854166666666664,140.38125,4.187
55402321,32,36.854166666666664,140.39374999999998,3.156
55402322,192,36.854166666666664,140.40625,2.205
55402323,35,36.854166666666664,140.41875,1.496
55402324,333,36.854166666666664,140.43125,1.444
55402325,16,36.854166666666664,140.44375,2.099
55402326,3,36.854166666666664,140.45624999999998,3.034
55402327,3,36.854166666666664,140.46875,4.059
55402328,2,36.854166666666664,140.48125,5.12
55402330,14,36.8625,140.38125,3.984
55402331,36,36.8625,140.39374999999998,2.881
55402332,34,36.8625,140.40625,1.789
55402333,133,36.8625,140.41875,0.76
55402334,162,36.8625,140.43125,0.652
55402335,8,36.8625,140.44375,1.657
55402336,17,36.8625,140.45624999999998,2.746
55402337,71,36.8625,140.46875,3.848
55402338,14,36.8625,140.48125,4.955
55402340,131,36.87083333333333,140.38125,3.991
55402343,612,36.87083333333333,140.41875,0.796
55402344,256,36.87083333333333,140.43125,0.694
55402345,116,36.87083333333333,140.44375,1.674
55402346,39,36.87083333333333,140.45624999999998,2.756
55402347,2,36.87083333333333,140.46875,3.855
55402350,47,36.87916666666666,140.38125,4.207
55402353,528,36.87916666666666,140.41875,1.552
55402354,80,36.87916666666666,140.43125,1.502
55402356,21,36.87916666666666,140.45624999999998,3.061
55402357,4,36.87916666666666,140.46875,4.079
55402358,2,36.87916666666666,140.48125,5.136
55402359,4,36.87916666666666,140.49375,6.212
55402360,37,36.887499999999996,140.38125,4.603
55402361,8,36.887499999999996,140.39374999999998,3.69
55402362,20,36.887499999999996,140.40625,2.919
55402363,304,36.887499999999996,140.41875,2.429
55402364,29,36.887499999999996,140.43125,2.397
55402367,13,36.887499999999996,140.46875,4.486
55402368,16,36.887499999999996,140.48125,5.465
55402369,32,36.887499999999996,140.49375,6.486
55402370,2,36.89583333333333,140.38125,5.138
55402371,12,36.89583333333333,140.39374999999998,4.339
55402372,101,36.89583333333333,140.40625,3.705
55402373,307,36.89583333333333,140.41875,3.333
55402374,71,36.89583333333333,140.43125,3.31
55402375,25,36.89583333333333,140.44375,3.644
55402376,26,36.89583333333333,140.45624999999998,4.251
55402377,8,36.89583333333333,140.46875,5.033
55402378,10,36.89583333333333,140.48125,5.922
55402379,6,36.89583333333333,140.49375,6.876
55402380,90,36.90416666666667,140.38125,5.772
55402382,281,36.90416666666667,140.40625,4.545
55402383,242,36.90416666666667,140.41875,4.246
55402386,81,36.90416666666667,140.45624999999998,4.999
55402387,10,36.90416666666667,140.46875,5.68
55402388,7,36.90416666666667,140.48125,6.48
55402389,24,36.90416666666667,140.49375,7.362
55402392,87,36.9125,140.40625,4.687
55402393,181,36.9125,140.41875,4.697
55402394,6,36.9125,140.43125,4.963
55402396,25,36.9125,140.45624999999998,5.8
55402397,5,36.9125,140.46875,6.395
55402398,3,36.9125,140.48125,7.116
55402399,5,36.9125,140.49375,7.927
55402400,4,36.8375,140.50625,7.849
55402430,6,36.8625,140.50625,7.173
55402434,1,36.8625,140.55625,11.616
55402440,21,36.87083333333333,140.50625,7.177
55402442,3,36.87083333333333,140.53125,9.396
55402443,24,36.87083333333333,140.54375,10.507
55402444,11,36.87083333333333,140.55625,11.618
55402445,6,36.87083333333333,140.56875,12.729
55402450,11,36.87916666666666,140.50625,7.299
55402452,9,36.87916666666666,140.53125,9.49
55402453,11,36.87916666666666,140.54375,10.591
55402454,17,36.87916666666666,140.55625,11.693
55402460,34,36.887499999999996,140.50625,7.534
55402461,5,36.887499999999996,140.51874999999998,8.597
55402462,28,36.887499999999996,140.53125,9.672
55402464,4,36.887499999999996,140.55625,11.841
55402471,5,36.89583333333333,140.51874999999998,8.895
55402474,7,36.89583333333333,140.55625,12.058
55402480,19,36.90416666666667,140.50625,8.299
55402483,5,36.90416666666667,140.54375,11.303
55402484,4,36.90416666666667,140.55625,12.342
55402485,3,36.90416666666667,140.56875,13.392
55402491,7,36.9125,140.51874999999998,9.73
55402492,2,36.9125,140.53125,10.691
55402557,42,36.87916666666666,140.71875,3.563
55402558,10,36.87916666666666,140.73125,2.683
55402559,495,36.87916666666666,140.74375,2.044
55402567,46,36.887499999999996,140.71875,3.173
55402568,112,36.887499999999996,140.73125,2.139
55402569,703,36.887499999999996,140.74375,1.247
55402577,102,36.89583333333333,140.71875,3.026
55402578,521,36.89583333333333,140.73125,1.914
55402579,1184,36.89583333333333,140.74375,0.803
55402587,17,36.90416666666667,140.71875,3.157
55402588,381,36.90416666666667,140.73125,2.115
55402589,214,36.90416666666667,140.74375,1.206
55402598,188,36.9125,140.73125,2.646
55402599,75,36.9125,140.74375,1.995
55402622,8,36.854166666666664,140.78125,5.304
55402623,69,36.854166666666664,140.79375,5.763
55402632,13,36.8625,140.78125,4.511
55402633,105,36.8625,140.79375,4.84
55402642,17,36.87083333333333,140.78125,3.78
55402643,38,36.87083333333333,140.79375,3.917
55402650,48,36.87916666666666,140.75625,1.905
55402651,19,36.87916666666666,140.76874999999998,2.357
55402652,665,36.87916666666666,140.78125,3.051
55402653,813,36.87916666666666,140.79375,2.997
55402660,1278,36.887499999999996,140.75625,1.002
55402661,1300,36.887499999999996,140.76874999999998,1.711
55402662,1432,36.887499999999996,140.78125,2.16
55402663,622,36.887499999999996,140.79375,2.083
55402670,2218,36.89583333333333,140.75625,0.31
55402671,1026,36.89583333333333,140.76874999999998,1.42
55402672,933,36.89583333333333,140.78125,1.319
55402673,1068,36.89583333333333,140.79375,1.188
55402674,32,36.89583333333333,140.80625,1.885
55402680,232,36.90416666666667,140.75625,0.951
55402681,406,36.90416666666667,140.76874999999998,0.544
55402682,1510,36.90416666666667,140.78125,0.446
55402683,2279,36.90416666666667,140.79375,0.45
55402684,289,36.90416666666667,140.80625,1.376
55402690,14,36.9125,140.75625,1.469
55402691,1017,36.9125,140.76874999999998,0.541
55402692,1983,36.9125,140.78125,0.491
55402693,1462,36.9125,140.79375,0.843
55402694,1951,36.9125,140.80625,0.489
55402695,14,36.9125,140.81875,1.411
55402696,252,36.9125,140.83124999999998,2.492
55402697,4,36.9125,140.84375,3.37
55403279,32,36.979166666666664,140.36875,2.789
55403282,59,36.987500000000004,140.28125,7.807
55403287,21,36.987500000000004,140.34375,4.299
55403288,86,36.987500000000004,140.35625,3.236
55403289,161,36.987500000000004,140.36875,2.22
55403293,2,36.99583333333334,140.29375,6.69
55403295,124,36.99583333333334,140.31875,5.692
55403296,9,36.99583333333334,140.33124999999998,4.909
55403297,50,36.99583333333334,140.34375,4.165
55403298,10,36.99583333333334,140.35625,3.056
55403299,77,36.99583333333334,140.36875,1.948
55403302,84,36.920833333333334,140.40625,3.767
55403303,78,36.920833333333334,140.41875,3.78
55403304,34,36.920833333333334,140.43125,4.105
55403305,21,36.920833333333334,140.44375,4.678
55403306,66,36.920833333333334,140.45624999999998,5.421
55403307,11,36.920833333333334,140.46875,6.273
55403309,6,36.920833333333334,140.49375,8.167
55403312,102,36.92916666666667,140.40625,2.852
55403313,68,36.92916666666667,140.41875,2.869
55403315,119,36.92916666666667,140.44375,3.978
55403316,5,36.92916666666667,140.45624999999998,4.83
55403317,87,36.92916666666667,140.46875,5.77
55403318,1,36.92916666666667,140.48125,6.762
55403319,7,36.92916666666667,140.49375,7.787
55403322,298,36.9375,140.40625,1.948
55403323,139,36.9375,140.41875,1.972
55403325,287,36.9375,140.44375,3.389
55403328,10,36.9375,140.48125,6.433
55403329,3,36.9375,140.49375,7.502
55403332,204,36.94583333333333,140.40625,1.082
55403333,431,36.94583333333333,140.41875,1.125
55403334,4,36.94583333333333,140.43125,1.956
55403335,176,36.94583333333333,140.44375,2.976
55403336,40,36.94583333333333,140.45624999999998,4.044
55403337,4,36.94583333333333,140.46875,5.131
55403338,36,36.94583333333333,140.48125,6.225
55403339,2,36.94583333333333,140.49375,7.325
55403341,73,36.954166666666666,140.39374999999998,1.515
55403342,1313,36.954166666666666,140.40625,0.513
55403343,733,36.954166666666666,140.41875,0.599
55403344,151,36.954166666666666,140.43125,1.709
55403345,99,36.954166666666666,140.44375,2.82
55403346,24,36.954166666666666,140.45624999999998,3.93
55403347,6,36.954166666666666,140.46875,5.041
55403348,3,36.954166666666666,140.48125,6.152
55403349,1,36.954166666666666,140.49375,7.263
55403351,90,36.9625,140.39374999999998,1.465
55403352,936,36.9625,140.40625,0.489
55403353,26,36.9625,140.41875,0.894
55403354,173,36.9625,140.43125,1.932
55403355,93,36.9625,140.44375,2.96
55403359,7,36.9625,140.49375,7.318
55403361,92,36.97083333333333,140.39374999999998,1.928
55403362,163,36.97083333333333,140.40625,1.345
55403363,12,36.97083333333333,140.41875,1.539
55403364,213,36.97083333333333,140.43125,2.322
55403365,86,36.97083333333333,140.44375,3.299
55403368,17,36.97083333333333,140.48125,6.417
55403371,129,36.979166666666664,140.39374999999998,2.021
55403372,103,36.979166666666664,140.40625,2.257
55403373,26,36.979166666666664,140.41875,2.378
55403374,128,36.979166666666664,140.43125,2.946
55403375,30,36.979166666666664,140.44375,3.765
55403377,53,36.979166666666664,140.46875,5.706
55403378,40,36.979166666666664,140.48125,6.739
55403380,16,36.987500000000004,140.38125,1.359
55403381,265,36.987500000000004,140.39374999999998,1.11
55403382,56,36.987500000000004,140.40625,1.756
55403383,9,36.987500000000004,140.41875,2.72
55403384,112,36.987500000000004,140.43125,3.699
55403385,73,36.987500000000004,140.44375,4.379
55403388,84,36.987500000000004,140.48125,7.103
55403389,40,36.987500000000004,140.49375,8.112
55403390,224,36.99583333333334,140.38125,0.845
55403391,322,36.99583333333334,140.39374999999998,0.315
55403392,7,36.99583333333334,140.40625,1.396
55403393,83,36.99583333333334,140.41875,2.503
55403394,19,36.99583333333334,140.43125,3.611
55403395,52,36.99583333333334,140.44375,4.715
55403398,26,36.99583333333334,140.48125,7.561
55403400,7,36.920833333333334,140.50625,9.169
55403401,3,36.920833333333334,140.51874999999998,10.194
55403402,42,36.920833333333334,140.53125,11.164
55403403,19,36.920833333333334,140.54375,12.113
55403404,8,36.920833333333334,140.55625,13.088
55403405,4,36.920833333333334,140.56875,14.083
55403412,2,36.92916666666667,140.53125,10.962
55403413,15,36.92916666666667,140.54375,12.039
55403414,13,36.92916666666667,140.55625,13.122
55403415,3,36.92916666666667,140.56875,14.209
55403421,1,36.9375,140.51874999999998,9.669
55403422,2,36.9375,140.53125,10.761
55403423,29,36.9375,140.54375,11.857
55403424,8,36.9375,140.55625,12.955
55403425,18,36.9375,140.56875,14.055
55403427,5,36.9375,140.59375,13.533
55403430,6,36.94583333333333,140.50625,8.428
55403431,6,36.94583333333333,140.51874999999998,9.532
55403433,4,36.94583333333333,140.54375,11.745
55403434,14,36.94583333333333,140.55625,12.852
55403435,1,36.94583333333333,140.56875,13.96
55403442,9,36.954166666666666,140.53125,10.595
55403443,21,36.954166666666666,140.54375,11.705
55403444,19,36.954166666666666,140.55625,12.816
55403445,23,36.954166666666666,140.56875,13.927
55403446,3,36.954166666666666,140.58124999999998,14.564
55403447,10,36.954166666666666,140.59375,13.454
55403451,3,36.9625,140.51874999999998,9.526
55403452,4,36.9625,140.53125,10.632
55403453,10,36.9625,140.54375,11.739
55403454,6,36.9625,140.55625,12.847
55403455,26,36.9625,140.56875,13.955
55403457,3,36.9625,140.59375,13.51
55403459,5,36.9625,140.61875,11.3
55403460,1,36.97083333333333,140.50625,8.569
55403461,11,36.97083333333333,140.51874999999998,9.657
55403462,17,36.97083333333333,140.53125,10.75
55403463,21,36.97083333333333,140.54375,11.846
55403464,4,36.97083333333333,140.55625,12.944
55403465,2,36.97083333333333,140.56875,14.011
55403470,2,36.979166666666664,140.50625,8.813
55403471,1,36.979166666666664,140.51874999999998,9.874
55403472,11,36.979166666666664,140.53125,10.945
55403473,13,36.979166666666664,140.54375,12.023
55403474,1,36.979166666666664,140.55625,12.872
55403475,5,36.979166666666664,140.56875,13.113
55403476,2,36.979166666666664,140.58124999999998,13.443
55403478,1,36.979166666666664,140.60625,12.729
55403479,3,36.979166666666664,140.61875,11.656
55403481,1,36.987500000000004,140.51874999999998,10.171
55403483,6,36.987500000000004,140.54375,11.8
55403484,4,36.987500000000004,140.55625,11.961
55403485,2,36.987500000000004,140.56875,12.22
55403486,4,36.987500000000004,140.58124999999998,12.573
55403487,5,36.987500000000004,140.59375,13.011
55403488,14,36.987500000000004,140.60625,12.988
55403489,22,36.987500000000004,140.61875,11.939
55403490,8,36.99583333333334,140.50625,9.505
55403491,16,36.99583333333334,140.51874999999998,10.518
55403492,5,36.99583333333334,140.53125,10.816
55403493,5,36.99583333333334,140.54375,10.878
55403494,15,36.99583333333334,140.55625,11.052
55403496,4,36.99583333333334,140.58124999999998,11.712
55403497,3,36.99583333333334,140.59375,12.181
55403498,1,36.99583333333334,140.60625,12.729
55403499,7,36.99583333333334,140.61875,12.285
55403502,7,36.920833333333334,140.65625,8.577
55403505,8,36.920833333333334,140.69375,5.66
55403506,2,36.920833333333334,140.70624999999998,4.809
55403508,50,36.920833333333334,140.73125,3.353
55403509,362,36.920833333333334,140.74375,2.864
55403512,4,36.92916666666667,140.65625,8.259
55403514,3,36.92916666666667,140.68125,6.17
55403515,65,36.92916666666667,140.69375,5.166
55403516,7,36.92916666666667,140.70624999999998,4.217
55403518,24,36.92916666666667,140.73125,2.716
55403519,906,36.92916666666667,140.74375,2.424
55403523,2,36.9375,140.66875,6.948
55403524,4,36.9375,140.68125,5.868
55403525,10,36.9375,140.69375,4.802
55403526,1,36.9375,140.70624999999998,3.762
55403528,141,36.9375,140.73125,1.936
55403529,257,36.9375,140.74375,1.499
55403530,10,36.94583333333333,140.63125,10.133
55403531,32,36.94583333333333,140.64374999999998,9.024
55403532,46,36.94583333333333,140.65625,7.916
55403533,3,36.94583333333333,140.66875,6.809
55403534,17,36.94583333333333,140.68125,5.703
55403535,61,36.94583333333333,140.69375,4.599
55403536,10,36.94583333333333,140.70624999999998,3.499
55403537,40,36.94583333333333,140.71875,2.41
55403538,11,36.94583333333333,140.73125,1.356
55403539,12,36.94583333333333,140.74375,0.58
55403541,3,36.954166666666666,140.64374999999998,9.013
55403542,15,36.954166666666666,140.65625,7.904
55403543,21,36.954166666666666,140.66875,6.794
55403544,17,36.954166666666666,140.68125,5.685
55403545,22,36.954166666666666,140.69375,4.577
55403546,126,36.954166666666666,140.70624999999998,3.471
55403549,24,36.954166666666666,140.74375,0.378
55403550,3,36.9625,140.63125,10.198
55403551,2,36.9625,140.64374999999998,9.097
55403552,9,36.9625,140.65625,7.999
55403553,17,36.9625,140.66875,6.905
55403554,2,36.9625,140.68125,5.817
55403555,58,36.9625,140.69375,4.741
55403556,93,36.9625,140.70624999999998,3.684
55403559,52,36.9625,140.74375,1.291
55403561,21,36.97083333333333,140.64374999999998,9.273
55403562,36,36.97083333333333,140.65625,8.199
55403564,16,36.97083333333333,140.68125,6.089
55403566,183,36.97083333333333,140.70624999999998,4.1
55403567,8,36.97083333333333,140.71875,3.221
55403569,34,36.97083333333333,140.74375,2.215
55403572,1,36.979166666666664,140.65625,8.495
55403573,9,36.979166666666664,140.66875,7.474
55403574,8,36.979166666666664,140.68125,6.483
55403575,4,36.979166666666664,140.69375,5.538
55403576,30,36.979166666666664,140.70624999999998,4.665
55403577,13,36.979166666666664,140.71875,3.916
55403578,106,36.979166666666664,140.73125,3.371
55403579,136,36.979166666666664,140.74375,3.141
55403584,9,36.987500000000004,140.68125,6.979
55403585,3,36.987500000000004,140.69375,6.111
55403586,51,36.987500000000004,140.70624999999998,5.333
55403587,5,36.987500000000004,140.71875,4.691
55403588,96,36.987500000000004,140.73125,4.248
55403589,81,36.987500000000004,140.74375,4.067
55403590,10,36.99583333333334,140.63125,11.279
55403591,6,36.99583333333334,140.64374999999998,10.295
55403594,24,36.99583333333334,140.68125,7.556
55403595,8,36.99583333333334,140.69375,6.762
55403596,22,36.99583333333334,140.70624999999998,6.069
55403597,2,36.99583333333334,140.71875,5.514
55403598,253,36.99583333333334,140.73125,5.141
55403599,169,36.99583333333334,140.74375,4.993
55403600,76,36.920833333333334,140.75625,1.967
55403601,420,36.920833333333334,140.76874999999998,1.124
55403602,2795,36.920833333333334,140.78125,0.018
55403603,2661,36.920833333333334,140.79375,1.009
55403604,2543,36.920833333333334,140.80625,0.548
55403605,1270,36.920833333333334,140.81875,1.433
55403606,42,36.920833333333334,140.83124999999998,2.505
55403607,85,36.920833333333334,140.84375,2.481
55403608,42,36.920833333333334,140.85625,2.362
55403610,544,36.92916666666667,140.75625,2.415
55403611,187,36.92916666666667,140.76874999999998,1.449
55403612,857,36.92916666666667,140.78125,0.914
55403613,1068,36.92916666666667,140.79375,1.429
55403614,389,36.92916666666667,140.80625,1.442
55403615,2540,36.92916666666667,140.81875,1.957
55403616,1316,36.92916666666667,140.83124999999998,2.391
55403617,8,36.92916666666667,140.84375,1.634
55403619,12,36.92916666666667,140.86875,1.997
55403620,128,36.9375,140.75625,1.793
55403621,102,36.9375,140.76874999999998,2.157
55403622,194,36.9375,140.78125,1.841
55403623,264,36.9375,140.79375,2.143
55403624,98,36.9375,140.80625,2.361
55403625,30,36.9375,140.81875,2.707
55403626,416,36.9375,140.83124999999998,1.987
55403627,11,36.9375,140.84375,0.951
55403628,610,36.9375,140.85625,0.573
55403629,626,36.9375,140.86875,1.408
55403630,267,36.94583333333333,140.75625,1.142
55403631,586,36.94583333333333,140.76874999999998,2.177
55403633,90,36.94583333333333,140.79375,2.977
55403635,43,36.94583333333333,140.81875,3.067
55403636,4,36.94583333333333,140.83124999999998,1.974
55403637,3149,36.94583333333333,140.84375,0.924
55403638,2594,36.94583333333333,140.85625,0.383
55403639,348,36.94583333333333,140.86875,0.836
55403640,409,36.954166666666666,140.75625,1.054
55403641,511,36.954166666666666,140.76874999999998,2.132
55403643,46,36.954166666666666,140.79375,3.854
55403644,21,36.954166666666666,140.80625,4.129
55403645,46,36.954166666666666,140.81875,3.02
55403646,166,36.954166666666666,140.83124999999998,1.914
55403647,1989,36.954166666666666,140.84375,0.82
55403648,4179,36.954166666666666,140.85625,0.373
55403649,2765,36.954166666666666,140.86875,0.868
55403650,209,36.9625,140.75625,1.623
55403654,71,36.9625,140.80625,4.278
55403655,81,36.9625,140.81875,3.222
55403656,153,36.9625,140.83124999999998,2.219
55403657,1366,36.9625,140.84375,1.391
55403658,4688,36.9625,140.85625,1.188
55403659,2119,36.9625,140.86875,1.439
55403660,39,36.97083333333333,140.75625,2.424
55403663,43,36.97083333333333,140.79375,4.856
55403664,93,36.97083333333333,140.80625,4.613
55403666,3,36.97083333333333,140.83124999999998,2.744
55403667,35,36.97083333333333,140.84375,2.032
55403668,1691,36.97083333333333,140.85625,1.787
55403669,857,36.97083333333333,140.86875,2.174
55403670,32,36.979166666666664,140.75625,3.291
55403671,17,36.979166666666664,140.76874999999998,3.777
55403673,74,36.979166666666664,140.79375,5.342
55403674,46,36.979166666666664,140.80625,4.391
55403676,20,36.979166666666664,140.83124999999998,2.255
55403677,348,36.979166666666664,140.84375,1.297
55403678,905,36.979166666666664,140.85625,0.866
55403679,168,36.979166666666664,140.86875,1.51
55403680,48,36.987500000000004,140.75625,4.184
55403681,4,36.987500000000004,140.76874999999998,4.576
55403683,36,36.987500000000004,140.79375,5.326
55403684,2,36.987500000000004,140.80625,4.219
55403685,8,36.987500000000004,140.81875,3.115
55403686,104,36.987500000000004,140.83124999999998,2.016
55403687,1119,36.987500000000004,140.84375,0.944
55403688,3018,36.987500000000004,140.85625,0.152
55403689,1294,36.987500000000004,140.86875,1.247
55403691,6,36.99583333333334,140.76874999999998,5.416
55403693,41,36.99583333333334,140.79375,5.344
55403694,250,36.99583333333334,140.80625,4.242
55403695,707,36.99583333333334,140.81875,3.146
55403696,2179,36.99583333333334,140.83124999999998,2.064
55403697,4227,36.99583333333334,140.84375,1.043
55403698,3241,36.99583333333334,140.85625,0.342
55403699,27,36.99583333333334,140.86875,0.779
55403723,93,36.9375,140.91875,1.436
55403730,1245,36.94583333333333,140.88125,1.643
55403731,827,36.94583333333333,140.89374999999998,0.563
55403732,1613,36.94583333333333,140.90625,0.212
55403733,2063,36.94583333333333,140.91875,0.789
55403734,1109,36.94583333333333,140.93125,0.498
55403740,3966,36.954166666666666,140.88125,1.773
55403741,5628,36.954166666666666,140.89374999999998,0.872
55403742,4791,36.954166666666666,140.90625,0.665
55403743,565,36.954166666666666,140.91875,0.949
55403744,809,36.954166666666666,140.93125,0.424
55403745,483,36.954166666666666,140.94375,0.878
55403750,875,36.9625,140.88125,1.994
55403751,4876,36.9625,140.89374999999998,0.914
55403752,3700,36.9625,140.90625,0.399
55403753,1041,36.9625,140.91875,1.397
55403754,1025,36.9625,140.93125,1.27
55403755,477,36.9625,140.94375,1.484
55403756,463,36.9625,140.95624999999998,2.294
55403760,441,36.97083333333333,140.88125,2.326
55403761,664,36.97083333333333,140.89374999999998,1.506
55403762,675,36.97083333333333,140.90625,1.262
55403763,133,36.97083333333333,140.91875,1.84
55403764,520,36.97083333333333,140.93125,2.182
55403765,254,36.97083333333333,140.94375,2.313
55403766,1351,36.97083333333333,140.95624999999998,2.9
55403767,238,36.97083333333333,140.96875,3.733
55403770,2184,36.979166666666664,140.88125,2.506
55403771,3281,36.979166666666664,140.89374999999998,1.876
55403772,181,36.979166666666664,140.90625,1.593
55403773,23,36.979166666666664,140.91875,2.006
55403774,14,36.979166666666664,140.93125,2.824
55403775,8,36.979166666666664,140.94375,3.175
55403776,435,36.979166666666664,140.95624999999998,3.644
55403777,489,36.979166666666664,140.96875,4.336
55403780,2173,36.987500000000004,140.88125,2.134
55403781,1675,36.987500000000004,140.89374999999998,1.196
55403782,2115,36.987500000000004,140.90625,0.672
55403783,109,36.987500000000004,140.91875,1.392
55403784,77,36.987500000000004,140.93125,2.073
55403786,29,36.987500000000004,140.95624999999998,2.988
55403787,259,36.987500000000004,140.96875,3.866
55403790,7,36.99583333333334,140.88125,1.888
55403791,7,36.99583333333334,140.89374999999998,1.031
55403792,1299,36.99583333333334,140.90625,0.086
55403793,229,36.99583333333334,140.91875,1.158
55403794,8,36.99583333333334,140.93125,1.148
55403796,7,36.99583333333334,140.95624999999998,2.439
55403797,662,36.99583333333334,140.96875,3.458
55403798,20,36.99583333333334,140.98125,4.521
55404137,6,37.02916666666667,140.21875,8.022
55404146,1,37.0375,140.20624999999998,7.063
55404147,41,37.0375,140.21875,7.281
55404156,10,37.045833333333334,140.20624999999998,6.144
55404157,6,37.045833333333334,140.21875,6.393
55404158,32,37.045833333333334,140.23125,6.447
55404165,9,37.05416666666667,140.19375,5.163
55404166,16,37.05416666666667,140.20624999999998,5.228
55404167,3,37.05416666666667,140.21875,5.519
55404168,198,37.05416666666667,140.23125,6.004
55404175,6,37.0625,140.19375,4.238
55404176,6,37.0625,140.20624999999998,4.316
55404177,13,37.0625,140.21875,4.665
55404178,66,37.0625,140.23125,5.229
55404179,81,37.0625,140.24375,5.303
55404184,15,37.07083333333334,140.18125,3.573
55404185,13,37.07083333333334,140.19375,3.314
55404186,11,37.07083333333334,140.20624999999998,3.413
55404187,9,37.07083333333334,140.21875,3.844
55404188,11,37.07083333333334,140.23125,4.513
55404189,89,37.07083333333334,140.24375,5.33
55404193,25,37.07916666666667,140.16875,3.428
55404194,137,37.07916666666667,140.18125,2.739
55404195,211,37.07916666666667,140.19375,2.391
55404196,25,37.07916666666667,140.20624999999998,2.527
55404197,8,37.07916666666667,140.21875,3.084
55404198,5,37.07916666666667,140.23125,3.886
55404205,111,37.00416666666667,140.31875,5.132
55404206,32,37.00416666666667,140.33124999999998,4.247
55404209,116,37.00416666666667,140.36875,2.092
55404216,86,37.0125,140.33124999999998,3.699
55404217,125,37.0125,140.34375,2.802
55404218,23,37.0125,140.35625,2.116
55404219,35,37.0125,140.36875,1.878
55404227,67,37.020833333333336,140.34375,2.284
55404228,151,37.020833333333336,140.35625,1.358
55404232,27,37.02916666666667,140.28125,3.506
55404238,74,37.02916666666667,140.35625,0.965
55404239,364,37.02916666666667,140.36875,0.149
55404242,30,37.0375,140.28125,2.777
55404244,20,37.0375,140.30625,2.03
55404245,21,37.0375,140.31875,2.453
55404246,9,37.0375,140.33124999999998,3.221
55404247,67,37.0375,140.34375,2.259
55404248,31,37.0375,140.35625,1.316
55404249,264,37.0375,140.36875,0.908
55404252,6,37.045833333333334,140.28125,2.202
55404253,278,37.045833333333334,140.29375,1.35
55404254,98,37.045833333333334,140.30625,1.122
55404255,30,37.045833333333334,140.31875,1.776
55404256,68,37.045833333333334,140.33124999999998,2.741
55404258,48,37.045833333333334,140.35625,2.062
55404259,2,37.045833333333334,140.36875,1.829
55404261,25,37.05416666666667,140.26874999999998,3.032
55404262,79,37.05416666666667,140.28125,1.925
55404263,884,37.05416666666667,140.29375,0.824
55404264,380,37.05416666666667,140.30625,0.337
55404265,207,37.05416666666667,140.31875,1.418
55404266,104,37.05416666666667,140.33124999999998,2.523
55404267,252,37.05416666666667,140.34375,3.444
55404268,206,37.05416666666667,140.35625,2.914
55404269,476,37.05416666666667,140.36875,2.754
55404270,88,37.0625,140.25625,4.208
55404271,144,37.0625,140.26874999999998,3.125
55404272,390,37.0625,140.28125,2.068
55404273,461,37.0625,140.29375,1.119
55404274,228,37.0625,140.30625,0.829
55404275,146,37.0625,140.31875,1.607
55404276,43,37.0625,140.33124999999998,2.634
55404277,135,37.0625,140.34375,3.709
55404278,33,37.0625,140.35625,3.801
55404279,58,37.0625,140.36875,3.679
55404280,27,37.07083333333334,140.25625,4.472
55404281,275,37.07083333333334,140.26874999999998,3.472
55404282,148,37.07083333333334,140.28125,2.563
55404283,101,37.07083333333334,140.29375,1.882
55404284,152,37.07083333333334,140.30625,1.725
55404285,88,37.07083333333334,140.31875,2.207
55404286,120,37.07083333333334,140.33124999999998,3.038
55404287,140,37.07083333333334,140.34375,3.864
55404288,2,37.07083333333334,140.35625,3.907
55404289,363,37.07083333333334,140.36875,4.249
55404290,109,37.07916666666667,140.25625,4.899
55404291,92,37.07916666666667,140.26874999999998,4.007
55404292,178,37.07916666666667,140.28125,3.252
55404294,37,37.07916666666667,140.30625,2.643
55404295,53,37.07916666666667,140.31875,2.98
55404297,144,37.07916666666667,140.34375,2.944
55404298,76,37.07916666666667,140.35625,3.0
55404300,33,37.00416666666667,140.38125,1.139
55404301,372,37.00416666666667,140.39374999999998,0.827
55404303,8,37.00416666666667,140.41875,2.309
55404304,5,37.00416666666667,140.43125,3.361
55404307,9,37.00416666666667,140.46875,6.632
55404308,14,37.00416666666667,140.48125,7.734
55404309,36,37.00416666666667,140.49375,8.837
55404310,32,37.0125,140.38125,1.197
55404311,175,37.0125,140.39374999999998,0.097
55404314,135,37.0125,140.43125,3.243
55404315,9,37.0125,140.44375,4.353
55404316,14,37.0125,140.45624999999998,5.463
55404317,3,37.0125,140.46875,6.573
55404318,12,37.0125,140.48125,7.683
55404319,13,37.0125,140.49375,8.793
55404320,634,37.020833333333336,140.38125,1.127
55404321,615,37.020833333333336,140.39374999999998,0.974
55404322,6,37.020833333333336,140.40625,1.41
55404324,50,37.020833333333336,140.43125,3.385
55404325,6,37.020833333333336,140.44375,4.46
55404326,5,37.020833333333336,140.45624999999998,5.548
55404327,16,37.020833333333336,140.46875,6.644
55404328,16,37.020833333333336,140.48125,7.743
55404329,65,37.020833333333336,140.49375,8.676
55404330,1658,37.02916666666667,140.38125,0.677
55404331,1296,37.02916666666667,140.39374999999998,1.787
55404332,91,37.02916666666667,140.40625,2.155
55404333,6,37.02916666666667,140.41875,2.854
55404334,72,37.02916666666667,140.43125,3.757
55404335,26,37.02916666666667,140.44375,4.748
55404338,48,37.02916666666667,140.48125,7.896
55404339,10,37.02916666666667,140.49375,7.826
55404340,1580,37.0375,140.38125,1.169
55404341,701,37.0375,140.39374999999998,2.025
55404344,65,37.0375,140.43125,4.299
55404346,19,37.0375,140.45624999999998,5.781
55404347,65,37.0375,140.46875,6.463
55404348,32,37.0375,140.48125,7.251
55404349,102,37.0375,140.49375,6.995
55404350,238,37.045833333333334,140.38125,1.998
55404351,41,37.045833333333334,140.39374999999998,2.593
55404352,42,37.045833333333334,140.40625,3.452
55404353,11,37.045833333333334,140.41875,3.884
55404354,92,37.045833333333334,140.43125,4.006
55404355,9,37.045833333333334,140.44375,4.413
55404356,38,37.045833333333334,140.45624999999998,5.036
55404357,91,37.045833333333334,140.46875,5.806
55404358,19,37.045833333333334,140.48125,6.672
55404359,101,37.045833333333334,140.49375,6.191
55404360,200,37.05416666666667,140.38125,2.887
55404361,49,37.05416666666667,140.39374999999998,3.326
55404363,25,37.05416666666667,140.41875,2.957
55404364,30,37.05416666666667,140.43125,3.117
55404365,33,37.05416666666667,140.44375,3.625
55404366,43,37.05416666666667,140.45624999999998,4.362
55404367,95,37.05416666666667,140.46875,5.232
55404368,2,37.05416666666667,140.48125,6.159
55404369,51,37.05416666666667,140.49375,5.426
55404370,236,37.0625,140.38125,3.794
55404371,233,37.0625,140.39374999999998,3.094
55404372,122,37.0625,140.40625,2.371
55404373,48,37.0625,140.41875,2.032
55404374,101,37.0625,140.43125,2.257
55404375,22,37.0625,140.44375,2.919
55404376,57,37.0625,140.45624999999998,3.796
55404377,46,37.0625,140.46875,4.77
55404378,81,37.0625,140.48125,5.546
55404379,61,37.0625,140.49375,4.72
55404381,63,37.07083333333334,140.39374999999998,2.583
55404382,451,37.07083333333334,140.40625,1.649
55404383,233,37.07083333333334,140.41875,1.108
55404384,83,37.07083333333334,140.43125,1.482
55404385,53,37.07083333333334,140.44375,2.371
55404386,44,37.07083333333334,140.45624999999998,3.392
55404387,56,37.07083333333334,140.46875,4.456
55404388,123,37.07083333333334,140.48125,5.031
55404389,9,37.07083333333334,140.49375,4.102
55404390,133,37.07916666666667,140.38125,3.45
55404391,101,37.07916666666667,140.39374999999998,2.343
55404392,994,37.07916666666667,140.40625,1.24
55404393,1488,37.07916666666667,140.41875,0.212
55404394,20,37.07916666666667,140.43125,1.006
55404395,37,37.07916666666667,140.44375,2.107
55404396,6,37.07916666666667,140.45624999999998,3.213
55404398,23,37.07916666666667,140.48125,4.645
55404399,20,37.07916666666667,140.49375,3.619
55404400,21,37.00416666666667,140.50625,9.938
55404401,6,37.00416666666667,140.51874999999998,9.945
55404402,6,37.00416666666667,140.53125,9.889
55404403,19,37.00416666666667,140.54375,9.958
55404407,21,37.00416666666667,140.59375,11.366
55404410,32,37.0125,140.50625,9.22
55404411,3,37.0125,140.51874999999998,9.024
55404412,28,37.0125,140.53125,8.963
55404413,15,37.0125,140.54375,9.038
55404414,4,37.0125,140.55625,9.247
55404415,12,37.0125,140.56875,9.58
55404416,26,37.0125,140.58124999999998,10.026
55404420,23,37.020833333333336,140.50625,8.322
55404421,13,37.020833333333336,140.51874999999998,8.105
55404422,10,37.020833333333336,140.53125,8.036
55404423,12,37.020833333333336,140.54375,8.12
55404425,14,37.020833333333336,140.56875,8.719
55404426,2,37.020833333333336,140.58124999999998,9.207
55404428,2,37.020833333333336,140.60625,10.47
55404430,15,37.02916666666667,140.50625,7.431
55404431,19,37.02916666666667,140.51874999999998,7.187
55404432,4,37.02916666666667,140.53125,7.11
55404433,15,37.02916666666667,140.54375,7.204
55404434,2,37.02916666666667,140.55625,7.464
55404437,8,37.02916666666667,140.59375,9.051
55404438,2,37.02916666666667,140.60625,9.776
55404440,128,37.0375,140.50625,6.55
55404441,27,37.0375,140.51874999999998,6.272
55404442,31,37.0375,140.53125,6.183
55404443,63,37.0375,140.54375,6.292
55404444,3,37.0375,140.55625,6.588
55404446,2,37.0375,140.58124999999998,7.642
55404449,71,37.0375,140.61875,9.969
55404450,179,37.045833333333334,140.50625,5.683
55404451,37,37.045833333333334,140.51874999999998,5.361
55404452,3,37.045833333333334,140.53125,5.256
55404453,3,37.045833333333334,140.54375,5.384
55404454,17,37.045833333333334,140.55625,5.727
55404455,18,37.045833333333334,140.56875,6.251
55404456,11,37.045833333333334,140.58124999999998,6.914
55404459,17,37.045833333333334,140.61875,9.422
55404460,65,37.05416666666667,140.50625,4.839
55404462,71,37.05416666666667,140.53125,4.33
55404466,101,37.05416666666667,140.58124999999998,6.239
55404467,70,37.05416666666667,140.59375,7.079
55404468,81,37.05416666666667,140.60625,7.985
55404470,11,37.0625,140.50625,4.032
55404476,80,37.0625,140.58124999999998,5.635
55404477,23,37.0625,140.59375,6.553
55404479,16,37.0625,140.61875,8.527
55404480,78,37.07083333333334,140.50625,3.287
55404481,25,37.07083333333334,140.51874999999998,2.691
55404483,9,37.07083333333334,140.54375,2.736
55404485,40,37.07083333333334,140.56875,4.192
55404486,122,37.07083333333334,140.58124999999998,5.129
55404488,3,37.07083333333334,140.60625,7.151
55404489,17,37.07083333333334,140.61875,8.201
55404490,11,37.07916666666667,140.50625,2.66
55404491,131,37.07916666666667,140.51874999999998,1.873
55404494,3,37.07916666666667,140.55625,2.751
55404495,71,37.07916666666667,140.56875,3.72
55404496,5,37.07916666666667,140.58124999999998,4.751
55404497,59,37.07916666666667,140.59375,5.81
55404498,8,37.07916666666667,140.60625,6.885
55404506,33,37.00416666666667,140.70624999999998,6.851
55404507,17,37.00416666666667,140.71875,6.365
55404508,256,37.00416666666667,140.73125,6.045
55404509,484,37.00416666666667,140.74375,5.92
55404513,17,37.0125,140.66875,9.636
55404514,7,37.0125,140.68125,8.89
55404515,37,37.0125,140.69375,8.226
55404516,48,37.0125,140.70624999999998,7.666
55404517,19,37.0125,140.71875,7.234
55404518,161,37.0125,140.73125,6.955
55404519,305,37.0125,140.74375,6.846
55404522,6,37.020833333333336,140.65625,11.076
55404523,7,37.020833333333336,140.66875,10.315
55404525,25,37.020833333333336,140.69375,9.011
55404526,93,37.020833333333336,140.70624999999998,8.504
55404528,98,37.020833333333336,140.73125,7.869
55404532,4,37.02916666666667,140.65625,11.745
55404534,5,37.02916666666667,140.68125,10.384
55404535,16,37.02916666666667,140.69375,9.822
55404536,42,37.02916666666667,140.70624999999998,9.358
55404537,76,37.02916666666667,140.71875,9.008
55404538,98,37.02916666666667,140.73125,8.785
55404539,56,37.02916666666667,140.74375,8.699
55404540,24,37.0375,140.63125,10.86
55404541,20,37.0375,140.64374999999998,11.789
55404544,1,37.0375,140.68125,11.171
55404545,10,37.0375,140.69375,10.651
55404546,262,37.0375,140.70624999999998,10.225
55404547,44,37.0375,140.71875,9.906
55404548,52,37.0375,140.73125,9.703
55404549,73,37.0375,140.74375,9.626
55404553,5,37.045833333333334,140.66875,12.543
55404555,90,37.045833333333334,140.69375,11.495
55404556,61,37.045833333333334,140.70624999999998,11.102
55404557,55,37.045833333333334,140.71875,10.808
55404558,88,37.045833333333334,140.73125,10.623
55404563,3,37.05416666666667,140.66875,12.997
55404565,129,37.05416666666667,140.69375,12.351
55404566,91,37.05416666666667,140.70624999999998,11.986
55404567,19,37.05416666666667,140.71875,11.715
55404574,101,37.0625,140.68125,13.639
55404575,30,37.0625,140.69375,13.217
55404576,4,37.0625,140.70624999999998,12.876
55404584,26,37.07083333333334,140.68125,13.59
55404600,164,37.00416666666667,140.75625,6.001
55404601,36,37.00416666666667,140.76874999999998,6.28
55404602,99,37.00416666666667,140.78125,6.596
55404603,37,37.00416666666667,140.79375,5.52
55404604,27,37.00416666666667,140.80625,4.462
55404605,338,37.00416666666667,140.81875,3.436
55404606,1652,37.00416666666667,140.83124999999998,2.484
55404607,2283,37.00416666666667,140.84375,1.678
55404608,1713,37.00416666666667,140.85625,0.917
55404609,626,37.00416666666667,140.86875,1.154
55404610,262,37.0125,140.75625,6.917
55404611,125,37.0125,140.76874999999998,7.16
55404612,70,37.0125,140.78125,6.865
55404613,32,37.0125,140.79375,5.84
55404614,46,37.0125,140.80625,4.851
55404615,137,37.0125,140.81875,3.929
55404616,1295,37.0125,140.83124999999998,3.114
55404617,1388,37.0125,140.84375,2.293
55404618,1358,37.0125,140.85625,1.812
55404619,381,37.0125,140.86875,1.943
55404620,56,37.020833333333336,140.75625,7.835
55404621,57,37.020833333333336,140.76874999999998,8.051
55404622,14,37.020833333333336,140.78125,7.244
55404625,44,37.020833333333336,140.81875,4.517
55404626,3,37.020833333333336,140.83124999999998,3.672
55404627,1072,37.020833333333336,140.84375,3.005
55404628,312,37.020833333333336,140.85625,2.652
55404629,1146,37.020833333333336,140.86875,2.739
55404630,189,37.02916666666667,140.75625,8.755
55404631,2,37.02916666666667,140.76874999999998,8.288
55404634,8,37.02916666666667,140.80625,5.077
55404635,146,37.02916666666667,140.81875,4.048
55404636,353,37.02916666666667,140.83124999999998,3.077
55404637,552,37.02916666666667,140.84375,2.239
55404638,781,37.02916666666667,140.85625,1.737
55404643,2,37.0375,140.79375,5.943
55404644,181,37.0375,140.80625,4.845
55404645,81,37.0375,140.81875,3.754
55404646,205,37.0375,140.83124999999998,2.678
55404647,2659,37.0375,140.84375,1.648
55404648,3070,37.0375,140.85625,0.849
55404649,799,37.0375,140.86875,1.09
55404652,13,37.045833333333334,140.78125,7.002
55404653,270,37.045833333333334,140.79375,5.893
55404654,312,37.045833333333334,140.80625,4.784
55404655,78,37.045833333333334,140.81875,3.676
55404656,956,37.045833333333334,140.83124999999998,2.568
55404657,2091,37.045833333333334,140.84375,1.461
55404658,4095,37.045833333333334,140.85625,0.376
55404659,3223,37.045833333333334,140.86875,0.78
55404662,31,37.05416666666667,140.78125,7.083
55404663,607,37.05416666666667,140.79375,5.989
55404664,92,37.05416666666667,140.80625,4.901
55404665,11,37.05416666666667,140.81875,3.827
55404666,113,37.05416666666667,140.83124999999998,2.78
55404667,286,37.05416666666667,140.84375,1.809
55404668,809,37.05416666666667,140.85625,1.131
55404669,2693,37.05416666666667,140.86875,0.695
55404672,2,37.0625,140.78125,7.281
55404673,21,37.0625,140.79375,6.222
55404674,152,37.0625,140.80625,5.184
55404675,3,37.0625,140.81875,4.183
55404676,283,37.0625,140.83124999999998,3.253
55404677,850,37.0625,140.84375,2.475
55404678,2690,37.0625,140.85625,1.496
55404679,2955,37.0625,140.86875,0.479
55404683,23,37.07083333333334,140.79375,6.579
55404684,64,37.07083333333334,140.80625,5.608
55404685,142,37.07083333333334,140.81875,4.698
55404686,632,37.07083333333334,140.83124999999998,3.885
55404687,948,37.07083333333334,140.84375,2.858
55404688,391,37.07083333333334,140.85625,1.924
55404689,157,37.07083333333334,140.86875,1.301
55404692,8,37.07916666666667,140.78125,7.991
55404693,35,37.07916666666667,140.79375,7.04
55404694,341,37.07916666666667,140.80625,6.143
55404695,150,37.07916666666667,140.81875,5.26
55404696,3,37.07916666666667,140.83124999999998,4.164
55404698,80,37.07916666666667,140.85625,1.983
55404699,1069,37.07916666666667,140.86875,0.959
55404700,28,37.00416666666667,140.88125,2.071
55404701,50,37.00416666666667,140.89374999999998,1.364
55404702,542,37.00416666666667,140.90625,0.855
55404703,4023,37.00416666666667,140.91875,0.939
55404704,2350,37.00416666666667,140.93125,0.229
55404705,8,37.00416666666667,140.94375,1.066
55404707,354,37.00416666666667,140.96875,3.27
55404708,109,37.00416666666667,140.98125,4.379
55404710,7,37.0125,140.88125,2.594
55404711,199,37.0125,140.89374999999998,1.908
55404712,1041,37.0125,140.90625,0.798
55404713,1261,37.0125,140.91875,0.315
55404714,1788,37.0125,140.93125,0.711
55404715,56,37.0125,140.94375,1.26
55404716,7,37.0125,140.95624999999998,2.266
55404717,1009,37.0125,140.96875,3.339
55404718,68,37.0125,140.98125,4.43
55404720,123,37.020833333333336,140.88125,2.054
55404721,1473,37.020833333333336,140.89374999999998,1.81
55404722,3839,37.020833333333336,140.90625,1.254
55404723,329,37.020833333333336,140.91875,1.017
55404724,85,37.020833333333336,140.93125,1.636
55404725,100,37.020833333333336,140.94375,1.939
55404726,185,37.020833333333336,140.95624999999998,2.703
55404727,1392,37.020833333333336,140.96875,3.649
55404730,32,37.02916666666667,140.88125,1.317
55404731,2136,37.02916666666667,140.89374999999998,0.888
55404732,4465,37.02916666666667,140.90625,1.518
55404733,1811,37.02916666666667,140.91875,1.92
55404734,96,37.02916666666667,140.93125,2.369
55404735,125,37.02916666666667,140.94375,2.765
55404736,625,37.02916666666667,140.95624999999998,3.346
55404737,323,37.02916666666667,140.96875,4.148
55404740,1715,37.0375,140.88125,0.982
55404741,2342,37.0375,140.89374999999998,0.137
55404742,3527,37.0375,140.90625,1.239
55404743,635,37.0375,140.91875,2.196
55404744,169,37.0375,140.93125,2.504
55404745,28,37.0375,140.94375,2.767
55404746,47,37.0375,140.95624999999998,3.391
55404747,386,37.0375,140.96875,4.22
55404750,2740,37.045833333333334,140.88125,0.813
55404751,2797,37.045833333333334,140.89374999999998,0.812
55404752,3390,37.045833333333334,140.90625,0.755
55404753,57,37.045833333333334,140.91875,1.614
55404754,70,37.045833333333334,140.93125,1.578
55404755,121,37.045833333333334,140.94375,1.969
55404756,397,37.045833333333334,140.95624999999998,2.779
55404757,201,37.045833333333334,140.96875,3.553
55404760,2620,37.05416666666667,140.88125,0.604
55404761,4191,37.05416666666667,140.89374999999998,0.582
55404762,4282,37.05416666666667,140.90625,0.636
55404763,3312,37.05416666666667,140.91875,0.719
55404764,93,37.05416666666667,140.93125,0.653
55404765,472,37.05416666666667,140.94375,1.346
55404766,229,37.05416666666667,140.95624999999998,2.359
55404767,89,37.05416666666667,140.96875,2.725
55404770,3114,37.0625,140.88125,0.826
55404771,3912,37.0625,140.89374999999998,0.721
55404772,1209,37.0625,140.90625,0.863
55404773,487,37.0625,140.91875,0.385
55404774,3214,37.0625,140.93125,0.286
55404775,1427,37.0625,140.94375,1.211
55404776,258,37.0625,140.95624999999998,1.443
55404777,162,37.0625,140.96875,1.986
55404780,879,37.07083333333334,140.88125,1.465
55404781,370,37.07083333333334,140.89374999999998,1.555
55404782,577,37.07083333333334,140.90625,1.626
55404783,219,37.07083333333334,140.91875,1.223
55404784,245,37.07083333333334,140.93125,1.206
55404785,3379,37.07083333333334,140.94375,0.958
55404786,1862,37.07083333333334,140.95624999999998,0.565
55404787,112,37.07083333333334,140.96875,1.477
55404790,2799,37.07916666666667,140.88125,0.605
55404791,616,37.07916666666667,140.89374999999998,1.507
55404792,708,37.07916666666667,140.90625,2.501
55404793,393,37.07916666666667,140.91875,2.136
55404794,131,37.07916666666667,140.93125,1.982
55404795,405,37.07916666666667,140.94375,0.933
55404796,600,37.07916666666667,140.95624999999998,0.523
55404797,509,37.07916666666667,140.96875,1.461
55404798,47,37.07916666666667,140.98125,1.726
55405039,35,37.1125,140.11875,4.246
55405049,50,37.12083333333333,140.11875,3.651
55405055,3,37.12916666666666,140.06875,7.528
55405057,9,37.12916666666666,140.09375,5.348
55405058,10,37.12916666666666,140.10625,4.272
55405059,214,37.12916666666666,140.11875,3.218
55405064,13,37.137499999999996,140.05625,8.551
55405065,9,37.137499999999996,140.06875,7.444
55405066,8,37.137499999999996,140.08124999999998,6.336
55405068,38,37.137499999999996,140.10625,4.122
55405069,628,37.137499999999996,140.11875,3.016
55405077,31,37.14583333333333,140.09375,5.273
55405078,194,37.14583333333333,140.10625,4.177
55405079,79,37.14583333333333,140.11875,3.091
55405085,10,37.15416666666667,140.06875,7.618
55405086,6,37.15416666666667,140.08124999999998,6.54
55405087,46,37.15416666666667,140.09375,5.475
55405088,86,37.15416666666667,140.10625,4.43
55405089,23,37.15416666666667,140.11875,3.425
55405096,25,37.1625,140.08124999999998,6.831
55405097,104,37.1625,140.09375,5.819
55405098,110,37.1625,140.10625,4.85
55405099,236,37.1625,140.11875,3.953
55405102,30,37.0875,140.15625,3.861
55405103,5,37.0875,140.16875,2.864
55405104,100,37.0875,140.18125,1.989
55405105,460,37.0875,140.19375,1.472
55405106,5,37.0875,140.20624999999998,1.685
55405107,16,37.0875,140.21875,2.442
55405108,114,37.0875,140.23125,3.399
55405109,60,37.0875,140.24375,3.753
55405112,22,37.09583333333333,140.15625,3.616
55405113,65,37.09583333333333,140.16875,2.525
55405114,492,37.09583333333333,140.18125,1.458
55405115,695,37.09583333333333,140.19375,0.582
55405116,91,37.09583333333333,140.20624999999998,1.004
55405117,485,37.09583333333333,140.21875,2.034
55405118,251,37.09583333333333,140.23125,2.642
55405119,567,37.09583333333333,140.24375,2.876
55405121,149,37.104166666666664,140.14374999999998,4.001
55405122,445,37.104166666666664,140.15625,3.245
55405123,846,37.104166666666664,140.16875,2.316
55405124,213,37.104166666666664,140.18125,1.419
55405125,2269,37.104166666666664,140.19375,0.475
55405126,1196,37.104166666666664,140.20624999999998,0.946
55405127,818,37.104166666666664,140.21875,1.906
55405128,562,37.104166666666664,140.23125,1.722
55405129,471,37.104166666666664,140.24375,2.043
55405130,134,37.1125,140.13125,3.547
55405131,228,37.1125,140.14374999999998,3.098
55405132,1372,37.1125,140.15625,2.938
55405133,235,37.1125,140.16875,1.862
55405134,1414,37.1125,140.18125,0.871
55405135,1745,37.1125,140.19375,0.656
55405136,869,37.1125,140.20624999999998,0.618
55405137,674,37.1125,140.21875,1.156
55405138,551,37.1125,140.23125,0.816
55405139,117,37.1125,140.24375,1.339
55405140,515,37.12083333333333,140.13125,2.809
55405141,573,37.12083333333333,140.14374999999998,2.215
55405142,714,37.12083333333333,140.15625,2.092
55405143,1232,37.12083333333333,140.16875,1.814
55405144,1249,37.12083333333333,140.18125,0.762
55405145,3379,37.12083333333333,140.19375,0.573
55405146,2331,37.12083333333333,140.20624999999998,0.647
55405147,2850,37.12083333333333,140.21875,0.869
55405148,1844,37.12083333333333,140.23125,0.117
55405149,704,37.12083333333333,140.24375,0.547
55405150,131,37.12916666666666,140.13125,2.217
55405151,375,37.12916666666666,140.14374999999998,1.39
55405152,545,37.12916666666666,140.15625,1.184
55405153,532,37.12916666666666,140.16875,1.825
55405154,1292,37.12916666666666,140.18125,0.968
55405155,2762,37.12916666666666,140.19375,0.123
55405156,3428,37.12916666666666,140.20624999999998,0.222
55405157,2261,37.12916666666666,140.21875,0.759
55405158,47,37.12916666666666,140.23125,1.034
55405159,796,37.12916666666666,140.24375,0.381
55405160,44,37.137499999999996,140.13125,1.913
55405161,835,37.137499999999996,140.14374999999998,0.821
55405162,1730,37.137499999999996,140.15625,0.382
55405163,633,37.137499999999996,140.16875,1.44
55405164,1150,37.137499999999996,140.18125,1.349
55405165,781,37.137499999999996,140.19375,0.949
55405166,1122,37.137499999999996,140.20624999999998,1.018
55405167,930,37.137499999999996,140.21875,1.42
55405168,198,37.137499999999996,140.23125,1.729
55405169,91,37.137499999999996,140.24375,1.307
55405170,173,37.14583333333333,140.13125,2.029
55405171,410,37.14583333333333,140.14374999999998,1.065
55405172,551,37.14583333333333,140.15625,0.778
55405173,2,37.14583333333333,140.16875,1.591
55405174,397,37.14583333333333,140.18125,2.102
55405175,189,37.14583333333333,140.19375,1.871
55405176,130,37.14583333333333,140.20624999999998,1.91
55405177,240,37.14583333333333,140.21875,2.275
55405178,61,37.14583333333333,140.23125,2.504
55405179,575,37.14583333333333,140.24375,2.234
55405180,34,37.15416666666667,140.13125,2.509
55405181,86,37.15416666666667,140.14374999999998,1.82
55405182,117,37.15416666666667,140.15625,1.668
55405183,196,37.15416666666667,140.16875,2.17
55405184,125,37.15416666666667,140.18125,2.955
55405186,3,37.15416666666667,140.20624999999998,2.824
55405187,71,37.15416666666667,140.21875,3.169
55405188,6,37.15416666666667,140.23125,3.357
55405189,93,37.15416666666667,140.24375,3.161
55405190,56,37.1625,140.13125,3.192
55405192,53,37.1625,140.15625,2.584
55405193,346,37.1625,140.16875,2.933
55405194,96,37.1625,140.18125,3.603
55405196,12,37.1625,140.20624999999998,3.745
55405197,5,37.1625,140.21875,4.011
55405198,8,37.1625,140.23125,4.241
55405199,74,37.1625,140.24375,4.087
55405200,230,37.0875,140.25625,4.202
55405201,233,37.0875,140.26874999999998,4.667
55405202,96,37.0875,140.28125,4.037
55405204,21,37.0875,140.30625,3.565
55405206,145,37.0875,140.33124999999998,2.499
55405207,25,37.0875,140.34375,2.03
55405208,19,37.0875,140.35625,2.111
55405209,30,37.0875,140.36875,2.692
55405210,399,37.09583333333333,140.25625,3.442
55405211,27,37.09583333333333,140.26874999999998,3.984
55405212,11,37.09583333333333,140.28125,4.686
55405214,42,37.09583333333333,140.30625,3.878
55405215,170,37.09583333333333,140.31875,2.828
55405216,102,37.09583333333333,140.33124999999998,1.848
55405217,286,37.09583333333333,140.34375,1.137
55405218,74,37.09583333333333,140.35625,1.275
55405219,114,37.09583333333333,140.36875,2.102
55405220,2,37.104166666666664,140.25625,2.633
55405222,2,37.104166666666664,140.28125,4.081
55405223,38,37.104166666666664,140.29375,4.84
55405224,18,37.104166666666664,140.30625,3.732
55405226,142,37.104166666666664,140.33124999999998,1.518
55405227,290,37.104166666666664,140.34375,0.426
55405228,144,37.104166666666664,140.35625,0.718
55405229,40,37.104166666666664,140.36875,1.818
55405230,319,37.1125,140.25625,1.829
55405231,109,37.1125,140.26874999999998,2.641
55405232,143,37.1125,140.28125,3.615
55405233,223,37.1125,140.29375,4.501
55405234,62,37.1125,140.30625,3.812
55405235,139,37.1125,140.31875,2.737
55405236,371,37.1125,140.33124999999998,1.706
55405237,400,37.1125,140.34375,0.888
55405238,731,37.1125,140.35625,1.059
55405239,170,37.1125,140.36875,1.978
55405240,72,37.12083333333333,140.25625,1.214
55405242,272,37.12083333333333,140.28125,3.346
55405243,373,37.12083333333333,140.29375,3.595
55405244,22,37.12083333333333,140.30625,3.508
55405245,23,37.12083333333333,140.31875,2.846
55405247,135,37.12083333333333,140.34375,1.213
55405248,185,37.12083333333333,140.35625,1.357
55405249,140,37.12083333333333,140.36875,2.161
55405250,148,37.12916666666666,140.25625,1.149
55405251,1135,37.12916666666666,140.26874999999998,2.225
55405252,71,37.12916666666666,140.28125,3.22
55405253,94,37.12916666666666,140.29375,2.702
55405254,80,37.12916666666666,140.30625,2.585
55405255,150,37.12916666666666,140.31875,2.613
55405256,301,37.12916666666666,140.33124999999998,1.512
55405257,525,37.12916666666666,140.34375,0.447
55405258,208,37.12916666666666,140.35625,0.755
55405259,167,37.12916666666666,140.36875,1.843
55405260,459,37.137499999999996,140.25625,1.698
55405261,232,37.137499999999996,140.26874999999998,2.553
55405262,7,37.137499999999996,140.28125,2.543
55405263,21,37.137499999999996,140.29375,1.842
55405264,112,37.137499999999996,140.30625,1.667
55405265,686,37.137499999999996,140.31875,2.149
55405266,261,37.137499999999996,140.33124999999998,1.652
55405267,449,37.137499999999996,140.34375,0.803
55405268,118,37.137499999999996,140.35625,0.539
55405269,18,37.137499999999996,140.36875,1.524
55405270,91,37.14583333333333,140.25625,2.483
55405273,6,37.14583333333333,140.29375,1.098
55405274,411,37.14583333333333,140.30625,0.769
55405275,659,37.14583333333333,140.31875,1.559
55405276,143,37.14583333333333,140.33124999999998,1.927
55405277,931,37.14583333333333,140.34375,0.913
55405278,243,37.14583333333333,140.35625,0.64
55405279,96,37.14583333333333,140.36875,1.563
55405280,36,37.15416666666667,140.25625,3.341
55405282,90,37.15416666666667,140.28125,1.951
55405283,646,37.15416666666667,140.29375,0.858
55405284,237,37.15416666666667,140.30625,0.347
55405285,33,37.15416666666667,140.31875,1.4
55405286,158,37.15416666666667,140.33124999999998,2.355
55405287,232,37.15416666666667,140.34375,1.634
55405288,660,37.15416666666667,140.35625,1.499
55405289,414,37.15416666666667,140.36875,2.068
55405290,157,37.1625,140.25625,4.228
55405291,151,37.1625,140.26874999999998,3.252
55405292,52,37.1625,140.28125,2.248
55405293,566,37.1625,140.29375,1.408
55405294,402,37.1625,140.30625,1.169
55405295,123,37.1625,140.31875,1.79
55405296,29,37.1625,140.33124999999998,2.738
55405297,91,37.1625,140.34375,2.495
55405298,284,37.1625,140.35625,2.408
55405299,110,37.1625,140.36875,2.798
55405300,2,37.0875,140.38125,3.526
55405301,141,37.0875,140.39374999999998,2.454
55405302,324,37.0875,140.40625,1.439
55405303,240,37.0875,140.41875,0.761
55405304,37,37.0875,140.43125,1.243
55405305,82,37.0875,140.44375,2.23
55405306,141,37.0875,140.45624999999998,3.295
55405307,64,37.0875,140.46875,4.382
55405308,68,37.0875,140.48125,4.423
55405309,13,37.0875,140.49375,3.329
55405310,40,37.09583333333333,140.38125,3.109
55405311,27,37.09583333333333,140.39374999999998,2.876
55405312,245,37.09583333333333,140.40625,2.079
55405313,100,37.09583333333333,140.41875,1.682
55405314,27,37.09583333333333,140.43125,1.948
55405315,63,37.09583333333333,140.44375,2.687
55405316,102,37.09583333333333,140.45624999999998,3.62
55405317,32,37.09583333333333,140.46875,4.631
55405318,52,37.09583333333333,140.48125,4.389
55405319,82,37.09583333333333,140.49375,3.284
55405320,153,37.104166666666664,140.38125,2.925
55405321,139,37.104166666666664,140.39374999999998,3.499
55405322,88,37.104166666666664,140.40625,2.879
55405323,294,37.104166666666664,140.41875,2.607
55405324,14,37.104166666666664,140.43125,2.787
55405325,69,37.104166666666664,140.44375,3.345
55405326,59,37.104166666666664,140.45624999999998,4.132
55405327,62,37.104166666666664,140.46875,4.863
55405328,87,37.104166666666664,140.48125,4.548
55405329,19,37.104166666666664,140.49375,3.494
55405330,140,37.1125,140.38125,3.027
55405331,40,37.1125,140.39374999999998,4.107
55405332,72,37.1125,140.40625,3.738
55405333,107,37.1125,140.41875,3.533
55405334,42,37.1125,140.43125,3.513
55405335,58,37.1125,140.44375,3.36
55405336,15,37.1125,140.45624999999998,3.564
55405337,142,37.1125,140.46875,4.027
55405338,34,37.1125,140.48125,4.192
55405339,5,37.1125,140.49375,3.917
55405340,75,37.12083333333333,140.38125,3.155
55405341,152,37.12083333333333,140.39374999999998,4.206
55405342,80,37.12083333333333,140.40625,4.054
55405343,139,37.12083333333333,140.41875,3.236
55405344,48,37.12083333333333,140.43125,2.64
55405345,165,37.12083333333333,140.44375,2.434
55405346,36,37.12083333333333,140.45624999999998,2.708
55405347,25,37.12083333333333,140.46875,3.101
55405348,35,37.12083333333333,140.48125,3.312
55405349,41,37.12083333333333,140.49375,3.844
55405350,63,37.12916666666666,140.38125,2.9
55405351,68,37.12916666666666,140.39374999999998,3.918
55405352,36,37.12916666666666,140.40625,3.575
55405353,95,37.12916666666666,140.41875,2.612
55405354,33,37.12916666666666,140.43125,1.822
55405355,62,37.12916666666666,140.44375,1.508
55405356,49,37.12916666666666,140.45624999999998,1.92
55405357,17,37.12916666666666,140.46875,2.174
55405358,46,37.12916666666666,140.48125,2.466
55405359,155,37.12916666666666,140.49375,3.144
55405360,184,37.137499999999996,140.38125,2.61
55405361,323,37.137499999999996,140.39374999999998,3.708
55405362,83,37.137499999999996,140.40625,3.293
55405363,104,37.137499999999996,140.41875,2.211
55405364,244,37.137499999999996,140.43125,1.178
55405365,607,37.137499999999996,140.44375,0.585
55405366,127,37.137499999999996,140.45624999999998,1.324
55405367,94,37.137499999999996,140.46875,1.248
55405368,32,37.137499999999996,140.48125,1.706
55405369,263,37.137499999999996,140.49375,2.591
55405370,1,37.14583333333333,140.38125,2.632
55405371,190,37.14583333333333,140.39374999999998,3.724
55405372,138,37.14583333333333,140.40625,3.26
55405373,154,37.14583333333333,140.41875,2.162
55405374,32,37.14583333333333,140.43125,1.083
55405375,688,37.14583333333333,140.44375,0.357
55405376,1289,37.14583333333333,140.45624999999998,1.1
55405377,880,37.14583333333333,140.46875,0.325
55405378,180,37.14583333333333,140.48125,1.207
55405379,55,37.14583333333333,140.49375,2.294
55405380,100,37.15416666666667,140.38125,2.96
55405381,156,37.15416666666667,140.39374999999998,3.963
55405382,86,37.15416666666667,140.40625,3.477
55405383,99,37.15416666666667,140.41875,2.37
55405384,58,37.15416666666667,140.43125,1.262
55405385,426,37.15416666666667,140.44375,0.163
55405386,1020,37.15416666666667,140.45624999999998,0.938
55405387,228,37.15416666666667,140.46875,0.609
55405388,24,37.15416666666667,140.48125,1.312
55405389,59,37.15416666666667,140.49375,2.351
55405390,129,37.1625,140.38125,3.51
55405391,173,37.1625,140.39374999999998,4.388
55405392,33,37.1625,140.40625,3.584
55405393,111,37.1625,140.41875,2.524
55405394,115,37.1625,140.43125,1.533
55405395,702,37.1625,140.44375,0.884
55405397,197,37.1625,140.46875,1.534
55405398,32,37.1625,140.48125,1.924
55405399,22,37.1625,140.49375,2.74
55405400,27,37.0875,140.50625,2.25
55405401,146,37.0875,140.51874999999998,1.223
55405402,104,37.0875,140.53125,0.625
55405403,55,37.0875,140.54375,1.321
55405404,554,37.0875,140.55625,2.357
55405405,86,37.0875,140.56875,3.439
55405406,12,37.0875,140.58124999999998,4.534
55405407,49,37.0875,140.59375,5.634
55405408,23,37.0875,140.60625,6.737
55405410,59,37.09583333333333,140.50625,2.183
55405411,89,37.09583333333333,140.51874999999998,1.096
55405412,154,37.09583333333333,140.53125,0.309
55405413,387,37.09583333333333,140.54375,1.203
55405414,305,37.09583333333333,140.55625,2.293
55405415,54,37.09583333333333,140.56875,3.395
55405416,1,37.09583333333333,140.58124999999998,4.501
55405417,27,37.09583333333333,140.59375,5.607
55405418,32,37.09583333333333,140.60625,6.715
55405419,10,37.09583333333333,140.61875,7.822
55405420,93,37.104166666666664,140.50625,2.487
55405422,69,37.104166666666664,140.53125,1.232
55405423,32,37.104166666666664,140.54375,1.694
55405424,10,37.104166666666664,140.55625,2.585
55405425,91,37.104166666666664,140.56875,3.599
55405426,13,37.104166666666664,140.58124999999998,4.656
55405427,36,37.104166666666664,140.59375,5.732
55405428,9,37.104166666666664,140.60625,6.819
55405429,8,37.104166666666664,140.61875,7.912
55405430,110,37.1125,140.50625,3.053
55405432,10,37.1125,140.53125,2.158
55405435,78,37.1125,140.56875,4.011
55405436,44,37.1125,140.58124999999998,4.981
55405437,36,37.1125,140.59375,6.0
55405438,31,37.1125,140.60625,7.045
55405439,12,37.1125,140.61875,8.108
55405440,179,37.12083333333333,140.50625,3.765
55405442,24,37.12083333333333,140.53125,3.084
55405444,29,37.12083333333333,140.55625,3.831
55405445,87,37.12083333333333,140.56875,4.576
55405446,18,37.12083333333333,140.58124999999998,5.447
55405447,43,37.12083333333333,140.59375,6.391
55405448,24,37.12083333333333,140.60625,7.382
55405449,7,37.12083333333333,140.61875,8.402
55405450,11,37.12916666666666,140.50625,4.018
55405453,6,37.12916666666666,140.54375,4.176
55405455,37,37.12916666666666,140.56875,5.245
55405456,64,37.12916666666666,140.58124999999998,6.02
55405457,46,37.12916666666666,140.59375,6.886
55405458,10,37.12916666666666,140.60625,7.814
55405459,2,37.12916666666666,140.61875,8.784
55405460,28,37.137499999999996,140.50625,3.602
55405461,6,37.137499999999996,140.51874999999998,4.657
55405462,20,37.137499999999996,140.53125,4.937
55405463,16,37.137499999999996,140.54375,5.072
55405464,4,37.137499999999996,140.55625,5.435
55405465,33,37.137499999999996,140.56875,5.984
55405466,15,37.137499999999996,140.58124999999998,6.673
55405467,43,37.137499999999996,140.59375,7.464
55405468,31,37.137499999999996,140.60625,8.327
55405470,81,37.14583333333333,140.50625,3.394
55405471,4,37.14583333333333,140.51874999999998,4.499
55405472,21,37.14583333333333,140.53125,5.604
55405473,38,37.14583333333333,140.54375,5.978
55405474,13,37.14583333333333,140.55625,6.288
55405475,31,37.14583333333333,140.56875,6.768
55405476,19,37.14583333333333,140.58124999999998,7.385
55405477,13,37.14583333333333,140.59375,8.106
55405478,12,37.14583333333333,140.60625,8.908
55405479,9,37.14583333333333,140.61875,9.769
55405480,73,37.15416666666667,140.50625,3.433
55405481,61,37.15416666666667,140.51874999999998,4.528
55405482,51,37.15416666666667,140.53125,5.627
55405483,33,37.15416666666667,140.54375,6.73
55405484,52,37.15416666666667,140.55625,7.16
55405485,46,37.15416666666667,140.56875,7.585
55405486,24,37.15416666666667,140.58124999999998,8.14
55405487,5,37.15416666666667,140.59375,8.8
55405489,6,37.15416666666667,140.61875,9.966
55405490,62,37.1625,140.50625,3.71
55405491,29,37.1625,140.51874999999998,4.741
55405492,38,37.1625,140.53125,5.801
55405493,33,37.1625,140.54375,6.875
55405494,34,37.1625,140.55625,7.959
55405495,24,37.1625,140.56875,8.103
55405497,35,37.1625,140.59375,8.346
55405498,22,37.1625,140.60625,8.679
55405499,2,37.1625,140.61875,9.135
55405500,1,37.0875,140.63125,8.947
55405501,12,37.0875,140.64374999999998,10.054
55405502,13,37.0875,140.65625,11.161
55405510,8,37.09583333333333,140.63125,8.93
55405512,6,37.09583333333333,140.65625,11.147
55405513,3,37.09583333333333,140.66875,12.255
55405520,8,37.104166666666664,140.63125,9.009
55405521,5,37.104166666666664,140.64374999999998,10.109
55405522,3,37.104166666666664,140.65625,11.21
55405524,9,37.104166666666664,140.68125,13.416
55405532,2,37.1125,140.65625,11.348
55405533,2,37.1125,140.66875,12.438
55405538,54,37.1125,140.73125,11.588
55405539,17,37.1125,140.74375,10.488
55405541,3,37.12083333333333,140.64374999999998,10.495
55405542,9,37.12083333333333,140.65625,11.56
55405543,2,37.12083333333333,140.66875,12.631
55405547,16,37.12083333333333,140.71875,12.621
55405548,61,37.12083333333333,140.73125,11.513
55405549,88,37.12083333333333,140.74375,10.406
55405551,5,37.12916666666666,140.64374999999998,10.804
55405552,6,37.12916666666666,140.65625,11.84
55405553,11,37.12916666666666,140.66875,12.888
55405555,1,37.12916666666666,140.69375,14.836
55405556,8,37.12916666666666,140.70624999999998,13.728
55405557,75,37.12916666666666,140.71875,12.621
55405558,42,37.12916666666666,140.73125,11.513
55405561,19,37.137499999999996,140.64374999999998,11.18
55405563,2,37.137499999999996,140.66875,13.205
55405564,41,37.137499999999996,140.68125,14.239
55405565,51,37.137499999999996,140.69375,14.893
55405566,73,37.137499999999996,140.70624999999998,13.79
55405567,25,37.137499999999996,140.71875,12.688
55405570,2,37.14583333333333,140.63125,10.676
55405573,9,37.14583333333333,140.66875,13.188
55405574,98,37.14583333333333,140.68125,13.94
55405575,39,37.14583333333333,140.69375,14.736
55405579,3,37.14583333333333,140.74375,10.651
55405580,7,37.15416666666667,140.63125,10.483
55405582,3,37.15416666666667,140.65625,11.765
55405583,50,37.15416666666667,140.66875,12.504
55405585,13,37.15416666666667,140.69375,14.127
55405588,10,37.15416666666667,140.73125,11.952
55405589,51,37.15416666666667,140.74375,10.89
55405590,3,37.1625,140.63125,9.697
55405594,3,37.1625,140.68125,12.682
55405595,2,37.1625,140.69375,13.553
55405596,11,37.1625,140.70624999999998,14.339
55405602,43,37.0875,140.78125,8.208
55405603,26,37.0875,140.79375,7.274
55405604,3,37.0875,140.80625,6.361
55405605,26,37.0875,140.81875,5.255
55405606,25,37.0875,140.83124999999998,4.15
55405607,220,37.0875,140.84375,3.049
55405608,2085,37.0875,140.85625,1.955
55405609,1229,37.0875,140.86875,0.9
55405611,5,37.09583333333333,140.76874999999998,8.798
55405612,57,37.09583333333333,140.78125,7.778
55405616,8,37.09583333333333,140.83124999999998,4.177
55405617,61,37.09583333333333,140.84375,3.302
55405618,159,37.09583333333333,140.85625,2.33
55405619,251,37.09583333333333,140.86875,1.555
55405621,76,37.104166666666664,140.76874999999998,8.501
55405622,19,37.104166666666664,140.78125,7.44
55405626,26,37.104166666666664,140.83124999999998,3.507
55405627,79,37.104166666666664,140.84375,2.771
55405628,135,37.104166666666664,140.85625,2.349
55405629,187,37.104166666666664,140.86875,2.396
55405630,98,37.1125,140.75625,9.391
55405631,10,37.1125,140.76874999999998,8.296
55405632,3,37.1125,140.78125,7.206
55405635,1,37.1125,140.81875,3.994
55405636,35,37.1125,140.83124999999998,2.979
55405637,11,37.1125,140.84375,2.063
55405638,171,37.1125,140.85625,1.447
55405639,253,37.1125,140.86875,1.545
55405640,3,37.12083333333333,140.75625,9.299
55405641,1,37.12083333333333,140.76874999999998,8.192
55405646,23,37.12083333333333,140.83124999999998,2.678
55405647,154,37.12083333333333,140.84375,1.597
55405648,558,37.12083333333333,140.85625,0.622
55405649,281,37.12083333333333,140.86875,0.825
55405650,14,37.12916666666666,140.75625,9.299
55405651,20,37.12916666666666,140.76874999999998,8.193
55405652,5,37.12916666666666,140.78125,7.087
55405653,1,37.12916666666666,140.79375,5.981
55405654,19,37.12916666666666,140.80625,4.877
55405656,20,37.12916666666666,140.83124999999998,2.68
55405657,876,37.12916666666666,140.84375,1.6
55405658,991,37.12916666666666,140.85625,0.631
55405659,250,37.12916666666666,140.86875,0.831
55405660,32,37.137499999999996,140.75625,9.391
55405661,64,37.137499999999996,140.76874999999998,8.297
55405662,18,37.137499999999996,140.78125,7.207
55405664,21,37.137499999999996,140.80625,5.051
55405667,269,37.137499999999996,140.84375,2.071
55405668,977,37.137499999999996,140.85625,1.458
55405669,472,37.137499999999996,140.86875,1.555
55405670,73,37.14583333333333,140.75625,9.572
55405671,4,37.14583333333333,140.76874999999998,8.502
55405672,8,37.14583333333333,140.78125,7.442
55405674,5,37.14583333333333,140.80625,5.381
55405676,138,37.14583333333333,140.83124999999998,3.515
55405677,121,37.14583333333333,140.84375,2.781
55405678,296,37.14583333333333,140.85625,2.36
55405679,29,37.14583333333333,140.86875,2.422
55405680,71,37.15416666666667,140.75625,9.838
55405681,6,37.15416666666667,140.76874999999998,8.8
55405682,8,37.15416666666667,140.78125,7.781
55405686,5,37.15416666666667,140.83124999999998,4.185
55405688,89,37.15416666666667,140.85625,3.276
55405689,116,37.15416666666667,140.86875,3.321
55405690,11,37.1625,140.75625,10.181
55405692,55,37.1625,140.78125,8.211
55405696,5,37.1625,140.83124999999998,4.939
55405698,37,37.1625,140.85625,4.197
55405699,2,37.1625,140.86875,4.232
55405700,1298,37.0875,140.88125,0.506
55405701,65,37.0875,140.89374999999998,1.47
55405702,38,37.0875,140.90625,2.555
55405703,11,37.0875,140.91875,3.057
55405704,29,37.0875,140.93125,2.366
55405705,168,37.0875,140.94375,1.594
55405706,205,37.0875,140.95624999999998,1.395
55405707,754,37.0875,140.96875,1.05
55405708,217,37.0875,140.98125,0.847
55405710,197,37.09583333333333,140.88125,1.365
55405711,140,37.09583333333333,140.89374999999998,1.941
55405713,4,37.09583333333333,140.91875,3.808
55405714,181,37.09583333333333,140.93125,2.998
55405715,86,37.09583333333333,140.94375,2.435
55405716,188,37.09583333333333,140.95624999999998,1.844
55405717,643,37.09583333333333,140.96875,0.747
55405718,2803,37.09583333333333,140.98125,0.417
55405720,87,37.104166666666664,140.88125,2.278
55405722,2,37.104166666666664,140.90625,3.385
55405724,69,37.104166666666664,140.93125,3.754
55405725,63,37.104166666666664,140.94375,3.142
55405726,111,37.104166666666664,140.95624999999998,2.139
55405727,517,37.104166666666664,140.96875,1.316
55405728,3615,37.104166666666664,140.98125,1.161
55405729,531,37.104166666666664,140.99375,1.85
55405731,28,37.1125,140.89374999999998,3.216
55405732,183,37.1125,140.90625,4.062
55405733,176,37.1125,140.91875,4.829
55405734,159,37.1125,140.93125,4.53
55405735,210,37.1125,140.94375,3.573
55405736,121,37.1125,140.95624999999998,2.732
55405737,86,37.1125,140.96875,2.15
55405738,1533,37.1125,140.98125,2.059
55405739,990,37.1125,140.99375,2.513
55405741,70,37.12083333333333,140.89374999999998,2.939
55405742,54,37.12083333333333,140.90625,4.037
55405743,8,37.12083333333333,140.91875,5.14
55405744,66,37.12083333333333,140.93125,5.013
55405745,158,37.12083333333333,140.94375,4.168
55405746,43,37.12083333333333,140.95624999999998,3.475
55405747,10,37.12083333333333,140.96875,3.038
55405748,37,37.12083333333333,140.98125,2.944
55405749,104,37.12083333333333,140.99375,2.655
55405751,12,37.12916666666666,140.89374999999998,2.94
55405752,59,37.12916666666666,140.90625,4.038
55405753,8,37.12916666666666,140.91875,5.141
55405754,99,37.12916666666666,140.93125,5.608
55405756,54,37.12916666666666,140.95624999999998,3.902
55405759,43,37.12916666666666,140.99375,1.732
55405760,22,37.137499999999996,140.88125,2.273
55405761,52,37.137499999999996,140.89374999999998,3.221
55405762,36,37.137499999999996,140.90625,4.247
55405767,62,37.137499999999996,140.96875,2.522
55405768,136,37.137499999999996,140.98125,1.511
55405769,750,37.137499999999996,140.99375,0.815
55405770,49,37.14583333333333,140.88125,2.935
55405772,8,37.14583333333333,140.90625,4.634
55405777,83,37.14583333333333,140.96875,2.396
55405778,108,37.14583333333333,140.98125,1.291
55405779,1704,37.14583333333333,140.99375,0.22
55405785,28,37.15416666666667,140.94375,4.728
55405787,11,37.15416666666667,140.96875,2.616
55405788,139,37.15416666666667,140.98125,1.664
55405789,224,37.15416666666667,140.99375,1.072
55405794,15,37.1625,140.93125,6.05
55405795,51,37.1625,140.94375,5.017
55405797,118,37.1625,140.96875,3.108
55405798,17,37.1625,140.98125,2.363
55405799,1,37.1625,140.99375,1.992
55406003,6,37.170833333333334,140.04375,10.267
55406004,9,37.170833333333334,140.05625,9.232
55406005,22,37.170833333333334,140.06875,8.218
55406006,15,37.170833333333334,140.08124999999998,7.23
55406008,13,37.170833333333334,140.10625,5.397
55406009,9,37.170833333333334,140.11875,4.608
55406014,19,37.17916666666667,140.05625,9.621
55406015,17,37.17916666666667,140.06875,8.652
55406017,4,37.17916666666667,140.09375,6.841
55406048,1,37.204166666666666,140.10625,8.291
55406049,15,37.204166666666666,140.11875,7.801
55406058,8,37.2125,140.10625,9.107
55406074,1,37.229166666666664,140.05625,13.136
55406082,20,37.237500000000004,140.03125,13.878
55406083,12,37.237500000000004,140.04375,14.561
55406084,8,37.237500000000004,140.05625,13.852
55406093,36,37.24583333333334,140.04375,14.825
55406100,11,37.170833333333334,140.13125,3.975
55406102,82,37.170833333333334,140.15625,3.506
55406103,212,37.170833333333334,140.16875,3.77
55406106,49,37.170833333333334,140.20624999999998,4.668
55406107,22,37.170833333333334,140.21875,4.591
55406109,29,37.170833333333334,140.24375,3.762
55406111,6,37.17916666666667,140.14374999999998,4.489
55406112,92,37.17916666666667,140.15625,4.429
55406113,10,37.17916666666667,140.16875,4.642
55406115,13,37.17916666666667,140.19375,5.574
55406116,15,37.17916666666667,140.20624999999998,4.707
55406117,141,37.17916666666667,140.21875,3.875
55406118,5,37.17916666666667,140.23125,3.214
55406120,66,37.1875,140.13125,5.672
55406121,67,37.1875,140.14374999999998,5.403
55406124,23,37.1875,140.18125,5.914
55406125,16,37.1875,140.19375,5.234
55406126,42,37.1875,140.20624999999998,4.22
55406127,93,37.1875,140.21875,3.266
55406128,22,37.1875,140.23125,2.446
55406130,48,37.19583333333333,140.13125,6.553
55406132,5,37.19583333333333,140.15625,6.279
55406133,2,37.19583333333333,140.16875,6.431
55406135,39,37.19583333333333,140.19375,4.977
55406136,3,37.19583333333333,140.20624999999998,3.896
55406137,8,37.19583333333333,140.21875,2.835
55406138,251,37.19583333333333,140.23125,1.831
55406139,86,37.19583333333333,140.24375,1.058
55406144,26,37.204166666666666,140.18125,5.991
55406145,41,37.204166666666666,140.19375,4.884
55406148,12,37.204166666666666,140.23125,1.563
55406149,468,37.204166666666666,140.24375,0.456
55406154,3,37.2125,140.18125,6.058
55406155,5,37.2125,140.19375,4.966
55406156,98,37.2125,140.20624999999998,3.882
55406157,44,37.2125,140.21875,2.817
55406158,230,37.2125,140.23125,1.802
55406159,82,37.2125,140.24375,1.007
55406165,39,37.22083333333333,140.19375,5.213
55406166,143,37.22083333333333,140.20624999999998,4.194
55406167,121,37.22083333333333,140.21875,3.234
55406168,30,37.22083333333333,140.23125,2.403
55406169,16,37.22083333333333,140.24375,1.881
55406174,32,37.229166666666664,140.18125,6.592
55406175,27,37.229166666666664,140.19375,5.605
55406179,93,37.229166666666664,140.24375,2.789
55406181,10,37.237500000000004,140.14374999999998,10.01
55406182,69,37.237500000000004,140.15625,8.99
55406183,30,37.237500000000004,140.16875,7.993
55406184,83,37.237500000000004,140.18125,7.029
55406188,16,37.237500000000004,140.23125,3.996
55406189,321,37.237500000000004,140.24375,3.706
55406195,26,37.24583333333334,140.19375,6.173
55406198,135,37.24583333333334,140.23125,4.502
55406199,50,37.24583333333334,140.24375,4.384
55406201,140,37.170833333333334,140.26874999999998,3.679
55406202,300,37.170833333333334,140.28125,2.831
55406203,54,37.170833333333334,140.29375,2.224
55406204,49,37.170833333333334,140.30625,2.081
55406205,197,37.170833333333334,140.31875,2.484
55406206,13,37.170833333333334,140.33124999999998,2.152
55406207,170,37.170833333333334,140.34375,2.178
55406208,342,37.170833333333334,140.35625,2.703
55406209,97,37.170833333333334,140.36875,3.511
55406211,55,37.17916666666667,140.26874999999998,3.313
55406212,71,37.17916666666667,140.28125,3.563
55406213,264,37.17916666666667,140.29375,3.103
55406214,118,37.17916666666667,140.30625,2.948
55406215,99,37.17916666666667,140.31875,1.988
55406216,116,37.17916666666667,140.33124999999998,1.27
55406217,248,37.17916666666667,140.34375,1.313
55406218,275,37.17916666666667,140.35625,2.071
55406221,11,37.1875,140.26874999999998,2.575
55406222,24,37.1875,140.28125,3.428
55406223,101,37.1875,140.29375,3.537
55406224,157,37.1875,140.30625,2.482
55406225,74,37.1875,140.31875,1.506
55406226,360,37.1875,140.33124999999998,0.557
55406227,612,37.1875,140.34375,0.65
55406228,34,37.1875,140.35625,1.728
55406229,131,37.1875,140.36875,2.829
55406231,36,37.19583333333333,140.26874999999998,2.001
55406232,175,37.19583333333333,140.28125,3.021
55406233,71,37.19583333333333,140.29375,3.371
55406234,149,37.19583333333333,140.30625,2.312
55406235,1021,37.19583333333333,140.31875,1.205
55406236,2062,37.19583333333333,140.33124999999998,0.101
55406237,243,37.19583333333333,140.34375,0.915
55406238,90,37.19583333333333,140.35625,1.844
55406239,259,37.19583333333333,140.36875,2.901
55406240,192,37.204166666666666,140.25625,0.652
55406241,169,37.204166666666666,140.26874999999998,1.759
55406242,237,37.204166666666666,140.28125,2.866
55406243,102,37.204166666666666,140.29375,2.984
55406244,246,37.204166666666666,140.30625,1.951
55406245,1207,37.204166666666666,140.31875,1.077
55406246,2721,37.204166666666666,140.33124999999998,0.956
55406247,1013,37.204166666666666,140.34375,1.387
55406248,139,37.204166666666666,140.35625,2.32
55406249,12,37.204166666666666,140.36875,3.248
55406250,147,37.2125,140.25625,1.11
55406251,75,37.2125,140.26874999999998,1.975
55406252,140,37.2125,140.28125,3.003
55406253,4,37.2125,140.29375,2.856
55406254,53,37.2125,140.30625,1.749
55406255,355,37.2125,140.31875,0.644
55406256,1787,37.2125,140.33124999999998,0.47
55406257,236,37.2125,140.34375,1.574
55406258,25,37.2125,140.35625,2.68
55406259,102,37.2125,140.36875,3.66
55406260,76,37.22083333333333,140.25625,1.938
55406261,23,37.22083333333333,140.26874999999998,2.534
55406262,41,37.22083333333333,140.28125,3.397
55406263,172,37.22083333333333,140.29375,3.021
55406264,7,37.22083333333333,140.30625,2.008
55406265,240,37.22083333333333,140.31875,1.178
55406266,121,37.22083333333333,140.33124999999998,1.093
55406267,48,37.22083333333333,140.34375,1.857
55406268,64,37.22083333333333,140.35625,2.383
55406269,47,37.22083333333333,140.36875,2.942
55406270,96,37.229166666666664,140.25625,2.828
55406271,51,37.229166666666664,140.26874999999998,3.265
55406272,16,37.229166666666664,140.28125,3.972
55406274,143,37.229166666666664,140.30625,2.593
55406275,93,37.229166666666664,140.31875,2.02
55406276,390,37.229166666666664,140.33124999999998,1.939
55406277,42,37.229166666666664,140.34375,1.357
55406278,61,37.229166666666664,140.35625,1.54
55406279,221,37.229166666666664,140.36875,2.313
55406280,31,37.237500000000004,140.25625,3.735
55406281,49,37.237500000000004,140.26874999999998,4.077
55406282,269,37.237500000000004,140.28125,4.421
55406283,62,37.237500000000004,140.29375,4.028
55406284,180,37.237500000000004,140.30625,3.336
55406285,47,37.237500000000004,140.31875,2.557
55406286,119,37.237500000000004,140.33124999999998,1.473
55406287,278,37.237500000000004,140.34375,0.503
55406288,178,37.237500000000004,140.35625,0.885
55406289,146,37.237500000000004,140.36875,1.94
55406291,104,37.24583333333334,140.26874999999998,3.584
55406292,347,37.24583333333334,140.28125,3.497
55406293,885,37.24583333333334,140.29375,3.749
55406294,160,37.24583333333334,140.30625,3.672
55406296,742,37.24583333333334,140.33124999999998,1.517
55406297,2631,37.24583333333334,140.34375,0.618
55406298,234,37.24583333333334,140.35625,0.937
55406299,47,37.24583333333334,140.36875,1.81
55406300,105,37.170833333333334,140.38125,4.194
55406301,88,37.170833333333334,140.39374999999998,4.483
55406302,215,37.170833333333334,140.40625,3.914
55406303,252,37.170833333333334,140.41875,2.974
55406304,347,37.170833333333334,140.43125,2.196
55406305,320,37.170833333333334,140.44375,1.804
55406306,31,37.170833333333334,140.45624999999998,2.035
55406307,217,37.170833333333334,140.46875,2.46
55406308,70,37.170833333333334,140.48125,2.721
55406309,13,37.170833333333334,140.49375,3.347
55406310,10,37.17916666666667,140.38125,4.096
55406311,51,37.17916666666667,140.39374999999998,3.617
55406312,114,37.17916666666667,140.40625,3.339
55406313,482,37.17916666666667,140.41875,3.416
55406314,128,37.17916666666667,140.43125,3.002
55406315,151,37.17916666666667,140.44375,2.729
55406316,7,37.17916666666667,140.45624999999998,2.887
55406317,112,37.17916666666667,140.46875,3.386
55406318,56,37.17916666666667,140.48125,3.58
55406319,22,37.17916666666667,140.49375,4.077
55406320,85,37.1875,140.38125,3.488
55406321,83,37.1875,140.39374999999998,2.789
55406322,53,37.1875,140.40625,2.418
55406323,221,37.1875,140.41875,2.523
55406324,39,37.1875,140.43125,3.056
55406325,153,37.1875,140.44375,3.654
55406326,38,37.1875,140.45624999999998,3.774
55406327,83,37.1875,140.46875,4.193
55406328,28,37.1875,140.48125,4.467
55406329,4,37.1875,140.49375,4.874
55406330,210,37.19583333333333,140.38125,2.929
55406331,119,37.19583333333333,140.39374999999998,2.049
55406332,453,37.19583333333333,140.40625,1.505
55406333,288,37.19583333333333,140.41875,1.668
55406334,54,37.19583333333333,140.43125,2.398
55406335,37,37.19583333333333,140.44375,3.343
55406336,119,37.19583333333333,140.45624999999998,4.364
55406337,72,37.19583333333333,140.46875,5.02
55406338,44,37.19583333333333,140.48125,5.367
55406339,11,37.19583333333333,140.49375,5.71
55406340,185,37.204166666666666,140.38125,2.591
55406341,27,37.204166666666666,140.39374999999998,1.527
55406342,434,37.204166666666666,140.40625,0.631
55406343,51,37.204166666666666,140.41875,0.957
55406344,114,37.204166666666666,140.43125,1.971
55406345,99,37.204166666666666,140.44375,3.051
55406346,169,37.204166666666666,140.45624999999998,4.145
55406347,77,37.204166666666666,140.46875,5.244
55406348,45,37.204166666666666,140.48125,6.275
55406349,19,37.204166666666666,140.49375,6.571
55406350,396,37.2125,140.38125,2.562
55406351,41,37.2125,140.39374999999998,1.477
55406352,918,37.2125,140.40625,0.498
55406353,220,37.2125,140.41875,0.876
55406354,39,37.2125,140.43125,1.933
55406355,178,37.2125,140.44375,3.026
55406356,304,37.2125,140.45624999999998,4.126
55406357,92,37.2125,140.46875,5.23
55406358,80,37.2125,140.48125,6.334
55406359,21,37.2125,140.49375,7.303
55406360,55,37.22083333333333,140.38125,2.852
55406361,26,37.22083333333333,140.39374999999998,1.936
55406362,463,37.22083333333333,140.40625,1.348
55406364,6,37.22083333333333,140.43125,2.303
55406365,196,37.22083333333333,140.44375,3.275
55406366,124,37.22083333333333,140.45624999999998,4.312
55406367,63,37.22083333333333,140.46875,5.377
55406368,4,37.22083333333333,140.48125,6.456
55406369,18,37.22083333333333,140.49375,7.034
55406370,163,37.229166666666664,140.38125,3.284
55406371,9,37.229166666666664,140.39374999999998,2.652
55406372,551,37.229166666666664,140.40625,2.259
55406373,103,37.229166666666664,140.41875,2.371
55406375,111,37.229166666666664,140.44375,3.743
55406376,71,37.229166666666664,140.45624999999998,4.677
55406377,17,37.229166666666664,140.46875,5.674
55406378,3,37.229166666666664,140.48125,6.706
55406379,31,37.229166666666664,140.49375,6.88
55406380,320,37.237500000000004,140.38125,3.032
55406381,364,37.237500000000004,140.39374999999998,3.469
55406382,118,37.237500000000004,140.40625,3.179
55406383,31,37.237500000000004,140.41875,3.259
55406384,39,37.237500000000004,140.43125,3.687
55406385,187,37.237500000000004,140.44375,4.36
55406386,124,37.237500000000004,140.45624999999998,5.184
55406387,2,37.237500000000004,140.46875,6.099
55406388,5,37.237500000000004,140.48125,7.068
55406389,75,37.237500000000004,140.49375,6.85
55406390,99,37.24583333333334,140.38125,2.849
55406391,84,37.24583333333334,140.39374999999998,3.693
55406392,1,37.24583333333334,140.40625,4.102
55406393,9,37.24583333333334,140.41875,4.164
55406394,29,37.24583333333334,140.43125,4.507
55406395,228,37.24583333333334,140.44375,5.072
55406396,117,37.24583333333334,140.45624999999998,5.796
55406397,22,37.24583333333334,140.46875,6.627
55406399,16,37.24583333333334,140.49375,6.944
55406400,30,37.170833333333334,140.50625,4.179
55406401,6,37.170833333333334,140.51874999999998,5.116
55406402,23,37.170833333333334,140.53125,6.111
55406403,76,37.170833333333334,140.54375,7.139
55406404,51,37.170833333333334,140.55625,7.293
55406405,72,37.170833333333334,140.56875,7.177
55406406,88,37.170833333333334,140.58124999999998,7.23
55406407,30,37.170833333333334,140.59375,7.45
55406408,13,37.170833333333334,140.60625,7.821
55406409,49,37.170833333333334,140.61875,8.324
55406410,6,37.17916666666667,140.50625,4.783
55406411,15,37.17916666666667,140.51874999999998,5.62
55406412,63,37.17916666666667,140.53125,6.539
55406413,84,37.17916666666667,140.54375,6.699
55406414,94,37.17916666666667,140.55625,6.384
55406415,110,37.17916666666667,140.56875,6.25
55406416,39,37.17916666666667,140.58124999999998,6.312
55406417,76,37.17916666666667,140.59375,6.562
55406418,5,37.17916666666667,140.60625,6.981
55406419,25,37.17916666666667,140.61875,7.54
55406420,18,37.1875,140.50625,5.478
55406421,55,37.1875,140.51874999999998,6.223
55406422,45,37.1875,140.53125,6.383
55406423,30,37.1875,140.54375,5.845
55406424,112,37.1875,140.55625,5.48
55406425,290,37.1875,140.56875,5.324
55406426,120,37.1875,140.58124999999998,5.396
55406427,40,37.1875,140.59375,5.687
55406428,17,37.1875,140.60625,6.165
55406429,111,37.1875,140.61875,6.792
55406430,7,37.19583333333333,140.50625,6.234
55406431,30,37.19583333333333,140.51874999999998,6.386
55406432,34,37.19583333333333,140.53125,5.634
55406433,45,37.19583333333333,140.54375,5.016
55406434,59,37.19583333333333,140.55625,4.586
55406435,80,37.19583333333333,140.56875,4.399
55406436,33,37.19583333333333,140.58124999999998,4.485
55406437,6,37.19583333333333,140.59375,4.831
55406438,11,37.19583333333333,140.60625,5.386
55406439,34,37.19583333333333,140.61875,6.093
55406440,15,37.204166666666666,140.50625,6.706
55406441,29,37.204166666666666,140.51874999999998,5.787
55406442,57,37.204166666666666,140.53125,4.945
55406443,101,37.204166666666666,140.54375,4.228
55406444,52,37.204166666666666,140.55625,3.707
55406445,14,37.204166666666666,140.56875,3.473
55406446,49,37.204166666666666,140.58124999999998,3.582
55406447,48,37.204166666666666,140.59375,4.007
55406448,21,37.204166666666666,140.60625,4.661
55406449,17,37.204166666666666,140.61875,5.463
55406450,11,37.2125,140.50625,6.277
55406451,7,37.2125,140.51874999999998,5.284
55406452,64,37.2125,140.53125,4.346
55406453,45,37.2125,140.54375,3.508
55406454,62,37.2125,140.55625,2.86
55406455,147,37.2125,140.56875,2.549
55406456,74,37.2125,140.58124999999998,2.696
55406457,34,37.2125,140.59375,3.238
55406458,12,37.2125,140.60625,4.019
55406459,43,37.2125,140.61875,4.927
55406460,13,37.22083333333333,140.50625,5.962
55406461,28,37.22083333333333,140.51874999999998,4.906
55406462,38,37.22083333333333,140.53125,3.878
55406463,106,37.22083333333333,140.54375,2.908
55406464,45,37.22083333333333,140.55625,2.08
55406465,236,37.22083333333333,140.56875,1.627
55406466,84,37.22083333333333,140.58124999999998,1.848
55406467,65,37.22083333333333,140.59375,2.576
55406468,46,37.22083333333333,140.60625,3.508
55406469,29,37.22083333333333,140.61875,4.519
55406470,21,37.229166666666664,140.50625,5.78
55406471,36,37.229166666666664,140.51874999999998,4.683
55406473,40,37.229166666666664,140.54375,2.515
55406474,93,37.229166666666664,140.55625,1.482
55406475,88,37.229166666666664,140.56875,0.717
55406476,76,37.229166666666664,140.58124999999998,1.133
55406477,19,37.229166666666664,140.59375,2.122
55406478,77,37.229166666666664,140.60625,3.189
55406479,69,37.229166666666664,140.61875,4.276
55406480,12,37.237500000000004,140.50625,5.744
55406482,11,37.237500000000004,140.53125,3.534
55406483,54,37.237500000000004,140.54375,2.431
55406484,122,37.237500000000004,140.55625,1.334
55406485,640,37.237500000000004,140.56875,0.316
55406486,34,37.237500000000004,140.58124999999998,0.932
55406487,40,37.237500000000004,140.59375,2.022
55406488,9,37.237500000000004,140.60625,3.123
55406489,26,37.237500000000004,140.61875,4.227
55406491,6,37.24583333333334,140.51874999999998,4.776
55406492,83,37.24583333333334,140.53125,3.713
55406493,41,37.24583333333334,140.54375,2.685
55406494,84,37.24583333333334,140.55625,1.755
55406495,408,37.24583333333334,140.56875,1.184
55406496,37,37.24583333333334,140.58124999999998,1.473
55406497,34,37.24583333333334,140.59375,2.321
55406498,24,37.24583333333334,140.60625,3.325
55406499,10,37.24583333333334,140.61875,3.888
55406500,4,37.170833333333334,140.63125,8.937
55406501,3,37.170833333333334,140.64374999999998,9.638
55406502,3,37.170833333333334,140.65625,10.41
55406505,7,37.170833333333334,140.69375,13.02
55406508,3,37.170833333333334,140.73125,12.582
55406510,17,37.17916666666667,140.63125,8.211
55406511,23,37.17916666666667,140.64374999999998,8.969
55406512,2,37.17916666666667,140.65625,9.794
55406515,4,37.17916666666667,140.69375,12.532
55406516,3,37.17916666666667,140.70624999999998,13.075
55406517,28,37.17916666666667,140.71875,13.682
55406520,13,37.1875,140.63125,7.53
55406521,44,37.1875,140.64374999999998,8.35
55406527,28,37.1875,140.71875,12.936
55406528,17,37.1875,140.73125,13.439
55406530,76,37.19583333333333,140.63125,6.907
55406531,40,37.19583333333333,140.64374999999998,7.792
55406533,7,37.19583333333333,140.66875,9.701
55406534,2,37.19583333333333,140.68125,10.385
55406535,8,37.19583333333333,140.69375,10.917
55406537,69,37.19583333333333,140.71875,12.214
55406538,2,37.19583333333333,140.73125,12.956
55406540,36,37.204166666666666,140.63125,6.357
55406541,38,37.204166666666666,140.64374999999998,7.31
55406542,34,37.204166666666666,140.65625,8.301
55406543,36,37.204166666666666,140.66875,9.085
55406544,30,37.204166666666666,140.68125,9.561
55406547,7,37.204166666666666,140.71875,11.522
55406549,34,37.204166666666666,140.74375,13.136
55406550,15,37.2125,140.63125,5.903
55406551,27,37.2125,140.64374999999998,6.918
55406552,27,37.2125,140.65625,7.835
55406553,13,37.2125,140.66875,8.235
55406554,16,37.2125,140.68125,8.758
55406555,10,37.2125,140.69375,9.383
55406558,42,37.2125,140.73125,11.693
55406559,23,37.2125,140.74375,12.563
55406560,68,37.22083333333333,140.63125,5.567
55406561,6,37.22083333333333,140.64374999999998,6.634
55406562,19,37.22083333333333,140.65625,6.957
55406563,7,37.22083333333333,140.66875,7.405
55406564,8,37.22083333333333,140.68125,7.982
55406565,16,37.22083333333333,140.69375,8.662
55406566,2,37.22083333333333,140.70624999999998,9.424
55406567,8,37.22083333333333,140.71875,10.249
55406570,33,37.229166666666664,140.63125,5.372
55406571,4,37.229166666666664,140.64374999999998,5.756
55406572,2,37.229166666666664,140.65625,6.093
55406576,20,37.229166666666664,140.70624999999998,8.806
55406578,4,37.229166666666664,140.73125,10.603
55406580,65,37.237500000000004,140.63125,4.695
55406581,14,37.237500000000004,140.64374999999998,4.856
55406582,21,37.237500000000004,140.65625,5.25
55406583,15,37.237500000000004,140.66875,5.831
55406584,3,37.237500000000004,140.68125,6.548
55406585,26,37.237500000000004,140.69375,7.362
55406586,13,37.237500000000004,140.70624999999998,8.245
55406587,5,37.237500000000004,140.71875,9.176
55406588,18,37.237500000000004,140.73125,10.142
55406590,29,37.24583333333334,140.63125,3.769
55406591,21,37.24583333333334,140.64374999999998,3.968
55406592,31,37.24583333333334,140.65625,4.441
55406593,106,37.24583333333334,140.66875,5.114
55406594,25,37.24583333333334,140.68125,5.919
55406595,16,37.24583333333334,140.69375,6.809
55406597,39,37.24583333333334,140.71875,8.738
55406598,50,37.24583333333334,140.73125,9.748
55406599,3,37.24583333333334,140.74375,10.777
55406601,1,37.170833333333334,140.76874999999998,9.638
55406602,2,37.170833333333334,140.78125,8.718
55406606,5,37.170833333333334,140.83124999999998,5.744
55406607,11,37.170833333333334,140.84375,5.327
55406608,29,37.170833333333334,140.85625,5.12
55406615,7,37.17916666666667,140.81875,7.098
55406616,41,37.17916666666667,140.83124999999998,6.581
55406623,8,37.1875,140.79375,9.16
55406624,19,37.1875,140.80625,8.481
55406625,6,37.1875,140.81875,7.9
55406627,19,37.1875,140.84375,7.122
55406640,95,37.204166666666666,140.75625,12.797
55406641,3,37.204166666666666,140.76874999999998,12.018
55406660,2,37.22083333333333,140.75625,12.977
55406662,1,37.22083333333333,140.78125,12.791
55406663,18,37.22083333333333,140.79375,12.214
55406670,7,37.229166666666664,140.75625,12.535
55406671,9,37.229166666666664,140.76874999999998,13.533
55406681,4,37.237500000000004,140.76874999999998,13.174
55406687,2,37.237500000000004,140.84375,12.608
55406690,2,37.24583333333334,140.75625,11.819
55406691,3,37.24583333333334,140.76874999999998,12.873
55406697,6,37.24583333333334,140.84375,13.529
55406698,3,37.24583333333334,140.85625,13.449
55406705,63,37.170833333333334,140.94375,5.45
55406706,93,37.170833333333334,140.95624999999998,4.552
55406707,142,37.170833333333334,140.96875,3.767
55406709,227,37.170833333333334,140.99375,2.916
55406715,77,37.17916666666667,140.94375,5.996
55406716,72,37.17916666666667,140.95624999999998,5.193
55406717,12,37.17916666666667,140.96875,4.522
55406718,46,37.17916666666667,140.98125,4.046
55406719,149,37.17916666666667,140.99375,3.841
55406725,27,37.1875,140.94375,6.627
55406726,31,37.1875,140.95624999999998,5.911
55406729,159,37.1875,140.99375,4.767
55406736,91,37.19583333333333,140.95624999999998,6.68
55406737,110,37.19583333333333,140.96875,6.173
55406738,9,37.19583333333333,140.98125,5.833
55406739,199,37.19583333333333,140.99375,5.693
55406745,4,37.204166666666666,140.94375,8.063
55406746,43,37.204166666666666,140.95624999999998,7.485
55406747,53,37.204166666666666,140.96875,7.036
55406748,79,37.204166666666666,140.98125,6.74
55406749,374,37.204166666666666,140.99375,6.619
55406755,3,37.2125,140.94375,8.839
55406757,3,37.2125,140.96875,7.914
55406758,151,37.2125,140.98125,7.652
55406759,922,37.2125,140.99375,7.546
55406766,20,37.22083333333333,140.95624999999998,9.164
55406767,336,37.22083333333333,140.96875,8.801
55406768,130,37.22083333333333,140.98125,8.567
55406769,18,37.22083333333333,140.99375,8.472
55406776,11,37.229166666666664,140.95624999999998,10.027
55406777,65,37.229166666666664,140.96875,9.696
55406778,97,37.229166666666664,140.98125,9.484
55406779,437,37.229166666666664,140.99375,9.399
55406782,10,37.237500000000004,140.90625,13.016
55406787,17,37.237500000000004,140.96875,10.597
55406788,29,37.237500000000004,140.98125,10.403
55406789,151,37.237500000000004,140.99375,10.325
55406797,14,37.24583333333334,140.96875,11.191
55406799,3,37.24583333333334,140.99375,10.578
55407001,2,37.25416666666667,140.01874999999998,12.535
55407002,9,37.25416666666667,140.03125,13.639
55407003,18,37.25416666666667,140.04375,14.743
55407014,7,37.2625,140.05625,15.825
55407020,10,37.270833333333336,140.00625,11.444
55407021,2,37.270833333333336,140.01874999999998,12.546
55407022,41,37.270833333333336,140.03125,13.649
55407023,2,37.270833333333336,140.04375,14.752
55407030,49,37.27916666666667,140.00625,11.562
55407031,25,37.27916666666667,140.01874999999998,12.654
55407034,68,37.27916666666667,140.05625,15.941
55407035,5,37.27916666666667,140.06875,15.42
55407044,3,37.2875,140.05625,16.079
55407054,1,37.295833333333334,140.05625,16.269
55407055,17,37.295833333333334,140.06875,15.448
55407064,2,37.30416666666667,140.05625,16.509
55407073,1,37.3125,140.04375,15.759
55407103,28,37.25416666666667,140.16875,7.414
55407104,2,37.25416666666667,140.18125,6.456
55407105,15,37.25416666666667,140.19375,5.554
55407106,5,37.25416666666667,140.20624999999998,4.738
55407107,33,37.25416666666667,140.21875,4.063
55407108,152,37.25416666666667,140.23125,3.607
55407109,237,37.25416666666667,140.24375,3.458
55407114,50,37.2625,140.18125,6.011
55407115,229,37.2625,140.19375,5.029
55407116,138,37.2625,140.20624999999998,4.111
55407117,118,37.2625,140.21875,3.31
55407119,11,37.2625,140.24375,2.531
55407122,26,37.270833333333336,140.15625,7.83
55407123,63,37.270833333333336,140.16875,6.751
55407124,137,37.270833333333336,140.18125,5.683
55407125,9,37.270833333333336,140.19375,4.632
55407128,45,37.270833333333336,140.23125,1.905
55407129,34,37.270833333333336,140.24375,1.606
55407132,73,37.27916666666667,140.15625,7.693
55407133,207,37.27916666666667,140.16875,6.592
55407134,13,37.27916666666667,140.18125,5.494
55407135,14,37.27916666666667,140.19375,4.398
55407137,15,37.27916666666667,140.21875,2.239
55407138,50,37.27916666666667,140.23125,1.231
55407139,117,37.27916666666667,140.24375,0.681
55407143,62,37.2875,140.16875,6.562
55407144,88,37.2875,140.18125,5.457
55407145,92,37.2875,140.19375,4.353
55407146,197,37.2875,140.20624999999998,3.249
55407147,466,37.2875,140.21875,2.148
55407148,70,37.2875,140.23125,1.058
55407149,157,37.2875,140.24375,0.261
55407153,127,37.295833333333334,140.16875,6.662
55407155,11,37.295833333333334,140.19375,4.502
55407156,99,37.295833333333334,140.20624999999998,3.446
55407157,239,37.295833333333334,140.21875,2.436
55407158,82,37.295833333333334,140.23125,1.562
55407159,147,37.295833333333334,140.24375,1.179
55407166,107,37.30416666666667,140.20624999999998,3.862
55407167,4,37.30416666666667,140.21875,2.996
55407168,25,37.30416666666667,140.23125,2.341
55407169,1,37.30416666666667,140.24375,2.104
55407170,15,37.3125,140.13125,10.327
55407171,13,37.3125,140.14374999999998,9.276
55407175,3,37.3125,140.19375,5.297
55407176,133,37.3125,140.20624999999998,4.435
55407177,85,37.3125,140.21875,3.705
55407178,108,37.3125,140.23125,3.199
55407179,5,37.3125,140.24375,3.03
55407186,137,37.32083333333334,140.20624999999998,5.113
55407187,22,37.32083333333334,140.21875,4.495
55407188,160,37.32083333333334,140.23125,4.087
55407189,175,37.32083333333334,140.24375,3.957
55407198,191,37.32916666666667,140.23125,4.99
55407199,172,37.32916666666667,140.24375,4.883
55407200,169,37.25416666666667,140.25625,3.21
55407201,101,37.25416666666667,140.26874999999998,2.691
55407202,38,37.25416666666667,140.28125,2.574
55407203,175,37.25416666666667,140.29375,2.908
55407204,321,37.25416666666667,140.30625,3.568
55407205,196,37.25416666666667,140.31875,2.794
55407206,1138,37.25416666666667,140.33124999999998,1.69
55407207,3075,37.25416666666667,140.34375,0.597
55407208,132,37.25416666666667,140.35625,0.552
55407209,168,37.25416666666667,140.36875,1.643
55407210,12,37.2625,140.25625,2.534
55407211,55,37.2625,140.26874999999998,1.833
55407212,231,37.2625,140.28125,1.656
55407214,12,37.2625,140.30625,2.975
55407215,545,37.2625,140.31875,2.991
55407216,421,37.2625,140.33124999999998,2.0
55407217,340,37.2625,140.34375,1.225
55407218,979,37.2625,140.35625,1.203
55407219,14,37.2625,140.36875,1.346
55407220,219,37.270833333333336,140.25625,1.993
55407221,349,37.270833333333336,140.26874999999998,1.091
55407222,181,37.270833333333336,140.28125,0.758
55407223,228,37.270833333333336,140.29375,1.55
55407224,117,37.270833333333336,140.30625,2.585
55407225,423,37.270833333333336,140.31875,3.436
55407226,292,37.270833333333336,140.33124999999998,2.619
55407227,56,37.270833333333336,140.34375,2.004
55407228,493,37.270833333333336,140.35625,0.978
55407229,81,37.270833333333336,140.36875,0.422
55407230,482,37.27916666666667,140.25625,1.364
55407231,195,37.27916666666667,140.26874999999998,0.861
55407232,291,37.27916666666667,140.28125,0.352
55407233,378,37.27916666666667,140.29375,1.398
55407234,150,37.27916666666667,140.30625,2.496
55407235,189,37.27916666666667,140.31875,3.577
55407236,421,37.27916666666667,140.33124999999998,2.493
55407237,56,37.27916666666667,140.34375,1.441
55407238,1006,37.27916666666667,140.35625,0.621
55407239,2739,37.27916666666667,140.36875,0.511
55407240,43,37.2875,140.25625,1.21
55407241,57,37.2875,140.26874999999998,1.417
55407242,128,37.2875,140.28125,1.179
55407243,150,37.2875,140.29375,1.794
55407244,38,37.2875,140.30625,2.738
55407245,37,37.2875,140.31875,3.546
55407246,151,37.2875,140.33124999999998,2.447
55407247,77,37.2875,140.34375,1.361
55407248,2139,37.2875,140.35625,0.403
55407249,2445,37.2875,140.36875,0.958
55407250,69,37.295833333333334,140.25625,1.669
55407251,487,37.295833333333334,140.26874999999998,2.234
55407252,319,37.295833333333334,140.28125,2.092
55407253,117,37.295833333333334,140.29375,2.491
55407254,33,37.295833333333334,140.30625,3.237
55407255,308,37.295833333333334,140.31875,3.75
55407256,82,37.295833333333334,140.33124999999998,2.735
55407257,9,37.295833333333334,140.34375,1.829
55407258,3080,37.295833333333334,140.35625,0.978
55407259,2558,37.295833333333334,140.36875,0.343
55407260,122,37.30416666666667,140.25625,2.413
55407261,108,37.30416666666667,140.26874999999998,3.109
55407262,130,37.30416666666667,140.28125,3.013
55407263,90,37.30416666666667,140.29375,3.302
55407264,45,37.30416666666667,140.30625,3.896
55407265,37,37.30416666666667,140.31875,4.018
55407266,146,37.30416666666667,140.33124999999998,2.931
55407267,343,37.30416666666667,140.34375,1.866
55407268,2163,37.30416666666667,140.35625,0.906
55407269,3537,37.30416666666667,140.36875,0.654
55407270,5,37.3125,140.25625,3.252
55407271,68,37.3125,140.26874999999998,3.797
55407272,224,37.3125,140.28125,3.937
55407273,196,37.3125,140.29375,4.162
55407274,115,37.3125,140.30625,4.647
55407275,198,37.3125,140.31875,3.979
55407276,209,37.3125,140.33124999999998,2.878
55407277,105,37.3125,140.34375,1.782
55407278,1395,37.3125,140.35625,0.716
55407279,2842,37.3125,140.36875,0.542
55407280,137,37.32083333333334,140.25625,4.129
55407281,251,37.32083333333334,140.26874999999998,4.571
55407282,158,37.32083333333334,140.28125,4.861
55407283,53,37.32083333333334,140.29375,5.046
55407284,34,37.32083333333334,140.30625,5.219
55407285,27,37.32083333333334,140.31875,4.152
55407286,122,37.32083333333334,140.33124999999998,3.113
55407288,485,37.32083333333334,140.35625,1.386
55407289,1704,37.32083333333334,140.36875,1.305
55407290,139,37.32916666666667,140.25625,5.024
55407291,379,37.32916666666667,140.26874999999998,5.393
55407292,19,37.32916666666667,140.28125,5.787
55407293,257,37.32916666666667,140.29375,5.943
55407294,92,37.32916666666667,140.30625,5.51
55407295,513,37.32916666666667,140.31875,4.513
55407296,338,37.32916666666667,140.33124999999998,3.58
55407297,33,37.32916666666667,140.34375,2.777
55407298,92,37.32916666666667,140.35625,2.247
55407299,667,37.32916666666667,140.36875,2.198
55407300,68,37.25416666666667,140.38125,2.551
55407301,302,37.25416666666667,140.39374999999998,2.805
55407302,177,37.25416666666667,140.40625,3.337
55407303,151,37.25416666666667,140.41875,4.105
55407304,223,37.25416666666667,140.43125,5.001
55407305,266,37.25416666666667,140.44375,5.845
55407306,49,37.25416666666667,140.45624999999998,6.483
55407307,32,37.25416666666667,140.46875,7.235
55407309,20,37.25416666666667,140.49375,7.157
55407310,64,37.2625,140.38125,1.732
55407311,757,37.2625,140.39374999999998,1.954
55407312,185,37.2625,140.40625,2.662
55407313,441,37.2625,140.41875,3.577
55407314,194,37.2625,140.43125,4.578
55407315,135,37.2625,140.44375,5.618
55407316,60,37.2625,140.45624999999998,6.68
55407317,29,37.2625,140.46875,7.754
55407318,9,37.2625,140.48125,8.505
55407319,9,37.2625,140.49375,7.481
55407320,651,37.270833333333336,140.38125,0.816
55407321,95,37.270833333333336,140.39374999999998,1.219
55407322,933,37.270833333333336,140.40625,2.18
55407323,360,37.270833333333336,140.41875,3.235
55407324,130,37.270833333333336,140.43125,4.315
55407325,110,37.270833333333336,140.44375,5.406
55407326,147,37.270833333333336,140.45624999999998,6.502
55407327,28,37.270833333333336,140.46875,7.601
55407328,12,37.270833333333336,140.48125,8.702
55407329,10,37.270833333333336,140.49375,7.9
55407330,3058,37.27916666666667,140.38125,0.225
55407331,1516,37.27916666666667,140.39374999999998,0.932
55407332,180,37.27916666666667,140.40625,2.033
55407333,127,37.27916666666667,140.41875,3.138
55407334,61,37.27916666666667,140.43125,4.243
55407335,185,37.27916666666667,140.44375,5.349
55407336,141,37.27916666666667,140.45624999999998,6.454
55407337,6,37.27916666666667,140.46875,7.56
55407338,2,37.27916666666667,140.48125,8.666
55407339,4,37.27916666666667,140.49375,8.401
55407340,2992,37.2875,140.38125,1.073
55407341,2698,37.2875,140.39374999999998,1.404
55407342,302,37.2875,140.40625,2.288
55407343,123,37.2875,140.41875,3.309
55407344,182,37.2875,140.43125,4.363
55407345,76,37.2875,140.44375,5.438
55407346,33,37.2875,140.45624999999998,6.523
55407347,8,37.2875,140.46875,7.516
55407348,10,37.2875,140.48125,8.323
55407349,2,37.2875,140.49375,8.97
55407350,2650,37.295833333333334,140.38125,0.305
55407351,1406,37.295833333333334,140.39374999999998,0.919
55407352,5,37.295833333333334,140.40625,2.011
55407353,101,37.295833333333334,140.41875,3.112
55407354,124,37.295833333333334,140.43125,4.216
55407355,74,37.295833333333334,140.44375,5.32
55407356,6,37.295833333333334,140.45624999999998,6.083
55407358,5,37.295833333333334,140.48125,7.754
55407359,23,37.295833333333334,140.49375,8.68
55407360,593,37.30416666666667,140.38125,0.739
55407361,214,37.30416666666667,140.39374999999998,1.14
55407362,197,37.30416666666667,140.40625,2.12
55407363,81,37.30416666666667,140.41875,3.184
55407364,84,37.30416666666667,140.43125,4.029
55407365,55,37.30416666666667,140.44375,4.656
55407367,17,37.30416666666667,140.46875,6.317
55407368,7,37.30416666666667,140.48125,7.259
55407369,121,37.30416666666667,140.49375,8.241
55407370,1559,37.3125,140.38125,1.588
55407371,259,37.3125,140.39374999999998,1.863
55407372,214,37.3125,140.40625,2.582
55407373,221,37.3125,140.41875,2.741
55407374,124,37.3125,140.43125,3.243
55407375,167,37.3125,140.44375,3.996
55407376,152,37.3125,140.45624999999998,4.884
55407377,52,37.3125,140.46875,5.847
55407378,76,37.3125,140.48125,6.853
55407379,34,37.3125,140.49375,7.886
55407380,1294,37.32083333333334,140.38125,1.982
55407381,155,37.32083333333334,140.39374999999998,2.2
55407382,281,37.32083333333334,140.40625,1.72
55407383,180,37.32083333333334,140.41875,1.875
55407384,193,37.32083333333334,140.43125,2.554
55407385,109,37.32083333333334,140.44375,3.459
55407386,59,37.32083333333334,140.45624999999998,4.456
55407387,8,37.32083333333334,140.46875,5.495
55407388,40,37.32083333333334,140.48125,6.555
55407389,122,37.32083333333334,140.49375,7.628
55407390,99,37.32916666666667,140.38125,2.624
55407391,146,37.32916666666667,140.39374999999998,1.6
55407392,1283,37.32916666666667,140.40625,0.823
55407393,231,37.32916666666667,140.41875,1.113
55407394,81,37.32916666666667,140.43125,2.059
55407395,101,37.32916666666667,140.44375,3.112
55407396,111,37.32916666666667,140.45624999999998,4.192
55407397,50,37.32916666666667,140.46875,5.283
55407398,8,37.32916666666667,140.48125,6.378
55407399,33,37.32916666666667,140.49375,7.477
55407402,41,37.25416666666667,140.53125,4.099
55407403,5,37.25416666666667,140.54375,3.198
55407404,127,37.25416666666667,140.55625,2.47
55407405,72,37.25416666666667,140.56875,2.103
55407406,5,37.25416666666667,140.58124999999998,2.278
55407408,3,37.25416666666667,140.60625,3.515
55407409,13,37.25416666666667,140.61875,2.999
55407411,2,37.2625,140.51874999999998,5.529
55407413,9,37.2625,140.54375,3.868
55407414,104,37.2625,140.55625,3.292
55407415,39,37.2625,140.56875,3.026
55407416,41,37.2625,140.58124999999998,3.151
55407417,13,37.2625,140.59375,3.625
55407418,101,37.2625,140.60625,2.819
55407419,79,37.2625,140.61875,2.143
55407420,3,37.270833333333336,140.50625,6.963
55407421,6,37.270833333333336,140.51874999999998,6.084
55407423,17,37.270833333333336,140.54375,4.628
55407424,38,37.270833333333336,140.55625,4.158
55407425,13,37.270833333333336,140.56875,3.951
55407426,44,37.270833333333336,140.58124999999998,4.047
55407427,30,37.270833333333336,140.59375,3.326
55407428,19,37.270833333333336,140.60625,2.294
55407429,1,37.270833333333336,140.61875,1.38
55407430,43,37.27916666666667,140.50625,7.527
55407431,28,37.27916666666667,140.51874999999998,6.722
55407432,9,37.27916666666667,140.53125,6.014
55407433,23,37.27916666666667,140.54375,5.44
55407434,12,37.27916666666667,140.55625,5.046
55407435,7,37.27916666666667,140.56875,4.877
55407436,32,37.27916666666667,140.58124999999998,3.922
55407437,59,37.27916666666667,140.59375,3.052
55407438,128,37.27916666666667,140.60625,2.072
55407439,238,37.27916666666667,140.61875,0.967
55407440,13,37.2875,140.50625,8.157
55407442,38,37.2875,140.53125,6.786
55407443,20,37.2875,140.54375,6.283
55407445,14,37.2875,140.56875,4.563
55407446,20,37.2875,140.58124999999998,3.508
55407447,109,37.2875,140.59375,2.497
55407448,136,37.2875,140.60625,1.616
55407449,575,37.2875,140.61875,0.672
55407450,1,37.295833333333334,140.50625,8.84
55407451,18,37.295833333333334,140.51874999999998,8.165
55407452,35,37.295833333333334,140.53125,7.593
55407453,85,37.295833333333334,140.54375,6.62
55407455,21,37.295833333333334,140.56875,4.412
55407456,101,37.295833333333334,140.58124999999998,3.309
55407457,37,37.295833333333334,140.59375,2.209
55407458,48,37.295833333333334,140.60625,1.119
55407459,449,37.295833333333334,140.61875,0.271
55407460,76,37.30416666666667,140.50625,9.251
55407461,3,37.30416666666667,140.51874999999998,8.85
55407462,10,37.30416666666667,140.53125,7.748
55407463,66,37.30416666666667,140.54375,6.647
55407464,16,37.30416666666667,140.55625,5.548
55407465,56,37.30416666666667,140.56875,4.452
55407466,12,37.30416666666667,140.58124999999998,3.362
55407467,132,37.30416666666667,140.59375,2.288
55407468,44,37.30416666666667,140.60625,1.269
55407469,238,37.30416666666667,140.61875,0.657
55407470,44,37.3125,140.50625,8.936
55407471,6,37.3125,140.51874999999998,8.966
55407472,100,37.3125,140.53125,7.88
55407473,39,37.3125,140.54375,6.801
55407475,3,37.3125,140.56875,4.679
55407476,1,37.3125,140.58124999999998,3.658
55407477,106,37.3125,140.59375,2.704
55407478,148,37.3125,140.60625,1.92
55407479,168,37.3125,140.61875,1.583
55407480,24,37.32083333333334,140.50625,8.709
55407481,21,37.32083333333334,140.51874999999998,9.175
55407482,26,37.32083333333334,140.53125,8.117
55407484,11,37.32083333333334,140.55625,6.053
55407485,7,37.32083333333334,140.56875,5.068
55407486,20,37.32083333333334,140.58124999999998,4.144
55407487,30,37.32083333333334,140.59375,3.332
55407488,12,37.32083333333334,140.60625,2.735
55407489,65,37.32083333333334,140.61875,2.51
55407491,10,37.32916666666667,140.51874999999998,9.47
55407492,10,37.32916666666667,140.53125,8.449
55407494,21,37.32916666666667,140.55625,6.492
55407495,15,37.32916666666667,140.56875,5.585
55407496,32,37.32916666666667,140.58124999999998,4.762
55407497,91,37.32916666666667,140.59375,4.076
55407498,80,37.32916666666667,140.60625,3.604
55407499,53,37.32916666666667,140.61875,3.437
55407500,13,37.25416666666667,140.63125,2.843
55407501,44,37.25416666666667,140.64374999999998,3.102
55407502,133,37.25416666666667,140.65625,3.688
55407503,119,37.25416666666667,140.66875,4.476
55407504,19,37.25416666666667,140.68125,5.377
55407505,8,37.25416666666667,140.69375,6.343
55407506,30,37.25416666666667,140.70624999999998,7.349
55407507,38,37.25416666666667,140.71875,8.38
55407508,30,37.25416666666667,140.73125,9.428
55407509,2,37.25416666666667,140.74375,10.488
55407510,46,37.2625,140.63125,1.918
55407511,30,37.2625,140.64374999999998,2.284
55407512,90,37.2625,140.65625,3.033
55407513,34,37.2625,140.66875,3.953
55407514,31,37.2625,140.68125,4.95
55407515,43,37.2625,140.69375,5.986
55407516,18,37.2625,140.70624999999998,7.043
55407517,6,37.2625,140.71875,8.113
55407518,3,37.2625,140.73125,9.191
55407520,523,37.270833333333336,140.63125,0.997
55407521,169,37.270833333333336,140.64374999999998,1.59
55407522,10,37.270833333333336,140.65625,2.552
55407523,58,37.270833333333336,140.66875,3.597
55407524,24,37.270833333333336,140.68125,4.671
55407525,3,37.270833333333336,140.69375,5.756
55407526,9,37.270833333333336,140.70624999999998,6.849
55407527,10,37.270833333333336,140.71875,7.945
55407528,9,37.270833333333336,140.73125,9.043
55407530,1348,37.27916666666667,140.63125,0.153
55407531,52,37.27916666666667,140.64374999999998,1.249
55407533,38,37.27916666666667,140.66875,3.46
55407534,3,37.27916666666667,140.68125,4.565
55407535,9,37.27916666666667,140.69375,5.671
55407540,1236,37.2875,140.63125,0.6
55407541,193,37.2875,140.64374999999998,1.519
55407542,17,37.2875,140.65625,2.508
55407543,11,37.2875,140.66875,3.566
55407546,6,37.2875,140.70624999999998,6.832
55407547,6,37.2875,140.71875,7.93
55407548,10,37.2875,140.73125,9.03
55407550,77,37.295833333333334,140.63125,0.799
55407551,77,37.295833333333334,140.64374999999998,1.73
55407552,131,37.295833333333334,140.65625,2.791
55407553,18,37.295833333333334,140.66875,3.878
55407554,12,37.295833333333334,140.68125,4.904
55407555,6,37.295833333333334,140.69375,5.947
55407556,43,37.295833333333334,140.70624999999998,7.01
55407557,15,37.295833333333334,140.71875,8.084
55407558,26,37.295833333333334,140.73125,9.165
55407561,114,37.30416666666667,140.64374999999998,2.233
55407562,149,37.30416666666667,140.65625,3.128
55407563,41,37.30416666666667,140.66875,4.127
55407566,35,37.30416666666667,140.70624999999998,7.301
55407567,12,37.30416666666667,140.71875,8.338
55407568,19,37.30416666666667,140.73125,9.39
55407570,40,37.3125,140.63125,1.942
55407572,148,37.3125,140.65625,3.674
55407573,3,37.3125,140.66875,4.554
55407576,10,37.3125,140.70624999999998,7.559
55407580,59,37.32083333333334,140.63125,2.751
55407581,14,37.32083333333334,140.64374999999998,3.358
55407582,742,37.32083333333334,140.65625,4.175
55407583,1,37.32083333333334,140.66875,5.102
55407586,22,37.32083333333334,140.70624999999998,7.91
55407590,18,37.32916666666667,140.63125,3.616
55407592,464,37.32916666666667,140.65625,4.789
55407593,466,37.32916666666667,140.66875,5.616
55407594,145,37.32916666666667,140.68125,6.525
55407595,114,37.32916666666667,140.69375,7.425
55407596,10,37.32916666666667,140.70624999999998,8.349
55407597,2,37.32916666666667,140.71875,9.313
55407601,5,37.25416666666667,140.76874999999998,12.632
55407602,6,37.25416666666667,140.78125,13.712
55407603,4,37.25416666666667,140.79375,14.796
55407611,24,37.2625,140.76874999999998,12.456
55407614,2,37.2625,140.80625,15.743
55407618,3,37.2625,140.85625,15.301
55407621,10,37.270833333333336,140.76874999999998,12.347
55407622,3,37.270833333333336,140.78125,13.45
55407625,4,37.270833333333336,140.81875,16.648
55407626,16,37.270833333333336,140.83124999999998,16.435
55407631,2,37.27916666666667,140.76874999999998,12.307
55407632,1,37.27916666666667,140.78125,13.413
55407636,5,37.27916666666667,140.83124999999998,17.35
55407638,5,37.27916666666667,140.85625,15.586
55407640,10,37.2875,140.75625,11.234
55407645,3,37.2875,140.81875,16.752
55407646,15,37.2875,140.83124999999998,17.276
55407647,21,37.2875,140.84375,16.239
55407650,22,37.295833333333334,140.75625,11.342
55407655,3,37.295833333333334,140.81875,16.825
55407656,5,37.295833333333334,140.83124999999998,16.989
55407657,1,37.295833333333334,140.84375,15.932
55407660,14,37.30416666666667,140.75625,11.525
55407661,19,37.30416666666667,140.76874999999998,12.602
55407665,4,37.30416666666667,140.81875,16.948
55407667,20,37.30416666666667,140.84375,15.675
55407670,2,37.3125,140.75625,11.777
55407671,45,37.3125,140.76874999999998,12.833
55407676,62,37.3125,140.83124999999998,16.554
55407677,86,37.3125,140.84375,15.468
55407682,38,37.32083333333334,140.78125,14.167
55407684,2,37.32083333333334,140.80625,16.276
55407686,40,37.32083333333334,140.83124999999998,16.411
55407687,31,37.32083333333334,140.84375,15.315
55407692,13,37.32916666666667,140.78125,14.439
55407693,12,37.32916666666667,140.79375,15.497
55407694,6,37.32916666666667,140.80625,16.559
55407695,230,37.32916666666667,140.81875,17.422
55407696,199,37.32916666666667,140.83124999999998,16.32
55407697,10,37.32916666666667,140.84375,15.217
55407707,14,37.25416666666667,140.96875,10.336
55407709,166,37.25416666666667,140.99375,9.668
55407719,471,37.2625,140.99375,8.761
55407726,10,37.270833333333336,140.95624999999998,9.245
55407727,7,37.270833333333336,140.96875,8.668
55407728,74,37.270833333333336,140.98125,8.199
55407729,121,37.270833333333336,140.99375,7.86
55407731,2,37.27916666666667,140.89374999999998,12.672
55407735,1,37.27916666666667,140.94375,9.219
55407736,15,37.27916666666667,140.95624999999998,8.497
55407737,55,37.27916666666667,140.96875,7.865
55407738,143,37.27916666666667,140.98125,7.346
55407739,576,37.27916666666667,140.99375,6.965
55407748,36,37.2875,140.98125,6.512
55407749,175,37.2875,140.99375,6.079
55407758,52,37.295833333333334,140.98125,5.707
55407759,198,37.295833333333334,140.99375,5.208
55407767,51,37.30416666666667,140.96875,5.688
55407768,36,37.30416666666667,140.98125,4.945
55407769,22,37.30416666666667,140.99375,4.359
55407777,36,37.3125,140.96875,5.094
55407778,26,37.3125,140.98125,4.249
55407788,1,37.32083333333334,140.98125,3.656
55407789,3,37.32083333333334,140.99375,2.814
55407790,6,37.32916666666667,140.88125,11.914
55407797,2,37.32916666666667,140.96875,4.277
55407798,9,37.32916666666667,140.98125,3.225
55407799,27,37.32916666666667,140.99375,2.225
55415070,109,37.14583333333333,141.00625,0.94
55416020,4,37.1875,141.00625,4.854
55416030,13,37.19583333333333,141.00625,5.766
55416040,34,37.204166666666666,141.00625,6.682
55416050,483,37.2125,141.00625,7.601
55416060,808,37.22083333333333,141.00625,8.521
55416070,499,37.229166666666664,141.00625,9.443
55416080,30,37.237500000000004,141.00625,10.365
55416090,51,37.24583333333334,141.00625,10.435
55417000,139,37.25416666666667,141.00625,9.511
55417010,172,37.2625,141.00625,8.588
55417020,164,37.270833333333336,141.00625,7.666
55417021,88,37.270833333333336,141.01874999999998,7.629
55417030,403,37.27916666666667,141.00625,6.745
55417031,23,37.27916666666667,141.01874999999998,6.703
55417040,153,37.2875,141.00625,5.826
55417041,22,37.2875,141.01874999999998,5.778
55417050,133,37.295833333333334,141.00625,4.91
55417051,19,37.295833333333334,141.01874999999998,4.853
55417060,10,37.30416666666667,141.00625,3.999
55417061,20,37.30416666666667,141.01874999999998,3.928
55417070,4,37.3125,141.00625,3.097
55417071,5,37.3125,141.01874999999998,3.005
55417080,23,37.32083333333334,141.00625,2.216
55417090,93,37.32916666666667,141.00625,1.395
55417091,122,37.32916666666667,141.01874999999998,1.175
56390204,27,37.337500000000006,139.30625,40.454
56390205,30,37.337500000000006,139.31875,39.64
56390206,25,37.337500000000006,139.33124999999998,38.84
56390214,84,37.34583333333334,139.30625,39.84
56390215,578,37.34583333333334,139.31875,39.013
56390225,276,37.35416666666667,139.31875,38.398
56390232,1,37.362500000000004,139.28125,40.392
56390233,28,37.362500000000004,139.29375,39.515
56390234,2,37.362500000000004,139.30625,38.649
56390235,35,37.362500000000004,139.31875,37.796
56390245,75,37.37083333333334,139.31875,37.208
56390255,5,37.37916666666667,139.31875,36.633
56390256,83,37.37916666666667,139.33124999999998,35.766
56390257,79,37.37916666666667,139.34375,34.913
56390267,20,37.3875,139.34375,34.325
56390268,7,37.3875,139.35625,33.471
56390278,40,37.395833333333336,139.35625,32.884
56390279,10,37.395833333333336,139.36875,32.03
56390307,11,37.337500000000006,139.46875,30.562
56390308,47,37.337500000000006,139.48125,29.604
56390309,20,37.337500000000006,139.49375,28.657
56390318,19,37.34583333333334,139.48125,29.927
56390319,4,37.34583333333334,139.49375,29.153
56390326,10,37.35416666666667,139.45624999999998,30.293
56390335,23,37.362500000000004,139.44375,30.172
56390345,19,37.37083333333334,139.44375,29.432
56390362,5,37.3875,139.40625,30.217
56390364,44,37.3875,139.43125,28.707
56390371,21,37.395833333333336,139.39374999999998,30.369
56390372,85,37.395833333333336,139.40625,29.566
56390373,100,37.395833333333336,139.41875,28.782
56390374,101,37.395833333333336,139.43125,28.02
56390375,110,37.395833333333336,139.44375,27.281
56390376,33,37.395833333333336,139.45624999999998,26.568
56390377,40,37.395833333333336,139.46875,25.882
56390387,7,37.404166666666676,139.46875,25.153
56390408,143,37.337500000000006,139.60625,20.847
56390409,7,37.337500000000006,139.61875,20.097
56390417,27,37.34583333333334,139.59375,22.281
56390418,42,37.34583333333334,139.60625,21.524
56390426,85,37.35416666666667,139.58124999999998,23.717
56390427,6,37.35416666666667,139.59375,22.954
56390435,86,37.362500000000004,139.56875,25.153
56390436,9,37.362500000000004,139.58124999999998,24.385
56390444,40,37.37083333333334,139.55625,24.657
56390454,2,37.37916666666667,139.55625,23.782
56390478,4,37.395833333333336,139.60625,20.846
56390479,18,37.395833333333336,139.61875,20.652
56390484,37,37.404166666666676,139.55625,21.187
56390489,30,37.404166666666676,139.61875,19.763
56390493,29,37.41250000000001,139.54375,20.793
56390494,5,37.41250000000001,139.55625,20.332
56390503,19,37.337500000000006,139.66875,17.477
56390513,24,37.34583333333334,139.66875,18.28
56390523,10,37.35416666666667,139.66875,19.094
56390553,10,37.37916666666667,139.66875,17.545
56390554,40,37.37916666666667,139.68125,16.624
56390564,3,37.3875,139.68125,16.117
56390578,12,37.395833333333336,139.73125,11.974
56390585,35,37.404166666666676,139.69375,14.236
56390586,43,37.404166666666676,139.70624999999998,13.269
56390595,21,37.41250000000001,139.69375,13.827
56390598,4,37.41250000000001,139.73125,10.898
56390608,74,37.337500000000006,139.85625,8.631
56390609,36,37.337500000000006,139.86875,8.46
56390614,6,37.34583333333334,139.80625,11.274
56390624,14,37.35416666666667,139.80625,12.054
56390634,9,37.362500000000004,139.80625,11.58
56390654,5,37.37916666666667,139.80625,9.785
56390655,26,37.37916666666667,139.81875,9.545
56390656,18,37.37916666666667,139.83124999999998,9.428
56390657,6,37.37916666666667,139.84375,9.439
56390663,32,37.3875,139.79375,9.287
56390665,58,37.3875,139.81875,8.632
56390668,9,37.3875,139.85625,8.295
56390669,8,37.3875,139.86875,7.865
56390673,47,37.395833333333336,139.79375,8.449
56390675,31,37.395833333333336,139.81875,7.722
56390678,19,37.395833333333336,139.85625,7.477
56390683,37,37.404166666666676,139.79375,7.63
56390684,32,37.404166666666676,139.80625,7.15
56390685,4,37.404166666666676,139.81875,6.817
56390688,4,37.404166666666676,139.85625,6.687
56390693,12,37.41250000000001,139.79375,6.839
56390694,20,37.41250000000001,139.80625,6.3
56390695,8,37.41250000000001,139.81875,5.919
56390696,77,37.41250000000001,139.83124999999998,5.728
56390697,5,37.41250000000001,139.84375,5.747
56390698,23,37.41250000000001,139.85625,5.938
56390699,135,37.41250000000001,139.86875,5.32
56390703,46,37.337500000000006,139.91875,9.184
56390713,16,37.34583333333334,139.91875,10.04
56390723,15,37.35416666666667,139.91875,10.909
56390732,245,37.362500000000004,139.90625,10.228
56390733,63,37.362500000000004,139.91875,10.364
56390737,26,37.362500000000004,139.96875,11.958
56390742,51,37.37083333333334,139.90625,9.304
56390743,58,37.37083333333334,139.91875,9.453
56390744,12,37.37083333333334,139.93125,9.726
56390747,44,37.37083333333334,139.96875,11.177
56390753,65,37.37916666666667,139.91875,8.546
56390754,36,37.37916666666667,139.93125,8.847
56390756,11,37.37916666666667,139.95624999999998,9.8
56390763,34,37.3875,139.91875,7.643
56390764,186,37.3875,139.93125,7.978
56390774,271,37.395833333333336,139.93125,7.124
56390782,59,37.404166666666676,139.90625,5.616
56390783,56,37.404166666666676,139.91875,5.86
56390784,71,37.404166666666676,139.93125,6.29
56390785,3,37.404166666666676,139.94375,6.873
56390787,11,37.404166666666676,139.96875,8.36
56390790,10,37.41250000000001,139.88125,4.878
56390792,56,37.41250000000001,139.90625,4.698
56390793,96,37.41250000000001,139.91875,4.987
56390799,8,37.41250000000001,139.99375,9.105
56391318,31,37.429166666666674,139.48125,22.311
56391328,5,37.43750000000001,139.48125,21.621
56391339,88,37.44583333333334,139.49375,20.192
56391403,70,37.42083333333334,139.54375,19.965
56391413,13,37.429166666666674,139.54375,19.146
56391422,59,37.43750000000001,139.53125,18.911
56391424,8,37.43750000000001,139.55625,17.813
56391425,4,37.43750000000001,139.56875,17.343
56391430,143,37.44583333333334,139.50625,19.469
56391436,45,37.44583333333334,139.58124999999998,16.065
56391437,11,37.44583333333334,139.59375,15.698
56391441,198,37.45416666666667,139.51874999999998,18.053
56391442,36,37.45416666666667,139.53125,17.382
56391446,7,37.45416666666667,139.58124999999998,15.205
56391452,86,37.462500000000006,139.53125,16.642
56391456,3,37.462500000000006,139.58124999999998,14.354
56391457,25,37.462500000000006,139.59375,13.942
56391458,23,37.462500000000006,139.60625,13.608
56391462,172,37.47083333333334,139.53125,15.921
56391464,13,37.47083333333334,139.55625,14.601
56391466,8,37.47083333333334,139.58124999999998,13.512
56391467,1,37.47083333333334,139.59375,13.074
56391472,69,37.47916666666667,139.53125,15.223
56391473,11,37.47916666666667,139.54375,14.504
56391474,61,37.47916666666667,139.55625,13.836
56391475,17,37.47916666666667,139.56875,13.226
56391476,21,37.47916666666667,139.58124999999998,12.683
56391485,11,37.48750000000001,139.56875,12.447
56391501,31,37.42083333333334,139.64374999999998,17.667
56391508,29,37.42083333333334,139.73125,10.442
56391514,29,37.429166666666674,139.68125,14.228
56391518,16,37.429166666666674,139.73125,10.051
56391524,51,37.43750000000001,139.68125,14.005
56391527,37,37.43750000000001,139.71875,10.79
56391532,49,37.44583333333334,139.65625,14.988
56391534,52,37.44583333333334,139.68125,13.84
56391535,73,37.44583333333334,139.69375,12.749
56391536,13,37.44583333333334,139.70624999999998,11.661
56391537,11,37.44583333333334,139.71875,10.575
56391541,17,37.45416666666667,139.64374999999998,14.045
56391542,3,37.45416666666667,139.65625,14.062
56391545,23,37.45416666666667,139.69375,12.636
56391546,36,37.45416666666667,139.70624999999998,11.537
56391547,58,37.45416666666667,139.71875,10.439
56391550,2,37.462500000000006,139.63125,13.192
56391551,60,37.462500000000006,139.64374999999998,13.118
56391555,49,37.462500000000006,139.69375,12.093
56391557,11,37.462500000000006,139.71875,10.384
56391560,35,37.47083333333334,139.63125,12.271
56391561,437,37.47083333333334,139.64374999999998,12.192
56391562,58,37.47083333333334,139.65625,12.212
56391567,10,37.47083333333334,139.71875,10.278
56391571,2,37.47916666666667,139.64374999999998,11.266
56391572,78,37.47916666666667,139.65625,11.288
56391573,53,37.47916666666667,139.66875,11.417
56391579,16,37.47916666666667,139.74375,8.351
56391580,21,37.48750000000001,139.63125,10.432
56391581,87,37.48750000000001,139.64374999999998,10.339
56391582,91,37.48750000000001,139.65625,10.364
56391583,17,37.48750000000001,139.66875,10.504
56391584,83,37.48750000000001,139.68125,10.52
56391585,109,37.48750000000001,139.69375,9.796
56391589,12,37.48750000000001,139.74375,7.839
56391592,104,37.495833333333344,139.65625,9.44
56391593,15,37.495833333333344,139.66875,9.594
56391594,2,37.495833333333344,139.68125,9.866
56391595,41,37.495833333333344,139.69375,9.09
56391596,13,37.495833333333344,139.70624999999998,8.388
56391603,24,37.42083333333334,139.79375,6.087
56391604,9,37.42083333333334,139.80625,5.474
56391606,42,37.42083333333334,139.83124999999998,4.805
56391607,235,37.42083333333334,139.84375,4.827
56391608,27,37.42083333333334,139.85625,5.095
56391613,69,37.429166666666674,139.79375,5.389
56391614,254,37.429166666666674,139.80625,4.685
56391615,52,37.429166666666674,139.81875,4.159
56391616,203,37.429166666666674,139.83124999999998,3.883
56391617,44,37.429166666666674,139.84375,3.911
56391619,141,37.429166666666674,139.86875,3.811
56391624,74,37.43750000000001,139.80625,3.958
56391625,245,37.43750000000001,139.81875,3.318
56391626,151,37.43750000000001,139.83124999999998,2.965
56391627,57,37.43750000000001,139.84375,3.001
56391628,180,37.43750000000001,139.85625,3.415
56391629,70,37.43750000000001,139.86875,3.155
56391633,12,37.44583333333334,139.79375,4.264
56391634,145,37.44583333333334,139.80625,3.33
56391635,96,37.44583333333334,139.81875,2.537
56391636,936,37.44583333333334,139.83124999999998,2.054
56391637,176,37.44583333333334,139.84375,2.106
56391638,165,37.44583333333334,139.85625,2.662
56391639,97,37.44583333333334,139.86875,2.612
56391643,55,37.45416666666667,139.79375,3.914
56391644,211,37.45416666666667,139.80625,2.87
56391645,66,37.45416666666667,139.81875,1.893
56391646,775,37.45416666666667,139.83124999999998,1.169
56391647,802,37.45416666666667,139.84375,1.258
56391648,147,37.45416666666667,139.85625,1.848
56391649,131,37.45416666666667,139.86875,2.282
56391654,153,37.462500000000006,139.80625,2.664
56391655,137,37.462500000000006,139.81875,1.564
56391656,570,37.462500000000006,139.83124999999998,0.478
56391657,1698,37.462500000000006,139.84375,0.667
56391658,70,37.462500000000006,139.85625,0.94
56391659,94,37.462500000000006,139.86875,1.636
56391661,2,37.47083333333334,139.76874999999998,6.02
56391662,2,37.47083333333334,139.78125,4.928
56391665,208,37.47083333333334,139.81875,1.739
56391667,1007,37.47083333333334,139.84375,0.824
56391668,429,37.47083333333334,139.85625,0.262
56391669,178,37.47083333333334,139.86875,1.364
56391672,4,37.47916666666667,139.78125,5.155
56391675,195,37.47916666666667,139.81875,2.307
56391676,113,37.47916666666667,139.83124999999998,1.762
56391677,74,37.47916666666667,139.84375,1.254
56391678,113,37.47916666666667,139.85625,0.985
56391679,143,37.47916666666667,139.86875,1.663
56391685,273,37.48750000000001,139.81875,3.056
56391687,295,37.48750000000001,139.84375,2.045
56391688,201,37.48750000000001,139.85625,1.892
56391689,61,37.48750000000001,139.86875,2.32
56391695,180,37.495833333333344,139.81875,3.882
56391696,58,37.495833333333344,139.83124999999998,3.397
56391697,71,37.495833333333344,139.84375,2.917
56391698,130,37.495833333333344,139.85625,2.812
56391699,201,37.495833333333344,139.86875,3.029
56391702,63,37.42083333333334,139.90625,3.785
56391703,71,37.42083333333334,139.91875,4.138
56391708,1,37.42083333333334,139.98125,7.683
56391710,228,37.429166666666674,139.88125,3.165
56391711,5,37.429166666666674,139.89374999999998,2.817
56391712,100,37.429166666666674,139.90625,2.88
56391713,67,37.429166666666674,139.91875,3.33
56391714,25,37.429166666666674,139.93125,4.04
56391720,5,37.43750000000001,139.88125,2.388
56391721,59,37.43750000000001,139.89374999999998,1.904
56391722,85,37.43750000000001,139.90625,1.996
56391723,219,37.43750000000001,139.91875,2.604
56391724,2,37.43750000000001,139.93125,3.465
56391730,408,37.44583333333334,139.88125,1.717
56391731,224,37.44583333333334,139.89374999999998,1.015
56391732,14,37.44583333333334,139.90625,1.178
56391733,189,37.44583333333334,139.91875,2.045
56391740,819,37.45416666666667,139.88125,1.241
56391741,2155,37.45416666666667,139.89374999999998,0.314
56391742,215,37.45416666666667,139.90625,0.714
56391743,313,37.45416666666667,139.91875,1.818
56391744,93,37.45416666666667,139.93125,2.242
56391750,93,37.462500000000006,139.88125,1.359
56391751,312,37.462500000000006,139.89374999999998,0.638
56391752,64,37.462500000000006,139.90625,0.977
56391753,782,37.462500000000006,139.91875,1.381
56391754,408,37.462500000000006,139.93125,1.358
56391760,173,37.47083333333334,139.88125,1.968
56391761,697,37.47083333333334,139.89374999999998,0.955
56391762,2688,37.47083333333334,139.90625,0.052
56391763,2337,37.47083333333334,139.91875,0.666
56391764,3482,37.47083333333334,139.93125,0.617
56391765,23,37.47083333333334,139.94375,1.276
56391766,3,37.47083333333334,139.95624999999998,2.029
56391767,10,37.47083333333334,139.96875,3.007
56391770,195,37.47916666666667,139.88125,2.135
56391771,519,37.47916666666667,139.89374999999998,1.143
56391772,4935,37.47916666666667,139.90625,0.701
56391773,5275,37.47916666666667,139.91875,0.781
56391774,4520,37.47916666666667,139.93125,0.567
56391775,1321,37.47916666666667,139.94375,0.614
56391776,268,37.47916666666667,139.95624999999998,1.693
56391777,36,37.47916666666667,139.96875,2.791
56391780,132,37.48750000000001,139.88125,2.432
56391781,16,37.48750000000001,139.89374999999998,1.339
56391782,4376,37.48750000000001,139.90625,0.328
56391783,4727,37.48750000000001,139.91875,0.5
56391784,2680,37.48750000000001,139.93125,0.503
56391785,3559,37.48750000000001,139.94375,0.919
56391786,630,37.48750000000001,139.95624999999998,1.826
56391790,147,37.495833333333344,139.88125,2.689
56391791,124,37.495833333333344,139.89374999999998,1.765
56391792,1865,37.495833333333344,139.90625,1.195
56391793,5573,37.495833333333344,139.91875,0.399
56391794,3922,37.495833333333344,139.93125,0.687
56391795,5220,37.495833333333344,139.94375,0.665
56391796,394,37.495833333333344,139.95624999999998,1.648
56391799,86,37.495833333333344,139.99375,4.528
56392469,61,37.55416666666667,139.61875,3.862
56392487,84,37.57083333333334,139.59375,4.849
56392488,31,37.57083333333334,139.60625,3.782
56392499,27,37.57916666666667,139.61875,2.53
56392504,45,37.50416666666667,139.68125,8.99
56392506,66,37.50416666666667,139.70624999999998,7.665
56392507,100,37.50416666666667,139.71875,6.994
56392508,42,37.50416666666667,139.73125,6.443
56392509,14,37.50416666666667,139.74375,6.044
56392512,31,37.5125,139.65625,7.594
56392513,2,37.5125,139.66875,7.785
56392515,3,37.5125,139.69375,7.819
56392516,36,37.5125,139.70624999999998,6.991
56392517,49,37.5125,139.71875,6.248
56392518,28,37.5125,139.73125,5.623
56392519,7,37.5125,139.74375,5.162
56392520,8,37.520833333333336,139.63125,6.779
56392522,30,37.520833333333336,139.65625,6.673
56392526,253,37.520833333333336,139.70624999999998,6.38
56392527,85,37.520833333333336,139.71875,5.555
56392529,13,37.520833333333336,139.74375,4.298
56392533,13,37.52916666666667,139.66875,6.003
56392534,5,37.52916666666667,139.68125,6.434
56392536,8,37.52916666666667,139.70624999999998,5.852
56392537,265,37.52916666666667,139.71875,4.941
56392538,205,37.52916666666667,139.73125,4.123
56392543,8,37.5375,139.66875,5.132
56392547,407,37.5375,139.71875,4.436
56392548,14,37.5375,139.73125,3.502
56392553,54,37.545833333333334,139.66875,4.283
56392554,12,37.545833333333334,139.68125,4.868
56392557,55,37.545833333333334,139.71875,4.081
56392558,215,37.545833333333334,139.73125,3.041
56392559,100,37.545833333333334,139.74375,2.067
56392563,11,37.55416666666667,139.66875,3.474
56392564,14,37.55416666666667,139.68125,4.174
56392566,58,37.55416666666667,139.70624999999998,5.019
56392568,12,37.55416666666667,139.73125,2.819
56392569,162,37.55416666666667,139.74375,1.724
56392570,3,37.5625,139.63125,2.451
56392572,15,37.5625,139.65625,2.141
56392573,53,37.5625,139.66875,2.741
56392580,32,37.57083333333334,139.63125,1.781
56392581,16,37.57083333333334,139.64374999999998,1.116
56392582,12,37.57083333333334,139.65625,1.322
56392583,81,37.57083333333334,139.66875,2.162
56392584,15,37.57083333333334,139.68125,3.167
56392585,12,37.57083333333334,139.69375,4.221
56392589,43,37.57083333333334,139.74375,2.351
56392590,17,37.57916666666667,139.63125,1.432
56392591,44,37.57916666666667,139.64374999999998,0.353
56392592,162,37.57916666666667,139.65625,0.791
56392597,15,37.57916666666667,139.71875,4.664
56392599,128,37.57916666666667,139.74375,3.062
56392600,10,37.50416666666667,139.75625,5.829
56392601,10,37.50416666666667,139.76874999999998,5.819
56392604,206,37.50416666666667,139.80625,5.212
56392605,173,37.50416666666667,139.81875,4.745
56392606,229,37.50416666666667,139.83124999999998,4.149
56392607,215,37.50416666666667,139.84375,3.245
56392608,32,37.50416666666667,139.85625,2.504
56392609,267,37.50416666666667,139.86875,2.108
56392610,54,37.5125,139.75625,4.908
56392614,48,37.5125,139.80625,5.186
56392615,248,37.5125,139.81875,4.793
56392616,261,37.5125,139.83124999999998,3.769
56392617,101,37.5125,139.84375,2.741
56392618,182,37.5125,139.85625,1.804
56392619,274,37.5125,139.86875,1.195
56392623,61,37.520833333333336,139.79375,4.78
56392624,8,37.520833333333336,139.80625,4.378
56392625,356,37.520833333333336,139.81875,3.905
56392626,448,37.520833333333336,139.83124999999998,3.592
56392627,59,37.520833333333336,139.84375,2.494
56392628,266,37.520833333333336,139.85625,1.4
56392629,798,37.520833333333336,139.86875,0.364
56392633,49,37.52916666666667,139.79375,4.049
56392634,174,37.52916666666667,139.80625,3.626
56392635,112,37.52916666666667,139.81875,3.039
56392636,199,37.52916666666667,139.83124999999998,2.784
56392637,75,37.52916666666667,139.84375,2.576
56392638,168,37.52916666666667,139.85625,1.543
56392639,103,37.52916666666667,139.86875,0.744
56392643,252,37.5375,139.79375,3.415
56392645,133,37.5375,139.81875,2.223
56392646,239,37.5375,139.83124999999998,1.858
56392647,45,37.5375,139.84375,2.097
56392648,244,37.5375,139.85625,2.126
56392649,1,37.5375,139.86875,1.641
56392653,30,37.545833333333334,139.79375,2.87
56392654,342,37.545833333333334,139.80625,2.411
56392655,135,37.545833333333334,139.81875,1.537
56392656,35,37.545833333333334,139.83124999999998,0.936
56392657,199,37.545833333333334,139.84375,1.348
56392658,69,37.545833333333334,139.85625,2.278
56392659,203,37.545833333333334,139.86875,2.559
56392660,146,37.55416666666667,139.75625,0.651
56392661,74,37.55416666666667,139.76874999999998,0.55
56392663,16,37.55416666666667,139.79375,2.06
56392664,140,37.55416666666667,139.80625,1.651
56392665,1003,37.55416666666667,139.81875,1.204
56392666,993,37.55416666666667,139.83124999999998,0.124
56392667,211,37.55416666666667,139.84375,0.978
56392668,218,37.55416666666667,139.85625,2.08
56392669,272,37.55416666666667,139.86875,3.182
56392670,24,37.5625,139.75625,0.917
56392671,73,37.5625,139.76874999999998,0.849
56392672,4,37.5625,139.78125,1.74
56392674,1024,37.5625,139.80625,0.768
56392675,3023,37.5625,139.81875,0.279
56392676,1237,37.5625,139.83124999999998,0.934
56392677,280,37.5625,139.84375,1.347
56392678,87,37.5625,139.85625,2.277
56392679,232,37.5625,139.86875,3.314
56392680,33,37.57083333333334,139.75625,1.725
56392681,130,37.57083333333334,139.76874999999998,1.69
56392682,35,37.57083333333334,139.78125,2.272
56392683,234,37.57083333333334,139.79375,1.188
56392684,454,37.57083333333334,139.80625,0.179
56392685,283,37.57083333333334,139.81875,0.532
56392686,191,37.57083333333334,139.83124999999998,1.255
56392687,198,37.57083333333334,139.84375,2.095
56392688,124,37.57083333333334,139.85625,2.785
56392689,288,37.57083333333334,139.86875,3.451
56392690,45,37.57916666666667,139.75625,2.613
56392691,203,37.57916666666667,139.76874999999998,2.59
56392693,50,37.57916666666667,139.79375,1.603
56392694,144,37.57916666666667,139.80625,1.091
56392695,116,37.57916666666667,139.81875,1.453
56392696,117,37.57916666666667,139.83124999999998,1.881
56392697,133,37.57916666666667,139.84375,2.686
56392698,8,37.57916666666667,139.85625,3.471
56392700,157,37.50416666666667,139.88125,2.246
56392701,175,37.50416666666667,139.89374999999998,1.853
56392702,1171,37.50416666666667,139.90625,0.753
56392703,5746,37.50416666666667,139.91875,0.36
56392704,4954,37.50416666666667,139.93125,0.249
56392705,4998,37.50416666666667,139.94375,0.67
56392706,1285,37.50416666666667,139.95624999999998,1.18
56392709,16,37.50416666666667,139.99375,4.266
56392710,868,37.5125,139.88125,1.426
56392711,125,37.5125,139.89374999999998,2.037
56392712,220,37.5125,139.90625,1.082
56392713,344,37.5125,139.91875,0.79
56392714,4141,37.5125,139.93125,0.584
56392715,4470,37.5125,139.94375,0.262
56392716,1579,37.5125,139.95624999999998,0.899
56392718,54,37.5125,139.98125,3.096
56392719,79,37.5125,139.99375,4.197
56392720,794,37.520833333333336,139.88125,0.858
56392721,283,37.520833333333336,139.89374999999998,1.912
56392722,287,37.520833333333336,139.90625,0.823
56392723,268,37.520833333333336,139.91875,0.187
56392724,1068,37.520833333333336,139.93125,1.287
56392725,2395,37.520833333333336,139.94375,1.096
56392726,929,37.520833333333336,139.95624999999998,1.394
56392727,50,37.520833333333336,139.96875,2.261
56392729,23,37.520833333333336,139.99375,4.33
56392730,139,37.52916666666667,139.88125,1.076
56392731,116,37.52916666666667,139.89374999999998,2.047
56392732,224,37.52916666666667,139.90625,1.328
56392733,86,37.52916666666667,139.91875,0.977
56392734,283,37.52916666666667,139.93125,1.605
56392735,308,37.52916666666667,139.94375,2.013
56392736,2447,37.52916666666667,139.95624999999998,2.189
56392737,315,37.52916666666667,139.96875,2.822
56392738,40,37.52916666666667,139.98125,3.683
56392739,5,37.52916666666667,139.99375,4.647
56392740,259,37.5375,139.88125,1.815
56392741,61,37.5375,139.89374999999998,2.516
56392742,147,37.5375,139.90625,2.098
56392743,82,37.5375,139.91875,1.895
56392744,103,37.5375,139.93125,1.737
56392745,375,37.5375,139.94375,2.126
56392746,57,37.5375,139.95624999999998,2.907
56392747,94,37.5375,139.96875,3.54
56392748,50,37.5375,139.98125,4.258
56392749,23,37.5375,139.99375,5.115
56392750,66,37.545833333333334,139.88125,2.674
56392751,254,37.545833333333334,139.89374999999998,3.191
56392752,107,37.545833333333334,139.90625,2.225
56392753,258,37.545833333333334,139.91875,1.262
56392754,1325,37.545833333333334,139.93125,0.816
56392755,138,37.545833333333334,139.94375,1.472
56392756,55,37.545833333333334,139.95624999999998,2.469
56392757,146,37.545833333333334,139.96875,3.529
56392758,147,37.545833333333334,139.98125,4.609
56392759,38,37.545833333333334,139.99375,5.696
56392760,105,37.55416666666667,139.88125,3.567
56392761,164,37.55416666666667,139.89374999999998,3.178
56392762,286,37.55416666666667,139.90625,2.077
56392763,64,37.55416666666667,139.91875,0.979
56392764,1000,37.55416666666667,139.93125,0.178
56392765,1136,37.55416666666667,139.94375,1.238
56392766,220,37.55416666666667,139.95624999999998,2.337
56392767,82,37.55416666666667,139.96875,3.438
56392768,371,37.55416666666667,139.98125,4.54
56392769,75,37.55416666666667,139.99375,5.641
56392770,241,37.5625,139.88125,3.797
56392771,286,37.5625,139.89374999999998,3.344
56392772,162,37.5625,139.90625,2.323
56392773,298,37.5625,139.91875,1.429
56392774,144,37.5625,139.93125,1.056
56392775,154,37.5625,139.94375,1.617
56392776,13,37.5625,139.95624999999998,2.558
56392777,121,37.5625,139.96875,3.592
56392778,87,37.5625,139.98125,4.657
56392779,785,37.5625,139.99375,5.736
56392780,124,37.57083333333334,139.88125,2.913
56392781,214,37.57083333333334,139.89374999999998,2.737
56392782,98,37.57083333333334,139.90625,2.863
56392783,189,37.57083333333334,139.91875,2.2
56392784,104,37.57083333333334,139.93125,1.978
56392785,333,37.57083333333334,139.94375,2.327
56392786,152,37.57083333333334,139.95624999999998,3.057
56392787,112,37.57083333333334,139.96875,3.962
56392788,44,37.57083333333334,139.98125,4.948
56392789,82,37.57083333333334,139.99375,5.975
56392790,50,37.57916666666667,139.88125,2.068
56392791,148,37.57916666666667,139.89374999999998,1.811
56392792,295,37.57916666666667,139.90625,2.17
56392793,205,37.57916666666667,139.91875,2.926
56392794,23,37.57916666666667,139.93125,2.904
56392795,286,37.57916666666667,139.94375,3.152
56392796,64,37.57916666666667,139.95624999999998,3.723
56392797,1,37.57916666666667,139.96875,4.496
56393409,2,37.587500000000006,139.61875,2.645
56393418,1,37.59583333333334,139.60625,4.011
56393426,38,37.60416666666667,139.58124999999998,6.399
56393436,27,37.612500000000004,139.58124999999998,6.833
56393446,22,37.62083333333334,139.58124999999998,7.359
56393459,129,37.62916666666667,139.61875,5.978
56393467,34,37.6375,139.59375,7.912
56393468,2,37.6375,139.60625,7.308
56393487,85,37.654166666666676,139.59375,9.463
56393497,12,37.66250000000001,139.59375,10.276
56393498,7,37.66250000000001,139.60625,9.819
56393500,290,37.587500000000006,139.63125,1.627
56393501,1198,37.587500000000006,139.64374999999998,0.849
56393502,315,37.587500000000006,139.65625,1.106
56393503,93,37.587500000000006,139.66875,2.037
56393509,1,37.587500000000006,139.74375,3.866
56393510,62,37.59583333333334,139.63125,2.227
56393511,112,37.59583333333334,139.64374999999998,1.742
56393512,144,37.59583333333334,139.65625,1.88
56393513,177,37.59583333333334,139.66875,2.542
56393518,37,37.59583333333334,139.73125,5.216
56393520,41,37.60416666666667,139.63125,2.998
56393521,40,37.60416666666667,139.64374999999998,2.658
56393522,305,37.60416666666667,139.65625,2.751
56393523,158,37.60416666666667,139.66875,3.239
56393524,6,37.60416666666667,139.68125,3.981
56393528,33,37.60416666666667,139.73125,6.018
56393529,102,37.60416666666667,139.74375,5.589
56393530,63,37.612500000000004,139.63125,3.839
56393533,15,37.612500000000004,139.66875,4.03
56393534,10,37.612500000000004,139.68125,4.647
56393535,83,37.612500000000004,139.69375,5.42
56393536,10,37.612500000000004,139.70624999999998,6.291
56393537,163,37.612500000000004,139.71875,7.225
56393538,60,37.612500000000004,139.73125,6.851
56393539,41,37.612500000000004,139.74375,6.478
56393540,171,37.62083333333334,139.63125,4.712
56393543,24,37.62083333333334,139.66875,4.869
56393545,49,37.62083333333334,139.69375,6.069
56393546,21,37.62083333333334,139.70624999999998,6.858
56393547,74,37.62083333333334,139.71875,7.724
56393548,59,37.62083333333334,139.73125,7.705
56393550,275,37.62916666666667,139.63125,5.602
56393551,8,37.62916666666667,139.64374999999998,5.428
56393555,17,37.62916666666667,139.69375,6.784
56393556,5,37.62916666666667,139.70624999999998,7.498
56393557,19,37.62916666666667,139.71875,8.297
56393558,6,37.62916666666667,139.73125,8.575
56393559,14,37.62916666666667,139.74375,8.28
56393560,54,37.6375,139.63125,6.503
56393561,48,37.6375,139.64374999999998,6.353
56393562,24,37.6375,139.65625,6.392
56393563,7,37.6375,139.66875,6.617
56393565,5,37.6375,139.69375,7.544
56393566,40,37.6375,139.70624999999998,8.192
56393567,6,37.6375,139.71875,8.93
56393568,32,37.6375,139.73125,9.455
56393570,19,37.645833333333336,139.63125,7.41
56393573,63,37.645833333333336,139.66875,7.51
56393574,23,37.645833333333336,139.68125,7.858
56393575,13,37.645833333333336,139.69375,8.338
56393577,40,37.645833333333336,139.71875,9.61
56393578,22,37.645833333333336,139.73125,10.344
56393584,44,37.654166666666676,139.68125,8.723
56393585,21,37.654166666666676,139.69375,9.158
56393587,21,37.654166666666676,139.71875,10.329
56393588,1,37.654166666666676,139.73125,11.033
56393589,2,37.654166666666676,139.74375,10.154
56393595,58,37.66250000000001,139.69375,9.996
56393596,12,37.66250000000001,139.70624999999998,10.493
56393597,3,37.66250000000001,139.71875,11.078
56393598,18,37.66250000000001,139.73125,11.361
56393599,12,37.66250000000001,139.74375,10.272
56393600,18,37.587500000000006,139.75625,3.521
56393601,64,37.587500000000006,139.76874999999998,3.504
56393604,225,37.587500000000006,139.80625,2.017
56393605,18,37.587500000000006,139.81875,2.262
56393606,395,37.587500000000006,139.83124999999998,2.661
56393607,230,37.587500000000006,139.84375,3.307
56393608,181,37.587500000000006,139.85625,3.325
56393609,73,37.587500000000006,139.86875,2.282
56393610,32,37.59583333333334,139.75625,4.437
56393611,209,37.59583333333334,139.76874999999998,4.423
56393612,4,37.59583333333334,139.78125,3.721
56393614,30,37.59583333333334,139.80625,2.943
56393615,113,37.59583333333334,139.81875,3.116
56393616,113,37.59583333333334,139.83124999999998,3.514
56393619,88,37.59583333333334,139.86875,2.105
56393620,135,37.60416666666667,139.75625,5.356
56393624,113,37.60416666666667,139.80625,3.869
56393625,73,37.60416666666667,139.81875,4.003
56393627,106,37.60416666666667,139.84375,4.415
56393628,292,37.60416666666667,139.85625,3.35
56393629,294,37.60416666666667,139.86875,2.318
56393630,179,37.612500000000004,139.75625,6.278
56393631,4,37.612500000000004,139.76874999999998,5.866
56393634,65,37.612500000000004,139.80625,4.796
56393635,99,37.612500000000004,139.81875,4.904
56393636,23,37.612500000000004,139.83124999999998,4.391
56393637,219,37.612500000000004,139.84375,3.898
56393638,200,37.612500000000004,139.85625,3.679
56393639,74,37.612500000000004,139.86875,2.834
56393640,53,37.62083333333334,139.75625,7.201
56393641,107,37.62083333333334,139.76874999999998,6.645
56393642,29,37.62083333333334,139.78125,6.159
56393643,166,37.62083333333334,139.79375,5.842
56393646,109,37.62083333333334,139.83124999999998,3.651
56393647,114,37.62083333333334,139.84375,3.041
56393648,104,37.62083333333334,139.85625,2.755
56393649,169,37.62083333333334,139.86875,2.757
56393650,136,37.62916666666667,139.75625,8.017
56393651,64,37.62916666666667,139.76874999999998,7.458
56393652,37,37.62916666666667,139.78125,7.028
56393653,26,37.62916666666667,139.79375,5.991
56393654,19,37.62916666666667,139.80625,4.953
56393656,71,37.62916666666667,139.83124999999998,3.016
56393657,41,37.62916666666667,139.84375,2.24
56393658,131,37.62916666666667,139.85625,1.832
56393659,492,37.62916666666667,139.86875,2.029
56393660,210,37.6375,139.75625,8.801
56393661,333,37.6375,139.76874999999998,7.959
56393662,94,37.6375,139.78125,6.866
56393663,39,37.6375,139.79375,5.777
56393664,36,37.6375,139.80625,4.692
56393666,227,37.6375,139.83124999999998,2.566
56393667,68,37.6375,139.84375,1.581
56393668,230,37.6375,139.85625,0.917
56393669,685,37.6375,139.86875,1.266
56393670,26,37.645833333333336,139.75625,9.008
56393671,367,37.645833333333336,139.76874999999998,7.908
56393672,26,37.645833333333336,139.78125,6.807
56393673,39,37.645833333333336,139.79375,5.707
56393674,17,37.645833333333336,139.80625,4.606
56393677,58,37.645833333333336,139.84375,1.305
56393678,926,37.645833333333336,139.85625,0.206
56393679,2389,37.645833333333336,139.86875,0.897
56393681,96,37.654166666666676,139.76874999999998,7.965
56393682,228,37.654166666666676,139.78125,6.874
56393683,7,37.654166666666676,139.79375,5.786
56393684,1,37.654166666666676,139.80625,4.694
56393687,104,37.654166666666676,139.84375,1.494
56393688,528,37.654166666666676,139.85625,0.69
56393689,2480,37.654166666666676,139.86875,1.069
56393690,50,37.66250000000001,139.75625,9.186
56393692,70,37.66250000000001,139.78125,7.028
56393694,7,37.66250000000001,139.80625,4.907
56393697,20,37.66250000000001,139.84375,2.07
56393698,134,37.66250000000001,139.85625,1.59
56393699,2448,37.66250000000001,139.86875,0.615
56393700,210,37.587500000000006,139.88125,1.336
56393701,553,37.587500000000006,139.89374999999998,0.887
56393702,242,37.587500000000006,139.90625,1.488
56393703,10,37.587500000000006,139.91875,2.464
56393705,21,37.587500000000006,139.94375,4.021
56393706,5,37.587500000000006,139.95624999999998,4.483
56393710,1789,37.59583333333334,139.88125,1.004
56393711,1591,37.59583333333334,139.89374999999998,0.108
56393712,130,37.59583333333334,139.90625,1.2
56393713,86,37.59583333333334,139.91875,2.301
56393714,4,37.59583333333334,139.93125,3.402
56393715,50,37.59583333333334,139.94375,4.503
56393716,26,37.59583333333334,139.95624999999998,5.296
56393720,410,37.60416666666667,139.88125,1.397
56393721,830,37.60416666666667,139.89374999999998,0.977
56393722,9,37.60416666666667,139.90625,1.543
56393723,212,37.60416666666667,139.91875,2.497
56393724,43,37.60416666666667,139.93125,3.538
56393725,41,37.60416666666667,139.94375,4.606
56393726,10,37.60416666666667,139.95624999999998,5.688
56393730,185,37.612500000000004,139.88125,2.147
56393731,319,37.612500000000004,139.89374999999998,1.901
56393732,225,37.612500000000004,139.90625,2.245
56393733,206,37.612500000000004,139.91875,2.982
56393734,69,37.612500000000004,139.93125,3.895
56393735,21,37.612500000000004,139.94375,4.886
56393736,12,37.612500000000004,139.95624999999998,5.917
56393740,206,37.62083333333334,139.88125,2.345
56393741,164,37.62083333333334,139.89374999999998,2.414
56393742,50,37.62083333333334,139.90625,2.928
56393743,68,37.62083333333334,139.91875,3.643
56393744,114,37.62083333333334,139.93125,4.421
56393745,196,37.62083333333334,139.94375,5.315
56393746,37,37.62083333333334,139.95624999999998,6.275
56393750,430,37.62916666666667,139.88125,1.441
56393751,277,37.62916666666667,139.89374999999998,1.55
56393752,190,37.62916666666667,139.90625,2.269
56393753,187,37.62916666666667,139.91875,3.212
56393754,104,37.62916666666667,139.93125,4.232
56393755,18,37.62916666666667,139.94375,5.285
56393756,19,37.62916666666667,139.95624999999998,6.354
56393757,2,37.62916666666667,139.96875,7.432
56393760,460,37.6375,139.88125,0.609
56393761,295,37.6375,139.89374999999998,0.834
56393762,134,37.6375,139.90625,1.856
56393763,302,37.6375,139.91875,2.935
56393764,116,37.6375,139.93125,4.026
56393765,43,37.6375,139.94375,5.121
56393766,10,37.6375,139.95624999999998,6.218
56393770,1950,37.645833333333336,139.88125,0.275
56393771,562,37.645833333333336,139.89374999999998,0.841
56393772,254,37.645833333333336,139.90625,1.858
56393773,138,37.645833333333336,139.91875,2.937
56393774,237,37.645833333333336,139.93125,4.027
56393775,70,37.645833333333336,139.94375,5.122
56393776,6,37.645833333333336,139.95624999999998,6.218
56393780,2197,37.654166666666676,139.88125,0.376
56393781,588,37.654166666666676,139.89374999999998,0.741
56393782,545,37.654166666666676,139.90625,1.838
56393783,240,37.654166666666676,139.91875,2.938
56393784,652,37.654166666666676,139.93125,4.038
56393785,90,37.654166666666676,139.94375,5.138
56393786,36,37.654166666666676,139.95624999999998,6.239
56393787,6,37.654166666666676,139.96875,7.339
56393790,1425,37.66250000000001,139.88125,0.581
56393791,209,37.66250000000001,139.89374999999998,1.113
56393792,342,37.66250000000001,139.90625,2.017
56393793,289,37.66250000000001,139.91875,3.053
56393794,24,37.66250000000001,139.93125,4.122
56393797,82,37.66250000000001,139.96875,7.385
56394408,53,37.67083333333334,139.60625,10.685
56394409,18,37.67083333333334,139.61875,10.364
56394419,3,37.679166666666674,139.61875,11.265
56394501,43,37.67083333333334,139.64374999999998,10.057
56394509,22,37.67083333333334,139.74375,10.453
56394511,66,37.679166666666674,139.64374999999998,10.983
56394512,87,37.679166666666674,139.65625,11.006
56394514,19,37.679166666666674,139.68125,11.375
56394515,3,37.679166666666674,139.69375,11.712
56394516,3,37.679166666666674,139.70624999999998,12.139
56394521,3,37.68750000000001,139.64374999999998,11.909
56394522,8,37.68750000000001,139.65625,11.93
56394523,67,37.68750000000001,139.66875,12.052
56394524,26,37.68750000000001,139.68125,12.272
56394525,2,37.68750000000001,139.69375,12.584
56394526,2,37.68750000000001,139.70624999999998,12.983
56394530,11,37.69583333333334,139.63125,12.91
56394531,26,37.69583333333334,139.64374999999998,12.835
56394532,1,37.69583333333334,139.65625,12.855
56394533,10,37.69583333333334,139.66875,12.968
56394534,12,37.69583333333334,139.68125,13.173
56394537,37,37.69583333333334,139.71875,13.43
56394540,13,37.70416666666667,139.63125,13.831
56394541,30,37.70416666666667,139.64374999999998,13.762
56394542,20,37.70416666666667,139.65625,13.78
56394544,9,37.70416666666667,139.68125,14.077
56394555,41,37.712500000000006,139.69375,15.241
56394585,2,37.73750000000001,139.69375,16.907
56394601,26,37.67083333333334,139.76874999999998,8.333
56394602,57,37.67083333333334,139.78125,7.291
56394603,2,37.67083333333334,139.79375,6.268
56394604,33,37.67083333333334,139.80625,5.277
56394607,168,37.67083333333334,139.84375,2.838
56394608,60,37.67083333333334,139.85625,1.807
56394609,1682,37.67083333333334,139.86875,0.896
56394611,6,37.679166666666674,139.76874999999998,8.656
56394612,14,37.679166666666674,139.78125,7.658
56394613,158,37.679166666666674,139.79375,6.691
56394617,53,37.679166666666674,139.84375,2.86
56394618,72,37.679166666666674,139.85625,1.835
56394619,1132,37.679166666666674,139.86875,0.986
56394622,6,37.68750000000001,139.78125,8.114
56394623,12,37.68750000000001,139.79375,7.138
56394624,22,37.68750000000001,139.80625,6.038
56394626,3,37.68750000000001,139.83124999999998,3.839
56394627,140,37.68750000000001,139.84375,2.74
56394628,70,37.68750000000001,139.85625,1.641
56394629,648,37.68750000000001,139.86875,0.547
56394630,30,37.69583333333334,139.75625,10.475
56394631,33,37.69583333333334,139.76874999999998,9.393
56394632,2,37.69583333333334,139.78125,8.301
56394633,12,37.69583333333334,139.79375,7.211
56394634,31,37.69583333333334,139.80625,6.124
56394637,127,37.69583333333334,139.84375,2.924
56394638,150,37.69583333333334,139.85625,1.933
56394639,184,37.69583333333334,139.86875,1.159
56394642,32,37.70416666666667,139.78125,8.465
56394643,8,37.70416666666667,139.79375,7.399
56394644,5,37.70416666666667,139.80625,6.345
56394647,87,37.70416666666667,139.84375,3.363
56394648,110,37.70416666666667,139.85625,2.549
56394649,33,37.70416666666667,139.86875,2.026
56394652,21,37.712500000000006,139.78125,8.725
56394653,19,37.712500000000006,139.79375,7.696
56394657,177,37.712500000000006,139.84375,3.973
56394658,157,37.712500000000006,139.85625,3.313
56394659,104,37.712500000000006,139.86875,2.93
56394662,64,37.72083333333334,139.78125,9.073
56394667,28,37.72083333333334,139.84375,4.689
56394668,138,37.72083333333334,139.85625,4.144
56394669,133,37.72083333333334,139.86875,3.844
56394672,59,37.72916666666667,139.78125,9.499
56394674,19,37.72916666666667,139.80625,7.67
56394675,3,37.72916666666667,139.81875,6.839
56394676,3,37.72916666666667,139.83124999999998,6.093
56394677,9,37.72916666666667,139.84375,5.468
56394678,88,37.72916666666667,139.85625,5.008
56394679,48,37.72916666666667,139.86875,4.764
56394700,246,37.67083333333334,139.88125,0.873
56394701,182,37.67083333333334,139.89374999999998,1.773
56394702,60,37.67083333333334,139.90625,2.545
56394703,81,37.67083333333334,139.91875,3.424
56394707,54,37.67083333333334,139.96875,7.546
56394708,214,37.67083333333334,139.98125,8.62
56394709,39,37.67083333333334,139.99375,9.699
56394710,115,37.679166666666674,139.88125,1.0
56394711,185,37.679166666666674,139.89374999999998,1.856
56394712,38,37.679166666666674,139.90625,2.883
56394713,2,37.679166666666674,139.91875,3.95
56394717,45,37.679166666666674,139.96875,7.814
56394720,197,37.68750000000001,139.88125,0.571
56394721,162,37.68750000000001,139.89374999999998,1.665
56394722,59,37.68750000000001,139.90625,2.764
56394725,2,37.68750000000001,139.94375,6.063
56394730,96,37.69583333333334,139.88125,1.17
56394731,9,37.69583333333334,139.89374999999998,1.953
56394733,3,37.69583333333334,139.91875,3.996
56394735,3,37.69583333333334,139.94375,6.148
56394740,2,37.70416666666667,139.88125,2.033
56394741,12,37.70416666666667,139.89374999999998,2.565
56394742,57,37.70416666666667,139.90625,3.383
56394743,143,37.70416666666667,139.91875,4.327
56394744,2,37.70416666666667,139.93125,5.332
56394750,121,37.712500000000006,139.88125,2.934
56394751,44,37.712500000000006,139.89374999999998,3.325
56394753,101,37.712500000000006,139.91875,4.817
56394760,285,37.72083333333334,139.88125,3.848
56394761,14,37.72083333333334,139.89374999999998,4.153
56394764,4,37.72083333333334,139.93125,6.253
56394770,147,37.72916666666667,139.88125,4.766
56394776,11,37.72916666666667,139.95624999999998,8.583
56394780,82,37.73750000000001,139.88125,5.688
56394781,30,37.73750000000001,139.89374999999998,5.899
56394790,3,37.745833333333344,139.88125,6.61
56394791,152,37.745833333333344,139.89374999999998,6.793
56394792,18,37.745833333333344,139.90625,7.142
56395507,19,37.75416666666667,139.71875,15.652
56395609,6,37.75416666666667,139.86875,7.532
56395610,4,37.7625,139.75625,13.419
56395617,8,37.7625,139.84375,8.872
56395625,3,37.770833333333336,139.81875,10.587
56395627,3,37.770833333333336,139.84375,9.758
56395637,2,37.77916666666667,139.84375,10.65
56395642,2,37.7875,139.78125,13.916
56395700,20,37.75416666666667,139.88125,7.534
56395710,4,37.7625,139.88125,8.458
56400019,8,37.34583333333334,140.11875,12.878
56400036,23,37.362500000000004,140.08124999999998,16.674
56400038,11,37.362500000000004,140.10625,14.823
56400039,60,37.362500000000004,140.11875,13.937
56400046,33,37.37083333333334,140.08124999999998,17.169
56400048,17,37.37083333333334,140.10625,15.378
56400049,10,37.37083333333334,140.11875,14.526
56400054,5,37.37916666666667,140.05625,15.455
56400055,35,37.37916666666667,140.06875,16.226
56400056,70,37.37916666666667,140.08124999999998,17.033
56400058,1,37.37916666666667,140.10625,15.967
56400059,229,37.37916666666667,140.11875,15.148
56400065,31,37.3875,140.06875,15.593
56400066,35,37.3875,140.08124999999998,16.431
56400067,125,37.3875,140.09375,17.299
56400073,15,37.395833333333336,140.04375,13.353
56400075,42,37.395833333333336,140.06875,14.99
56400076,186,37.395833333333336,140.08124999999998,15.86
56400077,71,37.395833333333336,140.09375,16.758
56400079,7,37.395833333333336,140.11875,16.48
56400083,6,37.404166666666676,140.04375,12.711
56400085,211,37.404166666666676,140.06875,14.421
56400086,5,37.404166666666676,140.08124999999998,15.324
56400087,78,37.404166666666676,140.09375,16.251
56400089,6,37.404166666666676,140.11875,17.062
56400093,10,37.41250000000001,140.04375,12.107
56400095,19,37.41250000000001,140.06875,13.891
56400096,89,37.41250000000001,140.08124999999998,14.826
56400097,7,37.41250000000001,140.09375,15.783
56400098,14,37.41250000000001,140.10625,16.134
56400099,83,37.41250000000001,140.11875,16.135
56400107,17,37.337500000000006,140.21875,6.189
56400108,43,37.337500000000006,140.23125,5.9
56400109,137,37.337500000000006,140.24375,5.81
56400119,9,37.34583333333334,140.24375,6.736
56400129,19,37.35416666666667,140.24375,7.663
56400131,2,37.362500000000004,140.14374999999998,12.272
56400139,59,37.362500000000004,140.24375,8.139
56400141,2,37.37083333333334,140.14374999999998,12.937
56400150,23,37.37916666666667,140.13125,14.368
56400151,94,37.37916666666667,140.14374999999998,13.633
56400160,19,37.3875,140.13125,15.055
56400161,9,37.3875,140.14374999999998,14.354
56400167,14,37.3875,140.21875,9.761
56400168,97,37.3875,140.23125,8.668
56400169,39,37.3875,140.24375,7.579
56400170,384,37.395833333333336,140.13125,15.766
56400171,5,37.395833333333336,140.14374999999998,15.099
56400178,101,37.395833333333336,140.23125,8.564
56400179,360,37.395833333333336,140.24375,7.465
56400180,68,37.404166666666676,140.13125,16.498
56400189,70,37.404166666666676,140.24375,7.429
56400190,230,37.41250000000001,140.13125,16.202
56400191,83,37.41250000000001,140.14374999999998,16.296
56400197,92,37.41250000000001,140.21875,9.697
56400198,160,37.41250000000001,140.23125,8.601
56400199,59,37.41250000000001,140.24375,7.507
56400200,202,37.337500000000006,140.25625,5.929
56400201,8,37.337500000000006,140.26874999999998,6.244
56400202,74,37.337500000000006,140.28125,6.712
56400203,10,37.337500000000006,140.29375,6.051
56400204,77,37.337500000000006,140.30625,5.333
56400205,25,37.337500000000006,140.31875,4.32
56400206,445,37.337500000000006,140.33124999999998,3.366
56400207,2619,37.337500000000006,140.34375,2.537
56400208,405,37.337500000000006,140.35625,1.996
56400209,222,37.337500000000006,140.36875,1.993
56400210,53,37.34583333333334,140.25625,6.839
56400211,249,37.34583333333334,140.26874999999998,6.941
56400212,174,37.34583333333334,140.28125,6.081
56400213,90,37.34583333333334,140.29375,5.311
56400214,144,37.34583333333334,140.30625,4.679
56400215,208,37.34583333333334,140.31875,3.996
56400216,243,37.34583333333334,140.33124999999998,2.938
56400217,1381,37.34583333333334,140.34375,1.934
56400218,2311,37.34583333333334,140.35625,1.136
56400219,1089,37.34583333333334,140.36875,1.132
56400220,50,37.35416666666667,140.25625,7.425
56400221,221,37.35416666666667,140.26874999999998,6.441
56400222,199,37.35416666666667,140.28125,5.503
56400223,189,37.35416666666667,140.29375,4.64
56400224,103,37.35416666666667,140.30625,3.9
56400225,23,37.35416666666667,140.31875,3.366
56400226,2037,37.35416666666667,140.33124999999998,2.767
56400227,466,37.35416666666667,140.34375,1.663
56400228,3856,37.35416666666667,140.35625,0.56
56400229,1585,37.35416666666667,140.36875,0.27
56400230,48,37.362500000000004,140.25625,7.082
56400231,39,37.362500000000004,140.26874999999998,6.043
56400232,146,37.362500000000004,140.28125,5.032
56400233,160,37.362500000000004,140.29375,4.069
56400234,254,37.362500000000004,140.30625,3.2
56400235,549,37.362500000000004,140.31875,2.522
56400236,365,37.362500000000004,140.33124999999998,2.219
56400237,382,37.362500000000004,140.34375,1.692
56400238,3526,37.362500000000004,140.35625,1.027
56400239,2715,37.362500000000004,140.36875,0.686
56400240,39,37.37083333333334,140.25625,6.848
56400241,151,37.37083333333334,140.26874999999998,5.767
56400242,78,37.37083333333334,140.28125,4.697
56400243,114,37.37083333333334,140.29375,3.648
56400244,132,37.37083333333334,140.30625,2.644
56400245,65,37.37083333333334,140.31875,1.764
56400246,693,37.37083333333334,140.33124999999998,1.294
56400247,1064,37.37083333333334,140.34375,1.074
56400248,4924,37.37083333333334,140.35625,0.478
56400249,3688,37.37083333333334,140.36875,0.664
56400250,44,37.37916666666667,140.25625,6.735
56400251,58,37.37916666666667,140.26874999999998,5.633
56400252,6,37.37916666666667,140.28125,4.531
56400253,153,37.37916666666667,140.29375,3.431
56400254,437,37.37916666666667,140.30625,2.336
56400255,178,37.37916666666667,140.31875,1.257
56400256,4154,37.37916666666667,140.33124999999998,0.377
56400257,7192,37.37916666666667,140.34375,1.069
56400258,6191,37.37916666666667,140.35625,0.486
56400259,4716,37.37916666666667,140.36875,0.428
56400260,39,37.3875,140.25625,6.494
56400261,43,37.3875,140.26874999999998,5.417
56400262,122,37.3875,140.28125,4.353
56400263,314,37.3875,140.29375,3.317
56400264,205,37.3875,140.30625,2.343
56400265,2801,37.3875,140.31875,1.328
56400266,5561,37.3875,140.33124999999998,0.572
56400267,6304,37.3875,140.34375,0.442
56400268,6723,37.3875,140.35625,0.325
56400269,6112,37.3875,140.36875,0.477
56400270,140,37.395833333333336,140.25625,6.367
56400271,604,37.395833333333336,140.26874999999998,5.27
56400272,209,37.395833333333336,140.28125,4.169
56400273,197,37.395833333333336,140.29375,3.071
56400274,335,37.395833333333336,140.30625,1.981
56400275,5244,37.395833333333336,140.31875,0.922
56400276,4817,37.395833333333336,140.33124999999998,0.366
56400277,4895,37.395833333333336,140.34375,0.369
56400278,3919,37.395833333333336,140.35625,0.423
56400279,5222,37.395833333333336,140.36875,0.137
56400280,166,37.404166666666676,140.25625,6.325
56400281,157,37.404166666666676,140.26874999999998,5.221
56400282,51,37.404166666666676,140.28125,4.118
56400283,101,37.404166666666676,140.29375,3.015
56400284,219,37.404166666666676,140.30625,1.914
56400285,700,37.404166666666676,140.31875,0.82
56400286,5258,37.404166666666676,140.33124999999998,0.349
56400287,6258,37.404166666666676,140.34375,0.574
56400288,5186,37.404166666666676,140.35625,0.164
56400289,5995,37.404166666666676,140.36875,0.375
56400290,20,37.41250000000001,140.25625,6.417
56400291,12,37.41250000000001,140.26874999999998,5.333
56400292,85,37.41250000000001,140.28125,4.258
56400293,158,37.41250000000001,140.29375,3.205
56400294,149,37.41250000000001,140.30625,2.2
56400295,139,37.41250000000001,140.31875,1.361
56400296,4645,37.41250000000001,140.33124999999998,0.766
56400297,6472,37.41250000000001,140.34375,0.712
56400298,5872,37.41250000000001,140.35625,0.702
56400299,4791,37.41250000000001,140.36875,0.64
56400300,63,37.337500000000006,140.38125,2.327
56400301,315,37.337500000000006,140.39374999999998,1.413
56400302,429,37.337500000000006,140.40625,0.339
56400303,1653,37.337500000000006,140.41875,0.822
56400304,112,37.337500000000006,140.43125,1.918
56400305,12,37.337500000000006,140.44375,3.021
56400306,2,37.337500000000006,140.45624999999998,4.125
56400307,50,37.337500000000006,140.46875,5.229
56400308,45,37.337500000000006,140.48125,6.334
56400309,128,37.337500000000006,140.49375,7.439
56400310,518,37.34583333333334,140.38125,1.542
56400311,111,37.34583333333334,140.39374999999998,1.775
56400312,221,37.34583333333334,140.40625,1.127
56400313,88,37.34583333333334,140.41875,1.353
56400314,127,37.34583333333334,140.43125,2.198
56400315,68,37.34583333333334,140.44375,3.206
56400317,36,37.34583333333334,140.46875,5.338
56400318,52,37.34583333333334,140.48125,6.424
56400319,119,37.34583333333334,140.49375,7.515
56400320,1835,37.35416666666667,140.38125,1.029
56400321,215,37.35416666666667,140.39374999999998,1.575
56400322,951,37.35416666666667,140.40625,2.035
56400323,195,37.35416666666667,140.41875,2.169
56400325,4,37.35416666666667,140.44375,3.626
56400326,23,37.35416666666667,140.45624999999998,4.586
56400328,165,37.35416666666667,140.48125,6.643
56400329,110,37.35416666666667,140.49375,7.704
56400330,2816,37.362500000000004,140.38125,1.034
56400331,3061,37.362500000000004,140.39374999999998,0.683
56400332,1010,37.362500000000004,140.40625,1.518
56400333,164,37.362500000000004,140.41875,2.565
56400334,7,37.362500000000004,140.43125,3.506
56400335,188,37.362500000000004,140.44375,4.212
56400336,171,37.362500000000004,140.45624999999998,5.062
56400337,187,37.362500000000004,140.46875,5.996
56400338,107,37.362500000000004,140.48125,6.98
56400339,110,37.362500000000004,140.49375,7.996
56400340,2042,37.37083333333334,140.38125,0.88
56400341,904,37.37083333333334,140.39374999999998,0.412
56400342,350,37.37083333333334,140.40625,1.417
56400343,434,37.37083333333334,140.41875,2.507
56400344,351,37.37083333333334,140.43125,3.606
56400345,227,37.37083333333334,140.44375,4.707
56400346,134,37.37083333333334,140.45624999999998,5.65
56400347,85,37.37083333333334,140.46875,6.5
56400349,22,37.37083333333334,140.49375,8.38
56400350,5404,37.37916666666667,140.38125,0.756
56400351,862,37.37916666666667,140.39374999999998,0.484
56400352,484,37.37916666666667,140.40625,1.529
56400353,393,37.37916666666667,140.41875,2.389
56400354,2887,37.37916666666667,140.43125,3.302
56400355,1342,37.37916666666667,140.44375,4.306
56400356,43,37.37916666666667,140.45624999999998,5.35
56400357,53,37.37916666666667,140.46875,6.414
56400358,85,37.37916666666667,140.48125,7.49
56400359,39,37.37916666666667,140.49375,8.573
56400360,5369,37.3875,140.38125,0.9
56400361,4486,37.3875,140.39374999999998,0.76
56400362,1576,37.3875,140.40625,0.948
56400363,303,37.3875,140.41875,1.912
56400364,2460,37.3875,140.43125,2.976
56400365,802,37.3875,140.44375,4.061
56400366,14,37.3875,140.45624999999998,5.155
56400367,32,37.3875,140.46875,6.252
56400368,54,37.3875,140.48125,7.351
56400369,150,37.3875,140.49375,8.118
56400370,4873,37.395833333333336,140.38125,0.636
56400371,3187,37.395833333333336,140.39374999999998,0.497
56400372,3050,37.395833333333336,140.40625,0.753
56400373,1297,37.395833333333336,140.41875,1.824
56400374,133,37.395833333333336,140.43125,2.92
56400375,77,37.395833333333336,140.44375,4.02
56400376,225,37.395833333333336,140.45624999999998,5.122
56400377,33,37.395833333333336,140.46875,6.223
56400378,57,37.395833333333336,140.48125,7.326
56400379,105,37.395833333333336,140.49375,7.517
56400380,6393,37.404166666666676,140.38125,0.623
56400381,2743,37.404166666666676,140.39374999999998,0.689
56400382,1020,37.404166666666676,140.40625,0.884
56400383,256,37.404166666666676,140.41875,1.878
56400384,129,37.404166666666676,140.43125,2.951
56400385,162,37.404166666666676,140.44375,4.041
56400386,120,37.404166666666676,140.45624999999998,5.137
56400387,76,37.404166666666676,140.46875,6.236
56400389,49,37.404166666666676,140.49375,6.986
56400390,4364,37.41250000000001,140.38125,0.304
56400391,4617,37.41250000000001,140.39374999999998,0.492
56400392,1770,37.41250000000001,140.40625,0.814
56400393,340,37.41250000000001,140.41875,1.876
56400394,1246,37.41250000000001,140.43125,2.969
56400395,125,37.41250000000001,140.44375,4.068
56400396,122,37.41250000000001,140.45624999999998,5.169
56400397,60,37.41250000000001,140.46875,6.272
56400398,30,37.41250000000001,140.48125,7.374
56400399,94,37.41250000000001,140.49375,6.545
56400400,105,37.337500000000006,140.50625,8.543
56400401,1,37.337500000000006,140.51874999999998,9.648
56400402,40,37.337500000000006,140.53125,8.866
56400403,18,37.337500000000006,140.54375,7.923
56400404,84,37.337500000000006,140.55625,7.026
56400405,152,37.337500000000006,140.56875,6.198
56400406,29,37.337500000000006,140.58124999999998,5.469
56400407,16,37.337500000000006,140.59375,4.883
56400408,12,37.337500000000006,140.60625,4.496
56400409,1,37.337500000000006,140.61875,4.363
56400410,78,37.34583333333334,140.50625,8.61
56400411,11,37.34583333333334,140.51874999999998,9.707
56400412,15,37.34583333333334,140.53125,9.357
56400413,11,37.34583333333334,140.54375,8.468
56400414,158,37.34583333333334,140.55625,7.636
56400415,60,37.34583333333334,140.56875,6.882
56400416,22,37.34583333333334,140.58124999999998,6.233
56400420,123,37.35416666666667,140.50625,8.775
56400421,91,37.35416666666667,140.51874999999998,9.854
56400422,48,37.35416666666667,140.53125,9.35
56400423,52,37.35416666666667,140.54375,8.476
56400424,78,37.35416666666667,140.55625,7.596
56400425,13,37.35416666666667,140.56875,6.701
56400428,20,37.35416666666667,140.60625,4.603
56400429,61,37.35416666666667,140.61875,4.261
56400430,81,37.362500000000004,140.50625,9.032
56400431,185,37.362500000000004,140.51874999999998,9.115
56400432,152,37.362500000000004,140.53125,8.721
56400433,9,37.362500000000004,140.54375,7.913
56400435,11,37.362500000000004,140.56875,6.165
56400436,1,37.362500000000004,140.58124999999998,5.26
56400437,62,37.362500000000004,140.59375,4.445
56400438,220,37.362500000000004,140.60625,3.781
56400439,95,37.362500000000004,140.61875,3.357
56400440,100,37.37083333333334,140.50625,8.831
56400441,47,37.37083333333334,140.51874999999998,8.278
56400442,88,37.37083333333334,140.53125,7.843
56400443,7,37.37083333333334,140.54375,7.423
56400446,22,37.37083333333334,140.58124999999998,4.742
56400447,60,37.37083333333334,140.59375,3.819
56400448,40,37.37083333333334,140.60625,3.02
56400449,81,37.37083333333334,140.61875,2.468
56400450,146,37.37916666666667,140.50625,8.071
56400451,101,37.37916666666667,140.51874999999998,7.462
56400452,67,37.37916666666667,140.53125,6.976
56400453,12,37.37916666666667,140.54375,6.64
56400454,3,37.37916666666667,140.55625,6.014
56400455,36,37.37916666666667,140.56875,5.048
56400456,41,37.37916666666667,140.58124999999998,4.151
56400457,71,37.37916666666667,140.59375,3.336
56400459,9,37.37916666666667,140.61875,1.623
56400460,55,37.3875,140.50625,7.35
56400461,83,37.3875,140.51874999999998,6.676
56400462,70,37.3875,140.53125,6.128
56400463,35,37.3875,140.54375,5.742
56400464,182,37.3875,140.55625,5.553
56400465,133,37.3875,140.56875,4.626
56400466,81,37.3875,140.58124999999998,3.626
56400467,199,37.3875,140.59375,2.709
56400468,49,37.3875,140.60625,1.98
56400469,26,37.3875,140.61875,0.946
56400470,90,37.395833333333336,140.50625,6.679
56400471,12,37.395833333333336,140.51874999999998,5.93
56400472,51,37.395833333333336,140.53125,5.305
56400473,82,37.395833333333336,140.54375,4.855
56400474,106,37.395833333333336,140.55625,4.629
56400475,242,37.395833333333336,140.56875,4.363
56400476,102,37.395833333333336,140.58124999999998,3.285
56400477,101,37.395833333333336,140.59375,2.231
56400478,128,37.395833333333336,140.60625,1.268
56400479,207,37.395833333333336,140.61875,0.821
56400480,36,37.404166666666676,140.50625,6.076
56400481,38,37.404166666666676,140.51874999999998,5.241
56400482,57,37.404166666666676,140.53125,4.523
56400483,68,37.404166666666676,140.54375,3.985
56400484,170,37.404166666666676,140.55625,3.707
56400485,93,37.404166666666676,140.56875,3.747
56400486,43,37.404166666666676,140.58124999999998,3.185
56400487,157,37.404166666666676,140.59375,2.082
56400488,94,37.404166666666676,140.60625,0.982
56400489,244,37.404166666666676,140.61875,0.174
56400490,20,37.41250000000001,140.50625,5.563
56400491,85,37.41250000000001,140.51874999999998,4.637
56400492,107,37.41250000000001,140.53125,3.807
56400493,154,37.41250000000001,140.54375,3.149
56400494,51,37.41250000000001,140.55625,2.789
56400495,44,37.41250000000001,140.56875,2.841
56400496,103,37.41250000000001,140.58124999999998,2.584
56400497,78,37.41250000000001,140.59375,2.326
56400498,148,37.41250000000001,140.60625,1.427
56400499,49,37.41250000000001,140.61875,1.051
56400500,13,37.337500000000006,140.63125,4.506
56400502,113,37.337500000000006,140.65625,5.492
56400503,37,37.337500000000006,140.66875,6.226
56400504,10,37.337500000000006,140.68125,7.057
56400505,21,37.337500000000006,140.69375,7.955
56400510,19,37.34583333333334,140.63125,5.117
56400511,100,37.34583333333334,140.64374999999998,5.295
56400512,117,37.34583333333334,140.65625,5.686
56400520,136,37.35416666666667,140.63125,4.192
56400521,545,37.35416666666667,140.64374999999998,4.407
56400522,244,37.35416666666667,140.65625,4.87
56400524,20,37.35416666666667,140.68125,6.295
56400526,72,37.35416666666667,140.70624999999998,8.081
56400531,71,37.362500000000004,140.64374999999998,3.54
56400534,18,37.362500000000004,140.68125,5.721
56400539,4,37.362500000000004,140.74375,10.733
56400540,280,37.37083333333334,140.63125,2.346
56400541,426,37.37083333333334,140.64374999999998,2.713
56400542,38,37.37083333333334,140.65625,3.413
56400544,5,37.37083333333334,140.68125,5.249
56400548,13,37.37083333333334,140.73125,9.415
56400549,18,37.37083333333334,140.74375,10.489
56400550,587,37.37916666666667,140.63125,1.431
56400551,213,37.37916666666667,140.64374999999998,1.975
56400553,69,37.37916666666667,140.66875,3.863
56400554,3,37.37916666666667,140.68125,4.909
56400557,10,37.37916666666667,140.71875,8.139
56400558,9,37.37916666666667,140.73125,9.229
56400559,49,37.37916666666667,140.74375,10.322
56400560,545,37.3875,140.63125,0.555
56400561,32,37.3875,140.64374999999998,1.47
56400562,6,37.3875,140.65625,2.54
56400563,76,37.3875,140.66875,3.631
56400564,41,37.3875,140.68125,4.728
56400565,1,37.3875,140.69375,5.828
56400566,15,37.3875,140.70624999999998,6.929
56400567,4,37.3875,140.71875,8.031
56400568,71,37.3875,140.73125,9.134
56400569,16,37.3875,140.74375,10.237
56400570,136,37.395833333333336,140.63125,0.534
56400571,13,37.395833333333336,140.64374999999998,1.462
56400572,24,37.395833333333336,140.65625,2.536
56400573,41,37.395833333333336,140.66875,3.628
56400574,36,37.395833333333336,140.68125,4.725
56400575,44,37.395833333333336,140.69375,5.825
56400576,11,37.395833333333336,140.70624999999998,6.927
56400578,4,37.395833333333336,140.73125,9.132
56400580,165,37.404166666666676,140.63125,1.239
56400581,19,37.404166666666676,140.64374999999998,1.958
56400582,62,37.404166666666676,140.65625,2.85
56400584,22,37.404166666666676,140.68125,4.901
56400585,117,37.404166666666676,140.69375,5.969
56400590,2,37.41250000000001,140.63125,1.615
56400591,23,37.41250000000001,140.64374999999998,2.56
56400592,52,37.41250000000001,140.65625,3.279
56400593,125,37.41250000000001,140.66875,3.909
56400594,60,37.41250000000001,140.68125,4.717
56400595,35,37.41250000000001,140.69375,5.626
56400596,84,37.41250000000001,140.70624999999998,6.595
56400603,5,37.337500000000006,140.79375,15.78
56400604,80,37.337500000000006,140.80625,16.827
56400607,54,37.337500000000006,140.84375,15.175
56400609,6,37.337500000000006,140.86875,12.965
56400613,41,37.34583333333334,140.79375,15.512
56400614,202,37.34583333333334,140.80625,16.559
56400617,3,37.34583333333334,140.84375,15.19
56400618,2,37.34583333333334,140.85625,14.086
56400619,3,37.34583333333334,140.86875,12.983
56400623,38,37.35416666666667,140.79375,15.232
56400624,106,37.35416666666667,140.80625,16.297
56400630,3,37.362500000000004,140.75625,11.79
56400631,10,37.362500000000004,140.76874999999998,12.855
56400633,42,37.362500000000004,140.79375,15.003
56400640,30,37.37083333333334,140.75625,11.568
56400642,10,37.37083333333334,140.78125,13.739
56400643,8,37.37083333333334,140.79375,14.829
56400644,2,37.37083333333334,140.80625,15.92
56400649,15,37.37083333333334,140.86875,13.424
56400650,46,37.37916666666667,140.75625,11.417
56400651,1,37.37916666666667,140.76874999999998,12.514
56400652,74,37.37916666666667,140.78125,13.612
56400659,12,37.37916666666667,140.86875,13.694
56400660,17,37.3875,140.75625,11.34
56400661,14,37.3875,140.76874999999998,12.443
56400662,23,37.3875,140.78125,13.547
56400663,9,37.3875,140.79375,14.651
56400666,12,37.3875,140.83124999999998,17.13
56400669,2,37.3875,140.86875,14.02
56400670,1,37.395833333333336,140.75625,11.338
56400671,6,37.395833333333336,140.76874999999998,12.39
56400672,6,37.395833333333336,140.78125,13.416
56400673,23,37.395833333333336,140.79375,14.453
56400674,41,37.395833333333336,140.80625,15.499
56400675,18,37.395833333333336,140.81875,16.553
56400680,30,37.404166666666676,140.75625,11.022
56400681,6,37.404166666666676,140.76874999999998,12.063
56400682,1,37.404166666666676,140.78125,13.114
56400684,3,37.404166666666676,140.80625,15.239
56400685,19,37.404166666666676,140.81875,16.309
56400687,5,37.404166666666676,140.84375,16.791
56400689,1,37.404166666666676,140.86875,14.825
56400691,30,37.41250000000001,140.76874999999998,11.8
56400692,11,37.41250000000001,140.78125,12.873
56400693,22,37.41250000000001,140.79375,13.95
56400695,3,37.41250000000001,140.81875,16.115
56400696,36,37.41250000000001,140.83124999999998,17.202
56400697,4,37.41250000000001,140.84375,17.208
56400702,3,37.337500000000006,140.90625,9.651
56400706,10,37.337500000000006,140.95624999999998,5.232
56400707,9,37.337500000000006,140.96875,4.128
56400709,21,37.337500000000006,140.99375,1.924
56400718,24,37.34583333333334,140.98125,3.102
56400719,31,37.34583333333334,140.99375,2.042
56400728,21,37.35416666666667,140.98125,3.436
56400729,76,37.35416666666667,140.99375,2.521
56400731,2,37.362500000000004,140.89374999999998,11.055
56400736,4,37.362500000000004,140.95624999999998,5.825
56400737,16,37.362500000000004,140.96875,4.858
56400738,45,37.362500000000004,140.98125,3.963
56400739,84,37.362500000000004,140.99375,3.203
56400740,21,37.37083333333334,140.88125,12.361
56400741,3,37.37083333333334,140.89374999999998,11.305
56400746,30,37.37083333333334,140.95624999999998,6.288
56400747,14,37.37083333333334,140.96875,5.405
56400748,4,37.37083333333334,140.98125,4.618
56400749,22,37.37083333333334,140.99375,3.985
56400756,39,37.37916666666667,140.95624999999998,6.847
56400757,101,37.37916666666667,140.96875,6.046
56400758,2,37.37916666666667,140.98125,5.354
56400766,439,37.3875,140.95624999999998,7.479
56400767,272,37.3875,140.96875,6.753
56400776,5,37.395833333333336,140.95624999999998,8.167
56401003,5,37.42083333333334,140.04375,11.546
56401006,88,37.42083333333334,140.08124999999998,14.371
56401009,9,37.42083333333334,140.11875,15.209
56401015,3,37.429166666666674,140.06875,12.966
56401021,50,37.43750000000001,140.01874999999998,8.675
56401023,66,37.43750000000001,140.04375,10.578
56401031,199,37.44583333333334,140.01874999999998,8.194
56401033,48,37.44583333333334,140.04375,10.186
56401041,64,37.45416666666667,140.01874999999998,7.793
56401043,127,37.45416666666667,140.04375,9.867
56401050,111,37.462500000000006,140.00625,6.433
56401052,60,37.462500000000006,140.03125,8.552
56401053,25,37.462500000000006,140.04375,9.626
56401060,237,37.47083333333334,140.00625,6.197
56401062,41,37.47083333333334,140.03125,8.376
56401063,43,37.47083333333334,140.04375,9.47
56401070,85,37.47916666666667,140.00625,6.095
56401071,8,37.47916666666667,140.01874999999998,7.198
56401072,34,37.47916666666667,140.03125,8.3
56401080,35,37.48750000000001,140.00625,5.916
56401081,6,37.48750000000001,140.01874999999998,6.921
56401090,87,37.495833333333344,140.00625,5.565
56401091,9,37.495833333333344,140.01874999999998,6.624
56401100,25,37.42083333333334,140.13125,15.28
56401101,185,37.42083333333334,140.14374999999998,15.429
56401107,19,37.42083333333334,140.21875,9.845
56401108,9,37.42083333333334,140.23125,8.767
56401111,4,37.429166666666674,140.14374999999998,14.517
56401121,59,37.43750000000001,140.14374999999998,13.607
56401122,31,37.43750000000001,140.15625,13.862
56401127,28,37.43750000000001,140.21875,10.308
56401132,12,37.44583333333334,140.15625,12.972
56401142,4,37.45416666666667,140.15625,12.088
56401152,15,37.462500000000006,140.15625,11.21
56401159,9,37.462500000000006,140.24375,9.248
56401162,3,37.47083333333334,140.15625,10.341
56401173,119,37.47916666666667,140.16875,9.968
56401182,92,37.48750000000001,140.15625,8.638
56401183,110,37.48750000000001,140.16875,9.169
56401184,28,37.48750000000001,140.18125,9.795
56401185,15,37.48750000000001,140.19375,10.5
56401186,2,37.48750000000001,140.20624999999998,11.269
56401187,7,37.48750000000001,140.21875,12.089
56401192,8,37.495833333333344,140.15625,7.813
56401196,11,37.495833333333344,140.20624999999998,10.649
56401197,156,37.495833333333344,140.21875,11.514
56401198,28,37.495833333333344,140.23125,12.392
56401199,2,37.495833333333344,140.24375,11.616
56401200,19,37.42083333333334,140.25625,6.639
56401201,391,37.42083333333334,140.26874999999998,5.597
56401202,31,37.42083333333334,140.28125,4.586
56401203,88,37.42083333333334,140.29375,3.488
56401204,863,37.42083333333334,140.30625,2.387
56401205,295,37.42083333333334,140.31875,1.289
56401206,1498,37.42083333333334,140.33124999999998,0.249
56401207,5137,37.42083333333334,140.34375,0.2
56401208,5621,37.42083333333334,140.35625,0.726
56401209,3419,37.42083333333334,140.36875,0.611
56401211,45,37.429166666666674,140.26874999999998,5.798
56401213,63,37.429166666666674,140.29375,3.655
56401214,123,37.429166666666674,140.30625,2.625
56401215,140,37.429166666666674,140.31875,1.689
56401216,1425,37.429166666666674,140.33124999999998,1.12
56401217,3481,37.429166666666674,140.34375,1.104
56401218,5786,37.429166666666674,140.35625,0.681
56401219,5000,37.429166666666674,140.36875,0.569
56401220,2,37.43750000000001,140.25625,7.092
56401222,3,37.43750000000001,140.28125,5.018
56401223,71,37.43750000000001,140.29375,4.033
56401224,108,37.43750000000001,140.30625,3.13
56401225,522,37.43750000000001,140.31875,2.401
56401226,434,37.43750000000001,140.33124999999998,2.041
56401227,547,37.43750000000001,140.34375,2.028
56401228,1260,37.43750000000001,140.35625,1.365
56401229,204,37.43750000000001,140.36875,1.313
56401230,48,37.44583333333334,140.25625,7.411
56401231,20,37.44583333333334,140.26874999999998,6.414
56401232,39,37.44583333333334,140.28125,5.459
56401233,41,37.44583333333334,140.29375,4.571
56401235,82,37.44583333333334,140.31875,3.223
56401236,257,37.44583333333334,140.33124999999998,2.965
56401237,309,37.44583333333334,140.34375,2.749
56401238,156,37.44583333333334,140.35625,2.231
56401239,187,37.44583333333334,140.36875,1.352
56401241,29,37.45416666666667,140.26874999999998,6.891
56401242,157,37.45416666666667,140.28125,6.012
56401243,139,37.45416666666667,140.29375,5.219
56401244,131,37.45416666666667,140.30625,4.557
56401245,159,37.45416666666667,140.31875,4.091
56401246,609,37.45416666666667,140.33124999999998,3.891
56401247,1442,37.45416666666667,140.34375,3.52
56401248,187,37.45416666666667,140.35625,2.65
56401249,223,37.45416666666667,140.36875,1.681
56401250,2,37.462500000000006,140.25625,8.326
56401253,32,37.462500000000006,140.29375,5.941
56401254,53,37.462500000000006,140.30625,5.369
56401255,138,37.462500000000006,140.31875,4.98
56401256,163,37.462500000000006,140.33124999999998,4.817
56401257,126,37.462500000000006,140.34375,4.046
56401258,126,37.462500000000006,140.35625,3.12
56401259,124,37.462500000000006,140.36875,2.354
56401262,5,37.47083333333334,140.28125,7.347
56401263,78,37.47083333333334,140.29375,6.714
56401264,378,37.47083333333334,140.30625,6.214
56401265,58,37.47083333333334,140.31875,5.649
56401266,87,37.47083333333334,140.33124999999998,4.612
56401267,105,37.47083333333334,140.34375,3.615
56401268,213,37.47083333333334,140.35625,2.701
56401269,141,37.47083333333334,140.36875,1.989
56401271,471,37.47916666666667,140.26874999999998,8.764
56401272,632,37.47916666666667,140.28125,8.092
56401273,235,37.47916666666667,140.29375,7.522
56401274,518,37.47916666666667,140.30625,6.527
56401275,13,37.47916666666667,140.31875,5.435
56401276,276,37.47916666666667,140.33124999999998,4.347
56401277,489,37.47916666666667,140.34375,3.271
56401278,185,37.47916666666667,140.35625,2.219
56401279,107,37.47916666666667,140.36875,1.26
56401280,94,37.48750000000001,140.25625,10.188
56401281,449,37.48750000000001,140.26874999999998,9.488
56401282,222,37.48750000000001,140.28125,8.683
56401283,59,37.48750000000001,140.29375,7.58
56401284,70,37.48750000000001,140.30625,6.477
56401285,13,37.48750000000001,140.31875,5.374
56401286,48,37.48750000000001,140.33124999999998,4.272
56401287,125,37.48750000000001,140.34375,3.169
56401288,2117,37.48750000000001,140.35625,2.067
56401289,507,37.48750000000001,140.36875,0.968
56401290,46,37.495833333333344,140.25625,10.896
56401292,207,37.495833333333344,140.28125,8.743
56401293,32,37.495833333333344,140.29375,7.649
56401296,24,37.495833333333344,140.33124999999998,4.394
56401297,47,37.495833333333344,140.34375,3.333
56401298,31,37.495833333333344,140.35625,2.311
56401299,146,37.495833333333344,140.36875,1.415
56401300,4518,37.42083333333334,140.38125,1.195
56401301,3674,37.42083333333334,140.39374999999998,1.311
56401302,2081,37.42083333333334,140.40625,1.462
56401303,883,37.42083333333334,140.41875,2.235
56401304,1567,37.42083333333334,140.43125,3.208
56401305,845,37.42083333333334,140.44375,4.246
56401306,283,37.42083333333334,140.45624999999998,5.31
56401307,45,37.42083333333334,140.46875,6.388
56401308,167,37.42083333333334,140.48125,7.273
56401309,51,37.42083333333334,140.49375,6.211
56401310,3215,37.429166666666674,140.38125,1.619
56401311,2058,37.429166666666674,140.39374999999998,1.974
56401312,52,37.429166666666674,140.40625,2.309
56401313,159,37.429166666666674,140.41875,2.862
56401314,795,37.429166666666674,140.43125,3.672
56401315,889,37.429166666666674,140.44375,4.606
56401316,400,37.429166666666674,140.45624999999998,5.602
56401317,161,37.429166666666674,140.46875,6.633
56401318,277,37.429166666666674,140.48125,7.097
56401319,216,37.429166666666674,140.49375,6.004
56401320,2494,37.43750000000001,140.38125,0.887
56401321,1455,37.43750000000001,140.39374999999998,1.208
56401322,166,37.43750000000001,140.40625,2.138
56401323,110,37.43750000000001,140.41875,3.18
56401324,128,37.43750000000001,140.43125,4.254
56401325,165,37.43750000000001,140.44375,5.111
56401326,75,37.43750000000001,140.45624999999998,6.024
56401327,185,37.43750000000001,140.46875,6.993
56401328,835,37.43750000000001,140.48125,7.039
56401329,1045,37.43750000000001,140.49375,5.935
56401330,1561,37.44583333333334,140.38125,0.258
56401331,1675,37.44583333333334,140.39374999999998,0.86
56401332,259,37.44583333333334,140.40625,1.962
56401333,69,37.44583333333334,140.41875,3.065
56401334,263,37.44583333333334,140.43125,4.168
56401335,153,37.44583333333334,140.44375,5.272
56401336,194,37.44583333333334,140.45624999999998,6.375
56401337,430,37.44583333333334,140.46875,7.451
56401338,1996,37.44583333333334,140.48125,7.102
56401339,1084,37.44583333333334,140.49375,6.01
56401340,434,37.45416666666667,140.38125,1.031
56401341,782,37.45416666666667,140.39374999999998,1.318
56401342,98,37.45416666666667,140.40625,2.201
56401343,216,37.45416666666667,140.41875,3.223
56401344,374,37.45416666666667,140.43125,4.286
56401345,235,37.45416666666667,140.44375,5.365
56401346,113,37.45416666666667,140.45624999999998,6.331
56401347,100,37.45416666666667,140.46875,7.228
56401348,685,37.45416666666667,140.48125,7.283
56401349,49,37.45416666666667,140.49375,6.224
56401350,472,37.462500000000006,140.38125,1.944
56401351,105,37.462500000000006,140.39374999999998,2.11
56401352,89,37.462500000000006,140.40625,2.75
56401353,169,37.462500000000006,140.41875,3.43
56401354,184,37.462500000000006,140.43125,4.078
56401355,223,37.462500000000006,140.44375,4.891
56401356,171,37.462500000000006,140.45624999999998,5.801
56401357,88,37.462500000000006,140.46875,6.769
56401358,234,37.462500000000006,140.48125,7.575
56401359,95,37.462500000000006,140.49375,6.562
56401360,46,37.47083333333334,140.38125,1.747
56401361,120,37.47083333333334,140.39374999999998,2.14
56401362,76,37.47083333333334,140.40625,2.151
56401363,204,37.47083333333334,140.41875,2.656
56401364,65,37.47083333333334,140.43125,3.452
56401365,164,37.47083333333334,140.44375,4.383
56401366,78,37.47083333333334,140.45624999999998,5.379
56401367,106,37.47083333333334,140.46875,6.411
56401368,145,37.47083333333334,140.48125,7.463
56401369,205,37.47083333333334,140.49375,7.008
56401370,28,37.47916666666667,140.38125,0.827
56401371,585,37.47916666666667,140.39374999999998,1.279
56401372,112,37.47916666666667,140.40625,1.277
56401373,161,37.47916666666667,140.41875,2.015
56401374,74,37.47916666666667,140.43125,2.987
56401375,77,37.47916666666667,140.44375,4.027
56401376,89,37.47916666666667,140.45624999999998,5.093
56401377,158,37.47916666666667,140.46875,6.173
56401378,45,37.47916666666667,140.48125,7.259
56401379,108,37.47916666666667,140.49375,7.542
56401380,549,37.48750000000001,140.38125,0.18
56401381,152,37.48750000000001,140.39374999999998,0.598
56401382,135,37.48750000000001,140.40625,0.594
56401383,165,37.48750000000001,140.41875,1.668
56401384,841,37.48750000000001,140.43125,2.764
56401385,140,37.48750000000001,140.44375,3.865
56401386,190,37.48750000000001,140.45624999999998,4.966
56401387,69,37.48750000000001,140.46875,6.068
56401388,105,37.48750000000001,140.48125,7.153
56401389,116,37.48750000000001,140.49375,8.146
56401390,534,37.495833333333344,140.38125,1.048
56401391,877,37.495833333333344,140.39374999999998,0.893
56401392,951,37.495833333333344,140.40625,0.89
56401393,169,37.495833333333344,140.41875,1.795
56401394,315,37.495833333333344,140.43125,2.843
56401395,102,37.495833333333344,140.44375,3.784
56401396,134,37.495833333333344,140.45624999999998,4.761
56401397,136,37.495833333333344,140.46875,5.783
56401398,97,37.495833333333344,140.48125,6.83
56401399,44,37.495833333333344,140.49375,7.893
56401400,67,37.42083333333334,140.50625,5.167
56401401,59,37.42083333333334,140.51874999999998,4.153
56401402,107,37.42083333333334,140.53125,3.2
56401403,77,37.42083333333334,140.54375,2.38
56401404,64,37.42083333333334,140.55625,1.877
56401405,43,37.42083333333334,140.56875,1.955
56401406,95,37.42083333333334,140.58124999999998,1.757
56401407,121,37.42083333333334,140.59375,1.482
56401408,260,37.42083333333334,140.60625,1.901
56401409,33,37.42083333333334,140.61875,1.974
56401410,84,37.429166666666674,140.50625,4.915
56401411,26,37.429166666666674,140.51874999999998,3.836
56401413,73,37.429166666666674,140.54375,1.769
56401414,96,37.429166666666674,140.55625,0.995
56401416,113,37.429166666666674,140.58124999999998,1.101
56401417,344,37.429166666666674,140.59375,0.567
56401418,63,37.429166666666674,140.60625,1.255
56401419,18,37.429166666666674,140.61875,2.1
56401420,476,37.43750000000001,140.50625,4.831
56401421,46,37.43750000000001,140.51874999999998,3.728
56401422,49,37.43750000000001,140.53125,2.624
56401423,101,37.43750000000001,140.54375,1.521
56401424,302,37.43750000000001,140.55625,0.417
56401425,1707,37.43750000000001,140.56875,0.687
56401426,2761,37.43750000000001,140.58124999999998,0.667
56401427,549,37.43750000000001,140.59375,0.291
56401428,43,37.43750000000001,140.60625,1.119
56401429,228,37.43750000000001,140.61875,1.816
56401430,229,37.44583333333334,140.50625,4.923
56401431,278,37.44583333333334,140.51874999999998,3.846
56401432,140,37.44583333333334,140.53125,2.79
56401433,131,37.44583333333334,140.54375,1.792
56401434,227,37.44583333333334,140.55625,1.037
56401435,1321,37.44583333333334,140.56875,1.16
56401436,2029,37.44583333333334,140.58124999999998,0.221
56401437,177,37.44583333333334,140.59375,0.794
56401438,139,37.44583333333334,140.60625,1.627
56401439,351,37.44583333333334,140.61875,1.976
56401440,5,37.45416666666667,140.50625,5.182
56401441,169,37.45416666666667,140.51874999999998,4.173
56401442,159,37.45416666666667,140.53125,3.225
56401443,115,37.45416666666667,140.54375,2.415
56401444,227,37.45416666666667,140.55625,1.922
56401445,325,37.45416666666667,140.56875,1.342
56401446,471,37.45416666666667,140.58124999999998,0.71
56401447,43,37.45416666666667,140.59375,1.282
56401448,103,37.45416666666667,140.60625,2.229
56401449,75,37.45416666666667,140.61875,2.496
56401450,60,37.462500000000006,140.50625,5.585
56401451,46,37.462500000000006,140.51874999999998,4.663
56401452,125,37.462500000000006,140.53125,3.839
56401453,32,37.462500000000006,140.54375,3.188
56401454,192,37.462500000000006,140.55625,2.775
56401455,115,37.462500000000006,140.56875,1.993
56401456,181,37.462500000000006,140.58124999999998,1.636
56401457,42,37.462500000000006,140.59375,1.953
56401458,129,37.462500000000006,140.60625,2.718
56401459,94,37.462500000000006,140.61875,3.205
56401460,36,37.47083333333334,140.50625,6.102
56401461,120,37.47083333333334,140.51874999999998,5.272
56401462,144,37.47083333333334,140.53125,4.56
56401463,59,37.47083333333334,140.54375,4.027
56401464,61,37.47083333333334,140.55625,3.405
56401465,65,37.47083333333334,140.56875,2.804
56401466,68,37.47083333333334,140.58124999999998,2.562
56401467,85,37.47083333333334,140.59375,2.776
56401468,3,37.47083333333334,140.60625,3.358
56401470,162,37.47916666666667,140.50625,6.709
56401471,3,37.47916666666667,140.51874999999998,5.964
56401472,29,37.47916666666667,140.53125,5.344
56401473,185,37.47916666666667,140.54375,4.833
56401474,4,37.47916666666667,140.55625,4.147
56401475,136,37.47916666666667,140.56875,3.67
56401476,101,37.47916666666667,140.58124999999998,3.489
56401477,155,37.47916666666667,140.59375,3.649
56401480,96,37.48750000000001,140.50625,7.382
56401481,67,37.48750000000001,140.51874999999998,6.712
56401482,132,37.48750000000001,140.53125,6.168
56401483,123,37.48750000000001,140.54375,5.539
56401484,68,37.48750000000001,140.55625,4.952
56401485,191,37.48750000000001,140.56875,4.56
56401486,130,37.48750000000001,140.58124999999998,4.416
56401487,117,37.48750000000001,140.59375,4.543
56401490,54,37.495833333333344,140.50625,8.105
56401491,21,37.495833333333344,140.51874999999998,7.5
56401492,54,37.495833333333344,140.53125,6.951
56401493,118,37.495833333333344,140.54375,6.303
56401494,80,37.495833333333344,140.55625,5.793
56401495,39,37.495833333333344,140.56875,5.462
56401496,149,37.495833333333344,140.58124999999998,5.342
56401497,65,37.495833333333344,140.59375,5.448
56401499,5,37.495833333333344,140.61875,6.266
56401500,56,37.42083333333334,140.63125,2.111
56401501,52,37.42083333333334,140.64374999999998,2.028
56401502,50,37.42083333333334,140.65625,2.491
56401503,16,37.42083333333334,140.66875,3.276
56401504,64,37.42083333333334,140.68125,4.207
56401505,21,37.42083333333334,140.69375,5.206
56401506,53,37.42083333333334,140.70624999999998,6.24
56401508,13,37.42083333333334,140.73125,8.362
56401510,31,37.429166666666674,140.63125,1.276
56401511,27,37.429166666666674,140.64374999999998,1.134
56401512,5,37.429166666666674,140.65625,1.838
56401513,4,37.429166666666674,140.66875,2.812
56401514,5,37.429166666666674,140.68125,3.856
56401515,5,37.429166666666674,140.69375,4.927
56401516,17,37.429166666666674,140.70624999999998,6.009
56401518,12,37.429166666666674,140.73125,8.191
56401519,22,37.429166666666674,140.74375,9.287
56401520,400,37.43750000000001,140.63125,0.72
56401521,982,37.43750000000001,140.64374999999998,0.419
56401522,186,37.43750000000001,140.65625,1.506
56401523,26,37.43750000000001,140.66875,2.607
56401524,15,37.43750000000001,140.68125,3.709
56401525,42,37.43750000000001,140.69375,4.813
56401527,7,37.43750000000001,140.71875,7.019
56401528,9,37.43750000000001,140.73125,8.123
56401529,6,37.43750000000001,140.74375,9.226
56401530,72,37.44583333333334,140.63125,1.061
56401531,241,37.44583333333334,140.64374999999998,0.885
56401532,31,37.44583333333334,140.65625,1.696
56401533,24,37.44583333333334,140.66875,2.721
56401534,44,37.44583333333334,140.68125,3.79
56401535,7,37.44583333333334,140.69375,4.875
56401537,65,37.44583333333334,140.71875,7.062
56401539,8,37.44583333333334,140.74375,9.258
56401540,31,37.45416666666667,140.63125,1.858
56401541,89,37.45416666666667,140.64374999999998,1.763
56401542,63,37.45416666666667,140.65625,2.28
56401543,28,37.45416666666667,140.66875,3.119
56401544,53,37.45416666666667,140.68125,4.085
56401545,20,37.45416666666667,140.69375,5.108
56401546,26,37.45416666666667,140.70624999999998,6.158
56401547,48,37.45416666666667,140.71875,7.224
56401548,72,37.45416666666667,140.73125,8.3
56401549,7,37.45416666666667,140.74375,9.383
56401550,38,37.462500000000006,140.63125,2.737
56401551,79,37.462500000000006,140.64374999999998,2.674
56401552,20,37.462500000000006,140.65625,3.04
56401553,62,37.462500000000006,140.66875,3.71
56401554,3,37.462500000000006,140.68125,4.553
56401556,4,37.462500000000006,140.70624999999998,6.478
56401557,22,37.462500000000006,140.71875,7.498
56401558,82,37.462500000000006,140.73125,8.54
56401559,95,37.462500000000006,140.74375,9.595
56401561,36,37.47083333333334,140.64374999999998,3.593
56401563,31,37.47083333333334,140.66875,4.419
56401564,2,37.47083333333334,140.68125,5.147
56401567,69,37.47083333333334,140.71875,7.873
56401568,28,37.47083333333334,140.73125,8.87
56401569,9,37.47083333333334,140.74375,9.89
56401571,25,37.47916666666667,140.64374999999998,4.515
56401572,21,37.47916666666667,140.65625,4.741
56401574,25,37.47916666666667,140.68125,5.828
56401575,22,37.47916666666667,140.69375,6.585
56401578,43,37.47916666666667,140.73125,9.282
56401580,5,37.48750000000001,140.63125,5.47
56401581,8,37.48750000000001,140.64374999999998,5.439
56401582,57,37.48750000000001,140.65625,5.628
56401585,62,37.48750000000001,140.69375,7.249
56401586,5,37.48750000000001,140.70624999999998,8.024
56401590,23,37.495833333333344,140.63125,6.39
56401591,75,37.495833333333344,140.64374999999998,6.363
56401592,73,37.495833333333344,140.65625,6.525
56401593,34,37.495833333333344,140.66875,6.863
56401594,22,37.495833333333344,140.68125,7.353
56401595,18,37.495833333333344,140.69375,7.966
56401596,19,37.495833333333344,140.70624999999998,8.677
56401599,10,37.495833333333344,140.74375,11.197
56401602,5,37.42083333333334,140.78125,12.694
56401603,7,37.42083333333334,140.79375,13.785
56401605,39,37.42083333333334,140.81875,15.973
56401606,8,37.42083333333334,140.83124999999998,17.069
56401610,24,37.429166666666674,140.75625,10.384
56401611,15,37.429166666666674,140.76874999999998,11.482
56401612,32,37.429166666666674,140.78125,12.582
56401613,44,37.429166666666674,140.79375,13.682
56401614,22,37.429166666666674,140.80625,14.782
56401615,16,37.429166666666674,140.81875,15.883
56401620,12,37.43750000000001,140.75625,10.33
56401621,5,37.43750000000001,140.76874999999998,11.433
56401623,341,37.43750000000001,140.79375,13.64
56401624,23,37.43750000000001,140.80625,14.744
56401625,2,37.43750000000001,140.81875,15.847
56401626,1,37.43750000000001,140.83124999999998,16.951
56401630,2,37.44583333333334,140.75625,10.358
56401631,36,37.44583333333334,140.76874999999998,11.459
56401632,34,37.44583333333334,140.78125,12.56
56401633,10,37.44583333333334,140.79375,13.662
56401634,24,37.44583333333334,140.80625,14.764
56401636,2,37.44583333333334,140.83124999999998,16.968
56401640,52,37.45416666666667,140.75625,10.469
56401641,83,37.45416666666667,140.76874999999998,11.559
56401642,7,37.45416666666667,140.78125,12.652
56401643,33,37.45416666666667,140.79375,13.746
56401644,5,37.45416666666667,140.80625,14.841
56401650,15,37.462500000000006,140.75625,10.66
56401655,2,37.462500000000006,140.81875,16.063
56401660,11,37.47083333333334,140.75625,10.926
56401665,1,37.47083333333334,140.81875,16.241
56401670,4,37.47916666666667,140.75625,11.263
56401674,8,37.47916666666667,140.80625,15.41
56401675,2,37.47916666666667,140.81875,16.468
56401680,2,37.48750000000001,140.75625,11.663
56401681,14,37.48750000000001,140.76874999999998,12.65
56401690,2,37.495833333333344,140.75625,12.122
56401691,46,37.495833333333344,140.76874999999998,13.074
56401692,2,37.495833333333344,140.78125,14.049
56401693,3,37.495833333333344,140.79375,15.041
56401694,3,37.495833333333344,140.80625,16.048
56401695,4,37.495833333333344,140.81875,17.066
56401767,1,37.47083333333334,140.96875,15.185
56401776,1,37.47916666666667,140.95624999999998,15.544
56401777,12,37.47916666666667,140.96875,15.579
56401779,7,37.47916666666667,140.99375,15.659
56401785,2,37.48750000000001,140.94375,14.662
56401786,24,37.48750000000001,140.95624999999998,14.617
56401787,38,37.48750000000001,140.96875,14.655
56401788,41,37.48750000000001,140.98125,14.775
56401789,155,37.48750000000001,140.99375,14.976
56401796,14,37.495833333333344,140.95624999999998,13.69
56401797,62,37.495833333333344,140.96875,13.731
56401798,214,37.495833333333344,140.98125,13.859
56401799,396,37.495833333333344,140.99375,14.073
56402001,47,37.50416666666667,140.01874999999998,6.447
56402010,18,37.5125,140.00625,5.299
56402011,15,37.5125,140.01874999999998,6.401
56402019,22,37.5125,140.11875,5.028
56402020,16,37.520833333333336,140.00625,5.405
56402021,27,37.520833333333336,140.01874999999998,6.489
56402022,78,37.520833333333336,140.03125,7.578
56402023,15,37.520833333333336,140.04375,7.022
56402029,108,37.520833333333336,140.11875,4.106
56402031,2,37.52916666666667,140.01874999999998,6.705
56402032,6,37.52916666666667,140.03125,7.509
56402034,33,37.52916666666667,140.05625,5.587
56402039,131,37.52916666666667,140.11875,3.186
56402040,4,37.5375,140.00625,6.052
56402042,5,37.5375,140.03125,7.168
56402043,27,37.5375,140.04375,6.131
56402044,178,37.5375,140.05625,5.12
56402045,126,37.5375,140.06875,4.157
56402046,101,37.5375,140.08124999999998,3.281
56402047,124,37.5375,140.09375,2.585
56402048,221,37.5375,140.10625,2.242
56402049,32,37.5375,140.11875,2.271
56402051,66,37.545833333333334,140.01874999999998,7.47
56402052,35,37.545833333333334,140.03125,6.935
56402053,35,37.545833333333334,140.04375,5.857
56402054,52,37.545833333333334,140.05625,4.789
56402055,10,37.545833333333334,140.06875,3.741
56402056,145,37.545833333333334,140.08124999999998,2.736
56402057,236,37.545833333333334,140.09375,1.844
56402058,818,37.545833333333334,140.10625,1.322
56402059,43,37.545833333333334,140.11875,1.372
56402060,142,37.55416666666667,140.00625,6.743
56402061,11,37.55416666666667,140.01874999999998,7.845
56402062,54,37.55416666666667,140.03125,6.821
56402063,94,37.55416666666667,140.04375,5.722
56402064,135,37.55416666666667,140.05625,4.623
56402065,253,37.55416666666667,140.06875,3.526
56402066,30,37.55416666666667,140.08124999999998,2.433
56402067,123,37.55416666666667,140.09375,1.356
56402068,1427,37.55416666666667,140.10625,0.429
56402069,24,37.55416666666667,140.11875,0.569
56402070,316,37.5625,140.00625,6.822
56402071,116,37.5625,140.01874999999998,7.913
56402072,31,37.5625,140.03125,6.832
56402073,45,37.5625,140.04375,5.735
56402074,60,37.5625,140.05625,4.639
56402075,85,37.5625,140.06875,3.547
56402076,103,37.5625,140.08124999999998,2.464
56402077,330,37.5625,140.09375,1.411
56402078,1615,37.5625,140.10625,0.582
56402079,487,37.5625,140.11875,0.695
56402080,27,37.57083333333334,140.00625,7.024
56402081,71,37.57083333333334,140.01874999999998,8.048
56402082,6,37.57083333333334,140.03125,6.968
56402083,101,37.57083333333334,140.04375,5.895
56402084,54,37.57083333333334,140.05625,4.836
56402086,17,37.57083333333334,140.08124999999998,2.819
56402087,40,37.57083333333334,140.09375,1.966
56402088,136,37.57083333333334,140.10625,1.487
56402089,473,37.57083333333334,140.11875,1.536
56402098,91,37.57916666666667,140.10625,2.408
56402099,94,37.57916666666667,140.11875,2.44
56402101,132,37.50416666666667,140.14374999999998,6.493
56402102,29,37.50416666666667,140.15625,7.013
56402110,57,37.5125,140.13125,5.238
56402111,130,37.5125,140.14374999999998,5.659
56402120,152,37.520833333333336,140.13125,4.36
56402121,149,37.520833333333336,140.14374999999998,4.857
56402130,46,37.52916666666667,140.13125,3.507
56402131,15,37.52916666666667,140.14374999999998,4.109
56402140,363,37.5375,140.13125,2.703
56402141,725,37.5375,140.14374999999998,3.448
56402150,281,37.545833333333334,140.13125,2.008
56402151,150,37.545833333333334,140.14374999999998,2.935
56402160,71,37.55416666666667,140.13125,1.573
56402161,53,37.55416666666667,140.14374999999998,2.656
56402170,135,37.5625,140.13125,1.623
56402171,88,37.5625,140.14374999999998,2.686
56402180,9,37.57083333333334,140.13125,2.124
56402181,68,37.57083333333334,140.14374999999998,3.015
56402190,119,37.57916666666667,140.13125,2.847
56402191,56,37.57916666666667,140.14374999999998,3.561
56402201,8,37.50416666666667,140.26874999999998,9.979
56402202,93,37.50416666666667,140.28125,8.901
56402206,13,37.50416666666667,140.33124999999998,4.7
56402207,1,37.50416666666667,140.34375,3.727
56402209,114,37.50416666666667,140.36875,2.188
56402211,13,37.5125,140.26874999999998,10.202
56402214,3,37.5125,140.30625,6.948
56402215,3,37.5125,140.31875,5.863
56402216,40,37.5125,140.33124999999998,4.787
56402219,12,37.5125,140.36875,1.762
56402221,9,37.520833333333336,140.26874999999998,10.163
56402222,2,37.520833333333336,140.28125,9.06
56402223,3,37.520833333333336,140.29375,7.958
56402224,32,37.520833333333336,140.30625,6.856
56402226,19,37.520833333333336,140.33124999999998,4.653
56402228,22,37.520833333333336,140.35625,2.453
56402229,155,37.520833333333336,140.36875,1.358
56402230,5,37.52916666666667,140.25625,11.284
56402231,211,37.52916666666667,140.26874999999998,10.184
56402234,7,37.52916666666667,140.30625,6.889
56402236,49,37.52916666666667,140.33124999999998,4.702
56402237,11,37.52916666666667,140.34375,3.616
56402238,339,37.52916666666667,140.35625,2.545
56402239,1267,37.52916666666667,140.36875,1.518
56402240,33,37.5375,140.25625,11.38
56402241,172,37.5375,140.26874999999998,10.29
56402244,4,37.5375,140.30625,7.045
56402246,142,37.5375,140.33124999999998,4.928
56402247,63,37.5375,140.34375,3.905
56402248,174,37.5375,140.35625,2.941
56402249,1130,37.5375,140.36875,2.116
56402250,20,37.545833333333334,140.25625,11.549
56402255,19,37.545833333333334,140.31875,6.295
56402256,100,37.545833333333334,140.33124999999998,5.308
56402257,215,37.545833333333334,140.34375,4.375
56402258,230,37.545833333333334,140.35625,3.541
56402259,245,37.545833333333334,140.36875,2.893
56402260,20,37.55416666666667,140.25625,11.789
56402265,18,37.55416666666667,140.31875,6.726
56402266,22,37.55416666666667,140.33124999999998,5.812
56402267,116,37.55416666666667,140.34375,4.975
56402268,250,37.55416666666667,140.35625,4.26
56402269,149,37.55416666666667,140.36875,3.739
56402276,77,37.5625,140.33124999999998,6.411
56402277,193,37.5625,140.34375,5.664
56402278,83,37.5625,140.35625,5.047
56402286,59,37.57083333333334,140.33124999999998,7.081
56402287,86,37.57083333333334,140.34375,6.412
56402288,57,37.57083333333334,140.35625,5.875
56402289,15,37.57083333333334,140.36875,5.137
56402296,30,37.57916666666667,140.33124999999998,7.804
56402297,78,37.57916666666667,140.34375,7.008
56402298,97,37.57916666666667,140.35625,5.923
56402299,3,37.57916666666667,140.36875,4.845
56402300,206,37.50416666666667,140.38125,1.623
56402301,2249,37.50416666666667,140.39374999999998,1.113
56402302,947,37.50416666666667,140.40625,1.04
56402303,5,37.50416666666667,140.41875,1.461
56402304,397,37.50416666666667,140.43125,2.37
56402305,214,37.50416666666667,140.44375,3.396
56402306,188,37.50416666666667,140.45624999999998,4.459
56402307,444,37.50416666666667,140.46875,5.537
56402308,124,37.50416666666667,140.48125,6.623
56402309,170,37.50416666666667,140.49375,7.714
56402310,414,37.5125,140.38125,1.168
56402311,2796,37.5125,140.39374999999998,0.201
56402312,2114,37.5125,140.40625,0.134
56402313,582,37.5125,140.41875,1.035
56402314,268,37.5125,140.43125,2.134
56402315,144,37.5125,140.44375,3.235
56402316,90,37.5125,140.45624999999998,4.337
56402317,144,37.5125,140.46875,5.44
56402318,110,37.5125,140.48125,6.542
56402319,85,37.5125,140.49375,7.644
56402320,277,37.520833333333336,140.38125,0.322
56402321,2150,37.520833333333336,140.39374999999998,0.748
56402322,1878,37.520833333333336,140.40625,0.669
56402323,918,37.520833333333336,140.41875,1.312
56402324,239,37.520833333333336,140.43125,2.282
56402325,205,37.520833333333336,140.44375,3.335
56402326,114,37.520833333333336,140.45624999999998,4.412
56402327,176,37.520833333333336,140.46875,5.499
56402328,233,37.520833333333336,140.48125,6.591
56402329,117,37.520833333333336,140.49375,7.687
56402330,82,37.52916666666667,140.38125,0.749
56402331,561,37.52916666666667,140.39374999999998,1.118
56402332,595,37.52916666666667,140.40625,1.516
56402333,38,37.52916666666667,140.41875,2.023
56402334,74,37.52916666666667,140.43125,2.752
56402335,219,37.52916666666667,140.44375,3.673
56402336,74,37.52916666666667,140.45624999999998,4.672
56402337,47,37.52916666666667,140.46875,5.71
56402338,45,37.52916666666667,140.48125,6.768
56402339,77,37.52916666666667,140.49375,7.369
56402340,318,37.5375,140.38125,1.654
56402341,378,37.5375,140.39374999999998,1.851
56402342,328,37.5375,140.40625,2.422
56402343,46,37.5375,140.41875,2.823
56402344,33,37.5375,140.43125,3.415
56402345,103,37.5375,140.44375,4.192
56402346,102,37.5375,140.45624999999998,5.091
56402347,103,37.5375,140.46875,5.581
56402348,76,37.5375,140.48125,6.014
56402349,151,37.5375,140.49375,6.603
56402350,942,37.545833333333334,140.38125,2.575
56402351,265,37.545833333333334,140.39374999999998,2.705
56402352,487,37.545833333333334,140.40625,3.231
56402353,82,37.545833333333334,140.41875,3.64
56402354,55,37.545833333333334,140.43125,4.179
56402355,75,37.545833333333334,140.44375,4.408
56402356,102,37.545833333333334,140.45624999999998,4.426
56402357,97,37.545833333333334,140.46875,4.709
56402358,61,37.545833333333334,140.48125,5.214
56402359,30,37.545833333333334,140.49375,5.884
56402360,173,37.55416666666667,140.38125,3.498
56402361,167,37.55416666666667,140.39374999999998,3.595
56402362,255,37.55416666666667,140.40625,4.006
56402363,341,37.55416666666667,140.41875,3.899
56402364,279,37.55416666666667,140.43125,3.614
56402365,81,37.55416666666667,140.44375,3.489
56402366,240,37.55416666666667,140.45624999999998,3.511
56402367,133,37.55416666666667,140.46875,3.861
56402368,69,37.55416666666667,140.48125,4.463
56402369,69,37.55416666666667,140.49375,5.231
56402370,135,37.5625,140.38125,4.423
56402371,290,37.5625,140.39374999999998,3.884
56402372,455,37.5625,140.40625,3.28
56402373,1140,37.5625,140.41875,2.977
56402374,197,37.5625,140.43125,2.72
56402375,139,37.5625,140.44375,2.574
56402376,278,37.5625,140.45624999999998,2.604
56402377,181,37.5625,140.46875,3.06
56402378,116,37.5625,140.48125,3.791
56402379,199,37.5625,140.49375,4.67
56402380,219,37.57083333333334,140.38125,4.148
56402381,161,37.57083333333334,140.39374999999998,3.234
56402382,67,37.57083333333334,140.40625,2.476
56402383,972,37.57083333333334,140.41875,2.057
56402384,105,37.57083333333334,140.43125,1.859
56402385,38,37.57083333333334,140.44375,1.673
56402386,513,37.57083333333334,140.45624999999998,1.719
56402387,274,37.57083333333334,140.46875,2.353
56402388,162,37.57083333333334,140.48125,3.247
56402389,110,37.57083333333334,140.49375,4.241
56402390,119,37.57916666666667,140.38125,3.781
56402391,322,37.57916666666667,140.39374999999998,2.747
56402392,130,37.57916666666667,140.40625,1.795
56402393,1058,37.57916666666667,140.41875,1.15
56402394,489,37.57916666666667,140.43125,1.109
56402395,43,37.57916666666667,140.44375,0.787
56402396,228,37.57916666666667,140.45624999999998,0.918
56402397,328,37.57916666666667,140.46875,1.851
56402398,155,37.57916666666667,140.48125,2.904
56402399,97,37.57916666666667,140.49375,3.921
56402400,53,37.50416666666667,140.50625,8.808
56402401,12,37.50416666666667,140.51874999999998,8.317
56402402,44,37.50416666666667,140.53125,7.686
56402403,55,37.50416666666667,140.54375,7.105
56402404,47,37.50416666666667,140.55625,6.657
56402405,65,37.50416666666667,140.56875,6.371
56402406,127,37.50416666666667,140.58124999999998,6.269
56402407,68,37.50416666666667,140.59375,6.359
56402408,135,37.50416666666667,140.60625,6.634
56402409,90,37.50416666666667,140.61875,7.072
56402410,11,37.5125,140.50625,8.747
56402411,25,37.5125,140.51874999999998,9.087
56402412,31,37.5125,140.53125,8.459
56402413,43,37.5125,140.54375,7.935
56402414,13,37.5125,140.55625,7.536
56402415,150,37.5125,140.56875,7.285
56402416,144,37.5125,140.58124999999998,7.195
56402417,53,37.5125,140.59375,7.274
56402418,30,37.5125,140.60625,7.516
56402419,46,37.5125,140.61875,7.905
56402420,24,37.520833333333336,140.50625,8.751
56402421,35,37.520833333333336,140.51874999999998,9.428
56402422,12,37.520833333333336,140.53125,9.26
56402423,22,37.520833333333336,140.54375,8.784
56402424,61,37.520833333333336,140.55625,8.426
56402425,37,37.520833333333336,140.56875,8.201
56402426,39,37.520833333333336,140.58124999999998,8.122
56402427,48,37.520833333333336,140.59375,8.192
56402428,38,37.520833333333336,140.60625,8.407
56402429,11,37.520833333333336,140.61875,8.757
56402430,76,37.52916666666667,140.50625,8.011
56402431,16,37.52916666666667,140.51874999999998,8.745
56402433,25,37.52916666666667,140.54375,9.647
56402434,87,37.52916666666667,140.55625,9.322
56402435,43,37.52916666666667,140.56875,9.12
56402436,68,37.52916666666667,140.58124999999998,9.049
56402437,91,37.52916666666667,140.59375,9.111
56402438,95,37.52916666666667,140.60625,9.305
56402439,74,37.52916666666667,140.61875,9.622
56402440,67,37.5375,140.50625,7.312
56402441,21,37.5375,140.51874999999998,8.11
56402442,16,37.5375,140.53125,8.972
56402443,18,37.5375,140.54375,9.881
56402444,182,37.5375,140.55625,10.224
56402445,92,37.5375,140.56875,10.04
56402446,48,37.5375,140.58124999999998,9.975
56402447,76,37.5375,140.59375,10.032
56402448,40,37.5375,140.60625,10.209
56402449,114,37.5375,140.61875,10.498
56402450,75,37.545833333333334,140.50625,6.67
56402451,97,37.545833333333334,140.51874999999998,7.535
56402452,41,37.545833333333334,140.53125,8.456
56402453,24,37.545833333333334,140.54375,9.416
56402454,56,37.545833333333334,140.55625,10.403
56402455,56,37.545833333333334,140.56875,10.961
56402456,57,37.545833333333334,140.58124999999998,10.902
56402457,55,37.545833333333334,140.59375,10.954
56402458,40,37.545833333333334,140.60625,11.116
56402459,5,37.545833333333334,140.61875,11.383
56402460,497,37.55416666666667,140.50625,6.101
56402461,290,37.55416666666667,140.51874999999998,7.037
56402462,63,37.55416666666667,140.53125,8.015
56402463,50,37.55416666666667,140.54375,9.021
56402464,29,37.55416666666667,140.55625,9.913
56402465,62,37.55416666666667,140.56875,10.831
56402466,77,37.55416666666667,140.58124999999998,11.78
56402467,39,37.55416666666667,140.59375,11.877
56402468,40,37.55416666666667,140.60625,12.026
56402469,11,37.55416666666667,140.61875,12.273
56402470,497,37.5625,140.50625,5.628
56402471,54,37.5625,140.51874999999998,6.631
56402472,53,37.5625,140.53125,7.598
56402473,19,37.5625,140.54375,8.479
56402474,30,37.5625,140.55625,9.407
56402475,92,37.5625,140.56875,10.369
56402476,99,37.5625,140.58124999999998,11.353
56402477,82,37.5625,140.59375,11.263
56402478,82,37.5625,140.60625,11.281
56402480,110,37.57083333333334,140.50625,5.277
56402481,50,37.57083333333334,140.51874999999998,6.158
56402482,3,37.57083333333334,140.53125,7.048
56402483,2,37.57083333333334,140.54375,7.99
56402484,49,37.57083333333334,140.55625,8.969
56402485,82,37.57083333333334,140.56875,9.973
56402486,162,37.57083333333334,140.58124999999998,10.435
56402487,91,37.57083333333334,140.59375,10.337
56402488,29,37.57083333333334,140.60625,10.356
56402490,90,37.57916666666667,140.50625,4.719
56402491,109,37.57916666666667,140.51874999999998,5.62
56402492,82,37.57916666666667,140.53125,6.583
56402493,94,37.57916666666667,140.54375,7.583
56402494,48,37.57916666666667,140.55625,8.608
56402495,109,37.57916666666667,140.56875,9.634
56402496,79,37.57916666666667,140.58124999999998,9.519
56402497,52,37.57916666666667,140.59375,9.411
56402498,141,37.57916666666667,140.60625,9.432
56402499,3,37.57916666666667,140.61875,9.58
56402500,139,37.50416666666667,140.63125,7.312
56402501,62,37.50416666666667,140.64374999999998,7.288
56402502,19,37.50416666666667,140.65625,7.43
56402503,46,37.50416666666667,140.66875,7.729
56402506,8,37.50416666666667,140.70624999999998,9.376
56402507,12,37.50416666666667,140.71875,10.108
56402508,9,37.50416666666667,140.73125,10.902
56402509,26,37.50416666666667,140.74375,11.747
56402510,126,37.5125,140.63125,8.234
56402511,148,37.5125,140.64374999999998,8.214
56402512,208,37.5125,140.65625,8.34
56402513,44,37.5125,140.66875,8.607
56402514,38,37.5125,140.68125,9.002
56402515,1,37.5125,140.69375,9.509
56402516,2,37.5125,140.70624999999998,10.112
56402517,26,37.5125,140.71875,10.794
56402518,3,37.5125,140.73125,11.541
56402520,65,37.520833333333336,140.63125,9.158
56402521,69,37.520833333333336,140.64374999999998,9.139
56402522,42,37.520833333333336,140.65625,9.253
56402523,37,37.520833333333336,140.66875,9.494
56402524,38,37.520833333333336,140.68125,9.854
56402529,37,37.520833333333336,140.74375,12.976
56402530,43,37.52916666666667,140.63125,10.051
56402531,28,37.52916666666667,140.64374999999998,10.065
56402533,7,37.52916666666667,140.66875,10.388
56402534,4,37.52916666666667,140.68125,10.718
56402536,2,37.52916666666667,140.70624999999998,11.666
56402537,9,37.52916666666667,140.71875,12.261
56402538,9,37.52916666666667,140.73125,12.924
56402539,3,37.52916666666667,140.74375,13.644
56402540,38,37.5375,140.63125,10.893
56402541,47,37.5375,140.64374999999998,10.991
56402542,8,37.5375,140.65625,11.086
56402546,4,37.5375,140.70624999999998,12.473
56402547,6,37.5375,140.71875,13.032
56402550,44,37.545833333333334,140.63125,11.747
56402551,38,37.545833333333334,140.64374999999998,11.917
56402552,10,37.545833333333334,140.65625,12.004
56402553,7,37.545833333333334,140.66875,12.191
56402560,1,37.55416666666667,140.63125,12.531
56402561,137,37.55416666666667,140.64374999999998,12.833
56402562,68,37.55416666666667,140.65625,12.924
56402563,18,37.55416666666667,140.66875,13.098
56402565,1,37.55416666666667,140.69375,13.708
56402571,28,37.5625,140.64374999999998,11.957
56402572,78,37.5625,140.65625,12.372
56402573,12,37.5625,140.66875,12.868
56402574,17,37.5625,140.68125,13.436
56402575,4,37.5625,140.69375,14.067
56402581,21,37.57083333333334,140.64374999999998,11.089
56402582,17,37.57083333333334,140.65625,11.535
56402585,17,37.57083333333334,140.69375,13.337
56402591,5,37.57916666666667,140.64374999999998,10.231
56402592,13,37.57916666666667,140.65625,10.713
56402593,61,37.57916666666667,140.66875,11.282
56402594,26,37.57916666666667,140.68125,11.925
56402595,10,37.57916666666667,140.69375,12.632
56402600,63,37.50416666666667,140.75625,12.631
56402601,25,37.50416666666667,140.76874999999998,13.548
56402602,14,37.50416666666667,140.78125,14.49
56402603,4,37.50416666666667,140.79375,15.454
56402604,15,37.50416666666667,140.80625,16.436
56402605,3,37.50416666666667,140.81875,17.432
56402610,5,37.5125,140.75625,13.186
56402611,4,37.5125,140.76874999999998,14.067
56402612,9,37.5125,140.78125,14.977
56402613,1,37.5125,140.79375,15.911
56402615,8,37.5125,140.81875,16.912
56402620,6,37.520833333333336,140.75625,13.782
56402622,1,37.520833333333336,140.78125,15.503
56402631,2,37.52916666666667,140.76874999999998,15.221
56402642,1,37.5375,140.78125,16.661
56402706,28,37.50416666666667,140.95624999999998,12.764
56402707,19,37.50416666666667,140.96875,12.807
56402708,24,37.50416666666667,140.98125,12.945
56402709,55,37.50416666666667,140.99375,13.173
56402714,1,37.5125,140.93125,12.049
56402715,10,37.5125,140.94375,11.893
56402716,15,37.5125,140.95624999999998,11.837
56402717,31,37.5125,140.96875,11.884
56402718,27,37.5125,140.98125,12.032
56402724,1,37.520833333333336,140.93125,11.14
56402726,4,37.520833333333336,140.95624999999998,10.911
56402727,2,37.520833333333336,140.96875,10.961
56402728,30,37.520833333333336,140.98125,11.122
56402729,38,37.520833333333336,140.99375,11.386
56402733,4,37.52916666666667,140.91875,10.532
56402735,4,37.52916666666667,140.94375,10.05
56402736,3,37.52916666666667,140.95624999999998,9.984
56402737,8,37.52916666666667,140.96875,10.039
56402738,40,37.52916666666667,140.98125,10.214
56402739,30,37.52916666666667,140.99375,10.502
56402743,4,37.5375,140.91875,9.658
56402744,18,37.5375,140.93125,9.333
56402745,8,37.5375,140.94375,9.13
56402746,2,37.5375,140.95624999999998,9.057
56402747,4,37.5375,140.96875,9.118
56402748,10,37.5375,140.98125,9.31
56402749,9,37.5375,140.99375,9.625
56402754,11,37.545833333333334,140.93125,8.436
56402755,66,37.545833333333334,140.94375,8.211
56402756,16,37.545833333333334,140.95624999999998,8.131
56402757,68,37.545833333333334,140.96875,8.199
56402758,15,37.545833333333334,140.98125,8.412
56402759,50,37.545833333333334,140.99375,8.759
56402763,8,37.55416666666667,140.91875,7.946
56402764,18,37.55416666666667,140.93125,7.547
56402765,22,37.55416666666667,140.94375,7.295
56402766,48,37.55416666666667,140.95624999999998,7.204
56402767,85,37.55416666666667,140.96875,7.281
56402768,95,37.55416666666667,140.98125,7.52
56402769,176,37.55416666666667,140.99375,7.906
56402773,3,37.5625,140.91875,7.116
56402774,10,37.5625,140.93125,6.668
56402775,22,37.5625,140.94375,6.382
56402776,33,37.5625,140.95624999999998,6.278
56402777,76,37.5625,140.96875,6.365
56402778,424,37.5625,140.98125,6.637
56402779,749,37.5625,140.99375,7.072
56402784,32,37.57083333333334,140.93125,5.805
56402785,19,37.57083333333334,140.94375,5.473
56402786,16,37.57083333333334,140.95624999999998,5.351
56402787,114,37.57083333333334,140.96875,5.454
56402788,242,37.57083333333334,140.98125,5.769
56402789,206,37.57083333333334,140.99375,6.264
56402793,6,37.57916666666667,140.91875,5.55
56402794,12,37.57916666666667,140.93125,4.963
56402795,25,37.57916666666667,140.94375,4.571
56402796,16,37.57916666666667,140.95624999999998,4.424
56402797,95,37.57916666666667,140.96875,4.548
56402798,9,37.57916666666667,140.98125,4.921
56402799,10,37.57916666666667,140.99375,5.408
56403009,33,37.587500000000006,140.11875,3.356
56403019,22,37.59583333333334,140.11875,4.277
56403029,21,37.60416666666667,140.11875,5.2
56403039,47,37.612500000000004,140.11875,6.124
56403068,36,37.6375,140.10625,8.888
56403077,6,37.645833333333336,140.09375,9.899
56403078,17,37.645833333333336,140.10625,9.815
56403086,133,37.654166666666676,140.08124999999998,11.005
56403087,112,37.654166666666676,140.09375,10.818
56403088,92,37.654166666666676,140.10625,10.741
56403093,21,37.66250000000001,140.04375,12.986
56403096,196,37.66250000000001,140.08124999999998,11.911
56403097,36,37.66250000000001,140.09375,11.738
56403098,1,37.66250000000001,140.10625,11.668
56403100,29,37.587500000000006,140.13125,3.663
56403101,6,37.587500000000006,140.14374999999998,4.242
56403107,32,37.587500000000006,140.21875,9.82
56403110,135,37.59583333333334,140.13125,4.522
56403111,148,37.59583333333334,140.14374999999998,5.002
56403117,72,37.59583333333334,140.21875,10.171
56403119,2,37.59583333333334,140.24375,12.207
56403120,227,37.60416666666667,140.13125,5.403
56403121,108,37.60416666666667,140.14374999999998,5.811
56403122,271,37.60416666666667,140.15625,6.385
56403131,99,37.612500000000004,140.14374999999998,6.651
56403136,62,37.612500000000004,140.20624999999998,10.174
56403137,45,37.612500000000004,140.21875,11.074
56403138,5,37.612500000000004,140.23125,12.009
56403141,6,37.62083333333334,140.14374999999998,7.511
56403142,218,37.62083333333334,140.15625,7.963
56403143,1,37.62083333333334,140.16875,8.535
56403145,104,37.62083333333334,140.19375,9.949
56403146,148,37.62083333333334,140.20624999999998,10.756
56403147,8,37.62083333333334,140.21875,11.611
56403148,12,37.62083333333334,140.23125,12.505
56403152,2,37.62916666666667,140.15625,8.792
56403156,17,37.62916666666667,140.20624999999998,11.383
56403157,26,37.62916666666667,140.21875,12.194
56403173,84,37.645833333333336,140.16875,10.94
56403177,38,37.645833333333336,140.21875,13.477
56403182,1,37.654166666666676,140.15625,11.371
56403183,9,37.654166666666676,140.16875,11.778
56403185,7,37.654166666666676,140.19375,12.839
56403195,2,37.66250000000001,140.19375,13.624
56403206,10,37.587500000000006,140.33124999999998,8.023
56403208,65,37.587500000000006,140.35625,5.821
56403209,6,37.587500000000006,140.36875,4.72
56403218,91,37.59583333333334,140.35625,5.865
56403219,11,37.59583333333334,140.36875,4.775
56403228,468,37.60416666666667,140.35625,6.053
56403229,17,37.60416666666667,140.36875,5.004
56403237,1,37.612500000000004,140.34375,7.391
56403238,65,37.612500000000004,140.35625,6.372
56403239,2,37.612500000000004,140.36875,5.385
56403247,20,37.62083333333334,140.34375,7.765
56403248,107,37.62083333333334,140.35625,6.802
56403249,151,37.62083333333334,140.36875,5.888
56403257,8,37.62916666666667,140.34375,8.227
56403258,22,37.62916666666667,140.35625,7.325
56403259,7,37.62916666666667,140.36875,6.486
56403267,30,37.6375,140.34375,8.763
56403268,66,37.6375,140.35625,7.923
56403269,47,37.6375,140.36875,7.153
56403277,4,37.645833333333336,140.34375,9.36
56403278,1,37.645833333333336,140.35625,8.578
56403289,20,37.654166666666676,140.36875,8.04
56403299,9,37.66250000000001,140.36875,7.137
56403300,115,37.587500000000006,140.38125,3.62
56403301,127,37.587500000000006,140.39374999999998,2.52
56403302,119,37.587500000000006,140.40625,1.424
56403303,1105,37.587500000000006,140.41875,0.36
56403304,3635,37.587500000000006,140.43125,0.788
56403305,1900,37.587500000000006,140.44375,0.332
56403306,591,37.587500000000006,140.45624999999998,0.67
56403307,166,37.587500000000006,140.46875,1.741
56403308,110,37.587500000000006,140.48125,2.508
56403309,121,37.587500000000006,140.49375,3.28
56403310,110,37.59583333333334,140.38125,3.691
56403311,40,37.59583333333334,140.39374999999998,2.622
56403312,137,37.59583333333334,140.40625,1.597
56403313,141,37.59583333333334,140.41875,0.809
56403314,1556,37.59583333333334,140.43125,0.525
56403315,2208,37.59583333333334,140.44375,0.712
56403316,1158,37.59583333333334,140.45624999999998,0.965
56403317,384,37.59583333333334,140.46875,1.163
56403318,195,37.59583333333334,140.48125,1.842
56403319,138,37.59583333333334,140.49375,2.804
56403320,33,37.60416666666667,140.38125,3.983
56403321,107,37.60416666666667,140.39374999999998,3.019
56403322,26,37.60416666666667,140.40625,2.189
56403323,32,37.60416666666667,140.41875,1.702
56403324,1021,37.60416666666667,140.43125,1.284
56403325,2519,37.60416666666667,140.44375,1.371
56403326,1668,37.60416666666667,140.45624999999998,0.307
56403327,328,37.60416666666667,140.46875,0.414
56403328,225,37.60416666666667,140.48125,1.487
56403329,135,37.60416666666667,140.49375,2.584
56403330,9,37.612500000000004,140.38125,4.452
56403331,55,37.612500000000004,140.39374999999998,3.616
56403332,5,37.612500000000004,140.40625,2.958
56403333,297,37.612500000000004,140.41875,2.618
56403334,256,37.612500000000004,140.43125,2.176
56403335,354,37.612500000000004,140.44375,1.692
56403336,1161,37.612500000000004,140.45624999999998,0.689
56403337,1917,37.612500000000004,140.46875,0.657
56403338,270,37.612500000000004,140.48125,1.658
56403339,328,37.612500000000004,140.49375,2.686
56403341,41,37.62083333333334,140.39374999999998,4.33
56403342,13,37.62083333333334,140.40625,3.798
56403343,274,37.62083333333334,140.41875,3.426
56403344,228,37.62083333333334,140.43125,2.824
56403345,151,37.62083333333334,140.44375,1.756
56403346,580,37.62083333333334,140.45624999999998,0.785
56403347,494,37.62083333333334,140.46875,0.757
56403348,169,37.62083333333334,140.48125,1.719
56403349,145,37.62083333333334,140.49375,2.785
56403350,24,37.62916666666667,140.38125,5.735
56403351,83,37.62916666666667,140.39374999999998,5.113
56403352,65,37.62916666666667,140.40625,4.671
56403353,46,37.62916666666667,140.41875,4.141
56403354,33,37.62916666666667,140.43125,3.136
56403355,103,37.62916666666667,140.44375,2.223
56403356,159,37.62916666666667,140.45624999999998,1.573
56403357,380,37.62916666666667,140.46875,1.559
56403358,184,37.62916666666667,140.48125,2.194
56403359,89,37.62916666666667,140.49375,3.101
56403360,15,37.6375,140.38125,6.481
56403361,36,37.6375,140.39374999999998,5.937
56403362,12,37.6375,140.40625,5.245
56403363,19,37.6375,140.41875,4.279
56403364,55,37.6375,140.43125,3.396
56403365,39,37.6375,140.44375,2.68
56403366,172,37.6375,140.45624999999998,2.292
56403367,278,37.6375,140.46875,2.397
56403368,138,37.6375,140.48125,2.896
56403369,218,37.6375,140.49375,3.632
56403372,2,37.645833333333336,140.40625,4.915
56403373,76,37.645833333333336,140.41875,3.868
56403374,79,37.645833333333336,140.43125,2.862
56403375,104,37.645833333333336,140.44375,1.959
56403376,275,37.645833333333336,140.45624999999998,1.381
56403377,206,37.645833333333336,140.46875,1.549
56403378,192,37.645833333333336,140.48125,2.305
56403379,329,37.645833333333336,140.49375,3.263
56403381,2,37.654166666666676,140.39374999999998,5.843
56403383,80,37.654166666666676,140.41875,3.652
56403384,68,37.654166666666676,140.43125,2.561
56403385,188,37.654166666666676,140.44375,1.486
56403386,672,37.654166666666676,140.45624999999998,0.528
56403387,1064,37.654166666666676,140.46875,0.878
56403388,2107,37.654166666666676,140.48125,1.92
56403389,879,37.654166666666676,140.49375,3.003
56403393,144,37.66250000000001,140.41875,3.664
56403394,207,37.66250000000001,140.43125,2.579
56403395,104,37.66250000000001,140.44375,1.516
56403396,205,37.66250000000001,140.45624999999998,0.607
56403397,2670,37.66250000000001,140.46875,0.927
56403398,493,37.66250000000001,140.48125,1.943
56403399,174,37.66250000000001,140.49375,3.018
56403400,69,37.587500000000006,140.50625,4.201
56403401,52,37.587500000000006,140.51874999999998,5.193
56403402,234,37.587500000000006,140.53125,6.222
56403403,59,37.587500000000006,140.54375,7.272
56403404,90,37.587500000000006,140.55625,8.335
56403405,61,37.587500000000006,140.56875,8.71
56403406,153,37.587500000000006,140.58124999999998,8.604
56403407,38,37.587500000000006,140.59375,8.485
56403408,19,37.587500000000006,140.60625,8.509
56403409,47,37.587500000000006,140.61875,8.672
56403410,54,37.59583333333334,140.50625,3.841
56403411,110,37.59583333333334,140.51874999999998,4.906
56403412,126,37.59583333333334,140.53125,5.984
56403413,120,37.59583333333334,140.54375,7.07
56403414,102,37.59583333333334,140.55625,7.959
56403415,26,37.59583333333334,140.56875,7.787
56403416,260,37.59583333333334,140.58124999999998,7.693
56403417,62,37.59583333333334,140.59375,7.56
56403418,13,37.59583333333334,140.60625,7.586
56403419,55,37.59583333333334,140.61875,7.769
56403420,155,37.60416666666667,140.50625,3.684
56403421,31,37.60416666666667,140.51874999999998,4.784
56403422,68,37.60416666666667,140.53125,5.884
56403423,62,37.60416666666667,140.54375,6.985
56403424,123,37.60416666666667,140.55625,7.058
56403425,252,37.60416666666667,140.56875,6.864
56403426,448,37.60416666666667,140.58124999999998,6.786
56403427,13,37.60416666666667,140.59375,6.635
56403429,5,37.60416666666667,140.61875,6.872
56403430,71,37.612500000000004,140.50625,3.755
56403431,20,37.612500000000004,140.51874999999998,4.839
56403432,120,37.612500000000004,140.53125,5.929
56403433,110,37.612500000000004,140.54375,6.569
56403434,62,37.612500000000004,140.55625,6.166
56403435,28,37.612500000000004,140.56875,5.943
56403436,54,37.612500000000004,140.58124999999998,5.885
56403437,9,37.612500000000004,140.59375,5.71
56403440,126,37.62083333333334,140.50625,3.871
56403441,63,37.62083333333334,140.51874999999998,4.964
56403442,128,37.62083333333334,140.53125,6.06
56403443,67,37.62083333333334,140.54375,5.75
56403444,103,37.62083333333334,140.55625,5.286
56403445,117,37.62083333333334,140.56875,5.023
56403447,41,37.62083333333334,140.59375,4.785
56403448,11,37.62083333333334,140.60625,4.826
56403449,23,37.62083333333334,140.61875,5.109
56403450,162,37.62916666666667,140.50625,4.104
56403451,100,37.62916666666667,140.51874999999998,5.147
56403452,193,37.62916666666667,140.53125,5.679
56403453,104,37.62916666666667,140.54375,4.97
56403454,104,37.62916666666667,140.55625,4.424
56403455,49,37.62916666666667,140.56875,4.107
56403457,82,37.62916666666667,140.59375,3.862
56403460,219,37.6375,140.50625,4.519
56403461,103,37.6375,140.51874999999998,5.484
56403462,74,37.6375,140.53125,5.019
56403463,76,37.6375,140.54375,4.249
56403464,45,37.6375,140.55625,3.595
56403465,93,37.6375,140.56875,3.197
56403466,28,37.6375,140.58124999999998,3.152
56403467,80,37.6375,140.59375,2.941
56403468,5,37.6375,140.60625,3.007
56403469,22,37.6375,140.61875,3.443
56403470,163,37.645833333333336,140.50625,4.29
56403471,45,37.645833333333336,140.51874999999998,5.161
56403472,124,37.645833333333336,140.53125,4.322
56403473,73,37.645833333333336,140.54375,3.622
56403474,97,37.645833333333336,140.55625,2.827
56403475,56,37.645833333333336,140.56875,2.3
56403476,91,37.645833333333336,140.58124999999998,2.237
56403477,54,37.645833333333336,140.59375,2.025
56403478,48,37.645833333333336,140.60625,2.12
56403479,209,37.645833333333336,140.61875,2.703
56403480,54,37.654166666666676,140.50625,4.096
56403481,198,37.654166666666676,140.51874999999998,4.674
56403482,911,37.654166666666676,140.53125,3.727
56403483,913,37.654166666666676,140.54375,2.891
56403484,75,37.654166666666676,140.55625,2.187
56403485,93,37.654166666666676,140.56875,1.441
56403486,90,37.654166666666676,140.58124999999998,1.338
56403487,164,37.654166666666676,140.59375,1.128
56403488,512,37.654166666666676,140.60625,1.289
56403489,6,37.654166666666676,140.61875,2.115
56403490,135,37.66250000000001,140.50625,4.107
56403491,233,37.66250000000001,140.51874999999998,4.332
56403492,372,37.66250000000001,140.53125,3.289
56403493,547,37.66250000000001,140.54375,2.299
56403494,106,37.66250000000001,140.55625,1.474
56403495,30,37.66250000000001,140.56875,0.761
56403496,419,37.66250000000001,140.58124999999998,0.439
56403497,1287,37.66250000000001,140.59375,0.397
56403498,1918,37.66250000000001,140.60625,0.741
56403499,246,37.66250000000001,140.61875,1.833
56403501,16,37.587500000000006,140.64374999999998,9.387
56403502,9,37.587500000000006,140.65625,9.909
56403503,5,37.587500000000006,140.66875,10.522
56403504,3,37.587500000000006,140.68125,11.209
56403505,4,37.587500000000006,140.69375,11.958
56403506,9,37.587500000000006,140.70624999999998,12.494
56403511,1,37.59583333333334,140.64374999999998,8.559
56403512,7,37.59583333333334,140.65625,9.129
56403513,12,37.59583333333334,140.66875,9.79
56403514,19,37.59583333333334,140.68125,10.525
56403520,3,37.60416666666667,140.63125,7.243
56403521,22,37.60416666666667,140.64374999999998,7.754
56403522,8,37.60416666666667,140.65625,8.379
56403523,59,37.60416666666667,140.66875,9.095
56403524,10,37.60416666666667,140.68125,9.881
56403530,3,37.612500000000004,140.63125,6.406
56403531,2,37.612500000000004,140.64374999999998,6.979
56403532,42,37.612500000000004,140.65625,7.667
56403533,3,37.612500000000004,140.66875,8.443
56403535,6,37.612500000000004,140.69375,10.177
56403541,14,37.62083333333334,140.64374999999998,6.245
56403542,22,37.62083333333334,140.65625,7.006
56403545,9,37.62083333333334,140.69375,9.478
56403546,3,37.62083333333334,140.70624999999998,8.996
56403550,12,37.62916666666667,140.63125,4.833
56403551,17,37.62916666666667,140.64374999999998,5.569
56403552,10,37.62916666666667,140.65625,6.411
56403554,6,37.62916666666667,140.68125,8.278
56403555,13,37.62916666666667,140.69375,8.68
56403557,1,37.62916666666667,140.71875,7.742
56403559,5,37.62916666666667,140.74375,7.363
56403560,39,37.6375,140.63125,4.134
56403561,21,37.6375,140.64374999999998,4.975
56403562,24,37.6375,140.65625,5.901
56403567,9,37.6375,140.71875,6.867
56403568,6,37.6375,140.73125,6.563
56403569,2,37.6375,140.74375,6.436
56403570,35,37.645833333333336,140.63125,3.541
56403571,17,37.645833333333336,140.64374999999998,4.494
56403572,10,37.645833333333336,140.65625,5.502
56403576,2,37.645833333333336,140.70624999999998,6.525
56403577,10,37.645833333333336,140.71875,6.007
56403578,5,37.645833333333336,140.73125,5.658
56403579,10,37.645833333333336,140.74375,5.51
56403580,16,37.654166666666676,140.63125,3.116
56403581,25,37.654166666666676,140.64374999999998,4.167
56403585,3,37.654166666666676,140.69375,6.492
56403586,3,37.654166666666676,140.70624999999998,5.765
56403587,7,37.654166666666676,140.71875,5.171
56403588,11,37.654166666666676,140.73125,4.761
56403589,19,37.654166666666676,140.74375,4.584
56403590,7,37.66250000000001,140.63125,2.932
56403591,56,37.66250000000001,140.64374999999998,4.031
56403595,16,37.66250000000001,140.69375,5.875
56403596,14,37.66250000000001,140.70624999999998,5.06
56403597,59,37.66250000000001,140.71875,4.371
56403598,79,37.66250000000001,140.73125,3.878
56403599,3,37.66250000000001,140.74375,3.659
56403622,3,37.60416666666667,140.78125,10.603
56403651,10,37.62916666666667,140.76874999999998,7.627
56403652,6,37.62916666666667,140.78125,7.986
56403655,1,37.62916666666667,140.81875,9.754
56403659,3,37.62916666666667,140.86875,6.215
56403661,2,37.6375,140.76874999999998,6.737
56403663,1,37.6375,140.79375,7.683
56403670,1,37.645833333333336,140.75625,5.58
56403671,1,37.645833333333336,140.76874999999998,5.859
56403673,9,37.645833333333336,140.79375,6.926
56403680,1,37.654166666666676,140.75625,4.668
56403691,8,37.66250000000001,140.76874999999998,4.165
56403692,2,37.66250000000001,140.78125,4.791
56403699,1,37.66250000000001,140.86875,6.859
56403703,2,37.587500000000006,140.91875,4.844
56403704,10,37.587500000000006,140.93125,4.159
56403705,33,37.587500000000006,140.94375,3.681
56403707,4,37.587500000000006,140.96875,3.653
56403708,20,37.587500000000006,140.98125,4.108
56403709,41,37.587500000000006,140.99375,4.486
56403712,5,37.59583333333334,140.90625,4.868
56403713,26,37.59583333333334,140.91875,4.169
56403714,13,37.59583333333334,140.93125,3.416
56403715,14,37.59583333333334,140.94375,2.816
56403716,31,37.59583333333334,140.95624999999998,2.571
56403717,37,37.59583333333334,140.96875,2.779
56403718,23,37.59583333333334,140.98125,3.355
56403719,114,37.59583333333334,140.99375,3.565
56403722,23,37.60416666666667,140.90625,4.258
56403723,220,37.60416666666667,140.91875,3.437
56403724,155,37.60416666666667,140.93125,2.786
56403725,216,37.60416666666667,140.94375,2.006
56403726,135,37.60416666666667,140.95624999999998,1.645
56403727,185,37.60416666666667,140.96875,1.953
56403728,80,37.60416666666667,140.98125,2.688
56403729,116,37.60416666666667,140.99375,2.649
56403733,119,37.612500000000004,140.91875,2.822
56403734,307,37.612500000000004,140.93125,2.02
56403735,1097,37.612500000000004,140.94375,1.354
56403736,266,37.612500000000004,140.95624999999998,0.719
56403737,173,37.612500000000004,140.96875,1.275
56403738,100,37.612500000000004,140.98125,1.802
56403739,314,37.612500000000004,140.99375,1.743
56403742,4,37.62083333333334,140.90625,3.307
56403743,45,37.62083333333334,140.91875,2.414
56403744,504,37.62083333333334,140.93125,1.395
56403745,3138,37.62083333333334,140.94375,0.697
56403746,1959,37.62083333333334,140.95624999999998,0.214
56403747,114,37.62083333333334,140.96875,1.074
56403748,386,37.62083333333334,140.98125,0.993
56403749,621,37.62083333333334,140.99375,0.883
56403751,45,37.62916666666667,140.89374999999998,4.036
56403752,80,37.62916666666667,140.90625,2.959
56403753,206,37.62916666666667,140.91875,1.909
56403754,522,37.62916666666667,140.93125,0.979
56403755,2490,37.62916666666667,140.94375,0.265
56403756,3803,37.62916666666667,140.95624999999998,0.343
56403757,713,37.62916666666667,140.96875,0.673
56403758,1353,37.62916666666667,140.98125,0.667
56403759,742,37.62916666666667,140.99375,0.487
56403762,28,37.6375,140.90625,2.879
56403763,168,37.6375,140.91875,1.783
56403764,712,37.6375,140.93125,0.703
56403765,2068,37.6375,140.94375,0.397
56403766,2771,37.6375,140.95624999999998,0.085
56403767,3006,37.6375,140.96875,0.43
56403768,2133,37.6375,140.98125,0.872
56403769,1827,37.6375,140.99375,1.189
56403772,27,37.645833333333336,140.90625,3.089
56403773,143,37.645833333333336,140.91875,2.105
56403774,329,37.645833333333336,140.93125,1.312
56403775,608,37.645833333333336,140.94375,0.549
56403776,3124,37.645833333333336,140.95624999999998,0.462
56403777,1197,37.645833333333336,140.96875,0.573
56403778,319,37.645833333333336,140.98125,1.053
56403779,59,37.645833333333336,140.99375,2.075
56403781,6,37.654166666666676,140.89374999999998,4.477
56403782,39,37.654166666666676,140.90625,3.537
56403783,42,37.654166666666676,140.91875,2.721
56403784,530,37.654166666666676,140.93125,1.893
56403785,549,37.654166666666676,140.94375,1.069
56403786,319,37.654166666666676,140.95624999999998,0.968
56403787,243,37.654166666666676,140.96875,1.478
56403788,109,37.654166666666676,140.98125,1.722
56403789,164,37.654166666666676,140.99375,2.484
56403790,26,37.66250000000001,140.88125,5.889
56403791,168,37.66250000000001,140.89374999999998,4.972
56403792,109,37.66250000000001,140.90625,4.147
56403793,120,37.66250000000001,140.91875,3.317
56403794,227,37.66250000000001,140.93125,2.492
56403795,102,37.66250000000001,140.94375,1.893
56403796,593,37.66250000000001,140.95624999999998,1.838
56403797,165,37.66250000000001,140.96875,2.365
56403798,128,37.66250000000001,140.98125,2.557
56403799,250,37.66250000000001,140.99375,3.121
56404003,6,37.67083333333334,140.04375,13.824
56404006,28,37.67083333333334,140.08124999999998,12.82
56404013,3,37.679166666666674,140.04375,14.195
56404015,49,37.679166666666674,140.06875,13.966
56404016,63,37.679166666666674,140.08124999999998,13.731
56404019,23,37.679166666666674,140.11875,13.529
56404025,68,37.68750000000001,140.06875,14.864
56404026,21,37.68750000000001,140.08124999999998,14.644
56404033,1,37.69583333333334,140.04375,14.658
56404035,15,37.69583333333334,140.06875,15.766
56404052,28,37.712500000000006,140.03125,14.057
56404053,19,37.712500000000006,140.04375,15.135
56404062,1,37.72083333333334,140.03125,14.275
56404064,10,37.72083333333334,140.05625,16.405
56404065,21,37.72083333333334,140.06875,17.477
56404073,38,37.72916666666667,140.04375,15.593
56404074,3,37.72916666666667,140.05625,16.644
56404075,116,37.72916666666667,140.06875,17.701
56404129,5,37.68750000000001,140.24375,13.186
56404206,27,37.67083333333334,140.33124999999998,7.784
56404207,2,37.67083333333334,140.34375,7.151
56404209,6,37.67083333333334,140.36875,6.24
56404215,22,37.679166666666674,140.31875,7.857
56404216,224,37.679166666666674,140.33124999999998,7.074
56404217,6,37.679166666666674,140.34375,6.385
56404225,7,37.68750000000001,140.31875,7.274
56404226,26,37.68750000000001,140.33124999999998,6.42
56404227,1,37.68750000000001,140.34375,5.651
56404235,20,37.69583333333334,140.31875,6.768
56404236,3,37.69583333333334,140.33124999999998,5.84
56404238,9,37.69583333333334,140.35625,4.239
56404247,37,37.70416666666667,140.34375,4.409
56404248,51,37.70416666666667,140.35625,3.547
56404249,164,37.70416666666667,140.36875,2.848
56404257,83,37.712500000000006,140.34375,3.97
56404258,76,37.712500000000006,140.35625,2.984
56404259,247,37.712500000000006,140.36875,2.113
56404260,1,37.72083333333334,140.25625,11.379
56404267,2,37.72083333333334,140.34375,3.715
56404268,167,37.72083333333334,140.35625,2.636
56404269,178,37.72083333333334,140.36875,1.584
56404273,5,37.72916666666667,140.29375,8.072
56404278,213,37.72916666666667,140.35625,2.59
56404279,171,37.72916666666667,140.36875,1.507
56404288,83,37.73750000000001,140.35625,2.861
56404289,260,37.73750000000001,140.36875,1.936
56404297,8,37.745833333333344,140.34375,4.27
56404298,100,37.745833333333344,140.35625,3.374
56404299,311,37.745833333333344,140.36875,2.635
56404300,25,37.67083333333334,140.38125,6.038
56404301,34,37.67083333333334,140.39374999999998,6.003
56404302,38,37.67083333333334,140.40625,4.942
56404303,144,37.67083333333334,140.41875,3.902
56404304,37,37.67083333333334,140.43125,2.908
56404305,22,37.67083333333334,140.44375,2.026
56404306,138,37.67083333333334,140.45624999999998,1.475
56404307,348,37.67083333333334,140.46875,1.633
56404308,178,37.67083333333334,140.48125,2.362
56404309,111,37.67083333333334,140.49375,3.304
56404313,4,37.679166666666674,140.41875,4.33
56404314,47,37.679166666666674,140.43125,3.461
56404315,95,37.679166666666674,140.44375,2.762
56404316,2208,37.679166666666674,140.45624999999998,2.387
56404317,264,37.679166666666674,140.46875,2.488
56404318,100,37.679166666666674,140.48125,3.017
56404319,59,37.679166666666674,140.49375,3.799
56404322,3,37.68750000000001,140.40625,4.463
56404323,83,37.68750000000001,140.41875,4.884
56404325,50,37.68750000000001,140.44375,3.587
56404326,221,37.68750000000001,140.45624999999998,3.307
56404327,137,37.68750000000001,140.46875,3.381
56404328,565,37.68750000000001,140.48125,3.787
56404329,65,37.68750000000001,140.49375,4.436
56404330,4,37.69583333333334,140.38125,3.282
56404331,27,37.69583333333334,140.39374999999998,3.273
56404332,12,37.69583333333334,140.40625,3.616
56404333,211,37.69583333333334,140.41875,4.042
56404334,17,37.69583333333334,140.43125,3.67
56404335,121,37.69583333333334,140.44375,3.608
56404336,129,37.69583333333334,140.45624999999998,3.621
56404337,3448,37.69583333333334,140.46875,3.453
56404338,2671,37.69583333333334,140.48125,3.626
56404339,580,37.69583333333334,140.49375,4.098
56404340,27,37.70416666666667,140.38125,2.375
56404341,26,37.70416666666667,140.39374999999998,2.363
56404342,37,37.70416666666667,140.40625,2.819
56404343,117,37.70416666666667,140.41875,3.246
56404344,162,37.70416666666667,140.43125,2.77
56404345,184,37.70416666666667,140.44375,2.687
56404346,105,37.70416666666667,140.45624999999998,2.715
56404347,1690,37.70416666666667,140.46875,2.526
56404348,1039,37.70416666666667,140.48125,2.759
56404349,108,37.70416666666667,140.49375,3.355
56404350,1215,37.712500000000006,140.38125,1.493
56404351,31,37.712500000000006,140.39374999999998,1.474
56404352,131,37.712500000000006,140.40625,2.129
56404353,76,37.712500000000006,140.41875,2.541
56404354,465,37.712500000000006,140.43125,1.895
56404355,302,37.712500000000006,140.44375,1.772
56404356,441,37.712500000000006,140.45624999999998,1.808
56404357,2633,37.712500000000006,140.46875,1.6
56404358,59,37.712500000000006,140.48125,1.946
56404359,2,37.712500000000006,140.49375,2.726
56404360,1153,37.72083333333334,140.38125,0.698
56404361,392,37.72083333333334,140.39374999999998,0.692
56404362,2817,37.72083333333334,140.40625,1.685
56404363,74,37.72083333333334,140.41875,2.023
56404364,423,37.72083333333334,140.43125,1.108
56404365,1103,37.72083333333334,140.44375,0.882
56404366,4201,37.72083333333334,140.45624999999998,0.941
56404367,1551,37.72083333333334,140.46875,0.673
56404368,2166,37.72083333333334,140.48125,1.296
56404369,88,37.72083333333334,140.49375,2.307
56404370,668,37.72916666666667,140.38125,0.499
56404371,871,37.72916666666667,140.39374999999998,0.708
56404372,603,37.72916666666667,140.40625,1.692
56404373,546,37.72916666666667,140.41875,1.856
56404374,989,37.72916666666667,140.43125,0.762
56404375,5246,37.72916666666667,140.44375,0.25
56404376,4055,37.72916666666667,140.45624999999998,0.469
56404377,3003,37.72916666666667,140.46875,0.254
56404378,1214,37.72916666666667,140.48125,1.136
56404379,48,37.72916666666667,140.49375,2.221
56404380,194,37.73750000000001,140.38125,1.314
56404381,213,37.73750000000001,140.39374999999998,1.457
56404382,497,37.73750000000001,140.40625,2.145
56404383,1832,37.73750000000001,140.41875,2.125
56404384,1201,37.73750000000001,140.43125,1.285
56404385,2376,37.73750000000001,140.44375,0.4
56404386,4640,37.73750000000001,140.45624999999998,0.301
56404387,2412,37.73750000000001,140.46875,0.454
56404388,556,37.73750000000001,140.48125,1.289
56404389,260,37.73750000000001,140.49375,2.353
56404390,207,37.745833333333344,140.38125,2.219
56404391,221,37.745833333333344,140.39374999999998,2.306
56404392,314,37.745833333333344,140.40625,2.785
56404393,469,37.745833333333344,140.41875,2.184
56404394,1156,37.745833333333344,140.43125,1.301
56404395,3985,37.745833333333344,140.44375,0.209
56404396,4942,37.745833333333344,140.45624999999998,0.447
56404397,2793,37.745833333333344,140.46875,0.303
56404398,5100,37.745833333333344,140.48125,1.165
56404399,958,37.745833333333344,140.49375,1.617
56404400,88,37.67083333333334,140.50625,4.321
56404401,200,37.67083333333334,140.51874999999998,4.173
56404402,356,37.67083333333334,140.53125,3.076
56404403,126,37.67083333333334,140.54375,1.982
56404404,270,37.67083333333334,140.55625,0.904
56404405,542,37.67083333333334,140.56875,0.358
56404406,325,37.67083333333334,140.58124999999998,0.5
56404407,497,37.67083333333334,140.59375,0.872
56404408,1313,37.67083333333334,140.60625,1.073
56404409,377,37.67083333333334,140.61875,1.991
56404410,192,37.679166666666674,140.50625,4.711
56404411,141,37.679166666666674,140.51874999999998,4.216
56404412,193,37.679166666666674,140.53125,3.134
56404413,163,37.679166666666674,140.54375,2.071
56404414,228,37.679166666666674,140.55625,1.086
56404415,447,37.679166666666674,140.56875,0.7
56404416,262,37.679166666666674,140.58124999999998,1.423
56404417,22,37.679166666666674,140.59375,1.753
56404418,10,37.679166666666674,140.60625,1.864
56404419,149,37.679166666666674,140.61875,2.507
56404420,101,37.68750000000001,140.50625,5.237
56404421,109,37.68750000000001,140.51874999999998,4.455
56404422,174,37.68750000000001,140.53125,3.449
56404423,217,37.68750000000001,140.54375,2.523
56404424,117,37.68750000000001,140.55625,1.805
56404425,237,37.68750000000001,140.56875,1.603
56404426,10,37.68750000000001,140.58124999999998,2.073
56404427,56,37.68750000000001,140.59375,2.562
56404428,23,37.68750000000001,140.60625,2.741
56404429,69,37.68750000000001,140.61875,3.213
56404430,41,37.69583333333334,140.50625,4.781
56404431,81,37.69583333333334,140.51874999999998,4.862
56404432,83,37.69583333333334,140.53125,3.961
56404433,107,37.69583333333334,140.54375,3.188
56404434,136,37.69583333333334,140.55625,2.656
56404435,12,37.69583333333334,140.56875,2.523
56404436,69,37.69583333333334,140.58124999999998,2.845
56404437,41,37.69583333333334,140.59375,3.431
56404438,140,37.69583333333334,140.60625,3.642
56404439,44,37.69583333333334,140.61875,4.01
56404440,38,37.70416666666667,140.50625,4.161
56404441,80,37.70416666666667,140.51874999999998,5.079
56404442,4,37.70416666666667,140.53125,4.605
56404443,9,37.70416666666667,140.54375,3.959
56404444,68,37.70416666666667,140.55625,3.545
56404445,6,37.70416666666667,140.56875,3.446
56404446,52,37.70416666666667,140.58124999999998,3.689
56404447,29,37.70416666666667,140.59375,4.214
56404448,93,37.70416666666667,140.60625,4.554
56404450,61,37.712500000000006,140.50625,3.673
56404452,3,37.712500000000006,140.53125,5.332
56404453,10,37.712500000000006,140.54375,4.786
56404454,47,37.712500000000006,140.55625,4.449
56404456,102,37.712500000000006,140.58124999999998,4.565
56404457,50,37.712500000000006,140.59375,4.999
56404458,223,37.712500000000006,140.60625,5.471
56404460,31,37.72083333333334,140.50625,3.374
56404461,35,37.72083333333334,140.51874999999998,4.457
56404462,18,37.72083333333334,140.53125,5.546
56404463,40,37.72083333333334,140.54375,5.644
56404464,20,37.72083333333334,140.55625,5.361
56404465,14,37.72083333333334,140.56875,5.297
56404466,3,37.72083333333334,140.58124999999998,5.458
56404467,112,37.72083333333334,140.59375,5.612
56404468,63,37.72083333333334,140.60625,5.643
56404469,31,37.72083333333334,140.61875,5.882
56404470,3,37.72916666666667,140.50625,3.316
56404471,9,37.72916666666667,140.51874999999998,4.413
56404472,65,37.72916666666667,140.53125,5.351
56404473,12,37.72916666666667,140.54375,6.289
56404474,54,37.72916666666667,140.55625,5.953
56404477,202,37.72916666666667,140.59375,4.688
56404478,255,37.72916666666667,140.60625,4.725
56404479,64,37.72916666666667,140.61875,5.008
56404481,21,37.73750000000001,140.51874999999998,3.923
56404482,35,37.73750000000001,140.53125,4.888
56404483,22,37.73750000000001,140.54375,5.9
56404484,133,37.73750000000001,140.55625,5.257
56404487,26,37.73750000000001,140.59375,3.766
56404488,344,37.73750000000001,140.60625,3.811
56404489,126,37.73750000000001,140.61875,4.157
56404490,82,37.745833333333344,140.50625,2.507
56404491,10,37.745833333333344,140.51874999999998,3.517
56404492,158,37.745833333333344,140.53125,4.569
56404493,52,37.745833333333344,140.54375,5.486
56404494,21,37.745833333333344,140.55625,4.643
56404495,94,37.745833333333344,140.56875,3.828
56404497,104,37.745833333333344,140.59375,2.846
56404498,329,37.745833333333344,140.60625,2.905
56404499,32,37.745833333333344,140.61875,3.347
56404500,190,37.67083333333334,140.63125,3.033
56404501,96,37.67083333333334,140.64374999999998,4.105
56404506,14,37.67083333333334,140.70624999999998,4.437
56404507,21,37.67083333333334,140.71875,3.633
56404508,28,37.67083333333334,140.73125,3.021
56404509,2,37.67083333333334,140.74375,2.734
56404510,20,37.679166666666674,140.63125,3.394
56404512,19,37.679166666666674,140.65625,5.408
56404516,7,37.679166666666674,140.70624999999998,3.936
56404517,31,37.679166666666674,140.71875,3.0
56404518,83,37.679166666666674,140.73125,2.22
56404519,8,37.679166666666674,140.74375,1.811
56404520,17,37.68750000000001,140.63125,3.944
56404521,6,37.68750000000001,140.64374999999998,4.817
56404522,17,37.68750000000001,140.65625,5.769
56404523,14,37.68750000000001,140.66875,6.765
56404525,4,37.68750000000001,140.69375,4.682
56404526,12,37.68750000000001,140.70624999999998,3.607
56404527,26,37.68750000000001,140.71875,2.554
56404528,7,37.68750000000001,140.73125,1.566
56404529,8,37.68750000000001,140.74375,0.896
56404530,10,37.69583333333334,140.63125,4.616
56404531,16,37.69583333333334,140.64374999999998,5.381
56404532,3,37.69583333333334,140.65625,6.247
56404533,7,37.69583333333334,140.66875,6.799
56404534,26,37.69583333333334,140.68125,5.699
56404535,83,37.69583333333334,140.69375,4.6
56404536,25,37.69583333333334,140.70624999999998,3.5
56404537,28,37.69583333333334,140.71875,2.4
56404538,50,37.69583333333334,140.73125,1.301
56404539,47,37.69583333333334,140.74375,0.207
56404540,14,37.70416666666667,140.63125,5.365
56404541,7,37.70416666666667,140.64374999999998,6.036
56404542,4,37.70416666666667,140.65625,6.819
56404545,6,37.70416666666667,140.69375,4.702
56404548,20,37.70416666666667,140.73125,1.628
56404549,27,37.70416666666667,140.74375,1.0
56404551,50,37.712500000000006,140.64374999999998,6.754
56404552,6,37.712500000000006,140.65625,7.462
56404554,6,37.712500000000006,140.68125,6.009
56404555,15,37.712500000000006,140.69375,4.978
56404558,7,37.712500000000006,140.73125,2.307
56404559,2,37.712500000000006,140.74375,1.917
56404560,19,37.72083333333334,140.63125,6.307
56404561,8,37.72083333333334,140.64374999999998,6.882
56404562,11,37.72083333333334,140.65625,7.574
56404563,2,37.72083333333334,140.66875,7.365
56404564,8,37.72083333333334,140.68125,6.364
56404565,17,37.72083333333334,140.69375,5.401
56404566,3,37.72083333333334,140.70624999999998,4.502
56404568,2,37.72083333333334,140.73125,3.117
56404570,21,37.72916666666667,140.63125,5.501
56404571,10,37.72916666666667,140.64374999999998,6.152
56404573,2,37.72916666666667,140.66875,7.764
56404574,7,37.72916666666667,140.68125,6.826
56404576,3,37.72916666666667,140.70624999999998,5.136
56404579,8,37.72916666666667,140.74375,3.765
56404580,84,37.73750000000001,140.63125,4.739
56404581,9,37.73750000000001,140.64374999999998,5.481
56404585,13,37.73750000000001,140.69375,6.565
56404586,12,37.73750000000001,140.70624999999998,5.848
56404588,3,37.73750000000001,140.73125,4.863
56404589,9,37.73750000000001,140.74375,4.691
56404590,8,37.745833333333344,140.63125,4.046
56404591,61,37.745833333333344,140.64374999999998,4.895
56404592,5,37.745833333333344,140.65625,5.828
56404596,10,37.745833333333344,140.70624999999998,6.614
56404597,6,37.745833333333344,140.71875,6.104
56404600,5,37.67083333333334,140.75625,2.871
56404601,2,37.67083333333334,140.76874999999998,3.382
56404602,3,37.67083333333334,140.78125,4.128
56404609,2,37.67083333333334,140.86875,7.311
56404610,20,37.679166666666674,140.75625,2.012
56404611,11,37.679166666666674,140.76874999999998,2.691
56404612,2,37.679166666666674,140.78125,3.585
56404613,2,37.679166666666674,140.79375,4.569
56404614,6,37.679166666666674,140.80625,5.597
56404620,7,37.68750000000001,140.75625,1.254
56404621,3,37.68750000000001,140.76874999999998,2.182
56404622,3,37.68750000000001,140.78125,3.22
56404623,2,37.68750000000001,140.79375,4.289
56404624,1,37.68750000000001,140.80625,5.371
56404625,3,37.68750000000001,140.81875,6.459
56404626,1,37.68750000000001,140.83124999999998,7.55
56404627,2,37.68750000000001,140.84375,8.643
56404628,3,37.68750000000001,140.85625,9.284
56404630,72,37.69583333333334,140.75625,0.901
56404631,13,37.69583333333334,140.76874999999998,2.0
56404634,2,37.69583333333334,140.80625,5.299
56404640,16,37.70416666666667,140.75625,1.33
56404650,12,37.712500000000006,140.75625,2.108
56404651,10,37.712500000000006,140.76874999999998,2.763
56404663,2,37.72083333333334,140.79375,5.065
56404669,67,37.72083333333334,140.86875,8.44
56404673,3,37.72916666666667,140.79375,5.636
56404674,4,37.72916666666667,140.80625,6.496
56404675,10,37.72916666666667,140.81875,7.42
56404679,42,37.72916666666667,140.86875,8.645
56404684,10,37.73750000000001,140.80625,7.073
56404685,1,37.73750000000001,140.81875,7.93
56404693,4,37.745833333333344,140.79375,7.009
56404694,7,37.745833333333344,140.80625,7.718
56404703,30,37.67083333333334,140.91875,3.927
56404704,108,37.67083333333334,140.93125,3.22
56404705,78,37.67083333333334,140.94375,2.782
56404706,63,37.67083333333334,140.95624999999998,2.745
56404707,16,37.67083333333334,140.96875,3.123
56404708,31,37.67083333333334,140.98125,3.44
56404709,196,37.67083333333334,140.99375,3.877
56404713,18,37.679166666666674,140.91875,4.351
56404715,4,37.679166666666674,140.94375,2.731
56404716,35,37.679166666666674,140.95624999999998,2.314
56404717,112,37.679166666666674,140.96875,2.381
56404718,91,37.679166666666674,140.98125,2.854
56404719,105,37.679166666666674,140.99375,3.602
56404721,31,37.68750000000001,140.89374999999998,6.059
56404722,32,37.68750000000001,140.90625,4.993
56404723,52,37.68750000000001,140.91875,3.945
56404724,209,37.68750000000001,140.93125,2.936
56404725,191,37.68750000000001,140.94375,2.024
56404726,23,37.68750000000001,140.95624999999998,1.411
56404727,64,37.68750000000001,140.96875,1.507
56404728,102,37.68750000000001,140.98125,2.163
56404730,3,37.69583333333334,140.88125,7.019
56404731,16,37.69583333333334,140.89374999999998,5.921
56404733,6,37.69583333333334,140.91875,3.731
56404734,121,37.69583333333334,140.93125,2.641
56404735,645,37.69583333333334,140.94375,1.565
56404736,569,37.69583333333334,140.95624999999998,0.588
56404737,458,37.69583333333334,140.96875,0.725
56404738,194,37.69583333333334,140.98125,1.713
56404739,4,37.69583333333334,140.99375,2.786
56404743,9,37.70416666666667,140.91875,3.74
56404744,101,37.70416666666667,140.93125,2.654
56404745,107,37.70416666666667,140.94375,1.588
56404746,974,37.70416666666667,140.95624999999998,0.646
56404747,1510,37.70416666666667,140.96875,0.706
56404748,228,37.70416666666667,140.98125,1.705
56404749,171,37.70416666666667,140.99375,2.781
56404753,26,37.712500000000006,140.91875,3.972
56404754,146,37.712500000000006,140.93125,2.972
56404755,174,37.712500000000006,140.94375,2.076
56404756,827,37.712500000000006,140.95624999999998,1.483
56404757,287,37.712500000000006,140.96875,1.479
56404758,212,37.712500000000006,140.98125,2.144
56404759,117,37.712500000000006,140.99375,3.07
56404760,125,37.72083333333334,140.88125,7.39
56404761,29,37.72083333333334,140.89374999999998,6.357
56404763,106,37.72083333333334,140.91875,4.391
56404764,245,37.72083333333334,140.93125,3.513
56404765,84,37.72083333333334,140.94375,2.796
56404766,154,37.72083333333334,140.95624999999998,2.367
56404767,69,37.72083333333334,140.96875,2.365
56404768,60,37.72083333333334,140.98125,2.829
56404769,50,37.72083333333334,140.99375,3.582
56404770,15,37.72916666666667,140.88125,7.735
56404771,88,37.72916666666667,140.89374999999998,6.755
56404772,60,37.72916666666667,140.90625,5.819
56404773,215,37.72916666666667,140.91875,4.95
56404774,181,37.72916666666667,140.93125,4.191
56404775,48,37.72916666666667,140.94375,3.611
56404776,83,37.72916666666667,140.95624999999998,3.275
56404777,62,37.72916666666667,140.96875,3.274
56404778,91,37.72916666666667,140.98125,3.623
56404779,17,37.72916666666667,140.99375,4.237
56404783,44,37.73750000000001,140.91875,5.607
56404784,81,37.73750000000001,140.93125,4.95
56404785,4,37.73750000000001,140.94375,4.47
56404786,101,37.73750000000001,140.95624999999998,4.192
56404787,68,37.73750000000001,140.96875,4.19
56404788,52,37.73750000000001,140.98125,4.468
56404789,64,37.73750000000001,140.99375,4.979
56404792,55,37.745833333333344,140.90625,5.356
56404793,15,37.745833333333344,140.91875,5.038
56404794,15,37.745833333333344,140.93125,4.919
56404795,41,37.745833333333344,140.94375,5.042
56404796,126,37.745833333333344,140.95624999999998,5.112
56404797,69,37.745833333333344,140.96875,5.111
56404798,27,37.745833333333344,140.98125,5.341
56404799,40,37.745833333333344,140.99375,5.775
56405204,37,37.75416666666667,140.30625,7.465
56405205,10,37.75416666666667,140.31875,6.391
56405206,15,37.75416666666667,140.33124999999998,5.326
56405208,342,37.75416666666667,140.35625,3.265
56405209,486,37.75416666666667,140.36875,2.33
56405218,97,37.7625,140.35625,2.974
56405219,302,37.7625,140.36875,1.901
56405228,92,37.770833333333336,140.35625,2.958
56405229,260,37.770833333333336,140.36875,1.876
56405237,3,37.77916666666667,140.34375,4.244
56405238,95,37.77916666666667,140.35625,3.22
56405239,50,37.77916666666667,140.36875,2.268
56405276,1,37.8125,140.33124999999998,7.192
56405277,13,37.8125,140.34375,6.455
56405300,69,37.75416666666667,140.38125,1.616
56405301,217,37.75416666666667,140.39374999999998,1.487
56405302,205,37.75416666666667,140.40625,2.056
56405303,382,37.75416666666667,140.41875,1.591
56405304,1141,37.75416666666667,140.43125,0.805
56405305,3446,37.75416666666667,140.44375,0.43
56405306,4839,37.75416666666667,140.45624999999998,0.224
56405307,4472,37.75416666666667,140.46875,0.468
56405308,3339,37.75416666666667,140.48125,0.24
56405309,89,37.75416666666667,140.49375,1.146
56405310,131,37.7625,140.38125,0.895
56405311,303,37.7625,140.39374999999998,0.632
56405312,486,37.7625,140.40625,1.554
56405313,840,37.7625,140.41875,0.915
56405314,4407,37.7625,140.43125,0.358
56405315,6208,37.7625,140.44375,0.535
56405316,5441,37.7625,140.45624999999998,0.26
56405317,4285,37.7625,140.46875,1.226
56405318,4051,37.7625,140.48125,0.688
56405319,28,37.7625,140.49375,1.132
56405320,1299,37.770833333333336,140.38125,0.84
56405321,2839,37.770833333333336,140.39374999999998,0.552
56405322,767,37.770833333333336,140.40625,1.523
56405323,2660,37.770833333333336,140.41875,0.762
56405324,3252,37.770833333333336,140.43125,0.523
56405325,5706,37.770833333333336,140.44375,0.235
56405326,3082,37.770833333333336,140.45624999999998,1.009
56405327,977,37.770833333333336,140.46875,1.021
56405328,3034,37.770833333333336,140.48125,0.174
56405329,3043,37.770833333333336,140.49375,0.288
56405330,279,37.77916666666667,140.38125,1.525
56405331,563,37.77916666666667,140.39374999999998,1.388
56405332,620,37.77916666666667,140.40625,1.985
56405333,2335,37.77916666666667,140.41875,1.429
56405334,3425,37.77916666666667,140.43125,1.168
56405335,4465,37.77916666666667,140.44375,0.762
56405336,4584,37.77916666666667,140.45624999999998,0.338
56405337,3012,37.77916666666667,140.46875,0.656
56405338,2668,37.77916666666667,140.48125,1.08
56405339,2383,37.77916666666667,140.49375,0.775
56405340,38,37.7875,140.38125,2.38
56405341,136,37.7875,140.39374999999998,2.295
56405342,284,37.7875,140.40625,2.218
56405343,1046,37.7875,140.41875,1.362
56405344,4258,37.7875,140.43125,1.082
56405345,5881,37.7875,140.44375,0.224
56405346,4082,37.7875,140.45624999999998,0.11
56405347,3537,37.7875,140.46875,0.47
56405348,4944,37.7875,140.48125,0.558
56405349,854,37.7875,140.49375,0.554
56405350,100,37.795833333333334,140.38125,3.275
56405351,214,37.795833333333334,140.39374999999998,3.047
56405352,437,37.795833333333334,140.40625,1.95
56405353,757,37.795833333333334,140.41875,0.858
56405354,2875,37.795833333333334,140.43125,0.288
56405355,3185,37.795833333333334,140.44375,0.23
56405356,888,37.795833333333334,140.45624999999998,0.921
56405357,598,37.795833333333334,140.46875,1.315
56405358,3096,37.795833333333334,140.48125,0.738
56405359,611,37.795833333333334,140.49375,0.517
56405361,7,37.80416666666667,140.39374999999998,3.143
56405362,292,37.80416666666667,140.40625,2.098
56405363,170,37.80416666666667,140.41875,1.156
56405364,315,37.80416666666667,140.43125,0.826
56405365,2683,37.80416666666667,140.44375,0.4
56405366,1081,37.80416666666667,140.45624999999998,0.792
56405367,428,37.80416666666667,140.46875,1.872
56405368,3463,37.80416666666667,140.48125,1.398
56405369,4953,37.80416666666667,140.49375,1.295
56405372,105,37.8125,140.40625,2.592
56405373,510,37.8125,140.41875,1.911
56405374,441,37.8125,140.43125,1.601
56405375,2734,37.8125,140.44375,0.786
56405376,304,37.8125,140.45624999999998,1.042
56405377,285,37.8125,140.46875,1.991
56405378,620,37.8125,140.48125,2.255
56405379,3310,37.8125,140.49375,1.575
56405382,2,37.82083333333334,140.40625,3.279
56405383,204,37.82083333333334,140.41875,2.71
56405384,162,37.82083333333334,140.43125,1.617
56405385,1723,37.82083333333334,140.44375,0.542
56405386,974,37.82083333333334,140.45624999999998,0.621
56405387,173,37.82083333333334,140.46875,1.7
56405388,430,37.82083333333334,140.48125,2.28
56405389,3135,37.82083333333334,140.49375,1.185
56405391,20,37.82916666666667,140.39374999999998,4.688
56405392,113,37.82916666666667,140.40625,3.871
56405393,105,37.82916666666667,140.41875,2.801
56405394,368,37.82916666666667,140.43125,1.765
56405395,1355,37.82916666666667,140.44375,0.892
56405396,3746,37.82916666666667,140.45624999999998,0.942
56405397,578,37.82916666666667,140.46875,1.841
56405398,297,37.82916666666667,140.48125,2.417
56405399,511,37.82916666666667,140.49375,1.43
56405400,39,37.75416666666667,140.50625,2.232
56405401,90,37.75416666666667,140.51874999999998,3.163
56405402,286,37.75416666666667,140.53125,4.065
56405403,74,37.75416666666667,140.54375,5.046
56405404,101,37.75416666666667,140.55625,4.146
56405405,85,37.75416666666667,140.56875,3.208
56405406,9,37.75416666666667,140.58124999999998,2.409
56405407,14,37.75416666666667,140.59375,1.932
56405408,503,37.75416666666667,140.60625,2.019
56405409,30,37.75416666666667,140.61875,2.614
56405410,240,37.7625,140.50625,1.725
56405411,394,37.7625,140.51874999999998,2.662
56405412,21,37.7625,140.53125,3.689
56405413,35,37.7625,140.54375,4.748
56405414,78,37.7625,140.55625,3.813
56405415,56,37.7625,140.56875,2.764
56405416,150,37.7625,140.58124999999998,1.777
56405417,58,37.7625,140.59375,1.042
56405418,24,37.7625,140.60625,1.196
56405419,65,37.7625,140.61875,2.046
56405420,1064,37.770833333333336,140.50625,1.333
56405421,366,37.770833333333336,140.51874999999998,2.426
56405422,82,37.770833333333336,140.53125,3.522
56405423,73,37.770833333333336,140.54375,4.293
56405424,50,37.770833333333336,140.55625,3.689
56405425,46,37.770833333333336,140.56875,2.591
56405426,100,37.770833333333336,140.58124999999998,1.492
56405427,263,37.770833333333336,140.59375,0.395
56405428,84,37.770833333333336,140.60625,0.707
56405429,67,37.770833333333336,140.61875,1.805
56405430,1629,37.77916666666667,140.50625,1.515
56405431,27,37.77916666666667,140.51874999999998,2.53
56405432,23,37.77916666666667,140.53125,3.595
56405433,162,37.77916666666667,140.54375,3.372
56405434,165,37.77916666666667,140.55625,3.414
56405435,25,37.77916666666667,140.56875,2.738
56405436,51,37.77916666666667,140.58124999999998,1.736
56405437,717,37.77916666666667,140.59375,0.971
56405438,97,37.77916666666667,140.60625,1.134
56405439,164,37.77916666666667,140.61875,2.011
56405440,1666,37.7875,140.50625,1.646
56405441,79,37.7875,140.51874999999998,2.694
56405442,105,37.7875,140.53125,2.855
56405443,55,37.7875,140.54375,2.455
56405444,256,37.7875,140.55625,2.512
56405445,110,37.7875,140.56875,2.915
56405446,376,37.7875,140.58124999999998,2.349
56405447,1028,37.7875,140.59375,1.857
56405448,48,37.7875,140.60625,1.947
56405449,79,37.7875,140.61875,2.559
56405450,80,37.795833333333334,140.50625,1.55
56405451,869,37.795833333333334,140.51874999999998,2.636
56405452,74,37.795833333333334,140.53125,2.128
56405453,109,37.795833333333334,140.54375,1.55
56405454,341,37.795833333333334,140.55625,1.639
56405455,227,37.795833333333334,140.56875,2.108
56405456,24,37.795833333333334,140.58124999999998,2.884
56405457,257,37.795833333333334,140.59375,2.769
56405458,126,37.795833333333334,140.60625,2.831
56405459,152,37.795833333333334,140.61875,3.282
56405460,1195,37.80416666666667,140.50625,1.953
56405461,152,37.80416666666667,140.51874999999998,1.796
56405462,996,37.80416666666667,140.53125,1.619
56405463,535,37.80416666666667,140.54375,0.704
56405464,200,37.80416666666667,140.55625,0.805
56405465,451,37.80416666666667,140.56875,1.453
56405466,180,37.80416666666667,140.58124999999998,2.446
56405467,75,37.80416666666667,140.59375,3.503
56405468,54,37.80416666666667,140.60625,3.735
56405469,154,37.80416666666667,140.61875,4.088
56405470,894,37.8125,140.50625,1.047
56405471,483,37.8125,140.51874999999998,0.87
56405472,297,37.8125,140.53125,1.417
56405473,2040,37.8125,140.54375,0.553
56405474,1553,37.8125,140.55625,0.175
56405475,124,37.8125,140.56875,1.222
56405476,145,37.8125,140.58124999999998,2.211
56405477,95,37.8125,140.59375,3.045
56405478,102,37.8125,140.60625,3.711
56405479,262,37.8125,140.61875,3.874
56405480,2409,37.82083333333334,140.50625,0.143
56405481,885,37.82083333333334,140.51874999999998,0.061
56405482,307,37.82083333333334,140.53125,1.12
56405483,2606,37.82083333333334,140.54375,1.354
56405484,3671,37.82083333333334,140.55625,0.728
56405485,862,37.82083333333334,140.56875,0.823
56405486,166,37.82083333333334,140.58124999999998,1.627
56405487,204,37.82083333333334,140.59375,2.651
56405488,33,37.82083333333334,140.60625,2.785
56405489,166,37.82083333333334,140.61875,2.998
56405490,561,37.82916666666667,140.50625,0.813
56405491,307,37.82916666666667,140.51874999999998,0.984
56405492,686,37.82916666666667,140.53125,1.49
56405493,808,37.82916666666667,140.54375,1.324
56405494,2686,37.82916666666667,140.55625,0.307
56405495,561,37.82916666666667,140.56875,0.393
56405496,351,37.82916666666667,140.58124999999998,1.458
56405497,345,37.82916666666667,140.59375,2.152
56405498,172,37.82916666666667,140.60625,1.858
56405499,135,37.82916666666667,140.61875,2.164
56405500,37,37.75416666666667,140.63125,3.465
56405501,31,37.75416666666667,140.64374999999998,4.427
56405502,18,37.75416666666667,140.65625,5.441
56405503,5,37.75416666666667,140.66875,6.482
56405504,7,37.75416666666667,140.68125,7.54
56405505,19,37.75416666666667,140.69375,7.994
56405506,8,37.75416666666667,140.70624999999998,7.416
56405507,17,37.75416666666667,140.71875,6.966
56405510,218,37.7625,140.63125,3.059
56405511,54,37.7625,140.64374999999998,4.117
56405512,42,37.7625,140.65625,5.191
56405513,37,37.7625,140.66875,6.274
56405514,2,37.7625,140.68125,7.362
56405515,2,37.7625,140.69375,8.452
56405516,7,37.7625,140.70624999999998,8.245
56405517,17,37.7625,140.71875,7.842
56405518,32,37.7625,140.73125,7.578
56405519,34,37.7625,140.74375,7.469
56405520,28,37.770833333333336,140.63125,2.903
56405521,22,37.770833333333336,140.64374999999998,4.002
56405522,13,37.770833333333336,140.65625,5.101
56405526,21,37.770833333333336,140.70624999999998,9.092
56405527,53,37.770833333333336,140.71875,8.729
56405528,3,37.770833333333336,140.73125,8.493
56405529,11,37.770833333333336,140.74375,8.395
56405530,27,37.77916666666667,140.63125,3.036
56405531,43,37.77916666666667,140.64374999999998,4.099
56405532,9,37.77916666666667,140.65625,5.177
56405535,5,37.77916666666667,140.69375,8.443
56405536,28,37.77916666666667,140.70624999999998,9.536
56405537,10,37.77916666666667,140.71875,9.623
56405538,5,37.77916666666667,140.73125,9.41
56405540,38,37.7875,140.63125,3.423
56405541,27,37.7875,140.64374999999998,4.394
56405542,57,37.7875,140.65625,5.413
56405545,15,37.7875,140.69375,8.59
56405546,4,37.7875,140.70624999999998,9.666
56405547,31,37.7875,140.71875,10.523
56405550,102,37.795833333333334,140.63125,3.993
56405551,122,37.795833333333334,140.64374999999998,4.85
56405552,8,37.795833333333334,140.65625,5.79
56405553,4,37.795833333333334,140.66875,6.777
56405555,15,37.795833333333334,140.69375,8.831
56405556,14,37.795833333333334,140.70624999999998,9.882
56405557,3,37.795833333333334,140.71875,10.941
56405560,212,37.80416666666667,140.63125,4.677
56405561,109,37.80416666666667,140.64374999999998,5.428
56405562,28,37.80416666666667,140.65625,6.282
56405565,8,37.80416666666667,140.69375,8.986
56405566,1,37.80416666666667,140.70624999999998,9.943
56405570,57,37.8125,140.63125,4.318
56405571,14,37.8125,140.64374999999998,4.97
56405572,74,37.8125,140.65625,5.759
56405573,11,37.8125,140.66875,6.636
56405581,2,37.82083333333334,140.64374999999998,4.322
56405591,16,37.82916666666667,140.64374999999998,3.791
56405592,33,37.82916666666667,140.65625,4.779
56405593,16,37.82916666666667,140.66875,5.806
56405609,10,37.75416666666667,140.86875,6.678
56405617,39,37.7625,140.84375,7.78
56405618,56,37.7625,140.85625,6.974
56405619,44,37.7625,140.86875,6.163
56405621,2,37.770833333333336,140.76874999999998,8.627
56405622,5,37.770833333333336,140.78125,8.946
56405623,4,37.770833333333336,140.79375,9.384
56405626,18,37.770833333333336,140.83124999999998,8.15
56405627,91,37.770833333333336,140.84375,7.219
56405628,22,37.770833333333336,140.85625,6.342
56405629,35,37.770833333333336,140.86875,5.545
56405630,2,37.77916666666667,140.75625,9.363
56405631,3,37.77916666666667,140.76874999999998,9.531
56405634,3,37.77916666666667,140.80625,9.776
56405635,9,37.77916666666667,140.81875,8.743
56405636,52,37.77916666666667,140.83124999999998,7.728
56405639,20,37.77916666666667,140.86875,4.905
56405645,12,37.7875,140.81875,8.454
56405649,6,37.7875,140.86875,4.369
56405659,5,37.795833333333334,140.86875,3.979
56405679,1,37.8125,140.86875,3.805
56405699,3,37.82916666666667,140.86875,4.471
56405701,4,37.75416666666667,140.89374999999998,5.101
56405702,32,37.75416666666667,140.90625,4.512
56405703,185,37.75416666666667,140.91875,4.136
56405704,112,37.75416666666667,140.93125,3.992
56405705,107,37.75416666666667,140.94375,4.143
56405706,71,37.75416666666667,140.95624999999998,4.561
56405707,54,37.75416666666667,140.96875,5.183
56405708,8,37.75416666666667,140.98125,5.944
56405709,8,37.75416666666667,140.99375,6.605
56405711,6,37.7625,140.89374999999998,4.406
56405712,251,37.7625,140.90625,3.708
56405713,261,37.7625,140.91875,3.24
56405714,142,37.7625,140.93125,3.065
56405715,261,37.7625,140.94375,3.26
56405716,137,37.7625,140.95624999999998,3.777
56405717,85,37.7625,140.96875,4.508
56405718,149,37.7625,140.98125,5.366
56405719,248,37.7625,140.99375,6.299
56405720,24,37.770833333333336,140.88125,4.754
56405721,142,37.770833333333336,140.89374999999998,3.81
56405722,236,37.770833333333336,140.90625,2.976
56405723,153,37.770833333333336,140.91875,2.367
56405724,222,37.770833333333336,140.93125,2.139
56405725,294,37.770833333333336,140.94375,2.409
56405726,115,37.770833333333336,140.95624999999998,3.073
56405727,6,37.770833333333336,140.96875,3.937
56405728,53,37.770833333333336,140.98125,4.896
56405730,116,37.77916666666667,140.88125,4.123
56405731,123,37.77916666666667,140.89374999999998,3.368
56405732,190,37.77916666666667,140.90625,2.383
56405733,317,37.77916666666667,140.91875,1.558
56405734,506,37.77916666666667,140.93125,1.212
56405735,310,37.77916666666667,140.94375,1.642
56405736,187,37.77916666666667,140.95624999999998,2.518
56405737,186,37.77916666666667,140.96875,3.52
56405740,16,37.7875,140.88125,3.468
56405741,108,37.7875,140.89374999999998,2.716
56405742,1210,37.7875,140.90625,1.992
56405743,405,37.7875,140.91875,0.985
56405744,619,37.7875,140.93125,0.286
56405745,638,37.7875,140.94375,1.144
56405746,405,37.7875,140.95624999999998,2.225
56405747,40,37.7875,140.96875,3.317
56405750,23,37.795833333333334,140.88125,2.962
56405751,84,37.795833333333334,140.89374999999998,2.031
56405752,833,37.795833333333334,140.90625,1.335
56405753,1754,37.795833333333334,140.91875,0.717
56405754,1771,37.795833333333334,140.93125,0.626
56405755,52,37.795833333333334,140.94375,1.28
56405756,30,37.795833333333334,140.95624999999998,2.298
56405760,41,37.80416666666667,140.88125,2.69
56405761,1078,37.80416666666667,140.89374999999998,1.609
56405762,2124,37.80416666666667,140.90625,0.594
56405763,3002,37.80416666666667,140.91875,0.212
56405764,1979,37.80416666666667,140.93125,0.382
56405765,246,37.80416666666667,140.94375,0.965
56405766,192,37.80416666666667,140.95624999999998,1.89
56405767,194,37.80416666666667,140.96875,2.88
56405770,61,37.8125,140.88125,2.724
56405771,446,37.8125,140.89374999999998,1.665
56405772,774,37.8125,140.90625,0.732
56405773,740,37.8125,140.91875,0.618
56405774,1703,37.8125,140.93125,0.577
56405775,1434,37.8125,140.94375,0.509
56405776,136,37.8125,140.95624999999998,1.603
56405780,225,37.82083333333334,140.88125,3.053
56405781,495,37.82083333333334,140.89374999999998,2.161
56405782,175,37.82083333333334,140.90625,1.56
56405783,242,37.82083333333334,140.91875,1.296
56405784,173,37.82083333333334,140.93125,1.037
56405785,1187,37.82083333333334,140.94375,0.987
56405786,650,37.82083333333334,140.95624999999998,1.813
56405787,571,37.82083333333334,140.96875,2.83
56405790,34,37.82916666666667,140.88125,3.596
56405791,230,37.82916666666667,140.89374999999998,2.879
56405792,29,37.82916666666667,140.90625,2.46
56405793,111,37.82916666666667,140.91875,2.166
56405794,19,37.82916666666667,140.93125,1.873
56405795,29,37.82916666666667,140.94375,1.846
56405796,620,37.82916666666667,140.95624999999998,2.391
56405797,159,37.82916666666667,140.96875,3.231
56406206,4,37.837500000000006,140.33124999999998,9.354
56406209,15,37.837500000000006,140.36875,6.902
56406300,40,37.837500000000006,140.38125,6.11
56406304,13,37.837500000000006,140.43125,2.309
56406305,1065,37.837500000000006,140.44375,1.736
56406306,681,37.837500000000006,140.45624999999998,1.763
56406307,169,37.837500000000006,140.46875,2.368
56406308,26,37.837500000000006,140.48125,2.863
56406309,278,37.837500000000006,140.49375,2.098
56406314,34,37.84583333333334,140.43125,3.045
56406315,116,37.84583333333334,140.44375,2.637
56406316,8,37.84583333333334,140.45624999999998,2.654
56406317,69,37.84583333333334,140.46875,3.09
56406319,111,37.84583333333334,140.49375,2.419
56406334,1,37.862500000000004,140.43125,4.722
56406354,6,37.87916666666667,140.43125,6.495
56406364,29,37.8875,140.43125,7.397
56406374,65,37.895833333333336,140.43125,8.304
56406375,16,37.895833333333336,140.44375,8.163
56406384,69,37.904166666666676,140.43125,9.215
56406394,45,37.91250000000001,140.43125,10.128
56406400,454,37.837500000000006,140.50625,1.63
56406401,704,37.837500000000006,140.51874999999998,0.979
56406402,171,37.837500000000006,140.53125,1.293
56406403,112,37.837500000000006,140.54375,1.742
56406404,265,37.837500000000006,140.55625,1.173
56406405,431,37.837500000000006,140.56875,1.162
56406406,383,37.837500000000006,140.58124999999998,1.822
56406407,1018,37.837500000000006,140.59375,1.431
56406408,192,37.837500000000006,140.60625,0.931
56406409,211,37.837500000000006,140.61875,1.449
56406410,669,37.84583333333334,140.50625,1.322
56406411,2589,37.84583333333334,140.51874999999998,0.226
56406412,395,37.84583333333334,140.53125,0.874
56406413,134,37.84583333333334,140.54375,1.971
56406414,173,37.84583333333334,140.55625,2.092
56406415,215,37.84583333333334,140.56875,2.064
56406416,623,37.84583333333334,140.58124999999998,2.183
56406417,743,37.84583333333334,140.59375,1.086
56406418,984,37.84583333333334,140.60625,0.013
56406419,130,37.84583333333334,140.61875,1.109
56406420,130,37.85416666666667,140.50625,1.599
56406421,2286,37.85416666666667,140.51874999999998,0.927
56406422,353,37.85416666666667,140.53125,1.254
56406423,369,37.85416666666667,140.54375,1.747
56406424,192,37.85416666666667,140.55625,1.984
56406425,228,37.85416666666667,140.56875,2.688
56406426,470,37.85416666666667,140.58124999999998,2.175
56406427,1496,37.85416666666667,140.59375,1.121
56406428,2551,37.85416666666667,140.60625,0.437
56406429,266,37.85416666666667,140.61875,1.048
56406430,120,37.862500000000004,140.50625,2.254
56406431,797,37.862500000000004,140.51874999999998,1.84
56406432,224,37.862500000000004,140.53125,1.486
56406433,183,37.862500000000004,140.54375,0.827
56406434,299,37.862500000000004,140.55625,1.252
56406435,208,37.862500000000004,140.56875,2.204
56406438,1319,37.862500000000004,140.60625,0.408
56406439,793,37.862500000000004,140.61875,0.927
56406441,256,37.87083333333334,140.51874999999998,2.259
56406442,476,37.87083333333334,140.53125,1.165
56406443,750,37.87083333333334,140.54375,0.128
56406444,201,37.87083333333334,140.55625,0.958
56406445,266,37.87083333333334,140.56875,2.052
56406446,184,37.87083333333334,140.58124999999998,2.561
56406447,80,37.87083333333334,140.59375,1.757
56406448,133,37.87083333333334,140.60625,1.283
56406449,76,37.87083333333334,140.61875,1.53
56406450,8,37.87916666666667,140.50625,3.451
56406451,269,37.87916666666667,140.51874999999998,2.399
56406452,566,37.87916666666667,140.53125,1.417
56406453,2458,37.87916666666667,140.54375,0.817
56406454,827,37.87916666666667,140.55625,1.317
56406455,202,37.87916666666667,140.56875,2.282
56406456,206,37.87916666666667,140.58124999999998,3.17
56406457,389,37.87916666666667,140.59375,2.561
56406458,180,37.87916666666667,140.60625,2.201
56406459,200,37.87916666666667,140.61875,2.353
56406460,20,37.8875,140.50625,3.779
56406461,266,37.8875,140.51874999999998,2.85
56406462,316,37.8875,140.53125,2.092
56406463,65,37.8875,140.54375,1.743
56406464,249,37.8875,140.55625,2.026
56406465,139,37.8875,140.56875,2.753
56406466,215,37.8875,140.58124999999998,3.669
56406467,93,37.8875,140.59375,3.387
56406468,65,37.8875,140.60625,3.124
56406469,105,37.8875,140.61875,3.233
56406471,50,37.895833333333336,140.51874999999998,3.494
56406472,126,37.895833333333336,140.53125,2.909
56406473,5,37.895833333333336,140.54375,2.669
56406474,143,37.895833333333336,140.55625,2.862
56406475,56,37.895833333333336,140.56875,3.415
56406476,117,37.895833333333336,140.58124999999998,4.189
56406477,2,37.895833333333336,140.59375,4.255
56406478,10,37.895833333333336,140.60625,4.048
56406479,7,37.895833333333336,140.61875,4.133
56406485,81,37.904166666666676,140.56875,4.179
56406486,204,37.904166666666676,140.58124999999998,4.832
56406488,8,37.904166666666676,140.60625,4.974
56406498,5,37.91250000000001,140.60625,5.899
56406499,6,37.91250000000001,140.61875,5.958
56406500,8,37.837500000000006,140.63125,2.396
56406501,14,37.837500000000006,140.64374999999998,3.433
56406502,85,37.837500000000006,140.65625,4.5
56406503,9,37.837500000000006,140.66875,5.578
56406510,22,37.84583333333334,140.63125,2.207
56406512,155,37.84583333333334,140.65625,4.402
56406513,38,37.84583333333334,140.66875,5.469
56406520,48,37.85416666666667,140.63125,2.049
56406521,25,37.85416666666667,140.64374999999998,3.116
56406522,147,37.85416666666667,140.65625,4.199
56406523,41,37.85416666666667,140.66875,5.287
56406530,35,37.862500000000004,140.63125,1.99
56406532,18,37.862500000000004,140.65625,4.17
56406533,82,37.862500000000004,140.66875,5.265
56406534,7,37.862500000000004,140.68125,6.36
56406540,282,37.87083333333334,140.63125,2.333
56406541,14,37.87083333333334,140.64374999999998,3.309
56406542,7,37.87083333333334,140.65625,4.344
56406543,81,37.87083333333334,140.66875,5.403
56406550,136,37.87916666666667,140.63125,2.939
56406551,94,37.87916666666667,140.64374999999998,3.761
56406552,88,37.87916666666667,140.65625,4.697
56406553,128,37.87916666666667,140.66875,5.691
56406560,185,37.8875,140.63125,3.681
56406561,107,37.8875,140.64374999999998,4.366
56406562,15,37.8875,140.65625,5.194
56406563,134,37.8875,140.66875,6.107
56406564,3,37.8875,140.68125,7.073
56406570,4,37.895833333333336,140.63125,4.492
56406571,8,37.895833333333336,140.64374999999998,5.068
56406572,31,37.895833333333336,140.65625,5.797
56406629,10,37.85416666666667,140.86875,4.938
56406639,4,37.862500000000004,140.86875,4.497
56406659,28,37.87916666666667,140.86875,4.13
56406669,47,37.8875,140.86875,4.249
56406679,11,37.895833333333336,140.86875,4.556
56406700,36,37.837500000000006,140.88125,4.274
56406701,211,37.837500000000006,140.89374999999998,3.691
56406702,480,37.837500000000006,140.90625,3.374
56406703,380,37.837500000000006,140.91875,3.07
56406704,19,37.837500000000006,140.93125,2.767
56406710,118,37.84583333333334,140.88125,4.733
56406711,425,37.84583333333334,140.89374999999998,4.117
56406712,161,37.84583333333334,140.90625,3.729
56406713,708,37.84583333333334,140.91875,3.502
56406714,173,37.84583333333334,140.93125,3.558
56406720,66,37.85416666666667,140.88125,4.065
56406721,92,37.85416666666667,140.89374999999998,3.327
56406722,169,37.85416666666667,140.90625,2.833
56406723,242,37.85416666666667,140.91875,2.582
56406724,91,37.85416666666667,140.93125,2.658
56406725,77,37.85416666666667,140.94375,3.141
56406730,85,37.862500000000004,140.88125,3.516
56406731,106,37.862500000000004,140.89374999999998,2.629
56406732,413,37.862500000000004,140.90625,1.967
56406733,578,37.862500000000004,140.91875,1.67
56406734,47,37.862500000000004,140.93125,1.785
56406735,18,37.862500000000004,140.94375,2.447
56406740,60,37.87083333333334,140.88125,3.15
56406741,332,37.87083333333334,140.89374999999998,2.115
56406742,456,37.87083333333334,140.90625,1.196
56406743,775,37.87083333333334,140.91875,0.793
56406744,227,37.87083333333334,140.93125,1.012
56406745,5,37.87083333333334,140.94375,1.957
56406750,160,37.87916666666667,140.88125,3.033
56406751,139,37.87916666666667,140.89374999999998,1.937
56406752,487,37.87916666666667,140.90625,0.841
56406753,440,37.87916666666667,140.91875,0.269
56406754,32,37.87916666666667,140.93125,0.763
56406760,147,37.8875,140.88125,3.193
56406761,459,37.8875,140.89374999999998,2.178
56406762,70,37.8875,140.90625,1.305
56406763,177,37.8875,140.91875,1.033
56406764,4,37.8875,140.93125,1.362
56406770,67,37.895833333333336,140.88125,3.592
56406771,44,37.895833333333336,140.89374999999998,2.731
56406772,84,37.895833333333336,140.90625,2.101
56406773,28,37.895833333333336,140.91875,1.944
56407303,57,37.92083333333334,140.41875,11.256
56407304,56,37.92083333333334,140.43125,11.044
56407305,5,37.92083333333334,140.44375,10.381
56410000,357,37.337500000000006,141.00625,0.835
56410001,790,37.337500000000006,141.01874999999998,0.364
56410002,10,37.337500000000006,141.03125,1.418
56410010,58,37.34583333333334,141.00625,1.08
56410011,143,37.34583333333334,141.01874999999998,0.776
56410012,10,37.34583333333334,141.03125,1.575
56410020,12,37.35416666666667,141.00625,1.831
56410021,36,37.35416666666667,141.01874999999998,1.67
56410022,7,37.35416666666667,141.03125,2.16
56411070,21,37.47916666666667,141.00625,15.563
56411080,331,37.48750000000001,141.00625,15.254
56411081,4,37.48750000000001,141.01874999999998,15.604
56411082,1,37.48750000000001,141.03125,16.023
56411090,255,37.495833333333344,141.00625,14.368
56411091,41,37.495833333333344,141.01874999999998,14.74
56411092,9,37.495833333333344,141.03125,15.13
56412000,46,37.50416666666667,141.00625,13.488
56412001,30,37.50416666666667,141.01874999999998,13.883
56412010,10,37.5125,141.00625,12.614
56412011,18,37.5125,141.01874999999998,13.036
56412012,39,37.5125,141.03125,13.343
56412020,4,37.520833333333336,141.00625,11.749
56412021,4,37.520833333333336,141.01874999999998,12.17
56412022,12,37.520833333333336,141.03125,12.457
56412030,39,37.52916666666667,141.00625,10.894
56412040,12,37.5375,141.00625,10.052
56412041,23,37.5375,141.01874999999998,10.369
56412042,2,37.5375,141.03125,10.705
56412050,50,37.545833333333334,141.00625,9.225
56412051,15,37.545833333333334,141.01874999999998,9.476
56412052,6,37.545833333333334,141.03125,9.842
56412060,61,37.55416666666667,141.00625,8.316
56412061,4,37.55416666666667,141.01874999999998,8.591
56412070,28,37.5625,141.00625,7.408
56412080,169,37.57083333333334,141.00625,6.505
56412081,87,37.57083333333334,141.01874999999998,6.853
56412082,10,37.57083333333334,141.03125,7.35
56412090,49,37.57916666666667,141.00625,5.61
56412091,3,37.57916666666667,141.01874999999998,6.009
56413000,112,37.587500000000006,141.00625,4.726
56413010,47,37.59583333333334,141.00625,3.864
56413011,43,37.59583333333334,141.01874999999998,4.424
56413020,164,37.60416666666667,141.00625,3.039
56413021,2,37.60416666666667,141.01874999999998,3.725
56413022,1,37.60416666666667,141.03125,4.576
56413030,340,37.612500000000004,141.00625,2.293
56413031,56,37.612500000000004,141.01874999999998,3.146
56413040,42,37.62083333333334,141.00625,1.731
56413050,199,37.62916666666667,141.00625,1.567
56413060,54,37.6375,141.00625,1.905
56413070,38,37.645833333333336,141.00625,2.554
56413071,46,37.645833333333336,141.01874999999998,3.341
56413080,102,37.654166666666676,141.00625,3.336
56413081,12,37.654166666666676,141.01874999999998,3.971
56413090,65,37.66250000000001,141.00625,3.92
56414000,206,37.67083333333334,141.00625,4.545
56414010,41,37.679166666666674,141.00625,4.497
56414040,76,37.70416666666667,141.00625,3.87
56414050,14,37.712500000000006,141.00625,4.083
56414070,51,37.72916666666667,141.00625,5.019
56414080,21,37.73750000000001,141.00625,5.66
56414090,74,37.745833333333344,141.00625,6.371
56415000,2,37.75416666666667,141.00625,7.132
