KEY_CODE,人口,緯度,経度,最寄り店舗距離_km
60395715,6,40.42916666666667,139.94375,12.62
60395725,4,40.4375,139.94375,13.386
60395735,3,40.44583333333333,139.94375,14.171
60395785,96,40.487500000000004,139.94375,18.255
60395786,22,40.487500000000004,139.95624999999998,17.899
60395796,57,40.49583333333334,139.95624999999998,17.368
60396715,97,40.5125,139.94375,15.475
60396716,23,40.5125,139.95624999999998,15.519
60396726,32,40.520833333333336,139.95624999999998,14.595
60396745,49,40.5375,139.94375,12.695
60396755,50,40.545833333333334,139.94375,11.769
60396764,3,40.55416666666667,139.93125,10.881
60396765,2,40.55416666666667,139.94375,10.842
60396774,61,40.5625,139.93125,9.959
60396784,213,40.57083333333334,139.93125,9.036
60396793,58,40.57916666666667,139.91875,8.303
60396794,213,40.57916666666667,139.93125,8.115
60397629,35,40.60416666666667,139.86875,8.151
60397638,8,40.612500000000004,139.85625,8.468
60397639,132,40.612500000000004,139.86875,7.583
60397649,18,40.62083333333334,139.86875,7.091
60397700,118,40.587500000000006,139.88125,8.801
60397701,149,40.587500000000006,139.89374999999998,8.228
60397702,93,40.587500000000006,139.90625,7.757
60397703,326,40.587500000000006,139.91875,7.407
60397704,11,40.587500000000006,139.93125,7.196
60397739,4,40.612500000000004,139.99375,6.149
60397740,12,40.62083333333334,139.88125,6.189
60397750,30,40.62916666666667,139.88125,5.727
60397751,176,40.62916666666667,139.89374999999998,4.801
60397758,1,40.62916666666667,139.98125,4.13
60397759,16,40.62916666666667,139.99375,5.01
60397761,5,40.6375,139.89374999999998,4.389
60397763,142,40.6375,139.91875,2.536
60397764,314,40.6375,139.93125,1.831
60397769,4,40.6375,139.99375,4.617
60397772,8,40.645833333333336,139.90625,3.11
60397773,186,40.645833333333336,139.91875,2.091
60397774,445,40.645833333333336,139.93125,1.136
60397784,254,40.654166666666676,139.93125,0.974
60397785,133,40.654166666666676,139.94375,0.304
60397786,49,40.654166666666676,139.95624999999998,1.209
60397795,255,40.66250000000001,139.94375,1.211
60405465,11,40.47083333333333,140.56875,5.535
60405466,103,40.47083333333333,140.58124999999998,5.601
60405469,20,40.47083333333333,140.61875,6.855
60405472,19,40.479166666666664,140.53125,5.695
60405474,181,40.479166666666664,140.55625,4.769
60405479,353,40.479166666666664,140.61875,6.132
60405482,146,40.487500000000004,140.53125,4.976
60405484,18,40.487500000000004,140.55625,3.881
60405489,232,40.487500000000004,140.61875,5.41
60405494,23,40.49583333333334,140.55625,3.017
60405498,31,40.49583333333334,140.60625,4.036
60405499,332,40.49583333333334,140.61875,4.718
60405520,25,40.4375,140.63125,10.556
60405530,55,40.44583333333333,140.63125,9.755
60405531,33,40.44583333333333,140.64374999999998,10.348
60405532,126,40.44583333333333,140.65625,11.01
60405540,4,40.454166666666666,140.63125,8.979
60405550,2,40.4625,140.63125,8.233
60405560,659,40.47083333333333,140.63125,7.527
60405570,518,40.479166666666664,140.63125,6.798
60405580,141,40.487500000000004,140.63125,6.122
60405711,98,40.42916666666667,140.89374999999998,17.342
60405712,84,40.42916666666667,140.90625,18.139
60405734,35,40.44583333333333,140.93125,20.951
60405735,36,40.44583333333333,140.94375,21.77
60406231,15,40.52916666666667,140.26874999999998,13.334
60406239,13,40.52916666666667,140.36875,6.824
60406241,57,40.5375,140.26874999999998,12.955
60406249,18,40.5375,140.36875,6.051
60406251,104,40.545833333333334,140.26874999999998,12.632
60406252,51,40.545833333333334,140.28125,11.635
60406258,5,40.545833333333334,140.35625,6.081
60406259,10,40.545833333333334,140.36875,5.327
60406261,11,40.55416666666667,140.26874999999998,12.371
60406262,65,40.55416666666667,140.28125,11.351
60406269,96,40.55416666666667,140.36875,4.676
60406272,24,40.5625,140.28125,11.136
60406273,16,40.5625,140.29375,10.102
60406276,23,40.5625,140.33124999999998,7.037
60406278,149,40.5625,140.35625,5.065
60406279,267,40.5625,140.36875,4.13
60406283,80,40.57083333333334,140.29375,9.948
60406289,191,40.57083333333334,140.36875,3.739
60406290,8,40.57916666666667,140.25625,13.044
60406291,62,40.57916666666667,140.26874999999998,11.989
60406292,16,40.57916666666667,140.28125,10.934
60406293,345,40.57916666666667,140.29375,9.878
60406294,372,40.57916666666667,140.30625,8.823
60406295,16,40.57916666666667,140.31875,7.768
60406335,2,40.52916666666667,140.44375,5.037
60406344,13,40.5375,140.43125,4.435
60406345,3,40.5375,140.44375,4.123
60406346,72,40.5375,140.45624999999998,4.069
60406354,20,40.545833333333334,140.43125,3.607
60406356,416,40.545833333333334,140.45624999999998,3.146
60406357,118,40.545833333333334,140.46875,3.418
60406364,240,40.55416666666667,140.43125,2.841
60406365,14,40.55416666666667,140.44375,2.323
60406366,25,40.55416666666667,140.45624999999998,2.226
60406367,291,40.55416666666667,140.46875,2.597
60406368,22,40.55416666666667,140.48125,2.278
60406369,475,40.55416666666667,140.49375,2.015
60406374,207,40.5625,140.43125,2.201
60406375,406,40.5625,140.44375,1.474
60406377,705,40.5625,140.46875,1.876
60406378,1853,40.5625,140.48125,1.521
60406379,387,40.5625,140.49375,1.088
60406380,219,40.57083333333334,140.38125,2.76
60406381,8,40.57083333333334,140.39374999999998,1.866
60406385,1076,40.57083333333334,140.44375,0.816
60406386,1255,40.57083333333334,140.45624999999998,0.473
60406387,1156,40.57083333333334,140.46875,1.418
60406388,5437,40.57083333333334,140.48125,1.075
60406389,2848,40.57083333333334,140.49375,0.162
60406390,189,40.57916666666667,140.38125,2.5
60406391,308,40.57916666666667,140.39374999999998,1.455
60406393,42,40.57916666666667,140.41875,0.735
60406394,127,40.57916666666667,140.43125,1.759
60406395,2770,40.57916666666667,140.44375,0.936
60406396,2801,40.57916666666667,140.45624999999998,0.659
60406397,4597,40.57916666666667,140.46875,0.998
60406398,4442,40.57916666666667,140.48125,0.902
60406399,4320,40.57916666666667,140.49375,0.372
60406400,5,40.50416666666667,140.50625,5.76
60406401,24,40.50416666666667,140.51874999999998,4.77
60406402,341,40.50416666666667,140.53125,3.815
60406404,93,40.50416666666667,140.55625,2.205
60406405,13,40.50416666666667,140.56875,1.835
60406408,140,40.50416666666667,140.60625,3.316
60406409,131,40.50416666666667,140.61875,4.119
60406411,16,40.5125,140.51874999999998,4.497
60406412,79,40.5125,140.53125,3.468
60406413,145,40.5125,140.54375,2.463
60406414,200,40.5125,140.55625,1.529
60406415,499,40.5125,140.56875,0.917
60406416,51,40.5125,140.58124999999998,1.256
60406417,210,40.5125,140.59375,1.92
60406418,526,40.5125,140.60625,2.724
60406419,2,40.5125,140.61875,3.659
60406423,303,40.520833333333336,140.54375,2.293
60406424,230,40.520833333333336,140.55625,1.237
60406425,1995,40.520833333333336,140.56875,0.182
60406426,981,40.520833333333336,140.58124999999998,0.57
60406427,392,40.520833333333336,140.59375,1.352
60406428,28,40.520833333333336,140.60625,2.359
60406429,1,40.520833333333336,140.61875,3.396
60406433,35,40.52916666666667,140.54375,2.483
60406434,233,40.52916666666667,140.55625,1.562
60406435,61,40.52916666666667,140.56875,0.956
60406436,36,40.52916666666667,140.58124999999998,0.428
60406443,146,40.5375,140.54375,2.965
60406444,562,40.5375,140.55625,2.251
60406445,44,40.5375,140.56875,1.578
60406451,155,40.545833333333334,140.51874999999998,3.617
60406453,73,40.545833333333334,140.54375,3.624
60406454,305,40.545833333333334,140.55625,2.957
60406455,127,40.545833333333334,140.56875,2.405
60406460,274,40.55416666666667,140.50625,2.271
60406461,732,40.55416666666667,140.51874999999998,2.913
60406462,341,40.55416666666667,140.53125,3.748
60406463,1242,40.55416666666667,140.54375,3.608
60406464,42,40.55416666666667,140.55625,3.232
60406465,637,40.55416666666667,140.56875,3.116
60406468,331,40.55416666666667,140.60625,3.911
60406470,24,40.5625,140.50625,1.511
60406471,31,40.5625,140.51874999999998,2.369
60406472,7,40.5625,140.53125,3.342
60406473,325,40.5625,140.54375,2.833
60406474,343,40.5625,140.55625,2.335
60406475,309,40.5625,140.56875,2.194
60406476,2,40.5625,140.58124999999998,2.321
60406477,322,40.5625,140.59375,2.861
60406478,491,40.5625,140.60625,3.636
60406479,76,40.5625,140.61875,4.525
60406480,711,40.57083333333334,140.50625,1.061
60406481,380,40.57083333333334,140.51874999999998,2.111
60406482,61,40.57083333333334,140.53125,3.091
60406483,391,40.57083333333334,140.54375,2.18
60406484,287,40.57083333333334,140.55625,1.476
60406485,485,40.57083333333334,140.56875,1.278
60406486,613,40.57083333333334,140.58124999999998,1.485
60406487,43,40.57083333333334,140.59375,2.238
60406488,358,40.57083333333334,140.60625,3.168
60406489,247,40.57083333333334,140.61875,4.159
60406490,824,40.57916666666667,140.50625,1.163
60406491,407,40.57916666666667,140.51874999999998,2.19
60406492,297,40.57916666666667,140.53125,2.582
60406493,301,40.57916666666667,140.54375,1.738
60406494,748,40.57916666666667,140.55625,0.788
60406495,1508,40.57916666666667,140.56875,0.414
60406496,691,40.57916666666667,140.58124999999998,0.863
60406497,22,40.57916666666667,140.59375,1.883
60406498,16,40.57916666666667,140.60625,2.929
60406509,2,40.50416666666667,140.74375,14.124
60406511,19,40.5125,140.64374999999998,5.659
60406512,6,40.5125,140.65625,6.685
60406518,39,40.5125,140.73125,12.946
60406520,129,40.520833333333336,140.63125,4.442
60406521,89,40.520833333333336,140.64374999999998,5.492
60406527,31,40.520833333333336,140.71875,11.817
60406528,36,40.520833333333336,140.73125,12.873
60406537,3,40.52916666666667,140.71875,11.811
60406538,10,40.52916666666667,140.73125,12.867
60406539,62,40.52916666666667,140.74375,13.923
60406545,47,40.5375,140.69375,9.779
60406546,14,40.5375,140.70624999999998,10.827
60406554,38,40.545833333333334,140.68125,8.92
60406555,46,40.545833333333334,140.69375,9.946
60406557,3,40.545833333333334,140.71875,12.014
60406558,29,40.545833333333334,140.73125,13.053
60406584,4,40.57083333333334,140.68125,9.329
60406588,1,40.57083333333334,140.73125,13.327
60406594,1,40.57916666666667,140.68125,9.076
60406595,1,40.57916666666667,140.69375,10.042
60406602,9,40.50416666666667,140.78125,17.256
60406611,21,40.5125,140.76874999999998,16.099
60406612,5,40.5125,140.78125,17.152
60406620,4,40.520833333333336,140.75625,14.984
60406630,19,40.52916666666667,140.75625,14.979
60406631,6,40.52916666666667,140.76874999999998,16.035
60406788,3,40.57083333333334,140.98125,17.743
60406798,24,40.57916666666667,140.98125,17.529
60406799,85,40.57916666666667,140.99375,16.497
60407030,8,40.612500000000004,140.00625,6.934
60407040,4,40.62083333333334,140.00625,6.392
60407080,22,40.654166666666676,140.00625,5.401
60407090,21,40.66250000000001,140.00625,5.527
60407169,67,40.6375,140.24375,14.938
60407189,1,40.654166666666676,140.24375,13.095
60407202,75,40.587500000000006,140.28125,10.949
60407204,127,40.587500000000006,140.30625,8.843
60407205,240,40.587500000000006,140.31875,7.79
60407206,269,40.587500000000006,140.33124999999998,6.739
60407207,245,40.587500000000006,140.34375,5.689
60407212,21,40.59583333333334,140.28125,11.042
60407217,419,40.59583333333334,140.34375,5.868
60407218,236,40.59583333333334,140.35625,4.86
60407227,15,40.60416666666667,140.34375,6.182
60407228,8,40.60416666666667,140.35625,5.235
60407236,44,40.612500000000004,140.33124999999998,7.534
60407237,25,40.612500000000004,140.34375,6.612
60407238,21,40.612500000000004,140.35625,5.736
60407239,88,40.612500000000004,140.36875,4.695
60407240,22,40.62083333333334,140.25625,13.747
60407241,16,40.62083333333334,140.26874999999998,12.751
60407246,92,40.62083333333334,140.33124999999998,7.889
60407247,219,40.62083333333334,140.34375,6.839
60407248,195,40.62083333333334,140.35625,5.791
60407249,117,40.62083333333334,140.36875,4.747
60407250,53,40.62916666666667,140.25625,14.068
60407251,13,40.62916666666667,140.26874999999998,13.096
60407256,10,40.62916666666667,140.33124999999998,8.027
60407258,3,40.62916666666667,140.35625,5.979
60407261,7,40.6375,140.26874999999998,13.381
60407267,1,40.6375,140.34375,7.273
60407268,3,40.6375,140.35625,6.298
60407283,2,40.654166666666676,140.29375,11.877
60407289,105,40.654166666666676,140.36875,6.454
60407299,13,40.66250000000001,140.36875,7.122
60407300,129,40.587500000000006,140.38125,2.569
60407301,403,40.587500000000006,140.39374999999998,1.572
60407302,902,40.587500000000006,140.40625,0.753
60407303,880,40.587500000000006,140.41875,0.944
60407304,64,40.587500000000006,140.43125,1.856
60407305,315,40.587500000000006,140.44375,1.001
60407306,2633,40.587500000000006,140.45624999999998,0.137
60407307,5267,40.587500000000006,140.46875,0.244
60407308,4994,40.587500000000006,140.48125,0.463
60407309,4440,40.587500000000006,140.49375,0.637
60407310,27,40.59583333333334,140.38125,2.945
60407312,461,40.59583333333334,140.40625,1.624
60407313,317,40.59583333333334,140.41875,1.721
60407314,468,40.59583333333334,140.43125,1.406
60407315,845,40.59583333333334,140.44375,0.527
60407316,3327,40.59583333333334,140.45624999999998,0.685
60407317,4254,40.59583333333334,140.46875,0.537
60407318,4930,40.59583333333334,140.48125,0.346
60407319,4491,40.59583333333334,140.49375,0.344
60407320,33,40.60416666666667,140.38125,3.529
60407322,421,40.60416666666667,140.40625,1.895
60407323,211,40.60416666666667,140.41875,1.189
60407324,206,40.60416666666667,140.43125,0.916
60407325,1912,40.60416666666667,140.44375,0.552
60407326,3747,40.60416666666667,140.45624999999998,0.913
60407327,2846,40.60416666666667,140.46875,0.969
60407328,3555,40.60416666666667,140.48125,0.387
60407329,4409,40.60416666666667,140.49375,0.393
60407330,2,40.612500000000004,140.38125,3.641
60407331,118,40.612500000000004,140.39374999999998,2.588
60407332,681,40.612500000000004,140.40625,1.538
60407333,1341,40.612500000000004,140.41875,0.51
60407334,697,40.612500000000004,140.43125,0.26
60407335,921,40.612500000000004,140.44375,1.311
60407336,2519,40.612500000000004,140.45624999999998,0.62
60407337,3879,40.612500000000004,140.46875,0.407
60407338,4169,40.612500000000004,140.48125,0.173
60407339,2629,40.612500000000004,140.49375,0.46
60407340,46,40.62083333333334,140.38125,3.707
60407341,340,40.62083333333334,140.39374999999998,2.681
60407342,106,40.62083333333334,140.40625,1.69
60407343,1216,40.62083333333334,140.41875,0.867
60407344,337,40.62083333333334,140.43125,0.934
60407345,436,40.62083333333334,140.44375,1.274
60407346,3365,40.62083333333334,140.45624999999998,0.239
60407347,3097,40.62083333333334,140.46875,0.633
60407348,4216,40.62083333333334,140.48125,0.805
60407349,1985,40.62083333333334,140.49375,0.601
60407350,132,40.62916666666667,140.38125,3.994
60407351,303,40.62916666666667,140.39374999999998,3.065
60407352,285,40.62916666666667,140.40625,2.25
60407353,253,40.62916666666667,140.41875,1.72
60407354,273,40.62916666666667,140.43125,1.755
60407355,119,40.62916666666667,140.44375,1.027
60407356,2457,40.62916666666667,140.45624999999998,0.034
60407357,181,40.62916666666667,140.46875,0.848
60407358,1315,40.62916666666667,140.48125,0.972
60407359,1678,40.62916666666667,140.49375,0.373
60407361,131,40.6375,140.39374999999998,3.65
60407362,109,40.6375,140.40625,2.998
60407363,344,40.6375,140.41875,2.624
60407364,306,40.6375,140.43125,2.287
60407365,47,40.6375,140.44375,1.396
60407366,619,40.6375,140.45624999999998,0.917
60407367,130,40.6375,140.46875,1.231
60407368,314,40.6375,140.48125,1.562
60407369,517,40.6375,140.49375,1.278
60407372,338,40.645833333333336,140.40625,3.825
60407373,108,40.645833333333336,140.41875,3.539
60407374,191,40.645833333333336,140.43125,2.8
60407375,676,40.645833333333336,140.44375,2.136
60407376,157,40.645833333333336,140.45624999999998,1.832
60407377,162,40.645833333333336,140.46875,2.007
60407378,85,40.645833333333336,140.48125,2.169
60407379,590,40.645833333333336,140.49375,1.285
60407380,32,40.654166666666676,140.38125,5.734
60407382,373,40.654166666666676,140.40625,4.69
60407383,265,40.654166666666676,140.41875,4.204
60407384,65,40.654166666666676,140.43125,3.488
60407385,512,40.654166666666676,140.44375,2.982
60407386,513,40.654166666666676,140.45624999999998,2.754
60407387,46,40.654166666666676,140.46875,2.869
60407388,350,40.654166666666676,140.48125,1.823
60407389,2287,40.654166666666676,140.49375,0.798
60407390,178,40.66250000000001,140.38125,6.477
60407393,164,40.66250000000001,140.41875,4.87
60407394,1059,40.66250000000001,140.43125,4.268
60407395,22,40.66250000000001,140.44375,3.865
60407396,169,40.66250000000001,140.45624999999998,3.679
60407398,72,40.66250000000001,140.48125,1.913
60407399,305,40.66250000000001,140.49375,0.986
60407400,148,40.587500000000006,140.50625,1.181
60407401,272,40.587500000000006,140.51874999999998,1.482
60407402,440,40.587500000000006,140.53125,2.119
60407403,388,40.587500000000006,140.54375,1.244
60407404,1746,40.587500000000006,140.55625,0.361
60407405,1811,40.587500000000006,140.56875,0.133
60407406,690,40.587500000000006,140.58124999999998,1.0
60407407,638,40.587500000000006,140.59375,1.95
60407408,782,40.587500000000006,140.60625,2.972
60407409,209,40.587500000000006,140.61875,4.011
60407410,1718,40.59583333333334,140.50625,0.645
60407411,408,40.59583333333334,140.51874999999998,0.715
60407412,706,40.59583333333334,140.53125,1.675
60407413,329,40.59583333333334,140.54375,1.339
60407414,845,40.59583333333334,140.55625,0.612
60407415,334,40.59583333333334,140.56875,0.795
60407416,405,40.59583333333334,140.58124999999998,1.332
60407417,767,40.59583333333334,140.59375,2.161
60407418,213,40.59583333333334,140.60625,2.746
60407419,1,40.59583333333334,140.61875,3.555
60407420,3934,40.60416666666667,140.50625,0.177
60407421,1504,40.60416666666667,140.51874999999998,0.564
60407422,173,40.60416666666667,140.53125,1.619
60407423,144,40.60416666666667,140.54375,1.937
60407424,57,40.60416666666667,140.55625,1.529
60407425,282,40.60416666666667,140.56875,1.665
60407426,78,40.60416666666667,140.58124999999998,1.09
60407427,279,40.60416666666667,140.59375,1.353
60407428,288,40.60416666666667,140.60625,2.168
60407430,1273,40.612500000000004,140.50625,0.162
60407431,334,40.612500000000004,140.51874999999998,1.065
60407432,44,40.612500000000004,140.53125,1.854
60407433,154,40.612500000000004,140.54375,2.726
60407434,461,40.612500000000004,140.55625,2.337
60407435,1441,40.612500000000004,140.56875,1.286
60407436,1704,40.612500000000004,140.58124999999998,0.264
60407437,1381,40.612500000000004,140.59375,0.844
60407438,597,40.612500000000004,140.60625,1.893
60407440,354,40.62083333333334,140.50625,1.013
60407441,577,40.62083333333334,140.51874999999998,1.562
60407442,265,40.62083333333334,140.53125,2.443
60407443,333,40.62083333333334,140.54375,3.24
60407444,28,40.62083333333334,140.55625,2.462
60407445,207,40.62083333333334,140.56875,1.5
60407446,732,40.62083333333334,140.58124999999998,0.817
60407447,145,40.62083333333334,140.59375,1.145
60407449,310,40.62083333333334,140.61875,2.923
60407450,108,40.62916666666667,140.50625,1.249
60407451,54,40.62916666666667,140.51874999999998,2.271
60407452,615,40.62916666666667,140.53125,2.966
60407453,571,40.62916666666667,140.54375,3.796
60407454,550,40.62916666666667,140.55625,2.894
60407456,34,40.62916666666667,140.58124999999998,1.297
60407457,350,40.62916666666667,140.59375,0.94
60407458,767,40.62916666666667,140.60625,1.52
60407459,547,40.62916666666667,140.61875,2.442
60407460,280,40.6375,140.50625,1.73
60407461,360,40.6375,140.51874999999998,2.052
60407462,80,40.6375,140.53125,2.767
60407463,473,40.6375,140.54375,3.65
60407464,97,40.6375,140.55625,2.831
60407465,644,40.6375,140.56875,1.937
60407466,825,40.6375,140.58124999999998,0.905
60407467,2251,40.6375,140.59375,0.149
60407468,1821,40.6375,140.60625,1.204
60407469,558,40.6375,140.61875,1.809
60407470,611,40.645833333333336,140.50625,0.804
60407471,1203,40.645833333333336,140.51874999999998,1.366
60407472,261,40.645833333333336,140.53125,2.304
60407473,280,40.645833333333336,140.54375,2.856
60407474,260,40.645833333333336,140.55625,2.566
60407475,117,40.645833333333336,140.56875,1.524
60407476,1205,40.645833333333336,140.58124999999998,0.536
60407477,2729,40.645833333333336,140.59375,0.69
60407478,3405,40.645833333333336,140.60625,0.546
60407479,538,40.645833333333336,140.61875,1.184
60407480,1372,40.654166666666676,140.50625,0.134
60407481,33,40.654166666666676,140.51874999999998,1.112
60407482,149,40.654166666666676,140.53125,1.666
60407483,78,40.654166666666676,140.54375,2.056
60407484,544,40.654166666666676,140.55625,2.621
60407485,476,40.654166666666676,140.56875,1.615
60407486,763,40.654166666666676,140.58124999999998,0.757
60407487,3460,40.654166666666676,140.59375,0.873
60407488,3131,40.654166666666676,140.60625,0.32
60407489,743,40.654166666666676,140.61875,0.921
60407490,448,40.66250000000001,140.50625,0.715
60407491,260,40.66250000000001,140.51874999999998,1.155
60407492,11,40.66250000000001,140.53125,0.749
60407493,75,40.66250000000001,140.54375,1.418
60407494,178,40.66250000000001,140.55625,2.384
60407495,232,40.66250000000001,140.56875,2.148
60407496,9,40.66250000000001,140.58124999999998,1.539
60407497,1090,40.66250000000001,140.59375,0.562
60407498,523,40.66250000000001,140.60625,0.666
60407499,459,40.66250000000001,140.61875,1.099
60407505,2,40.587500000000006,140.69375,9.724
60407522,69,40.60416666666667,140.65625,6.201
60407523,432,40.60416666666667,140.66875,7.242
60407524,297,40.60416666666667,140.68125,8.175
60407532,331,40.612500000000004,140.65625,5.988
60407533,169,40.612500000000004,140.66875,6.772
60407534,201,40.612500000000004,140.68125,7.621
60407540,1,40.62083333333334,140.63125,3.798
60407541,236,40.62083333333334,140.64374999999998,4.588
60407542,122,40.62083333333334,140.65625,5.369
60407545,22,40.62083333333334,140.69375,8.094
60407550,476,40.62916666666667,140.63125,3.192
60407551,81,40.62916666666667,140.64374999999998,3.967
60407555,3,40.62916666666667,140.69375,7.759
60407556,3,40.62916666666667,140.70624999999998,8.768
60407557,10,40.62916666666667,140.71875,9.787
60407567,77,40.6375,140.71875,9.556
60407570,382,40.645833333333336,140.63125,2.174
60407580,36,40.654166666666676,140.63125,1.954
60407590,177,40.66250000000001,140.63125,2.044
60407591,29,40.66250000000001,140.64374999999998,3.061
60407663,6,40.6375,140.79375,15.673
60407664,1,40.6375,140.80625,15.76
60407674,17,40.645833333333336,140.80625,14.84
60407678,5,40.645833333333336,140.85625,15.915
60407686,8,40.654166666666676,140.83124999999998,14.348
60407688,8,40.654166666666676,140.85625,15.062
60407716,1,40.59583333333334,140.95624999999998,19.342
60413007,14,40.25416666666667,141.09375,9.338
60413017,14,40.2625,141.09375,10.117
60413024,77,40.270833333333336,141.05625,12.762
60413036,92,40.27916666666667,141.08124999999998,12.252
60413043,102,40.2875,141.04375,14.859
60413044,11,40.2875,141.05625,14.204
60413045,61,40.2875,141.06875,13.6
60413046,14,40.2875,141.08124999999998,13.054
60413050,32,40.295833333333334,141.00625,17.704
60413051,16,40.295833333333334,141.01874999999998,16.96
60413054,27,40.295833333333334,141.05625,14.959
60413055,31,40.295833333333334,141.06875,14.386
60413056,98,40.295833333333334,141.08124999999998,13.872
60413066,30,40.30416666666667,141.08124999999998,14.703
60413067,206,40.30416666666667,141.09375,14.279
60413068,53,40.30416666666667,141.10625,13.898
60413069,2,40.30416666666667,141.11875,13.014
60413076,15,40.3125,141.08124999999998,15.313
60413077,5,40.3125,141.09375,14.361
60413078,3,40.3125,141.10625,13.425
60413079,37,40.3125,141.11875,12.508
60413087,69,40.32083333333334,141.09375,13.966
60413097,17,40.32916666666667,141.09375,13.622
60413098,60,40.32916666666667,141.10625,12.631
60413099,29,40.32916666666667,141.11875,11.653
60413160,42,40.30416666666667,141.13125,12.159
60413170,147,40.3125,141.13125,11.616
60413171,3,40.3125,141.14374999999998,10.754
60413172,18,40.3125,141.15625,9.931
60413173,25,40.3125,141.16875,9.156
60413175,25,40.3125,141.19375,7.81
60413176,12,40.3125,141.20624999999998,7.276
60413177,1,40.3125,141.21875,6.865
60413181,126,40.32083333333334,141.14374999999998,10.221
60413182,12,40.32083333333334,141.15625,9.351
60413184,6,40.32083333333334,141.18125,7.753
60413185,25,40.32083333333334,141.19375,7.057
60413186,8,40.32083333333334,141.20624999999998,6.461
60413187,5,40.32083333333334,141.21875,5.995
60413190,8,40.32916666666667,141.13125,10.689
60413191,146,40.32916666666667,141.14374999999998,9.746
60413192,60,40.32916666666667,141.15625,8.829
60413193,18,40.32916666666667,141.16875,7.948
60413194,19,40.32916666666667,141.18125,7.116
60413195,9,40.32916666666667,141.19375,6.351
60413196,22,40.32916666666667,141.20624999999998,5.682
60413197,7,40.32916666666667,141.21875,5.145
60414008,2,40.337500000000006,141.10625,12.32
60414009,10,40.337500000000006,141.11875,11.314
60414018,4,40.34583333333334,141.10625,12.072
60414026,5,40.35416666666667,141.08124999999998,13.987
60414027,27,40.35416666666667,141.09375,12.938
60414028,26,40.35416666666667,141.10625,11.891
60414029,21,40.35416666666667,141.11875,10.846
60414036,4,40.362500000000004,141.08124999999998,13.893
60414038,82,40.362500000000004,141.10625,11.78
60414039,27,40.362500000000004,141.11875,10.725
60414046,2,40.37083333333334,141.08124999999998,13.86
60414047,15,40.37083333333334,141.09375,12.801
60414048,38,40.37083333333334,141.10625,11.742
60414049,16,40.37083333333334,141.11875,10.683
60414055,5,40.37916666666667,141.06875,14.946
60414056,14,40.37916666666667,141.08124999999998,13.889
60414057,11,40.37916666666667,141.09375,12.833
60414058,18,40.37916666666667,141.10625,11.777
60414059,21,40.37916666666667,141.11875,10.722
60414065,39,40.3875,141.06875,15.03
60414066,3,40.3875,141.08124999999998,13.98
60414067,28,40.3875,141.09375,12.931
60414068,36,40.3875,141.10625,11.884
60414069,5,40.3875,141.11875,10.84
60414075,5,40.395833333333336,141.06875,15.171
60414076,7,40.395833333333336,141.08124999999998,14.131
60414087,24,40.404166666666676,141.09375,13.321
60414100,33,40.337500000000006,141.13125,10.32
60414101,591,40.337500000000006,141.14374999999998,9.34
60414102,742,40.337500000000006,141.15625,8.379
60414103,57,40.337500000000006,141.16875,7.444
60414104,5,40.337500000000006,141.18125,6.548
60414105,13,40.337500000000006,141.19375,5.708
60414106,2,40.337500000000006,141.20624999999998,4.953
60414110,128,40.34583333333334,141.13125,10.023
60414111,340,40.34583333333334,141.14374999999998,9.01
60414112,598,40.34583333333334,141.15625,8.01
60414113,202,40.34583333333334,141.16875,7.027
60414114,84,40.34583333333334,141.18125,6.07
60414115,78,40.34583333333334,141.19375,5.152
60414116,50,40.34583333333334,141.20624999999998,4.301
60414117,2,40.34583333333334,141.21875,3.562
60414120,66,40.35416666666667,141.13125,9.805
60414121,29,40.35416666666667,141.14374999999998,8.767
60414122,9,40.35416666666667,141.15625,7.736
60414123,36,40.35416666666667,141.16875,6.713
60414124,28,40.35416666666667,141.18125,5.703
60414125,172,40.35416666666667,141.19375,4.715
60414126,82,40.35416666666667,141.20624999999998,3.766
60414127,52,40.35416666666667,141.21875,2.893
60414128,41,40.35416666666667,141.23125,2.193
60414130,34,40.362500000000004,141.13125,9.671
60414131,46,40.362500000000004,141.14374999999998,8.617
60414132,21,40.362500000000004,141.15625,7.565
60414133,39,40.362500000000004,141.16875,6.516
60414134,7,40.362500000000004,141.18125,5.47
60414135,24,40.362500000000004,141.19375,4.43
60414136,83,40.362500000000004,141.20624999999998,3.403
60414137,138,40.362500000000004,141.21875,2.403
60414138,157,40.362500000000004,141.23125,1.487
60414139,66,40.362500000000004,141.24375,0.943
60414140,43,40.37083333333334,141.13125,9.624
60414141,44,40.37083333333334,141.14374999999998,8.565
60414142,10,40.37083333333334,141.15625,7.507
60414143,15,40.37083333333334,141.16875,6.448
60414144,22,40.37083333333334,141.18125,5.389
60414146,3,40.37083333333334,141.20624999999998,3.271
60414148,113,40.37083333333334,141.23125,1.153
60414149,653,40.37083333333334,141.24375,0.095
60414150,1,40.37916666666667,141.13125,9.667
60414151,15,40.37916666666667,141.14374999999998,8.614
60414152,100,40.37916666666667,141.15625,7.562
60414153,61,40.37916666666667,141.16875,6.512
60414154,15,40.37916666666667,141.18125,5.465
60414155,29,40.37916666666667,141.19375,4.425
60414156,75,40.37916666666667,141.20624999999998,3.396
60414157,3,40.37916666666667,141.21875,2.393
60414159,229,40.37916666666667,141.24375,0.919
60414162,11,40.3875,141.15625,7.728
60414166,26,40.3875,141.20624999999998,3.753
60414167,18,40.3875,141.21875,2.878
60414169,55,40.3875,141.24375,1.621
60414171,9,40.395833333333336,141.14374999999998,9.0
60414172,2,40.395833333333336,141.15625,7.999
60414173,21,40.395833333333336,141.16875,7.015
60414174,6,40.395833333333336,141.18125,6.057
60414175,48,40.395833333333336,141.19375,5.138
60414176,25,40.395833333333336,141.20624999999998,4.284
60414177,3,40.395833333333336,141.21875,3.543
60414178,115,40.395833333333336,141.23125,2.727
60414183,14,40.404166666666676,141.16875,7.43
60414184,1,40.404166666666676,141.18125,6.532
60414185,15,40.404166666666676,141.19375,5.691
60414186,5,40.404166666666676,141.20624999999998,4.891
60414188,35,40.404166666666676,141.23125,2.815
60414190,14,40.41250000000001,141.13125,10.674
60414195,14,40.41250000000001,141.19375,6.122
60414197,4,40.41250000000001,141.21875,4.123
60414198,12,40.41250000000001,141.23125,3.182
60414210,7,40.34583333333334,141.25625,2.954
60414211,9,40.34583333333334,141.26874999999998,3.357
60414212,58,40.34583333333334,141.28125,3.851
60414220,16,40.35416666666667,141.25625,2.1
60414221,111,40.35416666666667,141.26874999999998,2.506
60414222,83,40.35416666666667,141.28125,3.137
60414223,55,40.35416666666667,141.29375,3.956
60414227,3,40.35416666666667,141.34375,5.359
60414228,49,40.35416666666667,141.35625,5.991
60414229,51,40.35416666666667,141.36875,6.732
60414230,28,40.362500000000004,141.25625,1.303
60414232,30,40.362500000000004,141.28125,2.564
60414233,21,40.362500000000004,141.29375,3.455
60414237,8,40.362500000000004,141.34375,6.162
60414238,93,40.362500000000004,141.35625,6.72
60414239,61,40.362500000000004,141.36875,7.387
60414240,505,40.37083333333334,141.25625,0.384
60414241,26,40.37083333333334,141.26874999999998,1.198
60414242,23,40.37083333333334,141.28125,2.086
60414243,14,40.37083333333334,141.29375,3.084
60414244,9,40.37083333333334,141.30625,4.112
60414247,38,40.37083333333334,141.34375,6.997
60414248,3,40.37083333333334,141.35625,7.492
60414249,30,40.37083333333334,141.36875,7.375
60414250,1752,40.37916666666667,141.25625,0.226
60414251,623,40.37916666666667,141.26874999999998,0.851
60414252,204,40.37916666666667,141.28125,1.908
60414257,183,40.37916666666667,141.34375,6.9
60414258,47,40.37916666666667,141.35625,7.727
60414259,14,40.37916666666667,141.36875,6.992
60414260,870,40.3875,141.25625,1.029
60414261,597,40.3875,141.26874999999998,1.216
60414262,73,40.3875,141.28125,1.888
60414265,6,40.3875,141.31875,4.748
60414266,55,40.3875,141.33124999999998,5.493
60414268,26,40.3875,141.35625,7.221
60414269,2,40.3875,141.36875,6.715
60414271,1342,40.395833333333336,141.26874999999998,0.498
60414272,343,40.395833333333336,141.28125,1.528
60414276,3,40.395833333333336,141.33124999999998,4.931
60414278,38,40.395833333333336,141.35625,6.803
60414279,8,40.395833333333336,141.36875,6.559
60414280,49,40.404166666666676,141.25625,0.943
60414281,617,40.404166666666676,141.26874999999998,0.857
60414282,134,40.404166666666676,141.28125,1.68
60414285,1,40.404166666666676,141.31875,3.544
60414287,5,40.404166666666676,141.34375,5.481
60414288,62,40.404166666666676,141.35625,6.492
60414290,70,40.41250000000001,141.25625,1.759
60414291,439,40.41250000000001,141.26874999999998,1.434
60414292,751,40.41250000000001,141.28125,0.847
60414293,330,40.41250000000001,141.29375,1.272
60414294,151,40.41250000000001,141.30625,2.182
60414295,469,40.41250000000001,141.31875,3.184
60414296,360,40.41250000000001,141.33124999999998,4.214
60414297,86,40.41250000000001,141.34375,5.256
60414298,50,40.41250000000001,141.35625,6.241
60414332,8,40.362500000000004,141.40625,5.499
60414333,5,40.362500000000004,141.41875,4.926
60414340,40,40.37083333333334,141.38125,6.457
60414341,52,40.37083333333334,141.39374999999998,5.589
60414342,26,40.37083333333334,141.40625,4.798
60414343,81,40.37083333333334,141.41875,4.128
60414344,94,40.37083333333334,141.43125,3.648
60414350,3,40.37916666666667,141.38125,6.015
60414351,45,40.37916666666667,141.39374999999998,5.072
60414352,67,40.37916666666667,141.40625,4.185
60414353,9,40.37916666666667,141.41875,3.397
60414354,26,40.37916666666667,141.43125,2.794
60414355,24,40.37916666666667,141.44375,2.513
60414356,74,40.37916666666667,141.45624999999998,2.658
60414359,15,40.37916666666667,141.49375,4.771
60414360,7,40.3875,141.38125,5.692
60414361,29,40.3875,141.39374999999998,4.684
60414362,19,40.3875,141.40625,3.705
60414363,27,40.3875,141.41875,2.784
60414364,20,40.3875,141.43125,2.005
60414365,35,40.3875,141.44375,1.59
60414366,60,40.3875,141.45624999999998,1.81
60414367,19,40.3875,141.46875,2.504
60414368,10,40.3875,141.48125,3.391
60414369,26,40.3875,141.49375,4.356
60414370,57,40.395833333333336,141.38125,5.506
60414371,23,40.395833333333336,141.39374999999998,4.457
60414373,12,40.395833333333336,141.41875,2.383
60414374,170,40.395833333333336,141.43125,1.396
60414375,47,40.395833333333336,141.44375,0.677
60414376,26,40.395833333333336,141.45624999999998,1.099
60414379,4,40.395833333333336,141.49375,4.111
60414380,10,40.404166666666676,141.38125,5.474
60414381,65,40.404166666666676,141.39374999999998,4.417
60414382,9,40.404166666666676,141.40625,3.361
60414383,61,40.404166666666676,141.41875,2.308
60414384,475,40.404166666666676,141.43125,1.263
60414385,237,40.404166666666676,141.44375,0.324
60414386,724,40.404166666666676,141.45624999999998,0.925
60414387,5,40.404166666666676,141.46875,1.961
60414391,64,40.41250000000001,141.39374999999998,4.569
60414392,24,40.41250000000001,141.40625,3.558
60414393,169,40.41250000000001,141.41875,2.587
60414394,52,40.41250000000001,141.43125,1.721
60414395,44,40.41250000000001,141.44375,1.212
60414396,3,40.41250000000001,141.45624999999998,1.49
60414397,21,40.41250000000001,141.46875,2.283
60414398,202,40.41250000000001,141.48125,3.231
60414399,110,40.41250000000001,141.49375,4.232
60414423,5,40.35416666666667,141.54375,6.938
60414432,35,40.362500000000004,141.53125,6.648
60414441,7,40.37083333333334,141.51874999999998,6.649
60414442,6,40.37083333333334,141.53125,7.309
60414443,13,40.37083333333334,141.54375,8.054
60414450,31,40.37916666666667,141.50625,5.699
60414452,32,40.37916666666667,141.53125,7.657
60414453,5,40.37916666666667,141.54375,8.665
60414460,10,40.3875,141.50625,5.356
60414461,15,40.3875,141.51874999999998,6.375
60414462,24,40.3875,141.53125,7.406
60414463,8,40.3875,141.54375,8.443
60414470,16,40.395833333333336,141.50625,5.159
60414471,55,40.395833333333336,141.51874999999998,6.211
60414472,161,40.395833333333336,141.53125,7.264
60414481,50,40.404166666666676,141.51874999999998,6.182
60414482,28,40.404166666666676,141.53125,7.239
60414483,44,40.404166666666676,141.54375,8.235
60414491,2,40.41250000000001,141.51874999999998,6.291
60414492,22,40.41250000000001,141.53125,7.333
60414493,72,40.41250000000001,141.54375,7.528
60414494,7,40.41250000000001,141.55625,6.857
60415008,5,40.420833333333334,141.10625,12.983
60415009,13,40.420833333333334,141.11875,12.034
60415027,31,40.4375,141.09375,14.781
60415028,10,40.4375,141.10625,13.875
60415029,116,40.4375,141.11875,12.992
60415039,4,40.44583333333333,141.11875,13.364
60415045,5,40.454166666666666,141.06875,17.548
60415046,4,40.454166666666666,141.08124999999998,16.648
60415047,23,40.454166666666666,141.09375,15.673
60415055,3,40.4625,141.06875,17.982
60415057,20,40.4625,141.09375,16.066
60415058,10,40.4625,141.10625,15.128
60415059,79,40.4625,141.11875,14.207
60415067,7,40.47083333333333,141.09375,16.502
60415068,29,40.47083333333333,141.10625,15.591
60415069,66,40.47083333333333,141.11875,14.699
60415078,7,40.479166666666664,141.10625,15.68
60415079,34,40.479166666666664,141.11875,15.184
60415089,29,40.487500000000004,141.11875,14.359
60415101,8,40.420833333333334,141.14374999999998,10.202
60415102,18,40.420833333333334,141.15625,9.332
60415106,11,40.420833333333334,141.20624999999998,5.481
60415107,21,40.420833333333334,141.21875,4.574
60415108,18,40.420833333333334,141.23125,3.748
60415112,27,40.42916666666667,141.15625,9.723
60415113,5,40.42916666666667,141.16875,8.744
60415114,54,40.42916666666667,141.18125,7.786
60415115,66,40.42916666666667,141.19375,6.858
60415117,2,40.42916666666667,141.21875,5.153
60415124,12,40.4375,141.18125,8.244
60415125,12,40.4375,141.19375,7.374
60415126,32,40.4375,141.20624999999998,6.559
60415127,53,40.4375,141.21875,5.731
60415130,92,40.44583333333333,141.13125,12.401
60415131,45,40.44583333333333,141.14374999999998,11.456
60415133,7,40.44583333333333,141.16875,9.637
60415134,6,40.44583333333333,141.18125,8.777
60415136,108,40.44583333333333,141.20624999999998,7.059
60415138,59,40.44583333333333,141.23125,5.197
60415139,55,40.44583333333333,141.24375,4.353
60415141,14,40.454166666666666,141.14374999999998,11.917
60415142,92,40.454166666666666,141.15625,11.033
60415143,2,40.454166666666666,141.16875,10.181
60415144,3,40.454166666666666,141.18125,9.368
60415149,23,40.454166666666666,141.24375,5.012
60415150,47,40.4625,141.13125,13.307
60415152,14,40.4625,141.15625,11.585
60415153,157,40.4625,141.16875,10.718
60415154,13,40.4625,141.18125,9.78
60415159,18,40.4625,141.24375,5.745
60415160,9,40.47083333333333,141.13125,13.83
60415161,48,40.47083333333333,141.14374999999998,12.99
60415163,135,40.47083333333333,141.16875,11.157
60415164,236,40.47083333333333,141.18125,10.259
60415165,110,40.47083333333333,141.19375,9.393
60415166,139,40.47083333333333,141.20624999999998,8.572
60415167,16,40.47083333333333,141.21875,7.807
60415169,9,40.47083333333333,141.24375,6.527
60415171,3,40.479166666666664,141.14374999999998,13.453
60415172,48,40.479166666666664,141.15625,12.54
60415173,105,40.479166666666664,141.16875,11.653
60415176,132,40.479166666666664,141.20624999999998,9.208
60415177,125,40.479166666666664,141.21875,8.501
60415178,37,40.479166666666664,141.23125,7.873
60415179,4,40.479166666666664,141.24375,7.13
60415180,5,40.487500000000004,141.13125,13.896
60415187,27,40.487500000000004,141.21875,8.275
60415188,236,40.487500000000004,141.23125,7.372
60415191,5,40.49583333333334,141.14374999999998,12.633
60415193,18,40.49583333333334,141.16875,11.859
60415194,46,40.49583333333334,141.18125,10.843
60415195,4,40.49583333333334,141.19375,9.836
60415196,9,40.49583333333334,141.20624999999998,8.841
60415199,96,40.49583333333334,141.24375,5.982
60415201,3,40.420833333333334,141.26874999999998,1.165
60415203,183,40.420833333333334,141.29375,0.959
60415204,212,40.420833333333334,141.30625,2.015
60415205,147,40.420833333333334,141.31875,3.072
60415206,719,40.420833333333334,141.33124999999998,4.13
60415207,357,40.420833333333334,141.34375,5.188
60415208,1,40.420833333333334,141.35625,5.337
60415214,353,40.42916666666667,141.30625,2.253
60415215,113,40.42916666666667,141.31875,3.233
60415216,18,40.42916666666667,141.33124999999998,4.251
60415217,517,40.42916666666667,141.34375,4.266
60415218,5,40.42916666666667,141.35625,4.441
60415226,219,40.4375,141.33124999999998,3.445
60415227,293,40.4375,141.34375,3.34
60415228,197,40.4375,141.35625,3.562
60415234,4,40.44583333333333,141.30625,3.502
60415236,124,40.44583333333333,141.33124999999998,2.558
60415237,1092,40.44583333333333,141.34375,2.416
60415238,259,40.44583333333333,141.35625,2.714
60415239,14,40.44583333333333,141.36875,2.926
60415240,4,40.454166666666666,141.25625,4.394
60415241,48,40.454166666666666,141.26874999999998,3.966
60415245,16,40.454166666666666,141.31875,2.426
60415247,657,40.454166666666666,141.34375,1.494
60415248,42,40.454166666666666,141.35625,1.939
60415249,197,40.454166666666666,141.36875,2.217
60415251,2,40.4625,141.26874999999998,4.86
60415252,16,40.4625,141.28125,4.72
60415255,5,40.4625,141.31875,2.0
60415257,21,40.4625,141.34375,0.588
60415258,68,40.4625,141.35625,1.369
60415259,133,40.4625,141.36875,1.645
60415260,55,40.47083333333333,141.25625,6.066
60415261,13,40.47083333333333,141.26874999999998,5.764
60415262,12,40.47083333333333,141.28125,5.107
60415263,164,40.47083333333333,141.29375,4.053
60415264,63,40.47083333333333,141.30625,3.002
60415269,327,40.47083333333333,141.36875,0.796
60415270,43,40.479166666666664,141.25625,6.417
60415274,172,40.479166666666664,141.30625,3.249
60415279,14,40.479166666666664,141.36875,0.529
60415281,1,40.487500000000004,141.26874999999998,5.037
60415284,5,40.487500000000004,141.30625,3.62
60415285,86,40.487500000000004,141.31875,2.939
60415286,107,40.487500000000004,141.33124999999998,2.387
60415289,97,40.487500000000004,141.36875,1.282
60415293,58,40.49583333333334,141.29375,3.099
60415294,5,40.49583333333334,141.30625,2.708
60415295,68,40.49583333333334,141.31875,2.701
60415296,14,40.49583333333334,141.33124999999998,3.081
60415297,226,40.49583333333334,141.34375,3.157
60415298,28,40.49583333333334,141.35625,2.608
60415299,46,40.49583333333334,141.36875,2.173
60415300,6,40.420833333333334,141.38125,5.241
60415301,3,40.420833333333334,141.39374999999998,4.894
60415302,5,40.420833333333334,141.40625,3.968
60415303,39,40.420833333333334,141.41875,3.126
60415304,83,40.420833333333334,141.43125,2.458
60415305,60,40.420833333333334,141.44375,2.133
60415306,12,40.420833333333334,141.45624999999998,2.303
60415307,4,40.420833333333334,141.46875,2.879
60415308,173,40.420833333333334,141.48125,3.677
60415309,379,40.420833333333334,141.49375,4.582
60415311,35,40.42916666666667,141.39374999999998,4.31
60415312,2,40.42916666666667,141.40625,4.532
60415313,23,40.42916666666667,141.41875,3.817
60415316,44,40.42916666666667,141.45624999999998,3.178
60415317,31,40.42916666666667,141.46875,3.618
60415321,5,40.4375,141.39374999999998,3.391
60415323,5,40.4375,141.41875,4.245
60415325,48,40.4375,141.44375,3.983
60415326,47,40.4375,141.45624999999998,4.076
60415327,11,40.4375,141.46875,4.428
60415328,43,40.4375,141.48125,4.983
60415331,21,40.44583333333333,141.39374999999998,2.477
60415332,136,40.44583333333333,141.40625,2.878
60415333,118,40.44583333333333,141.41875,3.558
60415334,27,40.44583333333333,141.43125,4.182
60415335,9,40.44583333333333,141.44375,3.778
60415336,4,40.44583333333333,141.45624999999998,3.646
60415337,31,40.44583333333333,141.46875,3.815
60415340,1353,40.454166666666666,141.38125,1.608
60415341,645,40.454166666666666,141.39374999999998,1.579
60415342,345,40.454166666666666,141.40625,2.153
60415343,226,40.454166666666666,141.41875,3.003
60415344,13,40.454166666666666,141.43125,3.405
60415346,9,40.454166666666666,141.45624999999998,2.72
60415347,21,40.454166666666666,141.46875,2.942
60415348,35,40.454166666666666,141.48125,3.485
60415349,101,40.454166666666666,141.49375,4.228
60415350,376,40.4625,141.38125,0.813
60415351,201,40.4625,141.39374999999998,0.753
60415352,65,40.4625,141.40625,1.646
60415354,27,40.4625,141.43125,2.722
60415355,23,40.4625,141.44375,2.048
60415357,91,40.4625,141.46875,2.115
60415358,2,40.4625,141.48125,2.822
60415359,503,40.4625,141.49375,3.63
60415360,698,40.47083333333333,141.38125,0.672
60415361,354,40.47083333333333,141.39374999999998,0.598
60415362,274,40.47083333333333,141.40625,1.581
60415363,46,40.47083333333333,141.41875,2.623
60415364,140,40.47083333333333,141.43125,2.224
60415365,21,40.47083333333333,141.44375,1.316
60415366,697,40.47083333333333,141.45624999999998,0.868
60415367,363,40.47083333333333,141.46875,1.418
60415368,219,40.47083333333333,141.48125,2.243
60415369,1073,40.47083333333333,141.49375,2.943
60415371,3,40.479166666666664,141.39374999999998,1.366
60415372,330,40.479166666666664,141.40625,2.002
60415373,253,40.479166666666664,141.41875,2.896
60415374,416,40.479166666666664,141.43125,2.05
60415375,139,40.479166666666664,141.44375,0.994
60415376,4165,40.479166666666664,141.45624999999998,0.089
60415377,2878,40.479166666666664,141.46875,0.916
60415378,376,40.479166666666664,141.48125,1.601
60415379,589,40.479166666666664,141.49375,2.084
60415382,5,40.487500000000004,141.40625,2.689
60415383,296,40.487500000000004,141.41875,2.764
60415384,1044,40.487500000000004,141.43125,2.15
60415385,691,40.487500000000004,141.44375,1.399
60415386,1325,40.487500000000004,141.45624999999998,0.773
60415387,1975,40.487500000000004,141.46875,0.292
60415388,1761,40.487500000000004,141.48125,1.332
60415389,1161,40.487500000000004,141.49375,1.282
60415393,55,40.49583333333334,141.41875,2.208
60415394,470,40.49583333333334,141.43125,1.364
60415395,1735,40.49583333333334,141.44375,1.039
60415396,1165,40.49583333333334,141.45624999999998,1.25
60415397,902,40.49583333333334,141.46875,1.024
60415398,2765,40.49583333333334,141.48125,0.415
60415399,3899,40.49583333333334,141.49375,0.814
60415400,79,40.420833333333334,141.50625,5.541
60415401,43,40.420833333333334,141.51874999999998,6.531
60415402,21,40.420833333333334,141.53125,7.362
60415403,8,40.420833333333334,141.54375,6.874
60415404,60,40.420833333333334,141.55625,6.132
60415410,40,40.42916666666667,141.50625,5.958
60415411,25,40.42916666666667,141.51874999999998,6.888
60415412,34,40.42916666666667,141.53125,6.566
60415413,18,40.42916666666667,141.54375,6.057
60415414,2,40.42916666666667,141.55625,5.468
60415415,43,40.42916666666667,141.56875,4.742
60415416,88,40.42916666666667,141.58124999999998,4.114
60415417,12,40.42916666666667,141.59375,3.288
60415421,75,40.4375,141.51874999999998,6.045
60415422,8,40.4375,141.53125,5.81
60415423,52,40.4375,141.54375,5.228
60415424,34,40.4375,141.55625,4.811
60415425,98,40.4375,141.56875,4.062
60415426,77,40.4375,141.58124999999998,3.365
60415427,53,40.4375,141.59375,2.726
60415428,84,40.4375,141.60625,1.885
60415429,17,40.4375,141.61875,1.384
60415430,6,40.44583333333333,141.50625,5.163
60415431,108,40.44583333333333,141.51874999999998,5.12
60415432,3,40.44583333333333,141.53125,5.11
60415433,11,40.44583333333333,141.54375,4.437
60415434,24,40.44583333333333,141.55625,3.937
60415435,123,40.44583333333333,141.56875,3.498
60415436,76,40.44583333333333,141.58124999999998,2.657
60415437,39,40.44583333333333,141.59375,2.029
60415438,506,40.44583333333333,141.60625,1.374
60415439,571,40.44583333333333,141.61875,0.5
60415440,3,40.454166666666666,141.50625,4.248
60415441,47,40.454166666666666,141.51874999999998,4.195
60415444,36,40.454166666666666,141.55625,3.095
60415445,2,40.454166666666666,141.56875,2.762
60415446,351,40.454166666666666,141.58124999999998,2.124
60415447,68,40.454166666666666,141.59375,1.253
60415448,303,40.454166666666666,141.60625,0.932
60415449,1197,40.454166666666666,141.61875,0.549
60415450,622,40.4625,141.50625,3.34
60415451,73,40.4625,141.51874999999998,3.272
60415452,83,40.4625,141.53125,3.535
60415453,60,40.4625,141.54375,3.091
60415455,113,40.4625,141.56875,1.849
60415456,670,40.4625,141.58124999999998,1.919
60415457,257,40.4625,141.59375,0.861
60415458,310,40.4625,141.60625,0.197
60415459,194,40.4625,141.61875,1.254
60415460,1117,40.47083333333333,141.50625,2.445
60415461,14,40.47083333333333,141.51874999999998,2.351
60415462,123,40.47083333333333,141.53125,2.705
60415463,5,40.47083333333333,141.54375,2.658
60415464,74,40.47083333333333,141.55625,1.697
60415465,1016,40.47083333333333,141.56875,0.964
60415466,1420,40.47083333333333,141.58124999999998,1.103
60415467,47,40.47083333333333,141.59375,1.277
60415468,12,40.47083333333333,141.60625,0.963
60415470,209,40.479166666666664,141.50625,1.587
60415471,295,40.479166666666664,141.51874999999998,1.439
60415472,153,40.479166666666664,141.53125,1.964
60415473,69,40.479166666666664,141.54375,1.858
60415474,148,40.479166666666664,141.55625,1.451
60415475,1521,40.479166666666664,141.56875,0.396
60415476,368,40.479166666666664,141.58124999999998,0.666
60415477,25,40.479166666666664,141.59375,1.722
60415479,75,40.479166666666664,141.61875,2.251
60415480,3595,40.487500000000004,141.50625,0.878
60415481,1154,40.487500000000004,141.51874999999998,0.572
60415482,2290,40.487500000000004,141.53125,1.454
60415483,1176,40.487500000000004,141.54375,0.934
60415484,1189,40.487500000000004,141.55625,1.336
60415485,183,40.487500000000004,141.56875,1.049
60415486,142,40.487500000000004,141.58124999999998,1.178
60415487,230,40.487500000000004,141.59375,1.977
60415489,83,40.487500000000004,141.61875,3.064
60415490,3630,40.49583333333334,141.50625,0.248
60415491,2484,40.49583333333334,141.51874999999998,0.38
60415492,4970,40.49583333333334,141.53125,1.154
60415493,2952,40.49583333333334,141.54375,0.097
60415494,1024,40.49583333333334,141.55625,0.96
60415495,102,40.49583333333334,141.56875,1.94
60415496,42,40.49583333333334,141.58124999999998,2.012
60415497,12,40.49583333333334,141.59375,2.563
60415499,451,40.49583333333334,141.61875,3.928
60415510,10,40.42916666666667,141.63125,2.429
60415520,6,40.4375,141.63125,1.586
60415521,118,40.4375,141.64374999999998,2.314
60415522,100,40.4375,141.65625,3.229
60415530,129,40.44583333333333,141.63125,0.922
60415531,87,40.44583333333333,141.64374999999998,1.92
60415532,225,40.44583333333333,141.65625,2.96
60415533,92,40.44583333333333,141.66875,4.009
60415534,5,40.44583333333333,141.68125,4.498
60415540,50,40.454166666666666,141.63125,0.949
60415542,380,40.454166666666666,141.65625,2.969
60415543,600,40.454166666666666,141.66875,4.016
60415544,261,40.454166666666666,141.68125,5.067
60415550,40,40.4625,141.63125,1.634
60415551,174,40.4625,141.64374999999998,2.347
60415552,410,40.4625,141.65625,3.253
60415553,31,40.4625,141.66875,4.23
60415560,46,40.47083333333333,141.63125,2.481
60415561,282,40.47083333333333,141.64374999999998,2.999
60415562,94,40.47083333333333,141.65625,3.75
60415570,134,40.479166666666664,141.63125,2.972
60415571,39,40.479166666666664,141.64374999999998,3.768
60415580,143,40.487500000000004,141.63125,3.627
60415590,250,40.49583333333334,141.63125,4.381
60416068,12,40.55416666666667,141.10625,9.183
60416078,2,40.5625,141.10625,8.565
60416087,5,40.57083333333334,141.09375,8.896
60416088,8,40.57083333333334,141.10625,8.006
60416089,9,40.57083333333334,141.11875,7.161
60416090,22,40.57916666666667,141.00625,15.469
60416091,2,40.57916666666667,141.01874999999998,14.445
60416094,16,40.57916666666667,141.05625,11.406
60416095,62,40.57916666666667,141.06875,10.41
60416096,52,40.57916666666667,141.08124999999998,9.427
60416097,154,40.57916666666667,141.09375,8.461
60416098,53,40.57916666666667,141.10625,7.52
60416099,35,40.57916666666667,141.11875,6.613
60416100,9,40.50416666666667,141.13125,12.226
60416101,29,40.50416666666667,141.14374999999998,11.775
60416104,11,40.50416666666667,141.18125,10.612
60416105,57,40.50416666666667,141.19375,9.581
60416106,4,40.50416666666667,141.20624999999998,8.556
60416109,35,40.50416666666667,141.24375,5.554
60416110,1,40.5125,141.13125,11.413
60416111,11,40.5125,141.14374999999998,10.928
60416112,1,40.5125,141.15625,10.526
60416113,11,40.5125,141.16875,10.218
60416114,9,40.5125,141.18125,10.013
60416115,1,40.5125,141.19375,9.411
60416116,30,40.5125,141.20624999999998,8.365
60416117,15,40.5125,141.21875,7.323
60416118,7,40.5125,141.23125,6.285
60416121,28,40.520833333333336,141.14374999999998,10.095
60416124,9,40.520833333333336,141.18125,9.097
60416126,6,40.520833333333336,141.20624999999998,8.274
60416127,8,40.520833333333336,141.21875,7.218
60416129,12,40.520833333333336,141.24375,5.109
60416130,3,40.52916666666667,141.13125,9.847
60416132,38,40.52916666666667,141.15625,8.804
60416133,4,40.52916666666667,141.16875,8.433
60416134,7,40.52916666666667,141.18125,8.183
60416136,1,40.52916666666667,141.20624999999998,7.71
60416137,58,40.52916666666667,141.21875,7.232
60416138,13,40.52916666666667,141.23125,6.18
60416139,23,40.52916666666667,141.24375,5.129
60416140,4,40.5375,141.13125,9.104
60416143,190,40.5375,141.16875,7.553
60416144,18,40.5375,141.18125,7.273
60416145,29,40.5375,141.19375,7.099
60416148,85,40.5375,141.23125,6.333
60416149,1,40.5375,141.24375,5.313
60416152,22,40.545833333333334,141.15625,7.147
60416154,7,40.545833333333334,141.18125,6.367
60416155,30,40.545833333333334,141.19375,6.215
60416157,22,40.545833333333334,141.21875,5.735
60416158,127,40.545833333333334,141.23125,5.763
60416159,55,40.545833333333334,141.24375,5.645
60416161,32,40.55416666666667,141.14374999999998,7.003
60416164,9,40.55416666666667,141.18125,5.469
60416166,57,40.55416666666667,141.20624999999998,5.005
60416167,34,40.55416666666667,141.21875,4.811
60416168,74,40.55416666666667,141.23125,4.844
60416169,11,40.55416666666667,141.24375,5.101
60416172,15,40.5625,141.15625,5.614
60416174,78,40.5625,141.18125,4.581
60416175,33,40.5625,141.19375,4.366
60416177,4,40.5625,141.21875,3.887
60416179,3,40.5625,141.24375,4.241
60416182,54,40.57083333333334,141.15625,4.931
60416183,109,40.57083333333334,141.16875,4.235
60416184,35,40.57083333333334,141.18125,3.713
60416185,94,40.57083333333334,141.19375,3.444
60416188,17,40.57083333333334,141.23125,3.02
60416189,16,40.57083333333334,141.24375,3.417
60416190,46,40.57916666666667,141.13125,5.757
60416191,232,40.57916666666667,141.14374999999998,4.978
60416192,223,40.57916666666667,141.15625,4.318
60416193,14,40.57916666666667,141.16875,3.528
60416194,126,40.57916666666667,141.18125,2.881
60416195,57,40.57916666666667,141.19375,2.525
60416196,96,40.57916666666667,141.20624999999998,2.472
60416198,87,40.57916666666667,141.23125,2.128
60416199,115,40.57916666666667,141.24375,2.661
60416200,139,40.50416666666667,141.25625,4.603
60416201,162,40.50416666666667,141.26874999999998,3.71
60416202,51,40.50416666666667,141.28125,2.928
60416203,101,40.50416666666667,141.29375,2.355
60416204,13,40.50416666666667,141.30625,1.81
60416205,215,40.50416666666667,141.31875,1.799
60416206,74,40.50416666666667,141.33124999999998,2.331
60416207,230,40.50416666666667,141.34375,3.141
60416208,62,40.50416666666667,141.35625,3.405
60416209,20,40.50416666666667,141.36875,3.086
60416210,295,40.5125,141.25625,4.238
60416211,41,40.5125,141.26874999999998,3.246
60416212,252,40.5125,141.28125,2.312
60416213,283,40.5125,141.29375,1.546
60416214,798,40.5125,141.30625,0.967
60416215,612,40.5125,141.31875,0.948
60416216,455,40.5125,141.33124999999998,1.759
60416217,45,40.5125,141.34375,2.743
60416218,259,40.5125,141.35625,3.766
60416219,177,40.5125,141.36875,4.004
60416220,2,40.520833333333336,141.25625,4.055
60416222,146,40.520833333333336,141.28125,1.959
60416223,936,40.520833333333336,141.29375,0.939
60416224,1943,40.520833333333336,141.30625,0.398
60416225,453,40.520833333333336,141.31875,0.527
60416226,40,40.520833333333336,141.33124999999998,1.573
60416228,4,40.520833333333336,141.35625,3.683
60416229,15,40.520833333333336,141.36875,4.739
60416230,17,40.52916666666667,141.25625,4.081
60416232,1,40.52916666666667,141.28125,2.011
60416233,334,40.52916666666667,141.29375,1.043
60416234,773,40.52916666666667,141.30625,0.568
60416235,660,40.52916666666667,141.31875,0.778
60416236,1,40.52916666666667,141.33124999999998,1.767
60416239,2,40.52916666666667,141.36875,4.853
60416240,8,40.5375,141.25625,4.31
60416242,9,40.5375,141.28125,2.443
60416243,54,40.5375,141.29375,1.736
60416244,33,40.5375,141.30625,1.392
60416245,156,40.5375,141.31875,1.49
60416246,253,40.5375,141.33124999999998,2.176
60416247,1,40.5375,141.34375,3.08
60416248,40,40.5375,141.35625,4.058
60416250,47,40.545833333333334,141.25625,4.713
60416251,10,40.545833333333334,141.26874999999998,3.846
60416252,10,40.545833333333334,141.28125,3.1
60416253,3,40.545833333333334,141.29375,2.58
60416254,98,40.545833333333334,141.30625,2.296
60416255,59,40.545833333333334,141.31875,2.357
60416256,243,40.545833333333334,141.33124999999998,2.841
60416257,369,40.545833333333334,141.34375,3.58
60416258,391,40.545833333333334,141.35625,4.449
60416259,32,40.545833333333334,141.36875,5.386
60416261,1,40.55416666666667,141.26874999999998,4.489
60416262,97,40.55416666666667,141.28125,3.869
60416265,6,40.55416666666667,141.31875,3.256
60416266,1,40.55416666666667,141.33124999999998,3.622
60416267,21,40.55416666666667,141.34375,4.227
60416268,148,40.55416666666667,141.35625,4.984
60416269,401,40.55416666666667,141.36875,5.835
60416271,13,40.5625,141.26874999999998,5.218
60416272,40,40.5625,141.28125,4.695
60416273,1,40.5625,141.29375,4.363
60416274,7,40.5625,141.30625,4.134
60416280,26,40.57083333333334,141.25625,4.056
60416281,99,40.57083333333334,141.26874999999998,4.844
60416282,101,40.57083333333334,141.28125,5.449
60416283,4,40.57083333333334,141.29375,4.742
60416285,11,40.57083333333334,141.31875,3.75
60416286,12,40.57083333333334,141.33124999999998,3.633
60416287,5,40.57083333333334,141.34375,3.815
60416288,1,40.57083333333334,141.35625,4.26
60416292,13,40.57916666666667,141.28125,4.741
60416296,38,40.57916666666667,141.33124999999998,2.707
60416297,19,40.57916666666667,141.34375,2.947
60416298,13,40.57916666666667,141.35625,3.503
60416299,75,40.57916666666667,141.36875,4.253
60416300,33,40.50416666666667,141.38125,3.111
60416301,3,40.50416666666667,141.39374999999998,3.073
60416302,130,40.50416666666667,141.40625,2.2
60416303,679,40.50416666666667,141.41875,1.573
60416304,1125,40.50416666666667,141.43125,0.904
60416305,2217,40.50416666666667,141.44375,0.187
60416306,2031,40.50416666666667,141.45624999999998,1.22
60416307,4503,40.50416666666667,141.46875,0.357
60416308,5177,40.50416666666667,141.48125,0.372
60416309,3790,40.50416666666667,141.49375,0.855
60416310,583,40.5125,141.38125,3.799
60416311,249,40.5125,141.39374999999998,2.757
60416312,178,40.5125,141.40625,1.732
60416313,1082,40.5125,141.41875,0.795
60416314,2522,40.5125,141.43125,0.706
60416315,1264,40.5125,141.44375,0.842
60416316,877,40.5125,141.45624999999998,1.47
60416317,2974,40.5125,141.46875,0.835
60416318,4495,40.5125,141.48125,0.133
60416319,3902,40.5125,141.49375,0.15
60416320,239,40.520833333333336,141.38125,3.782
60416321,41,40.520833333333336,141.39374999999998,2.734
60416322,305,40.520833333333336,141.40625,1.695
60416323,226,40.520833333333336,141.41875,0.712
60416324,200,40.520833333333336,141.43125,0.611
60416325,30,40.520833333333336,141.44375,1.572
60416326,8,40.520833333333336,141.45624999999998,1.904
60416327,3088,40.520833333333336,141.46875,1.246
60416328,2484,40.520833333333336,141.48125,0.655
60416329,3118,40.520833333333336,141.49375,0.374
60416332,4,40.52916666666667,141.40625,2.113
60416333,6,40.52916666666667,141.41875,1.449
60416334,133,40.52916666666667,141.43125,1.402
60416335,117,40.52916666666667,141.44375,2.016
60416336,22,40.52916666666667,141.45624999999998,1.527
60416337,3008,40.52916666666667,141.46875,0.51
60416338,3215,40.52916666666667,141.48125,0.575
60416339,1219,40.52916666666667,141.49375,0.08
60416340,4,40.5375,141.38125,4.382
60416342,17,40.5375,141.40625,2.788
60416343,16,40.5375,141.41875,2.326
60416344,47,40.5375,141.43125,2.297
60416345,11,40.5375,141.44375,1.434
60416346,702,40.5375,141.45624999999998,0.786
60416347,2100,40.5375,141.46875,0.751
60416348,5835,40.5375,141.48125,0.37
60416349,1307,40.5375,141.49375,0.531
60416351,17,40.545833333333334,141.39374999999998,4.171
60416352,3,40.545833333333334,141.40625,3.578
60416353,11,40.545833333333334,141.41875,2.935
60416354,12,40.545833333333334,141.43125,1.909
60416355,26,40.545833333333334,141.44375,0.951
60416356,787,40.545833333333334,141.45624999999998,0.218
60416357,2212,40.545833333333334,141.46875,0.917
60416358,1925,40.545833333333334,141.48125,1.03
60416359,445,40.545833333333334,141.49375,1.031
60416360,328,40.55416666666667,141.38125,5.565
60416361,520,40.55416666666667,141.39374999999998,4.914
60416362,134,40.55416666666667,141.40625,3.955
60416363,49,40.55416666666667,141.41875,2.905
60416365,1803,40.55416666666667,141.44375,0.852
60416366,835,40.55416666666667,141.45624999999998,0.466
60416368,256,40.55416666666667,141.48125,1.886
60416370,126,40.5625,141.38125,5.557
60416371,99,40.5625,141.39374999999998,4.964
60416372,112,40.5625,141.40625,4.144
60416373,306,40.5625,141.41875,3.158
60416374,20,40.5625,141.43125,2.237
60416375,1863,40.5625,141.44375,1.505
60416376,809,40.5625,141.45624999999998,1.325
60416380,7,40.57083333333334,141.38125,4.869
60416381,84,40.57083333333334,141.39374999999998,4.18
60416382,278,40.57083333333334,141.40625,3.669
60416383,138,40.57083333333334,141.41875,3.347
60416384,80,40.57083333333334,141.43125,2.874
60416385,149,40.57083333333334,141.44375,2.35
60416386,7,40.57083333333334,141.45624999999998,2.239
60416387,13,40.57083333333334,141.46875,2.595
60416392,6,40.57916666666667,141.40625,2.831
60416393,274,40.57916666666667,141.41875,2.441
60416394,419,40.57916666666667,141.43125,2.41
60416395,347,40.57916666666667,141.44375,2.303
60416396,202,40.57916666666667,141.45624999999998,2.619
60416397,400,40.57916666666667,141.46875,3.262
60416400,4185,40.50416666666667,141.50625,0.068
60416401,3991,40.50416666666667,141.51874999999998,0.383
60416402,3560,40.50416666666667,141.53125,0.462
60416403,2610,40.50416666666667,141.54375,0.18
60416404,956,40.50416666666667,141.55625,0.935
60416405,568,40.50416666666667,141.56875,1.987
60416406,59,40.50416666666667,141.58124999999998,2.903
60416407,3,40.50416666666667,141.59375,3.309
60416408,313,40.50416666666667,141.60625,3.963
60416409,104,40.50416666666667,141.61875,4.764
60416410,4896,40.5125,141.50625,0.717
60416411,4058,40.5125,141.51874999999998,0.738
60416412,5314,40.5125,141.53125,0.408
60416413,5053,40.5125,141.54375,0.542
60416414,3687,40.5125,141.55625,1.191
60416415,953,40.5125,141.56875,2.015
60416416,168,40.5125,141.58124999999998,2.763
60416417,221,40.5125,141.59375,3.667
60416418,153,40.5125,141.60625,4.636
60416420,5394,40.520833333333336,141.50625,0.261
60416421,4355,40.520833333333336,141.51874999999998,0.539
60416422,5015,40.520833333333336,141.53125,0.194
60416423,4075,40.520833333333336,141.54375,0.689
60416424,4284,40.520833333333336,141.55625,0.726
60416425,1481,40.520833333333336,141.56875,1.368
60416426,220,40.520833333333336,141.58124999999998,2.334
60416427,48,40.520833333333336,141.59375,3.355
60416430,551,40.52916666666667,141.50625,0.962
60416431,1047,40.52916666666667,141.51874999999998,1.229
60416432,629,40.52916666666667,141.53125,1.095
60416433,248,40.52916666666667,141.54375,0.972
60416434,2335,40.52916666666667,141.55625,0.235
60416435,1862,40.52916666666667,141.56875,1.183
60416436,6,40.52916666666667,141.58124999999998,2.23
60416444,680,40.5375,141.55625,1.141
60416445,1370,40.5375,141.56875,1.626
60416446,7,40.5375,141.58124999999998,2.494
60416455,21,40.545833333333334,141.56875,2.368
60417001,64,40.587500000000006,141.01874999999998,14.241
60417002,8,40.587500000000006,141.03125,13.206
60417003,6,40.587500000000006,141.04375,12.174
60417004,113,40.587500000000006,141.05625,11.147
60417005,46,40.587500000000006,141.06875,10.126
60417006,48,40.587500000000006,141.08124999999998,9.112
60417007,403,40.587500000000006,141.09375,8.11
60417008,243,40.587500000000006,141.10625,7.122
60417009,77,40.587500000000006,141.11875,6.157
60417011,5,40.59583333333334,141.01874999999998,14.095
60417012,79,40.59583333333334,141.03125,13.049
60417013,38,40.59583333333334,141.04375,12.004
60417014,12,40.59583333333334,141.05625,10.961
60417016,18,40.59583333333334,141.08124999999998,8.884
60417017,114,40.59583333333334,141.09375,7.852
60417018,12,40.59583333333334,141.10625,6.827
60417019,109,40.59583333333334,141.11875,5.814
60417023,3,40.60416666666667,141.04375,11.903
60417024,7,40.60416666666667,141.05625,10.851
60417026,3,40.60416666666667,141.08124999999998,8.748
60417028,24,40.60416666666667,141.10625,6.65
60417029,22,40.60416666666667,141.11875,5.604
60417035,24,40.612500000000004,141.06875,9.764
60417036,17,40.612500000000004,141.08124999999998,8.709
60417038,8,40.612500000000004,141.10625,6.599
60417046,12,40.62083333333334,141.08124999999998,8.769
60417047,33,40.62083333333334,141.09375,7.722
60417049,2,40.62083333333334,141.11875,5.638
60417055,8,40.62916666666667,141.06875,9.956
60417056,7,40.62916666666667,141.08124999999998,8.924
60417063,4,40.6375,141.04375,11.998
60417067,4,40.6375,141.09375,8.177
60417071,1,40.645833333333336,141.01874999999998,13.387
60417099,80,40.66250000000001,141.11875,5.317
60417100,195,40.587500000000006,141.13125,5.227
60417101,78,40.587500000000006,141.14374999999998,4.354
60417102,237,40.587500000000006,141.15625,3.581
60417103,170,40.587500000000006,141.16875,2.946
60417104,39,40.587500000000006,141.18125,2.129
60417106,101,40.587500000000006,141.20624999999998,1.708
60417107,1,40.587500000000006,141.21875,1.152
60417108,181,40.587500000000006,141.23125,1.285
60417109,296,40.587500000000006,141.24375,2.05
60417110,4,40.59583333333334,141.13125,4.818
60417111,98,40.59583333333334,141.14374999999998,3.854
60417112,113,40.59583333333334,141.15625,2.953
60417113,47,40.59583333333334,141.16875,2.194
60417114,237,40.59583333333334,141.18125,1.575
60417115,124,40.59583333333334,141.19375,0.748
60417116,1240,40.59583333333334,141.20624999999998,0.931
60417117,1781,40.59583333333334,141.21875,0.409
60417118,1167,40.59583333333334,141.23125,0.7
60417119,315,40.59583333333334,141.24375,1.744
60417121,7,40.60416666666667,141.14374999999998,3.531
60417123,129,40.60416666666667,141.16875,1.558
60417124,572,40.60416666666667,141.18125,0.867
60417125,1653,40.60416666666667,141.19375,0.476
60417126,3509,40.60416666666667,141.20624999999998,0.511
60417127,2623,40.60416666666667,141.21875,0.398
60417128,1433,40.60416666666667,141.23125,0.675
60417129,194,40.60416666666667,141.24375,1.584
60417131,171,40.612500000000004,141.14374999999998,3.434
60417132,138,40.612500000000004,141.15625,2.38
60417133,297,40.612500000000004,141.16875,1.327
60417134,1133,40.612500000000004,141.18125,0.286
60417135,3428,40.612500000000004,141.19375,0.794
60417136,1866,40.612500000000004,141.20624999999998,0.581
60417137,2325,40.612500000000004,141.21875,0.58
60417138,1901,40.612500000000004,141.23125,0.187
60417139,485,40.612500000000004,141.24375,1.228
60417140,8,40.62083333333334,141.13125,4.604
60417141,203,40.62083333333334,141.14374999999998,3.584
60417142,54,40.62083333333334,141.15625,2.591
60417144,83,40.62083333333334,141.18125,1.063
60417145,1790,40.62083333333334,141.19375,0.587
60417146,2399,40.62083333333334,141.20624999999998,0.298
60417147,3036,40.62083333333334,141.21875,0.124
60417148,3872,40.62083333333334,141.23125,0.445
60417149,1092,40.62083333333334,141.24375,1.491
60417151,181,40.62916666666667,141.14374999999998,3.95
60417153,25,40.62916666666667,141.16875,2.361
60417154,176,40.62916666666667,141.18125,1.828
60417155,804,40.62916666666667,141.19375,1.005
60417156,1621,40.62916666666667,141.20624999999998,0.895
60417157,1823,40.62916666666667,141.21875,0.786
60417158,2328,40.62916666666667,141.23125,1.01
60417159,621,40.62916666666667,141.24375,1.752
60417161,49,40.6375,141.14374999999998,4.482
60417162,88,40.6375,141.15625,3.736
60417164,16,40.6375,141.18125,2.393
60417165,157,40.6375,141.19375,1.842
60417166,742,40.6375,141.20624999999998,1.693
60417167,65,40.6375,141.21875,1.638
60417168,864,40.6375,141.23125,1.887
60417169,113,40.6375,141.24375,2.369
60417170,62,40.645833333333336,141.13125,5.886
60417171,33,40.645833333333336,141.14374999999998,5.127
60417172,50,40.645833333333336,141.15625,4.49
60417173,45,40.645833333333336,141.16875,3.792
60417174,2,40.645833333333336,141.18125,3.135
60417175,175,40.645833333333336,141.19375,2.738
60417176,9,40.645833333333336,141.20624999999998,2.579
60417177,42,40.645833333333336,141.21875,2.543
60417178,91,40.645833333333336,141.23125,2.796
60417179,25,40.645833333333336,141.24375,3.141
60417180,16,40.654166666666676,141.13125,5.438
60417181,74,40.654166666666676,141.14374999999998,5.014
60417182,15,40.654166666666676,141.15625,4.788
60417183,55,40.654166666666676,141.16875,4.494
60417184,18,40.654166666666676,141.18125,3.955
60417185,152,40.654166666666676,141.19375,3.649
60417186,50,40.654166666666676,141.20624999999998,3.486
60417187,20,40.654166666666676,141.21875,3.459
60417188,80,40.654166666666676,141.23125,3.714
60417189,125,40.654166666666676,141.24375,3.98
60417191,152,40.66250000000001,141.14374999999998,4.144
60417192,38,40.66250000000001,141.15625,3.868
60417193,67,40.66250000000001,141.16875,3.869
60417194,112,40.66250000000001,141.18125,4.147
60417195,276,40.66250000000001,141.19375,4.566
60417196,89,40.66250000000001,141.20624999999998,4.401
60417197,1,40.66250000000001,141.21875,4.38
60417198,60,40.66250000000001,141.23125,4.607
60417199,10,40.66250000000001,141.24375,4.851
60417200,1,40.587500000000006,141.25625,2.997
60417202,26,40.587500000000006,141.28125,4.121
60417203,185,40.587500000000006,141.29375,3.345
60417204,13,40.587500000000006,141.30625,2.672
60417205,60,40.587500000000006,141.31875,2.01
60417206,3,40.587500000000006,141.33124999999998,1.781
60417207,51,40.587500000000006,141.34375,2.129
60417208,86,40.587500000000006,141.35625,2.849
60417209,64,40.587500000000006,141.36875,3.733
60417210,83,40.59583333333334,141.25625,2.796
60417211,196,40.59583333333334,141.26874999999998,3.85
60417212,116,40.59583333333334,141.28125,3.634
60417213,190,40.59583333333334,141.29375,2.722
60417214,122,40.59583333333334,141.30625,1.959
60417215,117,40.59583333333334,141.31875,1.267
60417216,351,40.59583333333334,141.33124999999998,0.859
60417217,106,40.59583333333334,141.34375,1.448
60417218,47,40.59583333333334,141.35625,2.384
60417219,197,40.59583333333334,141.36875,3.391
60417220,55,40.60416666666667,141.25625,2.492
60417221,148,40.60416666666667,141.26874999999998,3.483
60417222,164,40.60416666666667,141.28125,3.338
60417223,183,40.60416666666667,141.29375,2.312
60417224,265,40.60416666666667,141.30625,1.333
60417225,461,40.60416666666667,141.31875,0.658
60417226,692,40.60416666666667,141.33124999999998,0.139
60417227,299,40.60416666666667,141.34375,1.174
60417228,287,40.60416666666667,141.35625,2.228
60417229,301,40.60416666666667,141.36875,3.283
60417230,78,40.612500000000004,141.25625,2.282
60417231,5,40.612500000000004,141.26874999999998,3.337
60417232,207,40.612500000000004,141.28125,3.286
60417233,51,40.612500000000004,141.29375,2.236
60417234,52,40.612500000000004,141.30625,1.197
60417235,238,40.612500000000004,141.31875,0.298
60417236,442,40.612500000000004,141.33124999999998,0.986
60417237,98,40.612500000000004,141.34375,1.542
60417238,382,40.612500000000004,141.35625,2.442
60417239,89,40.612500000000004,141.36875,3.431
60417240,3,40.62083333333334,141.25625,2.434
60417244,1,40.62083333333334,141.30625,1.675
60417245,27,40.62083333333334,141.31875,1.209
60417246,53,40.62083333333334,141.33124999999998,1.532
60417247,46,40.62083333333334,141.34375,2.257
60417249,74,40.62083333333334,141.36875,3.055
60417250,70,40.62916666666667,141.25625,2.711
60417251,6,40.62916666666667,141.26874999999998,3.722
60417252,4,40.62916666666667,141.28125,3.906
60417253,2,40.62916666666667,141.29375,3.076
60417255,339,40.62916666666667,141.31875,2.134
60417256,86,40.62916666666667,141.33124999999998,2.332
60417257,1,40.62916666666667,141.34375,2.924
60417258,11,40.62916666666667,141.35625,2.707
60417259,234,40.62916666666667,141.36875,2.166
60417260,301,40.6375,141.25625,3.144
60417261,200,40.6375,141.26874999999998,4.048
60417262,264,40.6375,141.28125,4.48
60417263,186,40.6375,141.29375,3.778
60417264,265,40.6375,141.30625,3.272
60417265,204,40.6375,141.31875,3.06
60417266,93,40.6375,141.33124999999998,3.201
60417267,22,40.6375,141.34375,3.043
60417268,32,40.6375,141.35625,2.097
60417269,269,40.6375,141.36875,1.328
60417270,121,40.645833333333336,141.25625,3.761
60417271,32,40.645833333333336,141.26874999999998,4.543
60417272,31,40.645833333333336,141.28125,5.157
60417274,298,40.645833333333336,141.30625,4.151
60417275,125,40.645833333333336,141.31875,3.986
60417276,38,40.645833333333336,141.33124999999998,3.636
60417277,134,40.645833333333336,141.34375,2.837
60417279,467,40.645833333333336,141.36875,0.746
60417280,42,40.654166666666676,141.25625,4.485
60417281,74,40.654166666666676,141.26874999999998,5.159
60417282,23,40.654166666666676,141.28125,5.902
60417284,20,40.654166666666676,141.30625,5.047
60417285,54,40.654166666666676,141.31875,4.166
60417286,117,40.654166666666676,141.33124999999998,3.174
60417287,509,40.654166666666676,141.34375,2.241
60417288,32,40.654166666666676,141.35625,1.479
60417289,1441,40.654166666666676,141.36875,0.861
60417290,32,40.66250000000001,141.25625,5.273
60417291,23,40.66250000000001,141.26874999999998,5.857
60417292,49,40.66250000000001,141.28125,6.56
60417293,48,40.66250000000001,141.29375,6.076
60417295,28,40.66250000000001,141.31875,3.991
60417296,768,40.66250000000001,141.33124999999998,2.94
60417297,1724,40.66250000000001,141.34375,1.895
60417298,575,40.66250000000001,141.35625,0.872
60417299,3165,40.66250000000001,141.36875,0.389
60417301,10,40.587500000000006,141.39374999999998,2.879
60417302,411,40.587500000000006,141.40625,2.07
60417303,35,40.587500000000006,141.41875,1.559
60417304,484,40.587500000000006,141.43125,1.511
60417305,1905,40.587500000000006,141.44375,1.382
60417306,845,40.587500000000006,141.45624999999998,1.862
60417307,814,40.587500000000006,141.46875,2.693
60417310,329,40.59583333333334,141.38125,3.537
60417311,521,40.59583333333334,141.39374999999998,2.505
60417312,631,40.59583333333334,141.40625,1.506
60417313,749,40.59583333333334,141.41875,0.699
60417314,2148,40.59583333333334,141.43125,0.688
60417315,409,40.59583333333334,141.44375,0.487
60417316,35,40.59583333333334,141.45624999999998,1.339
60417320,328,40.60416666666667,141.38125,3.494
60417321,629,40.60416666666667,141.39374999999998,2.445
60417322,419,40.60416666666667,141.40625,1.404
60417323,294,40.60416666666667,141.41875,0.437
60417324,986,40.60416666666667,141.43125,0.617
60417325,450,40.60416666666667,141.44375,0.53
60417326,362,40.60416666666667,141.45624999999998,1.355
60417330,63,40.612500000000004,141.38125,3.692
60417331,13,40.612500000000004,141.39374999999998,2.719
60417332,45,40.612500000000004,141.40625,1.841
60417334,451,40.612500000000004,141.43125,1.416
60417335,1129,40.612500000000004,141.44375,1.429
60417336,166,40.612500000000004,141.45624999999998,1.896
60417340,19,40.62083333333334,141.38125,2.987
60417341,82,40.62083333333334,141.39374999999998,3.245
60417342,7,40.62083333333334,141.40625,2.555
60417344,79,40.62083333333334,141.43125,2.279
60417345,72,40.62083333333334,141.44375,2.349
60417350,30,40.62916666666667,141.38125,2.069
60417351,121,40.62916666666667,141.39374999999998,2.469
60417354,84,40.62916666666667,141.43125,3.17
60417355,410,40.62916666666667,141.44375,3.273
60417360,36,40.6375,141.38125,1.164
60417361,5,40.6375,141.39374999999998,1.78
60417362,144,40.6375,141.40625,2.685
60417363,15,40.6375,141.41875,3.67
60417364,23,40.6375,141.43125,4.077
60417365,682,40.6375,141.44375,4.198
60417370,685,40.645833333333336,141.38125,0.383
60417371,353,40.645833333333336,141.39374999999998,1.4
60417372,8,40.645833333333336,141.40625,2.443
60417373,5,40.645833333333336,141.41875,3.476
60417374,59,40.645833333333336,141.43125,4.518
60417375,374,40.645833333333336,141.44375,5.124
60417380,849,40.654166666666676,141.38125,0.422
60417384,279,40.654166666666676,141.43125,3.814
60417385,189,40.654166666666676,141.44375,4.615
60417390,966,40.66250000000001,141.38125,1.286
60417394,472,40.66250000000001,141.43125,3.22
61390705,54,40.670833333333334,139.94375,2.135
61390706,40,40.670833333333334,139.95624999999998,2.434
61390717,108,40.67916666666667,139.96875,3.785
61390727,198,40.6875,139.96875,4.566
61390728,52,40.6875,139.98125,5.164
61390737,2,40.69583333333333,139.96875,5.394
61390738,236,40.69583333333333,139.98125,5.908
61390748,131,40.704166666666666,139.98125,6.698
61390779,11,40.729166666666664,139.99375,9.648
61390799,5,40.74583333333334,139.99375,11.334
61400048,28,40.704166666666666,140.10625,12.549
61400058,31,40.7125,140.10625,12.022
61400068,5,40.72083333333333,140.10625,11.545
61400069,97,40.72083333333333,140.11875,10.636
61400070,155,40.729166666666664,140.00625,10.165
61400071,80,40.729166666666664,140.01874999999998,10.761
61400079,127,40.729166666666664,140.11875,10.178
61400080,88,40.737500000000004,140.00625,10.962
61400081,36,40.737500000000004,140.01874999999998,11.516
61400082,30,40.737500000000004,140.03125,12.138
61400089,146,40.737500000000004,140.11875,9.787
61400090,47,40.74583333333334,140.00625,11.777
61400091,97,40.74583333333334,140.01874999999998,12.295
61400092,5,40.74583333333334,140.03125,12.879
61400097,484,40.74583333333334,140.09375,11.498
61400098,205,40.74583333333334,140.10625,10.481
61400099,5,40.74583333333334,140.11875,9.471
61400108,17,40.670833333333334,140.23125,11.166
61400111,3,40.67916666666667,140.14374999999998,12.362
61400115,10,40.67916666666667,140.19375,10.588
61400117,34,40.67916666666667,140.21875,10.249
61400121,33,40.6875,140.14374999999998,11.607
61400122,65,40.6875,140.15625,11.01
61400125,7,40.6875,140.19375,9.695
61400127,12,40.6875,140.21875,9.325
61400128,67,40.6875,140.23125,9.314
61400132,39,40.69583333333333,140.15625,10.238
61400133,61,40.69583333333333,140.16875,9.671
61400136,40,40.69583333333333,140.20624999999998,8.543
61400137,1,40.69583333333333,140.21875,8.4
61400138,36,40.69583333333333,140.23125,8.388
61400143,44,40.704166666666666,140.16875,8.881
61400145,37,40.704166666666666,140.19375,7.934
61400148,16,40.704166666666666,140.23125,7.463
61400153,154,40.7125,140.16875,8.119
61400154,3,40.7125,140.18125,7.539
61400158,11,40.7125,140.23125,6.538
61400159,23,40.7125,140.24375,6.691
61400163,4,40.72083333333333,140.16875,7.394
61400164,129,40.72083333333333,140.18125,6.753
61400168,37,40.72083333333333,140.23125,5.614
61400174,111,40.729166666666664,140.18125,6.008
61400175,1,40.729166666666664,140.19375,5.408
61400178,49,40.729166666666664,140.23125,4.691
61400179,12,40.729166666666664,140.24375,4.902
61400180,18,40.737500000000004,140.13125,8.824
61400184,12,40.737500000000004,140.18125,5.319
61400185,54,40.737500000000004,140.19375,4.631
61400188,93,40.737500000000004,140.23125,3.769
61400190,58,40.74583333333334,140.13125,8.472
61400191,23,40.74583333333334,140.14374999999998,7.487
61400193,39,40.74583333333334,140.16875,5.592
61400194,45,40.74583333333334,140.18125,4.713
61400198,34,40.74583333333334,140.23125,2.851
61400200,2,40.670833333333334,140.25625,11.443
61400209,114,40.670833333333334,140.36875,7.844
61400219,6,40.67916666666667,140.36875,7.557
61400236,18,40.69583333333333,140.33124999999998,9.88
61400237,6,40.69583333333333,140.34375,9.213
61400247,2,40.704166666666666,140.34375,8.708
61400251,107,40.7125,140.26874999999998,7.448
61400252,210,40.7125,140.28125,8.009
61400257,3,40.7125,140.34375,7.807
61400259,110,40.7125,140.36875,6.545
61400261,2,40.72083333333333,140.26874999999998,6.651
61400262,5,40.72083333333333,140.28125,7.274
61400268,25,40.72083333333333,140.35625,6.695
61400271,28,40.729166666666664,140.26874999999998,5.892
61400272,1,40.729166666666664,140.28125,6.587
61400276,4,40.729166666666664,140.33124999999998,6.446
61400277,119,40.729166666666664,140.34375,6.029
61400278,167,40.729166666666664,140.35625,5.777
61400282,17,40.737500000000004,140.28125,5.966
61400287,56,40.737500000000004,140.34375,5.161
61400288,11,40.737500000000004,140.35625,4.864
61400289,8,40.737500000000004,140.36875,4.785
61400296,142,40.74583333333334,140.33124999999998,4.881
61400297,77,40.74583333333334,140.34375,4.316
61400298,6,40.74583333333334,140.35625,3.956
61400300,168,40.670833333333334,140.38125,7.009
61400303,171,40.670833333333334,140.41875,4.55
61400304,182,40.670833333333334,140.43125,3.766
61400305,121,40.670833333333334,140.44375,3.144
61400306,165,40.670833333333334,140.45624999999998,2.795
61400307,279,40.670833333333334,140.46875,2.821
61400308,141,40.670833333333334,140.48125,2.39
61400309,83,40.670833333333334,140.49375,1.74
61400312,110,40.67916666666667,140.40625,4.733
61400313,81,40.67916666666667,140.41875,3.908
61400314,290,40.67916666666667,140.43125,3.151
61400315,24,40.67916666666667,140.44375,2.373
61400316,556,40.67916666666667,140.45624999999998,1.886
61400317,137,40.67916666666667,140.46875,1.925
61400318,92,40.67916666666667,140.48125,2.465
61400319,122,40.67916666666667,140.49375,2.607
61400322,463,40.6875,140.40625,4.279
61400323,648,40.6875,140.41875,3.344
61400324,98,40.6875,140.43125,2.505
61400325,4,40.6875,140.44375,1.761
61400326,702,40.6875,140.45624999999998,1.013
61400327,208,40.6875,140.46875,1.083
61400328,332,40.6875,140.48125,1.882
61400329,302,40.6875,140.49375,2.852
61400332,313,40.69583333333333,140.40625,3.992
61400333,4,40.69583333333333,140.41875,2.968
61400334,50,40.69583333333333,140.43125,1.976
61400335,313,40.69583333333333,140.44375,1.106
61400336,1879,40.69583333333333,140.45624999999998,0.458
61400337,1015,40.69583333333333,140.46875,0.597
61400338,177,40.69583333333333,140.48125,1.651
61400339,28,40.69583333333333,140.49375,2.705
61400341,85,40.704166666666666,140.39374999999998,4.963
61400342,177,40.704166666666666,140.40625,3.909
61400344,252,40.704166666666666,140.43125,1.804
61400345,116,40.704166666666666,140.44375,0.755
61400346,1340,40.704166666666666,140.45624999999998,0.228
61400347,1293,40.704166666666666,140.46875,1.028
61400348,244,40.704166666666666,140.48125,1.904
61400349,214,40.704166666666666,140.49375,2.866
61400350,304,40.7125,140.38125,5.738
61400351,193,40.7125,140.39374999999998,5.024
61400352,554,40.7125,140.40625,4.043
61400353,194,40.7125,140.41875,3.037
61400354,164,40.7125,140.43125,2.078
61400355,321,40.7125,140.44375,1.212
61400356,123,40.7125,140.45624999999998,0.714
61400357,391,40.7125,140.46875,1.331
61400358,26,40.7125,140.48125,2.292
61400359,183,40.7125,140.49375,3.291
61400360,72,40.72083333333333,140.38125,5.147
61400361,2,40.72083333333333,140.39374999999998,4.336
61400362,74,40.72083333333333,140.40625,3.652
61400363,208,40.72083333333333,140.41875,3.176
61400364,311,40.72083333333333,140.43125,2.612
61400365,38,40.72083333333333,140.44375,1.909
61400366,344,40.72083333333333,140.45624999999998,1.638
61400367,144,40.72083333333333,140.46875,1.987
61400368,299,40.72083333333333,140.48125,2.725
61400369,447,40.72083333333333,140.49375,3.623
61400371,8,40.729166666666664,140.39374999999998,3.753
61400372,518,40.729166666666664,140.40625,2.935
61400373,115,40.729166666666664,140.41875,2.317
61400374,107,40.729166666666664,140.43125,2.082
61400375,66,40.729166666666664,140.44375,2.35
61400376,201,40.729166666666664,140.45624999999998,2.564
61400377,45,40.729166666666664,140.46875,2.8
61400378,249,40.729166666666664,140.48125,3.364
61400379,44,40.729166666666664,140.49375,4.126
61400381,114,40.737500000000004,140.39374999999998,3.329
61400382,151,40.737500000000004,140.40625,2.37
61400383,247,40.737500000000004,140.41875,1.539
61400384,578,40.737500000000004,140.43125,1.156
61400385,191,40.737500000000004,140.44375,1.589
61400386,311,40.737500000000004,140.45624999999998,2.435
61400387,12,40.737500000000004,140.46875,3.399
61400388,331,40.737500000000004,140.48125,4.114
61400389,53,40.737500000000004,140.49375,4.757
61400391,31,40.74583333333334,140.39374999999998,2.95
61400392,108,40.74583333333334,140.40625,1.976
61400393,245,40.74583333333334,140.41875,1.041
61400394,754,40.74583333333334,140.43125,0.232
61400395,11,40.74583333333334,140.44375,1.114
61400396,201,40.74583333333334,140.45624999999998,2.155
61400397,223,40.74583333333334,140.46875,3.204
61400398,249,40.74583333333334,140.48125,4.255
61400399,200,40.74583333333334,140.49375,4.999
61400400,87,40.670833333333334,140.50625,1.601
61400401,750,40.670833333333334,140.51874999999998,0.914
61400402,1679,40.670833333333334,140.53125,0.253
61400403,1368,40.670833333333334,140.54375,1.231
61400404,204,40.670833333333334,140.55625,2.278
61400405,91,40.670833333333334,140.56875,2.621
61400406,166,40.670833333333334,140.58124999999998,1.611
61400407,130,40.670833333333334,140.59375,0.737
61400408,245,40.670833333333334,140.60625,0.665
61400409,293,40.670833333333334,140.61875,1.6
61400410,145,40.67916666666667,140.50625,2.247
61400412,447,40.67916666666667,140.53125,1.133
61400413,819,40.67916666666667,140.54375,1.654
61400414,287,40.67916666666667,140.55625,2.531
61400415,286,40.67916666666667,140.56875,2.969
61400416,317,40.67916666666667,140.58124999999998,2.131
61400417,419,40.67916666666667,140.59375,1.503
61400418,538,40.67916666666667,140.60625,1.468
61400419,518,40.67916666666667,140.61875,2.068
61400420,81,40.6875,140.50625,2.826
61400421,67,40.6875,140.51874999999998,2.235
61400422,141,40.6875,140.53125,2.055
61400423,162,40.6875,140.54375,2.382
61400424,278,40.6875,140.55625,3.057
61400426,105,40.6875,140.58124999999998,2.223
61400429,563,40.6875,140.61875,2.776
61400430,628,40.69583333333333,140.50625,3.556
61400431,26,40.69583333333333,140.51874999999998,3.106
61400432,9,40.69583333333333,140.53125,2.979
61400433,207,40.69583333333333,140.54375,3.213
61400434,155,40.69583333333333,140.55625,3.208
61400435,134,40.69583333333333,140.56875,2.297
61400437,13,40.69583333333333,140.59375,1.072
61400438,56,40.69583333333333,140.60625,1.555
61400439,696,40.69583333333333,140.61875,2.431
61400440,96,40.704166666666666,140.50625,3.876
61400441,323,40.704166666666666,140.51874999999998,4.003
61400442,19,40.704166666666666,140.53125,3.905
61400443,86,40.704166666666666,140.54375,3.927
61400444,389,40.704166666666666,140.55625,2.89
61400445,452,40.704166666666666,140.56875,1.87
61400446,809,40.704166666666666,140.58124999999998,0.929
61400447,834,40.704166666666666,140.59375,0.161
61400448,163,40.704166666666666,140.60625,1.138
61400449,47,40.704166666666666,140.61875,2.187
61400451,87,40.7125,140.51874999999998,4.91
61400452,106,40.7125,140.53125,4.831
61400453,103,40.7125,140.54375,3.899
61400454,563,40.7125,140.55625,2.851
61400455,842,40.7125,140.56875,1.81
61400456,1802,40.7125,140.58124999999998,0.801
61400457,2417,40.7125,140.59375,0.477
61400458,708,40.7125,140.60625,1.374
61400459,9,40.7125,140.61875,2.319
61400460,88,40.72083333333333,140.50625,4.588
61400461,179,40.72083333333333,140.51874999999998,5.568
61400462,34,40.72083333333333,140.53125,4.902
61400463,403,40.72083333333333,140.54375,3.849
61400464,89,40.72083333333333,140.55625,2.796
61400466,899,40.72083333333333,140.58124999999998,0.69
61400467,1713,40.72083333333333,140.59375,0.367
61400468,554,40.72083333333333,140.60625,1.419
61400469,174,40.72083333333333,140.61875,2.472
61400470,214,40.729166666666664,140.50625,4.994
61400471,106,40.729166666666664,140.51874999999998,5.923
61400472,132,40.729166666666664,140.53125,4.996
61400473,195,40.729166666666664,140.54375,3.968
61400476,208,40.729166666666664,140.58124999999998,1.186
61400477,274,40.729166666666664,140.59375,1.032
61400479,112,40.729166666666664,140.61875,2.654
61400480,148,40.737500000000004,140.50625,5.527
61400481,131,40.737500000000004,140.51874999999998,6.248
61400482,319,40.737500000000004,140.53125,5.254
61400486,85,40.737500000000004,140.58124999999998,2.014
61400487,66,40.737500000000004,140.59375,1.927
61400490,223,40.74583333333334,140.50625,5.629
61400491,96,40.74583333333334,140.51874999999998,6.371
61400492,157,40.74583333333334,140.53125,5.654
61400493,83,40.74583333333334,140.54375,4.77
61400494,3,40.74583333333334,140.55625,3.97
61400496,8,40.74583333333334,140.58124999999998,2.902
61400497,117,40.74583333333334,140.59375,2.843
61400500,5,40.670833333333334,140.63125,2.501
61400510,13,40.67916666666667,140.63125,2.935
61400513,13,40.67916666666667,140.66875,5.683
61400523,54,40.6875,140.66875,6.148
61400524,26,40.6875,140.68125,7.047
61400532,28,40.69583333333333,140.65625,5.45
61400542,49,40.704166666666666,140.65625,5.345
61400551,4,40.7125,140.64374999999998,4.361
61400562,35,40.72083333333333,140.65625,5.61
61400563,25,40.72083333333333,140.66875,6.621
61400567,32,40.72083333333333,140.71875,8.466
61400569,25,40.72083333333333,140.74375,7.26
61400570,46,40.729166666666664,140.63125,3.655
61400572,28,40.729166666666664,140.65625,5.714
61400577,9,40.729166666666664,140.71875,7.751
61400578,12,40.729166666666664,140.73125,7.078
61400579,12,40.729166666666664,140.74375,6.46
61400587,2,40.737500000000004,140.71875,6.835
61400588,6,40.737500000000004,140.73125,6.39
61400596,173,40.74583333333334,140.70624999999998,6.202
61400597,153,40.74583333333334,140.71875,5.922
61400598,85,40.74583333333334,140.73125,5.768
61400616,16,40.67916666666667,140.83124999999998,11.699
61400640,21,40.704166666666666,140.75625,8.583
61400650,10,40.7125,140.75625,7.698
61400682,52,40.737500000000004,140.78125,4.544
61400683,8,40.737500000000004,140.79375,4.599
61400691,75,40.74583333333334,140.76874999999998,3.85
61400692,412,40.74583333333334,140.78125,3.62
61400741,2,40.704166666666666,140.89374999999998,12.343
61401002,16,40.75416666666667,140.03125,13.643
61401006,85,40.75416666666667,140.08124999999998,12.346
61401007,316,40.75416666666667,140.09375,11.306
61401012,49,40.7625,140.03125,14.425
61401013,223,40.7625,140.04375,15.0
61401015,7,40.7625,140.06875,13.287
61401016,67,40.7625,140.08124999999998,12.237
61401024,2,40.770833333333336,140.05625,14.286
61401101,23,40.75416666666667,140.14374999999998,7.189
61401102,109,40.75416666666667,140.15625,6.18
61401104,53,40.75416666666667,140.18125,4.225
61401108,211,40.75416666666667,140.23125,1.94
61401112,28,40.7625,140.15625,5.961
61401113,492,40.7625,140.16875,4.926
61401118,84,40.7625,140.23125,1.057
61401119,61,40.7625,140.24375,1.771
61401123,53,40.770833333333336,140.16875,4.83
61401124,5,40.770833333333336,140.18125,3.777
61401126,69,40.770833333333336,140.20624999999998,1.672
61401127,669,40.770833333333336,140.21875,0.621
61401128,95,40.770833333333336,140.23125,0.435
61401134,2,40.77916666666667,140.18125,3.767
61401135,323,40.77916666666667,140.19375,2.722
61401136,776,40.77916666666667,140.20624999999998,1.685
61401137,975,40.77916666666667,140.21875,0.698
61401138,859,40.77916666666667,140.23125,0.576
61401139,379,40.77916666666667,140.24375,1.516
61401145,65,40.7875,140.19375,2.992
61401146,373,40.7875,140.20624999999998,2.094
61401148,17,40.7875,140.23125,1.377
61401149,141,40.7875,140.24375,1.978
61401203,18,40.75416666666667,140.29375,6.003
61401204,11,40.75416666666667,140.30625,5.879
61401206,365,40.75416666666667,140.33124999999998,4.187
61401207,10,40.75416666666667,140.34375,3.513
61401208,19,40.75416666666667,140.35625,3.06
61401213,28,40.7625,140.29375,5.778
61401214,184,40.7625,140.30625,5.476
61401215,287,40.7625,140.31875,4.513
61401216,8,40.7625,140.33124999999998,3.6
61401217,15,40.7625,140.34375,2.788
61401221,181,40.770833333333336,140.26874999999998,3.591
61401222,150,40.770833333333336,140.28125,4.644
61401223,62,40.770833333333336,140.29375,5.694
61401224,49,40.770833333333336,140.30625,5.209
61401225,10,40.770833333333336,140.31875,4.185
61401226,31,40.770833333333336,140.33124999999998,3.179
61401227,321,40.770833333333336,140.34375,2.218
61401229,30,40.770833333333336,140.36875,1.088
61401230,80,40.77916666666667,140.25625,2.545
61401231,74,40.77916666666667,140.26874999999998,3.588
61401232,44,40.77916666666667,140.28125,4.636
61401233,92,40.77916666666667,140.29375,5.685
61401235,262,40.77916666666667,140.31875,4.047
61401236,444,40.77916666666667,140.33124999999998,2.995
61401237,627,40.77916666666667,140.34375,1.945
61401238,269,40.77916666666667,140.35625,0.899
61401239,104,40.77916666666667,140.36875,0.223
61401240,196,40.7875,140.25625,2.845
61401241,194,40.7875,140.26874999999998,3.806
61401242,15,40.7875,140.28125,4.806
61401243,166,40.7875,140.29375,5.825
61401244,119,40.7875,140.30625,5.155
61401245,27,40.7875,140.31875,4.118
61401246,6,40.7875,140.33124999999998,3.091
61401248,239,40.7875,140.35625,1.179
61401249,132,40.7875,140.36875,0.795
61401252,33,40.795833333333334,140.28125,5.141
61401253,159,40.795833333333334,140.29375,6.104
61401254,63,40.795833333333334,140.30625,5.373
61401255,151,40.795833333333334,140.31875,4.388
61401256,340,40.795833333333334,140.33124999999998,3.443
61401257,170,40.795833333333334,140.34375,2.581
61401258,45,40.795833333333334,140.35625,1.921
61401259,168,40.795833333333334,140.36875,1.712
61401262,52,40.80416666666667,140.28125,5.61
61401263,120,40.80416666666667,140.29375,6.504
61401264,71,40.80416666666667,140.30625,5.735
61401266,17,40.80416666666667,140.33124999999998,3.983
61401267,154,40.80416666666667,140.34375,3.268
61401268,269,40.80416666666667,140.35625,2.776
61401269,83,40.80416666666667,140.36875,2.088
61401273,1,40.8125,140.29375,7.004
61401274,207,40.8125,140.30625,6.214
61401275,7,40.8125,140.31875,5.385
61401276,90,40.8125,140.33124999999998,4.648
61401277,96,40.8125,140.34375,3.79
61401278,38,40.8125,140.35625,2.744
61401279,341,40.8125,140.36875,1.704
61401284,291,40.82083333333334,140.30625,6.787
61401286,99,40.82083333333334,140.33124999999998,4.866
61401287,147,40.82083333333334,140.34375,3.824
61401288,55,40.82083333333334,140.35625,2.79
61401289,65,40.82083333333334,140.36875,1.778
61401294,75,40.82916666666667,140.30625,7.098
61401296,4,40.82916666666667,140.33124999999998,5.064
61401297,25,40.82916666666667,140.34375,4.074
61401298,182,40.82916666666667,140.35625,3.124
61401299,417,40.82916666666667,140.36875,2.266
61401300,2,40.75416666666667,140.38125,3.172
61401301,298,40.75416666666667,140.39374999999998,2.803
61401302,310,40.75416666666667,140.40625,1.751
61401303,430,40.75416666666667,140.41875,0.698
61401304,2074,40.75416666666667,140.43125,0.355
61401305,384,40.75416666666667,140.44375,1.294
61401306,313,40.75416666666667,140.45624999999998,2.254
61401307,218,40.75416666666667,140.46875,3.271
61401308,164,40.75416666666667,140.48125,3.677
61401309,70,40.75416666666667,140.49375,4.242
61401310,20,40.7625,140.38125,2.344
61401311,536,40.7625,140.39374999999998,2.956
61401313,63,40.7625,140.41875,1.168
61401314,1402,40.7625,140.43125,1.002
61401315,95,40.7625,140.44375,1.691
61401316,207,40.7625,140.45624999999998,2.436
61401317,93,40.7625,140.46875,2.445
61401318,201,40.7625,140.48125,2.871
61401319,140,40.7625,140.49375,3.566
61401320,362,40.770833333333336,140.38125,1.625
61401322,132,40.770833333333336,140.40625,2.556
61401323,216,40.770833333333336,140.41875,1.989
61401324,492,40.770833333333336,140.43125,1.897
61401325,286,40.770833333333336,140.44375,2.074
61401327,113,40.770833333333336,140.46875,1.556
61401328,144,40.770833333333336,140.48125,2.164
61401330,189,40.77916666666667,140.38125,1.227
61401331,110,40.77916666666667,140.39374999999998,2.276
61401332,404,40.77916666666667,140.40625,2.58
61401333,311,40.77916666666667,140.41875,2.291
61401335,117,40.77916666666667,140.44375,1.546
61401336,539,40.77916666666667,140.45624999999998,0.687
61401337,1574,40.77916666666667,140.46875,0.762
61401338,399,40.77916666666667,140.48125,1.686
61401339,177,40.77916666666667,140.49375,2.705
61401340,114,40.7875,140.38125,1.445
61401341,173,40.7875,140.39374999999998,1.704
61401342,802,40.7875,140.40625,1.679
61401343,727,40.7875,140.41875,1.46
61401345,420,40.7875,140.44375,1.48
61401346,2532,40.7875,140.45624999999998,0.525
61401347,3323,40.7875,140.46875,0.543
61401348,252,40.7875,140.48125,1.519
61401349,1,40.7875,140.49375,2.557
61401350,514,40.795833333333334,140.38125,1.756
61401351,285,40.795833333333334,140.39374999999998,0.885
61401352,339,40.795833333333334,140.40625,0.836
61401353,317,40.795833333333334,140.41875,0.857
61401354,445,40.795833333333334,140.43125,0.381
61401355,2062,40.795833333333334,140.44375,0.918
61401356,1701,40.795833333333334,140.45624999999998,0.561
61401357,402,40.795833333333334,140.46875,0.734
61401358,222,40.795833333333334,140.48125,1.597
61401359,152,40.795833333333334,140.49375,2.604
61401360,961,40.80416666666667,140.38125,1.396
61401361,1457,40.80416666666667,140.39374999999998,0.617
61401362,301,40.80416666666667,140.40625,0.545
61401363,231,40.80416666666667,140.41875,0.595
61401364,171,40.80416666666667,140.43125,0.682
61401365,2613,40.80416666666667,140.44375,0.533
61401366,3041,40.80416666666667,140.45624999999998,0.18
61401367,1153,40.80416666666667,140.46875,0.67
61401368,281,40.80416666666667,140.48125,1.697
61401369,90,40.80416666666667,140.49375,2.743
61401370,1765,40.8125,140.38125,0.7
61401371,1058,40.8125,140.39374999999998,0.257
61401372,306,40.8125,140.40625,0.922
61401373,87,40.8125,140.41875,0.716
61401374,797,40.8125,140.43125,0.808
61401375,2974,40.8125,140.44375,0.418
61401376,2500,40.8125,140.45624999999998,0.436
61401377,1047,40.8125,140.46875,0.832
61401378,66,40.8125,140.48125,1.846
61401379,145,40.8125,140.49375,2.887
61401380,361,40.82083333333334,140.38125,0.865
61401381,174,40.82083333333334,140.39374999999998,0.741
61401382,67,40.82083333333334,140.40625,1.446
61401383,72,40.82083333333334,140.41875,1.546
61401384,808,40.82083333333334,140.43125,1.232
61401385,2165,40.82083333333334,140.44375,0.184
61401386,983,40.82083333333334,140.45624999999998,0.874
61401387,225,40.82083333333334,140.46875,1.469
61401388,77,40.82083333333334,140.48125,2.208
61401389,199,40.82083333333334,140.49375,3.131
61401390,71,40.82916666666667,140.38125,1.651
61401391,231,40.82916666666667,140.39374999999998,1.589
61401392,332,40.82916666666667,140.40625,2.13
61401393,193,40.82916666666667,140.41875,2.446
61401394,2,40.82916666666667,140.43125,1.567
61401395,55,40.82916666666667,140.44375,0.987
61401396,259,40.82916666666667,140.45624999999998,1.305
61401397,165,40.82916666666667,140.46875,2.155
61401398,468,40.82916666666667,140.48125,2.838
61401399,296,40.82916666666667,140.49375,3.603
61401400,99,40.75416666666667,140.50625,4.969
61401401,265,40.75416666666667,140.51874999999998,5.797
61401402,23,40.75416666666667,140.53125,6.168
61401404,35,40.75416666666667,140.55625,4.673
61401406,165,40.75416666666667,140.58124999999998,3.808
61401407,336,40.75416666666667,140.59375,3.763
61401410,76,40.7625,140.50625,4.406
61401411,142,40.7625,140.51874999999998,5.322
61401412,114,40.7625,140.53125,6.281
61401413,33,40.7625,140.54375,6.053
61401414,193,40.7625,140.55625,5.444
61401415,6,40.7625,140.56875,4.986
61401416,7,40.7625,140.58124999999998,4.723
61401417,128,40.7625,140.59375,4.687
61401420,43,40.770833333333336,140.50625,3.981
61401421,263,40.770833333333336,140.51874999999998,4.976
61401422,26,40.770833333333336,140.53125,5.99
61401424,30,40.770833333333336,140.55625,6.258
61401427,80,40.770833333333336,140.59375,5.611
61401428,7,40.770833333333336,140.60625,5.776
61401430,249,40.77916666666667,140.50625,3.743
61401431,134,40.77916666666667,140.51874999999998,4.787
61401438,3,40.77916666666667,140.60625,6.678
61401439,1,40.77916666666667,140.61875,6.978
61401440,123,40.7875,140.50625,3.603
61401441,229,40.7875,140.51874999999998,4.652
61401442,5,40.7875,140.53125,5.702
61401450,74,40.795833333333334,140.50625,3.636
61401451,145,40.795833333333334,140.51874999999998,4.677
61401452,2,40.795833333333334,140.53125,5.723
61401460,102,40.80416666666667,140.50625,3.792
61401461,3,40.80416666666667,140.51874999999998,4.843
61401470,26,40.8125,140.50625,3.934
61401471,65,40.8125,140.51874999999998,4.974
61401480,86,40.82083333333334,140.50625,4.116
61401481,58,40.82083333333334,140.51874999999998,5.128
61401490,48,40.82916666666667,140.50625,4.486
61401491,5,40.82916666666667,140.51874999999998,5.429
61401500,71,40.75416666666667,140.63125,5.143
61401506,103,40.75416666666667,140.70624999999998,5.342
61401507,36,40.75416666666667,140.71875,5.014
61401508,17,40.75416666666667,140.73125,4.876
61401509,4,40.75416666666667,140.74375,4.368
61401510,30,40.7625,140.63125,5.852
61401514,4,40.7625,140.68125,5.81
61401516,86,40.7625,140.70624999999998,4.508
61401517,459,40.7625,140.71875,4.114
61401518,363,40.7625,140.73125,3.968
61401519,245,40.7625,140.74375,3.754
61401520,4,40.770833333333336,140.63125,6.616
61401527,498,40.770833333333336,140.71875,3.23
61401528,242,40.770833333333336,140.73125,3.042
61401529,324,40.770833333333336,140.74375,2.833
61401530,14,40.77916666666667,140.63125,6.643
61401533,6,40.77916666666667,140.66875,5.132
61401536,47,40.77916666666667,140.70624999999998,3.007
61401537,59,40.77916666666667,140.71875,2.377
61401538,668,40.77916666666667,140.73125,2.115
61401539,539,40.77916666666667,140.74375,1.919
61401540,255,40.7875,140.63125,5.903
61401543,3,40.7875,140.66875,4.267
61401546,214,40.7875,140.70624999999998,2.446
61401547,147,40.7875,140.71875,1.61
61401548,234,40.7875,140.73125,1.189
61401549,789,40.7875,140.74375,1.027
61401550,15,40.795833333333334,140.63125,5.223
61401556,530,40.795833333333334,140.70624999999998,2.154
61401557,712,40.795833333333334,140.71875,1.117
61401558,1262,40.795833333333334,140.73125,0.264
61401559,930,40.795833333333334,140.74375,0.38
61401561,126,40.80416666666667,140.64374999999998,3.823
61401563,104,40.80416666666667,140.66875,2.664
61401564,5,40.80416666666667,140.68125,2.163
61401565,8,40.80416666666667,140.69375,2.114
61401566,2489,40.80416666666667,140.70624999999998,1.679
61401567,2694,40.80416666666667,140.71875,0.825
61401568,7187,40.80416666666667,140.73125,0.581
61401569,4975,40.80416666666667,140.74375,0.52
61401571,124,40.8125,140.64374999999998,3.238
61401574,79,40.8125,140.68125,1.303
61401575,671,40.8125,140.69375,1.221
61401576,3599,40.8125,140.70624999999998,0.94
61401577,7054,40.8125,140.71875,0.557
61401578,7712,40.8125,140.73125,0.268
61401579,6109,40.8125,140.74375,0.645
61401581,346,40.82083333333334,140.64374999999998,2.841
61401582,251,40.82083333333334,140.65625,1.862
61401583,1933,40.82083333333334,140.66875,1.037
61401584,2381,40.82083333333334,140.68125,0.662
61401585,3666,40.82083333333334,140.69375,0.479
61401586,4985,40.82083333333334,140.70624999999998,0.433
61401587,7424,40.82083333333334,140.71875,0.465
61401588,7090,40.82083333333334,140.73125,0.674
61401589,4694,40.82083333333334,140.74375,1.146
61401592,747,40.82916666666667,140.65625,1.665
61401593,3215,40.82916666666667,140.66875,0.617
61401594,2645,40.82916666666667,140.68125,0.393
61401595,3384,40.82916666666667,140.69375,0.664
61401596,2601,40.82916666666667,140.70624999999998,0.277
61401597,6175,40.82916666666667,140.71875,0.7
61401598,4051,40.82916666666667,140.73125,0.093
61401599,2007,40.82916666666667,140.74375,0.762
61401601,1,40.75416666666667,140.76874999999998,2.999
61401602,33,40.75416666666667,140.78125,2.698
61401604,25,40.75416666666667,140.80625,3.239
61401605,6,40.75416666666667,140.81875,3.927
61401606,4,40.75416666666667,140.83124999999998,4.75
61401610,34,40.7625,140.75625,2.97
61401611,38,40.7625,140.76874999999998,2.21
61401613,64,40.7625,140.79375,1.914
61401614,55,40.7625,140.80625,2.525
61401620,571,40.770833333333336,140.75625,2.534
61401621,940,40.770833333333336,140.76874999999998,1.578
61401622,6,40.770833333333336,140.78125,0.878
61401623,157,40.770833333333336,140.79375,1.126
61401624,8,40.770833333333336,140.80625,1.995
61401630,124,40.77916666666667,140.75625,1.998
61401631,1967,40.77916666666667,140.76874999999998,1.346
61401632,3264,40.77916666666667,140.78125,0.306
61401633,770,40.77916666666667,140.79375,0.769
61401634,62,40.77916666666667,140.80625,1.79
61401640,1294,40.7875,140.75625,1.168
61401641,1060,40.7875,140.76874999999998,1.202
61401642,2757,40.7875,140.78125,1.065
61401643,551,40.7875,140.79375,1.277
61401644,48,40.7875,140.80625,0.864
61401645,79,40.7875,140.81875,1.321
61401646,11,40.7875,140.83124999999998,2.227
61401650,3130,40.795833333333334,140.75625,0.452
61401651,3816,40.795833333333334,140.76874999999998,0.568
61401652,1430,40.795833333333334,140.78125,1.132
61401653,1125,40.795833333333334,140.79375,0.92
61401654,2795,40.795833333333334,140.80625,0.082
61401655,266,40.795833333333334,140.81875,1.003
61401660,5613,40.80416666666667,140.75625,0.165
61401661,5928,40.80416666666667,140.76874999999998,0.551
61401662,3571,40.80416666666667,140.78125,0.422
61401663,580,40.80416666666667,140.79375,0.326
61401664,2071,40.80416666666667,140.80625,0.992
61401665,396,40.80416666666667,140.81875,1.408
61401670,6220,40.8125,140.75625,0.429
61401671,5975,40.8125,140.76874999999998,0.309
61401672,5309,40.8125,140.78125,0.093
61401673,4747,40.8125,140.79375,0.435
61401674,463,40.8125,140.80625,1.36
61401675,15,40.8125,140.81875,1.931
61401680,5134,40.82083333333334,140.75625,0.544
61401681,5617,40.82083333333334,140.76874999999998,0.633
61401682,6706,40.82083333333334,140.78125,0.059
61401683,6770,40.82083333333334,140.79375,0.743
61401684,831,40.82083333333334,140.80625,0.53
61401685,12,40.82083333333334,140.81875,1.47
61401686,191,40.82083333333334,140.83124999999998,2.5
61401687,122,40.82083333333334,140.84375,3.543
61401689,29,40.82083333333334,140.86875,5.639
61401690,2342,40.82916666666667,140.75625,0.217
61401691,4252,40.82916666666667,140.76874999999998,0.142
61401692,3306,40.82916666666667,140.78125,0.934
61401693,4498,40.82916666666667,140.79375,0.054
61401694,4123,40.82916666666667,140.80625,0.656
61401695,840,40.82916666666667,140.81875,1.519
61401696,239,40.82916666666667,140.83124999999998,2.53
61401697,79,40.82916666666667,140.84375,3.564
61401698,200,40.82916666666667,140.85625,4.606
61401699,105,40.82916666666667,140.86875,5.652
61401780,12,40.82083333333334,140.88125,6.689
61402204,9,40.8375,140.30625,7.353
61402205,238,40.8375,140.31875,6.372
61402206,55,40.8375,140.33124999999998,5.417
61402208,287,40.8375,140.35625,3.668
61402209,7,40.8375,140.36875,2.971
61402212,315,40.84583333333333,140.28125,9.077
61402213,37,40.84583333333333,140.29375,8.67
61402214,8,40.84583333333333,140.30625,7.712
61402215,21,40.84583333333333,140.31875,6.783
61402216,11,40.84583333333333,140.33124999999998,5.895
61402218,197,40.84583333333333,140.35625,4.343
61402219,127,40.84583333333333,140.36875,3.774
61402222,3,40.854166666666664,140.28125,9.586
61402226,351,40.854166666666664,140.33124999999998,5.688
61402228,19,40.854166666666664,140.35625,3.98
61402229,226,40.854166666666664,140.36875,3.302
61402236,157,40.8625,140.33124999999998,5.302
61402238,158,40.8625,140.35625,3.406
61402239,10,40.8625,140.36875,2.581
61402246,154,40.87083333333333,140.33124999999998,5.058
61402247,7,40.87083333333333,140.34375,4.028
61402249,141,40.87083333333333,140.36875,2.034
61402256,344,40.87916666666666,140.33124999999998,4.978
61402257,73,40.87916666666666,140.34375,3.927
61402259,177,40.87916666666666,140.36875,1.825
61402266,27,40.887499999999996,140.33124999999998,5.068
61402267,33,40.887499999999996,140.34375,4.041
61402276,10,40.89583333333333,140.33124999999998,5.321
61402277,95,40.89583333333333,140.34375,4.354
61402286,127,40.90416666666667,140.33124999999998,5.715
61402287,135,40.90416666666667,140.34375,4.827
61402297,170,40.9125,140.34375,5.419
61402298,12,40.9125,140.35625,4.714
61402300,16,40.8375,140.38125,2.533
61402301,59,40.8375,140.39374999999998,2.494
61402302,47,40.8375,140.40625,2.869
61402303,133,40.8375,140.41875,2.968
61402304,154,40.8375,140.43125,2.261
61402305,428,40.8375,140.44375,1.906
61402306,367,40.8375,140.45624999999998,2.088
61402308,401,40.8375,140.48125,3.529
61402309,102,40.8375,140.49375,4.229
61402310,139,40.84583333333333,140.38125,3.439
61402311,95,40.84583333333333,140.39374999999998,3.41
61402312,277,40.84583333333333,140.40625,3.694
61402313,230,40.84583333333333,140.41875,3.631
61402314,48,40.84583333333333,140.43125,3.08
61402316,289,40.84583333333333,140.45624999999998,2.956
61402317,28,40.84583333333333,140.46875,3.417
61402318,19,40.84583333333333,140.48125,4.103
61402320,93,40.854166666666664,140.38125,2.858
61402321,121,40.854166666666664,140.39374999999998,2.765
61402322,220,40.854166666666664,140.40625,3.055
61402326,166,40.854166666666664,140.45624999999998,3.851
61402327,40,40.854166666666664,140.46875,4.215
61402328,47,40.854166666666664,140.48125,4.788
61402330,162,40.8625,140.38125,1.982
61402331,108,40.8625,140.39374999999998,1.846
61402332,513,40.8625,140.40625,2.257
61402336,321,40.8625,140.45624999999998,4.579
61402337,2,40.8625,140.46875,4.873
61402340,239,40.87083333333333,140.38125,1.186
61402341,324,40.87083333333333,140.39374999999998,0.94
61402342,11,40.87083333333333,140.40625,1.603
61402346,86,40.87083333333333,140.45624999999998,3.67
61402347,20,40.87083333333333,140.46875,4.031
61402348,109,40.87083333333333,140.48125,4.608
61402350,156,40.87916666666666,140.38125,0.775
61402351,390,40.87916666666666,140.39374999999998,0.278
61402352,68,40.87916666666666,140.40625,1.328
61402356,653,40.87916666666666,140.45624999999998,2.773
61402357,720,40.87916666666666,140.46875,3.235
61402358,3,40.87916666666666,140.48125,3.931
61402360,73,40.887499999999996,140.38125,1.229
61402361,254,40.887499999999996,140.39374999999998,0.994
61402362,338,40.887499999999996,140.40625,1.636
61402363,23,40.887499999999996,140.41875,2.563
61402366,112,40.887499999999996,140.45624999999998,1.904
61402367,111,40.887499999999996,140.46875,2.53
61402368,202,40.887499999999996,140.48125,3.374
61402369,56,40.887499999999996,140.49375,4.31
61402371,25,40.89583333333333,140.39374999999998,1.902
61402372,76,40.89583333333333,140.40625,2.303
61402373,77,40.89583333333333,140.41875,2.489
61402376,95,40.89583333333333,140.45624999999998,1.131
61402378,348,40.89583333333333,140.48125,3.006
61402379,181,40.89583333333333,140.49375,4.029
61402380,7,40.90416666666667,140.38125,2.913
61402381,56,40.90416666666667,140.39374999999998,2.822
61402383,119,40.90416666666667,140.41875,2.359
61402384,2,40.90416666666667,140.43125,1.311
61402385,335,40.90416666666667,140.44375,0.283
61402386,1507,40.90416666666667,140.45624999999998,0.805
61402387,719,40.90416666666667,140.46875,1.851
61402388,170,40.90416666666667,140.48125,2.9
61402390,82,40.9125,140.38125,3.814
61402391,20,40.9125,140.39374999999998,3.745
61402392,261,40.9125,140.40625,3.564
61402393,213,40.9125,140.41875,2.579
61402394,188,40.9125,140.43125,1.675
61402395,223,40.9125,140.44375,1.081
61402396,534,40.9125,140.45624999999998,1.318
61402397,364,40.9125,140.46875,2.124
61402398,104,40.9125,140.48125,3.081
61402400,2,40.8375,140.50625,5.002
61402502,51,40.8375,140.65625,1.948
61402503,36,40.8375,140.66875,1.185
61402504,366,40.8375,140.68125,0.959
61402506,3074,40.8375,140.70624999999998,0.703
61402507,5495,40.8375,140.71875,0.429
61402508,266,40.8375,140.73125,1.018
61402513,5,40.84583333333333,140.66875,1.549
61402514,244,40.84583333333333,140.68125,0.916
61402515,565,40.84583333333333,140.69375,1.029
61402516,1157,40.84583333333333,140.70624999999998,0.077
61402517,129,40.84583333333333,140.71875,0.634
61402524,2749,40.854166666666664,140.68125,0.22
61402525,3373,40.854166666666664,140.69375,0.836
61402526,239,40.854166666666664,140.70624999999998,0.854
61402534,1106,40.8625,140.68125,0.987
61402535,732,40.8625,140.69375,1.275
61402544,493,40.87083333333333,140.68125,1.902
61402553,1,40.87916666666666,140.66875,3.089
61402554,467,40.87916666666666,140.68125,2.825
61402563,198,40.887499999999996,140.66875,3.952
61402564,442,40.887499999999996,140.68125,3.75
61402573,389,40.89583333333333,140.66875,4.839
61402574,142,40.89583333333333,140.68125,4.675
61402583,483,40.90416666666667,140.66875,5.738
61402593,359,40.9125,140.66875,6.645
61402603,1105,40.8375,140.79375,0.367
61402604,2878,40.8375,140.80625,0.703
61402605,495,40.8375,140.81875,1.751
61402606,866,40.8375,140.83124999999998,2.802
61402607,18,40.8375,140.84375,3.817
61402614,481,40.84583333333333,140.80625,1.237
61402615,771,40.84583333333333,140.81875,2.025
61402616,38,40.84583333333333,140.83124999999998,2.981
61402617,412,40.84583333333333,140.84375,3.985
61402625,842,40.854166666666664,140.81875,2.618
61402626,51,40.854166666666664,140.83124999999998,3.411
61402627,30,40.854166666666664,140.84375,4.316
61402636,7,40.8625,140.83124999999998,4.013
61402647,589,40.87083333333333,140.84375,5.412
61402648,140,40.87083333333333,140.85625,6.204
61402649,10,40.87083333333333,140.86875,7.064
61402657,77,40.87916666666666,140.84375,6.098
61402658,200,40.87916666666666,140.85625,6.811
61402668,90,40.887499999999996,140.85625,7.484
61402669,987,40.887499999999996,140.86875,8.211
61402678,153,40.89583333333333,140.85625,8.206
61402679,105,40.89583333333333,140.86875,8.307
61402688,37,40.90416666666667,140.85625,8.967
61402689,31,40.90416666666667,140.86875,7.988
61402699,116,40.9125,140.86875,7.768
61402718,91,40.84583333333333,140.98125,9.002
61402719,6,40.84583333333333,140.99375,9.271
61402729,26,40.854166666666664,140.99375,8.394
61402758,50,40.87916666666666,140.98125,5.423
61402766,205,40.887499999999996,140.95624999999998,4.194
61402768,86,40.887499999999996,140.98125,4.56
61402779,33,40.89583333333333,140.99375,4.264
61402786,4,40.90416666666667,140.95624999999998,2.349
61402789,59,40.90416666666667,140.99375,3.551
61402791,3,40.9125,140.89374999999998,5.715
61402792,134,40.9125,140.90625,4.704
61402793,165,40.9125,140.91875,3.715
61402795,106,40.9125,140.94375,1.94
61402796,189,40.9125,140.95624999999998,1.434
61403207,96,40.920833333333334,140.34375,6.094
61403208,147,40.920833333333334,140.35625,5.477
61403209,234,40.920833333333334,140.36875,5.006
61403217,21,40.92916666666667,140.34375,6.829
61403218,568,40.92916666666667,140.35625,6.284
61403219,13,40.92916666666667,140.36875,5.879
61403225,7,40.9375,140.31875,8.875
61403227,53,40.9375,140.34375,7.606
61403228,1,40.9375,140.35625,7.121
61403237,1,40.94583333333333,140.34375,8.006
61403238,395,40.94583333333333,140.35625,6.979
61403248,220,40.954166666666666,140.35625,6.836
61403249,66,40.954166666666666,140.36875,5.791
61403259,1,40.9625,140.36875,5.77
61403269,512,40.97083333333333,140.36875,5.896
61403278,156,40.979166666666664,140.35625,7.151
61403279,600,40.979166666666664,140.36875,6.16
61403288,125,40.987500000000004,140.35625,7.486
61403289,332,40.987500000000004,140.36875,6.546
61403297,61,40.99583333333334,140.34375,8.835
61403298,33,40.99583333333334,140.35625,7.916
61403303,43,40.920833333333334,140.41875,3.075
61403304,45,40.920833333333334,140.43125,2.369
61403305,141,40.920833333333334,140.44375,1.993
61403306,180,40.920833333333334,140.45624999999998,2.131
61403308,23,40.920833333333334,140.48125,3.507
61403309,27,40.920833333333334,140.49375,4.414
61403312,59,40.92916666666667,140.40625,4.267
61403313,102,40.92916666666667,140.41875,3.718
61403314,17,40.92916666666667,140.43125,3.183
61403315,139,40.92916666666667,140.44375,2.915
61403316,201,40.92916666666667,140.45624999999998,3.01
61403319,56,40.92916666666667,140.49375,4.9
61403320,112,40.9375,140.38125,5.31
61403321,95,40.9375,140.39374999999998,4.405
61403322,271,40.9375,140.40625,3.58
61403323,402,40.9375,140.41875,2.904
61403325,221,40.9375,140.44375,2.506
61403330,151,40.94583333333333,140.38125,4.951
61403331,197,40.94583333333333,140.39374999999998,3.965
61403332,126,40.94583333333333,140.40625,3.023
61403333,356,40.94583333333333,140.41875,2.18
61403335,235,40.94583333333333,140.44375,1.613
61403340,49,40.954166666666666,140.38125,4.748
61403342,21,40.954166666666666,140.40625,2.679
61403343,65,40.954166666666666,140.41875,1.671
61403344,162,40.954166666666666,140.43125,0.785
61403345,355,40.954166666666666,140.44375,0.801
61403350,23,40.9625,140.38125,4.722
61403354,459,40.9625,140.43125,0.611
61403355,798,40.9625,140.44375,0.632
61403356,121,40.9625,140.45624999999998,1.621
61403360,9,40.97083333333333,140.38125,4.876
61403361,5,40.97083333333333,140.39374999999998,3.871
61403364,536,40.97083333333333,140.43125,1.359
61403365,259,40.97083333333333,140.44375,1.369
61403370,21,40.979166666666664,140.38125,5.192
61403371,28,40.979166666666664,140.39374999999998,4.263
61403372,62,40.979166666666664,140.40625,3.405
61403374,265,40.979166666666664,140.43125,2.245
61403380,3,40.987500000000004,140.38125,5.645
61403384,361,40.987500000000004,140.43125,3.154
61403385,2,40.987500000000004,140.44375,3.158
61403391,48,40.99583333333334,140.39374999999998,5.45
61403394,63,40.99583333333334,140.43125,4.071
61403503,424,40.920833333333334,140.66875,7.557
61403512,94,40.92916666666667,140.65625,8.691
61403513,371,40.92916666666667,140.66875,8.472
61403522,338,40.9375,140.65625,8.965
61403523,83,40.9375,140.66875,9.389
61403530,57,40.94583333333333,140.63125,7.232
61403532,453,40.94583333333333,140.65625,9.204
61403542,312,40.954166666666666,140.65625,9.527
61403552,321,40.9625,140.65625,9.433
61403561,79,40.97083333333333,140.64374999999998,8.367
61403562,538,40.97083333333333,140.65625,8.525
61403572,191,40.979166666666664,140.65625,7.622
61403581,98,40.987500000000004,140.64374999999998,6.524
61403582,213,40.987500000000004,140.65625,6.724
61403592,152,40.99583333333334,140.65625,5.837
61403609,71,40.920833333333334,140.86875,7.655
61403619,10,40.92916666666667,140.86875,7.652
61403629,7,40.9375,140.86875,7.762
61403639,279,40.94583333333333,140.86875,7.978
61403658,75,40.9625,140.85625,9.63
61403659,103,40.9625,140.86875,8.695
61403679,124,40.979166666666664,140.86875,9.717
61403700,12,40.920833333333334,140.88125,6.607
61403701,119,40.920833333333334,140.89374999999998,5.56
61403702,191,40.920833333333334,140.90625,4.514
61403703,264,40.920833333333334,140.91875,3.472
61403704,75,40.920833333333334,140.93125,2.436
61403705,746,40.920833333333334,140.94375,1.421
61403706,804,40.920833333333334,140.95624999999998,0.558
61403707,90,40.920833333333334,140.96875,0.786
61403708,5,40.920833333333334,140.98125,1.586
61403709,27,40.920833333333334,140.99375,2.573
61403711,33,40.92916666666667,140.89374999999998,5.557
61403712,140,40.92916666666667,140.90625,4.511
61403715,255,40.92916666666667,140.94375,1.412
61403716,1132,40.92916666666667,140.95624999999998,0.533
61403717,643,40.92916666666667,140.96875,0.447
61403718,265,40.92916666666667,140.98125,1.448
61403719,132,40.92916666666667,140.99375,2.49
61403725,131,40.9375,140.94375,1.919
61403726,43,40.9375,140.95624999999998,1.344
61403727,294,40.9375,140.96875,1.224
61403729,11,40.9375,140.99375,2.738
61403730,16,40.94583333333333,140.88125,6.979
61403736,20,40.94583333333333,140.95624999999998,2.196
61403737,74,40.94583333333333,140.96875,2.125
61403738,213,40.94583333333333,140.98125,2.532
61403748,227,40.954166666666666,140.98125,3.338
61403758,61,40.9625,140.98125,4.195
61403770,20,40.979166666666664,140.88125,8.916
61403772,21,40.979166666666664,140.90625,7.499
61403783,4,40.987500000000004,140.91875,7.734
61403785,130,40.987500000000004,140.94375,6.941
61403792,11,40.99583333333334,140.90625,9.052
61403793,358,40.99583333333334,140.91875,8.552
61404206,5,41.00416666666667,140.33124999999998,10.197
61404207,156,41.00416666666667,140.34375,9.295
61404226,54,41.020833333333336,140.33124999999998,11.216
61404236,384,41.02916666666667,140.33124999999998,11.802
61404246,97,41.0375,140.33124999999998,12.429
61404256,13,41.045833333333334,140.33124999999998,13.092
61404257,13,41.045833333333334,140.34375,12.403
61404258,21,41.045833333333334,140.35625,11.491
61404267,78,41.05416666666667,140.34375,12.738
61404268,411,41.05416666666667,140.35625,11.734
61404276,5,41.0625,140.33124999999998,14.014
61404277,64,41.0625,140.34375,13.025
61404278,74,41.0625,140.35625,12.045
61404279,11,41.0625,140.36875,11.078
61404285,16,41.07083333333334,140.31875,15.312
61404286,39,41.07083333333334,140.33124999999998,14.335
61404295,39,41.07916666666667,140.31875,15.661
61404296,53,41.07916666666667,140.33124999999998,14.707
61404301,42,41.00416666666667,140.39374999999998,6.168
61404302,11,41.00416666666667,140.40625,5.61
61404303,309,41.00416666666667,140.41875,5.205
61404313,471,41.0125,140.41875,6.053
61404314,144,41.0125,140.43125,5.025
61404323,67,41.020833333333336,140.41875,5.954
61404332,17,41.02916666666667,140.40625,7.039
61404333,397,41.02916666666667,140.41875,5.997
61404343,145,41.0375,140.41875,6.181
61404352,36,41.045833333333334,140.40625,7.466
61404361,61,41.05416666666667,140.39374999999998,8.786
61404362,33,41.05416666666667,140.40625,7.837
61404370,5,41.0625,140.38125,10.127
61404380,11,41.07083333333334,140.38125,10.567
61404418,2,41.0125,140.60625,4.412
61404428,98,41.020833333333336,140.60625,3.67
61404429,11,41.020833333333336,140.61875,3.087
61404448,17,41.0375,140.60625,2.572
61404449,48,41.0375,140.61875,1.637
61404456,46,41.045833333333334,140.58124999999998,4.498
61404457,8,41.045833333333334,140.59375,3.45
61404458,131,41.045833333333334,140.60625,2.401
61404466,10,41.05416666666667,140.58124999999998,4.593
61404467,65,41.05416666666667,140.59375,3.573
61404468,20,41.05416666666667,140.60625,2.576
61404474,97,41.0625,140.55625,6.85
61404475,59,41.0625,140.56875,5.849
61404476,131,41.0625,140.58124999999998,4.866
61404479,2,41.0625,140.61875,2.299
61404484,37,41.07083333333334,140.55625,7.157
61404501,78,41.00416666666667,140.64374999999998,4.687
61404502,159,41.00416666666667,140.65625,4.963
61404511,171,41.0125,140.64374999999998,3.775
61404521,85,41.020833333333336,140.64374999999998,2.873
61404531,62,41.02916666666667,140.64374999999998,1.992
61404540,28,41.0375,140.63125,0.97
61404541,565,41.0375,140.64374999999998,1.184
61404550,128,41.045833333333334,140.63125,0.305
61404551,843,41.045833333333334,140.64374999999998,0.744
61404561,75,41.05416666666667,140.64374999999998,1.192
61404570,38,41.0625,140.63125,1.883
61404571,48,41.0625,140.64374999999998,2.002
61404580,150,41.07083333333334,140.63125,2.802
61404581,2,41.07083333333334,140.64374999999998,2.883
61404590,8,41.07916666666667,140.63125,3.724
61404702,8,41.00416666666667,140.90625,9.863
61405205,107,41.0875,140.31875,16.055
61405206,31,41.0875,140.33124999999998,15.127
61405215,134,41.09583333333333,140.31875,16.493
61405233,30,41.1125,140.29375,19.238
61405234,1,41.1125,140.30625,18.352
61405241,299,41.12083333333333,140.26874999999998,21.511
61405242,187,41.12083333333333,140.28125,20.616
61405243,4,41.12083333333333,140.29375,19.736
61405244,6,41.12083333333333,140.30625,18.873
61405253,164,41.12916666666666,140.29375,20.263
61405254,1488,41.12916666666666,140.30625,19.424
61405255,121,41.12916666666666,140.31875,18.605
61405263,5,41.137499999999996,140.29375,20.819
61405264,102,41.137499999999996,140.30625,20.003
61405451,4,41.12916666666666,140.51874999999998,12.116
61405461,83,41.137499999999996,140.51874999999998,13.025
61405470,5,41.14583333333333,140.50625,13.791
61405471,22,41.14583333333333,140.51874999999998,13.936
61405490,342,41.1625,140.50625,15.636
61405500,105,41.0875,140.63125,4.648
61405510,27,41.09583333333333,140.63125,5.573
61405520,85,41.104166666666664,140.63125,6.499
61405530,61,41.1125,140.63125,7.425
61405540,115,41.12083333333333,140.63125,8.35
61405550,52,41.12916666666666,140.63125,9.277
61405560,173,41.137499999999996,140.63125,10.203
61405570,184,41.14583333333333,140.63125,11.129
61405571,87,41.14583333333333,140.64374999999998,11.15
61405580,42,41.15416666666667,140.63125,12.055
61405581,153,41.15416666666667,140.64374999999998,12.074
61405591,114,41.1625,140.64374999999998,12.999
61405653,3,41.12916666666666,140.79375,16.224
61405654,72,41.12916666666666,140.80625,17.095
61405655,12,41.12916666666666,140.81875,17.984
61405662,13,41.137499999999996,140.78125,15.952
61405663,22,41.137499999999996,140.79375,16.771
61405665,150,41.137499999999996,140.81875,18.478
61405671,35,41.14583333333333,140.76874999999998,15.799
61405675,579,41.14583333333333,140.81875,19.004
61405676,3,41.14583333333333,140.83124999999998,19.863
61405685,7,41.15416666666667,140.81875,19.56
61405694,2,41.1625,140.80625,19.354
61405699,92,41.1625,140.86875,23.503
61405790,3,41.1625,140.88125,24.383
61405791,30,41.1625,140.89374999999998,25.276
61406298,25,41.24583333333334,140.35625,27.239
61406299,20,41.24583333333334,140.36875,26.826
61406309,38,41.170833333333334,140.49375,16.505
61406316,20,41.17916666666667,140.45624999999998,17.652
61406317,358,41.17916666666667,140.46875,17.516
61406318,436,41.17916666666667,140.48125,17.442
61406319,235,41.17916666666667,140.49375,17.431
61406324,70,41.1875,140.43125,18.996
61406325,299,41.1875,140.44375,18.754
61406326,1,41.1875,140.45624999999998,18.567
61406328,21,41.1875,140.48125,18.368
61406329,142,41.1875,140.49375,18.358
61406334,261,41.19583333333333,140.43125,19.893
61406335,118,41.19583333333333,140.44375,19.661
61406343,50,41.204166666666666,140.41875,21.063
61406344,124,41.204166666666666,140.43125,20.792
61406352,12,41.2125,140.40625,22.26
61406353,153,41.2125,140.41875,21.954
61406361,2,41.22083333333333,140.39374999999998,23.479
61406362,77,41.22083333333333,140.40625,23.142
61406371,68,41.229166666666664,140.39374999999998,24.352
61406372,23,41.229166666666664,140.40625,24.026
61406380,11,41.237500000000004,140.38125,25.581
61406381,35,41.237500000000004,140.39374999999998,25.228
61406390,8,41.24583333333334,140.38125,26.449
61406400,57,41.170833333333334,140.50625,16.56
61406410,60,41.17916666666667,140.50625,17.483
61406411,47,41.17916666666667,140.51874999999998,17.597
61406420,5,41.1875,140.50625,18.407
61406430,105,41.19583333333333,140.50625,19.331
61406431,1,41.19583333333333,140.51874999999998,19.313
61406439,60,41.19583333333333,140.61875,16.739
61406441,21,41.204166666666666,140.51874999999998,20.119
61406448,7,41.204166666666666,140.60625,17.774
61406449,10,41.204166666666666,140.61875,17.663
61406451,56,41.2125,140.51874999999998,20.935
61406462,29,41.22083333333333,140.53125,21.312
61406463,57,41.22083333333333,140.54375,20.907
61406464,77,41.22083333333333,140.55625,20.548
61406465,51,41.22083333333333,140.56875,20.237
61406466,54,41.22083333333333,140.58124999999998,19.976
61406501,8,41.170833333333334,140.64374999999998,13.924
61406520,34,41.1875,140.63125,15.761
61406530,22,41.19583333333333,140.63125,16.687
61406603,45,41.170833333333334,140.79375,19.248
61406604,42,41.170833333333334,140.80625,19.987
61406609,48,41.170833333333334,140.86875,24.026
61406613,53,41.17916666666667,140.79375,19.927
61406700,43,41.170833333333334,140.88125,24.888
61406701,91,41.170833333333334,140.89374999999998,25.763
61406702,59,41.170833333333334,140.90625,25.204
61406704,11,41.170833333333334,140.93125,23.408
61406714,105,41.17916666666667,140.93125,22.928
61406715,112,41.17916666666667,140.94375,22.03
61406726,126,41.1875,140.95624999999998,20.655
61406727,42,41.1875,140.96875,19.764
61406737,209,41.19583333333333,140.96875,19.284
61406738,209,41.19583333333333,140.98125,18.386
61406739,735,41.19583333333333,140.99375,17.505
61406748,111,41.204166666666666,140.98125,17.917
61406749,92,41.204166666666666,140.99375,17.011
61406759,8,41.2125,140.99375,16.554
61406768,12,41.22083333333333,140.98125,17.09
61406778,45,41.229166666666664,140.98125,16.738
61406779,25,41.229166666666664,140.99375,15.765
61406789,88,41.237500000000004,140.99375,15.439
61406799,8,41.24583333333334,140.99375,15.163
61407207,20,41.25416666666667,140.34375,28.519
61407208,26,41.25416666666667,140.35625,28.086
61407217,49,41.2625,140.34375,29.358
61407644,72,41.2875,140.80625,27.377
61407654,19,41.295833333333334,140.80625,26.498
61407694,89,41.32916666666667,140.80625,23.022
61407708,111,41.25416666666667,140.98125,15.962
61407709,19,41.25416666666667,140.99375,14.939
61407756,51,41.295833333333334,140.95624999999998,17.791
61407776,15,41.3125,140.95624999999998,18.037
61407786,34,41.32083333333334,140.95624999999998,18.087
61407787,2,41.32083333333334,140.96875,17.162
61410008,5,40.670833333333334,141.10625,5.559
61410009,70,40.670833333333334,141.11875,4.693
61410018,29,40.67916666666667,141.10625,5.136
61410027,30,40.6875,141.09375,5.888
61410028,48,40.6875,141.10625,4.854
61410029,91,40.6875,141.11875,3.832
61410037,23,40.69583333333333,141.09375,5.794
61410038,9,40.69583333333333,141.10625,4.74
61410039,21,40.69583333333333,141.11875,3.687
61410047,6,40.704166666666666,141.09375,5.847
61410048,57,40.704166666666666,141.10625,4.805
61410049,18,40.704166666666666,141.11875,3.771
61410057,1,40.7125,141.09375,6.044
61410058,3,40.7125,141.10625,5.043
61410066,13,40.72083333333333,141.08124999999998,7.341
61410067,38,40.72083333333333,141.09375,6.37
61410068,20,40.72083333333333,141.10625,5.43
61410077,56,40.729166666666664,141.09375,6.241
61410078,45,40.729166666666664,141.10625,5.243
61410079,12,40.729166666666664,141.11875,4.271
61410088,41,40.737500000000004,141.10625,4.997
61410089,9,40.737500000000004,141.11875,3.965
61410098,7,40.74583333333334,141.10625,4.917
61410099,24,40.74583333333334,141.11875,3.864
61410100,25,40.670833333333334,141.13125,3.92
61410101,44,40.670833333333334,141.14374999999998,3.306
61410102,25,40.670833333333334,141.15625,2.952
61410103,41,40.670833333333334,141.16875,2.954
61410104,104,40.670833333333334,141.18125,3.31
61410106,113,40.670833333333334,141.20624999999998,4.669
61410107,12,40.670833333333334,141.21875,5.303
61410108,56,40.670833333333334,141.23125,5.492
61410109,47,40.670833333333334,141.24375,5.739
61410110,10,40.67916666666667,141.13125,3.292
61410111,40,40.67916666666667,141.14374999999998,2.531
61410112,18,40.67916666666667,141.15625,2.047
61410113,29,40.67916666666667,141.16875,2.049
61410114,38,40.67916666666667,141.18125,2.535
61410115,136,40.67916666666667,141.19375,3.265
61410116,33,40.67916666666667,141.20624999999998,4.115
61410117,11,40.67916666666667,141.21875,5.043
61410118,105,40.67916666666667,141.23125,5.811
61410120,138,40.6875,141.13125,2.834
61410121,263,40.6875,141.14374999999998,1.896
61410122,788,40.6875,141.15625,1.175
61410123,128,40.6875,141.16875,1.179
61410128,24,40.6875,141.23125,4.944
61410129,123,40.6875,141.24375,4.644
61410130,43,40.69583333333333,141.13125,2.634
61410131,359,40.69583333333333,141.14374999999998,1.582
61410132,1565,40.69583333333333,141.15625,0.538
61410133,346,40.69583333333333,141.16875,0.458
61410134,115,40.69583333333333,141.18125,1.429
61410135,61,40.69583333333333,141.19375,2.469
61410138,102,40.69583333333333,141.23125,4.102
61410139,198,40.69583333333333,141.24375,3.736
61410140,188,40.704166666666666,141.13125,2.75
61410141,831,40.704166666666666,141.14374999999998,1.769
61410142,1144,40.704166666666666,141.15625,0.945
61410143,105,40.704166666666666,141.16875,0.71
61410144,60,40.704166666666666,141.18125,1.528
61410145,105,40.704166666666666,141.19375,2.528
61410146,59,40.704166666666666,141.20624999999998,3.558
61410147,20,40.704166666666666,141.21875,4.004
61410151,136,40.7125,141.14374999999998,2.339
61410152,336,40.7125,141.15625,1.704
61410153,18,40.7125,141.16875,1.586
61410154,22,40.7125,141.18125,2.085
61410156,241,40.7125,141.20624999999998,3.83
61410157,321,40.7125,141.21875,3.443
61410158,227,40.7125,141.23125,2.601
61410159,89,40.7125,141.24375,1.974
61410161,64,40.72083333333333,141.14374999999998,3.04
61410162,336,40.72083333333333,141.15625,2.575
61410163,95,40.72083333333333,141.16875,2.499
61410164,16,40.72083333333333,141.18125,2.842
61410165,179,40.72083333333333,141.19375,3.482
61410166,126,40.72083333333333,141.20624999999998,4.087
61410167,30,40.72083333333333,141.21875,3.066
61410168,73,40.72083333333333,141.23125,2.076
61410169,138,40.72083333333333,141.24375,1.2
61410170,15,40.729166666666664,141.13125,3.348
61410171,85,40.729166666666664,141.14374999999998,2.529
61410172,43,40.729166666666664,141.15625,1.95
61410173,6,40.729166666666664,141.16875,1.852
61410174,74,40.729166666666664,141.18125,2.296
61410175,112,40.729166666666664,141.19375,3.055
61410176,13,40.729166666666664,141.20624999999998,3.952
61410179,596,40.729166666666664,141.24375,0.827
61410180,69,40.737500000000004,141.13125,2.949
61410181,135,40.737500000000004,141.14374999999998,1.971
61410182,175,40.737500000000004,141.15625,1.137
61410183,251,40.737500000000004,141.16875,0.958
61410184,27,40.737500000000004,141.18125,1.661
61410186,174,40.737500000000004,141.20624999999998,3.62
61410187,387,40.737500000000004,141.21875,3.015
61410188,31,40.737500000000004,141.23125,2.014
61410189,9,40.737500000000004,141.24375,1.113
61410190,55,40.74583333333334,141.13125,2.811
61410191,144,40.74583333333334,141.14374999999998,1.758
61410192,861,40.74583333333334,141.15625,0.705
61410193,467,40.74583333333334,141.16875,0.35
61410194,304,40.74583333333334,141.18125,1.402
61410195,66,40.74583333333334,141.19375,2.455
61410196,9,40.74583333333334,141.20624999999998,3.508
61410197,62,40.74583333333334,141.21875,3.371
61410198,48,40.74583333333334,141.23125,2.516
61410199,159,40.74583333333334,141.24375,1.874
61410200,171,40.670833333333334,141.25625,6.1
61410201,6,40.670833333333334,141.26874999999998,6.546
61410202,120,40.670833333333334,141.28125,6.83
61410203,51,40.670833333333334,141.29375,5.914
61410204,41,40.670833333333334,141.30625,4.866
61410205,251,40.670833333333334,141.31875,3.822
61410206,76,40.670833333333334,141.33124999999998,2.784
61410207,1171,40.670833333333334,141.34375,1.767
61410208,1672,40.670833333333334,141.35625,0.845
61410209,2490,40.670833333333334,141.36875,0.446
61410211,42,40.67916666666667,141.26874999999998,5.64
61410212,74,40.67916666666667,141.28125,5.913
61410214,6,40.67916666666667,141.30625,4.844
61410215,19,40.67916666666667,141.31875,3.793
61410216,3,40.67916666666667,141.33124999999998,2.745
61410217,800,40.67916666666667,141.34375,1.705
61410218,3257,40.67916666666667,141.35625,0.706
61410219,4236,40.67916666666667,141.36875,0.48
61410220,98,40.6875,141.25625,4.574
61410221,9,40.6875,141.26874999999998,4.742
61410222,41,40.6875,141.28125,4.994
61410227,87,40.6875,141.34375,2.099
61410228,278,40.6875,141.35625,1.414
61410229,2205,40.6875,141.36875,1.107
61410231,44,40.69583333333333,141.26874999999998,3.857
61410239,2237,40.69583333333333,141.36875,1.127
61410240,33,40.704166666666666,141.25625,2.724
61410242,123,40.704166666666666,141.28125,3.169
61410243,124,40.704166666666666,141.29375,3.552
61410244,25,40.704166666666666,141.30625,4.172
61410246,1,40.704166666666666,141.33124999999998,4.146
61410250,398,40.7125,141.25625,1.802
61410253,227,40.7125,141.29375,2.782
61410254,127,40.7125,141.30625,3.54
61410260,588,40.72083333333333,141.25625,0.889
61410261,86,40.72083333333333,141.26874999999998,1.291
61410262,270,40.72083333333333,141.28125,1.42
61410263,13,40.72083333333333,141.29375,2.141
61410270,1321,40.729166666666664,141.25625,0.227
61410271,1186,40.729166666666664,141.26874999999998,0.434
61410272,391,40.729166666666664,141.28125,0.76
61410280,234,40.737500000000004,141.25625,0.801
61410281,541,40.737500000000004,141.26874999999998,0.492
61410282,172,40.737500000000004,141.28125,0.926
61410290,1,40.74583333333334,141.25625,1.707
61410292,48,40.74583333333334,141.28125,1.689
61410299,86,40.74583333333334,141.36875,6.13
61410300,1183,40.670833333333334,141.38125,0.828
61410301,736,40.670833333333334,141.39374999999998,0.99
61410302,1018,40.670833333333334,141.40625,1.033
61410303,83,40.670833333333334,141.41875,1.838
61410304,382,40.670833333333334,141.43125,2.813
61410310,2283,40.67916666666667,141.38125,0.342
61410311,1268,40.67916666666667,141.39374999999998,0.49
61410312,470,40.67916666666667,141.40625,0.572
61410313,682,40.67916666666667,141.41875,1.624
61410314,241,40.67916666666667,141.43125,2.678
61410320,4512,40.6875,141.38125,0.363
61410321,1652,40.6875,141.39374999999998,0.429
61410322,476,40.6875,141.40625,1.142
61410323,444,40.6875,141.41875,1.901
61410324,282,40.6875,141.43125,2.854
61410330,1061,40.69583333333333,141.38125,0.486
61410331,210,40.69583333333333,141.39374999999998,0.922
61410332,95,40.69583333333333,141.40625,1.684
61410333,4,40.69583333333333,141.41875,2.512
61410334,3,40.69583333333333,141.43125,3.293
61410360,1,40.72083333333333,141.38125,3.265
61410363,44,40.72083333333333,141.41875,4.398
61410372,36,40.729166666666664,141.40625,4.708
61410373,312,40.729166666666664,141.41875,5.185
61410382,175,40.737500000000004,141.40625,5.549
61410383,96,40.737500000000004,141.41875,6.011
61411008,36,40.75416666666667,141.10625,5.009
61411009,47,40.75416666666667,141.11875,3.981
61411019,10,40.7625,141.11875,4.3
61411029,9,40.770833333333336,141.11875,4.779
61411039,121,40.77916666666667,141.11875,5.377
61411047,5,40.7875,141.09375,7.576
61411048,73,40.7875,141.10625,6.778
61411049,23,40.7875,141.11875,6.059
61411059,4,40.795833333333334,141.11875,6.696
61411077,2,40.8125,141.09375,5.695
61411079,110,40.8125,141.11875,4.872
61411088,72,40.82083333333334,141.10625,4.36
61411099,76,40.82916666666667,141.11875,3.084
61411100,66,40.75416666666667,141.13125,2.97
61411101,132,40.75416666666667,141.14374999999998,2.003
61411102,226,40.75416666666667,141.15625,1.192
61411104,233,40.75416666666667,141.18125,1.7
61411105,6,40.75416666666667,141.19375,2.636
61411107,3,40.75416666666667,141.21875,3.037
61411108,29,40.75416666666667,141.23125,3.212
61411109,1,40.75416666666667,141.24375,2.739
61411110,49,40.7625,141.13125,3.385
61411111,67,40.7625,141.14374999999998,2.579
61411112,12,40.7625,141.15625,2.015
61411114,145,40.7625,141.18125,2.351
61411115,96,40.7625,141.19375,2.831
61411118,63,40.7625,141.23125,2.453
61411119,97,40.7625,141.24375,3.128
61411120,62,40.770833333333336,141.13125,3.977
61411121,188,40.770833333333336,141.14374999999998,3.318
61411125,82,40.770833333333336,141.19375,2.23
61411126,234,40.770833333333336,141.20624999999998,1.447
61411127,292,40.770833333333336,141.21875,1.195
61411128,186,40.770833333333336,141.23125,1.726
61411129,67,40.770833333333336,141.24375,2.598
61411130,33,40.77916666666667,141.13125,4.679
61411131,80,40.77916666666667,141.14374999999998,4.133
61411132,103,40.77916666666667,141.15625,3.807
61411133,29,40.77916666666667,141.16875,3.757
61411135,1,40.77916666666667,141.19375,1.911
61411136,515,40.77916666666667,141.20624999999998,0.878
61411137,1121,40.77916666666667,141.21875,0.327
61411138,700,40.77916666666667,141.23125,1.288
61411139,16,40.77916666666667,141.24375,2.329
61411140,8,40.7875,141.13125,5.448
61411141,43,40.7875,141.14374999999998,4.987
61411142,18,40.7875,141.15625,4.721
61411143,3,40.7875,141.16875,4.056
61411145,10,40.7875,141.19375,2.011
61411146,96,40.7875,141.20624999999998,1.08
61411147,259,40.7875,141.21875,0.709
61411148,220,40.7875,141.23125,1.433
61411149,95,40.7875,141.24375,2.412
61411150,28,40.795833333333334,141.13125,6.26
61411151,8,40.795833333333334,141.14374999999998,5.864
61411152,157,40.795833333333334,141.15625,5.3
61411153,44,40.795833333333334,141.16875,4.308
61411155,17,40.795833333333334,141.19375,2.482
61411156,42,40.795833333333334,141.20624999999998,1.811
61411157,36,40.795833333333334,141.21875,1.617
61411158,2,40.795833333333334,141.23125,2.041
61411159,9,40.795833333333334,141.24375,2.816
61411160,53,40.80416666666667,141.13125,5.691
61411161,14,40.80416666666667,141.14374999999998,5.794
61411162,10,40.80416666666667,141.15625,5.649
61411163,33,40.80416666666667,141.16875,4.732
61411164,22,40.80416666666667,141.18125,3.883
61411168,64,40.80416666666667,141.23125,2.828
61411169,28,40.80416666666667,141.24375,3.429
61411170,287,40.8125,141.13125,4.765
61411171,14,40.8125,141.14374999999998,4.887
61411172,37,40.8125,141.15625,5.223
61411173,44,40.8125,141.16875,5.285
61411174,5,40.8125,141.18125,4.542
61411175,27,40.8125,141.19375,3.941
61411176,52,40.8125,141.20624999999998,3.558
61411178,24,40.8125,141.23125,3.68
61411180,3,40.82083333333334,141.13125,3.838
61411182,14,40.82083333333334,141.15625,4.394
61411183,9,40.82083333333334,141.16875,4.991
61411184,23,40.82083333333334,141.18125,5.281
61411185,2,40.82083333333334,141.19375,4.775
61411188,42,40.82083333333334,141.23125,4.561
61411190,51,40.82916666666667,141.13125,2.912
61411192,10,40.82916666666667,141.15625,3.612
61411193,5,40.82916666666667,141.16875,4.319
61411195,2,40.82916666666667,141.19375,5.637
61411203,124,40.75416666666667,141.29375,3.022
61411205,125,40.75416666666667,141.31875,4.574
61411206,49,40.75416666666667,141.33124999999998,5.491
61411208,8,40.75416666666667,141.35625,7.272
61411209,14,40.75416666666667,141.36875,7.045
61411210,2,40.7625,141.25625,3.436
61411211,3,40.7625,141.26874999999998,3.272
61411212,84,40.7625,141.28125,3.439
61411213,81,40.7625,141.29375,3.816
61411214,27,40.7625,141.30625,4.399
61411215,135,40.7625,141.31875,5.134
61411219,53,40.7625,141.36875,7.963
61411221,51,40.770833333333336,141.26874999999998,4.199
61411222,237,40.770833333333336,141.28125,4.33
61411223,24,40.770833333333336,141.29375,4.66
61411224,35,40.770833333333336,141.30625,5.148
61411228,6,40.770833333333336,141.35625,8.235
61411229,104,40.770833333333336,141.36875,8.883
61411230,18,40.77916666666667,141.25625,3.377
61411231,74,40.77916666666667,141.26874999999998,4.428
61411232,155,40.77916666666667,141.28125,5.233
61411234,20,40.77916666666667,141.30625,5.947
61411238,64,40.77916666666667,141.35625,8.756
61411239,56,40.77916666666667,141.36875,9.62
61411240,144,40.7875,141.25625,3.435
61411241,4,40.7875,141.26874999999998,4.472
61411242,42,40.7875,141.28125,5.514
61411244,67,40.7875,141.30625,6.778
61411249,66,40.7875,141.36875,10.155
61411250,5,40.795833333333334,141.25625,3.73
61411251,46,40.795833333333334,141.26874999999998,4.702
61411252,175,40.795833333333334,141.28125,5.702
61411258,31,40.795833333333334,141.35625,9.977
61411259,119,40.795833333333334,141.36875,10.743
61411260,75,40.80416666666667,141.25625,4.212
61411261,23,40.80416666666667,141.26874999999998,5.093
61411262,87,40.80416666666667,141.28125,6.029
61411263,9,40.80416666666667,141.29375,6.998
61411268,89,40.80416666666667,141.35625,10.656
61411271,25,40.8125,141.26874999999998,5.611
61411272,8,40.8125,141.28125,6.472
61411273,52,40.8125,141.29375,7.383
61411280,9,40.82083333333334,141.25625,5.527
61411281,91,40.82083333333334,141.26874999999998,6.224
61411283,5,40.82083333333334,141.29375,7.859
61411290,44,40.82916666666667,141.25625,6.287
61411291,113,40.82916666666667,141.26874999999998,6.908
61411292,40,40.82916666666667,141.28125,7.624
61411293,23,40.82916666666667,141.29375,8.411
61411300,76,40.75416666666667,141.38125,6.972
61411302,288,40.75416666666667,141.40625,7.294
61411310,6,40.7625,141.38125,7.898
61411311,11,40.7625,141.39374999999998,7.973
61411312,164,40.7625,141.40625,8.184
61411320,15,40.770833333333336,141.38125,8.825
61411321,8,40.770833333333336,141.39374999999998,8.892
61411322,306,40.770833333333336,141.40625,9.081
61411330,1,40.77916666666667,141.38125,9.751
61411331,72,40.77916666666667,141.39374999999998,9.812
61411332,96,40.77916666666667,141.40625,9.984
61411340,5,40.7875,141.38125,10.678
61411341,218,40.7875,141.39374999999998,10.733
61411342,165,40.7875,141.40625,10.891
61411351,147,40.795833333333334,141.39374999999998,11.656
61411352,17,40.795833333333334,141.40625,11.801
61411360,7,40.80416666666667,141.38125,12.145
61411361,318,40.80416666666667,141.39374999999998,12.578
61411362,3,40.80416666666667,141.40625,12.713
61412007,2,40.8375,141.09375,3.529
61412009,2,40.8375,141.11875,2.23
61412017,1,40.84583333333333,141.09375,2.794
61412018,14,40.84583333333333,141.10625,2.215
61412019,166,40.84583333333333,141.11875,1.467
61412027,50,40.854166666666664,141.09375,2.109
61412028,565,40.854166666666664,141.10625,1.406
61412029,1240,40.854166666666664,141.11875,1.024
61412038,31,40.8625,141.10625,0.708
61412039,958,40.8625,141.11875,0.273
61412046,11,40.87083333333333,141.08124999999998,2.662
61412047,151,40.87083333333333,141.09375,1.636
61412048,578,40.87083333333333,141.10625,0.688
61412049,726,40.87083333333333,141.11875,0.694
61412055,2,40.87916666666666,141.06875,3.924
61412056,119,40.87916666666666,141.08124999999998,2.962
61412057,466,40.87916666666666,141.09375,2.089
61412063,33,40.887499999999996,141.04375,6.218
61412066,30,40.887499999999996,141.08124999999998,3.49
61412074,35,40.89583333333333,141.05625,5.723
61412075,17,40.89583333333333,141.06875,4.891
61412076,124,40.89583333333333,141.08124999999998,4.16
61412080,34,40.90416666666667,141.00625,4.349
61412081,2,40.90416666666667,141.01874999999998,5.238
61412084,1,40.90416666666667,141.05625,6.292
61412085,110,40.90416666666667,141.06875,5.546
61412090,4,40.9125,141.00625,3.881
61412092,42,40.9125,141.03125,5.857
61412093,189,40.9125,141.04375,6.872
61412094,1,40.9125,141.05625,6.939
61412100,64,40.8375,141.13125,1.985
61412108,8,40.8375,141.23125,6.363
61412110,259,40.84583333333333,141.13125,1.059
61412112,43,40.84583333333333,141.15625,2.386
61412120,691,40.854166666666664,141.13125,0.136
61412125,52,40.854166666666664,141.19375,5.294
61412126,17,40.854166666666664,141.20624999999998,6.345
61412130,1983,40.8625,141.13125,0.409
61412131,294,40.8625,141.14374999999998,1.346
61412135,3,40.8625,141.19375,5.351
61412137,43,40.8625,141.21875,7.437
61412140,2284,40.87083333333333,141.13125,0.896
61412141,1091,40.87083333333333,141.14374999999998,1.652
61412151,199,40.87916666666666,141.14374999999998,2.255
61412152,43,40.87916666666666,141.15625,3.036
61412157,66,40.87916666666666,141.21875,7.853
61412158,7,40.87916666666666,141.23125,8.85
61412162,22,40.887499999999996,141.15625,3.645
61412163,58,40.887499999999996,141.16875,4.431
61412165,4,40.887499999999996,141.19375,6.241
61412168,30,40.887499999999996,141.23125,9.169
61412169,7,40.887499999999996,141.24375,10.145
61412173,60,40.89583333333333,141.16875,5.042
61412174,7,40.89583333333333,141.18125,5.829
61412176,3,40.89583333333333,141.20624999999998,7.596
61412177,4,40.89583333333333,141.21875,8.537
61412178,10,40.89583333333333,141.23125,9.501
61412184,25,40.90416666666667,141.18125,6.44
61412186,5,40.90416666666667,141.20624999999998,8.075
61412188,2,40.90416666666667,141.23125,9.888
61412189,14,40.90416666666667,141.24375,10.05
61412194,3,40.9125,141.18125,7.12
61412195,61,40.9125,141.19375,7.839
61412198,7,40.9125,141.23125,10.343
61412199,5,40.9125,141.24375,9.599
61412200,7,40.8375,141.25625,7.087
61412202,1,40.8375,141.28125,8.296
61412211,26,40.84583333333333,141.26874999999998,8.416
61412214,110,40.84583333333333,141.30625,10.425
61412215,6,40.84583333333333,141.31875,11.213
61412218,218,40.84583333333333,141.35625,11.759
61412219,302,40.84583333333333,141.36875,11.883
61412221,25,40.854166666666664,141.26874999999998,9.218
61412225,13,40.854166666666664,141.31875,11.037
61412226,47,40.854166666666664,141.33124999999998,10.869
61412228,66,40.854166666666664,141.35625,10.835
61412229,60,40.854166666666664,141.36875,10.97
61412231,19,40.8625,141.26874999999998,10.041
61412241,64,40.87083333333333,141.26874999999998,10.88
61412245,35,40.87083333333333,141.31875,9.231
61412246,35,40.87083333333333,141.33124999999998,9.03
61412247,63,40.87083333333333,141.34375,8.948
61412248,102,40.87083333333333,141.35625,8.989
61412249,33,40.87083333333333,141.36875,9.151
61412251,37,40.87916666666666,141.26874999999998,10.308
61412252,56,40.87916666666666,141.28125,9.683
61412253,5,40.87916666666666,141.29375,9.136
61412254,38,40.87916666666666,141.30625,8.682
61412255,60,40.87916666666666,141.31875,8.336
61412256,19,40.87916666666666,141.33124999999998,8.113
61412259,411,40.87916666666666,141.36875,8.248
61412260,28,40.887499999999996,141.25625,10.342
61412261,122,40.887499999999996,141.26874999999998,9.605
61412262,492,40.887499999999996,141.28125,8.93
61412263,364,40.887499999999996,141.29375,8.334
61412264,25,40.887499999999996,141.30625,7.834
61412266,3,40.887499999999996,141.33124999999998,7.198
61412268,22,40.887499999999996,141.35625,7.147
61412269,124,40.887499999999996,141.36875,7.35
61412271,41,40.89583333333333,141.26874999999998,8.942
61412272,46,40.89583333333333,141.28125,8.213
61412274,3,40.89583333333333,141.30625,7.006
61412280,2,40.90416666666667,141.25625,9.17
61412281,47,40.90416666666667,141.26874999999998,8.33
61412282,2,40.90416666666667,141.28125,7.542
61412290,2,40.9125,141.25625,8.673
61412291,31,40.9125,141.26874999999998,7.78
61413000,56,40.920833333333334,141.00625,3.595
61413001,210,40.920833333333334,141.01874999999998,4.631
61413002,381,40.920833333333334,141.03125,5.671
61413010,10,40.92916666666667,141.00625,3.537
61413011,284,40.92916666666667,141.01874999999998,4.585
61413105,114,40.920833333333334,141.19375,8.508
61413108,5,40.920833333333334,141.23125,10.203
61413115,8,40.92916666666667,141.19375,9.222
61413116,18,40.92916666666667,141.20624999999998,9.9
61413118,7,40.92916666666667,141.23125,9.933
61413127,6,40.9375,141.21875,10.783
61413137,3,40.94583333333333,141.21875,10.69
61413178,4,40.979166666666664,141.23125,10.107
61413210,3,40.92916666666667,141.25625,7.916
61413220,6,40.9375,141.25625,7.678
61413221,40,40.9375,141.26874999999998,6.653
61413222,4,40.9375,141.28125,5.636
61413223,173,40.9375,141.29375,4.635
61413224,51,40.9375,141.30625,3.661
61413232,2,40.94583333333333,141.28125,5.457
61413233,61,40.94583333333333,141.29375,4.415
61413244,72,40.954166666666666,141.30625,3.339
61413254,116,40.9625,141.30625,3.549
61413258,319,40.9625,141.35625,1.523
61413259,1627,40.9625,141.36875,2.293
61413268,483,40.97083333333333,141.35625,2.343
61413269,691,40.97083333333333,141.36875,2.903
61413279,202,40.979166666666664,141.36875,3.649
61413281,2,40.987500000000004,141.26874999999998,7.621
61413283,12,40.987500000000004,141.29375,5.944
61413284,88,40.987500000000004,141.30625,5.22
61413285,17,40.987500000000004,141.31875,4.624
61413289,15,40.987500000000004,141.36875,4.463
61413291,4,40.99583333333334,141.26874999999998,8.149
61413292,3,40.99583333333334,141.28125,7.343
61413299,4,40.99583333333334,141.36875,5.314
61413300,5,40.920833333333334,141.38125,4.508
61413350,68,40.9625,141.38125,3.225
61413360,389,40.97083333333333,141.38125,3.684
61414109,1,41.00416666666667,141.24375,10.392
61414119,88,41.0125,141.24375,10.943
61414129,197,41.020833333333336,141.24375,11.542
61414139,121,41.02916666666667,141.24375,12.181
61414149,205,41.0375,141.24375,12.856
61414169,6,41.05416666666667,141.24375,14.291
61414179,17,41.0625,141.24375,15.043
61414189,164,41.07083333333334,141.24375,15.813
61414199,825,41.07916666666667,141.24375,16.599
61414209,190,41.00416666666667,141.36875,6.187
61414210,1,41.0125,141.25625,10.142
61414212,31,41.0125,141.28125,8.701
61414213,1,41.0125,141.29375,8.089
61414219,17,41.0125,141.36875,7.073
61414220,7,41.020833333333336,141.25625,10.786
61414240,21,41.0375,141.25625,12.182
61414241,26,41.0375,141.26874999999998,11.564
61414242,12,41.0375,141.28125,11.012
61414250,12,41.045833333333334,141.25625,12.924
61414251,14,41.045833333333334,141.26874999999998,12.343
61414260,115,41.05416666666667,141.25625,13.688
61414270,10,41.0625,141.25625,14.471
61414280,18,41.07083333333334,141.25625,15.27
61414290,319,41.07916666666667,141.25625,16.083
61414310,81,41.0125,141.38125,7.427
61414340,50,41.0375,141.38125,10.037
61414370,12,41.0625,141.38125,12.718
61414380,67,41.07083333333334,141.38125,13.621
61414381,25,41.07083333333334,141.39374999999998,13.888
61414390,258,41.07916666666667,141.38125,14.527
61414391,231,41.07916666666667,141.39374999999998,14.777
61415109,471,41.0875,141.24375,17.399
61415119,46,41.09583333333333,141.24375,18.211
61415129,4,41.104166666666664,141.24375,19.034
61415139,6,41.1125,141.24375,19.164
61415200,366,41.0875,141.25625,16.908
61415201,2,41.0875,141.26874999999998,16.468
61415210,11,41.09583333333333,141.25625,17.742
61415220,136,41.104166666666664,141.25625,18.586
61415230,193,41.1125,141.25625,19.325
61415240,103,41.12083333333333,141.25625,18.414
61415241,24,41.12083333333333,141.26874999999998,18.641
61415251,402,41.12916666666666,141.26874999999998,17.743
61415252,127,41.12916666666666,141.28125,18.039
61415261,13,41.137499999999996,141.26874999999998,16.849
61415262,93,41.137499999999996,141.28125,17.16
61415272,9,41.14583333333333,141.28125,16.287
61415292,9,41.1625,141.28125,14.559
61415300,61,41.0875,141.38125,15.435
61415301,669,41.0875,141.39374999999998,15.67
61415310,2,41.09583333333333,141.38125,16.345
61415311,585,41.09583333333333,141.39374999999998,16.568
61415320,17,41.104166666666664,141.38125,17.257
61415321,398,41.104166666666664,141.39374999999998,17.468
61415331,171,41.1125,141.39374999999998,18.371
61415351,154,41.12916666666666,141.39374999999998,20.183
61415361,385,41.137499999999996,141.39374999999998,21.092
61415370,143,41.14583333333333,141.38125,20.702
61415371,148,41.14583333333333,141.39374999999998,21.421
61415380,329,41.15416666666667,141.38125,20.027
61415381,48,41.15416666666667,141.39374999999998,20.768
61415390,319,41.1625,141.38125,19.372
61415391,126,41.1625,141.39374999999998,20.137
61416023,60,41.1875,141.04375,14.849
61416024,15,41.1875,141.05625,14.135
61416025,7,41.1875,141.06875,13.464
61416030,449,41.19583333333333,141.00625,16.643
61416031,161,41.19583333333333,141.01874999999998,15.803
61416035,41,41.19583333333333,141.06875,12.749
61416040,231,41.204166666666666,141.00625,16.123
61416045,7,41.204166666666666,141.06875,12.063
61416046,67,41.204166666666666,141.08124999999998,11.366
61416047,14,41.204166666666666,141.09375,10.725
61416050,4,41.2125,141.00625,15.64
61416052,7,41.2125,141.03125,13.867
61416053,4,41.2125,141.04375,13.016
61416056,2,41.2125,141.08124999999998,10.671
61416057,47,41.2125,141.09375,9.986
61416058,5,41.2125,141.10625,9.368
61416059,17,41.2125,141.11875,8.831
61416066,14,41.22083333333333,141.08124999999998,10.014
61416069,52,41.22083333333333,141.11875,8.025
61416078,10,41.229166666666664,141.10625,7.894
61416079,188,41.229166666666664,141.11875,7.248
61416089,41,41.237500000000004,141.11875,6.51
61416160,69,41.22083333333333,141.13125,7.537
61416170,62,41.229166666666664,141.13125,6.704
61416179,17,41.229166666666664,141.24375,6.51
61416180,105,41.237500000000004,141.13125,5.899
61416189,15,41.237500000000004,141.24375,5.662
61416190,316,41.24583333333334,141.13125,5.134
61416198,5,41.24583333333334,141.23125,4.408
61416199,191,41.24583333333334,141.24375,4.842
61416202,6,41.170833333333334,141.28125,13.708
61416209,2,41.170833333333334,141.36875,17.976
61416212,221,41.17916666666667,141.28125,12.867
61416222,198,41.1875,141.28125,12.038
61416231,65,41.19583333333333,141.26874999999998,10.744
61416232,250,41.19583333333333,141.28125,11.225
61416241,165,41.204166666666666,141.26874999999998,9.912
61416242,89,41.204166666666666,141.28125,10.431
61416251,25,41.2125,141.26874999999998,9.097
61416260,13,41.22083333333333,141.25625,7.786
61416261,2,41.22083333333333,141.26874999999998,8.307
61416262,4,41.22083333333333,141.28125,8.92
61416263,2,41.22083333333333,141.29375,9.608
61416270,101,41.229166666666664,141.25625,6.97
61416271,19,41.229166666666664,141.26874999999998,7.547
61416275,4,41.229166666666664,141.31875,10.598
61416280,31,41.237500000000004,141.25625,6.185
61416281,89,41.237500000000004,141.26874999999998,6.829
61416290,33,41.24583333333334,141.25625,5.445
61416291,8,41.24583333333334,141.26874999999998,6.166
61416300,3,41.170833333333334,141.38125,18.74
61416361,150,41.22083333333333,141.39374999999998,16.521
61416371,381,41.229166666666664,141.39374999999998,16.132
61416372,37,41.229166666666664,141.40625,17.086
61416381,147,41.237500000000004,141.39374999999998,15.765
61416391,16,41.24583333333334,141.39374999999998,15.446
61417100,745,41.25416666666667,141.13125,4.433
61417101,1209,41.25416666666667,141.14374999999998,3.774
61417107,19,41.25416666666667,141.21875,3.273
61417108,93,41.25416666666667,141.23125,3.542
61417109,15,41.25416666666667,141.24375,4.069
61417111,773,41.2625,141.14374999999998,3.041
61417112,162,41.2625,141.15625,2.454
61417117,295,41.2625,141.21875,2.354
61417118,46,41.2625,141.23125,2.715
61417119,7,41.2625,141.24375,3.374
61417122,420,41.270833333333336,141.15625,1.657
61417126,1216,41.270833333333336,141.20624999999998,1.562
61417127,1038,41.270833333333336,141.21875,1.445
61417128,29,41.270833333333336,141.23125,1.979
61417129,16,41.270833333333336,141.24375,2.816
61417132,881,41.27916666666667,141.15625,1.088
61417133,511,41.27916666666667,141.16875,0.38
61417134,2,41.27916666666667,141.18125,0.477
61417135,955,41.27916666666667,141.19375,0.628
61417136,3094,41.27916666666667,141.20624999999998,0.838
61417137,503,41.27916666666667,141.21875,0.591
61417138,8,41.27916666666667,141.23125,1.476
61417139,32,41.27916666666667,141.24375,2.425
61417142,1090,41.2875,141.15625,1.157
61417143,2504,41.2875,141.16875,0.409
61417144,1533,41.2875,141.18125,0.218
61417145,2121,41.2875,141.19375,0.524
61417146,3498,41.2875,141.20624999999998,0.686
61417147,1620,41.2875,141.21875,0.269
61417148,447,41.2875,141.23125,1.099
61417149,8,41.2875,141.24375,2.127
61417152,687,41.295833333333334,141.15625,1.792
61417153,1002,41.295833333333334,141.16875,1.011
61417154,860,41.295833333333334,141.18125,0.422
61417155,1903,41.295833333333334,141.19375,0.258
61417156,2251,41.295833333333334,141.20624999999998,0.247
61417157,2245,41.295833333333334,141.21875,0.659
61417158,853,41.295833333333334,141.23125,1.253
61417159,165,41.295833333333334,141.24375,2.157
61417162,182,41.30416666666667,141.15625,2.379
61417163,7,41.30416666666667,141.16875,1.623
61417164,23,41.30416666666667,141.18125,1.337
61417165,943,41.30416666666667,141.19375,1.041
61417166,792,41.30416666666667,141.20624999999998,0.898
61417167,2048,41.30416666666667,141.21875,0.128
61417168,389,41.30416666666667,141.23125,0.925
61417169,6,41.30416666666667,141.24375,1.969
61417172,8,41.3125,141.15625,2.997
61417173,5,41.3125,141.16875,2.441
61417174,10,41.3125,141.18125,2.253
61417175,20,41.3125,141.19375,1.954
61417177,105,41.3125,141.21875,0.869
61417178,81,41.3125,141.23125,1.34
61417185,3,41.32083333333334,141.19375,2.634
61417186,15,41.32083333333334,141.20624999999998,1.995
61417187,98,41.32083333333334,141.21875,1.789
61417188,12,41.32083333333334,141.23125,2.111
61417189,118,41.32083333333334,141.24375,2.734
61417197,119,41.32916666666667,141.21875,2.713
61417200,54,41.25416666666667,141.25625,4.77
61417210,6,41.2625,141.25625,4.193
61417217,46,41.2625,141.34375,10.902
61417220,15,41.270833333333336,141.25625,3.758
61417221,1,41.270833333333336,141.26874999999998,4.705
61417222,112,41.270833333333336,141.28125,5.657
61417223,7,41.270833333333336,141.29375,6.637
61417226,10,41.270833333333336,141.33124999999998,9.658
61417227,46,41.270833333333336,141.34375,10.68
61417230,19,41.27916666666667,141.25625,3.374
61417231,7,41.27916666666667,141.26874999999998,4.366
61417236,611,41.27916666666667,141.33124999999998,9.497
61417240,19,41.2875,141.25625,3.166
61417246,113,41.2875,141.33124999999998,9.425
61417250,115,41.295833333333334,141.25625,3.139
61417251,18,41.295833333333334,141.26874999999998,4.151
61417256,28,41.295833333333334,141.33124999999998,9.32
61417260,20,41.30416666666667,141.25625,3.013
61417261,57,41.30416666666667,141.26874999999998,4.057
61417262,1,41.30416666666667,141.28125,5.101
61417266,149,41.30416666666667,141.33124999999998,9.277
61417271,74,41.3125,141.26874999999998,4.171
61417276,17,41.3125,141.33124999999998,9.327
61417280,4,41.32083333333334,141.25625,3.56
61417281,7,41.32083333333334,141.26874999999998,4.478
61417282,41,41.32083333333334,141.28125,5.442
61417284,30,41.32083333333334,141.30625,7.434
61417285,71,41.32083333333334,141.31875,8.448
61417293,95,41.32916666666667,141.29375,6.762
61417294,44,41.32916666666667,141.30625,7.722
61417320,34,41.270833333333336,141.38125,13.765
61417321,7,41.270833333333336,141.39374999999998,14.798
61417341,2,41.2875,141.39374999999998,14.612
61417351,36,41.295833333333334,141.39374999999998,14.526
62400646,58,41.37083333333334,140.83124999999998,17.946
62400676,87,41.395833333333336,140.83124999999998,15.387
62400686,17,41.404166666666676,140.83124999999998,14.552
62400688,49,41.404166666666676,140.85625,13.75
62400698,3,41.41250000000001,140.85625,12.875
62401607,26,41.42083333333334,140.84375,12.429
62401608,71,41.42083333333334,140.85625,12.009
62401618,400,41.429166666666674,140.85625,11.152
62401619,428,41.429166666666674,140.86875,10.783
62401629,188,41.43750000000001,140.86875,9.907
62401639,87,41.44583333333334,140.86875,9.041
62401730,1,41.44583333333334,140.88125,8.707
62401740,152,41.45416666666667,140.88125,7.818
62401750,41,41.462500000000006,140.88125,6.939
62401761,123,41.47083333333334,140.89374999999998,5.756
62401772,3,41.47916666666667,140.90625,4.692
62401779,21,41.47916666666667,140.99375,8.105
62401782,414,41.48750000000001,140.90625,3.767
62401789,506,41.48750000000001,140.99375,7.529
62401792,360,41.495833333333344,140.90625,2.842
62401794,1,41.495833333333344,140.93125,3.379
62401797,56,41.495833333333344,140.96875,5.318
62401798,34,41.495833333333344,140.98125,6.144
62402702,76,41.50416666666667,140.90625,1.921
62402704,2,41.50416666666667,140.93125,2.651
62402706,12,41.50416666666667,140.95624999999998,3.924
62402707,260,41.50416666666667,140.96875,4.765
62402716,2,41.5125,140.95624999999998,3.398
62402717,55,41.5125,140.96875,4.342
62402721,51,41.520833333333336,140.89374999999998,1.28
62402722,479,41.520833333333336,140.90625,0.244
62402723,30,41.520833333333336,140.91875,0.7
62402724,46,41.520833333333336,140.93125,1.14
62402732,997,41.52916666666667,140.90625,0.906
62402733,713,41.52916666666667,140.91875,0.273
62402734,174,41.52916666666667,140.93125,0.94
62402742,400,41.5375,140.90625,1.653
62402743,452,41.5375,140.91875,1.173
62402744,23,41.5375,140.93125,1.478
62402752,74,41.545833333333334,140.90625,2.398
62402753,300,41.545833333333334,140.91875,2.096
62410055,3,41.37916666666667,141.06875,6.96
62410068,2,41.3875,141.10625,3.704
62410069,64,41.3875,141.11875,2.689
62410106,2,41.337500000000006,141.20624999999998,3.744
62410107,8,41.337500000000006,141.21875,3.639
62410108,5,41.337500000000006,141.23125,3.827
62410109,6,41.337500000000006,141.24375,4.236
62410116,103,41.34583333333334,141.20624999999998,4.649
62410117,29,41.34583333333334,141.21875,4.565
62410118,10,41.34583333333334,141.23125,4.716
62410119,12,41.34583333333334,141.24375,5.075
62410124,50,41.35416666666667,141.18125,5.148
62410125,9,41.35416666666667,141.19375,5.75
62410126,333,41.35416666666667,141.20624999999998,5.562
62410127,22,41.35416666666667,141.21875,5.491
62410129,5,41.35416666666667,141.24375,5.927
62410136,24,41.362500000000004,141.20624999999998,5.48
62410143,11,41.37083333333334,141.16875,3.022
62410146,77,41.37083333333334,141.20624999999998,4.73
62410147,194,41.37083333333334,141.21875,5.45
62410148,20,41.37083333333334,141.23125,6.262
62410151,99,41.37916666666667,141.14374999999998,1.724
62410153,8,41.37916666666667,141.16875,2.285
62410155,81,41.37916666666667,141.19375,3.36
62410156,234,41.37916666666667,141.20624999999998,4.055
62410160,19,41.3875,141.13125,1.707
62410161,5,41.3875,141.14374999999998,0.881
62410162,34,41.3875,141.15625,0.901
62410163,2,41.3875,141.16875,1.738
62410164,224,41.3875,141.18125,2.025
62410165,284,41.3875,141.19375,2.66
62410170,25,41.395833333333336,141.13125,1.56
62410172,917,41.395833333333336,141.15625,0.576
62410173,445,41.395833333333336,141.16875,0.894
62410174,513,41.395833333333336,141.18125,1.266
62410182,870,41.404166666666676,141.15625,1.18
62410183,1640,41.404166666666676,141.16875,0.143
62410184,69,41.404166666666676,141.18125,0.907
62410192,311,41.41250000000001,141.15625,1.526
62410193,291,41.41250000000001,141.16875,0.979
62410205,3,41.337500000000006,141.31875,9.045
62410206,8,41.337500000000006,141.33124999999998,10.005
62410208,2,41.337500000000006,141.35625,11.966
62410209,61,41.337500000000006,141.36875,12.961
62410215,4,41.34583333333334,141.31875,9.467
62410216,8,41.34583333333334,141.33124999999998,10.387
62410225,8,41.35416666666667,141.31875,9.957
62410226,184,41.35416666666667,141.33124999999998,10.835
62410227,152,41.35416666666667,141.34375,11.741
62410228,48,41.35416666666667,141.35625,12.668
62410237,112,41.362500000000004,141.34375,12.21
62410238,22,41.362500000000004,141.35625,13.104
62410341,36,41.37083333333334,141.39374999999998,16.297
62410342,5,41.37083333333334,141.40625,17.231
62410345,320,41.37083333333334,141.44375,20.1
62410352,27,41.37916666666667,141.40625,17.651
62410362,174,41.3875,141.40625,18.109
62410375,204,41.395833333333336,141.44375,21.285
62410385,37,41.404166666666676,141.44375,21.745
62410395,29,41.41250000000001,141.44375,22.234
62411039,16,41.44583333333334,141.11875,6.319
62411048,19,41.45416666666667,141.10625,7.612
62411049,178,41.45416666666667,141.11875,7.065
62411057,108,41.462500000000006,141.09375,8.936
62411058,169,41.462500000000006,141.10625,8.438
62411066,62,41.47083333333334,141.08124999999998,10.279
62411067,146,41.47083333333334,141.09375,9.738
62411071,8,41.47916666666667,141.01874999999998,9.772
62411072,58,41.47916666666667,141.03125,10.66
62411073,19,41.47916666666667,141.04375,11.573
62411076,2,41.47916666666667,141.08124999999998,11.061
62411080,32,41.48750000000001,141.00625,8.396
62411102,119,41.42083333333334,141.15625,2.232
62411120,33,41.43750000000001,141.13125,4.97
62411130,10,41.44583333333334,141.13125,5.702
