company,store_name,address,place_id,latitude,longitude,source
ツルハドラッグ,ツルハドラッグ 狸小路5丁目店,北海道札幌市南2条西5丁目18番地,official_b175082be042e1f8,43.057019,141.35035,official_tsuruha
ツルハドラッグ,ツルハドラッグ 北10条西店,北海道札幌市北10条西3丁目9-2,official_962e43107fabdc82,43.073482034305584,141.34979992385757,official_tsuruha
ツルハドラッグ,調剤薬局ツルハドラッグ 北6条店,北海道札幌市北六条東三丁目１番地１,official_e4e6392d92ac88c2,43.06959485,141.3585528,official_tsuruha
ツルハドラッグ,ツルハドラッグ 北6条店,北海道札幌市北６条東３丁目1-1,official_afb25ada97b98cc3,43.069708,141.359371,official_tsuruha
ツルハドラッグ,ツルハドラッグ 北12条駅前店,北海道札幌市北12条西3丁目1番6号,official_2e3bd391e542d091,43.07510367490782,141.34936585139198,official_tsuruha
ツルハドラッグ,ツルハドラッグ 南6条店,北海道札幌市南6条西9丁目1018番地2,official_c7f1bee775d37c43,43.05250492716899,141.3443727920229,official_tsuruha
ツルハドラッグ,ツルハドラッグ 桑園店,北海道札幌市北9条西15丁目2,official_a3a4a99367da5156,43.06965347747227,141.3316244251145,official_tsuruha
ツルハドラッグ,調剤薬局クスリのツルハ 北大前店,北海道札幌市北14条西4丁目1番17号,official_3c10248a20779aa1,43.07722858674275,141.34650587366892,official_tsuruha
ツルハドラッグ,ツルハドラッグ 西線店,北海道札幌市南4条西15丁目2-1,official_063ba694865648df,43.05361299156948,141.3345354490738,official_tsuruha
ツルハドラッグ,調剤薬局ツルハドラッグ 北4条店,北海道札幌市北4条西18丁目8番1,official_0a6af4cbadf1fb2e,43.06342660651242,141.32763474833513,official_tsuruha
ツルハドラッグ,ツルハドラッグ 北10条店,北海道札幌市北10条東5丁目1-40,official_355252ce5bd82661,43.074482012891814,141.3615575141035,official_tsuruha
ツルハドラッグ,調剤薬局ツルハドラッグ 南8条店,北海道札幌市南８条西７丁目1037-27,official_11a8db997668cfcf,43.04900244124498,141.34904520959142,official_tsuruha
ツルハドラッグ,ツルハドラッグ 豊平5条店,北海道札幌市豊平5条2丁目3番11号,official_65f2b267a4dc66e4,43.05217407976548,141.36655973121043,official_tsuruha
ツルハドラッグ,調剤薬局ツルハドラッグ 北12条店,北海道札幌市北12条東8丁目3番1,official_d86611c7c2c40863,43.07767561655361,141.36499456304557,official_tsuruha
ツルハドラッグ,ツルハドラッグ 北12条店,北海道札幌市北12条東8丁目1番15号,official_1372a570c9005529,43.0777142120279,141.36500623067116,official_tsuruha
ツルハドラッグ,ツルハドラッグ 円山店,北海道札幌市北1条西24丁目4-1,official_dfab9685ecfb5673,43.058706,141.320543,official_tsuruha
ツルハドラッグ,ツルハドラッグ 行啓通店,北海道札幌市南14条西9丁目3-41,official_1884902865825f59,43.040717679475954,141.346183111525,official_tsuruha
ツルハドラッグ,調剤薬局ツルハドラッグ 旭ヶ丘8条店,北海道札幌市南8条西24丁目2-10,official_7a1ec1618fef9861,43.0466166,141.32354,official_tsuruha
ツルハドラッグ,ツルハドラッグ 北円山店,北海道札幌市北2条西28丁目1番26号,official_2f4dfa586a004f46,43.0589675650604,141.314062163614,official_tsuruha
ツルハドラッグ,ツルハドラッグ 南14条店,北海道札幌市南14条西14丁目,official_57411bd32cb22de9,43.04052026906729,141.33675801165677,official_tsuruha
ツルハドラッグ,ツルハドラッグ 菊水3条店,北海道札幌市菊水3条5丁目2-25,official_4ceb5be4fa3ed50f,43.05267307072356,141.37797942140642,official_tsuruha
ツルハドラッグ,ツルハドラッグ 北24条中央店,北海道札幌市北24条西4丁目2番8号,official_89c75ec2d1d7b1f7,43.0905104854694,141.343133261462,official_tsuruha
ツルハドラッグ,ツルハドラッグ 北24条店,北海道札幌市北24条西4丁目1番20号,official_fd2cd3dd8d5edf66,43.090777,141.344277,official_tsuruha
ツルハドラッグ,調剤薬局ツルハドラッグ北24条西店,北海道札幌市北24条西9丁目1番1号,official_6925c567b8523d99,43.08998216492751,141.33594128836063,official_tsuruha
ツルハドラッグ,ツルハドラッグ 豊平4条店,北海道札幌市豊平4条9丁目3-1,official_9cd0a4c4766ebeec,43.047008437551646,141.37555955464262,official_tsuruha
ツルハドラッグ,調剤薬局ツルハドラッグ 北18条東店,北海道札幌市北18条東15丁目1番10号,official_cee59ba50fe80696,43.085417878982376,141.3727828554361,official_tsuruha
ツルハドラッグ,調剤薬局ツルハドラッグ 東札幌店,北海道札幌市東札幌1条1丁目7番1号,official_ead928dd1aa2125c,43.049671068796606,141.3805331948927,official_tsuruha
ツルハドラッグ,ツルハドラッグ 平岸店,北海道札幌市平岸3条3丁目6番1号,official_22db49cb1eb44ae9,43.039656,141.370924,official_tsuruha
ツルハドラッグ,調剤薬局ツルハドラッグ 宮の森3条店,北海道札幌市宮の森三条六丁目2-15,official_0f19b86afe663bba,43.062587402768216,141.3055365580377,official_tsuruha
ツルハドラッグ,ツルハドラッグ 菊水上町店,北海道札幌市菊水上町3条2丁目52番429,official_5b3759f541a8bda7,43.0643494437124,141.38923078282065,official_tsuruha
ツルハドラッグ,ツルハドラッグ 南20条店,北海道札幌市南20条西14丁目1-32,official_df828569968d9f65,43.032734817812226,141.33789060482408,official_tsuruha
ツルハドラッグ,ツルハドラッグ 琴似駅東口店,北海道札幌市八軒1条東1丁目4-1,official_0e26596b0203f375,43.08133494711,141.3093421650297,official_tsuruha
ツルハドラッグ,調剤薬局ツルハドラッグ 八軒4条店,北海道札幌市八軒4条西1丁目1番1号,official_760845ab311072e5,43.0853564,141.3130579,official_tsuruha
ツルハドラッグ,調剤薬局クスリのツルハ 琴似店,北海道札幌市琴似1条2丁目6番8号,official_b13e27210807d185,43.07917716755747,141.30689969617637,official_tsuruha
ツルハドラッグ,調剤薬局ツルハドラッグ 琴似中央店,北海道札幌市琴似2条4丁目2番1号,official_79a0a7213ccfcef9,43.076675,141.303397,official_tsuruha
ツルハドラッグ,ツルハドラッグ 美園１条店,北海道札幌市美園1条2丁目3番1号,official_6970257e0b0cfec2,43.04534438228253,141.38585058746224,official_tsuruha
ツルハドラッグ,ツルハドラッグ 南22条店,北海道札幌市南22条西10丁目5-1,official_74318c82fed730e6,43.030069957558574,141.34532193596368,official_tsuruha
ツルハドラッグ,ツルハドラッグ 元町駅前店,北海道札幌市北23条東16丁目1-11,official_d25f6115ce3a377e,43.09343442651572,141.37205506111928,official_tsuruha
ツルハドラッグ,ツルハドラッグ 本町店,北海道札幌市本町２条４丁目8番16号,official_ee2e326f8a62862c,43.08008567001168,141.3890262155934,official_tsuruha
ツルハドラッグ,調剤薬局ツルハドラッグ 山の手店,北海道札幌市山の手1条6丁目4-16,official_565379c99ddcedae,43.06640462881733,141.29944608834325,official_tsuruha
ツルハドラッグ,ツルハドラッグ 北26条店,北海道札幌市北26条東15丁目1-15,official_7aee473e4f1e0682,43.09695517040841,141.36962791754013,official_tsuruha
ツルハドラッグ,ツルハドラッグ クレッセ琴似店,北海道札幌市琴似3条7丁目5番1号,official_d5fba58363f5a8fa,43.074727401104006,141.29798696368266,official_tsuruha
ツルハドラッグ,ツルハドラッグ 平岸3条店,北海道札幌市平岸3条10丁目4番6号,official_547ee484860a9a94,43.03077618208643,141.37160350994546,official_tsuruha
ツルハドラッグ,ツルハドラッグ 菊水元町店,北海道札幌市菊水元町2条2丁目2番1号,official_92f550cd4789332d,43.066862947664106,141.39966426448746,official_tsuruha
ツルハドラッグ,ツルハドラッグ 新川3条店,北海道札幌市新川3条3丁目1番12号,official_521ccf6c04f5608c,43.0983498628235,141.3199634813466,official_tsuruha
ツルハドラッグ,ツルハドラッグ 北35条店,北海道札幌市北35条東3丁目1-1,official_882d9a2b302a9179,43.103523833078924,141.35053102917954,official_tsuruha
ツルハドラッグ,ツルハドラッグ 元町店,北海道札幌市北24条東20丁目1-21,official_fc2ae856f5aa2bfc,43.09479664494672,141.3822677777024,official_tsuruha
ツルハドラッグ,ツルハドラッグ 白石駅前店,北海道札幌市東札幌3条6丁目1番20号,official_10b9c721be021617,43.046514973081756,141.39638311228381,official_tsuruha
ツルハドラッグ,ツルハドラッグ 八軒店,北海道札幌市八軒6条西6丁目3番1号,official_6bd9bc0f896e489d,43.092262466366826,141.30704747275684,official_tsuruha
ツルハドラッグ,ツルハドラッグ 伏古店,北海道札幌市伏古5条4丁目,official_b67c466fe0140e9a,43.0867052909236,141.39317941827827,official_tsuruha
ツルハドラッグ,ツルハドラッグ 中の島2条店,北海道札幌市中の島二条9丁目4番21号,official_96f9d6fa42329463,43.02281183939354,141.3573093521843,official_tsuruha
ツルハドラッグ,ツルハドラッグ 北36条西店,北海道札幌市北36条西9丁目2番10号,official_4b1f04b1c7695e7b,43.10553520870105,141.3326865079795,official_tsuruha
ツルハドラッグ,ツルハドラッグ 新道元町店,北海道札幌市北26条東21丁目7番1号,official_7c33fbffa71dc0c9,43.09866028676269,141.38329654078188,official_tsuruha
ツルハドラッグ,ツルハ薬局 西町店,北海道札幌市西町南5丁目4番15号,official_4daf7a173a7818ed,43.076298914117714,141.2879640906582,official_tsuruha
ツルハドラッグ,ツルハドラッグ 発寒中央駅前店,北海道札幌市発寒10条3丁目1-10,official_eec3f794fa7b8879,43.089472,141.29548,official_tsuruha
ツルハドラッグ,ツルハドラッグ 麻生店,北海道札幌市北40条西5丁目4番20号,official_9b35edd4890dc248,43.10921887458573,141.3368264361763,official_tsuruha
ツルハドラッグ,ツルハドラッグ 北41条店,北海道札幌市北41条東5丁目2番18号,official_14b3acee09601100,43.110243783843764,141.35249363710253,official_tsuruha
ツルハドラッグ,ツルハドラッグ 北郷店,北海道札幌市北郷2条3丁目3-10,official_8d526d50e5f4e09e,43.06057801406025,141.4101305585543,official_tsuruha
ツルハドラッグ,ツルハドラッグ 月寒店,北海道札幌市月寒中央通6丁目1-8,official_b6c1110812d793c0,43.03225989704789,141.3944439674938,official_tsuruha
ツルハドラッグ,調剤薬局ツルハドラッグ 西町北店,北海道札幌市西町北10丁目1番6号,official_90396c00dcca9f95,43.081325,141.286068,official_tsuruha
ツルハドラッグ,ツルハドラッグ 平和通店,北海道札幌市平和通2丁目北9番3号,official_d39604e2fad799b9,43.05316319,141.4105546,official_tsuruha
ツルハドラッグ,調剤薬局ツルハドラッグ 菊水元町8条店,北海道札幌市菊水元町8条2丁目1番1号,official_db89afbc154fd8a9,43.073648,141.411584,official_tsuruha
ツルハドラッグ,ツルハドラッグ 北35条東店,北海道札幌市北35条東19丁目１番15号,official_2ba2226e21f7b3ca,43.107893415772516,141.37504555092622,official_tsuruha
ツルハドラッグ,ツルハドラッグ 新琴似1条店,北海道札幌市新琴似1条7丁目9番35号,official_5fd2bbb4682ad0bc,43.10781405398164,141.31637482155193,official_tsuruha
ツルハドラッグ,ツルハドラッグ 伏古11条店,北海道札幌市伏古１１条４丁目1番７号,official_8ba6179e7f36b981,43.09554297263036,141.4003830291114,official_tsuruha
ツルハドラッグ,ツルハドラッグ 澄川3条店,北海道札幌市澄川3条3丁目3番7号,official_a07ccc32f592b983,43.015373064460704,141.36590929998528,official_tsuruha
ツルハドラッグ,ツルハドラッグ 新琴似店,北海道札幌市新琴似10条2丁目1番10号,official_8abc409214e4886e,43.115184402934915,141.33605969590892,official_tsuruha
ツルハドラッグ,ツルハドラッグ 新琴似7条店,北海道札幌市新琴似７条6丁目2番1号,official_57eae58fa582980b,43.11421830913959,141.3254243975533,official_tsuruha
ツルハドラッグ,調剤薬局ツルハドラッグ 発寒13条店,北海道札幌市発寒13条4丁目13番85号,official_9cf815b367b07d46,43.09950204665454,141.29236835805258,official_tsuruha
ツルハドラッグ,ツルハドラッグ 西岡3条店,北海道札幌市西岡3条2丁目3番5号,official_5903c6670aa8f133,43.02058156948641,141.38929873352205,official_tsuruha
ツルハドラッグ,調剤薬局ツルハドラッグ 澄川6条店,北海道札幌市澄川6条3丁目2番36号,official_7cafb19a3cee320e,43.012939604734115,141.37504259710835,official_tsuruha
ツルハドラッグ,ツルハドラッグ 東苗穂7条店,北海道札幌市東苗穂7条3丁目2番1号,official_1d889988d1db2f2f,43.093497,141.412283,official_tsuruha
ツルハドラッグ,ツルハドラッグ 福井店,北海道札幌市福井3丁目14番40号,official_9f83c4d3b6e02587,43.056843,141.269864,official_tsuruha
ツルハドラッグ,調剤薬局ツルハドラッグ 西野3条店,北海道札幌市西野3条8丁目9番18号,official_61bd5ccf0f5aeaa9,43.078715,141.27158,official_tsuruha
ツルハドラッグ,ツルハドラッグ 栄町店,北海道札幌市北49条東15丁目723-1,official_bcb6bd3e9249d9d0,43.121350520974154,141.3646511184547,official_tsuruha
ツルハドラッグ,ツルハドラッグ 北50条店,北海道札幌市北５０条東８丁目１番３８号,official_73a1b424e87ba026,43.12277982058261,141.354585090716,official_tsuruha
ツルハドラッグ,調剤薬局ツルハドラッグ 新琴似4番通店,北海道札幌市新琴似7条12丁目1番33号,official_83cde1a794905a1e,43.11960737894848,141.31719742297946,official_tsuruha
ツルハドラッグ,ツルハドラッグ 白石本通店,北海道札幌市本通11丁目南7番9号,official_fde30b62ef8b1d3d,43.041552,141.422777,official_tsuruha
ツルハドラッグ,ツルハドラッグ 西野7条店,北海道札幌市西野7条7丁目3-3,official_96269d67928b6b3a,43.06978456753161,141.26480809618076,official_tsuruha
ツルハドラッグ,ツルハドラッグ 栄通店,北海道札幌市栄通14丁目2番1号,official_b6951ce41c4b7b11,43.03267665156524,141.420050559306,official_tsuruha
ツルハドラッグ,ツルハドラッグ 西岡店,北海道札幌市西岡3条9丁目1番1号,official_dbb8ac9f5cac1bf6,43.006064102715186,141.38422690561592,official_tsuruha
ツルハドラッグ,クスリのツルハ 川沿店,北海道札幌市川沿1条1丁目2-45,official_d02926735d749f3f,43.000247,141.337008,official_tsuruha
ツルハドラッグ,ツルハドラッグ 宮の沢店,北海道札幌市宮の沢1条4丁目8-27,official_725a27ec31b2d7e0,43.09425339,141.2689769,official_tsuruha
ツルハドラッグ,ツルハドラッグ 発寒8条店,北海道札幌市発寒8条14丁目516-458,official_a9b2a4bd5725c6b5,43.100221,141.2723645,official_tsuruha
ツルハドラッグ,ツルハドラッグ 東苗穂店,北海道札幌市東苗穂12条3丁目1-10,official_3237e519299d891d,43.10380031696584,141.42084755013022,official_tsuruha
ツルハドラッグ,ツルハドラッグ 屯田5条店,北海道札幌市屯田5条5丁目3番6号,official_67521f525eeca867,43.130967501362306,141.3328482564661,official_tsuruha
ツルハドラッグ,ツルハドラッグ 東雁来店,北海道札幌市東雁来10条3丁目1-5,official_0d4a5ec7975e33e8,43.096445061436285,141.42937682701302,official_tsuruha
ツルハドラッグ,ツルハドラッグ 北郷4条店,北海道札幌市北郷4条13丁目3番1号,official_71344c1f21ff8e7e,43.05261968273979,141.44021351778423,official_tsuruha
ツルハドラッグ,調剤薬局ツルハドラッグ 北郷4条店,北海道札幌市北郷4条13丁目3-1,official_00a64ccb15f1c85b,43.05263742051845,141.44023651771818,official_tsuruha
ツルハドラッグ,ツルハドラッグ 屯田6条店,北海道札幌市屯田6条3丁目4番14号,official_be1527fc8ae11f68,43.1336193,141.3387764,official_tsuruha
ツルハドラッグ,ツルハドラッグ 月寒東２条店,北海道札幌市月寒東2条18丁目163番12,official_eb99c499a663e122,43.01720016235591,141.42258703779518,official_tsuruha
ツルハドラッグ,調剤薬局ツルハドラッグ 月寒東２条店,北海道札幌市月寒東2条18丁目7-40,official_5eb8c30819da3330,43.01720335207766,141.42259610936037,official_tsuruha
ツルハドラッグ,ツルハドラッグ 大谷地店,北海道札幌市南郷通18丁目南5-20,official_027ac441e4bdb88b,43.02950459230602,141.43467926539924,official_tsuruha
ツルハドラッグ,ツルハドラッグ 百合が原店,北海道札幌市百合が原9丁目14番１,official_7c4a1ba621c3eba6,43.13655693303117,141.36657361834835,official_tsuruha
ツルハドラッグ,ツルハドラッグ 北野6条店,北海道札幌市北野6条2丁目14-10,official_94ce9a091d447186,43.022536086849776,141.4342230502589,official_tsuruha
ツルハドラッグ,ツルハドラッグ 南郷20丁目店,北海道札幌市南郷20丁目南4番15号,official_ec15582aa50727c5,43.028653,141.44109,official_tsuruha
ツルハドラッグ,調剤薬局ツルハドラッグ 手稲富丘店,北海道札幌市富丘1条4丁目13-10,official_34701dbda9a51650,43.10855239470042,141.25489362576027,official_tsuruha
ツルハドラッグ,ツルハドラッグ 手稲富丘店,北海道札幌市富丘1条4丁目13番10号,official_6f7dad7876660528,43.10855480153723,141.25489325080088,official_tsuruha
ツルハドラッグ,ツルハドラッグ 篠路店,北海道札幌市篠路3条4丁目1-1,official_2a38ee28c489ba1f,43.14449025171559,141.3575902158613,official_tsuruha
ツルハドラッグ,ツルハドラッグ 篠路東店,北海道札幌市篠路4条9丁目15番1号,official_04a41c7d98549d12,43.144255638905214,141.37237781932888,official_tsuruha
ツルハドラッグ,ツルハドラッグ 真駒内南店,北海道札幌市真駒内南町4丁目5番1,official_ba5a0927333eb9b5,42.98125871435081,141.3497013282244,official_tsuruha
ツルハドラッグ,調剤薬局ツルハドラッグ 手稲前田6条店,北海道札幌市前田6条6丁目1-7,official_90f67f9946e79798,43.120734,141.262738,official_tsuruha
ツルハドラッグ,ツルハドラッグ 大谷地東店,北海道札幌市大谷地東3丁目3番20号,official_315b02ad17a078f7,43.02647077,141.4535987,official_tsuruha
ツルハドラッグ,ツルハドラッグ 厚別西店,北海道札幌市厚別西3条4丁目1番33号,official_253e1d02fc250018,43.04961704926385,141.46508029571734,official_tsuruha
ツルハドラッグ,ツルハドラッグ 花川南店,北海道石狩市花川南3条5丁目8番,official_7166d52b72e7b6ae,43.14683952722916,141.30187501107977,official_tsuruha
ツルハドラッグ,ツルハドラッグ 北野店,北海道札幌市北野7条5丁目12番20号,official_5d37a8e3d086b29a,43.018073099013826,141.4528422772114,official_tsuruha
ツルハドラッグ,調剤薬局ツルハドラッグ 手稲前田店,北海道札幌市前田4条10丁目2-10,official_175106539ebd282f,43.122905238281945,141.25081367791623,official_tsuruha
ツルハドラッグ,ツルハドラッグ 清田店,北海道札幌市清田２条３丁目１１番４０号,official_31f6ec4c64b52c35,42.99934008844029,141.43609246952903,official_tsuruha
ツルハドラッグ,ツルハドラッグ 厚別南中央店,北海道札幌市厚別南1丁目18番20号,official_9d1b16297169554b,43.0282493,141.4648891,official_tsuruha
ツルハドラッグ,ツルハドラッグ ひばりが丘店,北海道札幌市厚別南２丁目１０番地４,official_b906af5ffc022eb3,43.033060458787595,141.46923540779017,official_tsuruha
ツルハドラッグ,調剤薬局ツルハドラッグ ひばりが丘店,北海道札幌市厚別南２丁目１０番10号,official_b0bbcbd8c84e7779,43.03304280596104,141.46925956590397,official_tsuruha
ツルハドラッグ,ツルハドラッグ 樽川店,北海道石狩市樽川9条1丁目1-2,official_2c77e3ad6e12fd0c,43.144437031973,141.277196427633,official_tsuruha
ツルハドラッグ,ツルハドラッグ 平岡7条店,北海道札幌市平岡7条2丁目2-1,official_64af5ba87a83ef28,43.01056284324434,141.45546443652552,official_tsuruha
ツルハドラッグ,調剤薬局ツルハドラッグ 拓北6条店,北海道札幌市拓北6条5丁目2番34号,official_2bbf3e11dbb12a18,43.15610792095229,141.38594629674407,official_tsuruha
ツルハドラッグ,ツルハドラッグ 平岡1条店,北海道札幌市平岡1条1丁目1-3,official_b339564367672210,42.998063846821715,141.44259655952453,official_tsuruha
ツルハドラッグ,ツルハドラッグ 厚別東店,北海道札幌市厚別東5条3丁目24-7,official_e4db65c9f980c639,43.04975037198561,141.48132739607033,official_tsuruha
ツルハドラッグ,ツルハドラッグ 厚別東2条店,北海道札幌市厚別東2条1丁目2番10号,official_6ac381091a03acf5,43.04223017219134,141.47995943364901,official_tsuruha
ツルハドラッグ,ツルハドラッグ 真栄店,北海道札幌市真栄3条2丁目18番10号,official_ebe19ebcb7a3388b,42.98962596803534,141.4414509259807,official_tsuruha
ツルハドラッグ,ツルハドラッグ 厚別南店,北海道札幌市厚別南5丁目22-50,official_d9473212ac39e4d2,43.02212051355147,141.47438446591866,official_tsuruha
ツルハドラッグ,ツルハドラッグ あいの里店,北海道札幌市あいの里2条6丁目1番28号,official_eb4db9f2e02ef04e,43.158728395855064,141.400263881145,official_tsuruha
ツルハドラッグ,ツルハドラッグ 花川東店,北海道石狩市2条3丁目40,official_1a91baa3a1045975,43.166810080937985,141.3418124434824,official_tsuruha
ツルハドラッグ,ツルハドラッグ 上野幌店,北海道札幌市上野幌3条2丁目1番5号,official_e9e71cbb0ca4e1f1,43.01279614324385,141.46904757299703,official_tsuruha
ツルハドラッグ,調剤薬局ツルハドラッグ 平岡店,北海道札幌市平岡2条5丁目2-50,official_3569461ff65a4bbe,42.995064,141.453705,official_tsuruha
ツルハドラッグ,ツルハドラッグ 手稲曙3条店,北海道札幌市曙3条3丁目14番27号,official_0cedaea4a9c49a8e,43.129378824941845,141.23500218846652,official_tsuruha
ツルハドラッグ,ツルハドラッグ 江別文京台店,北海道江別市文京台31-4,official_d0a2a6e8520b6bad,43.066797930201716,141.49030825277862,official_tsuruha
ツルハドラッグ,ツルハドラッグ 花川北店,北海道石狩市花川北3条1丁目4-2,official_5d4968f8d8284621,43.16516175635194,141.3076536699232,official_tsuruha
ツルハドラッグ,ツルハドラッグ 石山店,北海道札幌市石山2条9丁目7番59号,official_5b3018f7c41d07cf,42.96037986,141.3145852,official_tsuruha
ツルハドラッグ,ツルハドラッグ 藤野店,北海道札幌市藤野2条6丁目7番1号,official_99a37f491eb04d8d,42.962371,141.295033,official_tsuruha
ツルハドラッグ,調剤薬局ツルハドラッグ 大麻店,北海道江別市大麻東町14-5,official_36be047fa9c6162a,43.08072221394402,141.49996119251063,official_tsuruha
ツルハドラッグ,ツルハドラッグ 里塚緑ヶ丘店,北海道札幌市里塚緑ヶ丘2丁目7番30号,official_4bc710a4509d611a,42.99852796435779,141.47324639134987,official_tsuruha
ツルハドラッグ,ツルハドラッグ 大麻北店,北海道江別市大麻北町521-34,official_7692437e01ba537c,43.08657254656359,141.50023663437304,official_tsuruha
ツルハドラッグ,ツルハドラッグ 大麻中央店,北海道江別市大麻南樹町1-3,official_6b995c3ac0dcbf45,43.083287,141.504095,official_tsuruha
ツルハドラッグ,調剤薬局ツルハドラッグ 手稲星置駅前店,北海道札幌市星置1条2丁目2番1号,official_bc305bca029b6a79,43.13370758063473,141.213159601738,official_tsuruha
ツルハドラッグ,ツルハドラッグ 江別住吉店,北海道江別市野幌住吉町37-2,official_6516dff5cbb0c472,43.09134828240166,141.50887870031454,official_tsuruha
ツルハドラッグ,ツルハドラッグ 手稲星置店,北海道札幌市手稲山口510-19,official_8004bf63c82bafcc,43.139147054498295,141.2107384511238,official_tsuruha
ツルハドラッグ,ツルハドラッグ 北広島大曲店,北海道北広島市大曲幸町7丁目1-3,official_b6193877292c83a4,42.971739648737085,141.46831846697197,official_tsuruha
ツルハドラッグ,ツルハドラッグ 代々木店,北海道江別市野幌代々木町77-1,official_62ea46a995d10310,43.09437091,141.5211153,official_tsuruha
ツルハドラッグ,ツルハドラッグ 野幌店,北海道江別市野幌町10番地1,official_fd426d492d8b2f06,43.09516678518395,141.52550624049502,official_tsuruha
ツルハドラッグ,調剤薬局ツルハドラッグ 東野幌店,北海道江別市東野幌本町35-2,official_9890473d4ae69dfc,43.088279509549594,141.53340278880577,official_tsuruha
ツルハドラッグ,ツルハドラッグ 江別牧場店,北海道江別市牧場町25-8,official_9c60eedf35689e08,43.11106596644329,141.53013208590295,official_tsuruha
ツルハドラッグ,調剤薬局ツルハドラッグ 江別高砂店,北海道江別市高砂町35-6,official_a8008957d1908aed,43.10204353382789,141.53688320982172,official_tsuruha
ツルハドラッグ,ツルハドラッグ 上江別店,北海道江別市上江別443番地-1,official_5ca106349a707dd5,43.099620698850906,141.54581019186867,official_tsuruha
ツルハドラッグ,ツルハドラッグ 北広島店,北海道北広島市美沢4丁目1番地1,official_5bce3939a6ce131b,42.981883887045036,141.5549723024641,official_tsuruha
ツルハドラッグ,ツルハドラッグ 北広島中央店,北海道北広島市中央５丁目６番地５,official_8b1426b9a9859aa6,42.980278755060255,141.56396585152055,official_tsuruha
ツルハドラッグ,ツルハドラッグ 南幌店,北海道空知郡南幌町中央2丁目1番2号,official_ff0ab7c33d4dddac,43.058566,141.654005,official_tsuruha
ツルハドラッグ,ツルハドラッグ 恵み野里美店,北海道恵庭市恵み野里美1丁目1番3,official_0eabe2f1483297d8,42.90284184848387,141.5722698301115,official_tsuruha
ツルハドラッグ,調剤薬局ツルハドラッグ 恵み野西店,北海道恵庭市恵み野西3丁目1-1,official_13e174a9dcd7d872,42.90006981421856,141.57862731393703,official_tsuruha
ツルハドラッグ,ツルハドラッグ マックスバリュ恵庭店,北海道恵庭市恵央町11-1,official_9b67790a7bfd45b0,42.89346331,141.5696955,official_tsuruha
ツルハドラッグ,ツルハドラッグ 朝里店,北海道小樽市新光2丁目1番4号,official_3d818d7b55724adf,43.17471055023554,141.05762056378288,official_tsuruha
ツルハドラッグ,ツルハドラッグ 恵庭大町店,北海道恵庭市大町1丁目3番2号,official_8865f3eb71f0a43d,42.888510621051886,141.5695613723386,official_tsuruha
ツルハドラッグ,ツルハドラッグ 美咲野店,北海道恵庭市美咲野3丁目8-11,official_46d169a643ba8a0e,42.87782537963267,141.56842699284167,official_tsuruha
ツルハドラッグ,ツルハドラッグ 長沼中央店,北海道夕張郡長沼町錦町南1丁目6番21号,official_43ebddb1af6e4b57,43.0115700496772,141.68827082738815,official_tsuruha
ツルハドラッグ,ツルハドラッグ 恵庭店,北海道恵庭市住吉町2丁目10-14,official_ca718fedc23d9188,42.87475912987695,141.58457210405186,official_tsuruha
ツルハドラッグ,ツルハドラッグ 小樽奥沢店,北海道小樽市奥沢1丁目12番6号,official_51e29a2b04db7375,43.1795547852285,141.00318985599256,official_tsuruha
ツルハドラッグ,ツルハドラッグ 小樽堺町店,北海道小樽市入船1丁目1番1号,official_6e15aa5807d708f2,43.1908,141.007105,official_tsuruha
ツルハドラッグ,調剤薬局ツルハドラッグ 小樽店,北海道小樽市稲穂2丁目9番11号,official_582a07cd72d21003,43.198255775577145,140.99657151726856,official_tsuruha
ツルハドラッグ,ツルハドラッグ 小樽店,北海道小樽市稲穂2丁目9番10号,official_92278daed08562fc,43.19822690448773,140.9965468848281,official_tsuruha
ツルハドラッグ,ツルハドラッグ 小樽駅前店,北海道小樽市稲穂3丁目9-1,official_22839ba871d1a157,43.19829831573903,140.99464204552467,official_tsuruha
ツルハドラッグ,ツルハドラッグ 小樽手宮店,北海道小樽市手宮1丁目2番１号,official_25e59a38899c1c28,43.20905848,140.9998333,official_tsuruha
ツルハドラッグ,調剤薬局ツルハドラッグ 小樽錦町店,北海道小樽市錦町14番14号,official_d015170139bd0d7a,43.20764488517125,140.99732810553988,official_tsuruha
ツルハドラッグ,ツルハドラッグ 千歳長都店,北海道千歳市長都駅前2丁目842番地2,official_ba5531e529c4d9a5,42.85337210577877,141.62581063686895,official_tsuruha
ツルハドラッグ,ツルハドラッグ 小樽梅ヶ枝店,北海道小樽市梅ケ枝町8番15号,official_9909f143dae7b8f0,43.21271711027455,140.99384754815148,official_tsuruha
ツルハドラッグ,調剤薬局ツルハドラッグ 千歳北陽店,北海道千歳市千歳市あずさ4丁目3番1号,official_9c117e8314d11fcf,42.84720792715325,141.64436380230788,official_tsuruha
ツルハドラッグ,ツルハドラッグ 千歳北陽店,北海道千歳市あずさ4丁目3番1号,official_fa84dd2e46e54013,42.84713522288798,141.6447419547702,official_tsuruha
ツルハドラッグ,ツルハドラッグ 岩見沢大和店,北海道岩見沢市大和1条8丁目3-1,official_a8e9390dbc11972e,43.18968512450761,141.73688032136891,official_tsuruha
ツルハドラッグ,調剤薬局ツルハドラッグ 千歳新富店,北海道千歳市新富1丁目5番10号,official_da437d84704b91ac,42.831982,141.638046,official_tsuruha
ツルハドラッグ,ツルハドラッグ 千歳高台店,北海道千歳市高台4丁目3番5号,official_2ab24f2777054b70,42.837759,141.653165,official_tsuruha
ツルハドラッグ,調剤薬局ツルハドラッグ 千歳緑町店,北海道千歳市緑町2丁目1番58号,official_73e7caea264eeb6b,42.82461572445429,141.6393438409226,official_tsuruha
ツルハドラッグ,ツルハドラッグ 千歳東郊店,北海道千歳市東郊1丁目２,official_4aa2c069c860535b,42.8363539,141.6581851,official_tsuruha
ツルハドラッグ,ツルハドラッグ 岩見沢駒園店,北海道岩見沢市駒園7丁目3番40号,official_9e6314fa0c1099fd,43.18111,141.764148,official_tsuruha
ツルハドラッグ,ツルハドラッグ 岩見沢鉄北店,北海道岩見沢市北4条西11丁目3番24号,official_0e0e1e59ae9566d5,43.20670016993716,141.74905358957974,official_tsuruha
ツルハドラッグ,ツルハドラッグ 栗山中里店,北海道夕張郡栗山町字中里64-3,official_020bec00925da3f3,43.05487809770579,141.79653010273637,official_tsuruha
ツルハドラッグ,ツルハドラッグ 千歳住吉店,北海道千歳市住吉2丁目7番8号,official_9f5505489194b5c1,42.829034240671795,141.66394664785662,official_tsuruha
ツルハドラッグ,調剤薬局ツルハドラッグ 岩見沢駅前店,北海道岩見沢市1条西6丁目7-1,official_b083099fb1cff868,43.20293281918839,141.75998336846865,official_tsuruha
ツルハドラッグ,ツルハドラッグ 千歳向陽台店,北海道千歳市白樺2丁目6番2,official_136f27d40bb8325d,42.787385062854604,141.59868936282328,official_tsuruha
ツルハドラッグ,ツルハドラッグ 岩見沢10条店,北海道岩見沢市10条東1丁目1番1,official_ec319cac4ad6ddfc,43.197711,141.773003,official_tsuruha
ツルハドラッグ,ツルハドラッグ 岩見沢5条店,北海道岩見沢市５条東6丁目3-9,official_ac436c6c17c7d604,43.206204852730686,141.7726858676182,official_tsuruha
ツルハドラッグ,ツルハドラッグ 岩見沢東店,北海道岩見沢市2条東12丁目3-1,official_408cabb46dbb9e3e,43.21181940778937,141.7772365139717,official_tsuruha
ツルハドラッグ,ツルハドラッグ 新千歳空港店,北海道千歳市美々987,official_1c087ee4862c25b8,42.787415,141.677165,official_tsuruha
ツルハドラッグ,ツルハドラッグ 余市大川店,北海道余市郡大川町18丁目12番地,official_dd087b25801f9561,43.19159957105861,140.81492629914695,official_tsuruha
ツルハドラッグ,ツルハドラッグ 余市店,北海道余市郡大川町8丁目100-1,official_80b98f5d41d9db16,43.18899317065235,140.79967199122476,official_tsuruha
ツルハドラッグ,ツルハドラッグ 三笠店,北海道三笠市若松町12-7,official_96637faa22ac0615,43.24528359501538,141.87122884975267,official_tsuruha
ツルハドラッグ,ツルハドラッグ 美唄南店,北海道美唄市大通西1条南7丁目1-9,official_2fa9b26a74b22c3e,43.32254309524436,141.85702151404735,official_tsuruha
ツルハドラッグ,調剤薬局ツルハドラッグ 苫小牧清水店,北海道苫小牧市清水町1丁目40-4,official_16e8df37fa311c6b,42.6499209879776,141.600705839958,official_tsuruha
ツルハドラッグ,ツルハドラッグ 苫小牧日新店,北海道苫小牧市日新町2丁目6番30号,official_34add95f62971da0,42.63033290258596,141.53871693055018,official_tsuruha
ツルハドラッグ,ツルハドラッグ 苫小牧桜木店,北海道苫小牧市桜木町3丁目18番19号,official_23631ab93b374081,42.6304295260874,141.5517104239252,official_tsuruha
ツルハドラッグ,ツルハドラッグ 苫小牧明野新町店,北海道苫小牧市明野新町2丁目2番8号,official_5fb08823fa01d9ed,42.654347785789525,141.6295685679583,official_tsuruha
ツルハドラッグ,ツルハドラッグ 苫小牧音羽店,北海道苫小牧市音羽町2丁目18番13号,official_f731608d8eea7637,42.64626313801004,141.6089197267719,official_tsuruha
ツルハドラッグ,ツルハドラッグ 苫小牧花園店,北海道苫小牧市花園町１丁目５番１号,official_314f7ba663351fbe,42.634025820059875,141.57325701738336,official_tsuruha
ツルハドラッグ,ツルハドラッグ 苫小牧澄川店,北海道苫小牧市澄川町1丁目2-5,official_844049d7143832d9,42.62037622828323,141.51856339063667,official_tsuruha
ツルハドラッグ,調剤薬局ツルハドラッグ 苫小牧拓勇西店,北海道苫小牧市拓勇西町3丁目2番1号,official_5b9b6beb8d8a6501,42.66768721941698,141.67009401460078,official_tsuruha
ツルハドラッグ,調剤薬局ツルハドラッグ 沼ノ端北店,北海道苫小牧市北栄町1丁目23番15号,official_e39c893a00875434,42.676475586203246,141.6903546974041,official_tsuruha
ツルハドラッグ,ツルハドラッグ 倶知安駅前通店,北海道虻田郡倶知安町南1条西1丁目27,official_b1f347c3754d99ab,42.901044,140.752201,official_tsuruha
ツルハドラッグ,調剤薬局ツルハドラッグ 苫小牧王子店,北海道苫小牧市表町4丁目3-23,official_9ba2c83def978ea0,42.637733295770886,141.60212434403118,official_tsuruha
ツルハドラッグ,ツルハドラッグ 苫小牧若草店,北海道苫小牧市1丁目7番1号,official_c67b49e7663db767,42.63963215545827,141.60906968958398,official_tsuruha
ツルハドラッグ,ツルハドラッグ 苫小牧明徳店,北海道苫小牧市明徳町2丁目4番8号,official_d24f4378af9c2773,42.609292,141.486322,official_tsuruha
ツルハドラッグ,ツルハドラッグ 倶知安店,北海道虻田郡倶知安町南6条西1丁目15-5,official_b26f05c5c3e3b70e,42.89567984,140.7515359,official_tsuruha
ツルハドラッグ,ツルハドラッグ 美唄店,北海道美唄市東3条北4丁目4-1,official_bd8e480b1d29825d,43.33559050599948,141.86894956441805,official_tsuruha
ツルハドラッグ,ツルハドラッグ 苫小牧日吉店,北海道苫小牧市日吉町1丁目7番25号,official_514f529be7b52894,42.62207996028928,141.55791314241858,official_tsuruha
ツルハドラッグ,調剤薬局ツルハドラッグ 苫小牧弥生店,北海道苫小牧市弥生町1丁目2番8号,official_995c9e9ac3165f36,42.62870900989929,141.58553528474138,official_tsuruha
ツルハドラッグ,ツルハドラッグ 沼ノ端店,北海道苫小牧市沼ノ端中央4丁目1番5号,official_1ab53f73af822b92,42.66904956381263,141.69448682306623,official_tsuruha
ツルハドラッグ,ツルハドラッグ 倶知安南店,北海道虻田郡倶知安町南11条西1丁目,official_fc8d30ec6e9725d4,42.88939724729074,140.75016410344637,official_tsuruha
ツルハドラッグ,ツルハドラッグ 苫小牧旭町店,北海道苫小牧市旭町1丁目1-5,official_9c529c0f6cef1988,42.62999688672723,141.60969415765476,official_tsuruha
ツルハドラッグ,ツルハドラッグ 白老店,北海道白老郡白老町栄町2丁目1番7号,official_1fe3e964d302de29,42.55172959434043,141.34951761113854,official_tsuruha
ツルハドラッグ,調剤薬局ツルハドラッグ 砂川店,北海道砂川市西1条南2丁目1番1号,official_785eb1c75a0affbe,43.489895,141.906002,official_tsuruha
ツルハドラッグ,ツルハドラッグ 登別温泉店,北海道登別市登別温泉町50番地,official_3570116230da4cc5,42.494113030052915,141.14389137971082,official_tsuruha
ツルハドラッグ,ツルハドラッグ 砂川吉野店,北海道砂川市吉野1条南5丁目35番地5,official_feedd919d1e53b5e,43.484528800267825,141.91467969346786,official_tsuruha
ツルハドラッグ,ツルハドラッグ 砂川東店,北海道砂川市東1条北7丁目1番10号,official_65f48cc09efd72fe,43.498416719306654,141.9098339527708,official_tsuruha
ツルハドラッグ,ツルハドラッグ 共和店,北海道岩内郡共和町梨野舞納50-4,official_54a9460c1bbde683,42.9828489376706,140.53687934734023,official_tsuruha
ツルハドラッグ,ツルハドラッグ 洞爺湖温泉東店,北海道虻田郡洞爺湖温泉70番地12,official_431c45beb22d8862,42.565180711553104,140.8248041716202,official_tsuruha
ツルハドラッグ,ツルハドラッグ 滝川空知町店,北海道滝川市空知町2丁目12番12号,official_4207a014d930bd76,43.54611647064401,141.90434790694692,official_tsuruha
ツルハドラッグ,ツルハドラッグ 滝川有明店,北海道滝川市有明町2丁目4番52号,official_ecede48af0a4352c,43.55960430313712,141.89836746788413,official_tsuruha
ツルハドラッグ,ツルハドラッグ 滝川新町店,北海道滝川市新町2丁目10番38号,official_8b6d1107acc090b0,43.55410544371177,141.917297961089,official_tsuruha
ツルハドラッグ,ツルハドラッグ 滝川本町店,北海道滝川市本町4丁目4番1号,official_f1852a6e9b76e1d2,43.56230863853144,141.90765364124366,official_tsuruha
ツルハドラッグ,ツルハドラッグ むかわ店,北海道勇払郡むかわ町末広2丁目125番地,official_66488c6283d68ff8,42.577484089141535,141.9265271000219,official_tsuruha
ツルハドラッグ,ツルハドラッグ 滝川東店,北海道滝川市東町3丁目118-3,official_d28aa6dd03ac95d5,43.555120501260944,141.93341700435417,official_tsuruha
ツルハドラッグ,調剤薬局ツルハドラッグ 滝川朝日町店,北海道滝川市朝日町西2丁目1番36号,official_784bebbc2bc6cc4d,43.56912,141.913319,official_tsuruha
ツルハドラッグ,ツルハドラッグ 滝川朝日町店,北海道滝川市朝日町西3丁目1番32号,official_3c100e3968b43b92,43.56908453599687,141.9134465945411,official_tsuruha
ツルハドラッグ,ツルハドラッグ 南滝の川店,北海道滝川市南滝の川131-5,official_57a5ac91e32ba263,43.57026423922136,141.93290649900686,official_tsuruha
ツルハドラッグ,ツルハドラッグ 登別中央店,北海道登別市中央町5丁目22-4,official_6fe76d62359f505b,42.41437343323114,141.10442941091046,official_tsuruha
ツルハドラッグ,ツルハドラッグ 幌別店,北海道登別市幌別町6丁目2番地,official_2f728c062e5544b5,42.4116192799242,141.1122510019536,official_tsuruha
ツルハドラッグ,ツルハドラッグ 伊達末永店,北海道伊達市末永町49-54,official_b705bd6baf262b0c,42.477878274070136,140.86825506879822,official_tsuruha
ツルハドラッグ,ツルハドラッグ 伊達店,北海道伊達市末永町7番1,official_53f09e17761adace,42.47365696568384,140.8609840118993,official_tsuruha
ツルハドラッグ,ツルハドラッグ 伊達舟岡店,北海道伊達市舟岡町158-1,official_ca45b070086f1807,42.46463194,140.8742455,official_tsuruha
ツルハドラッグ,ツルハドラッグ 登別富岸店,北海道登別市富岸町1丁目1番,official_0d32fc1fd60c6838,42.38633787500331,141.07159629084538,official_tsuruha
ツルハドラッグ,ツルハドラッグ 赤平店,北海道赤平市字赤平540番1,official_a3b0a41f110563e6,43.54902557235397,142.05946434626216,official_tsuruha
ツルハドラッグ,ツルハドラッグ 登別若草店,北海道登別市若草町4丁目11-1,official_e9ded690bd1d5a49,42.36964642921889,141.0547322675511,official_tsuruha
ツルハドラッグ,ツルハドラッグ 日高富川店,北海道沙流郡日高町富川南1丁目3番4号,official_eccfcd6d0efd8bf3,42.51901023204442,142.0295081404364,official_tsuruha
ツルハドラッグ,ツルハドラッグ 室蘭宮の森店,北海道室蘭市宮の森町4丁目10番1号,official_95a8ad753b1ac9e7,42.354741,141.026587,official_tsuruha
ツルハドラッグ,ツルハドラッグ 室蘭中島北店,北海道室蘭市中島町1丁目28番6号,official_dcc9ccec2085d90a,42.3556614,141.0197582,official_tsuruha
ツルハドラッグ,ツルハドラッグ 室蘭寿町店,北海道室蘭市2丁目14番2号,official_d5b67498ad7481ff,42.350434829520005,141.03564927703817,official_tsuruha
ツルハドラッグ,ツルハドラッグ 芦別南店,北海道芦別市南2条東1丁目5番2号,official_d373e94912afcb1d,43.51376,142.190334,official_tsuruha
ツルハドラッグ,ツルハドラッグ 芦別店,北海道芦別市北4条東1丁目9番地1,official_e36b032d3af6dc2f,43.52586672516856,142.18572754740327,official_tsuruha
ツルハドラッグ,ツルハドラッグ 室蘭輪西店,北海道室蘭市輪西町1丁目33,official_b1a520b34663fd5b,42.33308092052517,141.01137395341388,official_tsuruha
ツルハドラッグ,ツルハドラッグ 室蘭築地店,北海道室蘭市築地町89番地31,official_60bb5521b1119e47,42.331516,140.964988,official_tsuruha
ツルハドラッグ,ツルハドラッグ 室蘭母恋店,北海道室蘭市母恋北町2丁目2番5号,official_b0361569b32a14d1,42.31658518382346,140.98936127110474,official_tsuruha
ツルハドラッグ,ツルハドラッグ 富良野弥生店,北海道富良野市弥生町４番３６号,official_2e1b33e5ee2c28f6,43.34463918386847,142.37913252651725,official_tsuruha
ツルハドラッグ,調剤薬局ツルハドラッグ 富良野弥生店,北海道富良野市弥生町4番36号,official_c00bfdedea547009,43.344647,142.379178,official_tsuruha
ツルハドラッグ,調剤薬局ツルハドラッグ 富良野店,北海道富良野市本町2-8,official_f1fad3cd42584775,43.34651295716885,142.38795372194102,official_tsuruha
ツルハドラッグ,ツルハドラッグ 富良野日の出店,北海道富良野市日の出町6-2,official_a9492d82854343d6,43.346366,142.3898285,official_tsuruha
ツルハドラッグ,調剤薬局ツルハドラッグ 富良野緑町店,北海道富良野市緑町1-14,official_8773790a2d7b0a6a,43.337958248593,142.39509576227,official_tsuruha
ツルハドラッグ,ツルハドラッグ 深川文光店,北海道深川市文光町7番10号,official_3b8f59627a58a5b8,43.71275863218837,142.02077959587473,official_tsuruha
ツルハドラッグ,ツルハドラッグ 北光店,北海道深川市北光町3丁目4番10号,official_35cb8e2a870275c1,43.73181867696838,142.03934060843423,official_tsuruha
ツルハドラッグ,ツルハドラッグ 深川店,北海道深川市5条20番1号,official_9fb9b578e6e3bfec,43.723522,142.059315,official_tsuruha
ツルハドラッグ,ツルハドラッグ 留萌西店,北海道留萌市見晴町1丁目59-1,official_611c8cdb771980b5,43.934117834291534,141.6413825710495,official_tsuruha
ツルハドラッグ,ツルハドラッグ 長万部店,北海道山越郡長万部町字長万部68-2,official_6d4f1a4b40c8f592,42.514076,140.378514,official_tsuruha
ツルハドラッグ,ツルハドラッグ 留萌店,北海道留萌市花園町4丁目6番21号,official_5888ba472078bc25,43.93712294553171,141.6561238124429,official_tsuruha
ツルハドラッグ,ツルハドラッグ 上富良野旭町店,北海道空知郡上富良野町旭町4丁目212-108,official_8abefb321721b190,43.46041147360003,142.47752909760064,official_tsuruha
ツルハドラッグ,ツルハドラッグ 美瑛店,北海道上川郡美瑛町扇町２３２番,official_d8f171b1890e109b,43.5970091,142.4642229,official_tsuruha
ツルハドラッグ,調剤薬局ツルハドラッグ 旭川神居東店,北海道旭川市神居3条18丁目2番5号,official_52b60bc4a46f57c2,43.74984406841808,142.34063905565048,official_tsuruha
ツルハドラッグ,ツルハドラッグ 神居十字街店,北海道旭川市神居3条11丁目2番21号,official_95ff464c6df0349c,43.75811147811071,142.334188093295,official_tsuruha
ツルハドラッグ,エースリー調剤薬局 神居店,北海道旭川市神居3条9丁目1-3,official_95e586aa00daf507,43.76052904670088,142.33423974575697,official_tsuruha
ツルハドラッグ,ツルハドラッグ 神居3条店,北海道旭川市神居3条5丁目1-2,official_31ab1ef673e407fc,43.76496202265438,142.33146727965948,official_tsuruha
ツルハドラッグ,ツルハドラッグ 忠和店,北海道旭川市忠和4条6丁目4番12号,official_7f2283e95152133a,43.774727,142.321063,official_tsuruha
ツルハドラッグ,ツルハドラッグ 旭川緑が丘店,北海道旭川市緑が丘東3条1丁目3番3号,official_d6b098841c358748,43.728905978813,142.38069649386577,official_tsuruha
ツルハドラッグ,ツルハドラッグ 旭川神楽5条店,北海道旭川市神楽5条12丁目1番20号,official_242115e236e27c6a,43.74905743932219,142.35663244063133,official_tsuruha
ツルハドラッグ,調剤薬局ツルハドラッグ 旭川神楽店,北海道旭川市神楽5条9丁目2番27号,official_212495ccd361ee73,43.754572669107525,142.3523394125287,official_tsuruha
ツルハドラッグ,ツルハドラッグ 旭川神楽店,北海道旭川市5条9丁目2番27号,official_81a6f378519a11c0,43.75460067,142.3523255,official_tsuruha
ツルハドラッグ,ツルハドラッグ 旭川神楽岡店,北海道旭川市神楽岡5条6丁目4番20号,official_d4325f2e44f33969,43.739850559031204,142.37415212673275,official_tsuruha
ツルハドラッグ,調剤薬局ツルハドラッグ 旭川日赤前店,北海道旭川市1条通1丁目3-232,official_6471f4a08c7f884c,43.76913300591195,142.3489428680882,official_tsuruha
ツルハドラッグ,ツルハドラッグ 旭川南6条店,北海道旭川市南6条通18丁目2182-90,official_ec85974b50cb1107,43.752932281960845,142.37047158800928,official_tsuruha
ツルハドラッグ,調剤薬局ツルハドラッグ 旭川駅前店,北海道旭川市宮下通９丁目２番１７号,official_9b4693d36661bea4,43.762825465487026,142.36019166497903,official_tsuruha
ツルハドラッグ,ツルハドラッグ 東神楽店,北海道上川郡東神楽町ひじり野北1条3丁目1番5号,official_94de0713baba5552,43.721422,142.412655,official_tsuruha
ツルハドラッグ,調剤薬局ツルハドラッグ 旭川中央店,北海道旭川市1条通8丁目187番地1,official_ce62bfab7bb40382,43.76509691265431,142.3594931633707,official_tsuruha
ツルハドラッグ,ツルハドラッグ 旭川4条西店,北海道旭川市4条通1丁目2241-6,official_c869d0cead71a024,43.772132497331945,142.35107050206366,official_tsuruha
ツルハドラッグ,ツルハドラッグ 旭川緑町店,北海道旭川市緑町20丁目2752-7,official_38fe84439650ed05,43.79106073183687,142.32678609979197,official_tsuruha
ツルハドラッグ,ツルハドラッグ 宮前店,北海道旭川市宮前1条3丁目2番12号,official_2a47f22a9c0bf792,43.758679,142.37332,official_tsuruha
ツルハドラッグ,ツルハドラッグ 東光9条店,北海道旭川市東光9条1丁目3番15号,official_c001ff582124254b,43.74718834,142.3898613,official_tsuruha
ツルハドラッグ,調剤薬局ツルハドラッグ 旭川6条店,北海道旭川市6条通7丁目31-1,official_778d721ad35c5162,43.771837399800745,142.36126396201763,official_tsuruha
ツルハドラッグ,調剤薬局ツルハドラッグ 錦町店,北海道旭川市錦町15丁目2903番2,official_10adf6746d0a9e31,43.78948884747005,142.33822405859834,official_tsuruha
ツルハドラッグ,ツルハドラッグ 旭川近文店,北海道旭川市北門町14丁目2144-129,official_fad4c72b85654cd8,43.78949204349902,142.3401256157739,official_tsuruha
ツルハドラッグ,調剤薬局ツルハドラッグ 旭川4条店,北海道旭川市4条通15丁目750,official_11bee6ecdbb1a1e3,43.76584019470553,142.37292070160385,official_tsuruha
ツルハドラッグ,ツルハドラッグ 東光10条店,北海道旭川市東光10条4丁目1番18号,official_f1cc0397c2b0c02b,43.74603342633131,142.39878923834323,official_tsuruha
ツルハドラッグ,調剤薬局ツルハドラッグ 1条店,北海道旭川市1条通23丁目111-24,official_93f8c79339d2fc14,43.759692083523305,142.38375771653816,official_tsuruha
ツルハドラッグ,ツルハドラッグ 旭川2条店,北海道旭川市2条通23丁目110-1,official_6ded4bbb914394a9,43.75972356483005,142.3837494774381,official_tsuruha
ツルハドラッグ,ツルハドラッグ 旭町店,北海道旭川市旭町1条7丁目,official_d2449b48151dff0c,43.78647041222135,142.35142592333088,official_tsuruha
ツルハドラッグ,調剤薬局ツルハドラッグ 旭川7条店,北海道旭川市7条通18丁目92-9,official_cfa1b663ccf29e06,43.7680888277726,142.378651668071,official_tsuruha
ツルハドラッグ,ツルハドラッグ 東光12条店,北海道旭川市東光12条6丁目5番28号,official_f9d33964053e8393,43.74315112768738,142.40995331873452,official_tsuruha
ツルハドラッグ,調剤薬局クスリのツルハ 東光5条店,北海道旭川市東光5条5丁目3-2,official_163024794107a12b,43.7507922,142.40677,official_tsuruha
ツルハドラッグ,調剤薬局ツルハドラッグ旭川大町店,北海道旭川市大町2条14丁目92-26,official_ecdcbd5f43e09e8d,43.795819410173195,142.34947669606169,official_tsuruha
ツルハドラッグ,ツルハドラッグ 旭川大町店,北海道旭川市2条14丁目92-26,official_9ecce2bc2d63a89d,43.79582133568171,142.34948594708192,official_tsuruha
ツルハドラッグ,ツルハドラッグ 東光店,北海道旭川市東光1条5丁目1-5,official_b203c169eb790190,43.75435052699371,142.40401400062905,official_tsuruha
ツルハドラッグ,調剤薬局ツルハドラッグ 旭川大町3条店,北海道旭川市大町3条5丁目2397-18,official_896f53b69468f31c,43.788353327692754,142.3617234655617,official_tsuruha
ツルハドラッグ,ツルハドラッグ 旭川豊岡７条店,北海道旭川市豊岡7条2丁目2番3号,official_3f4dd23f3724d483,43.76557963475635,142.39328906182214,official_tsuruha
ツルハドラッグ,ツルハドラッグ 東6条店,北海道旭川市東6条3丁目1-12,official_0c8ed7e1c20518cb,43.77794465933793,142.3777475603472,official_tsuruha
ツルハドラッグ,ツルハドラッグ 静内店,北海道日高郡新ひだか町静内木場町2丁目1番28号,official_c754f794dd2a3e22,42.34122791486015,142.35508020311192,official_tsuruha
ツルハドラッグ,ツルハドラッグ 旭川豊岡5条店,北海道旭川市4丁目4番43号,official_aad9944ababacbe9,43.76185209718131,142.40013380244676,official_tsuruha
ツルハドラッグ,調剤薬局ツルハドラッグ旭川豊岡5条店,北海道旭川市豊岡5条4丁目4番43号,official_f16797dd2f6f8a5e,43.76166134861487,142.4022752288361,official_tsuruha
ツルハドラッグ,ツルハドラッグ 東光1条店,北海道旭川市東光1条7丁目1-14,official_a1651251af6588b1,43.75423312,142.4116623,official_tsuruha
ツルハドラッグ,ツルハドラッグ マックスバリュ静内店,北海道日高郡新ひだか静内木場1丁目1-69,official_8456562d3fd27f9a,42.340338895445704,142.35804685805033,official_tsuruha
ツルハドラッグ,ツルハドラッグ 春光5条店,北海道旭川市春光5条4丁目8番12号,official_48bd84137bba7d3e,43.802309,142.35874,official_tsuruha
ツルハドラッグ,ツルハドラッグ 旭川東5条店,北海道旭川市東5条11丁目3番8号,official_485b9fe06229554f,43.78692542677617,142.38212790801913,official_tsuruha
ツルハドラッグ,調剤薬局ツルハドラッグ 豊岡12条店,北海道旭川市豊岡12条4丁目5-6,official_7a9070c124c1cfcc,43.770537896958594,142.40451054403118,official_tsuruha
ツルハドラッグ,ツルハドラッグ 春光1条店,北海道旭川市春光1条9丁目19番6号,official_01181600cacf561d,43.802552,142.380211,official_tsuruha
ツルハドラッグ,ツルハドラッグ 東川店,北海道上川郡東川町北町4丁目2番2号,official_84d822d04dfb1f6d,43.703867535242956,142.49741782372996,official_tsuruha
ツルハドラッグ,ツルハドラッグ 旭川春光台店,北海道旭川市春光台3条4丁目6番3号,official_529e7d4f893bc4c3,43.81942088861929,142.3575948581589,official_tsuruha
ツルハドラッグ,ツルハドラッグ 旭川末広5条店,北海道旭川市末広5条1丁目4番23号,official_b3755b8c634cabcd,43.809929591356386,142.3716006824422,official_tsuruha
ツルハドラッグ,調剤薬局ツルハドラッグ 永山7条店,北海道旭川市永山７条４丁目２番４号,official_2935f89e77161445,43.78597849690594,142.4067053181291,official_tsuruha
ツルハドラッグ,ツルハドラッグ 東旭川店,北海道旭川市東旭川北1条1丁目3-32,official_6c61c27fcebd2496,43.771883,142.4248615,official_tsuruha
ツルハドラッグ,ツルハドラッグ 永山南店,北海道旭川市永山8条4丁目98番2,official_430cb1b650aef8ed,43.785123395389846,142.41000519212042,official_tsuruha
ツルハドラッグ,調剤薬局クスリのツルハ 永山3条店,北海道旭川市永山3条4丁目3-1,official_76961f7986eb4b62,43.7908052803744,142.40296903794425,official_tsuruha
ツルハドラッグ,ツルハドラッグ 永山環状通店,北海道旭川市永山7条5丁目1番15号,official_6ad8e43fb1a748eb,43.787451149775244,142.4097889783066,official_tsuruha
ツルハドラッグ,ツルハドラッグ 末広1条店,北海道旭川市末広1条4丁目1番5号,official_4f4f35bf017d74e8,43.80502551,142.3872757,official_tsuruha
ツルハドラッグ,調剤薬局ツルハドラッグ 永山3条西店,北海道旭川市永山3条8丁目2番6号,official_efee4b9d2383a3a5,43.79646946464643,142.41256269444276,official_tsuruha
ツルハドラッグ,ツルハドラッグ 旭川末広北店,北海道旭川市末広1条10丁目1番20号,official_8da324061b94179c,43.81240760486413,142.39819736143448,official_tsuruha
ツルハドラッグ,ツルハドラッグ 鷹栖店,北海道上川郡2丁目７番32号,official_eaf084b20534cc82,43.84735724610827,142.35710800216904,official_tsuruha
ツルハドラッグ,ツルハドラッグ 旭川永山6条店,北海道旭川市永山6条13丁目1-28,official_f9affac6e613dba5,43.800006691374726,142.42588704245193,official_tsuruha
ツルハドラッグ,ツルハドラッグ 旭川永山5条店,北海道旭川市永山5条19丁目1番42号,official_3b39a12180d268f2,43.8087147,142.4378606,official_tsuruha
ツルハドラッグ,ツルハドラッグ 森店,北海道茅部郡森町字森川町233-34,official_94584264f3dbf940,42.09837275900577,140.58352260692868,official_tsuruha
ツルハドラッグ,ツルハドラッグ 八雲店,北海道二海郡八雲町東雲町17番地47,official_8750b2d0fb6ef2dd,42.251185407449306,140.2839645763773,official_tsuruha
ツルハドラッグ,ツルハドラッグ 清水店,北海道上川郡清水町南二条１１丁目７番１,official_7be4c09cf14bd4a7,43.018303,142.891856,official_tsuruha
ツルハドラッグ,ツルハドラッグ 八雲本町店,北海道二海郡八雲町本町152-1,official_39345718513c1182,42.25255517474758,140.27553259482875,official_tsuruha
ツルハドラッグ,ツルハドラッグ 当麻店,北海道上川郡当麻町宇園別2区,official_9082d5752e0e7491,43.8418811569491,142.485607595519,official_tsuruha
ツルハドラッグ,ツルハドラッグ 芽室店,北海道河西郡芽室町東6条1丁目4-4,official_5a62254839b93d54,42.911081751340525,143.0568958204252,official_tsuruha
ツルハドラッグ,ツルハドラッグ 七飯店,北海道亀田郡七飯町本町4丁目1番41号,official_08037ec9b7c3b12c,41.89535512229914,140.69133815752656,official_tsuruha
ツルハドラッグ,ツルハドラッグ 七飯鳴川店,北海道亀田郡七飯町鳴川3丁目26-8,official_7528327bcc6b9ca5,41.888187,140.6946,official_tsuruha
ツルハドラッグ,ツルハドラッグ 七飯大川店,北海道亀田郡七飯町大川1-2-13,official_e02c74f1d239f76b,41.85355613662028,140.7199944196434,official_tsuruha
ツルハドラッグ,ツルハドラッグ 函館桔梗店,北海道函館市桔梗3丁目30番18号,official_7e7946aad01c3b7b,41.844765781185146,140.7261523846068,official_tsuruha
ツルハドラッグ,ツルハドラッグ 帯広西店,北海道帯広市西23条南3丁目62-3,official_fea6a13adf2c25f3,42.91538974116997,143.12479317852157,official_tsuruha
ツルハドラッグ,ツルハドラッグ 函館桔梗南店,北海道函館市桔梗2丁目10番8号,official_9daa095303d88d27,41.83625145769953,140.72839261045698,official_tsuruha
ツルハドラッグ,ツルハドラッグ 北美原店,北海道函館市美原5丁目40番8号,official_c2f2e85a53f23e9f,41.82750076681594,140.75384246037015,official_tsuruha
ツルハドラッグ,ツルハドラッグ 羽幌店,北海道苫前郡羽幌町栄町117番地5,official_ad95dbea67bda601,44.35199494343535,141.6934295279735,official_tsuruha
ツルハドラッグ,ツルハドラッグ 函館石川店,北海道函館市石川町315-9,official_5c8a06a70f6acfc7,41.82541773896512,140.74111979011263,official_tsuruha
ツルハドラッグ,ツルハドラッグ 美原店,北海道函館市美原2丁目40番16号,official_8af0ac34203bace7,41.820597393534676,140.75816075189874,official_tsuruha
ツルハドラッグ,ツルハドラッグ 昭和店,北海道函館市昭和1丁目29番7号,official_0256b00e0baad29b,41.81949555822555,140.7410752390133,official_tsuruha
ツルハドラッグ,ツルハドラッグ 帯広西21条店,北海道帯広市西21条南3丁目4-7,official_bcd69d368931142c,42.91290666494533,143.14444565828381,official_tsuruha
ツルハドラッグ,ツルハドラッグ 帯広西20条店,北海道帯広市西20条南2丁目31番7号,official_1768a2372fbea17b,42.918228,143.146775,official_tsuruha
ツルハドラッグ,ツルハドラッグ 函館日吉店,北海道函館市日吉町4丁目16-31,official_90646f750b57d1b4,41.80405483605463,140.79077323213298,official_tsuruha
ツルハドラッグ,ツルハドラッグ 西桔梗店,北海道函館市西桔梗町２４６番１２１号,official_93ee224c5a68edeb,41.82432798266617,140.71210931159473,official_tsuruha
ツルハドラッグ,調剤薬局ツルハドラッグ 函館鍛治店,北海道函館市鍛治2丁目22番8号,official_055b9d89baeab478,41.808020564986734,140.7632300986165,official_tsuruha
ツルハドラッグ,調剤薬局ツルハドラッグ 函館本通店,北海道函館市本通2丁目38番14号,official_5b40f8451f0424e9,41.7993371451252,140.771321737825,official_tsuruha
ツルハドラッグ,ツルハドラッグ 東久根別店,北海道北斗市久根別１丁目１番１０号,official_f07452a0141ebdc2,41.823585652292806,140.6809926695368,official_tsuruha
ツルハドラッグ,ツルハドラッグ 西18条店,北海道帯広市西18条北1丁目30,official_d71cc556baf48df8,42.92986871,143.162241,official_tsuruha
ツルハドラッグ,ツルハドラッグ 函館花園店,北海道函館市日吉町3丁目45番31号,official_d2383f5f29c3f63b,41.79605748263155,140.78087478611283,official_tsuruha
ツルハドラッグ,ツルハドラッグ 北斗七重浜店,北海道北斗市七重浜７丁目3-41,official_1ca94988c8ce77e2,41.816239,140.703218,official_tsuruha
ツルハドラッグ,ツルハドラッグ 士別店,北海道士別市16丁目3141-192,official_d8fa62b3746047ff,44.16542777642832,142.39518883425447,official_tsuruha
ツルハドラッグ,調剤薬局ツルハドラッグ 五稜郭店,北海道函館市港町1丁目1-2,official_f2b67b98fe036280,41.80426206016346,140.7311511319702,official_tsuruha
ツルハドラッグ,ツルハドラッグ 亀田本町店,北海道函館市亀田本町4番5号,official_c4de0a05a48d5ac6,41.80192420304188,140.73932110816665,official_tsuruha
ツルハドラッグ,ツルハドラッグ 北斗中野通店,北海道北斗市中野通199番1,official_f3c4d0efd2780efd,41.827150609329856,140.648212434992,official_tsuruha
ツルハドラッグ,ツルハドラッグ 緑西店,北海道帯広市西17条南4丁目42,official_1ab9f2a421a31b0c,42.91016172527227,143.16853623297965,official_tsuruha
ツルハドラッグ,調剤薬局ツルハドラッグ 帯広北店,北海道帯広市西16条北1丁目12-78,official_9fabf91eaabf2f70,42.93418032553019,143.17349478503627,official_tsuruha
ツルハドラッグ,ツルハドラッグ 函館柳町店,北海道函館市柳町13番1号,official_bf643a5b16da50f0,41.79230541363625,140.76413284591038,official_tsuruha
ツルハドラッグ,ツルハドラッグ 帯広白樺店,北海道帯広市白樺16条西2丁目2番他4,official_939763e89da1fb23,42.91932955086466,143.17361550049432,official_tsuruha
ツルハドラッグ,ツルハドラッグ 白鳥店,北海道函館市白鳥町21-26,official_d06d9a6338b0e1e6,41.79587173563535,140.74258925246423,official_tsuruha
ツルハドラッグ,ツルハドラッグ 戸倉店,北海道函館市戸倉町268-1,official_9ec46184524a70e9,41.779417090254455,140.80168914053363,official_tsuruha
ツルハドラッグ,ツルハドラッグ 湯川店,北海道函館市湯川町2丁目18-10,official_7488f554d78c304c,41.78059396312122,140.78978913716617,official_tsuruha
ツルハドラッグ,ツルハドラッグ 士別中央店,北海道士別市東4条5丁目14番地,official_c6e8aff4907ef5f9,44.1770966641206,142.39829282658852,official_tsuruha
ツルハドラッグ,ツルハドラッグ 帯広南の森東店,北海道帯広市南の森東１丁目1-12,official_f6deea2a68a7edb6,42.8833395632127,143.17527341129687,official_tsuruha
ツルハドラッグ,ツルハドラッグ すずらん台店,北海道河東郡音更町すずらん台仲町1丁目1-1,official_c07249970608c905,42.95230290679402,143.1868076203374,official_tsuruha
ツルハドラッグ,ツルハドラッグ 函館湯川西店,北海道函館市湯川町1丁目24番16号,official_a595829b38455192,41.77951390153747,140.78224822209015,official_tsuruha
ツルハドラッグ,ツルハドラッグ 帯広南町店,北海道帯広市西18条南27丁目1番地34,official_7cd76d4af2befd05,42.899152,143.180744,official_tsuruha
ツルハドラッグ,ツルハドラッグ 帯広西12条店,北海道帯広市西十二条南3丁目2番地1,official_533b47ea5c2f38be,42.928006,143.185651,official_tsuruha
ツルハドラッグ,ツルハドラッグ 函館人見店,北海道函館市人見町25番1号,official_a7a6decfee576a6e,41.78134494890696,140.76144794049281,official_tsuruha
ツルハドラッグ,調剤薬局ツルハドラッグ 帯広西8条店,北海道帯広市西8条南10丁目1-1,official_991af8c459c04b6d,42.9202924488006,143.19203031945958,official_tsuruha
ツルハドラッグ,ツルハドラッグ 函館的場店,北海道函館市的場町10番3号,official_cf590ddaa68d858b,41.77744877407519,140.75096055716463,official_tsuruha
ツルハドラッグ,調剤薬局ツルハドラッグ 函館赤十字病院前,北海道函館市堀川町6番22号,official_6111a1e1dc116fd4,41.7779617743238,140.74057514614054,official_tsuruha
ツルハドラッグ,ツルハドラッグ 音更店,北海道河東郡音更町木野大通西15丁目2番4,official_13f24c588ba6c759,42.966783751525455,143.2058332502239,official_tsuruha
ツルハドラッグ,ツルハドラッグ OK店,北海道河東郡音更町木野大通西17丁目,official_0433666e542c0e4f,42.97070389,143.2062936,official_tsuruha
ツルハドラッグ,ツルハドラッグ 音更木野店,北海道河東郡音更町木野大通西8丁目1-2,official_4268efb6564a2c2a,42.94998175221014,143.20404457652225,official_tsuruha
ツルハドラッグ,ツルハドラッグ 弥生店,北海道帯広市西8条南29丁目4-6,official_af972f0a6ca78904,42.897636954112514,143.1960259084622,official_tsuruha
ツルハドラッグ,ツルハドラッグ 浦河店,北海道浦河郡浦河町堺町西6丁目492番53,official_22259932b7f82380,42.187810086037736,142.76568173495914,official_tsuruha
ツルハドラッグ,ツルハドラッグ 帯広西5条店,北海道帯広市西5条南18丁目12番,official_a7b71a0b1cd7a143,42.911145072899124,143.19911735925845,official_tsuruha
ツルハドラッグ,ツルハドラッグ 函館若松店,北海道函館市36番21号,official_76315beb8fd2d519,41.77703069691201,140.73311314970283,official_tsuruha
ツルハドラッグ,ツルハドラッグ 稲田店,北海道帯広市稲田町南9線西9番1,official_6cc9ba2bc9dc0e8b,42.88803546832733,143.19746948924427,official_tsuruha
ツルハドラッグ,調剤薬局ツルハドラッグ 函館松風店,北海道函館市松風町12番6号,official_0248e23618f84bbb,41.771422421622496,140.73353336708456,official_tsuruha
ツルハドラッグ,ツルハドラッグ 帯広大通南24丁目店,北海道帯広市大通南24丁目10,official_4784fd5e544a2c8c,42.904996,143.208094,official_tsuruha
ツルハドラッグ,ツルハドラッグ 帯広東7条店,北海道帯広市東7条南16丁目1-1,official_6e0ad7956ee00606,42.9148915,143.2168399,official_tsuruha
ツルハドラッグ,ツルハドラッグ 帯広東9条店,北海道帯広市東9条南9丁目4番１,official_f366946979f233a4,42.923759,143.220731,official_tsuruha
ツルハドラッグ,ツルハドラッグ 函館大町店,北海道函館市大町3番21号,official_4b84135d412c0cc2,41.76897932602954,140.70958212259612,official_tsuruha
ツルハドラッグ,ツルハドラッグ 札内店,北海道中川郡幕別町札内共栄町163番地,official_0d69ffad95bd657c,42.918029892919044,143.2421031796298,official_tsuruha
ツルハドラッグ,ツルハドラッグ 札内あかしや店,北海道中川郡幕別町札内あかしや町42番14,official_34745a85b1a97bac,42.909717,143.249113,official_tsuruha
ツルハドラッグ,ツルハドラッグ 様似店,北海道様似郡様似町大通１丁目13-8,official_ea4a5fb9455d3d86,42.12682873563864,142.93201065077955,official_tsuruha
ツルハドラッグ,ツルハドラッグ 江差新地町店,北海道檜山郡江差町新地町１４番,official_e9122afe167cb5c4,41.86357741724108,140.12756783186728,official_tsuruha
ツルハドラッグ,ツルハドラッグ 名寄徳田南店,北海道名寄市徳田359番地8,official_7e799285515e491d,44.33571661,142.4544334,official_tsuruha
ツルハドラッグ,ツルハドラッグ 名寄徳田店,北海道名寄市徳田88-6,official_8c6308b60f8fa816,44.33719966941097,142.45183483750714,official_tsuruha
ツルハドラッグ,ツルハ薬局 名寄西5条店,北海道名寄市南7丁目20番地,official_eb581c98b62216ba,44.349026582844665,142.45525148467576,official_tsuruha
ツルハドラッグ,ツルハドラッグ 名寄西4条店,北海道名寄市南6丁目8番地,official_2f7bef5626d33e61,44.34986842540715,142.45749095737747,official_tsuruha
ツルハドラッグ,調剤薬局ツルハドラッグ 名寄西4条店,北海道名寄市西4条南6丁目8番地,official_1e1eefa722f76dd5,44.349856322989986,142.45763090983905,official_tsuruha
ツルハドラッグ,ツルハドラッグ 木古内店,北海道上磯郡木古内町字本町545,official_754b2ccaf821e217,41.676771518183024,140.43443961971425,official_tsuruha
ツルハドラッグ,ツルハドラッグ 足寄店,北海道足寄郡足寄町南7条1丁目15番地,official_1648a407a668ba3e,43.23286282346426,143.5456756301959,official_tsuruha
ツルハドラッグ,ツルハドラッグ 広尾店,北海道広尾郡広尾町並木通東2丁目2-9,official_b2f377bace7cfcd1,42.297945,143.314819,official_tsuruha
ツルハドラッグ,ツルハドラッグ 本別店,北海道中川郡本別町南3丁目1-4,official_b70da76bfc68bd2e,43.118222,143.607683,official_tsuruha
ツルハドラッグ,ツルハドラッグ 北見留辺蘂店,北海道北見市留辺蘂町旭公園95-9,official_a0b79871820cc94e,43.780675468590154,143.61280521714423,official_tsuruha
ツルハドラッグ,ツルハドラッグ 天塩店,北海道天塩郡天塩町字川口5690-3,official_a727d6d34aa6714c,44.891552250006264,141.74662519344173,official_tsuruha
ツルハドラッグ,ツルハドラッグ 遠軽南町店,北海道紋別郡遠軽町南町3丁目3番地43,official_4c8b5ae2f7e43dee,44.04894,143.520823,official_tsuruha
ツルハドラッグ,ツルハドラッグ 遠軽店,北海道紋別郡大通北7丁目1-12,official_d46b9c2ff09f8849,44.07292972463545,143.53159590471574,official_tsuruha
ツルハドラッグ,ツルハドラッグ 松前店,北海道松前郡松前町字建石49-51,official_ff41670a75bd1a64,41.42568705579702,140.08528518404407,official_tsuruha
ツルハドラッグ,ツルハドラッグ 紋別緑町店,北海道紋別市緑町5丁目6番１７号,official_455bde9c57ea63b9,44.344025,143.3458,official_tsuruha
ツルハドラッグ,ツルハドラッグ 紋別落石店,北海道紋別市渚滑町1丁目2番地1-10,official_3a6f1a73abeede15,44.366984416838754,143.33506984666798,official_tsuruha
ツルハドラッグ,調剤薬局ツルハドラッグ 広域紋別病院前店,北海道紋別市落石町1丁目3番88号,official_cc2ac84a10bf678d,44.362512241026636,143.34795839061204,official_tsuruha
ツルハドラッグ,ツルハドラッグ 北見中央三輪店,北海道北見市中央三輪2丁目401-2,official_823f80eeb82cf48e,43.79800459874633,143.8510583773407,official_tsuruha
ツルハドラッグ,調剤薬局ツルハドラッグ 北見三輪北店,北海道北見市中央三輪2丁目313-1,official_0f0ea9ef9f5be898,43.80212,143.850193,official_tsuruha
ツルハドラッグ,調剤薬局ツルハドラッグ 北見メッセ店,北海道北見市中央三輪5丁目423番地5,official_44c3ae86fbfd003a,43.796534955721164,143.85638254889,official_tsuruha
ツルハドラッグ,ツルハドラッグ 北見東三輪店,北海道北見市東三輪3丁目21番1,official_d9cb234e266efe71,43.797659,143.860906,official_tsuruha
ツルハドラッグ,ツルハドラッグ 北見高栄店,北海道北見市高栄西町7丁目6番12号,official_93ca4983304f1c45,43.814828,143.85962,official_tsuruha
ツルハドラッグ,ツルハドラッグ 北見とん田西町店,北海道北見市とん田西町308番地1,official_a0c46a871b8a9a02,43.79300518659953,143.87813238993522,official_tsuruha
ツルハドラッグ,ツルハドラッグ 夕陽ケ丘店,北海道北見市北進町1丁目13-26,official_ce09c7dd88e50243,43.8086962133009,143.8716812766865,official_tsuruha
ツルハドラッグ,ツルハドラッグ 北見美芳店,北海道北見市美芳町8丁目3番9号,official_3df929d176490244,43.80368771333093,143.8781108258525,official_tsuruha
ツルハドラッグ,ツルハドラッグ 湧別店,北海道紋別郡湧別町北兵村三区518,official_021072339a890200,44.196594388349105,143.59903140346267,official_tsuruha
ツルハドラッグ,ツルハドラッグ 北見美芳東店,北海道北見市美芳町7丁目1番7号,official_67980b29aae25e78,43.80428715779877,143.8836453146518,official_tsuruha
ツルハドラッグ,ツルハドラッグ 北見北斗店,北海道北見市北斗町3丁目4番8号,official_020eefd47b1adbf9,43.81298217886105,143.88353385741587,official_tsuruha
ツルハドラッグ,ツルハドラッグ 北見南町店,北海道北見市南町1丁目8番5号,official_c4b6330818da8638,43.79708786772893,143.90045851418972,official_tsuruha
ツルハドラッグ,ツルハドラッグ 白糠店,北海道白糠郡白糠町西1条南3丁目1-6,official_01ca5ca224155ebc,42.95414279169132,144.07232932968722,official_tsuruha
ツルハドラッグ,ツルハドラッグ 桜町店,北海道北見市桜町6丁目2-4,official_557a3c3222c7509a,43.806191629251266,143.9076660899167,official_tsuruha
ツルハドラッグ,調剤薬局ツルハドラッグ 北見公園店,北海道北見市公園町139-10,official_6a5a9e68b09eea8c,43.819393969792664,143.90954871086123,official_tsuruha
ツルハドラッグ,ツルハドラッグ 北見春光店,北海道北見市春光町1丁目49番地11,official_bb166cd3e898eb1f,43.82307730611088,143.9162283061892,official_tsuruha
ツルハドラッグ,ツルハドラッグ 阿寒湖温泉店,北海道釧路市阿寒町阿寒湖温泉1丁目４,official_a51254c38d41ad77,43.433326,144.099143,official_tsuruha
ツルハドラッグ,ツルハドラッグ 美幌中央店,北海道網走郡美幌町字三橋南3-1,official_00a7c759c424f318,43.825586524369,144.110753523238,official_tsuruha
ツルハドラッグ,ツルハドラッグ 美幌新町店,北海道網走郡美幌町字新町１丁目７番地の２,official_82c3fc482f7e9869,43.833066256467546,144.10959513174973,official_tsuruha
ツルハドラッグ,ツルハドラッグ 美幌店,北海道網走郡美幌町字稲美89-4,official_3195f12747c6efd4,43.81806634136821,144.11783113897994,official_tsuruha
ツルハドラッグ,ツルハドラッグ 釧路星が浦店,北海道釧路市星が浦大通2丁目7番20号,official_9377806f2f9ad957,43.0158273207704,144.32287223804,official_tsuruha
ツルハドラッグ,ツルハドラッグ 釧路鳥取店,北海道釧路市鳥取大通9丁目9番28号,official_fdcf536ef9f03faf,43.016705353212096,144.33118193130667,official_tsuruha
ツルハドラッグ,ツルハドラッグ 釧路鳥取大通店,北海道釧路市鳥取大通5丁目7番1号,official_eaca26cb0c9bfefe,43.01534562916128,144.34681395292665,official_tsuruha
ツルハドラッグ,ツルハドラッグ 釧路鳥取南店,北海道釧路市鳥取南4丁目4番7号,official_54dc33b9ac479e1f,43.00882994702542,144.3487402790985,official_tsuruha
ツルハドラッグ,ツルハドラッグ 釧路昭和中央店,北海道釧路市昭和中央5丁目2番12号,official_535b3dcaa15e2b82,43.02577601687669,144.35111309326786,official_tsuruha
ツルハドラッグ,ツルハドラッグ 釧路昭和店,北海道釧路市昭和中央3丁目3番5号,official_de26a33ae11f7367,43.02159726944262,144.35941885404532,official_tsuruha
ツルハドラッグ,ツルハドラッグ 釧路鳥取大通東店,北海道釧路市鳥取大通1丁目5番8号,official_df02064d96f8de62,43.009445,144.363671,official_tsuruha
ツルハドラッグ,調剤薬局ツルハドラッグ 新橋大通店,北海道釧路市新橋大通1丁目2番17号,official_7c22ad5ad6cfa7cc,43.00253901344714,144.3781283593754,official_tsuruha
ツルハドラッグ,ツルハドラッグ 女満別店,北海道網走郡大空町女満別西4条4丁目2番8号,official_e3a8dc413422f860,43.909562,144.171551,official_tsuruha
ツルハドラッグ,ツルハドラッグ 釧路文苑店,北海道釧路市文苑2丁目48番14号,official_e1fe89ece9343cff,43.01976890818182,144.37971076501233,official_tsuruha
ツルハドラッグ,調剤薬局ツルハドラッグ 釧路豊川店,北海道釧路市豊川町20番17号,official_298d3aa1fed246e1,43.0104145157016,144.379955808579,official_tsuruha
ツルハドラッグ,ツルハドラッグ 釧路若松店,北海道釧路市若松町12-13,official_0d7f1b99f555db94,42.99390288681097,144.3844731625656,official_tsuruha
ツルハドラッグ,ツルハドラッグ 川北店,北海道釧路市川北町1番3号,official_7e0628ef3fb36b9b,42.989359261370794,144.38909259756838,official_tsuruha
ツルハドラッグ,ツルハドラッグ 釧路芦野店,北海道釧路市芦野5丁目27番8号,official_72c8f922fc951eff,43.01712248918533,144.3924698637415,official_tsuruha
ツルハドラッグ,ツルハドラッグ 釧路愛国店,北海道釧路市愛国東1丁目12番3号,official_1c0718a2efdb94fe,43.00418437491312,144.3943887770693,official_tsuruha
ツルハドラッグ,ツルハドラッグ 釧路富士見店,北海道釧路市富士見3丁目5番7号,official_6be3758c6bc60c25,42.976286,144.393044,official_tsuruha
ツルハドラッグ,ツルハドラッグ 釧路美原店,北海道釧路市美原4丁目1番8号,official_f417ba6550f5667b,43.02129444579046,144.40594918658087,official_tsuruha
ツルハドラッグ,ツルハドラッグ 釧路桂木店,北海道釧路郡釧路町桂木4丁目16番地,official_2f4d7d6c452e15a2,43.011912,144.407905,official_tsuruha
ツルハドラッグ,ツルハドラッグ 釧路緑ヶ岡店,北海道釧路市緑ケ岡4丁目8番80号,official_732125239fd560e6,42.98947200834376,144.41051460387152,official_tsuruha
ツルハドラッグ,ツルハドラッグ 春採7丁目店,北海道釧路市春採7丁目1番48号,official_73984dad2e7c1fa0,42.976363674596556,144.41326754086614,official_tsuruha
ツルハドラッグ,ツルハドラッグ 武佐店,北海道釧路市武佐3丁目47-23,official_b4de1ac8279c0a67,42.98903949,144.4203043,official_tsuruha
ツルハドラッグ,ツルハドラッグ 釧路桜ヶ岡店,北海道釧路市桜ヶ岡4丁目1番4号,official_b92ba1ed717eb100,42.966312,144.42563,official_tsuruha
ツルハドラッグ,ツルハドラッグ 釧路河畔店,北海道釧路郡釧路町河畔3丁目1番,official_5ee0d51b42902454,43.03464397155109,144.45401555817114,official_tsuruha
ツルハドラッグ,ツルハドラッグ 弟子屈店,北海道川上郡弟子屈町鈴蘭1丁目3番6号,official_d1015710dd63ef99,43.491874,144.45397,official_tsuruha
ツルハドラッグ,調剤薬局ツルハドラッグ 網走北店,北海道網走市北4条西4丁目1-5,official_51fdc663f42f5050,44.02404242767437,144.2607973030361,official_tsuruha
ツルハドラッグ,ツルハドラッグ 網走南4条店,北海道網走市南４条東４丁目17,official_fca1ba2c5e7f9c44,44.021342,144.273719,official_tsuruha
ツルハドラッグ,ツルハドラッグ つくしケ丘店,北海道網走市つくしケ丘1丁目3番1号,official_1ade6468b2a51c92,43.996426,144.288512,official_tsuruha
ツルハドラッグ,調剤薬局ツルハドラッグ 稚内新光店,北海道稚内市新光町1483番地82,official_475baade9789a7c7,45.38560716125256,141.69886658576473,official_tsuruha
ツルハドラッグ,調剤薬局ツルハドラッグ 稚内栄店,北海道稚内市栄５丁目８番１１号,official_60cf8077854aed10,45.386529744093885,141.69917200143215,official_tsuruha
ツルハドラッグ,ツルハドラッグ 稚内潮見店,北海道稚内市潮見1丁目2番7号,official_099b7c15a9dfcdda,45.392599,141.696896,official_tsuruha
ツルハドラッグ,調剤薬局ツルハドラッグ 南稚内店,北海道稚内市大黒2丁目3番3号,official_5a9fc706167691ca,45.39878991747545,141.68437487801086,official_tsuruha
ツルハドラッグ,ツルハドラッグ 南稚内店,北海道稚内市大黒２丁目3番3号,official_ba87d010fffce9d0,45.39881794898246,141.68437854431915,official_tsuruha
ツルハドラッグ,ツルハドラッグ 稚内宝来店,北海道稚内市宝来5丁目6番3号,official_d969114f11ee824e,45.431298,141.667254,official_tsuruha
ツルハドラッグ,ツルハドラッグ 清里店,北海道斜里郡清里町羽衣町62-2,official_2381b9e738e2944e,43.82969,144.585588,official_tsuruha
ツルハドラッグ,ツルハドラッグ 斜里店,北海道斜里郡斜里町青葉町26,official_3305503aa5116bf4,43.90140214,144.6638274,official_tsuruha
ツルハドラッグ,ツルハドラッグ 厚岸店,北海道厚岸郡厚岸町港町4丁目166番,official_5028e39f5e147f64,43.04958916854569,144.85647078183814,official_tsuruha
ツルハドラッグ,ツルハ薬局 中標津病院前店,北海道標津郡中標津町西11条南9丁目19-1,official_1ccc6c191a2f65f6,43.53605,144.97078,official_tsuruha
ツルハドラッグ,ツルハドラッグ 中標津中央店,北海道標津郡中標津町東5条北1丁目1-1,official_53fc52133607abf8,43.55142306785631,144.97764899374891,official_tsuruha
ツルハドラッグ,ツルハドラッグ 中標津店,北海道標津郡中標津町東15条南1丁目,official_d1479d398dc31133,43.55537613119034,144.98760073133784,official_tsuruha
ツルハドラッグ,ツルハドラッグ 中標津東店,北海道標津郡中標津町東18条南11丁目1-1,official_d27c4720cf9a1a33,43.55133969,144.9969363,official_tsuruha
ツルハドラッグ,ツルハドラッグ 別海店,北海道野付郡別海町別海旭町150-22,official_87f43f231e609856,43.392986680352806,145.12834418124802,official_tsuruha
ツルハドラッグ,ツルハドラッグ 標津町店,北海道標津郡標津町南8条西1丁目4-7,official_19c49f796675d040,43.6486904,145.1387562,official_tsuruha
ツルハドラッグ,ツルハドラッグ 羅臼店,北海道目梨郡羅臼町礼文町225-1,official_d0cc594dcc90cde4,44.00450994150111,145.17812043218052,official_tsuruha
ツルハドラッグ,ツルハドラッグ 根室店,北海道根室市宝町1丁目2-1,official_4f32797029c769b2,43.33203624306599,145.59069128467308,official_tsuruha
コクミン,KoKuMiN 札幌アピア店,北海道札幌市中央区北5条西3-1札幌アピア内,official_34611b6b2dbc1052,43.065115,141.354419,official_welcia
コクミン,コクミンドラッグ狸小路店,北海道札幌市中央区南3条西3-14,official_0039271357c00613,43.054889,141.35739,official_welcia
コクミン,KoKuMiN 札幌オーロラ店,北海道札幌市中央区大通西1-5-5オーロラタウンA-26,official_aa0ad2e683a94880,43.058588,141.359758,official_welcia
コクミン,CityDrug シティドラッグアピア店,北海道札幌市中央区北5条西4丁目アピア内W-22,official_67c9fbca0dcdcc90,43.064496,141.353573,official_welcia
コクミン,KoKuMiN 札幌地下店,北海道札幌市中央区大通西2丁目札幌地下街オーロラタウン内,official_f7ff09efe6bac7d5,43.058294,141.357499,official_welcia
コクミン,KoKuMiN 新千歳空港出発口店,北海道千歳市美々新千歳空港ターミナルビル2階,official_98a863d07505abf9,42.784519,141.684748,official_welcia
コクミン,コクミンドラッグ狸小路５丁目店,北海道札幌市中央区南２条西５丁目13ときビル,official_2ca7f7e985d9e290,43.054568,141.35388,official_welcia
コクミン,コクミンドラッグ 札幌大通西5丁目店,北海道札幌市中央区大通西5丁目8番地,official_0c5a0213d8be88a7,43.057088,141.353349,official_welcia
サツドラ,サツドラ 中標津東店,北海道標津郡中標津町東18条南8丁目3番地,official_d640924128ead76e,43.553,144.9957,official_satsudora
サツドラ,サツドラ 北3条店,北海道札幌市中央区北3条西12丁目1番地１,official_5fad8854971ce19e,43.063444,141.337093,official_satsudora
サツドラ,サツドラ 千歳北信濃店,北海道千歳市北信濃８６７−１ランドブレイン千歳モール,official_bf25bdd2184ce83a,42.8436128,141.6196815,official_satsudora
サツドラ,サツドラ 岩見沢６条店,北海道岩見沢市６条西３丁目２番地４,official_25c231745b501c5e,43.2013224,141.7655442,official_satsudora
サツドラ,サツドラ 美幌栄町店,北海道網走郡美幌町字栄町２丁目２番地１,official_77e72a5f5c57db18,43.8296751,144.1076276,official_satsudora
サツドラ,サツドラmoyuk SAPPORO,北海道札幌市中央区南2条西3丁目20番地,official_05fda6601e8bab4f,43.0575648,141.3531685,official_satsudora
サツドラ,サツドラすすきの店,北海道札幌市中央区南4条西3丁目第2Gビル1階,official_40fc073735a4bcd1,43.0556191,141.3542918,official_satsudora
サツドラ,サツドラせたな店,北海道久遠郡せたな町北檜山区北檜山217番地2,official_bc5991f4b9596de2,42.4116547,139.8819766,official_satsudora
サツドラ,サツドラめむろ店,北海道河西郡芽室町東６条９丁目ダイイチ内,official_e56802f7c98b7a95,42.9206576,143.0566838,official_satsudora
サツドラ,サツドラアシルすながわ店,北海道砂川市東1条南11丁目9番地,official_36b00a48fccfa16e,43.4771453,141.9040755,official_satsudora
サツドラ,サツドラインターヴィレッジ大曲店,北海道北広島市大曲幸町6丁目1番地,official_618e36393a6de8a2,42.9691799,141.4696578,official_satsudora
サツドラ,サツドラクロスモール新発寒店,北海道札幌市手稲区新発寒2条1丁目1番1号,official_d8a2f60798c2ec6a,43.1060095,141.2732041,official_satsudora
サツドラ,サツドラセリオおおまがり店,北海道北広島市大曲末広１丁目２番１号,official_92a25dbc1c6eabd0,42.9762597,141.4807663,official_satsudora
サツドラ,サツドラニセコひらふ店,北海道虻田郡倶知安町ニセコひらふ1条3丁目6番24号Hirafu1881階,official_956a42d565578f25,42.8601964,140.7026426,official_satsudora
サツドラ,サツドラニセコビレッジ店,北海道虻田郡ニセコ町字曽我919-27,official_3d9493d0337a62e2,42.8447649,140.6840182,official_satsudora
サツドラ,サツドラニセコ元町店,北海道虻田郡ニセコ町字元町74-16,official_ed2813353232be91,42.8002454,140.70157,official_satsudora
サツドラ,サツドラファクトリー店,北海道札幌市中央区北1条東4丁目8番1サッポロファクトリーフロンティア館2階,official_e42c4cc500ab0a31,43.0638251,141.3622085,official_satsudora
サツドラ,サツドラルスツ店,北海道虻田郡留寿都村留寿都４５−３,official_89d856f05dd2119a,42.7401078,140.8832841,official_satsudora
サツドラ,サツドラ七飯店,北海道亀田郡七飯町大川2丁目1-4,official_880c1c7566c2b9f7,41.8521204,140.7229711,official_satsudora
サツドラ,サツドラ中の島店,北海道札幌市豊平区中の島２条２丁目３番3号,official_568662898b8f1caa,43.0362225,141.36253,official_satsudora
サツドラ,サツドラ中ノ沢店,北海道札幌市南区中ノ沢2丁目2番地,official_d3ca8b78e0eb3336,42.9968315,141.3224001,official_satsudora
サツドラ,サツドラ中札内店,北海道河西郡中札内村大通南6丁目3番マックスバリュ中札内店内,official_8b2e45fda3edd290,42.6928032,143.1290637,official_satsudora
サツドラ,サツドラ中標津西店,北海道標津郡中標津町西6条南11丁目6番地2,official_d4afa88398cdb4be,43.5377613,144.9763643,official_satsudora
サツドラ,サツドラ久根別店,北海道北斗市東浜２丁目６番32号,official_152ee62c3aab5f2f,41.8254846,140.6660335,official_satsudora
サツドラ,サツドラ二十四軒店,北海道札幌市西区二十四軒4条1丁目2番20号,official_58961340bf20c068,43.0758474,141.3082343,official_satsudora
サツドラ,サツドラ伊達インター店,北海道伊達市舟岡町２３６−１,official_25492a5696c4fea0,42.4687012,140.8789317,official_satsudora
サツドラ,サツドラ伏見啓明店,北海道札幌市中央区南13条西22丁目1番15号,official_ae120059d2dca322,43.0407773,141.3267925,official_satsudora
サツドラ,サツドラ余市店,北海道余市郡余市町黒川町12丁目67番地2,official_419ceb5c973ec4f3,43.1853759,140.7977422,official_satsudora
サツドラ,サツドラ倶知安店,北海道虻田郡倶知安町南7条東1丁目1-9,official_5ad036d2dc9be7c5,42.8940625,140.7522711,official_satsudora
サツドラ,サツドラ八軒6条店,北海道札幌市西区八軒６条西４丁目２−７,official_10bedcaebe6f76fb,43.0909498,141.3097159,official_satsudora
サツドラ,サツドラ八雲店,北海道二海郡八雲町本町125-15,official_810392b4416fd404,42.2533352,140.2742121,official_satsudora
サツドラ,サツドラ円山西28丁目店,北海道札幌市中央区北５条西28丁目1番地,official_ed4f13f65ca4dd9a,43.062127,141.3140733,official_satsudora
サツドラ,サツドラ函館中道店,北海道函館市中道2丁目3番13号,official_f30f82f37635af17,41.8058492,140.7610372,official_satsudora
サツドラ,サツドラ函館大縄店,北海道函館市大縄町15番1号,official_2882674c33dd92c7,41.7823693,140.7371302,official_satsudora
サツドラ,サツドラ函館宮前店,北海道函館市宮前町17番3号,official_1fd150eee19f1d3b,41.7892746,140.7355221,official_satsudora
サツドラ,サツドラ函館川汲店,北海道函館市川汲町1618-1,official_62d58152a03d001e,41.9092102,140.9686791,official_satsudora
サツドラ,サツドラ函館戸倉店,北海道函館市戸倉町１２番17号,official_4c1292eb352646cc,41.7829865,140.7987126,official_satsudora
サツドラ,サツドラ函館日の出店,北海道函館市日乃出町17番20号,official_a8fc5da3ea5a7818,41.7758986,140.751334,official_satsudora
サツドラ,サツドラ函館港店,北海道函館市港町1丁目23番1号,official_96742eb606f5125b,41.8037834,140.7239354,official_satsudora
サツドラ,サツドラ函館白鳥店,北海道函館市田家町16番25号,official_24c2100e45db8cda,41.7969276,140.742947,official_satsudora
サツドラ,サツドラ函館石川店,北海道函館市石川町470番地2,official_a6f4c1994e00ca96,41.8349459,140.7462063,official_satsudora
サツドラ,サツドラ函館美原店,北海道函館市美原3丁目13番22号,official_09a2aec7ec43731f,41.8188399,140.7524131,official_satsudora
サツドラ,サツドラ函館花園店,北海道函館市花園町26番1号,official_c836f641ad0701dd,41.7927887,140.7813947,official_satsudora
サツドラ,サツドラ函館金森倉庫店,北海道函館市豊川町11番6号,official_3b2de7efbdc4b0ec,41.7667934,140.7179791,official_satsudora
サツドラ,サツドラ函館高盛店,北海道函館市高盛町17番3号,official_aa78e5fdafd16a6f,41.7741308,140.7434456,official_satsudora
サツドラ,サツドラ利尻店,北海道利尻郡利尻町沓形字新湊284-1,official_cdf7f0d14cbfc02e,45.2028703,141.1418533,official_satsudora
サツドラ,サツドラ北12条店,北海道札幌市東区北12条東4丁目2-1,official_4a7e03a9bb422c32,43.0765131,141.3593985,official_satsudora
サツドラ,サツドラ北19条店,北海道札幌市東区北19条東15丁目5番1号,official_a7be1487ef33bd67,43.0865524,141.3729456,official_satsudora
サツドラ,サツドラ北26条店,北海道札幌市北区北26条西4丁目3番1号,official_d5a80dbd2779e44f,43.0928268,141.3425255,official_satsudora
サツドラ,サツドラ北8条店,北海道札幌市東区北8条東4丁目1番20号,official_a98d81374e825ff4,43.0719723,141.3599667,official_satsudora
サツドラ,サツドラ北斗七重浜店,北海道北斗市七重浜3丁目2-52,official_9b5ce567cdc0bc58,41.8159527,140.7136232,official_satsudora
サツドラ,サツドラ北斗本町店,北海道北斗市本町3丁目9番7号,official_179ee961933a1f10,41.8798404,140.6457607,official_satsudora
サツドラ,サツドラ北栄店,北海道札幌市東区北27条東1丁目3番7号,official_666fa51cbfad9440,43.0954334,141.3489914,official_satsudora
サツドラ,サツドラ北見とん田東町店,北海道北見市とん田東町617番地130,official_392958ec449065bb,43.7994652,143.8839433,official_satsudora
サツドラ,サツドラ北見栄町店,北海道北見市栄町３丁目４−２４,official_068eaf7226b6c4c5,43.8016414,143.8714968,official_satsudora
サツドラ,サツドラ北見若葉店,北海道北見市高栄西町１０丁目１３−７,official_8cf734f8c5046487,43.8089147,143.8560031,official_satsudora
サツドラ,サツドラ十勝清水店,北海道上川郡清水町南1条1丁目2番地2,official_614ebd83a4ae49d8,43.012979,142.8801002,official_satsudora
サツドラ,サツドラ千歳店,北海道千歳市新富３丁目９−３,official_a5dd392daf2e42cb,42.8364109,141.6396594,official_satsudora
サツドラ,サツドラ千歳末広店,北海道千歳市末広4丁目3番1号,official_f32b211f0d6cb849,42.8310025,141.6527287,official_satsudora
サツドラ,サツドラ千歳梅ヶ丘店,北海道千歳市梅ケ丘１丁目１−１８,official_34645048ddeb27fe,42.8286968,141.6761587,official_satsudora
サツドラ,サツドラ千歳高台店,北海道千歳市高台5丁目7番12号,official_cb3136065fd36229,42.8380007,141.6525632,official_satsudora
サツドラ,サツドラ南11条店,北海道札幌市中央区南11条西10丁目2番1号,official_26dcbab94c0c10f9,43.044942,141.3441941,official_satsudora
サツドラ,サツドラ南22条店,北海道札幌市中央区南23条西7丁目1-1,official_8b5bbf12cee094d4,43.0296393,141.3509427,official_satsudora
サツドラ,サツドラ厚岸店,北海道厚岸郡厚岸町港町3丁目114番,official_3051f1740d36f73b,43.0510641,144.8516769,official_satsudora
サツドラ,サツドラ士別南大通店,北海道士別市東2条9丁目5,official_9b5f9b6d54d1c99c,44.173375,142.3973376,official_satsudora
サツドラ,サツドラ大樹店,北海道広尾郡大樹町柏木町7-4,official_11cb105fd0a76ca2,42.4998167,143.2798933,official_satsudora
サツドラ,サツドラ大谷地東店,北海道札幌市厚別区大谷地東5丁目13番6号,official_6003787a68027421,43.0263751,141.4565226,official_satsudora
サツドラ,サツドラ安平早来店,北海道勇払郡安平町早来大町106番地4,official_a06a827acad7bd28,42.7680994,141.8183398,official_satsudora
サツドラ,サツドラ宝来店,北海道函館市宝来町10番20号,official_bb52bd4704043bcf,41.7601136,140.7197332,official_satsudora
サツドラ,サツドラ室蘭東町店,北海道室蘭市東町1丁目18番21号,official_2069aec619d83ff9,42.3428275,141.023786,official_satsudora
サツドラ,サツドラ室蘭駅前店,北海道室蘭市海岸町1丁目3番16号,official_24bae839b28e9c60,42.319362,140.9735023,official_satsudora
サツドラ,サツドラ宮の森3条店,北海道札幌市中央区宮の森3条2丁目5番1号,official_56c07290979873e2,43.0666112,141.3074503,official_satsudora
サツドラ,サツドラ富岡中央店,北海道函館市富岡町3丁目32番1号,official_5c5c9cd320e74481,41.8111948,140.7493183,official_satsudora
サツドラ,サツドラ富岸店,北海道登別市富岸町2丁目11番,official_5c498ddfd93bf558,42.3828124,141.0678147,official_satsudora
サツドラ,サツドラ富川店,北海道沙流郡日高町富川北３丁目３番12号,official_f1ba9ac6e3d8c3e7,42.5200696,142.0287595,official_satsudora
サツドラ,サツドラ富良野店,北海道富良野市若葉町１２−１,official_106c24f97ecbe6de,43.3386207,142.3921622,official_satsudora
サツドラ,サツドラ小樽堺町店,北海道小樽市堺町2-17,official_e6d17dda2dc4a43b,43.1953021,141.0040021,official_satsudora
サツドラ,サツドラ小樽緑店,北海道小樽市緑1丁目9番1号,official_2c445b6e2e3ae230,43.1910139,140.9900515,official_satsudora
サツドラ,サツドラ小樽若松店,北海道小樽市若松2丁目6-8,official_b81b5aae1232cc04,43.1832693,141.0086684,official_satsudora
サツドラ,サツドラ小樽長橋店,北海道小樽市長橋４丁目６−９,official_c41c78a444cdbb56,43.2097574,140.9722627,official_satsudora
サツドラ,サツドラ小清水店,北海道斜里郡小清水町元町2丁目1番34号,official_3a2aa2bbc5f7cf46,43.8567766,144.4610834,official_satsudora
サツドラ,サツドラ屯田8条店,北海道札幌市北区屯田8条7丁目10番33号,official_be8aa6ec6645378a,43.1410864,141.331234,official_satsudora
サツドラ,サツドラ屯田店,北海道札幌市北区屯田9条3丁目1番1号,official_42c96a6249eca747,43.1411199,141.3423485,official_satsudora
サツドラ,サツドラ山の手店,北海道札幌市西区山の手3条6丁目5番15号,official_986c5866c537735d,43.0687745,141.2940393,official_satsudora
サツドラ,サツドラ山鼻南14条店,北海道札幌市中央区南14条西15丁目2番12号,official_cac694d5642ee617,43.0406729,141.3357331,official_satsudora
サツドラ,サツドラ岩内東山店,北海道岩内郡岩内町字東山９７−４,official_58a4157454452861,42.9799342,140.5257882,official_satsudora
サツドラ,サツドラ岩内清住店,北海道岩内郡岩内町字清住258番地,official_b3866d207b571c58,42.978751,140.5090702,official_satsudora
サツドラ,サツドラ川下店,北海道札幌市白石区川下3条5丁目1番26号,official_4c734cec51b1edfd,43.04853,141.4467,official_satsudora
サツドラ,サツドラ川沿店,北海道札幌市南区川沿３条３丁目３−１０,official_a880ed5c4cd5735d,42.9961913,141.331437,official_satsudora
サツドラ,サツドラ帯広西15条店,北海道帯広市西15条北1丁目1-4,official_c4398fa12114b31d,42.9308068,143.177169,official_satsudora
サツドラ,サツドラ帯広西19条店,北海道帯広市西19条南2丁目29-15,official_ea65aa7557d767a2,42.918737,143.153247,official_satsudora
サツドラ,サツドラ帯広西8条店,北海道帯広市西8条南17丁目2番,official_9b41d6c2e3c2fd45,42.9122954,143.1943738,official_satsudora
サツドラ,サツドラ幕別札内店,北海道中川郡幕別町札内暁町4-2,official_65f30868c98375db,42.916507,143.2621347,official_satsudora
サツドラ,サツドラ弟子屈店,北海道川上郡弟子屈町鈴蘭3丁目1番7号,official_ea122fb9e9e58802,43.4943875,144.4534619,official_satsudora
サツドラ,サツドラ当別太美店,北海道石狩郡当別町太美町１４７０−４,official_c55139e35ab6214e,43.1973544,141.4459414,official_satsudora
サツドラ,サツドラ当別店,北海道石狩郡当別町弥生１−４,official_43d6cb75eea2146e,43.2168062,141.5156865,official_satsudora
サツドラ,サツドラ恵庭新町店,北海道恵庭市新町30番地1,official_c2a894ce3f3f82ab,42.8825922,141.5762111,official_satsudora
サツドラ,サツドラ恵庭泉町店,北海道恵庭市泉町75番地,official_2f8835ef30129bdb,42.8776571,141.5796097,official_satsudora
サツドラ,サツドラ恵庭黄金店,北海道恵庭市黄金南6丁目10番地5,official_561402084bad22f2,42.8909731,141.598381,official_satsudora
サツドラ,サツドラ手稲前田2条店,北海道札幌市手稲区前田2条13丁目3番20号,official_2714acfb63572f24,43.1246238,141.2433625,official_satsudora
サツドラ,サツドラ手稲前田7条店,北海道札幌市手稲区前田7条11丁目2番2号,official_d1d12297ca258952,43.1286394,141.2564105,official_satsudora
サツドラ,サツドラ手稲曙5条店,北海道札幌市手稲区曙5条2丁目7番28号,official_5cad3569c44173fc,43.1347086,141.2379879,official_satsudora
サツドラ,サツドラ斜里店,北海道斜里郡斜里町字豊倉51番5,official_b84ae1dc6c52d0d0,43.8998581,144.6589064,official_satsudora
サツドラ,サツドラ新琴似6番通店,北海道札幌市北区新琴似11条5丁目1番43号,official_8a3374d32616d3e2,43.1195687,141.3339725,official_satsudora
サツドラ,サツドラ新琴似店,北海道札幌市北区新琴似２条８丁目１−１０,official_d70b60b0cb651447,43.1094892,141.3155758,official_satsudora
サツドラ,サツドラ旭ヶ丘南8条店,北海道札幌市中央区南8条西23丁目4番1号,official_0e8200890154bf92,43.0471838,141.3249593,official_satsudora
サツドラ,サツドラ旭川4条通店,北海道旭川市4条通10丁目2189-1,official_51515ad811f56a69,43.7674242,142.3647612,official_satsudora
サツドラ,サツドラ旭川プラタナス通店,北海道旭川市神楽岡6条6丁目1番8号,official_76eea4169b2b1806,43.7408754,142.3725417,official_satsudora
サツドラ,サツドラ旭川大町2条店,北海道旭川市大町2条7丁目77番12号,official_ce9ca311d29f1d2e,43.790199,142.3570498,official_satsudora
サツドラ,サツドラ旭川豊岡4条店,北海道旭川市豊岡4条3丁目6-13,official_044e42c42c997706,43.7596127,142.3993499,official_satsudora
サツドラ,サツドラ春駒通店,北海道帯広市西18条南4丁目45番1号,official_94a7926bec64064d,42.9089553,143.1599348,official_satsudora
サツドラ,サツドラ月寒東店,北海道札幌市豊平区月寒東5条8丁目1-1,official_782956d0dbff8831,43.0349301,141.4084865,official_satsudora
サツドラ,サツドラ月寒西1条店,北海道札幌市豊平区月寒西1条11丁目3番1号,official_854d766c40b98d56,43.0230497,141.3980134,official_satsudora
サツドラ,サツドラ朝里店,北海道小樽市新光1丁目9-17,official_c761e349c6bf5fbe,43.1752179,141.0559938,official_satsudora
サツドラ,サツドラ本郷店,北海道札幌市白石区本郷通4丁目南1番20号,official_b24b6183768c69a5,43.0461593,141.4066224,official_satsudora
サツドラ,サツドラ札幌ステラプレイス店,北海道札幌市中央区北5条西2丁目イースト地下1階E-B-17区画,official_01ea114e48dc70d7,43.06828028,141.3531459,official_satsudora
サツドラ,サツドラ東札幌店,北海道札幌市白石区東札幌1条2丁目3番10号,official_257c357b19385d77,43.0495289,141.3829306,official_satsudora
サツドラ,サツドラ東苗穂4条店,北海道札幌市東区東苗穂4条２丁目5番1号,official_fa02e972f2187cf8,43.0871676,141.4041966,official_satsudora
サツドラ,サツドラ東雁来11条店,北海道札幌市東区東雁来11条4丁目1番30号,official_4cd1f884600fbccf,43.0966463,141.4323796,official_satsudora
サツドラ,サツドラ栄町店,北海道札幌市東区北41条東17丁目4番15号,official_b0d095b6e5db851e,43.1127896,141.3702468,official_satsudora
サツドラ,サツドラ栗山朝日店,北海道夕張郡栗山町朝日4丁目10-1,official_1418c30eff560237,43.0560057,141.7953582,official_satsudora
サツドラ,サツドラ根室店,北海道根室市大正町1丁目32番2,official_39551787c3b53e15,43.3292843,145.5857456,official_satsudora
サツドラ,サツドラ根室西浜店,北海道根室市西浜町8丁目95番1,official_759b8062c31bcde7,43.3216773,145.5619487,official_satsudora
サツドラ,サツドラ桑園北8条店,北海道札幌市中央区北8条西22丁目2-16,official_9291a1e6e27d9e67,43.0671803,141.321343,official_satsudora
サツドラ,サツドラ森店,北海道茅部郡森町本町50番地3,official_0aed3cc245039c26,42.1093265,140.5701191,official_satsudora
サツドラ,サツドラ標茶店,北海道川上郡標茶町開運3丁目6番1号,official_ea868ed2c48d1555,43.2975259,144.5987919,official_satsudora
サツドラ,サツドラ江別一番町店,北海道江別市一番町4-20,official_6b5cda4d073e143f,43.1105388,141.5471906,official_satsudora
サツドラ,サツドラ江別錦店,北海道江別市錦町43番地の3,official_adc41176492000f4,43.1025985,141.5260507,official_satsudora
サツドラ,サツドラ江差店,北海道檜山郡江差町字円山299番46,official_d6a8efb01b1da938,41.8616675,140.1307459,official_satsudora
サツドラ,サツドラ江差柳崎店,北海道檜山郡江差町字柳崎町92-25,official_f6a26bf9c3acd6e3,41.9192863,140.1522181,official_satsudora
サツドラ,サツドラ池田店,北海道中川郡池田町字利別南町26番4,official_4455d73a9e3327f0,42.9270337,143.4238703,official_satsudora
サツドラ,サツドラ洞爺湖旭町店,北海道虻田郡洞爺湖町旭町５−２２,official_f8720bdcdb10c880,42.5472288,140.7668815,official_satsudora
サツドラ,サツドラ津別店,北海道網走郡津別町字幸町４１,official_66860a0193876e8f,43.7069868,144.0243183,official_satsudora
サツドラ,サツドラ浜頓別店,北海道枝幸郡浜頓別町大通5丁目6,official_c9abcfb13b8783ac,45.125923,142.369042,official_satsudora
サツドラ,サツドラ浦河店,北海道浦河郡浦河町堺町西６丁目２−１３,official_21791b3d54c92fc8,42.1864256,142.764879,official_satsudora
サツドラ,サツドラ深川店,北海道深川市3条18番28号,official_ce9a08d649f32bd6,43.7235367,142.0555302,official_satsudora
サツドラ,サツドラ清田2条店,北海道札幌市清田区清田2条2丁目20番20号,official_fdcbdc5e3ad4aaa7,43.0017717,141.4333742,official_satsudora
サツドラ,サツドラ滝川西店,北海道滝川市西町４丁目１−２１２−４９,official_9bb59f378c186424,43.5616712,141.8983872,official_satsudora
サツドラ,サツドラ狸小路5丁目店,北海道札幌市中央区南3条西5丁目14,official_91a4beba1f9f6e26,43.0568473,141.3507364,official_satsudora
サツドラ,サツドラ狸小路大王ビル店,北海道札幌市中央区南2条西5丁目23-1,official_c2e0dd0028430553,43.057396,141.3511498,official_satsudora
サツドラ,サツドラ留萌潮静店,北海道留萌市潮静1丁目1番地3,official_66e798689ec21682,43.9223614,141.6751584,official_satsudora
サツドラ,サツドラ留萌花園店,北海道留萌市花園町３丁目２−１１,official_4ac44f3eb4f25978,43.9365025,141.6521648,official_satsudora
サツドラ,サツドラ発寒5条店,北海道札幌市西区発寒5条8丁目1番37号,official_7875838c4dff96b5,43.0858496,141.2841326,official_satsudora
サツドラ,サツドラ登別温泉店,北海道登別市登別温泉町72番地,official_f2a6e53d3e334c54,42.4936494,141.1430956,official_satsudora
サツドラ,サツドラ白樺店,北海道帯広市白樺16条西2丁目7-7,official_9698214cc3679bd6,42.918065,143.1731497,official_satsudora
サツドラ,サツドラ白石本通店,北海道札幌市白石区本通13丁目南5-1,official_787dbfc725a39db4,43.0401023,141.4252078,official_satsudora
サツドラ,サツドラ白糠駅前店,北海道白糠郡白糠町東２条南２丁目１番１,official_dd9b74198610285a,42.9544321,144.0780889,official_satsudora
サツドラ,サツドラ白老末広店,北海道白老郡白老町末広町1丁目4番23号,official_8deaabcc3c90e2c8,42.5541766,141.3561074,official_satsudora
サツドラ,サツドラ真駒内緑町店,北海道札幌市南区真駒内緑町1丁目1番6号,official_d6974d42e014cc26,42.9934578,141.3501115,official_satsudora
サツドラ,サツドラ福井店,北海道札幌市西区福井4丁目3-1,official_c6b8b95b88776e8d,43.0571489,141.2690386,official_satsudora
サツドラ,サツドラ稚内ララプラザ店,北海道稚内市潮見１丁目１０−１５,official_f782031eb16242a4,45.394241,141.6977896,official_satsudora
サツドラ,サツドラ稚内中央店,北海道稚内市中央２丁目１４-２３号,official_ce2b8d0d3da613c3,45.4175191,141.6744207,official_satsudora
サツドラ,サツドラ稚内店,北海道稚内市潮見2丁目5番35号,official_96b9eb3845c27a9d,45.3965885,141.6994141,official_satsudora
サツドラ,サツドラ端野店,北海道北見市端野町三区564-1,official_5f37fbbcfff966f9,43.8410903,143.9300978,official_satsudora
サツドラ,サツドラ篠路店,北海道札幌市北区篠路5条5丁目1番地5,official_1bed257bd2217d95,43.1488213,141.3599227,official_satsudora
サツドラ,サツドラ紋別店,北海道紋別市落石町１丁目２８−３５,official_3e72c9069eb70fd2,44.3630594,143.3430275,official_satsudora
サツドラ,サツドラ紋別本町店,北海道紋別市本町7丁目1番16号,official_e13a020fef63f750,44.3484841,143.3546604,official_satsudora
サツドラ,サツドラ網走店,北海道網走市つくしケ丘２丁目３−２,official_3fe533d2dd90e752,43.9964196,144.2870678,official_satsudora
サツドラ,サツドラ美しが丘南店,北海道札幌市清田区美しが丘4条6丁目2番1号,official_0550af26c06c159e,42.9781794,141.457694,official_satsudora
サツドラ,サツドラ美唄店,北海道美唄市大通西1条南2丁目1番1号,official_8132a5b7766cefba,43.3310536,141.8594333,official_satsudora
サツドラ,サツドラ苫小牧しらかば店,北海道苫小牧市しらかば町2丁目1番23号,official_554c4d173a5c74f5,42.6223472,141.5446624,official_satsudora
サツドラ,サツドラ苫小牧ときわ町店,北海道苫小牧市ときわ町3丁目17番17号,official_8a2358a2928d3464,42.6158626,141.5080911,official_satsudora
サツドラ,サツドラ薬局 二十四軒店,北海道札幌市西区二十四軒2条4丁目6番23号エクセルシュール二十四軒,official_2b0c3d26bab185fc,43.0715933,141.3116865,official_satsudora
サツドラ,サツドラ薬局 北33条店,北海道札幌市東区北３３条東１４丁目１−7,official_8a01841e75f2801b,43.1029732,141.3658773,official_satsudora
サツドラ,サツドラ薬局 南33条店,北海道札幌市南区南33条西１１丁目４−３,official_cdafe66dc2b68665,43.0138072,141.3454251,official_satsudora
サツドラ,サツドラ薬局 在宅調剤センター南13条店,北海道札幌市中央区南１３条西７丁目１−２７,official_35f3f6215ad61057,43.0434114,141.3493786,official_satsudora
サツドラ,サツドラ薬局 屯田店,北海道札幌市北区屯田９条３丁目１−２０屯田メディカルモール内,official_0c33cae891ba1487,43.1419402,141.3417497,official_satsudora
サツドラ,サツドラ薬局 新川店,北海道札幌市北区新川743-1,official_3b053ad453c2261c,43.1238759,141.2880815,official_satsudora
サツドラ,サツドラ薬局 曙店,北海道札幌市手稲区曙2条2丁目4-21,official_d1bc68f6c238b791,43.1276899,141.2376367,official_satsudora
サツドラ,サツドラ薬局 札幌中央調剤センター店,北海道札幌市白石区川下２１６５−１,official_93a29177e8c19312,43.07566,141.4430832,official_satsudora
サツドラ,サツドラ薬局 江別店,北海道江別市高砂町３−２,official_12d2893b153a5917,43.1051797,141.5404593,official_satsudora
サツドラ,サツドラ虹ヶ丘店,北海道北広島市虹ヶ丘6丁目8,official_826a850e407c3766,43.0208677,141.4897916,official_satsudora
サツドラ,サツドラ西宮の沢4条店,北海道札幌市手稲区西宮の沢4条2丁目4番1号,official_4379f9dd95d19075,43.0986449,141.2613891,official_satsudora
サツドラ,サツドラ西岡店,北海道札幌市豊平区西岡4条11丁目16番25号,official_ce50f446949b3862,42.9990948,141.3818007,official_satsudora
サツドラ,サツドラ西岡札大前店,北海道札幌市豊平区西岡3条7丁目3番13号,official_cecc02be97e896de,43.0106543,141.3839655,official_satsudora
サツドラ,サツドラ西町南店,北海道札幌市西区西町南４丁目１−１０,official_3a8c9674a528f188,43.0775379,141.290234,official_satsudora
サツドラ,サツドラ西線店,北海道札幌市中央区南7条西15丁目1-6,official_abb3dd1b8d6b77de,43.050314,141.3346541,official_satsudora
サツドラ,サツドラ西野1条店,北海道札幌市西区西野1条3丁目1-5,official_cd81ce859e35b262,43.0773379,141.2848066,official_satsudora
サツドラ,サツドラ西野8条店,北海道札幌市西区西野８条４丁目１１−２２,official_54aee1ce4b5d79da,43.0653049,141.2702517,official_satsudora
サツドラ,サツドラ豊平3条店,北海道札幌市豊平区豊平3条2丁目1番35号,official_3a6fee4e5a8f7a81,43.0542377,141.3678046,official_satsudora
サツドラ,サツドラ豊平美園店,北海道札幌市豊平区美園9条3丁目2-1,official_fe66cbe27bad3c6c,43.0381752,141.3796662,official_satsudora
サツドラ,サツドラ足寄南店,北海道足寄郡足寄町南3条1丁目10番地,official_b97c2d927dec391e,43.2412556,143.5464311,official_satsudora
サツドラ,サツドラ遠軽店,北海道紋別郡遠軽町2条通北1丁目4番3号,official_f637dd7f781083c5,44.0582682,143.5288477,official_satsudora
サツドラ,サツドラ釧路星が浦大通店,北海道釧路市星が浦大通２丁目8番14号,official_0f04e23119ba591d,43.0153683,144.3199487,official_satsudora
サツドラ,サツドラ釧路昭和中央店,北海道釧路市昭和中央1丁目1番2号,official_27774de24f29c85c,43.016615,144.3691635,official_satsudora
サツドラ,サツドラ釧路曙店,北海道釧路郡釧路町曙4丁目11番地13,official_dd16b62d8d80d14c,43.0166197,144.4108727,official_satsudora
サツドラ,サツドラ静内店,北海道日高郡新ひだか町静内木場町1丁目1番128号,official_cb45a369ba949534,42.3410071,142.3619521,official_satsudora
サツドラ,サツドラ音更宝来店,北海道河東郡音更町ひびき野仲町１丁目９−１,official_05961ffb85996586,42.9426392,143.2177488,official_satsudora
サツドラ,サツドラ音更木野タウン店,北海道河東郡音更町木野大通東11丁目２番地2,official_cc5a068122b27995,42.9567122,143.2080306,official_satsudora
サツドラ,サツドラ麻生北35条店,北海道札幌市北区北35条西4丁目2番15号,official_6e4ed3b95a12cef8,43.1023929,141.3403111,official_satsudora
サツドラ,サツドラ麻生北40条店,北海道札幌市東区北40条東1丁目1番27号,official_53d81fa8c74dd533,43.1081478,141.3452307,official_satsudora
ツルハドラッグ,ツルハドラック,北海道札幌市中央区北５条西１８丁目９−６premiumgarden北円山１F,official_76db8c2f6b5d2a01,,,google_maps_browser
ツルハドラッグ,ツルハドラッグ 南8条店,北海道札幌市中央区南８条西７丁目１０３７−２７,official_9a98cafe518676e5,,,google_maps_browser
ツルハドラッグ,ツルハドラッグ 南6条店,北海道札幌市中央区南６条西９丁目1018番地2,official_b1bc67e1a729188d,,,google_maps_browser
ツルハドラッグ,ツルハドラッグ 春光1条店,北海道旭川市春光１条９丁目１９−６,official_8f634a13e086a96d,,,google_maps_browser
ツルハドラッグ,ツルハドラッグ 帯広北店,北海道帯広市西１６条北１丁目１２−７８,official_b7a7058a286e9248,,,google_maps_browser
ツルハドラッグ,ツルハドラッグ 栄町店,北海道札幌市東区北４９条東１５丁目１−７２３−１,official_42a786bceb0058ce,,,google_maps_browser
ツルハドラッグ,ツルハドラッグ 発寒13条店,北海道札幌市西区発寒１３条４丁目１３85号,official_98810c7e977a31c6,,,google_maps_browser
ツルハドラッグ,ツルハドラッグ 北35条東店,北海道札幌市東区北３５条東１９丁目１−１５,official_1bf66b8a421f74eb,,,google_maps_browser
ツルハドラッグ,ツルハドラッグ 旭川末広北店,北海道旭川市末広１条１０丁目１−２０,official_bbf70d28567c6669,,,google_maps_browser
ツルハドラッグ,ツルハドラッグ 帯広南町店,北海道帯広市西１８条南２７丁目1番地34,official_f2cacd45aaae8668,,,google_maps_browser
ツルハドラッグ,ツルハドラッグ 澄川6条店,北海道札幌市南区澄川６条３丁目２−３６,official_8d72e3615096a17c,,,google_maps_browser
ツルハドラッグ,ツルハドラッグ 富良野緑町店,北海道富良野市緑町１−１４,official_29521acd8986f28e,,,google_maps_browser
ツルハドラッグ,ツルハドラッグ 稲田店,北海道帯広市稲田町南９線西9番1,official_7a8c2152d92861ac,,,google_maps_browser
ツルハドラッグ,ツルハドラッグ 帯広東7条店,北海道帯広市東７条南１６丁目1−１,official_6892c26707832a35,,,google_maps_browser
ツルハドラッグ,ツルハドラッグ 北4条店,北海道札幌市中央区北４条西１８丁目8番１プレミアムガーデン北円山1Ｆ,official_c83c24bcf43b5bec,,,google_maps_browser
ツルハドラッグ,ツルハドラッグ 元町駅前店,北海道札幌市東区北２３条東１６丁目１−１１,official_97125c012bc895d5,,,google_maps_browser
ツルハドラッグ,ツルハドラッグ 旭川2条店,北海道旭川市２条通２３丁目１１０−１,official_502704fb26651879,,,google_maps_browser
ツルハドラッグ,ツルハドラッグ 足寄店,北海道足寄郡足寄町南７条１丁目15番地,official_89f26b6942f2e135,,,google_maps_browser
ツルハドラッグ,ツルハドラッグ 旭川4条店,北海道旭川市４条通１５丁目７５０,official_9b561e4a9e5fd035,,,google_maps_browser
ツルハドラッグ,ツルハドラッグ 登別中央店,北海道登別市中央町５丁目22−４,official_2312b150c3ea8ed6,,,google_maps_browser
ツルハドラッグ,ツルハドラッグ 苫小牧日新店,北海道苫小牧市日新町２丁目６30号,official_efafb7d1cb44eb12,,,google_maps_browser
ツルハドラッグ,ツルハドラッグ 千歳新富店,北海道千歳市新富１丁目５10号,official_05eb8b4a9940f70e,,,google_maps_browser
ツルハドラッグ,ツルハドラッグ 千歳長都店,北海道千歳市長都駅前２丁目842番地2,official_8a97e04e18686334,,,google_maps_browser
ツルハドラッグ,ツルハドラッグ 篠路東店,北海道札幌市北区篠路４条９丁目１５−１,official_bdb525937046aa58,,,google_maps_browser
ツルハドラッグ,ツルハドラッグ 恵み野里美店,北海道恵庭市恵み野里美１丁目1番３,official_c1d0f9d174c20499,,,google_maps_browser
ツルハドラッグ,ツルハドラッグ 北円山店,北海道札幌市中央区北２条西２８丁目１−２６,official_96d77ef019023e36,,,google_maps_browser
ツルハドラッグ,ツルハドラッグ 豊平4条店,北海道札幌市豊平区豊平４条９丁目３−１リペア豊平,official_27de2893bcae57ae,,,google_maps_browser
ツルハドラッグ,ツルハドラッグ 八軒店,北海道札幌市西区八軒６条西６丁目３−１,official_1b333213654c573a,,,google_maps_browser
ツルハドラッグ,ツルハドラッグ 大麻北店,北海道江別市大麻北町５２１−３４,official_1c0cb0752591e935,,,google_maps_browser
ツルハドラッグ,ツルハドラッグ あいの里店,北海道札幌市北区あいの里２条６丁目１−２８,official_65d2bc896519a604,,,google_maps_browser
ツルハドラッグ,ツルハドラッグ 西線店,北海道札幌市中央区南４条西１５丁目２−１,official_1df980cb91aed658,,,google_maps_browser
ツルハドラッグ,ツルハドラッグ 南14条店,北海道札幌市中央区南１４条西１４丁目,official_a8823cc79991d37b,,,google_maps_browser
ツルハドラッグ,ツルハドラッグ 忠和店,北海道旭川市忠和４条６丁目４−１２,official_8f658e99c950c245,,,google_maps_browser
ツルハドラッグ,ツルハドラッグ 行啓通店,北海道札幌市中央区南１４条西９丁目３−４１,official_8e7576e8a21eada1,,,google_maps_browser
サツドラ,サツドラ札幌ステラプレイス店,北海道札幌市中央区北５条西２丁目イースト地下1階E-B-17区画,official_cecfc416c049df6b,,,google_maps_browser
サツドラ,サツドラ 北3条店,北海道札幌市中央区北３条西１２丁目１−１,official_c12276d9b54c33d1,,,google_maps_browser
サツドラ,サツドラmoyuk SAPPORO,北海道札幌市中央区南２条西３丁目20番地,official_78a111e5df3d6ac4,,,google_maps_browser
サツドラ,サツドラ南11条店,北海道札幌市中央区南１１条西１０丁目２−番1号,official_f0a1bbfafd7af370,,,google_maps_browser
サツドラ,サツドラ豊平3条店,北海道札幌市豊平区豊平３条２丁目１−３５,official_06a95269ee91073c,,,google_maps_browser
サツドラ,サツドラ江別一番町店,北海道江別市一番町4−２０,official_abbd8eab5372f37b,,,google_maps_browser
サツドラ,サツドラ大樹店,北海道広尾郡大樹町柏木町７−４,official_a47977310c90917c,,,google_maps_browser
サツドラ,サツドラすすきの店,北海道札幌市中央区南４条西３丁目第2Gビル1階,official_0aa64f3ca6e0fda8,,,google_maps_browser
サツドラ,サツドラ狸小路5丁目店,北海道札幌市中央区南３条西５丁目１４,official_a654616893b881f7,,,google_maps_browser
サツドラ,サツドラ真駒内緑町店,北海道札幌市南区真駒内緑町１丁目１−６,official_0636900bacbca983,,,google_maps_browser
サツドラ,サツドラ留萌潮静店,北海道留萌市潮静１丁目1番地3,official_a74791f5ea68801c,,,google_maps_browser
サツドラ,サツドラ旭川4条通店,北海道旭川市４条通１０丁目２１８９−１,official_4075b2c0629a664d,,,google_maps_browser
サツドラ,サツドラ釧路昭和中央店,北海道釧路市昭和中央１丁目１−２,official_070d2c71036b8030,,,google_maps_browser
サツドラ,サツドラ帯広西8条店,北海道帯広市西８条南１７丁目２２番,official_f6ddd938cdd6403c,,,google_maps_browser
サツドラ,サツドラ北8条店,北海道札幌市東区北８条東４丁目１−２０,official_f545b9d7916d3f51,,,google_maps_browser
サツドラ,サツドラ狸小路大王ビル店,北海道札幌市中央区南２条西５丁目２３−１,official_e34e4e8d8f3c912e,,,google_maps_browser
サツドラ,サツドラ函館戸倉店,北海道函館市戸倉町１２−１７,official_036a23c7368f4c37,,,google_maps_browser
サツドラ,サツドラ釧路曙店,北海道釧路郡釧路町曙４丁目11番地13,official_0173b2b6e6415966,,,google_maps_browser
サツドラ,サツドラ千歳高台店,北海道千歳市高台５丁目７−１２7番12号,official_a61404f9034c670b,,,google_maps_browser
サツドラ,サツドラ函館花園店,北海道函館市花園町２６−１,official_e91f844b86cf3812,,,google_maps_browser
サツドラ,サツドラファクトリー店,北海道札幌市中央区北１条東４丁目8番１サッポロファクトリーフロンティア館2階,official_066147dca9501495,,,google_maps_browser
サツドラ,サツドラ恵庭黄金店,北海道恵庭市黄金南６丁目10番地5,official_5a7ebe8d23b4fa0c,,,google_maps_browser
サツドラ,サツドラ深川店,北海道深川市３条１８28号,official_f228bf85bcd13290,,,google_maps_browser
サツドラ,サツドラ北栄店,北海道札幌市東区北２７条東１丁目３−７,official_63b27b5c3f6d47f7,,,google_maps_browser
サツドラ,サツドラ苫小牧しらかば店,北海道苫小牧市しらかば町２丁目１１−番23号,official_71a89c9e773fd9d4,,,google_maps_browser
サツドラ,サツドラ虹ヶ丘店,北海道北広島市虹ヶ丘６丁目８,official_2b172f713abca5af,,,google_maps_browser
サツドラ,サツドラ中札内店,北海道河西郡中札内村大通南６丁目３マックスバリュ中札内店内,official_3676273a64b62361,,,google_maps_browser
サツドラ,サツドラ北26条店,北海道札幌市北区北２６条西４丁目３−１,official_d434580538efc9af,,,google_maps_browser
サツドラ,サツドラ函館宮前店,北海道函館市宮前町１７3号,official_112b575031e235d6,,,google_maps_browser
サツドラ,サツドラ函館美原店,北海道函館市美原３丁目１３−２２,official_55e5ea9faf8e59c9,,,google_maps_browser
サツドラ,サツドラ室蘭駅前店,北海道室蘭市海岸町１丁目３−１６,official_52b535987324c8a3,,,google_maps_browser
サツドラ,サツドラ南22条店,北海道札幌市中央区南２３条西７丁目１−１,official_e02c47e9311d3da4,,,google_maps_browser
サツドラ,サツドラ美唄店,北海道美唄市大通西１条南２丁目１−１,official_58ca18527415fb9e,,,google_maps_browser
ウエルシア,北海道,北海道は日本の主要四島の中で最北端にある島で、火山、天然温泉、スキー場で知られています。起伏の激しい大雪山国立公園には蒸気を上げる火山の旭岳があり、支笏洞爺国立公園にはカルデラ湖、地熱温泉、富士山に似た羊蹄,official_30e7f88ab3d7b126,,,google_maps_browser
マツモトキヨシ,薬 マツモトキヨシ 札幌狸小路店,北海道札幌市中央区南２条西３丁目１−５,official_be4f615a9c0a42fb,,,google_maps_browser
マツモトキヨシ,薬 マツモトキヨシ 札幌南1条店,北海道札幌市中央区南１条西３丁目３−８,official_cea42e247a7bcab9,,,google_maps_browser
マツモトキヨシ,薬 マツモトキヨシ 札幌狸小路Part2店,北海道札幌市中央区南３条西３丁目１３−１,official_2345009ce018496a,,,google_maps_browser
マツモトキヨシ,薬 マツモトキヨシ 札幌すすきの店,北海道札幌市中央区南４条西３丁目9−２,official_0b91fc1248364cb0,,,google_maps_browser
マツモトキヨシ,マツモトキヨシ OUTLET 三井アウトレットパーク 札幌北広島店,北海道北広島市大曲幸町３丁目7−６,official_facb165802b16849,,,google_maps_browser
マツモトキヨシ,薬 マツモトキヨシ プロム山鼻店,北海道札幌市中央区南２２条西１２丁目１−２,official_96bb59d9adf48e3b,,,google_maps_browser
マツモトキヨシ,薬 マツモトキヨシ 札幌南５条西３丁目店,北海道札幌市中央区南５条西３丁目６−１,official_28a405a0e10ed949,,,google_maps_browser
マツモトキヨシ,マツモトキヨシ札幌南1条店,北海道札幌市中央区南１条西３丁目８−８,official_ad30705981bb6831,,,google_maps_browser
マツモトキヨシ,薬 マツモトキヨシ シーナシーナ琴似店,北海道札幌市西区西区琴似２条１丁目４−１,official_6a3b17eaddd5fa51,,,google_maps_browser
サンドラッグ,サンドラッグ 北四十一条店,北海道札幌市東区北４１条東９丁目３−３−１,official_fcb843d4d8b06a1b,,,google_maps_browser
サンドラッグ,サンドラッグ 南4条店,北海道札幌市中央区南４条西１８丁目１−１５,official_bbbf2c3290dd4ae7,,,google_maps_browser
サンドラッグ,サンドラッグ 北34条西店,北海道札幌市北区北３４条西１１丁目３−１６,official_6feb1e0d57aec567,,,google_maps_browser
サンドラッグ,㈱サンドラッグプラス 本社,北海道札幌市東区北４１条東９丁目３−１,official_c8509b3cc408359a,,,google_maps_browser
サンドラッグ,サンドラッグ 白樺通18条店,北海道帯広市西１８条南３丁目２７−３１,official_f74961868419f092,,,google_maps_browser
サンドラッグ,サンドラッグ帯広西８条南店,北海道帯広市西８条南１１丁目2−１,official_495ff8a601d27fd2,,,google_maps_browser
サンドラッグ,サンドラッグ 苫小牧三光店,北海道苫小牧市三光町５丁目７−１４,official_c0fe15a7a5768d3a,,,google_maps_browser
サンドラッグ,サンドラッグ 屯田店,北海道札幌市北区屯田８条４丁目１−２４,official_6ef0ffe2721e31f2,,,google_maps_browser
サンドラッグ,サンドラッグ 北見店,北海道北見市とん田西町２１８−５,official_0c6ccb7b455a3882,,,google_maps_browser
サンドラッグ,サンドラッグ北見青葉,北海道北見市青葉町１２−２３,official_0a9b2512cae132f4,,,google_maps_browser
サンドラッグ,サンドラッグ 美しが丘店,北海道札幌市清田区美しが丘３条４丁目１−２０,official_9302a28458b2718a,,,google_maps_browser
サンドラッグ,サンドラッグ 苫小牧緑町,北海道苫小牧市緑町２丁目８−１０,official_b7706a5f2579b084,,,google_maps_browser
サンドラッグ,サンドラッグ 岩見沢8条東店,北海道岩見沢市８条東１１丁目８−１９,official_58d8d40a308fba26,,,google_maps_browser
サンドラッグ,サンドラッグ 北広島店,北海道北広島市美沢１丁目２−５,official_1e7561803fee00f0,,,google_maps_browser
サンドラッグ,サンドラッグ 田家店,北海道函館市田家町１７−４０,official_7e1569a3c941ccd6,,,google_maps_browser
サンドラッグ,サンドラッグ 南郷４丁目店,北海道札幌市白石区南郷通４丁目北１−３６,official_8581028dff6398b8,,,google_maps_browser
サンドラッグ,サンドラッグ苫小牧光洋,北海道苫小牧市光洋町１丁目１４−１２,official_2776c07505f3e875,,,google_maps_browser
サンドラッグ,サンドラッグ 岩見沢十条西店,北海道岩見沢市１０条西１９丁目１−１,official_51f7cecbba92512c,,,google_maps_browser
サンドラッグ,サンドラッグ狸小路２丁目,北海道札幌市中央区南３条西２丁目１２−１,official_7a6bd3423df540d4,,,google_maps_browser
サンドラッグ,サンドラッグ 平岡3条店,北海道札幌市清田区平岡３条１丁目１−８,official_11a61da3520a864a,,,google_maps_browser
サンドラッグ,サンドラッグ BiVi新さっぽろ店,北海道札幌市厚別区厚別中央１条６丁目３−３1階,official_f09127e41f82fd7f,,,google_maps_browser
サンドラッグ,サンドラッグ 松陰店,北海道函館市松陰町２１−２１,official_2b127d1b5efe1040,,,google_maps_browser
サンドラッグ,サンドラッグ 西5条弥生店,北海道帯広市西５条南２８丁目１−２,official_038fd89dc139e91f,,,google_maps_browser
サンドラッグ,サンドラッグ 小樽南店,北海道小樽市入船１丁目７−１１,official_f4a834fe6ac6b7e4,,,google_maps_browser
サンドラッグ,サンドラッグ 西帯広店,北海道帯広市西２１条南４丁目４−１,official_3e8e2ce5a7c101c4,,,google_maps_browser
サンドラッグ,サンドラッグ 美原二丁目店,北海道函館市美原２丁目１７−１,official_3e4de94d8c2b1e0c,,,google_maps_browser
サンドラッグ,サンドラッグ 伏古6条店,北海道札幌市東区伏古６条４丁目１−１,official_aefc9d1b5d74a0fb,,,google_maps_browser
サンドラッグ,サンドラッグ稲田店,北海道帯広市稲田町南８線１０,official_c1eb9dfa3ab2f3ba,,,google_maps_browser
サンドラッグ,サンドラッグ 西岡店,北海道札幌市豊平区西岡３条５丁目４−１０,official_7c39bafd33dd8c6e,,,google_maps_browser
サンドラッグ,サンドラッグ 藤野店,北海道札幌市南区藤野２条４丁目１−１,official_61a3cce8fe440c67,,,google_maps_browser
サンドラッグ,サンドラッグ 春光店,北海道旭川市末広４条１丁目１−４５２−７７,official_8c33da08bf8689d1,,,google_maps_browser
サンドラッグ,サンドラッグ菊水元町店,北海道札幌市白石区菊水元町３条３丁目１−２１,official_ec3b776ea49af4db,,,google_maps_browser
サンドラッグ,サンドラッグ 手稲前田店,北海道札幌市手稲区前田５条１３丁目３−１,official_b33d00f8238e3eb2,,,google_maps_browser
サンドラッグ,サンドラッグ釧路睦店,北海道釧路郡釧路町睦１丁目１−１,official_b90233575cdd6c2e,,,google_maps_browser
サンドラッグ,サンドラッグ 星置店,北海道札幌市手稲区星置１条３丁目２−２,official_2857b3e0b74463a8,,,google_maps_browser
サンドラッグ,サンドラッグ 小樽稲穂店,北海道小樽市稲穂５丁目１０−１,official_76cce04c6605c4af,,,google_maps_browser
ココカラファイン,ココカラファイン 北28条店,北海道札幌市北区北２８条西１３丁目１−３５,official_1376eb26d57a7cfd,,,google_maps_browser
ココカラファイン,ココカラファイン サンピアザ店,北海道札幌市厚別区厚別中央２条５丁目７−７サンピアザ地下1F,official_ee22db0b52233bd4,,,google_maps_browser
ココカラファイン,ココカラファイン薬局 桑園店,北海道札幌市中央区北９条西１４丁目２イーストプラザ1階,official_77cebccee13b4923,,,google_maps_browser
ココカラファイン,ココカラファイン 函館本町店,北海道函館市本町２５−１３,official_f43967b66fefbf65,,,google_maps_browser
ココカラファイン,ココカラファイン 東札幌店,北海道札幌市白石区東札幌３条１丁目１−１ラソラ札幌Aタウン2F,official_e35029e1520ce600,,,google_maps_browser
ココカラファイン,ココカラファイン薬局 旭川四条店,北海道旭川市４条西３丁目１−１１,official_da9e63188be82bca,,,google_maps_browser
ココカラファイン,ココカラファイン薬局 サンピアザ店,北海道札幌市厚別区厚別中央２条５丁目７−２サンピアザ3F,official_2e628aeb0a6f652a,,,google_maps_browser
ココカラファイン,ココカラファイン ウイングベイ店,北海道小樽市築港１１−５ウイングベイ小樽5番街1F,official_be30c8a94af0794a,,,google_maps_browser
ココカラファイン,ココカラファイン 平和店,北海道夕張市平和１−１５,official_e77be31e4a6ee965,,,google_maps_browser
ココカラファイン,ココカラファイン薬局 真駒内店,北海道札幌市南区真駒内幸町２丁目１−１２ミュ-クリスタル地下1階,official_640645ff960881ad,,,google_maps_browser
ココカラファイン,ココカラファイン薬局 栗山店,北海道夕張郡栗山町中央２丁目116番地,official_6c6dbc43a98280d2,,,google_maps_browser
ココカラファイン,ココカラファイン 真駒内店,北海道札幌市南区真駒内幸町２丁目１−１２ミュークリスタル地下1F,official_c7bf5d46894e1a23,,,google_maps_browser
ココカラファイン,ココカラファイン薬局 平岸店,北海道札幌市豊平区平岸２条６丁目２−３０,official_78426eb16e49db25,,,google_maps_browser
ココカラファイン,ココカラファイン グランディールイチイ店,北海道函館市美原１丁目３−１グランディールイチイ地下1F,official_785b81f26cde8cc9,,,google_maps_browser
ココカラファイン,ココカラファイン 都通店,北海道小樽市稲穂２丁目１５−８,official_81ef6c661eec668b,,,google_maps_browser
ココカラファイン,ココカラファイン薬局 朝里店,北海道小樽市新光２丁目１４−３５,official_69dabca578579bd3,,,google_maps_browser
ココカラファイン,ココカラファイン 桜町店,北海道小樽市桜２丁目３８−１,official_d020858b4c82471d,,,google_maps_browser
ココカラファイン,ココカラファイン薬局 岩内店,北海道岩内郡岩内町栄１７２,official_fc1b95a519f5cfe3,,,google_maps_browser
ココカラファイン,ココカラファイン 奥沢店,北海道小樽市奥沢３丁目２９−３,official_81821a575ab282c9,,,google_maps_browser
ココカラファイン,ココカラファイン薬局 東旭川店,北海道旭川市東旭川北３条５丁目３−１５,official_dc202749b04464da,,,google_maps_browser
ココカラファイン,ココカラファイン薬局 小樽住ノ江店,北海道小樽市住ノ江１丁目４−１６,official_36db5369b787c22b,,,google_maps_browser
ココカラファイン,ココカラファイン薬局 鷹栖メロディー店,北海道上川郡鷹栖町南１条２丁目１−１,official_82b73af22f73fe44,,,google_maps_browser
ココカラファイン,パシフィック薬局 山鼻店,北海道札幌市中央区南２２条西１１丁目１−４８,official_e6898e8e444d29f4,,,google_maps_browser
コスモス,コスモス薬局 旭川4条通店,北海道旭川市４条通４丁目１１４１−２１階旭川市４条通４丁目右１０Tabistホテルザ・グリーン旭川,official_6f568b15123ba04f,,,google_maps_browser
コスモス,コスモス薬局 大麻店,北海道江別市大麻中町２−１８,official_b5fc8ee79874383f,,,google_maps_browser
コスモス,コスモス保険薬局大曲店,北海道北広島市大曲末広１丁目２−１,official_cb981445e2a8a7b0,,,google_maps_browser
コスモス,コスモス薬局 桜木東店,北海道苫小牧市桜木町１丁目２４−２１24番21号,official_3de66d7064fa6b81,,,google_maps_browser
コスモス,コスモス調剤薬局おおまち店,北海道函館市大町３−１６,official_d32fc518b03bf5a9,,,google_maps_browser
コスモス,コスモス調剤薬局とどほっけ店,北海道函館市新浜町１７１−９,official_1adeeab8768ad6e4,,,google_maps_browser
コクミン,コクミンドラッグ 狸小路店,北海道札幌市中央区南３条西３丁目１４,official_4f633da89e4e13b8,,,google_maps_browser
コクミン,KoKuMiN 札幌アピア店,北海道札幌市中央区北５条西３丁目１札幌アピア内,official_d0cd4eb19a3812c2,,,google_maps_browser
コクミン,コクミンドラッグ 狸小路5丁目店,北海道札幌市中央区南２条西５丁目１３番６４号,official_37eb03d743e692bd,,,google_maps_browser
コクミン,KoKuMiN 札幌地下店,北海道札幌市中央区大通西２丁目札幌地下街オーロラタウン内,official_8124fc7c1394276b,,,google_maps_browser
コクミン,KoKuMiN 札幌オーロラ店,北海道札幌市中央区大通西１丁目5−５Ａ２６オーロラタウン,official_7c69be28ae62c87b,,,google_maps_browser
コクミン,KoKuMiN 新千歳空港出発口店,北海道千歳市美々国内線ターミナルビル2階,official_8a6651a55952453b,,,google_maps_browser
コクミン,コクミンドラッグ 札幌大通西5丁目店,北海道札幌市中央区大通西５丁目８昭和ビル1階,official_eb4f58395c4471a4,,,google_maps_browser
セイムス,ドラッグセイムス 北１８条店,北海道札幌市北区北１７条西４丁目２−２１,official_7438e175a20177ae,,,google_maps_browser
セイムス,ドラッグセイムス 札幌琴似2条店,北海道札幌市西区琴似２条３丁目１−５,official_d6637f20151a9e04,,,google_maps_browser
セイムス,ドラッグセイムス 札幌苗穂店,北海道札幌市東区北１２条東１７丁目１−１,official_dacd01d6545c80b7,,,google_maps_browser
セイムス,ドラッグセイムス 美唄駅東店,北海道上川郡美唄市東２条南１丁目１−２,official_0c63dc80a7f241fc,,,google_maps_browser
セイムス,ドラッグセイムス 環状通美園店,北海道札幌市白石区東札幌１条６丁目１−１３,official_5ad73430d47f6ee3,,,google_maps_browser
セイムス,ドラッグセイムス 平和通店,北海道札幌市白石区平和通１丁目南２−３,official_f01afbe7c3c77de2,,,google_maps_browser
セイムス,ドラッグセイムス 岩見沢２条東店,北海道岩見沢市２条東１５丁目５−２,official_7f3c533a5e848048,,,google_maps_browser
ツルハドラッグ,ツルハドラッグ 北6条店,北海道札幌市東区北６条東３丁目1−１ダ・ヴィンチモール１階,official_7bcf77710a96ab81,,,google_maps_browser
ツルハドラッグ,ツルハドラッグ 北10条店,北海道札幌市東区北１０条東５丁目１−４０,official_9d0da325a45c64c1,,,google_maps_browser
ツルハドラッグ,ツルハドラッグ 西町北店,北海道札幌市西区西町北１０丁目１−６,official_9ab432f35b20cb05,,,google_maps_browser
ツルハドラッグ,ツルハドラッグ 円山店,北海道札幌市中央区北１条西２４丁目４−１東光ストア円山店内,official_5ec4a7498f91e2b8,,,google_maps_browser
ツルハドラッグ,ツルハドラッグ 北10条西店,北海道札幌市北区北１０条西３丁目9−２THEPLACESAPPORO１F,official_de92740624927cb5,,,google_maps_browser
ツルハドラッグ,ツルハドラッグ 桑園店,北海道札幌市中央区北９条西１５丁目２,official_8f4e620770159570,,,google_maps_browser
ツルハドラッグ,ツルハドラッグ 宮の森3条店,北海道札幌市中央区宮の森３条６丁目２−１５,official_dac2cb11e91a82a9,,,google_maps_browser
ツルハドラッグ,ツルハドラッグ 北41条店,北海道札幌市東区北４１条東５丁目２−１８,official_146bad93ef27abcf,,,google_maps_browser
ツルハドラッグ,ツルハドラッグ 北35条店,北海道札幌市東区北３５条東３丁目１−１,official_85691df2880676b2,,,google_maps_browser
ツルハドラッグ,ツルハドラッグ 福井店,北海道札幌市西区福井３丁目１４−４０,official_7b076a1eca4b10f3,,,google_maps_browser
ツルハドラッグ,ツルハドラッグ 北24条中央店,北海道札幌市北区北２４条西４丁目２−８パワービルN241階,official_c556b5c4ff9d38c0,,,google_maps_browser
ツルハドラッグ,ツルハドラッグ 北24条西店,北海道札幌市北区北区北２４条西９丁目１−１,official_8ffafe2efcc8f7f5,,,google_maps_browser
ツルハドラッグ,ツルハドラッグ 旭川豊岡5条店,北海道旭川市豊岡５条４丁目４−４３,official_958fb0b522db4a59,,,google_maps_browser
ツルハドラッグ,ツルハドラッグ 東旭川店,北海道旭川市東旭川北１条１丁目３−３２,official_8723e831cbddc3ad,,,google_maps_browser
ツルハドラッグ,ツルハドラッグ 旭川末広5条店,北海道旭川市末広５条１丁目４−２３,official_bfcc7e76bedc995c,,,google_maps_browser
ツルハドラッグ,ツルハドラッグ 旭川豊岡７条店,北海道旭川市豊岡７条２丁目２−３,official_4979b3aa9989f4dc,,,google_maps_browser
ツルハドラッグ,ツルハドラッグ 旭川大町3条店,北海道旭川市大町３条５丁目２３９７−１８,official_87da8df7c88ec36f,,,google_maps_browser
ツルハドラッグ,ツルハドラッグ 旭川近文店,北海道旭川市北門町１４丁目２１４４−１２９,official_40a69b2ec290dcbc,,,google_maps_browser
ツルハドラッグ,ツルハドラッグ 旭川7条店,北海道旭川市７条通１８丁目９２−９,official_a7af3371e4be10fd,,,google_maps_browser
ツルハドラッグ,ツルハドラッグ 旭川春光台店,北海道旭川市春光台３条４丁目６−３,official_c286b9b84e4d8d44,,,google_maps_browser
ツルハドラッグ,ツルハドラッグ 旭川永山6条店,北海道旭川市永山６条１３丁目１−２８,official_8d39e6655b1846cb,,,google_maps_browser
ツルハドラッグ,ツルハドラッグ 末広1条店,北海道旭川市末広１条４丁目１−５,official_9842091703f98d27,,,google_maps_browser
ツルハドラッグ,ツルハドラッグ 旭川神楽店,北海道旭川市神楽５条９丁目２−２７,official_2848827cf3d7399c,,,google_maps_browser
ツルハドラッグ,ツルハドラッグ 旭川緑が丘店,北海道旭川市緑が丘東３条１丁目３3号,official_61c9a13cfa97271f,,,google_maps_browser
ツルハドラッグ,ツルハドラッグ 旭町店,北海道旭川市旭町１条７丁目,official_84a7eba24c6445c2,,,google_maps_browser
ツルハドラッグ,ツルハドラッグ 旭川大町店,北海道旭川市大町２条１４丁目９２−２６,official_a5e6a94dc1742b74,,,google_maps_browser
ツルハドラッグ,ツルハドラッグ 東光店,北海道旭川市東光１条５丁目１−５,official_8b5b94b40dacf702,,,google_maps_browser
ツルハドラッグ,ツルハドラッグ 旭川中央店,北海道旭川市１条通８丁目187番地1,official_50a834892d31a369,,,google_maps_browser
ツルハドラッグ,ツルハドラッグ 旭川神楽岡店,北海道旭川市神楽岡５条６丁目４20号,official_c78bb0b10523f169,,,google_maps_browser
ツルハドラッグ,ツルハドラッグ 旭川南6条店,北海道旭川市南６条通１８丁目２１８２−９０,official_bff1f8eaeda142bc,,,google_maps_browser
ツルハドラッグ,ツルハドラッグ 旭川駅前店,北海道旭川市宮下通９丁目２−１７,official_9a7609093910fbf7,,,google_maps_browser
ツルハドラッグ,ツルハドラッグ 東光10条店,北海道旭川市東光１０条４丁目１−１８,official_cb8115b8137257de,,,google_maps_browser
ツルハドラッグ,ツルハドラッグ 東6条店,北海道旭川市東６条３丁目１−１２,official_0dc1f612b27498c5,,,google_maps_browser
ツルハドラッグ,ツルハドラッグ 神居十字街店,北海道旭川市神居３条１１丁目２−２１,official_9e109cb38d291b5d,,,google_maps_browser
ツルハドラッグ,ツルハドラッグ 旭川東5条店,北海道旭川市東５条１１丁目３−８,official_d7288144f6029a76,,,google_maps_browser
ツルハドラッグ,ツルハドラッグ 永山3条西店,北海道旭川市永山３条８丁目２6号,official_2e20a65f6c94e994,,,google_maps_browser
ツルハドラッグ,ツルハドラッグ 旭川緑町店,北海道旭川市緑町２０丁目２７５２−７,official_74c8a3109ca783c3,,,google_maps_browser
ツルハドラッグ,ツルハドラッグ 旭川神居東店,北海道旭川市神居３条１８丁目２−５,official_a2318a02a1c71093,,,google_maps_browser
ツルハドラッグ,ツルハドラッグ 永山環状通店,北海道旭川市永山７条５丁目１−１５,official_6bb67ec6fc3df862,,,google_maps_browser
ツルハドラッグ,ツルハドラッグ 旭川永山5条店,北海道旭川市永山５条１９丁目１−４２,official_d3125a9cba7e5ee0,,,google_maps_browser
ツルハドラッグ,ツルハドラッグ 永山南店,北海道旭川市永山８条４丁目98番２,official_5c929eaa1b826308,,,google_maps_browser
ツルハドラッグ,ツルハドラッグ 宮前店,北海道旭川市宮前１条３丁目２−１２,official_ed1b8d449dacdcea,,,google_maps_browser
ツルハドラッグ,ツルハドラッグ 東光9条店,北海道旭川市東光９条１丁目３−１５,official_916d582493be969f,,,google_maps_browser
ツルハドラッグ,ツルハドラッグ 函館松風店,北海道函館市松風町１２−６,official_f2fb23ac3dd09cb3,,,google_maps_browser
ツルハドラッグ,ツルハドラッグ 函館的場店,北海道函館市的場町１０−３,official_cb46a00f5b6fe57e,,,google_maps_browser
ツルハドラッグ,ツルハドラッグ 函館人見店,北海道函館市人見町２５−１,official_8cb0d56b2ee9058c,,,google_maps_browser
ツルハドラッグ,ツルハドラッグ 函館若松店,北海道函館市若松町３６−２１,official_e099abd5156343ba,,,google_maps_browser
ツルハドラッグ,ツルハドラッグ 函館大町店,北海道函館市大町３−２１,official_1be8103f68f65c2e,,,google_maps_browser
ツルハドラッグ,ツルハドラッグ 函館鍛治店,北海道函館市鍛治２丁目２２−８,official_fb9936cc40d99db4,,,google_maps_browser
ツルハドラッグ,ツルハドラッグ 北美原店,北海道函館市美原５丁目４０−８,official_30b09db568d2c765,,,google_maps_browser
ツルハドラッグ,ツルハドラッグ 函館石川店,北海道函館市石川町３１５−９,official_9053a5709240874e,,,google_maps_browser
ツルハドラッグ,ツルハドラッグ 函館柳町店,北海道函館市柳町１３−１,official_24600b13b013bf23,,,google_maps_browser
ツルハドラッグ,ツルハドラッグ 白鳥店,北海道函館市白鳥町２１−２６,official_ae369049f537d19b,,,google_maps_browser
ツルハドラッグ,ツルハドラッグ 五稜郭店,北海道函館市港町１丁目１−２,official_30e128c726182653,,,google_maps_browser
ツルハドラッグ,ツルハドラッグ 函館花園店,北海道函館市日吉町３丁目４５−３１,official_37288a07d0bb6525,,,google_maps_browser
ツルハドラッグ,ツルハドラッグ 函館日吉店,北海道函館市日吉町４丁目１６−３１,official_4ac286477db977b4,,,google_maps_browser
ツルハドラッグ,ツルハドラッグ 亀田本町店,北海道函館市亀田本町４−５,official_694c1f8427616529,,,google_maps_browser
ツルハドラッグ,ツルハドラッグ 美原店,北海道函館市美原２丁目４０−１６,official_e34c33634e3c1f36,,,google_maps_browser
ツルハドラッグ,ツルハドラッグ 釧路愛国店,北海道釧路市愛国東１丁目１２−３,official_4d6057c35636e44c,,,google_maps_browser
ツルハドラッグ,ツルハドラッグ 釧路芦野店,北海道釧路市芦野５丁目２７−８,official_8c086f9a74f35ca9,,,google_maps_browser
ツルハドラッグ,ツルハドラッグ 川北店,北海道釧路市川北町１−３,official_a6fe22c6491e90ff,,,google_maps_browser
ツルハドラッグ,ツルハドラッグ 釧路豊川店,北海道釧路市豊川町２０−１７,official_4fe6713e382c7d31,,,google_maps_browser
ツルハドラッグ,ツルハドラッグ 釧路鳥取大通店,北海道釧路市鳥取大通５丁目７1号,official_48ffd3b5973d6eda,,,google_maps_browser
ツルハドラッグ,ツルハドラッグ 釧路若松店,北海道釧路市若松町１２−１３,official_669ecb46ed28e524,,,google_maps_browser
ツルハドラッグ,ツルハドラッグ 釧路富士見店,北海道釧路市富士見３丁目５−７,official_f110622a0593fa7e,,,google_maps_browser
ツルハドラッグ,ツルハドラッグ 釧路昭和中央店,北海道釧路市昭和中央５丁目２−１２,official_11a70aed976f0e43,,,google_maps_browser
ツルハドラッグ,ツルハドラッグ 釧路美原店,北海道釧路市美原４丁目１−８,official_99f15e3b97720a57,,,google_maps_browser
ツルハドラッグ,ツルハドラッグ 新橋大通店,北海道釧路市新橋大通１丁目２17号,official_a34b800856a9cff6,,,google_maps_browser
ツルハドラッグ,ツルハドラッグ 釧路鳥取大通東店,北海道釧路市鳥取大通１丁目５−８,official_478c9dd6ae6afc5f,,,google_maps_browser
ツルハドラッグ,ツルハドラッグ 釧路緑ヶ岡店,北海道釧路市緑ケ岡４丁目８80号,official_6a0fb1fdca214612,,,google_maps_browser
ツルハドラッグ,ツルハドラッグ 釧路鳥取南店,北海道釧路市鳥取南４丁目４−７,official_4482edaddfdfcc3d,,,google_maps_browser
ツルハドラッグ,ツルハドラッグ 釧路桂木店,北海道釧路郡釧路町桂木４丁目16番地,official_c3fa78c739a30aff,,,google_maps_browser
ツルハドラッグ,ツルハドラッグ 釧路昭和店,北海道釧路市昭和中央３丁目３−５,official_7a34a42bc974b4cb,,,google_maps_browser
ツルハドラッグ,ツルハドラッグ 釧路星が浦店,北海道釧路市星が浦大通２丁目７,official_0b34c7969e6c3f3b,,,google_maps_browser
ツルハドラッグ,ツルハドラッグ 釧路文苑店,北海道釧路市文苑２丁目４８−１４,official_79f52a37e6e62b51,,,google_maps_browser
ツルハドラッグ,ツルハドラッグ 釧路鳥取店,北海道釧路市鳥取大通９丁目９28号,official_e128c42e142b74a5,,,google_maps_browser
ツルハドラッグ,ツルハドラッグ 武佐店,北海道釧路市武佐３丁目４７−２３,official_5dfca1b73a0110e3,,,google_maps_browser
ツルハドラッグ,ツルハドラッグ 春採7丁目店,北海道釧路市春採７丁目１−４８,official_9f273d88667449b8,,,google_maps_browser
ツルハドラッグ,ツルハドラッグ 帯広東9条店,北海道帯広市東９条南９丁目4番１,official_bb2df572d9a2c53a,,,google_maps_browser
ツルハドラッグ,ツルハドラッグ 帯広西8条店,北海道帯広市西８条南１０丁目1−１,official_f72c3e59139ebd3e,,,google_maps_browser
ツルハドラッグ,ツルハドラッグ 帯広西5条店,北海道帯広市西５条南１８丁目12番,official_85792d25eade6a5c,,,google_maps_browser
ツルハドラッグ,ツルハドラッグ 帯広白樺店,北海道帯広市白樺１６条西２丁目2番他4,official_1e5397ae86ed6676,,,google_maps_browser
ツルハドラッグ,ツルハドラッグ 帯広西店,北海道帯広市西２３条南３丁目62−３,official_2f2fd32ea7ef054a,,,google_maps_browser
ツルハドラッグ,ツルハドラッグ 帯広西20条店,北海道帯広市西２０条南２丁目３１7号,official_897d2eb6dc5a1c80,,,google_maps_browser
ツルハドラッグ,ツルハドラッグ 帯広南の森東店,北海道帯広市南の森東１丁目１−１２,official_6fa475253caadb70,,,google_maps_browser
ツルハドラッグ,ツルハドラッグ 帯広大通南24丁目店,北海道帯広市大通南２４丁目１０,official_a795dcde92125ad1,,,google_maps_browser
ツルハドラッグ,ツルハドラッグ 帯広西21条店,北海道帯広市西２１条南３丁目4−７,official_1473d0cda2799843,,,google_maps_browser
ツルハドラッグ,ツルハドラッグ 帯広西12条店,北海道帯広市西１２条南３丁目2番地1,official_ff19b2d1bc868348,,,google_maps_browser
ツルハドラッグ,ツルハドラッグ 西18条店,北海道帯広市西１８条北１丁目３０−３０,official_84e564f04db28dd3,,,google_maps_browser
ツルハドラッグ,ツルハドラッグ 緑西店,北海道帯広市西１７条南４丁目４２,official_d53fed627996dca0,,,google_maps_browser
ツルハドラッグ,ツルハドラッグ 北見美芳店,北海道北見市美芳町８丁目３9号,official_a558342f728b6ee9,,,google_maps_browser
ツルハドラッグ,ツルハドラッグ 北見三輪北店,北海道北見市中央三輪２丁目３１３−１,official_cfe23cc1dc82f2bb,,,google_maps_browser
ツルハドラッグ,ツルハドラッグ 北見春光店,北海道北見市春光町１丁目49番地11,official_7907e8d04675c257,,,google_maps_browser
ツルハドラッグ,ツルハドラッグ 北見美芳東店,北海道北見市美芳町７丁目１−７,official_4246f46a743ead70,,,google_maps_browser
ツルハドラッグ,ツルハドラッグ 北見北斗店,北海道北見市北斗町３丁目４8号,official_769d24aa0d3f71bc,,,google_maps_browser
ツルハドラッグ,ツルハドラッグ 北見高栄店,北海道北見市高栄西町７丁目６−１２,official_8e63a68b7af57e18,,,google_maps_browser
ツルハドラッグ,ツルハドラッグ 北見メッセ店,北海道北見市中央三輪５丁目423番地5,official_e0e238c32325a441,,,google_maps_browser
ツルハドラッグ,ツルハドラッグ 夕陽ケ丘店,北海道北見市北進町１丁目１３−２６,official_1abadf92006a51a0,,,google_maps_browser
ツルハドラッグ,ツルハドラッグ 北見南町店,北海道北見市南町１丁目８−５,official_2ad989a1a4978ef3,,,google_maps_browser
ツルハドラッグ,ツルハドラッグ 北見公園店,北海道北見市公園町１３９−１０,official_9fe8ccd39df50e84,,,google_maps_browser
ツルハドラッグ,ツルハドラッグ 北見東三輪店,北海道北見市東三輪３丁目21番1,official_99bae13ddb3a2e7a,,,google_maps_browser
ツルハドラッグ,ツルハドラッグ 北見中央三輪店,北海道北見市中央三輪２丁目４０１−２,official_8f895fe91717c7ad,,,google_maps_browser
ツルハドラッグ,ツルハドラッグ 桜町店,北海道北見市桜町６丁目２−４,official_0878389248276707,,,google_maps_browser
ツルハドラッグ,ツルハドラッグ 北見留辺蘂店,北海道北見市留辺蘂町旭公園95−９,official_9e17b9d2d08ff77d,,,google_maps_browser
ツルハドラッグ,ツルハドラッグ 小樽駅前店,北海道小樽市稲穂３丁目９−１,official_c33c21a73788b27d,,,google_maps_browser
ツルハドラッグ,ツルハドラッグ 小樽店,北海道小樽市稲穂２丁目９−１０,official_58342018970c6b07,,,google_maps_browser
ツルハドラッグ,ツルハドラッグ 小樽梅ヶ枝店,北海道小樽市梅ケ枝町８−１５,official_021e40a70cf82043,,,google_maps_browser
ツルハドラッグ,ツルハドラッグ 小樽堺町店,北海道小樽市入船１丁目１−１,official_d7fc3f1c0f8cb390,,,google_maps_browser
ツルハドラッグ,ツルハドラッグ 小樽手宮店,北海道小樽市手宮１丁目２−１,official_97ade7a0fef9df8d,,,google_maps_browser
ツルハドラッグ,ツルハドラッグ 小樽奥沢店,北海道小樽市奥沢１丁目１２−６,official_5e4988fffc85b8ce,,,google_maps_browser
ツルハドラッグ,ツルハドラッグ 朝里店,北海道小樽市新光２丁目１−４,official_3037bc924187f66d,,,google_maps_browser
ツルハドラッグ,調剤薬局ツルハドラッグ 小樽店,北海道小樽市稲穂２丁目９−１１,official_00455ff4ac391c24,,,google_maps_browser
ツルハドラッグ,調剤薬局ツルハドラッグ 小樽錦町店,北海道小樽市錦町１４−１４,official_551c1a5ed622fa47,,,google_maps_browser
ツルハドラッグ,ツルハドラッグ 花川北店,北海道石狩市花川北３条１丁目４−２,official_b810aa0bb36adc34,,,google_maps_browser
ツルハドラッグ,ツルハドラッグ 樽川店,北海道石狩市樽川９条１丁目１−２,official_0ce9287f8c182ffe,,,google_maps_browser
ツルハドラッグ,ツルハドラッグ 手稲星置店,北海道札幌市手稲区手稲山口５１０−１９,official_030b32e7681a6deb,,,google_maps_browser
ツルハドラッグ,ツルハドラッグ 手稲星置駅前店,北海道札幌市手稲区星置１条２丁目２−１,official_53752f92238471a0,,,google_maps_browser
ツルハドラッグ,ツルハドラッグ 江別高砂店,北海道江別市高砂町３５−６,official_0fc03789bd8a9851,,,google_maps_browser
ツルハドラッグ,ツルハドラッグ 江別住吉店,北海道江別市野幌住吉町37−２,official_f8c7c99a8f2f76fe,,,google_maps_browser
ツルハドラッグ,ツルハドラッグ 江別牧場店,北海道江別市牧場町25−８,official_4cec01ecf45ac3b2,,,google_maps_browser
ツルハドラッグ,ツルハドラッグ 大麻中央店,北海道江別市大麻南樹町1−３,official_75adfed482481a01,,,google_maps_browser
ツルハドラッグ,ツルハドラッグ 江別文京台店,北海道江別市文京台31−４,official_31727c21df6e98b4,,,google_maps_browser
ツルハドラッグ,ツルハドラッグ 東野幌店,北海道江別市東野幌本町３５−２,official_6d5db356a5b3f03c,,,google_maps_browser
ツルハドラッグ,ツルハドラッグ 代々木店,北海道江別市野幌代々木町77−１,official_f0f9277b4e465638,,,google_maps_browser
ツルハドラッグ,ツルハドラッグ 大麻店,北海道江別市大麻東町14−５,official_7193fa7e8a96bc29,,,google_maps_browser
ツルハドラッグ,ツルハドラッグ 厚別東店,北海道札幌市厚別区厚別東５条３丁目２４−７,official_e997b45f11f8660b,,,google_maps_browser
ツルハドラッグ,ツルハドラッグ 厚別東2条店,北海道札幌市厚別区厚別東２条１丁目２−１０,official_db2070210cb826aa,,,google_maps_browser
ツルハドラッグ,ツルハドラッグ 厚別西店,北海道札幌市厚別区厚別西３条４丁目１−３３,official_4368d4662f250226,,,google_maps_browser
ツルハドラッグ,ツルハドラッグ 千歳北陽店,北海道千歳市あずさ４丁目３−１,official_c6a531458763ba3b,,,google_maps_browser
ツルハドラッグ,ツルハドラッグ 千歳住吉店,北海道千歳市住吉２丁目７−８,official_16223681001cafc0,,,google_maps_browser
ツルハドラッグ,ツルハドラッグ 千歳高台店,北海道千歳市高台４丁目３5号,official_ba7175cbf0e7a7e6,,,google_maps_browser
ツルハドラッグ,ツルハドラッグ 千歳東郊店,北海道千歳市東郊１丁目２,official_59189e389de19786,,,google_maps_browser
ツルハドラッグ,ツルハドラッグ 千歳向陽台店,北海道千歳市白樺２丁目6番２,official_9bb69433f3f28ba8,,,google_maps_browser
ツルハドラッグ,ツルハドラッグ 千歳緑町店,北海道千歳市緑町２丁目１−５８,official_c51c2e8cd292b15a,,,google_maps_browser
ツルハドラッグ,ツルハドラッグ 新千歳空港店,北海道千歳市美々９８７国際線ターミナルビル連絡施設３階内,official_0ee375e494a6d43c,,,google_maps_browser
ツルハドラッグ,ツルハドラッグ 北陽店 - 閉店,北海道千歳市北陽１丁目１２−６,official_08e93a3b5c6f500d,,,google_maps_browser
ツルハドラッグ,ツルハドラッグ 恵庭店,北海道恵庭市住吉町２丁目１０−１４,official_7930aae13cb2c753,,,google_maps_browser
ツルハドラッグ,ツルハドラッグ 恵庭大町店,北海道恵庭市大町１丁目３−２,official_14fc73fd9c227a17,,,google_maps_browser
ツルハドラッグ,ツルハドラッグ 恵み野西店,北海道恵庭市恵み野西３丁目1−１,official_3f3f857b4fdf3fec,,,google_maps_browser
ツルハドラッグ,ツルハドラッグ 美咲野店,北海道恵庭市美咲野３丁目８−１１,official_918fd5f42e4807c4,,,google_maps_browser
ツルハドラッグ,ツルハドラッグ マックスバリュ恵庭店,北海道恵庭市恵央町１１−１,official_e091dc1ee8f6a618,,,google_maps_browser
ツルハドラッグ,ツルハドラッグ 北広島店,北海道北広島市美沢４丁目1番地1,official_9dba85d6179d6ab2,,,google_maps_browser
ツルハドラッグ,ツルハドラッグ 苫小牧王子店,北海道苫小牧市表町４丁目３−２３,official_2d179f1b5344c5ab,,,google_maps_browser
ツルハドラッグ,ツルハドラッグ 苫小牧若草店,北海道苫小牧市若草町１丁目７−１,official_3acb76a4ca7a8a68,,,google_maps_browser
ツルハドラッグ,ツルハドラッグ 苫小牧旭町店,北海道苫小牧市旭町１丁目１−５,official_db65abd9ced4b480,,,google_maps_browser
ツルハドラッグ,ツルハドラッグ 苫小牧音羽店,北海道苫小牧市音羽町２丁目１８−１３,official_0fd11b200517a401,,,google_maps_browser
ツルハドラッグ,ツルハドラッグ 苫小牧弥生店,北海道苫小牧市弥生町１丁目２−８,official_6a5b57b60b4acbe9,,,google_maps_browser
ツルハドラッグ,ツルハドラッグ 苫小牧拓勇西店,北海道苫小牧市拓勇西町３丁目２1号,official_10d12dca9f9e3b40,,,google_maps_browser
ツルハドラッグ,ツルハドラッグ 沼ノ端北店,北海道苫小牧市北栄町１丁目２３−１５,official_e61c59ddfb617512,,,google_maps_browser
ツルハドラッグ,ツルハドラッグ 苫小牧日吉店,北海道苫小牧市日吉町１丁目７−２５,official_5b18f2d6a51cc7ff,,,google_maps_browser
ツルハドラッグ,ツルハドラッグ 苫小牧桜木店,北海道苫小牧市桜木町３丁目１８−１９,official_64e99e15df0e90f7,,,google_maps_browser
ツルハドラッグ,ツルハドラッグ 苫小牧明徳店,北海道苫小牧市明徳町２丁目４−８,official_5eda25cfe76a4cf5,,,google_maps_browser
ツルハドラッグ,ツルハドラッグ 苫小牧清水店,北海道苫小牧市清水町１丁目40−４,official_4a6e724b3915ecf1,,,google_maps_browser
ツルハドラッグ,ツルハドラッグ 苫小牧澄川店,北海道苫小牧市澄川町１丁目２−５,official_906b33d20880ff43,,,google_maps_browser
ツルハドラッグ,ツルハドラッグ 苫小牧花園店,北海道苫小牧市花園町１丁目５−１５番１号,official_eadc7fc4ed5c5bab,,,google_maps_browser
ツルハドラッグ,ツルハドラッグ 沼ノ端店,北海道苫小牧市沼ノ端中央４丁目１5号,official_1de5b59c388da440,,,google_maps_browser
ツルハドラッグ,ツルハドラッグ苫小牧日新店（移転）,北海道苫小牧市日新町２丁目５−５,official_3591b31b3a83403d,,,google_maps_browser
ツルハドラッグ,ツルハドラッグ 苫小牧明野新町店,北海道苫小牧市明野新町２丁目２8号,official_cb044a5a05f3ffd2,,,google_maps_browser
ツルハドラッグ,ツルハドラッグ 室蘭中島北店,北海道室蘭市中島町１丁目２８−６,official_aa383c1c6c16f404,,,google_maps_browser
ツルハドラッグ,ツルハドラッグ 室蘭母恋店,北海道室蘭市母恋北町２丁目２−５,official_d5ea594aa4ac4fa0,,,google_maps_browser
ツルハドラッグ,ツルハドラッグ 室蘭宮の森店,北海道室蘭市宮の森町４丁目１０,official_68f228dd4fd7efdf,,,google_maps_browser
ツルハドラッグ,ツルハドラッグ 室蘭寿町店,北海道室蘭市寿町２丁目１４,official_f3cc920ff99dc184,,,google_maps_browser
ツルハドラッグ,ツルハドラッグ 室蘭輪西店,北海道室蘭市輪西町１丁目３３−３３,official_d8b0accc291eebdc,,,google_maps_browser
ツルハドラッグ,ツルハドラッグ 登別若草店,北海道登別市若草町４丁目１１−１,official_6deb0c6b3d366937,,,google_maps_browser
ツルハドラッグ,ツルハドラッグ 登別富岸店,北海道登別市富岸町１丁目1番,official_7e32e00812ec74ce,,,google_maps_browser
ツルハドラッグ,ツルハドラッグ 岩見沢鉄北店,北海道岩見沢市北４条西１１丁目３−２４,official_ca6c1b1323ccd6ae,,,google_maps_browser
ツルハドラッグ,ツルハドラッグ 岩見沢5条店,北海道岩見沢市５条東６丁目３−９,official_997cc5b3dde692aa,,,google_maps_browser
ツルハドラッグ,ツルハドラッグ 岩見沢10条店,北海道岩見沢市１０条東１丁目1番1,official_151f6d94003c2785,,,google_maps_browser
ツルハドラッグ,ツルハドラッグ 岩見沢東店,北海道岩見沢市２条東１２丁目３−１,official_fd334a69392a9880,,,google_maps_browser
ツルハドラッグ,ツルハドラッグ 岩見沢駅前店,北海道岩見沢市１条西６丁目７−１,official_3cf4017001dd2e94,,,google_maps_browser
ツルハドラッグ,ツルハドラッグ 岩見沢駒園店,北海道岩見沢市駒園７丁目３−４０,official_7772e73c3bbba33b,,,google_maps_browser
ツルハドラッグ,ツルハドラッグ 岩見沢大和店,北海道岩見沢市大和１条８丁目３−１,official_81cc1a0fb6950e47,,,google_maps_browser
ツルハドラッグ,ツルハドラッグ 網走北店,北海道網走市北４条西４丁目1−５,official_60c1c7e525bebdda,,,google_maps_browser
ツルハドラッグ,ツルハドラッグ 網走南4条店,北海道網走市南４条東４丁目１７,official_e8b966fe730cb36f,,,google_maps_browser
ツルハドラッグ,ツルハドラッグ 南稚内店,北海道稚内市大黒２丁目３−３,official_bbb11af348eace11,,,google_maps_browser
ツルハドラッグ,ツルハドラッグ 稚内宝来店,北海道稚内市宝来５丁目６−３,official_f161b8d06744bf4a,,,google_maps_browser
ツルハドラッグ,ツルハドラッグ 稚内潮見店,北海道稚内市潮見１丁目２,official_f232b7e1ab417b47,,,google_maps_browser
ツルハドラッグ,ツルハドラッグ 稚内店,北海道稚内市大黒４丁目７−１,official_31b1613808bc7722,,,google_maps_browser
ツルハドラッグ,ツルハドラッグ 富良野日の出店,北海道富良野市日の出町６−２,official_5d73da0486daba80,,,google_maps_browser
ツルハドラッグ,ツルハドラッグ 富良野弥生店,北海道富良野市弥生町４４番３６号,official_8605be720c23cffc,,,google_maps_browser
ツルハドラッグ,調剤薬局ツルハドラッグ 富良野店,北海道富良野市本町２−８,official_bb9fb4a2faa3f52b,,,google_maps_browser
ツルハドラッグ,ツルハドラッグ 名寄西4条店,北海道名寄市西4条６丁目南6丁目8番地,official_44adbc2f41c54b31,,,google_maps_browser
ツルハドラッグ,ツルハドラッグ 名寄徳田店,北海道名寄市徳田８８−６,official_98c9f495b133fb2d,,,google_maps_browser
ツルハドラッグ,調剤薬局ツルハドラッグ 名寄西4条店,北海道名寄市西４条南６丁目8番地,official_f0e12b37be71a6fb,,,google_maps_browser
ツルハドラッグ,ツルハドラッグ 深川店,北海道深川市５条２０−１,official_fe89cb575c518163,,,google_maps_browser
ツルハドラッグ,ツルハドラッグ 深川文光店,北海道深川市文光町７−１０,official_097f5c3be865084d,,,google_maps_browser
ツルハドラッグ,ツルハドラッグ 北光店,北海道深川市北光町３丁目４10号,official_b8a667f87cc6be36,,,google_maps_browser
ツルハドラッグ,ツルハドラッグ マックスバリュ 深川店 - 閉店,北海道深川市５条２０マックスバリュ深川店内,official_d36e946354eb36b9,,,google_maps_browser
ツルハドラッグ,ツルハドラッグ 留萌店,北海道留萌市花園町４丁目６−２１,official_614b201ff24f39ee,,,google_maps_browser
ツルハドラッグ,ツルハドラッグ 留萌西店,北海道留萌市見晴町１丁目５９−１,official_1d8d0ef39651cd1c,,,google_maps_browser
サツドラ,サツドラ桑園北8条店,北海道札幌市中央区北８条西２２丁目２−１６,official_ff4bd4cbdfc08917,,,google_maps_browser
サツドラ,サツドラ円山西28丁目店,北海道札幌市中央区北５条西２８丁目1番地,official_9875fc3c7200abe0,,,google_maps_browser
サツドラ,サツドラ旭ヶ丘南8条店,北海道札幌市中央区南８条西２３丁目４−１,official_6cde407618aa34d5,,,google_maps_browser
サツドラ,サツドラ宮の森3条店,北海道札幌市中央区宮の森３条２丁目５−１,official_6b81dff58728768d,,,google_maps_browser
サツドラ,サツドラ山鼻南14条店,北海道札幌市中央区南１４条西１５丁目２−１２,official_94118620c019e74b,,,google_maps_browser
サツドラ,サツドラ北19条店,北海道札幌市東区北１９条東１５丁目５−１,official_b2c76483e516f39c,,,google_maps_browser
サツドラ,サツドラ北12条店,北海道札幌市東区北１２条東４丁目２−１,official_97e8390e43ed41be,,,google_maps_browser
サツドラ,サツドラ中の島店,北海道札幌市豊平区中の島２条２丁目３−３,official_4b9f6d18c7b43c13,,,google_maps_browser
サツドラ,サツドラ麻生北40条店,北海道札幌市東区北４０条東１丁目１−２７,official_8b25efdbe6edc010,,,google_maps_browser
サツドラ,サツドラ清田2条店,北海道札幌市清田区清田２条２丁目２０−２０,official_fdd73b825d9a335a,,,google_maps_browser
サツドラ,サツドラ豊平美園店,北海道札幌市豊平区美園９条３丁目２−１,official_810b8393021f1e68,,,google_maps_browser
サツドラ,サツドラ大谷地東店,北海道札幌市厚別区大谷地東５丁目１３−６,official_364077a3770658ab,,,google_maps_browser
サツドラ,サツドラ白石本通店,北海道札幌市白石区本通１３丁目南５−１,official_dac33882bae719f5,,,google_maps_browser
サツドラ,サツドラ西岡店,北海道札幌市豊平区西岡４条１１丁目１６−２５,official_d509ac7f3bcca2fc,,,google_maps_browser
サツドラ,サツドラ西岡札大前店,北海道札幌市豊平区西岡３条７丁目３−１３,official_c7946906f7f79853,,,google_maps_browser
サツドラ,サツドラ西線店,北海道札幌市中央区南７条西１５丁目１−６,official_81836cb4f0916b01,,,google_maps_browser
サツドラ,サツドラ山の手店,北海道札幌市西区山の手３条６丁目５−１５,official_4037e00d72f5cdaa,,,google_maps_browser
サツドラ,サツドラ福井店,北海道札幌市西区福井４丁目３−１,official_14bc7da8990e2dff,,,google_maps_browser
サツドラ,サツドラ麻生北35条店,北海道札幌市北区北３５条西４丁目２−１５,official_6369e31d44dfe8da,,,google_maps_browser
サツドラ,サツドラ栄町店,北海道札幌市東区北４１条東１７丁目４−１５,official_f0428a46bbb1332c,,,google_maps_browser
サツドラ,サツドラ伏見啓明店,北海道札幌市中央区南１３条西２２丁目１−１５,official_46c17f3046692303,,,google_maps_browser
サツドラ,サツドラ本郷店,北海道札幌市白石区本郷通４丁目南１−２０,official_d830fad4f4601c74,,,google_maps_browser
サツドラ,サツドラ屯田店,北海道札幌市北区屯田９条３丁目１−１,official_fa9e792dda7f4047,,,google_maps_browser
サツドラ,サツドラ発寒5条店,北海道札幌市西区発寒５条８丁目１−３７,official_45f6feb18f3d5015,,,google_maps_browser
サツドラ,サツドラ屯田8条店,北海道札幌市北区屯田８条７丁目１０−３３,official_5ebb15a624b919a8,,,google_maps_browser
サツドラ,サツドラ旭川大町2条店,北海道旭川市大町２条７丁目77番12号,official_7ba671b56c50b306,,,google_maps_browser
サツドラ,サツドラ旭川豊岡4条店,北海道旭川市豊岡４条３丁目６−１３,official_86dd35c70fdd2ca0,,,google_maps_browser
サツドラ,サツドラ旭川プラタナス通店,北海道旭川市神楽岡６条６丁目１−番8号,official_2cadf80af048c63a,,,google_maps_browser
サツドラ,サツドラ函館高盛店,北海道函館市高盛町１７−３,official_9fd5704b6fc53275,,,google_maps_browser
サツドラ,サツドラ函館中道店,北海道函館市中道２丁目３−１３,official_41f9113945c82a74,,,google_maps_browser
サツドラ,サツドラ函館日の出店,北海道函館市日乃出町１７−２０,official_3c091f25952b6d88,,,google_maps_browser
サツドラ,サツドラ函館大縄店,北海道函館市大縄町１５−１,official_5c54855881dfc22a,,,google_maps_browser
サツドラ,サツドラ函館港店,北海道函館市港町１丁目２３−１,official_9100f0fc63da9c96,,,google_maps_browser
サツドラ,サツドラ函館白鳥店,北海道函館市田家町１６−２５,official_4c1c24f469372045,,,google_maps_browser
サツドラ,サツドラ函館川汲店,北海道函館市川汲町１６１８−１,official_4ade6afc39596816,,,google_maps_browser
サツドラ,サツドラ宝来店,北海道函館市宝来町１０−２０,official_3e90285c0981e32e,,,google_maps_browser
サツドラ,サツドラ富岡中央店,北海道函館市富岡町３丁目３２−１,official_1e863273d35f4c89,,,google_maps_browser
サツドラ,サツドラ函館金森倉庫店,北海道函館市豊川町１１−６,official_6efd5f774e5e3571,,,google_maps_browser
サツドラ,サツドラ北斗七重浜店,北海道北斗市七重浜３丁目２−５２,official_a02a4dabc3bd68f1,,,google_maps_browser
サツドラ,サツドラ釧路星が浦大通店,北海道釧路市星が浦大通２丁目８−１４,official_b287c900dc38cf41,,,google_maps_browser
サツドラ,サツドラ帯広西15条店,北海道帯広市西１５条北１丁目１−４,official_5c90a7b8b5d5c11b,,,google_maps_browser
サツドラ,サツドラ帯広西19条店,北海道帯広市西１９条南２丁目２９−１５,official_3eb294e7f7708788,,,google_maps_browser
サツドラ,サツドラ白樺店,北海道帯広市白樺１６条西２丁目７−７,official_eb1aa2a9513f38ed,,,google_maps_browser
サツドラ,サツドラ春駒通店,北海道帯広市西１８条南４丁目４５,official_76c96a432f41d923,,,google_maps_browser
サツドラ,サツドラ端野店,北海道北見市端野町三区５６４−１,official_1a49090f44bad73f,,,google_maps_browser
サツドラ,サツドラ小樽若松店,北海道小樽市若松２丁目６−８,official_9e89bb292d856f2a,,,google_maps_browser
サツドラ,サツドラ小樽緑店,北海道小樽市緑１丁目９−１,official_c2028602ea93eff3,,,google_maps_browser
サツドラ,サツドラ小樽堺町店,北海道小樽市堺町２−１７,official_b3e3463847ff07e7,,,google_maps_browser
サツドラ,サツドラ朝里店,北海道小樽市新光１丁目９−１７,official_96465c2068b035cc,,,google_maps_browser
サツドラ,サツドラ薬局 江別一番町店,北海道江別市一番町４−２０サツドラ江別一番町店内,official_68900371f3294d2a,,,google_maps_browser
サツドラ,サツドラ千歳末広店,北海道千歳市末広４丁目３−１,official_2ac81502c319197d,,,google_maps_browser
サツドラ,サツドラ苫小牧ときわ町店,北海道苫小牧市ときわ町３丁目１７−１７17番17号,official_93ada2d147ccfb19,,,google_maps_browser
サツドラ,サツドラ室蘭東町店,北海道室蘭市東町１丁目１８−番21号,official_2526155ec64640ac,,,google_maps_browser
サツドラ,サツドラ薬局 岩見沢6条店,北海道岩見沢市６条西３丁目２番地４サツドラ岩見沢６条店内,official_330ee8af9a6bbc11,,,google_maps_browser
サツドラ,サツドラ稚内店,北海道稚内市潮見２丁目５−３５,official_a75367c76b9753e4,,,google_maps_browser
サツドラ,サツドラ稚内中央店,北海道稚内市中央２丁目１４−２３号,official_6d3f1e68ea37442f,,,google_maps_browser
サツドラ,サツドラ士別南大通店,北海道士別市東２条９丁目５,official_887ccb5edf5ef2f7,,,google_maps_browser
サツドラ,クスリのツルハ 名寄店 - 閉店,北海道名寄市西４条南８丁目西條,official_bb134b3faf8ca739,,,google_maps_browser
サツドラ,サツドラ 留萌店,北海道留萌市沖見町２丁目４,official_ea5f33fef234a3e5,,,google_maps_browser
サツドラ,サツドラ根室店,北海道根室市大正町１丁目32番2,official_28e56d206ea30bd9,,,google_maps_browser
サツドラ,サツドラ根室西浜店,北海道根室市西浜町８丁目95番１,official_7f424f5f74a59663,,,google_maps_browser
サンドラッグ,サンドラッグ 北郷店,北海道札幌市白石区北郷３条６丁目１−１６,official_27b6e31fe2c5500c,,,google_maps_browser
サンドラッグ,サンドラッグ 北二十条店,北海道札幌市東区北２０条東８丁目１−３,official_9f56e2c9a7122746,,,google_maps_browser
サンドラッグ,サンドラッグ 月寒西店,北海道札幌市豊平区月寒西３条１０丁目２−３０,official_310ccb928ec07f75,,,google_maps_browser
サンドラッグ,サンドラッグ 上野幌店,北海道札幌市厚別区上野幌３条４丁目１９−２６,official_2720a80107c788ad,,,google_maps_browser
サンドラッグ,サンドラッグ 発寒6条店,北海道札幌市西区発寒６条９丁目１７−４０2F,official_87bb92b79214001c,,,google_maps_browser
サンドラッグ,サンドラッグ 新発寒5条店,北海道札幌市手稲区新発寒５条３丁目１−１４,official_2f43bbcf5ed3076a,,,google_maps_browser
サンドラッグ,サンドラッグ 新琴似店,北海道札幌市北区新琴似７条１２丁目３−１２−３,official_0aa6862578e343bb,,,google_maps_browser
サンドラッグ,サンドラッグ 北野4条店,北海道札幌市清田区北野４条２丁目８−３３,official_ab13314c7d2619ab,,,google_maps_browser
サンドラッグ,サンドラッグ 西野3条店,北海道札幌市西区西野３条６丁目２−１０,official_485de7d02a637cb6,,,google_maps_browser
サンドラッグ,サンドラッグ 忠和店,北海道旭川市忠和６条８丁目１−１４,official_a761d83585988fdc,,,google_maps_browser
サンドラッグ,サンドラッグ 豊岡7条店,北海道旭川市豊岡７条８丁目１−４,official_8defd28bfd5082f8,,,google_maps_browser
サンドラッグ,サンドラッグ 旭川シーナ店,北海道旭川市永山３条１−１５−１,official_ecf286a8da3ee64c,,,google_maps_browser
サンドラッグ,サンドラッグ 東光店,北海道旭川市豊岡１条５丁目１,official_1c325222a8a37631,,,google_maps_browser
サンドラッグ,サンドラッグ ウェスタン川端店,北海道旭川市川端町７条１０丁目１−２２１３,official_0fe267400467dbb0,,,google_maps_browser
サンドラッグ,サンドラッグ 永山ウエスタンパワーズ店,北海道旭川市永山１２条３丁目１２２−５５,official_3255c2eb92413619,,,google_maps_browser
サンドラッグ,サンドラッグ ベストム東神楽店,北海道上川郡東神楽町ひじり野南１条５丁目１−１,official_73ae70f2f47515de,,,google_maps_browser
サンドラッグ,サンドラッグ 函館美原店,"北海道函館市美原１丁目７−１1,ＭＥＧＡドン・キホーテ函館店",official_6fb287eea8b8c22c,,,google_maps_browser
サンドラッグ,サンドラッグ 旭町店,北海道釧路市川上町９丁目７,official_70acbc3c0876d9a3,,,google_maps_browser
サンドラッグ,サンドラッグ 春採店,北海道釧路市春採４丁目９−１２,official_3af3269fe3f99376,,,google_maps_browser
サンドラッグ,サンドラッグ鳥取大通店,北海道釧路市鳥取大通２丁目２−２４,official_c7d241aafc2399b2,,,google_maps_browser
サンドラッグ,サンドラッグ 星が浦店,北海道釧路市星が浦大通２丁目６−６−１,official_289ff68a0a9701bd,,,google_maps_browser
サンドラッグ,サンドラッグ 花川北店,北海道石狩市花川北６条１丁目１５−１,official_529c3146769f2a02,,,google_maps_browser
サンドラッグ,サンドラッグ 苫小牧ときわ店,北海道苫小牧市ときわ町３丁目１６−５,official_54f3fca5ede33686,,,google_maps_browser
サンドラッグ,サンドラッグ 明野店,北海道苫小牧市明野新町５丁目１８−２７,official_f3117571e1ef5519,,,google_maps_browser
サンドラッグ,稚内市,北海道北部にある市。沖合漁業を中心とする水産都市として発展した、宗谷地域に位置する北海道北部の中核都市で、宗谷総合振興局の振興局所在地である。北方領土を除く日本本土の最北端に位置する。ウィキペディア,official_102616be8086c948,,,google_maps_browser
サンドラッグ,名寄市,北海道中北部に位置し、上川総合振興局に属する市である。ウィキペディア,official_ad72b8048e445bcb,,,google_maps_browser
サンドラッグ,留萌市,北海道北西部の市。留萌振興局の振興局所在地。ウィキペディア,official_0984f92c4c3f3a35,,,google_maps_browser
サンドラッグ,根室市,北海道東部にある市。根室振興局の振興局所在地。北海道本島最東端の自治体かつ、日本の市で最も東に位置する。ウィキペディア,official_161edfade2302ee2,,,google_maps_browser
