KEY_CODE,HTKSYORI,HTKSAKI,GASSAN,T001100001,T001100002,T001100003,T001100004,T001100005,T001100006,T001100007,T001100008,T001100009,T001100010,T001100011,T001100012,T001100013,T001100014,T001100015,T001100016,T001100017,T001100018,T001100019,T001100020,T001100021,T001100022,T001100023,T001100024,T001100025,T001100026,T001100027,T001100028,T001100029,T001100030,T001100031,T001100032,T001100033,T001100034,T001100035,T001100036,T001100037,T001100038,T001100039,T001100040,T001100041,T001100042,T001100043,T001100044,T001100045,T001100046,T001100047,T001100048,T001100049,T001100050
,,,,Å@êlå˚ÅiëçêîÅj,Å@êlå˚ÅiëçêîÅjÅ@íj,Å@êlå˚ÅiëçêîÅjÅ@èó,Å@ÇOÅ`ÇPÇSçŒêlå˚Å@ëçêî,Å@ÇOÅ`ÇPÇSçŒêlå˚Å@íj,Å@ÇOÅ`ÇPÇSçŒêlå˚Å@èó,Å@ÇPÇTçŒà»è„êlå˚Å@ëçêî,Å@ÇPÇTçŒà»è„êlå˚Å@íj,Å@ÇPÇTçŒà»è„êlå˚Å@èó,Å@ÇPÇTÅ`ÇUÇSçŒêlå˚Å@ëçêî,Å@ÇPÇTÅ`ÇUÇSçŒêlå˚Å@íj,Å@ÇPÇTÅ`ÇUÇSçŒêlå˚Å@èó,Å@ÇPÇWçŒà»è„êlå˚Å@ëçêî,Å@ÇPÇWçŒà»è„êlå˚Å@íj,Å@ÇPÇWçŒà»è„êlå˚Å@èó,Å@ÇQÇOçŒà»è„êlå˚Å@ëçêî,Å@ÇQÇOçŒà»è„êlå˚Å@íj,Å@ÇQÇOçŒà»è„êlå˚Å@èó,Å@ÇUÇTçŒà»è„êlå˚Å@ëçêî,Å@ÇUÇTçŒà»è„êlå˚Å@íj,Å@ÇUÇTçŒà»è„êlå˚Å@èó,Å@ÇVÇTçŒà»è„êlå˚Å@ëçêî,Å@ÇVÇTçŒà»è„êlå˚Å@íj,Å@ÇVÇTçŒà»è„êlå˚Å@èó,Å@ÇWÇTçŒà»è„êlå˚Å@ëçêî,Å@ÇWÇTçŒà»è„êlå˚Å@íj,Å@ÇWÇTçŒà»è„êlå˚Å@èó,Å@ÇXÇTçŒà»è„êlå˚Å@ëçêî,Å@ÇXÇTçŒà»è„êlå˚Å@íj,Å@ÇXÇTçŒà»è„êlå˚Å@èó,Å@äOçëêlêlå˚Å@ëçêî,Å@äOçëêlêlå˚Å@íj,Å@äOçëêlêlå˚Å@èó,Å@ê¢ë—ëçêî,Å@àÍî ê¢ë—êî,Å@ÇPêlê¢ë—êîÅ@àÍî ê¢ë—êî,Å@ÇQêlê¢ë—êîÅ@àÍî ê¢ë—êî,Å@ÇRêlê¢ë—êîÅ@àÍî ê¢ë—êî,Å@ÇSêlê¢ë—êîÅ@àÍî ê¢ë—êî,Å@ÇTêlê¢ë—êîÅ@àÍî ê¢ë—êî,Å@ÇUêlê¢ë—êîÅ@àÍî ê¢ë—êî,Å@ÇVêlà»è„ê¢ë—êîÅ@àÍî ê¢ë—êî,Å@êeë∞ÇÃÇ›ÇÃê¢ë—êîÅ@àÍî ê¢ë—êî,Å@äjâ∆ë∞ê¢ë—êîÅ@àÍî ê¢ë—êî,Å@äjâ∆ë∞à»äOÇÃê¢ë—êîÅ@àÍî ê¢ë—êî,Å@ÇUçŒñ¢ñûê¢ë—àıÇÃÇ¢ÇÈê¢ë—êîÅ@àÍî ê¢ë—êî,Å@ÇUÇTçŒà»è„ê¢ë—àıÇÃÇ¢ÇÈê¢ë—êîÅ@àÍî ê¢ë—êî,Å@ê¢ë—éÂÇÃîNóÓÇ™ÇQÇOÅ`ÇQÇXçŒÇÃÇPêlê¢ë—êîÅ@àÍî ê¢ë—êî,Å@çÇóÓíPêgê¢ë—êîÅ@àÍî ê¢ë—êî,Å@çÇóÓïvïwê¢ë—êîÅ@àÍî ê¢ë—êî
56405558,2,56405559,,9,4,5,*,*,*,*,*,*,*,*,*,*,*,*,*,*,*,*,*,*,*,*,*,*,*,*,*,*,*,*,*,*,3,3,*,*,*,*,*,*,*,*,*,*,*,*,*,*,*
56405559,1,,56405558,38,21,17,4,1,3,43,24,19,16,7,9,43,24,19,43,24,19,27,17,10,13,9,4,4,3,1,1,1,0,0,0,0,17,17,6,6,6,1,0,0,1,14,10,4,1,19,0,6,4
56405569,0,,,11,7,4,0,0,0,11,7,4,3,3,0,11,7,4,11,7,4,8,4,4,2,1,1,0,0,0,0,0,0,0,0,0,5,5,1,2,2,0,0,0,0,4,4,0,0,4,0,0,2
56405576,2,56405586,,9,7,2,*,*,*,*,*,*,*,*,*,*,*,*,*,*,*,*,*,*,*,*,*,*,*,*,*,*,*,*,*,*,3,3,*,*,*,*,*,*,*,*,*,*,*,*,*,*,*
56405577,1,,56405578,9,5,4,3,0,3,13,7,6,5,3,2,13,7,6,13,7,6,8,4,4,5,3,2,1,1,0,0,0,0,0,0,0,4,4,1,2,0,1,0,0,1,4,2,2,1,4,0,0,2
56405578,2,56405577,,7,2,5,*,*,*,*,*,*,*,*,*,*,*,*,*,*,*,*,*,*,*,*,*,*,*,*,*,*,*,*,*,*,1,1,*,*,*,*,*,*,*,*,*,*,*,*,*,*,*
56405586,1,,56405576;56405595,18,9,9,3,3,0,26,14,12,6,2,4,26,14,12,26,14,12,20,12,8,7,3,4,3,0,3,0,0,0,0,0,0,9,9,4,6,2,0,0,0,1,9,7,2,1,13,0,4,4
56405587,0,,,10,4,6,1,0,1,9,4,5,5,3,2,8,4,4,8,4,4,4,1,3,3,1,2,1,0,1,1,0,1,0,0,0,4,4,1,1,1,1,0,0,0,3,3,0,0,3,0,1,0
56405588,2,56405597,,7,5,2,*,*,*,*,*,*,*,*,*,*,*,*,*,*,*,*,*,*,*,*,*,*,*,*,*,*,*,*,*,*,2,2,*,*,*,*,*,*,*,*,*,*,*,*,*,*,*
56405595,2,56405586,,2,1,1,*,*,*,*,*,*,*,*,*,*,*,*,*,*,*,*,*,*,*,*,*,*,*,*,*,*,*,*,*,*,1,1,*,*,*,*,*,*,*,*,*,*,*,*,*,*,*
56405596,0,,,12,5,7,0,0,0,12,5,7,5,3,2,12,5,7,12,5,7,7,2,5,4,1,3,2,1,1,0,0,0,0,0,0,7,7,4,2,0,1,0,0,0,3,2,1,0,5,0,2,1
56405597,1,,56405588,35,18,17,6,3,3,36,20,16,16,10,6,35,20,15,35,20,15,20,10,10,10,5,5,3,1,2,0,0,0,0,0,0,14,14,4,4,4,2,2,0,0,12,8,4,2,12,0,3,3
56405598,1,,56405599,80,38,42,2,1,1,80,38,42,32,15,17,80,38,42,80,38,42,48,23,25,23,10,13,8,3,5,0,0,0,0,0,0,35,35,11,12,8,2,3,0,0,25,17,8,0,30,0,6,8
56405599,2,56405598,,2,1,1,*,*,*,*,*,*,*,*,*,*,*,*,*,*,*,*,*,*,*,*,*,*,*,*,*,*,*,*,*,*,1,1,*,*,*,*,*,*,*,*,*,*,*,*,*,*,*
56405633,2,56405668,,2,1,1,*,*,*,*,*,*,*,*,*,*,*,*,*,*,*,*,*,*,*,*,*,*,*,*,*,*,*,*,*,*,1,1,*,*,*,*,*,*,*,*,*,*,*,*,*,*,*
56405634,2,56405677,,8,6,2,*,*,*,*,*,*,*,*,*,*,*,*,*,*,*,*,*,*,*,*,*,*,*,*,*,*,*,*,*,*,3,3,*,*,*,*,*,*,*,*,*,*,*,*,*,*,*
56405662,2,56405694,,2,1,1,*,*,*,*,*,*,*,*,*,*,*,*,*,*,*,*,*,*,*,*,*,*,*,*,*,*,*,*,*,*,1,1,*,*,*,*,*,*,*,*,*,*,*,*,*,*,*
56405668,1,,56405633,25,16,9,1,1,0,26,16,10,13,9,4,26,16,10,26,16,10,13,7,6,10,6,4,4,3,1,0,0,0,0,0,0,9,9,3,3,0,3,0,1,0,7,3,4,0,9,0,2,2
56405676,2,56405687,,6,3,3,*,*,*,*,*,*,*,*,*,*,*,*,*,*,*,*,*,*,*,*,*,*,*,*,*,*,*,*,*,*,2,2,*,*,*,*,*,*,*,*,*,*,*,*,*,*,*
56405677,1,,56405634,19,9,10,0,0,0,27,15,12,18,13,5,27,15,12,27,15,12,9,2,7,4,1,3,3,1,2,0,0,0,1,1,0,12,12,7,6,1,0,1,0,0,8,7,1,0,7,0,2,0
56405680,2,56405694,,4,2,2,*,*,*,*,*,*,*,*,*,*,*,*,*,*,*,*,*,*,*,*,*,*,*,*,*,*,*,*,*,*,2,2,*,*,*,*,*,*,*,*,*,*,*,*,*,*,*
56405681,2,56405694,,5,3,2,*,*,*,*,*,*,*,*,*,*,*,*,*,*,*,*,*,*,*,*,*,*,*,*,*,*,*,*,*,*,2,2,*,*,*,*,*,*,*,*,*,*,*,*,*,*,*
56405683,2,56405694,,4,2,2,*,*,*,*,*,*,*,*,*,*,*,*,*,*,*,*,*,*,*,*,*,*,*,*,*,*,*,*,*,*,2,2,*,*,*,*,*,*,*,*,*,*,*,*,*,*,*
56405686,2,56405687,,7,4,3,*,*,*,*,*,*,*,*,*,*,*,*,*,*,*,*,*,*,*,*,*,*,*,*,*,*,*,*,*,*,3,3,*,*,*,*,*,*,*,*,*,*,*,*,*,*,*
56405687,1,,56405676;56405686,16,10,6,2,1,1,27,16,11,13,9,4,27,16,11,26,15,11,14,7,7,9,5,4,3,1,2,0,0,0,0,0,0,5,5,1,5,1,2,0,0,1,9,7,2,0,9,0,1,2
56405691,2,56405694,,2,1,1,*,*,*,*,*,*,*,*,*,*,*,*,*,*,*,*,*,*,*,*,*,*,*,*,*,*,*,*,*,*,1,1,*,*,*,*,*,*,*,*,*,*,*,*,*,*,*
56405693,2,56405694,,7,5,2,*,*,*,*,*,*,*,*,*,*,*,*,*,*,*,*,*,*,*,*,*,*,*,*,*,*,*,*,*,*,4,4,*,*,*,*,*,*,*,*,*,*,*,*,*,*,*
56405694,1,,56405662;56405680;56405681;56405683;56405691;56405693,20,10,10,0,0,0,44,24,20,15,7,8,43,23,20,43,23,20,29,17,12,16,7,9,6,2,4,0,0,0,1,0,1,9,9,6,11,2,1,0,1,0,14,9,5,0,21,0,6,4
56405695,0,,,32,16,16,0,0,0,32,16,16,16,9,7,31,16,15,31,16,15,16,7,9,6,1,5,2,0,2,1,0,1,0,0,0,14,14,3,6,3,2,0,0,0,11,8,3,0,10,0,2,2
56405696,0,,,36,13,23,7,1,6,29,12,17,16,8,8,29,12,17,29,12,17,13,4,9,10,3,7,2,1,1,2,1,1,0,0,0,11,11,3,2,1,2,1,1,1,8,2,6,1,8,0,2,0
56405697,1,,56405698,27,16,11,0,0,0,30,18,12,14,10,4,30,18,12,29,18,11,16,8,8,11,6,5,3,2,1,0,0,0,0,0,0,12,12,5,5,2,1,1,0,0,9,8,1,0,11,0,3,2
56405698,2,56405697,,3,2,1,*,*,*,*,*,*,*,*,*,*,*,*,*,*,*,*,*,*,*,*,*,*,*,*,*,*,*,*,*,*,2,2,*,*,*,*,*,*,*,*,*,*,*,*,*,*,*
56406489,2,56406498,,1,1,0,*,*,*,*,*,*,*,*,*,*,*,*,*,*,*,*,*,*,*,*,*,*,*,*,*,*,*,*,*,*,1,1,*,*,*,*,*,*,*,*,*,*,*,*,*,*,*
56406496,0,,,15,8,7,0,0,0,15,8,7,7,3,4,15,8,7,15,8,7,8,5,3,4,2,2,3,2,1,0,0,0,0,0,0,5,5,0,2,1,2,0,0,0,5,4,1,0,5,0,0,2
56406497,0,,,146,68,78,9,2,7,137,66,71,66,32,34,134,64,70,129,64,65,71,34,37,40,21,19,17,8,9,1,0,1,0,0,0,53,53,10,21,9,6,1,4,2,43,30,13,2,44,0,7,14
56406498,1,,56406489;56406499,23,13,10,1,0,1,28,17,11,14,10,4,27,17,10,27,17,10,14,7,7,5,2,3,2,0,2,0,0,0,1,0,1,9,9,2,5,3,2,0,0,0,10,8,2,0,10,0,2,2
56406499,2,56406498,,5,3,2,*,*,*,*,*,*,*,*,*,*,*,*,*,*,*,*,*,*,*,*,*,*,*,*,*,*,*,*,*,*,2,2,*,*,*,*,*,*,*,*,*,*,*,*,*,*,*
56406507,0,,,28,12,16,4,2,2,24,10,14,9,5,4,24,10,14,24,10,14,15,5,10,8,2,6,8,2,6,0,0,0,0,0,0,15,15,7,5,2,0,1,0,0,8,5,3,1,13,0,7,1
56406508,0,,,23,13,10,0,0,0,23,13,10,10,5,5,23,13,10,23,13,10,13,8,5,8,5,3,0,0,0,0,0,0,0,0,0,14,14,5,9,0,0,0,0,0,7,7,0,0,9,0,3,5
56406518,0,,,9,4,5,0,0,0,9,4,5,3,2,1,9,4,5,9,4,5,6,2,4,2,0,2,2,0,2,0,0,0,1,0,1,5,5,3,1,0,1,0,0,0,2,1,1,0,4,0,3,0
56406519,0,,,9,4,5,0,0,0,9,4,5,3,2,1,9,4,5,8,4,4,6,2,4,4,1,3,2,1,1,0,0,0,0,0,0,5,5,2,2,1,0,0,0,0,3,2,1,0,5,0,2,0
56406527,2,56406528,,7,4,3,*,*,*,*,*,*,*,*,*,*,*,*,*,*,*,*,*,*,*,*,*,*,*,*,*,*,*,*,*,*,3,3,*,*,*,*,*,*,*,*,*,*,*,*,*,*,*
56406528,1,,56406527;56406538,24,11,13,0,0,0,35,18,17,14,7,7,35,18,17,35,18,17,21,11,10,8,5,3,3,1,2,0,0,0,0,0,0,11,11,5,5,4,2,0,0,0,11,8,3,0,15,0,5,2
56406529,1,,56406539,17,10,7,1,1,0,22,12,10,11,8,3,22,12,10,22,12,10,11,4,7,6,2,4,5,2,3,0,0,0,0,0,0,7,7,1,7,1,0,1,0,0,9,6,3,0,7,0,1,1
56406536,2,56406546,,6,4,2,*,*,*,*,*,*,*,*,*,*,*,*,*,*,*,*,*,*,*,*,*,*,*,*,*,*,*,*,*,*,3,3,*,*,*,*,*,*,*,*,*,*,*,*,*,*,*
56406538,2,56406528,,4,3,1,*,*,*,*,*,*,*,*,*,*,*,*,*,*,*,*,*,*,*,*,*,*,*,*,*,*,*,*,*,*,2,2,*,*,*,*,*,*,*,*,*,*,*,*,*,*,*
56406539,2,56406529,,6,3,3,*,*,*,*,*,*,*,*,*,*,*,*,*,*,*,*,*,*,*,*,*,*,*,*,*,*,*,*,*,*,3,3,*,*,*,*,*,*,*,*,*,*,*,*,*,*,*
56406545,2,56406546,,2,1,1,*,*,*,*,*,*,*,*,*,*,*,*,*,*,*,*,*,*,*,*,*,*,*,*,*,*,*,*,*,*,1,1,*,*,*,*,*,*,*,*,*,*,*,*,*,*,*
56406546,1,,56406536;56406545;56406555,24,11,13,0,0,0,36,19,17,14,10,4,36,19,17,36,19,17,22,9,13,9,2,7,5,0,5,1,0,1,0,0,0,9,9,1,7,3,3,0,0,0,13,11,2,0,12,0,1,3
56406549,2,56406558,,7,4,3,*,*,*,*,*,*,*,*,*,*,*,*,*,*,*,*,*,*,*,*,*,*,*,*,*,*,*,*,*,*,2,2,*,*,*,*,*,*,*,*,*,*,*,*,*,*,*
56406555,2,56406546,,4,3,1,*,*,*,*,*,*,*,*,*,*,*,*,*,*,*,*,*,*,*,*,*,*,*,*,*,*,*,*,*,*,1,1,*,*,*,*,*,*,*,*,*,*,*,*,*,*,*
56406556,1,,56406566,39,24,15,4,2,2,41,26,15,21,14,7,38,23,15,38,23,15,20,12,8,5,3,2,3,2,1,1,1,0,0,0,0,12,12,3,4,2,4,1,0,1,12,8,4,1,13,0,3,1
56406557,0,,,10,6,4,0,0,0,10,6,4,4,3,1,10,6,4,10,6,4,6,3,3,3,2,1,1,1,0,0,0,0,0,0,0,5,5,2,1,2,0,0,0,0,3,3,0,0,5,0,2,1
56406558,1,,56406549;56406569,11,6,5,0,0,0,21,11,10,8,3,5,21,11,10,20,11,9,13,8,5,6,3,3,6,3,3,0,0,0,0,0,0,4,4,1,2,2,0,2,0,0,5,3,2,0,6,0,1,1
56406566,2,56406556,,6,4,2,*,*,*,*,*,*,*,*,*,*,*,*,*,*,*,*,*,*,*,*,*,*,*,*,*,*,*,*,*,*,3,3,*,*,*,*,*,*,*,*,*,*,*,*,*,*,*
56406567,0,,,10,6,4,0,0,0,10,6,4,5,3,2,10,6,4,10,6,4,5,3,2,3,2,1,0,0,0,0,0,0,1,0,1,5,5,1,3,1,0,0,0,0,4,4,0,0,4,0,1,2
56406569,2,56406558,,3,1,2,*,*,*,*,*,*,*,*,*,*,*,*,*,*,*,*,*,*,*,*,*,*,*,*,*,*,*,*,*,*,1,1,*,*,*,*,*,*,*,*,*,*,*,*,*,*,*
56406571,2,56406581,,2,1,1,*,*,*,*,*,*,*,*,*,*,*,*,*,*,*,*,*,*,*,*,*,*,*,*,*,*,*,*,*,*,1,1,*,*,*,*,*,*,*,*,*,*,*,*,*,*,*
56406573,0,,,23,12,11,0,0,0,23,12,11,14,7,7,23,12,11,21,11,10,9,5,4,4,1,3,3,0,3,0,0,0,1,0,1,8,8,2,1,2,2,1,0,0,6,2,4,0,8,0,2,0
56406574,1,,56406575,27,14,13,0,0,0,28,14,14,15,10,5,28,14,14,28,14,14,13,4,9,7,1,6,3,0,3,0,0,0,0,0,0,10,10,2,5,2,0,2,0,0,9,6,3,0,10,0,2,1
56406575,2,56406574,,1,0,1,*,*,*,*,*,*,*,*,*,*,*,*,*,*,*,*,*,*,*,*,*,*,*,*,*,*,*,*,*,*,1,1,*,*,*,*,*,*,*,*,*,*,*,*,*,*,*
56406577,0,,,30,17,13,0,0,0,30,17,13,11,6,5,29,17,12,29,17,12,19,11,8,13,7,6,3,1,2,0,0,0,0,0,0,12,12,3,4,3,1,0,1,0,9,7,2,0,12,0,3,3
56406578,1,,56406588,25,13,12,2,1,1,29,16,13,13,5,8,29,16,13,28,16,12,16,11,5,4,3,1,1,1,0,0,0,0,1,0,1,7,7,2,2,3,2,0,0,1,8,4,4,1,10,0,2,2
56406579,0,,,18,8,10,0,0,0,18,8,10,6,3,3,18,8,10,18,8,10,12,5,7,7,3,4,3,0,3,0,0,0,0,0,0,6,6,0,2,3,0,1,0,0,6,3,3,0,6,0,0,1
56406580,0,,,21,11,10,2,1,1,19,10,9,12,7,5,18,10,8,18,10,8,7,3,4,6,3,3,5,3,2,0,0,0,0,0,0,9,9,2,3,3,1,0,0,0,7,7,0,0,5,1,1,0
56406581,1,,56406571;56406590,11,7,4,0,0,0,19,12,7,9,6,3,19,12,7,19,12,7,10,6,4,8,5,3,2,2,0,0,0,0,0,0,0,4,4,1,2,2,2,0,0,0,6,2,4,0,7,0,1,2
56406582,0,,,18,11,7,0,0,0,18,11,7,5,4,1,18,11,7,18,11,7,13,7,6,6,3,3,4,2,2,0,0,0,1,0,1,9,9,2,5,2,0,0,0,0,6,6,0,0,8,0,2,2
56406583,0,,,12,8,4,0,0,0,12,8,4,7,5,2,12,8,4,9,6,3,5,3,2,3,2,1,2,1,1,0,0,0,0,0,0,4,4,1,0,2,0,1,0,0,3,1,2,0,4,0,1,0
56406584,0,,,28,17,11,3,2,1,25,15,10,14,9,5,25,15,10,25,15,10,11,6,5,4,1,3,0,0,0,0,0,0,0,0,0,12,12,3,5,3,0,0,1,0,9,6,3,1,9,0,1,1
56406585,0,,,32,13,19,2,1,1,30,12,18,16,6,10,30,12,18,28,12,16,14,6,8,8,4,4,4,1,3,0,0,0,0,0,0,8,8,0,3,2,0,0,1,2,8,4,4,1,6,0,0,2
56406587,0,,,20,10,10,2,1,1,18,9,9,8,4,4,17,8,9,16,8,8,10,5,5,1,0,1,1,0,1,0,0,0,0,0,0,5,5,0,1,2,0,0,2,0,5,2,3,1,4,0,0,0
56406588,2,56406578,,6,4,2,*,*,*,*,*,*,*,*,*,*,*,*,*,*,*,*,*,*,*,*,*,*,*,*,*,*,*,*,*,*,3,3,*,*,*,*,*,*,*,*,*,*,*,*,*,*,*
56406589,0,,,13,5,8,0,0,0,13,5,8,5,1,4,13,5,8,13,5,8,8,4,4,3,2,1,0,0,0,0,0,0,0,0,0,4,4,0,0,3,1,0,0,0,4,4,0,0,4,0,0,0
56406590,2,56406581,,6,4,2,*,*,*,*,*,*,*,*,*,*,*,*,*,*,*,*,*,*,*,*,*,*,*,*,*,*,*,*,*,*,2,2,*,*,*,*,*,*,*,*,*,*,*,*,*,*,*
56406591,0,,,58,30,28,0,0,0,58,30,28,28,17,11,58,30,28,58,30,28,30,13,17,15,5,10,5,2,3,0,0,0,0,0,0,24,24,5,10,6,1,1,1,0,19,16,3,0,20,0,3,6
56406592,0,,,49,25,24,4,3,1,45,22,23,21,9,12,45,22,23,45,22,23,24,13,11,10,6,4,4,2,2,0,0,0,0,0,0,18,18,6,5,3,2,0,0,2,12,9,3,1,16,0,5,3
56406593,0,,,47,26,21,3,1,2,44,25,19,23,12,11,41,23,18,41,23,18,21,13,8,12,6,6,10,5,5,0,0,0,0,0,0,20,20,7,7,2,2,1,0,1,13,10,3,0,15,0,5,3
56406594,0,,,18,7,11,0,0,0,18,7,11,10,5,5,17,6,11,16,5,11,8,2,6,5,1,4,1,0,1,0,0,0,0,0,0,6,6,1,2,1,1,0,1,0,5,2,3,0,5,0,0,0
56406595,0,,,27,11,16,1,0,1,26,11,15,13,5,8,26,11,15,26,11,15,13,6,7,9,4,5,4,2,2,2,2,0,0,0,0,9,9,1,4,1,1,1,1,0,8,5,3,1,8,0,1,3
56406600,2,56406610,,2,1,1,*,*,*,*,*,*,*,*,*,*,*,*,*,*,*,*,*,*,*,*,*,*,*,*,*,*,*,*,*,*,1,1,*,*,*,*,*,*,*,*,*,*,*,*,*,*,*
56406603,2,56406604,,4,3,1,*,*,*,*,*,*,*,*,*,*,*,*,*,*,*,*,*,*,*,*,*,*,*,*,*,*,*,*,*,*,3,3,*,*,*,*,*,*,*,*,*,*,*,*,*,*,*
56406604,1,,56406603,21,8,13,1,0,1,24,11,13,14,6,8,22,11,11,22,11,11,10,5,5,6,2,4,0,0,0,0,0,0,0,0,0,10,10,3,8,2,0,0,0,0,10,9,1,1,7,0,1,2
56406605,0,,,24,12,12,4,2,2,20,10,10,12,7,5,20,10,10,20,10,10,8,3,5,3,0,3,1,0,1,0,0,0,0,0,0,7,7,2,2,0,1,0,1,1,5,1,4,1,5,0,1,0
56406606,0,,,45,20,25,2,2,0,43,18,25,24,10,14,42,18,24,42,18,24,19,8,11,9,3,6,3,1,2,1,0,1,0,0,0,16,16,2,8,1,3,1,0,1,13,10,3,0,11,0,2,2
56406607,0,,,14,7,7,0,0,0,14,7,7,5,3,2,14,7,7,14,7,7,9,4,5,6,2,4,3,1,2,0,0,0,0,0,0,5,5,1,1,1,2,0,0,0,4,2,2,0,5,0,1,0
56406610,1,,56406600,11,6,5,0,0,0,13,7,6,5,1,4,13,7,6,13,7,6,8,6,2,4,3,1,3,2,1,0,0,0,0,0,0,7,7,4,3,1,0,0,0,0,4,4,0,0,6,0,3,2
56406614,0,,,25,12,13,0,0,0,25,12,13,14,6,8,25,12,13,25,12,13,11,6,5,4,2,2,2,1,1,0,0,0,0,0,0,7,7,0,2,1,2,2,0,0,7,5,2,0,6,0,0,2
56406616,1,,56406617,48,25,23,4,3,1,55,27,28,27,14,13,54,26,28,52,25,27,28,13,15,7,1,6,4,0,4,0,0,0,0,0,0,20,20,3,9,5,4,0,0,1,19,12,7,2,17,0,2,6
56406617,2,56406616,,11,5,6,*,*,*,*,*,*,*,*,*,*,*,*,*,*,*,*,*,*,*,*,*,*,*,*,*,*,*,*,*,*,2,2,*,*,*,*,*,*,*,*,*,*,*,*,*,*,*
56406620,2,56406630,,6,4,2,*,*,*,*,*,*,*,*,*,*,*,*,*,*,*,*,*,*,*,*,*,*,*,*,*,*,*,*,*,*,2,2,*,*,*,*,*,*,*,*,*,*,*,*,*,*,*
56406624,0,,,41,21,20,1,0,1,40,21,19,21,11,10,40,21,19,40,21,19,19,10,9,13,7,6,7,5,2,0,0,0,0,0,0,16,16,5,3,5,1,1,1,0,11,6,5,0,11,0,2,3
56406625,0,,,53,28,25,4,2,2,49,26,23,29,17,12,49,26,23,47,25,22,20,9,11,12,5,7,3,1,2,1,0,1,0,0,0,15,15,1,2,5,4,2,0,1,14,7,7,1,12,0,1,2
56406626,0,,,34,18,16,5,4,1,29,14,15,16,7,9,28,14,14,28,14,14,13,7,6,6,3,3,3,1,2,0,0,0,0,0,0,9,9,3,0,1,1,1,2,1,6,0,6,1,7,0,1,0
56406630,1,,56406620,13,5,8,0,0,0,19,9,10,6,4,2,19,9,10,19,9,10,13,5,8,8,2,6,4,1,3,1,0,1,0,0,0,5,5,0,3,3,1,0,0,0,7,5,2,0,6,0,0,2
56406634,0,,,37,16,21,1,0,1,36,16,20,19,9,10,36,16,20,36,16,20,17,7,10,10,4,6,4,1,3,0,0,0,0,0,0,14,14,5,2,2,3,2,0,0,9,5,4,1,12,0,3,1
56406635,0,,,80,42,38,3,2,1,77,40,37,36,20,16,77,40,37,76,40,36,41,20,21,18,7,11,7,2,5,0,0,0,1,0,1,34,34,6,17,8,1,1,0,1,27,22,5,1,25,1,3,7
56406636,0,,,312,157,155,16,9,7,296,148,148,150,85,65,293,146,147,289,144,145,146,63,83,89,35,54,37,16,21,2,0,2,0,0,0,110,110,18,33,28,19,6,4,2,92,62,30,5,88,0,13,17
56406637,0,,,12,6,6,0,0,0,12,6,6,4,3,1,12,6,6,12,6,6,8,3,5,4,1,3,0,0,0,0,0,0,0,0,0,6,6,2,2,2,0,0,0,0,4,4,0,0,6,0,2,1
56406642,0,,,154,80,74,19,12,7,135,68,67,85,42,43,129,67,62,123,64,59,50,26,24,28,13,15,7,2,5,1,0,1,0,0,0,53,53,7,21,8,11,3,1,2,46,39,7,5,33,0,4,12
56406643,0,,,20,11,9,4,3,1,16,8,8,11,5,6,14,7,7,14,7,7,5,3,2,2,0,2,1,0,1,0,0,0,0,0,0,6,6,0,2,1,2,1,0,0,6,4,2,0,3,0,0,1
56406645,0,,,208,105,103,21,15,6,187,90,97,106,49,57,181,89,92,177,87,90,81,41,40,44,20,24,20,10,10,1,0,1,0,0,0,67,67,13,21,6,14,5,6,2,54,35,19,4,55,0,12,14
56406646,0,,,180,88,92,8,2,6,172,86,86,87,48,39,167,83,84,162,82,80,85,38,47,48,20,28,25,10,15,1,1,0,1,0,1,61,61,13,17,12,7,6,4,2,48,26,22,0,47,1,5,11
56406650,2,56406661,,2,1,1,*,*,*,*,*,*,*,*,*,*,*,*,*,*,*,*,*,*,*,*,*,*,*,*,*,*,*,*,*,*,1,1,*,*,*,*,*,*,*,*,*,*,*,*,*,*,*
56406652,0,,,111,52,59,13,5,8,97,46,51,49,24,25,96,46,50,95,45,50,48,22,26,26,10,16,11,5,6,1,0,1,0,0,0,41,41,10,14,6,8,0,1,2,31,23,8,3,30,0,6,6
56406654,2,56406655,,10,6,4,*,*,*,*,*,*,*,*,*,*,*,*,*,*,*,*,*,*,*,*,*,*,*,*,*,*,*,*,*,*,3,3,*,*,*,*,*,*,*,*,*,*,*,*,*,*,*
56406655,1,,56406654,134,64,70,8,4,4,136,66,70,71,40,31,133,64,69,133,64,69,65,26,39,35,10,25,19,4,15,2,0,2,1,0,1,60,60,20,24,9,6,1,1,2,43,33,10,1,47,0,14,8
56406656,0,,,45,23,22,1,1,0,44,22,22,25,13,12,43,22,21,43,22,21,19,9,10,6,2,4,3,0,3,0,0,0,0,0,0,19,19,7,4,4,2,2,0,0,12,6,6,1,12,1,3,1
56406660,0,,,23,11,12,4,1,3,19,10,9,11,6,5,19,10,9,19,10,9,8,4,4,3,1,2,2,1,1,0,0,0,0,0,0,7,7,0,3,2,1,0,0,1,7,6,1,1,5,0,0,1
56406661,1,,56406650,99,41,58,9,4,5,92,38,54,35,14,21,92,38,54,92,38,54,57,24,33,31,12,19,14,4,10,0,0,0,0,0,0,40,40,10,15,9,4,1,1,1,30,23,7,3,37,0,8,10
56406662,0,,,67,37,30,7,4,3,60,33,27,33,19,14,58,31,27,57,30,27,27,14,13,14,7,7,6,1,5,2,0,2,1,0,1,23,23,3,11,1,3,3,2,0,19,12,7,1,18,0,3,4
56406664,0,,,59,29,30,2,1,1,57,28,29,28,15,13,56,28,28,55,28,27,29,13,16,16,6,10,5,2,3,0,0,0,0,0,0,21,21,3,8,4,4,0,2,0,18,12,6,1,19,0,3,5
56406665,0,,,159,77,82,6,5,1,153,72,81,79,46,33,150,71,79,148,69,79,74,26,48,44,13,31,18,5,13,2,0,2,1,0,1,57,57,9,22,13,6,2,3,2,48,27,21,1,51,1,7,6
56406666,0,,,58,25,33,10,3,7,48,22,26,26,12,14,46,21,25,46,21,25,22,10,12,15,6,9,7,3,4,1,1,0,0,0,0,17,17,4,1,5,2,4,0,1,13,7,6,2,12,0,2,1
56406667,0,,,39,23,16,1,1,0,38,22,16,24,14,10,37,21,16,36,21,15,14,8,6,11,6,5,4,3,1,1,1,0,0,0,0,12,12,1,2,5,3,0,0,1,11,5,6,1,9,0,0,1
56406670,0,,,15,6,9,0,0,0,15,6,9,9,4,5,15,6,9,15,6,9,6,2,4,3,0,3,3,0,3,1,0,1,0,0,0,6,6,1,2,2,1,0,0,0,5,3,2,0,4,0,1,0
56406671,0,,,218,109,109,20,8,12,198,101,97,103,56,47,196,100,96,194,99,95,95,45,50,42,15,27,20,6,14,2,1,1,0,0,0,70,70,10,16,18,17,4,2,3,60,36,24,4,58,0,6,12
56406672,0,,,50,23,27,3,3,0,47,20,27,24,11,13,45,19,26,45,19,26,23,9,14,12,5,7,6,1,5,0,0,0,0,0,0,22,22,9,3,5,5,0,0,0,13,10,3,1,17,0,9,1
56406673,0,,,127,53,74,14,3,11,113,50,63,48,23,25,110,49,61,110,49,61,65,27,38,34,13,21,13,4,9,1,1,0,1,1,0,53,53,19,15,7,7,1,4,0,34,24,10,4,45,1,16,11
56406674,0,,,165,84,81,12,3,9,153,81,72,74,43,31,150,80,70,149,80,69,79,38,41,43,20,23,15,5,10,0,0,0,4,4,0,66,66,19,19,11,12,3,2,0,47,36,11,2,48,2,11,10
56406675,0,,,56,33,23,3,2,1,53,31,22,32,19,13,53,31,22,52,30,22,21,12,9,14,8,6,6,4,2,0,0,0,0,0,0,19,19,5,5,1,5,1,1,1,14,9,5,0,13,0,3,3
56406676,0,,,185,96,89,19,12,7,166,84,82,94,51,43,160,81,79,158,80,78,72,33,39,36,15,21,17,5,12,2,0,2,1,0,1,61,61,9,20,15,6,5,3,3,52,31,21,7,41,0,3,11
56406677,0,,,17,7,10,2,0,2,15,7,8,7,2,5,15,7,8,15,7,8,8,5,3,2,1,1,1,0,1,0,0,0,0,0,0,7,7,2,3,1,0,0,1,0,5,4,1,1,6,0,2,2
56406679,2,56406689,,9,4,5,*,*,*,*,*,*,*,*,*,*,*,*,*,*,*,*,*,*,*,*,*,*,*,*,*,*,*,*,*,*,2,2,*,*,*,*,*,*,*,*,*,*,*,*,*,*,*
56406680,0,,,249,128,121,26,16,10,223,112,111,126,70,56,216,107,109,208,103,105,97,42,55,61,25,36,18,7,11,2,0,2,0,0,0,84,84,16,22,18,14,8,4,2,68,52,16,5,59,0,13,12
56406681,0,,,235,112,123,31,14,17,204,98,106,124,59,65,196,96,100,195,95,100,80,39,41,45,22,23,22,11,11,1,0,1,32,15,17,87,87,30,17,16,8,10,2,4,56,40,16,8,57,2,21,5
56406682,0,,,126,64,62,9,7,2,116,57,59,71,36,35,113,56,57,108,53,55,45,21,24,20,7,13,5,1,4,0,0,0,2,0,2,44,44,10,11,11,5,3,3,1,34,26,8,2,30,0,7,4
56406683,0,,,324,171,153,19,12,7,305,159,146,180,100,80,298,155,143,290,151,139,125,59,66,62,28,34,20,6,14,0,0,0,7,5,2,134,134,36,46,27,17,4,2,2,98,77,21,5,84,2,19,23
56406684,0,,,279,135,144,10,4,6,269,131,138,132,75,57,265,129,136,260,126,134,137,56,81,84,29,55,51,16,35,6,3,3,6,6,0,110,109,35,39,15,12,6,1,1,74,58,16,2,70,7,18,23
56406685,0,,,106,62,44,9,6,3,97,56,41,54,34,20,95,54,41,94,54,40,43,22,21,20,9,11,9,4,5,0,0,0,7,7,0,43,43,19,8,6,5,1,2,2,22,11,11,1,26,7,8,3
56406686,0,,,28,17,11,2,2,0,26,15,11,15,9,6,25,15,10,24,14,10,11,6,5,3,1,2,1,0,1,0,0,0,0,0,0,9,9,2,0,4,2,0,1,0,7,5,2,1,7,0,2,0
56406687,0,,,19,11,8,1,1,0,18,10,8,11,6,5,16,10,6,16,10,6,7,4,3,5,3,2,1,1,0,0,0,0,0,0,0,5,5,0,2,1,1,0,0,1,5,4,1,0,4,0,0,1
56406689,1,,56406679,47,23,24,9,4,5,47,23,24,27,13,14,46,22,24,46,22,24,20,10,10,11,4,7,5,1,4,1,0,1,0,0,0,14,14,2,3,3,4,1,3,0,14,6,8,0,13,0,2,2
56406690,0,,,382,187,195,46,23,23,335,163,172,174,92,82,322,157,165,317,154,163,161,71,90,100,36,64,37,11,26,6,0,6,2,0,2,141,141,38,39,25,18,14,2,5,101,73,28,6,104,0,30,20
56406691,0,,,924,429,495,109,57,52,806,367,439,431,222,209,779,352,427,760,338,422,375,145,230,248,80,168,111,33,78,16,4,12,10,6,4,324,323,90,99,52,46,19,11,6,231,183,48,26,196,8,54,43
56406692,0,,,116,59,57,17,8,9,98,50,48,53,31,22,95,47,48,91,44,47,45,19,26,26,12,14,13,3,10,0,0,0,0,0,0,41,41,8,13,10,2,4,4,0,33,25,8,2,31,0,7,9
56406693,0,,,44,20,24,1,0,1,43,20,23,19,11,8,43,20,23,42,19,23,24,9,15,12,4,8,7,1,6,1,0,1,0,0,0,19,19,6,5,4,4,0,0,0,13,9,4,1,16,0,6,2
56406694,0,,,108,58,50,5,2,3,103,56,47,68,41,27,101,55,46,100,55,45,35,15,20,15,3,12,9,2,7,2,0,2,9,9,0,41,41,12,10,9,6,1,2,1,29,19,10,3,24,8,3,2
56406695,0,,,118,62,56,11,6,5,106,55,51,55,31,24,104,54,50,103,53,50,51,24,27,24,8,16,14,3,11,3,0,3,0,0,0,43,43,10,14,7,5,4,2,1,33,19,14,1,33,0,6,4
56406696,0,,,36,18,18,4,1,3,32,17,15,17,10,7,31,16,15,31,16,15,15,7,8,7,3,4,1,0,1,0,0,0,0,0,0,14,14,4,5,3,0,1,0,1,10,8,2,0,9,0,2,3
56406699,0,,,53,33,20,3,2,1,50,31,19,27,18,9,50,31,19,50,31,19,23,13,10,12,7,5,4,3,1,0,0,0,1,0,1,17,17,3,2,8,1,1,1,1,14,9,5,0,15,0,2,1
56406770,2,56406790,,1,0,1,*,*,*,*,*,*,*,*,*,*,*,*,*,*,*,*,*,*,*,*,*,*,*,*,*,*,*,*,*,*,1,1,*,*,*,*,*,*,*,*,*,*,*,*,*,*,*
56406772,2,56406782,,5,1,4,*,*,*,*,*,*,*,*,*,*,*,*,*,*,*,*,*,*,*,*,*,*,*,*,*,*,*,*,*,*,1,1,*,*,*,*,*,*,*,*,*,*,*,*,*,*,*
56406773,0,,,26,12,14,0,0,0,26,12,14,13,6,7,26,12,14,26,12,14,13,6,7,6,3,3,0,0,0,0,0,0,0,0,0,11,11,2,4,4,1,0,0,0,9,8,1,0,8,0,1,3
56406774,0,,,17,9,8,1,1,0,16,8,8,11,6,5,16,8,8,16,8,8,5,2,3,2,0,2,2,0,2,0,0,0,0,0,0,8,8,4,2,1,0,0,1,0,4,2,2,1,4,0,1,0
56406780,0,,,57,28,29,6,3,3,51,25,26,27,14,13,49,25,24,48,24,24,24,11,13,11,5,6,4,1,3,0,0,0,0,0,0,16,16,2,4,2,3,2,2,1,13,8,5,1,15,0,2,3
56406782,1,,56406772;56406783;56406793,190,110,80,14,7,7,188,108,80,121,75,46,184,107,77,179,105,74,67,33,34,39,17,22,14,4,10,0,0,0,17,15,2,87,87,42,19,9,11,5,2,2,48,34,14,5,42,11,8,10
56406783,2,56406782,,2,1,1,*,*,*,*,*,*,*,*,*,*,*,*,*,*,*,*,*,*,*,*,*,*,*,*,*,*,*,*,*,*,1,1,*,*,*,*,*,*,*,*,*,*,*,*,*,*,*
56406790,1,,56406770,142,75,67,11,7,4,132,68,64,66,39,27,128,65,63,124,62,62,66,29,37,40,19,21,18,8,10,2,1,1,1,1,0,47,47,8,15,5,16,0,3,1,39,24,15,3,39,0,7,9
56406791,0,,,194,95,99,22,12,10,172,83,89,82,44,38,168,81,87,168,81,87,90,39,51,43,16,27,15,2,13,4,0,4,1,0,1,66,66,12,20,14,12,1,4,3,54,36,18,8,56,0,11,11
56406792,0,,,130,66,64,12,6,6,118,60,58,63,35,28,115,57,58,114,56,58,55,25,30,28,10,18,16,5,11,1,1,0,1,0,1,48,48,9,16,13,5,1,3,1,39,26,13,1,35,0,6,5
56406793,2,56406782,,5,3,2,*,*,*,*,*,*,*,*,*,*,*,*,*,*,*,*,*,*,*,*,*,*,*,*,*,*,*,*,*,*,1,1,*,*,*,*,*,*,*,*,*,*,*,*,*,*,*
56407298,2,56407394,,1,1,0,*,*,*,*,*,*,*,*,*,*,*,*,*,*,*,*,*,*,*,*,*,*,*,*,*,*,*,*,*,*,1,1,*,*,*,*,*,*,*,*,*,*,*,*,*,*,*
56407376,2,56407385,,7,4,3,*,*,*,*,*,*,*,*,*,*,*,*,*,*,*,*,*,*,*,*,*,*,*,*,*,*,*,*,*,*,1,1,*,*,*,*,*,*,*,*,*,*,*,*,*,*,*
56407377,2,56407386,,4,3,1,*,*,*,*,*,*,*,*,*,*,*,*,*,*,*,*,*,*,*,*,*,*,*,*,*,*,*,*,*,*,2,2,*,*,*,*,*,*,*,*,*,*,*,*,*,*,*
56407379,2,56407386,,1,1,0,*,*,*,*,*,*,*,*,*,*,*,*,*,*,*,*,*,*,*,*,*,*,*,*,*,*,*,*,*,*,1,1,*,*,*,*,*,*,*,*,*,*,*,*,*,*,*
56407385,1,,56407376,75,36,39,3,1,2,79,39,40,41,22,19,77,38,39,77,38,39,38,17,21,25,10,15,9,3,6,0,0,0,0,0,0,33,33,8,15,5,3,2,0,1,25,17,8,1,23,1,4,8
56407386,1,,56407377;56407379;56407387,38,21,17,0,0,0,87,31,56,39,22,17,63,19,44,56,14,42,48,9,39,42,6,36,36,3,33,14,0,14,2,2,0,7,6,7,1,2,0,0,0,0,3,3,0,0,5,0,3,1
56407387,2,56407386,,44,6,38,*,*,*,*,*,*,*,*,*,*,*,*,*,*,*,*,*,*,*,*,*,*,*,*,*,*,*,*,*,*,3,1,*,*,*,*,*,*,*,*,*,*,*,*,*,*,*
56407394,1,,56407298,32,14,18,0,0,0,33,15,18,10,6,4,33,15,18,33,15,18,23,9,14,17,7,10,9,3,6,2,0,2,0,0,0,18,18,11,3,4,1,0,0,0,8,5,3,0,15,2,8,2
56407395,0,,,478,241,237,48,27,21,430,214,216,241,133,108,424,212,212,419,209,210,189,81,108,116,44,72,51,17,34,3,0,3,20,9,11,223,223,93,57,44,15,10,2,2,129,100,29,13,126,25,36,23
56407396,0,,,9,5,4,0,0,0,9,5,4,6,3,3,9,5,4,9,5,4,3,2,1,2,1,1,2,1,1,0,0,0,0,0,0,4,4,2,0,1,1,0,0,0,2,1,1,0,3,0,2,0
56407401,0,,,18,11,7,3,2,1,15,9,6,5,2,3,15,9,6,15,9,6,10,7,3,6,4,2,2,1,1,0,0,0,0,0,0,9,9,5,2,1,0,0,1,0,4,3,1,1,8,0,5,1
56407406,0,,,15,6,9,0,0,0,15,6,9,6,2,4,15,6,9,15,6,9,9,4,5,3,1,2,3,1,2,0,0,0,0,0,0,7,7,0,6,1,0,0,0,0,6,6,0,0,5,0,0,3
56407407,0,,,210,100,110,16,5,11,194,95,99,106,55,51,187,92,95,183,89,94,88,40,48,47,18,29,21,6,15,2,1,1,1,0,1,76,76,14,27,13,14,4,3,1,62,43,19,0,57,0,11,13
56407408,0,,,48,23,25,5,1,4,43,22,21,22,14,8,43,22,21,43,22,21,21,8,13,10,4,6,7,3,4,0,0,0,2,0,2,16,16,1,6,4,3,1,1,0,14,9,5,2,14,0,1,2
56407409,0,,,68,35,33,3,0,3,65,35,30,30,19,11,64,34,30,64,34,30,35,16,19,19,8,11,8,2,6,0,0,0,0,0,0,20,20,1,5,7,2,2,3,0,19,8,11,0,20,0,1,4
56407417,0,,,121,58,63,11,7,4,110,51,59,60,28,32,106,50,56,105,50,55,50,23,27,25,10,15,11,5,6,1,1,0,1,0,1,44,44,9,14,12,2,4,2,1,35,23,12,3,32,0,6,9
56407418,0,,,293,145,148,24,11,13,269,134,135,143,78,65,265,133,132,260,129,131,126,56,70,74,33,41,32,14,18,1,0,1,0,0,0,102,102,18,34,23,7,13,5,2,83,55,28,4,81,1,11,25
56407419,0,,,67,27,40,2,0,2,65,27,38,40,15,25,63,27,36,60,26,34,25,12,13,13,6,7,4,1,3,0,0,0,0,0,0,26,26,5,11,6,1,0,3,0,21,15,6,0,19,0,5,4
56407427,0,,,38,19,19,2,2,0,36,17,19,17,10,7,35,17,18,34,16,18,19,7,12,7,4,3,3,1,2,0,0,0,0,0,0,16,16,5,7,1,1,0,2,0,11,7,4,1,15,0,5,3
56407428,1,,56407429,235,116,119,19,13,6,223,107,116,117,62,55,216,102,114,214,101,113,106,45,61,49,17,32,17,4,13,6,1,5,4,3,1,87,87,21,26,19,14,3,2,4,68,44,24,4,67,5,13,9
56407429,2,56407428,,7,4,3,*,*,*,*,*,*,*,*,*,*,*,*,*,*,*,*,*,*,*,*,*,*,*,*,*,*,*,*,*,*,2,2,*,*,*,*,*,*,*,*,*,*,*,*,*,*,*
56407432,0,,,92,43,49,3,2,1,89,41,48,34,17,17,88,41,47,88,41,47,55,24,31,36,15,21,14,6,8,0,0,0,0,0,0,40,40,11,18,3,6,0,2,0,29,21,8,1,37,0,10,12
56407433,0,,,91,38,53,1,0,1,90,38,52,36,13,23,88,37,51,86,37,49,54,25,29,30,12,18,12,3,9,2,0,2,0,0,0,39,39,11,14,7,4,3,0,0,28,19,9,0,35,0,10,6
56407434,0,,,32,15,17,3,0,3,29,15,14,12,6,6,29,15,14,29,15,14,17,9,8,8,3,5,6,2,4,0,0,0,0,0,0,13,13,5,3,3,0,0,2,0,8,5,3,1,12,0,5,1
56407437,0,,,22,13,9,0,0,0,22,13,9,5,3,2,22,13,9,22,13,9,17,10,7,9,5,4,6,3,3,0,0,0,0,0,0,10,10,2,5,2,1,0,0,0,8,5,3,0,10,0,2,3
56407438,0,,,61,33,28,3,2,1,58,31,27,28,18,10,58,31,27,58,31,27,30,13,17,23,10,13,10,3,7,1,0,1,1,0,1,23,23,3,8,7,4,1,0,0,20,14,6,1,20,0,3,4
56407439,0,,,15,9,6,0,0,0,15,9,6,11,8,3,15,9,6,15,9,6,4,1,3,1,0,1,1,0,1,0,0,0,0,0,0,5,5,1,0,2,2,0,0,0,4,3,1,0,3,0,1,0
56407441,2,56407442,,4,1,3,*,*,*,*,*,*,*,*,*,*,*,*,*,*,*,*,*,*,*,*,*,*,*,*,*,*,*,*,*,*,3,3,*,*,*,*,*,*,*,*,*,*,*,*,*,*,*
56407442,1,,56407441,29,16,13,0,0,0,33,17,16,9,4,5,33,17,16,32,17,15,24,13,11,12,5,7,4,1,3,0,0,0,0,0,0,14,14,6,8,1,2,0,0,0,11,8,3,0,16,0,6,6
56407443,0,,,24,11,13,3,2,1,21,9,12,15,6,9,20,9,11,20,9,11,6,3,3,4,2,2,2,1,1,0,0,0,0,0,0,7,7,1,0,3,2,0,1,0,6,2,4,1,5,0,1,0
56407444,0,,,96,49,47,5,3,2,91,46,45,39,24,15,88,44,44,86,42,44,52,22,30,27,11,16,10,2,8,0,0,0,1,0,1,42,42,11,19,6,3,1,2,0,31,23,8,1,31,1,6,10
56407447,0,,,12,5,7,0,0,0,12,5,7,5,2,3,11,4,7,11,4,7,7,3,4,6,2,4,1,0,1,0,0,0,0,0,0,6,6,2,3,0,1,0,0,0,4,4,0,0,5,0,2,2
56407448,0,,,79,37,42,5,2,3,74,35,39,42,21,21,74,35,39,74,35,39,32,14,18,21,7,14,7,2,5,0,0,0,0,0,0,29,29,7,9,7,3,0,1,2,22,15,7,2,23,0,4,4
56407449,0,,,69,36,33,4,3,1,65,33,32,34,19,15,62,31,31,61,31,30,31,14,17,13,7,6,2,1,1,1,0,1,0,0,0,25,25,5,11,2,4,0,2,1,20,14,6,0,19,0,5,6
56407454,1,,56407455,69,38,31,2,0,2,73,42,31,36,22,14,73,42,31,73,42,31,37,20,17,14,8,6,5,4,1,1,1,0,0,0,0,27,27,6,11,4,3,1,3,0,21,14,7,1,22,1,4,9
56407455,2,56407454,,6,4,2,*,*,*,*,*,*,*,*,*,*,*,*,*,*,*,*,*,*,*,*,*,*,*,*,*,*,*,*,*,*,1,1,*,*,*,*,*,*,*,*,*,*,*,*,*,*,*
56407458,0,,,199,94,105,8,3,5,191,91,100,95,50,45,190,90,100,186,88,98,96,41,55,43,17,26,25,10,15,1,0,1,0,0,0,71,71,14,24,15,9,2,4,3,56,33,23,3,59,0,11,13
56407459,0,,,106,59,47,6,4,2,100,55,45,53,33,20,99,54,45,97,53,44,47,22,25,15,6,9,6,1,5,0,0,0,2,0,2,37,37,6,12,9,5,2,2,1,31,23,8,2,29,0,5,7
56407464,0,,,60,35,25,1,0,1,59,35,24,22,16,6,58,34,24,57,34,23,37,19,18,15,6,9,8,3,5,0,0,0,0,0,0,28,28,11,6,8,2,1,0,0,17,13,4,0,24,0,9,5
56407465,0,,,33,20,13,0,0,0,33,20,13,15,11,4,32,19,13,31,18,13,18,9,9,10,5,5,5,2,3,1,0,1,0,0,0,12,12,3,3,3,2,0,0,1,9,8,1,0,10,0,2,2
56407468,0,,,266,141,125,19,14,5,247,127,120,134,78,56,241,122,119,240,121,119,113,49,64,50,18,32,25,8,17,2,1,1,0,0,0,92,92,22,23,18,13,8,5,3,68,41,27,7,71,0,14,12
56407469,0,,,57,30,27,1,0,1,56,30,26,36,21,15,55,30,25,54,29,25,20,9,11,15,7,8,2,2,0,1,1,0,0,0,0,19,19,2,6,5,2,4,0,0,17,11,6,0,13,0,1,3
56407474,1,,56407484;56407485;56407493;56407494,63,33,30,1,1,0,78,39,39,32,17,15,77,38,39,76,37,39,46,22,24,25,11,14,10,3,7,0,0,0,0,0,0,27,27,11,16,7,3,0,1,0,26,17,9,1,31,0,7,6
56407475,0,,,20,9,11,0,0,0,20,9,11,9,5,4,20,9,11,20,9,11,11,4,7,7,1,6,5,0,5,1,0,1,1,0,1,10,10,3,5,1,1,0,0,0,7,6,1,0,9,0,3,1
56407478,0,,,260,136,124,20,15,5,240,121,119,128,71,57,235,118,117,231,115,116,112,50,62,47,19,28,22,7,15,1,0,1,2,1,1,95,95,17,32,22,13,7,3,1,77,54,23,4,73,0,8,15
56407479,0,,,189,98,91,21,12,9,168,86,82,119,62,57,158,80,78,155,78,77,49,24,25,20,8,12,8,2,6,1,0,1,0,0,0,67,67,9,19,21,12,5,1,0,58,45,13,7,33,0,5,7
56407484,2,56407474,,9,3,6,*,*,*,*,*,*,*,*,*,*,*,*,*,*,*,*,*,*,*,*,*,*,*,*,*,*,*,*,*,*,5,5,*,*,*,*,*,*,*,*,*,*,*,*,*,*,*
56407485,2,56407474,,1,1,0,*,*,*,*,*,*,*,*,*,*,*,*,*,*,*,*,*,*,*,*,*,*,*,*,*,*,*,*,*,*,1,1,*,*,*,*,*,*,*,*,*,*,*,*,*,*,*
56407487,2,56407488,,8,6,2,*,*,*,*,*,*,*,*,*,*,*,*,*,*,*,*,*,*,*,*,*,*,*,*,*,*,*,*,*,*,2,2,*,*,*,*,*,*,*,*,*,*,*,*,*,*,*
56407488,1,,56407487,342,156,186,36,14,22,313,147,166,183,93,90,308,144,164,303,141,162,130,54,76,60,21,39,20,4,16,4,0,4,0,0,0,122,119,26,34,27,17,8,7,2,95,66,29,8,83,0,16,18
56407489,0,,,917,458,459,127,69,58,779,384,395,540,273,267,746,364,382,729,353,376,239,111,128,103,43,60,33,16,17,4,1,3,2,1,1,359,353,110,85,73,45,20,14,6,241,194,47,29,159,10,37,30
56407493,2,56407474,,4,2,2,*,*,*,*,*,*,*,*,*,*,*,*,*,*,*,*,*,*,*,*,*,*,*,*,*,*,*,*,*,*,2,2,*,*,*,*,*,*,*,*,*,*,*,*,*,*,*
56407494,2,56407474,,5,2,3,*,*,*,*,*,*,*,*,*,*,*,*,*,*,*,*,*,*,*,*,*,*,*,*,*,*,*,*,*,*,3,3,*,*,*,*,*,*,*,*,*,*,*,*,*,*,*
56407498,0,,,277,139,138,34,16,18,242,123,119,146,82,64,238,122,116,236,121,115,96,41,55,32,12,20,11,4,7,0,0,0,1,0,1,99,99,18,28,24,19,7,1,2,78,60,18,11,62,1,13,12
56407499,0,,,2777,1340,1437,298,168,130,2452,1159,1293,1567,775,792,2379,1125,1254,2338,1103,1235,885,384,501,456,184,272,132,37,95,11,1,10,9,3,6,1159,1157,338,378,225,129,51,24,12,806,677,129,74,609,33,158,148
56407500,2,56407511,,4,2,2,*,*,*,*,*,*,*,*,*,*,*,*,*,*,*,*,*,*,*,*,*,*,*,*,*,*,*,*,*,*,2,2,*,*,*,*,*,*,*,*,*,*,*,*,*,*,*
56407501,0,,,42,22,20,1,1,0,41,21,20,26,15,11,41,21,20,41,21,20,15,6,9,10,3,7,4,1,3,1,1,0,0,0,0,18,18,5,4,7,2,0,0,0,13,9,4,1,12,0,3,1
56407502,0,,,53,26,27,8,5,3,45,21,24,22,9,13,44,21,23,44,21,23,23,12,11,14,8,6,2,2,0,1,1,0,0,0,0,18,18,0,10,2,4,1,1,0,18,15,3,2,13,0,0,6
56407503,0,,,15,7,8,0,0,0,15,7,8,8,4,4,15,7,8,15,7,8,7,3,4,4,1,3,2,1,1,0,0,0,0,0,0,7,7,3,2,0,2,0,0,0,4,3,1,0,5,0,2,2
56407504,0,,,35,17,18,3,1,2,32,16,16,14,8,6,32,16,16,32,16,16,18,8,10,9,3,6,5,2,3,0,0,0,0,0,0,11,11,1,3,1,5,1,0,0,10,5,5,1,10,0,1,3
56407505,2,56407515,,9,5,4,*,*,*,*,*,*,*,*,*,*,*,*,*,*,*,*,*,*,*,*,*,*,*,*,*,*,*,*,*,*,3,3,*,*,*,*,*,*,*,*,*,*,*,*,*,*,*
56407508,2,56407518,,2,1,1,*,*,*,*,*,*,*,*,*,*,*,*,*,*,*,*,*,*,*,*,*,*,*,*,*,*,*,*,*,*,1,1,*,*,*,*,*,*,*,*,*,*,*,*,*,*,*
56407510,2,56407511,,3,1,2,*,*,*,*,*,*,*,*,*,*,*,*,*,*,*,*,*,*,*,*,*,*,*,*,*,*,*,*,*,*,1,1,*,*,*,*,*,*,*,*,*,*,*,*,*,*,*
56407511,1,,56407500;56407510,48,26,22,4,2,2,51,27,24,28,14,14,48,24,24,48,24,24,23,13,10,13,7,6,4,3,1,0,0,0,1,0,1,17,17,4,8,4,2,0,0,2,16,10,6,1,14,0,1,5
56407512,0,,,25,15,10,2,2,0,23,13,10,11,6,5,22,13,9,22,13,9,12,7,5,6,3,3,1,0,1,1,0,1,0,0,0,11,11,5,3,1,1,0,0,1,6,3,3,0,7,0,3,1
56407513,0,,,93,49,44,7,4,3,86,45,41,47,27,20,85,44,41,84,44,40,39,18,21,19,7,12,6,1,5,1,0,1,0,0,0,30,30,5,8,6,6,1,3,1,25,15,10,3,23,0,3,6
56407514,0,,,52,25,27,2,1,1,50,24,26,26,14,12,50,24,26,50,24,26,24,10,14,15,5,10,6,2,4,0,0,0,1,0,1,23,23,7,7,5,4,0,0,0,16,12,4,1,16,1,3,5
56407515,1,,56407505,45,23,22,4,0,4,50,28,22,29,18,11,50,28,22,48,26,22,21,10,11,8,3,5,4,1,3,0,0,0,0,0,0,14,14,4,3,4,1,2,3,0,13,6,7,2,12,0,2,0
56407517,2,56407526,,7,2,5,*,*,*,*,*,*,*,*,*,*,*,*,*,*,*,*,*,*,*,*,*,*,*,*,*,*,*,*,*,*,1,1,*,*,*,*,*,*,*,*,*,*,*,*,*,*,*
56407518,1,,56407508;56407519;56407528,26,16,10,3,1,2,42,24,18,15,11,4,42,24,18,42,24,18,27,13,14,17,8,9,9,6,3,0,0,0,0,0,0,11,11,2,8,2,3,0,0,1,14,10,4,1,16,0,2,4
56407519,2,56407518,,3,2,1,*,*,*,*,*,*,*,*,*,*,*,*,*,*,*,*,*,*,*,*,*,*,*,*,*,*,*,*,*,*,1,1,*,*,*,*,*,*,*,*,*,*,*,*,*,*,*
56407520,2,56407521,,9,6,3,*,*,*,*,*,*,*,*,*,*,*,*,*,*,*,*,*,*,*,*,*,*,*,*,*,*,*,*,*,*,4,4,*,*,*,*,*,*,*,*,*,*,*,*,*,*,*
56407521,1,,56407520,36,19,17,3,3,0,42,22,20,20,9,11,42,22,20,42,22,20,22,13,9,8,3,5,4,2,2,0,0,0,0,0,0,13,13,2,6,7,1,0,1,0,15,9,6,1,16,0,2,5
56407522,0,,,41,23,18,0,0,0,41,23,18,17,11,6,41,23,18,41,23,18,24,12,12,13,8,5,6,2,4,2,1,1,0,0,0,17,17,3,7,4,3,0,0,0,14,11,3,0,12,0,1,3
56407523,0,,,140,73,67,16,10,6,123,62,61,64,36,28,120,61,59,117,59,58,59,26,33,32,13,19,14,5,9,3,1,2,1,0,1,51,51,17,12,6,7,3,4,2,34,21,13,5,38,0,11,7
56407524,0,,,145,75,70,19,14,5,126,61,65,76,37,39,122,59,63,120,58,62,50,24,26,27,11,16,10,3,7,0,0,0,1,0,1,48,48,11,12,6,9,6,3,1,37,23,14,3,32,0,7,6
56407525,0,,,17,9,8,1,1,0,16,8,8,9,5,4,15,7,8,14,7,7,7,3,4,3,1,2,1,0,1,0,0,0,1,0,1,4,4,0,0,1,1,2,0,0,4,2,2,0,4,0,0,0
56407526,1,,56407517,18,9,9,3,0,3,22,11,11,13,7,6,22,11,11,21,10,11,9,4,5,5,1,4,3,0,3,2,0,2,0,0,0,5,5,0,0,2,3,0,0,1,6,4,2,1,6,0,0,0
56407527,1,,56407538,8,4,4,0,0,0,10,4,6,4,2,2,10,4,6,10,4,6,6,2,4,4,1,3,2,0,2,0,0,0,0,0,0,5,5,2,4,0,0,0,0,0,4,4,0,0,5,0,2,0
56407528,2,56407518,,14,6,8,*,*,*,*,*,*,*,*,*,*,*,*,*,*,*,*,*,*,*,*,*,*,*,*,*,*,*,*,*,*,3,3,*,*,*,*,*,*,*,*,*,*,*,*,*,*,*
56407529,0,,,17,8,9,1,0,1,16,8,8,10,6,4,16,8,8,16,8,8,6,2,4,4,1,3,1,0,1,0,0,0,0,0,0,6,6,1,1,3,0,1,0,0,5,3,2,0,5,0,1,0
56407530,2,56407531,,8,4,4,*,*,*,*,*,*,*,*,*,*,*,*,*,*,*,*,*,*,*,*,*,*,*,*,*,*,*,*,*,*,3,3,*,*,*,*,*,*,*,*,*,*,*,*,*,*,*
56407531,1,,56407530,12,5,7,2,0,2,18,9,9,9,3,6,18,9,9,18,9,9,9,6,3,2,1,1,2,1,1,0,0,0,0,0,0,5,5,0,5,2,1,0,0,0,8,8,0,0,6,0,0,4
56407532,0,,,38,18,20,3,1,2,35,17,18,20,9,11,35,17,18,35,17,18,15,8,7,6,2,4,4,1,3,0,0,0,0,0,0,13,13,2,4,4,0,2,1,0,11,6,5,1,10,0,2,1
56407533,0,,,21,13,8,0,0,0,21,13,8,9,6,3,20,13,7,20,13,7,12,7,5,7,4,3,3,2,1,1,1,0,0,0,0,8,8,2,2,2,1,1,0,0,6,3,3,0,7,0,1,2
56407534,0,,,38,20,18,0,0,0,38,20,18,17,9,8,36,20,16,36,20,16,21,11,10,10,4,6,7,2,5,1,0,1,1,0,1,18,18,6,6,4,2,0,0,0,12,8,4,0,13,1,3,3
56407535,0,,,10,5,5,0,0,0,10,5,5,4,2,2,10,5,5,10,5,5,6,3,3,2,2,0,1,1,0,0,0,0,0,0,0,5,5,3,0,1,1,0,0,0,2,1,1,0,5,0,3,0
56407536,0,,,15,10,5,0,0,0,15,10,5,7,4,3,15,10,5,15,10,5,8,6,2,4,3,1,3,2,1,0,0,0,0,0,0,9,9,5,2,2,0,0,0,0,4,3,1,0,6,0,3,1
56407537,0,,,10,6,4,0,0,0,10,6,4,3,3,0,10,6,4,10,6,4,7,3,4,3,1,2,2,1,1,0,0,0,0,0,0,4,4,0,3,0,1,0,0,0,4,3,1,0,4,0,0,1
56407538,2,56407527,,2,0,2,*,*,*,*,*,*,*,*,*,*,*,*,*,*,*,*,*,*,*,*,*,*,*,*,*,*,*,*,*,*,1,1,*,*,*,*,*,*,*,*,*,*,*,*,*,*,*
56407540,2,56407550,,10,5,5,*,*,*,*,*,*,*,*,*,*,*,*,*,*,*,*,*,*,*,*,*,*,*,*,*,*,*,*,*,*,3,3,*,*,*,*,*,*,*,*,*,*,*,*,*,*,*
56407541,0,,,26,10,16,3,0,3,23,10,13,9,6,3,20,7,13,20,7,13,14,4,10,7,1,6,5,1,4,0,0,0,0,0,0,8,8,2,3,0,1,1,0,1,6,3,3,1,8,0,2,2
56407542,0,,,73,34,39,2,0,2,71,34,37,26,14,12,71,34,37,71,34,37,45,20,25,23,9,14,10,3,7,1,0,1,0,0,0,26,26,4,10,4,5,1,2,0,22,12,10,2,24,0,4,8
56407543,0,,,27,12,15,3,2,1,24,10,14,17,7,10,24,10,14,23,10,13,7,3,4,4,1,3,3,1,2,1,0,1,1,0,1,8,8,0,1,4,2,1,0,0,8,4,4,1,5,0,0,0
56407544,0,,,23,13,10,0,0,0,23,13,10,9,4,5,21,12,9,20,11,9,14,9,5,7,5,2,2,2,0,1,1,0,0,0,0,10,10,4,2,2,1,1,0,0,6,4,2,0,9,0,4,2
56407545,0,,,41,21,20,4,3,1,37,18,19,20,11,9,36,17,19,36,17,19,17,7,10,11,3,8,8,2,6,1,0,1,0,0,0,15,15,4,4,2,3,1,1,0,11,8,3,2,11,1,2,2
56407546,1,,56407556,36,20,16,0,0,0,39,23,16,15,10,5,39,23,16,39,23,16,24,13,11,8,3,5,6,3,3,0,0,0,0,0,0,17,17,7,6,5,0,1,0,0,12,10,2,0,16,0,5,3
56407547,0,,,36,16,20,5,3,2,31,13,18,17,6,11,30,13,17,29,13,16,14,7,7,5,3,2,3,2,1,1,0,1,0,0,0,10,10,2,3,2,0,1,0,2,8,4,4,1,9,0,1,1
56407548,0,,,17,9,8,0,0,0,17,9,8,7,3,4,17,9,8,17,9,8,10,6,4,5,3,2,3,1,2,0,0,0,0,0,0,8,8,3,2,2,1,0,0,0,5,5,0,0,6,0,2,1
56407549,0,,,51,21,30,6,1,5,45,20,25,26,12,14,40,19,21,39,19,20,19,8,11,10,3,7,3,0,3,1,0,1,1,0,1,14,14,1,4,3,2,2,0,2,13,8,5,0,12,0,1,2
56407550,1,,56407540,7,4,3,1,0,1,16,9,7,8,5,3,16,9,7,14,7,7,8,4,4,3,1,2,0,0,0,0,0,0,0,0,0,2,2,1,1,1,0,1,1,0,4,1,3,0,5,0,1,1
56407551,2,56407552,,7,4,3,*,*,*,*,*,*,*,*,*,*,*,*,*,*,*,*,*,*,*,*,*,*,*,*,*,*,*,*,*,*,2,2,*,*,*,*,*,*,*,*,*,*,*,*,*,*,*
56407552,1,,56407551,73,35,38,6,3,3,74,36,38,31,17,14,73,36,37,72,36,36,43,19,24,21,8,13,6,2,4,0,0,0,0,0,0,30,30,4,16,6,4,2,0,0,28,22,6,1,27,0,3,13
56407553,1,,56407554,52,29,23,4,3,1,53,29,24,24,14,10,51,28,23,51,28,23,29,15,14,8,5,3,0,0,0,0,0,0,0,0,0,18,18,4,7,3,2,2,2,0,16,10,6,0,18,0,3,6
56407554,2,56407553,,5,3,2,*,*,*,*,*,*,*,*,*,*,*,*,*,*,*,*,*,*,*,*,*,*,*,*,*,*,*,*,*,*,2,2,*,*,*,*,*,*,*,*,*,*,*,*,*,*,*
56407555,0,,,35,18,17,1,1,0,34,17,17,18,10,8,33,16,17,32,16,16,16,7,9,5,0,5,5,0,5,0,0,0,1,0,1,15,15,6,5,0,2,1,1,0,9,6,3,0,11,0,4,2
56407556,2,56407546,,3,3,0,*,*,*,*,*,*,*,*,*,*,*,*,*,*,*,*,*,*,*,*,*,*,*,*,*,*,*,*,*,*,2,2,*,*,*,*,*,*,*,*,*,*,*,*,*,*,*
56407557,0,,,44,25,19,1,0,1,43,25,18,20,13,7,42,25,17,41,24,17,23,12,11,9,4,5,2,1,1,0,0,0,0,0,0,16,16,1,7,4,3,1,0,0,15,11,4,1,15,0,1,4
56407558,2,56407569,,7,3,4,*,*,*,*,*,*,*,*,*,*,*,*,*,*,*,*,*,*,*,*,*,*,*,*,*,*,*,*,*,*,2,2,*,*,*,*,*,*,*,*,*,*,*,*,*,*,*
56407559,0,,,120,60,60,7,3,4,113,57,56,59,32,27,112,56,56,110,55,55,54,25,29,31,12,19,18,6,12,2,0,2,0,0,0,42,42,8,16,4,7,4,1,2,34,20,14,1,32,0,4,7
56407560,0,,,25,14,11,5,3,2,20,11,9,10,7,3,20,11,9,20,11,9,10,4,6,4,1,3,1,0,1,0,0,0,0,0,0,6,6,0,1,1,2,1,0,1,6,3,3,1,5,0,0,1
56407562,0,,,75,41,34,5,3,2,70,38,32,38,20,18,66,36,30,64,34,30,32,18,14,16,6,10,2,1,1,0,0,0,0,0,0,28,28,7,10,4,2,3,1,1,21,13,8,0,24,0,6,5
56407563,0,,,40,22,18,3,2,1,37,20,17,27,14,13,36,20,16,35,19,16,10,6,4,2,2,0,0,0,0,0,0,0,1,0,1,13,13,2,3,3,4,0,0,1,11,8,3,1,7,0,1,1
56407564,0,,,54,30,24,3,2,1,51,28,23,28,14,14,51,28,23,50,27,23,23,14,9,9,5,4,5,2,3,0,0,0,0,0,0,17,17,4,4,3,1,2,2,1,13,5,8,1,16,0,4,2
56407565,0,,,47,22,25,4,1,3,43,21,22,27,14,13,42,20,22,41,19,22,16,7,9,7,2,5,3,1,2,0,0,0,0,0,0,14,14,2,2,4,2,3,1,0,12,4,8,0,11,0,2,1
56407566,0,,,13,8,5,0,0,0,13,8,5,8,5,3,13,8,5,13,8,5,5,3,2,2,2,0,1,1,0,0,0,0,0,0,0,4,4,0,1,1,2,0,0,0,4,3,1,0,3,0,0,0
56407567,0,,,18,10,8,2,2,0,16,8,8,9,5,4,15,7,8,15,7,8,7,3,4,1,0,1,0,0,0,0,0,0,0,0,0,5,5,0,1,2,1,0,1,0,5,2,3,1,4,0,0,1
56407569,1,,56407558,67,31,36,7,3,4,67,31,36,32,13,19,66,31,35,62,29,33,35,18,17,12,7,5,7,3,4,1,1,0,1,0,1,20,20,2,5,8,2,2,1,2,20,12,8,1,19,0,2,3
56407570,0,,,111,58,53,6,5,1,105,53,52,62,34,28,101,52,49,99,52,47,43,19,24,24,10,14,6,1,5,1,0,1,3,2,1,39,39,7,13,6,7,4,2,0,32,19,13,0,27,0,4,6
56407571,0,,,323,168,155,13,11,2,310,157,153,166,89,77,303,152,151,299,148,151,144,68,76,66,30,36,30,9,21,2,1,1,1,0,1,120,120,21,48,22,16,6,4,3,97,65,32,4,92,0,16,19
56407572,0,,,234,87,147,7,4,3,227,83,144,60,32,28,226,83,143,224,82,142,167,51,116,134,31,103,79,12,67,9,3,6,0,0,0,20,19,3,7,4,2,1,2,0,16,13,3,2,11,0,2,3
56407573,0,,,33,20,13,1,1,0,32,19,13,16,9,7,30,17,13,30,17,13,16,10,6,5,2,3,3,0,3,0,0,0,0,0,0,12,12,3,3,3,2,0,0,1,9,4,5,0,12,0,3,1
56407574,0,,,25,14,11,2,0,2,23,14,9,11,7,4,23,14,9,21,12,9,12,7,5,3,1,2,1,0,1,0,0,0,0,0,0,10,10,3,3,1,2,1,0,0,7,5,2,1,7,0,2,3
56407575,0,,,35,17,18,1,0,1,34,17,17,23,11,12,33,16,17,30,14,16,11,6,5,2,0,2,1,0,1,0,0,0,1,0,1,11,11,3,1,3,2,0,1,1,8,5,3,0,8,0,2,0
56407576,1,,56407585,11,7,4,0,0,0,17,11,6,6,4,2,17,11,6,17,11,6,11,7,4,3,2,1,1,1,0,0,0,0,0,0,0,6,6,4,3,1,1,0,0,0,5,4,1,0,7,0,3,2
56407577,0,,,52,27,25,2,1,1,50,26,24,29,17,12,49,25,24,48,25,23,21,9,12,11,4,7,4,0,4,1,0,1,0,0,0,16,16,2,5,3,2,2,1,1,14,8,6,1,13,0,2,1
56407578,0,,,72,38,34,3,1,2,69,37,32,42,23,19,68,37,31,67,37,30,27,14,13,15,6,9,5,1,4,0,0,0,1,0,1,23,23,3,7,3,6,3,0,1,20,11,9,0,19,0,3,4
56407579,0,,,98,49,49,8,6,2,90,43,47,44,23,21,90,43,47,90,43,47,46,20,26,26,10,16,10,3,7,0,0,0,0,0,0,33,33,5,11,6,7,1,2,1,28,14,14,3,30,0,4,7
56407580,0,,,808,417,391,131,62,69,659,348,311,511,278,233,635,330,305,622,320,302,148,70,78,58,26,32,11,4,7,0,0,0,2,0,2,343,343,120,88,61,48,20,5,1,219,198,21,43,102,11,29,28
56407581,0,,,281,137,144,19,10,9,262,127,135,146,72,74,257,125,132,249,122,127,116,55,61,56,25,31,19,8,11,2,2,0,1,0,1,99,99,19,28,26,12,6,7,1,80,55,25,4,74,0,13,21
56407582,0,,,277,129,148,24,12,12,253,117,136,147,70,77,241,111,130,235,108,127,106,47,59,48,21,27,11,4,7,0,0,0,0,0,0,93,93,14,33,19,13,5,3,6,78,53,25,2,66,0,10,19
56407583,0,,,71,30,41,5,1,4,66,29,37,31,13,18,64,28,36,64,28,36,35,16,19,23,9,14,6,2,4,1,1,0,0,0,0,23,23,5,7,4,1,3,2,1,18,7,11,2,21,0,4,3
56407584,2,56407586,,1,1,0,*,*,*,*,*,*,*,*,*,*,*,*,*,*,*,*,*,*,*,*,*,*,*,*,*,*,*,*,*,*,1,1,*,*,*,*,*,*,*,*,*,*,*,*,*,*,*
56407585,2,56407576,,6,4,2,*,*,*,*,*,*,*,*,*,*,*,*,*,*,*,*,*,*,*,*,*,*,*,*,*,*,*,*,*,*,3,3,*,*,*,*,*,*,*,*,*,*,*,*,*,*,*
56407586,1,,56407584,40,19,21,0,0,0,41,20,21,22,12,10,41,20,21,40,19,21,19,8,11,10,2,8,9,2,7,0,0,0,0,0,0,13,13,3,3,4,1,2,1,0,10,2,8,0,12,0,3,0
56407587,0,,,32,19,13,0,0,0,32,19,13,15,10,5,31,19,12,30,18,12,17,9,8,6,4,2,1,1,0,0,0,0,0,0,0,12,12,2,4,3,2,1,0,0,10,9,1,0,10,0,1,4
56407588,0,,,39,19,20,1,1,0,38,18,20,23,10,13,38,18,20,38,18,20,15,8,7,9,3,6,5,1,4,0,0,0,0,0,0,13,13,3,1,6,1,1,0,1,10,5,5,0,10,0,2,1
56407589,0,,,98,48,50,5,2,3,93,46,47,39,22,17,91,45,46,91,45,46,54,24,30,21,8,13,10,2,8,1,0,1,0,0,0,34,34,5,12,7,5,3,1,1,29,15,14,0,31,0,3,8
56407590,0,,,3286,1639,1647,514,276,238,2716,1337,1379,2025,1036,989,2596,1276,1320,2536,1245,1291,691,301,390,327,133,194,132,47,85,21,8,13,25,11,14,1364,1359,512,313,227,189,82,24,12,835,726,109,133,429,80,105,102
56407591,0,,,1205,599,606,191,99,92,1009,498,511,747,378,369,959,471,488,930,457,473,262,120,142,128,51,77,35,8,27,4,0,4,2,0,2,434,433,97,118,86,83,30,11,8,332,275,57,39,179,14,31,46
56407592,0,,,31,13,18,5,1,4,26,12,14,14,7,7,25,11,14,25,11,14,12,5,7,5,2,3,2,1,1,1,0,1,0,0,0,11,11,2,2,5,1,0,1,0,9,6,3,0,8,0,2,1
56407593,0,,,63,31,32,6,2,4,57,29,28,31,16,15,57,29,28,57,29,28,26,13,13,11,3,8,6,3,3,0,0,0,1,0,1,19,19,2,5,5,2,3,1,1,17,11,6,3,18,0,2,2
56407594,0,,,35,17,18,2,1,1,33,16,17,13,7,6,33,16,17,33,16,17,20,9,11,5,1,4,2,0,2,0,0,0,0,0,0,14,14,2,7,2,2,1,0,0,12,9,3,1,12,0,1,5
56407595,0,,,40,20,20,1,1,0,39,19,20,22,12,10,38,18,20,37,17,20,17,7,10,11,4,7,2,0,2,0,0,0,0,0,0,11,11,0,3,3,3,0,1,1,11,5,6,0,10,0,0,3
56407596,0,,,32,18,14,2,1,1,30,17,13,16,10,6,28,16,12,28,16,12,14,7,7,8,4,4,3,1,2,0,0,0,0,0,0,12,12,1,6,2,2,1,0,0,11,9,2,0,9,0,1,3
56407597,0,,,14,8,6,0,0,0,14,8,6,8,6,2,14,8,6,14,8,6,6,2,4,5,2,3,2,1,1,0,0,0,0,0,0,6,6,3,1,0,1,1,0,0,3,1,2,0,5,0,2,0
56407598,0,,,107,49,58,3,1,2,104,48,56,48,24,24,103,48,55,102,48,54,56,24,32,32,11,21,16,4,12,3,1,2,0,0,0,37,37,7,9,10,6,3,1,1,30,16,14,0,35,0,7,5
56407599,0,,,187,93,94,15,6,9,172,87,85,93,43,50,170,85,85,168,84,84,79,44,35,37,20,17,16,7,9,2,1,1,1,0,1,64,64,11,20,11,14,4,3,1,53,32,21,5,51,0,10,12
56407600,0,,,112,61,51,13,10,3,99,51,48,59,32,27,98,50,48,98,50,48,40,19,21,29,14,15,13,6,7,2,0,2,0,0,0,40,40,10,15,3,5,1,4,2,30,18,12,5,29,0,8,4
56407601,0,,,599,301,298,76,43,33,523,258,265,294,154,140,505,245,260,501,242,259,229,104,125,117,50,67,38,12,26,4,1,3,1,0,1,205,205,34,65,44,30,18,11,3,171,126,45,17,150,1,23,38
56407602,0,,,305,145,160,24,11,13,281,134,147,125,70,55,278,133,145,275,133,142,156,64,92,90,34,56,40,11,29,8,2,6,2,0,2,104,103,26,30,22,10,8,4,3,77,56,21,4,80,0,20,20
56407603,0,,,83,40,43,8,5,3,75,35,40,37,18,19,73,33,40,72,33,39,38,17,21,12,3,9,5,1,4,2,1,1,0,0,0,28,28,5,6,9,4,1,3,0,23,13,10,3,21,0,4,5
56407604,0,,,48,25,23,5,4,1,43,21,22,20,11,9,43,21,22,43,21,22,23,10,13,11,4,7,4,1,3,1,1,0,0,0,0,14,14,1,5,2,1,4,0,1,13,9,4,0,13,0,1,4
56407605,0,,,137,71,66,9,5,4,128,66,62,71,36,35,124,64,60,124,64,60,57,30,27,28,13,15,11,6,5,1,1,0,0,0,0,49,49,9,18,6,11,2,2,1,40,29,11,2,36,0,7,12
56407606,1,,56407607,181,90,91,20,7,13,172,89,83,88,48,40,168,86,82,166,84,82,84,41,43,34,14,20,15,4,11,1,0,1,0,0,0,60,60,12,16,16,4,5,5,4,50,30,20,5,53,0,8,13
56407607,2,56407606,,11,6,5,*,*,*,*,*,*,*,*,*,*,*,*,*,*,*,*,*,*,*,*,*,*,*,*,*,*,*,*,*,*,2,2,*,*,*,*,*,*,*,*,*,*,*,*,*,*,*
56407609,0,,,63,34,29,3,1,2,60,33,27,28,18,10,59,32,27,57,30,27,32,15,17,10,3,7,4,0,4,1,0,1,2,0,2,24,24,4,8,7,3,2,0,0,20,13,7,0,20,0,3,4
56407610,0,,,225,114,111,33,20,13,192,94,98,127,63,64,184,89,95,180,89,91,65,31,34,38,17,21,9,4,5,1,0,1,8,3,5,80,80,20,21,16,9,8,4,2,59,45,14,8,40,1,13,5
56407611,0,,,621,301,320,79,41,38,538,258,280,332,173,159,517,249,268,504,240,264,206,85,121,112,41,71,54,13,41,8,0,8,16,16,0,232,230,60,70,37,37,15,8,3,170,132,38,19,117,18,19,31
56407612,0,,,322,159,163,38,15,23,284,144,140,169,91,78,275,138,137,266,134,132,115,53,62,57,24,33,21,11,10,3,1,2,0,0,0,99,99,13,25,20,24,7,6,4,86,54,32,10,69,0,8,15
56407613,0,,,25,10,15,2,1,1,23,9,14,11,4,7,23,9,14,23,9,14,12,5,7,7,3,4,3,1,2,1,1,0,1,0,1,7,7,2,1,1,1,0,1,1,5,2,3,0,5,1,0,1
56407614,0,,,139,72,67,8,2,6,131,70,61,66,37,29,129,70,59,127,69,58,65,33,32,28,13,15,13,4,9,0,0,0,1,0,1,47,47,8,13,9,11,3,2,1,39,27,12,2,39,0,5,7
56407615,0,,,52,24,28,3,2,1,49,22,27,22,11,11,48,21,27,48,21,27,27,11,16,17,6,11,6,2,4,0,0,0,0,0,0,20,20,4,8,4,2,1,0,1,16,10,6,0,19,0,4,2
56407616,0,,,54,34,20,0,0,0,54,34,20,32,20,12,52,32,20,52,32,20,22,14,8,12,6,6,11,5,6,1,0,1,0,0,0,19,19,6,2,5,3,2,0,1,13,3,10,0,15,0,3,0
56407617,0,,,13,8,5,0,0,0,13,8,5,3,2,1,13,8,5,13,8,5,10,6,4,4,2,2,4,2,2,0,0,0,0,0,0,5,5,1,2,1,0,1,0,0,4,3,1,0,5,0,1,2
56407619,0,,,53,32,21,2,1,1,51,31,20,24,17,7,51,31,20,50,30,20,27,14,13,16,8,8,6,3,3,1,1,0,0,0,0,18,18,1,7,7,1,0,1,1,17,13,4,1,15,0,1,4
56407620,0,,,185,59,126,3,3,0,182,56,126,33,20,13,179,54,125,179,54,125,149,36,113,131,25,106,94,14,80,24,2,22,0,0,0,20,18,4,3,4,2,4,0,1,14,8,6,0,12,0,2,2
56407621,0,,,206,107,99,22,9,13,184,98,86,120,63,57,180,95,85,176,92,84,64,35,29,29,16,13,9,5,4,1,0,1,1,0,1,70,70,9,28,11,12,5,2,3,61,48,13,4,44,1,6,13
56407622,0,,,281,149,132,19,13,6,262,136,126,122,69,53,256,133,123,251,129,122,140,67,73,63,28,35,30,12,18,0,0,0,2,0,2,105,105,30,30,20,12,5,5,3,75,48,27,4,88,0,21,15
56407623,0,,,100,50,50,3,3,0,97,47,50,47,24,23,97,47,50,97,47,50,50,23,27,28,10,18,9,1,8,4,1,3,1,0,1,35,35,4,13,9,6,0,2,1,31,23,8,1,28,0,3,7
56407624,0,,,123,71,52,13,8,5,110,63,47,61,36,25,110,63,47,110,63,47,49,27,22,26,13,13,9,5,4,0,0,0,0,0,0,42,42,9,9,11,5,6,1,1,32,21,11,4,30,1,5,4
56407625,0,,,292,153,139,17,4,13,275,149,126,190,108,82,266,145,121,264,145,119,85,41,44,32,12,20,12,4,8,1,0,1,1,0,1,61,60,7,18,12,9,7,3,4,52,29,23,3,41,0,4,5
56407626,0,,,241,119,122,14,8,6,227,111,116,140,76,64,219,107,112,215,104,111,87,35,52,41,15,26,12,3,9,0,0,0,2,0,2,90,90,18,30,22,9,6,4,1,72,52,20,3,57,0,10,17
56407627,0,,,12,6,6,0,0,0,12,6,6,8,4,4,12,6,6,11,5,6,4,2,2,4,2,2,3,2,1,0,0,0,0,0,0,5,5,1,2,1,1,0,0,0,4,2,2,0,3,0,1,0
56407629,0,,,110,58,52,11,2,9,99,56,43,53,33,20,96,54,42,95,53,42,46,23,23,22,13,9,5,2,3,0,0,0,0,0,0,34,34,7,9,5,5,3,0,5,27,15,12,2,31,0,6,5
56407630,0,,,60,26,34,1,1,0,59,25,34,33,15,18,59,25,34,57,25,32,26,10,16,13,4,9,3,1,2,0,0,0,0,0,0,22,22,5,6,5,3,2,1,0,17,11,6,0,17,0,3,3
56407631,0,,,158,80,78,22,11,11,136,69,67,76,40,36,132,67,65,130,66,64,60,29,31,29,11,18,9,4,5,1,0,1,1,0,1,56,56,12,17,9,9,5,4,0,44,30,14,7,36,1,8,10
56407632,0,,,95,46,49,8,4,4,87,42,45,55,28,27,84,40,44,84,40,44,32,14,18,12,4,8,6,2,4,0,0,0,1,0,1,31,31,4,8,8,8,0,2,1,27,16,11,3,23,0,4,3
56407633,0,,,164,88,76,18,11,7,146,77,69,85,48,37,141,73,68,139,72,67,61,29,32,27,7,20,15,5,10,1,0,1,0,0,0,57,57,11,19,11,10,0,2,4,46,34,12,7,41,0,9,8
56407634,0,,,208,101,107,30,12,18,178,89,89,100,54,46,170,83,87,165,81,84,78,35,43,34,15,19,11,4,7,1,0,1,0,0,0,67,67,11,16,18,7,9,4,2,56,37,19,6,48,1,8,10
56407635,0,,,214,108,106,15,8,7,199,100,99,95,52,43,193,99,94,190,99,91,104,48,56,66,26,40,20,6,14,2,0,2,7,4,3,85,85,24,29,16,6,3,5,2,61,44,17,4,67,3,16,17
56407636,1,,56407637,137,71,66,6,4,2,138,70,68,76,38,38,137,70,67,133,68,65,62,32,30,28,15,13,11,5,6,3,2,1,0,0,0,46,46,8,18,8,7,5,2,1,41,29,12,3,40,0,6,8
56407637,2,56407636,,7,3,4,*,*,*,*,*,*,*,*,*,*,*,*,*,*,*,*,*,*,*,*,*,*,*,*,*,*,*,*,*,*,3,3,*,*,*,*,*,*,*,*,*,*,*,*,*,*,*
56407638,2,56407649,,4,3,1,*,*,*,*,*,*,*,*,*,*,*,*,*,*,*,*,*,*,*,*,*,*,*,*,*,*,*,*,*,*,1,1,*,*,*,*,*,*,*,*,*,*,*,*,*,*,*
56407639,0,,,252,130,122,10,5,5,242,125,117,115,68,47,234,120,114,233,120,113,127,57,70,71,33,38,15,5,10,3,0,3,0,0,0,105,105,24,42,22,11,3,2,1,81,67,14,2,80,0,18,25
56407640,0,,,139,67,72,11,3,8,128,64,64,62,32,30,123,60,63,123,60,63,66,32,34,21,8,13,13,4,9,1,1,0,0,0,0,46,46,10,14,8,6,4,1,3,36,25,11,1,40,0,10,7
56407641,0,,,63,34,29,9,7,2,54,27,27,31,16,15,54,27,27,53,27,26,23,11,12,11,6,5,3,2,1,0,0,0,0,0,0,21,21,2,7,7,1,3,0,1,19,13,6,2,14,0,1,4
56407642,0,,,221,113,108,13,7,6,208,106,102,126,66,60,197,97,100,196,97,99,82,40,42,31,16,15,5,1,4,0,0,0,2,0,2,83,83,18,29,16,9,8,0,3,65,50,15,3,57,2,10,13
56407643,0,,,76,34,42,7,2,5,69,32,37,46,22,24,66,30,36,63,29,34,23,10,13,15,5,10,5,2,3,1,0,1,0,0,0,25,25,3,9,7,1,2,1,2,21,17,4,0,15,0,0,2
56407644,0,,,86,46,40,5,2,3,81,44,37,45,25,20,79,43,36,79,43,36,36,19,17,17,9,8,10,5,5,1,0,1,0,0,0,25,25,2,6,6,5,3,2,1,23,10,13,0,20,0,0,3
56407645,0,,,44,22,22,6,2,4,38,20,18,26,14,12,37,19,18,37,19,18,12,6,6,7,3,4,1,0,1,0,0,0,0,0,0,16,16,5,4,1,4,1,0,1,11,7,4,1,8,0,2,1
56407646,0,,,346,167,179,24,14,10,322,153,169,201,105,96,308,147,161,301,144,157,121,48,73,60,21,39,28,9,19,2,1,1,1,1,0,125,125,29,39,18,22,8,7,2,95,71,24,2,84,1,20,16
56407647,0,,,12,7,5,0,0,0,12,7,5,5,3,2,11,6,5,11,6,5,7,4,3,4,2,2,3,1,2,0,0,0,0,0,0,4,4,1,1,0,1,1,0,0,3,1,2,0,4,0,1,0
56407649,1,,56407638,139,73,66,14,9,5,129,67,62,67,37,30,127,67,60,126,66,60,62,30,32,33,14,19,9,6,3,2,1,1,0,0,0,53,53,13,15,14,5,5,1,1,41,31,10,3,39,0,9,6
56407650,0,,,60,34,26,6,4,2,54,30,24,32,19,13,52,28,24,52,28,24,22,11,11,7,3,4,3,0,3,0,0,0,0,0,0,22,22,4,8,5,2,1,2,0,17,13,4,2,16,0,3,4
56407651,0,,,104,54,50,7,5,2,97,49,48,57,30,27,94,48,46,94,48,46,40,19,21,18,8,10,7,3,4,1,0,1,0,0,0,38,38,7,14,7,7,1,1,1,30,19,11,2,27,0,3,3
56407652,0,,,783,400,383,97,55,42,686,345,341,419,221,198,663,330,333,647,323,324,267,124,143,124,58,66,38,14,24,6,2,4,1,0,1,278,278,49,82,68,47,21,9,2,227,183,44,20,170,3,28,45
56407653,0,,,53,22,31,2,1,1,51,21,30,34,13,21,50,21,29,49,21,28,17,8,9,8,3,5,2,0,2,0,0,0,0,0,0,20,20,5,7,2,4,0,2,0,15,9,6,0,13,0,3,2
56407654,0,,,10,4,6,0,0,0,10,4,6,2,1,1,10,4,6,10,4,6,8,3,5,3,0,3,1,0,1,0,0,0,0,0,0,5,5,1,3,1,0,0,0,0,4,3,1,0,5,0,1,1
56407655,0,,,209,106,103,19,8,11,190,98,92,110,62,48,182,93,89,178,92,86,80,36,44,43,19,24,13,5,8,3,2,1,0,0,0,67,67,11,19,11,12,6,7,1,56,37,19,1,49,0,11,12
56407656,0,,,391,195,196,58,26,32,333,169,164,192,105,87,321,163,158,312,159,153,141,64,77,64,28,36,22,6,16,1,0,1,1,1,0,122,122,25,31,19,23,6,7,11,96,62,34,13,86,0,15,20
56407659,0,,,466,198,268,38,17,21,428,181,247,192,96,96,417,177,240,410,174,236,236,85,151,175,51,124,113,26,87,22,3,19,3,2,1,126,122,27,36,22,21,11,2,3,95,73,22,11,71,4,12,22
56407660,0,,,102,48,54,6,4,2,96,44,52,55,29,26,95,44,51,93,44,49,41,15,26,20,6,14,11,3,8,0,0,0,1,0,1,37,37,9,11,4,8,3,2,0,28,16,12,1,28,0,5,5
56407661,0,,,332,169,163,34,17,17,298,152,146,180,94,86,295,151,144,291,150,141,118,58,60,55,24,31,11,3,8,2,1,1,1,1,0,137,137,35,55,23,13,7,0,4,100,86,14,6,81,0,23,20
56407662,0,,,2329,1100,1229,200,104,96,2115,989,1126,1152,604,548,2060,955,1105,2023,934,1089,963,385,578,577,196,381,270,72,198,43,8,35,17,7,10,908,898,300,260,170,93,44,19,12,591,455,136,44,507,43,142,125
56407663,0,,,1333,635,698,150,73,77,1170,556,614,738,369,369,1126,536,590,1103,527,576,432,187,245,210,85,125,81,23,58,5,1,4,21,4,17,561,559,183,171,93,71,28,9,4,371,310,61,36,275,33,73,84
56407664,0,,,72,37,35,7,2,5,65,35,30,39,22,17,65,35,30,64,35,29,26,13,13,14,7,7,7,2,5,0,0,0,1,1,0,24,24,6,6,5,2,3,1,1,18,10,8,1,18,0,3,2
56407665,0,,,101,44,57,11,2,9,90,42,48,55,29,26,88,41,47,87,41,46,35,13,22,16,4,12,10,2,8,0,0,0,1,1,0,36,36,7,12,7,4,4,1,1,29,21,8,3,23,0,4,6
56407666,0,,,102,50,52,3,2,1,99,48,51,53,25,28,99,48,51,99,48,51,46,23,23,24,10,14,11,4,7,0,0,0,0,0,0,34,34,6,9,6,8,3,1,1,28,16,12,1,29,0,4,1
56407667,0,,,31,16,15,2,1,1,29,15,14,19,8,11,29,15,14,29,15,14,10,7,3,5,3,2,2,0,2,0,0,0,0,0,0,13,13,3,6,2,1,0,1,0,10,6,4,0,7,0,2,0
56407668,0,,,35,22,13,1,1,0,34,21,13,18,13,5,34,21,13,32,19,13,16,8,8,4,2,2,1,1,0,0,0,0,0,0,0,12,12,1,4,4,2,0,1,0,11,8,3,1,9,0,1,3
56407669,0,,,636,322,314,79,45,34,556,276,280,333,168,165,546,271,275,533,263,270,223,108,115,118,55,63,47,20,27,3,0,3,1,0,1,217,217,43,64,41,36,16,8,9,172,118,54,22,140,7,21,34
56407670,0,,,200,97,103,31,15,16,169,82,87,111,55,56,165,80,85,160,79,81,58,27,31,23,9,14,8,2,6,2,1,1,0,0,0,63,63,8,19,12,11,7,4,2,55,40,15,7,33,0,5,9
56407671,0,,,1332,675,657,144,81,63,1183,591,592,734,399,335,1154,574,580,1134,564,570,449,192,257,251,101,150,78,14,64,9,2,7,16,6,10,582,581,233,158,94,57,25,9,5,347,296,51,37,259,73,69,71
56407672,0,,,3116,1521,1595,439,227,212,2660,1280,1380,1815,931,884,2550,1225,1325,2494,1194,1300,845,349,496,445,163,282,167,54,113,11,1,10,30,14,16,1245,1240,378,355,233,156,74,36,8,855,730,125,104,532,54,124,143
56407673,0,,,1405,701,704,149,77,72,1244,617,627,791,421,370,1206,596,610,1185,585,600,453,196,257,231,94,137,74,26,48,9,1,8,25,19,6,585,584,186,171,122,61,24,13,7,393,322,71,48,295,29,65,62
56407674,0,,,87,45,42,9,6,3,78,39,39,51,24,27,75,38,37,74,37,37,27,15,12,15,8,7,7,4,3,0,0,0,0,0,0,25,25,1,9,7,1,4,2,1,24,17,7,1,15,0,0,3
56407675,0,,,157,87,70,14,8,6,143,79,64,84,48,36,140,76,64,138,74,64,59,31,28,28,13,15,14,6,8,2,2,0,6,1,5,49,49,8,11,12,8,3,5,2,40,21,19,1,39,0,5,4
56407676,0,,,189,95,94,15,9,6,174,86,88,91,51,40,170,83,87,165,78,87,83,35,48,37,10,27,19,4,15,1,0,1,1,1,0,62,62,13,11,20,8,4,2,4,49,27,22,2,51,0,10,7
56407677,0,,,30,20,10,1,1,0,23,13,10,14,10,4,21,11,10,20,10,10,9,3,6,6,2,4,1,0,1,0,0,0,5,5,0,18,18,11,4,1,2,0,0,0,7,5,2,0,7,0,3,2
56407678,0,,,103,51,52,10,6,4,93,45,48,49,22,27,93,45,48,92,45,47,44,23,21,18,9,9,9,6,3,0,0,0,1,0,1,30,30,1,12,9,1,1,2,4,29,17,12,2,27,0,1,7
56407679,0,,,382,192,190,43,24,19,338,167,171,193,100,93,326,159,167,322,157,165,145,67,78,60,25,35,25,11,14,3,2,1,6,5,1,130,130,26,38,24,23,8,5,6,104,69,35,13,92,1,16,19
56407680,0,,,367,190,177,54,30,24,312,159,153,227,120,107,302,154,148,294,148,146,85,39,46,41,14,27,12,3,9,0,0,0,1,0,1,120,120,17,31,32,21,8,9,2,100,74,26,9,58,0,10,8
56407681,0,,,1412,667,745,192,103,89,1213,560,653,787,357,430,1168,540,628,1133,524,609,426,203,223,146,69,77,44,19,25,1,1,0,15,7,8,559,559,144,173,120,78,24,15,5,409,349,60,36,293,6,82,75
56407682,0,,,1215,596,619,233,105,128,967,482,485,746,380,366,905,449,456,874,428,446,221,102,119,106,49,57,29,8,21,3,1,2,16,10,6,434,433,107,107,86,75,38,12,8,324,284,40,40,135,12,35,39
56407683,0,,,738,349,389,80,33,47,653,313,340,400,206,194,633,303,330,621,296,325,253,107,146,131,48,83,58,13,45,4,0,4,0,0,0,271,270,69,77,48,48,19,7,2,200,146,54,21,148,11,22,39
56407684,0,,,22,12,10,0,0,0,22,12,10,17,10,7,20,10,10,19,10,9,5,2,3,1,1,0,0,0,0,0,0,0,0,0,0,10,10,3,3,3,1,0,0,0,7,6,1,0,4,0,3,0
56407685,0,,,72,39,33,7,6,1,65,33,32,42,21,21,64,32,32,63,31,32,23,12,11,10,4,6,4,2,2,0,0,0,0,0,0,19,19,3,5,1,2,4,2,2,16,7,9,1,16,0,2,2
56407686,0,,,85,43,42,10,4,6,75,39,36,43,24,19,75,39,36,74,38,36,32,15,17,20,7,13,10,3,7,1,0,1,0,0,0,25,25,5,5,4,5,1,3,2,20,8,12,3,21,0,3,3
56407688,0,,,211,108,103,26,11,15,185,97,88,91,52,39,180,95,85,178,94,84,94,45,49,45,22,23,11,6,5,1,1,0,0,0,0,73,73,12,27,11,12,7,1,3,61,48,13,3,56,0,9,20
56407689,0,,,627,317,310,49,25,24,575,291,284,332,174,158,555,281,274,540,271,269,243,117,126,124,56,68,30,12,18,1,0,1,2,0,2,240,240,64,66,50,36,13,6,5,175,123,52,16,165,5,41,33
56407690,0,,,9,5,4,0,0,0,9,5,4,2,1,1,9,5,4,9,5,4,7,4,3,5,3,2,2,2,0,0,0,0,0,0,0,5,5,2,2,1,0,0,0,0,3,3,0,0,5,0,2,2
56407691,0,,,71,29,42,6,0,6,65,29,36,30,15,15,63,28,35,61,28,33,35,14,21,14,3,11,9,2,7,0,0,0,0,0,0,27,27,6,9,8,1,1,0,2,21,13,8,0,20,0,3,6
56407692,0,,,233,128,105,29,18,11,203,109,94,122,69,53,195,102,93,189,99,90,81,40,41,36,16,20,16,5,11,2,1,1,0,0,0,73,73,7,23,18,9,8,6,2,66,44,22,10,50,0,5,12
56407693,0,,,1087,510,577,85,38,47,1000,470,530,516,286,230,980,456,524,961,445,516,484,184,300,285,91,194,158,35,123,32,1,31,5,1,4,344,342,80,94,58,63,28,13,6,257,163,94,19,222,15,35,46
56407694,0,,,277,136,141,27,13,14,250,123,127,147,74,73,246,120,126,240,118,122,103,49,54,37,15,22,13,2,11,2,0,2,1,1,0,93,93,21,17,26,13,5,10,1,71,45,26,8,64,2,13,9
56407695,0,,,53,27,26,6,4,2,47,23,24,24,11,13,44,23,21,42,22,20,23,12,11,8,3,5,3,1,2,0,0,0,0,0,0,16,16,3,4,4,0,1,3,1,13,7,6,2,13,0,2,3
56407696,0,,,69,34,35,11,4,7,58,30,28,35,16,19,54,29,25,50,26,24,23,14,9,5,3,2,1,0,1,0,0,0,0,0,0,19,19,4,3,3,1,4,3,1,15,7,8,3,15,0,4,1
56407698,0,,,189,89,100,9,3,6,180,86,94,91,45,46,178,85,93,176,85,91,89,41,48,47,20,27,17,7,10,0,0,0,2,0,2,66,66,13,14,20,10,6,3,0,53,34,19,4,56,0,12,10
56407699,0,,,340,178,162,33,19,14,307,159,148,153,85,68,302,159,143,300,158,142,154,74,80,72,29,43,30,10,20,5,1,4,2,2,0,122,122,28,41,23,14,4,5,7,94,59,35,11,95,1,16,27
56407700,0,,,113,58,55,10,5,5,103,53,50,63,34,29,100,51,49,98,51,47,40,19,21,22,8,14,13,4,9,2,1,1,0,0,0,36,36,3,11,11,6,2,2,1,33,21,12,3,25,0,3,4
56407701,1,,56407712,855,421,434,63,36,27,796,387,409,398,198,200,772,377,395,762,372,390,398,189,209,212,97,115,61,21,40,3,0,3,1,0,1,338,338,95,109,64,30,23,10,8,243,172,71,9,257,0,69,61
56407702,0,,,72,34,38,3,2,1,69,32,37,42,18,24,66,32,34,66,32,34,27,14,13,17,7,10,7,4,3,0,0,0,0,0,0,28,28,4,13,6,2,2,1,0,24,19,5,0,19,0,3,2
56407710,0,,,196,92,104,16,8,8,180,84,96,93,41,52,176,82,94,172,80,92,87,43,44,53,23,30,24,9,15,3,1,2,1,0,1,61,61,9,17,13,10,4,4,4,52,26,26,4,53,0,7,9
56407711,1,,56407722,120,68,52,4,2,2,122,67,55,67,43,24,120,66,54,118,65,53,55,24,31,24,10,14,13,5,8,0,0,0,0,0,0,57,57,23,15,12,8,1,0,0,36,29,7,2,39,9,10,7
56407712,2,56407701,,4,2,2,*,*,*,*,*,*,*,*,*,*,*,*,*,*,*,*,*,*,*,*,*,*,*,*,*,*,*,*,*,*,1,1,*,*,*,*,*,*,*,*,*,*,*,*,*,*,*
56407720,0,,,106,51,55,8,3,5,98,48,50,49,28,21,93,47,46,90,44,46,49,20,29,26,10,16,9,1,8,1,0,1,0,0,0,35,35,5,11,9,4,2,2,2,29,18,11,2,31,0,4,5
56407721,0,,,382,210,172,19,13,6,363,197,166,246,135,111,353,192,161,349,191,158,117,62,55,42,19,23,11,5,6,0,0,0,0,0,0,81,79,20,21,17,10,6,4,1,58,37,21,6,58,1,12,10
56407722,2,56407711,,6,1,5,*,*,*,*,*,*,*,*,*,*,*,*,*,*,*,*,*,*,*,*,*,*,*,*,*,*,*,*,*,*,2,2,*,*,*,*,*,*,*,*,*,*,*,*,*,*,*
56407730,0,,,186,91,95,16,9,7,168,81,87,99,50,49,164,78,86,160,76,84,69,31,38,21,5,16,15,4,11,3,1,2,0,0,0,65,65,13,19,14,11,2,4,2,50,32,18,3,44,3,7,7
56407731,0,,,568,254,314,35,25,10,533,229,304,257,120,137,526,226,300,520,223,297,276,109,167,189,62,127,110,26,84,13,1,12,1,0,1,242,240,115,60,33,15,10,5,2,125,97,28,9,140,29,56,25
56407740,0,,,609,304,305,62,35,27,547,269,278,318,162,156,526,259,267,513,256,257,229,107,122,103,53,50,21,10,11,1,0,1,2,0,2,244,244,59,89,48,26,12,7,3,184,146,38,13,152,3,39,50
56407741,1,,56407742,134,63,71,6,1,5,130,64,66,69,35,34,126,62,64,123,61,62,61,29,32,32,17,15,7,1,6,0,0,0,1,0,1,53,53,16,14,10,10,3,0,1,37,26,11,2,39,0,12,9
56407742,2,56407741,,2,2,0,*,*,*,*,*,*,*,*,*,*,*,*,*,*,*,*,*,*,*,*,*,*,*,*,*,*,*,*,*,*,1,1,*,*,*,*,*,*,*,*,*,*,*,*,*,*,*
56407750,0,,,1737,830,907,217,103,114,1518,726,792,857,427,430,1482,710,772,1448,693,755,661,299,362,328,133,195,101,36,65,9,4,5,4,2,2,730,730,241,213,136,74,42,15,9,488,383,105,64,460,16,153,108
56407751,0,,,364,187,177,36,21,15,328,166,162,185,94,91,319,161,158,309,156,153,143,72,71,65,30,35,24,7,17,2,0,2,2,0,2,148,148,31,61,26,19,9,2,0,117,94,23,12,90,1,18,30
56407752,0,,,75,42,33,5,2,3,70,40,30,31,22,9,69,39,30,69,39,30,39,18,21,23,10,13,8,4,4,0,0,0,0,0,0,28,28,5,10,8,1,3,0,1,23,19,4,0,24,0,4,6
56407760,1,,56407770,580,293,287,63,32,31,519,263,256,331,176,155,505,258,247,495,252,243,188,87,101,106,46,60,31,16,15,5,4,1,1,1,0,243,243,91,60,45,22,19,3,6,152,108,44,19,127,12,29,24
56407761,0,,,768,366,402,65,33,32,703,333,370,404,201,203,682,323,359,675,318,357,299,132,167,142,57,85,37,15,22,2,0,2,4,2,2,298,298,54,117,65,36,18,5,3,243,197,46,17,196,6,29,67
56407762,0,,,56,31,25,2,2,0,54,29,25,33,19,14,54,29,25,53,28,25,21,10,11,9,4,5,1,0,1,0,0,0,0,0,0,19,19,4,4,4,5,1,0,1,15,11,4,1,12,0,2,4
56407770,2,56407760,,9,7,2,*,*,*,*,*,*,*,*,*,*,*,*,*,*,*,*,*,*,*,*,*,*,*,*,*,*,*,*,*,*,3,3,*,*,*,*,*,*,*,*,*,*,*,*,*,*,*
56407771,1,,56407782,109,62,47,7,4,3,109,61,48,51,29,22,104,58,46,104,58,46,58,32,26,14,7,7,7,1,6,1,0,1,0,0,0,46,46,13,14,14,2,0,3,1,34,22,12,5,35,0,10,8
56407780,2,56407781,,6,3,3,*,*,*,*,*,*,*,*,*,*,*,*,*,*,*,*,*,*,*,*,*,*,*,*,*,*,*,*,*,*,4,4,*,*,*,*,*,*,*,*,*,*,*,*,*,*,*
56407781,1,,56407780,307,143,164,17,9,8,296,137,159,147,72,75,292,136,156,290,134,156,149,65,84,70,30,40,22,10,12,2,0,2,0,0,0,124,124,34,47,21,14,9,1,2,94,70,24,4,102,0,28,23
56407782,2,56407771,,7,3,4,*,*,*,*,*,*,*,*,*,*,*,*,*,*,*,*,*,*,*,*,*,*,*,*,*,*,*,*,*,*,1,1,*,*,*,*,*,*,*,*,*,*,*,*,*,*,*
56407790,0,,,287,139,148,27,14,13,258,124,134,179,90,89,250,119,131,240,116,124,79,34,45,28,12,16,7,2,5,0,0,0,0,0,0,106,106,17,37,27,16,5,2,2,89,77,12,4,49,1,9,18
56407791,0,,,500,245,255,28,12,16,471,232,239,272,145,127,463,226,237,452,221,231,199,87,112,104,51,53,20,7,13,0,0,0,1,0,1,210,210,53,88,34,17,11,5,2,155,129,26,8,133,1,33,46
57400206,0,,,24,12,12,1,0,1,23,12,11,14,9,5,22,11,11,22,11,11,9,3,6,4,1,3,2,1,1,1,0,1,1,0,1,11,11,3,4,3,1,0,0,0,8,7,1,0,7,0,2,1
57400208,0,,,69,32,37,7,4,3,62,28,34,29,14,15,62,28,34,59,26,33,33,14,19,21,7,14,5,0,5,1,0,1,0,0,0,26,26,8,6,4,5,1,2,0,18,10,8,1,24,0,8,4
57400209,1,,57400219,27,15,12,1,0,1,29,17,12,17,8,9,28,16,12,28,16,12,12,9,3,5,3,2,3,1,2,0,0,0,1,0,1,10,10,3,4,4,0,0,0,1,8,6,2,1,9,0,3,1
57400215,0,,,114,63,51,12,5,7,102,58,44,54,35,19,101,57,44,100,56,44,48,23,25,32,14,18,22,10,12,1,0,1,0,0,0,48,48,22,8,7,5,4,0,2,26,14,12,3,33,3,14,5
57400216,0,,,34,17,17,1,1,0,33,16,17,14,9,5,31,15,16,31,15,16,19,7,12,10,4,6,5,0,5,0,0,0,0,0,0,15,15,4,7,1,2,1,0,0,11,9,2,0,14,0,4,3
57400219,2,57400209,,3,2,1,*,*,*,*,*,*,*,*,*,*,*,*,*,*,*,*,*,*,*,*,*,*,*,*,*,*,*,*,*,*,2,2,*,*,*,*,*,*,*,*,*,*,*,*,*,*,*
57400243,2,57400253,,2,1,1,*,*,*,*,*,*,*,*,*,*,*,*,*,*,*,*,*,*,*,*,*,*,*,*,*,*,*,*,*,*,1,1,*,*,*,*,*,*,*,*,*,*,*,*,*,*,*
57400253,1,,57400243,17,8,9,0,0,0,19,9,10,3,1,2,19,9,10,18,9,9,16,8,8,14,7,7,8,4,4,2,1,1,1,0,1,9,9,2,7,1,0,0,0,0,8,8,0,0,9,0,2,5
57400303,1,,57400304,20,13,7,0,0,0,22,14,8,13,10,3,22,14,8,22,14,8,9,4,5,8,3,5,6,3,3,1,1,0,0,0,0,8,8,2,4,1,1,1,0,0,7,5,2,0,7,0,2,1
57400304,2,57400303,,2,1,1,*,*,*,*,*,*,*,*,*,*,*,*,*,*,*,*,*,*,*,*,*,*,*,*,*,*,*,*,*,*,1,1,*,*,*,*,*,*,*,*,*,*,*,*,*,*,*
57400306,2,57400307,,8,3,5,*,*,*,*,*,*,*,*,*,*,*,*,*,*,*,*,*,*,*,*,*,*,*,*,*,*,*,*,*,*,3,3,*,*,*,*,*,*,*,*,*,*,*,*,*,*,*
57400307,1,,57400306,17,8,9,3,1,2,22,10,12,12,5,7,20,9,11,20,9,11,10,5,5,2,0,2,2,0,2,0,0,0,1,0,1,3,3,0,1,3,0,0,1,1,6,3,3,1,6,0,0,0
57400310,2,57400312,,3,1,2,*,*,*,*,*,*,*,*,*,*,*,*,*,*,*,*,*,*,*,*,*,*,*,*,*,*,*,*,*,*,2,2,*,*,*,*,*,*,*,*,*,*,*,*,*,*,*
57400311,2,57400312,,5,1,4,*,*,*,*,*,*,*,*,*,*,*,*,*,*,*,*,*,*,*,*,*,*,*,*,*,*,*,*,*,*,4,4,*,*,*,*,*,*,*,*,*,*,*,*,*,*,*
57400312,1,,57400310;57400311,62,29,33,0,0,0,70,31,39,21,11,10,70,31,39,69,31,38,49,20,29,28,10,18,11,3,8,1,0,1,0,0,0,31,31,14,16,4,3,0,0,0,23,18,5,0,35,1,12,8
57400313,0,,,25,16,9,0,0,0,25,16,9,9,5,4,25,16,9,25,16,9,16,11,5,9,7,2,7,5,2,0,0,0,0,0,0,11,11,4,3,2,1,1,0,0,7,4,3,0,11,0,4,1
57400317,2,57400327,,8,4,4,*,*,*,*,*,*,*,*,*,*,*,*,*,*,*,*,*,*,*,*,*,*,*,*,*,*,*,*,*,*,1,1,*,*,*,*,*,*,*,*,*,*,*,*,*,*,*
57400326,0,,,23,9,14,3,2,1,20,7,13,11,5,6,19,7,12,19,7,12,9,2,7,4,1,3,2,1,1,0,0,0,0,0,0,7,7,1,2,1,1,1,1,0,6,4,2,0,6,0,1,1
57400327,1,,57400317,74,33,41,8,5,3,74,32,42,36,17,19,71,32,39,71,32,39,38,15,23,22,8,14,7,2,5,2,0,2,0,0,0,26,26,4,8,6,5,2,1,1,23,15,8,2,22,0,1,4
57400348,0,,,14,8,6,0,0,0,14,8,6,5,3,2,14,8,6,14,8,6,9,5,4,6,3,3,4,1,3,0,0,0,1,0,1,7,7,2,3,2,0,0,0,0,5,4,1,0,6,0,1,1
57400349,1,,57400359,22,12,10,3,2,1,30,18,12,22,14,8,30,18,12,29,18,11,8,4,4,6,3,3,3,3,0,0,0,0,0,0,0,5,5,1,3,2,0,1,0,2,8,4,4,1,6,0,1,0
57400359,2,57400349,,11,8,3,*,*,*,*,*,*,*,*,*,*,*,*,*,*,*,*,*,*,*,*,*,*,*,*,*,*,*,*,*,*,4,4,*,*,*,*,*,*,*,*,*,*,*,*,*,*,*
57400403,2,57400404,,4,2,2,*,*,*,*,*,*,*,*,*,*,*,*,*,*,*,*,*,*,*,*,*,*,*,*,*,*,*,*,*,*,2,2,*,*,*,*,*,*,*,*,*,*,*,*,*,*,*
57400404,1,,57400403,5,3,2,0,0,0,9,5,4,3,1,2,9,5,4,9,5,4,6,4,2,2,1,1,0,0,0,0,0,0,0,0,0,2,2,1,1,2,0,0,0,0,3,3,0,0,4,0,1,1
57400406,0,,,37,18,19,0,0,0,37,18,19,16,7,9,36,18,18,36,18,18,21,11,10,10,3,7,5,2,3,0,0,0,0,0,0,14,14,2,5,4,2,1,0,0,12,9,3,0,12,0,2,4
57400407,0,,,237,129,108,14,9,5,222,120,102,131,76,55,221,119,102,219,117,102,91,44,47,48,22,26,19,8,11,0,0,0,2,0,2,81,81,14,22,23,12,3,3,4,67,45,22,4,60,1,8,10
57400408,0,,,1047,518,529,90,49,41,952,466,486,579,300,279,927,452,475,916,446,470,373,166,207,194,78,116,60,21,39,8,1,7,12,5,7,439,438,125,138,98,50,16,9,2,309,251,58,19,246,27,51,59
57400409,0,,,2333,1056,1277,199,100,99,2124,952,1172,1077,541,536,2073,923,1150,2033,904,1129,1047,411,636,658,226,432,342,97,245,41,10,31,14,7,7,886,879,269,279,145,101,54,23,8,603,469,134,42,577,18,148,136
57400413,2,57400414,,8,3,5,*,*,*,*,*,*,*,*,*,*,*,*,*,*,*,*,*,*,*,*,*,*,*,*,*,*,*,*,*,*,2,2,*,*,*,*,*,*,*,*,*,*,*,*,*,*,*
57400414,1,,57400413;57400421;57400422,7,4,3,3,2,1,19,8,11,8,4,4,16,6,10,16,6,10,11,4,7,6,2,4,2,0,2,0,0,0,0,0,0,2,2,0,2,1,1,1,1,0,6,3,3,0,5,0,0,1
57400416,0,,,104,51,53,9,0,9,94,50,44,54,27,27,92,50,42,91,49,42,40,23,17,14,7,7,6,2,4,0,0,0,2,0,2,38,38,11,9,10,1,4,2,1,27,18,9,4,30,1,9,4
57400417,0,,,30,15,15,3,2,1,27,13,14,16,7,9,27,13,14,26,13,13,11,6,5,6,2,4,3,1,2,0,0,0,0,0,0,10,10,4,0,2,0,4,0,0,6,2,4,1,8,0,4,0
57400418,0,,,217,83,134,3,3,0,214,80,134,34,21,13,213,80,133,212,79,133,180,59,121,149,39,110,109,25,84,17,1,16,0,0,0,33,29,6,13,3,4,1,1,1,23,18,5,2,27,0,6,6
57400419,0,,,1721,848,873,157,87,70,1538,748,790,925,481,444,1496,727,769,1461,709,752,613,267,346,326,139,187,110,40,70,3,0,3,3,0,3,676,673,178,210,123,102,37,18,5,484,382,102,33,403,9,94,104
57400421,2,57400414,,2,1,1,*,*,*,*,*,*,*,*,*,*,*,*,*,*,*,*,*,*,*,*,*,*,*,*,*,*,*,*,*,*,1,1,*,*,*,*,*,*,*,*,*,*,*,*,*,*,*
57400422,2,57400414,,5,2,3,*,*,*,*,*,*,*,*,*,*,*,*,*,*,*,*,*,*,*,*,*,*,*,*,*,*,*,*,*,*,1,1,*,*,*,*,*,*,*,*,*,*,*,*,*,*,*
57400423,0,,,9,5,4,0,0,0,9,5,4,4,2,2,9,5,4,9,5,4,5,3,2,3,1,2,3,1,2,1,0,1,0,0,0,4,4,0,3,1,0,0,0,0,4,3,1,0,4,0,0,1
57400426,0,,,66,36,30,2,1,1,61,32,29,44,24,20,59,31,28,58,31,27,17,8,9,6,3,3,1,0,1,0,0,0,2,1,1,42,42,29,6,3,4,0,0,0,13,10,3,1,14,5,5,1
57400427,0,,,44,21,23,1,0,1,43,21,22,22,11,11,41,20,21,39,19,20,21,10,11,6,4,2,2,1,1,0,0,0,1,0,1,16,16,3,4,4,4,1,0,0,13,10,3,0,13,0,3,3
57400428,0,,,393,197,196,22,11,11,371,186,185,226,116,110,365,183,182,359,181,178,145,70,75,67,27,40,26,12,14,4,2,2,1,0,1,95,92,9,36,17,16,7,5,2,82,57,25,7,51,0,5,11
57400429,0,,,1039,495,544,120,63,57,919,432,487,572,275,297,890,419,471,873,412,461,347,157,190,156,54,102,55,12,43,5,0,5,2,0,2,383,382,77,125,88,52,27,7,6,303,236,67,31,232,4,38,56
57400432,1,,57400433;57400442;57400443,43,22,21,7,3,4,52,27,25,26,14,12,52,27,25,50,27,23,26,13,13,12,8,4,4,2,2,2,1,1,0,0,0,14,14,3,11,1,2,3,0,1,18,11,7,1,17,0,3,4
57400433,2,57400432,,5,2,3,*,*,*,*,*,*,*,*,*,*,*,*,*,*,*,*,*,*,*,*,*,*,*,*,*,*,*,*,*,*,1,1,*,*,*,*,*,*,*,*,*,*,*,*,*,*,*
57400435,1,,57400444,9,5,4,0,0,0,11,6,5,2,2,0,11,6,5,11,6,5,9,4,5,4,2,2,2,1,1,0,0,0,0,0,0,4,4,1,2,2,0,0,0,0,4,4,0,0,5,0,1,2
57400436,0,,,20,12,8,2,1,1,18,11,7,12,8,4,18,11,7,18,11,7,6,3,3,4,2,2,4,2,2,1,1,0,0,0,0,7,6,2,2,0,0,0,1,1,4,2,2,1,3,1,0,2
57400437,0,,,47,20,27,0,0,0,47,20,27,27,14,13,46,20,26,45,20,25,20,6,14,17,5,12,4,1,3,0,0,0,0,0,0,18,18,3,8,3,2,1,1,0,15,9,6,0,14,0,2,2
57400438,0,,,382,167,215,29,15,14,353,152,201,168,91,77,345,145,200,339,141,198,185,61,124,122,31,91,76,12,64,16,0,16,1,0,1,98,97,17,25,21,13,10,9,2,80,52,28,6,69,0,9,10
57400439,0,,,142,71,71,12,5,7,127,64,63,72,35,37,122,62,60,120,60,60,55,29,26,16,7,9,7,1,6,2,0,2,1,0,1,47,47,7,15,9,9,2,3,2,38,26,12,2,34,0,4,9
57400440,0,,,19,10,9,5,3,2,14,7,7,7,3,4,14,7,7,13,7,6,7,4,3,0,0,0,0,0,0,0,0,0,0,0,0,4,4,1,0,0,0,1,1,1,3,0,3,0,4,0,1,0
57400442,2,57400432,,7,4,3,*,*,*,*,*,*,*,*,*,*,*,*,*,*,*,*,*,*,*,*,*,*,*,*,*,*,*,*,*,*,4,4,*,*,*,*,*,*,*,*,*,*,*,*,*,*,*
57400443,2,57400432,,4,2,2,*,*,*,*,*,*,*,*,*,*,*,*,*,*,*,*,*,*,*,*,*,*,*,*,*,*,*,*,*,*,2,2,*,*,*,*,*,*,*,*,*,*,*,*,*,*,*
57400444,2,57400435,,2,1,1,*,*,*,*,*,*,*,*,*,*,*,*,*,*,*,*,*,*,*,*,*,*,*,*,*,*,*,*,*,*,1,1,*,*,*,*,*,*,*,*,*,*,*,*,*,*,*
57400445,1,,57400454,64,33,31,5,3,2,64,33,31,39,21,18,62,33,29,61,32,29,25,12,13,10,4,6,3,1,2,0,0,0,0,0,0,19,19,2,8,4,2,2,1,2,19,11,8,1,16,0,1,2
57400446,0,,,63,32,31,5,3,2,58,29,29,36,18,18,57,28,29,55,27,28,22,11,11,14,5,9,5,1,4,0,0,0,0,0,0,18,18,1,5,3,3,5,1,0,16,6,10,1,15,0,1,2
57400447,1,,57400457,17,10,7,0,0,0,20,11,9,8,5,3,20,11,9,20,11,9,12,6,6,6,3,3,2,1,1,0,0,0,0,0,0,6,6,0,2,4,1,0,0,0,7,5,2,0,6,0,0,1
57400448,0,,,20,13,7,3,2,1,17,11,6,9,6,3,17,11,6,17,11,6,8,5,3,0,0,0,0,0,0,0,0,0,0,0,0,9,9,4,3,0,0,2,0,0,5,3,2,1,6,0,2,1
57400449,0,,,207,92,115,25,15,10,182,77,105,104,43,61,174,73,101,169,72,97,78,34,44,45,14,31,22,6,16,2,1,1,0,0,0,70,70,15,22,11,10,4,4,4,55,34,21,4,50,0,9,10
57400450,0,,,35,16,19,3,1,2,32,15,17,19,9,10,30,15,15,30,15,15,13,6,7,3,1,2,2,0,2,0,0,0,0,0,0,11,11,1,2,3,4,1,0,0,10,5,5,0,6,0,0,1
57400451,0,,,19,8,11,4,1,3,15,7,8,7,3,4,14,7,7,13,6,7,8,4,4,5,3,2,3,2,1,0,0,0,0,0,0,6,6,2,2,0,0,1,0,1,4,3,1,1,5,0,2,2
57400454,2,57400445,,5,3,2,*,*,*,*,*,*,*,*,*,*,*,*,*,*,*,*,*,*,*,*,*,*,*,*,*,*,*,*,*,*,2,2,*,*,*,*,*,*,*,*,*,*,*,*,*,*,*
57400455,1,,57400466,8,4,4,0,0,0,9,4,5,5,3,2,8,3,5,8,3,5,4,1,3,2,1,1,0,0,0,0,0,0,0,0,0,4,4,4,0,0,0,1,0,0,1,0,1,0,3,0,2,0
57400456,0,,,57,30,27,1,0,1,56,30,26,31,17,14,56,30,26,55,29,26,25,13,12,16,7,9,4,0,4,0,0,0,1,1,0,19,19,2,5,5,5,2,0,0,16,11,5,0,17,0,2,2
57400457,2,57400447,,3,1,2,*,*,*,*,*,*,*,*,*,*,*,*,*,*,*,*,*,*,*,*,*,*,*,*,*,*,*,*,*,*,1,1,*,*,*,*,*,*,*,*,*,*,*,*,*,*,*
57400459,1,,57400469,49,28,21,3,3,0,51,26,25,25,15,10,50,25,25,50,25,25,26,11,15,12,4,8,8,3,5,1,1,0,0,0,0,13,13,1,3,6,1,1,1,2,14,9,5,0,14,0,1,1
57400462,2,57400472,,7,4,3,*,*,*,*,*,*,*,*,*,*,*,*,*,*,*,*,*,*,*,*,*,*,*,*,*,*,*,*,*,*,2,2,*,*,*,*,*,*,*,*,*,*,*,*,*,*,*
57400466,2,57400455,,1,0,1,*,*,*,*,*,*,*,*,*,*,*,*,*,*,*,*,*,*,*,*,*,*,*,*,*,*,*,*,*,*,1,1,*,*,*,*,*,*,*,*,*,*,*,*,*,*,*
57400469,2,57400459,,5,1,4,*,*,*,*,*,*,*,*,*,*,*,*,*,*,*,*,*,*,*,*,*,*,*,*,*,*,*,*,*,*,2,2,*,*,*,*,*,*,*,*,*,*,*,*,*,*,*
57400472,1,,57400462,15,7,8,0,0,0,22,11,11,15,9,6,22,11,11,19,10,9,7,2,5,6,2,4,0,0,0,0,0,0,0,0,0,6,6,3,2,0,1,1,1,0,5,3,2,0,5,0,1,1
57400473,0,,,14,6,8,1,0,1,13,6,7,5,2,3,13,6,7,13,6,7,8,4,4,5,2,3,2,0,2,0,0,0,0,0,0,6,6,2,2,0,2,0,0,0,4,2,2,0,5,0,1,1
57400474,0,,,9,5,4,1,1,0,8,4,4,5,3,2,8,4,4,8,4,4,3,1,2,3,1,2,1,0,1,0,0,0,0,0,0,4,4,1,2,0,1,0,0,0,3,2,1,0,3,0,1,0
57400475,1,,57400486,25,13,12,1,0,1,26,14,12,12,6,6,24,13,11,22,13,9,14,8,6,5,2,3,4,1,3,0,0,0,1,0,1,8,8,0,5,1,2,0,1,0,9,7,2,0,8,0,0,1
57400483,2,57400484,,3,1,2,*,*,*,*,*,*,*,*,*,*,*,*,*,*,*,*,*,*,*,*,*,*,*,*,*,*,*,*,*,*,1,1,*,*,*,*,*,*,*,*,*,*,*,*,*,*,*
57400484,1,,57400483,41,19,22,0,0,0,44,20,24,25,12,13,44,20,24,44,20,24,19,8,11,7,1,6,2,0,2,0,0,0,1,0,1,17,17,5,3,9,0,0,1,0,13,7,6,0,13,0,2,1
57400485,0,,,48,24,24,2,1,1,46,23,23,31,17,14,46,23,23,46,23,23,15,6,9,11,5,6,5,2,3,0,0,0,0,0,0,17,17,2,7,4,1,2,1,0,15,10,5,1,11,0,2,2
57400486,2,57400475,,2,1,1,*,*,*,*,*,*,*,*,*,*,*,*,*,*,*,*,*,*,*,*,*,*,*,*,*,*,*,*,*,*,1,1,*,*,*,*,*,*,*,*,*,*,*,*,*,*,*
57400494,2,57400495,,9,4,5,*,*,*,*,*,*,*,*,*,*,*,*,*,*,*,*,*,*,*,*,*,*,*,*,*,*,*,*,*,*,4,4,*,*,*,*,*,*,*,*,*,*,*,*,*,*,*
57400495,1,,57400494,24,17,7,1,1,0,31,19,12,18,12,6,31,19,12,30,18,12,13,7,6,8,3,5,2,1,1,0,0,0,0,0,0,11,11,6,5,0,3,1,0,0,9,8,1,0,11,0,4,1
57400500,0,,,2346,1117,1229,177,93,84,2142,1008,1134,1235,629,606,2101,987,1114,2070,970,1100,907,379,528,528,201,327,189,66,123,20,6,14,5,1,4,1047,1043,381,322,169,112,40,9,10,651,533,118,42,607,22,186,145
57400501,0,,,1282,622,660,133,64,69,1147,558,589,692,351,341,1108,533,575,1086,522,564,455,207,248,189,86,103,52,16,36,3,0,3,0,0,0,503,503,125,165,104,61,29,10,9,372,300,72,27,299,1,82,78
57400502,0,,,77,38,39,8,4,4,69,34,35,40,21,19,67,33,34,66,32,34,29,13,16,11,4,7,5,1,4,0,0,0,2,0,2,25,25,3,5,7,7,3,0,0,22,17,5,2,20,0,3,1
57400503,0,,,126,59,67,8,3,5,118,56,62,61,31,30,117,55,62,116,54,62,57,25,32,33,13,20,10,1,9,1,0,1,2,0,2,38,38,6,7,10,7,3,2,3,32,14,18,3,35,0,6,4
57400504,0,,,56,27,29,2,2,0,54,25,29,30,17,13,53,24,29,52,23,29,24,8,16,13,3,10,11,2,9,1,0,1,0,0,0,17,17,2,5,3,3,1,3,0,15,8,7,1,16,0,2,0
57400505,0,,,29,14,15,5,1,4,24,13,11,11,6,5,23,12,11,23,12,11,13,7,6,6,3,3,2,1,1,0,0,0,0,0,0,10,10,2,4,2,0,0,1,1,8,6,2,1,8,0,1,4
57400506,0,,,30,12,18,1,0,1,29,12,17,9,3,6,28,12,16,27,12,15,20,9,11,7,1,6,5,0,5,0,0,0,0,0,0,11,11,3,3,3,1,0,0,1,8,4,4,0,11,0,3,3
57400507,0,,,70,33,37,2,0,2,68,33,35,27,16,11,68,33,35,67,32,35,41,17,24,21,7,14,8,3,5,0,0,0,0,0,0,28,28,7,8,8,3,1,1,0,20,14,6,0,24,1,5,6
57400508,0,,,204,106,98,9,6,3,195,100,95,90,52,38,193,98,95,190,95,95,105,48,57,55,24,31,22,8,14,1,0,1,0,0,0,78,78,17,25,21,5,7,2,1,61,41,20,2,63,0,10,15
57400509,0,,,80,35,45,9,5,4,71,30,41,40,15,25,68,30,38,66,30,36,31,15,16,18,8,10,7,3,4,0,0,0,1,0,1,21,21,1,7,4,1,3,2,3,20,12,8,1,18,0,1,3
57400510,0,,,2233,1077,1156,277,141,136,1937,925,1012,1271,627,644,1877,897,980,1831,867,964,666,298,368,339,143,196,108,38,70,10,4,6,5,2,3,875,874,213,279,187,123,46,11,15,648,552,96,73,443,21,105,125
57400511,0,,,50,23,27,1,0,1,49,23,26,23,11,12,47,22,25,45,21,24,26,12,14,16,7,9,6,3,3,0,0,0,0,0,0,21,21,6,9,3,1,1,0,1,15,13,2,0,18,0,5,6
57400513,0,,,31,13,18,4,3,1,27,10,17,15,6,9,26,10,16,25,10,15,12,4,8,7,2,5,2,1,1,0,0,0,0,0,0,7,7,1,1,0,0,2,3,0,6,1,5,1,7,0,1,1
57400514,0,,,54,25,29,4,3,1,50,22,28,29,15,14,46,20,26,46,20,26,21,7,14,9,2,7,2,0,2,0,0,0,1,0,1,16,16,2,5,3,1,2,2,1,14,6,8,1,13,0,1,2
57400515,0,,,26,13,13,5,3,2,21,10,11,12,5,7,20,9,11,18,9,9,9,5,4,2,1,1,0,0,0,0,0,0,0,0,0,5,5,0,2,0,0,0,1,2,5,2,3,0,5,0,0,2
57400516,0,,,29,15,14,1,0,1,28,15,13,14,8,6,28,15,13,28,15,13,14,7,7,7,3,4,1,0,1,0,0,0,0,0,0,13,13,5,5,1,0,1,1,0,8,6,2,1,9,0,3,4
57400517,0,,,61,32,29,4,2,2,57,30,27,28,18,10,56,30,26,55,29,26,29,12,17,11,2,9,9,2,7,1,0,1,0,0,0,18,18,3,3,5,2,3,1,1,15,7,8,0,16,0,2,3
57400518,0,,,113,61,52,12,7,5,101,54,47,53,32,21,101,54,47,98,52,46,48,22,26,17,7,10,7,1,6,0,0,0,2,1,1,39,39,6,14,9,3,4,2,1,33,24,9,2,32,0,4,9
57400519,0,,,96,51,45,8,3,5,88,48,40,51,31,20,87,47,40,87,47,40,37,17,20,24,11,13,6,3,3,1,0,1,4,4,0,35,35,8,11,7,3,4,1,1,27,17,10,0,22,3,3,4
57400520,0,,,432,206,226,70,38,32,361,167,194,260,126,134,343,157,186,331,150,181,101,41,60,45,16,29,13,5,8,0,0,0,8,3,5,158,158,34,48,30,30,11,3,2,124,102,22,19,72,1,18,16
57400521,0,,,78,42,36,5,2,3,73,40,33,39,24,15,73,40,33,72,39,33,34,16,18,13,4,9,5,0,5,0,0,0,0,0,0,27,27,4,6,10,6,0,0,1,23,15,8,1,24,0,2,1
57400523,0,,,30,15,15,3,2,1,27,13,14,15,9,6,26,12,14,25,12,13,12,4,8,8,3,5,3,0,3,0,0,0,1,0,1,10,10,2,3,2,1,1,0,1,8,4,4,0,7,0,1,0
57400524,1,,57400525,106,48,58,9,4,5,102,48,54,58,27,31,99,47,52,96,46,50,44,21,23,23,9,14,8,1,7,1,0,1,0,0,0,32,32,5,10,9,3,1,3,3,29,19,10,3,28,0,4,4
57400525,2,57400524,,5,4,1,*,*,*,*,*,*,*,*,*,*,*,*,*,*,*,*,*,*,*,*,*,*,*,*,*,*,*,*,*,*,2,2,*,*,*,*,*,*,*,*,*,*,*,*,*,*,*
57400526,0,,,11,4,7,1,0,1,10,4,6,6,2,4,9,4,5,9,4,5,4,2,2,3,1,2,0,0,0,0,0,0,0,0,0,4,4,1,1,0,2,0,0,0,3,1,2,0,3,0,1,0
57400527,0,,,82,41,41,7,5,2,75,36,39,44,21,23,73,35,38,73,35,38,31,15,16,13,5,8,8,3,5,0,0,0,0,0,0,23,23,4,2,4,7,4,0,2,19,6,13,0,21,0,4,1
57400528,0,,,69,35,34,5,2,3,64,33,31,28,13,15,64,33,31,64,33,31,36,20,16,17,8,9,7,4,3,1,1,0,2,0,2,24,24,3,13,2,1,1,3,1,21,16,5,1,24,0,3,8
57400529,0,,,65,33,32,9,3,6,56,30,26,32,18,14,54,30,24,54,30,24,24,12,12,8,3,5,5,2,3,1,0,1,0,0,0,17,17,2,3,2,4,2,3,1,15,7,8,1,13,0,0,2
57400530,0,,,390,197,193,37,22,15,344,172,172,225,117,108,338,171,167,328,165,163,119,55,64,53,20,33,11,3,8,1,0,1,43,21,22,166,165,70,40,23,15,6,4,7,92,65,27,9,74,43,7,16
57400531,0,,,68,37,31,2,1,1,66,36,30,35,23,12,66,36,30,66,36,30,31,13,18,10,2,8,4,0,4,0,0,0,0,0,0,25,25,5,8,4,6,1,1,0,20,15,5,0,22,0,3,3
57400532,0,,,64,33,31,7,3,4,57,30,27,33,17,16,55,29,26,54,28,26,24,13,11,13,6,7,3,1,2,0,0,0,0,0,0,20,20,6,2,5,3,0,1,3,13,7,6,2,17,0,4,0
57400533,0,,,107,53,54,17,5,12,90,48,42,58,30,28,86,45,41,86,45,41,32,18,14,9,5,4,4,2,2,0,0,0,0,0,0,28,28,2,7,6,2,6,2,3,26,13,13,2,18,0,1,3
57400534,0,,,164,82,82,13,9,4,151,73,78,79,38,41,148,73,75,148,73,75,72,35,37,31,12,19,11,4,7,0,0,0,1,0,1,60,60,8,22,20,5,3,1,1,51,38,13,3,48,0,5,9
57400535,0,,,237,120,117,20,10,10,217,110,107,105,59,46,213,110,103,211,109,102,112,51,61,45,21,24,12,6,6,1,1,0,0,0,0,98,98,29,32,14,15,7,0,1,69,55,14,4,74,0,20,22
57400536,0,,,15,10,5,2,2,0,13,8,5,7,5,2,12,7,5,12,7,5,6,3,3,0,0,0,0,0,0,0,0,0,0,0,0,7,7,4,0,2,0,1,0,0,3,2,1,0,4,0,2,0
57400538,0,,,727,337,390,60,30,30,667,307,360,316,168,148,656,302,354,640,292,348,351,139,212,207,79,128,75,17,58,15,1,14,0,0,0,240,239,37,90,58,35,9,6,4,202,172,30,15,168,1,28,58
57400539,0,,,104,58,46,9,6,3,95,52,43,51,29,22,94,51,43,91,48,43,44,23,21,24,13,11,7,3,4,0,0,0,0,0,0,31,31,1,13,5,6,0,4,2,30,20,10,2,24,0,0,7
57400540,0,,,370,185,185,34,18,16,336,167,169,221,113,108,327,163,164,320,160,160,115,54,61,62,24,38,27,11,16,1,0,1,17,4,13,131,131,40,32,17,19,13,2,8,89,57,32,13,74,18,7,12
57400541,0,,,475,226,249,74,35,39,401,191,210,288,147,141,384,184,200,372,180,192,113,44,69,53,15,38,15,3,12,0,0,0,23,20,3,177,177,51,40,35,32,10,4,5,125,92,33,16,77,19,16,12
57400542,0,,,333,175,158,69,37,32,264,138,126,211,109,102,248,132,116,240,127,113,53,29,24,30,15,15,12,7,5,0,0,0,0,0,0,107,107,22,18,23,21,17,5,1,84,71,13,14,33,1,5,6
57400543,0,,,86,48,38,5,3,2,81,45,36,51,27,24,77,42,35,76,41,35,30,18,12,9,5,4,3,2,1,0,0,0,0,0,0,34,34,11,9,5,4,4,1,0,23,20,3,0,22,0,8,1
57400544,0,,,77,37,40,3,1,2,74,36,38,39,18,21,72,35,37,72,35,37,35,18,17,13,6,7,8,4,4,1,1,0,0,0,0,23,23,0,8,6,4,3,2,0,23,12,11,1,20,0,0,5
57400545,0,,,267,136,131,14,6,8,253,130,123,117,64,53,245,124,121,241,121,120,136,66,70,68,31,37,22,7,15,3,1,2,3,1,2,94,93,24,26,20,14,6,1,2,69,49,20,3,72,1,21,15
57400546,0,,,596,296,300,69,36,33,525,258,267,306,157,149,514,252,262,507,246,261,219,101,118,110,42,68,52,12,40,7,1,6,10,10,0,241,241,69,75,44,34,12,4,3,170,128,42,19,143,14,28,40
57400547,0,,,296,155,141,40,23,17,256,132,124,179,94,85,245,126,119,235,119,116,77,38,39,34,20,14,7,3,4,0,0,0,1,1,0,94,94,8,28,18,27,8,5,0,84,70,14,11,42,0,4,14
57400548,0,,,1313,640,673,181,100,81,1123,535,588,697,344,353,1080,516,564,1053,499,554,426,191,235,160,71,89,45,10,35,4,0,4,2,2,0,528,528,136,171,113,69,21,14,4,389,335,54,43,280,4,73,79
57400549,0,,,1440,707,733,199,106,93,1235,597,638,828,415,413,1198,579,619,1177,570,607,407,182,225,186,84,102,55,22,33,5,1,4,7,4,3,569,569,158,175,103,76,35,15,7,408,348,60,53,272,18,68,74
57400550,1,,57400560,239,117,122,38,20,18,200,97,103,107,58,49,199,97,102,198,97,101,93,39,54,35,9,26,17,3,14,0,0,0,1,0,1,79,79,17,20,17,11,6,6,3,61,40,21,7,58,0,12,10
57400551,0,,,420,212,208,62,35,27,358,177,181,264,133,131,333,162,171,314,148,166,94,44,50,49,19,30,11,2,9,1,0,1,1,0,1,145,145,32,35,28,29,11,7,3,112,84,28,17,58,5,12,8
57400552,0,,,637,307,330,66,32,34,570,274,296,336,168,168,561,273,288,548,264,284,234,106,128,110,45,65,42,13,29,6,1,5,8,8,0,234,233,65,57,57,22,10,10,12,167,125,42,18,143,18,24,22
57400553,0,,,199,102,97,12,10,2,187,92,95,96,52,44,181,89,92,177,88,89,91,40,51,46,16,30,19,3,16,5,1,4,0,0,0,65,65,4,26,16,9,5,2,3,59,36,23,2,52,0,2,15
57400554,0,,,46,21,25,8,3,5,38,18,20,25,12,13,35,17,18,32,16,16,13,6,7,4,2,2,0,0,0,0,0,0,0,0,0,12,11,2,0,2,3,2,0,2,9,6,3,2,7,0,1,0
57400555,0,,,76,33,43,9,6,3,67,27,40,28,13,15,67,27,40,67,27,40,39,14,25,24,10,14,15,5,10,3,2,1,1,0,1,23,22,4,6,3,5,1,3,0,17,12,5,3,17,0,3,5
57400556,0,,,1484,724,760,256,141,115,1222,580,642,878,424,454,1179,557,622,1146,544,602,344,156,188,176,65,111,60,23,37,8,2,6,14,7,7,508,508,109,121,99,105,46,17,11,394,318,76,59,230,13,52,51
57400557,0,,,2415,1203,1212,305,160,145,2094,1031,1063,1492,774,718,2009,993,1016,1960,968,992,602,257,345,348,142,206,139,42,97,21,3,18,19,14,5,953,950,315,239,176,152,46,13,9,630,536,94,77,344,53,89,78
57400558,0,,,2951,1440,1511,416,212,204,2487,1199,1288,1777,887,890,2408,1169,1239,2351,1139,1212,710,312,398,354,151,203,125,48,77,9,3,6,12,3,9,1271,1270,499,294,226,149,59,28,15,761,654,107,119,474,89,141,105
57400559,0,,,3975,1941,2034,506,261,245,3433,1651,1782,2382,1188,1194,3316,1595,1721,3244,1563,1681,1051,463,588,559,225,334,177,65,112,15,2,13,16,7,9,1739,1738,643,468,300,209,74,34,10,1080,925,155,172,685,143,180,192
57400560,2,57400550,,2,1,1,*,*,*,*,*,*,*,*,*,*,*,*,*,*,*,*,*,*,*,*,*,*,*,*,*,*,*,*,*,*,1,1,*,*,*,*,*,*,*,*,*,*,*,*,*,*,*
57400561,0,,,40,15,25,10,0,10,30,15,15,15,8,7,27,13,14,27,13,14,15,7,8,8,4,4,1,0,1,0,0,0,0,0,0,9,9,1,3,1,0,0,1,3,8,4,4,1,8,0,1,2
57400562,0,,,345,160,185,45,20,25,300,140,160,174,83,91,293,138,155,290,135,155,126,57,69,65,24,41,30,11,19,5,1,4,1,1,0,132,132,32,39,27,23,6,4,1,100,75,25,11,81,1,18,19
57400563,0,,,185,93,92,24,9,15,161,84,77,95,56,39,156,81,75,153,79,74,66,28,38,25,6,19,15,3,12,4,1,3,1,0,1,57,57,14,10,8,9,8,5,3,42,22,20,2,42,1,9,5
57400564,0,,,30,17,13,0,0,0,30,17,13,19,12,7,29,16,13,29,16,13,11,5,6,7,3,4,6,3,3,0,0,0,0,0,0,9,9,2,2,2,0,1,1,1,7,4,3,0,8,0,1,0
57400565,0,,,73,33,40,3,1,2,70,32,38,33,16,17,70,32,38,69,32,37,37,16,21,16,4,12,8,0,8,4,0,4,0,0,0,27,27,3,12,5,5,1,1,0,24,16,8,1,23,0,2,7
57400566,0,,,139,63,76,16,8,8,123,55,68,56,28,28,119,55,64,117,55,62,67,27,40,44,16,28,25,7,18,4,1,3,1,0,1,41,39,6,14,7,4,5,3,0,33,23,10,5,25,0,5,7
57400567,0,,,30,16,14,6,3,3,24,13,11,13,7,6,24,13,11,23,12,11,11,6,5,3,2,1,1,0,1,0,0,0,0,0,0,10,10,2,3,1,2,1,1,0,8,6,2,2,7,0,2,2
57400568,0,,,2389,1154,1235,345,175,170,2001,955,1046,1460,725,735,1916,920,996,1852,892,960,541,230,311,268,94,174,121,31,90,14,3,11,10,6,4,933,931,288,219,191,162,44,20,7,639,558,81,98,333,32,81,76
57400569,0,,,2775,1322,1453,336,152,184,2428,1163,1265,1608,788,820,2351,1121,1230,2297,1093,1204,820,375,445,411,176,235,138,56,82,14,2,12,7,7,0,1151,1148,358,333,214,161,55,16,11,779,659,120,96,555,38,142,138
57400571,0,,,79,38,41,5,1,4,74,37,37,43,26,17,73,37,36,70,34,36,31,11,20,17,6,11,7,2,5,2,0,2,0,0,0,24,24,3,7,3,6,2,2,1,21,11,10,2,19,0,2,1
57400572,0,,,373,192,181,38,25,13,332,166,166,204,111,93,320,162,158,314,160,154,128,55,73,60,24,36,26,9,17,0,0,0,12,12,0,129,129,36,31,24,12,9,10,7,92,57,35,9,80,12,9,17
57400573,2,57400582,,15,8,7,*,*,*,*,*,*,*,*,*,*,*,*,*,*,*,*,*,*,*,*,*,*,*,*,*,*,*,*,*,*,3,3,*,*,*,*,*,*,*,*,*,*,*,*,*,*,*
57400574,0,,,50,25,25,7,4,3,43,21,22,22,10,12,43,21,22,43,21,22,21,11,10,11,6,5,5,3,2,0,0,0,0,0,0,14,14,1,4,4,2,0,1,2,13,7,6,1,11,0,1,1
57400575,0,,,81,37,44,5,2,3,76,35,41,46,25,21,72,33,39,71,33,38,30,10,20,16,4,12,9,2,7,0,0,0,1,0,1,22,22,4,2,6,5,1,1,3,17,8,9,0,18,0,2,1
57400576,0,,,172,89,83,9,5,4,163,84,79,86,47,39,159,83,76,155,81,74,77,37,40,31,14,17,11,4,7,2,1,1,1,0,1,63,63,11,20,18,8,3,1,2,52,39,13,2,47,0,9,11
57400577,0,,,246,120,126,13,7,6,227,112,115,133,67,66,223,110,113,217,105,112,94,45,49,46,18,28,17,4,13,0,0,0,0,0,0,84,84,8,30,24,12,5,3,2,74,54,20,1,54,1,5,18
57400578,0,,,577,309,268,90,48,42,469,248,221,362,193,169,455,239,216,445,233,212,107,55,52,30,11,19,8,2,6,0,0,0,4,2,2,245,244,86,62,46,30,14,5,1,156,137,19,20,69,19,9,27
57400579,0,,,2260,1141,1119,270,134,136,1971,992,979,1339,688,651,1901,961,940,1855,934,921,632,304,328,289,135,154,62,24,38,2,0,2,14,7,7,925,925,297,251,169,131,47,18,12,620,519,101,71,422,51,99,108
57400580,1,,57400590,116,41,75,3,1,2,119,42,77,31,17,14,117,41,76,117,41,76,88,25,63,71,15,56,57,8,49,9,1,8,0,0,0,15,13,4,2,3,4,0,1,2,12,5,7,0,15,0,4,1
57400581,0,,,99,51,48,19,9,10,80,42,38,50,27,23,79,41,38,78,40,38,30,15,15,15,5,10,8,4,4,0,0,0,1,0,1,28,28,5,8,4,2,3,1,5,23,12,11,6,20,0,2,3
57400582,1,,57400573,169,91,78,25,16,9,159,83,76,107,55,52,155,82,73,153,82,71,52,28,24,28,11,17,13,3,10,1,0,1,8,6,2,67,67,21,18,16,6,4,2,3,49,34,15,9,33,7,3,6
57400583,0,,,74,42,32,11,9,2,63,33,30,30,17,13,60,30,30,58,29,29,33,16,17,13,6,7,7,3,4,1,0,1,0,0,0,23,23,4,7,3,3,3,1,2,18,13,5,2,19,0,3,5
57400584,0,,,11,4,7,0,0,0,11,4,7,5,2,3,11,4,7,11,4,7,6,2,4,6,2,4,3,1,2,0,0,0,0,0,0,4,4,0,1,3,0,0,0,0,4,2,2,0,4,0,0,0
57400585,0,,,21,9,12,2,1,1,19,8,11,14,6,8,18,7,11,17,6,11,5,2,3,2,0,2,1,0,1,0,0,0,0,0,0,6,6,1,2,1,0,1,0,1,5,3,2,0,3,0,0,1
57400586,0,,,92,47,45,5,2,3,87,45,42,43,24,19,86,44,42,86,44,42,44,21,23,26,14,12,8,3,5,0,0,0,0,0,0,35,35,11,9,3,8,3,0,1,23,15,8,0,27,0,8,7
57400587,0,,,73,35,38,5,1,4,68,34,34,43,21,22,67,34,33,65,33,32,25,13,12,16,6,10,4,1,3,1,0,1,0,0,0,30,30,7,15,2,1,4,1,0,23,16,7,2,17,0,3,6
57400588,0,,,926,455,471,113,54,59,792,391,401,608,303,305,770,382,388,753,373,380,184,88,96,71,31,40,25,9,16,3,2,1,2,0,2,414,414,186,94,57,36,21,10,10,224,168,56,36,124,48,26,20
57400589,0,,,289,146,143,50,28,22,229,112,117,187,92,95,219,109,110,215,108,107,42,20,22,14,5,9,5,1,4,0,0,0,7,7,0,126,126,55,22,19,22,4,3,1,71,63,8,12,27,15,5,7
57400590,2,57400580,,6,2,4,*,*,*,*,*,*,*,*,*,*,*,*,*,*,*,*,*,*,*,*,*,*,*,*,*,*,*,*,*,*,3,3,*,*,*,*,*,*,*,*,*,*,*,*,*,*,*
57400591,0,,,72,37,35,2,1,1,70,36,34,36,20,16,69,35,34,68,34,34,34,16,18,17,7,10,9,3,6,0,0,0,1,0,1,30,30,9,9,6,4,1,1,0,21,13,8,1,24,0,7,5
57400592,0,,,339,145,194,37,16,21,302,129,173,134,73,61,297,125,172,294,123,171,168,56,112,110,25,85,72,10,62,9,1,8,3,3,0,90,88,17,25,17,15,5,5,4,71,48,23,9,58,5,5,10
57400593,0,,,113,51,62,11,3,8,102,48,54,66,33,33,99,48,51,96,45,51,36,15,21,26,10,16,12,3,9,0,0,0,0,0,0,36,36,5,13,3,6,6,2,1,31,19,12,3,23,0,2,3
57400594,0,,,61,29,32,9,3,6,52,26,26,28,14,14,52,26,26,51,25,26,24,12,12,16,6,10,7,2,5,0,0,0,0,0,0,17,17,3,5,2,3,0,1,3,14,8,6,2,14,0,2,5
57400595,0,,,32,17,15,7,4,3,25,13,12,12,7,5,25,13,12,25,13,12,13,6,7,3,2,1,1,0,1,0,0,0,0,0,0,8,8,1,2,1,1,0,1,2,7,4,3,0,7,0,0,1
57400596,0,,,99,49,50,4,2,2,95,47,48,51,26,25,95,47,48,93,45,48,44,21,23,24,12,12,5,2,3,1,0,1,1,0,1,27,27,0,5,9,5,6,2,0,27,14,13,3,25,0,0,4
57400597,0,,,66,34,32,2,1,1,64,33,31,34,18,16,62,33,29,61,32,29,30,15,15,18,10,8,8,5,3,1,0,1,0,0,0,23,23,4,8,5,2,2,1,1,19,14,5,0,20,0,4,5
57400598,0,,,460,233,227,42,25,17,411,205,206,248,134,114,403,201,202,396,195,201,163,71,92,75,29,46,27,8,19,1,0,1,4,3,1,175,175,50,50,31,21,12,6,5,125,88,37,11,108,6,20,22
57400599,0,,,92,49,43,8,6,2,84,43,41,49,25,24,81,43,38,78,40,38,35,18,17,25,13,12,7,5,2,1,1,0,0,0,0,25,25,2,4,7,3,6,2,1,23,11,12,0,19,0,1,3
57400600,0,,,233,105,128,26,11,15,207,94,113,116,56,60,205,93,112,203,91,112,91,38,53,47,12,35,21,3,18,4,0,4,1,0,1,82,82,15,26,20,8,9,1,3,66,40,26,6,60,0,9,12
57400601,0,,,165,86,79,12,7,5,153,79,74,81,42,39,150,78,72,147,75,72,72,37,35,41,19,22,14,5,9,2,2,0,0,0,0,51,51,5,13,14,9,7,2,1,46,28,18,4,43,0,3,11
57400602,0,,,130,63,67,6,2,4,124,61,63,68,32,36,120,59,61,118,59,59,56,29,27,28,13,15,16,5,11,0,0,0,0,0,0,45,45,6,16,11,4,5,3,0,39,26,13,1,34,1,3,6
57400603,0,,,316,150,166,22,11,11,294,139,155,158,79,79,291,138,153,287,137,150,136,60,76,59,18,41,26,7,19,3,1,2,0,0,0,118,118,31,29,31,16,6,1,4,86,59,27,7,90,3,19,14
57400605,0,,,69,32,37,3,2,1,66,30,36,36,21,15,64,30,34,63,30,33,30,9,21,11,2,9,4,0,4,0,0,0,0,0,0,25,25,5,9,5,2,2,1,1,20,14,6,0,21,0,3,2
57400606,0,,,37,16,21,2,0,2,35,16,19,18,10,8,32,15,17,32,15,17,17,6,11,9,3,6,2,0,2,1,0,1,0,0,0,13,13,2,5,1,4,0,1,0,11,7,4,0,10,0,0,3
57400607,2,57400608,,5,3,2,*,*,*,*,*,*,*,*,*,*,*,*,*,*,*,*,*,*,*,*,*,*,*,*,*,*,*,*,*,*,2,2,*,*,*,*,*,*,*,*,*,*,*,*,*,*,*
57400608,1,,57400607,941,460,481,73,35,38,872,427,445,468,234,234,849,416,433,833,410,423,404,193,211,161,78,83,37,14,23,5,0,5,1,0,1,377,377,79,155,67,46,20,12,0,298,239,59,13,251,0,40,93
57400609,0,,,72,34,38,8,3,5,64,31,33,43,21,22,59,29,30,58,29,29,21,10,11,9,4,5,5,2,3,0,0,0,0,0,0,28,28,7,8,5,7,0,1,0,21,18,3,4,14,0,5,3
57400610,0,,,26,17,9,2,2,0,24,15,9,12,8,4,22,14,8,22,14,8,12,7,5,7,4,3,4,2,2,0,0,0,0,0,0,10,10,4,2,1,1,1,1,0,6,4,2,0,9,0,4,0
57400611,0,,,250,127,123,21,11,10,228,115,113,124,70,54,223,111,112,218,110,108,104,45,59,64,26,38,25,7,18,3,0,3,0,0,0,79,79,14,23,13,10,9,6,4,65,33,32,6,64,0,10,14
57400612,0,,,76,38,38,9,5,4,67,33,34,47,23,24,63,31,32,62,30,32,20,10,10,8,5,3,4,2,2,1,0,1,1,0,1,27,27,3,13,5,2,2,1,1,22,18,4,0,12,1,0,3
57400613,0,,,210,113,97,21,14,7,189,99,90,97,55,42,186,96,90,183,95,88,92,44,48,52,23,29,19,7,12,1,1,0,0,0,0,63,63,6,22,12,6,9,4,4,57,34,23,6,52,0,3,15
57400614,0,,,53,28,25,2,0,2,51,28,23,31,18,13,49,26,23,49,26,23,20,10,10,9,3,6,4,0,4,1,0,1,1,0,1,21,21,5,6,4,6,0,0,0,16,10,6,0,14,0,3,3
57400615,0,,,83,43,40,4,2,2,79,41,38,34,16,18,75,39,36,71,38,33,45,25,20,21,10,11,9,4,5,1,0,1,0,0,0,30,30,7,11,5,1,3,1,2,23,16,7,1,28,0,6,7
57400616,0,,,30,16,14,5,1,4,25,15,10,15,9,6,25,15,10,25,15,10,10,6,4,6,3,3,0,0,0,0,0,0,0,0,0,9,9,1,4,1,0,1,1,1,8,5,3,3,7,0,0,3
57400617,0,,,241,118,123,15,8,7,226,110,116,130,71,59,219,107,112,212,104,108,96,39,57,49,21,28,10,4,6,1,0,1,1,1,0,97,97,29,30,13,17,4,3,1,68,53,15,7,64,0,17,15
57400618,0,,,876,413,463,61,26,35,815,387,428,442,238,204,794,372,422,781,364,417,373,149,224,215,70,145,111,26,85,22,3,19,1,0,1,275,273,39,98,55,50,16,9,6,233,176,57,14,167,0,18,49
57400619,0,,,31,14,17,4,2,2,27,12,15,16,7,9,26,12,14,25,12,13,11,5,6,6,2,4,3,1,2,0,0,0,0,0,0,12,12,3,3,2,4,0,0,0,8,6,2,1,8,0,3,1
57400620,0,,,36,19,17,3,2,1,33,17,16,22,12,10,31,15,16,30,14,16,11,5,6,9,4,5,3,2,1,0,0,0,0,0,0,9,9,1,0,1,4,2,1,0,8,4,4,1,6,0,0,0
57400621,0,,,133,69,64,8,5,3,125,64,61,75,40,35,121,60,61,120,59,61,50,24,26,22,9,13,8,2,6,2,1,1,0,0,0,46,46,9,15,10,4,3,3,2,37,23,14,1,33,0,5,5
57400622,0,,,1085,508,577,138,72,66,944,434,510,564,276,288,915,417,498,891,412,479,380,158,222,211,79,132,97,20,77,20,2,18,3,0,3,346,345,48,115,74,66,31,7,4,293,236,57,34,178,2,24,55
57400623,0,,,197,99,98,18,10,8,179,89,90,93,48,45,174,86,88,168,84,84,86,41,45,44,19,25,18,7,11,1,0,1,1,0,1,70,70,16,21,13,8,5,6,1,54,33,21,4,54,0,13,13
57400624,0,,,31,15,16,4,2,2,27,13,14,12,6,6,27,13,14,26,13,13,15,7,8,7,4,3,2,1,1,0,0,0,0,0,0,11,11,0,7,1,2,0,1,0,11,8,3,0,10,0,0,5
57400625,0,,,150,76,74,7,4,3,143,72,71,77,40,37,140,71,69,140,71,69,66,32,34,35,15,20,11,5,6,2,1,1,0,0,0,52,52,8,18,13,5,4,2,2,42,27,15,1,44,0,8,10
57400626,0,,,11,7,4,0,0,0,11,7,4,4,3,1,11,7,4,11,7,4,7,4,3,2,0,2,0,0,0,0,0,0,0,0,0,5,5,0,4,1,0,0,0,0,5,3,2,0,5,0,0,1
57400627,0,,,82,44,38,7,2,5,75,42,33,48,28,20,70,38,32,69,37,32,27,14,13,8,3,5,2,0,2,0,0,0,0,0,0,30,30,3,12,9,3,2,1,0,27,26,1,2,15,0,1,8
57400628,0,,,396,194,202,36,19,17,360,175,185,229,115,114,347,170,177,339,164,175,131,60,71,61,24,37,25,12,13,2,0,2,0,0,0,133,133,29,34,21,23,17,7,2,102,67,35,5,86,0,16,16
57400630,0,,,155,84,71,14,8,6,141,76,65,78,42,36,136,72,64,135,72,63,63,34,29,23,14,9,8,4,4,0,0,0,0,0,0,45,45,5,12,5,10,8,4,1,39,21,18,5,40,0,5,9
57400631,0,,,66,35,31,3,2,1,63,33,30,35,18,17,62,32,30,62,32,30,28,15,13,13,7,6,1,1,0,0,0,0,0,0,0,22,22,1,9,5,5,0,2,0,21,13,8,1,17,0,1,4
57400632,0,,,98,46,52,8,1,7,89,44,45,59,31,28,86,43,43,82,39,43,30,13,17,14,5,9,4,0,4,1,0,1,0,0,0,29,29,6,5,2,8,5,2,1,23,11,12,3,20,0,3,3
57400633,0,,,67,34,33,5,2,3,62,32,30,31,17,14,59,31,28,58,30,28,31,15,16,13,6,7,4,2,2,0,0,0,1,0,1,21,21,3,6,5,2,1,4,0,18,9,9,2,17,0,3,4
57400634,0,,,35,13,22,3,1,2,32,12,20,24,9,15,32,12,20,25,12,13,8,3,5,6,1,5,4,1,3,0,0,0,0,0,0,17,17,11,3,0,0,1,1,1,6,3,3,1,5,2,1,0
57400635,0,,,133,62,71,6,1,5,127,61,66,65,35,30,126,61,65,125,61,64,62,26,36,35,13,22,24,7,17,1,1,0,0,0,0,43,43,4,16,8,6,7,1,1,39,24,15,3,39,0,3,10
57400636,0,,,45,22,23,3,1,2,42,21,21,28,14,14,42,21,21,41,21,20,14,7,7,7,4,3,0,0,0,0,0,0,0,0,0,15,15,2,4,4,3,1,1,0,13,9,4,1,9,0,1,3
57400637,0,,,345,173,172,35,24,11,310,149,161,161,81,80,301,143,158,298,142,156,149,68,81,70,31,39,27,8,19,3,1,2,0,0,0,120,120,24,35,25,17,10,6,3,95,65,30,6,93,0,19,18
57400638,0,,,2954,1430,1524,351,201,150,2596,1223,1373,1586,786,800,2528,1195,1333,2467,1169,1298,1010,437,573,526,205,321,198,56,142,23,3,20,14,9,5,1074,1072,238,317,247,157,75,20,18,829,684,145,95,594,11,120,159
57400639,0,,,389,161,228,58,28,30,331,133,198,186,76,110,320,130,190,312,124,188,145,57,88,84,35,49,24,11,13,1,0,1,0,0,0,179,179,62,63,28,17,5,4,0,117,100,17,19,104,1,47,32
57400640,0,,,43,18,25,2,0,2,41,18,23,19,8,11,41,18,23,41,18,23,22,10,12,12,4,8,6,2,4,0,0,0,0,0,0,14,14,2,3,4,2,3,0,0,12,7,5,0,14,0,2,1
57400642,0,,,140,67,73,11,6,5,129,61,68,73,37,36,125,60,65,121,58,63,56,24,32,32,12,20,12,4,8,2,0,2,0,0,0,46,46,8,13,7,9,5,4,0,38,22,16,3,39,0,7,5
57400643,0,,,123,65,58,11,4,7,109,59,50,56,34,22,109,59,50,107,58,49,53,25,28,20,8,12,5,1,4,1,0,1,0,0,0,55,55,20,17,8,8,0,1,1,35,27,8,2,34,0,10,7
57400644,0,,,78,47,31,2,0,2,76,47,29,44,31,13,76,47,29,60,35,25,32,16,16,11,5,6,4,1,3,3,1,2,2,2,0,45,45,29,6,6,2,1,1,0,16,9,7,0,17,10,2,4
57400645,0,,,73,35,38,7,2,5,66,33,33,33,19,14,63,30,33,63,30,33,33,14,19,13,5,8,3,0,3,1,0,1,0,0,0,26,26,3,12,4,5,0,0,2,23,18,5,1,19,1,0,8
57400647,0,,,901,442,459,97,48,49,804,394,410,528,267,261,769,376,393,739,360,379,276,127,149,120,54,66,37,12,25,3,1,2,4,2,2,314,314,52,107,52,64,21,12,6,259,202,57,18,185,4,32,50
57400648,0,,,3207,1566,1641,424,210,214,2756,1339,1417,1811,919,892,2661,1297,1364,2612,1280,1332,945,420,525,475,194,281,176,52,124,24,4,20,13,5,8,1274,1272,365,350,266,184,74,23,10,891,729,162,117,611,31,134,143
57400649,0,,,3008,1474,1534,362,179,183,2609,1268,1341,1750,874,876,2510,1211,1299,2469,1193,1276,859,394,465,399,168,231,121,47,74,5,2,3,8,3,5,1213,1213,325,407,219,159,62,25,16,876,739,137,87,583,29,127,154
57400650,0,,,780,405,375,97,48,49,683,357,326,487,264,223,657,344,313,647,338,309,196,93,103,81,39,42,8,3,5,1,0,1,5,1,4,307,307,78,91,64,55,10,6,3,227,192,35,33,126,18,19,36
57400651,0,,,203,172,31,1,0,1,202,172,30,195,169,26,202,172,30,179,157,22,7,3,4,2,0,2,0,0,0,0,0,0,0,0,0,23,7,4,2,0,1,0,0,0,3,2,1,1,5,0,2,1
57400652,0,,,1001,539,462,136,60,76,824,450,374,670,379,291,790,439,351,727,396,331,154,71,83,56,28,28,8,1,7,0,0,0,3,1,2,475,473,236,87,58,66,18,6,2,233,210,23,35,106,67,22,29
57400653,0,,,139,68,71,17,7,10,121,61,60,87,45,42,116,58,58,111,55,56,34,16,18,9,4,5,4,2,2,1,0,1,0,0,0,48,48,13,10,10,4,7,3,1,35,23,12,4,23,0,3,4
57400654,0,,,130,63,67,9,4,5,121,59,62,58,28,30,121,59,62,118,59,59,63,31,32,29,13,16,12,5,7,0,0,0,1,0,1,46,46,8,17,8,6,4,1,2,38,25,13,2,39,0,5,12
57400655,0,,,73,34,39,6,3,3,67,31,36,37,17,20,66,30,36,65,30,35,30,14,16,15,5,10,5,0,5,0,0,0,0,0,0,24,24,3,7,6,5,1,1,1,21,12,9,2,21,0,2,4
57400656,0,,,35,17,18,3,1,2,32,16,16,13,6,7,31,16,15,31,16,15,19,10,9,10,6,4,4,2,2,1,1,0,0,0,0,10,10,0,3,2,2,3,0,0,10,4,6,0,9,0,0,3
57400657,0,,,520,237,283,51,21,30,466,214,252,264,134,130,454,209,245,451,207,244,202,80,122,129,44,85,61,15,46,15,1,14,1,0,1,168,167,36,56,28,20,13,6,8,130,95,35,11,102,3,15,20
57400658,0,,,1273,627,646,171,92,79,1094,528,566,705,358,347,1056,507,549,1036,495,541,389,170,219,190,79,111,62,21,41,5,1,4,3,3,0,500,500,127,153,106,69,30,10,5,366,306,60,51,250,13,60,52
57400659,0,,,224,109,115,13,5,8,202,99,103,123,60,63,197,95,102,192,93,99,79,39,40,32,13,19,7,3,4,0,0,0,4,3,1,95,95,25,36,17,12,3,1,1,70,62,8,2,52,2,6,18
57400660,0,,,941,483,458,97,50,47,825,421,404,545,297,248,807,412,395,770,389,381,280,124,156,141,58,83,40,13,27,4,1,3,3,1,2,441,440,172,128,85,39,7,4,5,262,226,36,30,182,39,45,49
57400661,0,,,4227,2253,1974,421,212,209,3577,1893,1684,2550,1421,1129,3466,1837,1629,3196,1659,1537,1027,472,555,485,210,275,149,56,93,13,2,11,37,17,20,2084,2078,1090,438,260,179,70,29,12,979,821,158,117,697,313,183,176
57400662,0,,,3744,1906,1838,527,271,256,3094,1567,1527,2291,1213,1078,2984,1508,1476,2825,1414,1411,803,354,449,349,143,206,98,33,65,5,1,4,14,8,6,1582,1580,606,332,282,243,80,30,7,963,829,134,132,511,176,93,149
57400663,0,,,1196,583,613,179,96,83,1006,479,527,707,351,356,961,459,502,921,438,483,299,128,171,123,47,76,38,14,24,4,0,4,2,0,2,425,425,95,123,65,82,36,19,5,320,250,70,52,189,22,22,40
57400664,0,,,455,237,218,43,27,16,412,210,202,254,141,113,406,204,202,398,198,200,158,69,89,65,25,40,21,7,14,1,0,1,2,1,1,149,149,19,46,36,23,8,15,2,130,82,48,8,104,0,14,22
57400665,0,,,62,29,33,6,2,4,56,27,29,34,18,16,54,27,27,52,27,25,22,9,13,13,5,8,6,2,4,0,0,0,0,0,0,20,20,3,7,3,2,3,1,1,17,10,7,1,16,0,2,3
57400667,0,,,343,168,175,46,24,22,297,144,153,191,94,97,280,134,146,275,132,143,106,50,56,48,20,28,19,6,13,0,0,0,1,0,1,135,135,38,35,33,17,8,1,3,96,79,17,9,80,0,30,9
57400668,0,,,417,205,212,42,13,29,373,191,182,240,127,113,360,182,178,352,177,175,133,64,69,60,29,31,12,4,8,0,0,0,1,0,1,171,170,46,59,29,26,6,2,2,122,102,20,17,82,8,16,30
57400669,0,,,49,26,23,6,5,1,43,21,22,22,10,12,42,21,21,42,21,21,21,11,10,7,3,4,4,2,2,1,1,0,0,0,0,15,15,2,3,4,4,0,1,1,13,7,6,0,12,0,2,1
57400670,0,,,1460,674,786,193,91,102,1267,583,684,720,352,368,1221,557,664,1188,542,646,547,231,316,300,128,172,113,34,79,14,4,10,4,1,3,550,549,136,190,96,78,29,16,4,412,360,52,42,308,3,79,102
57400671,0,,,3249,1603,1646,311,156,155,2903,1426,1477,1814,963,851,2829,1389,1440,2741,1334,1407,1089,463,626,573,233,340,193,65,128,14,2,12,14,6,8,1408,1405,550,389,245,140,48,21,12,845,705,140,98,669,110,196,152
57400672,0,,,2643,1312,1331,317,152,165,2262,1120,1142,1609,826,783,2182,1080,1102,2096,1029,1067,653,294,359,289,130,159,67,24,43,6,1,5,9,8,1,1108,1106,366,285,220,166,49,14,6,715,609,106,80,421,73,75,109
57400673,0,,,1308,664,644,185,93,92,1112,562,550,803,421,382,1071,543,528,1027,514,513,309,141,168,129,53,76,25,5,20,0,0,0,3,0,3,473,471,114,140,96,71,26,11,13,357,300,57,46,211,13,40,55
57400674,0,,,1284,660,624,140,76,64,1142,583,559,801,421,380,1105,558,547,1076,540,536,341,162,179,145,63,82,30,9,21,3,1,2,1,0,1,464,463,91,124,118,88,29,7,6,367,302,65,32,223,11,37,53
57400675,0,,,66,33,33,3,1,2,63,32,31,33,20,13,63,32,31,60,30,30,30,12,18,12,4,8,4,1,3,0,0,0,0,0,0,22,22,1,9,7,2,1,1,1,21,16,5,2,19,0,1,4
57400677,0,,,247,128,119,27,14,13,220,114,106,165,87,78,209,107,102,204,106,98,55,27,28,27,11,16,9,4,5,2,1,1,3,1,2,84,84,12,21,23,19,6,3,0,71,57,14,1,32,3,0,7
57400678,0,,,738,348,390,78,40,38,658,307,351,493,228,265,622,290,332,600,281,319,165,79,86,65,26,39,16,2,14,2,0,2,8,0,8,265,265,45,80,62,56,12,7,3,219,190,29,13,111,7,17,27
57400679,0,,,582,297,285,46,27,19,529,266,263,385,195,190,509,254,255,500,252,248,144,71,73,51,23,28,18,6,12,1,1,0,5,2,3,224,224,44,70,68,26,9,5,2,177,153,24,14,98,0,15,32
57400680,0,,,556,267,289,43,24,19,511,242,269,231,112,119,501,237,264,495,235,260,280,130,150,110,60,50,15,7,8,2,0,2,0,0,0,238,238,48,107,53,19,7,4,0,187,168,19,11,164,6,26,83
57400681,0,,,2735,1339,1396,253,132,121,2469,1199,1270,1505,716,789,2406,1178,1228,2354,1153,1201,964,483,481,331,162,169,70,28,42,7,2,5,10,6,4,1070,1069,226,382,248,135,46,19,13,834,703,131,70,602,30,81,215
57400682,0,,,228,127,101,23,9,14,205,118,87,152,92,60,189,104,85,185,100,85,53,26,27,21,11,10,5,2,3,1,1,0,1,0,1,82,81,23,17,24,6,6,3,2,58,45,13,5,35,1,7,7
57400683,0,,,66,36,30,6,3,3,56,29,27,31,15,16,56,29,27,56,29,27,25,14,11,12,7,5,4,2,2,0,0,0,0,0,0,34,34,13,15,2,3,1,0,0,21,18,3,3,17,3,5,8
57400684,0,,,1934,1012,922,186,110,76,1726,889,837,1132,603,529,1676,859,817,1606,827,779,594,286,308,322,153,169,94,44,50,4,2,2,9,6,3,877,877,340,255,132,95,35,13,7,524,446,78,49,385,80,88,120
57400685,0,,,170,86,84,22,15,7,146,70,76,126,61,65,143,69,74,140,67,73,20,9,11,11,4,7,8,3,5,1,0,1,1,0,1,81,81,39,15,15,7,4,0,1,39,31,8,8,15,8,4,1
57400686,0,,,56,27,29,5,2,3,51,25,26,28,14,14,48,23,25,47,22,25,23,11,12,9,4,5,4,2,2,1,1,0,0,0,0,19,19,2,8,3,2,3,1,0,17,12,5,2,16,0,2,6
57400687,0,,,50,26,24,8,5,3,42,21,21,27,14,13,39,18,21,38,17,21,15,7,8,2,1,1,1,0,1,1,0,1,0,0,0,14,14,1,5,3,1,1,1,2,12,10,2,2,9,0,1,2
57400688,0,,,1344,680,664,173,81,92,1164,594,570,861,449,412,1107,565,542,1072,543,529,303,145,158,139,63,76,32,12,20,2,2,0,4,3,1,482,482,91,134,129,81,23,13,11,387,325,62,40,199,8,33,57
57400689,0,,,2149,1039,1110,324,156,168,1808,871,937,1284,634,650,1743,840,903,1698,818,880,524,237,287,234,96,138,64,18,46,3,1,2,14,7,7,749,749,143,209,172,117,67,29,12,597,473,124,90,340,14,50,80
57400690,2,57400691,,11,7,4,*,*,*,*,*,*,*,*,*,*,*,*,*,*,*,*,*,*,*,*,*,*,*,*,*,*,*,*,*,*,3,3,*,*,*,*,*,*,*,*,*,*,*,*,*,*,*
57400691,1,,57400690,340,183,157,20,10,10,331,180,151,225,125,100,323,173,150,320,170,150,106,55,51,34,16,18,9,4,5,0,0,0,0,0,0,117,116,18,47,30,14,6,4,0,100,86,14,4,64,0,12,25
57400692,0,,,70,36,34,4,4,0,66,32,34,32,15,17,65,31,34,64,31,33,34,17,17,15,8,7,2,1,1,0,0,0,0,0,0,21,21,3,6,4,2,3,1,2,18,9,9,0,19,0,3,5
57400693,0,,,93,46,47,8,4,4,84,41,43,45,23,22,79,39,40,79,39,40,39,18,21,18,8,10,6,4,2,0,0,0,1,0,1,35,35,5,17,5,2,5,1,0,30,24,6,2,27,0,4,12
57400694,0,,,2846,1384,1462,417,211,206,2422,1169,1253,1739,859,880,2317,1121,1196,2256,1089,1167,683,310,373,326,141,185,108,37,71,8,3,5,6,2,4,1091,1090,275,300,243,172,65,25,10,800,682,118,115,459,43,113,97
57400695,0,,,2008,986,1022,280,145,135,1717,837,880,1166,600,566,1643,798,845,1599,775,824,551,237,314,287,105,182,82,24,58,11,3,8,6,3,3,729,729,166,196,157,125,47,27,11,553,447,106,74,367,33,60,86
57400696,0,,,58,31,27,7,2,5,51,29,22,25,15,10,51,29,22,51,29,22,26,14,12,8,3,5,5,2,3,0,0,0,0,0,0,20,20,5,4,6,2,1,0,2,15,11,4,2,14,0,2,3
57400697,0,,,109,51,58,13,8,5,96,43,53,55,25,30,91,41,50,88,41,47,41,18,23,15,3,12,7,1,6,0,0,0,2,0,2,32,32,8,5,5,4,4,4,2,24,14,10,1,25,0,5,3
57400698,0,,,258,127,131,63,30,33,195,97,98,171,86,85,187,90,97,180,86,94,24,11,13,8,3,5,4,2,2,0,0,0,3,0,3,86,86,14,19,24,17,9,2,1,72,64,8,26,16,4,2,4
57400699,0,,,1309,660,649,214,110,104,1082,543,539,812,413,399,1049,524,525,1021,510,511,270,130,140,113,52,61,30,9,21,3,0,3,12,0,12,453,453,93,119,87,87,44,15,8,349,275,74,55,188,7,28,33
57400700,0,,,839,434,405,63,34,29,776,400,376,434,247,187,750,382,368,736,373,363,342,153,189,172,72,100,51,20,31,2,1,1,7,3,4,311,311,57,108,75,36,17,14,4,254,200,54,13,216,1,45,62
57400701,0,,,704,345,359,52,22,30,652,323,329,370,187,183,627,309,318,611,302,309,282,136,146,126,51,75,43,13,30,4,1,3,0,0,0,262,261,43,107,54,27,12,13,5,217,165,52,7,182,0,28,58
57400702,0,,,17,11,6,0,0,0,17,11,6,10,7,3,17,11,6,17,11,6,7,4,3,3,2,1,2,1,1,0,0,0,0,0,0,6,6,1,1,3,0,1,0,0,5,4,1,0,4,0,1,1
57400710,0,,,235,119,116,30,18,12,205,101,104,114,54,60,196,98,98,195,97,98,91,47,44,44,22,22,18,7,11,1,1,0,0,0,0,74,74,8,28,11,12,7,5,3,65,44,21,5,55,0,6,21
57400711,0,,,219,105,114,28,16,12,191,89,102,111,53,58,187,86,101,182,86,96,80,36,44,39,20,19,10,6,4,1,1,0,0,0,0,70,70,8,25,15,7,8,5,2,62,43,19,7,49,0,4,12
57400720,0,,,184,94,90,9,2,7,175,92,83,100,54,46,169,89,80,167,89,78,75,38,37,30,13,17,11,5,6,2,1,1,0,0,0,52,52,5,11,13,9,6,6,2,47,24,23,1,46,0,4,6
57400721,0,,,224,111,113,26,10,16,198,101,97,129,67,62,186,93,93,182,89,93,69,34,35,29,13,16,13,5,8,1,0,1,0,0,0,68,68,10,14,18,13,4,5,4,58,37,21,4,42,0,4,12
57400722,0,,,31,14,17,0,0,0,31,14,17,22,12,10,31,14,17,31,14,17,9,2,7,5,0,5,5,0,5,0,0,0,0,0,0,10,10,0,5,0,4,1,0,0,10,6,4,0,7,0,0,0
57400730,0,,,301,144,157,19,9,10,281,134,147,146,73,73,274,130,144,272,128,144,135,61,74,68,30,38,17,6,11,1,0,1,2,0,2,111,111,21,39,24,14,8,3,2,88,61,27,3,85,0,15,25
57400731,0,,,302,153,149,28,13,15,274,140,134,170,91,79,272,139,133,266,136,130,104,49,55,41,14,27,16,3,13,3,0,3,3,1,2,98,98,14,33,20,15,4,5,7,84,55,29,4,65,0,7,16
57400732,0,,,23,12,11,2,1,1,21,11,10,12,7,5,21,11,10,21,11,10,9,4,5,5,2,3,0,0,0,0,0,0,0,0,0,8,8,0,5,0,2,1,0,0,8,7,1,0,5,0,0,2
57400740,0,,,263,121,142,22,9,13,240,111,129,158,75,83,235,108,127,225,105,120,82,36,46,41,18,23,12,6,6,0,0,0,7,2,5,92,92,20,21,24,15,5,5,2,72,51,21,6,51,0,10,9
57400741,0,,,89,44,45,7,5,2,82,39,43,49,24,25,80,39,41,79,39,40,33,15,18,11,6,5,4,1,3,0,0,0,0,0,0,24,24,1,7,5,4,1,5,1,22,10,12,3,22,0,1,4
57400742,1,,57400743,398,201,197,32,22,10,367,178,189,228,118,110,355,173,182,350,169,181,139,60,79,61,25,36,16,4,12,0,0,0,1,0,1,140,140,18,53,34,20,12,1,4,124,100,24,7,90,0,9,21
57400743,2,57400742,,3,1,2,*,*,*,*,*,*,*,*,*,*,*,*,*,*,*,*,*,*,*,*,*,*,*,*,*,*,*,*,*,*,2,2,*,*,*,*,*,*,*,*,*,*,*,*,*,*,*
57400750,0,,,342,165,177,27,10,17,315,155,160,197,100,97,304,145,159,300,142,158,118,55,63,45,20,25,12,4,8,1,0,1,7,6,1,130,130,32,43,25,11,13,2,4,97,72,25,6,77,7,9,18
57400751,0,,,341,155,186,28,12,16,312,142,170,207,92,115,304,139,165,296,135,161,105,50,55,48,21,27,19,6,13,0,0,0,1,0,1,105,105,15,23,26,20,11,5,5,89,57,32,7,73,1,12,10
57400752,1,,57400753,1021,517,504,132,66,66,894,453,441,560,288,272,862,439,423,840,428,412,334,165,169,145,71,74,42,14,28,4,0,4,5,1,4,376,376,93,107,82,46,26,15,10,285,223,62,39,226,1,48,45
57400753,2,57400752,,8,5,3,*,*,*,*,*,*,*,*,*,*,*,*,*,*,*,*,*,*,*,*,*,*,*,*,*,*,*,*,*,*,3,3,*,*,*,*,*,*,*,*,*,*,*,*,*,*,*
57400760,0,,,115,56,59,8,4,4,107,52,55,61,31,30,103,49,54,101,49,52,46,21,25,16,6,10,9,3,6,3,0,3,0,0,0,30,30,1,6,11,3,4,1,4,29,15,14,1,25,0,0,3
57400761,1,,57400770,61,32,29,3,3,0,68,32,36,31,15,16,64,29,35,63,28,35,37,17,20,16,5,11,9,2,7,0,0,0,0,0,0,19,19,4,7,6,3,2,1,1,20,12,8,1,20,0,2,3
57400762,0,,,50,22,28,7,0,7,43,22,21,23,11,12,42,22,20,42,22,20,20,11,9,8,4,4,4,2,2,0,0,0,0,0,0,14,14,1,5,1,3,1,2,1,12,7,5,3,11,0,1,2
57400770,2,57400761,,10,3,7,*,*,*,*,*,*,*,*,*,*,*,*,*,*,*,*,*,*,*,*,*,*,*,*,*,*,*,*,*,*,5,5,*,*,*,*,*,*,*,*,*,*,*,*,*,*,*
57400771,0,,,21,6,15,3,0,3,18,6,12,11,3,8,16,5,11,15,5,10,7,3,4,5,2,3,1,0,1,0,0,0,0,0,0,4,4,0,1,0,0,1,0,2,4,1,3,0,4,0,0,0
57400773,2,57400783,,7,5,2,*,*,*,*,*,*,*,*,*,*,*,*,*,*,*,*,*,*,*,*,*,*,*,*,*,*,*,*,*,*,3,3,*,*,*,*,*,*,*,*,*,*,*,*,*,*,*
57400780,0,,,607,283,324,93,42,51,514,241,273,357,173,184,498,233,265,482,225,257,157,68,89,74,27,47,22,4,18,2,0,2,1,0,1,205,203,33,52,56,42,11,4,5,170,140,30,28,90,1,19,21
57400781,0,,,69,35,34,3,2,1,66,33,33,44,23,21,63,31,32,61,29,32,22,10,12,9,2,7,2,1,1,0,0,0,1,0,1,24,24,5,6,7,3,0,2,1,18,9,9,0,16,0,2,2
57400782,0,,,173,91,82,14,7,7,158,83,75,101,56,45,151,77,74,145,73,72,57,27,30,28,11,17,10,6,4,0,0,0,1,0,1,61,61,13,17,12,9,7,2,1,47,31,16,1,41,1,8,9
57400783,1,,57400773,26,15,11,2,0,2,31,20,11,22,14,8,28,18,10,28,18,10,9,6,3,9,6,3,0,0,0,0,0,0,0,0,0,7,7,1,3,2,2,1,0,1,9,5,4,0,6,0,1,0
57400790,0,,,473,228,245,53,29,24,418,198,220,208,109,99,404,191,213,399,188,211,210,89,121,114,35,79,81,20,61,10,3,7,3,2,1,133,131,24,31,32,24,12,5,3,103,74,29,17,83,1,16,14
57400791,0,,,46,20,26,0,0,0,46,20,26,29,14,15,46,20,26,46,20,26,17,6,11,8,3,5,1,0,1,0,0,0,1,1,0,16,16,2,4,4,6,0,0,0,13,7,6,0,13,1,1,1
57400792,0,,,133,69,64,12,4,8,121,65,56,68,38,30,114,61,53,113,61,52,53,27,26,24,13,11,6,3,3,1,0,1,3,3,0,42,42,10,4,15,5,2,3,3,31,16,15,1,30,2,4,1
57400793,0,,,19,11,8,3,3,0,16,8,8,12,7,5,16,8,8,15,7,8,4,1,3,2,0,2,1,0,1,0,0,0,0,0,0,5,5,1,1,1,1,0,0,1,4,2,2,1,4,0,1,0
57401404,2,57401405,,4,2,2,*,*,*,*,*,*,*,*,*,*,*,*,*,*,*,*,*,*,*,*,*,*,*,*,*,*,*,*,*,*,2,2,*,*,*,*,*,*,*,*,*,*,*,*,*,*,*
57401405,1,,57401404,16,8,8,2,1,1,18,9,9,8,4,4,18,9,9,18,9,9,10,5,5,6,4,2,3,1,2,0,0,0,1,0,1,5,5,0,4,1,1,1,0,0,6,4,2,0,6,0,0,1
57401414,0,,,76,38,38,0,0,0,76,38,38,31,14,17,76,38,38,75,37,38,45,24,21,21,10,11,5,3,2,0,0,0,0,0,0,41,41,19,13,6,2,1,0,0,22,19,3,0,32,0,15,7
57401415,1,,57401416,41,20,21,2,0,2,42,21,21,26,13,13,41,20,21,39,20,19,16,8,8,5,2,3,2,0,2,0,0,0,0,0,0,14,14,3,9,1,0,1,0,2,13,10,3,0,10,0,1,2
57401416,2,57401415,,3,1,2,*,*,*,*,*,*,*,*,*,*,*,*,*,*,*,*,*,*,*,*,*,*,*,*,*,*,*,*,*,*,2,2,*,*,*,*,*,*,*,*,*,*,*,*,*,*,*
57401423,0,,,15,8,7,0,0,0,15,8,7,9,5,4,14,8,6,13,7,6,6,3,3,2,1,1,1,0,1,1,0,1,0,0,0,7,7,3,1,2,1,0,0,0,4,2,2,0,4,0,1,1
57401424,0,,,34,11,23,8,1,7,26,10,16,18,6,12,25,10,15,24,10,14,8,4,4,4,1,3,2,1,1,0,0,0,0,0,0,9,9,1,3,0,2,1,1,1,8,5,3,2,5,0,0,1
57401425,0,,,25,13,12,0,0,0,25,13,12,8,3,5,25,13,12,25,13,12,17,10,7,2,1,1,0,0,0,0,0,0,0,0,0,12,12,6,3,1,1,0,1,0,6,6,0,0,12,0,6,3
57401428,2,57401438,,4,2,2,*,*,*,*,*,*,*,*,*,*,*,*,*,*,*,*,*,*,*,*,*,*,*,*,*,*,*,*,*,*,2,2,*,*,*,*,*,*,*,*,*,*,*,*,*,*,*
57401429,2,57401438,,6,4,2,*,*,*,*,*,*,*,*,*,*,*,*,*,*,*,*,*,*,*,*,*,*,*,*,*,*,*,*,*,*,2,2,*,*,*,*,*,*,*,*,*,*,*,*,*,*,*
57401434,0,,,64,31,33,5,2,3,59,29,30,39,18,21,58,29,29,58,29,29,20,11,9,4,3,1,0,0,0,0,0,0,1,0,1,26,26,6,9,7,3,0,0,1,20,19,1,1,13,0,2,5
57401435,0,,,76,42,34,8,5,3,68,37,31,27,17,10,66,35,31,66,35,31,41,20,21,18,8,10,4,1,3,0,0,0,0,0,0,31,31,9,11,5,3,1,1,1,21,15,6,0,25,0,6,7
57401436,0,,,92,40,52,7,3,4,85,37,48,43,18,25,79,34,45,78,34,44,42,19,23,19,8,11,4,2,2,0,0,0,0,0,0,36,36,11,10,7,2,5,0,1,24,21,3,2,28,0,10,10
57401437,0,,,88,45,43,3,2,1,85,43,42,49,25,24,81,40,41,80,40,40,36,18,18,13,5,8,1,0,1,0,0,0,0,0,0,31,31,9,10,3,3,2,1,3,22,12,10,1,25,0,8,5
57401438,1,,57401428;57401429;57401449,253,111,142,16,6,10,251,112,139,143,61,82,245,112,133,240,111,129,108,51,57,52,24,28,11,2,9,0,0,0,3,2,1,116,116,38,54,15,9,4,2,1,84,70,14,4,77,0,17,32
57401439,0,,,219,92,127,6,3,3,213,89,124,45,27,18,211,87,124,208,85,123,168,62,106,131,43,88,91,25,66,17,6,11,0,0,0,41,38,12,10,9,4,1,1,1,26,18,8,1,33,0,10,7
57401442,0,,,27,15,12,3,2,1,24,13,11,12,7,5,22,12,10,22,12,10,12,6,6,4,1,3,0,0,0,0,0,0,0,0,0,10,9,2,5,0,1,0,1,0,7,6,1,1,6,0,0,4
57401443,0,,,22,11,11,0,0,0,22,11,11,13,7,6,20,10,10,20,10,10,9,4,5,5,1,4,3,0,3,0,0,0,0,0,0,8,8,2,1,3,1,1,0,0,6,4,2,0,5,0,1,1
57401444,0,,,20,9,11,1,0,1,19,9,10,11,4,7,18,9,9,18,9,9,8,5,3,1,0,1,0,0,0,0,0,0,0,0,0,7,7,1,2,2,1,1,0,0,6,6,0,0,6,0,1,2
57401445,0,,,345,170,175,36,24,12,308,145,163,191,95,96,300,141,159,294,140,154,117,50,67,58,25,33,16,5,11,0,0,0,0,0,0,149,149,54,44,21,19,5,4,2,93,74,19,6,82,13,24,21
57401446,0,,,591,287,304,41,18,23,547,267,280,298,165,133,531,260,271,521,255,266,249,102,147,145,51,94,55,15,40,3,0,3,0,0,0,235,234,78,67,40,22,11,6,10,152,102,50,11,173,1,53,33
57401447,0,,,101,42,59,5,1,4,96,41,55,52,25,27,92,39,53,91,39,52,44,16,28,27,7,20,9,2,7,1,0,1,2,1,1,40,40,8,15,8,6,3,0,0,32,21,11,2,29,0,4,9
57401448,0,,,96,49,47,13,8,5,83,41,42,51,24,27,83,41,42,81,40,41,32,17,15,7,4,3,2,0,2,1,0,1,0,0,0,37,37,10,12,7,4,2,0,2,27,21,6,2,22,0,6,5
57401449,2,57401438,,4,1,3,*,*,*,*,*,*,*,*,*,*,*,*,*,*,*,*,*,*,*,*,*,*,*,*,*,*,*,*,*,*,3,3,*,*,*,*,*,*,*,*,*,*,*,*,*,*,*
57401453,0,,,10,6,4,0,0,0,10,6,4,4,2,2,10,6,4,10,6,4,6,4,2,3,2,1,0,0,0,0,0,0,0,0,0,4,4,0,2,2,0,0,0,0,4,4,0,0,4,0,0,2
57401454,0,,,58,27,31,0,0,0,53,25,28,23,12,11,52,25,27,52,25,27,30,13,17,11,5,6,0,0,0,0,0,0,0,0,0,33,33,14,13,6,0,0,0,0,15,15,0,0,22,0,10,5
57401455,0,,,101,56,45,2,0,2,99,56,43,49,31,18,97,54,43,96,54,42,50,25,25,27,13,14,7,2,5,0,0,0,1,0,1,56,56,30,14,7,3,2,0,0,26,22,4,1,40,1,20,7
57401456,0,,,44,21,23,3,2,1,41,19,22,13,7,6,40,19,21,40,19,21,28,12,16,18,9,9,1,0,1,1,0,1,0,0,0,19,19,7,7,1,2,0,2,0,12,9,3,0,19,0,7,6
57401457,1,,57401458,50,25,25,9,5,4,52,25,27,28,16,12,50,24,26,48,24,24,24,9,15,13,4,9,5,0,5,0,0,0,0,0,0,15,15,4,3,4,3,1,2,1,14,6,8,3,15,0,3,1
57401458,2,57401457,,11,5,6,*,*,*,*,*,*,*,*,*,*,*,*,*,*,*,*,*,*,*,*,*,*,*,*,*,*,*,*,*,*,3,3,*,*,*,*,*,*,*,*,*,*,*,*,*,*,*
57401463,0,,,13,7,6,0,0,0,11,6,5,5,3,2,11,6,5,10,6,4,6,3,3,4,2,2,4,2,2,1,1,0,0,0,0,6,6,0,5,1,0,0,0,0,5,5,0,0,3,0,0,2
57401464,0,,,81,40,41,1,0,1,77,38,39,28,14,14,77,38,39,77,38,39,49,24,25,22,9,13,4,3,1,0,0,0,4,1,3,47,47,18,25,3,1,0,0,0,25,24,1,1,32,4,7,14
57401465,0,,,62,36,26,2,2,0,60,34,26,22,11,11,60,34,26,60,34,26,38,23,15,11,7,4,2,1,1,0,0,0,0,0,0,38,38,17,18,3,0,0,0,0,21,21,0,1,27,0,10,14
57401466,0,,,29,15,14,0,0,0,29,15,14,15,8,7,29,15,14,28,14,14,14,7,7,3,0,3,1,0,1,0,0,0,0,0,0,18,18,8,9,1,0,0,0,0,10,10,0,0,12,0,6,3
57401472,0,,,78,43,35,4,2,2,73,40,33,42,26,16,70,39,31,68,39,29,31,14,17,12,6,6,4,2,2,0,0,0,0,0,0,40,40,19,9,9,1,2,0,0,21,16,5,3,23,2,11,4
57401482,2,57401483,,4,2,2,*,*,*,*,*,*,*,*,*,*,*,*,*,*,*,*,*,*,*,*,*,*,*,*,*,*,*,*,*,*,4,4,*,*,*,*,*,*,*,*,*,*,*,*,*,*,*
57401483,1,,57401482,60,32,28,3,1,2,56,31,25,36,22,14,56,31,25,56,31,25,20,9,11,8,3,5,0,0,0,0,0,0,1,0,1,32,32,17,13,3,3,0,0,0,18,17,1,1,14,0,7,5
57401484,0,,,71,36,35,0,0,0,71,36,35,25,11,14,71,36,35,70,36,34,46,25,21,6,3,3,1,0,1,0,0,0,1,0,1,45,45,22,20,3,0,0,0,0,22,20,2,0,32,0,15,14
57401485,0,,,9,5,4,0,0,0,9,5,4,2,1,1,9,5,4,9,5,4,7,4,3,3,2,1,0,0,0,0,0,0,0,0,0,4,4,1,1,2,0,0,0,0,3,2,1,0,4,0,1,1
57401488,2,57401499,,4,2,2,*,*,*,*,*,*,*,*,*,*,*,*,*,*,*,*,*,*,*,*,*,*,*,*,*,*,*,*,*,*,1,1,*,*,*,*,*,*,*,*,*,*,*,*,*,*,*
57401489,0,,,19,10,9,0,0,0,19,10,9,8,6,2,19,10,9,19,10,9,11,4,7,6,2,4,2,0,2,0,0,0,0,0,0,6,6,0,1,3,2,0,0,0,6,3,3,0,6,0,0,0
57401496,0,,,47,25,22,0,0,0,45,23,22,24,14,10,44,23,21,43,23,20,21,9,12,7,2,5,4,1,3,1,0,1,0,0,0,15,15,2,6,2,2,1,1,1,12,8,4,0,11,0,0,4
57401499,1,,57401488,94,48,46,8,3,5,90,47,43,49,26,23,89,46,43,88,46,42,41,21,20,14,6,8,3,1,2,1,0,1,0,0,0,33,33,5,11,9,5,2,1,1,29,20,9,2,27,0,3,4
57401500,2,57401501,,7,3,4,*,*,*,*,*,*,*,*,*,*,*,*,*,*,*,*,*,*,*,*,*,*,*,*,*,*,*,*,*,*,2,2,*,*,*,*,*,*,*,*,*,*,*,*,*,*,*
57401501,1,,57401500,36,17,19,0,0,0,43,20,23,25,12,13,41,19,22,37,15,22,18,8,10,9,3,6,2,0,2,0,0,0,0,0,0,11,11,1,5,3,1,1,1,1,12,7,5,0,10,0,0,2
57401502,0,,,381,198,183,33,21,12,348,177,171,203,109,94,338,172,166,333,168,165,145,68,77,74,33,41,16,8,8,0,0,0,2,0,2,140,140,34,43,27,16,10,7,3,106,78,28,10,95,4,17,24
57401503,0,,,148,67,81,6,1,5,142,66,76,81,37,44,138,63,75,134,62,72,61,29,32,32,11,21,10,2,8,1,0,1,0,0,0,49,49,4,18,13,7,2,4,1,45,29,16,2,39,0,4,11
57401504,0,,,58,34,24,10,8,2,48,26,22,29,18,11,47,25,22,46,24,22,19,8,11,4,0,4,2,0,2,0,0,0,0,0,0,14,14,1,3,2,2,3,1,2,13,6,7,3,11,0,1,1
57401505,0,,,32,15,17,0,0,0,32,15,17,16,6,10,32,15,17,32,15,17,16,9,7,9,3,6,5,1,4,1,0,1,0,0,0,11,11,0,5,3,2,1,0,0,11,4,7,0,10,0,0,2
57401506,0,,,177,89,88,18,8,10,159,81,78,86,47,39,158,80,78,158,80,78,73,34,39,35,12,23,10,3,7,0,0,0,5,1,4,57,57,8,19,13,6,5,2,4,48,31,17,7,46,0,3,11
57401507,0,,,137,68,69,9,3,6,128,65,63,70,39,31,124,63,61,120,62,58,58,26,32,28,10,18,7,0,7,0,0,0,0,0,0,52,52,17,12,8,7,4,4,0,35,22,13,2,40,0,10,8
57401508,0,,,335,159,176,33,13,20,301,146,155,178,94,84,293,142,151,291,142,149,123,52,71,50,19,31,19,6,13,1,0,1,1,0,1,120,120,30,30,25,15,12,7,1,89,59,30,6,76,4,11,15
57401509,0,,,178,93,85,7,3,4,171,90,81,93,50,43,167,88,79,164,87,77,78,40,38,42,19,23,17,7,10,0,0,0,0,0,0,61,61,14,16,9,11,7,2,2,47,28,19,1,49,0,10,8
57401512,0,,,499,249,250,58,31,27,441,218,223,241,127,114,432,211,221,425,208,217,200,91,109,116,50,66,45,17,28,5,0,5,1,0,1,177,177,31,64,36,23,12,4,7,145,100,45,16,127,0,24,33
57401513,0,,,398,204,194,58,34,24,340,170,170,225,116,109,327,163,164,314,157,157,115,54,61,48,18,30,13,3,10,2,0,2,0,0,0,126,125,22,29,29,18,12,10,5,102,74,28,11,73,0,15,11
57401514,0,,,137,70,67,21,11,10,116,59,57,68,38,30,114,58,56,114,58,56,48,21,27,24,8,16,13,5,8,1,1,0,0,0,0,39,39,3,10,8,10,5,0,3,36,21,15,4,30,0,3,5
57401515,0,,,50,24,26,6,3,3,44,21,23,29,14,15,43,20,23,41,20,21,15,7,8,6,2,4,3,1,2,0,0,0,0,0,0,13,13,0,2,3,5,2,0,1,13,7,6,0,9,0,0,1
57401516,0,,,44,22,22,3,2,1,41,20,21,22,14,8,40,19,21,38,18,20,19,6,13,9,1,8,4,0,4,0,0,0,0,0,0,18,18,6,4,4,3,0,1,0,12,6,6,0,12,0,3,2
57401517,0,,,125,65,60,7,3,4,118,62,56,65,40,25,116,60,56,116,60,56,53,22,31,28,9,19,10,2,8,1,0,1,0,0,0,47,47,13,14,5,8,5,2,0,34,20,14,2,37,0,8,5
57401518,0,,,371,195,176,28,14,14,343,181,162,217,125,92,329,172,157,320,167,153,126,56,70,58,29,29,14,6,8,1,0,1,1,0,1,108,107,21,28,22,15,15,6,0,85,57,28,3,70,0,14,8
57401519,0,,,93,46,47,6,2,4,87,44,43,47,27,20,85,43,42,85,43,42,40,17,23,25,8,17,11,4,7,0,0,0,0,0,0,31,31,7,8,5,3,5,3,0,24,10,14,1,24,0,3,3
57401520,0,,,25,12,13,0,0,0,25,12,13,6,3,3,25,12,13,25,12,13,19,9,10,14,6,8,5,2,3,1,0,1,0,0,0,8,7,2,3,1,0,1,0,0,5,4,1,0,7,0,2,2
57401521,0,,,188,95,93,20,10,10,168,85,83,90,46,44,163,82,81,162,82,80,78,39,39,42,21,21,20,10,10,1,0,1,0,0,0,49,49,3,9,12,8,7,6,4,45,18,27,5,45,0,2,6
57401522,0,,,129,62,67,10,4,6,119,58,61,68,33,35,116,58,58,113,58,55,51,25,26,25,11,14,6,2,4,0,0,0,1,0,1,39,39,6,10,9,4,3,4,3,33,16,17,4,31,0,5,7
57401523,0,,,152,75,77,22,10,12,130,65,65,86,44,42,125,62,63,125,62,63,44,21,23,17,7,10,9,4,5,0,0,0,0,0,0,45,45,11,10,4,7,5,3,5,33,16,17,4,29,1,7,3
57401524,0,,,283,137,146,31,15,16,252,122,130,156,81,75,247,120,127,242,118,124,96,41,55,59,22,37,26,4,22,3,0,3,4,0,4,86,84,15,21,22,10,5,5,6,68,43,25,8,54,0,8,6
57401525,0,,,148,69,79,17,7,10,131,62,69,76,38,38,128,60,68,125,59,66,55,24,31,28,10,18,9,1,8,2,0,2,0,0,0,44,44,8,12,6,4,8,2,4,36,16,20,4,32,0,3,4
57401526,0,,,159,77,82,11,6,5,148,71,77,83,42,41,145,71,74,143,71,72,65,29,36,33,15,18,15,5,10,0,0,0,0,0,0,48,48,4,13,11,11,6,1,2,44,26,18,4,36,0,2,7
57401527,0,,,175,83,92,8,5,3,167,78,89,109,51,58,163,77,86,162,76,86,58,27,31,30,13,17,9,1,8,1,0,1,1,0,1,58,58,11,12,15,10,6,3,1,47,28,19,2,41,0,5,6
57401528,0,,,643,327,316,76,39,37,566,288,278,370,201,169,546,274,272,534,265,269,196,87,109,92,39,53,30,12,18,6,2,4,3,0,3,203,203,36,48,41,30,31,8,9,166,109,57,22,125,2,13,22
57401529,0,,,142,71,71,15,7,8,127,64,63,75,40,35,123,62,61,120,60,60,52,24,28,25,10,15,8,2,6,0,0,0,0,0,0,39,39,3,8,11,5,7,3,2,36,22,14,3,32,0,2,5
57401530,0,,,33,14,19,5,2,3,28,12,16,15,5,10,28,12,16,27,12,15,13,7,6,6,3,3,4,2,2,0,0,0,0,0,0,8,8,1,2,1,1,0,0,3,7,3,4,0,7,0,1,0
57401531,0,,,37,20,17,0,0,0,37,20,17,13,8,5,37,20,17,37,20,17,24,12,12,10,6,4,4,2,2,0,0,0,0,0,0,19,19,7,8,2,2,0,0,0,12,11,1,0,15,0,4,6
57401532,0,,,144,73,71,17,9,8,127,64,63,80,42,38,125,62,63,124,62,62,47,22,25,25,11,14,6,2,4,0,0,0,0,0,0,36,36,4,4,5,11,5,2,5,32,9,23,6,33,0,4,2
57401533,0,,,101,54,47,15,10,5,86,44,42,47,25,22,85,44,41,83,42,41,39,19,20,21,9,12,8,2,6,1,0,1,0,0,0,34,34,8,7,11,1,3,2,2,26,17,9,4,25,0,5,5
57401534,0,,,233,109,124,22,8,14,211,101,110,118,58,60,207,99,108,203,97,106,93,43,50,45,17,28,15,5,10,2,1,1,1,0,1,77,77,10,19,25,10,9,3,1,66,39,27,4,57,0,8,13
57401535,0,,,67,29,38,9,3,6,58,26,32,36,17,19,56,25,31,54,24,30,22,9,13,14,5,9,3,1,2,0,0,0,0,0,0,19,19,2,3,5,4,2,3,0,17,9,8,4,14,0,0,1
57401536,0,,,33,18,15,6,4,2,27,14,13,15,6,9,27,14,13,27,14,13,12,8,4,3,2,1,3,2,1,1,0,1,0,0,0,9,9,2,2,0,3,0,1,1,6,3,3,2,8,0,1,0
57401537,0,,,661,325,336,97,52,45,563,272,291,389,191,198,531,258,273,515,252,263,174,81,93,83,34,49,32,14,18,1,0,1,1,1,0,231,231,38,68,57,42,17,3,6,193,164,29,20,108,0,19,25
57401538,0,,,809,413,396,87,40,47,703,365,338,466,255,211,683,356,327,671,346,325,237,110,127,110,39,71,38,8,30,4,1,3,12,8,4,350,349,141,81,54,46,16,4,7,206,154,52,28,158,18,40,32
57401539,0,,,29,14,15,0,0,0,29,14,15,18,10,8,28,14,14,27,14,13,11,4,7,8,2,6,3,1,2,0,0,0,0,0,0,9,9,1,1,4,2,0,1,0,8,6,2,0,8,0,1,0
57401541,1,,57401550,32,14,18,2,0,2,33,16,17,18,9,9,33,16,17,33,16,17,15,7,8,8,3,5,3,2,1,0,0,0,0,0,0,9,9,2,3,1,3,1,0,1,9,4,5,0,9,0,0,1
57401542,0,,,121,60,61,8,4,4,113,56,57,63,32,31,109,54,55,108,53,55,50,24,26,26,8,18,14,4,10,1,0,1,1,1,0,44,44,13,9,9,8,1,2,2,31,18,13,3,34,0,10,4
57401543,0,,,145,73,72,16,10,6,129,63,66,77,40,37,124,61,63,119,58,61,52,23,29,29,12,17,16,6,10,0,0,0,0,0,0,41,41,6,6,9,10,3,4,3,35,17,18,1,34,0,3,2
57401544,0,,,488,237,251,40,19,21,448,218,230,256,127,129,438,212,226,433,209,224,192,91,101,93,37,56,37,15,22,4,0,4,3,3,0,156,156,23,43,35,23,18,10,4,133,81,52,9,120,2,15,26
57401545,0,,,14,5,9,0,0,0,14,5,9,9,2,7,14,5,9,14,5,9,5,3,2,2,1,1,1,0,1,0,0,0,0,0,0,5,5,1,0,3,1,0,0,0,4,3,1,0,4,0,0,0
57401546,0,,,88,40,48,14,4,10,74,36,38,47,23,24,72,35,37,70,34,36,27,13,14,14,5,9,5,1,4,0,0,0,0,0,0,22,22,3,4,5,3,2,1,4,19,8,11,5,18,0,2,2
57401547,0,,,1062,516,546,96,48,48,962,467,495,531,283,248,937,457,480,918,447,471,431,184,247,283,107,176,152,47,105,9,4,5,9,7,2,365,363,97,100,72,52,24,13,5,263,185,78,23,224,6,44,39
57401548,0,,,1240,602,638,147,70,77,1090,531,559,659,340,319,1061,517,544,1037,502,535,431,191,240,207,87,120,61,22,39,7,1,6,6,4,2,482,482,115,155,106,60,28,12,6,365,295,70,34,290,3,77,71
57401549,0,,,43,20,23,2,1,1,41,19,22,28,12,16,40,18,22,39,17,22,13,7,6,8,3,5,4,1,3,0,0,0,0,0,0,15,15,2,5,3,3,2,0,0,13,7,6,1,10,0,1,2
57401550,2,57401541,,3,2,1,*,*,*,*,*,*,*,*,*,*,*,*,*,*,*,*,*,*,*,*,*,*,*,*,*,*,*,*,*,*,2,2,*,*,*,*,*,*,*,*,*,*,*,*,*,*,*
57401553,0,,,57,30,27,6,4,2,51,26,25,28,16,12,49,24,25,48,24,24,23,10,13,13,6,7,8,3,5,0,0,0,1,1,0,13,13,1,2,1,3,3,1,2,12,3,9,3,10,0,0,0
57401554,1,,57401563,256,121,135,19,6,13,238,116,122,145,75,70,229,112,117,223,108,115,93,41,52,42,17,25,19,6,13,1,0,1,0,0,0,76,76,10,19,19,11,8,4,6,67,43,24,3,60,0,9,10
57401555,0,,,247,114,133,26,10,16,221,104,117,121,59,62,215,100,115,215,100,115,100,45,55,52,21,31,26,9,17,3,1,2,0,0,0,71,71,7,20,17,10,6,4,7,64,31,33,6,56,0,4,12
57401556,0,,,24,13,11,3,2,1,21,11,10,11,6,5,20,10,10,19,9,10,10,5,5,4,2,2,1,0,1,0,0,0,0,0,0,6,6,0,3,0,0,1,1,1,5,3,2,0,5,0,0,2
57401557,0,,,73,35,38,8,3,5,65,32,33,38,20,18,64,32,32,63,32,31,27,12,15,14,6,8,4,0,4,1,0,1,0,0,0,23,23,3,6,6,3,2,3,0,20,11,9,1,17,0,2,3
57401558,0,,,334,168,166,38,18,20,295,150,145,168,89,79,287,147,140,285,145,140,127,61,66,45,19,26,21,6,15,1,0,1,1,0,1,125,125,23,47,22,19,10,3,1,100,82,18,10,84,0,15,23
57401559,0,,,84,37,47,6,3,3,78,34,44,43,21,22,78,34,44,78,34,44,35,13,22,19,7,12,8,2,6,1,1,0,1,0,1,32,32,9,7,8,5,2,0,1,23,13,10,1,22,0,4,1
57401563,2,57401554,,1,1,0,*,*,*,*,*,*,*,*,*,*,*,*,*,*,*,*,*,*,*,*,*,*,*,*,*,*,*,*,*,*,1,1,*,*,*,*,*,*,*,*,*,*,*,*,*,*,*
57401564,0,,,9,5,4,0,0,0,9,5,4,7,3,4,9,5,4,9,5,4,2,2,0,0,0,0,0,0,0,0,0,0,0,0,0,4,4,2,0,1,1,0,0,0,2,2,0,0,2,0,2,0
57401565,0,,,55,31,24,7,6,1,48,25,23,35,20,15,45,24,21,44,23,21,13,5,8,4,1,3,3,1,2,0,0,0,0,0,0,15,15,1,2,4,5,0,3,0,14,8,6,3,8,0,0,0
57401566,0,,,243,96,147,11,4,7,232,92,140,84,43,41,230,91,139,229,90,139,148,49,99,108,28,80,76,14,62,21,0,21,1,0,1,55,53,10,12,13,7,7,2,2,43,24,19,2,44,0,7,8
57401567,0,,,134,63,71,26,12,14,108,51,57,62,32,30,106,50,56,104,49,55,46,19,27,16,3,13,5,1,4,3,1,2,0,0,0,37,37,9,8,4,3,3,3,7,28,13,15,4,30,0,5,6
57401568,0,,,90,47,43,6,2,4,84,45,39,49,28,21,81,42,39,81,42,39,35,17,18,18,7,11,9,3,6,2,1,1,1,0,1,28,28,3,7,8,5,2,2,1,25,15,10,2,19,0,2,4
57401569,0,,,9,5,4,0,0,0,9,5,4,4,3,1,9,5,4,9,5,4,5,2,3,4,1,3,2,1,1,0,0,0,0,0,0,4,4,0,3,1,0,0,0,0,4,4,0,0,3,0,0,1
57401575,0,,,20,11,9,0,0,0,20,11,9,13,8,5,20,11,9,18,10,8,7,3,4,4,1,3,2,1,1,0,0,0,0,0,0,9,9,4,2,1,1,1,0,0,5,3,2,0,5,0,1,1
57401576,0,,,124,62,62,8,4,4,116,58,58,62,32,30,114,57,57,110,56,54,54,26,28,31,15,16,9,3,6,0,0,0,0,0,0,37,37,4,10,8,5,6,2,2,33,17,16,2,34,0,3,6
57401577,0,,,83,41,42,8,4,4,75,37,38,41,20,21,74,37,37,72,36,36,34,17,17,11,4,7,4,1,3,0,0,0,0,0,0,24,24,2,9,4,3,0,4,2,22,11,11,2,22,0,2,4
57401578,0,,,72,36,36,7,4,3,65,32,33,37,22,15,63,30,33,63,30,33,28,10,18,13,2,11,7,1,6,0,0,0,0,0,0,25,25,4,8,5,4,3,1,0,21,13,8,1,20,0,3,5
57401579,0,,,9,5,4,0,0,0,9,5,4,4,3,1,9,5,4,9,5,4,5,2,3,2,1,1,0,0,0,0,0,0,0,0,0,4,4,1,1,2,0,0,0,0,3,3,0,0,3,0,0,0
57401585,2,57401595,,8,5,3,*,*,*,*,*,*,*,*,*,*,*,*,*,*,*,*,*,*,*,*,*,*,*,*,*,*,*,*,*,*,3,3,*,*,*,*,*,*,*,*,*,*,*,*,*,*,*
57401586,0,,,40,22,18,3,2,1,37,20,17,13,7,6,37,20,17,37,20,17,24,13,11,11,4,7,7,1,6,1,0,1,0,0,0,14,14,2,5,3,2,1,1,0,11,6,5,2,14,0,2,1
57401588,1,,57401597,25,12,13,3,1,2,25,12,13,14,8,6,24,12,12,24,12,12,11,4,7,5,2,3,3,2,1,0,0,0,0,0,0,7,7,1,3,1,3,0,1,0,8,4,4,2,7,0,1,2
57401589,0,,,65,29,36,1,0,1,64,29,35,32,15,17,62,28,34,62,28,34,32,14,18,15,5,10,6,2,4,0,0,0,0,0,0,27,27,7,9,6,3,2,0,0,20,12,8,0,23,0,4,4
57401590,1,,57401591,105,55,50,5,3,2,104,54,50,61,33,28,100,52,48,98,52,46,43,21,22,18,6,12,9,3,6,2,0,2,1,0,1,35,35,5,12,7,5,4,2,1,31,19,12,0,30,0,3,4
57401591,2,57401590,,4,2,2,*,*,*,*,*,*,*,*,*,*,*,*,*,*,*,*,*,*,*,*,*,*,*,*,*,*,*,*,*,*,1,1,*,*,*,*,*,*,*,*,*,*,*,*,*,*,*
57401592,0,,,19,8,11,1,0,1,18,8,10,10,4,6,16,7,9,16,7,9,8,4,4,1,0,1,1,0,1,1,0,1,0,0,0,5,5,0,2,0,1,1,1,0,5,3,2,0,4,0,0,2
57401595,1,,57401585,110,50,60,1,1,0,117,54,63,63,34,29,114,53,61,112,53,59,54,20,34,28,7,21,12,1,11,0,0,0,0,0,0,38,38,8,11,9,6,5,2,0,33,17,16,1,36,0,6,4
57401596,0,,,51,22,29,9,3,6,42,19,23,24,11,13,41,18,23,40,18,22,18,8,10,7,3,4,3,2,1,1,0,1,0,0,0,12,12,0,1,6,1,0,2,2,12,5,7,1,10,0,0,0
57401597,2,57401588,,3,1,2,*,*,*,*,*,*,*,*,*,*,*,*,*,*,*,*,*,*,*,*,*,*,*,*,*,*,*,*,*,*,2,2,*,*,*,*,*,*,*,*,*,*,*,*,*,*,*
57401599,0,,,36,18,18,0,0,0,36,18,18,14,8,6,36,18,18,36,18,18,22,10,12,8,3,5,3,0,3,2,0,2,0,0,0,12,12,1,4,3,2,2,0,0,11,7,4,0,12,0,1,4
57401600,0,,,27,15,12,1,1,0,26,14,12,16,10,6,24,12,12,24,12,12,10,4,6,4,1,3,3,1,2,0,0,0,0,0,0,9,9,1,1,4,3,0,0,0,8,4,4,1,6,0,0,0
57401601,0,,,149,74,75,13,7,6,136,67,69,80,41,39,133,65,68,132,64,68,56,26,30,17,7,10,6,1,5,0,0,0,0,0,0,44,44,5,10,11,6,6,5,1,39,23,16,4,35,0,3,5
57401602,0,,,167,64,103,4,3,1,163,61,102,48,27,21,161,60,101,161,60,101,115,34,81,90,20,70,60,13,47,13,3,10,0,0,0,29,28,2,10,7,4,2,3,0,25,17,8,2,23,0,2,5
57401603,0,,,997,499,498,64,28,36,927,467,460,492,257,235,907,455,452,890,446,444,435,210,225,145,69,76,33,9,24,2,0,2,2,0,2,390,390,66,165,84,46,17,7,5,321,275,46,15,280,0,43,97
57401604,0,,,440,218,222,58,29,29,379,186,193,232,115,117,372,182,190,366,179,187,147,71,76,61,32,29,14,9,5,2,0,2,0,0,0,176,176,40,60,41,20,13,2,0,135,117,18,18,96,2,19,36
57401605,0,,,479,230,249,55,23,32,424,207,217,276,140,136,410,199,211,402,194,208,148,67,81,59,27,32,14,4,10,0,0,0,0,0,0,187,187,38,68,41,24,11,4,1,149,126,23,17,91,5,10,32
57401606,0,,,113,55,58,9,3,6,104,52,52,58,30,28,99,50,49,97,49,48,46,22,24,15,8,7,3,0,3,0,0,0,0,0,0,37,37,5,12,9,4,2,4,1,32,21,11,1,30,0,4,5
57401607,0,,,209,107,102,24,12,12,185,95,90,103,54,49,182,93,89,177,91,86,82,41,41,38,21,17,7,4,3,1,0,1,0,0,0,65,65,8,17,19,5,10,3,3,57,36,21,6,55,1,5,8
57401608,0,,,556,301,255,83,43,40,464,251,213,382,211,171,449,245,204,438,239,199,82,40,42,40,17,23,15,6,9,0,0,0,0,0,0,240,240,87,60,47,30,11,3,2,149,126,23,28,60,18,7,13
57401609,0,,,764,385,379,90,51,39,664,328,336,417,213,204,653,322,331,641,317,324,247,115,132,113,47,66,34,9,25,3,0,3,1,0,1,328,328,116,99,48,41,12,7,5,205,167,38,27,164,15,43,49
57401610,0,,,46,24,22,6,4,2,40,20,20,24,12,12,38,20,18,38,20,18,16,8,8,6,2,4,1,1,0,0,0,0,0,0,0,15,15,3,4,3,2,1,1,1,12,7,5,2,11,0,1,3
57401611,0,,,80,38,42,7,3,4,73,35,38,47,20,27,68,34,34,65,32,33,26,15,11,7,3,4,2,1,1,0,0,0,0,0,0,24,24,0,10,5,4,2,2,1,24,14,10,0,19,0,0,5
57401612,0,,,12,6,6,1,0,1,11,6,5,4,2,2,11,6,5,10,5,5,7,4,3,3,2,1,2,2,0,1,1,0,0,0,0,5,5,1,2,1,1,0,0,0,4,3,1,0,4,0,1,1
57401613,0,,,80,44,36,6,3,3,74,41,33,42,26,16,74,41,33,74,41,33,32,15,17,17,9,8,3,0,3,0,0,0,0,0,0,29,29,3,13,5,6,0,2,0,26,21,5,1,21,0,1,8
57401614,0,,,92,49,43,6,4,2,86,45,41,39,23,16,84,45,39,84,45,39,47,22,25,19,8,11,12,5,7,0,0,0,0,0,0,32,32,5,14,3,6,0,2,2,27,18,9,2,27,0,2,8
57401615,0,,,276,137,139,20,12,8,256,125,131,146,77,69,252,123,129,246,120,126,110,48,62,54,21,33,16,5,11,2,1,1,1,0,1,92,92,16,27,20,14,5,6,4,75,47,28,4,68,0,9,13
57401616,0,,,25,11,14,0,0,0,25,11,14,11,5,6,25,11,14,25,11,14,14,6,8,8,4,4,2,0,2,0,0,0,0,0,0,10,10,1,3,6,0,0,0,0,9,6,3,0,8,0,1,0
57401617,0,,,221,116,105,7,4,3,214,112,102,131,76,55,208,109,99,201,105,96,83,36,47,39,12,27,17,4,13,1,0,1,0,0,0,62,62,10,7,14,14,9,4,4,52,24,28,3,51,0,7,3
57401618,0,,,2152,1073,1079,257,130,127,1869,924,945,1302,676,626,1806,893,913,1759,871,888,567,248,319,270,106,164,70,17,53,1,0,1,12,11,1,879,879,262,234,198,125,42,11,7,601,503,98,74,378,45,77,99
57401619,0,,,1740,850,890,230,120,110,1495,719,776,1100,551,549,1431,687,744,1389,665,724,395,168,227,215,87,128,69,24,45,4,0,4,54,6,48,733,732,277,160,133,109,35,11,7,452,387,65,54,259,70,60,58
57401620,2,57401621,,5,3,2,*,*,*,*,*,*,*,*,*,*,*,*,*,*,*,*,*,*,*,*,*,*,*,*,*,*,*,*,*,*,1,1,*,*,*,*,*,*,*,*,*,*,*,*,*,*,*
57401621,1,,57401620,106,58,48,1,0,1,110,61,49,61,37,24,109,60,49,107,58,49,49,24,25,28,13,15,11,4,7,0,0,0,0,0,0,37,37,5,13,7,6,7,0,0,33,20,13,1,30,0,3,8
57401622,0,,,221,107,114,35,19,16,186,88,98,125,63,62,180,86,94,175,83,92,61,25,36,31,10,21,13,3,10,1,1,0,0,0,0,70,70,7,19,19,17,2,1,5,63,44,19,10,39,0,3,7
57401623,0,,,121,64,57,9,4,5,112,60,52,60,32,28,110,59,51,110,59,51,52,28,24,22,10,12,10,4,6,2,0,2,0,0,0,41,41,7,17,5,2,4,5,1,33,22,11,1,34,0,6,6
57401624,0,,,95,47,48,8,5,3,87,42,45,50,27,23,86,41,45,86,41,45,37,15,22,17,5,12,7,1,6,0,0,0,0,0,0,33,33,5,12,5,7,2,1,1,28,18,10,3,23,0,3,5
57401625,0,,,60,33,27,1,1,0,59,32,27,34,19,15,58,32,26,56,31,25,25,13,12,11,5,6,5,3,2,0,0,0,1,1,0,19,19,2,4,6,5,1,0,1,17,13,4,0,16,0,2,3
57401626,0,,,32,16,16,2,1,1,30,15,15,15,7,8,29,14,15,29,14,15,15,8,7,7,3,4,0,0,0,0,0,0,0,0,0,11,11,1,2,6,1,1,0,0,10,9,1,0,10,0,1,1
57401627,0,,,333,169,164,37,19,18,295,149,146,216,116,100,243,118,125,228,108,120,79,33,46,37,12,25,11,1,10,2,0,2,0,0,0,102,99,19,26,25,17,8,4,0,80,58,22,13,51,1,6,11
57401628,0,,,2813,1403,1410,376,188,188,2398,1185,1213,1650,864,786,2306,1133,1173,2258,1106,1152,748,321,427,362,137,225,121,38,83,3,0,3,10,5,5,1175,1175,373,333,217,167,60,20,5,784,672,112,91,500,49,123,147
57401629,0,,,4067,1969,2098,502,254,248,3511,1683,1828,2409,1219,1190,3410,1642,1768,3347,1614,1733,1102,464,638,576,212,364,211,63,148,17,1,16,36,20,16,1710,1708,612,470,313,197,74,28,14,1057,883,174,157,689,96,178,150
57401630,0,,,30,14,16,3,1,2,27,13,14,15,7,8,27,13,14,26,12,14,12,6,6,3,1,2,2,0,2,0,0,0,0,0,0,10,10,2,2,2,3,0,1,0,8,5,3,0,6,0,1,2
57401631,0,,,11,7,4,0,0,0,11,7,4,4,3,1,11,7,4,11,7,4,7,4,3,5,3,2,4,3,1,0,0,0,0,0,0,4,4,1,1,0,2,0,0,0,3,1,2,0,4,0,1,0
57401632,0,,,79,38,41,7,1,6,72,37,35,38,22,16,70,36,34,70,36,34,34,15,19,20,8,12,9,3,6,1,0,1,0,0,0,29,29,9,6,6,4,1,2,1,20,12,8,3,20,0,3,2
57401633,0,,,112,57,55,4,2,2,108,55,53,52,25,27,108,55,53,106,53,53,56,30,26,21,10,11,9,3,6,0,0,0,0,0,0,40,40,6,15,8,4,6,1,0,34,20,14,1,34,0,4,8
57401634,0,,,63,31,32,4,4,0,59,27,32,27,14,13,58,27,31,57,27,30,32,13,19,20,6,14,12,3,9,2,0,2,1,0,1,25,25,7,9,4,2,1,1,1,18,12,6,2,22,0,6,7
57401635,1,,57401645,36,19,17,2,1,1,41,23,18,21,14,7,41,23,18,40,22,18,20,9,11,10,3,7,7,2,5,1,1,0,0,0,0,13,13,3,5,3,2,1,0,1,12,9,3,1,13,0,2,2
57401637,0,,,3043,1504,1539,346,174,172,2686,1321,1365,1658,841,817,2586,1263,1323,2523,1232,1291,1028,480,548,385,183,202,75,28,47,7,1,6,15,10,5,1166,1165,215,433,251,165,70,25,6,943,825,118,94,639,20,87,238
57401638,0,,,5902,2904,2998,842,430,412,4983,2419,2564,3868,1900,1968,4738,2284,2454,4579,2207,2372,1115,519,596,472,203,269,176,59,117,16,6,10,40,18,22,2329,2326,646,637,496,385,109,35,18,1651,1485,166,238,692,137,134,216
57401639,0,,,6729,3251,3478,767,383,384,5890,2819,3071,4088,2055,2033,5710,2735,2975,5575,2655,2920,1802,764,1038,873,335,538,331,113,218,27,6,21,58,15,43,3000,2996,1100,861,528,365,91,37,14,1847,1630,217,228,1203,207,327,307
57401640,0,,,23,13,10,0,0,0,23,13,10,11,6,5,23,13,10,23,13,10,12,7,5,7,4,3,5,3,2,3,2,1,0,0,0,6,6,1,0,2,1,0,2,0,5,1,4,0,6,0,1,0
57401642,0,,,48,24,24,6,2,4,42,22,20,26,13,13,41,21,20,41,21,20,16,9,7,8,3,5,5,2,3,0,0,0,0,0,0,11,11,1,1,2,2,1,3,1,10,3,7,1,10,0,0,0
57401643,0,,,20,9,11,0,0,0,20,9,11,7,4,3,20,9,11,20,9,11,13,5,8,8,3,5,5,1,4,2,0,2,0,0,0,6,6,0,0,4,2,0,0,0,6,2,4,0,6,0,0,0
57401644,0,,,45,25,20,9,6,3,36,19,17,18,9,9,36,19,17,36,19,17,18,10,8,7,4,3,3,1,2,0,0,0,2,0,2,15,15,5,2,3,2,0,2,1,10,4,6,2,13,0,4,2
57401645,2,57401635,,7,5,2,*,*,*,*,*,*,*,*,*,*,*,*,*,*,*,*,*,*,*,*,*,*,*,*,*,*,*,*,*,*,2,2,*,*,*,*,*,*,*,*,*,*,*,*,*,*,*
57401647,0,,,1407,661,746,200,104,96,1204,554,650,786,395,391,1145,521,624,1114,502,612,418,159,259,214,64,150,98,22,76,16,1,15,2,2,0,435,433,57,124,87,104,49,8,4,373,308,65,25,205,2,29,54
57401648,0,,,1946,981,965,476,258,218,1461,716,745,1093,551,542,1410,688,722,1380,672,708,368,165,203,186,84,102,59,23,36,8,3,5,24,3,21,666,665,120,147,164,167,50,15,2,536,482,54,151,210,25,35,66
57401649,0,,,2865,1357,1508,352,196,156,2481,1142,1339,1690,796,894,2380,1094,1286,2306,1058,1248,791,346,445,347,152,195,85,25,60,4,0,4,11,5,6,1228,1228,398,379,226,140,54,19,12,821,725,96,99,553,37,165,148
57401650,0,,,17,10,7,1,1,0,16,9,7,8,4,4,16,9,7,16,9,7,8,5,3,1,1,0,0,0,0,0,0,0,0,0,0,5,5,1,0,2,0,2,0,0,4,2,2,1,5,0,1,0
57401653,0,,,29,18,11,0,0,0,29,18,11,17,12,5,29,18,11,29,18,11,12,6,6,7,3,4,2,1,1,1,1,0,0,0,0,9,9,2,1,2,2,1,1,0,6,1,5,0,7,0,1,0
57401654,0,,,35,20,15,1,0,1,34,20,14,16,11,5,34,20,14,33,19,14,18,9,9,14,7,7,3,2,1,0,0,0,0,0,0,12,12,3,2,5,0,0,1,1,9,6,3,1,10,0,1,1
57401655,0,,,77,42,35,8,6,2,69,36,33,42,24,18,66,34,32,65,33,32,27,12,15,13,6,7,7,3,4,0,0,0,1,0,1,21,21,1,5,5,4,2,3,1,20,10,10,3,18,0,1,2
57401656,0,,,91,51,40,14,10,4,77,41,36,37,21,16,76,40,36,75,39,36,40,20,20,10,4,6,4,1,3,1,0,1,0,0,0,34,34,9,10,5,5,3,2,0,25,19,6,5,25,1,6,6
57401657,0,,,330,167,163,33,22,11,297,145,152,163,80,83,286,141,145,279,135,144,134,65,69,65,27,38,26,7,19,1,1,0,0,0,0,108,108,17,36,20,13,9,8,5,90,58,32,7,86,0,14,21
57401658,0,,,240,121,119,30,11,19,210,110,100,118,65,53,201,105,96,194,98,96,92,45,47,28,11,17,15,4,11,1,1,0,4,3,1,78,78,13,21,18,14,5,3,4,65,46,19,5,54,1,6,14
57401659,0,,,137,67,70,18,7,11,119,60,59,68,38,30,117,59,58,113,56,57,51,22,29,27,13,14,10,4,6,0,0,0,0,0,0,50,50,13,18,5,8,1,2,3,36,27,9,4,32,2,6,12
57401660,0,,,26,14,12,1,0,1,25,14,11,13,8,5,25,14,11,25,14,11,12,6,6,10,4,6,3,1,2,0,0,0,0,0,0,9,9,3,2,1,1,0,2,0,6,2,4,0,8,0,2,1
57401663,0,,,13,6,7,0,0,0,13,6,7,10,4,6,13,6,7,13,6,7,3,2,1,1,1,0,1,1,0,0,0,0,0,0,0,4,4,1,0,1,1,1,0,0,3,2,1,0,2,0,0,0
57401664,0,,,33,17,16,4,2,2,29,15,14,16,8,8,29,15,14,29,15,14,13,7,6,10,4,6,3,1,2,0,0,0,0,0,0,9,9,2,1,1,1,2,2,0,5,4,1,0,7,0,1,0
57401665,0,,,142,64,78,25,10,15,117,54,63,94,44,50,110,51,59,108,49,59,23,10,13,8,1,7,4,1,3,1,0,1,0,0,0,44,44,5,8,14,9,6,1,1,39,31,8,6,14,0,1,1
57401666,0,,,22,14,8,1,1,0,21,13,8,14,10,4,20,13,7,19,12,7,7,3,4,3,2,1,0,0,0,0,0,0,3,3,0,11,11,7,1,1,1,0,1,0,3,1,2,0,5,3,2,0
57401667,0,,,201,102,99,16,12,4,185,90,95,102,51,51,185,90,95,182,88,94,83,39,44,35,14,21,14,3,11,0,0,0,1,0,1,65,65,10,17,15,12,6,2,3,55,36,19,4,56,0,9,8
57401668,0,,,40,17,23,0,0,0,40,17,23,23,9,14,39,17,22,38,16,22,17,8,9,7,3,4,3,1,2,0,0,0,0,0,0,17,17,4,8,2,1,2,0,0,13,9,4,0,11,0,1,3
57401669,0,,,86,41,45,5,3,2,81,38,43,47,23,24,75,36,39,73,34,39,34,15,19,20,9,11,5,2,3,1,0,1,0,0,0,34,34,7,14,7,3,1,1,1,27,23,4,1,22,0,4,8
57401670,2,57401671,,6,4,2,*,*,*,*,*,*,*,*,*,*,*,*,*,*,*,*,*,*,*,*,*,*,*,*,*,*,*,*,*,*,3,3,*,*,*,*,*,*,*,*,*,*,*,*,*,*,*
57401671,1,,57401670,20,10,10,3,0,3,23,14,9,10,7,3,23,14,9,23,14,9,13,7,6,4,1,3,2,0,2,0,0,0,0,0,0,8,8,5,2,2,0,1,1,0,6,3,3,0,8,0,3,1
57401675,1,,57401684,2632,1295,1337,602,292,310,2029,1001,1028,1797,898,899,1894,937,957,1821,894,927,232,103,129,79,32,47,18,4,14,0,0,0,13,6,7,810,809,70,188,185,249,84,26,8,732,654,78,148,160,2,20,36
57401677,0,,,233,113,120,18,8,10,214,104,110,120,63,57,211,102,109,206,100,106,94,41,53,48,18,30,28,9,19,2,0,2,0,0,0,76,76,12,18,18,17,5,4,2,64,38,26,6,56,0,7,10
57401678,0,,,54,25,29,4,2,2,50,23,27,30,16,14,47,22,25,46,22,24,20,7,13,10,3,7,6,1,5,1,0,1,0,0,0,17,17,4,3,3,4,1,1,1,13,6,7,0,12,1,1,3
57401679,0,,,142,67,75,15,7,8,125,59,66,74,33,41,122,58,64,118,55,63,51,26,25,33,16,17,11,4,7,0,0,0,1,0,1,48,48,9,14,10,5,6,3,1,39,29,10,4,31,0,3,9
57401680,2,57401681,,6,3,3,*,*,*,*,*,*,*,*,*,*,*,*,*,*,*,*,*,*,*,*,*,*,*,*,*,*,*,*,*,*,3,3,*,*,*,*,*,*,*,*,*,*,*,*,*,*,*
57401681,1,,57401680,17,8,9,0,0,0,23,11,12,10,4,6,23,11,12,23,11,12,13,7,6,6,2,4,1,0,1,0,0,0,0,0,0,6,6,2,4,2,0,0,0,1,7,5,2,0,8,0,2,3
57401682,2,57401692,,6,3,3,*,*,*,*,*,*,*,*,*,*,*,*,*,*,*,*,*,*,*,*,*,*,*,*,*,*,*,*,*,*,2,2,*,*,*,*,*,*,*,*,*,*,*,*,*,*,*
57401684,2,57401675,,3,2,1,*,*,*,*,*,*,*,*,*,*,*,*,*,*,*,*,*,*,*,*,*,*,*,*,*,*,*,*,*,*,1,1,*,*,*,*,*,*,*,*,*,*,*,*,*,*,*
57401685,0,,,20,9,11,4,1,3,16,8,8,11,7,4,16,8,8,16,8,8,5,1,4,2,0,2,0,0,0,0,0,0,0,0,0,5,5,0,2,0,1,1,0,1,5,3,2,0,4,0,0,1
57401686,0,,,32,16,16,3,1,2,29,15,14,18,11,7,25,12,13,24,11,13,11,4,7,6,2,4,3,1,2,0,0,0,0,0,0,8,8,0,3,1,0,2,1,1,8,3,5,0,7,0,0,1
57401687,0,,,274,146,128,32,17,15,242,129,113,142,79,63,235,126,109,232,125,107,100,50,50,46,21,25,11,1,10,1,0,1,0,0,0,81,81,11,16,18,17,10,5,4,70,44,26,6,65,0,8,9
57401688,0,,,2088,1067,1021,480,256,224,1604,808,796,1292,669,623,1491,751,740,1410,695,715,312,139,173,154,60,94,61,22,39,4,0,4,3,0,3,658,658,114,115,139,177,73,30,10,541,447,94,84,211,8,42,33
57401689,0,,,2995,1447,1548,398,225,173,2550,1191,1359,1587,796,791,2442,1132,1310,2387,1103,1284,963,395,568,593,228,365,163,61,102,19,3,16,18,6,12,1074,1072,242,297,229,192,71,33,8,813,662,151,87,579,13,134,156
57401690,0,,,68,34,34,9,3,6,59,31,28,25,15,10,58,30,28,58,30,28,34,16,18,17,6,11,8,3,5,0,0,0,0,0,0,20,20,2,7,2,6,0,1,2,18,11,7,3,18,0,1,5
57401691,0,,,81,43,38,4,2,2,77,41,36,39,22,17,75,39,36,75,39,36,38,19,19,14,7,7,4,1,3,0,0,0,0,0,0,26,26,1,9,8,4,2,2,0,25,19,6,1,21,0,1,8
57401692,1,,57401682,11,5,6,1,0,1,16,8,8,8,4,4,16,8,8,16,8,8,8,4,4,5,2,3,4,1,3,1,1,0,2,0,2,4,4,1,1,3,0,1,0,0,5,1,4,1,4,0,1,0
57401697,0,,,202,97,105,11,6,5,190,91,99,106,56,50,187,89,98,184,87,97,84,35,49,42,14,28,24,6,18,3,0,3,1,0,1,64,63,12,18,14,7,7,4,1,51,31,20,3,44,0,7,7
57401698,0,,,1814,909,905,519,278,241,1281,621,660,1070,530,540,1223,593,630,1184,576,608,211,91,120,90,35,55,33,15,18,4,3,1,4,1,3,551,551,66,102,121,166,66,23,7,482,406,76,134,132,11,9,25
57401699,0,,,1697,839,858,164,91,73,1532,747,785,939,500,439,1416,686,730,1333,623,710,593,247,346,343,119,224,131,29,102,18,3,15,13,10,3,483,469,93,140,103,88,30,13,2,373,318,55,36,245,5,46,80
57401700,0,,,1206,609,597,141,76,65,1055,526,529,725,367,358,1018,505,513,1008,501,507,330,159,171,134,58,76,30,6,24,2,0,2,4,4,0,461,461,100,153,101,64,26,12,5,351,291,60,47,222,17,36,63
57401701,0,,,56,31,25,3,2,1,53,29,24,37,22,15,52,28,24,51,27,24,16,7,9,7,2,5,2,0,2,0,0,0,4,4,0,21,21,6,4,6,2,2,1,0,15,10,5,1,11,1,0,2
57401702,0,,,123,65,58,13,6,7,110,59,51,68,39,29,107,58,49,106,57,49,42,20,22,23,9,14,8,2,6,1,0,1,0,0,0,38,38,7,8,7,9,2,2,3,31,15,16,2,26,0,5,1
57401703,0,,,204,88,116,0,0,0,204,88,116,36,23,13,204,88,116,204,88,116,168,65,103,123,40,83,53,15,38,9,3,6,0,0,0,2,0,0,0,0,0,0,0,0,0,0,0,0,0,0,0,0
57401710,0,,,84,38,46,5,2,3,79,36,43,59,28,31,74,35,39,71,33,38,20,8,12,12,3,9,5,2,3,0,0,0,0,0,0,30,28,4,12,2,7,1,0,2,24,19,5,0,15,0,1,3
57401711,0,,,160,89,71,11,7,4,149,82,67,86,52,34,144,78,66,137,72,65,63,30,33,30,13,17,7,2,5,1,0,1,0,0,0,55,55,6,22,14,6,1,3,3,49,35,14,1,41,0,4,13
57401712,0,,,184,92,92,15,6,9,169,86,83,92,52,40,167,85,82,164,83,81,77,34,43,35,14,21,10,1,9,0,0,0,0,0,0,55,55,5,16,14,9,4,2,5,50,35,15,2,47,1,4,8
57401720,0,,,1653,808,845,137,74,63,1512,732,780,1062,528,534,1472,715,757,1414,691,723,450,204,246,209,82,127,53,20,33,3,0,3,6,4,2,571,568,82,183,145,94,37,17,10,482,386,96,27,290,1,47,84
57401721,0,,,355,176,179,39,22,17,316,154,162,188,98,90,304,147,157,300,146,154,128,56,72,58,25,33,17,4,13,2,0,2,2,1,1,125,125,20,46,23,21,7,2,6,104,77,27,15,81,1,12,20
57401722,0,,,1934,966,968,461,243,218,1460,714,746,1104,566,538,1403,680,723,1376,667,709,356,148,208,146,54,92,49,10,39,2,0,2,16,14,2,625,625,96,157,136,132,64,21,19,524,426,98,123,235,27,27,46
57401723,0,,,144,77,67,29,14,15,110,58,52,95,50,45,106,56,50,105,56,49,15,8,7,6,3,3,2,0,2,0,0,0,0,0,0,59,59,27,7,11,7,3,3,1,32,27,5,13,10,10,3,0
57401730,0,,,979,490,489,89,48,41,888,441,447,562,289,273,860,426,434,844,416,428,326,152,174,159,63,96,53,16,37,6,0,6,15,11,4,383,379,111,107,86,47,18,9,1,265,216,49,28,195,22,36,46
57401731,0,,,506,247,259,62,33,29,444,214,230,244,118,126,427,204,223,415,198,217,200,96,104,84,35,49,30,10,20,3,0,3,1,0,1,177,177,37,59,27,25,11,12,6,139,90,49,16,127,0,27,29
57401732,0,,,1104,497,607,253,127,126,848,368,480,570,275,295,820,356,464,803,350,453,278,93,185,171,46,125,92,15,77,22,4,18,3,1,2,341,340,64,69,73,83,39,9,3,275,230,45,63,136,4,32,24
57401733,0,,,9,5,4,0,0,0,9,5,4,4,1,3,9,5,4,9,5,4,5,4,1,3,2,1,2,1,1,0,0,0,0,0,0,4,4,2,0,1,1,0,0,0,2,2,0,0,3,0,2,0
57401740,0,,,416,208,208,32,20,12,383,188,195,237,121,116,373,184,189,369,184,185,146,67,79,78,36,42,22,6,16,1,0,1,2,0,2,151,151,29,47,36,23,8,5,3,120,88,32,9,93,3,11,20
57401741,0,,,131,66,65,11,7,4,120,59,61,60,30,30,116,56,60,115,56,59,60,29,31,25,7,18,13,2,11,0,0,0,1,0,1,37,37,3,8,11,6,4,0,5,34,18,16,2,35,0,3,4
57401742,0,,,346,168,178,19,10,9,327,158,169,153,83,70,324,158,166,320,155,165,174,75,99,80,29,51,34,10,24,3,0,3,0,0,0,125,125,21,43,29,19,7,3,3,103,70,33,4,104,0,15,24
57401750,0,,,587,301,286,77,39,38,501,257,244,331,180,151,494,252,242,487,250,237,170,77,93,89,36,53,34,12,22,3,1,2,6,0,6,236,234,64,79,48,21,13,5,4,166,137,29,29,101,10,14,26
57401752,1,,57401753;57401761;57401763,1052,557,495,80,49,31,1004,536,468,685,385,300,980,521,459,960,510,450,319,151,168,144,66,78,25,5,20,1,0,1,65,27,38,484,484,215,119,84,53,17,10,2,278,218,60,25,214,80,38,51
57401753,2,57401752,,44,42,2,*,*,*,*,*,*,*,*,*,*,*,*,*,*,*,*,*,*,*,*,*,*,*,*,*,*,*,*,*,*,2,1,*,*,*,*,*,*,*,*,*,*,*,*,*,*,*
57401760,0,,,162,74,88,13,5,8,146,67,79,92,44,48,139,62,77,134,61,73,54,23,31,29,11,18,6,2,4,0,0,0,2,0,2,59,59,13,19,12,7,3,4,1,45,33,12,3,35,3,2,9
57401761,2,57401752,,8,3,5,*,*,*,*,*,*,*,*,*,*,*,*,*,*,*,*,*,*,*,*,*,*,*,*,*,*,*,*,*,*,2,2,*,*,*,*,*,*,*,*,*,*,*,*,*,*,*
57401762,0,,,13,13,0,0,0,0,13,13,0,13,13,0,13,13,0,10,10,0,0,0,0,0,0,0,0,0,0,0,0,0,0,0,0,13,13,13,0,0,0,0,0,0,0,0,0,0,0,10,0,0
57401763,2,57401752,,13,11,2,*,*,*,*,*,*,*,*,*,*,*,*,*,*,*,*,*,*,*,*,*,*,*,*,*,*,*,*,*,*,13,13,*,*,*,*,*,*,*,*,*,*,*,*,*,*,*
57401770,1,,57401771,2069,982,1087,248,128,120,1802,842,960,1325,628,697,1745,812,933,1697,792,905,477,214,263,179,70,109,58,17,41,4,1,3,13,6,7,889,889,277,267,187,109,41,10,1,600,521,79,71,310,45,56,91
57401771,2,57401770,,11,6,5,*,*,*,*,*,*,*,*,*,*,*,*,*,*,*,*,*,*,*,*,*,*,*,*,*,*,*,*,*,*,3,3,*,*,*,*,*,*,*,*,*,*,*,*,*,*,*
57401772,0,,,84,35,49,7,3,4,77,32,45,50,19,31,70,30,40,69,29,40,27,13,14,12,4,8,4,1,3,0,0,0,2,0,2,24,23,4,5,5,2,2,1,4,19,12,7,0,15,0,0,2
57401773,0,,,120,56,64,8,4,4,112,52,60,66,30,36,111,51,60,110,50,60,46,22,24,20,9,11,5,1,4,1,0,1,13,0,13,45,32,1,8,10,6,6,1,0,31,22,9,1,28,0,1,4
57401780,0,,,4091,1957,2134,485,238,247,3553,1689,1864,2327,1136,1191,3461,1639,1822,3374,1596,1778,1226,553,673,696,293,403,221,91,130,13,4,9,14,7,7,1656,1654,437,513,365,224,76,25,14,1202,1033,169,165,803,50,184,229
57401781,0,,,140,79,61,8,6,2,119,64,55,77,45,32,117,64,53,113,64,49,42,19,23,20,9,11,4,2,2,0,0,0,2,0,2,67,67,38,8,9,5,4,2,1,29,19,10,2,26,12,4,5
57401782,0,,,206,106,100,15,8,7,191,98,93,132,69,63,185,97,88,166,88,78,59,29,30,36,16,20,17,7,10,1,1,0,0,0,0,92,92,45,12,18,9,4,2,2,47,29,18,3,37,22,6,5
57401783,0,,,2524,1272,1252,625,332,293,1847,912,935,1596,801,795,1778,876,902,1755,867,888,251,111,140,113,41,72,57,19,38,7,1,6,10,6,4,926,924,241,186,214,201,61,15,6,669,594,75,205,146,48,21,18
57401784,1,,57401795,376,191,185,103,52,51,271,139,132,253,130,123,261,133,128,252,128,124,18,9,9,4,2,2,0,0,0,0,0,0,0,0,0,145,145,44,36,22,28,12,4,1,98,87,11,39,13,4,0,1
57401790,0,,,4886,2428,2458,614,330,284,4209,2061,2148,2969,1507,1462,4065,1992,2073,3971,1938,2033,1240,554,686,700,300,400,203,81,122,7,3,4,27,15,12,2031,2030,643,568,371,304,100,36,8,1362,1175,187,182,847,112,193,220
57401791,0,,,1807,883,924,349,170,179,1412,686,726,1147,563,584,1341,645,696,1303,624,679,265,123,142,130,52,78,34,10,24,3,0,3,8,4,4,727,724,217,172,170,131,27,5,2,500,470,30,119,158,22,39,42
57401792,0,,,3494,1712,1782,775,384,391,2683,1309,1374,2195,1086,1109,2518,1224,1294,2441,1189,1252,488,223,265,233,94,139,78,20,58,6,1,5,7,3,4,1177,1173,231,273,250,283,98,26,12,927,824,103,183,253,55,29,58
57401793,0,,,2051,994,1057,383,185,198,1600,771,829,1240,616,624,1554,751,803,1530,738,792,360,155,205,165,62,103,64,19,45,4,1,3,8,3,5,861,859,302,203,169,131,43,7,4,548,481,67,121,223,53,46,56
57401794,0,,,208,104,104,72,37,35,135,66,69,118,57,61,129,64,65,127,63,64,17,9,8,6,4,2,1,1,0,0,0,0,2,2,0,66,66,9,14,13,19,10,1,0,54,47,7,15,12,6,2,3
57401795,2,57401784,,9,5,4,*,*,*,*,*,*,*,*,*,*,*,*,*,*,*,*,*,*,*,*,*,*,*,*,*,*,*,*,*,*,2,2,*,*,*,*,*,*,*,*,*,*,*,*,*,*,*
57402405,2,57402406,,1,1,0,*,*,*,*,*,*,*,*,*,*,*,*,*,*,*,*,*,*,*,*,*,*,*,*,*,*,*,*,*,*,1,1,*,*,*,*,*,*,*,*,*,*,*,*,*,*,*
57402406,1,,57402405,18,10,8,0,0,0,19,11,8,7,5,2,19,11,8,19,11,8,12,6,6,6,2,4,4,1,3,0,0,0,0,0,0,9,9,4,4,1,1,0,0,0,6,5,1,0,7,1,2,3
57402407,0,,,51,27,24,3,2,1,48,25,23,33,18,15,48,25,23,48,25,23,15,7,8,6,4,2,2,1,1,0,0,0,0,0,0,12,12,1,1,2,2,4,1,1,11,4,7,2,8,0,0,1
57402408,0,,,59,32,27,6,3,3,53,29,24,31,19,12,52,28,24,51,27,24,22,10,12,12,5,7,2,1,1,0,0,0,0,0,0,16,16,2,3,3,3,1,3,1,14,7,7,2,13,0,1,2
57402409,2,57402419,,5,3,2,*,*,*,*,*,*,*,*,*,*,*,*,*,*,*,*,*,*,*,*,*,*,*,*,*,*,*,*,*,*,2,2,*,*,*,*,*,*,*,*,*,*,*,*,*,*,*
57402416,1,,57402417,16,9,7,7,3,4,17,10,7,11,7,4,17,10,7,17,10,7,6,3,3,1,1,0,1,1,0,0,0,0,0,0,0,6,6,2,2,1,2,0,0,1,6,4,2,1,4,0,0,1
57402417,2,57402416,,8,4,4,*,*,*,*,*,*,*,*,*,*,*,*,*,*,*,*,*,*,*,*,*,*,*,*,*,*,*,*,*,*,2,2,*,*,*,*,*,*,*,*,*,*,*,*,*,*,*
57402418,0,,,19,7,12,0,0,0,19,7,12,13,5,8,19,7,12,19,7,12,6,2,4,3,0,3,2,0,2,0,0,0,0,0,0,5,5,0,0,2,2,1,0,0,5,2,3,0,4,0,0,0
57402419,1,,57402409,117,64,53,8,6,2,114,61,53,56,34,22,110,58,52,106,55,51,58,27,31,34,15,19,12,4,8,0,0,0,0,0,0,38,38,4,17,4,5,8,2,0,35,21,14,2,34,0,2,9
57402427,0,,,35,20,15,7,5,2,28,15,13,20,11,9,26,14,12,24,13,11,8,4,4,6,3,3,3,2,1,0,0,0,0,0,0,8,8,0,2,0,2,1,3,0,8,4,4,1,6,0,0,1
57402428,0,,,93,41,52,7,3,4,86,38,48,51,22,29,84,37,47,82,36,46,35,16,19,22,8,14,6,3,3,0,0,0,1,0,1,30,30,5,7,8,7,0,1,2,25,15,10,2,26,0,3,3
57402429,0,,,174,95,79,11,7,4,163,88,75,98,53,45,160,86,74,160,86,74,65,35,30,27,11,16,8,2,6,3,0,3,3,2,1,64,64,17,19,14,5,3,2,4,46,31,15,4,42,3,6,10
57402437,0,,,367,185,182,28,18,10,339,167,172,193,99,94,332,163,169,326,161,165,146,68,78,65,25,40,20,6,14,0,0,0,1,0,1,118,118,15,31,37,14,9,8,4,101,66,35,7,93,0,9,15
57402438,0,,,209,100,109,16,9,7,193,91,102,114,54,60,183,85,98,181,85,96,79,37,42,35,14,21,13,2,11,4,1,3,0,0,0,72,72,16,19,16,6,7,8,0,55,32,23,1,52,0,11,8
57402439,0,,,77,38,39,8,4,4,69,34,35,36,16,20,68,34,34,68,34,34,33,18,15,12,5,7,6,3,3,0,0,0,0,0,0,26,26,1,11,9,0,3,2,0,25,19,6,1,20,0,1,5
57402446,1,,57402454;57402455,134,69,65,10,6,4,128,66,62,65,34,31,127,66,61,127,66,61,63,32,31,29,15,14,18,8,10,2,1,1,0,0,0,46,46,7,16,15,8,0,1,2,41,28,13,1,37,2,3,7
57402447,0,,,28,15,13,6,3,3,22,12,10,17,10,7,21,11,10,20,10,10,5,2,3,0,0,0,0,0,0,0,0,0,0,0,0,9,9,4,0,1,1,2,0,1,5,3,2,3,3,1,1,0
57402453,2,57402461,,1,0,1,*,*,*,*,*,*,*,*,*,*,*,*,*,*,*,*,*,*,*,*,*,*,*,*,*,*,*,*,*,*,1,1,*,*,*,*,*,*,*,*,*,*,*,*,*,*,*
57402454,2,57402446,,1,1,0,*,*,*,*,*,*,*,*,*,*,*,*,*,*,*,*,*,*,*,*,*,*,*,*,*,*,*,*,*,*,1,1,*,*,*,*,*,*,*,*,*,*,*,*,*,*,*
57402455,2,57402446,,3,2,1,*,*,*,*,*,*,*,*,*,*,*,*,*,*,*,*,*,*,*,*,*,*,*,*,*,*,*,*,*,*,2,2,*,*,*,*,*,*,*,*,*,*,*,*,*,*,*
57402459,0,,,28,12,16,2,0,2,26,12,14,14,5,9,25,12,13,24,12,12,12,7,5,5,2,3,1,0,1,0,0,0,0,0,0,7,7,0,0,4,2,0,0,1,7,5,2,0,7,0,0,0
57402460,0,,,48,24,24,6,3,3,42,21,21,20,11,9,42,21,21,41,20,21,22,10,12,10,4,6,3,0,3,1,0,1,1,0,1,16,16,1,8,2,2,1,2,0,15,10,5,1,13,0,0,6
57402461,1,,57402453;57402462,19,11,8,2,2,0,21,11,10,8,5,3,21,11,10,21,11,10,13,6,7,9,4,5,5,2,3,0,0,0,0,0,0,8,8,4,4,1,0,0,0,1,6,5,1,0,8,0,3,4
57402462,2,57402461,,3,2,1,*,*,*,*,*,*,*,*,*,*,*,*,*,*,*,*,*,*,*,*,*,*,*,*,*,*,*,*,*,*,1,1,*,*,*,*,*,*,*,*,*,*,*,*,*,*,*
57402468,0,,,13,6,7,0,0,0,13,6,7,7,5,2,13,6,7,13,6,7,6,1,5,5,1,4,2,1,1,0,0,0,0,0,0,6,6,2,1,3,0,0,0,0,4,1,3,0,4,0,2,0
57402469,1,,57402479,31,18,13,3,2,1,32,19,13,18,12,6,30,17,13,30,17,13,14,7,7,13,6,7,2,1,1,0,0,0,0,0,0,9,9,2,4,2,1,0,1,1,9,6,3,1,8,0,1,2
57402479,2,57402469,,4,3,1,*,*,*,*,*,*,*,*,*,*,*,*,*,*,*,*,*,*,*,*,*,*,*,*,*,*,*,*,*,*,2,2,*,*,*,*,*,*,*,*,*,*,*,*,*,*,*
57402499,0,,,30,13,17,8,1,7,22,12,10,11,5,6,22,12,10,22,12,10,11,7,4,4,1,3,4,1,3,0,0,0,0,0,0,9,9,3,0,3,0,2,0,1,5,1,4,2,7,0,2,0
57402500,0,,,155,74,81,19,11,8,136,63,73,85,37,48,131,61,70,124,60,64,51,26,25,18,8,10,6,2,4,2,0,2,1,0,1,49,49,3,18,13,7,3,2,3,46,32,14,2,34,0,2,10
57402501,0,,,587,297,290,61,35,26,526,262,264,300,160,140,517,258,259,507,252,255,226,102,124,113,50,63,40,13,27,1,0,1,1,1,0,195,195,33,58,41,31,13,12,7,159,107,52,14,149,0,20,33
57402502,0,,,42,25,17,3,3,0,39,22,17,22,14,8,38,21,17,38,21,17,17,8,9,9,3,6,5,1,4,0,0,0,0,0,0,12,12,1,4,2,1,2,1,1,10,3,7,0,10,0,1,0
57402503,0,,,50,27,23,4,1,3,46,26,20,20,11,9,44,24,20,44,24,20,26,15,11,11,5,6,5,2,3,0,0,0,0,0,0,18,18,3,6,5,1,2,1,0,15,11,4,0,16,0,3,4
57402505,0,,,31,18,13,0,0,0,31,18,13,16,8,8,31,18,13,31,18,13,15,10,5,7,5,2,2,1,1,0,0,0,0,0,0,10,10,2,3,0,2,3,0,0,8,4,4,0,9,0,2,2
57402506,0,,,81,42,39,8,4,4,73,38,35,39,23,16,71,37,34,70,36,34,34,15,19,18,7,11,6,1,5,0,0,0,0,0,0,24,24,6,4,5,2,3,1,3,18,9,9,2,21,0,4,2
57402507,1,,57402516,98,50,48,3,2,1,100,49,51,56,27,29,98,48,50,97,47,50,44,22,22,23,9,14,9,1,8,0,0,0,0,0,0,37,37,9,10,10,4,2,3,0,29,17,12,3,32,0,8,3
57402508,2,57402517,,6,3,3,*,*,*,*,*,*,*,*,*,*,*,*,*,*,*,*,*,*,*,*,*,*,*,*,*,*,*,*,*,*,2,2,*,*,*,*,*,*,*,*,*,*,*,*,*,*,*
57402509,0,,,15,10,5,0,0,0,15,10,5,7,5,2,14,9,5,13,8,5,8,5,3,5,3,2,0,0,0,0,0,0,0,0,0,4,4,0,2,0,0,1,1,0,4,1,3,0,4,0,0,1
57402510,0,,,499,216,283,47,26,21,450,189,261,224,107,117,435,182,253,428,179,249,226,82,144,134,37,97,72,14,58,16,5,11,1,0,1,169,167,49,46,37,15,11,6,3,116,89,27,10,107,2,28,21
57402511,0,,,1195,585,610,91,48,43,1102,535,567,634,322,312,1080,520,560,1062,512,550,468,213,255,226,90,136,88,27,61,4,0,4,20,5,15,467,467,122,142,90,68,27,15,3,345,241,104,20,304,20,58,71
57402512,0,,,78,39,39,10,3,7,68,36,32,36,21,15,68,36,32,68,36,32,32,15,17,16,8,8,4,1,3,0,0,0,0,0,0,31,31,9,10,7,1,3,0,1,21,16,5,3,21,0,2,6
57402513,0,,,36,19,17,2,2,0,34,17,17,20,10,10,34,17,17,34,17,17,14,7,7,4,1,3,2,1,1,1,0,1,0,0,0,15,15,5,4,3,1,2,0,0,10,7,3,2,8,1,1,2
57402516,2,57402507,,5,1,4,*,*,*,*,*,*,*,*,*,*,*,*,*,*,*,*,*,*,*,*,*,*,*,*,*,*,*,*,*,*,1,1,*,*,*,*,*,*,*,*,*,*,*,*,*,*,*
57402517,1,,57402508;57402527,112,61,51,13,7,6,107,58,49,66,37,29,106,57,49,104,56,48,41,21,20,26,11,15,10,4,6,2,0,2,1,1,0,31,31,6,8,4,5,6,2,3,28,11,17,2,23,0,2,2
57402518,0,,,24,11,13,2,1,1,22,10,12,13,6,7,22,10,12,22,10,12,9,4,5,7,3,4,1,0,1,0,0,0,0,0,0,9,9,1,5,1,1,0,1,0,7,5,2,1,7,0,1,2
57402519,0,,,23,14,9,3,2,1,20,12,8,14,9,5,19,12,7,19,12,7,6,3,3,2,1,1,1,0,1,0,0,0,1,0,1,6,6,1,2,1,0,0,0,2,5,3,2,1,5,0,1,1
57402520,0,,,259,124,135,21,11,10,238,113,125,160,77,83,233,111,122,226,109,117,78,36,42,31,8,23,7,0,7,0,0,0,7,3,4,91,90,18,30,26,8,5,2,1,69,56,13,4,43,0,8,9
57402521,0,,,656,333,323,79,45,34,571,283,288,336,167,169,555,277,278,545,272,273,235,116,119,112,48,64,48,16,32,9,1,8,3,1,2,221,218,43,66,43,35,17,6,8,173,129,44,17,141,0,29,31
57402522,0,,,137,33,104,20,10,10,117,23,94,102,18,84,113,22,91,109,21,88,15,5,10,7,1,6,1,0,1,1,0,1,66,0,66,88,88,70,6,3,6,1,0,2,18,17,1,8,11,57,3,3
57402523,0,,,123,62,61,19,10,9,104,52,52,53,29,24,102,51,51,101,51,50,51,23,28,18,6,12,8,2,6,3,1,2,0,0,0,38,38,3,16,5,7,3,1,3,35,21,14,6,28,0,1,9
57402527,2,57402517,,2,1,1,*,*,*,*,*,*,*,*,*,*,*,*,*,*,*,*,*,*,*,*,*,*,*,*,*,*,*,*,*,*,1,1,*,*,*,*,*,*,*,*,*,*,*,*,*,*,*
57402528,0,,,24,11,13,2,0,2,22,11,11,15,9,6,21,10,11,21,10,11,7,2,5,2,0,2,2,0,2,0,0,0,0,0,0,7,7,2,1,1,1,0,1,1,5,1,4,1,5,0,0,0
57402530,0,,,57,23,34,6,2,4,51,21,30,26,8,18,50,21,29,49,21,28,25,13,12,13,5,8,4,1,3,1,0,1,0,0,0,18,18,1,7,5,3,0,0,2,17,11,6,0,16,0,1,3
57402531,0,,,59,28,31,3,2,1,56,26,30,33,16,17,53,25,28,52,25,27,23,10,13,11,3,8,7,2,5,0,0,0,0,0,0,18,18,2,6,2,3,3,2,0,16,5,11,0,16,0,2,3
57402532,1,,57402533,105,54,51,8,7,1,104,50,54,76,37,39,102,48,54,100,47,53,28,13,15,17,7,10,5,3,2,0,0,0,14,1,13,41,41,19,6,6,6,4,2,1,25,16,9,3,18,11,3,1
57402533,2,57402532,,7,3,4,*,*,*,*,*,*,*,*,*,*,*,*,*,*,*,*,*,*,*,*,*,*,*,*,*,*,*,*,*,*,3,3,*,*,*,*,*,*,*,*,*,*,*,*,*,*,*
57402535,2,57402546,,3,2,1,*,*,*,*,*,*,*,*,*,*,*,*,*,*,*,*,*,*,*,*,*,*,*,*,*,*,*,*,*,*,1,1,*,*,*,*,*,*,*,*,*,*,*,*,*,*,*
57402536,2,57402546,,4,2,2,*,*,*,*,*,*,*,*,*,*,*,*,*,*,*,*,*,*,*,*,*,*,*,*,*,*,*,*,*,*,2,2,*,*,*,*,*,*,*,*,*,*,*,*,*,*,*
57402537,0,,,194,97,97,19,11,8,175,86,89,94,48,46,171,83,88,167,80,87,81,38,43,44,15,29,14,4,10,1,1,0,0,0,0,67,67,11,25,12,7,6,3,3,56,35,21,7,52,0,7,12
57402538,0,,,124,66,58,14,8,6,107,57,50,83,45,38,104,55,49,102,53,49,24,12,12,7,3,4,4,1,3,0,0,0,0,0,0,47,47,7,14,16,9,1,0,0,39,35,4,3,17,0,2,5
57402539,0,,,249,127,122,29,21,8,220,106,114,175,89,86,212,105,107,202,100,102,45,17,28,21,7,14,2,1,1,0,0,0,2,0,2,89,89,12,35,16,17,6,1,2,76,67,9,7,32,0,4,10
57402540,0,,,19,11,8,1,0,1,18,11,7,8,5,3,17,10,7,17,10,7,10,6,4,3,1,2,3,1,2,2,1,1,0,0,0,10,10,7,2,0,0,0,0,1,3,2,1,0,8,0,7,0
57402541,0,,,98,51,47,6,2,4,92,49,43,49,30,19,89,49,40,88,49,39,43,19,24,24,10,14,12,5,7,1,1,0,0,0,0,29,29,3,8,6,6,2,3,1,25,14,11,1,27,0,3,4
57402542,0,,,102,51,51,11,7,4,91,44,47,55,29,26,90,44,46,86,42,44,36,15,21,18,7,11,8,3,5,0,0,0,0,0,0,28,28,3,4,5,8,4,4,0,25,9,16,3,22,0,3,1
57402543,0,,,35,20,15,3,3,0,32,17,15,18,10,8,31,17,14,30,17,13,14,7,7,5,3,2,2,1,1,0,0,0,0,0,0,11,11,2,3,2,1,1,2,0,9,6,3,1,8,0,2,2
57402544,2,57402546,,4,2,2,*,*,*,*,*,*,*,*,*,*,*,*,*,*,*,*,*,*,*,*,*,*,*,*,*,*,*,*,*,*,2,2,*,*,*,*,*,*,*,*,*,*,*,*,*,*,*
57402545,2,57402546,,2,2,0,*,*,*,*,*,*,*,*,*,*,*,*,*,*,*,*,*,*,*,*,*,*,*,*,*,*,*,*,*,*,2,2,*,*,*,*,*,*,*,*,*,*,*,*,*,*,*
57402546,1,,57402535;57402536;57402544;57402545;57402555;57402564,20,11,9,0,0,0,34,20,14,11,6,5,34,20,14,33,19,14,23,14,9,7,5,2,5,3,2,0,0,0,0,0,0,8,8,6,6,4,0,1,0,0,11,10,1,0,15,0,5,4
57402547,0,,,21,9,12,1,0,1,20,9,11,11,6,5,20,9,11,19,8,11,9,3,6,2,0,2,1,0,1,0,0,0,0,0,0,7,7,1,3,1,0,1,1,0,5,4,1,0,5,1,0,1
57402548,0,,,319,148,171,24,7,17,295,141,154,212,104,108,284,135,149,282,134,148,83,37,46,37,16,21,5,1,4,0,0,0,1,0,1,127,127,22,58,21,19,4,0,3,101,91,10,5,56,0,9,20
57402549,0,,,134,65,69,27,12,15,106,52,54,73,38,35,102,49,53,100,47,53,33,14,19,10,3,7,2,0,2,0,0,0,1,0,1,48,48,7,16,11,8,6,0,0,41,35,6,6,20,0,2,10
57402550,0,,,116,43,73,0,0,0,116,43,73,8,5,3,116,43,73,116,43,73,108,38,70,92,28,64,54,13,41,13,1,12,0,0,0,7,4,0,2,1,1,0,0,0,4,4,0,0,4,0,0,0
57402555,2,57402546,,1,1,0,*,*,*,*,*,*,*,*,*,*,*,*,*,*,*,*,*,*,*,*,*,*,*,*,*,*,*,*,*,*,1,1,*,*,*,*,*,*,*,*,*,*,*,*,*,*,*
57402559,0,,,38,19,19,5,3,2,33,16,17,11,6,5,33,16,17,32,15,17,22,10,12,14,7,7,7,4,3,0,0,0,0,0,0,13,13,1,8,0,2,0,1,1,12,9,3,2,11,0,1,4
57402562,0,,,24,14,10,0,0,0,24,14,10,13,8,5,24,14,10,24,14,10,11,6,5,5,3,2,2,0,2,1,0,1,0,0,0,7,7,2,0,2,1,1,0,1,5,3,2,0,7,0,2,0
57402564,2,57402546,,1,1,0,*,*,*,*,*,*,*,*,*,*,*,*,*,*,*,*,*,*,*,*,*,*,*,*,*,*,*,*,*,*,1,1,*,*,*,*,*,*,*,*,*,*,*,*,*,*,*
57402567,0,,,151,64,87,5,1,4,139,60,79,100,44,56,137,59,78,122,52,70,39,16,23,14,6,8,6,1,5,0,0,0,4,0,4,96,96,67,14,9,2,3,1,0,27,22,5,2,29,19,11,6
57402568,0,,,836,381,455,56,26,30,763,343,420,453,221,232,752,339,413,713,327,386,310,122,188,175,54,121,75,9,66,14,1,13,7,3,4,437,436,271,83,38,23,13,7,1,161,132,29,13,168,58,49,34
57402569,0,,,63,35,28,2,1,1,61,34,27,31,20,11,58,31,27,58,31,27,30,14,16,21,9,12,7,3,4,0,0,0,0,0,0,23,23,3,9,5,3,3,0,0,19,11,8,1,19,0,1,6
57402576,0,,,34,16,18,2,1,1,32,15,17,17,8,9,31,15,16,31,15,16,15,7,8,8,3,5,4,1,3,0,0,0,0,0,0,12,12,2,6,1,1,1,0,1,10,3,7,0,10,0,2,1
57402577,0,,,913,412,501,102,49,53,783,346,437,543,250,293,766,338,428,701,322,379,240,96,144,107,37,70,37,6,31,2,0,2,12,6,6,467,466,259,90,50,45,12,6,4,198,164,34,30,161,62,53,28
57402578,0,,,207,95,112,24,14,10,180,79,101,123,57,66,174,76,98,166,72,94,57,22,35,33,13,20,9,4,5,0,0,0,3,0,3,89,88,39,19,17,2,4,3,4,48,36,12,7,37,8,10,8
57402580,0,,,31,17,14,1,0,1,30,17,13,19,12,7,30,17,13,29,16,13,11,5,6,7,3,4,5,3,2,0,0,0,0,0,0,10,10,1,2,2,5,0,0,0,9,3,6,1,9,0,1,0
57402581,0,,,81,40,41,6,4,2,75,36,39,32,17,15,74,36,38,74,36,38,43,19,24,21,6,15,8,1,7,0,0,0,0,0,0,37,37,12,15,5,3,1,0,1,25,20,5,2,30,0,9,7
57402582,0,,,27,12,15,0,0,0,27,12,15,15,7,8,27,12,15,26,12,14,12,5,7,5,3,2,2,1,1,0,0,0,0,0,0,9,9,2,2,1,2,2,0,0,7,3,4,0,9,0,2,1
57402583,0,,,35,17,18,4,2,2,31,15,16,19,9,10,28,14,14,27,13,14,12,6,6,7,3,4,3,1,2,0,0,0,0,0,0,11,11,2,3,2,1,2,0,1,9,8,1,1,7,0,2,1
57402585,2,57402586,,1,1,0,*,*,*,*,*,*,*,*,*,*,*,*,*,*,*,*,*,*,*,*,*,*,*,*,*,*,*,*,*,*,1,1,*,*,*,*,*,*,*,*,*,*,*,*,*,*,*
57402586,1,,57402585,87,45,42,5,2,3,82,43,39,46,27,19,81,42,39,80,41,39,36,16,20,17,6,11,7,1,6,1,0,1,0,0,0,30,30,9,8,4,4,4,1,1,22,11,11,2,23,0,4,2
57402587,0,,,14,7,7,1,1,0,12,5,7,10,4,6,12,5,7,10,4,6,2,1,1,1,0,1,0,0,0,0,0,0,1,0,1,10,10,7,2,1,0,0,0,0,3,3,0,1,2,1,1,0
57402590,0,,,47,23,24,1,0,1,46,23,23,19,10,9,46,23,23,46,23,23,27,13,14,10,4,6,4,1,3,0,0,0,0,0,0,19,19,5,5,6,2,0,1,0,14,9,5,0,16,0,3,3
57402592,0,,,10,6,4,1,1,0,9,5,4,6,4,2,9,5,4,9,5,4,3,1,2,2,1,1,2,1,1,0,0,0,0,0,0,4,4,1,1,1,1,0,0,0,3,3,0,0,2,0,1,0
57402593,0,,,19,8,11,0,0,0,19,8,11,4,1,3,19,8,11,19,8,11,15,7,8,7,3,4,3,1,2,1,0,1,0,0,0,7,7,0,4,2,0,1,0,0,7,4,3,0,7,0,0,4
57402594,0,,,70,36,34,1,0,1,69,36,33,35,21,14,67,35,32,66,34,32,34,15,19,15,5,10,7,1,6,1,0,1,0,0,0,27,27,5,9,8,2,3,0,0,22,13,9,0,22,0,3,4
57402595,0,,,110,55,55,10,5,5,100,50,50,47,24,23,99,50,49,97,49,48,53,26,27,18,8,10,3,0,3,0,0,0,1,1,0,44,44,11,16,8,4,4,0,1,33,26,7,0,33,0,8,10
57402600,0,,,62,38,24,5,5,0,57,33,24,33,19,14,57,33,24,55,32,23,24,14,10,12,9,3,4,3,1,1,1,0,0,0,0,24,24,7,6,6,3,1,0,1,17,10,7,2,15,0,3,2
57402601,1,,57402602,150,72,78,7,4,3,154,75,79,79,41,38,150,71,79,148,71,77,75,34,41,45,17,28,13,3,10,2,1,1,0,0,0,47,47,7,16,9,6,6,3,3,43,24,19,0,47,0,5,11
57402602,2,57402601,,11,7,4,*,*,*,*,*,*,*,*,*,*,*,*,*,*,*,*,*,*,*,*,*,*,*,*,*,*,*,*,*,*,3,3,*,*,*,*,*,*,*,*,*,*,*,*,*,*,*
57402607,0,,,79,42,37,11,6,5,68,36,32,34,16,18,66,35,31,65,35,30,34,20,14,11,8,3,4,3,1,2,1,1,0,0,0,23,23,3,6,4,4,2,2,2,20,12,8,2,21,0,3,5
57402608,0,,,167,87,80,16,9,7,151,78,73,95,49,46,148,75,73,146,73,73,56,29,27,24,9,15,10,4,6,1,0,1,0,0,0,51,49,7,15,9,6,2,5,5,42,23,19,5,40,1,4,4
57402609,0,,,1530,734,796,277,136,141,1241,589,652,938,459,479,1198,564,634,1156,546,610,303,130,173,136,55,81,38,9,29,1,0,1,4,3,1,546,545,105,157,117,112,33,15,6,432,380,52,69,195,12,36,51
57402610,0,,,27,12,15,3,1,2,24,11,13,18,10,8,20,7,13,20,7,13,6,1,5,4,1,3,3,1,2,1,0,1,0,0,0,8,8,1,1,3,1,1,1,0,7,4,3,1,5,0,1,0
57402611,0,,,45,21,24,6,3,3,37,17,20,20,11,9,36,16,20,34,16,18,17,6,11,10,3,7,4,1,3,0,0,0,0,0,0,12,12,3,1,2,1,3,1,1,9,1,8,0,9,0,1,0
57402612,2,57402622,,8,3,5,*,*,*,*,*,*,*,*,*,*,*,*,*,*,*,*,*,*,*,*,*,*,*,*,*,*,*,*,*,*,4,4,*,*,*,*,*,*,*,*,*,*,*,*,*,*,*
57402615,0,,,24,12,12,1,1,0,23,11,12,9,5,4,23,11,12,23,11,12,14,6,8,5,2,3,3,1,2,0,0,0,0,0,0,9,9,1,4,2,1,1,0,0,8,5,3,0,8,0,0,1
57402617,0,,,28,13,15,0,0,0,28,13,15,14,6,8,26,13,13,25,13,12,14,7,7,8,4,4,1,0,1,0,0,0,1,1,0,9,9,1,3,3,0,0,2,0,8,5,3,0,8,0,1,2
57402618,0,,,146,70,76,11,4,7,135,66,69,97,49,48,100,48,52,94,45,49,38,17,21,12,2,10,6,1,5,1,0,1,1,0,1,39,38,7,13,6,5,5,2,0,31,23,8,1,25,0,5,5
57402619,0,,,2108,1079,1029,342,170,172,1723,884,839,1251,650,601,1679,859,820,1642,834,808,472,234,238,175,90,85,28,10,18,3,0,3,1,1,0,794,794,193,212,172,142,49,21,5,592,508,84,114,302,65,28,100
57402620,0,,,39,19,20,1,0,1,38,19,19,23,10,13,36,19,17,35,19,16,15,9,6,11,6,5,0,0,0,0,0,0,0,0,0,12,12,4,2,1,1,1,2,1,8,3,5,0,10,0,4,2
57402621,0,,,63,34,29,1,1,0,62,33,29,29,16,13,61,32,29,60,32,28,33,17,16,12,5,7,9,4,5,0,0,0,0,0,0,22,22,3,6,5,7,1,0,0,19,10,9,1,17,0,1,3
57402622,1,,57402612;57402623,39,19,20,1,1,0,53,27,26,29,16,13,52,27,25,51,27,24,24,11,13,11,4,7,3,0,3,0,0,0,0,0,0,13,13,6,5,5,3,1,1,0,15,8,7,0,16,0,3,2
57402623,2,57402622,,7,6,1,*,*,*,*,*,*,*,*,*,*,*,*,*,*,*,*,*,*,*,*,*,*,*,*,*,*,*,*,*,*,4,4,*,*,*,*,*,*,*,*,*,*,*,*,*,*,*
57402624,2,57402634,,6,3,3,*,*,*,*,*,*,*,*,*,*,*,*,*,*,*,*,*,*,*,*,*,*,*,*,*,*,*,*,*,*,2,2,*,*,*,*,*,*,*,*,*,*,*,*,*,*,*
57402626,0,,,66,31,35,16,8,8,50,23,27,41,19,22,46,22,24,43,21,22,9,4,5,3,1,2,1,0,1,0,0,0,2,1,1,17,17,0,3,5,5,0,3,1,17,13,4,6,6,0,0,1
57402627,0,,,420,201,219,52,23,29,368,178,190,230,114,116,352,168,184,342,164,178,138,64,74,61,29,32,15,5,10,3,1,2,0,0,0,135,135,26,26,34,26,11,5,7,109,80,29,11,87,0,18,13
57402628,0,,,526,251,275,42,17,25,468,227,241,262,128,134,456,222,234,451,221,230,206,99,107,94,38,56,36,11,25,1,0,1,0,0,0,172,172,24,48,42,33,10,8,7,143,93,50,10,130,0,18,24
57402629,0,,,989,476,513,121,62,59,837,399,438,529,256,273,812,390,422,784,375,409,308,143,165,129,60,69,30,13,17,3,0,3,0,0,0,377,377,90,124,61,58,29,14,1,279,230,49,28,190,4,35,57
57402630,0,,,26,12,14,3,1,2,23,11,12,12,6,6,23,11,12,23,11,12,11,5,6,5,2,3,1,0,1,1,0,1,0,0,0,8,8,1,2,3,0,0,2,0,7,4,3,1,5,0,0,2
57402631,0,,,62,25,37,5,2,3,57,23,34,31,10,21,55,22,33,53,22,31,26,13,13,10,4,6,6,2,4,1,0,1,0,0,0,18,18,0,6,6,2,2,1,1,17,10,7,0,14,0,0,3
57402632,1,,57402633,54,28,26,4,3,1,55,28,27,30,15,15,55,28,27,55,28,27,25,13,12,9,4,5,3,1,2,1,0,1,1,0,1,22,22,4,11,5,3,0,1,0,20,15,5,2,17,0,4,6
57402633,2,57402632,,5,3,2,*,*,*,*,*,*,*,*,*,*,*,*,*,*,*,*,*,*,*,*,*,*,*,*,*,*,*,*,*,*,2,2,*,*,*,*,*,*,*,*,*,*,*,*,*,*,*
57402634,1,,57402624,13,8,5,0,0,0,19,11,8,10,7,3,19,11,8,19,11,8,9,4,5,6,2,4,5,2,3,0,0,0,0,0,0,6,6,3,1,3,0,1,0,0,4,1,3,0,6,0,1,0
57402635,0,,,244,110,134,15,4,11,229,106,123,161,73,88,224,104,120,222,104,118,68,33,35,22,12,10,3,1,2,0,0,0,0,0,0,88,88,7,32,30,13,5,1,0,80,72,8,2,39,0,2,14
57402636,0,,,2576,1262,1314,403,215,188,2168,1045,1123,1757,845,912,2073,997,1076,1992,957,1035,411,200,211,150,62,88,47,14,33,5,1,4,4,2,2,851,851,75,250,232,200,69,18,7,768,676,92,95,268,4,25,80
57402637,0,,,2958,1415,1543,336,181,155,2619,1232,1387,1758,848,910,2510,1173,1337,2445,1142,1303,861,384,477,387,149,238,150,43,107,13,1,12,10,4,6,975,971,115,348,218,195,66,22,7,852,744,108,81,448,1,62,160
57402638,0,,,947,455,492,134,61,73,790,384,406,577,285,292,763,368,395,737,356,381,213,99,114,97,38,59,25,8,17,1,0,1,2,1,1,390,390,128,92,82,63,16,6,3,259,224,35,36,136,18,22,43
57402639,0,,,6330,3067,3263,947,481,466,5253,2522,2731,4299,2069,2230,5017,2398,2619,4849,2326,2523,954,453,501,389,174,215,104,39,65,3,0,3,39,18,21,2585,2583,702,761,576,412,98,25,9,1845,1728,117,289,632,123,129,207
57402643,2,57402644,,4,2,2,*,*,*,*,*,*,*,*,*,*,*,*,*,*,*,*,*,*,*,*,*,*,*,*,*,*,*,*,*,*,2,2,*,*,*,*,*,*,*,*,*,*,*,*,*,*,*
57402644,1,,57402643,2524,1256,1268,370,198,172,2151,1054,1097,1612,789,823,2081,1018,1063,2049,1007,1042,539,265,274,178,76,102,56,18,38,3,1,2,16,4,12,884,884,96,320,209,176,58,20,7,784,687,97,102,359,0,42,118
57402645,0,,,386,192,194,24,16,8,362,176,186,283,132,151,352,169,183,345,165,180,79,44,35,39,20,19,9,5,4,1,0,1,1,1,0,149,149,20,58,43,21,5,2,0,129,113,16,5,55,0,5,17
57402646,0,,,3246,1554,1692,292,143,149,2927,1394,1533,2070,964,1106,2847,1355,1492,2771,1313,1458,857,430,427,324,134,190,101,33,68,8,1,7,7,3,4,1196,1195,143,473,289,209,62,15,4,1044,919,125,69,553,0,64,215
57402647,0,,,719,362,357,84,48,36,635,314,321,493,243,250,591,290,301,567,279,288,142,71,71,60,27,33,20,9,11,2,1,1,3,2,1,228,228,23,61,63,44,25,5,7,203,176,27,10,88,0,10,21
57402648,0,,,750,359,391,266,126,140,483,233,250,417,203,214,476,231,245,471,230,241,66,30,36,30,11,19,11,3,8,1,0,1,0,0,0,218,218,13,25,61,95,20,4,0,202,183,19,96,43,2,4,8
57402649,0,,,776,348,428,97,48,49,675,297,378,432,207,225,639,280,359,623,270,353,243,90,153,158,52,106,75,14,61,11,1,10,0,0,0,255,254,58,64,61,39,17,11,4,193,156,37,27,110,7,21,22
57402650,0,,,179,82,97,8,2,6,171,80,91,96,50,46,171,80,91,170,80,90,75,30,45,36,10,26,16,2,14,1,0,1,0,0,0,71,71,19,19,15,14,3,1,0,51,31,20,2,51,1,9,8
57402651,0,,,55,28,27,7,3,4,48,25,23,28,16,12,47,24,23,47,24,23,20,9,11,11,5,6,3,1,2,0,0,0,0,0,0,16,16,2,2,6,2,1,3,0,14,8,6,1,13,0,2,0
57402652,0,,,32,17,15,4,3,1,28,14,14,12,8,4,28,14,14,27,13,14,16,6,10,4,1,3,0,0,0,0,0,0,0,0,0,12,12,2,6,2,1,0,0,1,10,8,2,2,10,0,2,5
57402653,0,,,400,191,209,27,13,14,371,177,194,215,104,111,362,173,189,357,169,188,156,73,83,64,27,37,17,8,9,1,0,1,2,1,1,158,158,30,62,35,20,6,4,1,128,108,20,9,101,1,16,35
57402654,0,,,987,440,547,39,20,19,943,417,526,407,214,193,929,409,520,916,402,514,536,203,333,381,116,265,226,58,168,29,3,26,1,0,1,232,228,40,83,61,31,9,4,0,187,163,24,8,108,0,15,28
57402655,0,,,1339,659,680,408,206,202,918,446,472,818,405,413,863,418,445,845,410,435,100,41,59,30,12,18,6,1,5,1,0,1,1,0,1,397,397,33,76,88,137,45,13,5,358,326,32,132,69,0,6,14
57402656,0,,,823,394,429,84,32,52,724,353,371,489,243,246,695,332,363,668,322,346,235,110,125,76,27,49,18,3,15,5,2,3,4,4,0,333,332,88,108,70,43,12,7,4,236,199,37,27,155,23,17,48
57402657,0,,,686,334,352,57,25,32,625,307,318,379,206,173,605,298,307,591,292,299,246,101,145,125,46,79,39,12,27,4,1,3,2,1,1,259,259,55,85,56,34,20,6,3,201,156,45,15,160,3,24,45
57402658,0,,,4186,1980,2206,897,447,450,3213,1504,1709,2383,1192,1191,3153,1475,1678,3110,1451,1659,830,312,518,570,190,380,288,87,201,36,6,30,9,5,4,1435,1428,342,388,313,296,67,15,7,1063,996,67,383,259,80,34,73
57402659,0,,,9032,4427,4605,1653,863,790,7171,3468,3703,6387,3125,3262,6878,3308,3570,6688,3216,3472,784,343,441,341,133,208,111,41,70,8,1,7,22,8,14,3937,3936,1397,995,753,631,129,23,8,2499,2390,109,585,531,279,125,158
57402660,0,,,31,17,14,1,1,0,30,16,14,12,7,5,30,16,14,30,16,14,18,9,9,11,5,6,4,2,2,0,0,0,0,0,0,15,15,3,8,4,0,0,0,0,12,11,1,1,12,0,3,4
57402662,0,,,640,319,321,58,29,29,557,278,279,367,194,173,546,275,271,537,271,266,190,84,106,88,32,56,36,11,25,3,0,3,3,2,1,279,278,113,66,52,21,16,7,3,158,119,39,20,115,17,22,27
57402663,0,,,539,236,303,31,18,13,508,218,290,206,106,100,502,214,288,494,208,286,302,112,190,214,64,150,149,39,110,20,3,17,3,2,1,147,146,27,47,34,24,11,2,1,116,82,34,10,97,3,12,26
57402664,0,,,3945,1890,2055,407,212,195,3498,1658,1840,1901,973,928,3423,1617,1806,3366,1581,1785,1597,685,912,792,336,456,147,52,95,13,3,10,9,6,3,1603,1598,365,614,322,191,65,31,10,1214,1058,156,107,1023,23,213,346
57402665,0,,,2133,1002,1131,244,131,113,1853,855,998,1143,544,599,1817,839,978,1779,825,954,710,311,399,386,164,222,100,34,66,6,1,5,17,10,7,892,891,318,246,160,114,34,12,7,563,484,79,63,434,58,121,119
57402666,0,,,4296,1987,2309,570,293,277,3653,1668,1985,2445,1153,1292,3544,1599,1945,3437,1570,1867,1208,515,693,629,247,382,230,74,156,28,4,24,16,9,7,1807,1801,652,492,308,224,94,18,13,1127,985,142,172,692,167,151,200
57402667,0,,,3655,1770,1885,401,219,182,3208,1532,1676,2166,1076,1090,3117,1481,1636,3066,1448,1618,1042,456,586,499,209,290,147,54,93,15,3,12,9,5,4,1593,1592,520,497,291,190,66,24,4,1046,905,141,112,697,73,176,183
57402668,0,,,5946,2867,3079,760,391,369,5062,2416,2646,3707,1811,1896,4883,2322,2561,4785,2275,2510,1355,605,750,705,302,403,230,94,136,22,7,15,32,14,18,2692,2689,1013,748,484,304,112,21,7,1645,1481,164,222,913,161,240,262
57402669,0,,,10787,4988,5799,1301,655,646,9162,4168,4994,7317,3380,3937,8883,4042,4841,8630,3941,4689,1845,788,1057,912,349,563,320,103,217,37,8,29,34,12,22,5428,5424,2609,1311,834,543,113,9,5,2770,2596,174,425,1183,621,370,360
57402671,2,57402682,,2,1,1,*,*,*,*,*,*,*,*,*,*,*,*,*,*,*,*,*,*,*,*,*,*,*,*,*,*,*,*,*,*,1,1,*,*,*,*,*,*,*,*,*,*,*,*,*,*,*
57402672,0,,,1315,576,739,77,41,36,1238,535,703,495,246,249,1212,515,697,1193,509,684,743,289,454,408,127,281,194,36,158,32,1,31,4,1,3,451,445,119,185,80,37,19,3,2,323,287,36,23,307,3,82,123
57402673,0,,,28,15,13,2,1,1,26,14,12,15,9,6,23,12,11,23,12,11,11,5,6,5,1,4,3,1,2,0,0,0,1,0,1,12,12,6,2,1,1,1,1,0,6,5,1,0,8,0,4,1
57402674,0,,,1207,578,629,100,44,56,1107,534,573,565,285,280,1071,517,554,1056,512,544,542,249,293,254,119,135,55,23,32,4,1,3,2,0,2,468,468,82,186,104,57,27,7,5,384,322,62,26,330,2,57,129
57402675,0,,,3607,1724,1883,398,213,185,3196,1505,1691,1636,825,811,3116,1463,1653,3062,1436,1626,1560,680,880,863,403,460,188,78,110,11,2,9,40,25,15,1479,1478,365,553,275,178,64,30,13,1111,960,151,95,989,14,242,344
57402676,0,,,2917,1434,1483,323,152,171,2558,1264,1294,1673,875,798,2491,1225,1266,2447,1207,1240,885,389,496,490,204,286,167,64,103,20,4,16,15,10,5,1097,1088,337,329,213,150,47,10,2,744,656,88,104,478,71,94,162
57402677,0,,,7420,3594,3826,923,488,435,6419,3069,3350,4099,2049,2050,6212,2956,3256,6074,2877,3197,2320,1020,1300,1194,498,696,390,127,263,36,7,29,27,13,14,3048,3043,879,959,579,441,136,39,10,2138,1895,243,264,1443,81,339,474
57402678,0,,,5919,2935,2984,807,433,374,5028,2461,2567,3386,1756,1630,4756,2264,2492,4639,2187,2452,1642,705,937,828,333,495,263,96,167,20,2,18,51,27,24,2444,2440,773,686,502,340,102,27,10,1648,1457,191,224,1100,78,293,298
57402679,0,,,7766,3692,4074,967,492,475,6631,3112,3519,4949,2377,2572,6419,2997,3422,6249,2916,3333,1682,735,947,818,316,502,276,98,178,22,6,16,34,15,19,3646,3645,1495,950,627,426,114,20,13,2103,1943,160,261,1173,271,369,302
57402681,2,57402682,,5,3,2,*,*,*,*,*,*,*,*,*,*,*,*,*,*,*,*,*,*,*,*,*,*,*,*,*,*,*,*,*,*,1,1,*,*,*,*,*,*,*,*,*,*,*,*,*,*,*
57402682,1,,57402671;57402681,4587,2128,2459,434,221,213,4130,1895,2235,2398,1116,1282,3996,1823,2173,3924,1781,2143,1732,779,953,760,311,449,265,79,186,26,6,20,75,30,45,1928,1924,497,782,378,190,57,18,4,1417,1305,112,95,1046,5,280,386
57402683,0,,,261,120,141,17,6,11,244,114,130,117,59,58,239,112,127,238,112,126,127,55,72,54,24,30,17,3,14,1,0,1,3,2,1,101,101,15,44,24,9,6,2,1,85,67,18,6,77,0,14,27
57402685,0,,,1276,628,648,69,44,25,1198,580,618,630,315,315,1175,565,610,1142,552,590,568,265,303,300,135,165,47,17,30,3,1,2,8,4,4,675,675,338,169,93,56,18,0,1,334,306,28,22,447,4,257,75
57402686,0,,,2037,990,1047,250,126,124,1750,847,903,1146,590,556,1692,812,880,1655,795,860,604,257,347,358,149,209,133,40,93,14,2,12,28,16,12,852,846,315,236,148,99,38,10,0,525,479,46,78,307,57,78,101
57402687,0,,,4930,2526,2404,502,267,235,4245,2145,2100,2874,1552,1322,4116,2092,2024,3941,1975,1966,1371,593,778,790,329,461,256,105,151,17,5,12,83,49,34,2541,2540,1235,651,335,239,61,16,3,1289,1171,118,137,912,408,250,310
57402688,0,,,7309,3741,3568,765,404,361,6285,3203,3082,4000,2211,1789,6144,3126,3018,5973,3010,2963,2285,992,1293,1301,527,774,495,179,316,46,7,39,97,51,46,3657,3651,1802,883,488,334,101,28,15,1828,1620,208,215,1482,433,470,426
57402689,0,,,3692,1881,1811,318,168,150,3214,1628,1586,2043,1140,903,3143,1593,1550,3058,1539,1519,1171,488,683,705,254,451,298,94,204,30,4,26,40,32,8,1970,1966,1078,429,255,139,50,13,2,869,771,98,93,770,230,297,187
57402690,0,,,53,29,24,15,11,4,38,18,20,29,14,15,37,18,19,36,17,19,9,4,5,1,1,0,0,0,0,0,0,0,1,0,1,17,17,0,6,4,6,1,0,0,17,16,1,3,6,0,0,3
57402691,0,,,97,53,44,27,17,10,70,36,34,60,32,28,67,35,32,65,33,32,10,4,6,5,3,2,0,0,0,0,0,0,0,0,0,33,33,3,11,7,10,1,1,0,30,30,0,9,6,0,1,2
57402692,0,,,22,10,12,0,0,0,22,10,12,10,5,5,22,10,12,22,10,12,12,5,7,3,1,2,2,1,1,0,0,0,0,0,0,8,8,1,3,2,1,1,0,0,7,5,2,0,7,0,1,3
57402693,0,,,36,19,17,4,1,3,32,18,14,14,8,6,32,18,14,32,18,14,18,10,8,6,2,4,0,0,0,0,0,0,0,0,0,15,15,4,6,4,0,0,0,1,11,7,4,1,12,0,4,2
57402695,0,,,82,30,52,2,1,1,78,28,50,23,16,7,76,26,50,75,26,49,55,12,43,46,8,38,35,5,30,7,0,7,7,4,3,24,23,18,2,1,1,1,0,0,5,4,1,0,4,12,1,2
57402696,0,,,288,163,125,30,17,13,244,139,105,170,105,65,242,138,104,240,138,102,74,34,40,36,17,19,14,8,6,1,0,1,17,8,9,177,177,114,36,13,8,5,1,0,61,55,6,10,47,50,8,17
57402697,0,,,1716,856,860,161,76,85,1495,754,741,1004,544,460,1456,733,723,1412,701,711,491,210,281,247,96,151,93,33,60,8,5,3,46,29,17,935,935,488,240,112,69,21,4,1,439,404,35,50,336,194,98,122
57402698,0,,,4035,2257,1778,327,186,141,3514,1958,1556,2480,1496,984,3439,1918,1521,3254,1772,1482,1034,462,572,570,237,333,226,86,140,16,5,11,75,48,27,2328,2326,1388,479,240,157,51,8,3,928,831,97,99,719,501,234,209
57402699,0,,,6236,3335,2901,452,234,218,5454,2924,2530,3934,2282,1652,5356,2871,2485,5086,2705,2381,1520,642,878,805,301,504,317,97,220,27,2,25,342,244,98,3768,3763,2436,699,333,216,59,15,5,1300,1161,139,144,1010,852,379,264
57402700,0,,,7248,3520,3728,891,455,436,6173,2959,3214,4629,2282,2347,5975,2872,3103,5844,2816,3028,1544,677,867,744,299,445,242,87,155,18,7,11,38,19,19,3295,3294,1228,949,571,402,92,38,14,2018,1816,202,273,1048,205,285,301
57402701,0,,,2754,1327,1427,417,194,223,2278,1096,1182,1650,828,822,2217,1065,1152,2171,1050,1121,628,268,360,340,130,210,126,29,97,16,2,14,22,15,7,1107,1102,349,316,199,160,57,14,7,732,654,78,147,337,59,60,100
57402702,0,,,228,109,119,19,9,10,209,100,109,129,62,67,202,97,105,199,96,103,80,38,42,34,17,17,12,7,5,1,1,0,0,0,0,77,77,9,28,20,7,6,4,3,67,45,22,5,52,1,4,10
57402703,0,,,277,132,145,18,7,11,259,125,134,142,74,68,251,122,129,250,121,129,117,51,66,70,27,43,23,7,16,0,0,0,0,0,0,92,92,13,32,17,14,8,4,4,79,53,26,3,74,0,12,15
57402704,1,,57402705,89,41,48,6,1,5,92,45,47,50,25,25,92,45,47,88,42,46,42,20,22,15,5,10,5,2,3,2,1,1,0,0,0,29,29,3,11,7,6,2,3,0,29,16,13,2,25,0,0,7
57402705,2,57402704,,9,5,4,*,*,*,*,*,*,*,*,*,*,*,*,*,*,*,*,*,*,*,*,*,*,*,*,*,*,*,*,*,*,3,3,*,*,*,*,*,*,*,*,*,*,*,*,*,*,*
57402710,0,,,4370,2151,2219,577,272,305,3643,1794,1849,2773,1409,1364,3507,1725,1782,3407,1664,1743,870,385,485,425,185,240,111,47,64,7,0,7,23,12,11,1929,1929,711,535,309,268,68,23,15,1183,1069,114,164,579,151,129,159
57402711,0,,,1881,906,975,247,118,129,1610,774,836,1127,562,565,1560,752,808,1520,729,791,483,212,271,236,103,133,68,26,42,3,2,1,7,2,5,784,784,267,206,139,110,43,10,9,509,421,88,71,327,42,79,72
57402712,0,,,313,147,166,38,13,25,275,134,141,167,87,80,271,131,140,268,130,138,108,47,61,46,17,29,16,6,10,0,0,0,0,0,0,95,94,19,18,20,13,11,7,6,75,39,36,13,66,1,11,8
57402713,0,,,497,241,256,33,16,17,464,225,239,243,124,119,447,216,231,442,213,229,221,101,120,105,44,61,27,9,18,1,0,1,2,2,0,197,197,41,76,43,23,7,3,4,156,119,37,7,139,2,26,41
57402714,0,,,255,120,135,24,9,15,231,111,120,124,62,62,214,99,115,210,99,111,107,49,58,54,21,33,20,9,11,2,0,2,0,0,0,104,104,46,22,8,12,9,2,5,57,34,23,3,71,0,29,11
57402715,0,,,1468,718,750,246,129,117,1200,576,624,789,383,406,1169,560,609,1151,553,598,411,193,218,192,80,112,51,14,37,4,0,4,18,1,17,613,613,194,174,116,84,33,7,5,413,366,47,101,294,12,94,75
57402716,0,,,129,80,49,3,2,1,126,78,48,71,46,25,126,78,48,122,74,48,55,32,23,19,6,13,5,2,3,0,0,0,0,0,0,94,94,71,15,5,2,1,0,0,23,22,1,1,50,1,37,5
57402720,0,,,4705,2248,2457,635,326,309,3978,1871,2107,2892,1403,1489,3836,1799,2037,3755,1754,2001,1086,468,618,475,190,285,115,37,78,13,2,11,29,20,9,2020,2019,621,643,394,249,78,24,10,1380,1254,126,204,744,81,191,212
57402721,0,,,2358,1108,1250,314,162,152,2017,933,1084,1371,673,698,1977,902,1075,1933,880,1053,646,260,386,358,120,238,175,43,132,30,6,24,16,8,8,871,865,206,289,181,133,46,5,5,645,577,68,111,289,34,41,85
57402722,0,,,2604,1269,1335,375,176,199,2209,1084,1125,1582,798,784,2118,1040,1078,2069,1010,1059,627,286,341,273,113,160,62,21,41,1,1,0,5,3,2,959,955,196,287,207,173,64,18,10,739,651,88,102,415,33,70,123
57402723,0,,,2246,1114,1132,375,197,178,1860,912,948,1320,672,648,1792,879,913,1748,849,899,540,240,300,224,109,115,54,17,37,5,1,4,5,1,4,780,780,116,248,167,152,71,15,11,662,571,91,100,340,9,47,106
57402724,0,,,73,38,35,3,2,1,70,36,34,37,21,16,70,36,34,69,35,34,33,15,18,18,6,12,8,2,6,0,0,0,0,0,0,33,33,11,12,4,4,2,0,0,22,18,4,1,23,0,10,4
57402725,0,,,41,22,19,4,3,1,37,19,18,16,9,7,37,19,18,37,19,18,21,10,11,10,5,5,4,2,2,0,0,0,0,0,0,13,13,1,5,4,1,1,0,1,12,9,3,1,11,0,1,2
57402730,0,,,9155,4318,4837,1043,538,505,7819,3628,4191,6106,2877,3229,7553,3501,4052,7336,3406,3930,1713,751,962,728,295,433,199,56,143,18,3,15,33,16,17,4165,4157,1605,1171,776,456,120,24,5,2508,2338,170,321,1110,343,283,330
57402731,0,,,5478,2616,2862,802,406,396,4622,2187,2435,3230,1584,1646,4420,2075,2345,4299,2023,2276,1392,603,789,673,295,378,190,69,121,16,5,11,15,4,11,2102,2098,490,628,449,375,112,31,13,1579,1416,163,203,877,65,194,267
57402732,0,,,6801,3291,3510,968,500,468,5760,2754,3006,3837,1928,1909,5547,2641,2906,5438,2586,2852,1923,826,1097,1019,403,616,258,93,165,10,2,8,17,10,7,2676,2669,698,817,511,429,147,55,12,1946,1703,243,260,1264,71,341,360
57402733,0,,,5954,2788,3166,650,339,311,5225,2412,2813,3150,1528,1622,5051,2341,2710,4932,2276,2656,2075,884,1191,1110,430,680,329,96,233,26,5,21,24,12,12,2415,2403,777,721,415,314,109,50,17,1606,1370,236,150,1324,30,467,307
57402734,0,,,81,44,37,16,10,6,65,34,31,43,21,22,63,32,31,61,30,31,22,13,9,13,7,6,5,3,2,1,0,1,5,5,0,27,27,8,7,3,3,3,1,2,19,11,8,4,15,3,1,5
57402735,0,,,164,82,82,16,8,8,148,74,74,85,40,45,144,72,72,143,72,71,63,34,29,20,12,8,7,3,4,1,1,0,0,0,0,53,53,6,17,13,6,7,3,1,46,33,13,5,38,0,4,8
57402736,0,,,45,23,22,4,1,3,41,22,19,22,14,8,41,22,19,40,22,18,19,8,11,11,4,7,3,2,1,0,0,0,0,0,0,16,16,4,4,3,3,0,2,0,12,5,7,2,13,0,2,2
57402740,0,,,3377,1570,1807,390,193,197,2948,1363,1585,2185,1046,1139,2845,1320,1525,2763,1284,1479,763,317,446,390,141,249,140,37,103,16,3,13,15,6,9,1432,1431,483,420,258,200,51,16,3,934,845,89,107,453,122,106,116
57402741,0,,,3988,1926,2062,535,264,271,3395,1634,1761,2449,1197,1252,3304,1590,1714,3232,1553,1679,946,437,509,421,185,236,93,32,61,2,0,2,24,7,17,1653,1653,439,527,366,239,59,18,5,1199,1099,100,183,634,74,147,185
57402742,0,,,4439,2143,2296,614,316,298,3781,1804,1977,2543,1267,1276,3676,1751,1925,3595,1713,1882,1238,537,701,626,256,370,164,51,113,16,2,14,9,4,5,1733,1730,429,523,391,258,92,24,13,1278,1112,166,184,793,43,179,214
57402743,0,,,536,261,275,61,28,33,473,232,241,266,134,132,463,227,236,453,219,234,207,98,109,106,50,56,32,13,19,5,0,5,0,0,0,193,190,38,58,47,27,11,8,1,151,120,31,18,116,0,22,30
57402744,0,,,426,181,245,42,25,17,384,156,228,175,82,93,372,153,219,366,151,215,209,74,135,134,38,96,67,10,57,8,2,6,0,0,0,92,91,3,23,23,12,12,8,10,86,52,34,6,72,0,3,12
57402745,0,,,183,88,95,10,6,4,173,82,91,86,40,46,172,81,91,169,79,90,87,42,45,36,13,23,13,1,12,0,0,0,0,0,0,64,64,6,23,21,7,5,0,2,58,44,14,3,52,0,4,16
57402746,0,,,80,45,35,4,3,1,76,42,34,49,28,21,71,37,34,70,36,34,27,14,13,16,8,8,3,0,3,0,0,0,1,0,1,28,28,8,8,4,2,2,2,2,20,13,7,0,18,0,5,6
57402750,0,,,7965,3781,4184,1216,627,589,6603,3080,3523,5228,2506,2722,6381,2969,3412,6220,2882,3338,1375,574,801,740,262,478,274,80,194,30,6,24,33,17,16,3425,3421,1184,913,671,509,113,25,6,2189,2034,155,392,854,260,232,224
57402751,0,,,4416,2135,2281,577,284,293,3770,1815,1955,2751,1347,1404,3639,1752,1887,3561,1709,1852,1019,468,551,436,171,265,124,40,84,6,0,6,10,5,5,1849,1848,559,552,358,268,84,19,8,1268,1142,126,174,669,81,160,194
57402753,0,,,3218,1528,1690,494,252,242,2714,1268,1446,1795,885,910,2624,1225,1399,2553,1190,1363,919,383,536,479,185,294,159,38,121,22,0,22,2,0,2,1115,1105,192,318,260,223,74,22,16,899,763,136,142,537,13,93,132
57402754,0,,,4784,2357,2427,689,363,326,4051,1968,2083,2782,1373,1409,3916,1888,2028,3828,1850,1978,1269,595,674,587,266,321,145,48,97,8,2,6,17,7,10,1837,1837,433,567,373,297,110,45,12,1370,1171,199,185,829,26,172,242
57402755,0,,,185,84,101,20,7,13,165,77,88,103,49,54,163,77,86,160,76,84,62,28,34,25,8,17,12,4,8,0,0,0,7,1,6,65,65,11,18,19,8,5,4,0,53,37,16,9,39,0,6,5
57402756,0,,,180,93,87,19,8,11,161,85,76,98,55,43,157,82,75,156,82,74,63,30,33,28,13,15,12,4,8,0,0,0,1,0,1,54,54,5,13,12,13,7,2,2,49,29,20,5,41,0,3,5
57402760,0,,,10852,5192,5660,1475,787,688,9076,4262,4814,7269,3471,3798,8838,4141,4697,8636,4039,4597,1807,791,1016,832,332,500,268,89,179,18,6,12,62,29,33,5464,5463,2537,1381,823,568,121,30,3,2873,2690,183,519,1267,592,413,387
57402761,0,,,8522,4113,4409,1438,700,738,6918,3333,3585,5502,2726,2776,6713,3222,3491,6578,3154,3424,1416,607,809,664,264,400,185,52,133,13,1,12,55,26,29,3624,3624,1104,1043,789,527,122,30,9,2484,2293,191,573,960,192,232,270
57402762,0,,,3769,1794,1975,466,250,216,3253,1515,1738,2161,1063,1098,3162,1469,1693,3103,1440,1663,1092,452,640,575,202,373,212,57,155,18,4,14,10,1,9,1535,1526,410,511,316,211,55,18,5,1090,988,102,143,670,12,185,204
57402763,0,,,6735,3299,3436,944,474,470,5734,2787,2947,3729,1891,1838,5551,2698,2853,5440,2641,2799,2005,896,1109,984,429,555,270,95,175,19,3,16,23,13,10,2687,2681,721,829,535,413,126,44,13,1925,1734,191,278,1282,65,328,373
57402764,0,,,733,354,379,118,61,57,613,292,321,402,203,199,588,281,307,575,277,298,211,89,122,111,42,69,30,10,20,4,0,4,3,3,0,267,266,58,85,51,43,17,10,2,206,179,27,32,128,7,24,39
57402765,0,,,529,241,288,59,25,34,469,215,254,277,131,146,455,211,244,441,204,237,192,84,108,99,40,59,24,7,17,4,0,4,6,4,2,187,187,33,67,32,25,19,7,4,153,118,35,16,122,3,19,39
57402766,0,,,191,92,99,20,10,10,171,82,89,107,53,54,167,80,87,162,76,86,64,29,35,29,13,16,6,2,4,0,0,0,0,0,0,69,69,6,31,13,12,6,1,0,62,50,12,6,40,0,3,14
57402767,0,,,27,16,11,0,0,0,27,16,11,11,8,3,27,16,11,26,15,11,16,8,8,6,3,3,4,2,2,1,0,1,0,0,0,11,11,1,6,2,2,0,0,0,9,7,2,0,8,0,1,4
57402770,0,,,12568,5935,6633,1433,749,684,10705,4968,5737,8388,3991,4397,10408,4819,5589,10171,4696,5475,2317,977,1340,1087,418,669,371,119,252,26,8,18,83,37,46,6584,6582,3268,1624,948,577,133,29,3,3259,3072,187,489,1632,673,587,457
57402771,0,,,7362,3380,3982,823,426,397,6377,2874,3503,4201,1986,2215,6209,2788,3421,6048,2739,3309,2176,888,1288,1199,442,757,451,119,332,42,9,33,34,14,20,3274,3268,1215,1041,574,316,92,21,9,2013,1857,156,245,1289,179,414,392
57402772,0,,,7574,3782,3792,831,415,416,6529,3246,3283,4644,2369,2275,6350,3152,3198,6230,3098,3132,1885,877,1008,895,373,522,280,108,172,17,3,14,65,26,39,3629,3624,1562,949,593,364,113,30,13,2008,1834,174,239,1311,177,425,340
57402773,0,,,4757,2274,2483,655,332,323,4078,1922,2156,2742,1333,1409,3934,1850,2084,3839,1805,2034,1336,589,747,653,285,368,151,44,107,9,1,8,18,11,7,1870,1868,445,594,425,254,103,32,15,1396,1234,162,174,850,46,180,251
57402774,0,,,458,220,238,66,32,34,388,185,203,255,128,127,374,177,197,367,172,195,133,57,76,81,34,47,16,4,12,4,0,4,2,1,1,183,183,51,57,33,33,2,1,6,128,108,20,19,82,5,19,24
57402775,0,,,80,37,43,16,7,9,64,30,34,42,19,23,61,29,32,59,29,30,22,11,11,15,8,7,3,1,2,0,0,0,0,0,0,34,34,13,8,5,4,4,0,0,21,21,0,4,18,1,10,5
57402776,0,,,211,108,103,28,15,13,183,93,90,113,59,54,180,92,88,177,90,87,70,34,36,33,12,21,16,6,10,1,1,0,0,0,0,61,61,7,9,17,14,8,4,2,54,31,23,10,43,0,4,4
57402777,0,,,408,201,207,37,17,20,371,184,187,229,116,113,365,181,184,360,179,181,142,68,74,74,35,39,20,8,12,1,0,1,0,0,0,138,138,21,42,35,19,9,8,4,113,84,29,14,92,1,9,26
57402780,0,,,5026,2269,2757,587,290,297,4299,1909,2390,3232,1466,1766,4194,1864,2330,4089,1815,2274,1067,443,624,504,161,343,213,52,161,35,11,24,23,6,17,2633,2632,1348,633,337,244,55,11,4,1255,1162,93,158,729,328,267,168
57402781,0,,,11138,5523,5615,1232,619,613,9559,4685,4874,7515,3771,3744,9273,4529,4744,9077,4433,4644,2044,914,1130,885,341,544,305,104,201,25,6,19,81,33,48,5729,5727,2845,1387,821,508,137,18,11,2805,2608,197,405,1455,735,509,349
57402782,0,,,7546,4039,3507,853,423,430,6584,3548,3036,4690,2657,2033,6405,3460,2945,6263,3386,2877,1894,891,1003,918,375,543,302,95,207,27,1,26,35,21,14,3114,3104,1161,873,541,375,123,18,13,1888,1691,197,250,1144,194,288,328
57402783,0,,,2912,1441,1471,440,244,196,2415,1160,1255,1744,880,864,2344,1125,1219,2291,1100,1191,671,280,391,402,158,244,119,45,74,5,3,2,2,1,1,1241,1241,439,318,217,177,66,21,3,783,681,102,119,471,45,131,112
57402784,0,,,4610,2345,2265,880,460,420,3666,1846,1820,2805,1486,1319,3572,1798,1774,3500,1758,1742,861,360,501,517,195,322,179,59,120,17,3,14,17,6,11,1730,1725,546,397,337,302,104,27,12,1155,1027,128,321,465,128,80,114
57402785,0,,,4990,2439,2551,1117,578,539,3809,1821,1988,2973,1476,1497,3692,1765,1927,3616,1729,1887,836,345,491,465,164,301,190,44,146,27,5,22,6,2,4,1813,1808,463,412,397,395,103,28,10,1319,1203,116,398,448,76,104,122
57402786,1,,57402787,1274,565,709,164,75,89,1100,484,616,603,294,309,1081,473,608,1068,468,600,497,190,307,317,101,216,145,35,110,21,2,19,3,1,2,493,491,152,173,88,64,11,3,3,336,305,31,49,236,9,70,69
57402787,2,57402786,,6,4,2,*,*,*,*,*,*,*,*,*,*,*,*,*,*,*,*,*,*,*,*,*,*,*,*,*,*,*,*,*,*,3,3,*,*,*,*,*,*,*,*,*,*,*,*,*,*,*
57402788,1,,57402789,19,11,8,4,3,1,22,12,10,15,9,6,22,12,10,21,11,10,7,3,4,3,1,2,0,0,0,0,0,0,0,0,0,6,6,2,2,3,1,0,0,1,7,6,1,1,4,0,1,1
57402789,2,57402788,,7,4,3,*,*,*,*,*,*,*,*,*,*,*,*,*,*,*,*,*,*,*,*,*,*,*,*,*,*,*,*,*,*,3,3,*,*,*,*,*,*,*,*,*,*,*,*,*,*,*
57402790,0,,,8614,4091,4523,665,346,319,7435,3455,3980,5487,2714,2773,7288,3382,3906,7101,3290,3811,1948,741,1207,957,307,650,388,96,292,41,4,37,342,160,182,5304,5302,3407,1066,471,277,64,14,3,1824,1683,141,201,1328,982,546,349
57402791,0,,,11325,5538,5787,958,505,453,9843,4744,5099,7483,3755,3728,9648,4642,5006,9400,4518,4882,2360,989,1371,1146,427,719,392,127,265,15,6,9,190,99,91,6680,6678,4058,1358,699,423,106,24,10,2513,2260,253,323,1694,1236,621,396
57402792,0,,,8397,3994,4403,834,411,423,7319,3448,3871,5395,2642,2753,7139,3374,3765,6995,3313,3682,1924,806,1118,953,344,609,327,97,230,18,2,16,62,34,28,4350,4344,2158,1051,648,354,94,27,12,2103,1903,200,285,1361,510,483,311
57402793,0,,,11230,5433,5797,1257,629,628,9648,4624,5024,7090,3527,3563,9339,4479,4860,9093,4365,4728,2558,1097,1461,1284,500,784,432,132,300,35,10,25,74,36,38,5645,5637,2728,1421,775,512,158,27,16,2826,2581,245,355,1693,526,582,438
57402794,0,,,7244,3622,3622,1060,548,512,6031,2984,3047,4863,2460,2403,5827,2884,2943,5677,2818,2859,1168,524,644,591,231,360,202,61,141,15,4,11,19,10,9,3165,3162,1152,849,579,433,113,21,15,1947,1780,167,354,724,215,180,194
57402795,1,,57402796,6521,3270,3251,939,479,460,5357,2674,2683,4475,2289,2186,5184,2602,2582,5062,2549,2513,882,385,497,451,173,278,122,44,78,8,3,5,26,11,15,2978,2974,1167,757,545,385,79,34,10,1730,1569,161,332,600,265,118,162
57402796,2,57402795,,11,7,4,*,*,*,*,*,*,*,*,*,*,*,*,*,*,*,*,*,*,*,*,*,*,*,*,*,*,*,*,*,*,3,3,*,*,*,*,*,*,*,*,*,*,*,*,*,*,*
57402797,0,,,11,6,5,0,0,0,11,6,5,6,3,3,11,6,5,11,6,5,5,3,2,3,1,2,1,0,1,0,0,0,0,0,0,5,5,2,1,1,1,0,0,0,3,3,0,0,4,0,1,1
57402798,0,,,174,84,90,12,7,5,162,77,85,84,39,45,161,77,84,158,76,82,78,38,40,36,17,19,10,4,6,2,1,1,0,0,0,59,59,9,17,12,13,6,1,1,50,31,19,4,44,0,6,10
57402799,0,,,85,47,38,8,6,2,77,41,36,39,22,17,75,39,36,74,39,35,38,19,19,16,8,8,5,1,4,0,0,0,0,0,0,31,31,9,8,6,3,2,2,1,22,15,7,3,23,0,5,6
57403407,2,57403408,,7,3,4,*,*,*,*,*,*,*,*,*,*,*,*,*,*,*,*,*,*,*,*,*,*,*,*,*,*,*,*,*,*,3,3,*,*,*,*,*,*,*,*,*,*,*,*,*,*,*
57403408,1,,57403407,26,13,13,2,2,0,31,14,17,16,8,8,31,14,17,31,14,17,15,6,9,5,2,3,1,1,0,0,0,0,0,0,0,10,10,4,2,4,2,1,0,0,9,8,1,2,10,0,4,2
57403409,0,,,9,5,4,0,0,0,9,5,4,4,3,1,9,5,4,9,5,4,5,2,3,3,2,1,0,0,0,0,0,0,0,0,0,4,4,0,3,1,0,0,0,0,4,4,0,0,3,0,0,1
57403423,2,57403426,,3,2,1,*,*,*,*,*,*,*,*,*,*,*,*,*,*,*,*,*,*,*,*,*,*,*,*,*,*,*,*,*,*,2,2,*,*,*,*,*,*,*,*,*,*,*,*,*,*,*
57403425,2,57403426,,4,1,3,*,*,*,*,*,*,*,*,*,*,*,*,*,*,*,*,*,*,*,*,*,*,*,*,*,*,*,*,*,*,2,2,*,*,*,*,*,*,*,*,*,*,*,*,*,*,*
57403426,1,,57403423;57403425,57,33,24,5,3,2,59,33,26,17,10,7,59,33,26,58,33,25,42,23,19,21,12,9,10,5,5,1,0,1,0,0,0,24,24,9,8,9,0,1,0,1,19,14,5,2,26,0,8,5
57403428,0,,,30,14,16,0,0,0,30,14,16,17,9,8,29,14,15,28,14,14,13,5,8,9,2,7,3,1,2,1,0,1,0,0,0,11,11,2,3,4,0,2,0,0,9,5,4,0,10,0,2,1
57403429,0,,,119,58,61,17,9,8,102,49,53,62,31,31,97,47,50,95,46,49,40,18,22,16,5,11,8,3,5,0,0,0,0,0,0,41,41,10,14,4,6,2,2,3,31,22,9,3,26,0,5,6
57403438,0,,,19,8,11,0,0,0,19,8,11,11,6,5,18,7,11,17,7,10,8,2,6,2,0,2,2,0,2,0,0,0,0,0,0,8,8,3,1,3,0,1,0,0,5,3,2,0,5,0,1,0
57403439,0,,,36,18,18,2,1,1,34,17,17,16,11,5,33,17,16,33,17,16,18,6,12,7,1,6,4,0,4,0,0,0,0,0,0,12,12,3,2,5,0,0,0,2,8,5,3,0,11,0,3,2
57403469,0,,,46,25,21,3,2,1,43,23,20,18,11,7,43,23,20,42,22,20,25,12,13,16,8,8,2,0,2,0,0,0,0,0,0,16,16,2,7,2,2,2,1,0,14,10,4,0,14,0,1,5
57403489,0,,,112,46,66,8,3,5,103,43,60,55,19,36,101,43,58,96,42,54,48,24,24,21,10,11,8,2,6,0,0,0,0,0,0,52,52,23,14,6,4,4,0,1,29,22,7,2,31,6,6,7
57403497,2,57403499,,2,1,1,*,*,*,*,*,*,*,*,*,*,*,*,*,*,*,*,*,*,*,*,*,*,*,*,*,*,*,*,*,*,2,2,*,*,*,*,*,*,*,*,*,*,*,*,*,*,*
57403499,1,,57403497,82,50,32,3,1,2,74,45,29,60,38,22,72,44,28,70,43,27,14,7,7,8,4,4,1,0,1,1,0,1,2,1,1,50,50,36,9,3,2,1,0,1,14,13,1,1,10,10,4,1
57403501,2,57403512,,7,6,1,*,*,*,*,*,*,*,*,*,*,*,*,*,*,*,*,*,*,*,*,*,*,*,*,*,*,*,*,*,*,3,3,*,*,*,*,*,*,*,*,*,*,*,*,*,*,*
57403503,0,,,80,46,34,9,4,5,70,42,28,32,21,11,70,42,28,70,42,28,38,21,17,16,9,7,4,2,2,0,0,0,0,0,0,31,31,9,9,5,4,2,2,0,21,15,6,3,20,0,2,7
57403504,0,,,312,153,159,29,13,16,283,140,143,148,76,72,279,139,140,277,138,139,135,64,71,72,31,41,29,15,14,2,1,1,1,1,0,116,116,24,44,19,15,5,6,3,90,63,27,8,85,0,16,24
57403505,0,,,27,13,14,3,0,3,24,13,11,12,8,4,23,12,11,23,12,11,12,5,7,5,2,3,2,0,2,0,0,0,0,0,0,7,7,0,2,2,2,0,0,1,7,4,3,1,7,0,0,2
57403512,1,,57403501,177,72,105,19,9,10,165,69,96,70,40,30,160,67,93,160,67,93,95,29,66,64,12,52,44,7,37,7,2,5,1,1,0,36,35,7,8,9,3,3,3,5,30,15,15,6,28,0,3,1
57403513,0,,,291,141,150,28,17,11,263,124,139,143,70,73,255,120,135,248,116,132,120,54,66,40,18,22,12,4,8,2,0,2,0,0,0,102,102,13,36,19,26,4,3,1,89,71,18,7,73,0,10,24
57403514,0,,,51,23,28,3,1,2,48,22,26,25,14,11,43,20,23,43,20,23,23,8,15,10,2,8,4,1,3,0,0,0,0,0,0,17,17,4,5,3,1,2,0,2,13,5,8,1,16,0,3,1
57403519,2,57403529,,6,3,3,*,*,*,*,*,*,*,*,*,*,*,*,*,*,*,*,*,*,*,*,*,*,*,*,*,*,*,*,*,*,3,3,*,*,*,*,*,*,*,*,*,*,*,*,*,*,*
57403520,1,,57403530,79,37,42,3,2,1,77,36,41,40,19,21,74,34,40,70,32,38,37,17,20,20,9,11,7,3,4,1,1,0,0,0,0,28,28,8,9,3,4,2,2,1,20,10,10,0,25,0,5,4
57403521,0,,,188,94,94,12,7,5,176,87,89,105,56,49,173,85,88,169,84,85,71,31,40,34,13,21,21,6,15,3,1,2,0,0,0,61,61,7,15,23,8,3,3,2,53,35,18,3,44,0,3,7
57403522,0,,,65,34,31,9,7,2,56,27,29,34,17,17,52,25,27,52,25,27,22,10,12,8,3,5,3,0,3,0,0,0,0,0,0,24,24,6,8,3,4,1,1,1,18,12,6,3,15,0,2,3
57403526,0,,,99,68,31,0,0,0,99,68,31,74,57,17,99,68,31,99,68,31,25,11,14,14,5,9,1,0,1,1,0,1,0,0,0,21,20,4,7,5,4,0,0,0,16,13,3,0,15,0,3,3
57403527,0,,,255,130,125,16,9,7,239,121,118,132,75,57,235,119,116,230,116,114,107,46,61,50,20,30,14,2,12,0,0,0,0,0,0,87,87,14,26,23,11,5,6,2,71,43,28,2,69,0,8,13
57403528,0,,,457,225,232,34,20,14,423,205,218,225,118,107,412,200,212,409,199,210,198,87,111,109,44,65,35,15,20,5,1,4,0,0,0,171,170,38,61,32,20,15,1,3,128,99,29,8,115,2,21,36
57403529,1,,57403519,2403,1195,1208,399,211,188,1990,976,1014,1514,765,749,1914,940,974,1861,907,954,476,211,265,194,73,121,46,10,36,1,0,1,8,5,3,839,837,130,240,208,180,56,20,6,701,625,76,116,310,10,41,97
57403530,2,57403520,,1,1,0,*,*,*,*,*,*,*,*,*,*,*,*,*,*,*,*,*,*,*,*,*,*,*,*,*,*,*,*,*,*,1,1,*,*,*,*,*,*,*,*,*,*,*,*,*,*,*
57403534,2,57403544,,9,3,6,*,*,*,*,*,*,*,*,*,*,*,*,*,*,*,*,*,*,*,*,*,*,*,*,*,*,*,*,*,*,3,3,*,*,*,*,*,*,*,*,*,*,*,*,*,*,*
57403535,0,,,73,36,37,7,4,3,66,32,34,30,16,14,65,31,34,65,31,34,36,16,20,20,8,12,10,3,7,0,0,0,0,0,0,24,24,1,10,8,2,0,1,2,23,18,5,2,21,0,1,5
57403536,0,,,258,119,139,23,8,15,235,111,124,122,60,62,230,109,121,225,108,117,113,51,62,57,21,36,23,7,16,1,0,1,0,0,0,85,85,12,32,14,12,4,7,4,72,46,26,4,69,0,9,18
57403537,0,,,70,33,37,8,3,5,62,30,32,27,11,16,60,30,30,60,30,30,35,19,16,14,9,5,7,4,3,1,0,1,0,0,0,22,22,5,5,6,1,1,1,3,17,10,7,1,20,0,3,5
57403538,0,,,33,14,19,4,3,1,29,11,18,16,5,11,28,11,17,28,11,17,13,6,7,8,4,4,2,2,0,0,0,0,0,0,0,14,14,2,7,3,2,0,0,0,12,11,1,1,9,0,1,1
57403539,0,,,1212,540,672,104,49,55,1106,490,616,445,224,221,1086,481,605,1075,479,596,661,266,395,440,146,294,209,55,154,31,6,25,1,0,1,279,274,67,81,52,53,18,2,1,206,181,25,23,134,8,26,45
57403544,1,,57403534,17,10,7,0,0,0,26,13,13,14,8,6,26,13,13,25,12,13,12,5,7,8,4,4,3,1,2,0,0,0,0,0,0,6,6,2,1,3,2,1,0,0,7,5,2,0,7,0,0,0
57403545,0,,,171,81,90,16,6,10,155,75,80,99,52,47,149,70,79,145,68,77,56,23,33,31,9,22,13,2,11,0,0,0,7,7,0,62,62,20,16,7,9,2,5,3,41,25,16,3,39,2,7,5
57403546,0,,,59,34,25,1,0,1,58,34,24,28,17,11,57,33,24,57,33,24,30,17,13,12,6,6,5,4,1,0,0,0,0,0,0,22,22,5,4,8,3,2,0,0,17,11,6,0,19,0,3,3
57403547,0,,,199,86,113,1,1,0,198,85,113,63,38,25,197,84,113,196,83,113,135,47,88,113,34,79,68,17,51,18,2,16,1,0,1,18,13,4,4,2,1,0,1,1,9,7,2,1,11,0,3,2
57403548,0,,,57,31,26,4,3,1,53,28,25,25,14,11,52,27,25,52,27,25,28,14,14,11,5,6,3,1,2,0,0,0,0,0,0,19,19,2,6,4,5,1,1,0,17,10,7,1,15,0,0,4
57403549,0,,,434,208,226,64,35,29,367,171,196,259,123,136,347,163,184,341,162,179,108,48,60,48,20,28,18,5,13,1,0,1,5,5,0,165,165,42,44,36,29,7,4,3,121,98,23,15,76,9,16,13
57403551,0,,,13,6,7,1,1,0,12,5,7,10,4,6,12,5,7,12,5,7,2,1,1,1,1,0,0,0,0,0,0,0,0,0,0,5,5,0,3,1,1,0,0,0,5,3,2,0,2,0,0,1
57403552,0,,,70,38,32,3,1,2,64,35,29,34,19,15,63,35,28,62,35,27,30,16,14,17,9,8,5,3,2,0,0,0,0,0,0,37,37,19,9,6,1,1,1,0,16,15,1,1,22,0,9,4
57403553,2,57403563,,2,0,2,*,*,*,*,*,*,*,*,*,*,*,*,*,*,*,*,*,*,*,*,*,*,*,*,*,*,*,*,*,*,2,2,*,*,*,*,*,*,*,*,*,*,*,*,*,*,*
57403554,0,,,368,174,194,15,7,8,353,167,186,183,92,91,341,160,181,338,159,179,170,75,95,98,39,59,31,11,20,1,0,1,1,0,1,150,150,38,52,32,15,9,3,1,109,87,22,3,112,0,26,23
57403555,0,,,227,100,127,11,5,6,216,95,121,79,41,38,212,92,120,211,91,120,137,54,83,106,40,66,54,17,37,8,1,7,1,1,0,59,57,12,15,14,8,2,5,1,45,28,17,0,48,0,10,8
57403556,0,,,114,55,59,10,5,5,104,50,54,67,35,32,104,50,54,104,50,54,37,15,22,15,5,10,3,0,3,1,0,1,0,0,0,25,23,2,9,5,3,3,1,0,21,13,8,3,17,0,1,6
57403557,0,,,78,42,36,7,7,0,71,35,36,34,17,17,68,33,35,68,33,35,37,18,19,19,7,12,9,3,6,0,0,0,0,0,0,29,29,5,10,7,3,4,0,0,23,17,6,2,23,0,4,5
57403558,0,,,41,22,19,10,7,3,31,15,16,18,9,9,30,14,16,30,14,16,13,6,7,6,3,3,2,1,1,0,0,0,0,0,0,16,16,5,5,1,3,1,1,0,10,8,2,5,9,0,3,4
57403559,0,,,1785,885,900,250,137,113,1528,742,786,1158,571,587,1462,706,756,1421,684,737,370,171,199,154,68,86,38,18,20,3,2,1,11,7,4,678,678,125,235,150,117,36,13,2,547,500,47,71,249,7,46,82
57403560,0,,,126,62,64,2,1,1,123,60,63,70,30,40,122,60,62,122,60,62,53,30,23,28,15,13,7,2,5,0,0,0,2,2,0,70,70,34,25,4,5,2,0,0,36,33,3,0,39,0,21,8
57403561,0,,,94,46,48,2,1,1,90,44,46,43,23,20,90,44,46,89,44,45,47,21,26,24,9,15,10,5,5,0,0,0,0,0,0,37,37,7,13,10,5,1,1,0,30,23,7,0,30,0,5,7
57403562,0,,,36,19,17,2,0,2,32,18,14,17,12,5,32,18,14,30,16,14,15,6,9,8,3,5,1,0,1,0,0,0,0,0,0,18,18,9,5,1,2,0,1,0,9,8,1,1,10,0,4,2
57403563,1,,57403553,49,23,26,2,2,0,49,21,28,20,8,12,48,21,27,47,21,26,29,13,16,13,6,7,5,1,4,0,0,0,0,0,0,17,17,5,6,3,2,1,2,0,13,9,4,0,16,0,4,5
57403564,0,,,62,31,31,0,0,0,62,31,31,23,15,8,62,31,31,62,31,31,39,16,23,20,7,13,4,0,4,0,0,0,0,0,0,28,28,7,12,5,4,0,0,0,21,17,4,0,26,0,6,9
57403565,0,,,34,16,18,1,1,0,33,15,18,18,9,9,33,15,18,33,15,18,15,6,9,11,5,6,4,1,3,1,0,1,0,0,0,12,12,2,4,3,2,0,0,1,10,6,4,1,9,0,1,1
57403566,0,,,48,22,26,3,2,1,45,20,25,23,11,12,44,19,25,41,19,22,22,9,13,11,4,7,7,1,6,0,0,0,0,0,0,18,18,2,8,3,4,1,0,0,16,11,5,0,14,0,2,2
57403567,0,,,66,33,33,4,3,1,62,30,32,45,21,24,61,30,31,60,30,30,17,9,8,4,0,4,1,0,1,0,0,0,0,0,0,7,6,3,0,0,0,2,0,1,3,1,2,1,4,0,2,0
57403568,0,,,44,22,22,0,0,0,44,22,22,10,5,5,44,22,22,44,22,22,34,17,17,21,8,13,6,3,3,0,0,0,0,0,0,1,0,0,0,0,0,0,0,0,0,0,0,0,0,0,0,0
57403570,0,,,90,46,44,2,2,0,88,44,44,44,23,21,88,44,44,87,43,44,44,21,23,27,13,14,2,1,1,0,0,0,0,0,0,44,44,12,23,6,2,0,1,0,32,28,4,1,26,0,5,12
57403571,0,,,128,70,58,8,6,2,120,64,56,59,35,24,119,64,55,118,63,55,61,29,32,29,15,14,10,5,5,1,1,0,0,0,0,52,52,17,16,10,5,0,1,3,34,23,11,3,41,0,11,7
57403572,0,,,96,41,55,1,1,0,95,40,55,39,18,21,94,40,54,93,39,54,56,22,34,33,10,23,15,2,13,2,1,1,0,0,0,40,39,14,9,12,2,1,1,0,25,14,11,0,31,0,9,2
57403574,0,,,21,11,10,1,0,1,20,11,9,6,4,2,20,11,9,20,11,9,14,7,7,8,4,4,2,1,1,1,0,1,0,0,0,8,8,2,3,0,2,1,0,0,6,3,3,0,7,0,1,3
57403576,1,,57403587,71,32,39,3,1,2,72,32,40,47,19,28,69,31,38,67,31,36,25,13,12,16,7,9,7,1,6,0,0,0,0,0,0,19,19,1,8,2,1,6,3,0,20,12,8,1,18,0,1,2
57403579,2,57403589,,6,3,3,*,*,*,*,*,*,*,*,*,*,*,*,*,*,*,*,*,*,*,*,*,*,*,*,*,*,*,*,*,*,3,3,*,*,*,*,*,*,*,*,*,*,*,*,*,*,*
57403580,0,,,89,37,52,0,0,0,89,37,52,41,19,22,87,36,51,85,35,50,48,18,30,25,8,17,8,1,7,1,0,1,0,0,0,39,39,14,14,3,5,1,1,1,25,16,9,0,33,0,10,9
57403587,2,57403576,,4,1,3,*,*,*,*,*,*,*,*,*,*,*,*,*,*,*,*,*,*,*,*,*,*,*,*,*,*,*,*,*,*,2,2,*,*,*,*,*,*,*,*,*,*,*,*,*,*,*
57403589,1,,57403579,15,10,5,0,0,0,21,13,8,12,7,5,21,13,8,21,13,8,9,6,3,2,1,1,0,0,0,0,0,0,0,0,0,8,8,4,4,3,0,0,0,0,6,5,1,0,7,0,2,2
57403595,2,57403596,,8,4,4,*,*,*,*,*,*,*,*,*,*,*,*,*,*,*,*,*,*,*,*,*,*,*,*,*,*,*,*,*,*,2,2,*,*,*,*,*,*,*,*,*,*,*,*,*,*,*
57403596,1,,57403595,9,6,3,0,0,0,17,10,7,13,9,4,16,9,7,15,8,7,4,1,3,3,0,3,1,0,1,0,0,0,0,0,0,4,4,1,1,3,0,1,0,0,5,3,2,0,4,0,1,0
57403600,0,,,2257,1106,1151,475,226,249,1771,871,900,1387,685,702,1667,814,853,1609,780,829,384,186,198,146,74,72,25,10,15,3,1,2,17,10,7,767,767,101,211,179,203,58,11,4,663,606,57,112,255,3,46,90
57403601,0,,,4387,2163,2224,1410,746,664,2971,1413,1558,2556,1219,1337,2805,1324,1481,2728,1288,1440,415,194,221,162,76,86,39,17,22,2,1,1,21,8,13,1337,1337,116,275,276,489,155,21,5,1214,1139,75,366,282,3,53,100
57403604,0,,,101,31,70,3,2,1,62,19,43,21,10,11,60,18,42,58,16,42,41,9,32,35,6,29,8,1,7,1,0,1,0,0,0,10,8,0,1,2,1,3,0,1,8,3,5,0,6,0,0,0
57403605,2,57403606,,3,2,1,*,*,*,*,*,*,*,*,*,*,*,*,*,*,*,*,*,*,*,*,*,*,*,*,*,*,*,*,*,*,1,1,*,*,*,*,*,*,*,*,*,*,*,*,*,*,*
57403606,1,,57403605,535,326,209,3,2,1,534,325,209,534,325,209,532,324,208,377,226,151,0,0,0,0,0,0,0,0,0,0,0,0,185,100,85,38,32,27,1,3,2,0,0,0,6,6,0,0,0,2,0,0
57403607,0,,,144,102,42,0,0,0,136,97,39,118,90,28,136,97,39,112,78,34,18,7,11,9,5,4,2,0,2,0,0,0,5,3,2,129,129,118,8,2,1,0,0,0,10,10,0,0,12,73,4,4
57403608,0,,,485,278,207,27,13,14,421,244,177,289,197,92,413,239,174,344,176,168,132,47,85,70,23,47,31,7,24,3,0,3,15,8,7,280,276,180,46,35,13,2,0,0,94,84,10,13,94,48,40,22
57403609,0,,,8956,4429,4527,848,426,422,7409,3619,3790,5655,2920,2735,7246,3543,3703,6995,3398,3597,1754,699,1055,820,295,525,248,78,170,18,4,14,515,315,200,5537,5536,3509,1136,509,297,73,11,1,1968,1837,131,245,1276,960,514,371
57403610,0,,,1655,806,849,378,192,186,1271,610,661,1136,555,581,1100,523,577,1025,482,543,135,55,80,52,17,35,10,3,7,0,0,0,10,4,6,481,480,34,90,107,161,72,12,4,442,406,36,30,90,1,14,25
57403611,0,,,199,72,127,15,9,6,184,63,121,45,23,22,184,63,121,184,63,121,139,40,99,105,22,83,75,13,62,20,3,17,2,0,2,40,39,10,12,7,7,1,1,1,29,21,8,4,24,2,4,7
57403612,0,,,65,34,31,6,4,2,56,29,27,39,23,16,56,29,27,56,29,27,17,6,11,7,2,5,4,1,3,0,0,0,0,0,0,34,34,19,6,5,1,3,0,0,15,11,4,4,11,7,3,3
57403613,0,,,2595,1212,1383,292,123,169,2280,1073,1207,1540,744,796,2202,1039,1163,2158,1024,1134,740,329,411,320,127,193,121,42,79,18,5,13,19,9,10,1074,1071,302,362,214,125,54,13,1,757,695,62,66,432,33,97,162
57403614,0,,,3021,1455,1566,338,164,174,2634,1261,1373,1468,758,710,2585,1234,1351,2542,1214,1328,1166,503,663,690,276,414,215,68,147,30,9,21,41,14,27,1355,1354,483,461,222,115,45,25,3,855,767,88,100,747,23,270,224
57403615,0,,,1323,605,718,144,76,68,1131,503,628,662,345,317,1113,496,617,1093,488,605,469,158,311,304,79,225,182,42,140,29,5,24,11,5,6,519,515,200,146,88,53,20,5,3,303,269,34,44,183,23,47,58
57403616,0,,,182,98,84,3,2,1,179,96,83,78,70,8,177,94,83,161,78,83,101,26,75,88,20,68,36,7,29,4,0,4,3,2,1,14,12,2,5,2,1,1,1,0,10,8,2,0,11,0,2,3
57403617,0,,,4828,2983,1845,412,221,191,4044,2548,1496,3514,2333,1181,3968,2509,1459,3618,2251,1367,530,215,315,260,98,162,98,33,65,4,2,2,229,133,96,3341,3341,2563,345,229,145,49,7,3,768,724,44,134,366,1230,114,108
57403618,0,,,2848,1690,1158,258,129,129,2391,1451,940,2008,1285,723,2351,1426,925,2212,1327,885,383,166,217,207,79,128,87,30,57,12,3,9,205,155,50,1893,1890,1427,206,136,86,28,5,2,455,424,31,70,245,771,85,67
57403619,0,,,9378,4639,4739,576,294,282,7403,3608,3795,5687,2927,2760,7337,3576,3761,7193,3487,3706,1716,681,1035,812,281,531,293,85,208,26,7,19,307,150,157,6711,6703,4982,1094,406,168,41,8,4,1602,1480,122,197,1300,1070,646,317
57403620,0,,,3912,1898,2014,596,323,273,3241,1532,1709,2377,1141,1236,3130,1476,1654,3055,1429,1626,864,391,473,392,159,233,119,32,87,9,2,7,31,20,11,1697,1695,634,408,307,255,76,11,4,1043,940,103,173,554,123,163,164
57403621,0,,,4563,2231,2332,740,390,350,3770,1808,1962,2972,1466,1506,3611,1729,1882,3517,1684,1833,798,342,456,360,141,219,114,34,80,9,1,8,17,11,6,1846,1842,545,490,378,318,81,25,5,1270,1133,137,213,513,124,107,152
57403622,0,,,4781,2331,2450,830,445,385,3849,1829,2020,3119,1515,1604,3641,1714,1927,3522,1652,1870,730,314,416,371,149,222,165,52,113,15,5,10,12,5,7,1904,1902,597,451,372,358,92,22,10,1270,1169,101,218,447,122,119,126
57403623,0,,,5835,2880,2955,877,442,435,4831,2366,2465,3773,1886,1887,4670,2289,2381,4549,2225,2324,1058,480,578,461,195,266,150,58,92,10,3,7,45,23,22,2714,2707,1140,653,458,341,88,19,8,1526,1408,118,266,703,318,197,202
57403624,0,,,716,357,359,79,39,40,627,312,315,487,245,242,610,301,309,595,292,303,140,67,73,70,29,41,11,2,9,1,0,1,32,1,31,345,343,130,114,59,31,6,1,2,201,185,16,29,98,37,24,24
57403625,0,,,1297,600,697,90,51,39,1190,540,650,808,368,440,1161,528,633,1131,514,617,382,172,210,142,56,86,29,10,19,1,0,1,11,5,6,600,600,182,240,101,58,15,3,1,407,375,32,22,256,14,60,106
57403626,0,,,1099,558,541,83,40,43,983,497,486,621,349,272,961,486,475,936,471,465,362,148,214,202,70,132,91,29,62,14,1,13,10,2,8,563,560,281,140,91,36,8,3,1,266,239,27,25,220,31,87,48
57403627,0,,,7415,3970,3445,553,297,256,6546,3483,3063,4902,2817,2085,6395,3409,2986,6051,3175,2876,1644,666,978,902,306,596,375,99,276,49,5,44,270,183,87,4393,4386,2842,768,425,278,56,13,4,1510,1353,157,157,1037,1266,376,279
57403628,0,,,11487,5699,5788,1207,643,564,9629,4691,4938,7607,3876,3731,9382,4563,4819,8903,4247,4656,2022,815,1207,943,341,602,304,84,220,18,2,16,193,96,97,6766,6761,4172,1287,705,459,116,15,7,2525,2363,162,348,1438,1640,566,423
57403629,0,,,15919,7579,8340,1562,774,788,12946,6012,6934,10615,5130,5485,12679,5875,6804,12336,5669,6667,2331,882,1449,1068,331,737,349,84,265,27,3,24,269,99,170,10264,10258,7023,1756,840,514,106,17,2,3096,2920,176,520,1707,1623,791,405
57403630,0,,,1067,529,538,138,71,67,920,452,468,670,343,327,850,404,446,786,354,432,250,109,141,128,59,69,35,17,18,0,0,0,13,7,6,430,427,149,125,70,62,16,4,1,274,241,33,40,174,27,56,52
57403631,0,,,2051,1015,1036,287,142,145,1735,854,881,1270,648,622,1696,824,872,1660,803,857,465,206,259,225,91,134,62,18,44,2,1,1,2,1,1,871,864,278,258,170,108,33,10,7,575,520,55,89,303,56,62,93
57403632,0,,,1173,566,607,167,95,72,1002,468,534,569,278,291,974,452,522,955,443,512,433,190,243,246,101,145,105,35,70,13,3,10,4,2,2,451,447,117,155,90,62,10,8,5,327,280,47,40,248,15,58,85
57403633,0,,,996,474,522,108,55,53,879,414,465,536,265,271,859,404,455,843,395,448,343,149,194,152,64,88,34,12,22,4,0,4,2,0,2,432,432,124,158,79,47,15,7,2,303,259,44,25,237,8,59,71
57403634,0,,,35,15,20,12,3,9,23,12,11,19,10,9,23,12,11,22,11,11,4,2,2,1,1,0,1,1,0,0,0,0,0,0,0,12,12,3,2,1,5,1,0,0,9,8,1,3,3,1,1,1
57403635,0,,,537,209,328,58,30,28,468,174,294,236,120,116,454,168,286,446,161,285,232,54,178,190,32,158,131,22,109,30,5,25,1,0,1,161,156,72,33,21,21,5,1,3,81,75,6,13,24,18,3,7
57403636,0,,,3172,1523,1649,236,113,123,2786,1330,1456,1949,961,988,2714,1291,1423,2556,1217,1339,837,369,468,429,169,260,161,49,112,20,1,19,22,14,8,1582,1577,853,370,204,113,31,3,3,706,649,57,67,402,243,109,146
57403637,0,,,6468,3094,3374,574,296,278,5370,2502,2868,3897,1867,2030,5257,2443,2814,4903,2284,2619,1473,635,838,716,289,427,251,90,161,16,6,10,153,89,64,3821,3819,2488,651,362,227,70,17,4,1299,1166,133,164,936,994,290,296
57403638,0,,,9561,4588,4973,784,398,386,8273,3910,4363,6349,3146,3203,8113,3836,4277,7678,3619,4059,1924,764,1160,957,333,624,357,98,259,27,7,20,507,276,231,5644,5632,3659,1016,539,318,78,17,5,1899,1752,147,282,1301,1354,531,298
57403639,0,,,13781,6448,7333,1522,795,727,11628,5287,6341,9110,4275,4835,11329,5140,6189,10976,4915,6061,2518,1012,1506,1150,416,734,362,94,268,29,11,18,145,76,69,7600,7586,4091,1833,988,549,107,13,5,3396,3186,210,508,1815,887,730,474
57403640,0,,,1504,735,769,264,146,118,1239,588,651,982,484,498,1158,547,611,1114,526,588,257,104,153,119,41,78,48,9,39,6,1,5,4,1,3,470,468,45,124,111,120,51,9,8,418,369,49,67,148,2,21,42
57403641,0,,,1822,912,910,443,220,223,1378,691,687,1157,590,567,1279,627,652,1231,598,633,221,101,120,71,34,37,16,8,8,0,0,0,4,1,3,574,574,60,124,158,143,68,19,2,513,477,36,114,152,0,34,44
57403642,0,,,234,122,112,36,22,14,198,100,98,125,65,60,194,96,98,192,96,96,73,35,38,37,17,20,7,3,4,2,1,1,6,4,2,83,83,10,32,15,18,5,3,0,73,60,13,10,46,0,7,17
57403643,0,,,15,7,8,4,1,3,10,5,5,6,4,2,10,5,5,10,5,5,4,1,3,1,1,0,0,0,0,0,0,0,0,0,0,7,7,4,0,2,0,1,0,0,3,3,0,1,3,0,2,0
57403644,0,,,546,261,285,63,28,35,480,230,250,335,164,171,458,217,241,449,214,235,145,66,79,59,16,43,36,8,28,5,2,3,3,0,3,194,193,34,66,46,40,4,3,0,158,154,4,18,69,3,9,26
57403645,0,,,4539,2151,2388,561,298,263,3948,1833,2115,2466,1154,1312,3826,1762,2064,3743,1723,2020,1482,679,803,693,297,396,232,76,156,18,6,12,43,22,21,1837,1836,456,647,397,244,65,17,10,1366,1251,115,141,887,44,213,350
57403646,0,,,4190,1959,2231,358,188,170,3815,1761,2054,2203,1058,1145,3707,1701,2006,3562,1618,1944,1612,703,909,775,290,485,337,82,255,52,7,45,28,10,18,1706,1695,511,597,328,196,54,5,4,1175,1085,90,95,790,191,125,353
57403647,0,,,6317,3084,3233,627,325,302,5506,2648,2858,3554,1754,1800,5374,2579,2795,5228,2516,2712,1952,894,1058,1054,469,585,308,119,189,20,5,15,35,19,16,3123,3118,1412,841,436,297,103,25,4,1673,1496,177,173,1308,330,360,432
57403648,0,,,7974,3857,4117,693,362,331,6930,3292,3638,5173,2560,2613,6779,3196,3583,6438,3007,3431,1757,732,1025,873,335,538,278,97,181,11,3,8,94,63,31,4516,4510,2602,982,525,309,70,18,4,1836,1653,183,249,1272,753,446,327
57403649,0,,,8929,4149,4780,694,368,326,7778,3524,4254,5639,2662,2977,7635,3448,4187,7439,3344,4095,2139,862,1277,1151,400,751,473,135,338,51,10,41,45,23,22,5252,5247,3265,1069,490,324,79,14,6,1917,1747,170,217,1368,906,504,356
57403650,0,,,452,230,222,30,20,10,421,209,212,258,140,118,416,208,208,407,203,204,163,69,94,83,24,59,42,8,34,12,1,11,0,0,0,102,97,16,34,22,12,8,3,2,79,65,14,8,54,0,6,16
57403651,0,,,80,38,42,11,5,6,67,32,35,47,22,25,67,32,35,63,31,32,20,10,10,13,6,7,3,2,1,0,0,0,0,0,0,33,33,14,8,6,1,1,1,2,19,14,5,4,12,4,0,4
57403652,0,,,99,50,49,13,6,7,86,44,42,42,24,18,84,42,42,82,40,42,44,20,24,24,10,14,7,3,4,1,0,1,1,1,0,37,37,10,13,4,4,3,1,2,27,18,9,4,28,0,6,9
57403654,0,,,721,357,364,95,49,46,622,304,318,413,200,213,612,300,312,598,292,306,209,104,105,64,28,36,14,5,9,1,0,1,5,2,3,294,294,59,116,66,38,12,2,1,233,220,13,27,138,8,23,62
57403655,0,,,3556,1645,1911,424,201,223,3088,1416,1672,2008,944,1064,2986,1361,1625,2879,1328,1551,1080,472,608,564,244,320,158,56,102,17,3,14,15,7,8,1462,1461,384,495,307,189,67,16,3,1068,975,93,125,666,50,134,254
57403656,0,,,5763,2748,3015,699,387,312,4982,2311,2671,3424,1639,1785,4818,2233,2585,4667,2157,2510,1558,672,886,789,305,484,288,79,209,34,6,28,40,21,19,2362,2359,642,801,476,329,87,15,9,1697,1585,112,204,926,78,228,344
57403657,0,,,8347,3961,4386,1092,549,543,7140,3342,3798,5007,2431,2576,6870,3199,3671,6676,3123,3553,2133,911,1222,1192,488,704,412,160,252,24,6,18,57,25,32,3684,3682,1310,1047,658,458,155,40,14,2333,2121,212,283,1457,172,445,412
57403658,0,,,6125,2748,3377,672,363,309,5372,2337,3035,3458,1552,1906,5248,2267,2981,5039,2227,2812,1914,785,1129,1125,418,707,461,171,290,41,13,28,28,15,13,2708,2701,1067,773,439,296,95,24,7,1618,1446,172,185,1215,169,373,347
57403659,0,,,6467,3169,3298,671,347,324,5646,2731,2915,3831,1921,1910,5534,2673,2861,5414,2626,2788,1815,810,1005,995,428,567,325,125,200,21,6,15,35,14,21,3271,3271,1537,855,466,291,84,30,8,1686,1510,176,206,1254,298,411,360
57403660,0,,,18,9,9,1,1,0,17,8,9,13,6,7,16,7,9,16,7,9,4,2,2,2,0,2,0,0,0,0,0,0,0,0,0,6,6,0,2,2,2,0,0,0,6,4,2,0,4,0,0,0
57403661,0,,,1323,656,667,140,73,67,1171,574,597,739,379,360,1148,559,589,1121,544,577,432,195,237,178,79,99,34,10,24,2,0,2,7,5,2,535,535,129,190,112,62,29,8,5,396,340,56,45,285,11,60,97
57403662,0,,,515,220,295,47,27,20,467,193,274,184,91,93,461,190,271,457,189,268,283,102,181,173,49,124,93,20,73,19,1,18,1,0,1,154,152,30,60,33,23,5,0,1,121,105,16,12,91,1,16,35
57403663,2,57403664,,6,3,3,*,*,*,*,*,*,*,*,*,*,*,*,*,*,*,*,*,*,*,*,*,*,*,*,*,*,*,*,*,*,2,2,*,*,*,*,*,*,*,*,*,*,*,*,*,*,*
57403664,1,,57403663,2668,1299,1369,609,306,303,2049,984,1065,1732,839,893,1921,919,1002,1851,891,960,317,145,172,116,53,63,26,5,21,2,0,2,13,5,8,878,877,110,222,215,224,87,19,2,764,708,56,122,202,6,31,73
57403665,0,,,1885,875,1010,169,91,78,1687,766,921,1149,516,633,1606,741,865,1566,731,835,538,250,288,207,93,114,58,21,37,5,2,3,8,4,4,782,779,186,287,178,97,22,7,2,582,532,50,55,333,18,49,126
57403666,0,,,4989,2388,2601,570,293,277,4330,2042,2288,2843,1356,1487,4166,1960,2206,4076,1908,2168,1487,686,801,656,290,366,155,60,95,7,0,7,28,12,16,2141,2134,618,710,449,256,75,20,6,1495,1384,111,138,951,58,220,331
57403667,0,,,6313,2853,3460,620,312,308,5566,2475,3091,3421,1546,1875,5418,2395,3023,5261,2350,2911,2145,929,1216,1201,519,682,309,120,189,15,3,12,44,18,26,2913,2912,1069,915,498,296,97,27,10,1814,1620,194,168,1407,219,350,456
57403668,0,,,1542,644,898,153,78,75,1307,522,785,870,336,534,1267,498,769,1195,495,700,437,186,251,256,104,152,87,40,47,3,2,1,4,3,1,836,834,456,183,111,53,23,7,1,367,329,38,45,292,118,94,94
57403669,0,,,4003,1853,2150,359,184,175,3601,1643,1958,1899,902,997,3505,1586,1919,3438,1555,1883,1702,741,961,881,363,518,297,105,192,40,7,33,16,9,7,1702,1698,478,636,336,185,44,14,5,1212,1107,105,100,995,42,226,410
57403670,0,,,275,143,132,31,19,12,244,124,120,142,75,67,240,121,119,237,119,118,102,49,53,48,20,28,9,4,5,1,0,1,0,0,0,108,108,26,36,24,15,3,1,3,82,69,13,8,68,0,19,19
57403671,0,,,2847,1406,1441,309,182,127,2520,1215,1305,1499,732,767,2458,1189,1269,2416,1167,1249,1021,483,538,399,186,213,79,24,55,3,1,2,16,6,10,1166,1164,225,490,254,133,45,12,5,923,847,76,105,642,8,113,265
57403672,0,,,23,10,13,2,1,1,21,9,12,9,4,5,21,9,12,21,9,12,12,5,7,6,3,3,2,1,1,1,1,0,0,0,0,8,8,1,3,2,0,2,0,0,7,5,2,1,7,0,1,1
57403673,0,,,2821,1392,1429,277,131,146,2540,1258,1282,1666,844,822,2393,1149,1244,2314,1097,1217,874,414,460,272,109,163,69,22,47,3,0,3,23,11,12,1057,1054,159,441,238,154,44,11,7,891,812,79,61,561,2,84,218
57403674,0,,,3245,1615,1630,593,316,277,2577,1261,1316,2044,1012,1032,2474,1207,1267,2416,1179,1237,533,249,284,191,83,108,52,14,38,4,0,4,15,7,8,1178,1177,225,342,259,245,80,21,5,932,847,85,136,333,31,42,114
57403675,0,,,3596,1782,1814,491,270,221,3088,1503,1585,2063,994,1069,2923,1410,1513,2836,1367,1469,1025,509,516,326,169,157,77,32,45,4,1,3,8,1,7,1313,1306,208,469,289,239,78,19,4,1094,994,100,87,659,9,110,273
57403676,0,,,5350,2542,2808,560,299,261,4724,2202,2522,2576,1224,1352,4591,2137,2454,4500,2091,2409,2148,978,1170,926,462,464,180,73,107,11,0,11,7,1,6,2302,2299,621,851,434,284,86,17,6,1661,1512,149,138,1337,53,283,525
57403677,0,,,4026,1910,2116,381,198,183,3600,1688,1912,1844,883,961,3511,1646,1865,3423,1611,1812,1756,805,951,711,347,364,160,52,108,10,1,9,23,15,8,1722,1718,452,663,332,175,71,22,3,1262,1151,111,98,1051,60,191,452
57403678,0,,,2602,1203,1399,263,136,127,2320,1058,1262,1158,532,626,2253,1025,1228,2193,1000,1193,1162,526,636,522,262,260,112,42,70,14,2,12,12,4,8,1051,1049,224,422,217,132,44,8,2,821,743,78,56,666,32,109,289
57403679,0,,,3024,1489,1535,354,165,189,2532,1247,1285,1800,909,891,2469,1215,1254,2422,1190,1232,732,338,394,337,162,175,69,26,43,5,1,4,23,7,16,1410,1408,527,423,260,157,28,10,3,862,798,64,133,446,91,81,185
57403681,0,,,21,11,10,2,2,0,19,9,10,11,6,5,18,8,10,17,8,9,8,3,5,4,1,3,0,0,0,0,0,0,0,0,0,7,7,1,2,1,2,1,0,0,6,3,3,0,5,0,0,2
57403682,0,,,84,41,43,10,5,5,74,36,38,44,23,21,73,35,38,72,35,37,30,13,17,17,6,11,9,4,5,1,0,1,0,0,0,23,23,3,4,3,4,7,1,1,20,9,11,2,14,0,1,2
57403683,0,,,2586,1236,1350,311,149,162,2263,1078,1185,1863,895,968,2120,1003,1117,2034,960,1074,400,183,217,156,58,98,65,23,42,9,3,6,6,2,4,867,866,78,293,225,200,56,10,4,783,732,51,45,223,0,27,87
57403684,0,,,1628,769,859,117,57,60,1483,695,788,928,451,477,1449,677,772,1427,666,761,555,244,311,249,86,163,102,28,74,15,0,15,11,3,8,591,590,100,227,158,66,25,10,4,482,426,56,25,279,2,41,103
57403685,0,,,1770,860,910,157,91,66,1599,759,840,1000,476,524,1554,733,821,1531,721,810,599,283,316,214,84,130,59,15,44,4,2,2,12,7,5,674,673,106,262,160,100,31,11,3,565,506,59,37,373,7,50,142
57403686,0,,,536,263,273,74,39,35,452,218,234,267,128,139,438,212,226,435,212,223,185,90,95,83,42,41,14,6,8,1,0,1,0,0,0,203,203,36,72,41,43,6,4,1,166,142,24,18,114,1,12,45
57403687,0,,,1602,749,853,155,85,70,1421,651,770,768,362,406,1388,633,755,1356,617,739,653,289,364,327,154,173,117,39,78,12,5,7,5,3,2,597,594,124,220,125,80,28,9,8,466,388,78,44,349,17,43,134
57403688,0,,,1009,419,590,69,39,30,929,374,555,432,205,227,910,366,544,891,354,537,497,169,328,314,80,234,171,32,139,39,4,35,3,1,2,334,327,77,119,65,47,18,0,1,246,211,35,12,188,4,42,57
57403689,0,,,2990,1410,1580,355,168,187,2403,1122,1281,1773,879,894,2345,1088,1257,2293,1063,1230,630,243,387,381,122,259,198,50,148,29,5,24,24,8,16,1441,1436,689,356,219,140,21,5,6,731,688,43,147,320,85,118,91
57403691,0,,,829,401,428,188,90,98,639,310,329,576,280,296,603,290,313,579,278,301,63,30,33,31,17,14,5,3,2,0,0,0,3,1,2,249,249,16,46,70,85,25,4,3,226,204,22,63,43,1,4,6
57403692,0,,,4424,2098,2326,433,209,224,3975,1879,2096,2823,1320,1503,3863,1823,2040,3770,1765,2005,1152,559,593,335,121,214,94,20,74,2,0,2,21,9,12,1646,1644,228,635,417,253,81,23,7,1407,1267,140,110,744,6,106,278
57403693,0,,,2223,1075,1148,184,99,85,2033,972,1061,1308,638,670,1999,959,1040,1964,945,1019,725,334,391,256,91,165,119,34,85,19,4,15,2,2,0,815,814,99,343,204,113,38,14,3,707,615,92,48,432,1,57,167
57403694,0,,,265,132,133,18,9,9,247,123,124,137,69,68,241,120,121,237,119,118,110,54,56,43,18,25,20,7,13,1,0,1,5,4,1,97,97,23,33,15,13,5,5,3,74,55,19,3,69,3,13,13
57403695,0,,,262,129,133,19,10,9,238,116,122,122,63,59,231,112,119,225,107,118,116,53,63,57,23,34,28,9,19,6,2,4,2,2,0,81,80,20,20,8,14,8,8,2,58,37,21,5,54,1,7,16
57403696,0,,,88,41,47,5,3,2,80,36,44,42,18,24,79,36,43,79,36,43,38,18,20,21,11,10,8,2,6,2,1,1,2,0,2,39,39,11,16,6,4,1,1,0,28,24,4,1,23,4,3,8
57403697,0,,,208,107,101,43,26,17,165,81,84,106,53,53,158,77,81,155,76,79,59,28,31,27,10,17,11,4,7,2,1,1,0,0,0,68,68,9,16,15,20,6,2,0,59,44,15,15,37,0,8,8
57403698,0,,,381,176,205,28,16,12,351,159,192,245,113,132,341,155,186,334,151,183,106,46,60,51,19,32,16,5,11,3,0,3,0,0,0,136,136,24,43,31,24,8,4,2,109,80,29,6,71,3,8,14
57403699,0,,,3098,1449,1649,291,160,131,2618,1185,1433,1707,832,875,2545,1151,1394,2484,1125,1359,911,353,558,543,196,347,207,49,158,17,3,14,22,15,7,1522,1517,724,391,242,130,26,3,1,780,727,53,95,579,77,262,130
57403700,0,,,14666,7168,7498,1273,628,645,11940,5761,6179,9653,4843,4810,11720,5659,6061,11265,5442,5823,2287,918,1369,1017,349,668,368,116,252,43,8,35,417,240,177,9233,9219,6169,1654,847,451,77,14,7,2924,2761,163,394,1616,1443,683,435
57403701,0,,,11559,5678,5881,1018,532,486,9821,4778,5043,7827,3934,3893,9585,4651,4934,9269,4499,4770,1994,844,1150,949,359,590,315,114,201,35,9,26,157,86,71,6910,6906,4332,1311,704,402,116,31,10,2460,2230,230,330,1368,1163,448,372
57403702,0,,,6062,2921,3141,653,323,330,5161,2476,2685,3998,1971,2027,5024,2409,2615,4877,2348,2529,1163,505,658,543,200,343,187,62,125,16,2,14,61,31,30,3282,3281,1796,710,395,276,80,21,3,1434,1287,147,220,799,477,260,206
57403703,0,,,8375,4154,4221,904,474,430,7188,3537,3651,5719,2898,2821,7005,3447,3558,6841,3370,3471,1469,639,830,636,243,393,176,49,127,11,0,11,93,51,42,4372,4369,2124,1126,653,367,75,21,3,2185,2068,117,325,1021,396,358,286
57403704,0,,,1338,644,694,160,76,84,1128,538,590,939,459,480,1105,528,577,1089,523,566,189,79,110,71,24,47,12,1,11,1,0,1,20,12,8,711,711,331,213,104,51,8,3,1,362,348,14,62,140,54,53,36
57403705,0,,,2749,1427,1322,341,173,168,2306,1192,1114,1941,1033,908,2245,1162,1083,2202,1141,1061,365,159,206,154,60,94,48,16,32,2,0,2,10,3,7,1372,1371,629,367,207,117,31,17,3,712,654,58,134,238,139,55,61
57403706,0,,,546,283,263,61,25,36,469,251,218,374,207,167,457,242,215,443,236,207,95,44,51,39,19,20,6,3,3,1,1,0,14,3,11,285,285,145,75,30,24,3,6,2,135,127,8,19,64,35,14,22
57403707,0,,,1315,685,630,171,90,81,1113,572,541,753,403,350,1080,557,523,1061,550,511,360,169,191,162,63,99,32,9,23,0,0,0,21,17,4,520,520,173,120,89,77,44,12,5,346,265,81,47,238,22,49,54
57403708,0,,,2020,1010,1010,219,115,104,1798,894,904,1276,652,624,1735,858,877,1692,830,862,522,242,280,231,98,133,61,18,43,7,0,7,4,2,2,679,679,77,215,177,120,51,28,11,596,460,136,49,342,2,35,87
57403709,0,,,252,119,133,25,6,19,224,111,113,118,60,58,217,107,110,211,104,107,106,51,55,44,21,23,17,6,11,2,1,1,3,1,2,86,86,15,22,24,13,7,2,3,71,49,22,6,60,0,6,15
57403710,0,,,7460,3686,3774,648,340,308,5930,2881,3049,4912,2474,2438,5838,2848,2990,5599,2735,2864,1018,407,611,443,158,285,117,35,82,2,0,2,97,51,46,4742,4736,3164,928,382,209,48,5,0,1514,1413,101,280,759,592,315,199
57403711,0,,,15428,7540,7888,1593,827,766,12528,6059,6469,10473,5196,5277,12272,5930,6342,11710,5680,6030,2055,863,1192,904,345,559,252,83,169,12,0,12,181,91,90,9401,9399,6083,1700,897,580,111,20,8,3219,3025,194,539,1451,1508,534,396
57403712,0,,,9678,4401,5277,985,520,465,8328,3716,4612,6470,2961,3509,8139,3615,4524,7837,3529,4308,1858,755,1103,861,307,554,283,79,204,21,3,18,106,42,64,5412,5410,3127,1101,641,401,107,25,8,2235,2021,214,330,1351,760,545,290
57403713,0,,,4178,2392,1786,477,248,229,3584,2083,1501,3116,1871,1245,3477,2033,1444,3367,1980,1387,468,212,256,191,65,126,56,13,43,4,2,2,137,38,99,1914,1893,1138,308,210,164,62,9,2,738,691,47,146,320,285,124,82
57403714,1,,57403715,25,10,15,1,1,0,27,11,16,9,4,5,27,11,16,27,11,16,18,7,11,11,4,7,3,1,2,0,0,0,0,0,0,14,14,6,8,2,0,0,0,0,10,9,1,0,11,0,4,5
57403715,2,57403714,,3,2,1,*,*,*,*,*,*,*,*,*,*,*,*,*,*,*,*,*,*,*,*,*,*,*,*,*,*,*,*,*,*,2,2,*,*,*,*,*,*,*,*,*,*,*,*,*,*,*
57403716,0,,,1278,673,605,157,86,71,1074,565,509,809,444,365,1039,548,491,1018,531,487,265,121,144,123,54,69,35,11,24,1,0,1,9,9,0,612,612,272,143,105,64,22,4,2,333,302,31,48,173,44,38,42
57403717,0,,,2920,1535,1385,405,207,198,2434,1286,1148,1882,1028,854,2360,1249,1111,2301,1220,1081,552,258,294,254,100,154,90,28,62,10,2,8,21,12,9,1380,1378,640,298,210,163,42,17,8,711,640,71,117,372,112,116,86
57403718,0,,,2749,1379,1370,277,132,145,2457,1237,1220,1617,841,776,2378,1194,1184,2328,1167,1161,840,396,444,315,137,178,94,31,63,8,0,8,17,14,3,1109,1107,262,381,234,166,47,14,3,834,743,91,76,528,24,90,187
57403719,0,,,159,91,68,18,10,8,136,79,57,115,68,47,136,79,57,134,77,57,21,11,10,5,3,2,3,2,1,0,0,0,9,8,1,96,96,56,25,7,8,0,0,0,37,37,0,7,13,15,1,5
57403720,0,,,15018,7130,7888,1454,776,678,12642,5852,6790,10128,4854,5274,12353,5714,6639,11927,5532,6395,2514,998,1516,1230,452,778,408,123,285,31,1,30,406,218,188,9039,9034,5625,1832,904,510,135,23,5,3241,3014,227,446,1789,1373,738,454
57403721,0,,,12915,6272,6643,1640,854,786,10836,5179,5657,8265,4111,4154,10527,5028,5499,10237,4902,5335,2571,1068,1503,1233,450,783,438,126,312,56,10,46,526,307,219,6625,6615,3294,1598,928,613,135,40,7,3221,2975,246,518,1772,768,692,408
57403722,0,,,8848,4215,4633,935,465,470,7606,3605,4001,5694,2834,2860,7409,3494,3915,7214,3374,3840,1912,771,1141,882,301,581,334,87,247,45,6,39,152,67,85,4644,4640,2429,1109,586,386,105,19,6,2148,1995,153,302,1308,505,536,281
57403723,0,,,9306,4710,4596,860,425,435,8061,4088,3973,6157,3262,2895,7892,4009,3883,7754,3944,3810,1904,826,1078,914,333,581,329,103,226,28,5,23,82,41,41,5108,5103,2903,1118,569,385,94,27,7,2123,1932,191,301,1315,570,515,277
57403724,0,,,4942,2526,2416,803,410,393,3964,2033,1931,3563,1849,1714,3808,1948,1860,3735,1911,1824,401,184,217,146,50,96,36,8,28,3,0,3,7,4,3,2491,2490,1215,538,379,290,56,11,1,1228,1169,59,253,288,294,75,71
57403725,0,,,941,455,486,96,42,54,830,407,423,580,289,291,808,393,415,792,383,409,250,118,132,67,30,37,12,2,10,0,0,0,6,3,3,416,416,109,162,88,45,9,2,1,300,284,16,28,165,14,29,73
57403726,0,,,4812,2593,2219,562,307,255,4070,2201,1869,3239,1801,1438,3920,2100,1820,3777,1991,1786,831,400,431,385,164,221,116,55,61,7,4,3,90,75,15,2445,2443,1303,510,309,225,77,12,7,1096,979,117,183,578,328,179,140
57403727,0,,,7390,3642,3748,718,366,352,6425,3140,3285,5045,2536,2509,6203,3050,3153,6079,2995,3084,1380,604,776,648,245,403,236,65,171,23,2,21,58,27,31,3743,3737,1846,933,533,320,83,16,6,1813,1680,133,257,857,387,274,235
57403728,0,,,721,357,364,114,60,54,592,291,301,450,222,228,575,283,292,562,277,285,142,69,73,64,28,36,29,12,17,2,1,1,2,1,1,292,292,95,73,56,42,18,3,5,193,155,38,48,86,24,10,20
57403730,0,,,10903,5137,5766,1185,623,562,9322,4295,5027,7123,3363,3760,9059,4165,4894,8815,4054,4761,2199,932,1267,1012,389,623,352,114,238,24,5,19,144,70,74,5928,5922,3218,1350,753,467,110,18,6,2604,2416,188,380,1521,852,569,403
57403731,0,,,10935,5268,5667,1254,642,612,9286,4422,4864,7212,3550,3662,9020,4285,4735,8742,4154,4588,2074,872,1202,975,357,618,324,111,213,21,2,19,185,94,91,5741,5727,2995,1275,748,518,151,31,9,2629,2397,232,374,1496,734,552,331
57403732,0,,,5250,2412,2838,733,354,379,4448,2027,2421,3145,1527,1618,4289,1963,2326,4185,1909,2276,1303,500,803,611,201,410,226,64,162,34,3,31,120,57,63,2211,2193,891,598,351,254,76,19,4,1273,1166,107,175,763,98,331,164
57403733,0,,,8645,4087,4558,958,482,476,7493,3513,3980,5502,2657,2845,7298,3412,3886,7135,3332,3803,1991,856,1135,1010,403,607,330,116,214,41,11,30,85,44,41,4300,4296,2020,1101,628,386,116,26,19,2225,2016,209,284,1336,490,416,357
57403734,0,,,7473,3684,3789,1231,640,591,6066,2962,3104,5060,2550,2510,5845,2845,3000,5719,2786,2933,1006,412,594,492,171,321,155,45,110,17,5,12,23,12,11,3349,3345,1222,918,633,447,98,22,5,2059,1939,120,393,670,214,209,168
57403735,0,,,134,73,61,30,16,14,102,56,46,95,52,43,90,44,46,87,42,45,7,4,3,1,0,1,0,0,0,0,0,0,0,0,0,49,48,9,17,14,6,2,0,0,39,39,0,10,5,0,0,2
57403736,0,,,4255,2167,2088,546,277,269,3540,1812,1728,2812,1505,1307,3402,1736,1666,3242,1629,1613,728,307,421,310,106,204,122,29,93,16,1,15,37,18,19,2021,2017,982,441,299,209,60,22,4,1005,931,74,182,438,219,115,119
57403737,0,,,7883,3867,4016,1106,564,542,6643,3240,3403,5046,2559,2487,6373,3083,3290,6210,2999,3211,1597,681,916,811,321,490,291,91,200,26,4,22,45,22,23,3490,3486,1338,940,579,434,148,37,10,2089,1907,182,335,1006,249,293,259
57403738,0,,,8095,4046,4049,891,452,439,6963,3456,3507,5246,2725,2521,6673,3295,3378,6481,3191,3290,1717,731,986,846,318,528,245,79,166,10,1,9,46,23,23,3954,3951,1820,968,601,395,125,36,6,2080,1874,206,241,1169,357,373,311
57403739,0,,,1284,635,649,166,76,90,1085,545,540,841,437,404,1052,529,523,1036,519,517,244,108,136,109,47,62,22,5,17,4,1,3,3,1,2,600,599,243,168,98,64,16,5,5,349,317,32,54,164,38,42,45
57403740,0,,,8054,3786,4268,673,329,344,6960,3227,3733,5480,2594,2886,6806,3169,3637,6594,3075,3519,1480,633,847,777,288,489,308,104,204,21,6,15,44,21,23,4837,4832,3109,857,457,310,78,16,5,1656,1485,171,216,1063,941,391,270
57403741,0,,,7387,3582,3805,803,436,367,6114,2892,3222,4482,2219,2263,5941,2798,3143,5748,2705,3043,1632,673,959,878,307,571,346,94,252,32,6,26,95,56,39,4044,4029,2339,806,471,307,74,23,9,1639,1478,161,207,1094,598,367,288
57403742,0,,,5563,2589,2974,752,368,384,4764,2204,2560,2877,1420,1457,4636,2135,2501,4557,2093,2464,1887,784,1103,1209,472,737,390,159,231,27,7,20,45,20,25,2441,2438,799,782,437,298,97,18,7,1627,1476,151,227,1284,39,451,381
57403743,0,,,5812,2635,3177,555,282,273,5200,2328,2872,3009,1467,1542,5064,2266,2798,4982,2221,2761,2191,861,1330,1390,504,886,567,196,371,57,13,44,37,10,27,2602,2597,955,820,441,275,76,22,8,1622,1443,179,147,1448,43,555,336
57403744,0,,,4638,2286,2352,669,361,308,3910,1897,2013,2723,1395,1328,3798,1845,1953,3724,1802,1922,1187,502,685,659,257,402,253,77,176,21,1,20,12,2,10,1903,1898,624,519,363,271,83,32,6,1252,1100,152,217,693,79,168,205
57403746,0,,,2655,1288,1367,456,239,217,2188,1045,1143,1488,736,752,2080,982,1098,2026,951,1075,700,309,391,330,134,196,95,33,62,7,2,5,13,5,8,1032,1029,287,288,200,158,61,23,12,737,642,95,121,475,12,138,117
57403747,0,,,5093,2427,2666,704,351,353,4314,2037,2277,2964,1456,1508,4138,1940,2198,4038,1894,2144,1350,581,769,670,267,403,192,68,124,13,3,10,23,11,12,2097,2095,658,591,409,284,93,42,18,1415,1227,188,201,916,62,288,213
57403748,0,,,4610,2320,2290,602,310,292,3913,1957,1956,2830,1522,1308,3665,1791,1874,3541,1725,1816,1083,435,648,512,174,338,188,44,144,24,2,22,56,17,39,1898,1892,679,513,351,230,82,30,7,1196,1061,135,183,616,90,150,173
57403749,0,,,2682,1343,1339,290,163,127,2307,1134,1173,1569,799,770,2235,1095,1140,2179,1070,1109,738,335,403,342,149,193,65,25,40,2,1,1,13,5,8,1210,1210,417,390,209,137,41,10,6,774,681,93,91,493,46,114,162
57403750,0,,,4142,1953,2189,425,239,186,3570,1627,1943,2726,1277,1449,3493,1593,1900,3428,1564,1864,844,350,494,457,177,280,193,62,131,11,1,10,18,11,7,2272,2270,1265,466,300,185,47,6,1,975,888,87,140,580,329,186,163
57403751,0,,,10027,4652,5375,1092,563,529,8371,3785,4586,5902,2771,3131,8142,3669,4473,7993,3609,4384,2469,1014,1455,1440,540,900,533,186,347,33,8,25,46,22,24,5151,5146,2613,1185,685,490,130,32,11,2478,2234,244,348,1664,527,538,454
57403752,0,,,7719,3694,4025,823,439,384,6759,3172,3587,4320,2134,2186,6549,3070,3479,6396,2975,3421,2439,1038,1401,1487,622,865,424,165,259,22,6,16,27,13,14,3285,3273,975,1067,611,440,138,32,10,2252,2004,248,258,1602,85,408,492
57403753,0,,,4644,2183,2461,413,221,192,4184,1945,2239,2327,1163,1164,4094,1899,2195,4020,1857,2163,1857,782,1075,971,377,594,317,96,221,32,4,28,36,14,22,2162,2151,884,646,338,196,64,19,4,1246,1119,127,103,1205,48,496,301
57403754,0,,,4262,2084,2178,612,305,307,3588,1757,1831,2466,1244,1222,3472,1702,1770,3410,1671,1739,1122,513,609,490,217,273,124,43,81,9,3,6,13,8,5,1828,1828,589,565,310,256,71,27,10,1219,1083,136,175,726,67,155,239
57403755,0,,,1670,819,851,310,147,163,1341,662,679,1027,519,508,1301,644,657,1269,629,640,314,143,171,160,70,90,48,13,35,3,0,3,3,0,3,611,610,137,165,141,111,34,11,11,459,400,59,92,187,16,29,50
57403756,0,,,5022,2542,2480,711,371,340,4191,2097,2094,3082,1582,1500,4068,2031,2037,3981,1983,1998,1109,515,594,455,201,254,120,45,75,5,1,4,12,5,7,2082,2079,659,583,392,299,100,28,18,1389,1233,156,255,729,132,142,194
57403757,0,,,2092,1040,1052,314,168,146,1751,853,898,1248,613,635,1691,821,870,1643,802,841,503,240,263,219,108,111,53,23,30,7,3,4,8,2,6,774,774,174,229,141,151,52,21,6,593,508,85,89,321,19,54,86
57403758,0,,,1134,563,571,195,101,94,925,453,472,709,357,352,894,438,456,874,427,447,216,96,120,107,43,64,19,6,13,1,1,0,4,2,2,426,426,96,132,82,72,28,12,4,322,281,41,49,139,17,17,45
57403759,0,,,5615,2758,2857,814,412,402,4655,2259,2396,3614,1781,1833,4444,2163,2281,4284,2067,2217,1041,478,563,434,176,258,130,39,91,6,0,6,20,5,15,2379,2375,804,628,450,346,113,28,6,1547,1408,139,220,669,150,158,206
57403760,0,,,7255,3417,3838,776,404,372,6290,2902,3388,4570,2161,2409,6090,2799,3291,5917,2714,3203,1720,741,979,909,366,543,315,131,184,17,4,13,36,14,22,3647,3645,1710,947,515,345,98,23,7,1889,1742,147,212,1186,321,409,342
57403761,0,,,7414,3466,3948,857,426,431,6324,2906,3418,4449,2117,2332,6088,2781,3307,5940,2704,3236,1875,789,1086,1061,422,639,322,133,189,20,7,13,28,9,19,3421,3420,1327,948,589,407,121,22,6,2062,1877,185,241,1258,269,338,374
57403762,0,,,4322,2156,2166,575,295,280,3514,1737,1777,2477,1271,1206,3390,1661,1729,3321,1621,1700,1037,466,571,489,207,282,140,47,93,16,1,15,22,11,11,1845,1842,624,516,368,249,58,20,7,1197,1128,69,171,617,50,143,210
57403763,0,,,1177,583,594,204,99,105,952,473,479,728,384,344,915,458,457,887,444,443,224,89,135,113,37,76,59,13,46,7,2,5,10,8,2,439,435,128,109,84,73,29,7,5,300,267,33,64,109,22,17,31
57403764,0,,,591,286,305,71,35,36,509,245,264,348,175,173,495,239,256,488,234,254,161,70,91,79,34,45,21,6,15,1,1,0,0,0,0,245,245,84,58,51,32,12,6,2,158,127,31,25,109,8,26,24
57403765,0,,,3698,1768,1930,585,294,291,3075,1457,1618,2154,1080,1074,2970,1398,1572,2892,1359,1533,921,377,544,525,196,329,205,49,156,32,6,26,13,9,4,1375,1373,336,378,316,228,82,21,12,1021,896,125,181,523,45,119,143
57403766,0,,,5361,2625,2736,816,449,367,4429,2124,2305,3506,1750,1756,4273,2041,2232,4173,1984,2189,923,374,549,486,174,312,198,58,140,17,2,15,17,7,10,2318,2316,818,646,430,306,87,17,12,1462,1359,103,312,567,170,172,151
57403767,0,,,1047,508,539,166,81,85,867,419,448,632,319,313,833,403,430,812,393,419,235,100,135,106,37,69,31,7,24,4,1,3,5,5,0,396,396,96,111,91,56,29,7,6,296,248,48,54,147,16,23,40
57403768,0,,,544,252,292,89,41,48,443,204,239,332,150,182,434,202,232,426,199,227,111,54,57,54,27,27,20,10,10,1,0,1,1,1,0,220,220,67,63,39,30,16,2,3,146,126,20,31,69,18,7,19
57403769,0,,,3000,1453,1547,416,206,210,2573,1240,1333,1736,854,882,2478,1185,1293,2407,1150,1257,837,386,451,384,170,214,73,29,44,5,0,5,5,0,5,1140,1140,234,379,250,173,67,30,7,891,770,121,120,542,23,99,168
57403770,0,,,9187,4339,4848,1073,545,528,7605,3519,4086,6248,2991,3257,7340,3368,3972,7127,3272,3855,1357,528,829,669,233,436,215,69,146,23,0,23,53,20,33,4721,4718,2321,1110,727,459,81,15,5,2347,2229,118,344,953,419,393,211
57403771,0,,,8221,3862,4359,1028,524,504,6758,3119,3639,5559,2600,2959,6532,3001,3531,6342,2923,3419,1199,519,680,525,218,307,127,40,87,9,0,9,41,20,21,4066,4064,1850,1016,644,431,96,22,5,2163,2018,145,325,801,379,204,259
57403772,0,,,1289,620,669,190,103,87,1003,468,535,747,364,383,984,460,524,960,454,506,256,104,152,151,49,102,60,14,46,13,3,10,2,0,2,551,550,228,124,97,67,18,9,7,314,270,44,65,130,25,18,36
57403773,0,,,972,447,525,78,28,50,838,390,448,509,257,252,822,382,440,815,379,436,329,133,196,150,49,101,63,12,51,9,2,7,2,1,1,422,420,139,138,82,43,14,2,2,275,232,43,26,180,16,22,58
57403774,0,,,2473,1208,1265,360,182,178,2038,984,1054,1437,714,723,1987,955,1032,1961,936,1025,601,270,331,248,98,150,89,31,58,13,1,12,5,1,4,976,975,259,293,213,140,43,23,4,696,611,85,117,350,36,55,115
57403775,0,,,1695,825,870,255,131,124,1437,692,745,913,453,460,1385,670,715,1356,654,702,524,239,285,285,137,148,62,28,34,3,2,1,1,0,1,632,632,111,212,137,123,40,6,3,516,451,65,73,346,1,72,107
57403776,0,,,3645,1802,1843,713,402,311,2903,1384,1519,2245,1108,1137,2810,1339,1471,2756,1311,1445,658,276,382,354,130,224,144,45,99,16,3,13,29,7,22,1400,1399,399,387,266,228,79,30,10,978,880,98,223,362,73,92,82
57403778,0,,,164,76,88,14,8,6,150,68,82,85,39,46,146,67,79,143,65,78,65,29,36,27,11,16,12,3,9,0,0,0,0,0,0,52,52,9,14,8,11,6,2,2,42,22,20,3,41,0,6,8
57403779,0,,,2075,986,1089,258,121,137,1808,859,949,1080,548,532,1763,834,929,1730,819,911,728,311,417,409,167,242,139,50,89,10,4,6,8,3,5,847,845,246,257,163,117,43,12,7,593,503,90,74,485,13,141,114
57403780,0,,,6062,2970,3092,635,335,300,4553,2175,2378,3935,1928,2007,4430,2121,2309,4291,2057,2234,618,247,371,326,110,216,109,30,79,9,2,7,42,27,15,3665,3662,2355,637,393,219,49,7,2,1263,1214,49,240,393,497,128,112
57403781,0,,,7176,3610,3566,921,479,442,5381,2661,2720,4551,2296,2255,5241,2598,2643,4940,2457,2483,830,365,465,440,168,272,151,57,94,15,4,11,37,23,14,3882,3879,2238,680,491,360,80,17,13,1597,1470,127,305,528,409,150,131
57403782,0,,,4652,2292,2360,401,199,202,3716,1809,1907,2632,1348,1284,3626,1767,1859,3345,1621,1724,1084,461,623,586,219,367,236,75,161,40,3,37,18,14,4,2514,2511,1488,447,304,184,60,24,4,998,897,101,133,622,313,158,175
57403783,0,,,4507,2162,2345,422,210,212,4046,1928,2118,2014,1003,1011,3950,1880,2070,3886,1852,2034,2032,925,1107,844,410,434,164,49,115,15,3,12,5,3,2,1761,1759,290,734,391,222,86,26,10,1455,1273,182,85,1222,2,197,490
57403784,0,,,1214,585,629,178,86,92,1023,491,532,537,267,270,999,478,521,990,472,518,486,224,262,226,115,111,51,20,31,0,0,0,1,0,1,488,488,106,190,90,66,25,8,3,379,344,35,45,309,2,64,123
57403786,0,,,1705,842,863,265,142,123,1417,691,726,1084,545,539,1350,657,693,1311,632,679,333,146,187,155,56,99,46,15,31,2,0,2,8,6,2,627,627,147,165,134,109,50,16,6,471,399,72,77,225,26,45,53
57403787,0,,,221,73,148,4,2,2,214,70,144,47,23,24,213,70,143,212,69,143,167,47,120,146,34,112,96,19,77,23,4,19,0,0,0,39,38,24,8,2,0,2,2,0,13,9,4,3,12,6,6,2
57403788,0,,,246,100,146,18,10,8,228,90,138,88,43,45,226,89,137,225,89,136,140,47,93,112,31,81,77,15,62,7,1,6,2,1,1,62,61,19,12,18,8,2,2,0,42,33,9,9,29,3,5,5
57403789,0,,,3432,1679,1753,652,328,324,2758,1343,1415,2000,1009,991,2629,1275,1354,2571,1245,1326,758,334,424,334,133,201,88,25,63,3,2,1,9,2,7,1134,1134,138,314,273,266,96,32,15,978,814,164,177,493,7,67,128
57403790,0,,,6240,3045,3195,701,346,355,5036,2425,2611,3709,1878,1831,4921,2385,2536,4818,2338,2480,1327,547,780,927,370,557,312,126,186,20,4,16,34,23,11,3235,3231,1670,765,436,267,68,19,6,1516,1384,132,261,789,347,225,250
57403791,0,,,5873,3039,2834,623,325,298,4638,2380,2258,3518,1850,1668,4501,2316,2185,4203,2159,2044,1120,530,590,518,244,274,129,48,81,5,0,5,37,21,16,3135,3133,1756,605,375,292,75,20,10,1344,1183,161,188,741,292,176,213
57403792,0,,,4419,2190,2229,408,225,183,3834,1865,1969,2462,1212,1250,3737,1829,1908,3543,1721,1822,1372,653,719,569,248,321,153,59,94,7,0,7,14,10,4,1931,1929,659,605,352,206,73,25,9,1253,1109,144,104,860,134,141,315
57403793,0,,,3027,1465,1562,269,143,126,2742,1313,1429,1389,661,728,2684,1288,1396,2654,1276,1378,1353,652,701,475,242,233,76,24,52,8,1,7,9,4,5,1201,1201,190,526,262,149,51,17,6,1001,885,116,72,834,9,111,344
57403795,0,,,172,83,89,16,4,12,156,79,77,121,61,60,150,75,75,146,72,74,35,18,17,9,5,4,1,0,1,0,0,0,0,0,0,61,61,3,25,18,10,5,0,0,58,56,2,3,22,0,2,13
57403796,0,,,3443,1635,1808,517,254,263,2904,1370,1534,2394,1149,1245,2701,1267,1434,2594,1217,1377,510,221,289,202,71,131,59,16,43,6,1,5,8,4,4,1119,1117,104,306,289,288,95,28,7,1010,891,119,77,340,2,37,89
57403797,0,,,914,445,469,134,64,70,777,378,399,571,292,279,760,366,394,749,358,391,206,86,120,102,38,64,32,6,26,2,0,2,7,5,2,358,356,99,101,76,49,22,5,4,250,210,40,51,126,21,31,30
57403798,0,,,3236,1583,1653,574,272,302,2613,1284,1329,2014,1014,1000,2520,1230,1290,2471,1207,1264,599,270,329,298,117,181,92,34,58,3,0,3,10,5,5,1289,1289,379,326,279,204,71,14,16,891,758,133,212,393,89,70,96
57403799,0,,,1409,702,707,228,118,110,1163,573,590,789,406,383,1119,547,572,1092,532,560,374,167,207,211,82,129,103,32,71,10,3,7,3,0,3,507,506,130,135,100,87,37,14,3,369,316,53,77,194,23,33,58
57404408,0,,,53,30,23,1,1,0,49,27,22,31,19,12,48,27,21,45,24,21,18,8,10,12,6,6,2,1,1,0,0,0,2,0,2,35,35,26,5,2,0,1,1,0,9,7,2,1,12,8,3,4
57404409,0,,,32,8,24,0,0,0,31,7,24,27,5,22,31,7,24,25,6,19,4,2,2,2,1,1,1,1,0,0,0,0,0,0,0,31,31,30,1,0,0,0,0,0,1,1,0,0,3,16,2,1
57404502,0,,,9,5,4,0,0,0,9,5,4,6,4,2,9,5,4,9,5,4,3,1,2,2,0,2,2,0,2,0,0,0,0,0,0,4,4,2,1,0,0,1,0,0,2,1,1,0,3,0,2,0
57404504,1,,57404515,34,15,19,5,2,3,38,16,22,18,7,11,38,16,22,37,15,22,20,9,11,8,3,5,5,2,3,0,0,0,0,0,0,10,10,3,6,0,1,2,1,1,11,6,5,2,13,0,3,2
57404505,0,,,62,26,36,4,2,2,58,24,34,30,13,17,56,24,32,54,24,30,28,11,17,13,4,9,3,0,3,0,0,0,0,0,0,21,21,5,5,5,2,1,2,1,16,10,6,1,20,0,5,3
57404514,2,57404524,,8,2,6,*,*,*,*,*,*,*,*,*,*,*,*,*,*,*,*,*,*,*,*,*,*,*,*,*,*,*,*,*,*,2,2,*,*,*,*,*,*,*,*,*,*,*,*,*,*,*
57404515,2,57404504,,9,3,6,*,*,*,*,*,*,*,*,*,*,*,*,*,*,*,*,*,*,*,*,*,*,*,*,*,*,*,*,*,*,4,4,*,*,*,*,*,*,*,*,*,*,*,*,*,*,*
57404517,2,57404527,,7,5,2,*,*,*,*,*,*,*,*,*,*,*,*,*,*,*,*,*,*,*,*,*,*,*,*,*,*,*,*,*,*,3,3,*,*,*,*,*,*,*,*,*,*,*,*,*,*,*
57404519,2,57404539,,6,3,3,*,*,*,*,*,*,*,*,*,*,*,*,*,*,*,*,*,*,*,*,*,*,*,*,*,*,*,*,*,*,2,2,*,*,*,*,*,*,*,*,*,*,*,*,*,*,*
57404524,1,,57404514,50,21,29,6,1,5,52,22,30,34,15,19,48,21,27,45,20,25,18,7,11,12,4,8,3,0,3,0,0,0,0,0,0,16,16,1,4,5,7,0,1,0,17,12,5,0,13,0,1,1
57404526,2,57404527,,5,2,3,*,*,*,*,*,*,*,*,*,*,*,*,*,*,*,*,*,*,*,*,*,*,*,*,*,*,*,*,*,*,2,2,*,*,*,*,*,*,*,*,*,*,*,*,*,*,*
57404527,1,,57404517;57404526;57404528,28,18,10,0,0,0,42,26,16,23,15,8,40,25,15,40,25,15,19,11,8,12,6,6,7,3,4,0,0,0,0,0,0,7,7,1,3,4,2,3,0,0,12,8,4,0,11,0,0,2
57404528,2,57404527,,2,1,1,*,*,*,*,*,*,*,*,*,*,*,*,*,*,*,*,*,*,*,*,*,*,*,*,*,*,*,*,*,*,1,1,*,*,*,*,*,*,*,*,*,*,*,*,*,*,*
57404533,1,,57404543,63,34,29,7,6,1,65,34,31,39,22,17,62,31,31,61,31,30,26,12,14,14,6,8,2,0,2,0,0,0,0,0,0,18,18,3,8,0,1,5,4,0,18,9,9,0,17,0,2,1
57404536,0,,,12,5,7,0,0,0,12,5,7,5,2,3,12,5,7,12,5,7,7,3,4,2,1,1,1,0,1,0,0,0,0,0,0,5,5,1,3,0,0,1,0,0,4,3,1,0,3,0,0,2
57404539,1,,57404519,32,18,14,2,1,1,36,20,16,20,13,7,36,20,16,36,20,16,16,7,9,13,5,8,3,1,2,0,0,0,0,0,0,10,10,2,4,1,2,1,2,0,10,6,4,0,10,0,1,3
57404543,2,57404533,,9,6,3,*,*,*,*,*,*,*,*,*,*,*,*,*,*,*,*,*,*,*,*,*,*,*,*,*,*,*,*,*,*,3,3,*,*,*,*,*,*,*,*,*,*,*,*,*,*,*
57404547,0,,,9,5,4,0,0,0,9,5,4,6,3,3,9,5,4,9,5,4,3,2,1,0,0,0,0,0,0,0,0,0,0,0,0,5,5,1,4,0,0,0,0,0,4,4,0,0,2,0,1,1
57404550,0,,,19,10,9,2,1,1,17,9,8,13,7,6,15,9,6,15,9,6,4,2,2,3,1,2,1,1,0,0,0,0,0,0,0,6,6,2,1,0,1,1,1,0,4,3,1,0,3,0,1,1
57404558,1,,57404559,30,17,13,4,3,1,33,17,16,25,11,14,33,17,16,32,16,16,8,6,2,2,1,1,0,0,0,0,0,0,0,0,0,13,13,5,8,4,0,0,1,0,12,11,1,2,6,0,1,3
57404559,2,57404558,,9,4,5,*,*,*,*,*,*,*,*,*,*,*,*,*,*,*,*,*,*,*,*,*,*,*,*,*,*,*,*,*,*,5,5,*,*,*,*,*,*,*,*,*,*,*,*,*,*,*
57404601,2,57404602,,7,4,3,*,*,*,*,*,*,*,*,*,*,*,*,*,*,*,*,*,*,*,*,*,*,*,*,*,*,*,*,*,*,2,2,*,*,*,*,*,*,*,*,*,*,*,*,*,*,*
57404602,1,,57404601,97,50,47,11,7,4,92,46,46,55,29,26,89,45,44,88,45,43,37,17,20,22,8,14,6,1,5,0,0,0,0,0,0,31,31,5,8,5,10,2,3,0,27,15,12,2,25,0,3,5
57404603,0,,,228,118,110,23,12,11,202,104,98,150,78,72,193,100,93,188,99,89,52,26,26,20,9,11,5,1,4,0,0,0,5,5,0,82,82,19,22,20,11,5,1,4,63,51,12,9,33,7,2,10
57404604,0,,,325,132,193,14,6,8,311,126,185,148,69,79,304,121,183,293,115,178,163,57,106,96,25,71,47,6,41,9,0,9,4,4,0,99,97,24,26,18,13,13,2,1,72,44,28,2,72,3,14,15
57404605,0,,,679,322,357,45,25,20,634,297,337,347,155,192,617,288,329,593,280,313,287,142,145,98,44,54,32,10,22,2,0,2,3,3,0,251,246,26,118,55,36,5,4,2,220,198,22,8,175,3,18,79
57404606,0,,,2438,1121,1317,247,124,123,2173,989,1184,1046,484,562,2119,961,1158,2076,939,1137,1127,505,622,498,219,279,172,51,121,23,4,19,11,3,8,905,904,119,434,177,116,47,10,1,781,724,57,57,597,3,89,302
57404607,0,,,4219,1927,2292,485,250,235,3639,1621,2018,2213,978,1235,3491,1556,1935,3347,1502,1845,1426,643,783,767,348,419,256,86,170,17,1,16,37,11,26,1774,1770,573,582,293,245,61,14,2,1187,1097,90,104,783,107,155,326
57404608,0,,,4495,2100,2395,420,221,199,4049,1860,2189,2558,1119,1439,3928,1811,2117,3848,1772,2076,1491,741,750,494,229,265,140,53,87,11,3,8,23,9,14,1799,1797,288,777,401,241,69,18,3,1499,1387,112,94,944,6,141,432
57404609,0,,,4971,2373,2598,618,325,293,4296,2014,2282,2871,1380,1491,4119,1915,2204,4012,1867,2145,1425,634,791,797,358,439,169,74,95,7,3,4,15,7,8,1981,1980,443,682,437,301,84,23,10,1524,1392,132,157,912,57,198,320
57404610,0,,,12,5,7,0,0,0,12,5,7,6,1,5,12,5,7,12,5,7,6,4,2,3,2,1,3,2,1,0,0,0,0,0,0,4,4,0,2,1,0,1,0,0,4,3,1,0,3,0,0,1
57404611,1,,57404620,51,23,28,2,1,1,55,25,30,31,14,17,54,25,29,53,24,29,24,11,13,12,5,7,2,1,1,0,0,0,0,0,0,17,17,3,5,4,4,2,1,0,16,9,7,1,16,0,3,1
57404612,0,,,109,60,49,16,7,9,92,52,40,65,38,27,90,51,39,90,51,39,27,14,13,16,5,11,6,2,4,1,0,1,3,3,0,39,39,13,5,7,7,5,2,0,26,16,10,4,18,3,3,2
57404613,0,,,860,397,463,105,52,53,752,343,409,439,216,223,738,337,401,723,329,394,313,127,186,187,66,121,93,24,69,13,4,9,1,0,1,254,250,35,69,58,52,16,16,4,213,164,49,32,146,1,18,36
57404614,0,,,153,76,77,36,15,21,115,60,55,71,39,32,115,60,55,115,60,55,44,21,23,24,12,12,9,4,5,1,0,1,1,0,1,50,50,9,14,9,9,4,4,1,40,32,8,11,27,0,6,7
57404615,0,,,2390,1147,1243,349,169,180,2037,974,1063,1523,717,806,1856,880,976,1787,846,941,514,257,257,132,69,63,29,9,20,3,2,1,26,15,11,820,820,72,286,201,188,57,10,6,747,690,57,36,318,0,37,139
57404616,0,,,3033,1379,1654,394,175,219,2634,1201,1433,1734,773,961,2528,1151,1377,2477,1130,1347,900,428,472,306,139,167,85,31,54,8,1,7,27,12,15,1131,1130,151,412,299,198,54,14,2,973,890,83,93,562,1,90,235
57404617,0,,,989,443,546,66,34,32,884,388,496,436,190,246,866,378,488,843,374,469,448,198,250,253,115,138,79,24,55,7,2,5,9,1,8,428,427,143,165,65,37,11,3,3,280,254,26,22,230,24,43,107
57404618,0,,,2600,1290,1310,364,201,163,2217,1076,1141,1361,647,714,2142,1032,1110,2099,1012,1087,856,429,427,281,139,142,62,27,35,3,2,1,14,7,7,993,993,160,369,239,157,54,11,3,829,761,68,67,532,27,64,234
57404619,0,,,3138,1496,1642,570,282,288,2550,1205,1345,2054,968,1086,2421,1144,1277,2344,1097,1247,496,237,259,177,67,110,76,23,53,6,1,5,10,5,5,1078,1076,121,342,260,265,70,14,4,945,892,53,97,311,2,45,130
57404620,2,57404611,,6,3,3,*,*,*,*,*,*,*,*,*,*,*,*,*,*,*,*,*,*,*,*,*,*,*,*,*,*,*,*,*,*,2,2,*,*,*,*,*,*,*,*,*,*,*,*,*,*,*
57404622,0,,,214,111,103,11,8,3,197,99,98,98,54,44,194,96,98,193,95,98,99,45,54,40,17,23,20,6,14,4,1,3,0,0,0,74,74,12,27,13,9,7,4,2,61,41,20,1,56,0,10,10
57404623,0,,,323,159,164,41,20,21,277,137,140,189,101,88,270,134,136,267,132,135,88,36,52,41,15,26,13,1,12,1,0,1,0,0,0,111,111,12,37,25,28,5,3,1,97,78,19,16,56,1,6,9
57404624,0,,,55,28,27,13,5,8,42,23,19,34,18,16,41,22,19,41,22,19,8,5,3,4,2,2,4,2,2,0,0,0,0,0,0,16,16,1,3,3,7,1,1,0,15,11,4,4,5,0,1,0
57404625,0,,,840,422,418,208,118,90,626,301,325,517,245,272,584,285,299,564,273,291,109,56,53,38,22,16,7,2,5,0,0,0,16,8,8,270,270,24,78,58,74,27,8,1,244,225,19,47,67,0,6,32
57404626,1,,57404635,1155,549,606,295,131,164,866,421,445,721,350,371,818,391,427,792,375,417,145,71,74,65,31,34,11,3,8,0,0,0,3,3,0,367,367,36,92,86,111,29,9,6,333,310,23,67,96,0,15,32
57404628,0,,,56,29,27,15,11,4,39,16,23,39,16,23,37,16,21,36,15,21,0,0,0,0,0,0,0,0,0,0,0,0,3,1,2,22,22,6,4,7,4,1,0,0,16,16,0,5,0,3,0,0
57404629,0,,,3544,1683,1861,304,159,145,3011,1397,1614,1701,885,816,2941,1360,1581,2883,1324,1559,1310,512,798,826,299,527,381,106,275,53,9,44,43,19,24,1548,1543,694,398,249,136,45,15,6,817,723,94,95,611,123,150,192
57404630,0,,,54,25,29,3,1,2,51,24,27,23,12,11,50,23,27,50,23,27,28,12,16,14,5,9,4,0,4,2,0,2,0,0,0,20,20,2,9,6,1,1,0,1,18,14,4,0,17,0,2,3
57404631,0,,,79,35,44,7,3,4,72,32,40,39,18,21,69,32,37,68,31,37,33,14,19,10,2,8,6,1,5,0,0,0,0,0,0,25,25,3,7,7,3,3,0,2,22,11,11,1,21,0,3,4
57404632,0,,,142,69,73,16,6,10,125,62,63,72,40,32,123,61,62,123,61,62,53,22,31,25,8,17,16,7,9,0,0,0,0,0,0,45,45,8,9,14,6,3,2,3,37,18,19,3,32,0,3,6
57404633,0,,,90,42,48,12,6,6,76,35,41,41,18,23,72,33,39,72,33,39,35,17,18,16,8,8,5,2,3,0,0,0,0,0,0,26,26,3,8,4,3,2,5,1,21,12,9,4,20,0,3,4
57404635,2,57404626,,8,5,3,*,*,*,*,*,*,*,*,*,*,*,*,*,*,*,*,*,*,*,*,*,*,*,*,*,*,*,*,*,*,2,2,*,*,*,*,*,*,*,*,*,*,*,*,*,*,*
57404637,1,,57404647,81,42,39,12,8,4,81,39,42,48,27,21,79,37,42,79,37,42,33,12,21,14,5,9,5,1,4,2,0,2,0,0,0,18,18,1,2,7,0,2,7,2,20,9,11,4,17,0,1,1
57404638,0,,,358,177,181,36,16,20,296,147,149,199,103,96,293,144,149,289,142,147,97,44,53,49,19,30,16,4,12,1,1,0,8,2,6,184,184,88,50,24,14,7,0,1,90,81,9,10,66,18,17,23
57404639,0,,,5493,2653,2840,626,299,327,4712,2270,2442,2860,1444,1416,4616,2226,2390,4531,2180,2351,1852,826,1026,935,436,499,208,70,138,22,5,17,55,11,44,2435,2429,822,771,448,263,90,23,12,1581,1402,179,206,1150,141,234,403
57404640,0,,,99,50,49,6,3,3,93,47,46,55,30,25,90,46,44,90,46,44,38,17,21,20,8,12,10,3,7,1,0,1,2,1,1,40,40,9,17,8,2,2,0,2,31,22,9,2,25,0,7,6
57404641,1,,57404651,122,65,57,14,11,3,110,56,54,73,39,34,104,53,51,102,53,49,37,17,20,18,6,12,6,2,4,2,0,2,1,1,0,36,36,8,10,7,4,4,2,4,31,17,14,2,24,0,1,1
57404642,0,,,23,11,12,2,1,1,21,10,11,12,7,5,21,10,11,21,10,11,9,3,6,1,0,1,0,0,0,0,0,0,0,0,0,10,10,2,4,3,1,0,0,0,8,7,1,1,6,0,1,2
57404643,0,,,45,21,24,2,1,1,43,20,23,20,9,11,43,20,23,42,20,22,23,11,12,11,4,7,2,1,1,1,0,1,0,0,0,19,19,5,5,6,3,0,0,0,14,9,5,1,15,0,4,3
57404645,0,,,18,10,8,0,0,0,18,10,8,8,4,4,18,10,8,18,10,8,10,6,4,4,2,2,1,0,1,0,0,0,0,0,0,7,7,1,3,1,2,0,0,0,6,5,1,0,6,0,1,2
57404647,2,57404637,,12,5,7,*,*,*,*,*,*,*,*,*,*,*,*,*,*,*,*,*,*,*,*,*,*,*,*,*,*,*,*,*,*,3,3,*,*,*,*,*,*,*,*,*,*,*,*,*,*,*
57404648,0,,,756,324,432,56,30,26,697,292,405,273,140,133,686,284,402,677,277,400,424,152,272,270,82,188,151,30,121,34,3,31,3,2,1,205,200,43,73,39,34,9,2,0,155,129,26,14,108,5,14,40
57404649,0,,,3825,1855,1970,420,202,218,3399,1651,1748,2105,1049,1056,3308,1611,1697,3249,1582,1667,1294,602,692,517,257,260,93,37,56,7,3,4,19,14,5,1506,1503,285,571,346,203,64,24,10,1200,1069,131,109,816,42,125,306
57404650,0,,,32,15,17,3,2,1,27,12,15,22,10,12,26,12,14,25,12,13,5,2,3,3,1,2,2,1,1,0,0,0,1,0,1,9,9,0,2,4,1,1,0,1,8,5,3,1,4,0,0,0
57404651,2,57404641,,4,3,1,*,*,*,*,*,*,*,*,*,*,*,*,*,*,*,*,*,*,*,*,*,*,*,*,*,*,*,*,*,*,3,3,*,*,*,*,*,*,*,*,*,*,*,*,*,*,*
57404652,1,,57404662,64,33,31,0,0,0,66,34,32,30,17,13,64,33,31,63,32,31,36,17,19,17,8,9,6,2,4,0,0,0,0,0,0,20,20,2,6,4,5,4,0,0,19,8,11,0,19,0,2,1
57404653,0,,,34,17,17,1,0,1,33,17,16,15,7,8,33,17,16,33,17,16,18,10,8,9,3,6,5,1,4,0,0,0,0,0,0,12,12,1,3,6,1,1,0,0,11,8,3,1,11,0,1,1
57404657,1,,57404667,18,8,10,0,0,0,22,11,11,9,5,4,22,11,11,22,11,11,13,6,7,5,3,2,3,2,1,0,0,0,0,0,0,6,6,0,3,2,1,0,1,0,7,5,2,0,7,0,0,2
57404658,0,,,2270,1157,1113,269,153,116,1971,985,986,1493,742,751,1931,964,967,1895,943,952,478,243,235,173,79,94,47,17,30,0,0,0,7,5,2,959,957,281,318,180,119,38,15,6,663,597,66,78,312,25,52,115
57404659,0,,,4047,2007,2040,498,263,235,3523,1728,1795,2574,1259,1315,3401,1659,1742,3315,1615,1700,949,469,480,313,130,183,83,35,48,5,4,1,6,0,6,1565,1565,332,524,358,227,83,27,14,1212,1064,148,122,633,38,79,231
57404662,2,57404652,,2,1,1,*,*,*,*,*,*,*,*,*,*,*,*,*,*,*,*,*,*,*,*,*,*,*,*,*,*,*,*,*,*,1,1,*,*,*,*,*,*,*,*,*,*,*,*,*,*,*
57404663,0,,,22,13,9,1,1,0,21,12,9,10,7,3,20,11,9,19,10,9,11,5,6,6,3,3,0,0,0,0,0,0,0,0,0,6,6,0,2,2,1,0,0,1,6,3,3,0,6,0,0,2
57404665,0,,,42,22,20,0,0,0,42,22,20,35,18,17,42,22,20,42,22,20,7,4,3,5,2,3,1,0,1,0,0,0,0,0,0,1,0,0,0,0,0,0,0,0,0,0,0,0,0,0,0,0
57404667,2,57404657,,4,3,1,*,*,*,*,*,*,*,*,*,*,*,*,*,*,*,*,*,*,*,*,*,*,*,*,*,*,*,*,*,*,1,1,*,*,*,*,*,*,*,*,*,*,*,*,*,*,*
57404668,0,,,584,286,298,78,44,34,504,241,263,380,181,199,485,236,249,477,232,245,124,60,64,47,20,27,9,2,7,0,0,0,0,0,0,210,210,32,75,46,34,18,0,5,176,154,22,19,74,3,7,25
57404669,0,,,6054,2991,3063,1990,1002,988,4044,1979,2065,3798,1870,1928,3761,1849,1912,3640,1781,1859,246,109,137,78,30,48,16,3,13,1,1,0,12,8,4,1837,1837,228,310,361,646,231,50,11,1594,1510,84,430,178,33,27,35
57404676,0,,,29,16,13,4,3,1,24,12,12,13,7,6,24,12,12,24,12,12,11,5,6,5,1,4,2,1,1,1,1,0,1,1,0,12,12,3,5,1,2,1,0,0,9,7,2,1,7,0,2,2
57404677,0,,,21,10,11,0,0,0,21,10,11,13,7,6,21,10,11,19,10,9,8,3,5,4,2,2,1,1,0,0,0,0,0,0,0,7,7,1,1,3,1,1,0,0,6,2,4,0,5,0,0,0
57404678,0,,,32,19,13,3,2,1,29,17,12,16,10,6,28,16,12,28,16,12,13,7,6,6,2,4,2,0,2,0,0,0,0,0,0,11,11,3,3,2,0,1,2,0,8,2,6,0,8,0,2,1
57404679,0,,,45,22,23,4,2,2,41,20,21,24,12,12,41,20,21,40,19,21,17,8,9,10,4,6,6,2,4,0,0,0,0,0,0,14,14,3,2,4,3,0,1,1,11,5,6,2,11,0,3,0
57404686,0,,,68,36,32,5,3,2,63,33,30,31,19,12,62,32,30,62,32,30,32,14,18,16,7,9,4,0,4,1,0,1,1,0,1,22,22,4,4,5,6,1,2,0,18,12,6,2,19,0,4,3
57404687,0,,,307,158,149,28,14,14,278,143,135,148,78,70,275,143,132,271,140,131,130,65,65,58,26,32,18,5,13,4,1,3,4,4,0,124,124,32,42,25,15,7,0,3,91,68,23,8,79,4,16,23
57404688,0,,,300,174,126,34,16,18,242,134,108,127,77,50,235,128,107,232,126,106,115,57,58,51,20,31,33,10,23,5,2,3,8,7,1,121,120,58,23,8,15,8,5,3,61,39,22,5,61,1,21,11
57404689,0,,,53,27,26,4,1,3,49,26,23,30,17,13,46,24,22,43,21,22,19,9,10,7,4,3,1,0,1,0,0,0,0,0,0,17,17,2,6,3,2,2,2,0,15,9,6,2,13,0,2,4
57404692,2,57404694,,4,2,2,*,*,*,*,*,*,*,*,*,*,*,*,*,*,*,*,*,*,*,*,*,*,*,*,*,*,*,*,*,*,2,2,*,*,*,*,*,*,*,*,*,*,*,*,*,*,*
57404694,1,,57404692,4,2,2,0,0,0,8,4,4,1,0,1,8,4,4,8,4,4,7,4,3,0,0,0,0,0,0,0,0,0,0,0,0,2,2,0,4,0,0,0,0,0,4,4,0,0,4,0,0,4
57404697,0,,,34,22,12,1,1,0,30,18,12,21,12,9,29,17,12,27,16,11,9,6,3,6,3,3,2,1,1,0,0,0,1,0,1,19,19,13,1,3,0,2,0,0,5,4,1,0,6,5,2,0
57404698,0,,,205,110,95,14,7,7,184,98,86,114,64,50,177,95,82,173,93,80,70,34,36,34,11,23,19,4,15,1,1,0,1,0,1,82,82,36,14,13,8,5,0,6,45,26,19,4,47,3,12,6
57404699,0,,,61,28,33,7,2,5,54,26,28,29,16,13,53,26,27,53,26,27,25,10,15,14,4,10,6,1,5,2,0,2,0,0,0,20,20,5,4,5,2,1,2,1,15,9,6,3,15,0,5,2
57404700,0,,,6387,2990,3397,830,428,402,5433,2495,2938,3456,1644,1812,5251,2404,2847,5133,2353,2780,1977,851,1126,1108,466,642,218,99,119,13,4,9,22,7,15,2862,2862,1010,869,497,348,94,30,14,1831,1674,157,250,1397,47,546,381
57404701,0,,,5692,2729,2963,723,372,351,4851,2293,2558,3154,1545,1609,4704,2214,2490,4601,2157,2444,1697,748,949,984,434,550,249,102,147,16,6,10,19,10,9,2298,2296,576,748,493,326,116,29,8,1697,1498,199,186,1103,32,237,381
57404702,0,,,3654,1726,1928,443,212,231,3141,1471,1670,1898,927,971,3043,1426,1617,2967,1389,1578,1243,544,699,702,317,385,152,67,85,8,2,6,15,8,7,1476,1476,398,475,283,203,72,33,12,1066,916,150,124,797,36,170,263
57404703,0,,,707,341,366,60,34,26,644,305,339,370,169,201,627,299,328,621,296,325,274,136,138,68,34,34,16,5,11,2,0,2,3,1,2,268,268,37,115,60,36,11,4,5,231,197,34,15,170,0,23,66
57404704,2,57404705,,1,1,0,*,*,*,*,*,*,*,*,*,*,*,*,*,*,*,*,*,*,*,*,*,*,*,*,*,*,*,*,*,*,1,1,*,*,*,*,*,*,*,*,*,*,*,*,*,*,*
57404705,1,,57404704,27,16,11,4,4,0,24,13,11,11,6,5,23,12,11,22,12,10,13,7,6,8,5,3,1,1,0,0,0,0,0,0,0,9,9,3,4,0,0,1,2,0,7,6,1,1,8,0,2,4
57404706,0,,,1197,590,607,137,67,70,1056,520,536,764,378,386,1021,499,522,992,483,509,292,142,150,116,52,64,29,10,19,0,0,0,6,2,4,423,423,39,164,109,71,28,7,5,377,320,57,25,194,5,12,63
57404707,0,,,3181,1568,1613,372,192,180,2802,1371,1431,1890,926,964,2709,1323,1386,2663,1304,1359,912,445,467,315,141,174,83,31,52,7,1,6,5,2,3,1160,1159,148,442,268,203,68,23,7,1004,872,132,90,581,28,65,228
57404708,0,,,979,472,507,144,74,70,834,397,437,614,302,312,801,375,426,769,359,410,220,95,125,106,40,66,50,13,37,5,0,5,2,0,2,309,307,33,79,85,67,30,11,2,273,235,38,32,120,4,16,34
57404709,0,,,264,134,130,27,11,16,232,120,112,142,76,66,227,117,110,222,114,108,90,44,46,42,19,23,14,8,6,1,0,1,1,1,0,104,104,31,35,14,13,2,5,4,69,51,18,6,61,4,12,9
57404710,0,,,3552,1739,1813,550,293,257,2909,1401,1508,2547,1234,1313,2697,1297,1400,2554,1225,1329,362,167,195,134,62,72,23,9,14,1,1,0,29,14,15,1265,1265,227,316,303,328,75,15,1,1031,971,60,105,240,33,29,76
57404711,0,,,6236,2930,3306,983,494,489,5243,2431,2812,3884,1797,2087,4945,2290,2655,4774,2216,2558,1359,634,725,523,232,291,114,42,72,7,3,4,21,8,13,2165,2165,258,679,523,523,146,24,12,1897,1702,195,196,876,8,136,322
57404712,0,,,879,417,462,166,88,78,710,328,382,478,231,247,691,320,371,679,315,364,232,97,135,117,42,75,51,10,41,6,2,4,1,0,1,295,294,42,91,81,58,17,4,1,250,231,19,65,109,1,18,40
57404713,1,,57404714,31,17,14,2,1,1,36,19,17,24,13,11,35,18,17,34,17,17,12,6,6,5,2,3,2,0,2,0,0,0,0,0,0,8,8,1,1,3,2,1,0,2,9,4,5,0,8,0,0,1
57404714,2,57404713,,8,4,4,*,*,*,*,*,*,*,*,*,*,*,*,*,*,*,*,*,*,*,*,*,*,*,*,*,*,*,*,*,*,2,2,*,*,*,*,*,*,*,*,*,*,*,*,*,*,*
57404716,0,,,1480,731,749,174,86,88,1301,641,660,894,434,460,1261,621,640,1231,600,631,407,207,200,118,54,64,36,13,23,2,0,2,3,2,1,531,531,68,192,136,81,34,16,4,460,413,47,40,262,6,29,101
57404717,0,,,2954,1438,1516,256,132,124,2693,1304,1389,1874,886,988,2619,1270,1349,2572,1247,1325,819,418,401,251,121,130,73,28,45,11,3,8,8,4,4,1103,1103,144,416,290,187,40,22,4,954,827,127,51,540,6,62,188
57404718,0,,,86,44,42,12,5,7,73,38,35,58,30,28,67,36,31,64,34,30,15,8,7,3,1,2,1,1,0,0,0,0,1,0,1,29,29,5,6,10,4,2,1,1,24,20,4,1,11,3,0,3
57404719,0,,,106,55,51,10,5,5,96,50,46,48,28,20,95,49,46,94,48,46,48,22,26,24,12,12,7,4,3,0,0,0,1,0,1,35,35,5,9,9,8,2,1,1,30,20,10,3,27,0,5,6
57404720,0,,,1072,547,525,237,110,127,831,435,396,660,327,333,782,408,374,757,396,361,171,108,63,77,52,25,14,10,4,0,0,0,4,1,3,327,326,41,83,75,89,32,6,0,284,261,23,49,73,3,15,21
57404721,0,,,3761,1836,1925,934,489,445,2825,1347,1478,2541,1218,1323,2602,1235,1367,2470,1165,1305,284,129,155,118,51,67,21,8,13,3,2,1,10,5,5,1134,1134,57,239,301,395,114,23,5,1073,1009,64,233,185,1,21,64
57404722,0,,,128,56,72,40,16,24,88,40,48,77,34,43,83,38,45,80,37,43,11,6,5,4,1,3,1,0,1,0,0,0,7,3,4,39,39,2,5,13,18,1,0,0,37,35,2,17,7,0,0,1
57404723,0,,,28,14,14,2,1,1,26,13,13,16,8,8,25,12,13,25,12,13,10,5,5,6,3,3,3,2,1,0,0,0,0,0,0,7,7,0,1,2,2,1,0,1,7,1,6,0,6,0,0,0
57404726,0,,,693,358,335,68,38,30,609,309,300,413,209,204,594,300,294,582,291,291,196,100,96,66,31,35,17,6,11,3,1,2,1,0,1,247,247,29,86,69,40,15,6,2,215,189,26,20,131,1,18,38
57404727,0,,,1564,770,794,152,74,78,1402,691,711,893,437,456,1364,672,692,1346,661,685,509,254,255,153,67,86,42,14,28,1,0,1,2,0,2,581,581,78,224,145,89,30,10,5,495,430,65,35,330,0,51,130
57404730,0,,,1879,855,1024,409,200,209,1468,655,813,1150,549,601,1350,602,748,1306,577,729,318,106,212,214,63,151,109,23,86,23,3,20,5,4,1,534,532,48,121,135,165,46,14,3,479,450,29,49,94,2,14,31
57404731,0,,,4546,2173,2373,849,441,408,3670,1721,1949,3168,1527,1641,3466,1621,1845,3352,1570,1782,502,194,308,276,83,193,123,25,98,28,1,27,14,8,6,1566,1562,258,408,395,374,101,17,9,1291,1190,101,242,257,45,41,75
57404732,0,,,1726,822,904,226,112,114,1500,710,790,1306,615,691,1375,651,724,1300,611,689,194,95,99,80,37,43,12,7,5,0,0,0,7,3,4,557,557,43,143,171,138,44,14,4,512,473,39,30,127,0,13,48
57404733,0,,,42,22,20,2,0,2,40,22,18,24,15,9,40,22,18,40,22,18,16,7,9,9,4,5,3,2,1,0,0,0,0,0,0,10,10,1,0,1,6,0,1,1,9,3,6,0,9,0,0,0
57404734,2,57404744,,7,4,3,*,*,*,*,*,*,*,*,*,*,*,*,*,*,*,*,*,*,*,*,*,*,*,*,*,*,*,*,*,*,3,3,*,*,*,*,*,*,*,*,*,*,*,*,*,*,*
57404735,0,,,13,7,6,0,0,0,13,7,6,7,4,3,13,7,6,13,7,6,6,3,3,3,1,2,3,1,2,0,0,0,0,0,0,4,4,0,2,1,0,0,1,0,4,3,1,0,4,0,0,1
57404740,1,,57404751,2342,1167,1175,416,218,198,1934,954,980,1583,783,800,1774,875,899,1680,821,859,351,171,180,101,47,54,23,8,15,2,1,1,6,3,3,748,748,74,186,170,227,78,9,6,674,619,55,65,225,5,24,79
57404741,0,,,1288,614,674,276,132,144,1012,482,530,898,429,469,905,424,481,851,402,449,114,53,61,61,28,33,10,5,5,1,0,1,9,5,4,381,381,20,83,90,122,54,11,1,358,336,22,39,72,1,9,22
57404742,0,,,448,211,237,60,35,25,388,176,212,341,161,180,364,161,203,336,143,193,47,15,32,17,2,15,5,0,5,0,0,0,2,0,2,142,142,12,36,42,36,6,7,3,130,112,18,8,33,0,6,5
57404743,0,,,15,8,7,0,0,0,15,8,7,7,5,2,15,8,7,15,8,7,8,3,5,3,0,3,2,0,2,1,0,1,0,0,0,5,5,0,1,3,1,0,0,0,5,3,2,0,5,0,0,0
57404744,1,,57404734,7,3,4,0,0,0,14,7,7,3,2,1,14,7,7,14,7,7,11,5,6,5,2,3,3,1,2,0,0,0,0,0,0,3,3,1,3,1,1,0,0,0,5,4,1,0,6,0,1,1
57404745,1,,57404755,43,20,23,8,4,4,47,22,25,32,14,18,45,22,23,43,21,22,15,8,7,7,2,5,4,1,3,0,0,0,0,0,0,10,10,0,3,3,1,2,2,2,13,6,7,1,9,0,0,1
57404746,1,,57404756,47,21,26,4,1,3,48,23,25,22,11,11,48,23,25,48,23,25,26,12,14,14,5,9,6,2,4,2,1,1,1,0,1,15,15,0,4,7,2,3,0,0,16,10,6,2,14,0,0,1
57404747,0,,,25,13,12,3,1,2,22,12,10,11,7,4,22,12,10,22,12,10,11,5,6,6,4,2,1,1,0,0,0,0,1,0,1,8,8,1,4,1,0,1,0,1,7,5,2,1,8,0,1,2
57404749,0,,,17,9,8,0,0,0,17,9,8,10,6,4,17,9,8,17,9,8,7,3,4,4,2,2,0,0,0,0,0,0,0,0,0,4,4,0,0,1,1,2,0,0,4,2,2,0,4,0,0,0
57404750,0,,,2609,1322,1287,300,166,134,2306,1153,1153,1360,670,690,2232,1117,1115,2189,1101,1088,946,483,463,265,132,133,65,27,38,4,0,4,5,1,4,1005,1005,166,403,219,132,64,17,4,831,740,91,69,591,15,76,241
57404751,2,57404740,,9,5,4,*,*,*,*,*,*,*,*,*,*,*,*,*,*,*,*,*,*,*,*,*,*,*,*,*,*,*,*,*,*,2,2,*,*,*,*,*,*,*,*,*,*,*,*,*,*,*
57404752,0,,,93,46,47,8,4,4,85,42,43,49,24,25,82,40,42,82,40,42,36,18,18,13,6,7,5,3,2,0,0,0,0,0,0,27,27,3,7,8,2,2,2,3,24,17,7,1,21,1,1,5
57404753,0,,,17,9,8,0,0,0,17,9,8,6,4,2,17,9,8,17,9,8,11,5,6,6,2,4,2,0,2,0,0,0,0,0,0,6,6,1,2,1,1,1,0,0,5,2,3,0,5,0,1,1
57404754,0,,,46,18,28,1,0,1,45,18,27,31,13,18,43,17,26,41,16,25,14,5,9,9,4,5,1,0,1,0,0,0,0,0,0,11,11,0,3,3,0,1,2,2,11,4,7,0,9,0,0,0
57404755,2,57404745,,12,6,6,*,*,*,*,*,*,*,*,*,*,*,*,*,*,*,*,*,*,*,*,*,*,*,*,*,*,*,*,*,*,3,3,*,*,*,*,*,*,*,*,*,*,*,*,*,*,*
57404756,2,57404746,,5,3,2,*,*,*,*,*,*,*,*,*,*,*,*,*,*,*,*,*,*,*,*,*,*,*,*,*,*,*,*,*,*,1,1,*,*,*,*,*,*,*,*,*,*,*,*,*,*,*
57404758,2,57404768,,6,2,4,*,*,*,*,*,*,*,*,*,*,*,*,*,*,*,*,*,*,*,*,*,*,*,*,*,*,*,*,*,*,2,2,*,*,*,*,*,*,*,*,*,*,*,*,*,*,*
57404760,0,,,1187,569,618,139,67,72,1048,502,546,654,317,337,1020,492,528,1009,486,523,394,185,209,161,69,92,33,8,25,4,0,4,10,5,5,462,462,90,165,105,71,20,10,1,370,325,45,34,262,6,49,81
57404761,0,,,50,26,24,8,4,4,42,22,20,26,13,13,42,22,20,42,22,20,16,9,7,7,3,4,2,0,2,0,0,0,0,0,0,15,15,2,3,4,2,3,0,1,13,9,4,1,10,0,0,2
57404762,0,,,95,45,50,11,4,7,84,41,43,44,22,22,81,39,42,80,38,42,40,19,21,24,11,13,14,7,7,2,2,0,1,0,1,28,28,5,9,2,3,5,1,3,23,12,11,0,22,0,5,3
57404763,0,,,16,10,6,3,2,1,13,8,5,7,5,2,13,8,5,13,8,5,6,3,3,5,2,3,1,0,1,0,0,0,0,0,0,4,4,1,0,1,1,0,0,1,3,1,2,0,3,0,0,0
57404765,0,,,58,26,32,1,0,1,57,26,31,33,16,17,56,26,30,54,26,28,24,10,14,15,6,9,9,2,7,0,0,0,0,0,0,16,16,1,2,7,1,4,0,1,15,5,10,0,16,0,1,1
57404768,1,,57404758,37,18,19,0,0,0,43,20,23,22,11,11,42,20,22,41,20,21,21,9,12,9,4,5,1,0,1,0,0,0,1,1,0,17,17,6,7,2,3,1,0,0,13,10,3,0,14,1,2,5
57404769,0,,,11,11,0,0,0,0,11,11,0,11,11,0,11,11,0,11,11,0,0,0,0,0,0,0,0,0,0,0,0,0,11,11,0,11,11,11,0,0,0,0,0,0,0,0,0,0,0,4,0,0
57404770,0,,,539,290,249,82,46,36,445,237,208,308,171,137,438,234,204,431,230,201,137,66,71,72,32,40,22,10,12,1,0,1,16,14,2,227,225,81,62,37,27,7,9,2,138,113,25,26,90,15,23,20
57404771,0,,,905,466,439,190,98,92,705,362,343,583,307,276,663,341,322,639,325,314,122,55,67,61,24,37,13,5,8,2,0,2,4,4,0,343,343,93,73,72,82,17,5,1,245,225,20,50,83,14,27,13
57404772,0,,,146,54,92,8,3,5,138,51,87,33,23,10,137,50,87,137,50,87,105,28,77,86,18,68,53,9,44,8,0,8,0,0,0,24,21,3,4,8,2,1,0,3,18,8,10,1,19,0,3,1
57404773,0,,,114,59,55,4,2,2,110,57,53,56,36,20,108,56,52,107,55,52,54,21,33,29,10,19,17,3,14,4,0,4,0,0,0,39,39,5,11,11,7,4,1,0,34,15,19,1,33,0,2,1
57404774,0,,,73,41,32,4,3,1,69,38,31,36,20,16,69,38,31,69,38,31,33,18,15,15,8,7,5,2,3,0,0,0,0,0,0,23,23,2,5,9,4,1,1,1,21,11,10,1,18,0,1,2
57404775,0,,,91,44,47,5,0,5,86,44,42,50,27,23,85,43,42,82,42,40,36,17,19,18,8,10,7,3,4,2,1,1,0,0,0,29,29,3,8,6,6,6,0,0,26,17,9,1,22,0,3,4
57404778,0,,,43,18,25,5,1,4,38,17,21,21,8,13,36,17,19,35,16,19,17,9,8,12,5,7,4,2,2,1,0,1,4,2,2,12,12,2,2,2,4,0,0,2,10,5,5,2,9,0,2,1
57404779,0,,,16,7,9,0,0,0,16,7,9,12,5,7,16,7,9,16,7,9,4,2,2,0,0,0,0,0,0,0,0,0,0,0,0,6,6,0,4,1,0,1,0,0,6,5,1,0,2,0,0,1
57404780,0,,,2492,1252,1240,329,166,163,2122,1066,1056,1624,829,795,2052,1035,1017,2009,1018,991,498,237,261,171,69,102,40,17,23,3,1,2,9,2,7,1039,1038,345,283,196,121,58,29,6,680,598,82,92,351,48,69,100
57404781,0,,,1478,732,746,191,93,98,1271,629,642,891,462,429,1227,608,619,1211,600,611,380,167,213,209,85,124,81,31,50,8,1,7,4,3,1,582,579,210,150,108,76,21,10,4,363,314,49,56,178,39,32,42
57404784,0,,,59,31,28,3,1,2,56,30,26,34,19,15,55,29,26,55,29,26,22,11,11,14,6,8,8,2,6,0,0,0,1,0,1,21,21,4,6,5,5,0,0,1,17,9,8,1,15,0,3,1
57404785,0,,,29,15,14,0,0,0,29,15,14,17,11,6,28,14,14,26,12,14,12,4,8,9,4,5,3,0,3,1,0,1,0,0,0,8,8,1,2,1,1,1,2,0,7,3,4,0,7,0,1,1
57404788,1,,57404789,58,28,30,4,0,4,57,29,28,33,17,16,52,28,24,50,28,22,24,12,12,12,5,7,3,1,2,0,0,0,0,0,0,15,15,0,5,3,3,1,3,1,16,7,9,1,13,0,0,4
57404789,2,57404788,,3,1,2,*,*,*,*,*,*,*,*,*,*,*,*,*,*,*,*,*,*,*,*,*,*,*,*,*,*,*,*,*,*,1,1,*,*,*,*,*,*,*,*,*,*,*,*,*,*,*
57404790,0,,,495,260,235,62,32,30,431,227,204,331,175,156,415,221,194,406,216,190,100,52,48,32,17,15,16,6,10,3,0,3,2,1,1,179,179,49,35,43,31,11,5,5,128,101,27,19,62,8,8,10
57404791,0,,,1486,733,753,222,110,112,1259,620,639,862,430,432,1219,600,619,1190,587,603,397,190,207,169,79,90,33,15,18,2,2,0,7,7,0,592,592,161,175,126,77,36,11,6,423,363,60,67,267,23,51,84
57404793,0,,,45,22,23,1,0,1,44,22,22,26,14,12,43,22,21,42,21,21,18,8,10,12,5,7,7,3,4,0,0,0,0,0,0,12,12,1,3,1,3,3,0,1,10,4,6,0,10,0,1,2
57404794,0,,,123,56,67,17,6,11,106,50,56,49,24,25,104,48,56,103,47,56,57,26,31,24,8,16,13,3,10,2,0,2,0,0,0,34,34,4,7,8,5,6,1,3,29,11,18,4,32,0,4,7
57404795,0,,,115,60,55,16,9,7,99,51,48,60,31,29,96,49,47,94,47,47,39,20,19,16,7,9,9,3,6,1,0,1,0,0,0,27,27,0,7,4,5,4,2,5,27,11,16,3,22,0,0,5
57404796,0,,,35,17,18,4,2,2,31,15,16,17,8,9,30,15,15,28,15,13,14,7,7,8,4,4,3,1,2,0,0,0,0,0,0,8,8,1,1,0,3,1,1,1,7,2,5,0,7,0,1,1
57404798,0,,,40,18,22,6,5,1,34,13,21,26,11,15,34,13,21,33,13,20,8,2,6,5,1,4,3,1,2,0,0,0,0,0,0,14,14,3,3,3,3,2,0,0,11,7,4,2,7,0,2,0
57404799,0,,,127,59,68,14,6,8,113,53,60,68,31,37,111,52,59,111,52,59,45,22,23,17,8,9,4,1,3,0,0,0,1,1,0,39,39,4,14,7,4,6,0,4,33,20,13,3,30,0,3,7
57405601,0,,,22,11,11,0,0,0,22,11,11,14,7,7,22,11,11,22,11,11,8,4,4,2,1,1,2,1,1,1,0,1,0,0,0,8,8,1,4,1,1,0,1,0,7,6,1,0,5,0,0,1
57405602,0,,,40,19,21,0,0,0,40,19,21,25,11,14,40,19,21,39,18,21,15,8,7,12,5,7,5,3,2,0,0,0,0,0,0,10,10,1,1,2,2,1,3,0,9,3,6,0,9,0,1,1
57405603,0,,,64,30,34,4,1,3,60,29,31,24,14,10,59,29,30,58,28,30,36,15,21,15,4,11,8,2,6,0,0,0,0,0,0,20,20,1,9,3,1,5,0,1,19,11,8,0,19,0,1,6
57405604,0,,,81,43,38,4,2,2,77,41,36,55,28,27,74,39,35,72,38,34,22,13,9,12,8,4,5,3,2,0,0,0,0,0,0,28,28,5,12,1,4,4,1,1,22,18,4,1,15,0,2,7
57405608,2,57405609,,6,4,2,*,*,*,*,*,*,*,*,*,*,*,*,*,*,*,*,*,*,*,*,*,*,*,*,*,*,*,*,*,*,6,6,*,*,*,*,*,*,*,*,*,*,*,*,*,*,*
57405609,1,,57405608,10,4,6,0,0,0,16,8,8,1,1,0,16,8,8,16,8,8,15,7,8,12,5,7,6,2,4,0,0,0,0,0,0,10,10,16,0,0,0,0,0,0,0,0,0,0,15,0,15,0
57405613,2,57405614,,9,3,6,*,*,*,*,*,*,*,*,*,*,*,*,*,*,*,*,*,*,*,*,*,*,*,*,*,*,*,*,*,*,2,2,*,*,*,*,*,*,*,*,*,*,*,*,*,*,*
57405614,1,,57405613,54,22,32,5,3,2,58,22,36,38,14,24,56,21,35,54,21,33,20,8,12,11,4,7,2,0,2,1,0,1,8,0,8,25,25,12,5,3,5,1,0,1,15,11,4,0,13,8,3,3
57405615,0,,,16,9,7,3,3,0,13,6,7,6,3,3,12,6,6,12,6,6,7,3,4,4,3,1,1,1,0,0,0,0,1,0,1,6,6,0,4,0,2,0,0,0,6,6,0,0,4,0,0,3
57405618,2,57405629,,8,2,6,*,*,*,*,*,*,*,*,*,*,*,*,*,*,*,*,*,*,*,*,*,*,*,*,*,*,*,*,*,*,2,2,*,*,*,*,*,*,*,*,*,*,*,*,*,*,*
57405619,0,,,12,7,5,0,0,0,12,7,5,7,4,3,12,7,5,12,7,5,5,3,2,4,2,2,0,0,0,0,0,0,0,0,0,5,5,0,3,2,0,0,0,0,5,4,1,0,3,0,0,1
57405623,2,57405624,,6,4,2,*,*,*,*,*,*,*,*,*,*,*,*,*,*,*,*,*,*,*,*,*,*,*,*,*,*,*,*,*,*,2,2,*,*,*,*,*,*,*,*,*,*,*,*,*,*,*
57405624,1,,57405623,26,13,13,4,1,3,28,16,12,10,7,3,28,16,12,27,16,11,18,9,9,7,4,3,4,1,3,0,0,0,0,0,0,9,9,3,2,3,2,0,0,1,8,4,4,1,8,0,1,1
57405625,2,57405635,,11,8,3,*,*,*,*,*,*,*,*,*,*,*,*,*,*,*,*,*,*,*,*,*,*,*,*,*,*,*,*,*,*,4,4,*,*,*,*,*,*,*,*,*,*,*,*,*,*,*
57405628,0,,,31,17,14,2,1,1,29,16,13,16,10,6,29,16,13,29,16,13,13,6,7,10,5,5,3,1,2,0,0,0,0,0,0,8,8,1,1,2,2,0,1,1,7,2,5,1,8,0,1,1
57405629,1,,57405618,854,501,353,163,74,89,645,384,261,582,352,230,631,375,256,597,348,249,63,32,31,29,11,18,11,4,7,1,0,1,5,2,3,432,432,245,60,49,57,17,5,1,184,163,21,57,42,55,6,5
57405634,0,,,29,17,12,4,3,1,25,14,11,16,9,7,25,14,11,25,14,11,9,5,4,5,2,3,2,1,1,0,0,0,0,0,0,7,7,1,0,2,2,0,1,1,6,1,5,2,7,0,1,0
57405635,1,,57405625,49,25,24,2,2,0,58,31,27,27,16,11,57,30,27,57,30,27,31,15,16,12,5,7,4,1,3,0,0,0,0,0,0,18,18,5,8,4,1,2,1,1,16,11,5,0,18,0,3,5
57405636,0,,,48,24,24,3,1,2,45,23,22,23,13,10,45,23,22,44,22,22,22,10,12,4,1,3,3,1,2,0,0,0,0,0,0,15,14,0,6,3,2,2,1,0,14,8,6,1,11,0,0,4
57405637,0,,,200,101,99,10,8,2,189,93,96,94,49,45,182,87,95,175,82,93,95,44,51,45,15,30,18,4,14,1,0,1,0,0,0,71,71,12,25,15,9,5,3,2,57,38,19,2,57,0,8,12
57405638,0,,,67,31,36,9,3,6,58,28,30,29,14,15,55,27,28,55,27,28,29,14,15,18,9,9,6,3,3,0,0,0,1,0,1,24,24,7,8,4,1,0,2,2,17,12,5,3,21,0,5,4
57405639,0,,,1880,1007,873,217,102,115,1615,873,742,1275,715,560,1572,846,726,1545,833,712,340,158,182,193,84,109,63,32,31,2,1,1,29,11,18,888,886,410,184,155,87,29,15,6,466,389,77,87,240,75,69,39
57405644,0,,,14,5,9,1,1,0,13,4,9,7,1,6,13,4,9,13,4,9,6,3,3,3,1,2,3,1,2,1,0,1,0,0,0,5,5,1,1,1,2,0,0,0,3,1,2,1,4,0,0,0
57405645,0,,,57,30,27,1,0,1,56,30,26,35,18,17,56,30,26,56,30,26,21,12,9,12,6,6,7,4,3,0,0,0,0,0,0,20,20,5,3,6,2,4,0,0,14,9,5,1,15,0,4,1
57405646,0,,,231,112,119,22,11,11,209,101,108,115,60,55,203,97,106,201,97,104,94,41,53,52,21,31,17,7,10,0,0,0,0,0,0,71,71,9,18,17,10,10,5,2,61,37,24,7,56,0,6,10
57405647,0,,,115,71,44,1,1,0,114,70,44,86,58,28,113,69,44,111,67,44,28,12,16,9,3,6,3,0,3,0,0,0,1,0,1,20,19,5,6,4,2,2,0,0,14,8,6,0,15,0,3,2
57405648,0,,,322,190,132,5,3,2,317,187,130,201,131,70,311,184,127,305,180,125,116,56,60,47,20,27,18,7,11,2,0,2,0,0,0,74,72,24,15,16,8,5,3,1,47,26,21,1,47,6,7,5
57405649,0,,,170,89,81,11,4,7,159,85,74,97,56,41,150,79,71,146,75,71,62,29,33,35,18,17,11,5,6,0,0,0,1,0,1,53,53,8,16,10,5,7,5,2,45,25,20,2,39,1,4,8
57405653,0,,,30,15,15,0,0,0,30,15,15,17,9,8,30,15,15,30,15,15,13,6,7,8,3,5,3,1,2,0,0,0,0,0,0,10,10,2,2,1,4,1,0,0,8,4,4,0,8,0,1,1
57405654,0,,,44,23,21,0,0,0,44,23,21,20,12,8,42,21,21,42,21,21,24,11,13,11,4,7,5,2,3,0,0,0,0,0,0,16,16,3,4,5,2,2,0,0,13,7,6,0,15,0,2,4
57405655,0,,,80,39,41,4,1,3,76,38,38,40,19,21,73,38,35,73,38,35,36,19,17,14,6,8,8,3,5,2,1,1,0,0,0,22,22,1,6,6,4,2,1,2,21,6,15,1,20,0,1,4
57405656,0,,,15,6,9,0,0,0,15,6,9,7,2,5,14,6,8,14,6,8,8,4,4,5,3,2,0,0,0,0,0,0,0,0,0,4,4,0,1,2,0,0,0,1,4,3,1,0,4,0,0,1
57405658,0,,,46,19,27,4,1,3,42,18,24,25,11,14,41,18,23,41,18,23,17,7,10,8,3,5,7,2,5,2,1,1,0,0,0,12,12,0,6,1,1,1,0,3,12,7,5,1,9,0,0,1
57405659,0,,,931,444,487,133,81,52,797,362,435,523,258,265,750,342,408,725,333,392,274,104,170,147,42,105,78,15,63,14,2,12,6,4,2,298,297,59,83,58,61,16,13,7,235,192,43,26,129,4,25,31
57405662,0,,,52,23,29,2,1,1,50,22,28,31,12,19,48,21,27,47,21,26,19,10,9,9,4,5,5,2,3,0,0,0,1,0,1,16,16,0,5,5,4,1,1,0,16,11,5,0,12,0,0,4
57405663,0,,,40,22,18,4,4,0,36,18,18,25,11,14,32,16,16,31,16,15,11,7,4,5,1,4,2,0,2,0,0,0,0,0,0,9,9,0,0,4,2,0,1,2,9,2,7,1,7,0,0,0
57405664,0,,,14,6,8,1,0,1,13,6,7,8,4,4,12,6,6,11,5,6,5,2,3,2,1,1,1,0,1,1,0,1,0,0,0,4,4,1,0,2,0,0,0,1,3,2,1,0,2,0,0,0
57405665,2,57405676,,2,1,1,*,*,*,*,*,*,*,*,*,*,*,*,*,*,*,*,*,*,*,*,*,*,*,*,*,*,*,*,*,*,1,1,*,*,*,*,*,*,*,*,*,*,*,*,*,*,*
57405667,0,,,76,21,55,4,1,3,72,20,52,10,4,6,72,20,52,72,20,52,62,16,46,52,13,39,35,4,31,10,0,10,1,0,1,8,7,1,2,2,0,1,0,1,6,3,3,0,7,0,1,2
57405668,0,,,61,31,30,5,4,1,56,27,29,35,18,17,56,27,29,56,27,29,21,9,12,11,4,7,2,1,1,0,0,0,0,0,0,24,24,10,4,3,5,0,0,2,14,8,6,0,16,0,6,1
57405669,0,,,87,41,46,8,4,4,79,37,42,49,22,27,75,35,40,72,34,38,30,15,15,13,7,6,6,3,3,0,0,0,0,0,0,30,30,4,9,8,5,3,1,0,25,17,8,0,20,0,3,2
57405675,0,,,34,16,18,0,0,0,34,16,18,15,8,7,33,15,18,33,15,18,19,8,11,12,6,6,5,2,3,0,0,0,0,0,0,10,10,1,1,5,0,2,1,0,9,3,6,0,10,0,1,1
57405676,1,,57405665,102,50,52,11,4,7,93,47,46,47,25,22,92,47,45,91,47,44,46,22,24,22,11,11,11,4,7,2,0,2,0,0,0,26,26,3,8,3,2,5,3,3,24,8,16,3,24,0,3,6
57405677,0,,,139,67,72,10,5,5,129,62,67,76,41,35,125,61,64,121,58,63,53,21,32,20,6,14,8,1,7,1,0,1,1,0,1,36,36,4,5,10,4,6,1,6,32,16,16,3,31,0,3,4
57405678,0,,,67,33,34,12,6,6,55,27,28,40,20,20,53,27,26,52,26,26,15,7,8,7,2,5,3,0,3,0,0,0,0,0,0,20,20,3,4,5,3,2,2,1,16,11,5,5,10,0,2,0
57405679,0,,,25,13,12,1,1,0,24,12,12,20,11,9,21,11,10,21,11,10,4,1,3,3,1,2,2,1,1,0,0,0,0,0,0,11,11,5,3,0,2,0,1,0,6,4,2,0,4,2,1,0
57405687,0,,,19,8,11,3,2,1,16,6,10,9,3,6,16,6,10,16,6,10,7,3,4,3,0,3,3,0,3,1,0,1,0,0,0,4,4,0,0,0,3,0,0,1,4,1,3,1,4,0,0,0
57405688,0,,,33,18,15,0,0,0,33,18,15,21,14,7,31,16,15,31,16,15,12,4,8,11,3,8,4,1,3,0,0,0,0,0,0,11,11,3,2,2,1,2,1,0,8,3,5,0,9,0,1,0
57405689,0,,,179,102,77,33,19,14,146,83,63,109,66,43,144,83,61,143,82,61,37,17,20,11,4,7,6,1,5,0,0,0,17,17,0,70,70,24,14,13,12,4,1,2,46,38,8,10,24,11,3,5
57405698,0,,,43,25,18,5,4,1,38,21,17,27,16,11,37,20,17,36,19,17,11,5,6,7,3,4,4,3,1,0,0,0,6,5,1,14,14,3,3,3,3,0,1,1,10,5,5,1,8,0,1,1
57405699,0,,,194,93,101,25,14,11,169,79,90,97,44,53,163,76,87,159,75,84,72,35,37,30,10,20,14,2,12,0,0,0,3,1,2,58,58,10,13,7,14,9,1,4,48,27,21,6,46,0,8,8
57405700,0,,,55,23,32,4,2,2,51,21,30,24,9,15,50,21,29,49,21,28,27,12,15,13,4,9,8,2,6,1,0,1,0,0,0,19,19,3,5,5,5,0,0,1,16,11,5,1,15,0,2,2
57405701,0,,,119,58,61,13,7,6,106,51,55,58,30,28,104,50,54,102,49,53,48,21,27,29,12,17,11,4,7,0,0,0,0,0,0,36,36,4,9,8,7,4,3,1,32,15,17,3,28,2,2,4
57405702,0,,,172,94,78,5,3,2,167,91,76,81,49,32,163,89,74,158,84,74,86,42,44,46,22,24,14,4,10,5,0,5,0,0,0,50,49,6,10,8,14,5,4,2,41,18,23,1,44,0,5,4
57405703,0,,,143,76,67,16,10,6,127,66,61,68,40,28,124,65,59,124,65,59,59,26,33,25,9,16,14,5,9,2,1,1,0,0,0,38,38,2,11,8,3,8,1,5,36,16,20,2,33,0,1,7
57405704,0,,,254,126,128,18,7,11,236,119,117,131,71,60,231,115,116,227,114,113,105,48,57,59,24,35,26,8,18,1,1,0,0,0,0,84,83,13,24,22,8,8,4,4,69,42,27,8,64,1,7,11
57405705,0,,,40,20,20,3,3,0,37,17,20,26,12,14,36,17,19,35,17,18,11,5,6,8,4,4,1,0,1,0,0,0,0,0,0,10,10,1,1,2,2,2,1,1,9,3,6,1,8,0,1,0
57405706,0,,,280,135,145,19,10,9,261,125,136,143,75,68,249,121,128,247,119,128,118,50,68,63,26,37,20,7,13,3,1,2,1,0,1,79,79,5,22,21,14,7,3,7,74,42,32,2,68,0,4,14
57405707,0,,,283,140,143,26,13,13,257,127,130,152,76,76,249,124,125,245,123,122,105,51,54,41,15,26,25,8,17,1,1,0,2,0,2,83,82,8,21,17,16,10,8,2,72,40,32,5,62,0,4,7
57405708,0,,,419,208,211,64,36,28,355,172,183,202,103,99,346,167,179,343,165,178,153,69,84,63,22,41,25,8,17,5,1,4,0,0,0,136,136,22,34,33,26,9,6,6,114,73,41,21,92,2,14,14
57405709,0,,,999,511,488,135,86,49,863,424,439,532,267,265,832,405,427,814,398,416,331,157,174,154,65,89,59,18,41,4,1,3,2,2,0,320,319,52,82,66,63,29,19,8,267,186,81,34,198,2,32,37
57405710,0,,,54,26,28,3,1,2,51,25,26,22,12,10,50,24,26,50,24,26,29,13,16,20,6,14,10,3,7,0,0,0,0,0,0,18,17,3,5,4,4,1,0,0,14,11,3,1,13,0,2,4
57405711,0,,,275,126,149,25,13,12,249,113,136,145,72,73,246,110,136,243,110,133,104,41,63,55,21,34,21,8,13,4,1,3,1,0,1,92,92,19,21,22,15,7,5,3,73,40,33,9,61,0,5,12
57405712,0,,,38,22,16,0,0,0,38,22,16,18,11,7,38,22,16,36,21,15,20,11,9,9,4,5,2,0,2,0,0,0,0,0,0,12,12,2,1,5,1,3,0,0,10,3,7,0,12,0,2,0
57405713,0,,,157,75,82,11,9,2,146,66,80,76,36,40,142,65,77,140,65,75,70,30,40,29,12,17,11,1,10,0,0,0,0,0,0,42,42,3,8,9,8,9,2,3,39,15,24,2,39,0,3,6
57405714,0,,,112,58,54,14,8,6,98,50,48,52,31,21,98,50,48,95,47,48,46,19,27,26,10,16,8,3,5,0,0,0,1,0,1,29,29,4,5,7,1,4,5,3,23,9,14,2,27,1,2,3
57405715,0,,,57,28,29,4,2,2,53,26,27,24,10,14,51,25,26,49,23,26,29,16,13,11,5,6,4,1,3,0,0,0,0,0,0,20,20,1,10,2,5,2,0,0,19,14,5,0,17,0,1,9
57405716,0,,,125,63,62,8,2,6,117,61,56,52,28,24,113,59,54,112,58,54,65,33,32,31,13,18,13,5,8,0,0,0,0,0,0,40,40,4,16,5,8,2,3,2,36,20,16,0,35,0,2,10
57405717,0,,,30,15,15,2,1,1,28,14,14,17,10,7,26,13,13,26,13,13,11,4,7,4,1,3,4,1,3,0,0,0,1,1,0,11,11,4,3,2,0,0,0,2,7,5,2,0,7,1,0,1
57405718,0,,,93,45,48,7,2,5,86,43,43,51,26,25,83,42,41,82,41,41,35,17,18,12,6,6,5,2,3,1,1,0,0,0,0,26,26,3,5,4,8,3,0,3,23,14,9,1,18,0,0,3
57405719,0,,,356,167,189,62,31,31,294,136,158,192,91,101,283,132,151,275,131,144,102,45,57,42,17,25,14,5,9,1,0,1,0,0,0,112,112,14,32,25,18,11,9,3,96,77,19,13,64,0,8,10
57405720,0,,,2719,1461,1258,484,251,233,2142,1153,989,1729,977,752,2076,1116,960,2003,1060,943,413,176,237,220,75,145,110,26,84,18,3,15,27,12,15,1168,1166,523,202,182,179,58,17,5,632,550,82,161,207,111,36,42
57405721,0,,,1781,919,862,272,132,140,1441,747,694,1149,623,526,1404,731,673,1380,715,665,292,124,168,170,59,111,81,21,60,6,1,5,103,33,70,834,830,432,148,110,92,33,12,3,382,340,42,82,130,124,23,31
57405722,0,,,743,409,334,100,53,47,622,346,276,525,301,224,601,335,266,593,334,259,97,45,52,46,19,27,22,9,13,0,0,0,18,8,10,381,381,201,80,47,36,9,6,2,175,151,24,35,60,60,8,8
57405723,0,,,79,37,42,4,2,2,75,35,40,35,17,18,73,33,40,73,33,40,40,18,22,21,10,11,5,2,3,0,0,0,1,1,0,26,26,3,9,4,7,1,1,1,23,15,8,1,22,1,1,7
57405724,0,,,125,70,55,8,7,1,117,63,54,63,36,27,116,63,53,114,61,53,54,27,27,20,11,9,11,5,6,0,0,0,2,2,0,43,43,5,17,10,3,5,2,1,37,26,11,2,31,0,3,9
57405725,0,,,45,23,22,3,2,1,42,21,21,24,14,10,42,21,21,42,21,21,18,7,11,8,3,5,3,1,2,1,0,1,0,0,0,12,12,1,2,3,3,1,1,1,11,6,5,1,9,0,0,0
57405726,1,,57405736,100,55,45,4,2,2,99,54,45,49,31,18,98,54,44,97,53,44,50,23,27,24,9,15,8,3,5,2,1,1,0,0,0,33,33,5,10,6,11,2,1,0,29,18,11,0,30,0,4,7
57405727,0,,,51,25,26,1,1,0,50,24,26,27,13,14,49,24,25,48,24,24,23,11,12,9,3,6,4,1,3,0,0,0,0,0,0,13,13,1,1,3,3,3,2,0,12,4,8,0,13,0,1,1
57405728,0,,,35,18,17,0,0,0,35,18,17,14,6,8,35,18,17,34,18,16,21,12,9,10,5,5,6,3,3,0,0,0,0,0,0,11,11,1,4,3,0,2,0,1,10,5,5,0,11,0,1,2
57405729,0,,,100,51,49,9,5,4,91,46,45,50,26,24,87,42,45,86,41,45,41,20,21,13,6,7,4,1,3,1,0,1,0,0,0,33,33,4,12,8,4,1,2,2,27,19,8,1,25,0,2,6
57405730,0,,,4624,2460,2164,542,278,264,3936,2089,1847,2958,1646,1312,3811,2022,1789,3727,1978,1749,978,443,535,465,175,290,159,49,110,13,1,12,88,63,25,2129,2118,987,430,330,218,96,28,29,1101,888,213,159,655,232,156,122
57405731,0,,,1331,701,630,145,69,76,1150,611,539,814,464,350,1131,599,532,1113,591,522,336,147,189,177,64,113,64,22,42,1,0,1,45,8,37,639,639,313,132,88,64,26,11,5,317,244,73,49,229,86,45,45
57405732,0,,,155,83,72,13,7,6,142,76,66,93,54,39,136,73,63,135,72,63,49,22,27,26,10,16,14,6,8,0,0,0,0,0,0,49,49,12,11,9,4,7,2,4,37,17,20,3,31,1,4,4
57405733,0,,,17,8,9,0,0,0,17,8,9,10,5,5,16,7,9,13,5,8,7,3,4,4,2,2,1,0,1,0,0,0,0,0,0,6,6,2,1,1,0,2,0,0,4,2,2,0,5,0,2,1
57405734,0,,,52,24,28,5,0,5,47,24,23,28,16,12,43,21,22,41,21,20,19,8,11,10,3,7,5,0,5,1,0,1,0,0,0,12,12,1,2,0,5,1,1,2,11,4,7,2,10,0,1,1
57405735,1,,57405745,117,61,56,14,8,6,109,56,53,61,34,27,109,56,53,109,56,53,48,22,26,22,9,13,9,4,5,2,0,2,0,0,0,34,34,4,7,9,9,3,2,2,32,14,18,3,28,0,3,4
57405736,2,57405726,,3,1,2,*,*,*,*,*,*,*,*,*,*,*,*,*,*,*,*,*,*,*,*,*,*,*,*,*,*,*,*,*,*,2,2,*,*,*,*,*,*,*,*,*,*,*,*,*,*,*
57405737,0,,,43,24,19,5,3,2,38,21,17,14,6,8,38,21,17,38,21,17,24,15,9,11,6,5,2,1,1,0,0,0,0,0,0,13,13,0,5,5,1,0,1,1,13,8,5,1,13,0,0,4
57405738,0,,,133,71,62,15,11,4,118,60,58,60,30,30,112,57,55,110,56,54,58,30,28,25,11,14,14,6,8,0,0,0,0,0,0,38,38,7,8,6,6,6,2,3,30,13,17,2,34,0,6,6
57405739,0,,,84,43,41,7,3,4,77,40,37,43,25,18,75,38,37,75,38,37,34,15,19,24,9,15,13,5,8,0,0,0,0,0,0,29,29,5,9,9,2,2,0,2,24,15,9,1,23,0,2,3
57405740,0,,,982,554,428,114,61,53,857,486,371,626,374,252,835,475,360,818,463,355,231,112,119,117,49,68,40,13,27,6,2,4,10,8,2,401,394,164,94,67,38,14,7,10,223,181,42,38,168,31,56,20
57405741,0,,,375,192,183,49,29,20,326,163,163,226,116,110,316,158,158,305,150,155,100,47,53,46,22,24,15,6,9,0,0,0,8,8,0,114,114,18,25,21,27,7,12,4,95,60,35,16,59,6,3,10
57405742,0,,,120,63,57,24,17,7,96,46,50,62,31,31,95,46,49,93,45,48,34,15,19,18,8,10,8,4,4,2,0,2,0,0,0,31,31,4,4,6,5,6,3,3,27,10,17,9,24,0,3,0
57405745,2,57405735,,6,3,3,*,*,*,*,*,*,*,*,*,*,*,*,*,*,*,*,*,*,*,*,*,*,*,*,*,*,*,*,*,*,2,2,*,*,*,*,*,*,*,*,*,*,*,*,*,*,*
57405748,0,,,19,10,9,3,1,2,16,9,7,13,8,5,14,7,7,14,7,7,3,1,2,1,0,1,0,0,0,0,0,0,0,0,0,6,6,1,1,3,0,0,0,1,5,3,2,1,2,0,0,0
57405749,0,,,76,38,38,7,2,5,69,36,33,33,19,14,66,35,31,65,34,31,36,17,19,13,5,8,4,0,4,1,0,1,0,0,0,24,24,2,9,6,4,0,0,3,22,19,3,1,21,0,2,8
57405750,0,,,911,493,418,240,121,119,667,368,299,572,322,250,649,361,288,629,352,277,95,46,49,39,18,21,6,2,4,0,0,0,1,0,1,329,329,98,51,69,70,28,9,4,228,205,23,86,62,58,9,12
57405751,2,57405752,,7,3,4,*,*,*,*,*,*,*,*,*,*,*,*,*,*,*,*,*,*,*,*,*,*,*,*,*,*,*,*,*,*,4,4,*,*,*,*,*,*,*,*,*,*,*,*,*,*,*
57405752,1,,57405751;57405762,59,33,26,4,2,2,67,37,30,31,19,12,65,35,30,63,33,30,36,18,18,16,9,7,9,6,3,0,0,0,3,1,2,15,15,2,7,3,1,2,4,1,17,11,6,1,18,0,1,5
57405755,2,57405765,,15,8,7,*,*,*,*,*,*,*,*,*,*,*,*,*,*,*,*,*,*,*,*,*,*,*,*,*,*,*,*,*,*,3,3,*,*,*,*,*,*,*,*,*,*,*,*,*,*,*
57405756,0,,,33,18,15,0,0,0,33,18,15,21,13,8,31,16,15,30,15,15,12,5,7,6,2,4,1,0,1,0,0,0,0,0,0,11,11,0,6,0,4,1,0,0,11,8,3,0,7,0,0,3
57405757,0,,,36,17,19,4,0,4,32,17,15,17,9,8,32,17,15,32,17,15,15,8,7,9,4,5,2,1,1,0,0,0,0,0,0,13,13,3,5,1,2,0,2,0,10,7,3,1,10,0,1,3
57405758,0,,,36,15,21,8,3,5,28,12,16,12,5,7,28,12,16,28,12,16,16,7,9,8,3,5,1,0,1,0,0,0,0,0,0,11,11,3,3,0,2,0,2,1,8,4,4,3,10,0,3,2
57405759,0,,,172,86,86,17,9,8,152,75,77,91,51,40,148,73,75,142,69,73,61,24,37,28,8,20,11,4,7,0,0,0,2,0,2,52,52,11,12,10,9,2,2,6,40,22,18,5,39,2,8,3
57405760,0,,,359,178,181,84,43,41,275,135,140,216,106,110,260,128,132,253,122,131,59,29,30,20,7,13,8,2,6,0,0,0,2,2,0,105,105,13,23,19,26,14,4,6,92,77,15,18,38,0,9,3
57405762,2,57405752,,5,3,2,*,*,*,*,*,*,*,*,*,*,*,*,*,*,*,*,*,*,*,*,*,*,*,*,*,*,*,*,*,*,1,1,*,*,*,*,*,*,*,*,*,*,*,*,*,*,*
57405763,2,57405774,,12,6,6,*,*,*,*,*,*,*,*,*,*,*,*,*,*,*,*,*,*,*,*,*,*,*,*,*,*,*,*,*,*,2,2,*,*,*,*,*,*,*,*,*,*,*,*,*,*,*
57405764,2,57405765,,10,7,3,*,*,*,*,*,*,*,*,*,*,*,*,*,*,*,*,*,*,*,*,*,*,*,*,*,*,*,*,*,*,4,4,*,*,*,*,*,*,*,*,*,*,*,*,*,*,*
57405765,1,,57405755;57405764,39,18,21,8,3,5,56,30,26,35,19,16,51,28,23,51,28,23,21,11,10,7,4,3,3,2,1,0,0,0,0,0,0,12,12,4,6,1,3,2,0,3,15,9,6,2,12,0,2,3
57405766,0,,,20,9,11,0,0,0,20,9,11,11,5,6,20,9,11,20,9,11,9,4,5,6,3,3,4,2,2,0,0,0,0,0,0,7,7,2,2,1,1,0,0,1,5,3,2,0,6,1,1,1
57405767,0,,,50,26,24,0,0,0,50,26,24,29,18,11,50,26,24,49,26,23,21,8,13,12,3,9,3,0,3,1,0,1,0,0,0,17,17,3,5,2,4,3,0,0,14,7,7,0,14,0,2,2
57405768,0,,,89,45,44,8,6,2,81,39,42,45,23,22,79,37,42,78,36,42,36,16,20,20,7,13,8,4,4,1,1,0,0,0,0,28,28,3,8,7,4,3,3,0,25,14,11,2,25,0,3,5
57405769,0,,,33,16,17,1,0,1,32,16,16,14,9,5,32,16,16,32,16,16,18,7,11,7,2,5,3,1,2,1,1,0,0,0,0,14,14,2,7,3,2,0,0,0,12,10,2,1,11,0,1,3
57405770,0,,,91,47,44,12,10,2,79,37,42,52,27,25,76,37,39,75,36,39,27,10,17,15,5,10,7,3,4,0,0,0,1,0,1,25,25,1,7,7,3,1,4,2,24,15,9,1,19,0,1,2
57405771,0,,,9,4,5,0,0,0,9,4,5,4,2,2,9,4,5,9,4,5,5,2,3,2,0,2,1,0,1,0,0,0,0,0,0,5,5,3,1,0,1,0,0,0,2,1,1,0,4,0,2,0
57405772,0,,,31,16,15,4,2,2,27,14,13,21,11,10,27,14,13,27,14,13,6,3,3,1,0,1,1,0,1,0,0,0,0,0,0,7,7,1,0,1,2,1,1,1,6,3,3,1,5,0,0,0
57405773,0,,,15,8,7,2,1,1,13,7,6,8,5,3,13,7,6,13,7,6,5,2,3,3,1,2,3,1,2,0,0,0,0,0,0,4,4,2,0,0,0,1,0,1,1,1,0,1,3,0,1,0
57405774,1,,57405763,111,55,56,10,6,4,113,55,58,57,28,29,111,54,57,108,52,56,56,27,29,24,12,12,10,3,7,2,0,2,0,0,0,37,37,7,8,12,5,3,2,2,32,16,16,2,33,0,5,2
57405775,0,,,77,40,37,10,7,3,67,33,34,35,18,17,66,33,33,64,32,32,32,15,17,15,6,9,8,3,5,2,1,1,0,0,0,21,21,2,6,5,1,1,4,2,19,10,9,1,18,0,1,2
57405777,1,,57405788,34,16,18,1,1,0,34,16,18,15,8,7,34,16,18,34,16,18,19,8,11,13,6,7,5,1,4,0,0,0,0,0,0,12,12,3,5,0,3,2,0,0,10,5,5,0,12,0,3,3
57405778,0,,,29,13,16,3,1,2,26,12,14,21,9,12,25,11,14,24,11,13,5,3,2,5,3,2,1,1,0,0,0,0,0,0,0,7,7,1,1,0,1,2,2,0,6,1,5,1,3,0,0,0
57405780,0,,,199,100,99,22,10,12,177,90,87,110,54,56,172,89,83,168,88,80,67,36,31,32,18,14,4,2,2,0,0,0,1,0,1,59,59,7,19,12,3,7,7,4,50,31,19,5,48,1,4,10
57405781,0,,,52,26,26,2,1,1,50,25,25,25,12,13,48,25,23,46,24,22,25,13,12,7,4,3,2,1,1,0,0,0,0,0,0,18,18,5,4,2,4,1,2,0,13,7,6,0,15,0,4,3
57405782,0,,,98,52,46,18,9,9,80,43,37,50,28,22,76,39,37,73,37,36,30,15,15,13,6,7,6,3,3,0,0,0,0,0,0,30,30,10,7,2,3,2,3,3,20,13,7,5,19,0,7,5
57405783,0,,,158,81,77,12,8,4,146,73,73,83,48,35,140,69,71,136,66,70,63,25,38,33,10,23,17,5,12,2,0,2,1,0,1,50,50,10,10,14,5,3,6,2,40,25,15,1,37,0,6,8
57405784,1,,57405793,66,34,32,8,3,5,60,32,28,33,20,13,59,32,27,58,31,27,27,12,15,13,6,7,7,3,4,1,1,0,0,0,0,22,22,5,6,6,0,3,3,0,17,9,8,1,17,0,4,2
57405785,0,,,67,37,30,9,8,1,58,29,29,32,15,17,57,28,29,56,28,28,26,14,12,13,7,6,4,2,2,0,0,0,0,0,0,18,18,4,2,3,2,3,3,1,14,4,10,1,14,0,3,2
57405786,1,,57405796,51,25,26,4,2,2,54,27,27,25,14,11,54,27,27,54,27,27,29,13,16,12,6,6,6,2,4,1,1,0,1,0,1,17,17,4,8,3,3,1,2,0,17,12,5,0,17,0,2,7
57405787,0,,,137,66,71,16,7,9,121,59,62,66,31,35,120,58,62,118,57,61,55,28,27,22,8,14,14,4,10,2,1,1,1,0,1,32,32,1,5,7,9,4,1,5,31,13,18,3,28,0,1,4
57405788,2,57405777,,1,1,0,*,*,*,*,*,*,*,*,*,*,*,*,*,*,*,*,*,*,*,*,*,*,*,*,*,*,*,*,*,*,1,1,*,*,*,*,*,*,*,*,*,*,*,*,*,*,*
57405789,0,,,15,8,7,2,1,1,13,7,6,9,5,4,13,7,6,13,7,6,4,2,2,3,1,2,0,0,0,0,0,0,0,0,0,5,5,2,1,0,0,1,1,0,2,1,1,0,3,0,1,0
57405790,0,,,287,136,151,36,19,17,251,117,134,154,77,77,236,109,127,229,103,126,97,40,57,44,14,30,16,4,12,4,1,3,0,0,0,92,92,19,23,13,18,10,4,5,73,51,22,13,61,1,13,13
57405791,0,,,114,57,57,14,6,8,100,51,49,52,27,25,100,51,49,99,51,48,48,24,24,18,10,8,6,2,4,1,0,1,1,0,1,40,40,5,15,12,2,3,2,1,35,25,10,4,28,0,3,6
57405792,0,,,16,7,9,0,0,0,15,6,9,13,5,8,15,6,9,15,6,9,2,1,1,2,1,1,2,1,1,1,1,0,2,0,2,11,11,8,2,0,1,0,0,0,3,2,1,0,1,0,0,0
57405793,2,57405784,,2,1,1,*,*,*,*,*,*,*,*,*,*,*,*,*,*,*,*,*,*,*,*,*,*,*,*,*,*,*,*,*,*,1,1,*,*,*,*,*,*,*,*,*,*,*,*,*,*,*
57405794,0,,,89,46,43,13,6,7,76,40,36,46,24,22,73,39,34,72,38,34,30,16,14,11,4,7,4,2,2,0,0,0,4,1,3,20,20,2,4,2,2,2,4,4,18,6,12,2,19,0,2,1
57405795,0,,,38,15,23,8,0,8,30,15,15,19,9,10,29,14,15,29,14,15,11,6,5,2,1,1,1,0,1,0,0,0,0,0,0,12,12,3,1,3,1,4,0,0,9,5,4,2,7,0,2,0
57405796,2,57405786,,7,4,3,*,*,*,*,*,*,*,*,*,*,*,*,*,*,*,*,*,*,*,*,*,*,*,*,*,*,*,*,*,*,4,4,*,*,*,*,*,*,*,*,*,*,*,*,*,*,*
57405799,0,,,18,10,8,2,2,0,16,8,8,10,4,6,16,8,8,16,8,8,6,4,2,1,0,1,1,0,1,0,0,0,0,0,0,6,6,2,1,0,2,0,1,0,4,2,2,1,4,0,0,1
57406556,2,57406557,,5,3,2,*,*,*,*,*,*,*,*,*,*,*,*,*,*,*,*,*,*,*,*,*,*,*,*,*,*,*,*,*,*,2,2,*,*,*,*,*,*,*,*,*,*,*,*,*,*,*
57406557,1,,57406556;57406567;57406574;57406575;57406585,35,16,19,5,0,5,56,29,27,27,17,10,54,28,26,53,27,26,29,12,17,12,3,9,5,1,4,1,0,1,0,0,0,9,9,3,5,8,1,1,1,1,17,6,11,1,18,0,2,1
57406558,2,57406568,,9,5,4,*,*,*,*,*,*,*,*,*,*,*,*,*,*,*,*,*,*,*,*,*,*,*,*,*,*,*,*,*,*,2,2,*,*,*,*,*,*,*,*,*,*,*,*,*,*,*
57406564,2,57406591,,1,0,1,*,*,*,*,*,*,*,*,*,*,*,*,*,*,*,*,*,*,*,*,*,*,*,*,*,*,*,*,*,*,1,1,*,*,*,*,*,*,*,*,*,*,*,*,*,*,*
57406567,2,57406557,,4,2,2,*,*,*,*,*,*,*,*,*,*,*,*,*,*,*,*,*,*,*,*,*,*,*,*,*,*,*,*,*,*,2,2,*,*,*,*,*,*,*,*,*,*,*,*,*,*,*
57406568,1,,57406558;57406577,90,46,44,9,4,5,94,50,44,45,28,17,90,48,42,88,46,42,49,22,27,28,13,15,8,4,4,0,0,0,0,0,0,30,30,7,9,8,3,2,0,4,26,15,11,3,30,0,5,5
57406569,0,,,51,28,23,10,5,5,41,23,18,31,18,13,36,20,16,34,18,16,10,5,5,5,3,2,0,0,0,0,0,0,1,0,1,11,11,1,2,2,0,2,0,4,10,5,5,2,8,0,1,1
57406574,2,57406557,,3,1,2,*,*,*,*,*,*,*,*,*,*,*,*,*,*,*,*,*,*,*,*,*,*,*,*,*,*,*,*,*,*,1,1,*,*,*,*,*,*,*,*,*,*,*,*,*,*,*
57406575,2,57406557,,9,3,6,*,*,*,*,*,*,*,*,*,*,*,*,*,*,*,*,*,*,*,*,*,*,*,*,*,*,*,*,*,*,2,2,*,*,*,*,*,*,*,*,*,*,*,*,*,*,*
57406577,2,57406568,,4,3,1,*,*,*,*,*,*,*,*,*,*,*,*,*,*,*,*,*,*,*,*,*,*,*,*,*,*,*,*,*,*,1,1,*,*,*,*,*,*,*,*,*,*,*,*,*,*,*
57406578,1,,57406587,46,21,25,6,2,4,45,21,24,26,13,13,44,21,23,43,21,22,19,8,11,12,5,7,2,1,1,0,0,0,0,0,0,14,14,2,6,3,0,3,1,1,14,8,6,2,12,0,1,4
57406579,0,,,183,88,95,19,8,11,164,80,84,98,52,46,158,76,82,152,74,78,66,28,38,31,12,19,13,6,7,0,0,0,0,0,0,57,57,9,17,12,7,3,5,4,48,27,21,2,43,0,6,8
57406581,0,,,12,7,5,2,1,1,10,6,4,4,3,1,9,6,3,9,6,3,6,3,3,1,0,1,0,0,0,0,0,0,0,0,0,4,4,1,1,1,0,0,1,0,3,1,2,0,4,0,1,0
57406585,2,57406557,,5,4,1,*,*,*,*,*,*,*,*,*,*,*,*,*,*,*,*,*,*,*,*,*,*,*,*,*,*,*,*,*,*,4,4,*,*,*,*,*,*,*,*,*,*,*,*,*,*,*
57406587,2,57406578,,5,2,3,*,*,*,*,*,*,*,*,*,*,*,*,*,*,*,*,*,*,*,*,*,*,*,*,*,*,*,*,*,*,2,2,*,*,*,*,*,*,*,*,*,*,*,*,*,*,*
57406588,0,,,13,6,7,2,0,2,11,6,5,6,3,3,11,6,5,11,6,5,5,3,2,0,0,0,0,0,0,0,0,0,0,0,0,5,5,3,0,0,0,2,0,0,2,0,2,1,4,0,2,0
57406589,0,,,32,16,16,4,2,2,28,14,14,12,6,6,27,13,14,26,13,13,16,8,8,8,3,5,4,0,4,0,0,0,0,0,0,12,12,3,4,3,1,0,0,1,9,5,4,1,10,0,2,2
57406591,1,,57406564;57406592,53,32,21,2,0,2,59,35,24,31,21,10,56,32,24,56,32,24,28,14,14,16,8,8,5,3,2,0,0,0,0,0,0,19,19,2,10,7,3,0,1,0,21,15,6,0,17,0,1,3
57406592,2,57406591,,7,3,4,*,*,*,*,*,*,*,*,*,*,*,*,*,*,*,*,*,*,*,*,*,*,*,*,*,*,*,*,*,*,3,3,*,*,*,*,*,*,*,*,*,*,*,*,*,*,*
57406598,0,,,27,18,9,3,2,1,24,16,8,15,12,3,24,16,8,24,16,8,9,4,5,7,3,4,2,1,1,0,0,0,0,0,0,7,7,1,0,2,2,0,2,0,6,1,5,0,5,0,0,0
57406599,0,,,41,22,19,6,4,2,35,18,17,23,12,11,35,18,17,35,18,17,12,6,6,8,4,4,2,1,1,0,0,0,0,0,0,11,11,1,2,1,4,1,2,0,10,4,6,2,8,0,1,1
57406608,2,57406609,,9,6,3,*,*,*,*,*,*,*,*,*,*,*,*,*,*,*,*,*,*,*,*,*,*,*,*,*,*,*,*,*,*,3,3,*,*,*,*,*,*,*,*,*,*,*,*,*,*,*
57406609,1,,57406608,197,100,97,18,13,5,188,93,95,100,51,49,183,90,93,177,87,90,88,42,46,40,17,23,16,5,11,0,0,0,2,0,2,57,57,8,16,6,16,2,10,2,52,24,28,3,50,3,4,8
57406610,0,,,13,5,8,0,0,0,13,5,8,9,5,4,13,5,8,13,5,8,4,0,4,4,0,4,3,0,3,0,0,0,0,0,0,5,5,0,2,3,0,0,0,0,5,4,1,0,4,0,0,0
57406614,0,,,27,13,14,0,0,0,27,13,14,14,6,8,25,13,12,24,13,11,13,7,6,5,3,2,1,0,1,0,0,0,2,0,2,8,8,1,1,2,2,2,0,0,7,4,3,0,8,0,1,1
57406615,0,,,22,9,13,1,1,0,21,8,13,12,4,8,21,8,13,20,8,12,9,4,5,2,0,2,1,0,1,0,0,0,0,0,0,5,5,0,0,2,0,2,1,0,5,2,3,0,5,0,0,0
57406616,0,,,24,11,13,4,2,2,20,9,11,10,4,6,18,9,9,18,9,9,10,5,5,5,2,3,3,1,2,0,0,0,0,0,0,6,6,0,2,1,1,0,1,1,6,3,3,1,5,0,0,1
57406617,0,,,27,14,13,2,0,2,25,14,11,17,9,8,25,14,11,25,14,11,8,5,3,1,1,0,0,0,0,0,0,0,0,0,0,11,11,3,4,2,1,0,1,0,8,7,1,1,6,0,0,1
57406618,0,,,46,23,23,5,3,2,41,20,21,29,16,13,39,18,21,39,18,21,12,4,8,6,1,5,3,0,3,0,0,0,1,0,1,14,14,5,2,2,1,1,1,2,9,3,6,2,10,0,2,0
57406619,0,,,375,191,184,34,17,17,341,174,167,201,107,94,328,167,161,322,163,159,140,67,73,54,20,34,19,8,11,0,0,0,0,0,0,117,117,19,34,21,17,9,9,8,97,52,45,11,90,0,11,17
57406620,1,,57406630;57406631,34,16,18,0,0,0,50,26,24,29,17,12,48,25,23,48,25,23,21,9,12,13,5,8,6,2,4,0,0,0,0,0,0,11,11,1,5,2,3,3,1,0,14,7,7,0,13,0,1,1
57406624,0,,,60,29,31,6,2,4,54,27,27,35,20,15,52,26,26,51,26,25,19,7,12,11,2,9,7,2,5,0,0,0,0,0,0,16,16,1,6,1,2,2,2,2,15,7,8,2,13,0,0,2
57406625,0,,,42,22,20,4,4,0,38,18,20,27,14,13,35,17,18,33,15,18,11,4,7,6,3,3,3,1,2,0,0,0,0,0,0,10,10,1,1,2,0,4,1,1,9,4,5,1,5,0,0,0
57406626,0,,,72,40,32,2,0,2,70,40,30,49,30,19,67,38,29,65,36,29,21,10,11,12,5,7,4,2,2,0,0,0,1,0,1,20,20,1,7,4,1,3,3,1,19,9,10,0,16,0,1,2
57406627,0,,,47,21,26,6,1,5,41,20,21,25,11,14,40,20,20,39,20,19,16,9,7,9,6,3,4,3,1,0,0,0,0,0,0,14,14,2,3,4,2,0,2,1,12,7,5,1,10,0,1,1
57406628,0,,,112,51,61,14,8,6,98,43,55,56,25,31,95,42,53,92,42,50,42,18,24,21,9,12,8,1,7,1,0,1,0,0,0,40,40,7,14,12,1,3,0,3,33,26,7,5,27,1,5,7
57406629,0,,,181,93,88,24,17,7,157,76,81,99,52,47,149,72,77,146,70,76,58,24,34,28,8,20,18,3,15,3,1,2,1,0,1,48,47,4,10,11,7,9,3,3,43,25,18,3,30,0,1,4
57406630,2,57406620,,3,2,1,*,*,*,*,*,*,*,*,*,*,*,*,*,*,*,*,*,*,*,*,*,*,*,*,*,*,*,*,*,*,1,1,*,*,*,*,*,*,*,*,*,*,*,*,*,*,*
57406631,2,57406620,,13,8,5,*,*,*,*,*,*,*,*,*,*,*,*,*,*,*,*,*,*,*,*,*,*,*,*,*,*,*,*,*,*,3,3,*,*,*,*,*,*,*,*,*,*,*,*,*,*,*
57406632,0,,,20,10,10,5,3,2,15,7,8,13,6,7,14,6,8,14,6,8,2,1,1,2,1,1,2,1,1,0,0,0,2,0,2,4,4,0,0,1,0,1,2,0,4,1,3,2,2,0,0,0
57406634,0,,,59,32,27,3,3,0,56,29,27,31,19,12,54,28,26,54,28,26,25,10,15,13,6,7,6,2,4,0,0,0,0,0,0,18,18,1,7,2,3,4,1,0,17,10,7,2,15,0,0,0
57406635,0,,,102,56,46,12,9,3,90,47,43,58,34,24,85,44,41,82,42,40,32,13,19,12,3,9,4,0,4,0,0,0,4,2,2,35,35,12,8,3,3,4,3,2,23,12,11,1,23,1,6,2
57406636,0,,,64,30,34,5,0,5,59,30,29,34,20,14,59,30,29,59,30,29,25,10,15,16,6,10,5,2,3,0,0,0,0,0,0,17,17,1,1,7,3,2,3,0,16,6,10,1,15,0,1,0
57406637,0,,,121,64,57,17,12,5,104,52,52,66,36,30,101,51,50,100,50,50,38,16,22,22,6,16,7,2,5,0,0,0,1,0,1,32,32,4,5,4,9,6,1,3,28,10,18,5,27,0,4,0
57406638,0,,,118,59,59,11,4,7,106,54,52,62,33,29,104,53,51,101,53,48,44,21,23,18,7,11,10,4,6,2,1,1,0,0,0,38,38,8,6,9,9,2,3,1,30,13,17,3,22,0,2,2
57406639,0,,,36,17,19,5,3,2,31,14,17,20,8,12,29,13,16,29,13,16,11,6,5,2,0,2,2,0,2,0,0,0,0,0,0,9,9,1,1,2,2,1,0,2,8,4,4,2,6,0,0,1
57406642,0,,,32,19,13,4,2,2,28,17,11,16,10,6,26,15,11,25,15,10,12,7,5,4,2,2,3,2,1,0,0,0,0,0,0,8,8,3,0,1,0,1,2,1,5,1,4,1,6,0,2,0
57406643,0,,,87,41,46,9,6,3,78,35,43,49,24,25,72,33,39,70,32,38,29,11,18,12,4,8,6,2,4,0,0,0,1,0,1,20,20,1,2,3,5,3,4,2,19,5,14,4,15,0,0,1
57406644,0,,,14,8,6,2,2,0,12,6,6,5,3,2,12,6,6,12,6,6,7,3,4,2,1,1,0,0,0,0,0,0,0,0,0,4,4,0,2,0,1,0,1,0,4,2,2,1,4,0,0,2
57406645,0,,,120,65,55,3,1,2,117,64,53,63,38,25,113,60,53,110,58,52,54,26,28,23,9,14,10,4,6,1,0,1,0,0,0,36,36,6,6,10,3,7,3,1,29,12,17,0,31,0,4,4
57406646,0,,,165,69,96,15,5,10,150,64,86,90,41,49,145,62,83,140,59,81,60,23,37,23,5,18,15,2,13,1,0,1,0,0,0,48,48,6,13,8,9,5,4,3,42,24,18,3,38,0,5,4
57406647,0,,,105,57,48,16,9,7,89,48,41,53,30,23,89,48,41,86,46,40,36,18,18,14,5,9,7,2,5,1,0,1,0,0,0,26,26,2,8,1,3,4,4,4,24,10,14,6,22,0,1,4
57406648,0,,,280,132,148,15,7,8,265,125,140,155,76,79,258,122,136,255,122,133,110,49,61,61,25,36,20,5,15,3,0,3,0,0,0,85,85,8,22,23,14,7,9,2,76,42,34,7,66,0,7,9
57406649,1,,57406659,127,68,59,9,5,4,124,66,58,75,42,33,122,65,57,118,62,56,49,24,25,26,14,12,6,5,1,2,2,0,0,0,0,33,33,4,5,7,8,4,4,3,30,12,18,2,28,0,3,3
57406651,0,,,39,21,18,7,4,3,32,17,15,22,12,10,32,17,15,32,17,15,10,5,5,5,2,3,1,1,0,0,0,0,0,0,0,10,10,3,0,1,1,2,2,1,7,1,6,3,7,0,1,0
57406652,0,,,24,12,12,3,0,3,21,12,9,14,7,7,19,11,8,19,11,8,7,5,2,1,1,0,0,0,0,0,0,0,0,0,0,7,7,1,2,2,0,0,1,1,6,4,2,0,5,0,0,1
57406653,0,,,45,24,21,8,5,3,37,19,18,21,10,11,37,19,18,37,19,18,16,9,7,6,2,4,2,0,2,0,0,0,0,0,0,11,11,0,2,3,3,1,0,2,10,5,5,1,11,0,0,1
57406654,0,,,145,85,60,8,4,4,137,81,56,110,64,46,81,45,36,70,38,32,27,17,10,10,6,4,6,3,3,0,0,0,0,0,0,19,18,2,1,3,3,3,1,5,16,3,13,3,17,0,1,1
57406655,0,,,125,59,66,13,6,7,112,53,59,54,28,26,108,51,57,107,50,57,58,25,33,24,9,15,6,2,4,0,0,0,0,0,0,39,39,5,14,6,6,3,2,3,32,22,10,2,31,0,3,7
57406656,0,,,161,84,77,10,8,2,151,76,75,90,49,41,144,72,72,141,70,71,61,27,34,28,9,19,10,0,10,1,0,1,0,0,0,43,43,2,12,6,9,6,6,2,41,18,23,2,37,0,2,3
57406657,0,,,534,262,272,60,39,21,473,223,250,306,154,152,455,214,241,443,209,234,167,69,98,88,33,55,33,11,22,3,0,3,1,0,1,173,173,27,53,32,29,16,8,8,146,92,54,12,107,0,10,16
57406658,0,,,891,409,482,212,96,116,674,310,364,482,228,254,633,292,341,621,285,336,192,82,110,93,35,58,33,7,26,0,0,0,7,1,6,297,297,71,52,61,68,25,13,7,225,174,51,56,127,12,35,24
57406659,2,57406649,,7,3,4,*,*,*,*,*,*,*,*,*,*,*,*,*,*,*,*,*,*,*,*,*,*,*,*,*,*,*,*,*,*,2,2,*,*,*,*,*,*,*,*,*,*,*,*,*,*,*
57406662,0,,,40,21,19,2,1,1,38,20,18,23,14,9,37,19,18,36,18,18,15,6,9,8,3,5,3,0,3,0,0,0,0,0,0,11,11,0,2,5,2,0,1,1,11,6,5,0,10,0,0,2
57406663,0,,,26,13,13,2,0,2,24,13,11,13,7,6,23,12,11,22,12,10,11,6,5,3,1,2,0,0,0,0,0,0,0,0,0,9,9,1,3,2,2,1,0,0,8,4,4,0,7,0,1,2
57406664,0,,,55,22,33,3,0,3,52,22,30,22,7,15,50,22,28,49,22,27,30,15,15,12,5,7,4,2,2,1,1,0,0,0,0,17,17,1,6,5,2,1,1,1,16,7,9,1,16,0,1,4
57406665,0,,,230,102,128,24,7,17,206,95,111,109,55,54,202,93,109,200,92,108,97,40,57,43,13,30,22,3,19,1,1,0,4,0,4,67,67,8,16,14,13,4,9,3,59,28,31,8,54,3,2,8
57406666,0,,,124,64,60,14,6,8,110,58,52,58,31,27,104,53,51,103,52,51,52,27,25,31,15,16,12,6,6,0,0,0,0,0,0,37,37,4,12,8,3,3,5,2,33,19,14,2,32,0,4,5
57406667,0,,,310,146,164,49,19,30,261,127,134,177,91,86,255,123,132,247,120,127,84,36,48,35,11,24,10,4,6,0,0,0,1,0,1,105,105,23,22,25,14,17,1,3,82,53,29,12,57,2,9,9
57406668,0,,,203,94,109,15,9,6,184,81,103,74,43,31,178,78,100,175,77,98,110,38,72,91,27,64,71,20,51,13,2,11,1,0,1,52,50,29,5,7,5,3,1,0,19,15,4,1,9,7,2,1
57406669,0,,,336,159,177,27,12,15,309,147,162,164,85,79,299,140,159,294,139,155,145,62,83,78,30,48,38,11,27,3,1,2,0,0,0,99,99,12,24,23,17,10,6,7,87,43,44,6,86,0,8,10
57406673,0,,,88,48,40,12,7,5,76,41,35,50,27,23,75,40,35,74,40,34,26,14,12,17,8,9,7,5,2,0,0,0,0,0,0,25,25,5,3,4,3,9,0,1,20,5,15,1,21,0,3,0
57406674,0,,,161,84,77,15,8,7,146,76,70,93,54,39,141,73,68,139,72,67,53,22,31,25,8,17,12,3,9,0,0,0,0,0,0,42,42,3,5,11,10,8,2,3,39,16,23,1,35,0,1,3
57406675,0,,,330,157,173,32,19,13,298,138,160,182,86,96,289,135,154,287,134,153,116,52,64,48,17,31,24,7,17,4,0,4,0,0,0,101,101,15,27,16,16,18,5,4,85,50,35,9,70,0,8,16
57406676,0,,,123,58,65,17,10,7,106,48,58,60,27,33,104,48,56,103,48,55,46,21,25,20,7,13,11,3,8,1,1,0,0,0,0,34,34,4,5,9,7,3,5,1,30,13,17,5,25,0,2,3
57406677,0,,,203,92,111,24,9,15,179,83,96,107,54,53,176,80,96,172,77,95,72,29,43,33,11,22,14,3,11,0,0,0,1,0,1,59,59,7,13,16,9,7,3,4,52,25,27,5,47,0,4,4
57406678,0,,,1157,563,594,112,58,54,1045,505,540,636,334,302,1008,488,520,989,478,511,409,171,238,230,85,145,86,28,58,6,3,3,7,5,2,469,468,152,139,76,58,24,10,9,315,225,90,33,265,23,66,57
57406679,0,,,1052,503,549,153,71,82,896,430,466,642,324,318,861,413,448,832,398,434,254,106,148,111,47,64,29,11,18,1,1,0,30,20,10,440,440,157,110,80,52,26,8,7,278,218,60,42,178,42,45,38
57406680,0,,,60,27,33,3,1,2,57,26,31,20,11,9,56,25,31,56,25,31,37,15,22,12,2,10,7,0,7,1,0,1,0,0,0,21,21,2,8,6,3,1,0,1,18,10,8,0,21,0,2,6
57406682,0,,,531,276,255,43,28,15,488,248,240,255,137,118,476,243,233,470,237,233,233,111,122,115,44,71,40,10,30,5,0,5,0,0,0,188,188,44,56,36,18,19,7,8,144,88,56,9,153,0,32,35
57406683,0,,,190,101,89,9,4,5,181,97,84,91,53,38,178,95,83,176,95,81,90,44,46,40,14,26,10,4,6,1,0,1,2,2,0,77,77,19,31,12,8,3,2,2,57,33,24,1,57,2,9,13
57406684,0,,,23,11,12,3,1,2,20,10,10,12,5,7,20,10,10,20,10,10,8,5,3,3,1,2,1,0,1,0,0,0,0,0,0,9,9,2,4,2,0,0,0,1,7,5,2,1,6,0,1,1
57406685,0,,,72,37,35,4,3,1,68,34,34,42,22,20,64,32,32,62,30,32,26,12,14,17,7,10,5,1,4,1,1,0,0,0,0,18,18,2,5,2,3,0,2,4,16,7,9,2,14,0,1,2
57406686,0,,,101,49,52,10,4,6,91,45,46,54,30,24,87,42,45,84,39,45,37,15,22,24,10,14,6,2,4,0,0,0,0,0,0,25,25,0,7,3,5,3,6,1,25,10,15,2,22,0,0,4
57406687,0,,,121,62,59,15,10,5,106,52,54,66,36,30,101,48,53,100,47,53,40,16,24,23,9,14,12,5,7,2,1,1,2,1,1,33,33,5,3,10,7,2,3,3,26,10,16,3,25,0,2,2
57406688,0,,,2390,1165,1225,294,154,140,2094,1010,1084,1297,671,626,2031,975,1056,1984,952,1032,797,339,458,429,159,270,154,46,108,10,1,9,9,6,3,908,908,225,282,167,130,66,22,16,679,503,176,68,542,15,126,128
57406689,0,,,1199,616,583,207,117,90,992,499,493,750,401,349,957,479,478,932,463,469,242,98,144,128,49,79,31,11,20,1,0,1,21,9,12,476,475,148,112,94,82,30,5,4,320,271,49,60,163,46,36,35
57406690,0,,,71,35,36,1,1,0,70,34,36,38,19,19,68,33,35,67,33,34,32,15,17,17,5,12,7,1,6,0,0,0,1,0,1,27,27,7,7,5,6,1,1,0,20,11,9,0,21,1,5,5
57406691,0,,,554,270,284,42,21,21,512,249,263,285,146,139,493,243,250,487,240,247,227,103,124,118,48,70,41,15,26,3,2,1,0,0,0,187,187,37,50,42,24,17,12,5,148,79,69,7,152,0,25,26
57406692,0,,,931,440,491,114,62,52,817,378,439,452,224,228,791,369,422,773,361,412,365,154,211,207,81,126,94,29,65,16,2,14,2,0,2,318,317,71,93,64,49,21,11,8,245,175,70,28,207,0,52,40
57406693,0,,,232,118,114,28,17,11,204,101,103,126,64,62,194,97,97,189,94,95,78,37,41,39,17,22,15,7,8,0,0,0,1,0,1,69,69,6,22,14,11,6,6,4,62,39,23,6,50,0,5,14
57406694,0,,,99,43,56,12,6,6,87,37,50,51,24,27,85,35,50,85,35,50,36,13,23,21,5,16,12,5,7,0,0,0,0,0,0,23,23,3,4,2,5,3,0,6,20,3,17,2,21,0,2,1
57406695,0,,,203,108,95,26,18,8,177,90,87,101,53,48,168,84,84,165,83,82,76,37,39,33,11,22,16,4,12,1,1,0,1,0,1,58,58,7,18,11,6,5,4,7,51,25,26,2,49,0,6,7
57406696,0,,,143,65,78,14,7,7,129,58,71,65,30,35,126,58,68,125,58,67,64,28,36,32,12,20,12,5,7,1,1,0,0,0,0,51,51,16,11,11,4,2,3,4,35,20,15,1,41,0,10,5
57406697,0,,,545,245,300,80,44,36,465,201,264,315,148,167,445,191,254,435,188,247,150,53,97,94,29,65,38,7,31,5,1,4,1,0,1,178,176,28,56,31,30,17,9,5,148,103,45,13,95,0,15,17
57406698,0,,,1436,728,708,146,67,79,1284,657,627,857,470,387,1245,637,608,1217,623,594,427,187,240,215,88,127,64,24,40,6,0,6,19,6,13,592,590,218,140,103,74,27,20,8,369,284,85,41,271,46,63,60
57406699,0,,,158,74,84,15,8,7,143,66,77,77,38,39,141,65,76,140,65,75,66,28,38,33,10,23,14,2,12,3,0,3,1,0,1,49,49,7,9,17,7,3,3,3,42,18,24,4,42,0,4,2
57406700,0,,,27,13,14,6,3,3,21,10,11,10,5,5,20,9,11,20,9,11,11,5,6,4,2,2,1,0,1,0,0,0,1,0,1,9,9,2,4,0,0,2,0,1,7,4,3,2,7,0,1,3
57406701,0,,,85,44,41,5,3,2,80,41,39,52,28,24,80,41,39,79,40,39,28,13,15,20,10,10,4,2,2,0,0,0,0,0,0,23,23,1,7,2,5,5,2,1,22,9,13,0,20,0,0,3
57406704,0,,,68,35,33,6,1,5,62,34,28,36,22,14,60,33,27,60,33,27,26,12,14,13,6,7,5,2,3,0,0,0,1,0,1,19,19,2,4,5,3,1,2,2,17,9,8,1,16,0,2,1
57406705,0,,,79,38,41,7,3,4,72,35,37,42,21,21,69,35,34,68,35,33,30,14,16,11,3,8,4,0,4,0,0,0,2,0,2,26,26,6,7,4,3,2,3,1,19,11,8,2,17,0,1,2
57406707,2,57406718,,7,3,4,*,*,*,*,*,*,*,*,*,*,*,*,*,*,*,*,*,*,*,*,*,*,*,*,*,*,*,*,*,*,2,2,*,*,*,*,*,*,*,*,*,*,*,*,*,*,*
57406708,0,,,11,7,4,1,1,0,10,6,4,8,4,4,10,6,4,10,6,4,2,2,0,0,0,0,0,0,0,0,0,0,0,0,0,4,4,1,1,1,0,1,0,0,3,3,0,1,2,0,0,1
57406710,0,,,34,16,18,2,2,0,32,14,18,20,9,11,32,14,18,32,14,18,12,5,7,7,1,6,1,0,1,0,0,0,3,0,3,14,14,5,3,2,3,1,0,0,9,5,4,0,10,2,2,2
57406711,0,,,83,40,43,4,1,3,79,39,40,36,16,20,77,39,38,76,39,37,43,23,20,18,8,10,9,4,5,0,0,0,0,0,0,26,26,3,7,6,5,2,3,0,23,11,12,1,24,0,2,2
57406712,0,,,111,57,54,9,5,4,102,52,50,57,32,25,98,50,48,95,48,47,45,20,25,27,9,18,10,3,7,1,0,1,1,0,1,32,32,5,10,4,2,5,2,4,27,15,12,2,26,0,3,5
57406713,0,,,33,15,18,2,1,1,31,14,17,14,8,6,31,14,17,31,14,17,17,6,11,5,1,4,5,1,4,0,0,0,0,0,0,10,10,1,3,3,0,2,0,1,9,5,4,0,9,0,1,1
57406714,0,,,484,244,240,57,34,23,426,209,217,301,147,154,410,201,209,396,192,204,125,62,63,48,20,28,19,9,10,1,0,1,1,0,1,164,164,24,47,40,31,13,7,2,140,103,37,9,86,0,10,24
57406715,2,57406724,,6,3,3,*,*,*,*,*,*,*,*,*,*,*,*,*,*,*,*,*,*,*,*,*,*,*,*,*,*,*,*,*,*,2,2,*,*,*,*,*,*,*,*,*,*,*,*,*,*,*
57406717,2,57406727,,8,4,4,*,*,*,*,*,*,*,*,*,*,*,*,*,*,*,*,*,*,*,*,*,*,*,*,*,*,*,*,*,*,2,2,*,*,*,*,*,*,*,*,*,*,*,*,*,*,*
57406718,1,,57406707,37,18,19,4,2,2,40,19,21,24,11,13,39,18,21,39,18,21,16,8,8,7,4,3,0,0,0,0,0,0,1,0,1,9,9,0,3,1,5,1,0,1,11,5,6,1,8,0,0,2
57406719,2,57406729,,3,2,1,*,*,*,*,*,*,*,*,*,*,*,*,*,*,*,*,*,*,*,*,*,*,*,*,*,*,*,*,*,*,2,2,*,*,*,*,*,*,*,*,*,*,*,*,*,*,*
57406720,0,,,110,31,79,2,0,2,108,31,77,12,4,8,107,30,77,105,29,76,96,27,69,81,19,62,60,10,50,6,0,6,0,0,0,7,6,1,2,0,2,0,0,1,4,3,1,1,4,0,1,1
57406721,0,,,41,17,24,2,1,1,39,16,23,24,11,13,37,14,23,36,14,22,15,5,10,10,3,7,3,0,3,0,0,0,0,0,0,16,16,6,4,3,1,0,0,2,10,6,4,0,11,0,2,2
57406722,0,,,151,76,75,14,6,8,137,70,67,81,44,37,131,67,64,129,65,64,56,26,30,25,9,16,9,2,7,1,0,1,0,0,0,45,45,7,9,12,8,2,3,4,38,20,18,3,36,0,2,6
57406723,0,,,341,172,169,43,18,25,298,154,144,187,98,89,290,149,141,286,145,141,111,56,55,45,18,27,15,4,11,2,0,2,1,0,1,117,117,23,35,24,15,9,7,4,92,63,29,9,71,0,11,9
57406724,1,,57406715,1258,641,617,144,60,84,1113,579,534,660,362,298,1072,559,513,1051,544,507,453,217,236,209,103,106,54,21,33,2,0,2,36,25,11,509,508,157,159,85,53,31,19,6,349,275,74,28,293,37,56,81
57406725,0,,,279,128,151,22,13,9,256,114,142,120,61,59,250,112,138,250,112,138,136,53,83,81,28,53,42,10,32,8,2,6,5,2,3,86,85,21,24,18,9,5,3,5,64,37,27,6,59,4,6,10
57406726,0,,,65,34,31,5,4,1,60,30,30,34,18,16,59,30,29,57,29,28,26,12,14,16,8,8,3,1,2,0,0,0,0,0,0,22,22,1,11,3,4,1,2,0,21,15,6,2,17,0,1,5
57406727,1,,57406717,90,45,45,2,2,0,96,47,49,53,26,27,95,47,48,90,46,44,43,21,22,21,9,12,4,2,2,0,0,0,0,0,0,27,27,3,7,7,4,5,2,1,26,12,14,0,25,0,2,4
57406728,0,,,65,28,37,5,1,4,60,27,33,38,19,19,58,26,32,58,26,32,22,8,14,11,3,8,4,1,3,0,0,0,0,0,0,18,18,2,5,0,6,3,0,2,16,6,10,1,15,0,1,3
57406729,1,,57406719,58,30,28,6,2,4,55,30,25,24,14,10,55,30,25,54,29,25,31,16,15,13,5,8,8,3,5,0,0,0,0,0,0,19,19,3,6,5,5,1,1,0,17,9,8,1,17,0,3,5
57406730,0,,,22,8,14,1,0,1,21,8,13,9,4,5,21,8,13,21,8,13,12,4,8,4,1,3,1,0,1,0,0,0,0,0,0,8,8,1,3,2,1,1,0,0,7,4,3,0,8,0,1,3
57406731,0,,,60,29,31,6,4,2,54,25,29,29,14,15,54,25,29,51,24,27,25,11,14,15,5,10,5,1,4,0,0,0,0,0,0,14,14,0,3,1,5,1,2,2,14,4,10,0,13,0,0,2
57406732,0,,,187,92,95,17,4,13,170,88,82,86,46,40,165,84,81,163,84,79,84,42,42,36,17,19,19,8,11,0,0,0,0,0,0,47,47,0,12,10,9,6,5,5,47,21,26,2,45,0,0,6
57406733,0,,,167,86,81,12,8,4,155,78,77,91,44,47,152,76,76,148,74,74,64,34,30,36,16,20,11,5,6,0,0,0,8,0,8,63,63,15,19,16,6,3,2,2,48,33,15,2,42,8,6,8
57406734,0,,,241,127,114,25,13,12,216,114,102,127,72,55,211,112,99,205,108,97,89,42,47,39,15,24,13,4,9,0,0,0,0,0,0,69,69,4,17,16,13,13,4,2,65,39,26,8,50,0,3,11
57406735,0,,,2020,985,1035,269,124,145,1744,855,889,1247,650,597,1672,822,850,1614,785,829,497,205,292,248,87,161,78,27,51,7,2,5,17,1,16,762,761,214,183,146,137,45,27,9,543,410,133,62,335,60,65,57
57406736,0,,,106,56,50,10,5,5,95,50,45,66,38,28,92,48,44,91,48,43,29,12,17,15,7,8,4,0,4,1,0,1,0,0,0,38,38,11,8,11,1,3,3,1,27,18,9,4,17,1,2,4
57406737,0,,,246,131,115,35,18,17,211,113,98,133,74,59,205,108,97,202,107,95,78,39,39,31,13,18,12,2,10,0,0,0,2,0,2,69,69,6,18,14,14,7,2,8,63,34,29,7,50,1,1,5
57406738,0,,,105,54,51,10,6,4,95,48,47,57,31,26,94,47,47,92,45,47,38,17,21,20,9,11,6,2,4,0,0,0,0,0,0,26,26,2,3,7,4,3,4,3,24,9,15,2,24,0,2,0
57406739,0,,,276,136,140,34,19,15,242,117,125,135,73,62,233,112,121,229,109,120,107,44,63,40,11,29,20,1,19,0,0,0,0,0,0,75,75,9,14,20,11,5,6,10,66,28,38,9,60,0,7,3
57406740,0,,,95,45,50,7,2,5,88,43,45,50,25,25,87,42,45,87,42,45,38,18,20,20,7,13,8,1,7,1,0,1,0,0,0,30,30,3,10,7,4,3,1,2,27,15,12,3,27,0,3,6
57406741,0,,,134,72,62,9,7,2,125,65,60,72,42,30,124,64,60,123,63,60,53,23,30,23,8,15,8,3,5,0,0,0,0,0,0,45,45,6,11,15,8,2,2,1,39,25,14,2,32,0,2,3
57406742,0,,,222,107,115,17,9,8,204,97,107,122,64,58,201,96,105,198,95,103,82,33,49,36,12,24,23,7,16,1,0,1,0,0,0,64,64,6,17,14,10,10,2,5,58,29,29,6,50,0,3,7
57406743,0,,,153,75,78,10,7,3,143,68,75,76,39,37,140,66,74,138,65,73,67,29,38,34,11,23,10,4,6,0,0,0,0,0,0,50,50,8,9,15,11,5,1,1,42,25,17,2,44,0,8,6
57406744,0,,,250,119,131,26,14,12,224,105,119,136,66,70,213,97,116,210,96,114,88,39,49,43,21,22,15,8,7,2,1,1,1,0,1,69,69,5,16,18,12,6,5,7,64,36,28,6,51,0,4,6
57406745,0,,,107,58,49,16,8,8,91,50,41,62,36,26,89,50,39,87,48,39,29,14,15,13,6,7,4,1,3,0,0,0,1,0,1,43,42,14,12,6,6,2,1,1,28,21,7,4,18,2,3,4
57406746,0,,,22,9,13,2,0,2,20,9,11,13,6,7,19,8,11,18,8,10,7,3,4,6,3,3,0,0,0,0,0,0,0,0,0,5,5,1,0,0,1,1,2,0,4,2,2,0,4,0,1,0
57406747,0,,,229,123,106,17,13,4,212,110,102,123,69,54,210,110,100,208,108,100,89,41,48,47,18,29,17,6,11,1,0,1,0,0,0,69,69,13,13,18,9,6,5,5,56,26,30,5,57,0,10,8
57406748,0,,,35,17,18,5,3,2,30,14,16,18,6,12,29,14,15,29,14,15,12,8,4,8,5,3,2,2,0,0,0,0,0,0,0,8,8,0,0,3,3,0,1,1,8,5,3,0,7,0,0,0
57406749,0,,,193,92,101,18,7,11,175,85,90,113,55,58,175,85,90,170,82,88,62,30,32,25,10,15,8,1,7,0,0,0,0,0,0,61,61,6,17,15,15,3,2,3,54,39,15,5,39,0,3,6
57406750,0,,,447,224,223,45,22,23,402,202,200,209,115,94,390,194,196,385,192,193,193,87,106,87,34,53,37,10,27,6,1,5,2,0,2,128,128,19,25,36,13,13,7,15,109,49,60,8,112,0,16,9
57406751,0,,,14,7,7,0,0,0,14,7,7,6,3,3,12,6,6,12,6,6,8,4,4,1,0,1,1,0,1,0,0,0,0,0,0,6,6,1,2,3,0,0,0,0,5,4,1,0,5,0,1,2
57406752,0,,,111,60,51,6,5,1,105,55,50,60,33,27,104,55,49,103,54,49,45,22,23,23,8,15,8,3,5,1,0,1,0,0,0,35,35,3,12,8,7,1,1,3,32,19,13,2,28,0,1,5
57406753,0,,,77,40,37,9,6,3,68,34,34,32,16,16,67,33,34,65,31,34,36,18,18,16,6,10,13,4,9,0,0,0,0,0,0,28,28,9,6,5,2,4,1,1,19,11,8,3,20,1,7,4
57406754,0,,,123,65,58,16,9,7,107,56,51,59,32,27,103,54,49,101,52,49,48,24,24,26,14,12,9,4,5,0,0,0,0,0,0,33,33,3,9,3,6,5,6,1,30,13,17,2,29,0,2,7
57406755,0,,,79,40,39,15,7,8,64,33,31,39,21,18,63,32,31,62,32,30,25,12,13,11,5,6,3,1,2,1,0,1,0,0,0,19,19,2,4,4,0,1,4,4,16,7,9,3,16,0,2,1
57406756,0,,,225,116,109,26,12,14,199,104,95,124,70,54,188,96,92,187,95,92,75,34,41,32,12,20,15,4,11,1,0,1,0,0,0,74,74,11,25,17,8,4,5,4,63,43,20,5,47,0,4,13
57406757,0,,,112,53,59,3,1,2,109,52,57,61,31,30,108,52,56,105,52,53,48,21,27,19,5,14,8,0,8,1,0,1,0,0,0,37,37,7,8,8,9,2,2,1,29,15,14,1,33,0,5,3
57406758,0,,,132,68,64,10,5,5,122,63,59,78,42,36,119,62,57,117,61,56,44,21,23,25,11,14,13,7,6,2,0,2,0,0,0,41,41,6,8,11,9,4,1,2,35,20,15,0,25,0,2,4
57406759,0,,,467,209,258,52,26,26,415,183,232,227,119,108,407,178,229,401,174,227,188,64,124,117,27,90,55,6,49,9,0,9,2,0,2,128,127,14,35,26,24,13,11,4,112,61,51,12,87,1,8,14
57406760,0,,,174,85,89,20,8,12,154,77,77,90,50,40,149,72,77,148,71,77,64,27,37,30,9,21,16,5,11,2,0,2,0,0,0,58,58,13,14,14,7,2,4,4,45,26,19,7,44,0,9,6
57406761,0,,,75,32,43,11,4,7,64,28,36,37,16,21,64,28,36,63,27,36,27,12,15,13,4,9,7,1,6,0,0,0,0,0,0,24,24,4,7,4,4,1,4,0,20,13,7,1,18,0,3,3
57406762,0,,,95,47,48,5,1,4,90,46,44,49,27,22,89,45,44,89,45,44,41,19,22,25,10,15,9,3,6,1,0,1,1,0,1,30,30,4,9,7,3,3,3,1,25,9,16,2,26,0,4,3
57406763,0,,,70,33,37,5,1,4,65,32,33,33,20,13,62,30,32,60,29,31,32,12,20,12,3,9,7,2,5,0,0,0,0,0,0,23,23,5,9,0,4,1,3,1,18,9,9,0,20,0,5,3
57406764,0,,,50,23,27,5,2,3,45,21,24,33,16,17,42,19,23,41,18,23,12,5,7,6,2,4,3,1,2,0,0,0,0,0,0,11,11,0,2,1,1,3,4,0,11,4,7,1,7,0,0,1
57406765,0,,,1214,587,627,169,76,93,1044,510,534,807,402,405,986,484,502,961,475,486,237,108,129,87,33,54,25,7,18,0,0,0,3,0,3,469,469,118,146,89,67,35,7,7,347,289,58,45,160,16,28,37
57406766,0,,,2629,1251,1378,435,215,220,2173,1023,1150,1638,798,840,2102,991,1111,2052,976,1076,535,225,310,264,94,170,92,26,66,6,0,6,14,6,8,1027,1026,278,303,212,152,54,20,7,725,645,80,138,330,47,65,103
57406767,0,,,1025,509,516,168,71,97,814,404,410,601,311,290,778,384,394,767,379,388,213,93,120,113,45,68,47,15,32,4,0,4,7,4,3,388,386,129,83,63,70,23,11,7,246,199,47,48,120,14,20,25
57406768,0,,,199,99,100,14,11,3,185,88,97,113,58,55,180,85,95,178,85,93,72,30,42,33,11,22,13,5,8,0,0,0,0,0,0,68,68,15,20,15,5,7,2,4,50,30,20,4,49,0,12,8
57406769,0,,,138,69,69,20,10,10,118,59,59,57,29,28,117,59,58,117,59,58,61,30,31,31,14,17,11,6,5,2,1,1,2,0,2,40,40,2,12,11,7,3,1,4,38,20,18,6,35,0,2,6
57406770,0,,,128,63,65,16,9,7,112,54,58,67,33,34,106,53,53,106,53,53,45,21,24,23,9,14,10,3,7,0,0,0,1,0,1,42,42,4,10,15,8,3,2,0,38,24,14,5,29,1,1,1
57406771,0,,,157,74,83,11,6,5,146,68,78,76,36,40,141,67,74,141,67,74,70,32,38,36,19,17,18,10,8,1,0,1,0,0,0,46,46,5,7,14,8,9,2,1,41,20,21,1,38,0,3,4
57406772,0,,,239,115,124,25,11,14,214,104,110,129,66,63,205,101,104,202,100,102,85,38,47,42,15,27,18,8,10,2,1,1,1,0,1,70,70,9,14,19,10,8,6,4,61,31,30,3,57,0,6,5
57406773,0,,,354,176,178,22,12,10,332,164,168,194,106,88,322,158,164,318,156,162,138,58,80,74,29,45,21,6,15,2,0,2,0,0,0,121,121,16,42,31,15,7,6,4,105,69,36,3,88,0,9,14
57406774,0,,,397,172,225,54,17,37,339,152,187,249,112,137,332,146,186,326,145,181,90,40,50,43,19,24,20,6,14,0,0,0,1,0,1,167,167,75,33,21,15,11,6,6,92,59,33,22,57,38,9,11
57406775,0,,,3191,1574,1617,713,362,351,2436,1184,1252,2081,1028,1053,2249,1096,1153,2168,1060,1108,355,156,199,181,78,103,80,27,53,7,3,4,17,7,10,1136,1133,311,215,228,251,88,29,11,810,736,74,175,196,72,41,42
57406776,0,,,5120,2538,2582,681,344,337,4391,2161,2230,3169,1624,1545,4254,2082,2172,4182,2046,2136,1222,537,685,550,213,337,142,46,96,9,2,7,39,14,25,2129,2128,730,566,402,279,105,31,15,1376,1179,197,210,797,132,208,193
57406777,0,,,3941,2054,1887,764,410,354,3064,1574,1490,2622,1377,1245,2953,1517,1436,2901,1489,1412,442,197,245,179,73,106,48,19,29,5,3,2,27,11,16,1816,1816,807,387,276,240,78,20,8,984,927,57,227,316,172,94,74
57406778,0,,,264,147,117,26,16,10,235,129,106,175,101,74,226,125,101,222,124,98,60,28,32,33,11,22,9,4,5,0,0,0,0,0,0,110,109,43,23,20,13,8,1,1,62,49,13,11,39,9,7,9
57406779,0,,,10,4,6,0,0,0,10,4,6,7,3,4,10,4,6,9,4,5,3,1,2,1,0,1,0,0,0,0,0,0,0,0,0,4,4,0,2,2,0,0,0,0,4,3,1,0,2,0,0,1
57406780,0,,,156,79,77,16,6,10,140,73,67,75,45,30,137,70,67,137,70,67,65,28,37,40,18,22,20,9,11,0,0,0,0,0,0,49,49,9,12,12,3,5,7,1,40,20,20,4,39,0,6,6
57406781,0,,,194,100,94,14,8,6,180,92,88,94,48,46,178,90,88,174,88,86,86,44,42,43,18,25,14,5,9,2,0,2,5,2,3,82,82,39,18,8,3,6,4,4,43,28,15,4,60,5,27,12
57406782,0,,,157,80,77,14,6,8,143,74,69,91,51,40,142,73,69,137,71,66,52,23,29,30,11,19,11,3,8,2,1,1,0,0,0,51,51,13,7,10,10,6,5,0,38,23,15,4,37,0,11,4
57406783,0,,,287,139,148,29,10,19,258,129,129,144,76,68,249,123,126,245,121,124,114,53,61,62,24,38,32,9,23,3,1,2,1,0,1,95,93,21,25,18,12,10,3,4,72,44,28,11,65,0,16,12
57406784,0,,,435,202,233,55,24,31,380,178,202,261,126,135,363,172,191,353,166,187,119,52,67,61,24,37,19,5,14,0,0,0,1,0,1,155,154,27,50,37,22,8,6,4,126,98,28,15,82,1,9,19
57406785,0,,,4865,2343,2522,820,388,432,3997,1924,2073,3116,1538,1578,3840,1840,2000,3760,1794,1966,881,386,495,347,134,213,87,30,57,5,1,4,18,5,13,1931,1927,644,477,346,293,124,27,16,1259,1091,168,224,553,123,143,134
57406786,0,,,4209,2045,2164,444,225,219,3712,1787,1925,2447,1254,1193,3584,1706,1878,3522,1679,1843,1265,533,732,668,243,425,258,78,180,17,2,15,36,20,16,1925,1921,780,551,310,175,62,34,9,1100,924,176,142,820,119,243,199
57406787,0,,,3005,1504,1501,285,150,135,2631,1300,1331,1917,1005,912,2545,1259,1286,2483,1226,1257,714,295,419,378,130,248,171,46,125,21,4,17,36,18,18,1498,1491,766,334,225,117,35,8,6,709,630,79,91,403,140,136,91
57406788,0,,,3016,1506,1510,401,208,193,2564,1264,1300,1979,1004,975,2477,1223,1254,2414,1188,1226,585,260,325,268,107,161,74,30,44,1,0,1,29,11,18,1377,1374,556,366,226,136,56,24,10,802,693,109,129,406,110,96,109
57406789,0,,,1132,557,575,179,83,96,942,467,475,766,389,377,907,449,458,886,440,446,176,78,98,70,27,43,23,7,16,0,0,0,6,2,4,434,434,111,118,93,75,22,11,4,315,274,41,57,121,27,17,24
57406790,0,,,68,39,29,10,8,2,58,31,27,29,18,11,55,29,26,54,28,26,29,13,16,11,3,8,5,1,4,0,0,0,0,0,0,21,21,3,6,4,5,1,0,2,17,9,8,2,15,0,2,1
57406791,0,,,772,387,385,80,40,40,692,347,345,384,212,172,673,339,334,662,335,327,308,135,173,158,64,94,54,17,37,3,0,3,1,0,1,267,265,59,74,52,36,23,14,7,204,129,75,12,192,2,37,41
57406792,0,,,210,105,105,25,14,11,185,91,94,120,60,60,181,91,90,178,89,89,65,31,34,33,16,17,10,4,6,0,0,0,0,0,0,70,70,8,24,16,13,5,1,3,62,47,15,4,42,0,3,10
57406793,0,,,130,69,61,12,7,5,118,62,56,61,34,27,115,59,56,114,58,56,57,28,29,30,13,17,14,6,8,1,0,1,0,0,0,37,37,6,4,12,5,5,3,2,31,14,17,2,32,0,5,1
57406794,0,,,439,221,218,48,23,25,391,198,193,293,154,139,379,193,186,373,188,185,98,44,54,40,16,24,9,4,5,0,0,0,1,0,1,167,167,38,52,33,29,9,5,1,129,101,28,15,69,5,10,17
57406795,0,,,2840,1389,1451,408,208,200,2393,1157,1236,1851,921,930,2288,1115,1173,2237,1084,1153,542,236,306,235,97,138,70,23,47,4,1,3,4,1,3,1174,1173,399,289,218,173,63,23,8,763,634,129,100,375,65,77,92
57406796,0,,,3862,1838,2024,467,229,238,3376,1595,1781,2216,1131,1085,3284,1543,1741,3221,1507,1714,1160,464,696,653,226,427,259,82,177,22,5,17,14,6,8,1710,1703,686,447,267,189,63,42,9,985,794,191,128,771,111,257,133
57406797,0,,,4305,2124,2181,520,279,241,3732,1802,1930,2654,1371,1283,3579,1709,1870,3480,1656,1824,1078,431,647,609,213,396,259,76,183,26,3,23,35,12,23,1912,1906,769,503,308,226,72,19,9,1108,977,131,148,674,138,201,167
57406798,0,,,1874,929,945,286,139,147,1567,776,791,1143,584,559,1500,742,758,1459,723,736,424,192,232,168,72,96,41,16,25,3,1,2,20,10,10,735,734,215,192,142,121,44,14,6,513,457,56,77,265,45,49,78
57406799,0,,,205,100,105,24,10,14,181,90,91,109,59,50,178,88,90,176,88,88,72,31,41,41,15,26,10,2,8,2,0,2,0,0,0,68,68,11,17,17,13,5,4,1,57,37,20,6,45,2,4,11
57407501,0,,,10,5,5,0,0,0,10,5,5,6,3,3,9,4,5,9,4,5,4,2,2,4,2,2,3,1,2,0,0,0,0,0,0,4,4,2,0,1,0,1,0,0,2,0,2,0,4,0,2,0
57407502,0,,,27,11,16,7,2,5,20,9,11,10,5,5,20,9,11,20,9,11,10,4,6,6,2,4,2,1,1,0,0,0,0,0,0,9,9,3,2,1,1,0,1,1,6,3,3,1,7,0,3,1
57407506,0,,,12,6,6,0,0,0,12,6,6,5,4,1,12,6,6,12,6,6,7,2,5,4,0,4,2,0,2,1,0,1,0,0,0,4,4,1,1,0,1,1,0,0,3,1,2,0,4,0,1,0
57407507,0,,,66,32,34,9,4,5,57,28,29,32,18,14,54,25,29,54,25,29,25,10,15,12,2,10,8,1,7,2,0,2,0,0,0,16,16,2,2,3,2,2,3,2,14,5,9,1,14,0,2,0
57407508,0,,,179,91,88,16,11,5,163,80,83,96,52,44,156,78,78,155,77,78,67,28,39,31,11,20,12,2,10,1,0,1,0,0,0,59,59,13,13,11,9,8,4,1,46,22,24,3,46,0,9,5
57407509,0,,,336,174,162,34,14,20,302,160,142,161,92,69,290,153,137,288,151,137,141,68,73,69,31,38,26,11,15,4,1,3,0,0,0,95,95,13,18,20,18,10,9,7,82,34,48,7,83,0,10,13
57407515,2,57407525,,5,2,3,*,*,*,*,*,*,*,*,*,*,*,*,*,*,*,*,*,*,*,*,*,*,*,*,*,*,*,*,*,*,1,1,*,*,*,*,*,*,*,*,*,*,*,*,*,*,*
57407516,0,,,88,46,42,12,7,5,76,39,37,43,24,19,74,37,37,72,37,35,33,15,18,15,6,9,8,2,6,1,1,0,0,0,0,21,21,3,1,3,6,2,4,2,18,3,15,1,19,0,2,1
57407517,0,,,281,128,153,26,7,19,255,121,134,121,62,59,252,120,132,251,119,132,134,59,75,65,24,41,23,6,17,2,1,1,0,0,0,87,87,15,29,10,14,6,6,7,72,39,33,3,81,0,11,15
57407518,0,,,193,95,98,17,10,7,176,85,91,90,48,42,175,84,91,173,82,91,86,37,49,52,19,33,22,9,13,3,1,2,0,0,0,64,64,16,16,12,8,3,5,4,48,22,26,6,55,2,10,8
57407519,0,,,55,28,27,2,1,1,53,27,26,24,14,10,53,27,26,52,26,26,29,13,16,14,4,10,4,1,3,0,0,0,0,0,0,19,19,1,9,4,2,2,1,0,18,11,7,1,17,0,1,4
57407524,1,,57407541;57407542,48,29,19,1,0,1,56,32,24,33,23,10,56,32,24,56,32,24,23,9,14,11,3,8,2,0,2,0,0,0,2,0,2,19,19,7,7,4,3,1,0,1,16,9,7,0,15,0,1,4
57407525,1,,57407515,41,20,21,6,3,3,40,19,21,14,6,8,40,19,21,39,19,20,26,13,13,15,7,8,5,2,3,0,0,0,0,0,0,15,15,5,4,0,4,2,0,1,11,5,6,2,15,0,5,4
57407526,0,,,117,63,54,10,5,5,107,58,49,55,33,22,102,54,48,100,52,48,52,25,27,26,10,16,12,3,9,0,0,0,0,0,0,37,37,6,11,8,2,6,3,1,30,16,14,2,32,0,4,6
57407527,0,,,42,21,21,0,0,0,42,21,21,19,9,10,42,21,21,42,21,21,23,12,11,12,5,7,7,3,4,2,1,1,0,0,0,15,15,2,5,3,4,1,0,0,13,7,6,0,13,0,2,2
57407528,0,,,41,21,20,3,2,1,38,19,19,21,12,9,37,18,19,37,18,19,17,7,10,11,5,6,3,2,1,0,0,0,0,0,0,12,12,1,4,1,4,0,1,1,11,4,7,0,10,0,0,3
57407529,0,,,31,16,15,1,0,1,30,16,14,17,9,8,30,16,14,30,16,14,13,7,6,7,3,4,0,0,0,0,0,0,0,0,0,13,13,5,4,1,0,3,0,0,8,4,4,1,9,0,4,1
57407535,2,57407545,,9,4,5,*,*,*,*,*,*,*,*,*,*,*,*,*,*,*,*,*,*,*,*,*,*,*,*,*,*,*,*,*,*,2,2,*,*,*,*,*,*,*,*,*,*,*,*,*,*,*
57407536,0,,,11,6,5,0,0,0,11,6,5,4,3,1,11,6,5,11,6,5,7,3,4,0,0,0,0,0,0,0,0,0,0,0,0,5,5,0,4,1,0,0,0,0,5,5,0,0,5,0,0,2
57407537,0,,,17,9,8,0,0,0,17,9,8,5,3,2,17,9,8,16,9,7,12,6,6,1,0,1,1,0,1,0,0,0,0,0,0,7,7,1,5,0,0,0,1,0,6,5,1,0,6,0,0,4
57407538,0,,,65,31,34,2,1,1,63,30,33,36,16,20,60,30,30,60,30,30,27,14,13,13,6,7,7,2,5,0,0,0,1,0,1,19,19,2,3,5,5,3,0,1,17,8,9,1,18,0,1,3
57407539,0,,,66,35,31,23,14,9,43,21,22,30,15,15,42,20,22,41,19,22,13,6,7,4,1,3,0,0,0,0,0,0,2,0,2,24,24,4,11,1,4,3,1,0,20,19,1,2,10,0,3,5
57407541,2,57407524,,6,2,4,*,*,*,*,*,*,*,*,*,*,*,*,*,*,*,*,*,*,*,*,*,*,*,*,*,*,*,*,*,*,2,2,*,*,*,*,*,*,*,*,*,*,*,*,*,*,*
57407542,2,57407524,,3,1,2,*,*,*,*,*,*,*,*,*,*,*,*,*,*,*,*,*,*,*,*,*,*,*,*,*,*,*,*,*,*,2,2,*,*,*,*,*,*,*,*,*,*,*,*,*,*,*
57407543,0,,,14,7,7,0,0,0,14,7,7,9,6,3,14,7,7,14,7,7,5,1,4,5,1,4,2,0,2,0,0,0,0,0,0,4,4,0,1,1,1,1,0,0,4,2,2,0,4,0,0,0
57407544,0,,,13,7,6,0,0,0,13,7,6,6,4,2,13,7,6,13,7,6,7,3,4,3,1,2,0,0,0,0,0,0,0,0,0,6,6,1,3,2,0,0,0,0,5,4,1,0,4,0,1,2
57407545,1,,57407535;57407555,85,47,38,6,4,2,94,49,45,60,31,29,93,48,45,92,47,45,34,18,16,11,3,8,4,1,3,0,0,0,0,0,0,27,27,7,5,10,7,1,1,2,26,14,12,1,21,1,3,3
57407546,0,,,71,42,29,2,2,0,69,40,29,33,19,14,69,40,29,67,40,27,36,21,15,18,10,8,11,6,5,0,0,0,1,0,1,22,22,1,7,6,4,3,0,1,21,12,9,0,20,0,1,3
57407547,0,,,75,40,35,5,5,0,70,35,35,33,16,17,69,35,34,69,35,34,37,19,18,21,10,11,10,5,5,0,0,0,0,0,0,26,26,7,7,5,1,3,1,2,18,9,9,2,21,0,4,5
57407548,0,,,47,22,25,3,1,2,44,21,23,24,12,12,44,21,23,43,21,22,20,9,11,12,4,8,7,2,5,0,0,0,1,0,1,17,17,3,4,6,3,0,1,0,14,9,5,1,14,0,2,3
57407549,0,,,98,46,52,12,4,8,86,42,44,46,24,22,84,41,43,84,41,43,40,18,22,16,6,10,6,1,5,2,0,2,1,0,1,29,29,2,11,6,3,2,3,2,27,15,12,1,23,0,2,4
57407555,2,57407545,,6,2,4,*,*,*,*,*,*,*,*,*,*,*,*,*,*,*,*,*,*,*,*,*,*,*,*,*,*,*,*,*,*,4,4,*,*,*,*,*,*,*,*,*,*,*,*,*,*,*
57407556,0,,,117,56,61,9,6,3,108,50,58,56,28,28,106,49,57,105,48,57,52,22,30,22,6,16,8,2,6,0,0,0,0,0,0,36,36,2,10,12,6,3,2,1,34,17,17,3,33,0,1,9
57407557,1,,57407566,85,46,39,8,5,3,83,43,40,43,24,19,82,43,39,81,43,38,40,19,21,19,7,12,9,2,7,0,0,0,0,0,0,31,31,9,7,9,6,2,0,1,25,15,10,0,26,0,6,1
57407558,0,,,32,19,13,0,0,0,32,19,13,19,12,7,31,19,12,31,19,12,13,7,6,6,3,3,2,0,2,0,0,0,0,0,0,11,11,2,2,3,3,1,0,0,9,5,4,0,9,0,2,0
57407566,2,57407557,,6,2,4,*,*,*,*,*,*,*,*,*,*,*,*,*,*,*,*,*,*,*,*,*,*,*,*,*,*,*,*,*,*,3,3,*,*,*,*,*,*,*,*,*,*,*,*,*,*,*
57407567,1,,57407575;57407576,42,21,21,1,0,1,47,23,24,22,10,12,47,23,24,47,23,24,25,13,12,10,3,7,3,0,3,0,0,0,0,0,0,14,14,3,2,6,2,3,0,0,13,6,7,0,15,0,3,1
57407575,2,57407567,,3,2,1,*,*,*,*,*,*,*,*,*,*,*,*,*,*,*,*,*,*,*,*,*,*,*,*,*,*,*,*,*,*,1,1,*,*,*,*,*,*,*,*,*,*,*,*,*,*,*
57407576,2,57407567,,3,0,3,*,*,*,*,*,*,*,*,*,*,*,*,*,*,*,*,*,*,*,*,*,*,*,*,*,*,*,*,*,*,1,1,*,*,*,*,*,*,*,*,*,*,*,*,*,*,*
57407600,0,,,123,57,66,12,4,8,111,53,58,49,23,26,108,53,55,108,53,55,62,30,32,26,8,18,14,3,11,1,0,1,1,0,1,39,39,7,10,10,4,2,2,4,31,17,14,3,37,0,6,5
57407601,0,,,36,20,16,3,3,0,33,17,16,15,9,6,33,17,16,33,17,16,18,8,10,9,3,6,6,2,4,1,0,1,0,0,0,11,11,2,4,1,1,1,1,1,9,5,4,2,10,0,1,2
57407602,0,,,217,109,108,19,9,10,198,100,98,107,60,47,194,97,97,193,96,97,91,40,51,50,20,30,23,7,16,3,0,3,0,0,0,71,71,10,25,14,11,4,2,5,61,33,28,3,53,0,8,11
57407603,0,,,97,48,49,10,4,6,87,44,43,46,27,19,86,43,43,85,42,43,41,17,24,19,6,13,6,1,5,1,0,1,0,0,0,33,33,5,12,6,5,2,2,1,28,18,10,3,26,0,4,7
57407604,0,,,172,79,93,21,9,12,151,70,81,77,36,41,147,67,80,144,66,78,74,34,40,30,11,19,15,5,10,1,0,1,0,0,0,48,48,5,16,7,4,6,4,6,43,19,24,4,42,0,3,7
57407605,0,,,66,31,35,8,2,6,58,29,29,35,19,16,54,26,28,53,26,27,23,10,13,11,3,8,4,2,2,0,0,0,0,0,0,17,17,2,3,4,3,2,0,3,15,6,9,3,16,0,2,2
57407606,0,,,122,53,69,15,6,9,107,47,60,65,29,36,103,45,58,100,44,56,42,18,24,21,9,12,10,3,7,1,0,1,0,0,0,38,38,8,10,7,5,2,3,3,30,17,13,6,26,0,5,4
57407607,0,,,115,52,63,6,0,6,109,52,57,58,28,30,106,52,54,101,50,51,51,24,27,22,11,11,8,2,6,0,0,0,1,0,1,32,32,4,8,5,5,4,3,3,28,12,16,0,29,0,4,5
57407608,0,,,416,206,210,46,23,23,370,183,187,214,106,108,362,180,182,356,177,179,156,77,79,72,30,42,26,10,16,2,2,0,3,0,3,134,134,20,26,42,27,10,5,4,112,69,43,11,99,1,14,15
57407609,0,,,254,121,133,19,7,12,235,114,121,133,71,62,225,106,119,221,104,117,102,43,59,41,16,25,15,3,12,1,0,1,0,0,0,85,85,18,20,18,13,8,7,1,67,40,27,6,67,1,13,14
57407610,0,,,60,32,28,2,2,0,58,30,28,33,18,15,56,28,28,56,28,28,25,12,13,12,6,6,5,1,4,0,0,0,0,0,0,16,16,0,4,4,4,1,2,1,15,10,5,0,13,0,0,4
57407611,0,,,44,20,24,2,0,2,42,20,22,20,11,9,42,20,22,41,20,21,22,9,13,9,4,5,2,0,2,0,0,0,0,0,0,16,16,4,4,3,3,1,1,0,12,5,7,0,14,0,2,3
57407612,0,,,48,23,25,2,1,1,46,22,24,23,13,10,44,21,23,44,21,23,23,9,14,8,2,6,3,1,2,0,0,0,0,0,0,15,15,3,3,3,2,2,2,0,12,5,7,0,14,0,2,3
57407613,0,,,123,59,64,7,4,3,116,55,61,65,33,32,115,55,60,114,54,60,51,22,29,21,5,16,14,2,12,1,0,1,1,1,0,37,37,3,13,5,9,3,1,3,34,16,18,3,33,0,2,8
57407614,0,,,51,24,27,6,4,2,45,20,25,22,10,12,43,19,24,42,19,23,23,10,13,10,3,7,5,0,5,1,0,1,3,1,2,13,13,0,3,2,3,4,0,1,13,5,8,2,12,0,0,2
57407615,0,,,57,29,28,4,3,1,53,26,27,25,13,12,53,26,27,52,25,27,28,13,15,13,4,9,6,2,4,1,1,0,0,0,0,21,21,7,4,4,2,2,2,0,14,5,9,0,18,0,6,2
57407616,0,,,60,30,30,4,3,1,56,27,29,27,15,12,55,26,29,55,26,29,29,12,17,13,4,9,8,2,6,1,0,1,0,0,0,25,25,6,10,5,2,1,1,0,19,15,4,1,17,0,6,4
57407617,0,,,58,30,28,3,1,2,55,29,26,31,15,16,53,29,24,50,27,23,24,14,10,7,5,2,1,1,0,0,0,0,0,0,0,19,19,1,8,4,4,1,0,1,18,14,4,0,15,0,1,5
57407618,0,,,231,104,127,12,7,5,219,97,122,91,55,36,212,94,118,210,93,117,128,42,86,86,23,63,53,9,44,11,1,10,0,0,0,65,64,14,17,13,10,8,1,1,50,36,14,2,52,0,12,8
57407619,0,,,541,284,257,79,39,40,462,245,217,304,169,135,451,237,214,443,235,208,158,76,82,72,28,44,25,5,20,5,1,4,19,17,2,179,178,43,32,41,34,12,11,5,134,97,37,27,93,16,13,15
57407620,0,,,28,13,15,2,1,1,26,12,14,11,7,4,26,12,14,26,12,14,15,5,10,9,3,6,6,2,4,0,0,0,0,0,0,8,8,0,1,4,2,0,1,0,8,3,5,0,8,0,0,0
57407621,0,,,84,36,48,1,1,0,83,35,48,44,22,22,81,35,46,80,34,46,39,13,26,23,5,18,11,2,9,1,0,1,0,0,0,28,28,2,8,11,4,1,2,0,26,12,14,0,25,0,2,2
57407622,0,,,96,47,49,9,5,4,87,42,45,38,21,17,84,40,44,84,40,44,49,21,28,26,9,17,13,5,8,0,0,0,0,0,0,33,33,5,14,6,3,1,2,2,28,15,13,2,30,0,4,7
57407623,1,,57407633,201,98,103,33,14,19,174,87,87,95,52,43,166,81,85,161,79,82,79,35,44,33,14,19,10,3,7,3,0,3,2,2,0,59,59,13,14,10,8,6,6,5,49,26,23,8,51,1,9,10
57407625,2,57407626,,3,1,2,*,*,*,*,*,*,*,*,*,*,*,*,*,*,*,*,*,*,*,*,*,*,*,*,*,*,*,*,*,*,1,1,*,*,*,*,*,*,*,*,*,*,*,*,*,*,*
57407626,1,,57407625;57407627,25,11,14,6,1,5,24,11,13,13,6,7,24,11,13,24,11,13,11,5,6,2,0,2,2,0,2,0,0,0,0,0,0,6,6,1,1,3,1,0,0,2,7,4,3,1,6,0,1,0
57407627,2,57407626,,2,0,2,*,*,*,*,*,*,*,*,*,*,*,*,*,*,*,*,*,*,*,*,*,*,*,*,*,*,*,*,*,*,1,1,*,*,*,*,*,*,*,*,*,*,*,*,*,*,*
57407628,0,,,48,22,26,10,3,7,38,19,19,23,13,10,35,17,18,35,17,18,15,6,9,5,1,4,2,0,2,1,0,1,0,0,0,15,15,3,3,5,0,1,2,1,12,6,6,3,9,0,2,1
57407629,0,,,125,63,62,8,3,5,117,60,57,84,45,39,115,58,57,112,56,56,33,15,18,19,8,11,7,3,4,0,0,0,1,0,1,40,40,5,9,12,8,3,2,1,35,19,16,3,22,0,4,3
57407630,0,,,1090,493,597,86,41,45,1004,452,552,509,235,274,976,442,534,956,434,522,495,217,278,283,98,185,138,40,98,16,4,12,7,1,6,372,371,84,124,70,39,19,15,20,286,184,102,20,298,0,67,68
57407631,0,,,127,63,64,13,5,8,114,58,56,74,40,34,112,57,55,110,56,54,40,18,22,15,3,12,10,2,8,2,1,1,0,0,0,45,45,11,12,7,6,7,2,0,34,25,9,4,31,0,7,8
57407632,0,,,130,67,63,19,11,8,111,56,55,64,34,30,109,55,54,104,53,51,47,22,25,20,8,12,8,3,5,0,0,0,3,3,0,34,34,5,6,6,8,1,2,6,28,12,16,2,26,3,2,4
57407633,2,57407623,,6,3,3,*,*,*,*,*,*,*,*,*,*,*,*,*,*,*,*,*,*,*,*,*,*,*,*,*,*,*,*,*,*,3,3,*,*,*,*,*,*,*,*,*,*,*,*,*,*,*
57407634,0,,,16,9,7,1,1,0,15,8,7,9,5,4,15,8,7,15,8,7,6,3,3,3,2,1,1,1,0,0,0,0,0,0,0,4,4,0,0,2,1,0,1,0,4,2,2,0,3,0,0,0
57407635,0,,,45,26,19,4,4,0,41,22,19,23,15,8,38,19,19,37,18,19,18,7,11,7,3,4,2,0,2,0,0,0,0,0,0,14,14,1,3,7,0,2,0,1,13,8,5,0,11,0,0,1
57407636,0,,,18,9,9,5,3,2,13,6,7,12,6,6,12,6,6,12,6,6,1,0,1,1,0,1,1,0,1,0,0,0,1,0,1,6,6,2,1,0,1,2,0,0,4,3,1,2,1,0,0,0
57407638,0,,,56,24,32,3,2,1,53,22,31,24,9,15,52,21,31,51,20,31,29,13,16,14,5,9,7,3,4,1,0,1,1,0,1,19,19,4,4,4,4,2,1,0,15,8,7,0,18,0,4,2
57407639,0,,,39,18,21,6,1,5,33,17,16,20,11,9,33,17,16,33,17,16,13,6,7,7,3,4,4,2,2,0,0,0,0,0,0,10,10,0,3,2,2,2,0,1,10,5,5,2,8,0,0,1
57407640,0,,,108,53,55,9,4,5,99,49,50,51,27,24,96,49,47,92,46,46,48,22,26,29,12,17,16,6,10,1,1,0,1,0,1,33,33,5,8,8,6,1,3,2,28,15,13,3,30,0,5,5
57407641,1,,57407650;57407651,73,36,37,3,2,1,76,36,40,43,22,21,75,36,39,74,35,39,33,14,19,15,5,10,3,0,3,0,0,0,0,0,0,26,26,7,10,7,5,1,1,0,24,17,7,1,25,0,6,3
57407642,0,,,52,26,26,9,5,4,43,21,22,22,11,11,43,21,22,42,21,21,21,10,11,11,4,7,4,1,3,0,0,0,0,0,0,17,17,1,7,4,1,3,1,0,16,10,6,3,13,0,1,5
57407643,2,57407653,,3,3,0,*,*,*,*,*,*,*,*,*,*,*,*,*,*,*,*,*,*,*,*,*,*,*,*,*,*,*,*,*,*,2,2,*,*,*,*,*,*,*,*,*,*,*,*,*,*,*
57407645,0,,,60,29,31,2,1,1,58,28,30,28,16,12,57,27,30,55,26,29,30,12,18,11,4,7,7,3,4,0,0,0,1,0,1,21,21,2,10,3,3,2,0,1,19,13,6,0,18,0,2,7
57407646,0,,,34,18,16,4,2,2,30,16,14,21,12,9,28,15,13,27,14,13,9,4,5,6,3,3,1,0,1,1,0,1,0,0,0,11,11,2,4,1,2,0,1,1,9,5,4,0,6,0,2,0
57407647,0,,,10,5,5,0,0,0,10,5,5,4,2,2,10,5,5,10,5,5,6,3,3,3,1,2,1,0,1,1,0,1,0,0,0,4,4,0,2,2,0,0,0,0,4,3,1,0,3,0,0,1
57407648,0,,,27,14,13,0,0,0,27,14,13,16,10,6,24,12,12,22,10,12,11,4,7,4,1,3,0,0,0,0,0,0,0,0,0,9,9,3,1,1,2,1,1,0,6,3,3,0,8,0,3,1
57407649,0,,,70,32,38,10,4,6,60,28,32,34,18,16,59,27,32,58,27,31,26,10,16,16,4,12,7,2,5,1,0,1,0,0,0,20,20,1,8,4,1,2,3,1,19,10,9,1,17,0,1,2
57407650,2,57407641,,3,1,2,*,*,*,*,*,*,*,*,*,*,*,*,*,*,*,*,*,*,*,*,*,*,*,*,*,*,*,*,*,*,3,3,*,*,*,*,*,*,*,*,*,*,*,*,*,*,*
57407651,2,57407641,,3,1,2,*,*,*,*,*,*,*,*,*,*,*,*,*,*,*,*,*,*,*,*,*,*,*,*,*,*,*,*,*,*,2,2,*,*,*,*,*,*,*,*,*,*,*,*,*,*,*
57407652,0,,,17,8,9,4,2,2,13,6,7,4,2,2,13,6,7,13,6,7,9,4,5,2,0,2,2,0,2,0,0,0,0,0,0,5,5,2,0,1,0,0,2,0,3,0,3,0,5,0,2,0
57407653,1,,57407643,6,2,4,0,0,0,9,5,4,6,3,3,9,5,4,9,5,4,3,2,1,1,0,1,1,0,1,0,0,0,0,0,0,2,2,1,2,0,1,0,0,0,3,2,1,0,3,0,1,0
57407654,2,57407665,,2,1,1,*,*,*,*,*,*,*,*,*,*,*,*,*,*,*,*,*,*,*,*,*,*,*,*,*,*,*,*,*,*,2,2,*,*,*,*,*,*,*,*,*,*,*,*,*,*,*
57407655,0,,,26,11,15,5,3,2,21,8,13,14,4,10,21,8,13,21,8,13,7,4,3,3,1,2,3,1,2,0,0,0,2,0,2,8,8,2,2,1,1,1,0,1,6,5,1,1,5,2,0,1
57407656,0,,,41,18,23,2,1,1,39,17,22,18,9,9,37,16,21,37,16,21,21,8,13,8,2,6,3,0,3,0,0,0,1,0,1,14,14,2,5,2,4,0,0,1,12,5,7,0,12,0,0,3
57407657,0,,,39,20,19,3,1,2,36,19,17,17,10,7,36,19,17,36,19,17,19,9,10,9,4,5,0,0,0,0,0,0,0,0,0,15,15,3,5,3,3,1,0,0,12,11,1,0,12,0,3,2
57407658,0,,,104,55,49,6,3,3,98,52,46,49,26,23,95,52,43,95,52,43,49,26,23,24,11,13,10,2,8,2,1,1,0,0,0,36,36,9,8,8,6,3,1,1,27,14,13,0,32,0,7,3
57407659,0,,,71,31,40,7,6,1,64,25,39,39,17,22,63,25,38,61,24,37,25,8,17,11,2,9,4,0,4,0,0,0,0,0,0,29,29,8,9,6,3,3,0,0,21,15,6,1,19,0,5,2
57407660,0,,,19,11,8,0,0,0,19,11,8,6,5,1,19,11,8,19,11,8,13,6,7,8,4,4,5,1,4,0,0,0,0,0,0,9,9,3,3,2,1,0,0,0,6,4,2,0,8,0,3,1
57407664,2,57407665,,2,1,1,*,*,*,*,*,*,*,*,*,*,*,*,*,*,*,*,*,*,*,*,*,*,*,*,*,*,*,*,*,*,1,1,*,*,*,*,*,*,*,*,*,*,*,*,*,*,*
57407665,1,,57407654;57407664,39,18,21,1,0,1,42,20,22,25,14,11,41,20,21,41,20,21,17,6,11,9,3,6,4,1,3,0,0,0,0,0,0,12,12,4,2,6,0,1,2,0,11,5,6,0,12,0,2,1
57407666,0,,,18,6,12,0,0,0,18,6,12,8,2,6,18,6,12,18,6,12,10,4,6,5,0,5,5,0,5,0,0,0,0,0,0,6,6,0,0,6,0,0,0,0,6,1,5,0,6,0,0,0
57407667,2,57407668,,12,5,7,*,*,*,*,*,*,*,*,*,*,*,*,*,*,*,*,*,*,*,*,*,*,*,*,*,*,*,*,*,*,3,3,*,*,*,*,*,*,*,*,*,*,*,*,*,*,*
57407668,1,,57407667,56,29,27,12,3,9,56,31,25,28,14,14,52,29,23,51,28,23,28,17,11,9,6,3,2,0,2,1,0,1,0,0,0,24,24,10,8,5,0,1,1,2,17,13,4,3,18,0,7,4
57407669,0,,,79,48,31,8,6,2,71,42,29,46,27,19,70,41,29,69,40,29,25,15,10,9,3,6,1,0,1,0,0,0,0,0,0,31,31,10,7,4,8,1,1,0,21,17,4,2,19,0,8,6
57407670,0,,,15,7,8,0,0,0,15,7,8,4,2,2,15,7,8,15,7,8,11,5,6,8,3,5,4,1,3,0,0,0,0,0,0,7,7,1,4,2,0,0,0,0,6,3,3,0,7,0,1,3
57407674,1,,57407675,35,18,17,6,4,2,37,19,18,24,13,11,36,18,18,36,18,18,13,6,7,9,4,5,5,2,3,0,0,0,0,0,0,10,10,0,4,2,2,1,0,2,11,5,6,2,8,0,0,1
57407675,2,57407674,,8,5,3,*,*,*,*,*,*,*,*,*,*,*,*,*,*,*,*,*,*,*,*,*,*,*,*,*,*,*,*,*,*,1,1,*,*,*,*,*,*,*,*,*,*,*,*,*,*,*
57407676,1,,57407677,21,13,8,2,1,1,31,20,11,14,11,3,30,19,11,30,19,11,17,9,8,5,2,3,1,0,1,0,0,0,0,0,0,9,9,4,1,5,1,0,0,1,8,6,2,0,11,0,3,0
57407677,2,57407676,,12,8,4,*,*,*,*,*,*,*,*,*,*,*,*,*,*,*,*,*,*,*,*,*,*,*,*,*,*,*,*,*,*,3,3,*,*,*,*,*,*,*,*,*,*,*,*,*,*,*
57407678,0,,,67,30,37,10,5,5,57,25,32,37,16,21,55,25,30,52,24,28,20,9,11,11,5,6,4,1,3,2,1,1,0,0,0,25,25,5,10,2,4,4,0,0,18,16,2,2,14,0,3,2
57407679,0,,,1113,542,571,113,59,54,1000,483,517,554,290,264,967,466,501,948,460,488,446,193,253,233,96,137,92,34,58,8,3,5,1,0,1,424,423,104,143,76,50,27,18,5,313,238,75,13,278,2,66,71
57407680,0,,,10,4,6,0,0,0,10,4,6,5,2,3,10,4,6,10,4,6,5,2,3,2,1,1,1,0,1,0,0,0,0,0,0,4,4,1,1,1,1,0,0,0,3,2,1,0,3,0,0,1
57407683,2,57407693,,9,5,4,*,*,*,*,*,*,*,*,*,*,*,*,*,*,*,*,*,*,*,*,*,*,*,*,*,*,*,*,*,*,2,2,*,*,*,*,*,*,*,*,*,*,*,*,*,*,*
57407684,0,,,26,11,15,1,1,0,25,10,15,14,4,10,25,10,15,25,10,15,11,6,5,3,1,2,1,0,1,0,0,0,1,0,1,9,9,1,4,1,2,0,1,0,8,6,2,1,8,0,1,3
57407685,0,,,15,8,7,2,2,0,13,6,7,8,4,4,13,6,7,12,6,6,5,2,3,3,1,2,1,0,1,0,0,0,0,0,0,4,4,0,1,1,0,2,0,0,4,3,1,0,3,0,0,1
57407686,0,,,19,8,11,1,1,0,18,7,11,12,4,8,16,6,10,16,6,10,6,3,3,1,1,0,1,1,0,0,0,0,0,0,0,6,6,1,0,3,1,1,0,0,5,4,1,0,3,0,0,0
57407688,0,,,353,169,184,31,17,14,322,152,170,171,86,85,313,146,167,306,144,162,151,66,85,78,29,49,30,7,23,2,1,1,0,0,0,119,119,22,36,26,16,8,3,8,97,57,40,8,87,0,15,17
57407689,0,,,1732,795,937,108,55,53,1624,740,884,820,439,381,1582,717,865,1564,709,855,804,301,503,510,160,350,250,67,183,39,4,35,2,0,2,651,645,178,199,142,67,34,17,8,464,341,123,29,450,4,111,90
57407693,1,,57407683;57407694,23,14,9,1,1,0,36,21,15,18,11,7,34,20,14,33,20,13,18,10,8,12,7,5,6,5,1,0,0,0,0,0,0,8,8,0,5,3,2,2,0,0,12,7,5,1,11,0,0,1
57407694,2,57407693,,5,3,2,*,*,*,*,*,*,*,*,*,*,*,*,*,*,*,*,*,*,*,*,*,*,*,*,*,*,*,*,*,*,2,2,*,*,*,*,*,*,*,*,*,*,*,*,*,*,*
57407695,0,,,19,11,8,0,0,0,19,11,8,8,4,4,19,11,8,19,11,8,11,7,4,6,4,2,3,2,1,1,1,0,0,0,0,9,9,1,6,2,0,0,0,0,8,7,1,0,8,0,1,2
57407696,1,,57407697,17,7,10,2,1,1,25,9,16,11,4,7,25,9,16,25,9,16,14,5,9,10,3,7,3,1,2,0,0,0,0,0,0,6,6,2,3,3,1,0,1,0,8,4,4,0,10,0,2,2
57407697,2,57407696,,10,3,7,*,*,*,*,*,*,*,*,*,*,*,*,*,*,*,*,*,*,*,*,*,*,*,*,*,*,*,*,*,*,4,4,*,*,*,*,*,*,*,*,*,*,*,*,*,*,*
57407698,0,,,223,111,112,15,8,7,208,103,105,107,59,48,202,101,101,199,99,100,101,44,57,50,19,31,10,3,7,0,0,0,0,0,0,94,94,29,33,15,11,2,0,4,65,50,15,4,72,0,21,18
57407699,0,,,593,285,308,59,31,28,534,254,280,283,138,145,520,247,273,508,243,265,251,116,135,134,54,80,60,23,37,4,1,3,2,0,2,231,230,57,77,51,20,16,3,6,173,126,47,11,163,1,36,42
57407700,0,,,204,105,99,22,14,8,182,91,91,95,52,43,181,90,91,181,90,91,87,39,48,51,20,31,17,6,11,2,0,2,0,0,0,60,60,5,18,13,10,6,4,4,55,27,28,6,54,0,5,10
57407701,0,,,211,86,125,25,14,11,186,72,114,85,40,45,180,70,110,176,70,106,101,32,69,61,12,49,33,3,30,7,1,6,0,0,0,50,49,8,11,7,10,4,5,4,41,21,20,4,38,1,7,4
57407702,0,,,131,62,69,12,5,7,119,57,62,60,30,30,115,55,60,112,55,57,59,27,32,17,7,10,9,1,8,0,0,0,0,0,0,44,44,6,16,9,6,2,3,2,38,27,11,2,37,0,5,10
57407703,0,,,77,38,39,8,4,4,69,34,35,37,18,19,67,32,35,66,32,34,32,16,16,11,6,5,2,1,1,1,0,1,0,0,0,25,25,4,8,5,1,4,3,0,21,11,10,0,20,0,3,4
57407704,0,,,108,50,58,5,1,4,103,49,54,49,23,26,100,47,53,98,47,51,54,26,28,21,8,13,5,2,3,0,0,0,1,1,0,41,41,9,15,7,5,3,1,1,32,24,8,1,34,0,8,9
57407705,0,,,2292,1118,1174,271,137,134,1975,952,1023,1404,697,707,1911,928,983,1863,909,954,571,255,316,250,101,149,90,29,61,4,0,4,10,2,8,947,946,310,264,172,121,45,22,12,615,505,110,87,372,66,82,85
57407706,0,,,4700,2289,2411,796,400,396,3833,1843,1990,2948,1448,1500,3675,1760,1915,3580,1709,1871,885,395,490,398,163,235,106,30,76,11,3,8,29,11,18,1927,1926,641,489,340,306,111,25,14,1264,1098,166,212,594,101,164,155
57407707,0,,,4174,2066,2108,601,330,271,3516,1701,1815,2637,1325,1312,3389,1634,1755,3323,1606,1717,879,376,503,452,170,282,166,45,121,16,5,11,20,7,13,1758,1753,649,443,290,255,87,18,11,1069,920,149,182,539,91,135,127
57407708,0,,,183,94,89,16,10,6,167,84,83,97,53,44,161,80,81,159,78,81,70,31,39,39,14,25,11,3,8,1,0,1,8,8,0,67,67,16,20,15,6,5,3,2,51,33,18,4,48,4,5,9
57407709,0,,,55,29,26,3,2,1,52,27,25,23,14,9,52,27,25,50,27,23,29,13,16,13,6,7,3,1,2,0,0,0,0,0,0,18,18,2,9,2,1,1,1,2,16,11,5,1,18,0,2,5
57407710,0,,,158,75,83,10,5,5,148,70,78,77,39,38,144,68,76,143,67,76,71,31,40,38,14,24,17,4,13,3,1,2,0,0,0,49,49,9,12,11,5,5,3,4,40,19,21,2,42,0,5,6
57407711,0,,,148,70,78,15,5,10,133,65,68,77,43,34,131,65,66,128,63,65,56,22,34,33,7,26,11,1,10,1,0,1,0,0,0,43,43,7,5,8,13,6,3,1,36,12,24,4,38,0,7,2
57407712,0,,,29,21,8,1,1,0,28,20,8,23,18,5,28,20,8,23,16,7,5,2,3,2,1,1,2,1,1,0,0,0,0,0,0,5,4,0,1,2,1,0,0,0,4,3,1,0,3,0,0,0
57407713,0,,,61,30,31,5,2,3,56,28,28,32,16,16,55,27,28,53,26,27,24,12,12,19,8,11,4,1,3,0,0,0,0,0,0,20,20,2,9,1,3,4,1,0,18,10,8,0,16,0,0,5
57407714,0,,,624,304,320,47,20,27,577,284,293,329,171,158,569,282,287,564,279,285,248,113,135,112,39,73,47,13,34,3,0,3,2,0,2,223,223,45,65,49,36,19,6,3,176,115,61,13,160,1,28,29
57407715,0,,,555,272,283,62,34,28,486,232,254,373,189,184,466,224,242,457,219,238,113,43,70,41,11,30,6,1,5,0,0,0,4,1,3,235,235,80,68,41,26,12,5,3,152,120,32,14,78,10,14,14
57407716,0,,,414,201,213,69,39,30,339,159,180,285,137,148,327,153,174,324,152,172,54,22,32,28,10,18,13,3,10,0,0,0,11,5,6,186,186,90,31,21,27,11,6,0,94,70,24,22,37,21,6,4
57407717,0,,,958,474,484,119,63,56,826,403,423,624,312,312,799,395,404,779,385,394,202,91,111,80,30,50,23,8,15,0,0,0,11,8,3,410,410,144,110,77,47,20,9,3,258,202,56,36,138,24,40,24
57407718,0,,,886,424,462,88,43,45,798,381,417,574,286,288,761,368,393,741,360,381,224,95,129,85,34,51,35,12,23,5,4,1,8,6,2,348,343,80,102,81,53,21,5,1,259,214,45,19,145,12,28,35
57407719,0,,,273,135,138,23,13,10,250,122,128,148,76,72,242,119,123,236,117,119,102,46,56,46,16,30,18,5,13,3,1,2,0,0,0,94,94,18,25,24,12,8,4,3,75,46,29,8,63,0,12,10
57407720,0,,,60,26,34,6,1,5,54,25,29,30,14,16,52,25,27,52,25,27,24,11,13,9,4,5,5,3,2,0,0,0,0,0,0,16,16,2,2,5,4,1,0,2,14,7,7,2,12,0,2,0
57407721,0,,,414,194,220,23,11,12,391,183,208,204,103,101,382,177,205,374,174,200,187,80,107,92,32,60,32,8,24,2,0,2,0,0,0,141,141,24,43,30,23,8,9,4,117,65,52,5,119,0,20,16
57407722,0,,,137,71,66,13,7,6,124,64,60,71,36,35,120,62,58,120,62,58,53,28,25,25,13,12,11,6,5,0,0,0,0,0,0,49,49,8,18,11,6,2,2,2,40,25,15,4,37,0,8,9
57407723,0,,,240,123,117,19,7,12,221,116,105,115,62,53,213,111,102,209,107,102,106,54,52,42,16,26,23,7,16,1,0,1,0,0,0,88,88,19,25,22,13,4,3,2,68,47,21,3,64,1,13,14
57407724,0,,,366,193,173,34,19,15,328,170,158,180,103,77,318,162,156,312,159,153,148,67,81,82,34,48,27,7,20,3,1,2,0,0,0,134,132,45,29,25,16,8,6,3,87,58,29,9,77,13,12,19
57407725,0,,,390,205,185,32,19,13,358,186,172,198,114,84,354,183,171,350,179,171,160,72,88,76,31,45,26,6,20,0,0,0,1,0,1,120,120,14,37,23,17,14,10,5,105,58,47,6,96,0,5,19
57407726,0,,,147,72,75,21,9,12,125,62,63,75,39,36,121,60,61,119,60,59,50,23,27,18,6,12,10,3,7,1,1,0,2,0,2,52,52,19,9,11,4,2,4,3,33,16,17,6,30,4,6,4
57407727,0,,,249,119,130,30,18,12,218,100,118,124,61,63,211,95,116,204,93,111,94,39,55,38,11,27,17,4,13,2,0,2,0,0,0,75,75,8,24,13,12,8,4,6,66,41,25,9,54,0,5,13
57407728,0,,,440,219,221,59,24,35,381,195,186,283,149,134,369,190,179,357,185,172,98,46,52,37,16,21,13,4,9,2,1,1,3,1,2,168,168,54,31,41,24,8,5,5,113,83,30,21,65,9,14,5
57407729,0,,,176,88,88,19,7,12,157,81,76,98,53,45,148,76,72,144,74,70,59,28,31,31,13,18,17,7,10,0,0,0,0,0,0,53,52,7,18,7,7,6,2,5,45,29,16,2,36,0,4,6
57407730,0,,,52,23,29,6,3,3,46,20,26,27,11,16,46,20,26,46,20,26,19,9,10,11,4,7,9,4,5,0,0,0,0,0,0,17,17,5,3,3,2,2,0,2,12,3,9,3,13,0,2,0
57407731,0,,,170,83,87,9,6,3,161,77,84,91,48,43,159,76,83,157,74,83,70,29,41,36,14,22,15,5,10,1,1,0,0,0,0,54,54,6,16,14,8,6,2,2,48,28,20,2,42,0,3,10
57407732,0,,,204,95,109,16,4,12,188,91,97,113,55,58,182,88,94,179,87,92,75,36,39,44,21,23,17,8,9,1,1,0,0,0,0,64,64,12,12,15,12,7,3,3,51,25,26,6,51,0,10,6
57407733,0,,,169,85,84,23,9,14,146,76,70,91,50,41,143,75,68,142,75,67,55,26,29,29,12,17,11,4,7,2,1,1,3,2,1,51,51,13,9,9,6,6,2,6,38,21,17,8,34,2,3,4
57407734,0,,,98,49,49,9,5,4,89,44,45,45,25,20,87,44,43,86,43,43,44,19,25,18,5,13,11,2,9,0,0,0,0,0,0,33,33,8,6,7,8,2,0,2,25,14,11,3,28,0,6,5
57407735,0,,,53,27,26,4,4,0,49,23,26,30,16,14,47,22,25,47,22,25,19,7,12,9,4,5,0,0,0,0,0,0,0,0,0,15,15,2,1,6,2,2,1,1,13,9,4,1,11,0,2,1
57407736,0,,,112,58,54,7,5,2,105,53,52,59,31,28,104,52,52,104,52,52,46,22,24,26,11,15,8,3,5,0,0,0,0,0,0,32,32,5,6,5,7,5,1,3,27,13,14,2,29,0,4,4
57407737,0,,,126,57,69,14,6,8,112,51,61,73,36,37,107,48,59,106,47,59,39,15,24,14,4,10,5,1,4,0,0,0,0,0,0,44,44,6,16,12,4,2,2,2,37,27,10,4,27,0,4,5
57407738,0,,,885,436,449,88,50,38,796,385,411,487,245,242,774,373,401,766,369,397,309,140,169,138,56,82,49,11,38,7,1,6,7,5,2,320,320,63,98,71,53,19,10,6,257,180,77,27,193,1,28,40
57407739,0,,,154,68,86,19,10,9,135,58,77,73,33,40,131,57,74,130,57,73,62,25,37,36,12,24,13,3,10,1,0,1,0,0,0,49,49,10,13,11,3,4,4,4,39,23,16,5,39,0,9,8
57407740,0,,,67,34,33,1,1,0,66,33,33,39,19,20,64,33,31,62,32,30,27,14,13,17,7,10,6,2,4,0,0,0,0,0,0,22,22,2,6,6,5,3,0,0,20,13,7,0,15,0,1,4
57407741,0,,,83,43,40,7,3,4,76,40,36,33,23,10,75,39,36,74,38,36,43,17,26,18,3,15,8,0,8,3,0,3,0,0,0,27,27,1,10,9,4,1,0,2,26,16,10,1,24,0,1,6
57407742,0,,,96,48,48,8,1,7,88,47,41,48,30,18,87,46,41,86,46,40,40,17,23,23,8,15,8,2,6,0,0,0,0,0,0,29,29,3,6,9,5,3,2,1,26,10,16,0,24,0,1,3
57407743,1,,57407753,57,30,27,2,0,2,60,32,28,32,18,14,58,32,26,56,31,25,28,14,14,11,6,5,3,2,1,0,0,0,0,0,0,23,23,10,4,2,4,2,2,0,14,7,7,1,19,0,6,3
57407744,0,,,131,66,65,8,4,4,123,62,61,72,36,36,116,58,58,112,57,55,51,26,25,21,7,14,12,3,9,1,0,1,0,0,0,40,40,5,12,7,7,6,1,2,34,16,18,2,33,0,3,7
57407745,0,,,324,171,153,21,12,9,303,159,144,171,96,75,292,152,140,287,149,138,132,63,69,60,26,34,23,7,16,0,0,0,2,0,2,106,106,14,28,29,21,5,5,4,92,58,34,2,80,1,8,15
57407746,0,,,222,115,107,21,11,10,201,104,97,124,64,60,195,102,93,194,102,92,77,40,37,38,18,20,17,6,11,1,1,0,1,0,1,68,68,7,16,18,16,6,1,4,61,39,22,6,46,0,4,10
57407747,0,,,127,60,67,23,10,13,104,50,54,76,38,38,101,48,53,98,45,53,28,12,16,13,5,8,5,1,4,2,0,2,0,0,0,39,39,7,10,6,8,2,3,3,32,22,10,6,18,1,3,3
57407748,0,,,185,81,104,24,7,17,161,74,87,99,49,50,159,73,86,156,72,84,62,25,37,34,13,21,15,6,9,2,0,2,1,0,1,70,70,17,21,13,11,5,3,0,53,36,17,8,42,0,7,9
57407749,0,,,214,109,105,16,8,8,192,98,94,107,54,53,183,91,92,179,90,89,85,44,41,39,21,18,11,4,7,2,0,2,0,0,0,61,61,6,16,17,5,5,6,6,54,27,27,2,53,0,6,9
57407750,0,,,106,72,34,5,3,2,101,69,32,52,37,15,99,68,31,99,68,31,49,32,17,10,6,4,1,1,0,0,0,0,0,0,0,19,16,4,4,4,2,0,2,0,12,8,4,0,15,0,4,1
57407751,1,,57407752,265,120,145,29,11,18,240,112,128,134,68,66,234,109,125,231,109,122,106,44,62,41,13,28,18,5,13,0,0,0,0,0,0,94,94,23,30,17,14,6,3,4,73,43,30,6,71,1,13,12
57407752,2,57407751,,4,3,1,*,*,*,*,*,*,*,*,*,*,*,*,*,*,*,*,*,*,*,*,*,*,*,*,*,*,*,*,*,*,3,3,*,*,*,*,*,*,*,*,*,*,*,*,*,*,*
57407753,2,57407743,,5,2,3,*,*,*,*,*,*,*,*,*,*,*,*,*,*,*,*,*,*,*,*,*,*,*,*,*,*,*,*,*,*,1,1,*,*,*,*,*,*,*,*,*,*,*,*,*,*,*
57407754,2,57407755,,9,5,4,*,*,*,*,*,*,*,*,*,*,*,*,*,*,*,*,*,*,*,*,*,*,*,*,*,*,*,*,*,*,3,3,*,*,*,*,*,*,*,*,*,*,*,*,*,*,*
57407755,1,,57407754,111,53,58,10,3,7,110,55,55,57,33,24,107,55,52,105,53,52,53,22,31,23,8,15,11,2,9,0,0,0,0,0,0,32,32,5,6,9,6,5,2,2,30,13,17,3,31,0,4,4
57407756,0,,,45,21,24,4,1,3,41,20,21,29,14,15,38,18,20,35,18,17,12,6,6,9,4,5,1,0,1,0,0,0,0,0,0,12,12,2,3,0,1,4,1,1,10,4,6,0,8,0,1,1
57407757,0,,,152,69,83,18,6,12,134,63,71,76,38,38,132,61,71,127,57,70,58,25,33,26,11,15,10,2,8,0,0,0,0,0,0,30,29,2,11,3,1,5,2,5,26,13,13,3,26,0,2,6
57407758,0,,,192,100,92,20,11,9,172,89,83,104,59,45,167,87,80,163,86,77,68,30,38,33,10,23,20,6,14,0,0,0,0,0,0,58,58,9,15,13,9,3,3,6,48,26,22,3,42,0,5,6
57407759,0,,,85,38,47,3,1,2,82,37,45,51,26,25,79,35,44,79,35,44,31,11,20,17,3,14,6,0,6,1,0,1,2,2,0,30,30,6,6,9,5,4,0,0,24,10,14,2,25,0,6,3
57407760,0,,,125,62,63,15,10,5,110,52,58,58,29,29,109,52,57,107,51,56,52,23,29,21,7,14,9,0,9,0,0,0,0,0,0,48,48,14,17,6,4,2,3,2,34,22,12,4,33,0,8,9
57407761,1,,57407762,108,59,49,7,4,3,104,57,47,55,35,20,103,56,47,102,56,46,49,22,27,20,7,13,12,3,9,2,0,2,0,0,0,37,37,8,7,12,6,2,2,1,29,19,10,2,31,0,5,5
57407762,2,57407761,,3,2,1,*,*,*,*,*,*,*,*,*,*,*,*,*,*,*,*,*,*,*,*,*,*,*,*,*,*,*,*,*,*,1,1,*,*,*,*,*,*,*,*,*,*,*,*,*,*,*
57407763,0,,,8,4,4,0,0,0,8,4,4,6,4,2,7,3,4,7,3,4,2,0,2,1,0,1,0,0,0,0,0,0,0,0,0,4,4,2,1,0,1,0,0,0,2,2,0,0,2,0,1,0
57407764,0,,,38,19,19,0,0,0,38,19,19,20,10,10,35,18,17,35,18,17,18,9,9,10,4,6,3,1,2,0,0,0,0,0,0,10,10,0,2,3,2,1,2,0,10,5,5,0,10,0,0,1
57407765,0,,,54,31,23,0,0,0,54,31,23,32,20,12,51,28,23,50,28,22,22,11,11,7,2,5,5,2,3,1,0,1,0,0,0,19,19,3,7,4,3,1,0,1,16,10,6,0,15,0,2,1
57407766,0,,,80,47,33,9,4,5,71,43,28,38,26,12,70,43,27,70,43,27,33,17,16,9,6,3,3,1,2,0,0,0,0,0,0,31,31,7,10,5,7,2,0,0,24,21,3,5,19,0,4,6
57407767,0,,,91,26,65,0,0,0,91,26,65,12,5,7,90,25,65,90,25,65,79,21,58,64,13,51,44,8,36,8,2,6,0,0,0,9,8,3,1,1,2,0,1,0,5,1,4,0,7,0,3,0
57407768,0,,,82,48,34,10,7,3,72,41,31,41,24,17,70,40,30,69,40,29,31,17,14,10,5,5,6,4,2,0,0,0,0,0,0,32,32,9,11,4,3,3,2,0,23,15,8,4,21,0,4,7
57407769,0,,,115,51,64,1,0,1,114,51,63,52,28,24,113,50,63,113,50,63,62,23,39,36,9,27,17,4,13,0,0,0,0,0,0,39,38,8,14,8,2,5,1,0,30,18,12,0,31,0,4,6
57407770,0,,,502,250,252,54,29,25,447,221,226,267,142,125,433,212,221,424,204,220,180,79,101,85,31,54,24,8,16,1,0,1,0,0,0,203,203,56,65,41,27,6,3,5,147,113,34,16,120,4,32,27
57407771,0,,,33,15,18,2,1,1,31,14,17,20,9,11,31,14,17,31,14,17,11,5,6,4,0,4,2,0,2,0,0,0,0,0,0,9,9,2,0,2,1,3,1,0,7,2,5,1,8,0,1,0
57407772,0,,,63,36,27,8,5,3,55,31,24,33,19,14,51,29,22,49,27,22,22,12,10,9,4,5,3,1,2,0,0,0,0,0,0,16,16,0,4,3,2,5,1,1,16,8,8,2,13,0,0,2
57407773,0,,,24,12,12,2,2,0,22,10,12,16,8,8,22,10,12,21,10,11,6,2,4,4,1,3,1,0,1,0,0,0,0,0,0,8,8,2,3,1,0,1,0,1,6,2,4,1,5,0,1,0
57407774,0,,,26,13,13,5,1,4,21,12,9,11,6,5,21,12,9,20,11,9,10,6,4,4,2,2,2,0,2,0,0,0,0,0,0,9,9,3,2,1,1,1,0,1,6,4,2,1,8,0,3,1
57407775,0,,,57,27,30,4,2,2,53,25,28,26,10,16,53,25,28,53,25,28,27,15,12,12,5,7,7,2,5,1,1,0,0,0,0,17,17,0,6,2,6,3,0,0,17,10,7,0,15,0,0,4
57407776,0,,,19,11,8,0,0,0,19,11,8,4,4,0,19,11,8,19,11,8,15,7,8,7,3,4,5,2,3,2,1,1,0,0,0,11,11,4,6,1,0,0,0,0,7,7,0,0,10,0,3,2
57407777,0,,,30,14,16,1,0,1,29,14,15,14,9,5,28,13,15,27,13,14,15,5,10,8,2,6,8,2,6,0,0,0,0,0,0,8,8,2,0,2,1,2,0,1,6,2,4,0,8,0,2,0
57407778,0,,,160,89,71,16,9,7,144,80,64,89,56,33,138,75,63,134,71,63,55,24,31,27,11,16,8,2,6,0,0,0,2,1,1,45,45,6,11,9,5,6,3,5,39,21,18,4,37,0,5,6
57407779,0,,,48,22,26,8,3,5,40,19,21,19,10,9,40,19,21,39,19,20,21,9,12,9,5,4,3,2,1,0,0,0,8,3,5,18,18,5,3,7,1,1,0,1,13,10,3,3,12,0,3,3
57407780,0,,,114,54,60,15,7,8,99,47,52,64,33,31,95,44,51,93,44,49,35,14,21,22,9,13,11,3,8,1,0,1,1,0,1,48,48,19,10,9,5,2,3,0,29,20,9,4,23,5,5,4
57407781,1,,57407782,57,25,32,7,3,4,55,25,30,36,18,18,52,25,27,52,25,27,19,7,12,9,2,7,4,1,3,0,0,0,1,0,1,15,15,0,4,3,4,2,2,1,16,7,9,1,13,0,0,1
57407782,2,57407781,,5,3,2,*,*,*,*,*,*,*,*,*,*,*,*,*,*,*,*,*,*,*,*,*,*,*,*,*,*,*,*,*,*,1,1,*,*,*,*,*,*,*,*,*,*,*,*,*,*,*
57407783,1,,57407792;57407793,44,23,21,5,2,3,49,24,25,31,16,15,48,24,24,48,24,24,18,8,10,12,4,8,2,0,2,0,0,0,0,0,0,13,13,2,5,5,3,3,0,0,16,10,6,0,13,0,2,4
57407784,0,,,22,10,12,1,0,1,21,10,11,11,5,6,21,10,11,21,10,11,10,5,5,4,1,3,2,0,2,0,0,0,0,0,0,9,9,2,3,2,2,0,0,0,7,5,2,1,7,0,2,2
57407785,0,,,55,29,26,4,3,1,51,26,25,23,12,11,50,26,24,50,26,24,28,14,14,12,6,6,5,3,2,0,0,0,0,0,0,21,21,6,3,8,1,3,0,0,15,11,4,0,18,0,5,2
57407786,0,,,69,31,38,8,3,5,61,28,33,39,18,21,58,28,30,58,28,30,22,10,12,14,5,9,4,1,3,0,0,0,0,0,0,20,20,3,4,3,5,3,0,2,17,9,8,1,14,0,0,2
57407787,0,,,130,61,69,7,3,4,123,58,65,69,33,36,121,58,63,120,58,62,54,25,29,23,9,14,10,3,7,0,0,0,0,0,0,43,43,10,11,7,6,3,4,2,33,17,16,2,34,0,6,8
57407788,0,,,41,21,20,4,2,2,37,19,18,22,13,9,36,19,17,36,19,17,15,6,9,7,2,5,3,0,3,1,0,1,0,0,0,10,10,3,1,1,0,1,1,3,7,1,6,1,8,0,1,0
57407789,0,,,72,37,35,11,5,6,61,32,29,40,22,18,59,30,29,59,30,29,21,10,11,8,2,6,1,0,1,1,0,1,4,4,0,24,24,4,6,7,3,2,1,1,20,14,6,3,15,0,4,2
57407790,0,,,69,34,35,12,7,5,57,27,30,31,14,17,54,26,28,53,26,27,26,13,13,11,5,6,3,1,2,0,0,0,1,0,1,20,20,4,4,4,3,1,3,1,16,8,8,2,17,0,3,3
57407791,0,,,37,19,18,1,0,1,36,19,17,14,8,6,35,19,16,35,19,16,22,11,11,11,4,7,7,2,5,2,0,2,0,0,0,10,10,1,0,4,2,2,1,0,9,3,6,0,9,0,0,0
57407792,2,57407783,,4,1,3,*,*,*,*,*,*,*,*,*,*,*,*,*,*,*,*,*,*,*,*,*,*,*,*,*,*,*,*,*,*,2,2,*,*,*,*,*,*,*,*,*,*,*,*,*,*,*
57407793,2,57407783,,6,2,4,*,*,*,*,*,*,*,*,*,*,*,*,*,*,*,*,*,*,*,*,*,*,*,*,*,*,*,*,*,*,3,3,*,*,*,*,*,*,*,*,*,*,*,*,*,*,*
57407794,0,,,35,19,16,4,2,2,31,17,14,19,11,8,29,15,14,29,15,14,12,6,6,6,2,4,2,1,1,0,0,0,0,0,0,11,11,3,3,1,0,3,0,1,8,4,4,2,8,0,1,2
57407795,0,,,41,24,17,5,5,0,36,19,17,26,14,12,36,19,17,36,19,17,10,5,5,4,1,3,1,1,0,0,0,0,0,0,0,13,13,2,4,2,2,2,0,1,11,8,3,3,8,0,2,2
57407796,0,,,55,31,24,3,1,2,52,30,22,29,18,11,50,29,21,49,28,21,23,12,11,8,4,4,4,2,2,0,0,0,0,0,0,17,17,3,4,5,1,1,1,2,14,9,5,0,14,0,2,2
57407797,0,,,59,29,30,8,6,2,51,23,28,31,15,16,50,23,27,50,23,27,20,8,12,10,4,6,5,0,5,1,0,1,0,0,0,16,16,0,3,5,4,2,2,0,16,5,11,1,12,0,0,0
57407798,0,,,107,36,71,4,2,2,103,34,69,37,16,21,103,34,69,100,33,67,66,18,48,48,8,40,24,3,21,6,1,5,1,0,1,18,17,1,6,1,4,3,2,0,16,6,10,1,15,1,0,1
57407799,0,,,112,49,63,8,2,6,104,47,57,59,26,33,103,46,57,101,45,56,45,21,24,27,12,15,9,4,5,0,0,0,0,0,0,38,38,8,8,8,8,4,2,0,30,16,14,2,31,0,7,6
57412399,2,57413309,,1,0,1,*,*,*,*,*,*,*,*,*,*,*,*,*,*,*,*,*,*,*,*,*,*,*,*,*,*,*,*,*,*,1,1,*,*,*,*,*,*,*,*,*,*,*,*,*,*,*
57413010,2,57413030,,2,1,1,*,*,*,*,*,*,*,*,*,*,*,*,*,*,*,*,*,*,*,*,*,*,*,*,*,*,*,*,*,*,1,1,*,*,*,*,*,*,*,*,*,*,*,*,*,*,*
57413030,1,,57413010,330,182,148,30,11,19,285,163,122,205,122,83,278,159,119,269,153,116,80,41,39,29,16,13,3,1,2,1,0,1,1,1,0,181,181,101,41,16,19,5,0,0,80,73,7,9,59,21,23,16
57413033,0,,,107,45,62,6,2,4,101,43,58,61,25,36,98,43,55,95,41,54,40,18,22,23,8,15,7,2,5,0,0,0,0,0,0,38,38,5,14,10,4,3,1,1,33,22,11,1,28,0,4,7
57413034,0,,,383,196,187,33,12,21,350,184,166,224,129,95,340,177,163,337,176,161,126,55,71,78,30,48,22,9,13,3,1,2,0,0,0,144,144,52,25,28,18,10,7,4,90,52,38,6,87,23,16,13
57413040,0,,,6467,3249,3218,726,392,334,5514,2727,2787,4048,2073,1975,5378,2656,2722,5266,2607,2659,1466,654,812,662,271,391,192,65,127,12,2,10,75,38,37,3048,3045,1248,855,498,311,95,23,15,1761,1577,184,261,984,207,267,260
57413041,0,,,3029,1519,1510,387,203,184,2567,1275,1292,1800,946,854,2479,1220,1259,2397,1171,1226,767,329,438,390,158,232,108,35,73,12,1,11,33,19,14,1384,1383,580,341,234,153,54,16,5,787,702,85,114,520,94,183,109
57413042,0,,,634,322,312,74,42,32,540,270,270,365,191,174,528,264,264,518,259,259,175,79,96,76,29,47,21,5,16,3,1,2,10,4,6,267,267,88,74,60,22,13,6,4,172,144,28,25,114,16,23,24
57413043,0,,,1492,758,734,169,92,77,1307,657,650,850,443,407,1254,627,627,1230,615,615,457,214,243,221,99,122,55,22,33,7,5,2,0,0,0,551,551,147,140,111,84,35,22,12,396,285,111,49,306,9,67,59
57413044,0,,,2121,1062,1059,297,163,134,1818,897,921,1261,644,617,1731,851,880,1693,832,861,557,253,304,271,115,156,61,19,42,4,2,2,7,4,3,758,758,159,214,164,121,59,27,14,599,470,129,69,371,5,76,86
57413045,0,,,39,19,20,5,2,3,34,17,17,28,14,14,31,17,14,29,16,13,6,3,3,2,1,1,0,0,0,0,0,0,0,0,0,12,12,1,1,6,3,0,1,0,11,9,2,0,4,0,0,0
57413050,0,,,6047,3101,2946,784,413,371,5117,2596,2521,3763,2003,1760,4967,2505,2462,4814,2412,2402,1354,593,761,702,285,417,253,84,169,22,3,19,25,13,12,2640,2634,1026,645,463,348,107,33,12,1585,1413,172,226,847,166,213,240
57413051,0,,,3765,1995,1770,431,220,211,3297,1750,1547,2288,1322,966,3223,1712,1511,3120,1639,1481,1009,428,581,527,205,322,178,55,123,14,3,11,12,4,8,1559,1551,607,451,229,168,69,19,8,924,806,118,112,651,100,210,150
57413052,0,,,3853,1958,1895,544,268,276,3272,1665,1607,2307,1248,1059,3152,1600,1552,3063,1547,1516,965,417,548,449,175,274,123,41,82,11,2,9,40,5,35,1473,1469,429,383,287,248,74,33,15,1027,888,139,138,637,61,143,157
57413053,0,,,4495,2205,2290,525,257,268,3955,1939,2016,2547,1295,1252,3833,1875,1958,3744,1827,1917,1408,644,764,713,299,414,223,79,144,27,5,22,39,16,23,1695,1694,391,528,370,254,87,41,23,1292,1071,221,163,871,50,167,258
57413054,0,,,2976,1493,1483,273,144,129,2703,1349,1354,1856,929,927,2599,1293,1306,2530,1254,1276,847,420,427,286,123,163,75,32,43,4,2,2,16,5,11,1063,1063,124,400,258,176,70,24,11,930,800,130,58,546,2,61,214
57413055,0,,,542,256,286,45,23,22,495,232,263,288,152,136,485,224,261,476,221,255,207,80,127,131,42,89,61,16,45,7,1,6,2,1,1,152,151,15,40,35,32,17,7,5,135,81,54,11,104,0,8,14
57413056,0,,,149,73,76,1,1,0,148,72,76,83,38,45,143,70,73,141,69,72,65,34,31,35,19,16,17,11,6,2,1,1,4,2,2,52,52,12,13,9,10,5,2,1,40,21,19,0,44,0,10,6
57413060,0,,,6908,3417,3491,836,426,410,5942,2913,3029,4155,2136,2019,5713,2788,2925,5556,2688,2868,1787,777,1010,887,356,531,256,94,162,15,1,14,17,7,10,2912,2912,970,807,547,368,142,54,24,1913,1614,299,225,1208,148,286,298
57413061,0,,,5858,2833,3025,639,335,304,5117,2436,2681,3399,1692,1707,4980,2363,2617,4876,2310,2566,1718,744,974,879,339,540,289,99,190,26,5,21,24,11,13,2514,2511,845,721,459,322,111,39,14,1635,1380,255,183,1158,109,276,284
57413062,0,,,3630,1762,1868,462,245,217,3143,1502,1641,2126,1061,1065,3020,1438,1582,2936,1403,1533,1017,441,576,511,204,307,159,59,100,8,1,7,9,5,4,1332,1331,267,403,316,209,87,35,14,1057,895,162,116,662,16,112,171
57413063,0,,,2741,1395,1346,360,202,158,2378,1191,1187,1650,865,785,2310,1155,1155,2253,1132,1121,728,326,402,314,125,189,104,32,72,10,4,6,35,20,15,995,993,204,295,224,170,62,30,8,782,649,133,94,458,15,81,95
57413064,0,,,1169,586,583,114,66,48,1055,520,535,638,312,326,1028,509,519,1011,501,510,417,208,209,176,79,97,45,18,27,3,1,2,7,4,3,400,399,42,147,103,52,30,18,7,352,276,76,31,264,1,24,77
57413065,0,,,680,347,333,84,45,39,595,301,294,429,235,194,557,283,274,539,274,265,166,66,100,85,30,55,17,4,13,2,0,2,1,1,0,227,226,47,52,44,45,24,9,5,179,133,46,22,105,14,10,21
57413066,0,,,795,387,408,75,36,39,719,350,369,390,200,190,698,344,354,689,339,350,329,150,179,177,71,106,60,22,38,2,0,2,0,0,0,273,273,52,81,55,45,18,14,8,219,142,77,11,214,1,35,44
57413070,0,,,6170,2925,3245,652,337,315,5474,2559,2915,3426,1694,1732,5322,2483,2839,5222,2430,2792,2048,865,1183,1132,428,704,373,135,238,27,6,21,13,8,5,2476,2471,721,787,486,314,105,39,19,1724,1454,270,174,1281,68,345,331
57413071,0,,,5950,2820,3130,493,266,227,5412,2522,2890,3344,1654,1690,5274,2456,2818,5184,2411,2773,2068,868,1200,1023,387,636,334,110,224,22,7,15,40,20,20,2674,2671,912,858,479,294,93,24,11,1732,1477,255,127,1452,61,461,330
57413072,0,,,3133,1514,1619,324,162,162,2769,1324,1445,1883,943,940,2690,1287,1403,2634,1256,1378,886,381,505,418,162,256,130,42,88,7,2,5,61,6,55,1377,1375,532,362,245,142,63,23,8,829,697,132,91,590,79,164,147
57413073,0,,,181,103,78,12,6,6,169,97,72,79,47,32,168,97,71,167,96,71,90,50,40,43,22,21,11,4,7,0,0,0,4,2,2,88,86,39,26,11,8,0,0,2,47,37,10,4,65,2,30,12
57413074,0,,,632,316,316,37,23,14,595,293,302,331,175,156,581,285,296,575,281,294,264,118,146,155,60,95,49,16,33,1,0,1,0,0,0,213,212,41,53,55,30,22,5,6,171,109,62,7,165,0,29,25
57413075,0,,,324,148,176,27,11,16,297,137,160,177,85,92,285,132,153,282,130,152,120,52,68,60,18,42,19,4,15,3,0,3,0,0,0,102,102,21,26,16,18,9,3,9,81,49,32,8,77,0,13,16
57413076,0,,,312,158,154,32,16,16,280,142,138,152,85,67,273,137,136,272,136,136,128,57,71,77,34,43,25,10,15,2,0,2,0,0,0,112,112,21,38,18,23,5,5,2,90,61,29,5,85,0,13,20
57413080,0,,,3467,1666,1801,383,208,175,3048,1438,1610,1877,928,949,2984,1412,1572,2925,1385,1540,1171,510,661,649,258,391,243,91,152,17,1,16,8,2,6,1348,1345,350,425,274,177,79,25,15,977,805,172,111,732,15,177,172
57413081,0,,,3115,1495,1620,250,139,111,2848,1343,1505,1683,845,838,2778,1305,1473,2729,1277,1452,1165,498,667,606,224,382,204,57,147,16,2,14,37,4,33,1352,1351,443,423,258,141,58,20,8,897,751,146,66,779,54,218,177
57413082,0,,,956,445,511,106,62,44,849,382,467,502,251,251,824,367,457,813,365,448,347,131,216,191,59,132,73,22,51,8,1,7,22,8,14,430,427,160,124,75,50,16,1,1,265,235,30,35,237,15,86,51
57413085,0,,,255,129,126,12,8,4,243,121,122,126,69,57,239,119,120,236,117,119,117,52,65,66,24,42,26,10,16,0,0,0,0,0,0,95,95,18,33,22,12,4,5,1,77,49,28,2,79,0,13,13
57413090,0,,,5470,2538,2932,620,296,324,4828,2228,2600,2977,1437,1540,4673,2152,2521,4576,2107,2469,1851,791,1060,923,367,556,292,92,200,30,3,27,24,12,12,2102,2098,498,647,468,303,124,41,17,1588,1300,288,175,1211,11,290,295
57413091,0,,,4578,2186,2392,510,246,264,4055,1932,2123,2310,1172,1138,3927,1867,2060,3848,1826,2022,1745,760,985,896,361,535,280,93,187,27,7,20,12,4,8,1813,1810,450,601,387,213,88,47,24,1349,1118,231,117,1158,11,302,315
57413092,0,,,5174,2464,2710,545,289,256,4587,2152,2435,2873,1420,1453,4464,2079,2385,4364,2034,2330,1714,732,982,940,377,563,284,107,177,15,6,9,53,11,42,2101,2100,583,659,427,277,99,32,23,1497,1253,244,159,1138,49,270,297
57413093,0,,,1460,645,815,155,64,91,1285,568,717,876,392,484,1254,555,699,1234,543,691,409,176,233,233,96,137,87,32,55,5,2,3,182,34,148,696,695,333,144,114,63,28,10,3,351,295,56,43,261,101,70,54
57413094,0,,,4,0,4,0,0,0,4,0,4,4,0,4,4,0,4,4,0,4,0,0,0,0,0,0,0,0,0,0,0,0,4,0,4,4,4,4,0,0,0,0,0,0,0,0,0,0,0,4,0,0
57413097,2,57413098,,1,0,1,*,*,*,*,*,*,*,*,*,*,*,*,*,*,*,*,*,*,*,*,*,*,*,*,*,*,*,*,*,*,1,1,*,*,*,*,*,*,*,*,*,*,*,*,*,*,*
57413098,1,,57413097,22,10,12,0,0,0,23,10,13,11,5,6,23,10,13,23,10,13,12,5,7,8,3,5,1,0,1,0,0,0,1,0,1,12,12,6,5,1,1,0,0,0,7,5,2,0,8,0,3,3
57413192,1,,57413193,107,58,49,6,3,3,103,57,46,49,31,18,101,57,44,98,55,43,54,26,28,26,12,14,9,4,5,0,0,0,0,0,0,37,37,8,13,7,6,2,1,2,31,25,6,2,30,0,6,7
57413193,2,57413192,,2,2,0,*,*,*,*,*,*,*,*,*,*,*,*,*,*,*,*,*,*,*,*,*,*,*,*,*,*,*,*,*,*,2,2,*,*,*,*,*,*,*,*,*,*,*,*,*,*,*
57413308,2,57413309,,1,0,1,*,*,*,*,*,*,*,*,*,*,*,*,*,*,*,*,*,*,*,*,*,*,*,*,*,*,*,*,*,*,1,1,*,*,*,*,*,*,*,*,*,*,*,*,*,*,*
57413309,1,,57412399;57413308;57413319,182,83,99,4,0,4,183,85,98,44,28,16,183,85,98,183,85,98,139,57,82,97,36,61,48,13,35,5,0,5,1,1,0,110,108,66,38,6,2,0,0,0,44,41,3,1,87,3,49,29
57413319,2,57413309,,3,2,1,*,*,*,*,*,*,*,*,*,*,*,*,*,*,*,*,*,*,*,*,*,*,*,*,*,*,*,*,*,*,2,2,*,*,*,*,*,*,*,*,*,*,*,*,*,*,*
57413326,1,,57413327,26,12,14,0,0,0,29,14,15,6,3,3,29,14,15,29,14,15,23,11,12,14,5,9,6,1,5,1,0,1,0,0,0,18,18,13,8,0,0,0,0,0,8,7,1,0,17,0,9,3
57413327,2,57413326,,3,2,1,*,*,*,*,*,*,*,*,*,*,*,*,*,*,*,*,*,*,*,*,*,*,*,*,*,*,*,*,*,*,3,3,*,*,*,*,*,*,*,*,*,*,*,*,*,*,*
57413337,0,,,31,16,15,0,0,0,31,16,15,7,4,3,31,16,15,31,16,15,24,12,12,10,3,7,3,1,2,0,0,0,1,1,0,21,21,13,7,0,1,0,0,0,7,6,1,0,19,0,12,4
57413343,2,57413353,,6,3,3,*,*,*,*,*,*,*,*,*,*,*,*,*,*,*,*,*,*,*,*,*,*,*,*,*,*,*,*,*,*,4,4,*,*,*,*,*,*,*,*,*,*,*,*,*,*,*
57413353,1,,57413343;57413354;57413363,26,15,11,1,1,0,42,23,19,12,7,5,42,23,19,42,23,19,30,16,14,23,10,13,9,3,6,0,0,0,1,0,1,17,17,16,12,1,0,0,0,0,13,12,1,1,22,0,13,8
57413354,2,57413353,,5,3,2,*,*,*,*,*,*,*,*,*,*,*,*,*,*,*,*,*,*,*,*,*,*,*,*,*,*,*,*,*,*,5,5,*,*,*,*,*,*,*,*,*,*,*,*,*,*,*
57413359,2,57413369,,9,6,3,*,*,*,*,*,*,*,*,*,*,*,*,*,*,*,*,*,*,*,*,*,*,*,*,*,*,*,*,*,*,5,5,*,*,*,*,*,*,*,*,*,*,*,*,*,*,*
57413363,2,57413353,,6,3,3,*,*,*,*,*,*,*,*,*,*,*,*,*,*,*,*,*,*,*,*,*,*,*,*,*,*,*,*,*,*,3,3,*,*,*,*,*,*,*,*,*,*,*,*,*,*,*
57413369,1,,57413359,30,16,14,0,0,0,39,22,17,10,7,3,37,21,16,37,21,16,29,15,14,26,14,12,13,7,6,1,0,1,0,0,0,16,16,8,10,1,2,0,0,0,13,12,1,0,18,0,6,9
57413377,2,57413388,,7,3,4,*,*,*,*,*,*,*,*,*,*,*,*,*,*,*,*,*,*,*,*,*,*,*,*,*,*,*,*,*,*,3,3,*,*,*,*,*,*,*,*,*,*,*,*,*,*,*
57413379,0,,,61,31,30,1,0,1,60,31,29,19,10,9,60,31,29,60,31,29,41,21,20,25,9,16,8,2,6,2,0,2,0,0,0,35,35,15,16,3,0,1,0,0,20,19,1,0,29,0,11,9
57413387,0,,,133,80,53,7,5,2,126,75,51,75,47,28,125,74,51,124,73,51,51,28,23,20,11,9,6,3,3,0,0,0,8,6,2,52,52,14,17,11,4,2,3,1,36,25,11,1,33,5,3,10
57413388,1,,57413377,133,72,61,6,3,3,134,72,62,58,36,22,133,71,62,133,71,62,76,36,40,33,17,16,11,7,4,1,1,0,1,0,1,60,60,21,20,12,8,1,1,0,38,29,9,2,49,1,13,14
57413389,1,,57413399,10,4,6,0,0,0,16,7,9,8,3,5,16,7,9,16,7,9,8,4,4,4,2,2,0,0,0,0,0,0,0,0,0,4,4,0,5,2,0,0,0,0,7,6,1,0,4,0,0,2
57413397,0,,,87,46,41,8,4,4,79,42,37,39,24,15,79,42,37,77,40,37,40,18,22,19,7,12,9,1,8,0,0,0,1,1,0,31,31,8,10,6,1,0,5,1,23,15,8,2,24,0,3,4
57413398,0,,,42,23,19,0,0,0,42,23,19,18,10,8,41,23,18,41,23,18,24,13,11,13,7,6,3,1,2,0,0,0,2,1,1,16,16,2,6,4,4,0,0,0,13,11,2,0,13,1,0,3
57413399,2,57413389,,6,3,3,*,*,*,*,*,*,*,*,*,*,*,*,*,*,*,*,*,*,*,*,*,*,*,*,*,*,*,*,*,*,3,3,*,*,*,*,*,*,*,*,*,*,*,*,*,*,*
57413431,0,,,28,14,14,2,1,1,26,13,13,12,7,5,26,13,13,25,12,13,14,6,8,7,2,5,4,1,3,0,0,0,0,0,0,11,11,4,1,3,2,1,0,0,7,2,5,1,7,0,1,1
57413444,2,57413454,,7,6,1,*,*,*,*,*,*,*,*,*,*,*,*,*,*,*,*,*,*,*,*,*,*,*,*,*,*,*,*,*,*,6,6,*,*,*,*,*,*,*,*,*,*,*,*,*,*,*
57413450,0,,,336,154,182,12,7,5,324,147,177,131,70,61,318,144,174,314,143,171,193,77,116,132,43,89,64,18,46,10,0,10,1,1,0,163,160,88,47,11,10,3,1,0,71,56,15,3,104,8,55,25
57413451,0,,,39,23,16,1,1,0,38,22,16,20,13,7,37,21,16,36,20,16,18,9,9,11,6,5,3,2,1,0,0,0,2,1,1,20,20,9,6,4,0,0,1,0,11,9,2,0,14,1,6,4
57413454,1,,57413444,10,6,4,0,0,0,17,12,5,12,8,4,16,12,4,16,12,4,5,4,1,1,1,0,0,0,0,0,0,0,0,0,0,9,9,13,2,0,0,0,0,0,2,2,0,0,4,4,2,2
57413460,0,,,187,105,82,8,7,1,179,98,81,95,60,35,177,97,80,175,96,79,84,38,46,37,14,23,12,3,9,1,1,0,14,13,1,89,89,28,38,15,5,0,3,0,59,51,8,0,56,12,10,19
57413461,0,,,123,79,44,3,1,2,120,78,42,70,54,16,119,77,42,117,76,41,50,24,26,24,10,14,9,3,6,1,0,1,13,13,0,81,81,51,20,8,2,0,0,0,30,25,5,0,32,16,11,9
57413491,1,,57413492,33,21,12,0,0,0,38,24,14,20,13,7,37,23,14,37,23,14,18,11,7,5,3,2,1,1,0,0,0,0,0,0,0,18,18,7,11,3,0,0,0,0,14,12,2,0,14,0,4,5
57413492,2,57413491,,5,3,2,*,*,*,*,*,*,*,*,*,*,*,*,*,*,*,*,*,*,*,*,*,*,*,*,*,*,*,*,*,*,3,3,*,*,*,*,*,*,*,*,*,*,*,*,*,*,*
57414000,0,,,1598,769,829,174,99,75,1416,664,752,733,368,365,1385,649,736,1369,638,731,683,296,387,387,150,237,150,45,105,13,4,9,5,1,4,560,555,121,181,122,84,29,12,6,430,344,86,50,344,4,58,99
57414001,0,,,2987,1455,1532,257,134,123,2725,1317,1408,1738,875,863,2640,1268,1372,2582,1240,1342,987,442,545,451,188,263,168,46,122,25,4,21,2,1,1,1072,1067,182,377,251,160,62,25,10,875,730,145,57,568,15,82,166
57414002,0,,,2738,1363,1375,382,205,177,2347,1151,1196,1502,757,745,2278,1114,1164,2242,1095,1147,845,394,451,371,170,201,75,34,41,4,0,4,13,3,10,974,973,135,340,223,168,80,16,11,824,689,135,99,546,4,79,166
57414003,1,,57414004,225,92,133,21,10,11,206,82,124,123,53,70,202,81,121,199,80,119,83,29,54,50,13,37,19,3,16,1,0,1,8,0,8,92,91,34,27,14,11,6,1,0,59,47,12,6,48,8,15,11
57414004,2,57414003,,2,0,2,*,*,*,*,*,*,*,*,*,*,*,*,*,*,*,*,*,*,*,*,*,*,*,*,*,*,*,*,*,*,2,2,*,*,*,*,*,*,*,*,*,*,*,*,*,*,*
57414006,2,57414007,,7,4,3,*,*,*,*,*,*,*,*,*,*,*,*,*,*,*,*,*,*,*,*,*,*,*,*,*,*,*,*,*,*,4,4,*,*,*,*,*,*,*,*,*,*,*,*,*,*,*
57414007,1,,57414006,88,44,44,1,1,0,94,47,47,25,16,9,94,47,47,94,47,47,69,31,38,37,17,20,11,5,6,0,0,0,0,0,0,47,46,14,30,4,2,0,0,0,36,34,2,0,43,0,9,21
57414008,0,,,56,26,30,0,0,0,56,26,30,14,8,6,56,26,30,56,26,30,42,18,24,26,12,14,6,1,5,0,0,0,0,0,0,30,30,10,17,0,3,0,0,0,20,18,2,0,27,0,9,11
57414009,0,,,87,45,42,0,0,0,87,45,42,20,12,8,87,45,42,87,45,42,67,33,34,31,16,15,11,3,8,1,0,1,1,0,1,46,46,12,27,7,0,0,0,0,34,32,2,0,41,0,9,21
57414010,0,,,136,74,62,12,7,5,124,67,57,69,43,26,122,66,56,120,64,56,55,24,31,32,13,19,9,3,6,1,0,1,2,2,0,51,51,16,13,10,5,3,0,4,35,23,12,3,36,2,8,7
57414011,0,,,33,12,21,5,0,5,28,12,16,22,9,13,28,12,16,27,12,15,6,3,3,4,1,3,3,0,3,1,0,1,0,0,0,12,12,1,5,3,2,1,0,0,11,7,4,1,5,0,0,1
57414012,0,,,21,11,10,1,1,0,20,10,10,8,3,5,19,10,9,19,10,9,12,7,5,7,4,3,3,1,2,1,0,1,0,0,0,9,9,3,4,0,0,2,0,0,6,4,2,0,8,0,3,2
57414013,0,,,98,52,46,3,3,0,95,49,46,40,23,17,94,49,45,92,47,45,55,26,29,25,9,16,12,4,8,0,0,0,1,1,0,47,47,20,14,6,4,2,1,0,27,20,7,0,37,0,15,8
57414019,2,57414029,,8,3,5,*,*,*,*,*,*,*,*,*,*,*,*,*,*,*,*,*,*,*,*,*,*,*,*,*,*,*,*,*,*,5,5,*,*,*,*,*,*,*,*,*,*,*,*,*,*,*
57414020,0,,,24,10,14,1,0,1,23,10,13,17,7,10,22,10,12,22,10,12,6,3,3,4,2,2,1,0,1,0,0,0,0,0,0,6,6,0,1,1,2,1,1,0,6,3,3,0,4,0,0,1
57414021,0,,,155,73,82,16,6,10,139,67,72,78,39,39,135,65,70,133,64,69,61,28,33,25,9,16,15,5,10,2,0,2,0,0,0,45,45,8,7,7,11,4,8,0,37,17,20,2,34,0,4,3
57414022,0,,,14,10,4,0,0,0,14,10,4,10,7,3,14,10,4,14,10,4,4,3,1,1,1,0,1,1,0,0,0,0,0,0,0,6,6,1,2,3,0,0,0,0,5,5,0,0,4,0,0,0
57414023,0,,,112,53,59,0,0,0,112,53,59,42,19,23,112,53,59,111,52,59,70,34,36,39,15,24,16,7,9,0,0,0,1,0,1,54,54,17,23,9,3,2,0,0,34,26,8,0,46,0,13,14
57414029,1,,57414019,2,1,1,0,0,0,10,4,6,5,3,2,10,4,6,10,4,6,5,1,4,4,1,3,0,0,0,0,0,0,0,0,0,1,1,2,4,0,0,0,0,0,4,4,0,0,4,0,2,1
57414031,0,,,1229,572,657,270,139,131,955,432,523,814,381,433,845,387,458,786,358,428,141,51,90,84,27,57,39,5,34,3,0,3,0,0,0,345,344,26,60,77,115,48,14,4,316,287,29,32,63,0,9,19
57414032,0,,,306,124,182,27,10,17,279,114,165,143,76,67,263,102,161,257,98,159,136,38,98,117,26,91,83,12,71,16,4,12,0,0,0,72,71,11,14,22,14,9,1,0,60,46,14,6,34,0,7,4
57414034,0,,,148,78,70,6,3,3,140,73,67,82,42,40,135,70,65,129,67,62,58,31,27,26,12,14,4,1,3,1,0,1,1,0,1,81,81,41,22,12,4,1,1,0,39,34,5,1,37,18,5,13
57414041,0,,,388,201,187,120,70,50,263,129,134,244,119,125,233,113,120,227,110,117,19,10,9,7,3,4,1,0,1,0,0,0,0,0,0,113,113,9,19,23,41,18,3,0,102,96,6,25,15,0,2,1
57414042,0,,,65,35,30,17,8,9,48,27,21,41,24,17,46,25,21,45,25,20,7,3,4,4,1,3,2,0,2,0,0,0,6,5,1,24,24,7,4,6,4,2,1,0,15,14,1,2,5,3,2,1
57414043,0,,,6,6,0,0,0,0,6,6,0,6,6,0,6,6,0,6,6,0,0,0,0,0,0,0,0,0,0,0,0,0,6,6,0,6,6,6,0,0,0,0,0,0,0,0,0,0,0,3,0,0
57414044,0,,,468,228,240,29,16,13,439,212,227,211,120,91,427,204,223,426,204,222,228,92,136,127,49,78,49,14,35,7,1,6,0,0,0,189,189,43,62,50,23,7,4,0,146,106,40,7,145,2,33,32
57414045,0,,,729,329,400,71,32,39,658,297,361,412,206,206,642,289,353,626,284,342,246,91,155,143,44,99,44,10,34,4,0,4,5,0,5,306,306,107,89,48,33,14,8,7,197,146,51,10,173,16,41,31
57414052,1,,57414053,82,37,45,1,0,1,91,40,51,37,18,19,91,40,51,90,40,50,54,22,32,37,13,24,23,6,17,2,2,0,0,0,0,25,24,8,11,3,4,0,2,1,21,14,7,0,24,0,5,5
57414053,2,57414052,,10,3,7,*,*,*,*,*,*,*,*,*,*,*,*,*,*,*,*,*,*,*,*,*,*,*,*,*,*,*,*,*,*,5,5,*,*,*,*,*,*,*,*,*,*,*,*,*,*,*
57414054,2,57414055,,9,4,5,*,*,*,*,*,*,*,*,*,*,*,*,*,*,*,*,*,*,*,*,*,*,*,*,*,*,*,*,*,*,3,3,*,*,*,*,*,*,*,*,*,*,*,*,*,*,*
57414055,1,,57414054,1828,841,987,136,74,62,1699,769,930,907,451,456,1668,755,913,1645,738,907,792,318,474,469,161,308,199,58,141,34,5,29,11,2,9,731,728,236,221,143,85,29,13,4,490,381,109,35,464,25,120,106
57414056,0,,,1395,679,716,99,59,40,1296,620,676,701,355,346,1266,607,659,1251,602,649,595,265,330,323,131,192,110,36,74,15,4,11,1,0,1,537,535,138,160,108,80,32,10,7,393,282,111,32,371,11,74,74
57414057,2,57414068,,1,0,1,*,*,*,*,*,*,*,*,*,*,*,*,*,*,*,*,*,*,*,*,*,*,*,*,*,*,*,*,*,*,1,1,*,*,*,*,*,*,*,*,*,*,*,*,*,*,*
57414058,0,,,54,30,24,1,1,0,53,29,24,28,17,11,53,29,24,52,28,24,25,12,13,18,7,11,7,3,4,0,0,0,1,0,1,18,18,2,7,4,2,1,1,1,16,10,6,0,16,0,0,2
57414059,0,,,61,28,33,12,6,6,49,22,27,25,10,15,47,22,25,47,22,25,24,12,12,15,7,8,6,2,4,1,0,1,0,0,0,20,20,6,6,0,3,2,1,2,14,8,6,3,15,0,4,1
57414060,0,,,20,12,8,0,0,0,20,12,8,10,8,2,17,9,8,16,8,8,10,4,6,3,1,2,0,0,0,0,0,0,0,0,0,6,6,1,3,0,0,0,1,1,5,3,2,0,6,0,1,2
57414061,0,,,12,7,5,0,0,0,12,7,5,2,1,1,12,7,5,12,7,5,10,6,4,7,5,2,4,3,1,0,0,0,0,0,0,6,6,2,2,2,0,0,0,0,4,4,0,0,6,0,2,1
57414062,0,,,20,8,12,1,0,1,19,8,11,6,4,2,19,8,11,19,8,11,13,4,9,6,1,5,2,0,2,0,0,0,0,0,0,10,10,4,4,1,0,1,0,0,6,5,1,1,9,0,3,1
57414063,0,,,36,17,19,0,0,0,36,17,19,12,7,5,36,17,19,36,17,19,24,10,14,18,5,13,12,4,8,1,0,1,3,3,0,13,12,3,5,3,1,0,0,0,8,6,2,0,11,0,3,3
57414064,0,,,57,32,25,6,6,0,51,26,25,30,15,15,50,25,25,48,24,24,21,11,10,16,8,8,3,3,0,0,0,0,0,0,0,16,16,0,4,5,4,1,1,1,16,9,7,2,14,0,0,2
57414065,0,,,2731,1300,1431,305,166,139,2424,1132,1292,1504,739,765,2349,1092,1257,2289,1065,1224,920,393,527,485,195,290,129,49,80,10,1,9,11,6,5,1059,1057,224,378,218,147,57,22,11,822,685,137,77,624,8,142,153
57414066,0,,,1339,659,680,144,72,72,1195,587,608,733,375,358,1167,573,594,1140,562,578,462,212,250,221,98,123,66,23,43,4,0,4,1,0,1,516,516,113,178,102,75,29,15,4,400,333,67,43,299,4,62,94
57414067,1,,57414077,131,62,69,7,4,3,130,60,70,57,26,31,127,59,68,127,59,68,73,34,39,39,17,22,15,7,8,1,0,1,0,0,0,45,45,7,20,8,9,2,1,2,42,29,13,2,42,0,7,15
57414068,1,,57414057,108,53,55,3,1,2,106,52,54,64,33,31,103,50,53,103,50,53,42,19,23,24,8,16,10,4,6,0,0,0,0,0,0,38,38,10,7,11,5,4,2,0,29,20,9,1,30,1,6,3
57414069,0,,,56,32,24,0,0,0,56,32,24,23,17,6,56,32,24,56,32,24,33,15,18,17,7,10,10,3,7,0,0,0,0,0,0,25,25,6,10,6,3,0,0,0,19,17,2,0,22,0,5,4
57414070,0,,,83,41,42,14,8,6,69,33,36,37,18,19,68,32,36,67,32,35,32,15,17,17,7,10,4,1,3,1,0,1,1,0,1,23,23,3,7,3,6,0,1,3,20,14,6,3,18,0,1,4
57414071,0,,,16,8,8,0,0,0,16,8,8,7,2,5,16,8,8,16,8,8,9,6,3,6,3,3,5,3,2,0,0,0,0,0,0,6,6,1,2,1,2,0,0,0,5,2,3,0,6,0,1,1
57414072,0,,,12,8,4,1,1,0,11,7,4,5,3,2,11,7,4,11,7,4,6,4,2,4,3,1,3,2,1,1,1,0,0,0,0,4,4,1,1,1,0,0,1,0,3,2,1,0,4,0,1,1
57414073,0,,,129,60,69,4,0,4,125,60,65,67,38,29,121,58,63,120,57,63,58,22,36,34,12,22,7,1,6,0,0,0,6,6,0,56,56,20,17,7,8,2,2,0,34,24,10,2,42,0,17,8
57414074,0,,,346,181,165,36,20,16,310,161,149,170,101,69,303,156,147,299,153,146,140,60,80,86,35,51,27,7,20,2,0,2,0,0,0,117,115,23,34,34,10,4,4,6,92,67,25,7,91,0,20,16
57414075,0,,,945,471,474,111,53,58,834,418,416,525,273,252,807,398,409,794,389,405,309,145,164,153,70,83,50,23,27,3,1,2,0,0,0,358,358,86,104,80,46,30,9,3,270,224,46,29,208,2,57,47
57414076,0,,,11,6,5,2,2,0,9,4,5,5,2,3,9,4,5,9,4,5,4,2,2,1,1,0,0,0,0,0,0,0,0,0,0,5,5,2,1,1,1,0,0,0,3,3,0,0,2,0,0,1
57414077,2,57414067,,6,2,4,*,*,*,*,*,*,*,*,*,*,*,*,*,*,*,*,*,*,*,*,*,*,*,*,*,*,*,*,*,*,4,4,*,*,*,*,*,*,*,*,*,*,*,*,*,*,*
57414078,0,,,63,29,34,2,2,0,61,27,34,27,12,15,60,27,33,57,25,32,34,15,19,12,3,9,5,1,4,1,1,0,1,0,1,20,20,3,4,5,4,3,1,0,17,7,10,2,18,0,1,4
57414080,0,,,17,6,11,2,1,1,15,5,10,9,3,6,14,5,9,14,5,9,6,2,4,3,0,3,2,0,2,0,0,0,0,0,0,5,5,0,1,3,0,0,1,0,5,3,2,0,3,0,0,0
57414081,0,,,51,23,28,5,3,2,46,20,26,29,11,18,43,20,23,41,18,23,17,9,8,8,2,6,3,1,2,0,0,0,0,0,0,19,19,5,3,6,3,2,0,0,14,9,5,1,11,0,2,2
57414082,0,,,105,56,49,7,4,3,98,52,46,48,27,21,96,51,45,95,50,45,50,25,25,18,9,9,5,2,3,2,1,1,1,0,1,35,35,2,16,6,5,3,3,0,33,25,8,2,29,0,1,10
57414083,0,,,166,82,84,21,14,7,145,68,77,75,40,35,138,63,75,138,63,75,70,28,42,31,13,18,17,5,12,3,0,3,0,0,0,55,55,9,21,8,3,7,5,2,46,32,14,1,43,0,7,13
57414084,0,,,173,84,89,10,5,5,163,79,84,93,46,47,159,78,81,157,78,79,70,33,37,36,15,21,5,1,4,1,0,1,9,6,3,66,66,15,16,20,11,2,2,0,51,35,16,2,47,0,7,11
57414085,0,,,92,45,47,6,1,5,86,44,42,36,22,14,84,43,41,84,43,41,50,22,28,27,12,15,8,3,5,0,0,0,4,1,3,37,37,8,17,4,4,2,2,0,29,25,4,1,28,0,5,13
57414086,0,,,47,23,24,5,0,5,42,23,19,20,12,8,42,23,19,42,23,19,22,11,11,12,4,8,7,2,5,2,1,1,0,0,0,20,20,9,5,2,1,1,1,1,11,8,3,1,15,0,6,1
57414087,0,,,34,19,15,3,3,0,31,16,15,15,9,6,30,15,15,29,14,15,16,7,9,7,3,4,2,0,2,1,0,1,0,0,0,14,14,5,4,1,3,0,1,0,9,6,3,0,11,0,4,3
57414088,0,,,60,29,31,3,2,1,57,27,30,28,16,12,54,26,28,54,26,28,29,11,18,12,5,7,3,0,3,1,0,1,6,6,0,22,22,6,3,8,3,0,2,0,15,8,7,0,17,3,3,2
57414089,0,,,45,26,19,7,5,2,38,21,17,17,9,8,36,20,16,36,20,16,21,12,9,7,2,5,2,0,2,1,0,1,0,0,0,15,15,3,4,5,1,0,0,2,12,7,5,0,14,0,3,2
57414090,0,,,83,37,46,21,9,12,62,28,34,43,21,22,58,26,32,55,25,30,19,7,12,12,5,7,1,0,1,1,0,1,0,0,0,24,24,4,4,7,0,7,1,1,20,15,5,4,11,0,1,3
57414091,0,,,80,37,43,17,8,9,63,29,34,35,17,18,63,29,34,62,28,34,28,12,16,11,5,6,5,1,4,1,0,1,0,0,0,23,23,2,6,5,2,6,1,1,20,13,7,6,17,0,1,2
57414092,0,,,196,98,98,28,16,12,168,82,86,106,55,51,161,79,82,159,77,82,62,27,35,32,11,21,11,3,8,1,0,1,0,0,0,67,67,11,22,14,9,6,2,3,53,41,12,10,44,0,6,8
57414093,0,,,45,24,21,1,0,1,44,24,20,21,11,10,42,23,19,41,23,18,23,13,10,17,10,7,5,2,3,1,1,0,0,0,0,17,17,3,9,1,1,1,2,0,14,9,5,0,12,1,1,5
57414094,0,,,101,30,71,4,4,0,97,26,71,12,5,7,97,26,71,97,26,71,85,21,64,71,16,55,49,7,42,12,1,11,0,0,0,9,7,0,2,1,2,0,1,1,7,3,4,2,6,0,0,2
57414095,0,,,50,23,27,7,3,4,43,20,23,27,13,14,41,18,23,41,18,23,16,7,9,8,4,4,3,2,1,0,0,0,0,0,0,15,15,3,3,1,5,1,1,1,12,6,6,2,11,0,3,1
57414096,2,57414097,,8,3,5,*,*,*,*,*,*,*,*,*,*,*,*,*,*,*,*,*,*,*,*,*,*,*,*,*,*,*,*,*,*,2,2,*,*,*,*,*,*,*,*,*,*,*,*,*,*,*
57414097,1,,57414096,33,14,19,4,1,3,37,16,21,24,9,15,37,16,21,36,16,20,13,7,6,8,3,5,2,1,1,0,0,0,0,0,0,10,10,1,2,5,1,1,2,0,11,5,6,3,7,0,0,1
57414098,0,,,78,41,37,0,0,0,78,41,37,31,19,12,78,41,37,78,41,37,47,22,25,22,11,11,7,4,3,1,0,1,0,0,0,33,33,10,9,9,2,3,0,0,23,14,9,0,30,0,8,6
57414099,0,,,87,41,46,2,1,1,85,40,45,46,24,22,82,40,42,81,40,41,39,16,23,18,6,12,9,3,6,1,0,1,0,0,0,24,24,2,3,7,7,2,2,1,21,8,13,0,20,0,2,1
57414101,1,,57414111;57414121,239,124,115,13,8,5,232,119,113,110,62,48,228,117,111,225,117,108,122,57,65,69,29,40,30,14,16,3,2,1,1,0,1,85,85,17,25,22,11,6,4,2,70,42,28,2,78,0,14,17
57414102,0,,,34,20,14,0,0,0,34,20,14,19,12,7,32,18,14,31,17,14,15,8,7,11,7,4,3,3,0,0,0,0,0,0,0,12,12,2,3,3,3,1,0,0,10,9,1,0,9,0,1,2
57414103,0,,,65,40,25,1,1,0,64,39,25,32,24,8,64,39,25,64,39,25,32,15,17,23,12,11,6,2,4,0,0,0,13,13,0,34,34,18,8,2,5,1,0,0,16,10,6,0,20,10,4,8
57414111,2,57414101,,3,2,1,*,*,*,*,*,*,*,*,*,*,*,*,*,*,*,*,*,*,*,*,*,*,*,*,*,*,*,*,*,*,1,1,*,*,*,*,*,*,*,*,*,*,*,*,*,*,*
57414121,2,57414101,,3,1,2,*,*,*,*,*,*,*,*,*,*,*,*,*,*,*,*,*,*,*,*,*,*,*,*,*,*,*,*,*,*,1,1,*,*,*,*,*,*,*,*,*,*,*,*,*,*,*
57414130,2,57414141,,4,4,0,*,*,*,*,*,*,*,*,*,*,*,*,*,*,*,*,*,*,*,*,*,*,*,*,*,*,*,*,*,*,3,3,*,*,*,*,*,*,*,*,*,*,*,*,*,*,*
57414131,2,57414141,,2,1,1,*,*,*,*,*,*,*,*,*,*,*,*,*,*,*,*,*,*,*,*,*,*,*,*,*,*,*,*,*,*,1,1,*,*,*,*,*,*,*,*,*,*,*,*,*,*,*
57414141,1,,57414130;57414131,738,355,383,72,32,40,672,328,344,412,216,196,651,319,332,638,314,324,260,112,148,123,44,79,36,13,23,1,0,1,13,12,1,272,272,60,92,50,41,18,9,6,215,160,55,18,171,14,27,42
57414142,0,,,61,38,23,5,4,1,56,34,22,29,19,10,55,33,22,54,32,22,27,15,12,9,6,3,2,2,0,0,0,0,0,0,0,21,21,3,7,6,2,1,1,1,18,14,4,1,17,0,2,3
57414150,0,,,216,101,115,13,6,7,203,95,108,122,61,61,196,92,104,194,90,104,81,34,47,47,17,30,14,3,11,1,0,1,1,0,1,70,70,12,19,12,13,8,4,2,58,36,22,3,56,0,10,4
57414151,0,,,844,392,452,114,57,57,730,335,395,462,224,238,692,320,372,669,310,359,268,111,157,148,51,97,64,13,51,3,0,3,0,0,0,275,272,58,61,59,56,20,12,6,214,157,57,37,146,1,32,29
57414152,1,,57414153,511,254,257,68,29,39,450,228,222,287,153,134,438,223,215,426,217,209,163,75,88,84,35,49,26,10,16,3,1,2,3,3,0,189,189,47,48,46,33,8,6,4,142,108,34,25,104,2,17,20
57414153,2,57414152,,7,3,4,*,*,*,*,*,*,*,*,*,*,*,*,*,*,*,*,*,*,*,*,*,*,*,*,*,*,*,*,*,*,3,3,*,*,*,*,*,*,*,*,*,*,*,*,*,*,*
57414162,0,,,149,68,81,18,8,10,131,60,71,80,40,40,128,59,69,123,57,66,51,20,31,21,8,13,9,4,5,0,0,0,0,0,0,43,43,4,10,10,10,2,4,3,39,26,13,3,30,0,2,6
57414163,0,,,32,14,18,0,0,0,32,14,18,16,8,8,32,14,18,32,14,18,16,6,10,7,2,5,2,1,1,0,0,0,0,0,0,12,12,2,3,6,0,0,1,0,10,6,4,0,10,0,2,0
57414164,0,,,27,15,12,0,0,0,27,15,12,14,10,4,27,15,12,26,14,12,13,5,8,8,3,5,2,0,2,0,0,0,0,0,0,11,11,2,6,1,1,0,1,0,9,8,1,0,8,0,1,2
57414170,0,,,27,16,11,1,1,0,26,15,11,17,11,6,24,13,11,24,13,11,9,4,5,7,3,4,6,3,3,0,0,0,0,0,0,8,8,1,3,1,1,0,1,1,7,4,3,0,6,0,0,1
57414171,0,,,45,27,18,2,2,0,43,25,18,21,11,10,43,25,18,42,25,17,22,14,8,9,5,4,3,3,0,0,0,0,0,0,0,17,17,2,8,3,2,2,0,0,15,13,2,0,15,0,2,5
57414172,0,,,311,159,152,45,29,16,266,130,136,184,91,93,259,125,134,250,122,128,82,39,43,35,15,20,11,5,6,0,0,0,1,0,1,117,117,26,37,25,18,5,5,1,89,71,18,11,59,2,13,17
57414173,0,,,1407,681,726,238,113,125,1169,568,601,855,418,437,1109,539,570,1082,522,560,314,150,164,149,66,83,44,14,30,4,0,4,8,8,0,502,502,98,142,117,77,44,22,2,400,332,68,58,208,11,39,60
57414174,0,,,868,409,459,98,51,47,770,358,412,482,233,249,751,346,405,733,337,396,288,125,163,141,50,91,44,13,31,2,1,1,2,0,2,314,314,74,83,71,40,29,11,6,238,163,75,28,197,1,47,37
57414175,0,,,19,12,7,2,2,0,17,10,7,11,6,5,17,10,7,17,10,7,6,4,2,1,1,0,0,0,0,0,0,0,0,0,0,6,6,1,1,2,0,2,0,0,5,2,3,0,5,0,1,0
57414180,0,,,69,33,36,3,2,1,66,31,35,31,19,12,63,29,34,62,28,34,35,12,23,15,3,12,10,1,9,1,0,1,0,0,0,20,20,3,5,4,3,1,1,3,17,7,10,0,19,0,2,2
57414181,0,,,89,50,39,8,4,4,81,46,35,40,25,15,80,45,35,79,44,35,41,21,20,25,12,13,7,5,2,0,0,0,0,0,0,32,32,12,7,3,4,2,2,2,20,9,11,2,27,0,9,4
57414182,0,,,986,473,513,117,53,64,869,420,449,517,261,256,846,408,438,835,405,430,352,159,193,167,66,101,61,14,47,10,1,9,2,0,2,347,346,72,92,74,69,24,7,8,270,189,81,39,223,3,43,40
57414183,0,,,68,22,46,3,1,2,65,21,44,8,5,3,64,20,44,64,20,44,57,16,41,52,14,38,38,9,29,12,2,10,0,0,0,9,6,2,1,1,1,1,0,0,4,3,1,2,3,0,1,1
57414184,0,,,414,212,202,40,28,12,374,184,190,235,121,114,360,175,185,350,171,179,139,63,76,66,25,41,17,4,13,0,0,0,1,1,0,154,154,43,43,27,20,7,10,4,111,76,35,11,101,0,27,16
57414185,0,,,272,137,135,15,9,6,257,128,129,136,80,56,256,127,129,251,124,127,121,48,73,72,19,53,41,8,33,3,0,3,0,0,0,105,103,53,22,11,8,1,5,3,48,27,21,5,46,5,16,6
57414190,0,,,18,7,11,2,0,2,16,7,9,8,3,5,16,7,9,15,7,8,8,4,4,5,2,3,2,1,1,0,0,0,0,0,0,7,7,1,3,2,0,1,0,0,6,4,2,0,6,0,1,2
57414191,0,,,32,15,17,0,0,0,32,15,17,14,7,7,31,14,17,30,14,16,18,8,10,10,4,6,5,2,3,0,0,0,0,0,0,10,10,1,2,2,4,1,0,0,8,4,4,0,8,0,0,2
57414192,0,,,92,56,36,7,4,3,85,52,33,62,41,21,69,36,33,69,36,33,23,11,12,13,4,9,5,2,3,1,0,1,0,0,0,26,25,6,4,5,6,1,2,1,19,12,7,2,16,1,3,3
57414194,0,,,86,48,38,9,3,6,77,45,32,42,24,18,77,45,32,76,45,31,35,21,14,16,8,8,6,2,4,0,0,0,0,0,0,33,33,9,10,6,3,3,2,0,24,13,11,2,24,0,2,3
57414195,0,,,290,123,167,31,20,11,259,103,156,113,58,55,251,101,150,249,101,148,146,45,101,106,27,79,60,12,48,9,1,8,0,0,0,79,77,15,21,16,9,10,5,1,62,42,20,7,52,0,9,10
57414196,0,,,58,29,29,2,2,0,56,27,29,34,16,18,54,25,29,52,24,28,22,11,11,8,4,4,5,1,4,0,0,0,0,0,0,19,19,1,6,5,6,0,1,0,18,10,8,1,16,0,0,4
57414197,0,,,429,331,98,38,18,20,391,313,78,388,312,76,391,313,78,369,292,77,3,1,2,3,1,2,2,1,1,0,0,0,0,0,0,72,64,36,7,7,9,4,1,0,28,27,1,13,2,2,0,0
57414198,0,,,9,5,4,0,0,0,9,5,4,3,1,2,9,5,4,9,5,4,6,4,2,1,0,1,1,0,1,0,0,0,0,0,0,5,5,3,1,0,1,0,0,0,2,1,1,0,4,0,2,1
57414289,0,,,37,20,17,4,1,3,33,19,14,14,10,4,33,19,14,32,18,14,19,9,10,12,4,8,4,3,1,0,0,0,0,0,0,14,14,4,5,2,1,0,1,1,10,7,3,1,12,1,2,4
57414295,0,,,23,9,14,2,1,1,21,8,13,15,5,10,21,8,13,21,8,13,6,3,3,5,2,3,2,1,1,0,0,0,4,0,4,9,9,4,2,1,1,0,0,1,5,4,1,1,5,4,0,1
57414296,2,57414297,,24,22,2,*,*,*,*,*,*,*,*,*,*,*,*,*,*,*,*,*,*,*,*,*,*,*,*,*,*,*,*,*,*,21,21,*,*,*,*,*,*,*,*,*,*,*,*,*,*,*
57414297,1,,57414296,12,6,6,3,3,0,21,13,8,14,10,4,20,13,7,20,13,7,7,3,4,1,1,0,0,0,0,0,0,0,0,0,0,5,5,20,4,0,2,0,0,0,6,6,0,0,5,3,2,2
57414298,0,,,159,81,78,12,8,4,142,69,73,89,43,46,136,68,68,131,65,66,53,26,27,21,8,13,9,3,6,0,0,0,8,2,6,74,74,25,26,15,5,2,0,1,46,38,8,4,39,7,15,7
57414299,0,,,674,334,340,54,23,31,603,299,304,348,184,164,591,292,299,578,284,294,255,115,140,138,59,79,49,17,32,3,1,2,0,0,0,266,266,64,88,58,31,15,9,1,199,136,63,16,164,4,27,42
57414307,0,,,15,6,9,0,0,0,15,6,9,11,4,7,15,6,9,15,6,9,4,2,2,0,0,0,0,0,0,0,0,0,6,0,6,10,10,7,2,0,1,0,0,0,3,3,0,0,2,3,0,2
57414308,1,,57414318,34,13,21,0,0,0,44,20,24,24,10,14,44,20,24,44,20,24,20,10,10,8,2,6,5,0,5,1,0,1,10,0,10,25,25,22,3,4,1,0,0,0,8,5,3,0,16,9,8,2
57414315,2,57414325,,5,2,3,*,*,*,*,*,*,*,*,*,*,*,*,*,*,*,*,*,*,*,*,*,*,*,*,*,*,*,*,*,*,1,1,*,*,*,*,*,*,*,*,*,*,*,*,*,*,*
57414317,0,,,27,17,10,4,2,2,23,15,8,13,9,4,22,14,8,22,14,8,10,6,4,4,3,1,1,1,0,0,0,0,0,0,0,11,11,5,2,2,0,0,2,0,4,4,0,0,7,0,4,1
57414318,2,57414308,,10,7,3,*,*,*,*,*,*,*,*,*,*,*,*,*,*,*,*,*,*,*,*,*,*,*,*,*,*,*,*,*,*,5,5,*,*,*,*,*,*,*,*,*,*,*,*,*,*,*
57414323,0,,,68,36,32,6,4,2,62,32,30,31,15,16,60,32,28,59,31,28,31,17,14,19,11,8,2,1,1,0,0,0,2,2,0,26,26,8,11,2,0,1,1,3,17,13,4,1,21,0,5,7
57414325,1,,57414315,105,53,52,12,5,7,98,50,48,64,37,27,94,47,47,90,44,46,34,13,21,19,7,12,6,2,4,1,1,0,0,0,0,30,30,4,9,3,5,2,7,1,27,12,15,7,22,0,2,4
57414326,2,57414327,,9,5,4,*,*,*,*,*,*,*,*,*,*,*,*,*,*,*,*,*,*,*,*,*,*,*,*,*,*,*,*,*,*,2,2,*,*,*,*,*,*,*,*,*,*,*,*,*,*,*
57414327,1,,57414326,62,34,28,7,5,2,64,34,30,33,20,13,62,32,30,62,32,30,31,14,17,21,8,13,3,0,3,1,0,1,5,4,1,22,22,7,5,5,2,2,1,2,17,8,9,1,17,3,2,4
57414328,2,57414339,,1,1,0,*,*,*,*,*,*,*,*,*,*,*,*,*,*,*,*,*,*,*,*,*,*,*,*,*,*,*,*,*,*,1,1,*,*,*,*,*,*,*,*,*,*,*,*,*,*,*
57414334,1,,57414335,61,37,24,3,2,1,70,44,26,33,23,10,68,43,25,66,42,24,37,21,16,21,10,11,9,5,4,0,0,0,6,5,1,25,25,16,7,6,0,1,1,2,17,12,5,0,24,5,9,5
57414335,2,57414334,,12,9,3,*,*,*,*,*,*,*,*,*,*,*,*,*,*,*,*,*,*,*,*,*,*,*,*,*,*,*,*,*,*,8,8,*,*,*,*,*,*,*,*,*,*,*,*,*,*,*
57414338,2,57414339,,3,2,1,*,*,*,*,*,*,*,*,*,*,*,*,*,*,*,*,*,*,*,*,*,*,*,*,*,*,*,*,*,*,2,2,*,*,*,*,*,*,*,*,*,*,*,*,*,*,*
57414339,1,,57414328;57414338,25,15,10,4,2,2,25,16,9,20,13,7,25,16,9,25,16,9,5,3,2,2,1,1,0,0,0,0,0,0,0,0,0,7,7,3,3,1,1,0,1,1,7,5,2,1,3,0,1,1
57414346,2,57414356,,15,12,3,*,*,*,*,*,*,*,*,*,*,*,*,*,*,*,*,*,*,*,*,*,*,*,*,*,*,*,*,*,*,11,11,*,*,*,*,*,*,*,*,*,*,*,*,*,*,*
57414347,2,57414356,,12,4,8,*,*,*,*,*,*,*,*,*,*,*,*,*,*,*,*,*,*,*,*,*,*,*,*,*,*,*,*,*,*,4,4,*,*,*,*,*,*,*,*,*,*,*,*,*,*,*
57414348,2,57414358,,2,1,1,*,*,*,*,*,*,*,*,*,*,*,*,*,*,*,*,*,*,*,*,*,*,*,*,*,*,*,*,*,*,1,1,*,*,*,*,*,*,*,*,*,*,*,*,*,*,*
57414354,0,,,21,12,9,3,2,1,18,10,8,9,5,4,18,10,8,18,10,8,9,5,4,6,3,3,5,3,2,0,0,0,0,0,0,7,7,1,2,1,2,1,0,0,6,4,2,1,5,0,0,0
57414355,0,,,35,19,16,2,0,2,33,19,14,23,13,10,32,19,13,31,18,13,10,6,4,8,4,4,3,2,1,0,0,0,0,0,0,12,12,4,2,2,1,2,0,1,8,5,3,2,6,0,1,2
57414356,1,,57414346;57414347;57414357,7,6,1,2,1,1,33,22,11,22,17,5,33,22,11,33,22,11,11,5,6,5,1,4,2,0,2,0,0,0,0,0,0,7,7,17,3,1,1,1,0,0,6,5,1,0,7,5,3,2
57414357,2,57414356,,1,1,0,*,*,*,*,*,*,*,*,*,*,*,*,*,*,*,*,*,*,*,*,*,*,*,*,*,*,*,*,*,*,1,1,*,*,*,*,*,*,*,*,*,*,*,*,*,*,*
57414358,1,,57414348;57414369,47,21,26,8,3,5,43,20,23,21,11,10,42,20,22,41,19,22,22,9,13,11,3,8,3,0,3,0,0,0,0,0,0,16,16,4,9,0,2,0,0,3,13,10,3,2,15,0,4,6
57414360,0,,,56,27,29,2,1,1,54,26,28,16,9,7,54,26,28,54,26,28,38,17,21,29,12,17,15,6,9,0,0,0,0,0,0,30,30,15,9,4,0,1,1,0,15,12,3,0,27,0,12,7
57414364,0,,,17,8,9,1,0,1,16,8,8,6,4,2,15,7,8,15,7,8,10,4,6,3,0,3,2,0,2,0,0,0,0,0,0,9,9,4,3,1,1,0,0,0,5,3,2,0,6,0,2,2
57414367,2,57414377,,5,3,2,*,*,*,*,*,*,*,*,*,*,*,*,*,*,*,*,*,*,*,*,*,*,*,*,*,*,*,*,*,*,3,3,*,*,*,*,*,*,*,*,*,*,*,*,*,*,*
57414369,2,57414358,,2,1,1,*,*,*,*,*,*,*,*,*,*,*,*,*,*,*,*,*,*,*,*,*,*,*,*,*,*,*,*,*,*,1,1,*,*,*,*,*,*,*,*,*,*,*,*,*,*,*
57414372,2,57414382,,7,4,3,*,*,*,*,*,*,*,*,*,*,*,*,*,*,*,*,*,*,*,*,*,*,*,*,*,*,*,*,*,*,3,3,*,*,*,*,*,*,*,*,*,*,*,*,*,*,*
57414373,2,57414382,,4,1,3,*,*,*,*,*,*,*,*,*,*,*,*,*,*,*,*,*,*,*,*,*,*,*,*,*,*,*,*,*,*,3,3,*,*,*,*,*,*,*,*,*,*,*,*,*,*,*
57414374,2,57414382,,8,6,2,*,*,*,*,*,*,*,*,*,*,*,*,*,*,*,*,*,*,*,*,*,*,*,*,*,*,*,*,*,*,7,7,*,*,*,*,*,*,*,*,*,*,*,*,*,*,*
57414376,2,57414387,,4,2,2,*,*,*,*,*,*,*,*,*,*,*,*,*,*,*,*,*,*,*,*,*,*,*,*,*,*,*,*,*,*,2,2,*,*,*,*,*,*,*,*,*,*,*,*,*,*,*
57414377,1,,57414367,11,6,5,2,0,2,14,9,5,9,6,3,14,9,5,14,9,5,5,3,2,2,2,0,1,1,0,0,0,0,0,0,0,4,4,3,2,1,0,0,1,0,4,3,1,1,3,0,1,1
57414378,0,,,31,17,14,5,2,3,26,15,11,14,8,6,24,13,11,24,13,11,12,7,5,3,1,2,0,0,0,0,0,0,0,0,0,8,8,1,3,1,0,1,1,1,7,2,5,2,7,1,0,1
57414382,1,,57414372;57414373;57414374;57414384;57414391,35,19,16,1,0,1,57,32,25,24,15,9,57,32,25,56,31,25,33,17,16,11,5,6,5,3,2,0,0,0,0,0,0,15,15,10,13,6,1,0,0,0,20,17,3,1,21,2,6,7
57414384,2,57414382,,2,1,1,*,*,*,*,*,*,*,*,*,*,*,*,*,*,*,*,*,*,*,*,*,*,*,*,*,*,*,*,*,*,1,1,*,*,*,*,*,*,*,*,*,*,*,*,*,*,*
57414387,1,,57414376;57414397,42,21,21,8,2,6,49,24,25,23,10,13,49,24,25,49,24,25,26,14,12,11,5,6,4,1,3,0,0,0,0,0,0,15,15,3,4,6,5,0,0,1,16,10,6,2,16,0,2,4
57414389,0,,,241,202,39,10,7,3,228,192,36,196,173,23,226,191,35,225,191,34,32,19,13,7,2,5,3,1,2,0,0,0,0,0,0,193,193,173,8,6,2,0,2,2,20,16,4,2,24,11,8,4
57414390,0,,,161,91,70,8,3,5,153,88,65,77,52,25,149,85,64,147,83,64,76,36,40,38,17,21,10,3,7,1,0,1,0,0,0,66,65,20,26,7,7,4,0,1,45,36,9,2,53,0,12,18
57414391,2,57414382,,2,1,1,*,*,*,*,*,*,*,*,*,*,*,*,*,*,*,*,*,*,*,*,*,*,*,*,*,*,*,*,*,*,1,1,*,*,*,*,*,*,*,*,*,*,*,*,*,*,*
57414397,2,57414387,,11,3,8,*,*,*,*,*,*,*,*,*,*,*,*,*,*,*,*,*,*,*,*,*,*,*,*,*,*,*,*,*,*,2,2,*,*,*,*,*,*,*,*,*,*,*,*,*,*,*
57414421,1,,57414431,59,31,28,1,1,0,64,33,31,28,18,10,64,33,31,62,31,31,36,15,21,16,5,11,2,1,1,0,0,0,0,0,0,31,31,12,16,4,1,1,0,0,22,18,4,0,24,0,6,9
57414431,2,57414421,,6,3,3,*,*,*,*,*,*,*,*,*,*,*,*,*,*,*,*,*,*,*,*,*,*,*,*,*,*,*,*,*,*,3,3,*,*,*,*,*,*,*,*,*,*,*,*,*,*,*
57414460,0,,,27,13,14,4,1,3,23,12,11,14,9,5,23,12,11,23,12,11,9,3,6,7,2,5,1,0,1,0,0,0,1,0,1,10,10,1,5,2,1,0,1,0,9,6,3,1,6,0,1,2
57414461,0,,,53,24,29,2,1,1,51,23,28,29,12,17,51,23,28,49,23,26,22,11,11,6,1,5,4,0,4,1,0,1,6,0,6,23,23,9,6,4,2,1,0,1,14,11,3,0,15,5,2,3
57414462,1,,57414472,158,83,75,10,6,4,155,82,73,79,47,32,150,80,70,148,79,69,76,35,41,41,18,23,13,7,6,0,0,0,0,0,0,53,53,8,17,17,3,7,3,1,48,30,18,2,49,0,6,10
57414470,2,57414471,,4,2,2,*,*,*,*,*,*,*,*,*,*,*,*,*,*,*,*,*,*,*,*,*,*,*,*,*,*,*,*,*,*,2,2,*,*,*,*,*,*,*,*,*,*,*,*,*,*,*
57414471,1,,57414470,9,4,5,0,0,0,13,6,7,6,3,3,13,6,7,12,6,6,7,3,4,6,2,4,1,0,1,0,0,0,2,0,2,5,5,2,4,1,0,0,0,0,5,5,0,0,5,1,0,2
57414472,2,57414462,,7,5,2,*,*,*,*,*,*,*,*,*,*,*,*,*,*,*,*,*,*,*,*,*,*,*,*,*,*,*,*,*,*,3,3,*,*,*,*,*,*,*,*,*,*,*,*,*,*,*
57414477,1,,57414487,29,16,13,0,0,0,33,18,15,6,3,3,33,18,15,33,18,15,27,15,12,19,9,10,5,3,2,0,0,0,0,0,0,18,18,7,13,0,0,0,0,0,13,13,0,0,18,0,6,11
57414480,1,,57414490,22,9,13,4,0,4,19,10,9,8,4,4,19,10,9,19,10,9,11,6,5,4,1,3,1,0,1,0,0,0,0,0,0,9,7,3,0,1,2,0,1,0,4,2,2,2,5,0,2,0
57414487,2,57414477,,4,2,2,*,*,*,*,*,*,*,*,*,*,*,*,*,*,*,*,*,*,*,*,*,*,*,*,*,*,*,*,*,*,2,2,*,*,*,*,*,*,*,*,*,*,*,*,*,*,*
57414490,2,57414480,,1,1,0,*,*,*,*,*,*,*,*,*,*,*,*,*,*,*,*,*,*,*,*,*,*,*,*,*,*,*,*,*,*,1,0,*,*,*,*,*,*,*,*,*,*,*,*,*,*,*
57415000,0,,,478,241,237,75,43,32,400,197,203,281,149,132,383,187,196,377,186,191,119,48,71,58,21,37,21,7,14,2,0,2,41,25,16,179,178,64,29,28,36,9,8,4,114,76,38,17,79,28,15,11
57415001,2,57415002,,88,30,58,*,*,*,*,*,*,*,*,*,*,*,*,*,*,*,*,*,*,*,*,*,*,*,*,*,*,*,*,*,*,3,2,*,*,*,*,*,*,*,*,*,*,*,*,*,*,*
57415002,1,,57415001,170,84,86,16,10,6,242,104,138,92,47,45,241,103,138,240,103,137,150,57,93,113,41,72,71,24,47,12,2,10,1,0,1,54,54,8,11,17,12,4,3,1,48,27,21,3,44,0,8,7
57415004,0,,,72,37,35,6,3,3,66,34,32,34,19,15,65,33,32,63,32,31,32,15,17,17,6,11,8,2,6,4,0,4,0,0,0,23,23,2,7,6,5,1,1,1,21,16,5,0,19,0,2,2
57415005,0,,,16,8,8,3,3,0,13,5,8,8,4,4,13,5,8,13,5,8,5,1,4,4,0,4,0,0,0,0,0,0,0,0,0,5,5,1,1,2,0,0,0,1,4,2,2,0,4,0,1,0
57415006,0,,,46,26,20,1,1,0,45,25,20,23,16,7,42,23,19,41,22,19,22,9,13,13,5,8,7,3,4,0,0,0,0,0,0,16,16,2,7,2,1,4,0,0,14,8,6,0,15,0,1,2
57415007,2,57415017,,8,2,6,*,*,*,*,*,*,*,*,*,*,*,*,*,*,*,*,*,*,*,*,*,*,*,*,*,*,*,*,*,*,3,3,*,*,*,*,*,*,*,*,*,*,*,*,*,*,*
57415008,0,,,72,38,34,6,5,1,66,33,33,38,20,18,64,32,32,62,31,31,28,13,15,7,3,4,4,2,2,0,0,0,1,0,1,22,22,2,6,6,4,1,2,1,19,11,8,2,17,0,0,5
57415009,0,,,70,35,35,7,2,5,63,33,30,35,19,16,62,33,29,60,33,27,28,14,14,14,7,7,4,0,4,0,0,0,0,0,0,23,23,5,7,4,3,1,0,3,18,11,7,2,16,0,2,3
57415010,0,,,752,359,393,83,38,45,669,321,348,409,209,200,653,314,339,640,305,335,260,112,148,116,46,70,56,14,42,4,1,3,6,2,4,244,244,49,66,42,37,23,14,13,193,119,74,23,168,3,34,20
57415011,0,,,398,166,232,34,22,12,364,144,220,149,68,81,360,144,216,356,144,212,215,76,139,160,44,116,105,28,77,15,1,14,0,0,0,108,107,35,15,23,11,9,13,1,72,34,38,7,90,0,35,6
57415012,1,,57415021,203,111,92,10,6,4,201,107,94,116,63,53,196,103,93,195,102,93,85,44,41,41,17,24,20,7,13,2,1,1,0,0,0,69,69,17,19,17,7,6,4,3,54,31,23,1,52,0,10,4
57415013,0,,,103,53,50,7,4,3,96,49,47,46,25,21,95,48,47,93,46,47,50,24,26,22,8,14,7,3,4,0,0,0,0,0,0,35,35,8,8,8,5,3,2,1,27,14,13,0,33,0,6,5
57415014,0,,,45,18,27,2,2,0,43,16,27,24,7,17,42,16,26,41,16,25,19,9,10,11,4,7,5,2,3,0,0,0,0,0,0,14,14,3,4,1,2,2,1,1,11,6,5,0,12,0,2,1
57415015,0,,,105,51,54,12,7,5,93,44,49,52,28,24,88,41,47,85,38,47,41,16,25,21,4,17,10,2,8,0,0,0,0,0,0,28,28,4,9,2,2,1,8,2,24,11,13,3,25,0,3,5
57415016,0,,,647,325,322,92,53,39,555,272,283,364,185,179,533,259,274,520,253,267,191,87,104,101,42,59,38,15,23,1,1,0,1,0,1,212,211,33,61,38,40,24,10,5,177,127,50,22,127,0,22,23
57415017,1,,57415007,157,80,77,11,5,6,154,77,77,78,42,36,152,76,76,150,76,74,76,35,41,36,15,21,17,4,13,1,0,1,0,0,0,48,48,6,11,13,13,5,1,2,45,24,21,3,42,0,4,7
57415018,0,,,47,23,24,1,1,0,46,22,24,24,12,12,46,22,24,46,22,24,22,10,12,13,4,9,6,1,5,0,0,0,1,0,1,15,15,1,5,4,3,1,0,1,14,8,6,0,14,0,1,0
57415019,0,,,75,35,40,11,7,4,64,28,36,31,15,16,63,28,35,61,26,35,33,13,20,16,4,12,10,1,9,1,0,1,0,0,0,18,18,2,1,3,5,4,0,3,16,3,13,1,17,0,2,0
57415020,0,,,121,60,61,26,13,13,95,47,48,60,33,27,92,46,46,92,46,46,35,14,21,15,6,9,7,3,4,2,1,1,0,0,0,29,29,4,6,3,4,1,7,4,25,12,13,3,21,0,2,1
57415021,2,57415012,,8,2,6,*,*,*,*,*,*,*,*,*,*,*,*,*,*,*,*,*,*,*,*,*,*,*,*,*,*,*,*,*,*,4,4,*,*,*,*,*,*,*,*,*,*,*,*,*,*,*
57415022,0,,,174,81,93,18,7,11,156,74,82,80,39,41,152,73,79,151,73,78,76,35,41,28,11,17,21,7,14,3,0,3,1,0,1,53,53,13,10,9,5,8,3,5,39,17,22,5,44,0,11,4
57415023,0,,,122,59,63,10,6,4,112,53,59,50,25,25,107,50,57,104,49,55,62,28,34,20,8,12,11,4,7,0,0,0,0,0,0,39,39,6,11,11,4,3,0,4,33,19,14,1,33,0,5,8
57415024,0,,,111,54,57,5,2,3,106,52,54,56,28,28,103,52,51,102,51,51,50,24,26,29,11,18,11,4,7,1,0,1,0,0,0,41,41,14,7,8,4,5,3,0,27,15,12,2,34,0,13,3
57415025,0,,,126,59,67,12,6,6,114,53,61,55,26,29,112,51,61,111,51,60,59,27,32,22,7,15,12,2,10,1,0,1,0,0,0,37,37,6,7,11,4,4,0,5,30,12,18,2,32,0,4,4
57415026,0,,,52,23,29,6,2,4,46,21,25,21,11,10,46,21,25,45,21,24,25,10,15,14,4,10,5,0,5,1,0,1,1,1,0,20,20,5,7,5,0,2,0,1,15,10,5,0,16,0,4,5
57415027,0,,,188,95,93,13,9,4,175,86,89,96,48,48,173,85,88,169,84,85,79,38,41,42,21,21,17,8,9,0,0,0,0,0,0,62,62,9,19,14,10,4,4,2,53,35,18,3,48,0,5,10
57415028,0,,,98,46,52,5,2,3,93,44,49,51,24,27,90,43,47,89,43,46,42,20,22,22,10,12,11,4,7,0,0,0,0,0,0,31,31,6,8,6,5,2,1,3,25,16,9,2,25,0,3,6
57415029,0,,,113,55,58,13,7,6,100,48,52,44,21,23,99,48,51,97,48,49,56,27,29,26,10,16,11,4,7,4,0,4,0,0,0,31,31,3,7,9,4,2,2,4,27,14,13,3,29,0,2,7
57415031,0,,,29,17,12,7,4,3,22,13,9,11,7,4,22,13,9,22,13,9,11,6,5,7,4,3,1,1,0,0,0,0,0,0,0,7,7,1,3,0,0,0,0,3,6,3,3,2,6,0,0,2
57415032,1,,57415042,166,81,85,9,6,3,167,80,87,94,50,44,163,76,87,161,75,86,73,30,43,41,14,27,20,4,16,3,1,2,1,0,1,43,42,2,11,12,6,7,3,4,42,19,23,3,38,0,2,5
57415033,0,,,35,18,17,0,0,0,35,18,17,21,11,10,32,17,15,32,17,15,14,7,7,6,3,3,2,1,1,0,0,0,0,0,0,11,11,1,2,5,1,1,1,0,10,9,1,0,9,0,1,0
57415034,0,,,166,94,72,4,1,3,162,93,69,89,57,32,160,92,68,159,91,68,73,36,37,33,13,20,15,6,9,1,0,1,1,0,1,57,57,9,16,15,9,4,4,0,48,30,18,1,44,0,2,9
57415035,0,,,48,24,24,0,0,0,48,24,24,24,15,9,47,23,24,45,21,24,24,9,15,11,4,7,5,2,3,0,0,0,0,0,0,17,17,4,4,3,3,3,0,0,13,6,7,0,17,0,4,4
57415036,0,,,46,23,23,4,2,2,42,21,21,28,14,14,38,18,20,37,17,20,14,7,7,5,4,1,0,0,0,0,0,0,0,0,0,11,11,1,3,1,1,1,2,2,10,4,6,0,9,0,0,3
57415037,0,,,100,44,56,12,7,5,88,37,51,47,18,29,84,36,48,80,36,44,41,19,22,11,4,7,2,0,2,1,0,1,0,0,0,25,25,0,8,6,3,2,2,4,25,13,12,3,23,0,0,6
57415038,0,,,170,86,84,9,4,5,161,82,79,76,41,35,161,82,79,158,81,77,85,41,44,42,18,24,19,8,11,1,0,1,1,0,1,59,59,10,20,13,6,4,5,1,48,31,17,2,52,0,6,13
57415039,0,,,65,31,34,7,4,3,58,27,31,32,17,15,56,26,30,55,26,29,26,10,16,12,3,9,2,0,2,0,0,0,0,0,0,21,21,3,6,6,1,3,1,1,18,10,8,1,17,0,2,3
57415040,0,,,157,67,90,15,8,7,142,59,83,61,34,27,140,59,81,138,57,81,81,25,56,58,11,47,44,6,38,10,3,7,0,0,0,31,30,7,3,5,6,3,2,4,23,9,14,4,20,1,2,2
57415042,2,57415032,,10,5,5,*,*,*,*,*,*,*,*,*,*,*,*,*,*,*,*,*,*,*,*,*,*,*,*,*,*,*,*,*,*,3,3,*,*,*,*,*,*,*,*,*,*,*,*,*,*,*
57415043,0,,,38,19,19,1,1,0,37,18,19,19,11,8,37,18,19,36,17,19,18,7,11,11,4,7,6,3,3,0,0,0,0,0,0,14,14,2,5,3,3,1,0,0,12,8,4,0,12,0,2,1
57415045,0,,,26,13,13,3,1,2,23,12,11,15,8,7,22,11,11,22,11,11,8,4,4,3,1,2,0,0,0,0,0,0,0,0,0,9,9,3,1,2,1,1,1,0,6,2,4,2,6,0,2,0
57415046,0,,,31,14,17,2,0,2,29,14,15,16,8,8,29,14,15,29,14,15,13,6,7,6,2,4,1,0,1,0,0,0,0,0,0,9,9,1,3,1,1,2,0,1,8,3,5,1,8,0,1,2
57415047,0,,,120,54,66,8,3,5,112,51,61,50,25,25,109,50,59,106,50,56,62,26,36,27,10,17,13,3,10,1,0,1,1,0,1,34,34,5,6,7,7,5,1,3,29,13,16,2,30,0,4,4
57415048,0,,,360,186,174,23,12,11,337,174,163,191,103,88,325,168,157,320,165,155,146,71,75,57,21,36,29,9,20,0,0,0,1,0,1,112,112,13,35,21,18,13,9,3,99,61,38,7,88,0,6,15
57415049,0,,,46,23,23,1,1,0,45,22,23,26,13,13,45,22,23,44,22,22,19,9,10,5,2,3,2,0,2,0,0,0,0,0,0,16,16,4,4,4,1,0,3,0,12,8,4,0,11,0,3,3
57415050,0,,,333,158,175,20,11,9,313,147,166,182,90,92,304,140,164,302,140,162,131,57,74,61,21,40,24,5,19,2,0,2,1,0,1,115,115,23,26,26,26,9,4,1,92,54,38,7,85,0,11,10
57415051,0,,,153,75,78,9,6,3,144,69,75,73,37,36,141,67,74,141,67,74,71,32,39,32,13,19,11,5,6,3,1,2,0,0,0,56,56,12,20,13,2,4,2,3,44,29,15,1,45,0,9,8
57415052,0,,,68,36,32,6,6,0,62,30,32,33,19,14,62,30,32,61,29,32,29,11,18,14,4,10,8,1,7,0,0,0,0,0,0,23,23,5,4,7,4,1,1,1,18,10,8,1,18,0,3,2
57415053,0,,,208,113,95,11,7,4,194,104,90,100,58,42,189,102,87,187,101,86,94,46,48,41,14,27,26,6,20,0,0,0,2,0,2,69,67,13,20,15,10,4,2,3,53,31,22,4,56,0,10,10
57415054,0,,,160,76,84,24,8,16,136,68,68,82,42,40,133,67,66,132,67,65,54,26,28,28,8,20,13,3,10,1,0,1,0,0,0,47,47,7,8,15,4,6,5,2,39,20,19,5,36,0,6,3
57415055,0,,,51,24,27,5,1,4,46,23,23,29,16,13,45,23,22,43,22,21,17,7,10,10,3,7,3,1,2,0,0,0,1,0,1,15,15,2,2,4,4,1,2,0,13,8,5,3,12,0,2,2
57415056,0,,,118,64,54,8,5,3,110,59,51,84,48,36,108,57,51,105,55,50,26,11,15,17,5,12,5,1,4,0,0,0,0,0,0,39,39,5,10,10,8,5,1,0,33,25,8,2,20,0,1,0
57415057,0,,,555,283,272,57,33,24,498,250,248,350,179,171,478,241,237,460,233,227,148,71,77,67,30,37,27,11,16,3,1,2,3,0,3,193,193,37,55,42,32,15,7,5,154,119,35,13,106,1,23,21
57415058,0,,,48,26,22,4,3,1,44,23,21,26,14,12,43,22,21,41,21,20,18,9,9,7,3,4,3,1,2,1,0,1,0,0,0,14,14,1,5,2,3,0,2,1,13,7,6,1,11,0,1,1
57415059,0,,,300,144,156,21,9,12,279,135,144,156,79,77,275,134,141,272,133,139,123,56,67,52,18,34,25,9,16,1,0,1,1,0,1,92,92,11,25,24,11,10,6,5,81,46,35,3,76,0,8,14
57415060,0,,,155,82,73,6,1,5,149,81,68,80,49,31,145,78,67,142,77,65,69,32,37,32,14,18,13,5,8,1,1,0,0,0,0,50,50,6,12,13,13,2,4,0,44,24,20,2,43,0,6,6
57415061,0,,,36,21,15,2,1,1,34,20,14,20,11,9,32,19,13,30,17,13,14,9,5,4,2,2,2,1,1,0,0,0,1,0,1,14,14,5,1,4,3,1,0,0,9,4,5,0,10,1,4,0
57415062,1,,57415071;57415072,60,27,33,8,3,5,60,30,30,31,16,15,59,30,29,59,30,29,29,14,15,14,5,9,7,2,5,1,0,1,1,0,1,20,20,5,10,1,4,1,2,1,19,12,7,1,20,0,3,8
57415063,0,,,78,36,42,2,1,1,76,35,41,43,19,24,74,34,40,73,34,39,33,16,17,15,5,10,7,3,4,0,0,0,1,0,1,23,22,3,5,6,4,1,2,1,19,11,8,0,20,0,3,1
57415064,0,,,149,69,80,19,7,12,130,62,68,84,43,41,126,60,66,122,59,63,46,19,27,23,8,15,10,3,7,0,0,0,2,2,0,41,41,4,8,9,9,6,2,3,37,17,20,7,29,2,2,3
57415065,0,,,198,93,105,7,4,3,191,89,102,111,59,52,186,87,99,185,87,98,80,30,50,39,12,27,15,3,12,0,0,0,0,0,0,66,64,13,13,20,9,6,2,1,50,26,24,1,49,0,9,6
57415066,0,,,143,70,73,8,6,2,135,64,71,82,39,43,133,62,71,130,61,69,53,25,28,25,9,16,9,3,6,1,0,1,2,0,2,52,52,12,15,10,9,3,2,1,38,23,15,2,37,0,8,4
57415067,0,,,1307,607,700,150,76,74,1156,530,626,685,331,354,1121,513,608,1100,500,600,471,199,272,255,95,160,97,32,65,10,1,9,7,2,5,513,511,127,180,94,67,23,12,8,382,309,73,42,302,1,79,72
57415068,0,,,437,193,244,64,34,30,373,159,214,246,105,141,357,153,204,344,145,199,127,54,73,54,21,33,10,3,7,1,0,1,1,0,1,182,182,59,50,33,29,6,3,2,122,105,17,12,92,0,35,24
57415069,0,,,284,144,140,24,17,7,260,127,133,146,75,71,252,120,132,247,117,130,114,52,62,53,18,35,22,7,15,3,2,1,1,1,0,94,94,21,24,20,10,7,6,6,73,42,31,8,70,0,15,10
57415070,0,,,26,13,13,2,0,2,24,13,11,14,8,6,24,13,11,24,13,11,10,5,5,6,2,4,2,0,2,0,0,0,1,0,1,9,9,2,3,1,2,0,0,1,7,5,2,1,7,0,1,1
57415071,2,57415062,,5,4,1,*,*,*,*,*,*,*,*,*,*,*,*,*,*,*,*,*,*,*,*,*,*,*,*,*,*,*,*,*,*,2,2,*,*,*,*,*,*,*,*,*,*,*,*,*,*,*
57415072,2,57415062,,3,2,1,*,*,*,*,*,*,*,*,*,*,*,*,*,*,*,*,*,*,*,*,*,*,*,*,*,*,*,*,*,*,2,2,*,*,*,*,*,*,*,*,*,*,*,*,*,*,*
57415073,1,,57415083,34,18,16,8,5,3,35,18,17,23,11,12,34,17,17,34,17,17,12,7,5,3,1,2,1,0,1,0,0,0,2,0,2,11,11,3,2,3,2,0,2,1,10,5,5,3,9,0,2,0
57415074,0,,,12,6,6,0,0,0,12,6,6,4,3,1,12,6,6,12,6,6,8,3,5,3,2,1,0,0,0,0,0,0,0,0,0,5,5,0,3,2,0,0,0,0,5,4,1,0,5,0,0,2
57415075,0,,,35,17,18,6,2,4,29,15,14,22,11,11,28,14,14,27,14,13,7,4,3,2,1,1,0,0,0,0,0,0,0,0,0,9,9,0,2,2,2,1,2,0,9,6,3,2,5,0,0,2
57415076,0,,,146,77,69,22,12,10,124,65,59,73,38,35,121,63,58,120,63,57,51,27,24,17,9,8,4,1,3,1,1,0,0,0,0,42,42,6,12,7,5,3,5,4,36,20,16,7,31,0,5,5
57415077,0,,,1565,741,824,204,114,90,1360,626,734,867,434,433,1312,598,714,1283,587,696,493,192,301,256,85,171,91,23,68,7,0,7,11,0,11,591,589,157,163,118,93,28,13,17,426,326,100,60,317,11,75,61
57415078,0,,,1607,744,863,193,91,102,1414,653,761,925,450,475,1368,625,743,1338,609,729,489,203,286,218,82,136,59,20,39,3,0,3,11,1,10,651,651,170,214,139,79,31,11,7,477,409,68,55,333,15,89,76
57415079,0,,,147,78,69,20,12,8,127,66,61,71,39,32,123,65,58,120,63,57,56,27,29,23,10,13,14,5,9,1,1,0,0,0,0,43,43,11,9,4,7,3,4,5,32,12,20,4,33,0,5,3
57415080,1,,57415090,11,7,4,1,1,0,15,9,6,7,5,2,15,9,6,13,8,5,8,4,4,2,1,1,0,0,0,0,0,0,0,0,0,4,4,1,2,1,2,0,0,0,5,3,2,0,4,0,0,1
57415082,2,57415084,,4,1,3,*,*,*,*,*,*,*,*,*,*,*,*,*,*,*,*,*,*,*,*,*,*,*,*,*,*,*,*,*,*,1,1,*,*,*,*,*,*,*,*,*,*,*,*,*,*,*
57415083,2,57415073,,9,5,4,*,*,*,*,*,*,*,*,*,*,*,*,*,*,*,*,*,*,*,*,*,*,*,*,*,*,*,*,*,*,2,2,*,*,*,*,*,*,*,*,*,*,*,*,*,*,*
57415084,1,,57415082;57415094,47,23,24,1,0,1,53,26,27,30,17,13,53,26,27,52,26,26,23,9,14,11,3,8,6,1,5,0,0,0,1,0,1,15,15,4,2,3,6,0,1,1,13,8,5,1,16,0,3,1
57415085,0,,,58,30,28,8,7,1,50,23,27,30,14,16,49,22,27,47,21,26,20,9,11,6,0,6,3,0,3,0,0,0,0,0,0,16,16,3,1,5,3,1,0,3,13,3,10,1,14,0,2,0
57415086,0,,,80,36,44,5,1,4,75,35,40,39,20,19,71,34,37,71,34,37,36,15,21,20,8,12,9,3,6,1,0,1,0,0,0,27,27,5,6,6,6,3,1,0,22,12,10,1,24,0,3,4
57415087,0,,,1392,630,762,125,68,57,1262,559,703,618,311,307,1232,543,689,1213,533,680,644,248,396,378,123,255,185,38,147,32,2,30,11,4,7,422,417,107,114,103,42,27,15,9,310,243,67,32,251,5,52,55
57415088,0,,,347,176,171,22,13,9,325,163,162,198,109,89,315,156,159,306,152,154,127,54,73,66,25,41,17,4,13,2,0,2,3,0,3,123,123,29,36,27,12,6,7,6,93,66,27,6,83,3,16,15
57415089,0,,,147,75,72,16,8,8,130,66,64,80,47,33,124,60,64,120,57,63,50,19,31,28,10,18,11,3,8,0,0,0,0,0,0,49,49,7,20,9,3,2,6,2,42,29,13,4,36,0,3,4
57415090,2,57415080,,5,3,2,*,*,*,*,*,*,*,*,*,*,*,*,*,*,*,*,*,*,*,*,*,*,*,*,*,*,*,*,*,*,2,2,*,*,*,*,*,*,*,*,*,*,*,*,*,*,*
57415094,2,57415084,,3,2,1,*,*,*,*,*,*,*,*,*,*,*,*,*,*,*,*,*,*,*,*,*,*,*,*,*,*,*,*,*,*,1,1,*,*,*,*,*,*,*,*,*,*,*,*,*,*,*
57415095,2,57415096,,3,1,2,*,*,*,*,*,*,*,*,*,*,*,*,*,*,*,*,*,*,*,*,*,*,*,*,*,*,*,*,*,*,2,2,*,*,*,*,*,*,*,*,*,*,*,*,*,*,*
57415096,1,,57415095,84,43,41,10,8,2,77,36,41,38,21,17,75,36,39,74,36,38,39,15,24,16,5,11,6,0,6,1,0,1,2,0,2,26,26,6,7,7,3,1,1,3,22,14,8,2,23,0,4,4
57415097,0,,,213,103,110,23,11,12,190,92,98,113,58,55,184,89,95,179,85,94,77,34,43,30,11,19,16,5,11,2,0,2,2,1,1,67,67,12,16,11,13,9,3,3,55,29,26,3,46,0,7,6
57415098,0,,,57,26,31,5,1,4,52,25,27,25,12,13,51,25,26,51,25,26,27,13,14,8,3,5,4,0,4,0,0,0,0,0,0,24,24,5,12,5,1,0,0,1,18,13,5,1,19,0,4,5
57415099,0,,,304,139,165,32,15,17,272,124,148,160,77,83,265,122,143,263,121,142,112,47,65,56,23,33,15,7,8,0,0,0,2,0,2,108,108,19,33,29,13,7,4,3,89,64,25,6,77,1,12,15
57415100,0,,,15,8,7,0,0,0,15,8,7,5,3,2,14,7,7,13,6,7,10,5,5,4,1,3,1,0,1,0,0,0,0,0,0,6,6,2,2,1,0,0,1,0,4,2,2,0,6,0,2,1
57415101,1,,57415111,99,48,51,7,3,4,99,49,50,57,29,28,96,47,49,93,44,49,42,20,22,18,7,11,8,2,6,1,0,1,0,0,0,27,27,2,8,4,5,7,2,1,27,11,16,2,24,0,1,3
57415102,0,,,90,42,48,14,6,8,76,36,40,53,24,29,73,34,39,69,33,36,23,12,11,10,3,7,4,1,3,0,0,0,0,0,0,26,26,5,4,5,5,3,2,2,21,10,11,5,15,0,2,1
57415103,0,,,75,36,39,7,3,4,67,32,35,48,25,23,66,31,35,66,31,35,19,7,12,9,3,6,4,1,3,1,0,1,0,0,0,12,10,1,2,1,1,3,1,1,9,4,5,1,8,0,0,1
57415104,0,,,105,47,58,10,5,5,95,42,53,55,23,32,95,42,53,93,42,51,40,19,21,25,11,14,6,3,3,0,0,0,0,0,0,30,30,3,5,10,4,2,6,0,27,12,15,3,24,0,1,2
57415105,0,,,446,227,219,45,27,18,401,200,201,242,127,115,385,189,196,375,183,192,159,73,86,70,28,42,18,3,15,2,0,2,1,0,1,153,153,31,43,34,22,8,9,6,121,84,37,11,101,2,23,20
57415106,0,,,3557,1725,1832,481,224,257,3076,1501,1575,2146,1093,1053,2943,1432,1511,2887,1403,1484,930,408,522,450,186,264,127,39,88,8,2,6,6,3,3,1427,1427,429,383,284,209,76,33,13,981,816,165,125,624,50,159,148
57415107,0,,,3287,1623,1664,438,251,187,2849,1372,1477,1971,991,980,2761,1326,1435,2702,1295,1407,878,381,497,413,161,252,127,40,87,14,7,7,3,1,2,1342,1341,402,383,259,193,76,22,6,932,773,159,130,593,36,158,140
57415108,0,,,2341,1154,1187,321,161,160,2020,993,1027,1369,685,684,1966,962,1004,1936,947,989,651,308,343,263,126,137,58,19,39,4,1,3,21,1,20,911,911,236,272,187,126,58,22,10,665,554,111,107,428,41,80,130
57415109,0,,,111,59,52,6,5,1,105,54,51,70,37,33,100,50,50,97,49,48,35,17,18,13,5,8,5,2,3,0,0,0,0,0,0,41,41,4,15,13,7,2,0,0,37,33,4,1,22,0,2,8
57415110,0,,,71,36,35,3,1,2,68,35,33,40,21,19,65,35,30,65,35,30,28,14,14,10,5,5,4,1,3,0,0,0,0,0,0,25,25,6,7,3,5,2,2,0,19,12,7,2,15,0,1,6
57415111,2,57415101,,7,4,3,*,*,*,*,*,*,*,*,*,*,*,*,*,*,*,*,*,*,*,*,*,*,*,*,*,*,*,*,*,*,2,2,*,*,*,*,*,*,*,*,*,*,*,*,*,*,*
57415112,2,57415113,,5,2,3,*,*,*,*,*,*,*,*,*,*,*,*,*,*,*,*,*,*,*,*,*,*,*,*,*,*,*,*,*,*,4,4,*,*,*,*,*,*,*,*,*,*,*,*,*,*,*
57415113,1,,57415112,32,16,16,0,0,0,37,18,19,19,11,8,37,18,19,37,18,19,18,7,11,14,5,9,3,1,2,0,0,0,0,0,0,11,11,5,5,2,1,0,2,0,10,6,4,0,13,0,4,2
57415114,0,,,43,21,22,6,4,2,37,17,20,20,10,10,36,17,19,36,17,19,17,7,10,6,1,5,4,0,4,1,0,1,0,0,0,13,13,0,4,4,4,0,0,1,13,7,6,0,9,0,0,4
57415115,0,,,219,118,101,14,8,6,205,110,95,112,68,44,201,107,94,199,105,94,93,42,51,48,19,29,14,5,9,1,0,1,0,0,0,83,83,20,24,19,10,7,2,1,63,43,20,4,67,0,17,12
57415116,0,,,1184,573,611,160,81,79,1024,492,532,714,353,361,977,474,503,948,458,490,310,139,171,184,83,101,41,15,26,1,0,1,3,0,3,493,493,156,138,103,56,26,11,3,336,287,49,49,224,7,80,46
57415117,0,,,3744,1813,1931,478,251,227,3266,1562,1704,2197,1089,1108,3139,1494,1645,3069,1455,1614,1069,473,596,500,212,288,96,30,66,4,1,3,11,1,10,1505,1505,418,463,285,208,91,27,13,1084,910,174,123,753,16,226,179
57415118,0,,,3705,1827,1878,446,225,221,3259,1602,1657,2224,1126,1098,3160,1553,1607,3093,1518,1575,1035,476,559,498,228,270,130,50,80,11,1,10,5,2,3,1438,1437,397,417,273,201,90,38,21,1028,822,206,137,680,60,131,178
57415119,0,,,1240,636,604,169,102,67,1071,534,537,791,400,391,1049,522,527,1028,513,515,280,134,146,118,49,69,29,9,20,1,0,1,9,1,8,501,492,139,148,95,68,22,14,6,345,290,55,43,190,20,32,51
57415120,0,,,40,21,19,1,0,1,39,21,18,22,13,9,36,19,17,34,18,16,17,8,9,8,3,5,3,2,1,0,0,0,0,0,0,13,13,3,2,2,4,1,1,0,10,6,4,0,11,0,3,1
57415121,0,,,71,32,39,4,2,2,67,30,37,42,19,23,64,29,35,63,29,34,25,11,14,12,3,9,8,1,7,1,0,1,0,0,0,17,17,1,2,3,5,2,2,2,16,5,11,0,16,0,1,0
57415122,0,,,57,27,30,13,7,6,44,20,24,32,16,16,42,19,23,41,18,23,12,4,8,4,0,4,2,0,2,0,0,0,1,0,1,15,15,2,2,2,4,2,2,1,13,9,4,1,7,0,2,0
57415123,0,,,415,197,218,63,30,33,352,167,185,272,130,142,336,160,176,324,153,171,80,37,43,28,9,19,10,5,5,0,0,0,6,3,3,135,134,14,44,36,20,8,8,4,120,97,23,13,55,0,5,10
57415124,0,,,240,110,130,17,10,7,223,100,123,78,43,35,221,98,123,219,97,122,145,57,88,94,29,65,52,11,41,9,2,7,1,0,1,51,50,8,12,12,6,6,2,4,42,24,18,5,41,0,7,8
57415125,0,,,448,212,236,48,20,28,400,192,208,230,111,119,392,188,204,386,185,201,170,81,89,65,26,39,22,4,18,1,0,1,0,0,0,173,173,38,64,32,21,8,8,2,135,103,32,10,116,0,28,24
57415126,0,,,311,139,172,32,12,20,279,127,152,154,70,84,272,124,148,268,123,145,125,57,68,62,24,38,16,3,13,0,0,0,1,0,1,98,98,13,27,25,13,8,8,4,85,49,36,6,76,0,9,12
57415127,0,,,367,163,204,31,20,11,336,143,193,200,92,108,322,137,185,312,130,182,136,51,85,83,27,56,34,8,26,5,2,3,0,0,0,128,127,27,35,30,19,11,4,1,100,72,28,7,81,0,15,17
57415128,0,,,1383,627,756,165,73,92,1218,554,664,842,390,452,1167,532,635,1134,516,618,376,164,212,183,71,112,60,19,41,9,2,7,12,2,10,527,526,129,168,107,72,32,11,7,392,327,65,52,237,8,53,58
57415129,0,,,2053,991,1062,346,166,180,1707,825,882,1315,647,668,1632,793,839,1586,771,815,392,178,214,177,76,101,44,10,34,1,0,1,8,1,7,769,769,193,200,143,169,37,20,7,564,468,96,102,261,30,54,63
57415130,0,,,13,6,7,0,0,0,13,6,7,7,3,4,13,6,7,13,6,7,6,3,3,4,1,3,2,1,1,0,0,0,0,0,0,7,7,4,1,1,1,0,0,0,3,1,2,0,6,0,3,0
57415131,0,,,83,37,46,3,1,2,80,36,44,47,23,24,78,36,42,75,34,41,33,13,20,16,5,11,8,1,7,0,0,0,0,0,0,26,26,4,7,5,5,1,3,1,22,10,12,0,22,0,2,0
57415132,0,,,109,55,54,8,4,4,101,51,50,59,31,28,99,51,48,98,51,47,42,20,22,23,12,11,11,6,5,0,0,0,0,0,0,32,32,5,5,7,8,3,2,2,26,8,18,0,28,0,3,2
57415133,0,,,780,357,423,102,37,65,678,320,358,525,262,263,631,299,332,590,275,315,153,58,95,65,20,45,19,4,15,0,0,0,0,0,0,235,233,24,50,66,55,21,10,7,209,160,49,15,91,1,15,19
57415134,0,,,96,39,57,8,1,7,88,38,50,43,19,24,86,36,50,86,36,50,45,19,26,21,7,14,7,0,7,2,0,2,0,0,0,33,33,7,8,8,3,5,2,0,26,15,11,1,28,0,4,6
57415135,0,,,490,238,252,55,31,24,435,207,228,251,127,124,425,203,222,418,199,219,184,80,104,79,34,45,10,3,7,2,1,1,2,2,0,179,179,31,67,35,22,16,5,3,147,117,30,13,121,4,20,33
57415136,0,,,205,104,101,29,15,14,176,89,87,108,54,54,168,84,84,162,82,80,68,35,33,31,15,16,9,4,5,1,1,0,0,0,0,60,60,7,16,14,9,4,6,4,53,33,20,7,45,0,6,8
57415137,0,,,315,156,159,25,14,11,290,142,148,160,83,77,284,140,144,282,138,144,130,59,71,55,20,35,21,5,16,3,1,2,0,0,0,107,107,22,27,23,15,13,4,3,85,46,39,9,83,0,14,16
57415138,0,,,406,190,216,52,31,21,354,159,195,201,96,105,345,156,189,339,153,186,153,63,90,84,28,56,43,11,32,6,3,3,1,0,1,124,123,16,33,29,20,15,5,5,107,60,47,13,91,0,10,15
57415139,0,,,57,28,29,8,5,3,49,23,26,27,12,15,48,23,25,47,23,24,22,11,11,7,3,4,1,0,1,0,0,0,0,0,0,17,17,1,3,6,4,2,1,0,16,11,5,1,13,0,1,2
57415142,0,,,72,38,34,7,4,3,65,34,31,37,21,16,64,33,31,63,33,30,28,13,15,13,8,5,4,3,1,0,0,0,0,0,0,20,20,4,3,4,2,3,3,1,16,8,8,2,16,0,2,2
57415143,0,,,111,56,55,6,5,1,105,51,54,56,29,27,102,48,54,99,46,53,49,22,27,24,8,16,10,2,8,1,0,1,0,0,0,32,32,2,8,8,5,6,2,1,30,13,17,1,27,0,2,4
57415144,0,,,138,63,75,9,2,7,129,61,68,72,36,36,126,60,66,123,58,65,57,25,32,31,10,21,13,4,9,1,0,1,0,0,0,43,43,4,14,11,5,5,2,2,39,24,15,2,35,0,3,9
57415145,0,,,90,40,50,3,1,2,87,39,48,47,22,25,86,39,47,82,38,44,40,17,23,19,7,12,8,2,6,1,1,0,0,0,0,28,28,3,8,9,3,2,2,1,25,15,10,2,25,0,2,3
57415146,0,,,63,30,33,7,4,3,56,26,30,37,18,19,56,26,30,55,26,29,19,8,11,8,2,6,3,1,2,1,0,1,0,0,0,23,23,5,6,6,3,2,1,0,17,11,6,2,15,0,2,1
57415147,0,,,254,120,134,31,14,17,223,106,117,126,61,65,218,102,116,216,102,114,97,45,52,63,28,35,25,6,19,6,1,5,0,0,0,73,72,9,22,12,15,6,3,5,63,41,22,12,47,0,7,10
57415148,0,,,222,117,105,22,13,9,200,104,96,122,73,49,198,102,96,193,99,94,78,31,47,39,12,27,19,4,15,0,0,0,1,0,1,67,67,6,18,18,12,7,3,3,60,34,26,4,52,0,3,9
57415149,0,,,207,104,103,10,5,5,197,99,98,109,57,52,193,98,95,189,98,91,88,42,46,48,20,28,22,6,16,2,0,2,1,0,1,67,66,10,20,14,14,2,4,2,56,36,20,2,51,0,7,9
57415150,0,,,72,34,38,8,5,3,64,29,35,39,18,21,63,28,35,58,25,33,25,11,14,14,6,8,5,2,3,1,0,1,1,0,1,19,19,2,4,3,2,5,2,1,17,8,9,3,16,0,1,1
57415153,0,,,44,22,22,2,2,0,42,20,22,26,13,13,38,18,20,36,18,18,16,7,9,9,4,5,1,1,0,0,0,0,0,0,0,12,12,1,2,5,0,2,1,1,11,7,4,0,9,0,0,0
57415154,0,,,69,35,34,3,2,1,66,33,33,38,22,16,65,32,33,64,32,32,28,11,17,16,6,10,1,1,0,0,0,0,0,0,0,21,21,2,6,7,2,1,1,2,19,12,7,1,17,0,2,4
57415155,0,,,298,158,140,17,10,7,281,148,133,159,90,69,277,146,131,271,142,129,122,58,64,63,28,35,19,10,9,2,1,1,0,0,0,104,104,14,32,31,19,4,2,2,90,61,29,5,82,0,9,12
57415159,0,,,823,418,405,127,69,58,696,349,347,531,269,262,664,329,335,641,316,325,165,80,85,71,33,38,20,9,11,1,0,1,1,0,1,271,270,37,67,73,55,23,10,5,233,192,41,32,114,0,19,29
57415160,0,,,565,262,303,57,22,35,507,239,268,285,146,139,496,231,265,490,228,262,222,93,129,115,40,75,58,17,41,6,3,3,1,0,1,194,193,42,57,35,28,15,8,8,150,100,50,12,135,0,29,19
57415162,2,57415163,,5,3,2,*,*,*,*,*,*,*,*,*,*,*,*,*,*,*,*,*,*,*,*,*,*,*,*,*,*,*,*,*,*,1,1,*,*,*,*,*,*,*,*,*,*,*,*,*,*,*
57415163,1,,57415162,127,66,61,10,5,5,122,64,58,66,37,29,119,61,58,118,61,57,56,27,29,27,7,20,12,2,10,1,0,1,1,0,1,44,44,4,21,6,7,5,1,1,41,29,12,2,39,0,4,6
57415164,0,,,74,39,35,3,1,2,71,38,33,44,26,18,67,35,32,64,33,31,27,12,15,14,3,11,6,1,5,0,0,0,0,0,0,26,26,7,8,3,2,4,0,2,19,8,11,0,21,0,5,3
57415165,0,,,251,103,148,17,8,9,234,95,139,95,41,54,230,93,137,229,92,137,139,54,85,92,32,60,36,10,26,2,0,2,0,0,0,44,43,5,9,9,9,4,3,4,37,20,17,6,37,0,5,6
57415166,0,,,1218,598,620,167,91,76,1049,506,543,700,346,354,1011,484,527,987,470,517,349,160,189,168,67,101,64,25,39,7,1,6,3,1,2,424,424,86,121,77,74,42,17,7,334,241,93,45,233,2,52,44
57415167,0,,,1359,682,677,172,95,77,1185,586,599,762,404,358,1161,575,586,1140,564,576,423,182,241,239,92,147,113,31,82,10,3,7,5,1,4,454,452,97,134,96,63,37,13,12,346,252,94,52,212,18,33,41
57415168,0,,,106,56,50,12,8,4,94,48,46,59,29,30,91,46,45,87,45,42,35,19,16,14,9,5,3,2,1,1,1,0,2,0,2,30,30,5,7,5,3,4,3,3,25,14,11,2,23,0,5,3
57415169,0,,,1383,670,713,222,111,111,1158,557,601,905,445,460,1099,531,568,1059,510,549,253,112,141,95,37,58,32,9,23,4,1,3,2,0,2,463,463,66,120,93,138,33,10,3,395,332,63,43,171,1,21,40
57415170,0,,,841,422,419,57,34,23,784,388,396,442,240,202,769,378,391,758,371,387,342,148,194,164,63,101,64,15,49,9,1,8,0,0,0,296,296,79,75,58,32,23,15,14,215,128,87,12,211,2,40,35
57415172,2,57415173,,6,4,2,*,*,*,*,*,*,*,*,*,*,*,*,*,*,*,*,*,*,*,*,*,*,*,*,*,*,*,*,*,*,2,2,*,*,*,*,*,*,*,*,*,*,*,*,*,*,*
57415173,1,,57415172,129,67,62,3,0,3,132,71,61,65,38,27,132,71,61,131,70,61,67,33,34,34,14,20,14,5,9,1,0,1,0,0,0,51,51,12,16,14,7,3,1,0,41,29,12,0,41,0,8,6
57415174,0,,,73,35,38,6,5,1,67,30,37,31,15,16,65,29,36,65,29,36,36,15,21,10,3,7,5,1,4,0,0,0,0,0,0,28,28,7,10,5,2,3,0,1,21,14,7,2,24,0,6,5
57415175,0,,,335,148,187,25,16,9,310,132,178,123,64,59,304,128,176,298,125,173,187,68,119,121,34,87,81,17,64,18,3,15,1,0,1,76,74,9,26,11,11,10,5,2,65,44,21,8,52,1,6,10
57415176,0,,,69,32,37,6,3,3,63,29,34,46,25,21,63,29,34,62,28,34,17,4,13,12,3,9,4,1,3,0,0,0,0,0,0,23,23,4,4,7,4,4,0,0,19,11,8,3,14,0,3,1
57415177,0,,,473,230,243,63,33,30,410,197,213,262,134,128,404,194,210,394,189,205,148,63,85,70,22,48,26,6,20,2,0,2,0,0,0,177,177,48,55,27,20,17,6,4,127,89,38,15,90,11,13,24
57415178,0,,,173,77,96,21,11,10,152,66,86,75,37,38,147,63,84,146,62,84,77,29,48,40,10,30,27,5,22,2,0,2,0,0,0,51,50,7,16,9,9,3,5,1,42,31,11,2,36,0,7,10
57415179,0,,,607,298,309,103,55,48,504,243,261,336,169,167,492,240,252,480,234,246,168,74,94,77,28,49,39,10,29,6,1,5,1,0,1,185,184,20,51,35,45,14,14,5,163,117,46,28,102,0,10,20
57415180,0,,,794,350,444,66,26,40,726,323,403,349,187,162,702,310,392,693,304,389,377,136,241,240,72,168,123,27,96,13,0,13,1,0,1,223,219,44,58,41,35,11,13,17,172,107,65,14,165,0,30,23
57415183,0,,,38,19,19,0,0,0,38,19,19,17,9,8,38,19,19,38,19,19,21,10,11,10,3,7,6,1,5,0,0,0,0,0,0,16,16,5,5,3,1,2,0,0,11,7,4,0,14,0,5,4
57415184,0,,,141,68,73,23,11,12,118,57,61,54,27,27,117,57,60,116,56,60,64,30,34,37,17,20,23,7,16,1,0,1,0,0,0,38,37,7,6,13,4,1,2,4,30,16,14,6,27,0,5,3
57415185,0,,,151,60,91,10,7,3,141,53,88,53,31,22,139,52,87,136,50,86,88,22,66,68,13,55,49,8,41,11,3,8,6,4,2,36,35,8,9,7,4,6,0,1,25,15,10,2,24,0,4,4
57415186,0,,,107,50,57,13,4,9,94,46,48,55,28,27,88,45,43,87,44,43,39,18,21,21,9,12,9,3,6,2,0,2,0,0,0,34,34,10,7,2,4,7,2,2,22,9,13,3,26,0,7,2
57415188,0,,,33,18,15,2,2,0,31,16,15,14,8,6,30,16,14,29,16,13,17,8,9,7,2,5,2,0,2,0,0,0,0,0,0,10,10,1,3,3,0,2,0,1,9,5,4,0,10,0,1,2
57415189,0,,,140,70,70,18,11,7,122,59,63,67,33,34,119,57,62,118,56,62,55,26,29,28,9,19,11,3,8,0,0,0,0,0,0,42,42,7,5,12,9,5,2,2,35,17,18,4,32,0,5,3
57415190,0,,,153,75,78,12,6,6,141,69,72,80,42,38,137,67,70,132,63,69,61,27,34,34,14,20,10,3,7,2,1,1,0,0,0,60,58,16,16,16,3,4,2,1,39,30,9,1,39,0,10,7
57415193,0,,,132,63,69,11,7,4,121,56,65,64,30,34,120,56,64,119,55,64,57,26,31,32,12,20,17,6,11,1,1,0,0,0,0,42,42,5,10,14,6,3,2,2,37,19,18,1,35,0,3,6
57415194,0,,,71,39,32,6,3,3,65,36,29,39,24,15,64,35,29,62,34,28,26,12,14,10,4,6,4,1,3,1,0,1,0,0,0,22,22,6,0,6,6,2,1,1,15,5,10,1,16,0,3,0
57415195,0,,,103,48,55,6,3,3,97,45,52,57,29,28,94,45,49,88,43,45,40,16,24,16,4,12,7,1,6,0,0,0,0,0,0,33,33,8,5,5,9,5,0,1,25,15,10,1,23,0,6,4
57415196,0,,,61,35,26,2,2,0,59,33,26,33,20,13,59,33,26,59,33,26,26,13,13,14,8,6,2,1,1,0,0,0,5,4,1,28,28,13,7,4,1,2,0,1,15,9,6,0,17,0,6,4
57415198,0,,,137,63,74,18,9,9,119,54,65,72,37,35,112,53,59,110,52,58,47,17,30,23,7,16,4,0,4,0,0,0,0,0,0,39,39,5,11,6,5,4,5,3,34,20,14,5,32,0,5,4
57415199,0,,,121,53,68,12,6,6,109,47,62,53,24,29,106,47,59,104,46,58,56,23,33,30,10,20,12,4,8,1,0,1,0,0,0,48,48,14,11,10,10,3,0,0,34,20,14,3,37,0,10,9
57415200,0,,,596,313,283,61,25,36,511,271,240,360,199,161,490,259,231,475,249,226,151,72,79,59,27,32,15,4,11,1,1,0,11,9,2,271,271,120,64,32,32,17,3,3,150,122,28,22,98,31,21,27
57415201,0,,,592,313,279,83,41,42,497,264,233,389,209,180,479,256,223,467,250,217,108,55,53,37,16,21,7,2,5,0,0,0,3,1,2,236,236,70,69,37,35,18,6,1,158,138,20,24,75,11,11,14
57415202,0,,,556,302,254,69,38,31,474,254,220,330,187,143,461,246,215,453,241,212,144,67,77,78,38,40,20,6,14,1,0,1,2,0,2,251,249,106,67,31,35,7,2,1,136,120,16,21,82,23,19,28
57415203,0,,,948,490,458,129,73,56,816,416,400,600,322,278,783,399,384,767,392,375,216,94,122,135,55,80,49,19,30,2,0,2,2,1,1,407,407,143,107,77,51,22,4,3,264,235,29,32,148,37,42,37
57415204,0,,,1539,724,815,147,76,71,1391,647,744,771,386,385,1359,633,726,1327,616,711,620,261,359,331,126,205,110,34,76,16,3,13,4,1,3,682,682,208,252,117,70,20,10,5,467,395,72,29,421,0,137,121
57415205,0,,,1434,670,764,125,54,71,1290,605,685,849,413,436,1257,590,667,1236,582,654,441,192,249,253,102,151,88,29,59,11,3,8,111,33,78,697,693,342,155,93,62,26,12,3,346,284,62,36,306,106,111,55
57415206,0,,,981,485,496,65,35,30,863,408,455,581,275,306,843,398,445,830,393,437,282,133,149,140,62,78,35,16,19,3,0,3,93,22,71,485,483,228,117,69,46,14,8,1,247,198,49,18,200,71,48,50
57415207,0,,,3895,1928,1967,429,209,220,3378,1661,1717,2294,1166,1128,3273,1611,1662,3209,1575,1634,1084,495,589,447,189,258,98,36,62,8,1,7,138,46,92,1684,1678,594,474,309,171,88,27,15,1063,901,162,113,724,127,157,194
57415208,0,,,4091,2015,2076,561,302,259,3488,1687,1801,2310,1155,1155,3378,1623,1755,3323,1596,1727,1178,532,646,599,250,349,174,56,118,10,1,9,29,7,22,1681,1679,529,500,290,218,87,38,17,1136,954,182,153,809,36,252,188
57415209,0,,,2873,1408,1465,253,123,130,2521,1231,1290,1570,822,748,2446,1186,1260,2405,1172,1233,951,409,542,484,180,304,161,57,104,11,5,6,45,3,42,1191,1191,379,357,205,144,69,21,16,793,615,178,73,648,50,137,158
57415210,0,,,816,401,415,90,44,46,707,348,359,466,241,225,697,341,356,686,337,349,241,107,134,114,47,67,49,13,36,5,0,5,13,0,13,318,312,105,89,57,32,15,7,7,197,158,39,33,135,27,19,41
57415211,0,,,3675,1766,1909,439,220,219,3160,1506,1654,2069,1050,1019,3071,1467,1604,3019,1442,1577,1091,456,635,590,214,376,224,64,160,29,7,22,24,8,16,1601,1598,602,468,274,160,56,26,12,972,857,115,153,661,84,203,169
57415212,0,,,4981,2391,2590,540,256,284,4361,2098,2263,2918,1477,1441,4198,2028,2170,4103,1990,2113,1443,621,822,721,288,433,182,45,137,22,3,19,15,4,11,2060,2056,641,600,410,251,97,38,19,1379,1151,228,163,961,91,239,227
57415213,0,,,3974,1841,2133,273,141,132,3652,1669,1983,1969,1029,940,3568,1623,1945,3514,1594,1920,1683,640,1043,1082,380,702,473,134,339,65,13,52,18,5,13,1600,1593,617,470,258,176,52,13,7,964,804,160,76,828,82,239,220
57415214,0,,,2864,1316,1548,258,133,125,2564,1155,1409,1421,724,697,2495,1119,1376,2466,1103,1363,1143,431,712,700,231,469,249,67,182,12,1,11,8,2,6,1415,1414,609,428,209,107,40,9,12,797,688,109,65,831,36,334,189
57415215,0,,,1272,594,678,85,40,45,1174,549,625,620,321,299,1141,532,609,1124,524,600,554,228,326,342,120,222,151,44,107,21,4,17,20,8,12,571,570,220,185,95,50,16,4,0,341,281,60,27,341,14,136,75
57415216,0,,,25,12,13,4,2,2,21,10,11,9,5,4,21,10,11,21,10,11,12,5,7,5,2,3,0,0,0,0,0,0,0,0,0,10,10,4,2,2,0,1,1,0,6,2,4,2,9,0,4,1
57415217,0,,,974,503,471,131,76,55,831,416,415,589,300,289,800,399,401,785,392,393,242,116,126,105,46,59,25,6,19,2,0,2,34,18,16,373,373,103,101,75,47,30,13,4,263,218,45,31,161,37,29,42
57415218,0,,,611,297,314,92,43,49,519,254,265,345,178,167,501,245,256,495,242,253,174,76,98,93,36,57,28,7,21,1,0,1,2,0,2,211,211,39,55,49,39,18,9,2,171,124,47,16,117,2,23,26
57415219,0,,,2130,1061,1069,245,116,129,1836,917,919,1198,620,578,1771,881,890,1737,863,874,638,297,341,250,107,143,72,22,50,5,1,4,17,2,15,854,853,257,229,171,120,52,16,8,590,473,117,61,421,22,93,111
57415220,0,,,2485,1173,1312,361,177,184,2049,928,1121,1461,691,770,1971,890,1081,1900,861,1039,588,237,351,275,91,184,77,14,63,3,0,3,6,0,6,1074,1049,397,272,148,148,65,17,2,647,540,107,129,412,18,154,88
57415221,0,,,5332,2578,2754,518,278,240,4734,2254,2480,2981,1512,1469,4601,2180,2421,4511,2137,2374,1753,742,1011,855,343,512,209,60,149,17,1,16,18,9,9,2244,2237,717,667,436,259,99,44,15,1506,1243,263,150,1191,65,302,284
57415222,0,,,4757,2299,2458,585,312,273,4110,1955,2155,2732,1362,1370,3989,1891,2098,3895,1840,2055,1378,593,785,759,295,464,201,74,127,5,0,5,16,7,9,2005,2003,646,589,362,257,109,31,9,1336,1120,216,166,944,78,274,234
57415223,0,,,5563,2800,2763,495,245,250,4785,2376,2409,3148,1693,1455,4646,2290,2356,4556,2247,2309,1637,683,954,874,322,552,244,74,170,14,3,11,38,21,17,2851,2851,1394,717,395,229,74,32,10,1432,1218,214,143,1157,226,367,283
57415224,0,,,4658,2313,2345,301,151,150,4167,2042,2125,2504,1335,1169,4073,1992,2081,3995,1942,2053,1663,707,956,993,364,629,350,128,222,28,7,21,24,12,12,2409,2404,1169,665,326,165,47,21,11,1211,1020,191,84,1152,137,435,272
57415225,0,,,1489,738,751,127,67,60,1317,649,668,854,438,416,1275,630,645,1250,617,633,463,211,252,233,91,142,76,27,49,4,1,3,10,6,4,673,671,267,176,117,64,37,6,4,399,332,67,38,321,23,89,75
57415226,0,,,58,36,22,6,5,1,52,31,21,28,17,11,51,30,21,51,30,21,24,14,10,11,6,5,3,2,1,0,0,0,0,0,0,22,22,7,3,7,4,0,0,1,15,11,4,3,16,0,5,3
57415227,2,57415236,,10,3,7,*,*,*,*,*,*,*,*,*,*,*,*,*,*,*,*,*,*,*,*,*,*,*,*,*,*,*,*,*,*,2,2,*,*,*,*,*,*,*,*,*,*,*,*,*,*,*
57415228,0,,,32,11,21,2,0,2,30,11,19,15,6,9,29,11,18,29,11,18,15,5,10,12,5,7,4,1,3,0,0,0,0,0,0,15,15,5,6,2,1,1,0,0,10,8,2,0,10,0,3,4
57415229,0,,,122,61,61,9,6,3,113,55,58,63,34,29,109,52,57,107,51,56,50,21,29,26,12,14,15,5,10,2,1,1,0,0,0,43,43,8,13,11,5,2,3,1,34,19,15,2,36,0,7,5
57415230,0,,,3330,1568,1762,425,211,214,2895,1352,1543,1923,945,978,2808,1314,1494,2747,1279,1468,972,407,565,463,171,292,137,44,93,8,3,5,19,6,13,1276,1276,313,391,261,175,82,38,16,952,762,190,125,693,6,184,136
57415231,0,,,2392,1157,1235,357,189,168,1977,938,1039,1442,707,735,1866,872,994,1812,851,961,535,231,304,259,104,155,94,29,65,8,1,7,9,5,4,912,911,265,220,188,152,53,26,7,635,527,108,84,320,51,56,83
57415232,0,,,5205,2539,2666,514,268,246,4602,2223,2379,2895,1483,1412,4482,2161,2321,4398,2115,2283,1707,740,967,933,390,543,270,100,170,15,4,11,22,10,12,2261,2260,780,669,399,250,103,44,15,1462,1187,275,142,1168,96,292,275
57415233,0,,,3285,1591,1694,302,142,160,2918,1410,1508,1914,962,952,2836,1367,1469,2761,1330,1431,1004,448,556,477,206,271,127,44,83,9,1,8,23,17,6,1548,1547,627,445,245,157,50,17,6,906,797,109,83,699,79,219,180
57415234,0,,,4899,2483,2416,480,253,227,4190,2069,2121,2648,1432,1216,4082,2014,2068,3954,1924,2030,1542,637,905,846,319,527,294,89,205,24,6,18,35,14,21,2284,2281,1036,584,321,221,73,29,17,1227,1014,213,136,942,161,268,236
57415235,0,,,2605,1297,1308,307,161,146,2276,1121,1155,1503,763,740,2203,1082,1121,2153,1054,1099,773,358,415,391,178,213,92,34,58,7,3,4,8,4,4,1111,1111,364,321,213,137,51,20,5,735,617,118,88,530,48,141,130
57415236,1,,57415227,1515,745,770,189,100,89,1331,645,686,940,477,463,1283,618,665,1258,605,653,391,168,223,184,75,109,53,15,38,4,3,1,5,1,4,545,545,91,182,117,94,41,19,3,452,364,88,39,259,4,32,68
57415237,0,,,220,108,112,28,14,14,192,94,98,118,60,58,184,92,92,184,92,92,74,34,40,34,15,19,11,2,9,1,0,1,0,0,0,75,74,9,25,21,12,4,0,3,65,50,15,6,42,0,5,12
57415238,0,,,29,13,16,0,0,0,29,13,16,10,3,7,29,13,16,29,13,16,19,10,9,10,5,5,2,0,2,0,0,0,0,0,0,13,13,3,5,4,1,0,0,0,10,6,4,0,12,0,3,4
57415239,0,,,63,39,24,4,3,1,59,36,23,35,22,13,59,36,23,59,36,23,24,14,10,9,4,5,4,3,1,2,1,1,0,0,0,23,23,6,7,3,1,6,0,0,16,10,6,1,16,0,2,3
57415240,0,,,861,392,469,62,36,26,799,356,443,396,199,197,783,351,432,770,345,425,403,157,246,261,86,175,138,36,102,17,3,14,8,1,7,247,242,32,68,67,36,22,7,10,208,134,74,12,181,3,22,32
57415241,0,,,1300,617,683,148,74,74,1136,535,601,795,384,411,1088,515,573,1058,504,554,341,151,190,153,63,90,50,17,33,6,2,4,5,3,2,499,499,135,137,95,85,24,16,7,359,286,73,44,220,26,32,53
57415242,0,,,3461,1623,1838,438,226,212,2973,1368,1605,2001,973,1028,2868,1318,1550,2797,1287,1510,972,395,577,488,202,286,122,42,80,5,1,4,11,6,5,1480,1480,529,394,256,177,88,24,12,944,782,162,96,694,101,195,149
57415243,0,,,769,393,376,91,37,54,664,349,315,541,295,246,639,334,305,604,312,292,123,54,69,54,22,32,21,6,15,1,0,1,1,0,1,344,344,152,72,51,41,14,13,1,191,154,37,27,76,78,6,12
57415244,0,,,929,462,467,161,78,83,748,375,373,566,297,269,721,361,360,704,345,359,182,78,104,73,22,51,18,5,13,0,0,0,2,2,0,330,330,95,60,61,59,38,14,3,232,172,60,40,125,17,15,24
57415245,0,,,274,119,155,19,10,9,255,109,146,114,63,51,251,108,143,249,108,141,141,46,95,93,23,70,51,9,42,10,2,8,1,0,1,76,75,16,19,13,13,7,4,3,59,32,27,4,58,0,9,8
57415246,0,,,117,60,57,7,3,4,110,57,53,66,38,28,108,56,52,106,55,51,44,19,25,24,8,16,10,3,7,0,0,0,0,0,0,36,36,5,6,10,9,2,4,0,31,15,16,2,30,0,5,3
57415247,0,,,99,48,51,7,4,3,92,44,48,63,32,31,88,41,47,87,40,47,29,12,17,16,5,11,7,2,5,0,0,0,1,0,1,32,32,4,7,12,3,3,3,0,28,15,13,2,24,1,2,2
57415248,0,,,17,8,9,2,2,0,15,6,9,7,3,4,15,6,9,15,6,9,8,3,5,5,2,3,2,0,2,1,0,1,0,0,0,5,5,0,2,1,0,2,0,0,5,2,3,0,4,0,0,1
57415249,0,,,71,35,36,9,5,4,62,30,32,31,16,15,62,30,32,59,28,31,31,14,17,15,7,8,1,0,1,0,0,0,0,0,0,25,25,5,8,5,3,2,1,1,20,14,6,1,20,1,4,5
57415250,0,,,195,95,100,22,13,9,171,81,90,94,50,44,163,76,87,160,75,85,77,31,46,34,10,24,15,3,12,1,0,1,1,0,1,74,74,20,23,12,11,3,2,3,52,33,19,6,54,0,15,9
57415252,0,,,67,32,35,0,0,0,67,32,35,36,16,20,67,32,35,67,32,35,31,16,15,17,9,8,9,5,4,0,0,0,0,0,0,19,17,3,3,4,3,2,2,0,14,7,7,0,14,0,2,1
57415253,0,,,151,66,85,14,6,8,137,60,77,64,31,33,133,58,75,129,57,72,73,29,44,37,15,22,16,5,11,4,0,4,0,0,0,48,47,9,14,9,8,4,2,1,38,28,10,3,32,0,4,9
57415254,0,,,422,185,237,66,30,36,354,155,199,233,112,121,344,151,193,334,148,186,121,43,78,71,20,51,37,8,29,6,0,6,0,0,0,136,134,25,32,29,31,9,5,3,109,81,28,14,61,2,4,16
57415255,0,,,28,15,13,6,4,2,22,11,11,11,6,5,21,11,10,21,11,10,11,5,6,5,2,3,1,0,1,0,0,0,0,0,0,7,7,1,1,2,0,1,1,1,6,3,3,1,5,0,0,1
57415256,0,,,76,33,43,9,2,7,67,31,36,35,16,19,64,30,34,63,29,34,32,15,17,17,10,7,3,1,2,0,0,0,0,0,0,25,25,5,4,8,4,2,1,1,20,12,8,3,22,0,5,2
57415257,0,,,124,65,59,6,3,3,118,62,56,65,35,30,117,61,56,116,61,55,53,27,26,33,14,19,17,8,9,1,0,1,0,0,0,40,40,5,14,8,6,3,1,3,35,22,13,2,34,0,4,9
57415258,0,,,16,6,10,0,0,0,16,6,10,8,2,6,16,6,10,16,6,10,8,4,4,3,0,3,1,0,1,0,0,0,0,0,0,8,8,2,5,0,1,0,0,0,6,6,0,0,6,0,1,2
57415259,0,,,98,46,52,6,3,3,92,43,49,56,26,30,89,41,48,89,41,48,36,17,19,16,6,10,6,1,5,0,0,0,0,0,0,30,30,1,11,6,5,6,0,1,29,20,9,0,21,0,0,4
57415260,0,,,57,28,29,7,4,3,49,23,26,32,16,16,47,23,24,45,23,22,17,7,10,5,1,4,3,1,2,0,0,0,3,0,3,17,17,2,4,3,5,1,1,1,15,10,5,3,12,0,1,1
57415261,0,,,150,71,79,26,12,14,124,59,65,82,38,44,122,59,63,117,57,60,42,21,21,19,8,11,4,2,2,0,0,0,0,0,0,44,44,6,6,11,12,4,4,1,38,27,11,4,24,0,3,5
57415262,0,,,292,143,149,26,14,12,266,129,137,175,97,78,257,122,135,256,121,135,91,32,59,59,19,40,25,6,19,4,2,2,1,0,1,93,92,17,20,21,21,9,1,3,75,50,25,7,48,5,4,6
57415263,2,57415264,,8,3,5,*,*,*,*,*,*,*,*,*,*,*,*,*,*,*,*,*,*,*,*,*,*,*,*,*,*,*,*,*,*,4,4,*,*,*,*,*,*,*,*,*,*,*,*,*,*,*
57415264,1,,57415263,253,128,125,27,17,10,234,114,120,146,77,69,220,107,113,214,104,110,88,37,51,38,13,25,15,5,10,2,0,2,0,0,0,81,81,19,23,13,9,10,6,5,66,36,30,5,58,2,12,8
57415268,0,,,217,97,120,13,6,7,204,91,113,115,56,59,201,90,111,200,90,110,89,35,54,46,11,35,16,1,15,2,0,2,0,0,0,76,76,15,24,17,6,8,3,3,61,33,28,1,63,0,11,9
57415270,0,,,11,6,5,0,0,0,11,6,5,5,3,2,11,6,5,11,6,5,6,3,3,5,2,3,1,0,1,0,0,0,0,0,0,4,4,1,1,1,0,1,0,0,3,2,1,0,3,0,0,1
57415271,0,,,258,136,122,40,27,13,218,109,109,141,75,66,209,103,106,205,102,103,77,34,43,36,14,22,7,1,6,0,0,0,0,0,0,84,84,14,17,21,21,5,4,2,70,49,21,14,50,0,11,9
57415272,0,,,573,270,303,86,40,46,486,229,257,324,161,163,468,220,248,463,216,247,162,68,94,85,32,53,25,6,19,3,0,3,0,0,0,210,210,43,68,45,29,13,9,3,166,131,35,26,110,6,24,20
57415273,0,,,92,51,41,11,8,3,81,43,38,45,27,18,81,43,38,81,43,38,36,16,20,11,4,7,2,0,2,1,0,1,0,0,0,35,35,7,11,11,2,2,2,0,28,20,8,3,24,0,4,6
57415274,0,,,39,17,22,9,5,4,30,12,18,20,9,11,28,12,16,28,12,16,10,3,7,5,1,4,4,0,4,0,0,0,0,0,0,8,8,0,1,1,3,1,0,2,8,4,4,2,5,0,0,1
57415275,0,,,21,13,8,2,2,0,18,10,8,9,6,3,17,9,8,17,9,8,9,4,5,1,1,0,0,0,0,0,0,0,0,0,0,8,8,1,4,2,0,0,1,0,7,6,1,1,5,0,0,2
57415278,0,,,35,17,18,1,0,1,34,17,17,19,9,10,33,17,16,30,16,14,15,8,7,7,3,4,2,1,1,0,0,0,0,0,0,13,13,4,3,3,0,2,1,0,9,6,3,0,11,0,3,2
57415279,0,,,105,50,55,12,4,8,93,46,47,52,27,25,91,44,47,91,44,47,41,19,22,22,9,13,9,4,5,1,0,1,0,0,0,31,31,5,7,6,5,3,3,2,26,10,16,4,25,0,2,4
57415280,0,,,191,61,130,15,5,10,176,56,120,71,36,35,172,54,118,172,54,118,105,20,85,87,12,75,67,8,59,8,0,8,1,0,1,33,32,3,7,9,8,1,4,0,29,18,11,4,14,0,1,1
57415281,0,,,654,325,329,61,27,34,593,298,295,377,198,179,574,288,286,560,284,276,216,100,116,113,52,61,31,12,19,3,1,2,3,3,0,226,226,38,63,59,38,15,7,6,186,141,45,10,135,0,23,31
57415282,0,,,1431,666,765,231,101,130,1194,562,632,799,386,413,1166,545,621,1133,532,601,395,176,219,194,81,113,74,24,50,9,1,8,0,0,0,479,478,86,129,107,87,41,17,11,386,298,88,70,230,6,41,48
57415283,0,,,499,248,251,54,28,26,445,220,225,261,136,125,438,215,223,433,213,220,184,84,100,103,39,64,37,9,28,3,0,3,1,1,0,176,176,34,49,47,22,10,11,3,142,97,45,15,122,1,23,23
57415285,0,,,229,104,125,14,5,9,215,99,116,108,51,57,211,97,114,206,94,112,107,48,59,53,19,34,25,7,18,2,0,2,1,0,1,76,76,9,25,18,14,6,0,4,67,43,24,2,62,0,7,15
57415289,0,,,42,22,20,1,1,0,41,21,20,21,11,10,41,21,20,41,21,20,20,10,10,10,5,5,3,1,2,0,0,0,0,0,0,15,15,5,1,3,4,2,0,0,10,4,6,0,12,1,3,0
57415290,0,,,300,146,154,43,22,21,257,124,133,163,82,81,253,120,133,252,119,133,94,42,52,63,25,38,23,6,17,5,2,3,0,0,0,94,93,14,26,20,13,10,5,5,79,52,27,11,57,0,9,7
57415291,0,,,196,94,102,28,17,11,168,77,91,101,51,50,162,74,88,161,73,88,67,26,41,30,7,23,14,2,12,0,0,0,0,0,0,54,54,5,12,11,10,7,5,4,48,24,24,7,41,0,4,5
57415292,0,,,358,169,189,31,11,20,327,158,169,196,97,99,311,149,162,303,147,156,131,61,70,64,28,36,18,7,11,1,0,1,2,0,2,113,113,19,29,23,14,17,6,5,94,52,42,8,86,0,16,14
57415293,0,,,1021,510,511,85,49,36,936,461,475,516,267,249,912,450,462,900,447,453,420,194,226,232,98,134,64,20,44,5,2,3,2,0,2,421,419,138,129,66,43,30,10,3,278,202,76,23,282,0,93,71
57415295,0,,,340,140,200,33,19,14,307,121,186,144,77,67,302,119,183,298,116,182,163,44,119,121,22,99,85,12,73,13,0,13,0,0,0,78,77,12,18,17,16,6,2,6,64,40,24,11,45,1,8,10
57415296,0,,,59,29,30,10,6,4,49,23,26,32,17,15,46,22,24,45,21,24,17,6,11,7,3,4,0,0,0,0,0,0,0,0,0,16,16,3,4,2,1,2,2,2,13,6,7,1,12,0,2,2
57415300,0,,,1112,541,571,187,94,93,925,447,478,725,353,372,870,417,453,851,409,442,200,94,106,88,34,54,19,7,12,2,0,2,6,0,6,384,384,69,100,90,80,27,12,6,314,269,45,36,148,2,38,24
57415303,2,57415313,,4,2,2,*,*,*,*,*,*,*,*,*,*,*,*,*,*,*,*,*,*,*,*,*,*,*,*,*,*,*,*,*,*,2,2,*,*,*,*,*,*,*,*,*,*,*,*,*,*,*
57415304,2,57415313,,5,2,3,*,*,*,*,*,*,*,*,*,*,*,*,*,*,*,*,*,*,*,*,*,*,*,*,*,*,*,*,*,*,2,2,*,*,*,*,*,*,*,*,*,*,*,*,*,*,*
57415306,0,,,25,12,13,2,0,2,23,12,11,12,6,6,20,11,9,20,11,9,11,6,5,4,2,2,2,0,2,0,0,0,0,0,0,8,8,2,3,0,2,0,0,1,6,4,2,0,8,0,2,1
57415310,0,,,712,326,386,41,20,21,666,301,365,325,160,165,650,292,358,640,285,355,341,141,200,209,81,128,92,32,60,15,1,14,16,2,14,282,280,89,99,46,25,13,8,0,188,147,41,8,181,8,47,47
57415313,1,,57415303;57415304,68,26,42,2,0,2,75,30,45,41,15,26,75,30,45,75,30,45,34,15,19,18,8,10,7,3,4,0,0,0,10,0,10,34,34,17,8,8,5,0,0,0,21,14,7,0,23,9,4,3
57415314,0,,,20,9,11,4,1,3,16,8,8,10,6,4,16,8,8,16,8,8,6,2,4,4,1,3,0,0,0,0,0,0,0,0,0,7,7,1,3,1,0,2,0,0,6,5,1,1,5,0,1,0
57415316,1,,57415317,11,5,6,0,0,0,12,6,6,5,3,2,12,6,6,12,6,6,7,3,4,3,0,3,2,0,2,0,0,0,0,0,0,6,5,3,2,0,1,0,0,0,3,2,1,0,5,0,2,1
57415317,2,57415316,,1,1,0,*,*,*,*,*,*,*,*,*,*,*,*,*,*,*,*,*,*,*,*,*,*,*,*,*,*,*,*,*,*,1,1,*,*,*,*,*,*,*,*,*,*,*,*,*,*,*
57415320,0,,,325,145,180,21,9,12,304,136,168,127,69,58,301,136,165,300,136,164,177,67,110,121,40,81,56,14,42,10,0,10,0,0,0,93,92,17,35,13,15,7,3,2,75,49,26,6,66,0,9,16
57415321,0,,,98,44,54,4,2,2,94,42,52,47,20,27,92,42,50,92,42,50,47,22,25,24,8,16,11,3,8,1,0,1,0,0,0,35,35,6,8,12,6,2,1,0,29,13,16,0,31,0,6,4
57415322,0,,,137,74,63,6,1,5,131,73,58,66,40,26,127,70,57,125,69,56,65,33,32,23,12,11,6,1,5,0,0,0,0,0,0,61,61,19,18,17,4,3,0,0,42,34,8,1,42,0,12,14
57415323,0,,,495,224,271,50,28,22,445,196,249,285,127,158,434,194,240,420,190,230,160,69,91,103,37,66,34,11,23,1,0,1,38,10,28,241,240,106,68,41,16,7,0,2,134,119,15,12,105,31,43,18
57415324,0,,,2059,1114,945,141,71,70,1907,1032,875,1201,734,467,1800,958,842,1756,930,826,706,298,408,392,151,241,125,37,88,13,0,13,37,9,28,969,964,452,260,130,76,24,13,9,511,424,87,52,429,125,96,140
57415325,0,,,834,439,395,83,54,29,744,378,366,469,261,208,726,370,356,714,363,351,275,117,158,162,61,101,58,23,35,4,1,3,37,5,32,438,422,208,107,61,28,11,5,2,214,187,27,30,202,54,72,47
57415326,0,,,40,21,19,0,0,0,40,21,19,14,9,5,39,20,19,38,19,19,26,12,14,17,8,9,7,4,3,0,0,0,0,0,0,19,19,5,9,4,0,1,0,0,14,12,2,0,15,0,4,7
57415328,0,,,30,15,15,1,1,0,29,14,15,19,9,10,29,14,15,28,14,14,10,5,5,4,1,3,3,1,2,0,0,0,0,0,0,10,10,2,0,6,0,2,0,0,8,6,2,0,8,0,2,0
57415330,0,,,214,117,97,19,13,6,195,104,91,107,65,42,191,102,89,188,100,88,88,39,49,44,19,25,19,8,11,3,1,2,1,0,1,66,66,10,15,18,8,9,2,4,56,32,24,5,50,0,4,5
57415334,0,,,34,19,15,1,0,1,33,19,14,15,8,7,32,19,13,31,18,13,18,11,7,14,8,6,2,1,1,0,0,0,1,1,0,23,23,16,4,2,1,0,0,0,7,7,0,0,13,2,8,4
57415335,0,,,1038,466,572,101,47,54,937,419,518,508,255,253,916,408,508,897,402,495,429,164,265,265,89,176,100,22,78,14,2,12,18,12,6,442,438,153,140,71,53,16,5,0,284,244,40,34,251,15,90,68
57415336,1,,57415346,436,247,189,43,23,20,394,223,171,283,170,113,388,222,166,379,216,163,111,53,58,60,26,34,19,8,11,2,0,2,35,5,30,256,256,172,35,21,15,12,1,1,85,65,20,16,79,58,32,16
57415337,0,,,73,32,41,4,2,2,69,30,39,51,23,28,68,30,38,65,28,37,18,7,11,12,4,8,1,0,1,0,0,0,30,9,21,48,48,35,6,4,1,2,0,0,13,10,3,1,12,25,2,2
57415338,0,,,72,37,35,6,1,5,66,36,30,32,20,12,65,35,30,64,35,29,34,16,18,17,9,8,4,1,3,0,0,0,0,0,0,26,26,3,11,6,3,2,0,1,23,16,7,2,20,0,1,7
57415339,0,,,51,25,26,1,0,1,50,25,25,23,13,10,49,25,24,49,25,24,27,12,15,14,6,8,5,1,4,0,0,0,1,0,1,24,24,8,9,3,4,0,0,0,16,11,5,0,18,1,4,4
57415340,0,,,132,63,69,7,4,3,124,59,65,66,35,31,122,58,64,122,58,64,58,24,34,28,7,21,11,4,7,0,0,0,0,0,0,49,49,10,13,12,10,4,0,0,39,25,14,2,39,0,8,5
57415345,1,,57415355,371,187,184,26,15,11,351,175,176,175,96,79,343,169,174,337,167,170,176,79,97,100,40,60,41,16,25,2,1,1,5,0,5,195,194,94,61,22,13,2,4,1,101,83,18,6,133,4,66,27
57415346,2,57415336,,2,0,2,*,*,*,*,*,*,*,*,*,*,*,*,*,*,*,*,*,*,*,*,*,*,*,*,*,*,*,*,*,*,1,1,*,*,*,*,*,*,*,*,*,*,*,*,*,*,*
57415349,0,,,81,38,43,15,6,9,66,32,34,35,17,18,65,31,34,63,30,33,31,15,16,19,9,10,9,4,5,2,1,1,0,0,0,27,27,4,9,6,5,0,1,2,23,17,6,2,16,0,3,5
57415350,0,,,148,74,74,12,6,6,136,68,68,64,34,30,134,68,66,134,68,66,72,34,38,42,17,25,20,7,13,1,0,1,0,0,0,55,55,9,22,9,9,4,2,0,46,31,15,2,46,0,9,11
57415351,0,,,15,8,7,0,0,0,15,8,7,7,4,3,15,8,7,14,7,7,8,4,4,0,0,0,0,0,0,0,0,0,0,0,0,7,7,2,3,1,1,0,0,0,5,5,0,0,6,0,2,3
57415355,2,57415345,,6,3,3,*,*,*,*,*,*,*,*,*,*,*,*,*,*,*,*,*,*,*,*,*,*,*,*,*,*,*,*,*,*,3,3,*,*,*,*,*,*,*,*,*,*,*,*,*,*,*
57415357,0,,,18,10,8,0,0,0,18,10,8,6,3,3,18,10,8,18,10,8,12,7,5,5,2,3,2,1,1,0,0,0,0,0,0,10,10,4,5,0,1,0,0,0,6,5,1,0,8,0,3,4
57415360,1,,57415371,147,73,74,14,8,6,139,67,72,79,45,34,132,62,70,131,62,69,60,22,38,31,11,20,10,1,9,0,0,0,0,0,0,54,54,14,13,12,7,5,4,0,41,28,13,2,40,0,8,6
57415367,2,57415368,,5,3,2,*,*,*,*,*,*,*,*,*,*,*,*,*,*,*,*,*,*,*,*,*,*,*,*,*,*,*,*,*,*,1,1,*,*,*,*,*,*,*,*,*,*,*,*,*,*,*
57415368,1,,57415367,50,26,24,6,2,4,49,27,22,35,21,14,48,26,22,48,26,22,14,6,8,5,1,4,3,1,2,0,0,0,0,0,0,17,17,3,5,4,2,3,0,1,15,9,6,3,9,0,0,2
57415370,0,,,55,27,28,1,1,0,54,26,28,27,16,11,53,25,28,53,25,28,27,10,17,15,5,10,5,1,4,1,0,1,0,0,0,22,22,5,6,7,3,1,0,0,17,13,4,0,18,0,4,3
57415371,2,57415360,,6,2,4,*,*,*,*,*,*,*,*,*,*,*,*,*,*,*,*,*,*,*,*,*,*,*,*,*,*,*,*,*,*,1,1,*,*,*,*,*,*,*,*,*,*,*,*,*,*,*
57415379,2,57415388,,5,2,3,*,*,*,*,*,*,*,*,*,*,*,*,*,*,*,*,*,*,*,*,*,*,*,*,*,*,*,*,*,*,2,2,*,*,*,*,*,*,*,*,*,*,*,*,*,*,*
57415380,0,,,105,47,58,9,6,3,96,41,55,49,20,29,94,41,53,92,40,52,47,21,26,30,13,17,7,3,4,1,1,0,0,0,0,31,31,4,13,2,3,2,3,4,27,14,13,2,29,0,4,8
57415388,1,,57415379,9,5,4,0,0,0,14,7,7,3,2,1,14,7,7,14,7,7,11,5,6,5,1,4,1,0,1,1,0,1,0,0,0,4,4,1,3,1,1,0,0,0,5,4,1,0,6,0,1,1
57415389,0,,,11,5,6,0,0,0,11,5,6,4,2,2,11,5,6,11,5,6,7,3,4,5,2,3,2,2,0,0,0,0,0,0,0,5,5,2,1,1,1,0,0,0,3,2,1,0,5,0,2,1
57415395,0,,,45,19,26,2,0,2,43,19,24,16,9,7,43,19,24,43,19,24,27,10,17,18,6,12,8,2,6,1,0,1,0,0,0,21,21,8,7,3,2,0,1,0,13,11,2,0,18,0,5,4
57415398,0,,,15,6,9,2,0,2,13,6,7,6,3,3,13,6,7,12,6,6,7,3,4,4,1,3,1,0,1,0,0,0,0,0,0,5,5,1,2,0,1,0,1,0,4,2,2,0,4,0,1,1
57415399,0,,,11,6,5,0,0,0,11,6,5,7,3,4,11,6,5,11,6,5,4,3,1,2,1,1,1,0,1,0,0,0,0,0,0,6,6,2,3,1,0,0,0,0,4,3,1,0,4,0,1,1
57415421,0,,,9,4,5,0,0,0,9,4,5,2,1,1,9,4,5,9,4,5,7,3,4,3,1,2,1,1,0,0,0,0,0,0,0,5,5,1,4,0,0,0,0,0,4,4,0,0,4,0,0,3
57415431,0,,,39,21,18,0,0,0,39,21,18,7,5,2,39,21,18,39,21,18,32,16,16,10,3,7,2,0,2,0,0,0,0,0,0,25,25,12,12,1,0,0,0,0,13,13,0,0,23,0,10,8
57415432,0,,,8,4,4,0,0,0,8,4,4,1,1,0,8,4,4,8,4,4,7,3,4,2,1,1,0,0,0,0,0,0,0,0,0,5,5,2,3,0,0,0,0,0,3,3,0,0,4,0,1,3
57415441,1,,57415451,9,4,5,0,0,0,13,7,6,6,4,2,13,7,6,13,7,6,7,3,4,5,2,3,1,0,1,0,0,0,0,0,0,4,4,1,3,2,0,0,0,0,5,4,1,0,4,0,0,3
57415451,2,57415441,,4,3,1,*,*,*,*,*,*,*,*,*,*,*,*,*,*,*,*,*,*,*,*,*,*,*,*,*,*,*,*,*,*,2,2,*,*,*,*,*,*,*,*,*,*,*,*,*,*,*
57415482,0,,,20,9,11,2,1,1,18,8,10,7,3,4,17,8,9,17,8,9,11,5,6,2,1,1,1,0,1,1,0,1,0,0,0,6,6,0,2,2,1,0,1,0,6,2,4,1,5,0,0,1
57415491,2,57415492,,3,2,1,*,*,*,*,*,*,*,*,*,*,*,*,*,*,*,*,*,*,*,*,*,*,*,*,*,*,*,*,*,*,1,1,*,*,*,*,*,*,*,*,*,*,*,*,*,*,*
57415492,1,,57415491,59,24,35,1,1,0,61,25,36,25,11,14,60,25,35,60,25,35,36,14,22,28,9,19,11,4,7,0,0,0,0,0,0,30,30,11,10,9,1,0,0,0,20,15,5,1,26,1,8,6
57416000,2,57416010,,2,1,1,*,*,*,*,*,*,*,*,*,*,*,*,*,*,*,*,*,*,*,*,*,*,*,*,*,*,*,*,*,*,1,1,*,*,*,*,*,*,*,*,*,*,*,*,*,*,*
57416004,0,,,140,74,66,16,12,4,124,62,62,59,30,29,123,62,61,122,61,61,65,32,33,33,14,19,17,6,11,2,0,2,0,0,0,47,47,12,12,12,2,3,2,4,35,21,14,3,42,0,11,8
57416005,0,,,238,110,128,16,8,8,222,102,120,120,63,57,216,98,118,213,96,117,102,39,63,49,13,36,24,4,20,3,0,3,1,0,1,88,88,18,29,18,12,7,3,1,69,48,21,4,66,0,10,12
57416006,0,,,100,48,52,3,1,2,97,47,50,50,28,22,96,46,50,95,45,50,47,19,28,22,9,13,9,5,4,1,1,0,0,0,0,40,40,11,12,6,8,3,0,0,28,19,9,2,34,0,10,4
57416007,0,,,134,67,67,13,8,5,121,59,62,65,32,33,119,57,62,117,55,62,56,27,29,27,10,17,11,4,7,1,0,1,1,0,1,45,45,8,18,8,2,4,0,5,36,23,13,2,36,1,6,6
57416008,0,,,44,16,28,1,0,1,43,16,27,23,7,16,42,16,26,41,15,26,20,9,11,9,2,7,6,2,4,0,0,0,5,0,5,18,18,8,3,2,2,2,1,0,10,4,6,0,10,3,1,2
57416009,0,,,767,373,394,76,40,36,691,333,358,396,201,195,672,324,348,656,316,340,295,132,163,136,52,84,51,17,34,3,1,2,2,0,2,257,257,36,86,53,40,24,7,11,220,152,68,15,189,0,23,41
57416010,1,,57416000,19,10,9,1,0,1,20,11,9,12,8,4,20,11,9,20,11,9,8,3,5,2,0,2,2,0,2,0,0,0,1,0,1,6,6,1,2,1,2,1,0,0,6,5,1,0,5,0,0,1
57416012,0,,,49,29,20,4,2,2,45,27,18,25,17,8,45,27,18,45,27,18,20,10,10,10,5,5,2,0,2,1,0,1,0,0,0,17,17,2,6,4,4,0,0,1,15,11,4,1,11,0,2,4
57416013,0,,,189,91,98,21,12,9,168,79,89,97,47,50,166,78,88,162,77,85,71,32,39,29,11,18,13,3,10,1,0,1,1,0,1,68,68,18,18,15,5,6,3,3,49,28,21,2,50,1,13,7
57416014,0,,,1479,692,787,108,49,59,1371,643,728,683,350,333,1345,630,715,1329,624,705,688,293,395,420,152,268,196,57,139,17,2,15,6,4,2,570,568,189,149,113,61,30,20,6,377,263,114,33,413,3,147,70
57416015,0,,,1626,771,855,200,100,100,1426,671,755,957,462,495,1358,643,715,1323,625,698,469,209,260,206,90,116,41,9,32,2,0,2,1,0,1,599,599,115,190,138,98,32,18,8,481,422,59,41,306,3,80,86
57416016,0,,,34,16,18,5,3,2,29,13,16,15,7,8,28,13,15,26,12,14,14,6,8,10,4,6,4,1,3,0,0,0,0,0,0,11,11,2,4,0,2,2,1,0,9,7,2,1,9,0,2,2
57416017,0,,,116,65,51,11,6,5,105,59,46,53,29,24,102,57,45,101,57,44,52,30,22,31,19,12,7,4,3,1,1,0,0,0,0,38,37,5,12,9,4,4,1,2,32,20,12,4,31,0,3,8
57416018,0,,,380,182,198,34,18,16,346,164,182,189,96,93,342,162,180,335,159,176,157,68,89,76,29,47,27,8,19,2,1,1,0,0,0,125,125,19,36,29,16,16,5,4,106,69,37,5,98,0,11,17
57416019,0,,,141,61,80,26,15,11,115,46,69,76,32,44,110,43,67,108,42,66,39,14,25,22,6,16,8,2,6,1,0,1,0,0,0,53,53,9,20,12,8,2,0,2,44,36,8,11,27,0,7,5
57416020,0,,,51,27,24,2,1,1,49,26,23,27,17,10,48,25,23,47,25,22,22,9,13,13,4,9,5,1,4,1,0,1,0,0,0,20,20,2,12,1,3,2,0,0,18,15,3,1,16,0,2,3
57416021,0,,,56,30,26,0,0,0,56,30,26,26,14,12,56,30,26,56,30,26,30,16,14,15,6,9,5,3,2,0,0,0,0,0,0,23,23,6,8,5,1,3,0,0,17,13,4,0,21,0,5,4
57416022,0,,,29,13,16,0,0,0,29,13,16,12,5,7,29,13,16,29,13,16,17,8,9,9,4,5,4,2,2,1,1,0,1,0,1,10,10,1,2,6,0,0,1,0,9,6,3,0,9,0,1,1
57416023,0,,,332,163,169,26,9,17,306,154,152,183,100,83,297,150,147,291,148,143,123,54,69,58,24,34,21,9,12,2,1,1,0,0,0,115,115,19,37,19,23,14,1,2,96,63,33,9,84,0,14,14
57416024,0,,,24,11,13,0,0,0,24,11,13,11,5,6,24,11,13,24,11,13,13,6,7,7,4,3,0,0,0,0,0,0,0,0,0,9,9,1,3,3,2,0,0,0,8,7,1,0,8,0,0,1
57416025,0,,,48,20,28,2,0,2,46,20,26,30,14,16,44,19,25,42,19,23,16,6,10,10,3,7,4,1,3,0,0,0,0,0,0,15,15,3,3,3,2,2,2,0,12,6,6,0,10,0,1,2
57416026,0,,,102,44,58,11,5,6,91,39,52,52,23,29,90,39,51,88,38,50,39,16,23,21,8,13,9,3,6,0,0,0,1,0,1,36,36,6,13,6,6,3,1,1,30,19,11,3,25,0,4,4
57416027,0,,,121,57,64,9,5,4,112,52,60,61,32,29,109,52,57,108,52,56,51,20,31,23,6,17,9,3,6,1,0,1,0,0,0,39,39,7,11,10,3,4,2,2,32,19,13,1,33,0,5,5
57416028,0,,,378,184,194,22,9,13,356,175,181,202,107,95,347,169,178,340,165,175,154,68,86,78,32,46,29,10,19,0,0,0,1,0,1,114,114,10,31,32,16,12,9,4,103,61,42,5,91,0,7,16
57416030,1,,57416031,405,208,197,36,20,16,374,190,184,207,114,93,366,186,180,363,185,178,167,76,91,76,32,44,29,9,20,3,0,3,0,0,0,133,133,19,36,33,26,9,9,2,114,72,42,11,101,0,13,21
57416031,2,57416030,,5,2,3,*,*,*,*,*,*,*,*,*,*,*,*,*,*,*,*,*,*,*,*,*,*,*,*,*,*,*,*,*,*,1,1,*,*,*,*,*,*,*,*,*,*,*,*,*,*,*
57416032,0,,,442,217,225,33,22,11,409,195,214,235,121,114,395,192,203,391,191,200,174,74,100,76,24,52,29,7,22,2,1,1,0,0,0,140,140,24,31,33,26,11,8,7,116,63,53,3,113,0,15,14
57416033,0,,,284,141,143,33,16,17,251,125,126,150,79,71,241,120,121,237,116,121,101,46,55,39,17,22,13,2,11,0,0,0,0,0,0,93,92,13,29,24,13,3,4,6,79,59,20,5,67,0,9,12
57416034,0,,,402,202,200,21,11,10,381,191,190,222,122,100,374,187,187,367,184,183,159,69,90,82,30,52,18,7,11,2,0,2,1,0,1,171,171,52,61,25,18,11,2,2,116,91,25,2,115,0,34,22
57416035,0,,,1183,559,624,137,72,65,1046,487,559,631,316,315,1009,471,538,992,463,529,415,171,244,233,89,144,76,23,53,7,0,7,7,3,4,459,458,101,157,103,62,23,8,4,357,297,60,31,265,5,57,75
57416036,0,,,695,350,345,56,30,26,639,320,319,374,204,170,628,313,315,617,306,311,265,116,149,123,52,71,36,12,24,1,0,1,3,1,2,221,220,28,55,56,44,19,13,5,190,119,71,8,168,1,19,30
57416037,0,,,148,74,74,12,6,6,136,68,68,78,43,35,135,68,67,133,66,67,58,25,33,30,10,20,11,2,9,1,1,0,0,0,0,50,50,6,16,12,10,3,2,1,44,25,19,2,36,0,2,7
57416038,0,,,21,12,9,5,2,3,16,10,6,12,7,5,15,10,5,15,10,5,4,3,1,1,0,1,1,0,1,0,0,0,0,0,0,8,8,1,4,0,3,0,0,0,7,6,1,0,4,0,0,1
57416039,0,,,35,20,15,2,1,1,33,19,14,19,12,7,32,18,14,31,17,14,14,7,7,9,5,4,3,1,2,0,0,0,0,0,0,16,16,5,5,5,0,1,0,0,11,8,3,1,9,0,3,3
57416040,1,,57416050,384,194,190,39,16,23,354,181,173,193,112,81,346,176,170,341,174,167,161,69,92,50,16,34,14,3,11,1,0,1,0,0,0,135,135,25,42,31,23,7,7,3,112,78,34,4,98,0,13,21
57416041,0,,,253,119,134,26,14,12,227,105,122,134,65,69,224,102,122,219,100,119,93,40,53,41,14,27,14,2,12,2,0,2,0,0,0,71,71,14,10,15,11,6,7,8,57,23,34,6,59,0,12,6
57416042,0,,,63,32,31,16,6,10,47,26,21,33,18,15,46,25,21,46,25,21,14,8,6,3,1,2,1,0,1,0,0,0,0,0,0,19,19,4,4,1,5,2,3,0,15,10,5,5,10,0,3,3
57416043,0,,,380,195,185,28,13,15,346,178,168,206,112,94,336,174,162,329,169,160,140,66,74,52,25,27,20,5,15,1,1,0,0,0,0,158,158,36,60,35,18,7,2,0,119,104,15,8,89,8,16,30
57416044,0,,,2309,1126,1183,223,116,107,2074,1002,1072,1218,622,596,1970,937,1033,1939,923,1016,856,380,476,488,184,304,178,51,127,12,4,8,16,9,7,890,885,265,284,155,106,44,23,8,614,507,107,63,487,28,121,141
57416045,0,,,2947,1436,1511,493,261,232,2424,1149,1275,1618,803,815,2335,1099,1236,2281,1079,1202,806,346,460,391,151,240,132,42,90,18,4,14,8,2,6,1080,1078,260,297,235,202,56,21,7,814,715,99,153,452,41,95,137
57416046,0,,,30,13,17,4,1,3,26,12,14,10,5,5,26,12,14,26,12,14,16,7,9,4,2,2,1,0,1,0,0,0,0,0,0,11,11,1,6,2,1,0,0,1,10,8,2,0,9,0,1,4
57416049,0,,,1392,690,702,175,82,93,1200,598,602,801,420,381,1158,574,584,1132,561,571,399,178,221,180,73,107,64,23,41,3,0,3,10,4,6,591,590,201,165,104,77,31,10,2,384,318,66,49,271,51,73,68
57416050,2,57416040,,10,4,6,*,*,*,*,*,*,*,*,*,*,*,*,*,*,*,*,*,*,*,*,*,*,*,*,*,*,*,*,*,*,3,3,*,*,*,*,*,*,*,*,*,*,*,*,*,*,*
57416052,2,57416053,,3,2,1,*,*,*,*,*,*,*,*,*,*,*,*,*,*,*,*,*,*,*,*,*,*,*,*,*,*,*,*,*,*,1,1,*,*,*,*,*,*,*,*,*,*,*,*,*,*,*
57416053,1,,57416052,307,145,162,35,13,22,275,134,141,187,98,89,262,128,134,250,123,127,88,36,52,42,14,28,14,5,9,1,0,1,0,0,0,97,97,18,17,22,21,13,6,1,80,51,29,8,59,1,6,8
57416054,0,,,1414,682,732,130,74,56,1266,596,670,768,386,382,1231,577,654,1206,560,646,498,210,288,283,111,172,103,39,64,7,3,4,4,0,4,613,611,199,194,125,58,22,11,2,403,340,63,44,326,24,96,81
57416055,0,,,1125,538,587,266,141,125,857,396,461,712,338,374,814,378,436,798,372,426,145,58,87,66,23,43,33,8,25,2,1,1,1,0,1,395,394,92,80,87,97,27,9,2,299,276,23,89,90,11,25,17
57416056,0,,,74,39,35,5,4,1,69,35,34,43,24,19,66,32,34,65,31,34,26,11,15,13,4,9,6,2,4,1,0,1,0,0,0,19,19,1,2,6,5,1,3,1,18,9,9,0,15,0,1,1
57416057,0,,,12,5,7,1,1,0,11,4,7,3,1,2,11,4,7,11,4,7,8,3,5,3,1,2,2,1,1,0,0,0,0,0,0,7,7,3,3,1,0,0,0,0,3,2,1,0,6,0,2,1
57416058,0,,,560,285,275,54,30,24,506,255,251,316,170,146,490,246,244,478,239,239,190,85,105,81,32,49,20,8,12,1,0,1,1,0,1,221,221,64,70,32,33,14,4,4,156,130,26,12,128,3,37,26
57416059,0,,,1555,750,805,163,82,81,1390,666,724,864,433,431,1360,652,708,1339,643,696,526,233,293,218,84,134,60,20,40,7,2,5,10,10,0,584,584,142,180,119,72,40,17,14,438,328,110,44,343,7,70,88
57416060,0,,,171,88,83,17,8,9,154,80,74,89,53,36,149,76,73,148,75,73,65,27,38,38,11,27,18,4,14,0,0,0,1,0,1,51,51,5,15,10,10,6,3,2,46,24,22,3,43,0,4,3
57416062,0,,,529,253,276,63,37,26,466,216,250,266,130,136,452,212,240,443,206,237,200,86,114,72,25,47,22,6,16,2,1,1,0,0,0,187,187,42,60,32,24,13,7,9,143,102,41,12,136,0,31,26
57416063,0,,,263,132,131,24,11,13,239,121,118,138,77,61,229,118,111,225,117,108,101,44,57,44,18,26,16,4,12,0,0,0,0,0,0,103,102,26,34,20,11,6,5,0,76,55,21,6,60,1,10,17
57416064,0,,,1281,601,680,106,50,56,1174,550,624,644,336,308,1133,529,604,1110,515,595,530,214,316,324,127,197,123,41,82,9,2,7,3,1,2,485,481,119,162,91,58,26,15,10,358,265,93,28,315,4,70,83
57416065,0,,,20,9,11,1,1,0,19,8,11,16,7,9,17,7,10,16,6,10,3,1,2,0,0,0,0,0,0,0,0,0,0,0,0,6,6,0,1,2,3,0,0,0,6,4,2,1,2,0,0,1
57416066,0,,,56,28,28,3,2,1,53,26,27,25,13,12,53,26,27,53,26,27,28,13,15,12,4,8,7,3,4,2,1,1,0,0,0,23,23,6,10,3,1,1,2,0,17,12,5,1,18,0,3,6
57416067,0,,,378,185,193,28,11,17,349,174,175,204,112,92,339,168,171,336,167,169,145,62,83,59,21,38,22,4,18,1,0,1,1,0,1,128,128,23,34,27,26,9,6,3,104,63,41,5,90,3,10,17
57416068,0,,,476,237,239,44,24,20,432,213,219,281,143,138,418,206,212,401,199,202,151,70,81,75,32,43,16,5,11,1,1,0,0,0,0,162,162,29,48,29,33,15,4,4,131,99,32,9,100,0,15,20
57416069,0,,,606,298,308,65,31,34,541,267,274,312,163,149,529,261,268,520,256,264,229,104,125,97,39,58,37,10,27,2,0,2,2,1,1,217,217,42,67,48,32,18,5,5,174,130,44,13,149,0,30,34
57416070,0,,,279,144,135,21,14,7,257,129,128,159,82,77,249,126,123,245,125,120,98,47,51,40,19,21,10,4,6,1,0,1,1,0,1,94,94,15,34,17,11,8,4,5,77,55,22,2,60,2,4,17
57416071,0,,,539,261,278,60,32,28,477,227,250,302,158,144,468,221,247,458,217,241,175,69,106,76,27,49,27,7,20,1,0,1,0,0,0,200,200,47,58,41,29,17,5,3,152,113,39,15,118,4,25,23
57416072,0,,,540,276,264,64,34,30,475,241,234,303,163,140,462,234,228,453,227,226,172,78,94,80,32,48,29,10,19,0,0,0,1,0,1,177,177,26,55,32,30,21,8,5,149,98,51,8,114,0,16,23
57416073,0,,,671,325,346,76,40,36,595,285,310,368,191,177,566,273,293,555,266,289,227,94,133,114,46,68,42,14,28,5,0,5,4,2,2,213,212,35,59,41,37,20,11,9,174,116,58,12,135,1,21,28
57416074,0,,,723,352,371,72,37,35,651,315,336,360,188,172,633,301,332,631,299,332,291,127,164,144,51,93,65,18,47,7,1,6,2,1,1,280,279,64,84,72,37,14,5,3,212,158,54,30,180,2,35,36
57416075,0,,,318,154,164,25,10,15,293,144,149,160,87,73,284,139,145,278,135,143,133,57,76,57,19,38,20,4,16,2,0,2,1,1,0,108,108,17,38,25,12,5,5,6,91,59,32,6,86,0,12,18
57416076,0,,,187,92,95,19,9,10,168,83,85,94,47,47,163,81,82,157,78,79,74,36,38,36,12,24,19,4,15,2,0,2,0,0,0,65,65,11,24,10,10,4,4,2,54,35,19,4,47,0,9,7
57416077,0,,,104,49,55,14,5,9,90,44,46,52,25,27,86,43,43,84,42,42,38,19,19,16,8,8,9,4,5,2,1,1,0,0,0,31,31,5,7,4,9,3,1,2,26,17,9,2,21,0,3,3
57416078,0,,,41,20,21,2,1,1,39,19,20,20,11,9,39,19,20,39,19,20,19,8,11,11,4,7,1,0,1,0,0,0,0,0,0,17,17,3,7,6,0,0,1,0,14,10,4,1,15,0,2,4
57416079,0,,,70,36,34,12,4,8,58,32,26,37,21,16,56,32,24,54,31,23,21,11,10,8,3,5,3,2,1,0,0,0,0,0,0,20,20,3,7,3,0,2,3,2,17,9,8,4,14,0,3,1
57416080,0,,,306,151,155,31,16,15,275,135,140,183,94,89,268,129,139,262,126,136,92,41,51,32,14,18,12,4,8,0,0,0,0,0,0,99,99,25,19,19,13,11,6,6,72,42,30,4,64,3,11,9
57416081,0,,,98,49,49,10,4,6,88,45,43,42,21,21,84,43,41,84,43,41,46,24,22,21,10,11,10,3,7,0,0,0,0,0,0,31,31,3,11,7,4,3,1,2,28,18,10,3,24,0,1,9
57416082,0,,,146,71,75,20,8,12,126,63,63,74,39,35,120,60,60,115,59,56,52,24,28,18,7,11,3,0,3,2,0,2,0,0,0,42,42,6,7,12,8,2,3,4,36,21,15,4,30,0,4,5
57416083,0,,,213,112,101,23,15,8,190,97,93,117,60,57,180,92,88,175,89,86,73,37,36,27,12,15,11,5,6,3,1,2,0,0,0,67,67,12,12,20,11,5,3,4,55,38,17,2,43,0,9,4
57416084,1,,57416085,133,65,68,21,11,10,114,56,58,66,32,34,112,55,57,110,54,56,48,24,24,17,7,10,8,4,4,0,0,0,0,0,0,34,34,3,9,7,6,2,4,4,32,16,16,7,27,0,1,4
57416085,2,57416084,,2,2,0,*,*,*,*,*,*,*,*,*,*,*,*,*,*,*,*,*,*,*,*,*,*,*,*,*,*,*,*,*,*,1,1,*,*,*,*,*,*,*,*,*,*,*,*,*,*,*
57416086,0,,,12,5,7,1,0,1,11,5,6,6,3,3,10,4,6,10,4,6,5,2,3,3,1,2,0,0,0,0,0,0,0,0,0,4,4,0,2,0,2,0,0,0,4,3,1,0,4,0,0,1
57416087,0,,,140,67,73,15,9,6,125,58,67,72,34,38,122,58,64,120,57,63,53,24,29,27,10,17,14,4,10,1,0,1,0,0,0,39,39,8,7,6,6,2,5,5,31,15,16,1,33,0,6,4
57416088,0,,,208,79,129,13,7,6,195,72,123,74,36,38,191,70,121,189,69,120,121,36,85,89,20,69,61,10,51,12,0,12,0,0,0,44,40,5,11,7,9,3,1,4,35,19,16,2,33,0,5,5
57416089,0,,,134,69,65,10,8,2,124,61,63,77,40,37,121,60,61,118,58,60,47,21,26,24,9,15,6,2,4,0,0,0,1,0,1,34,34,3,4,8,7,5,4,3,31,8,23,3,30,0,3,0
57416090,0,,,60,31,29,1,0,1,59,31,28,31,18,13,57,30,27,57,30,27,28,13,15,15,6,9,4,1,3,0,0,0,0,0,0,20,20,3,5,5,4,2,1,0,16,9,7,0,16,0,3,3
57416091,0,,,241,121,120,21,10,11,220,111,109,126,70,56,210,103,107,206,101,105,94,41,53,50,20,30,21,8,13,4,1,3,1,1,0,75,75,13,18,10,18,8,6,2,62,30,32,2,58,0,8,7
57416092,0,,,456,201,255,23,8,15,433,193,240,203,107,96,425,189,236,419,186,233,230,86,144,170,58,112,89,25,64,11,1,10,0,0,0,162,156,54,42,27,13,14,4,2,102,67,35,5,119,2,40,21
57416093,0,,,31,17,14,4,1,3,27,16,11,15,10,5,25,14,11,25,14,11,12,6,6,5,2,3,0,0,0,0,0,0,0,0,0,9,9,0,4,1,1,2,1,0,9,6,3,1,8,0,0,3
57416094,0,,,18,10,8,6,3,3,12,7,5,9,5,4,12,7,5,12,7,5,3,2,1,2,1,1,0,0,0,0,0,0,0,0,0,5,5,1,1,0,2,0,0,1,4,3,1,1,2,0,1,0
57416095,0,,,165,79,86,14,3,11,151,76,75,89,51,38,148,74,74,146,72,74,62,25,37,24,6,18,14,2,12,0,0,0,1,0,1,47,47,5,9,11,9,7,4,2,41,19,22,4,37,0,2,5
57416096,0,,,154,79,75,13,9,4,141,70,71,90,52,38,132,65,67,129,62,67,51,18,33,27,8,19,16,3,13,2,1,1,0,0,0,44,44,6,9,9,8,6,2,4,37,14,23,1,33,0,4,3
57416097,0,,,9,4,5,0,0,0,9,4,5,4,2,2,9,4,5,9,4,5,5,2,3,4,2,2,3,1,2,0,0,0,0,0,0,4,4,1,1,2,0,0,0,0,3,2,1,0,3,0,1,0
57416098,0,,,42,20,22,4,2,2,38,18,20,18,9,9,37,17,20,37,17,20,20,9,11,4,0,4,3,0,3,0,0,0,0,0,0,16,16,6,4,2,1,1,1,1,10,6,4,0,11,0,2,2
57416099,0,,,32,17,15,1,0,1,31,17,14,20,10,10,27,16,11,25,14,11,11,7,4,6,4,2,0,0,0,0,0,0,0,0,0,7,7,0,2,0,0,3,1,1,7,2,5,0,7,0,0,2
57416100,0,,,161,84,77,18,10,8,143,74,69,83,46,37,141,73,68,137,70,67,60,28,32,28,10,18,13,4,9,1,0,1,1,0,1,46,46,8,8,9,8,6,3,4,38,14,24,1,39,0,5,3
57416101,0,,,74,34,40,2,1,1,72,33,39,36,15,21,72,33,39,72,33,39,36,18,18,17,6,11,9,3,6,0,0,0,0,0,0,24,24,4,5,5,6,3,1,0,20,8,12,1,22,0,2,3
57416102,0,,,23,12,11,0,0,0,23,12,11,13,8,5,22,12,10,22,12,10,10,4,6,6,2,4,2,1,1,0,0,0,1,0,1,8,8,1,2,4,0,0,1,0,7,4,3,0,6,0,0,1
57416103,0,,,87,44,43,3,3,0,84,41,43,43,26,17,84,41,43,84,41,43,41,15,26,19,4,15,11,3,8,0,0,0,0,0,0,31,31,7,6,8,6,4,0,0,24,14,10,2,25,0,4,4
57416104,0,,,82,43,39,4,2,2,78,41,37,52,33,19,76,40,36,73,38,35,26,8,18,20,7,13,5,1,4,1,1,0,0,0,0,32,32,10,8,8,1,2,3,0,22,12,10,1,20,0,3,2
57416105,0,,,232,113,119,25,16,9,207,97,110,113,56,57,204,96,108,202,95,107,94,41,53,39,12,27,18,3,15,0,0,0,0,0,0,80,80,16,22,16,13,7,5,1,64,37,27,7,61,0,12,12
57416106,0,,,189,94,95,16,5,11,173,89,84,106,57,49,167,86,81,164,84,80,67,32,35,31,12,19,14,3,11,0,0,0,0,0,0,67,67,18,15,13,10,6,3,2,48,29,19,5,46,0,9,6
57416108,0,,,462,217,245,44,23,21,417,194,223,243,119,124,402,188,214,390,181,209,174,75,99,80,25,55,33,9,24,5,0,5,0,0,0,149,148,20,46,38,17,10,11,6,126,82,44,9,103,0,14,23
57416109,0,,,64,31,33,0,0,0,64,31,33,42,21,21,61,30,31,61,30,31,22,10,12,14,7,7,4,3,1,0,0,0,0,0,0,20,20,3,3,6,5,1,2,0,17,7,10,0,15,0,2,2
57416110,0,,,20,9,11,2,1,1,18,8,10,9,5,4,18,8,10,18,8,10,9,3,6,5,1,4,2,0,2,0,0,0,0,0,0,7,7,3,1,1,1,0,0,1,4,2,2,0,7,0,3,0
57416111,0,,,53,31,22,5,2,3,48,29,19,27,20,7,45,26,19,45,26,19,21,9,12,11,4,7,3,2,1,0,0,0,0,0,0,19,19,4,6,3,3,2,1,0,15,8,7,1,15,0,2,0
57416113,0,,,86,46,40,5,3,2,81,43,38,38,23,15,77,40,37,77,40,37,43,20,23,24,12,12,3,0,3,0,0,0,0,0,0,29,29,4,10,8,2,1,3,1,25,15,10,3,24,0,3,6
57416114,0,,,155,80,75,19,10,9,136,70,66,82,41,41,132,69,63,131,69,62,54,29,25,27,13,14,6,5,1,0,0,0,1,0,1,46,46,8,10,9,10,1,4,4,38,20,18,6,36,0,5,4
57416115,0,,,1044,493,551,142,63,79,902,430,472,567,283,284,871,415,456,860,407,453,335,147,188,178,73,105,53,17,36,6,0,6,0,0,0,378,378,70,130,77,57,25,11,8,307,244,63,40,218,2,43,54
57416116,0,,,124,62,62,10,5,5,114,57,57,68,36,32,112,55,57,109,52,57,46,21,25,23,10,13,9,3,6,0,0,0,1,0,1,39,39,3,11,12,7,2,3,1,36,24,12,4,29,0,3,4
57416118,0,,,130,63,67,12,6,6,118,57,61,65,29,36,116,56,60,115,56,59,53,28,25,22,9,13,7,1,6,2,1,1,0,0,0,39,39,7,10,5,5,4,8,0,32,16,16,1,30,0,5,4
57416119,0,,,200,100,100,16,9,7,184,91,93,106,59,47,183,90,93,182,89,93,78,32,46,54,20,34,24,5,19,2,0,2,0,0,0,59,59,10,9,10,14,11,4,1,49,18,31,3,47,0,4,3
57416121,0,,,97,55,42,10,6,4,87,49,38,53,32,21,81,47,34,81,47,34,34,17,17,16,8,8,4,2,2,0,0,0,0,0,0,35,35,9,13,3,3,3,2,2,26,21,5,1,24,0,8,6
57416122,0,,,141,73,68,12,7,5,129,66,63,75,40,35,125,65,60,122,63,59,54,26,28,23,8,15,13,3,10,1,0,1,0,0,0,42,42,6,13,5,8,5,2,3,35,18,17,2,35,1,4,6
57416124,0,,,105,49,56,6,4,2,99,45,54,53,24,29,99,45,54,97,43,54,46,21,25,18,6,12,10,3,7,0,0,0,0,0,0,38,38,3,16,11,5,2,0,1,35,26,9,1,30,0,2,6
57416125,0,,,228,107,121,21,10,11,207,97,110,120,61,59,204,94,110,202,94,108,87,36,51,51,24,27,13,5,8,1,0,1,0,0,0,78,78,13,24,14,16,6,4,1,65,41,24,5,54,0,8,10
57416126,0,,,213,105,108,22,9,13,191,96,95,103,54,49,188,95,93,186,94,92,88,42,46,59,25,34,16,4,12,1,0,1,0,0,0,66,66,8,19,13,11,10,2,3,57,36,21,4,53,0,5,10
57416127,0,,,142,60,82,18,12,6,124,48,76,79,31,48,119,47,72,118,47,71,45,17,28,25,7,18,11,3,8,0,0,0,1,0,1,44,44,6,15,6,6,5,3,3,38,23,15,4,29,0,3,6
57416128,0,,,316,158,158,38,21,17,277,136,141,145,72,73,270,132,138,267,131,136,132,64,68,64,29,35,21,8,13,3,1,2,1,0,1,110,110,21,35,22,14,9,5,4,88,56,32,9,81,0,10,20
57416129,0,,,63,31,32,3,1,2,60,30,30,30,17,13,58,29,29,58,29,29,30,13,17,13,6,7,4,2,2,1,1,0,0,0,0,20,20,2,9,3,0,3,2,1,18,12,6,0,17,0,1,5
57416130,0,,,333,164,169,36,17,19,296,146,150,208,104,104,283,140,143,273,134,139,88,42,46,41,17,24,20,8,12,1,0,1,1,0,1,125,125,25,39,39,8,7,4,3,99,81,18,12,57,2,13,14
57416131,0,,,138,67,71,15,10,5,123,57,66,65,35,30,120,54,66,118,54,64,58,22,36,34,12,22,15,3,12,0,0,0,0,0,0,41,41,6,9,13,2,3,6,2,34,18,16,3,35,0,5,4
57416132,0,,,97,52,45,4,1,3,93,51,42,48,27,21,91,51,40,89,49,40,45,24,21,22,8,14,15,6,9,0,0,0,0,0,0,36,36,11,9,6,3,5,1,1,25,14,11,0,30,0,9,5
57416133,0,,,80,41,39,4,1,3,76,40,36,48,26,22,75,40,35,74,40,34,28,14,14,13,4,9,7,2,5,0,0,0,0,0,0,24,24,3,2,7,8,4,0,0,21,10,11,0,20,0,2,1
57416134,0,,,219,108,111,15,9,6,204,99,105,107,60,47,202,97,105,198,94,104,97,39,58,51,18,33,25,7,18,2,1,1,2,0,2,78,78,15,20,22,13,3,4,1,63,38,25,3,61,0,12,10
57416135,1,,57416136,179,90,89,29,18,11,152,73,79,96,50,46,150,72,78,149,71,78,56,23,33,20,6,14,9,2,7,2,1,1,0,0,0,60,60,14,14,15,7,8,2,2,47,30,17,11,35,0,8,6
57416136,2,57416135,,2,1,1,*,*,*,*,*,*,*,*,*,*,*,*,*,*,*,*,*,*,*,*,*,*,*,*,*,*,*,*,*,*,2,2,*,*,*,*,*,*,*,*,*,*,*,*,*,*,*
57416137,0,,,487,227,260,50,28,22,436,198,238,233,114,119,414,188,226,406,184,222,203,84,119,104,41,63,36,11,25,4,2,2,0,0,0,172,161,26,50,37,21,12,11,4,135,92,43,6,118,0,19,29
57416138,0,,,266,128,138,40,20,20,226,108,118,128,66,62,223,107,116,218,104,114,98,42,56,49,16,33,17,3,14,0,0,0,0,0,0,89,89,21,30,7,11,8,6,6,68,39,29,10,66,0,13,15
57416140,0,,,2318,1114,1204,272,137,135,2045,977,1068,1222,607,615,1982,947,1035,1939,926,1013,823,370,453,417,167,250,132,42,90,9,2,7,13,4,9,902,901,223,282,198,116,50,18,14,670,529,141,70,538,11,122,133
57416141,0,,,885,438,447,64,32,32,817,404,413,452,247,205,799,396,403,786,389,397,365,157,208,199,74,125,89,27,62,9,0,9,0,0,0,256,248,59,65,62,33,17,7,5,188,134,54,20,140,9,24,30
57416142,0,,,167,60,107,4,1,3,163,59,104,40,20,20,160,57,103,158,56,102,123,39,84,99,26,73,62,13,49,5,1,4,0,0,0,30,28,6,11,4,2,2,2,1,22,16,6,0,23,0,6,5
57416143,0,,,205,103,102,15,5,10,190,98,92,110,63,47,187,96,91,182,93,89,80,35,45,29,8,21,13,3,10,0,0,0,0,0,0,70,70,15,18,17,8,4,5,3,54,30,24,3,50,0,8,7
57416144,0,,,94,50,44,7,3,4,87,47,40,51,31,20,85,45,40,84,44,40,36,16,20,16,6,10,5,3,2,1,1,0,1,0,1,34,34,6,13,7,4,1,1,2,28,20,8,2,26,0,5,4
57416145,0,,,137,67,70,7,4,3,130,63,67,75,35,40,130,63,67,128,61,67,55,28,27,29,12,17,11,4,7,0,0,0,1,0,1,43,43,2,14,10,12,3,1,1,41,24,17,1,34,0,0,4
57416146,0,,,79,38,41,2,1,1,73,34,39,35,19,16,73,34,39,72,33,39,38,15,23,17,7,10,6,1,5,0,0,0,0,0,0,29,29,6,6,9,6,2,0,0,22,14,8,1,22,0,4,4
57416147,1,,57416157,43,21,22,0,0,0,48,24,24,20,9,11,48,24,24,47,23,24,28,15,13,9,4,5,4,2,2,0,0,0,0,0,0,19,19,4,10,4,3,0,0,0,17,14,3,0,17,0,3,7
57416148,0,,,343,178,165,27,15,12,316,163,153,176,99,77,305,156,149,303,155,148,140,64,76,68,28,40,30,13,17,4,1,3,0,0,0,106,106,13,25,26,22,11,5,4,92,55,37,6,81,0,7,15
57416149,0,,,231,114,117,13,8,5,218,106,112,115,59,56,214,104,110,213,104,109,103,47,56,52,19,33,19,7,12,1,0,1,1,1,0,75,75,11,26,10,12,9,6,1,63,34,29,3,68,0,10,11
57416150,0,,,1008,472,536,111,60,51,896,411,485,502,250,252,869,394,475,850,386,464,394,161,233,220,75,145,88,19,69,9,1,8,3,1,2,389,386,117,112,68,49,22,10,8,268,214,54,24,243,6,70,54
57416151,0,,,507,246,261,57,27,30,447,217,230,260,130,130,429,209,220,421,205,216,187,87,100,75,29,46,28,7,21,2,0,2,1,0,1,194,194,48,64,34,22,18,6,2,144,106,38,11,125,4,32,27
57416152,0,,,137,65,72,18,7,11,119,58,61,72,35,37,116,57,59,113,54,59,47,23,24,22,9,13,12,4,8,2,1,1,2,0,2,51,51,9,22,3,11,5,1,0,42,34,8,6,31,0,7,10
57416153,0,,,26,18,8,5,4,1,21,14,7,17,13,4,21,14,7,19,13,6,4,1,3,4,1,3,1,0,1,0,0,0,0,0,0,5,4,0,0,2,0,0,0,2,4,2,2,2,3,0,0,0
57416154,0,,,61,31,30,2,0,2,59,31,28,38,20,18,57,30,27,55,29,26,21,11,10,10,5,5,4,1,3,0,0,0,0,0,0,20,20,6,2,3,4,4,1,0,14,5,9,0,16,0,4,1
57416155,0,,,78,32,46,6,1,5,72,31,41,36,17,19,70,30,40,70,30,40,36,14,22,25,9,16,18,6,12,2,0,2,0,0,0,20,19,3,4,4,1,3,1,3,16,6,10,0,16,0,3,3
57416156,0,,,90,45,45,8,3,5,82,42,40,50,30,20,81,42,39,81,42,39,32,12,20,13,5,8,5,1,4,0,0,0,0,0,0,29,29,4,9,5,4,5,2,0,25,15,10,2,22,0,2,2
57416157,2,57416147,,5,3,2,*,*,*,*,*,*,*,*,*,*,*,*,*,*,*,*,*,*,*,*,*,*,*,*,*,*,*,*,*,*,2,2,*,*,*,*,*,*,*,*,*,*,*,*,*,*,*
57416158,0,,,160,88,72,9,6,3,151,82,69,93,57,36,147,79,68,145,77,68,58,25,33,34,10,24,11,2,9,1,0,1,0,0,0,49,49,7,14,8,9,5,3,3,42,22,20,2,40,0,5,3
57416159,0,,,534,273,261,65,40,25,469,233,236,292,148,144,451,225,226,441,222,219,177,85,92,83,36,47,32,12,20,1,0,1,2,0,2,167,167,17,52,36,29,16,11,6,150,96,54,12,111,0,12,24
57416160,0,,,84,37,47,5,1,4,79,36,43,40,20,20,76,35,41,75,35,40,39,16,23,23,8,15,7,2,5,0,0,0,0,0,0,33,33,12,8,7,2,0,3,1,20,10,10,3,28,0,9,4
57416161,1,,57416162,129,64,65,9,5,4,125,61,64,69,35,34,120,58,62,119,58,61,56,26,30,27,10,17,8,3,5,0,0,0,2,0,2,44,44,7,15,8,6,5,4,0,38,21,17,2,37,0,6,7
57416162,2,57416161,,5,2,3,*,*,*,*,*,*,*,*,*,*,*,*,*,*,*,*,*,*,*,*,*,*,*,*,*,*,*,*,*,*,1,1,*,*,*,*,*,*,*,*,*,*,*,*,*,*,*
57416163,0,,,24,12,12,0,0,0,24,12,12,15,8,7,22,12,10,22,12,10,9,4,5,4,1,3,1,1,0,0,0,0,0,0,0,10,10,2,5,1,1,1,0,0,8,6,2,0,7,0,0,1
57416165,0,,,156,90,66,12,2,10,144,88,56,69,48,21,142,87,55,140,85,55,75,40,35,39,20,19,12,8,4,1,0,1,0,0,0,56,56,8,25,10,5,4,2,2,47,32,15,3,47,1,4,12
57416167,1,,57416178,115,64,51,9,7,2,109,59,50,57,34,23,107,57,50,104,57,47,52,25,27,23,12,11,11,6,5,0,0,0,0,0,0,29,29,4,3,9,5,5,0,5,27,10,17,2,28,0,3,2
57416168,0,,,49,23,26,0,0,0,49,23,26,25,13,12,46,22,24,46,22,24,24,10,14,13,4,9,6,1,5,0,0,0,0,0,0,19,19,7,3,2,5,2,0,0,11,6,5,0,14,0,5,2
57416169,0,,,502,249,253,56,27,29,446,222,224,267,137,130,431,210,221,420,206,214,179,85,94,90,38,52,35,12,23,5,1,4,2,1,1,151,151,20,38,30,27,18,10,8,131,71,60,10,108,0,13,12
57416170,0,,,14,7,7,1,0,1,13,7,6,7,4,3,12,6,6,12,6,6,6,3,3,2,0,2,2,0,2,1,0,1,0,0,0,5,5,2,1,1,0,0,0,1,3,1,2,0,4,0,2,0
57416172,0,,,18,9,9,0,0,0,18,9,9,8,6,2,18,9,9,17,8,9,10,3,7,6,3,3,0,0,0,0,0,0,1,0,1,8,8,3,2,2,0,1,0,0,5,4,1,0,7,0,3,1
57416173,2,57416174,,3,2,1,*,*,*,*,*,*,*,*,*,*,*,*,*,*,*,*,*,*,*,*,*,*,*,*,*,*,*,*,*,*,2,2,*,*,*,*,*,*,*,*,*,*,*,*,*,*,*
57416174,1,,57416173,45,23,22,4,3,1,44,22,22,18,11,7,44,22,22,44,22,22,26,11,15,10,4,6,6,2,4,0,0,0,0,0,0,16,16,5,5,6,1,0,0,1,13,10,3,1,16,0,5,4
57416175,0,,,349,178,171,28,16,12,321,162,159,169,94,75,315,159,156,311,157,154,152,68,84,76,32,44,39,13,26,2,0,2,0,0,0,116,116,23,33,26,15,5,6,8,93,55,38,7,94,0,18,17
57416176,0,,,24,11,13,0,0,0,24,11,13,16,8,8,24,11,13,23,11,12,8,3,5,7,3,4,2,1,1,0,0,0,0,0,0,7,7,0,1,4,1,0,1,0,7,4,3,0,5,0,0,0
57416177,0,,,50,22,28,6,2,4,44,20,24,21,12,9,44,20,24,44,20,24,23,8,15,13,4,9,1,0,1,0,0,0,0,0,0,16,16,4,3,3,1,3,2,0,12,4,8,1,15,0,4,2
57416178,2,57416167,,3,2,1,*,*,*,*,*,*,*,*,*,*,*,*,*,*,*,*,*,*,*,*,*,*,*,*,*,*,*,*,*,*,2,2,*,*,*,*,*,*,*,*,*,*,*,*,*,*,*
57416179,0,,,716,328,388,72,37,35,640,288,352,382,191,191,624,280,344,613,277,336,258,97,161,150,47,103,68,14,54,12,0,12,5,3,2,252,250,73,67,52,26,15,11,6,174,118,56,24,132,8,26,28
57416180,2,57416181,,5,3,2,*,*,*,*,*,*,*,*,*,*,*,*,*,*,*,*,*,*,*,*,*,*,*,*,*,*,*,*,*,*,3,3,*,*,*,*,*,*,*,*,*,*,*,*,*,*,*
57416181,1,,57416180,15,8,7,3,1,2,17,10,7,8,5,3,17,10,7,17,10,7,9,5,4,6,3,3,2,1,1,0,0,0,0,0,0,4,4,1,3,2,0,0,0,1,6,5,1,0,5,0,0,2
57416182,0,,,46,21,25,5,4,1,41,17,24,22,9,13,41,17,24,39,16,23,19,8,11,5,2,3,4,1,3,0,0,0,6,0,6,15,15,5,3,2,1,2,1,1,9,5,4,1,13,0,4,2
57416183,2,57416184,,7,3,4,*,*,*,*,*,*,*,*,*,*,*,*,*,*,*,*,*,*,*,*,*,*,*,*,*,*,*,*,*,*,3,3,*,*,*,*,*,*,*,*,*,*,*,*,*,*,*
57416184,1,,57416183,111,61,50,10,7,3,108,57,51,56,31,25,107,56,51,107,56,51,52,26,26,16,7,9,9,3,6,0,0,0,1,0,1,36,36,6,8,17,4,1,0,3,33,27,6,2,29,0,3,6
57416185,0,,,130,61,69,18,8,10,112,53,59,70,35,35,109,53,56,107,52,55,42,18,24,23,8,15,10,2,8,1,0,1,0,0,0,35,35,7,5,3,10,4,2,4,28,9,19,5,27,0,4,2
57416186,0,,,66,29,37,3,1,2,63,28,35,41,21,20,62,27,35,61,27,34,22,7,15,14,3,11,6,2,4,0,0,0,0,0,0,20,20,6,1,3,3,5,2,0,14,1,13,1,15,0,3,0
57416187,0,,,300,145,155,29,17,12,271,128,143,155,78,77,262,125,137,256,123,133,116,50,66,54,17,37,24,6,18,2,0,2,0,0,0,85,85,13,22,15,9,6,10,10,72,29,43,10,70,0,6,6
57416188,0,,,82,38,44,3,2,1,78,35,43,43,23,20,78,35,43,78,35,43,35,12,23,18,6,12,7,3,4,0,0,0,0,0,0,30,30,6,11,5,5,1,0,2,24,14,10,2,27,0,4,5
57416189,0,,,788,383,405,107,51,56,680,331,349,428,220,208,661,323,338,652,322,330,252,111,141,110,47,63,36,11,25,1,0,1,1,1,0,283,283,64,79,57,45,19,14,5,217,153,64,26,171,5,34,34
57416190,0,,,33,20,13,2,1,1,31,19,12,19,12,7,30,18,12,28,16,12,12,7,5,3,2,1,2,1,1,0,0,0,0,0,0,10,10,0,4,4,0,0,1,1,10,8,2,1,6,0,0,1
57416191,0,,,46,23,23,2,1,1,44,22,22,24,12,12,42,21,21,39,19,20,20,10,10,9,5,4,1,0,1,0,0,0,0,0,0,14,14,1,8,1,1,0,1,2,13,8,5,0,13,0,1,5
57416192,0,,,104,48,56,9,2,7,95,46,49,46,22,24,92,44,48,90,44,46,49,24,25,25,9,16,12,3,9,1,0,1,0,0,0,35,35,6,14,4,3,4,2,2,29,18,11,3,30,0,4,6
57416193,0,,,76,38,38,1,0,1,75,38,37,38,23,15,75,38,37,74,37,37,37,15,22,19,4,15,8,1,7,1,0,1,0,0,0,27,27,7,3,10,4,2,0,1,20,9,11,1,24,0,4,0
57416194,0,,,143,66,77,7,3,4,136,63,73,84,45,39,134,62,72,134,62,72,52,18,34,34,10,24,13,3,10,1,0,1,0,0,0,37,36,1,9,8,9,3,2,4,35,17,18,1,29,0,0,3
57416195,0,,,109,56,53,6,3,3,103,53,50,51,32,19,102,52,50,100,51,49,52,21,31,27,10,17,6,2,4,1,0,1,0,0,0,35,35,7,8,7,5,5,1,2,28,15,13,2,33,0,6,4
57416196,0,,,86,45,41,8,4,4,78,41,37,39,23,16,74,38,36,73,38,35,39,18,21,21,9,12,7,2,5,0,0,0,0,0,0,29,29,4,11,8,2,1,1,2,25,14,11,3,26,0,3,5
57416197,0,,,32,15,17,1,0,1,31,15,16,17,8,9,31,15,16,31,15,16,14,7,7,6,3,3,1,0,1,0,0,0,0,0,0,11,11,2,2,4,1,2,0,0,9,4,5,1,9,0,2,0
57416198,0,,,424,210,214,53,30,23,371,180,191,244,124,120,354,170,184,345,167,178,127,56,71,59,21,38,32,10,22,1,0,1,0,0,0,123,123,16,26,24,30,12,4,11,107,65,42,7,77,0,10,7
57416199,0,,,1452,709,743,189,93,96,1250,611,639,826,433,393,1200,584,616,1178,574,604,424,178,246,215,71,144,87,22,65,5,1,4,4,0,4,507,506,132,124,97,68,39,24,22,367,249,118,51,287,14,65,35
57416200,1,,57416201;57416211,197,104,93,15,8,7,191,102,89,104,64,40,186,100,86,182,99,83,87,38,49,42,16,26,22,6,16,0,0,0,0,0,0,57,57,4,19,13,13,4,4,4,57,29,28,3,52,0,3,9
57416201,2,57416200,,7,5,2,*,*,*,*,*,*,*,*,*,*,*,*,*,*,*,*,*,*,*,*,*,*,*,*,*,*,*,*,*,*,3,3,*,*,*,*,*,*,*,*,*,*,*,*,*,*,*
57416202,0,,,114,65,49,11,7,4,103,58,45,56,35,21,103,58,45,102,57,45,47,23,24,25,13,12,7,5,2,2,2,0,1,0,1,33,33,3,11,3,6,5,4,1,30,18,12,2,27,0,2,7
57416203,1,,57416212,244,120,124,36,20,16,213,103,110,131,64,67,207,101,106,200,98,102,82,39,43,38,19,19,15,6,9,1,0,1,0,0,0,80,80,18,18,17,15,7,2,5,64,43,21,10,50,0,8,12
57416204,0,,,190,88,102,25,12,13,165,76,89,97,46,51,162,76,86,160,75,85,68,30,38,33,13,20,15,3,12,1,0,1,0,0,0,63,63,9,27,8,6,4,5,4,54,36,18,5,45,0,8,15
57416205,0,,,511,257,254,56,32,24,454,224,230,272,144,128,437,214,223,430,210,220,182,80,102,91,34,57,38,5,33,2,0,2,4,0,4,171,171,32,52,28,29,13,9,8,137,88,49,17,117,5,13,27
57416206,0,,,134,60,74,8,5,3,126,55,71,71,32,39,121,55,66,119,54,65,55,23,32,27,8,19,11,1,10,0,0,0,1,0,1,40,40,5,10,10,3,7,3,2,35,15,20,3,34,0,3,4
57416211,2,57416200,,2,1,1,*,*,*,*,*,*,*,*,*,*,*,*,*,*,*,*,*,*,*,*,*,*,*,*,*,*,*,*,*,*,1,1,*,*,*,*,*,*,*,*,*,*,*,*,*,*,*
57416212,2,57416203,,5,3,2,*,*,*,*,*,*,*,*,*,*,*,*,*,*,*,*,*,*,*,*,*,*,*,*,*,*,*,*,*,*,2,2,*,*,*,*,*,*,*,*,*,*,*,*,*,*,*
57416213,0,,,272,130,142,32,15,17,240,115,125,144,69,75,233,112,121,229,110,119,96,46,50,44,17,27,17,3,14,4,1,3,0,0,0,90,90,17,24,18,14,8,6,3,73,47,26,6,65,0,13,10
57416214,0,,,565,280,285,45,23,22,520,257,263,287,153,134,507,249,258,500,244,256,233,104,129,136,54,82,56,12,44,7,2,5,0,0,0,193,191,43,53,39,31,13,9,3,147,97,50,10,131,1,26,27
57416215,0,,,793,373,420,65,35,30,726,336,390,427,214,213,705,327,378,694,323,371,299,122,177,168,61,107,52,15,37,4,0,4,3,0,3,321,321,97,90,68,35,18,10,3,221,163,58,15,213,7,53,35
57416216,0,,,66,32,34,7,5,2,59,27,32,36,17,19,58,26,32,57,26,31,23,10,13,15,5,10,9,4,5,1,1,0,0,0,0,16,16,2,2,1,4,3,3,1,14,5,9,3,14,0,2,1
57416217,0,,,61,28,33,10,2,8,51,26,25,29,16,13,49,24,25,49,24,25,22,10,12,14,6,8,2,2,0,0,0,0,0,0,0,20,20,5,5,5,1,1,1,2,14,10,4,3,16,0,4,2
57416222,0,,,23,11,12,1,0,1,22,11,11,14,7,7,22,11,11,22,11,11,8,4,4,5,1,4,3,0,3,0,0,0,0,0,0,9,9,2,3,3,0,0,1,0,7,4,3,1,7,0,1,0
57416223,0,,,115,62,53,7,5,2,108,57,51,54,32,22,103,53,50,102,52,50,54,25,29,26,10,16,13,5,8,4,2,2,0,0,0,38,38,7,10,9,3,6,2,1,30,13,17,1,29,1,3,6
57416224,0,,,457,224,233,59,29,30,398,195,203,272,148,124,383,186,197,374,179,195,126,47,79,73,23,50,26,6,20,3,0,3,0,0,0,160,160,34,36,38,33,11,6,2,125,88,37,15,86,5,14,12
57416225,0,,,695,344,351,76,44,32,617,299,318,411,210,201,595,291,304,588,287,301,206,89,117,85,33,52,36,14,22,3,0,3,1,0,1,280,280,90,77,54,29,16,7,7,188,143,45,14,147,3,40,29
57416226,0,,,32,16,16,0,0,0,32,16,16,18,9,9,32,16,16,31,16,15,14,7,7,11,6,5,9,4,5,0,0,0,0,0,0,12,12,1,7,1,1,2,0,0,10,6,4,0,9,0,1,1
57416227,0,,,50,24,26,4,3,1,46,21,25,31,14,17,46,21,25,46,21,25,15,7,8,9,4,5,3,1,2,0,0,0,0,0,0,13,13,2,2,2,2,2,1,2,11,3,8,2,11,0,1,1
57416228,0,,,63,35,28,2,0,2,61,35,26,36,21,15,61,35,26,60,34,26,25,14,11,11,6,5,7,4,3,1,1,0,1,0,1,20,20,3,5,4,4,2,2,0,17,11,6,0,16,0,2,3
57416229,0,,,55,27,28,8,5,3,47,22,25,29,15,14,47,22,25,47,22,25,18,7,11,10,4,6,5,0,5,0,0,0,0,0,0,18,18,5,3,5,2,0,0,3,12,7,5,4,13,0,4,2
57416230,2,57416241,,2,1,1,*,*,*,*,*,*,*,*,*,*,*,*,*,*,*,*,*,*,*,*,*,*,*,*,*,*,*,*,*,*,1,1,*,*,*,*,*,*,*,*,*,*,*,*,*,*,*
57416231,0,,,104,45,59,11,4,7,93,41,52,49,27,22,89,38,51,88,37,51,44,14,30,23,4,19,13,2,11,1,0,1,1,0,1,28,28,2,4,11,3,3,3,2,26,7,19,3,26,0,2,1
57416232,0,,,134,66,68,8,7,1,126,59,67,58,31,27,126,59,67,125,59,66,68,28,40,34,11,23,14,1,13,3,0,3,1,0,1,45,45,8,11,14,5,3,2,2,37,18,19,3,40,0,7,7
57416233,0,,,196,96,100,13,8,5,183,88,95,93,48,45,180,86,94,177,83,94,90,40,50,49,21,28,27,11,16,0,0,0,0,0,0,70,70,7,26,21,9,4,3,0,63,41,22,2,53,0,4,8
57416234,0,,,272,130,142,42,17,25,228,112,116,148,77,71,221,111,110,220,111,109,80,35,45,33,11,22,10,2,8,2,1,1,3,2,1,88,88,15,19,18,21,10,4,1,70,46,24,8,51,2,5,7
57416235,0,,,100,46,54,16,10,6,84,36,48,58,26,32,79,34,45,78,33,45,26,10,16,15,5,10,5,0,5,0,0,0,1,0,1,31,31,8,4,7,2,5,5,0,23,14,9,3,19,1,6,2
57416236,0,,,77,40,37,2,2,0,75,38,37,34,18,16,74,37,37,74,37,37,41,20,21,23,11,12,9,5,4,1,0,1,0,0,0,29,29,3,11,9,5,1,0,0,26,16,10,1,26,0,2,8
57416237,0,,,197,94,103,12,4,8,185,90,95,108,55,53,182,90,92,180,89,91,77,35,42,46,19,27,19,7,12,0,0,0,3,1,2,62,62,10,14,15,9,7,6,1,52,27,25,3,49,0,7,5
57416238,0,,,47,22,25,1,1,0,46,21,25,23,10,13,46,21,25,45,20,25,23,11,12,11,6,5,2,0,2,0,0,0,0,0,0,19,19,5,8,1,3,1,1,0,14,10,4,0,14,0,3,3
57416239,0,,,28,13,15,6,5,1,22,8,14,14,6,8,19,7,12,19,7,12,8,2,6,7,2,5,1,0,1,1,0,1,0,0,0,7,7,1,1,1,2,0,1,1,6,2,4,1,6,0,1,0
57416241,1,,57416230,260,146,114,14,8,6,248,139,109,135,80,55,240,132,108,235,131,104,113,59,54,56,25,31,22,8,14,1,1,0,0,0,0,75,75,8,21,17,12,2,10,6,68,38,30,3,64,0,5,12
57416242,0,,,76,36,40,5,3,2,71,33,38,38,18,20,68,30,38,67,29,38,33,15,18,18,6,12,5,2,3,0,0,0,0,0,0,24,24,4,7,6,2,1,2,2,20,12,8,0,21,0,4,3
57416243,1,,57416254,33,16,17,1,0,1,35,18,17,12,7,5,34,18,16,34,18,16,23,11,12,9,4,5,4,2,2,2,1,1,0,0,0,13,13,4,4,3,2,0,0,1,10,4,6,0,13,0,3,1
57416245,0,,,24,10,14,1,0,1,23,10,13,12,5,7,22,9,13,21,8,13,11,5,6,4,3,1,0,0,0,0,0,0,0,0,0,9,9,0,5,2,2,0,0,0,9,7,2,1,6,0,0,3
57416246,0,,,195,96,99,17,6,11,178,90,88,98,54,44,176,89,87,173,87,86,80,36,44,36,11,25,16,4,12,1,1,0,0,0,0,59,59,12,13,12,6,5,6,5,47,19,28,3,54,0,9,9
57416247,0,,,70,37,33,1,1,0,69,36,33,38,22,16,69,36,33,67,34,33,31,14,17,18,9,9,6,3,3,1,0,1,0,0,0,23,23,3,6,5,7,1,0,1,20,10,10,1,20,0,2,4
57416248,0,,,69,31,38,8,4,4,61,27,34,28,15,13,59,25,34,56,23,33,33,12,21,10,2,8,4,1,3,1,0,1,1,0,1,25,25,4,10,5,3,1,1,1,21,13,8,1,20,0,4,5
57416249,0,,,52,23,29,3,1,2,49,22,27,25,12,13,49,22,27,49,22,27,24,10,14,14,2,12,8,1,7,0,0,0,1,0,1,23,23,7,8,4,3,1,0,0,16,9,7,1,19,0,4,4
57416250,2,57416261,,6,3,3,*,*,*,*,*,*,*,*,*,*,*,*,*,*,*,*,*,*,*,*,*,*,*,*,*,*,*,*,*,*,1,1,*,*,*,*,*,*,*,*,*,*,*,*,*,*,*
57416251,0,,,126,70,56,10,6,4,116,64,52,76,43,33,112,60,52,107,58,49,40,21,19,20,9,11,6,3,3,0,0,0,0,0,0,33,33,4,3,6,8,7,4,1,29,13,16,3,25,0,3,1
57416252,1,,57416253,80,39,41,8,4,4,78,39,39,39,23,16,77,38,39,77,38,39,39,16,23,16,7,9,3,0,3,0,0,0,0,0,0,27,27,7,7,4,6,2,2,1,22,12,10,2,25,0,6,2
57416253,2,57416252,,6,4,2,*,*,*,*,*,*,*,*,*,*,*,*,*,*,*,*,*,*,*,*,*,*,*,*,*,*,*,*,*,*,2,2,*,*,*,*,*,*,*,*,*,*,*,*,*,*,*
57416254,2,57416243,,3,2,1,*,*,*,*,*,*,*,*,*,*,*,*,*,*,*,*,*,*,*,*,*,*,*,*,*,*,*,*,*,*,1,1,*,*,*,*,*,*,*,*,*,*,*,*,*,*,*
57416257,1,,57416268,102,51,51,8,3,5,97,49,48,42,22,20,97,49,48,97,49,48,55,27,28,33,14,19,17,9,8,0,0,0,0,0,0,34,34,7,9,7,8,4,0,1,29,16,13,1,31,0,5,6
57416258,0,,,39,15,24,4,1,3,35,14,21,17,9,8,35,14,21,35,14,21,18,5,13,10,3,7,5,1,4,2,0,2,0,0,0,14,14,4,3,3,2,0,2,0,10,6,4,2,13,0,4,1
57416259,0,,,136,67,69,14,6,8,122,61,61,79,42,37,120,60,60,117,58,59,43,19,24,22,9,13,10,5,5,2,1,1,0,0,0,38,38,6,6,9,5,6,5,1,32,15,17,3,32,0,4,2
57416260,2,57416261,,11,5,6,*,*,*,*,*,*,*,*,*,*,*,*,*,*,*,*,*,*,*,*,*,*,*,*,*,*,*,*,*,*,3,3,*,*,*,*,*,*,*,*,*,*,*,*,*,*,*
57416261,1,,57416250;57416260,250,125,125,17,6,11,250,127,123,139,71,68,243,124,119,241,124,117,111,56,55,55,28,27,28,12,16,4,1,3,1,0,1,79,79,12,18,22,13,10,5,3,71,32,39,1,65,0,7,8
57416262,0,,,159,75,84,17,6,11,142,69,73,82,44,38,137,68,69,135,67,68,60,25,35,33,11,22,14,4,10,0,0,0,0,0,0,47,47,5,13,9,8,6,4,2,41,21,20,2,39,1,4,4
57416263,0,,,19,12,7,1,1,0,18,11,7,8,5,3,18,11,7,17,11,6,10,6,4,3,1,2,1,0,1,0,0,0,0,0,0,7,7,3,2,0,1,0,0,1,4,1,3,0,5,0,1,1
57416264,2,57416273,,7,3,4,*,*,*,*,*,*,*,*,*,*,*,*,*,*,*,*,*,*,*,*,*,*,*,*,*,*,*,*,*,*,4,4,*,*,*,*,*,*,*,*,*,*,*,*,*,*,*
57416267,0,,,151,72,79,15,9,6,136,63,73,63,36,27,133,61,72,130,60,70,73,27,46,34,12,22,14,4,10,2,1,1,0,0,0,48,48,5,20,7,8,1,4,3,43,26,17,2,42,0,4,11
57416268,2,57416257,,3,1,2,*,*,*,*,*,*,*,*,*,*,*,*,*,*,*,*,*,*,*,*,*,*,*,*,*,*,*,*,*,*,2,2,*,*,*,*,*,*,*,*,*,*,*,*,*,*,*
57416269,0,,,22,11,11,4,1,3,18,10,8,15,9,6,17,9,8,17,9,8,3,1,2,2,1,1,1,0,1,0,0,0,0,0,0,4,4,0,0,0,1,1,1,1,4,1,3,0,2,0,0,0
57416270,0,,,433,208,225,42,22,20,391,186,205,234,115,119,378,180,198,371,177,194,157,71,86,78,30,48,31,10,21,4,0,4,2,0,2,142,142,30,34,32,18,14,6,8,111,70,41,10,101,1,20,14
57416271,0,,,78,40,38,9,5,4,69,35,34,35,18,17,67,34,33,66,33,33,34,17,17,14,7,7,8,3,5,1,1,0,0,0,0,24,24,3,7,7,2,1,2,2,21,14,7,2,17,0,1,5
57416272,0,,,162,85,77,17,6,11,145,79,66,78,44,34,136,73,63,134,71,63,67,35,32,24,12,12,6,3,3,1,1,0,1,0,1,48,48,9,10,10,7,3,4,5,39,20,19,1,41,0,8,5
57416273,1,,57416264,54,28,26,3,1,2,58,30,28,28,16,12,56,28,28,55,28,27,30,14,16,16,5,11,3,1,2,0,0,0,0,0,0,19,19,7,7,3,2,2,1,1,16,9,7,0,19,0,5,4
57416274,0,,,32,17,15,0,0,0,32,17,15,18,11,7,32,17,15,32,17,15,14,6,8,4,1,3,1,0,1,0,0,0,0,0,0,12,12,3,4,2,0,3,0,0,9,6,3,0,8,0,2,3
57416277,0,,,22,12,10,0,0,0,22,12,10,12,8,4,22,12,10,21,11,10,10,4,6,7,2,5,3,1,2,0,0,0,0,0,0,9,9,3,4,0,0,1,1,0,6,4,2,0,8,0,3,2
57416280,0,,,140,64,76,15,4,11,125,60,65,77,39,38,119,57,62,116,55,61,48,21,27,19,8,11,2,0,2,0,0,0,0,0,0,54,54,11,19,13,6,3,1,1,43,37,6,4,34,0,7,7
57416281,0,,,22,10,12,0,0,0,22,10,12,13,7,6,22,10,12,22,10,12,9,3,6,7,2,5,2,0,2,0,0,0,0,0,0,6,6,1,0,1,3,0,1,0,5,1,4,0,5,0,1,0
57416282,0,,,108,49,59,13,4,9,95,45,50,56,28,28,93,44,49,92,44,48,39,17,22,23,9,14,10,3,7,0,0,0,0,0,0,32,32,5,7,10,2,1,4,3,27,16,11,4,22,1,3,4
57416283,0,,,54,26,28,0,0,0,54,26,28,35,20,15,53,25,28,52,25,27,19,6,13,7,1,6,3,0,3,1,0,1,0,0,0,17,17,2,5,3,4,1,2,0,15,9,6,0,12,0,1,1
57416284,0,,,15,10,5,2,1,1,13,9,4,9,7,2,11,7,4,10,6,4,4,2,2,3,2,1,0,0,0,0,0,0,0,0,0,4,4,2,0,0,0,0,1,1,2,0,2,0,2,0,0,0
57416290,0,,,324,155,169,39,19,20,285,136,149,146,81,65,277,132,145,273,130,143,139,55,84,75,27,48,36,7,29,5,1,4,0,0,0,112,110,30,26,29,9,6,8,2,80,56,24,7,74,0,17,15
57416291,0,,,74,35,39,7,3,4,67,32,35,39,21,18,65,30,35,61,27,34,28,11,17,10,2,8,4,1,3,0,0,0,0,0,0,20,20,0,6,5,2,4,2,1,20,9,11,0,17,0,0,2
57416292,0,,,144,72,72,12,5,7,132,67,65,61,33,28,124,62,62,124,62,62,71,34,37,35,16,19,14,7,7,1,1,0,0,0,0,45,45,10,8,11,5,3,6,2,35,14,21,2,42,0,9,5
57416293,0,,,76,39,37,0,0,0,75,39,36,36,21,15,74,38,36,73,38,35,39,18,21,22,11,11,3,0,3,0,0,0,0,0,0,27,27,5,8,5,6,2,1,0,21,14,7,0,24,0,4,2
57416294,0,,,19,8,11,2,1,1,17,7,10,8,4,4,17,7,10,17,7,10,9,3,6,2,0,2,1,0,1,0,0,0,0,0,0,6,6,1,2,1,0,1,1,0,5,2,3,0,5,0,1,1
57416305,1,,57416306,17,9,8,0,0,0,20,12,8,10,7,3,20,12,8,20,12,8,10,5,5,6,1,5,2,0,2,0,0,0,0,0,0,8,8,4,4,1,1,0,0,0,5,4,1,0,9,0,4,1
57416306,2,57416305,,3,3,0,*,*,*,*,*,*,*,*,*,*,*,*,*,*,*,*,*,*,*,*,*,*,*,*,*,*,*,*,*,*,3,2,*,*,*,*,*,*,*,*,*,*,*,*,*,*,*
57416308,1,,57416309,46,20,26,3,2,1,54,23,31,23,12,11,53,23,30,52,22,30,31,11,20,22,8,14,2,1,1,0,0,0,1,1,0,25,25,12,9,3,3,0,1,0,16,13,3,1,22,2,9,7
57416309,2,57416308,,11,5,6,*,*,*,*,*,*,*,*,*,*,*,*,*,*,*,*,*,*,*,*,*,*,*,*,*,*,*,*,*,*,3,3,*,*,*,*,*,*,*,*,*,*,*,*,*,*,*
57416312,0,,,159,80,79,7,5,2,152,75,77,80,44,36,150,74,76,150,74,76,72,31,41,42,16,26,17,2,15,1,0,1,1,0,1,55,55,7,16,20,6,2,2,2,48,27,21,1,49,0,5,9
57416316,2,57416317,,9,6,3,*,*,*,*,*,*,*,*,*,*,*,*,*,*,*,*,*,*,*,*,*,*,*,*,*,*,*,*,*,*,3,3,*,*,*,*,*,*,*,*,*,*,*,*,*,*,*
57416317,1,,57416316;57416318;57416325,32,16,16,1,0,1,45,26,19,28,15,13,45,26,19,45,26,19,17,11,6,9,6,3,3,2,1,1,1,0,1,0,1,16,16,11,4,4,1,1,1,0,11,8,3,0,13,0,6,1
57416318,2,57416317,,4,3,1,*,*,*,*,*,*,*,*,*,*,*,*,*,*,*,*,*,*,*,*,*,*,*,*,*,*,*,*,*,*,2,2,*,*,*,*,*,*,*,*,*,*,*,*,*,*,*
57416319,1,,57416329,14,7,7,0,0,0,16,8,8,5,3,2,16,8,8,16,8,8,11,5,6,2,1,1,1,0,1,0,0,0,0,0,0,8,8,4,3,2,0,0,0,0,5,4,1,0,6,1,2,2
57416320,0,,,52,27,25,12,5,7,40,22,18,18,11,7,39,21,18,39,21,18,22,11,11,9,3,6,4,1,3,0,0,0,0,0,0,17,17,5,5,3,0,0,1,3,12,6,6,3,15,0,4,2
57416322,0,,,54,26,28,4,2,2,50,24,26,22,11,11,50,24,26,50,24,26,28,13,15,19,8,11,10,4,6,0,0,0,1,0,1,16,16,0,5,5,2,3,1,0,16,9,7,1,16,0,0,4
57416323,0,,,35,15,20,2,1,1,33,14,19,11,4,7,33,14,19,33,14,19,22,10,12,13,4,9,6,2,4,0,0,0,0,0,0,15,15,4,5,4,1,1,0,0,11,7,4,0,14,0,4,1
57416325,2,57416317,,1,1,0,*,*,*,*,*,*,*,*,*,*,*,*,*,*,*,*,*,*,*,*,*,*,*,*,*,*,*,*,*,*,1,1,*,*,*,*,*,*,*,*,*,*,*,*,*,*,*
57416327,0,,,48,25,23,3,2,1,45,23,22,19,9,10,44,22,22,44,22,22,26,14,12,16,9,7,3,3,0,0,0,0,0,0,0,25,25,10,11,1,2,1,0,0,14,13,1,0,18,1,7,5
57416328,0,,,27,17,10,2,2,0,25,15,10,12,9,3,25,15,10,25,15,10,13,6,7,4,2,2,3,1,2,1,0,1,0,0,0,11,11,4,3,2,1,0,0,1,7,4,3,0,9,1,2,3
57416329,2,57416319,,2,1,1,*,*,*,*,*,*,*,*,*,*,*,*,*,*,*,*,*,*,*,*,*,*,*,*,*,*,*,*,*,*,1,1,*,*,*,*,*,*,*,*,*,*,*,*,*,*,*
57416330,0,,,57,28,29,1,1,0,56,27,29,31,15,16,55,26,29,55,26,29,25,12,13,13,5,8,6,2,4,0,0,0,0,0,0,25,25,8,6,7,4,0,0,0,17,10,7,0,16,0,4,1
57416331,2,57416340,,2,1,1,*,*,*,*,*,*,*,*,*,*,*,*,*,*,*,*,*,*,*,*,*,*,*,*,*,*,*,*,*,*,1,1,*,*,*,*,*,*,*,*,*,*,*,*,*,*,*
57416332,2,57416342,,5,2,3,*,*,*,*,*,*,*,*,*,*,*,*,*,*,*,*,*,*,*,*,*,*,*,*,*,*,*,*,*,*,2,2,*,*,*,*,*,*,*,*,*,*,*,*,*,*,*
57416333,0,,,21,12,9,0,0,0,21,12,9,8,4,4,21,12,9,21,12,9,13,8,5,4,1,3,2,1,1,1,0,1,0,0,0,9,9,0,6,3,0,0,0,0,9,6,3,0,8,0,0,3
57416334,0,,,19,8,11,0,0,0,19,8,11,6,3,3,19,8,11,19,8,11,13,5,8,6,1,5,2,0,2,2,0,2,0,0,0,8,8,0,6,1,1,0,0,0,8,6,2,0,7,0,0,4
57416339,0,,,56,26,30,0,0,0,56,26,30,12,7,5,56,26,30,56,26,30,44,19,25,20,8,12,6,1,5,1,0,1,0,0,0,31,31,11,16,3,1,0,0,0,20,18,2,0,30,0,10,9
57416340,1,,57416331;57416341,157,80,77,7,4,3,153,77,76,81,46,35,151,76,75,151,76,75,72,31,41,42,15,27,13,3,10,1,1,0,0,0,0,57,57,12,18,15,7,3,4,0,46,29,17,2,49,0,8,6
57416341,2,57416340,,1,0,1,*,*,*,*,*,*,*,*,*,*,*,*,*,*,*,*,*,*,*,*,*,*,*,*,*,*,*,*,*,*,1,1,*,*,*,*,*,*,*,*,*,*,*,*,*,*,*
57416342,1,,57416332;57416343,75,39,36,5,3,2,84,44,40,43,25,18,83,43,40,83,43,40,41,19,22,23,8,15,7,1,6,1,0,1,0,0,0,26,26,5,14,6,6,0,1,1,26,19,7,1,26,0,2,5
57416343,2,57416342,,9,6,3,*,*,*,*,*,*,*,*,*,*,*,*,*,*,*,*,*,*,*,*,*,*,*,*,*,*,*,*,*,*,5,5,*,*,*,*,*,*,*,*,*,*,*,*,*,*,*
57416344,0,,,57,27,30,4,2,2,53,25,28,23,12,11,52,25,27,52,25,27,30,13,17,12,4,8,5,2,3,0,0,0,0,0,0,18,18,2,6,4,2,2,1,1,16,10,6,0,18,0,2,5
57416350,0,,,86,44,42,6,3,3,80,41,39,36,20,16,80,41,39,78,40,38,44,21,23,24,12,12,10,4,6,0,0,0,0,0,0,28,28,3,9,6,5,3,2,0,25,14,11,0,26,0,3,6
57416351,0,,,29,17,12,4,3,1,25,14,11,12,5,7,25,14,11,25,14,11,13,9,4,4,2,2,2,1,1,0,0,0,0,0,0,10,10,1,5,1,2,0,0,1,9,6,3,0,7,0,1,2
57416352,0,,,319,140,179,32,21,11,287,119,168,129,63,66,282,116,166,276,112,164,158,56,102,98,30,68,51,15,36,12,1,11,8,5,3,93,92,15,31,18,9,6,9,4,77,44,33,7,72,0,10,17
57416361,0,,,64,31,33,8,4,4,56,27,29,30,15,15,53,26,27,52,26,26,26,12,14,13,4,9,4,1,3,0,0,0,0,0,0,21,21,4,6,5,2,2,0,2,17,8,9,3,17,0,3,4
57416362,0,,,240,106,134,6,3,3,234,103,131,77,44,33,231,103,128,228,103,125,157,59,98,112,33,79,76,18,58,14,3,11,0,0,0,56,55,13,21,9,6,4,1,1,42,29,13,1,42,0,5,10
57416363,0,,,31,17,14,3,2,1,28,15,13,14,9,5,28,15,13,28,15,13,14,6,8,8,4,4,1,1,0,0,0,0,0,0,0,12,12,2,6,1,2,0,1,0,10,7,3,1,10,0,2,2
57416372,0,,,92,50,42,9,6,3,83,44,39,49,27,22,82,43,39,81,43,38,34,17,17,16,7,9,5,1,4,1,1,0,0,0,0,29,29,3,9,9,4,0,2,2,25,17,8,2,20,0,2,3
57416373,2,57416384,,1,1,0,*,*,*,*,*,*,*,*,*,*,*,*,*,*,*,*,*,*,*,*,*,*,*,*,*,*,*,*,*,*,1,1,*,*,*,*,*,*,*,*,*,*,*,*,*,*,*
57416374,2,57416383,,9,3,6,*,*,*,*,*,*,*,*,*,*,*,*,*,*,*,*,*,*,*,*,*,*,*,*,*,*,*,*,*,*,6,6,*,*,*,*,*,*,*,*,*,*,*,*,*,*,*
57416382,0,,,233,108,125,21,14,7,212,94,118,122,55,67,205,91,114,203,91,112,90,39,51,47,16,31,17,8,9,1,1,0,0,0,0,73,73,13,20,11,13,7,6,3,60,35,25,7,62,0,11,10
57416383,1,,57416374;57416394,121,56,65,9,3,6,122,57,65,52,29,23,120,56,64,120,56,64,70,28,42,34,15,19,7,2,5,1,0,1,0,0,0,64,64,31,26,8,6,0,0,0,39,34,5,3,51,0,24,13
57416384,1,,57416373,29,19,10,4,2,2,26,18,8,12,8,4,26,18,8,26,18,8,14,10,4,7,5,2,3,3,0,0,0,0,4,2,2,11,11,4,3,1,3,1,0,0,8,6,2,1,10,0,4,1
57416390,2,57416391,,3,1,2,*,*,*,*,*,*,*,*,*,*,*,*,*,*,*,*,*,*,*,*,*,*,*,*,*,*,*,*,*,*,1,1,*,*,*,*,*,*,*,*,*,*,*,*,*,*,*
57416391,1,,57416390,94,49,45,5,0,5,92,50,42,55,33,22,91,49,42,89,49,40,37,17,20,22,9,13,8,3,5,0,0,0,0,0,0,37,37,10,11,8,6,2,0,1,28,18,10,0,26,0,4,5
57416392,0,,,43,24,19,6,6,0,37,18,19,23,12,11,35,17,18,35,17,18,14,6,8,8,3,5,3,1,2,1,0,1,0,0,0,13,13,2,2,5,2,0,1,1,11,6,5,1,9,0,2,1
57416394,2,57416383,,1,1,0,*,*,*,*,*,*,*,*,*,*,*,*,*,*,*,*,*,*,*,*,*,*,*,*,*,*,*,*,*,*,1,1,*,*,*,*,*,*,*,*,*,*,*,*,*,*,*
57416395,1,,57416396,30,18,12,5,4,1,35,18,17,14,6,8,35,18,17,34,17,17,21,12,9,6,3,3,3,1,2,0,0,0,0,0,0,13,13,6,3,3,2,1,1,0,10,8,2,1,14,0,6,3
57416396,2,57416395,,10,4,6,*,*,*,*,*,*,*,*,*,*,*,*,*,*,*,*,*,*,*,*,*,*,*,*,*,*,*,*,*,*,3,3,*,*,*,*,*,*,*,*,*,*,*,*,*,*,*
57416397,0,,,49,26,23,3,2,1,46,24,22,29,16,13,45,23,22,43,22,21,17,8,9,7,2,5,3,1,2,1,0,1,0,0,0,16,16,0,6,4,5,1,0,0,16,11,5,1,12,0,0,1
57416401,0,,,44,26,18,6,4,2,38,22,16,23,13,10,38,22,16,37,21,16,15,9,6,6,3,3,3,1,2,0,0,0,0,0,0,13,13,2,2,3,4,1,0,1,11,6,5,2,10,0,1,1
57416402,0,,,33,17,16,0,0,0,33,17,16,14,9,5,33,17,16,33,17,16,19,8,11,13,6,7,3,2,1,0,0,0,0,0,0,20,20,11,5,4,0,0,0,0,9,7,2,0,14,0,7,4
57416410,0,,,89,27,62,4,1,3,85,26,59,23,11,12,84,25,59,84,25,59,62,15,47,52,12,40,43,7,36,12,3,9,0,0,0,12,11,0,4,2,3,0,1,1,11,7,4,1,8,0,0,3
57416411,0,,,20,12,8,0,0,0,20,12,8,11,7,4,20,12,8,20,12,8,9,5,4,6,3,3,3,1,2,0,0,0,0,0,0,8,8,3,2,1,0,2,0,0,5,3,2,0,6,0,2,1
57416412,0,,,85,38,47,0,0,0,85,38,47,40,17,23,84,38,46,84,38,46,45,21,24,28,11,17,10,5,5,0,0,0,0,0,0,44,44,18,18,5,1,0,2,0,26,19,7,0,32,0,11,8
57416413,2,57416423,,5,1,4,*,*,*,*,*,*,*,*,*,*,*,*,*,*,*,*,*,*,*,*,*,*,*,*,*,*,*,*,*,*,3,3,*,*,*,*,*,*,*,*,*,*,*,*,*,*,*
57416422,0,,,14,6,8,2,1,1,12,5,7,9,5,4,12,5,7,12,5,7,3,0,3,2,0,2,0,0,0,0,0,0,0,0,0,5,5,2,1,1,0,0,0,1,3,1,2,1,3,0,2,0
57416423,1,,57416413,192,89,103,3,2,1,194,88,106,61,30,31,191,87,104,190,87,103,133,58,75,76,29,47,28,8,20,2,1,1,0,0,0,101,101,42,42,13,6,0,0,1,62,50,12,0,94,1,38,28
57416430,1,,57416431,47,23,24,3,2,1,49,24,25,18,8,10,49,24,25,49,24,25,31,16,15,14,9,5,3,0,3,0,0,0,0,0,0,20,20,3,12,4,2,1,0,0,19,15,4,1,17,0,2,10
57416431,2,57416430,,5,3,2,*,*,*,*,*,*,*,*,*,*,*,*,*,*,*,*,*,*,*,*,*,*,*,*,*,*,*,*,*,*,2,2,*,*,*,*,*,*,*,*,*,*,*,*,*,*,*
57416432,0,,,49,25,24,0,0,0,49,25,24,23,15,8,49,25,24,48,25,23,26,10,16,18,6,12,7,1,6,0,0,0,0,0,0,20,20,6,5,5,2,2,0,0,14,9,5,0,18,0,5,2
57417000,0,,,76,37,39,8,3,5,68,34,34,33,18,15,66,34,32,66,34,32,35,16,19,13,5,8,5,0,5,1,0,1,0,0,0,21,21,2,5,5,3,2,2,2,19,8,11,2,18,0,1,4
57417001,0,,,152,72,80,10,1,9,142,71,71,78,44,34,137,67,70,133,65,68,64,27,37,33,13,20,13,3,10,1,0,1,0,0,0,46,46,5,12,10,9,6,2,2,41,19,22,4,35,2,2,7
57417002,0,,,249,119,130,25,10,15,224,109,115,127,67,60,218,106,112,215,105,110,97,42,55,53,20,33,20,5,15,0,0,0,2,1,1,84,84,16,24,16,16,5,5,2,68,39,29,6,63,0,12,10
57417003,0,,,102,47,55,14,8,6,88,39,49,53,22,31,82,36,46,81,35,46,35,17,18,19,8,11,7,2,5,1,0,1,0,0,0,23,23,2,3,2,4,4,4,4,21,4,17,3,20,0,1,0
57417004,2,57417014,,9,4,5,*,*,*,*,*,*,*,*,*,*,*,*,*,*,*,*,*,*,*,*,*,*,*,*,*,*,*,*,*,*,3,3,*,*,*,*,*,*,*,*,*,*,*,*,*,*,*
57417005,0,,,118,60,58,3,1,2,115,59,56,64,37,27,112,59,53,108,55,53,51,22,29,27,11,16,12,3,9,2,0,2,3,2,1,41,41,9,10,9,8,1,3,1,32,16,16,0,32,0,4,6
57417006,0,,,116,62,54,12,8,4,104,54,50,56,32,24,103,53,50,103,53,50,48,22,26,24,9,15,13,3,10,1,1,0,0,0,0,33,33,3,10,7,3,4,3,3,30,18,12,2,27,0,2,4
57417007,0,,,42,28,14,4,3,1,38,25,13,19,15,4,37,24,13,36,24,12,19,10,9,4,2,2,3,1,2,1,0,1,0,0,0,13,13,2,4,4,0,1,0,2,10,7,3,1,12,0,1,3
57417010,0,,,196,91,105,14,4,10,182,87,95,98,52,46,175,83,92,173,82,91,84,35,49,35,14,21,11,2,9,0,0,0,0,0,0,59,59,4,21,10,12,4,5,3,55,29,26,4,48,0,3,14
57417011,0,,,623,303,320,49,21,28,573,282,291,283,157,126,559,275,284,551,270,281,290,125,165,172,65,107,85,28,57,11,0,11,0,0,0,204,201,35,58,53,32,11,8,4,165,118,47,14,152,0,29,32
57417012,0,,,500,238,262,44,22,22,456,216,240,251,136,115,447,211,236,443,210,233,205,80,125,104,36,68,44,10,34,3,0,3,4,2,2,177,176,34,62,31,25,16,5,3,141,90,51,13,132,0,24,27
57417013,0,,,432,213,219,43,27,16,389,186,203,244,128,116,380,183,197,375,178,197,145,58,87,73,29,44,19,7,12,0,0,0,0,0,0,147,147,23,42,36,29,9,3,5,122,85,37,6,94,0,12,16
57417014,1,,57417004,906,440,466,118,56,62,797,388,409,525,270,255,759,365,394,741,356,385,272,118,154,121,47,74,40,8,32,4,0,4,1,0,1,316,316,60,88,72,56,26,11,6,256,200,56,28,175,2,32,38
57417015,0,,,125,67,58,10,7,3,115,60,55,62,34,28,114,60,54,113,59,54,53,26,27,32,15,17,6,3,3,0,0,0,0,0,0,40,40,6,12,7,8,3,2,2,33,18,15,2,31,0,4,7
57417016,0,,,11,7,4,0,0,0,11,7,4,5,5,0,11,7,4,11,7,4,6,2,4,4,1,3,2,1,1,0,0,0,0,0,0,4,4,0,2,1,1,0,0,0,4,2,2,0,4,0,0,1
57417017,0,,,12,5,7,1,0,1,11,5,6,6,4,2,11,5,6,11,5,6,5,1,4,3,0,3,2,0,2,0,0,0,0,0,0,4,4,0,2,1,0,1,0,0,4,2,2,0,4,0,0,0
57417018,0,,,43,23,20,6,4,2,37,19,18,21,12,9,35,18,17,35,18,17,16,7,9,8,4,4,3,1,2,0,0,0,0,0,0,11,11,1,2,3,0,1,4,0,10,5,5,0,10,0,1,2
57417019,0,,,148,75,73,19,8,11,129,67,62,75,43,32,128,67,61,128,67,61,54,24,30,30,12,18,11,4,7,0,0,0,1,0,1,40,40,6,9,6,7,4,3,5,34,14,20,5,33,0,4,4
57417020,0,,,195,96,99,27,14,13,168,82,86,95,51,44,163,78,85,160,78,82,73,31,42,33,10,23,14,4,10,2,0,2,0,0,0,45,45,2,6,11,8,7,5,6,43,17,26,5,39,0,0,5
57417021,0,,,565,282,283,62,29,33,503,253,250,347,188,159,482,239,243,470,234,236,156,65,91,93,32,61,33,7,26,2,0,2,5,2,3,182,182,28,35,49,44,14,10,2,153,106,47,16,101,0,15,13
57417022,0,,,240,99,141,18,10,8,222,89,133,89,48,41,217,86,131,215,85,130,133,41,92,100,23,77,74,12,62,14,2,12,0,0,0,52,50,5,14,12,7,2,5,5,45,22,23,6,39,0,5,5
57417023,0,,,175,93,82,20,10,10,155,83,72,108,65,43,149,78,71,146,77,69,47,18,29,23,6,17,12,2,10,0,0,0,11,11,0,59,59,18,8,14,12,2,0,5,41,23,18,7,32,11,5,3
57417024,0,,,734,363,371,66,30,36,668,333,335,415,220,195,651,320,331,636,311,325,253,113,140,118,46,72,53,20,33,2,0,2,3,0,3,243,243,31,75,63,35,17,16,6,212,140,72,17,160,0,18,23
57417025,0,,,115,62,53,7,3,4,108,59,49,63,35,28,105,59,46,104,58,46,45,24,21,20,10,10,4,2,2,0,0,0,1,0,1,44,44,12,13,10,3,3,1,2,32,22,10,3,29,1,5,9
57417026,0,,,159,81,78,10,3,7,149,78,71,80,46,34,146,76,70,142,74,68,69,32,37,30,15,15,11,6,5,0,0,0,1,0,1,54,54,9,15,16,5,5,2,2,42,27,15,3,46,0,8,5
57417027,0,,,161,81,80,21,11,10,140,70,70,73,42,31,137,69,68,135,67,68,67,28,39,30,8,22,13,2,11,0,0,0,0,0,0,46,46,6,9,12,5,7,4,3,40,18,22,5,39,1,4,7
57417028,0,,,214,103,111,11,5,6,203,98,105,100,50,50,197,94,103,192,92,100,103,48,55,56,24,32,23,8,15,1,0,1,0,0,0,81,81,21,26,17,5,5,4,3,59,33,26,2,67,0,15,10
57417029,0,,,75,34,41,8,4,4,67,30,37,42,20,22,65,29,36,64,29,35,25,10,15,14,5,9,10,3,7,0,0,0,0,0,0,24,24,5,5,5,4,4,0,1,19,9,10,2,17,0,2,2
57417030,0,,,161,74,87,12,5,7,149,69,80,87,45,42,141,63,78,137,60,77,62,24,38,36,11,25,14,2,12,1,0,1,0,0,0,45,43,5,13,7,6,5,5,2,38,20,18,4,32,0,2,5
57417031,0,,,152,69,83,9,4,5,143,65,78,59,35,24,142,65,77,139,64,75,84,30,54,40,8,32,24,5,19,3,0,3,1,0,1,50,49,9,16,11,9,1,2,1,40,25,15,4,42,0,7,8
57417032,0,,,106,53,53,13,8,5,93,45,48,57,29,28,89,43,46,86,41,45,36,16,20,16,6,10,5,2,3,0,0,0,0,0,0,27,27,6,1,3,7,2,5,3,21,3,18,5,23,0,4,0
57417033,0,,,209,100,109,21,11,10,188,89,99,101,53,48,183,87,96,179,85,94,87,36,51,37,11,26,13,2,11,0,0,0,1,0,1,63,63,7,17,17,11,3,3,5,56,30,26,3,54,0,5,9
57417034,0,,,58,32,26,6,5,1,52,27,25,39,19,20,48,25,23,47,24,23,13,8,5,6,3,3,1,1,0,0,0,0,3,1,2,22,22,7,6,2,4,1,2,0,15,11,4,1,8,0,3,0
57417035,0,,,93,44,49,9,6,3,84,38,46,53,25,28,82,36,46,82,36,46,31,13,18,16,6,10,7,1,6,0,0,0,0,0,0,25,25,2,7,6,3,0,2,5,22,8,14,3,20,0,1,4
57417036,0,,,100,48,52,19,10,9,81,38,43,46,23,23,81,38,43,77,36,41,35,15,20,8,2,6,1,0,1,0,0,0,2,0,2,28,28,3,7,7,3,3,2,3,25,13,12,5,24,0,3,4
57417037,0,,,125,67,58,4,2,2,121,65,56,58,34,24,117,63,54,116,63,53,63,31,32,36,13,23,15,5,10,0,0,0,1,0,1,43,42,9,17,7,3,3,2,1,32,23,9,2,31,0,2,10
57417038,1,,57417049,181,85,96,15,6,9,169,80,89,96,47,49,163,79,84,161,77,84,73,33,40,34,14,20,10,2,8,1,0,1,0,0,0,53,52,7,12,11,13,6,2,3,47,22,25,2,48,0,5,5
57417039,0,,,214,93,121,24,14,10,190,79,111,118,50,68,182,77,105,178,76,102,72,29,43,29,9,20,13,2,11,1,0,1,3,0,3,59,59,10,10,10,9,8,8,4,48,19,29,5,51,0,9,2
57417040,0,,,94,48,46,16,8,8,78,40,38,42,23,19,77,39,38,77,39,38,36,17,19,13,6,7,5,1,4,0,0,0,0,0,0,30,30,8,9,3,2,4,1,3,22,14,8,7,22,0,4,5
57417041,0,,,207,114,93,17,10,7,190,104,86,115,67,48,184,99,85,178,94,84,75,37,38,39,20,19,16,8,8,1,0,1,2,2,0,60,60,10,8,19,9,5,3,6,50,24,26,2,49,0,7,2
57417042,0,,,132,64,68,9,5,4,123,59,64,78,40,38,120,58,62,118,57,61,45,19,26,24,10,14,9,3,6,0,0,0,1,0,1,40,40,4,10,13,5,2,3,3,35,16,19,1,33,0,4,2
57417043,0,,,150,76,74,23,11,12,127,65,62,77,41,36,123,62,61,122,62,60,50,24,26,23,9,14,7,3,4,0,0,0,0,0,0,45,45,6,12,11,5,2,6,3,39,22,17,6,34,0,3,6
57417044,0,,,190,96,94,15,6,9,175,90,85,108,57,51,168,86,82,165,85,80,67,33,34,38,17,21,13,5,8,1,0,1,0,0,0,58,58,8,18,9,8,8,3,4,48,31,17,2,42,0,6,4
57417045,0,,,100,51,49,7,4,3,93,47,46,53,28,25,92,46,46,88,45,43,40,19,21,16,5,11,6,0,6,2,0,2,0,0,0,32,32,5,9,8,5,1,1,3,27,12,15,3,27,0,1,5
57417046,0,,,136,76,60,13,10,3,123,66,57,60,34,26,121,64,57,120,63,57,63,32,31,35,15,20,10,4,6,0,0,0,3,3,0,44,44,9,13,8,5,3,2,4,34,22,12,4,37,3,4,7
57417047,0,,,299,153,146,25,16,9,274,137,137,150,83,67,266,133,133,260,129,131,124,54,70,67,25,42,19,4,15,1,0,1,0,0,0,99,99,18,32,18,10,10,6,5,81,48,33,5,81,0,12,18
57417048,0,,,48,25,23,1,0,1,47,25,22,25,13,12,47,25,22,45,24,21,22,12,10,15,8,7,3,2,1,0,0,0,0,0,0,17,17,3,5,3,4,2,0,0,14,9,5,0,14,0,2,4
57417049,2,57417038,,3,1,2,*,*,*,*,*,*,*,*,*,*,*,*,*,*,*,*,*,*,*,*,*,*,*,*,*,*,*,*,*,*,2,2,*,*,*,*,*,*,*,*,*,*,*,*,*,*,*
57417050,0,,,88,46,42,7,3,4,81,43,38,37,20,17,78,41,37,78,41,37,44,23,21,31,14,17,15,7,8,3,0,3,0,0,0,18,17,2,4,3,2,3,2,1,15,7,8,1,13,0,1,3
57417051,0,,,53,35,18,11,6,5,42,29,13,34,25,9,39,26,13,35,23,12,8,4,4,2,2,0,0,0,0,0,0,0,34,24,10,15,15,3,3,4,2,1,0,2,12,10,2,2,4,0,0,2
57417052,0,,,75,41,34,10,5,5,65,36,29,48,27,21,62,33,29,60,32,28,17,9,8,5,2,3,3,1,2,0,0,0,0,0,0,25,25,5,5,8,3,1,2,1,19,14,5,3,12,0,2,2
57417053,0,,,113,57,56,6,2,4,107,55,52,66,33,33,101,51,50,96,49,47,41,22,19,13,4,9,4,0,4,0,0,0,0,0,0,31,31,3,5,9,3,5,6,0,28,13,15,2,28,0,3,3
57417054,0,,,54,25,29,6,1,5,48,24,24,23,12,11,46,24,22,46,24,22,25,12,13,12,6,6,7,2,5,0,0,0,0,0,0,19,19,4,6,4,3,0,1,1,15,8,7,1,14,0,1,4
57417055,0,,,56,26,30,9,7,2,47,19,28,29,12,17,44,18,26,44,18,26,18,7,11,7,1,6,1,0,1,0,0,0,0,0,0,15,15,1,2,3,6,1,1,1,14,7,7,3,12,0,1,2
57417056,0,,,95,51,44,4,4,0,91,47,44,54,30,24,90,47,43,89,47,42,37,17,20,24,7,17,11,3,8,1,0,1,0,0,0,35,35,2,16,8,8,1,0,0,33,25,8,0,26,0,1,5
57417057,0,,,45,20,25,3,0,3,42,20,22,25,15,10,41,19,22,41,19,22,17,5,12,11,3,8,1,0,1,0,0,0,0,0,0,12,12,1,4,2,1,1,1,2,11,3,8,1,10,1,0,0
57417060,0,,,133,61,72,9,3,6,124,58,66,54,28,26,123,57,66,122,56,66,70,30,40,33,11,22,14,3,11,0,0,0,0,0,0,47,47,7,13,16,6,2,3,0,40,24,16,0,42,0,6,6
57417061,0,,,78,39,39,3,1,2,75,38,37,38,21,17,75,38,37,74,38,36,37,17,20,16,5,11,10,3,7,2,1,1,1,0,1,25,25,3,7,5,5,4,1,0,22,14,8,1,20,0,2,3
57417062,0,,,95,44,51,13,7,6,82,37,45,47,23,24,77,35,42,74,34,40,35,14,21,11,4,7,4,0,4,2,0,2,0,0,0,27,27,6,6,5,1,1,4,4,21,11,10,1,23,0,5,3
57417063,0,,,137,63,74,8,5,3,129,58,71,66,32,34,129,58,71,128,58,70,63,26,37,30,7,23,15,4,11,1,0,1,2,0,2,48,48,5,16,16,7,2,0,2,42,24,18,2,40,0,3,8
57417064,0,,,206,102,104,17,10,7,189,92,97,110,55,55,179,88,91,178,88,90,79,37,42,33,11,22,15,5,10,1,0,1,0,0,0,72,72,14,24,12,10,7,3,2,58,40,18,4,55,2,8,10
57417065,0,,,167,86,81,13,7,6,154,79,75,88,50,38,150,78,72,147,76,71,66,29,37,31,13,18,10,2,8,1,0,1,0,0,0,56,56,6,18,19,4,4,3,2,50,31,19,5,42,0,3,8
57417066,0,,,21,11,10,1,1,0,20,10,10,9,6,3,20,10,10,19,10,9,11,4,7,6,2,4,2,0,2,1,0,1,0,0,0,6,6,0,1,2,2,1,0,0,6,3,3,0,5,0,0,0
57417067,2,57417068,,6,4,2,*,*,*,*,*,*,*,*,*,*,*,*,*,*,*,*,*,*,*,*,*,*,*,*,*,*,*,*,*,*,1,1,*,*,*,*,*,*,*,*,*,*,*,*,*,*,*
57417068,1,,57417067,11,5,6,0,0,0,17,9,8,9,5,4,17,9,8,16,8,8,8,4,4,3,2,1,2,1,1,0,0,0,0,0,0,3,3,0,2,0,0,0,1,1,4,2,2,0,3,0,0,1
57417070,0,,,310,160,150,21,11,10,289,149,140,166,93,73,280,145,135,272,139,133,123,56,67,68,26,42,28,9,19,1,0,1,3,2,1,99,99,20,33,11,11,10,10,4,79,47,32,4,80,1,15,16
57417071,2,57417072,,6,2,4,*,*,*,*,*,*,*,*,*,*,*,*,*,*,*,*,*,*,*,*,*,*,*,*,*,*,*,*,*,*,3,3,*,*,*,*,*,*,*,*,*,*,*,*,*,*,*
57417072,1,,57417071,92,41,51,4,0,4,94,43,51,51,24,27,93,42,51,92,42,50,43,19,24,19,8,11,8,2,6,2,0,2,0,0,0,28,28,5,10,4,4,3,5,0,26,13,13,0,25,1,3,6
57417073,0,,,110,59,51,9,7,2,101,52,49,51,28,23,95,49,46,91,46,45,50,24,26,17,5,12,9,1,8,1,0,1,0,0,0,38,38,8,9,8,8,3,1,1,30,18,12,1,30,0,6,5
57417074,0,,,139,63,76,14,5,9,125,58,67,75,38,37,123,57,66,122,56,66,50,20,30,20,6,14,12,3,9,1,0,1,0,0,0,40,40,5,8,8,7,8,2,2,35,16,19,3,32,0,5,4
57417075,0,,,35,16,19,2,2,0,33,14,19,15,6,9,33,14,19,32,14,18,18,8,10,9,3,6,2,0,2,1,0,1,0,0,0,13,13,2,5,4,0,1,1,0,11,6,5,0,11,0,2,2
57417076,0,,,122,61,61,13,6,7,109,55,54,66,37,29,106,53,53,105,53,52,43,18,25,17,5,12,5,0,5,0,0,0,0,0,0,40,40,8,9,9,7,2,4,1,32,20,12,1,29,0,3,7
57417077,0,,,241,119,122,26,18,8,215,101,114,133,66,67,206,95,111,201,94,107,82,35,47,36,17,19,16,6,10,0,0,0,1,0,1,73,73,10,17,15,12,13,4,2,63,34,29,2,50,0,6,6
57417078,0,,,31,18,13,0,0,0,31,18,13,20,14,6,30,17,13,30,17,13,11,4,7,3,0,3,0,0,0,0,0,0,0,0,0,10,10,2,2,1,4,0,1,0,8,3,5,0,8,0,1,1
57417079,0,,,279,135,144,30,13,17,249,122,127,139,75,64,241,118,123,239,117,122,110,47,63,65,26,39,16,7,9,0,0,0,1,1,0,76,76,6,14,22,16,5,6,7,69,27,42,5,69,0,5,7
57417080,0,,,378,168,210,23,7,16,355,161,194,163,89,74,350,157,193,345,154,191,192,72,120,123,38,85,58,14,44,9,0,9,4,2,2,127,125,24,47,25,15,4,5,5,101,70,31,3,100,0,14,27
57417081,0,,,459,219,240,37,23,14,422,196,226,233,120,113,404,185,219,401,183,218,189,76,113,93,29,64,38,5,33,2,0,2,6,2,4,151,150,32,41,27,26,13,6,5,118,72,46,7,107,0,21,17
57417082,0,,,69,37,32,10,5,5,59,32,27,40,21,19,59,32,27,58,32,26,19,11,8,8,4,4,4,2,2,0,0,0,3,1,2,21,21,5,3,5,3,1,2,2,15,9,6,2,14,0,4,0
57417083,0,,,114,55,59,7,2,5,107,53,54,59,30,29,104,50,54,102,50,52,48,23,25,19,7,12,10,3,7,2,1,1,0,0,0,32,32,2,4,14,6,2,1,3,30,15,15,2,28,0,2,3
57417084,0,,,220,121,99,20,12,8,200,109,91,119,65,54,193,105,88,188,102,86,81,44,37,43,22,21,11,4,7,2,0,2,0,0,0,72,72,17,14,15,9,10,6,1,54,33,21,5,49,0,10,8
57417085,0,,,871,393,478,96,55,41,775,338,437,392,182,210,752,329,423,737,320,417,383,156,227,213,71,142,100,20,80,16,2,14,3,1,2,307,305,80,92,59,37,21,12,4,223,161,62,20,209,1,55,49
57417086,0,,,386,186,200,33,13,20,353,173,180,175,90,85,346,169,177,337,163,174,178,83,95,76,36,40,25,12,13,0,0,0,1,0,1,168,168,58,53,29,12,12,2,2,110,87,23,11,123,1,43,34
57417087,0,,,116,65,51,14,11,3,102,54,48,57,32,25,99,53,46,98,52,46,45,22,23,23,10,13,12,4,8,1,0,1,0,0,0,32,31,5,3,8,8,4,1,2,26,14,12,1,22,0,1,2
57417088,0,,,178,98,80,23,13,10,155,85,70,97,54,43,153,83,70,151,81,70,58,31,27,28,16,12,3,2,1,1,0,1,1,0,1,55,55,7,16,14,7,4,3,4,47,30,17,10,35,0,3,9
57417089,0,,,446,222,224,41,24,17,405,198,207,237,125,112,397,193,204,392,188,204,168,73,95,80,27,53,27,8,19,2,1,1,0,0,0,135,135,23,22,37,28,8,9,8,112,57,55,13,108,1,18,8
57417090,0,,,705,342,363,78,41,37,627,301,326,370,195,175,599,284,315,583,275,308,257,106,151,132,42,90,52,14,38,3,0,3,5,1,4,241,239,53,64,54,29,21,12,6,185,130,55,12,166,0,38,22
57417091,0,,,270,135,135,34,16,18,236,119,117,136,71,65,225,113,112,222,110,112,100,48,52,40,19,21,13,8,5,0,0,0,0,0,0,90,90,13,27,20,14,10,5,1,76,52,24,5,64,0,12,16
57417092,0,,,39,19,20,6,4,2,33,15,18,17,8,9,31,14,17,30,13,17,16,7,9,6,0,6,4,0,4,1,0,1,0,0,0,10,10,2,1,3,0,1,1,2,7,1,6,2,9,0,2,0
57417093,0,,,30,16,14,2,2,0,28,14,14,16,9,7,28,14,14,28,14,14,12,5,7,2,0,2,1,0,1,0,0,0,0,0,0,10,10,1,4,2,0,3,0,0,9,5,4,1,9,0,1,1
57417094,0,,,46,23,23,3,1,2,43,22,21,23,13,10,42,21,21,40,20,20,20,9,11,11,4,7,3,0,3,0,0,0,0,0,0,20,20,6,8,2,3,0,1,0,14,11,3,0,14,0,4,3
57417095,0,,,654,316,338,79,43,36,574,273,301,350,174,176,553,261,292,541,259,282,224,99,125,115,46,69,37,12,25,2,1,1,6,3,3,240,240,55,72,46,37,17,8,5,185,139,46,24,148,2,32,29
57417096,0,,,41,17,24,6,2,4,35,15,20,17,7,10,35,15,20,35,15,20,18,8,10,6,1,5,3,0,3,0,0,0,0,0,0,13,13,2,4,4,1,0,1,1,11,5,6,1,13,0,2,3
57417097,0,,,47,22,25,1,0,1,46,22,24,26,15,11,45,21,24,44,21,23,20,7,13,7,2,5,4,1,3,0,0,0,0,0,0,14,14,2,4,2,2,2,1,1,12,5,7,0,11,0,1,1
57417098,0,,,123,65,58,8,5,3,115,60,55,65,37,28,112,58,54,110,57,53,50,23,27,26,11,15,7,1,6,1,0,1,0,0,0,37,37,5,7,11,7,3,2,2,32,16,16,2,31,0,3,4
57417099,0,,,181,97,84,21,12,9,160,85,75,100,56,44,154,81,73,150,80,70,60,29,31,24,12,12,8,4,4,3,3,0,0,0,0,56,56,11,10,12,11,5,4,3,45,27,18,5,39,0,5,7
57417101,0,,,76,39,37,4,3,1,72,36,36,41,22,19,70,34,36,70,34,36,31,14,17,5,0,5,3,0,3,0,0,0,0,0,0,26,26,4,6,9,5,0,1,1,22,16,6,0,19,0,3,1
57417102,0,,,113,47,66,15,6,9,98,41,57,56,22,34,95,40,55,95,40,55,42,19,23,26,9,17,16,5,11,1,0,1,0,0,0,38,38,6,8,14,5,2,2,1,32,18,14,3,27,0,5,5
57417103,0,,,62,32,30,6,5,1,56,27,29,25,15,10,55,26,29,55,26,29,31,12,19,19,8,11,7,3,4,0,0,0,0,0,0,21,21,6,2,5,4,3,1,0,15,7,8,2,17,0,6,2
57417104,0,,,126,68,58,7,5,2,119,63,56,69,42,27,117,62,55,116,61,55,50,21,29,35,13,22,14,6,8,0,0,0,0,0,0,37,37,4,7,10,9,4,1,2,33,13,20,2,30,0,2,1
57417106,0,,,19,9,10,0,0,0,19,9,10,11,7,4,19,9,10,18,9,9,8,2,6,5,1,4,1,1,0,0,0,0,0,0,0,8,8,1,4,2,1,0,0,0,7,6,1,0,6,0,1,0
57417109,0,,,558,272,286,92,51,41,459,218,241,313,157,156,443,209,234,437,206,231,146,61,85,69,21,48,25,7,18,1,0,1,2,1,1,202,202,46,58,37,36,14,6,5,151,116,35,28,105,1,25,20
57417110,0,,,88,47,41,7,6,1,81,41,40,45,27,18,79,39,40,79,39,40,36,14,22,18,7,11,5,3,2,0,0,0,0,0,0,31,31,3,16,4,4,0,3,1,28,20,8,1,24,0,2,5
57417111,0,,,87,44,43,10,9,1,77,35,42,48,23,25,74,32,42,72,31,41,29,12,17,14,5,9,8,3,5,0,0,0,0,0,0,25,25,4,4,5,5,3,3,1,21,7,14,3,18,0,2,3
57417112,0,,,118,59,59,6,2,4,112,57,55,62,37,25,107,53,54,105,53,52,50,20,30,21,6,15,10,2,8,3,0,3,0,0,0,40,40,7,10,10,6,5,2,0,33,16,17,1,33,0,5,2
57417113,0,,,164,75,89,16,10,6,148,65,83,85,42,43,141,63,78,139,62,77,63,23,40,31,10,21,15,4,11,3,0,3,1,0,1,46,46,6,9,12,7,3,4,5,40,21,19,5,38,1,4,5
57417114,0,,,55,28,27,0,0,0,55,28,27,31,16,15,55,28,27,55,28,27,24,12,12,11,4,7,4,2,2,0,0,0,0,0,0,17,17,0,5,5,6,0,1,0,17,10,7,0,16,0,0,2
57417115,0,,,90,40,50,5,3,2,85,37,48,41,21,20,82,35,47,82,35,47,44,16,28,23,5,18,10,2,8,1,0,1,0,0,0,29,29,6,8,7,3,1,1,3,23,11,12,2,25,0,4,2
57417116,0,,,195,93,102,19,10,9,176,83,93,102,56,46,174,82,92,172,80,92,74,27,47,35,10,25,10,2,8,1,0,1,0,0,0,57,57,9,12,17,5,4,2,8,48,23,25,7,49,0,9,4
57417117,0,,,23,13,10,3,1,2,20,12,8,7,4,3,20,12,8,20,12,8,13,8,5,6,4,2,1,1,0,0,0,0,0,0,0,11,11,6,3,1,0,0,0,1,5,3,2,1,9,0,5,2
57417118,0,,,116,62,54,7,5,2,109,57,52,60,33,27,104,55,49,103,54,49,49,24,25,22,12,10,9,5,4,0,0,0,0,0,0,31,31,2,6,9,6,2,2,4,29,13,16,4,28,0,1,2
57417119,0,,,211,105,106,13,10,3,198,95,103,119,59,60,193,93,100,182,87,95,79,36,43,30,11,19,9,0,9,0,0,0,0,0,0,61,61,9,17,7,10,6,8,4,52,25,27,1,49,0,6,8
57417120,0,,,98,50,48,11,6,5,87,44,43,45,23,22,83,42,41,83,42,41,42,21,21,16,7,9,4,1,3,1,0,1,0,0,0,28,28,3,8,5,5,3,2,2,25,15,10,2,28,0,3,4
57417121,0,,,112,54,58,11,4,7,101,50,51,46,26,20,97,47,50,96,46,50,55,24,31,22,7,15,11,2,9,0,0,0,0,0,0,35,35,7,7,10,4,2,2,3,28,16,12,2,30,0,5,5
57417123,0,,,110,63,47,5,3,2,105,60,45,58,37,21,100,58,42,100,58,42,47,23,24,29,15,14,12,8,4,0,0,0,1,1,0,37,37,8,9,10,4,2,1,3,29,18,11,1,32,0,7,4
57417124,0,,,27,12,15,2,2,0,25,10,15,9,4,5,24,10,14,24,10,14,16,6,10,10,3,7,4,0,4,0,0,0,0,0,0,9,9,2,3,0,2,1,1,0,7,3,4,0,9,0,2,2
57417125,0,,,125,66,59,13,6,7,112,60,52,58,39,19,111,60,51,110,59,51,54,21,33,27,8,19,10,3,7,0,0,0,0,0,0,34,34,0,10,10,7,2,1,4,34,17,17,3,33,0,0,3
57417126,0,,,258,125,133,20,8,12,238,117,121,133,71,62,229,112,117,224,111,113,105,46,59,41,16,25,21,9,12,0,0,0,0,0,0,67,67,8,8,17,12,8,5,9,59,24,35,4,58,0,6,4
57417127,0,,,222,109,113,21,11,10,200,97,103,122,63,59,193,93,100,191,92,99,78,34,44,48,17,31,24,8,16,3,1,2,1,0,1,62,61,7,15,11,14,6,0,8,53,19,34,4,48,0,3,5
57417128,0,,,385,194,191,33,18,15,352,176,176,197,113,84,343,170,173,336,166,170,155,63,92,73,20,53,27,7,20,0,0,0,0,0,0,116,116,18,24,26,20,15,8,5,98,46,52,10,96,0,13,12
57417129,0,,,145,76,69,25,17,8,120,59,61,74,39,35,116,56,60,115,56,59,46,20,26,20,7,13,4,1,3,0,0,0,2,0,2,46,46,6,11,12,11,3,2,1,40,30,10,4,30,0,4,6
57417130,0,,,35,20,15,2,2,0,33,18,15,22,13,9,33,18,15,33,18,15,11,5,6,9,4,5,5,2,3,0,0,0,0,0,0,9,9,0,1,3,3,0,2,0,9,4,5,1,6,0,0,0
57417131,0,,,51,22,29,5,3,2,46,19,27,24,10,14,46,19,27,45,19,26,22,9,13,13,4,9,5,1,4,0,0,0,0,0,0,14,14,0,3,4,4,2,0,1,14,6,8,2,12,0,0,3
57417132,2,57417133,,4,2,2,*,*,*,*,*,*,*,*,*,*,*,*,*,*,*,*,*,*,*,*,*,*,*,*,*,*,*,*,*,*,2,2,*,*,*,*,*,*,*,*,*,*,*,*,*,*,*
57417133,1,,57417132,119,61,58,11,6,5,112,57,55,66,37,29,112,57,55,108,55,53,46,20,26,27,10,17,13,4,9,0,0,0,0,0,0,36,36,8,8,6,8,3,3,2,30,16,14,3,29,0,6,2
57417134,0,,,296,147,149,36,14,22,260,133,127,168,88,80,254,130,124,247,126,121,92,45,47,48,23,25,17,9,8,1,0,1,0,0,0,94,94,10,29,16,24,9,4,2,84,61,23,12,55,0,7,15
57417135,0,,,24,13,11,10,7,3,14,6,8,13,5,8,14,6,8,14,6,8,1,1,0,0,0,0,0,0,0,0,0,0,0,0,0,7,7,0,2,2,1,2,0,0,7,5,2,4,1,0,0,0
57417136,0,,,73,39,34,12,8,4,61,31,30,42,21,21,59,29,30,57,28,29,19,10,9,10,6,4,5,3,2,1,0,1,0,0,0,16,16,1,2,2,3,3,3,2,15,5,10,3,10,0,1,1
57417137,0,,,82,40,42,10,6,4,72,34,38,42,22,20,70,34,36,68,33,35,30,12,18,18,9,9,5,2,3,0,0,0,0,0,0,26,26,5,8,6,2,0,2,3,21,13,8,3,19,0,3,3
57417138,0,,,56,27,29,5,3,2,51,24,27,26,13,13,51,24,27,51,24,27,25,11,14,13,7,6,5,3,2,0,0,0,0,0,0,21,21,2,11,4,2,0,2,0,19,13,6,2,16,0,2,7
57417139,0,,,72,34,38,9,3,6,63,31,32,35,18,17,63,31,32,60,29,31,28,13,15,11,4,7,7,2,5,2,0,2,0,0,0,23,23,3,7,6,2,2,2,1,20,11,9,3,17,0,2,4
57417140,0,,,89,39,50,9,4,5,80,35,45,47,21,26,79,35,44,79,35,44,33,14,19,20,6,14,7,1,6,2,1,1,0,0,0,22,22,3,0,6,6,3,0,4,19,3,16,2,21,0,2,0
57417141,0,,,144,78,66,20,10,10,124,68,56,63,38,25,119,63,56,119,63,56,61,30,31,41,19,22,15,9,6,0,0,0,1,0,1,38,38,4,8,9,6,4,2,5,34,15,19,4,33,0,3,6
57417142,0,,,472,237,235,50,23,27,422,214,208,233,122,111,417,213,204,411,210,201,189,92,97,89,39,50,33,13,20,2,0,2,0,0,0,146,146,21,37,34,25,14,6,9,124,65,59,13,113,0,15,19
57417143,0,,,789,386,403,84,43,41,705,343,362,399,211,188,691,336,355,681,332,349,306,132,174,146,50,96,73,25,48,8,2,6,0,0,0,238,238,33,55,63,35,18,19,15,205,113,92,21,176,0,19,28
57417144,0,,,153,80,73,10,7,3,139,71,68,75,40,35,138,70,68,135,68,67,64,31,33,26,11,15,16,7,9,0,0,0,0,0,0,45,45,7,12,5,9,5,3,4,37,19,18,2,34,0,4,5
57417147,0,,,181,92,89,11,5,6,170,87,83,86,51,35,166,84,82,163,81,82,84,36,48,50,20,30,28,10,18,2,1,1,0,0,0,55,55,4,21,11,5,7,4,3,51,28,23,1,50,0,2,10
57417148,0,,,149,74,75,14,7,7,135,67,68,83,43,40,129,63,66,126,61,65,52,24,28,25,12,13,10,4,6,1,1,0,0,0,0,48,48,9,11,12,8,2,3,3,39,21,18,2,35,0,5,3
57417149,0,,,38,21,17,8,4,4,30,17,13,21,13,8,30,17,13,30,17,13,9,4,5,6,2,4,3,1,2,1,0,1,1,1,0,9,9,1,3,1,0,0,1,3,8,4,4,1,6,0,1,1
57417150,0,,,81,37,44,10,6,4,71,31,40,46,23,23,68,28,40,66,27,39,25,8,17,19,6,13,5,2,3,0,0,0,0,0,0,22,22,2,6,4,4,2,1,3,20,9,11,1,17,0,2,3
57417151,0,,,196,101,95,12,8,4,184,93,91,107,53,54,179,92,87,172,87,85,77,40,37,39,18,21,13,6,7,1,0,1,0,0,0,59,59,7,16,9,12,9,5,1,52,29,23,3,45,1,3,11
57417152,0,,,393,193,200,56,30,26,337,163,174,222,117,105,318,153,165,309,148,161,115,46,69,54,16,38,26,5,21,1,0,1,2,0,2,103,103,10,26,13,21,14,9,10,93,47,46,10,71,2,5,10
57417153,0,,,13,6,7,0,0,0,13,6,7,2,0,2,13,6,7,13,6,7,11,6,5,5,3,2,3,1,2,0,0,0,0,0,0,6,6,0,5,1,0,0,0,0,6,6,0,0,6,0,0,5
57417155,0,,,761,389,372,86,42,44,675,347,328,378,211,167,651,333,318,642,324,318,297,136,161,145,67,78,53,21,32,5,1,4,1,0,1,230,229,33,55,50,37,27,13,14,196,101,95,20,179,1,22,27
57417156,0,,,570,274,296,83,38,45,484,235,249,293,154,139,473,228,245,467,225,242,191,81,110,91,30,61,45,12,33,4,1,3,2,1,1,189,189,39,51,40,27,13,8,11,150,93,57,20,124,3,16,22
57417157,0,,,617,298,319,81,42,39,530,253,277,271,144,127,514,241,273,506,235,271,259,109,150,133,41,92,64,14,50,11,0,11,5,3,2,197,195,46,52,37,23,16,12,9,148,97,51,15,138,4,31,32
57417158,0,,,115,62,53,5,4,1,110,58,52,73,43,30,103,55,48,100,53,47,37,15,22,11,6,5,2,1,1,0,0,0,0,0,0,22,21,6,6,2,3,1,1,2,14,8,6,1,17,0,4,3
57417159,0,,,81,39,42,12,4,8,69,35,34,35,20,15,69,35,34,68,35,33,34,15,19,15,6,9,8,2,6,1,1,0,0,0,0,22,22,4,2,7,2,1,3,3,18,7,11,3,19,0,3,1
57417160,0,,,76,34,42,7,6,1,69,28,41,37,17,20,67,26,41,67,26,41,32,11,21,15,5,10,6,1,5,1,0,1,0,0,0,21,21,3,2,7,3,3,1,2,17,7,10,0,18,0,2,1
57417161,0,,,31,16,15,5,4,1,26,12,14,13,7,6,26,12,14,26,12,14,13,5,8,8,3,5,2,1,1,0,0,0,0,0,0,10,10,2,3,2,0,1,2,0,8,5,3,0,9,0,2,1
57417162,0,,,14,7,7,1,0,1,13,7,6,10,5,5,12,6,6,11,6,5,3,2,1,0,0,0,0,0,0,0,0,0,0,0,0,4,4,0,2,0,1,0,1,0,4,3,1,1,3,0,0,0
57417163,0,,,34,17,17,2,1,1,32,16,16,18,10,8,32,16,16,32,16,16,14,6,8,7,4,3,1,0,1,0,0,0,0,0,0,9,9,1,1,2,1,3,1,0,8,3,5,1,9,0,1,0
57417164,2,57417174,,11,8,3,*,*,*,*,*,*,*,*,*,*,*,*,*,*,*,*,*,*,*,*,*,*,*,*,*,*,*,*,*,*,4,4,*,*,*,*,*,*,*,*,*,*,*,*,*,*,*
57417165,0,,,366,165,201,47,26,21,316,137,179,187,91,96,303,130,173,295,128,167,129,46,83,76,24,52,37,9,28,11,0,11,0,0,0,124,123,33,31,27,13,13,4,2,89,67,22,12,68,0,21,7
57417166,0,,,203,106,97,18,12,6,185,94,91,110,60,50,182,93,89,178,90,88,75,34,41,34,11,23,14,3,11,1,0,1,0,0,0,64,64,12,17,14,8,5,3,5,51,33,18,6,45,0,6,8
57417167,0,,,171,81,90,12,3,9,159,78,81,81,40,41,156,77,79,152,75,77,78,38,40,46,21,25,19,8,11,1,0,1,0,0,0,56,56,9,18,11,5,6,6,1,47,30,17,2,50,0,6,12
57417168,0,,,261,119,142,26,11,15,235,108,127,121,57,64,227,105,122,224,104,120,114,51,63,62,25,37,28,9,19,5,1,4,0,0,0,81,80,15,19,16,17,5,3,5,64,39,25,4,62,0,11,8
57417169,0,,,103,49,54,10,8,2,93,41,52,59,29,30,90,40,50,89,39,50,34,12,22,19,5,14,8,1,7,0,0,0,0,0,0,31,31,5,8,9,1,1,4,3,26,13,13,2,27,0,5,3
57417170,0,,,129,61,68,7,2,5,122,59,63,72,37,35,120,58,62,116,55,61,50,22,28,25,10,15,9,2,7,1,0,1,0,0,0,39,39,5,8,13,6,0,4,3,34,14,20,3,30,1,3,6
57417171,0,,,255,129,126,24,13,11,231,116,115,143,76,67,222,113,109,220,112,108,88,40,48,42,16,26,15,3,12,1,0,1,0,0,0,77,77,10,23,16,7,11,4,6,67,37,30,5,53,1,8,10
57417172,0,,,99,51,48,11,6,5,88,45,43,53,27,26,83,42,41,80,41,39,35,18,17,12,5,7,3,2,1,0,0,0,0,0,0,24,24,2,4,5,4,0,6,3,22,11,11,2,21,0,1,3
57417173,0,,,267,136,131,28,12,16,235,121,114,138,74,64,226,116,110,221,114,107,97,47,50,34,15,19,15,5,10,1,0,1,1,0,1,67,67,5,10,14,13,11,6,8,61,22,39,4,59,0,5,4
57417174,1,,57417164,203,105,98,14,4,10,200,109,91,122,71,51,196,106,90,195,105,90,78,38,40,39,15,24,14,4,10,2,0,2,0,0,0,58,58,8,15,15,8,4,8,4,53,24,29,3,50,0,2,8
57417175,0,,,114,54,60,10,4,6,104,50,54,57,32,25,99,49,50,97,47,50,47,18,29,21,6,15,7,1,6,2,0,2,1,0,1,32,32,3,10,6,4,4,1,4,28,15,13,1,27,0,2,5
57417176,0,,,162,82,80,17,9,8,145,73,72,84,48,36,140,71,69,137,68,69,61,25,36,22,7,15,8,0,8,1,0,1,0,0,0,50,50,12,8,11,6,5,5,3,38,18,20,3,38,0,9,5
57417177,0,,,111,60,51,16,12,4,95,48,47,50,27,23,93,46,47,87,44,43,45,21,24,13,5,8,5,1,4,0,0,0,1,0,1,36,36,11,10,1,6,3,0,5,25,13,12,2,28,0,6,7
57417178,0,,,90,44,46,7,5,2,83,39,44,45,21,24,80,39,41,79,39,40,38,18,20,19,10,9,5,0,5,1,0,1,0,0,0,24,24,3,4,5,4,5,0,3,21,8,13,1,21,0,3,3
57417179,0,,,110,56,54,6,3,3,104,53,51,64,35,29,104,53,51,102,52,50,40,18,22,22,7,15,8,2,6,0,0,0,0,0,0,35,35,5,8,9,7,3,2,1,30,17,13,1,25,0,3,3
57417180,0,,,52,24,28,2,1,1,50,23,27,26,13,13,48,23,25,45,21,24,24,10,14,12,4,8,4,1,3,1,0,1,0,0,0,12,12,0,1,3,2,4,1,1,12,3,9,0,11,0,0,0
57417181,0,,,187,83,104,23,11,12,164,72,92,88,38,50,163,72,91,160,70,90,76,34,42,40,15,25,19,7,12,1,0,1,1,0,1,56,56,6,17,12,11,2,3,5,50,23,27,4,48,0,4,11
57417182,0,,,164,76,88,20,10,10,144,66,78,97,47,50,136,62,74,128,59,69,47,19,28,27,11,16,10,4,6,1,0,1,0,0,0,55,55,10,16,8,9,10,2,0,45,31,14,5,32,0,8,4
57417183,0,,,96,45,51,3,1,2,93,44,49,48,24,24,91,42,49,89,41,48,45,20,25,22,8,14,6,1,5,0,0,0,0,0,0,29,29,2,7,12,2,1,4,1,27,15,12,1,24,0,1,3
57417184,0,,,133,73,60,8,3,5,125,70,55,60,35,25,121,69,52,121,69,52,65,35,30,30,15,15,14,8,6,0,0,0,0,0,0,43,43,6,12,11,6,5,1,2,37,22,15,0,35,0,4,7
57417185,0,,,131,60,71,23,4,19,108,56,52,56,31,25,105,55,50,104,55,49,52,25,27,23,9,14,8,3,5,1,0,1,0,0,0,35,35,3,10,4,10,1,1,6,31,17,14,2,30,0,2,7
57417186,0,,,152,81,71,13,9,4,139,72,67,82,46,36,134,70,64,133,69,64,57,26,31,28,12,16,11,6,5,0,0,0,0,0,0,46,46,6,13,7,11,5,1,3,39,17,22,4,37,0,6,4
57417187,0,,,206,98,108,18,7,11,188,91,97,102,51,51,182,87,95,177,83,94,86,40,46,33,15,18,17,8,9,1,1,0,0,0,0,68,68,10,19,11,20,4,3,1,58,38,20,2,55,0,9,14
57417188,0,,,31,15,16,5,2,3,26,13,13,19,9,10,23,12,11,22,11,11,7,4,3,3,2,1,0,0,0,0,0,0,0,0,0,9,9,3,0,2,0,2,2,0,6,3,3,0,5,0,2,0
57417190,0,,,227,112,115,18,8,10,209,104,105,115,63,52,201,103,98,197,100,97,94,41,53,45,16,29,15,3,12,2,1,1,1,0,1,64,64,8,14,14,5,13,7,3,56,27,29,6,57,0,5,9
57417191,0,,,292,146,146,18,10,8,274,136,138,156,81,75,270,133,137,266,133,133,118,55,63,53,20,33,19,6,13,1,0,1,0,0,0,95,95,15,25,23,15,11,2,4,80,52,28,3,76,0,11,11
57417192,0,,,516,209,307,43,21,22,473,188,285,194,95,99,463,182,281,459,180,279,279,93,186,193,49,144,127,25,102,27,6,21,0,0,0,128,125,23,37,21,23,11,4,6,100,66,34,8,82,0,13,13
57417193,0,,,375,178,197,41,17,24,334,161,173,215,104,111,319,154,165,312,151,161,119,57,62,58,26,32,22,11,11,0,0,0,15,0,15,116,116,27,24,14,23,9,12,7,89,44,45,7,70,0,7,11
57417194,0,,,429,211,218,70,31,39,355,178,177,244,127,117,341,169,172,328,164,164,111,51,60,57,24,33,26,11,15,2,0,2,0,0,0,131,131,17,34,29,29,12,3,7,113,83,30,14,73,0,9,14
57417195,0,,,245,117,128,40,24,16,205,93,112,141,70,71,197,88,109,192,85,107,64,23,41,25,7,18,10,3,7,0,0,0,0,0,0,80,80,15,19,20,10,7,6,3,65,43,22,9,47,4,9,8
57417197,0,,,91,48,43,8,6,2,83,42,41,45,24,21,79,40,39,77,39,38,38,18,20,24,10,14,11,5,6,0,0,0,1,0,1,30,30,5,10,4,5,3,2,1,25,14,11,4,24,0,4,8
57417198,1,,57417199,20,11,9,1,1,0,21,11,10,11,7,4,19,9,10,18,8,10,10,4,6,7,3,4,3,1,2,0,0,0,0,0,0,5,5,1,2,0,1,1,0,1,5,2,3,0,5,0,0,2
57417199,2,57417198,,2,1,1,*,*,*,*,*,*,*,*,*,*,*,*,*,*,*,*,*,*,*,*,*,*,*,*,*,*,*,*,*,*,1,1,*,*,*,*,*,*,*,*,*,*,*,*,*,*,*
57417200,0,,,821,391,430,118,60,58,693,326,367,415,219,196,664,307,357,654,301,353,278,107,171,152,44,108,86,18,68,17,1,16,5,4,1,266,262,80,58,44,35,26,10,9,178,124,54,31,127,5,32,21
57417201,0,,,202,101,101,17,9,8,185,92,93,98,51,47,182,89,93,179,86,93,87,41,46,36,13,23,16,5,11,0,0,0,0,0,0,68,68,15,20,13,8,3,4,5,52,34,18,4,55,0,12,8
57417202,0,,,119,62,57,6,4,2,113,58,55,55,27,28,110,56,54,109,56,53,58,31,27,29,12,17,12,2,10,0,0,0,1,0,1,43,43,7,17,8,6,2,2,1,36,20,16,2,38,0,6,6
57417203,0,,,55,28,27,6,2,4,49,26,23,25,15,10,47,25,22,45,23,22,24,11,13,7,0,7,7,0,7,1,0,1,0,0,0,16,16,4,4,1,2,2,0,3,12,4,8,0,13,0,2,2
57417204,2,57417205,,5,4,1,*,*,*,*,*,*,*,*,*,*,*,*,*,*,*,*,*,*,*,*,*,*,*,*,*,*,*,*,*,*,2,2,*,*,*,*,*,*,*,*,*,*,*,*,*,*,*
57417205,1,,57417204;57417214,6,3,3,0,0,0,18,11,7,12,7,5,18,11,7,18,11,7,6,4,2,4,2,2,0,0,0,0,0,0,0,0,0,2,2,3,2,1,2,0,0,0,5,5,0,0,4,0,1,1
57417210,0,,,296,149,147,23,12,11,273,137,136,162,89,73,266,132,134,259,130,129,111,48,63,58,21,37,23,7,16,1,0,1,0,0,0,93,93,15,25,21,16,4,4,8,78,44,34,5,72,0,10,8
57417211,0,,,174,85,89,21,10,11,153,75,78,100,50,50,148,72,76,145,70,75,53,25,28,27,10,17,6,2,4,1,0,1,0,0,0,51,51,8,10,11,8,7,4,3,43,21,22,5,38,0,4,6
57417212,0,,,14,7,7,1,1,0,13,6,7,6,3,3,13,6,7,12,5,7,7,3,4,5,1,4,4,1,3,0,0,0,0,0,0,5,5,1,2,1,0,0,1,0,4,2,2,0,5,0,1,1
57417214,2,57417205,,7,4,3,*,*,*,*,*,*,*,*,*,*,*,*,*,*,*,*,*,*,*,*,*,*,*,*,*,*,*,*,*,*,4,4,*,*,*,*,*,*,*,*,*,*,*,*,*,*,*
57417219,0,,,17,8,9,0,0,0,17,8,9,9,4,5,17,8,9,17,8,9,8,4,4,3,1,2,3,1,2,0,0,0,0,0,0,7,7,1,3,2,1,0,0,0,6,4,2,0,5,0,0,1
57417220,0,,,128,62,66,9,5,4,119,57,62,64,32,32,114,55,59,114,55,59,55,25,30,25,8,17,12,2,10,3,0,3,1,0,1,44,44,9,10,15,3,2,3,2,34,16,18,3,33,0,3,7
57417221,0,,,165,78,87,19,11,8,146,67,79,84,41,43,141,65,76,141,65,76,62,26,36,28,8,20,15,5,10,1,0,1,0,0,0,45,45,4,12,8,6,5,7,3,41,21,20,6,37,2,0,5
57417222,0,,,132,72,60,19,9,10,113,63,50,59,35,24,111,61,50,111,61,50,54,28,26,25,11,14,12,4,8,1,1,0,1,0,1,45,45,13,8,12,6,1,1,4,32,19,13,8,35,0,10,3
57417223,0,,,47,23,24,4,2,2,43,21,22,27,14,13,43,21,22,41,20,21,16,7,9,10,4,6,0,0,0,0,0,0,2,0,2,14,14,3,2,2,2,4,1,0,11,6,5,1,11,0,3,0
57417224,0,,,238,112,126,16,4,12,222,108,114,119,67,52,216,104,112,212,101,111,103,41,62,53,19,34,18,5,13,2,0,2,0,0,0,82,82,19,20,17,14,4,5,3,63,33,30,4,66,0,11,11
57417226,0,,,72,40,32,8,5,3,64,35,29,38,21,17,61,34,27,60,33,27,26,14,12,9,4,5,3,2,1,0,0,0,0,0,0,22,22,4,6,4,1,5,0,2,18,12,6,1,19,0,4,3
57417229,0,,,66,27,39,4,1,3,62,26,36,35,15,20,60,25,35,59,25,34,27,11,16,10,2,8,3,0,3,1,0,1,0,0,0,18,18,0,5,6,2,2,1,2,18,9,9,0,16,0,0,3
57417230,2,57417231,,62,18,44,*,*,*,*,*,*,*,*,*,*,*,*,*,*,*,*,*,*,*,*,*,*,*,*,*,*,*,*,*,*,4,3,*,*,*,*,*,*,*,*,*,*,*,*,*,*,*
57417231,1,,57417230,52,29,23,8,6,2,106,41,65,34,16,18,105,40,65,105,40,65,72,25,47,58,17,41,38,8,30,7,0,7,1,0,1,15,15,2,3,3,5,3,2,0,16,7,9,4,15,0,2,1
57417232,0,,,36,16,20,4,2,2,32,14,18,21,10,11,31,13,18,31,13,18,11,4,7,5,2,3,2,1,1,0,0,0,0,0,0,11,11,2,3,1,0,5,0,0,9,5,4,1,8,0,1,1
57417233,0,,,193,89,104,17,7,10,176,82,94,84,44,40,168,81,87,166,80,86,92,38,54,50,17,33,20,6,14,2,1,1,0,0,0,67,67,16,16,14,9,7,4,1,51,28,23,2,57,0,13,8
57417234,0,,,578,271,307,60,28,32,518,243,275,292,154,138,502,235,267,499,234,265,226,89,137,110,32,78,40,5,35,5,0,5,3,1,2,215,215,53,69,39,25,13,10,6,161,100,61,7,161,0,37,25
57417235,0,,,59,27,32,0,0,0,59,27,32,38,18,20,57,27,30,55,26,29,21,9,12,15,6,9,4,1,3,1,0,1,0,0,0,19,19,4,6,1,3,3,1,1,15,8,7,0,16,0,4,2
57417236,0,,,43,21,22,5,2,3,38,19,19,22,12,10,37,18,19,36,18,18,16,7,9,10,4,6,5,3,2,0,0,0,0,0,0,11,11,0,2,3,3,1,1,1,11,6,5,1,11,0,0,0
57417238,0,,,83,39,44,8,4,4,75,35,40,32,17,15,71,32,39,70,31,39,43,18,25,22,10,12,7,3,4,2,0,2,0,0,0,27,27,4,8,8,2,0,4,1,23,14,9,1,23,0,4,6
57417239,0,,,54,27,27,4,4,0,50,23,27,30,15,15,47,21,26,45,20,25,20,8,12,11,4,7,5,1,4,1,0,1,0,0,0,15,15,0,4,3,5,1,2,0,15,8,7,0,12,0,0,2
57417240,0,,,50,28,22,6,2,4,44,26,18,25,17,8,43,25,18,42,24,18,19,9,10,7,3,4,6,3,3,0,0,0,0,0,0,13,13,1,2,2,5,0,2,1,12,3,9,2,13,0,1,0
57417242,0,,,89,45,44,13,9,4,76,36,40,42,21,21,75,36,39,75,36,39,34,15,19,22,10,12,7,2,5,0,0,0,1,1,0,22,22,2,5,3,5,1,2,4,20,8,12,3,19,0,1,4
57417243,0,,,242,116,126,17,11,6,225,105,120,125,60,65,218,101,117,214,99,115,100,45,55,58,22,36,29,10,19,0,0,0,0,0,0,74,74,8,20,18,12,7,7,2,65,31,34,3,64,0,4,10
57417244,0,,,106,31,75,0,0,0,106,31,75,13,8,5,106,31,75,106,31,75,93,23,70,85,19,66,68,16,52,9,0,9,0,0,0,9,8,0,3,5,0,0,0,0,8,5,3,0,6,0,0,1
57417245,2,57417254,,5,2,3,*,*,*,*,*,*,*,*,*,*,*,*,*,*,*,*,*,*,*,*,*,*,*,*,*,*,*,*,*,*,1,1,*,*,*,*,*,*,*,*,*,*,*,*,*,*,*
57417246,0,,,28,13,15,7,3,4,21,10,11,17,8,9,19,9,10,19,9,10,4,2,2,1,0,1,1,0,1,0,0,0,0,0,0,7,7,0,2,2,0,1,1,1,7,4,3,2,3,0,0,1
57417248,0,,,48,25,23,10,5,5,38,20,18,19,11,8,38,20,18,38,20,18,19,9,10,11,4,7,5,2,3,0,0,0,0,0,0,16,16,5,3,2,1,3,2,0,11,7,4,2,13,0,4,1
57417250,0,,,15,9,6,4,3,1,11,6,5,6,3,3,11,6,5,11,6,5,5,3,2,0,0,0,0,0,0,0,0,0,0,0,0,5,5,1,2,0,1,0,1,0,4,3,1,0,3,0,0,2
57417253,0,,,24,12,12,7,5,2,17,7,10,12,5,7,17,7,10,16,7,9,5,2,3,3,1,2,0,0,0,0,0,0,1,0,1,6,6,0,2,0,1,2,1,0,6,4,2,1,4,0,0,1
57417254,1,,57417245,75,39,36,3,2,1,77,39,38,41,26,15,77,39,38,76,38,38,36,13,23,17,3,14,11,1,10,1,0,1,0,0,0,27,27,5,7,7,6,2,1,0,23,8,15,0,25,0,3,1
57417255,0,,,108,53,55,10,2,8,98,51,47,64,33,31,95,50,45,94,49,45,34,18,16,18,7,11,10,5,5,1,0,1,1,0,1,31,31,3,6,9,7,2,0,4,28,11,17,1,25,0,1,0
57417257,0,,,165,79,86,16,8,8,148,70,78,78,37,41,142,68,74,140,67,73,70,33,37,38,16,22,16,7,9,0,0,0,0,0,0,50,50,5,14,12,8,3,7,1,45,25,20,3,43,0,3,7
57417258,0,,,381,190,191,42,25,17,339,165,174,208,113,95,323,158,165,318,155,163,131,52,79,68,21,47,25,8,17,0,0,0,0,0,0,145,145,52,31,19,25,8,4,6,93,58,35,7,96,3,34,11
57417260,0,,,98,42,56,12,4,8,86,38,48,48,22,26,83,37,46,82,36,46,38,16,22,19,6,13,10,2,8,1,0,1,0,0,0,26,26,1,6,7,5,3,1,3,25,11,14,2,22,0,1,5
57417263,0,,,73,37,36,5,2,3,68,35,33,32,17,15,67,34,33,67,34,33,36,18,18,21,10,11,7,4,3,1,0,1,0,0,0,22,22,2,7,4,2,5,2,0,20,11,9,0,21,0,2,5
57417268,0,,,171,84,87,11,9,2,160,75,85,84,40,44,154,72,82,151,70,81,76,35,41,36,13,23,16,5,11,0,0,0,0,0,0,57,57,9,20,11,4,7,4,2,48,25,23,3,49,0,5,8
57417269,1,,57417279,207,99,108,17,5,12,197,96,101,104,49,55,192,93,99,191,92,99,93,47,46,52,23,29,23,11,12,2,1,1,3,0,3,70,70,12,23,18,9,5,4,2,61,36,25,0,61,0,9,9
57417270,0,,,130,67,63,9,6,3,121,61,60,70,35,35,119,59,60,116,57,59,51,26,25,22,9,13,14,6,8,1,0,1,2,0,2,36,36,6,4,7,8,5,4,2,30,12,18,4,32,0,5,2
57417271,0,,,264,105,159,19,9,10,244,95,149,104,54,50,237,91,146,234,89,145,140,41,99,98,19,79,72,13,59,14,0,14,0,0,0,72,70,22,21,8,9,5,3,2,47,32,15,2,41,4,7,16
57417272,0,,,48,21,27,4,2,2,44,19,25,25,11,14,43,18,25,41,17,24,19,8,11,10,5,5,0,0,0,0,0,0,0,0,0,14,14,2,3,4,1,1,2,1,12,8,4,0,11,0,2,2
57417273,0,,,133,70,63,14,10,4,119,60,59,68,35,33,117,58,59,115,57,58,51,25,26,22,7,15,10,3,7,0,0,0,0,0,0,47,47,14,13,8,2,5,1,4,33,20,13,2,36,0,9,2
57417279,2,57417269,,7,2,5,*,*,*,*,*,*,*,*,*,*,*,*,*,*,*,*,*,*,*,*,*,*,*,*,*,*,*,*,*,*,3,3,*,*,*,*,*,*,*,*,*,*,*,*,*,*,*
57417280,0,,,66,32,34,6,5,1,60,27,33,34,18,16,58,26,32,57,25,32,26,9,17,13,2,11,4,0,4,1,0,1,1,0,1,23,23,7,3,7,3,0,1,2,16,9,7,2,19,0,6,1
57417281,0,,,552,271,281,49,27,22,501,243,258,254,135,119,494,241,253,487,238,249,247,108,139,144,51,93,68,21,47,8,4,4,2,0,2,193,193,55,39,40,26,15,10,8,137,76,61,11,161,2,45,24
57417282,1,,57417293,1326,630,696,124,58,66,1203,574,629,644,337,307,1171,554,617,1152,546,606,559,237,322,317,116,201,147,43,104,11,2,9,8,5,3,508,507,142,152,98,65,30,16,7,366,257,109,28,345,11,75,71
57417283,0,,,240,116,124,21,6,15,219,110,109,144,73,71,213,107,106,203,103,100,75,37,38,47,21,26,12,3,9,1,0,1,0,0,0,68,68,10,14,11,15,8,6,4,57,29,28,7,49,0,5,4
57417284,0,,,115,58,57,16,6,10,99,52,47,58,29,29,94,49,45,94,49,45,41,23,18,21,10,11,6,2,4,1,0,1,0,0,0,34,34,5,8,6,5,6,2,2,29,17,12,3,28,0,3,7
57417290,0,,,263,130,133,34,18,16,229,112,117,139,75,64,222,109,113,220,107,113,90,37,53,43,13,30,19,3,16,1,0,1,0,0,0,62,62,6,10,11,6,13,4,12,56,18,38,10,55,0,5,6
57417291,0,,,350,150,200,25,14,11,325,136,189,115,58,57,318,134,184,315,133,182,210,78,132,153,47,106,77,12,65,17,1,16,0,0,0,82,80,17,24,17,11,4,1,6,63,40,23,3,62,0,13,7
57417292,0,,,592,297,295,84,46,38,507,250,257,305,157,148,495,242,253,484,237,247,202,93,109,106,43,63,36,10,26,2,0,2,4,2,2,196,196,37,49,46,32,17,5,10,157,104,53,21,133,0,26,22
57417293,2,57417282,,5,3,2,*,*,*,*,*,*,*,*,*,*,*,*,*,*,*,*,*,*,*,*,*,*,*,*,*,*,*,*,*,*,3,3,*,*,*,*,*,*,*,*,*,*,*,*,*,*,*
57417294,0,,,102,43,59,5,2,3,97,41,56,51,23,28,93,37,56,91,37,54,46,18,28,27,8,19,11,3,8,1,0,1,2,0,2,33,33,3,11,9,4,3,2,1,30,14,16,0,30,0,2,5
57417295,1,,57417296,21,11,10,1,1,0,30,16,14,19,10,9,28,15,13,27,15,12,11,6,5,3,1,2,2,1,1,0,0,0,1,0,1,7,7,0,5,1,1,0,1,1,9,6,3,0,8,0,0,0
57417296,2,57417295,,10,6,4,*,*,*,*,*,*,*,*,*,*,*,*,*,*,*,*,*,*,*,*,*,*,*,*,*,*,*,*,*,*,2,2,*,*,*,*,*,*,*,*,*,*,*,*,*,*,*
57417307,0,,,12,5,7,0,0,0,12,5,7,3,1,2,12,5,7,12,5,7,9,4,5,6,2,4,4,2,2,0,0,0,0,0,0,6,6,1,4,1,0,0,0,0,4,4,0,0,6,0,1,3
57417308,2,57417309,,3,2,1,*,*,*,*,*,*,*,*,*,*,*,*,*,*,*,*,*,*,*,*,*,*,*,*,*,*,*,*,*,*,1,1,*,*,*,*,*,*,*,*,*,*,*,*,*,*,*
57417309,1,,57417308,56,30,26,7,4,3,52,28,24,33,19,14,50,26,24,49,26,23,19,9,10,9,4,5,2,0,2,0,0,0,1,0,1,18,18,3,4,5,5,0,1,1,16,11,5,1,12,0,2,1
57417319,0,,,140,69,71,8,4,4,132,65,67,74,37,37,127,61,66,122,58,64,58,28,30,28,15,13,5,3,2,0,0,0,0,0,0,45,45,5,16,10,8,1,2,3,40,26,14,1,35,0,5,9
57417329,0,,,30,16,14,1,1,0,29,15,14,11,6,5,29,15,14,29,15,14,18,9,9,11,4,7,6,3,3,1,0,1,0,0,0,14,14,5,4,3,2,0,0,0,9,8,1,0,11,0,4,3
57417341,2,57417360,,5,3,2,*,*,*,*,*,*,*,*,*,*,*,*,*,*,*,*,*,*,*,*,*,*,*,*,*,*,*,*,*,*,1,1,*,*,*,*,*,*,*,*,*,*,*,*,*,*,*
57417350,1,,57417351,28,18,10,5,4,1,26,16,10,18,11,7,26,16,10,25,15,10,8,5,3,3,1,2,2,1,1,0,0,0,0,0,0,8,8,3,2,2,0,1,1,1,7,6,1,1,6,0,1,1
57417351,2,57417350,,3,2,1,*,*,*,*,*,*,*,*,*,*,*,*,*,*,*,*,*,*,*,*,*,*,*,*,*,*,*,*,*,*,2,2,*,*,*,*,*,*,*,*,*,*,*,*,*,*,*
57417355,2,57417365,,5,3,2,*,*,*,*,*,*,*,*,*,*,*,*,*,*,*,*,*,*,*,*,*,*,*,*,*,*,*,*,*,*,1,1,*,*,*,*,*,*,*,*,*,*,*,*,*,*,*
57417360,1,,57417341,20,11,9,2,1,1,23,13,10,16,10,6,22,12,10,22,12,10,7,3,4,5,2,3,3,1,2,0,0,0,0,0,0,7,7,1,3,0,2,2,0,0,7,5,2,0,5,0,0,1
57417363,0,,,39,20,19,2,1,1,37,19,18,22,12,10,37,19,18,37,19,18,15,7,8,6,1,5,2,0,2,0,0,0,0,0,0,16,16,5,6,1,2,1,1,0,11,8,3,2,11,0,2,2
57417365,1,,57417355,333,163,170,24,10,14,314,156,158,159,86,73,306,152,154,303,152,151,155,70,85,85,35,50,39,13,26,3,0,3,0,0,0,139,139,44,44,26,11,10,2,3,96,63,33,7,105,0,32,17
57417366,0,,,32,16,16,3,1,2,29,15,14,16,10,6,29,15,14,29,15,14,13,5,8,6,2,4,1,0,1,0,0,0,0,0,0,9,9,0,2,4,1,1,0,1,9,5,4,1,9,0,0,1
57417368,0,,,80,38,42,5,2,3,75,36,39,46,24,22,73,35,38,72,35,37,29,12,17,15,6,9,7,2,5,0,0,0,0,0,0,25,25,3,6,6,6,2,1,1,22,10,12,0,19,0,2,2
57417369,1,,57417379,125,61,64,11,7,4,122,58,64,62,26,36,119,56,63,117,55,62,60,32,28,22,11,11,10,4,6,0,0,0,0,0,0,38,38,4,12,12,5,3,2,3,37,23,14,2,36,0,4,8
57417370,1,,57417371,19,11,8,1,0,1,19,11,8,11,7,4,19,11,8,17,9,8,8,4,4,6,3,3,2,1,1,0,0,0,0,0,0,4,4,1,1,1,0,0,1,1,4,2,2,1,4,0,0,1
57417371,2,57417370,,1,0,1,*,*,*,*,*,*,*,*,*,*,*,*,*,*,*,*,*,*,*,*,*,*,*,*,*,*,*,*,*,*,1,1,*,*,*,*,*,*,*,*,*,*,*,*,*,*,*
57417372,0,,,123,63,60,12,9,3,111,54,57,62,31,31,110,53,57,110,53,57,49,23,26,23,9,14,9,3,6,1,0,1,1,0,1,38,38,2,14,10,6,1,3,2,36,23,13,2,30,0,2,6
57417373,0,,,155,63,92,9,4,5,146,59,87,79,32,47,144,58,86,142,58,84,67,27,40,26,9,17,8,0,8,2,0,2,25,5,20,73,73,38,13,9,7,2,2,2,35,20,15,2,41,14,9,8
57417374,0,,,13,7,6,2,1,1,11,6,5,6,3,3,11,6,5,11,6,5,5,3,2,4,3,1,1,1,0,0,0,0,3,1,2,8,8,5,2,0,1,0,0,0,3,3,0,1,3,2,1,2
57417375,2,57417376,,6,2,4,*,*,*,*,*,*,*,*,*,*,*,*,*,*,*,*,*,*,*,*,*,*,*,*,*,*,*,*,*,*,2,2,*,*,*,*,*,*,*,*,*,*,*,*,*,*,*
57417376,1,,57417375,6,2,4,0,0,0,12,4,8,4,0,4,12,4,8,12,4,8,8,4,4,4,2,2,1,0,1,0,0,0,0,0,0,2,2,0,2,0,2,0,0,0,4,3,1,0,4,0,0,2
57417377,0,,,130,62,68,19,7,12,111,55,56,68,37,31,108,54,54,104,52,52,43,18,25,22,7,15,7,2,5,1,0,1,1,0,1,33,33,4,6,7,4,3,2,7,29,13,16,5,29,0,2,3
57417378,0,,,32,20,12,3,2,1,29,18,11,21,14,7,28,17,11,27,16,11,8,4,4,5,2,3,2,1,1,0,0,0,0,0,0,9,9,1,2,2,1,2,0,1,7,3,4,1,7,0,1,0
57417379,2,57417369,,8,4,4,*,*,*,*,*,*,*,*,*,*,*,*,*,*,*,*,*,*,*,*,*,*,*,*,*,*,*,*,*,*,3,3,*,*,*,*,*,*,*,*,*,*,*,*,*,*,*
57417385,0,,,20,9,11,0,0,0,20,9,11,8,4,4,20,9,11,20,9,11,12,5,7,8,2,6,4,1,3,0,0,0,1,0,1,9,9,2,4,2,1,0,0,0,7,6,1,0,9,0,2,3
57417391,1,,57417392,51,22,29,3,1,2,58,24,34,32,13,19,57,24,33,57,24,33,26,11,15,14,3,11,5,0,5,1,0,1,1,0,1,18,18,6,3,8,2,2,0,1,16,9,7,1,17,0,4,1
57417392,2,57417391,,10,3,7,*,*,*,*,*,*,*,*,*,*,*,*,*,*,*,*,*,*,*,*,*,*,*,*,*,*,*,*,*,*,4,4,*,*,*,*,*,*,*,*,*,*,*,*,*,*,*
57417395,0,,,74,43,31,4,1,3,70,42,28,53,33,20,67,40,27,65,38,27,17,9,8,7,2,5,3,0,3,0,0,0,2,0,2,40,40,26,4,5,3,1,0,1,14,9,5,1,12,9,4,1
57417420,0,,,120,66,54,12,6,6,108,60,48,45,23,22,103,57,46,102,56,46,63,37,26,25,12,13,13,6,7,1,1,0,0,0,0,42,42,9,16,6,4,2,0,5,32,21,11,3,41,0,9,9
57417421,0,,,56,27,29,6,4,2,50,23,27,35,18,17,49,23,26,47,22,25,15,5,10,6,0,6,3,0,3,0,0,0,0,0,0,17,17,4,4,2,3,0,2,2,13,5,8,0,11,0,2,1
57417431,0,,,90,41,49,9,4,5,81,37,44,57,26,31,78,36,42,74,35,39,24,11,13,7,3,4,2,1,1,1,0,1,2,0,2,26,26,4,5,4,6,3,3,1,21,11,10,3,16,1,2,2
57417441,0,,,101,52,49,12,8,4,89,44,45,55,29,26,81,39,42,79,37,42,34,15,19,14,5,9,2,0,2,1,0,1,0,0,0,21,21,0,3,5,2,2,4,5,21,10,11,3,19,0,0,2
57417451,0,,,61,31,30,10,6,4,51,25,26,26,15,11,48,23,25,48,23,25,25,10,15,11,4,7,7,3,4,0,0,0,0,0,0,14,14,0,2,5,2,1,1,3,14,5,9,1,12,0,0,1
57417452,0,,,23,13,10,0,0,0,23,13,10,10,7,3,22,12,10,21,11,10,13,6,7,6,3,3,3,1,2,0,0,0,0,0,0,8,8,2,1,2,2,1,0,0,6,2,4,0,7,0,2,1
57417460,0,,,119,58,61,20,9,11,99,49,50,57,32,25,97,49,48,97,49,48,42,17,25,22,7,15,9,1,8,2,0,2,0,0,0,31,31,1,8,9,5,3,0,5,30,19,11,3,26,0,1,3
57417461,0,,,55,27,28,9,5,4,46,22,24,24,12,12,46,22,24,45,21,24,22,10,12,12,6,6,4,2,2,1,0,1,0,0,0,13,13,0,3,3,2,1,2,2,13,4,9,2,13,0,0,3
58400529,2,58400559,,3,2,1,*,*,*,*,*,*,*,*,*,*,*,*,*,*,*,*,*,*,*,*,*,*,*,*,*,*,*,*,*,*,2,2,*,*,*,*,*,*,*,*,*,*,*,*,*,*,*
58400552,2,58400563,,2,1,1,*,*,*,*,*,*,*,*,*,*,*,*,*,*,*,*,*,*,*,*,*,*,*,*,*,*,*,*,*,*,1,1,*,*,*,*,*,*,*,*,*,*,*,*,*,*,*
58400553,2,58400563,,5,3,2,*,*,*,*,*,*,*,*,*,*,*,*,*,*,*,*,*,*,*,*,*,*,*,*,*,*,*,*,*,*,2,2,*,*,*,*,*,*,*,*,*,*,*,*,*,*,*
58400559,1,,58400529,23,11,12,0,0,0,26,13,13,8,3,5,26,13,13,26,13,13,18,10,8,12,5,7,5,4,1,0,0,0,0,0,0,10,10,6,3,0,1,2,0,0,6,3,3,0,10,0,4,2
58400562,0,,,37,20,17,2,0,2,35,20,15,20,12,8,35,20,15,35,20,15,15,8,7,9,5,4,4,2,2,1,0,1,0,0,0,16,16,4,7,3,1,0,1,0,12,8,4,1,10,0,2,1
58400563,1,,58400552;58400553,57,22,35,6,4,2,58,22,36,23,15,8,58,22,36,58,22,36,35,7,28,27,6,21,17,4,13,1,1,0,0,0,0,14,13,1,8,4,1,1,0,1,14,8,6,0,13,0,1,2
58400564,0,,,27,15,12,1,1,0,26,14,12,12,7,5,26,14,12,26,14,12,14,7,7,6,2,4,4,1,3,0,0,0,0,0,0,15,15,9,3,1,1,1,0,0,6,3,3,0,11,0,5,3
58400567,0,,,64,33,31,5,3,2,58,30,28,20,10,10,57,29,28,57,29,28,38,20,18,18,10,8,6,4,2,2,2,0,0,0,0,29,29,11,9,5,2,0,2,0,18,12,6,1,22,0,9,5
58400568,0,,,17,8,9,0,0,0,17,8,9,8,3,5,17,8,9,17,8,9,9,5,4,4,2,2,1,0,1,1,0,1,0,0,0,10,10,8,1,0,0,0,0,1,2,1,1,0,6,0,4,1
58400569,0,,,18,10,8,0,0,0,18,10,8,10,7,3,18,10,8,18,10,8,8,3,5,2,1,1,0,0,0,0,0,0,0,0,0,9,9,3,4,1,1,0,0,0,6,5,1,0,6,0,2,1
58400572,0,,,36,17,19,1,1,0,35,16,19,11,5,6,35,16,19,35,16,19,24,11,13,10,4,6,5,3,2,0,0,0,0,0,0,17,17,6,6,2,3,0,0,0,11,9,2,0,14,0,3,4
58400573,0,,,186,96,90,1,0,1,185,96,89,84,47,37,182,93,89,179,91,88,101,49,52,49,20,29,16,6,10,4,1,3,0,0,0,82,82,23,29,21,5,2,2,0,58,38,20,0,65,0,16,16
58400574,1,,58400583;58400584,37,18,19,1,0,1,44,21,23,11,6,5,44,21,23,44,21,23,33,15,18,20,7,13,6,2,4,0,0,0,0,0,0,25,25,17,13,1,0,0,0,0,13,11,2,0,25,0,14,7
58400576,1,,58400577,62,29,33,9,5,4,54,25,29,22,12,10,51,23,28,51,23,28,32,13,19,16,4,12,8,2,6,0,0,0,0,0,0,27,27,10,11,1,3,2,1,0,18,16,2,1,22,0,8,5
58400577,2,58400576,,1,1,0,*,*,*,*,*,*,*,*,*,*,*,*,*,*,*,*,*,*,*,*,*,*,*,*,*,*,*,*,*,*,1,1,*,*,*,*,*,*,*,*,*,*,*,*,*,*,*
58400579,2,58400589,,6,2,4,*,*,*,*,*,*,*,*,*,*,*,*,*,*,*,*,*,*,*,*,*,*,*,*,*,*,*,*,*,*,1,1,*,*,*,*,*,*,*,*,*,*,*,*,*,*,*
58400583,2,58400574,,5,2,3,*,*,*,*,*,*,*,*,*,*,*,*,*,*,*,*,*,*,*,*,*,*,*,*,*,*,*,*,*,*,4,4,*,*,*,*,*,*,*,*,*,*,*,*,*,*,*
58400584,2,58400574,,4,2,2,*,*,*,*,*,*,*,*,*,*,*,*,*,*,*,*,*,*,*,*,*,*,*,*,*,*,*,*,*,*,2,2,*,*,*,*,*,*,*,*,*,*,*,*,*,*,*
58400585,0,,,13,5,8,0,0,0,13,5,8,9,4,5,13,5,8,13,5,8,4,1,3,2,0,2,1,0,1,0,0,0,1,0,1,5,5,1,1,2,1,0,0,0,4,2,2,0,4,0,1,0
58400586,0,,,250,119,131,9,4,5,241,115,126,111,63,48,236,111,125,232,108,124,130,52,78,86,32,54,25,11,14,1,0,1,0,0,0,128,128,57,37,24,5,3,2,0,69,54,15,1,96,0,40,17
58400587,0,,,116,53,63,1,0,1,115,53,62,61,33,28,113,52,61,112,52,60,54,20,34,32,9,23,17,3,14,1,0,1,0,0,0,75,75,50,15,6,3,0,1,0,25,18,7,0,39,14,20,6
58400588,2,58400589,,8,5,3,*,*,*,*,*,*,*,*,*,*,*,*,*,*,*,*,*,*,*,*,*,*,*,*,*,*,*,*,*,*,3,3,*,*,*,*,*,*,*,*,*,*,*,*,*,*,*
58400589,1,,58400579;58400588,403,189,214,33,13,20,384,183,201,202,107,95,380,180,200,376,178,198,182,76,106,95,36,59,32,9,23,3,1,2,0,0,0,174,174,59,57,34,11,8,5,4,116,86,30,9,124,0,39,29
58400596,0,,,54,22,32,2,1,1,52,21,31,25,11,14,49,20,29,49,20,29,27,10,17,13,4,9,4,0,4,0,0,0,0,0,0,25,25,9,10,2,2,1,1,0,16,14,2,0,20,0,9,5
58400597,0,,,613,298,315,32,12,20,580,286,294,265,155,110,571,282,289,569,281,288,315,131,184,160,59,101,57,17,40,6,1,5,3,0,3,312,310,149,82,51,19,6,3,0,160,126,34,8,206,15,78,41
58400598,0,,,261,118,143,19,10,9,242,108,134,127,66,61,237,106,131,231,103,128,115,42,73,60,22,38,28,10,18,2,0,2,3,0,3,120,120,48,35,21,9,2,3,2,72,57,15,3,81,2,23,19
58400599,0,,,81,38,43,4,2,2,77,36,41,31,16,15,75,36,39,75,36,39,46,20,26,22,10,12,13,4,9,1,0,1,0,0,0,31,31,7,9,9,4,0,1,1,24,14,10,2,22,0,1,5
58400604,2,58400637,,5,3,2,*,*,*,*,*,*,*,*,*,*,*,*,*,*,*,*,*,*,*,*,*,*,*,*,*,*,*,*,*,*,2,2,*,*,*,*,*,*,*,*,*,*,*,*,*,*,*
58400605,2,58400617,,11,4,7,*,*,*,*,*,*,*,*,*,*,*,*,*,*,*,*,*,*,*,*,*,*,*,*,*,*,*,*,*,*,2,2,*,*,*,*,*,*,*,*,*,*,*,*,*,*,*
58400606,2,58400617,,3,1,2,*,*,*,*,*,*,*,*,*,*,*,*,*,*,*,*,*,*,*,*,*,*,*,*,*,*,*,*,*,*,2,2,*,*,*,*,*,*,*,*,*,*,*,*,*,*,*
58400608,0,,,44,23,21,0,0,0,44,23,21,18,12,6,44,23,21,43,23,20,26,11,15,10,3,7,5,1,4,0,0,0,0,0,0,15,15,1,6,3,3,2,0,0,14,8,6,0,15,0,1,4
58400609,0,,,204,93,111,19,8,11,185,85,100,84,39,45,183,83,100,179,81,98,101,46,55,48,19,29,17,5,12,3,1,2,0,0,0,71,71,11,20,24,5,8,1,2,60,37,23,3,58,1,8,15
58400615,2,58400616,,5,3,2,*,*,*,*,*,*,*,*,*,*,*,*,*,*,*,*,*,*,*,*,*,*,*,*,*,*,*,*,*,*,4,4,*,*,*,*,*,*,*,*,*,*,*,*,*,*,*
58400616,1,,58400615,6,2,4,0,0,0,11,5,6,9,4,5,11,5,6,10,5,5,2,1,1,1,0,1,0,0,0,0,0,0,0,0,0,3,3,5,1,0,1,0,0,0,2,2,0,0,2,0,2,0
58400617,1,,58400605;58400606,6,2,4,3,0,3,17,7,10,10,5,5,16,7,9,16,7,9,7,2,5,2,0,2,1,0,1,0,0,0,0,0,0,2,2,2,1,0,0,2,1,0,4,1,3,0,6,0,2,0
58400618,0,,,170,89,81,12,8,4,158,81,77,87,48,39,153,76,77,149,75,74,71,33,38,37,17,20,14,6,8,2,1,1,1,0,1,58,58,11,15,14,9,6,1,2,47,27,20,2,43,0,8,7
58400619,0,,,171,82,89,15,6,9,156,76,80,91,47,44,150,73,77,147,71,76,65,29,36,36,13,23,15,4,11,2,0,2,0,0,0,57,57,9,15,15,10,3,3,2,48,26,22,4,43,0,7,5
58400620,1,,58400621;58400631,17,9,8,2,1,1,21,12,9,9,6,3,21,12,9,21,12,9,12,6,6,7,3,4,3,0,3,0,0,0,0,0,0,8,8,6,4,1,0,0,1,0,6,4,2,0,9,0,3,1
58400621,2,58400620,,1,1,0,*,*,*,*,*,*,*,*,*,*,*,*,*,*,*,*,*,*,*,*,*,*,*,*,*,*,*,*,*,*,1,1,*,*,*,*,*,*,*,*,*,*,*,*,*,*,*
58400627,0,,,42,21,21,4,2,2,38,19,19,23,12,11,38,19,19,38,19,19,15,7,8,11,4,7,4,3,1,0,0,0,0,0,0,13,13,2,2,4,2,2,1,0,11,7,4,1,8,0,0,1
58400628,0,,,140,66,74,12,6,6,128,60,68,66,34,32,125,59,66,124,59,65,62,26,36,37,11,26,14,3,11,2,0,2,0,0,0,51,51,12,16,13,3,1,4,2,38,22,16,4,37,0,7,9
58400629,0,,,49,23,26,5,1,4,44,22,22,21,13,8,43,21,22,42,20,22,23,9,14,8,2,6,3,1,2,0,0,0,0,0,0,17,17,2,8,3,2,0,1,1,15,11,4,0,15,0,2,5
58400630,0,,,20,12,8,2,2,0,18,10,8,10,5,5,18,10,8,17,9,8,8,5,3,4,2,2,3,1,2,1,0,1,0,0,0,7,7,2,2,2,0,0,0,1,5,4,1,0,5,0,1,1
58400631,2,58400620,,5,3,2,*,*,*,*,*,*,*,*,*,*,*,*,*,*,*,*,*,*,*,*,*,*,*,*,*,*,*,*,*,*,3,3,*,*,*,*,*,*,*,*,*,*,*,*,*,*,*
58400636,2,58400637,,8,3,5,*,*,*,*,*,*,*,*,*,*,*,*,*,*,*,*,*,*,*,*,*,*,*,*,*,*,*,*,*,*,3,3,*,*,*,*,*,*,*,*,*,*,*,*,*,*,*
58400637,1,,58400604;58400636,113,53,60,6,3,3,120,56,64,57,31,26,115,55,60,114,54,60,63,25,38,31,10,21,16,4,12,2,1,1,2,0,2,44,44,14,11,12,8,3,0,1,35,22,13,0,41,0,9,4
58400638,1,,58400648;58400649,86,44,42,12,6,6,86,44,42,46,26,20,86,44,42,86,44,42,40,18,22,20,7,13,6,1,5,1,0,1,0,0,0,29,29,7,10,7,3,2,1,3,26,16,10,6,27,0,5,4
58400644,2,58400655,,2,2,0,*,*,*,*,*,*,*,*,*,*,*,*,*,*,*,*,*,*,*,*,*,*,*,*,*,*,*,*,*,*,2,2,*,*,*,*,*,*,*,*,*,*,*,*,*,*,*
58400645,0,,,8,4,4,0,0,0,8,4,4,6,4,2,8,4,4,8,4,4,2,0,2,1,0,1,0,0,0,0,0,0,0,0,0,5,5,3,1,1,0,0,0,0,2,2,0,0,2,0,1,0
58400646,0,,,152,76,76,13,7,6,139,69,70,77,36,41,136,67,69,134,66,68,62,33,29,35,15,20,12,4,8,2,1,1,0,0,0,59,59,15,20,9,9,4,1,1,44,31,13,1,40,0,9,12
58400647,0,,,183,96,87,12,6,6,171,90,81,96,56,40,168,87,81,163,84,79,75,34,41,31,10,21,17,5,12,1,0,1,0,0,0,65,65,17,19,12,5,5,5,2,47,26,21,3,45,0,9,6
58400648,2,58400638,,10,5,5,*,*,*,*,*,*,*,*,*,*,*,*,*,*,*,*,*,*,*,*,*,*,*,*,*,*,*,*,*,*,3,3,*,*,*,*,*,*,*,*,*,*,*,*,*,*,*
58400649,2,58400638,,2,1,1,*,*,*,*,*,*,*,*,*,*,*,*,*,*,*,*,*,*,*,*,*,*,*,*,*,*,*,*,*,*,1,1,*,*,*,*,*,*,*,*,*,*,*,*,*,*,*
58400654,0,,,20,12,8,6,4,2,14,8,6,7,3,4,14,8,6,14,8,6,7,5,2,1,0,1,1,0,1,0,0,0,0,0,0,5,5,0,2,1,0,1,0,1,4,2,2,0,5,0,0,0
58400655,1,,58400644,144,69,75,9,5,4,137,66,71,81,40,41,130,62,68,129,62,67,56,26,30,31,10,21,13,3,10,2,1,1,0,0,0,46,46,11,13,6,8,3,5,2,37,21,16,0,40,0,8,7
58400656,0,,,373,183,190,16,9,7,357,174,183,169,96,73,353,170,183,353,170,183,188,78,110,95,31,64,39,8,31,3,0,3,1,0,1,158,158,39,58,42,11,3,2,3,118,84,34,3,124,2,30,26
58400657,0,,,66,37,29,8,7,1,58,30,28,31,20,11,58,30,28,58,30,28,27,10,17,15,3,12,8,2,6,0,0,0,0,0,0,28,28,12,7,3,3,0,2,1,16,9,7,2,20,0,7,2
58400659,2,58400669,,6,3,3,*,*,*,*,*,*,*,*,*,*,*,*,*,*,*,*,*,*,*,*,*,*,*,*,*,*,*,*,*,*,4,4,*,*,*,*,*,*,*,*,*,*,*,*,*,*,*
58400660,0,,,12,8,4,0,0,0,12,8,4,8,6,2,12,8,4,12,8,4,4,2,2,2,1,1,2,1,1,0,0,0,0,0,0,8,8,6,1,0,1,0,0,0,2,1,1,0,1,3,0,0
58400663,1,,58400674,30,18,12,2,2,0,30,17,13,16,11,5,30,17,13,30,17,13,14,6,8,6,1,5,4,1,3,0,0,0,0,0,0,10,10,5,1,3,1,1,0,1,7,5,2,0,9,0,3,1
58400664,0,,,42,23,19,2,1,1,40,22,18,15,9,6,39,22,17,39,22,17,25,13,12,11,5,6,4,1,3,0,0,0,1,0,1,15,15,2,5,4,2,2,0,0,13,6,7,0,14,0,2,2
58400665,0,,,79,35,44,6,3,3,73,32,41,35,15,20,73,32,41,73,32,41,38,17,21,17,5,12,8,1,7,2,0,2,2,0,2,32,32,7,12,5,7,1,0,0,25,17,8,2,26,0,6,8
58400666,0,,,20,8,12,2,1,1,18,7,11,9,3,6,18,7,11,18,7,11,9,4,5,6,2,4,4,1,3,0,0,0,0,0,0,9,9,4,3,0,1,0,1,0,5,3,2,1,7,0,3,1
58400668,2,58400669,,4,2,2,*,*,*,*,*,*,*,*,*,*,*,*,*,*,*,*,*,*,*,*,*,*,*,*,*,*,*,*,*,*,2,2,*,*,*,*,*,*,*,*,*,*,*,*,*,*,*
58400669,1,,58400659;58400668;58400679,3,1,2,0,0,0,15,7,8,7,5,2,15,7,8,15,7,8,8,2,6,6,0,6,5,0,5,0,0,0,0,0,0,1,1,3,3,2,0,0,0,0,5,3,2,0,7,0,2,0
58400670,0,,,309,136,173,35,22,13,274,114,160,133,68,65,264,110,154,260,108,152,141,46,95,97,27,70,54,10,44,6,2,4,4,2,2,102,101,32,24,23,12,3,4,3,69,48,21,6,66,2,20,13
58400671,0,,,264,117,147,24,9,15,239,107,132,133,63,70,236,105,131,230,103,127,106,44,62,60,20,40,26,10,16,0,0,0,0,0,0,109,109,36,31,19,14,5,2,2,73,56,17,2,70,4,20,13
58400672,0,,,95,46,49,11,6,5,84,40,44,53,25,28,81,38,43,79,38,41,31,15,16,13,6,7,4,1,3,1,0,1,0,0,0,31,31,7,8,4,7,3,0,2,24,13,11,0,20,0,3,4
58400673,0,,,145,76,69,11,7,4,134,69,65,67,40,27,132,67,65,131,67,64,67,29,38,34,10,24,15,3,12,0,0,0,0,0,0,58,58,24,8,12,7,4,2,1,34,16,18,2,41,0,12,3
58400674,2,58400663,,2,1,1,*,*,*,*,*,*,*,*,*,*,*,*,*,*,*,*,*,*,*,*,*,*,*,*,*,*,*,*,*,*,2,2,*,*,*,*,*,*,*,*,*,*,*,*,*,*,*
58400679,2,58400669,,2,1,1,*,*,*,*,*,*,*,*,*,*,*,*,*,*,*,*,*,*,*,*,*,*,*,*,*,*,*,*,*,*,1,1,*,*,*,*,*,*,*,*,*,*,*,*,*,*,*
58400680,1,,58400690,60,27,33,4,1,3,62,29,33,33,16,17,62,29,33,62,29,33,29,13,16,17,6,11,5,1,4,1,0,1,0,0,0,21,21,8,6,4,2,4,0,1,17,8,9,0,19,0,3,4
58400681,0,,,259,126,133,16,9,7,243,117,126,126,65,61,236,114,122,233,113,120,117,52,65,69,24,45,31,6,25,1,0,1,1,0,1,104,104,29,32,26,7,4,4,2,75,49,26,4,83,0,24,13
58400682,0,,,544,248,296,56,31,25,488,217,271,261,127,134,477,215,262,469,208,261,227,90,137,116,38,78,45,12,33,5,0,5,2,0,2,208,208,57,68,37,18,11,9,8,151,99,52,9,161,0,43,26
58400683,0,,,24,9,15,2,2,0,22,7,15,13,5,8,22,7,15,22,7,15,9,2,7,4,0,4,1,0,1,0,0,0,0,0,0,8,8,2,1,3,0,1,1,0,6,2,4,2,6,0,1,0
58400684,2,58400694,,8,5,3,*,*,*,*,*,*,*,*,*,*,*,*,*,*,*,*,*,*,*,*,*,*,*,*,*,*,*,*,*,*,3,3,*,*,*,*,*,*,*,*,*,*,*,*,*,*,*
58400685,2,58400694,,9,7,2,*,*,*,*,*,*,*,*,*,*,*,*,*,*,*,*,*,*,*,*,*,*,*,*,*,*,*,*,*,*,5,5,*,*,*,*,*,*,*,*,*,*,*,*,*,*,*
58400686,2,58400687,,3,2,1,*,*,*,*,*,*,*,*,*,*,*,*,*,*,*,*,*,*,*,*,*,*,*,*,*,*,*,*,*,*,2,2,*,*,*,*,*,*,*,*,*,*,*,*,*,*,*
58400687,1,,58400686,8,3,5,1,0,1,10,5,5,5,2,3,10,5,5,10,5,5,5,3,2,2,1,1,1,0,1,0,0,0,0,0,0,2,2,1,2,0,0,0,1,0,3,2,1,1,3,0,1,1
58400689,2,58400698,,2,1,1,*,*,*,*,*,*,*,*,*,*,*,*,*,*,*,*,*,*,*,*,*,*,*,*,*,*,*,*,*,*,1,1,*,*,*,*,*,*,*,*,*,*,*,*,*,*,*
58400690,2,58400680,,7,3,4,*,*,*,*,*,*,*,*,*,*,*,*,*,*,*,*,*,*,*,*,*,*,*,*,*,*,*,*,*,*,4,4,*,*,*,*,*,*,*,*,*,*,*,*,*,*,*
58400691,0,,,22,13,9,0,0,0,22,13,9,13,9,4,20,12,8,20,12,8,9,4,5,3,1,2,1,1,0,0,0,0,3,2,1,11,10,4,5,0,1,0,0,0,6,5,1,0,5,1,0,3
58400692,0,,,50,27,23,0,0,0,50,27,23,23,13,10,50,27,23,50,27,23,27,14,13,13,6,7,5,2,3,0,0,0,0,0,0,18,18,3,5,4,5,1,0,0,15,11,4,0,17,0,2,2
58400693,0,,,15,8,7,1,0,1,14,8,6,7,5,2,14,8,6,14,8,6,7,3,4,3,0,3,2,0,2,0,0,0,1,0,1,6,6,2,1,1,2,0,0,0,4,2,2,1,5,0,2,0
58400694,1,,58400684;58400685;58400695,35,24,11,7,6,1,54,35,19,29,19,10,53,34,19,52,34,18,25,16,9,13,9,4,5,3,2,1,0,1,0,0,0,15,15,11,6,3,2,3,1,0,15,9,6,2,20,0,7,3
58400695,2,58400694,,9,5,4,*,*,*,*,*,*,*,*,*,*,*,*,*,*,*,*,*,*,*,*,*,*,*,*,*,*,*,*,*,*,3,3,*,*,*,*,*,*,*,*,*,*,*,*,*,*,*
58400697,2,58400698,,10,7,3,*,*,*,*,*,*,*,*,*,*,*,*,*,*,*,*,*,*,*,*,*,*,*,*,*,*,*,*,*,*,5,5,*,*,*,*,*,*,*,*,*,*,*,*,*,*,*
58400698,1,,58400689;58400697;58400699,41,20,21,2,2,0,57,28,29,34,19,15,54,27,27,53,26,27,23,9,14,12,3,9,6,2,4,0,0,0,0,0,0,14,14,5,7,4,3,2,1,0,17,9,8,1,18,0,5,3
58400699,2,58400698,,6,2,4,*,*,*,*,*,*,*,*,*,*,*,*,*,*,*,*,*,*,*,*,*,*,*,*,*,*,*,*,*,*,2,2,*,*,*,*,*,*,*,*,*,*,*,*,*,*,*
58400700,1,,58400710,92,52,40,3,2,1,99,53,46,52,33,19,97,52,45,95,52,43,47,20,27,28,12,16,14,6,8,0,0,0,0,0,0,29,29,3,9,10,3,3,4,0,29,19,10,0,28,0,2,4
58400701,1,,58400702;58400711,24,10,14,2,1,1,30,15,15,12,6,6,30,15,15,30,15,15,18,9,9,6,2,4,2,0,2,1,0,1,0,0,0,9,9,4,4,5,0,1,0,0,10,8,2,0,13,0,3,2
58400702,2,58400701,,6,4,2,*,*,*,*,*,*,*,*,*,*,*,*,*,*,*,*,*,*,*,*,*,*,*,*,*,*,*,*,*,*,3,3,*,*,*,*,*,*,*,*,*,*,*,*,*,*,*
58400703,1,,58400704,13,8,5,0,0,0,20,12,8,9,7,2,20,12,8,20,12,8,11,5,6,5,2,3,0,0,0,0,0,0,0,0,0,5,5,1,3,3,1,0,0,0,7,5,2,0,7,0,0,2
58400704,2,58400703,,7,4,3,*,*,*,*,*,*,*,*,*,*,*,*,*,*,*,*,*,*,*,*,*,*,*,*,*,*,*,*,*,*,3,3,*,*,*,*,*,*,*,*,*,*,*,*,*,*,*
58400705,0,,,38,23,15,0,0,0,38,23,15,20,13,7,38,23,15,37,23,14,18,10,8,11,5,6,3,1,2,0,0,0,1,0,1,14,14,4,2,3,4,1,0,0,10,6,4,0,13,0,3,2
58400706,0,,,29,17,12,2,2,0,27,15,12,13,9,4,27,15,12,27,15,12,14,6,8,7,2,5,2,2,0,0,0,0,0,0,0,9,9,1,3,2,2,0,0,1,8,5,3,1,9,0,1,1
58400707,0,,,47,23,24,2,1,1,45,22,23,29,15,14,44,22,22,42,21,21,16,7,9,8,3,5,6,2,4,0,0,0,0,0,0,12,12,0,5,0,1,4,1,1,12,7,5,1,10,0,0,3
58400708,0,,,69,37,32,7,5,2,62,32,30,35,19,16,62,32,30,60,30,30,27,13,14,10,2,8,2,0,2,0,0,0,0,0,0,22,22,4,5,6,2,3,1,1,18,9,9,2,18,0,3,4
58400709,0,,,129,59,70,18,6,12,111,53,58,58,29,29,108,50,58,108,50,58,53,24,29,26,9,17,10,2,8,1,1,0,0,0,0,42,42,8,13,6,6,5,2,2,34,17,17,1,34,0,7,11
58400710,2,58400700,,10,3,7,*,*,*,*,*,*,*,*,*,*,*,*,*,*,*,*,*,*,*,*,*,*,*,*,*,*,*,*,*,*,3,3,*,*,*,*,*,*,*,*,*,*,*,*,*,*,*
58400711,2,58400701,,2,2,0,*,*,*,*,*,*,*,*,*,*,*,*,*,*,*,*,*,*,*,*,*,*,*,*,*,*,*,*,*,*,2,2,*,*,*,*,*,*,*,*,*,*,*,*,*,*,*
58400713,2,58400724,,6,3,3,*,*,*,*,*,*,*,*,*,*,*,*,*,*,*,*,*,*,*,*,*,*,*,*,*,*,*,*,*,*,2,2,*,*,*,*,*,*,*,*,*,*,*,*,*,*,*
58400714,0,,,37,19,18,3,0,3,34,19,15,17,10,7,34,19,15,34,19,15,17,9,8,5,1,4,1,0,1,0,0,0,0,0,0,12,12,3,1,4,2,1,0,1,9,4,5,1,11,0,3,1
58400715,0,,,16,8,8,2,0,2,14,8,6,9,5,4,14,8,6,14,8,6,5,3,2,2,1,1,1,0,1,0,0,0,0,0,0,7,7,2,3,1,0,1,0,0,5,3,2,0,4,0,0,1
58400716,0,,,68,35,33,3,1,2,65,34,31,33,18,15,65,34,31,65,34,31,32,16,16,17,6,11,6,2,4,1,0,1,0,0,0,25,25,7,7,2,5,3,1,0,18,11,7,1,22,0,6,2
58400717,0,,,37,19,18,1,0,1,36,19,17,19,11,8,33,17,16,33,17,16,17,8,9,6,2,4,2,0,2,0,0,0,0,0,0,14,14,2,5,4,2,1,0,0,12,8,4,0,11,0,2,1
58400718,0,,,101,54,47,13,9,4,88,45,43,44,24,20,86,43,43,85,43,42,44,21,23,23,9,14,7,1,6,0,0,0,0,0,0,31,31,6,8,5,4,2,4,2,24,13,11,2,26,0,5,6
58400719,0,,,51,21,30,4,0,4,47,21,26,22,11,11,46,20,26,45,20,25,25,10,15,12,4,8,3,1,2,0,0,0,0,0,0,16,16,2,4,5,2,1,1,1,14,7,7,1,15,0,2,1
58400720,0,,,17,10,7,3,3,0,14,7,7,9,4,5,14,7,7,14,7,7,5,3,2,3,1,2,1,0,1,0,0,0,0,0,0,8,8,4,2,1,0,0,1,0,4,3,1,1,5,0,4,1
58400721,0,,,35,17,18,4,2,2,31,15,16,18,9,9,28,14,14,28,14,14,13,6,7,5,1,4,4,1,3,1,0,1,0,0,0,8,8,1,1,2,0,0,3,1,7,1,6,0,7,0,0,0
58400722,0,,,40,24,16,2,1,1,38,23,15,19,13,6,37,22,15,37,22,15,19,10,9,9,4,5,3,1,2,0,0,0,0,0,0,13,13,0,5,4,3,0,1,0,13,10,3,1,10,0,0,2
58400723,0,,,33,18,15,7,5,2,26,13,13,13,6,7,26,13,13,26,13,13,13,7,6,5,2,3,1,0,1,0,0,0,0,0,0,8,8,0,2,2,1,0,2,1,8,5,3,2,8,0,0,1
58400724,1,,58400713,14,8,6,2,1,1,18,10,8,8,4,4,18,10,8,18,10,8,10,6,4,6,2,4,4,2,2,0,0,0,0,0,0,6,6,1,3,3,1,0,0,0,7,5,2,0,6,0,1,2
58400725,0,,,18,10,8,0,0,0,18,10,8,8,5,3,18,10,8,18,10,8,10,5,5,6,3,3,3,1,2,0,0,0,0,0,0,8,8,0,6,2,0,0,0,0,8,7,1,0,6,0,0,3
58400726,0,,,135,66,69,20,12,8,115,54,61,62,31,31,112,51,61,112,51,61,53,23,30,26,11,15,11,4,7,0,0,0,0,0,0,39,39,7,7,8,8,3,2,4,32,15,17,6,30,0,5,3
58400727,0,,,63,31,32,3,1,2,60,30,30,29,15,14,59,30,29,57,29,28,31,15,16,16,9,7,6,4,2,0,0,0,0,0,0,20,20,1,6,6,4,2,1,0,19,11,8,0,19,0,1,3
58400728,0,,,38,19,19,6,3,3,32,16,16,20,10,10,28,15,13,28,15,13,12,6,6,5,2,3,1,0,1,0,0,0,0,0,0,10,10,1,2,2,0,3,2,0,9,4,5,0,9,0,1,1
58400729,0,,,40,18,22,4,1,3,36,17,19,22,12,10,36,17,19,35,16,19,14,5,9,11,5,6,5,2,3,0,0,0,0,0,0,11,11,0,6,0,3,1,0,1,11,6,5,1,9,0,0,2
58400730,0,,,28,11,17,6,3,3,22,8,14,12,3,9,22,8,14,22,8,14,10,5,5,6,4,2,4,3,1,0,0,0,0,0,0,6,6,0,0,1,1,3,1,0,6,1,5,3,6,0,0,0
58400731,0,,,53,26,27,2,2,0,51,24,27,25,13,12,49,23,26,49,23,26,26,11,15,10,4,6,5,1,4,0,0,0,0,0,0,17,17,3,4,4,3,0,3,0,13,9,4,1,16,0,3,0
58400732,0,,,11,6,5,0,0,0,11,6,5,3,3,0,11,6,5,11,6,5,8,3,5,1,0,1,1,0,1,0,0,0,0,0,0,5,5,1,2,2,0,0,0,0,4,3,1,0,4,0,0,1
58400733,0,,,24,13,11,1,1,0,23,12,11,10,6,4,23,12,11,23,12,11,13,6,7,6,1,5,3,0,3,0,0,0,0,0,0,13,13,6,4,2,1,0,0,0,7,5,2,0,10,0,6,1
58400734,0,,,97,43,54,13,7,6,84,36,48,39,19,20,83,35,48,83,35,48,45,17,28,23,7,16,10,1,9,2,0,2,0,0,0,33,33,6,9,8,6,0,3,1,27,14,13,2,28,0,5,6
58400735,0,,,33,17,16,6,3,3,27,14,13,13,7,6,26,14,12,26,14,12,14,7,7,4,3,1,2,1,1,1,0,1,0,0,0,9,9,2,2,1,0,2,1,1,7,2,5,1,8,0,1,2
58400736,1,,58400746,57,30,27,4,2,2,55,29,26,24,14,10,55,29,26,55,29,26,31,15,16,18,9,9,3,0,3,0,0,0,0,0,0,22,22,3,12,5,1,0,1,1,20,15,5,2,20,0,2,5
58400737,0,,,29,15,14,3,2,1,26,13,13,17,9,8,23,11,12,23,11,12,9,4,5,5,2,3,1,0,1,0,0,0,0,0,0,7,7,1,1,2,1,0,0,2,6,2,4,0,6,0,1,0
58400738,0,,,50,24,26,1,0,1,49,24,25,21,10,11,49,24,25,48,23,25,28,14,14,14,6,8,8,3,5,0,0,0,0,0,0,17,17,1,6,5,3,2,0,0,16,8,8,0,15,0,1,2
58400739,0,,,49,24,25,0,0,0,49,24,25,19,10,9,48,23,25,47,23,24,30,14,16,20,9,11,3,1,2,0,0,0,1,0,1,20,20,2,10,6,1,1,0,0,18,14,4,0,20,0,2,5
58400740,1,,58400741,26,14,12,6,4,2,25,13,12,14,7,7,23,13,10,23,13,10,11,6,5,5,3,2,2,1,1,0,0,0,0,0,0,7,7,4,3,0,0,1,0,2,6,3,3,2,8,0,2,2
58400741,2,58400740,,5,3,2,*,*,*,*,*,*,*,*,*,*,*,*,*,*,*,*,*,*,*,*,*,*,*,*,*,*,*,*,*,*,3,3,*,*,*,*,*,*,*,*,*,*,*,*,*,*,*
58400742,1,,58400752,31,16,15,2,0,2,31,16,15,12,7,5,29,15,14,28,15,13,19,9,10,9,4,5,4,1,3,1,0,1,0,0,0,12,12,6,4,3,0,0,0,1,8,7,1,0,13,0,6,3
58400743,0,,,91,48,43,7,5,2,84,43,41,45,25,20,83,43,40,83,43,40,39,18,21,24,8,16,12,2,10,1,0,1,0,0,0,31,31,5,11,5,5,3,0,2,26,17,9,2,23,0,4,6
58400744,0,,,33,17,16,1,1,0,32,16,16,16,6,10,30,16,14,30,16,14,16,10,6,7,3,4,1,0,1,0,0,0,0,0,0,12,12,4,2,2,2,1,1,0,8,5,3,1,12,0,4,1
58400745,0,,,39,23,16,2,2,0,37,21,16,21,15,6,37,21,16,36,20,16,16,6,10,7,2,5,2,0,2,0,0,0,0,0,0,11,11,2,2,1,2,2,2,0,9,3,6,1,8,0,0,0
58400746,2,58400736,,2,1,1,*,*,*,*,*,*,*,*,*,*,*,*,*,*,*,*,*,*,*,*,*,*,*,*,*,*,*,*,*,*,1,1,*,*,*,*,*,*,*,*,*,*,*,*,*,*,*
58400747,0,,,66,24,42,5,2,3,61,22,39,20,13,7,59,21,38,59,21,38,41,9,32,31,4,27,27,4,23,5,0,5,0,0,0,15,14,4,3,3,0,3,0,1,10,5,5,1,9,0,0,3
58400748,0,,,56,23,33,9,3,6,47,20,27,22,9,13,45,19,26,45,19,26,25,11,14,12,4,8,5,1,4,1,0,1,0,0,0,13,13,0,4,2,2,1,2,2,13,5,8,2,13,0,0,3
58400749,0,,,19,10,9,0,0,0,19,10,9,4,3,1,19,10,9,19,10,9,15,7,8,11,6,5,4,1,3,0,0,0,0,0,0,8,8,0,6,1,1,0,0,0,8,6,2,0,8,0,0,4
58400750,0,,,19,9,10,0,0,0,19,9,10,8,5,3,18,8,10,18,8,10,11,4,7,4,1,3,1,0,1,0,0,0,0,0,0,7,7,1,2,2,2,0,0,0,6,3,3,0,7,0,1,2
58400751,0,,,20,10,10,0,0,0,20,10,10,3,0,3,20,10,10,20,10,10,17,10,7,9,5,4,5,2,3,1,1,0,0,0,0,10,10,4,4,0,2,0,0,0,6,4,2,0,10,0,4,3
58400752,2,58400742,,2,0,2,*,*,*,*,*,*,*,*,*,*,*,*,*,*,*,*,*,*,*,*,*,*,*,*,*,*,*,*,*,*,2,2,*,*,*,*,*,*,*,*,*,*,*,*,*,*,*
58400753,0,,,20,12,8,1,1,0,19,11,8,14,9,5,19,11,8,18,10,8,5,2,3,5,2,3,0,0,0,0,0,0,0,0,0,5,5,0,1,1,1,1,1,0,5,1,4,1,4,0,0,0
58400754,0,,,20,10,10,2,0,2,18,10,8,7,4,3,18,10,8,18,10,8,11,6,5,6,3,3,4,2,2,0,0,0,0,0,0,9,9,5,1,2,0,0,0,1,4,2,2,0,8,0,4,0
58400755,0,,,29,13,16,3,1,2,26,12,14,10,6,4,24,11,13,24,11,13,16,6,10,9,2,7,3,0,3,1,0,1,0,0,0,12,12,6,3,1,0,0,0,2,6,4,2,1,11,0,5,3
58400756,0,,,26,12,14,3,1,2,23,11,12,13,8,5,23,11,12,23,11,12,10,3,7,7,2,5,3,0,3,0,0,0,3,0,3,10,10,3,2,3,0,2,0,0,7,4,3,0,7,0,2,0
58400757,0,,,123,34,89,1,1,0,122,33,89,25,9,16,121,32,89,119,32,87,97,24,73,83,15,68,66,11,55,11,0,11,0,0,0,13,12,3,2,1,1,3,2,0,9,2,7,0,11,0,3,0
58400758,0,,,45,24,21,2,1,1,43,23,20,22,13,9,42,23,19,41,22,19,21,10,11,5,2,3,2,1,1,0,0,0,0,0,0,18,18,6,5,2,3,1,1,0,12,8,4,1,15,0,4,3
58400759,0,,,45,18,27,1,0,1,44,18,26,19,12,7,44,18,26,44,18,26,25,6,19,13,3,10,7,1,6,0,0,0,0,0,0,20,20,3,12,3,1,1,0,0,17,14,3,0,18,0,2,2
58400760,0,,,16,7,9,2,1,1,14,6,8,8,3,5,12,6,6,12,6,6,6,3,3,5,3,2,3,1,2,0,0,0,0,0,0,7,7,3,1,1,2,0,0,0,4,2,2,1,5,0,3,0
58400761,2,58400762,,5,3,2,*,*,*,*,*,*,*,*,*,*,*,*,*,*,*,*,*,*,*,*,*,*,*,*,*,*,*,*,*,*,2,2,*,*,*,*,*,*,*,*,*,*,*,*,*,*,*
58400762,1,,58400761,4,2,2,0,0,0,9,5,4,5,3,2,9,5,4,8,4,4,4,2,2,1,0,1,1,0,1,0,0,0,0,0,0,2,2,0,3,1,0,0,0,0,4,4,0,0,3,0,0,2
58400764,2,58400774,,9,5,4,*,*,*,*,*,*,*,*,*,*,*,*,*,*,*,*,*,*,*,*,*,*,*,*,*,*,*,*,*,*,3,3,*,*,*,*,*,*,*,*,*,*,*,*,*,*,*
58400765,0,,,17,9,8,0,0,0,17,9,8,7,5,2,17,9,8,17,9,8,10,4,6,5,2,3,2,1,1,0,0,0,0,0,0,7,7,1,3,2,1,0,0,0,6,4,2,0,7,0,1,1
58400766,2,58400776,,9,6,3,*,*,*,*,*,*,*,*,*,*,*,*,*,*,*,*,*,*,*,*,*,*,*,*,*,*,*,*,*,*,3,3,*,*,*,*,*,*,*,*,*,*,*,*,*,*,*
58400767,0,,,21,9,12,1,0,1,20,9,11,10,5,5,18,9,9,18,9,9,10,4,6,5,2,3,4,2,2,0,0,0,0,0,0,6,6,0,1,3,1,0,1,0,6,2,4,0,6,0,0,0
58400768,0,,,48,24,24,7,4,3,41,20,21,25,14,11,41,20,21,40,19,21,16,6,10,11,4,7,4,1,3,0,0,0,0,0,0,14,14,2,2,6,1,1,1,1,12,8,4,1,11,0,2,0
58400769,0,,,29,14,15,2,1,1,27,13,14,13,8,5,27,13,14,27,13,14,14,5,9,5,0,5,2,0,2,0,0,0,0,0,0,11,11,5,1,2,2,0,0,1,6,2,4,0,11,0,5,1
58400770,0,,,22,10,12,2,0,2,20,10,10,9,5,4,20,10,10,19,10,9,11,5,6,5,2,3,3,1,2,0,0,0,0,0,0,7,7,2,2,0,1,1,0,1,5,2,3,1,6,0,1,2
58400771,0,,,14,7,7,0,0,0,14,7,7,7,3,4,14,7,7,14,7,7,7,4,3,3,1,2,1,0,1,0,0,0,0,0,0,7,7,2,4,0,1,0,0,0,5,4,1,0,4,0,1,1
58400772,2,58400773,,9,4,5,*,*,*,*,*,*,*,*,*,*,*,*,*,*,*,*,*,*,*,*,*,*,*,*,*,*,*,*,*,*,3,3,*,*,*,*,*,*,*,*,*,*,*,*,*,*,*
58400773,1,,58400772,57,29,28,4,3,1,62,30,32,35,20,15,62,30,32,61,29,32,27,10,17,15,5,10,9,3,6,0,0,0,0,0,0,19,19,5,4,4,6,2,0,1,17,7,10,1,17,0,1,3
58400774,1,,58400764,56,26,30,5,2,3,60,29,31,29,14,15,60,29,31,60,29,31,31,15,16,16,8,8,6,1,5,2,0,2,0,0,0,18,18,2,8,4,3,2,1,1,18,10,8,0,18,0,2,5
58400775,0,,,71,35,36,6,3,3,65,32,33,34,18,16,62,29,33,62,29,33,31,14,17,14,4,10,8,2,6,0,0,0,0,0,0,23,23,5,5,4,4,3,1,1,18,6,12,0,20,0,3,3
58400776,1,,58400766,258,126,132,35,21,14,232,111,121,132,69,63,224,105,119,219,104,115,100,42,58,46,20,26,18,8,10,1,0,1,1,0,1,89,89,17,34,14,6,14,4,3,75,51,24,8,64,0,9,18
58400777,0,,,161,78,83,15,7,8,146,71,75,69,36,33,143,71,72,139,69,70,77,35,42,40,18,22,11,4,7,1,1,0,1,0,1,53,53,12,15,10,5,4,4,3,41,20,21,4,50,0,12,9
58400778,0,,,219,113,106,19,12,7,198,99,99,98,52,46,194,98,96,190,94,96,100,47,53,46,17,29,26,7,19,1,0,1,0,0,0,77,77,14,22,20,11,6,2,2,63,36,27,7,59,0,5,11
58400779,0,,,103,54,49,17,9,8,86,45,41,50,28,22,85,44,41,85,44,41,36,17,19,17,6,11,3,1,2,0,0,0,1,0,1,35,35,13,6,3,3,6,2,2,22,11,11,4,27,1,9,4
58400780,0,,,13,4,9,1,0,1,12,4,8,3,1,2,12,4,8,12,4,8,9,3,6,3,0,3,2,0,2,0,0,0,0,0,0,5,5,1,3,0,0,0,1,0,4,3,1,0,5,0,1,2
58400781,0,,,61,34,27,4,3,1,57,31,26,31,18,13,57,31,26,57,31,26,26,13,13,14,6,8,4,2,2,1,0,1,0,0,0,21,21,5,7,2,2,2,3,0,16,8,8,0,16,0,3,3
58400782,1,,58400783,89,44,45,5,3,2,91,44,47,46,24,22,88,43,45,86,41,45,45,20,25,22,8,14,10,2,8,0,0,0,0,0,0,30,30,10,9,6,3,4,3,0,25,10,15,0,31,0,7,3
58400783,2,58400782,,7,3,4,*,*,*,*,*,*,*,*,*,*,*,*,*,*,*,*,*,*,*,*,*,*,*,*,*,*,*,*,*,*,5,5,*,*,*,*,*,*,*,*,*,*,*,*,*,*,*
58400784,0,,,128,67,61,8,5,3,120,62,58,59,31,28,120,62,58,117,59,58,61,31,30,34,17,17,14,5,9,0,0,0,1,0,1,43,43,7,16,9,3,2,3,3,36,21,15,1,37,0,4,9
58400785,0,,,235,111,124,23,11,12,212,100,112,120,59,61,204,96,108,198,93,105,92,41,51,46,18,28,24,8,16,1,1,0,2,0,2,78,77,14,25,18,10,2,7,1,62,48,14,3,49,0,8,9
58400786,0,,,1003,477,526,77,44,33,926,433,493,472,240,232,902,422,480,895,422,473,454,193,261,272,108,164,106,41,65,7,3,4,0,0,0,374,368,85,118,83,51,16,9,6,282,200,82,21,274,1,65,68
58400787,0,,,152,71,81,14,7,7,138,64,74,76,37,39,133,64,69,131,62,69,62,27,35,34,14,20,9,3,6,1,0,1,0,0,0,43,43,5,10,12,3,4,6,3,38,20,18,3,37,0,3,7
58400788,0,,,146,71,75,17,9,8,129,62,67,61,29,32,127,61,66,125,60,65,68,33,35,33,13,20,14,4,10,1,0,1,0,0,0,45,45,5,15,11,3,5,3,3,40,19,21,3,39,0,5,7
58400789,0,,,156,82,74,13,7,6,143,75,68,70,38,32,140,73,67,137,72,65,73,37,36,30,12,18,13,5,8,1,1,0,0,0,0,49,49,6,17,9,8,3,2,4,43,25,18,4,41,0,3,10
58400790,0,,,30,18,12,4,3,1,26,15,11,11,8,3,26,15,11,26,15,11,15,7,8,9,5,4,2,2,0,0,0,0,0,0,0,8,8,1,2,3,1,0,0,1,7,6,1,0,7,0,0,2
58400791,0,,,84,35,49,3,1,2,81,34,47,19,11,8,80,33,47,80,33,47,62,23,39,46,12,34,32,6,26,3,0,3,2,0,2,17,16,4,7,2,2,0,0,1,12,8,4,1,13,2,2,4
58400792,0,,,85,48,37,10,8,2,75,40,35,41,22,19,71,36,35,69,34,35,34,18,16,15,5,10,6,2,4,1,0,1,0,0,0,25,25,6,4,7,1,3,1,3,19,8,11,4,21,0,4,3
58400793,0,,,153,74,79,7,4,3,146,70,76,71,34,37,145,70,75,145,70,75,75,36,39,40,16,24,22,8,14,0,0,0,0,0,0,54,54,9,16,12,12,4,0,1,45,29,16,2,42,0,3,11
58400794,0,,,59,33,26,1,1,0,58,32,26,34,20,14,58,32,26,57,32,25,24,12,12,11,5,6,5,3,2,0,0,0,0,0,0,23,23,4,9,5,4,0,1,0,19,16,3,0,15,0,2,4
58400795,0,,,277,116,161,13,5,8,264,111,153,122,63,59,256,108,148,251,107,144,142,48,94,86,20,66,59,11,48,10,1,9,1,0,1,75,74,10,24,18,8,7,5,2,64,44,20,2,54,0,7,12
58400796,0,,,250,87,163,34,14,20,216,73,143,82,35,47,209,71,138,207,71,136,134,38,96,98,23,75,57,8,49,10,0,10,2,0,2,68,63,21,10,11,10,5,3,3,42,26,16,12,44,2,16,3
58400797,0,,,21,11,10,4,3,1,17,8,9,8,4,4,16,7,9,15,7,8,9,4,5,2,1,1,1,0,1,0,0,0,0,0,0,8,8,2,2,2,1,1,0,0,6,5,1,0,5,0,2,1
58400798,0,,,103,50,53,7,3,4,96,47,49,47,25,22,94,46,48,93,45,48,49,22,27,23,9,14,10,2,8,1,0,1,0,0,0,33,33,6,8,6,6,4,2,1,27,13,14,2,29,0,4,5
58400799,0,,,36,21,15,8,6,2,28,15,13,20,10,10,28,15,13,28,15,13,8,5,3,4,2,2,2,1,1,0,0,0,0,0,0,13,13,4,3,0,4,2,0,0,9,7,2,0,7,0,2,2
58401507,0,,,181,71,110,6,3,3,175,68,107,76,32,44,170,66,104,170,66,104,99,36,63,56,16,40,17,5,12,0,0,0,1,0,1,108,108,52,41,13,2,0,0,0,56,50,6,2,73,0,31,20
58401508,1,,58401509,23,15,8,2,1,1,21,13,8,15,10,5,21,13,8,21,13,8,6,3,3,6,3,3,3,2,1,0,0,0,2,2,0,16,16,13,3,0,0,0,1,0,4,3,1,0,5,2,3,1
58401509,2,58401508,,2,1,1,*,*,*,*,*,*,*,*,*,*,*,*,*,*,*,*,*,*,*,*,*,*,*,*,*,*,*,*,*,*,1,1,*,*,*,*,*,*,*,*,*,*,*,*,*,*,*
58401535,2,58401544,,2,1,1,*,*,*,*,*,*,*,*,*,*,*,*,*,*,*,*,*,*,*,*,*,*,*,*,*,*,*,*,*,*,1,1,*,*,*,*,*,*,*,*,*,*,*,*,*,*,*
58401536,2,58401545,,10,5,5,*,*,*,*,*,*,*,*,*,*,*,*,*,*,*,*,*,*,*,*,*,*,*,*,*,*,*,*,*,*,3,3,*,*,*,*,*,*,*,*,*,*,*,*,*,*,*
58401540,0,,,6,6,0,0,0,0,6,6,0,6,6,0,6,6,0,6,6,0,0,0,0,0,0,0,0,0,0,0,0,0,0,0,0,6,6,6,0,0,0,0,0,0,0,0,0,0,0,0,0,0
58401541,0,,,23,16,7,0,0,0,23,16,7,17,13,4,23,16,7,23,16,7,6,3,3,1,0,1,0,0,0,0,0,0,0,0,0,16,16,10,5,1,0,0,0,0,6,5,1,0,4,5,1,1
58401542,2,58401552,,5,3,2,*,*,*,*,*,*,*,*,*,*,*,*,*,*,*,*,*,*,*,*,*,*,*,*,*,*,*,*,*,*,2,2,*,*,*,*,*,*,*,*,*,*,*,*,*,*,*
58401544,1,,58401535,40,22,18,0,0,0,42,23,19,17,11,6,41,22,19,40,22,18,25,12,13,12,5,7,4,3,1,0,0,0,0,0,0,16,16,5,7,2,1,0,1,1,12,9,3,0,14,0,4,5
58401545,1,,58401536,6,3,3,3,2,1,13,6,7,4,2,2,13,6,7,13,6,7,9,4,5,4,2,2,0,0,0,0,0,0,0,0,0,4,4,2,3,1,0,1,0,0,5,5,0,1,6,0,2,2
58401551,0,,,9,4,5,0,0,0,9,4,5,3,1,2,9,4,5,9,4,5,6,3,3,4,1,3,3,1,2,0,0,0,0,0,0,4,4,1,1,2,0,0,0,0,3,2,1,0,4,0,1,1
58401552,1,,58401542,89,43,46,5,3,2,89,43,46,33,19,14,88,43,45,88,43,45,56,24,32,33,15,18,10,6,4,3,1,2,1,0,1,36,36,7,18,7,2,2,2,0,31,24,7,0,35,0,6,11
58401553,0,,,11,5,6,0,0,0,11,5,6,3,2,1,11,5,6,11,5,6,8,3,5,5,2,3,1,1,0,0,0,0,0,0,0,8,8,5,3,0,0,0,0,0,3,3,0,0,6,0,3,2
58401560,0,,,31,16,15,0,0,0,31,16,15,11,6,5,31,16,15,31,16,15,20,10,10,10,3,7,4,1,3,0,0,0,0,0,0,14,14,3,6,4,1,0,0,0,11,8,3,0,13,0,2,3
58401561,0,,,184,80,104,11,5,6,173,75,98,81,34,47,167,74,93,165,73,92,92,41,51,50,18,32,25,10,15,2,0,2,0,0,0,68,68,16,21,12,11,3,4,1,52,27,25,2,55,0,10,9
58401562,0,,,70,37,33,0,0,0,70,37,33,27,16,11,69,36,33,68,36,32,43,21,22,24,13,11,10,5,5,1,1,0,0,0,0,34,34,10,16,5,2,1,0,0,24,19,5,0,26,0,7,9
58401563,0,,,24,10,14,3,1,2,21,9,12,10,3,7,19,9,10,19,9,10,11,6,5,9,5,4,3,2,1,0,0,0,0,0,0,8,8,2,1,3,1,0,0,1,6,4,2,1,7,0,2,1
58401570,0,,,15,5,10,0,0,0,15,5,10,9,4,5,15,5,10,15,5,10,6,1,5,3,0,3,1,0,1,1,0,1,0,0,0,7,7,2,3,1,1,0,0,0,5,3,2,0,5,0,1,0
58401571,0,,,84,41,43,2,1,1,82,40,42,44,25,19,82,40,42,82,40,42,38,15,23,25,10,15,11,4,7,1,0,1,0,0,0,31,31,5,10,10,4,1,0,1,26,14,12,0,25,0,3,5
58401572,0,,,20,10,10,1,1,0,19,9,10,9,4,5,19,9,10,19,9,10,10,5,5,5,2,3,3,1,2,0,0,0,0,0,0,7,7,1,3,1,1,0,1,0,6,5,1,0,5,0,0,2
58401581,1,,58401590;58401591,38,19,19,2,0,2,44,24,20,20,12,8,44,24,20,44,24,20,24,12,12,16,7,9,6,4,2,0,0,0,1,0,1,15,15,3,6,7,1,0,1,0,14,10,4,0,14,0,2,3
58401590,2,58401581,,3,2,1,*,*,*,*,*,*,*,*,*,*,*,*,*,*,*,*,*,*,*,*,*,*,*,*,*,*,*,*,*,*,1,1,*,*,*,*,*,*,*,*,*,*,*,*,*,*,*
58401591,2,58401581,,5,3,2,*,*,*,*,*,*,*,*,*,*,*,*,*,*,*,*,*,*,*,*,*,*,*,*,*,*,*,*,*,*,2,2,*,*,*,*,*,*,*,*,*,*,*,*,*,*,*
58401601,0,,,9,4,5,0,0,0,9,4,5,4,3,1,9,4,5,9,4,5,5,1,4,2,0,2,2,0,2,0,0,0,0,0,0,4,4,1,2,0,1,0,0,0,3,2,1,0,4,0,1,1
58401603,1,,58401613,10,6,4,0,0,0,17,9,8,11,6,5,17,9,8,17,9,8,6,3,3,4,1,3,3,1,2,1,1,0,0,0,0,6,6,3,2,2,1,0,0,0,5,4,1,0,5,0,1,1
58401604,1,,58401623,38,17,21,6,3,3,35,16,19,22,10,12,34,15,19,33,14,19,13,6,7,4,1,3,2,1,1,0,0,0,0,0,0,13,13,5,2,3,2,0,0,2,9,5,4,2,11,0,4,0
58401607,2,58401609,,7,3,4,*,*,*,*,*,*,*,*,*,*,*,*,*,*,*,*,*,*,*,*,*,*,*,*,*,*,*,*,*,*,3,3,*,*,*,*,*,*,*,*,*,*,*,*,*,*,*
58401609,1,,58401607,49,26,23,6,4,2,50,25,25,29,13,16,48,23,25,48,23,25,21,12,9,8,4,4,4,1,3,1,0,1,1,0,1,13,13,2,4,2,4,2,1,1,14,4,10,0,14,0,2,2
58401613,2,58401603,,7,3,4,*,*,*,*,*,*,*,*,*,*,*,*,*,*,*,*,*,*,*,*,*,*,*,*,*,*,*,*,*,*,2,2,*,*,*,*,*,*,*,*,*,*,*,*,*,*,*
58401618,0,,,69,34,35,3,2,1,66,32,34,30,17,13,64,30,34,63,30,33,36,15,21,20,8,12,9,3,6,1,1,0,0,0,0,24,24,5,8,4,3,2,0,2,19,11,8,0,21,0,3,5
58401619,0,,,65,27,38,3,1,2,62,26,36,25,12,13,60,25,35,60,25,35,37,14,23,25,7,18,9,3,6,0,0,0,0,0,0,28,28,7,13,2,5,0,1,0,21,15,6,1,25,0,6,9
58401623,2,58401604,,3,2,1,*,*,*,*,*,*,*,*,*,*,*,*,*,*,*,*,*,*,*,*,*,*,*,*,*,*,*,*,*,*,1,1,*,*,*,*,*,*,*,*,*,*,*,*,*,*,*
58401624,1,,58401632,26,14,12,3,2,1,25,13,12,12,7,5,25,13,12,24,12,12,13,6,7,8,3,5,4,0,4,0,0,0,0,0,0,9,9,2,2,4,0,2,0,0,8,3,5,0,8,0,2,1
58401625,1,,58401635,15,8,7,0,0,0,17,9,8,8,4,4,17,9,8,17,9,8,9,5,4,5,2,3,2,1,1,0,0,0,0,0,0,5,5,1,2,2,0,0,1,0,5,2,3,0,6,0,1,1
58401626,2,58401627,,9,3,6,*,*,*,*,*,*,*,*,*,*,*,*,*,*,*,*,*,*,*,*,*,*,*,*,*,*,*,*,*,*,5,5,*,*,*,*,*,*,*,*,*,*,*,*,*,*,*
58401627,1,,58401626,24,11,13,2,0,2,31,14,17,15,7,8,31,14,17,31,14,17,16,7,9,6,1,5,5,1,4,0,0,0,1,0,1,8,8,2,5,4,1,1,0,0,11,6,5,0,12,0,2,1
58401628,0,,,22,10,12,0,0,0,22,10,12,4,2,2,22,10,12,22,10,12,18,8,10,12,5,7,4,2,2,0,0,0,0,0,0,10,10,2,4,4,0,0,0,0,8,7,1,0,10,0,2,4
58401629,1,,58401638;58401639,45,22,23,6,4,2,54,26,28,28,14,14,54,26,28,53,25,28,26,12,14,15,5,10,6,1,5,1,0,1,2,0,2,18,18,7,4,6,3,3,0,0,16,9,7,1,17,0,5,1
58401632,2,58401624,,2,1,1,*,*,*,*,*,*,*,*,*,*,*,*,*,*,*,*,*,*,*,*,*,*,*,*,*,*,*,*,*,*,1,1,*,*,*,*,*,*,*,*,*,*,*,*,*,*,*
58401635,2,58401625,,2,1,1,*,*,*,*,*,*,*,*,*,*,*,*,*,*,*,*,*,*,*,*,*,*,*,*,*,*,*,*,*,*,1,1,*,*,*,*,*,*,*,*,*,*,*,*,*,*,*
58401636,2,58401646,,9,6,3,*,*,*,*,*,*,*,*,*,*,*,*,*,*,*,*,*,*,*,*,*,*,*,*,*,*,*,*,*,*,5,5,*,*,*,*,*,*,*,*,*,*,*,*,*,*,*
58401638,2,58401629,,6,5,1,*,*,*,*,*,*,*,*,*,*,*,*,*,*,*,*,*,*,*,*,*,*,*,*,*,*,*,*,*,*,2,2,*,*,*,*,*,*,*,*,*,*,*,*,*,*,*
58401639,2,58401629,,9,3,6,*,*,*,*,*,*,*,*,*,*,*,*,*,*,*,*,*,*,*,*,*,*,*,*,*,*,*,*,*,*,3,3,*,*,*,*,*,*,*,*,*,*,*,*,*,*,*
58401643,2,58401654,,7,4,3,*,*,*,*,*,*,*,*,*,*,*,*,*,*,*,*,*,*,*,*,*,*,*,*,*,*,*,*,*,*,2,2,*,*,*,*,*,*,*,*,*,*,*,*,*,*,*
58401644,2,58401654,,3,1,2,*,*,*,*,*,*,*,*,*,*,*,*,*,*,*,*,*,*,*,*,*,*,*,*,*,*,*,*,*,*,1,1,*,*,*,*,*,*,*,*,*,*,*,*,*,*,*
58401645,0,,,12,8,4,2,2,0,10,6,4,4,2,2,10,6,4,10,6,4,6,4,2,0,0,0,0,0,0,0,0,0,0,0,0,4,4,1,1,1,0,0,1,0,3,2,1,1,4,0,1,1
58401646,1,,58401636,15,6,9,1,0,1,23,12,11,12,6,6,21,12,9,20,11,9,11,6,5,4,2,2,2,1,1,0,0,0,1,0,1,4,4,3,3,0,2,0,0,1,6,3,3,0,9,0,3,0
58401647,0,,,48,25,23,0,0,0,48,25,23,21,13,8,48,25,23,48,25,23,27,12,15,15,7,8,8,4,4,0,0,0,0,0,0,23,23,9,8,2,3,1,0,0,14,7,7,0,16,1,3,5
58401648,0,,,17,8,9,0,0,0,17,8,9,5,3,2,17,8,9,17,8,9,12,5,7,10,3,7,3,1,2,0,0,0,0,0,0,9,9,4,3,1,1,0,0,0,5,4,1,0,8,0,4,2
58401653,2,58401654,,4,3,1,*,*,*,*,*,*,*,*,*,*,*,*,*,*,*,*,*,*,*,*,*,*,*,*,*,*,*,*,*,*,2,2,*,*,*,*,*,*,*,*,*,*,*,*,*,*,*
58401654,1,,58401643;58401644;58401653,27,12,15,2,1,1,39,19,20,19,9,10,39,19,20,39,19,20,20,10,10,9,3,6,6,2,4,1,0,1,0,0,0,9,9,3,3,4,2,1,0,1,10,5,5,1,13,0,3,1
58401655,2,58401656,,4,3,1,*,*,*,*,*,*,*,*,*,*,*,*,*,*,*,*,*,*,*,*,*,*,*,*,*,*,*,*,*,*,1,1,*,*,*,*,*,*,*,*,*,*,*,*,*,*,*
58401656,1,,58401655,76,31,45,4,0,4,76,34,42,30,11,19,75,34,41,74,34,40,46,23,23,25,12,13,9,4,5,1,1,0,0,0,0,32,32,13,6,7,3,2,2,0,20,11,9,2,30,0,11,4
58401657,0,,,127,59,68,7,0,7,120,59,61,42,25,17,119,59,60,119,59,60,78,34,44,57,20,37,34,9,25,7,1,6,0,0,0,48,47,21,15,4,3,0,3,1,26,17,9,1,33,2,9,12
58401658,0,,,66,32,34,3,3,0,63,29,34,28,14,14,63,29,34,61,29,32,35,15,20,12,4,8,5,0,5,1,0,1,1,0,1,33,33,13,11,6,2,1,0,0,20,15,5,0,22,0,7,5
58401664,2,58401673,,5,2,3,*,*,*,*,*,*,*,*,*,*,*,*,*,*,*,*,*,*,*,*,*,*,*,*,*,*,*,*,*,*,3,3,*,*,*,*,*,*,*,*,*,*,*,*,*,*,*
58401666,0,,,18,9,9,1,1,0,17,8,9,8,5,3,17,8,9,17,8,9,9,3,6,6,3,3,4,1,3,0,0,0,1,0,1,6,6,1,2,1,1,0,1,0,5,2,3,1,5,0,0,1
58401667,1,,58401677;58401678;58401679,31,13,18,2,1,1,40,17,23,12,5,7,39,17,22,39,17,22,28,12,16,13,3,10,5,0,5,2,0,2,0,0,0,12,12,8,5,5,1,1,0,0,12,7,5,0,19,0,8,3
58401673,1,,58401664,11,6,5,0,0,0,16,8,8,4,2,2,16,8,8,16,8,8,12,6,6,8,4,4,3,1,2,0,0,0,0,0,0,5,5,1,6,1,0,0,0,0,7,6,1,0,7,0,1,4
58401674,2,58401675,,8,4,4,*,*,*,*,*,*,*,*,*,*,*,*,*,*,*,*,*,*,*,*,*,*,*,*,*,*,*,*,*,*,3,3,*,*,*,*,*,*,*,*,*,*,*,*,*,*,*
58401675,1,,58401674,1,1,0,0,0,0,9,5,4,6,2,4,9,5,4,9,5,4,3,3,0,1,1,0,1,1,0,0,0,0,0,0,0,1,1,1,1,2,0,0,0,0,3,2,1,0,3,0,1,0
58401677,2,58401667,,9,3,6,*,*,*,*,*,*,*,*,*,*,*,*,*,*,*,*,*,*,*,*,*,*,*,*,*,*,*,*,*,*,6,6,*,*,*,*,*,*,*,*,*,*,*,*,*,*,*
58401678,2,58401667,,1,1,0,*,*,*,*,*,*,*,*,*,*,*,*,*,*,*,*,*,*,*,*,*,*,*,*,*,*,*,*,*,*,1,1,*,*,*,*,*,*,*,*,*,*,*,*,*,*,*
58401679,2,58401667,,1,1,0,*,*,*,*,*,*,*,*,*,*,*,*,*,*,*,*,*,*,*,*,*,*,*,*,*,*,*,*,*,*,1,1,*,*,*,*,*,*,*,*,*,*,*,*,*,*,*
58401683,1,,58401693,10,5,5,0,0,0,12,7,5,2,0,2,12,7,5,12,7,5,10,7,3,2,2,0,1,1,0,0,0,0,0,0,0,5,5,3,3,1,0,0,0,0,4,4,0,0,7,0,3,3
58401684,0,,,37,19,18,2,1,1,35,18,17,11,7,4,33,16,17,32,16,16,24,11,13,18,7,11,10,5,5,0,0,0,0,0,0,16,16,4,9,0,2,0,0,1,12,9,3,0,15,0,4,7
58401693,2,58401683,,2,2,0,*,*,*,*,*,*,*,*,*,*,*,*,*,*,*,*,*,*,*,*,*,*,*,*,*,*,*,*,*,*,2,2,*,*,*,*,*,*,*,*,*,*,*,*,*,*,*
58401700,0,,,59,31,28,4,2,2,55,29,26,28,16,12,55,29,26,55,29,26,27,13,14,12,4,8,8,3,5,0,0,0,0,0,0,21,21,3,9,4,3,0,0,2,18,9,9,1,17,0,2,5
58401701,0,,,55,27,28,6,1,5,49,26,23,24,13,11,48,25,23,47,25,22,25,13,12,9,5,4,2,1,1,0,0,0,0,0,0,17,17,1,7,4,1,2,0,2,16,8,8,1,15,0,0,6
58401702,0,,,130,67,63,14,10,4,116,57,59,61,31,30,112,57,55,112,57,55,55,26,29,23,9,14,10,5,5,0,0,0,0,0,0,45,45,8,16,8,5,4,2,2,37,24,13,2,33,0,5,7
58401703,0,,,174,93,81,20,12,8,154,81,73,80,46,34,151,79,72,150,78,72,74,35,39,35,14,21,16,6,10,1,0,1,2,0,2,64,64,13,22,17,4,4,1,3,51,36,15,6,45,0,10,8
58401704,0,,,175,79,96,17,8,9,158,71,87,66,31,35,154,69,85,152,68,84,92,40,52,44,19,25,17,5,12,2,1,1,0,0,0,62,62,17,21,9,5,1,3,6,45,28,17,5,57,0,16,15
58401705,0,,,128,60,68,9,4,5,119,56,63,64,35,29,116,55,61,116,55,61,55,21,34,31,9,22,16,5,11,0,0,0,3,0,3,46,46,13,10,12,4,3,2,2,33,14,19,1,35,2,6,7
58401706,0,,,82,38,44,5,2,3,77,36,41,33,19,14,76,36,40,75,35,40,44,17,27,24,6,18,14,3,11,1,0,1,2,0,2,30,30,8,7,5,6,3,1,0,22,11,11,0,26,1,6,4
58401707,0,,,51,27,24,3,2,1,48,25,23,18,9,9,47,24,23,47,24,23,30,16,14,13,3,10,10,2,8,1,0,1,0,0,0,17,17,3,5,4,2,1,1,1,14,7,7,0,16,0,2,3
58401708,0,,,53,28,25,6,4,2,47,24,23,32,18,14,44,23,21,40,20,20,15,6,9,8,3,5,2,0,2,0,0,0,0,0,0,13,13,2,3,0,1,3,2,2,11,4,7,0,10,0,1,2
58401709,2,58401718,,5,3,2,*,*,*,*,*,*,*,*,*,*,*,*,*,*,*,*,*,*,*,*,*,*,*,*,*,*,*,*,*,*,3,3,*,*,*,*,*,*,*,*,*,*,*,*,*,*,*
58401710,0,,,11,6,5,2,1,1,9,5,4,3,1,2,9,5,4,9,5,4,6,4,2,2,1,1,0,0,0,0,0,0,0,0,0,4,4,1,2,0,0,0,1,0,3,2,1,0,4,0,1,1
58401711,0,,,379,182,197,22,9,13,357,173,184,156,87,69,350,168,182,347,166,181,201,86,115,122,48,74,47,19,28,3,0,3,0,0,0,153,153,41,55,33,7,7,6,4,112,81,31,6,127,0,28,32
58401712,0,,,92,46,46,3,1,2,89,45,44,44,26,18,88,45,43,87,44,43,45,19,26,23,6,17,12,1,11,3,0,3,0,0,0,35,35,9,7,12,4,2,0,1,26,16,10,0,26,0,5,2
58401713,0,,,126,62,64,8,4,4,118,58,60,59,32,27,116,56,60,113,54,59,59,26,33,32,12,20,11,4,7,0,0,0,0,0,0,44,44,10,11,9,5,7,2,0,33,16,17,4,39,0,8,8
58401715,0,,,44,24,20,6,5,1,38,19,19,19,10,9,36,17,19,35,16,19,19,9,10,10,5,5,3,2,1,0,0,0,0,0,0,10,10,0,4,0,0,3,1,2,10,4,6,2,10,0,0,4
58401716,0,,,64,32,32,2,1,1,62,31,31,27,14,13,62,31,31,61,31,30,35,17,18,11,3,8,7,1,6,2,0,2,4,0,4,26,26,12,3,4,3,3,0,1,14,6,8,0,19,4,6,2
58401717,0,,,81,34,47,7,3,4,74,31,43,42,17,25,71,30,41,71,30,41,32,14,18,21,7,14,8,4,4,0,0,0,0,0,0,23,23,2,6,7,2,2,1,3,21,11,10,2,22,0,2,3
58401718,1,,58401709,136,65,71,13,7,6,128,61,67,66,31,35,126,60,66,125,60,65,62,30,32,28,10,18,13,3,10,0,0,0,3,0,3,46,46,8,16,13,5,2,3,2,41,27,14,5,39,2,5,9
58401719,0,,,17,11,6,2,1,1,15,10,5,8,5,3,15,10,5,14,9,5,7,5,2,3,2,1,1,1,0,0,0,0,0,0,0,4,4,0,2,0,0,0,1,1,4,2,2,0,4,0,0,1
58401720,1,,58401730;58401731;58401741,183,80,103,22,11,11,175,76,99,86,36,50,172,75,97,171,74,97,89,40,49,43,15,28,22,6,16,1,0,1,1,0,1,67,67,19,21,12,8,5,2,4,52,31,21,3,56,0,11,11
58401721,0,,,103,51,52,8,5,3,95,46,49,51,26,25,91,45,46,90,44,46,44,20,24,25,11,14,12,4,8,2,0,2,0,0,0,31,31,4,7,3,12,2,3,0,26,13,13,1,27,0,4,3
58401722,0,,,55,30,25,1,0,1,54,30,24,31,17,14,52,29,23,49,27,22,23,13,10,14,7,7,5,5,0,1,1,0,0,0,0,18,18,3,5,4,3,1,1,1,15,10,5,1,15,0,2,3
58401723,0,,,47,25,22,3,3,0,44,22,22,22,13,9,42,21,21,42,21,21,22,9,13,12,4,8,8,2,6,2,0,2,0,0,0,14,14,2,4,1,2,4,1,0,12,6,6,0,12,0,1,2
58401724,0,,,34,18,16,3,2,1,31,16,15,15,9,6,31,16,15,31,16,15,16,7,9,8,2,6,6,1,5,0,0,0,0,0,0,13,13,5,2,3,0,2,1,0,8,2,6,1,11,0,3,0
58401725,0,,,45,23,22,4,1,3,41,22,19,22,14,8,41,22,19,40,21,19,19,8,11,11,4,7,4,1,3,0,0,0,0,0,0,13,13,3,3,2,1,0,3,1,9,3,6,1,12,0,3,1
58401726,0,,,29,17,12,2,1,1,27,16,11,15,10,5,26,15,11,26,15,11,12,6,6,7,4,3,1,0,1,0,0,0,0,0,0,9,9,0,4,1,3,0,1,0,9,5,4,1,8,0,0,1
58401727,0,,,40,20,20,8,3,5,32,17,15,21,10,11,30,16,14,30,16,14,11,7,4,9,5,4,3,3,0,1,1,0,0,0,0,11,11,1,3,0,3,3,1,0,10,5,5,2,7,0,1,1
58401728,1,,58401737,83,42,41,7,4,3,77,39,38,46,24,22,75,38,37,75,38,37,31,15,16,15,6,9,2,2,0,1,1,0,0,0,0,24,24,2,5,7,6,3,2,0,23,10,13,2,20,0,2,3
58401729,0,,,163,78,85,13,3,10,150,75,75,68,36,32,149,75,74,147,74,73,82,39,43,47,20,27,32,14,18,6,5,1,0,0,0,46,45,6,14,10,5,3,4,3,39,22,17,4,37,0,4,7
58401730,2,58401720,,6,3,3,*,*,*,*,*,*,*,*,*,*,*,*,*,*,*,*,*,*,*,*,*,*,*,*,*,*,*,*,*,*,2,2,*,*,*,*,*,*,*,*,*,*,*,*,*,*,*
58401731,2,58401720,,3,2,1,*,*,*,*,*,*,*,*,*,*,*,*,*,*,*,*,*,*,*,*,*,*,*,*,*,*,*,*,*,*,1,1,*,*,*,*,*,*,*,*,*,*,*,*,*,*,*
58401733,0,,,12,7,5,0,0,0,12,7,5,5,4,1,12,7,5,12,7,5,7,3,4,5,2,3,2,1,1,0,0,0,0,0,0,4,4,0,2,0,2,0,0,0,4,3,1,0,4,0,0,1
58401735,0,,,30,16,14,4,3,1,26,13,13,15,7,8,26,13,13,25,12,13,11,6,5,4,2,2,4,2,2,0,0,0,0,0,0,6,6,0,1,0,2,1,0,2,6,2,4,2,5,0,0,1
58401736,0,,,50,21,29,6,2,4,44,19,25,28,12,16,42,18,24,42,18,24,16,7,9,6,3,3,4,2,2,0,0,0,0,0,0,14,14,1,2,5,2,3,0,1,13,5,8,3,10,0,0,2
58401737,2,58401728,,1,1,0,*,*,*,*,*,*,*,*,*,*,*,*,*,*,*,*,*,*,*,*,*,*,*,*,*,*,*,*,*,*,1,1,*,*,*,*,*,*,*,*,*,*,*,*,*,*,*
58401738,0,,,21,11,10,2,2,0,19,9,10,8,4,4,18,8,10,18,8,10,11,5,6,4,1,3,3,1,2,0,0,0,1,0,1,7,7,1,3,1,1,0,0,1,6,4,2,0,7,0,1,2
58401739,0,,,62,32,30,2,1,1,60,31,29,27,17,10,59,30,29,59,30,29,33,14,19,16,6,10,6,3,3,0,0,0,1,0,1,25,25,3,13,3,6,0,0,0,22,15,7,1,20,0,2,6
58401740,2,58401761,,4,1,3,*,*,*,*,*,*,*,*,*,*,*,*,*,*,*,*,*,*,*,*,*,*,*,*,*,*,*,*,*,*,1,1,*,*,*,*,*,*,*,*,*,*,*,*,*,*,*
58401741,2,58401720,,5,2,3,*,*,*,*,*,*,*,*,*,*,*,*,*,*,*,*,*,*,*,*,*,*,*,*,*,*,*,*,*,*,1,1,*,*,*,*,*,*,*,*,*,*,*,*,*,*,*
58401742,0,,,12,5,7,0,0,0,12,5,7,3,1,2,12,5,7,12,5,7,9,4,5,3,1,2,2,0,2,1,0,1,0,0,0,4,4,1,0,2,0,1,0,0,3,1,2,0,4,0,1,0
58401743,0,,,17,11,6,1,1,0,16,10,6,9,6,3,15,9,6,15,9,6,7,4,3,3,2,1,3,2,1,1,0,1,0,0,0,5,5,0,2,1,1,0,1,0,5,1,4,0,5,0,0,1
58401744,0,,,27,16,11,3,2,1,24,14,10,13,7,6,23,13,10,23,13,10,11,7,4,10,6,4,3,2,1,0,0,0,0,0,0,10,10,4,2,1,1,1,0,1,6,2,4,0,9,0,3,2
58401745,0,,,45,20,25,2,0,2,43,20,23,22,10,12,42,19,23,42,19,23,21,10,11,11,4,7,4,2,2,1,0,1,0,0,0,16,16,2,5,3,6,0,0,0,12,8,4,1,13,0,1,3
58401746,1,,58401755;58401756,73,41,32,5,1,4,74,44,30,34,24,10,72,43,29,72,43,29,40,20,20,16,8,8,5,4,1,1,1,0,1,0,1,23,23,5,5,9,5,1,2,0,22,10,12,1,25,0,4,4
58401747,0,,,53,26,27,6,4,2,47,22,25,24,11,13,45,21,24,45,21,24,23,11,12,12,6,6,2,0,2,0,0,0,0,0,0,17,17,2,6,3,3,2,0,1,15,8,7,1,16,0,1,3
58401748,0,,,79,42,37,7,5,2,72,37,35,45,24,21,69,34,35,69,34,35,27,13,14,17,7,10,4,1,3,0,0,0,1,0,1,21,21,2,6,3,2,4,3,1,19,9,10,2,17,0,1,5
58401749,0,,,60,25,35,4,1,3,56,24,32,33,15,18,55,24,31,55,24,31,23,9,14,12,3,9,8,2,6,0,0,0,0,0,0,18,18,0,7,3,5,1,2,0,18,11,7,0,15,0,0,3
58401750,2,58401761,,3,2,1,*,*,*,*,*,*,*,*,*,*,*,*,*,*,*,*,*,*,*,*,*,*,*,*,*,*,*,*,*,*,3,3,*,*,*,*,*,*,*,*,*,*,*,*,*,*,*
58401751,0,,,14,7,7,0,0,0,14,7,7,4,2,2,14,7,7,14,7,7,10,5,5,4,1,3,3,1,2,1,0,1,0,0,0,6,6,0,4,2,0,0,0,0,6,5,1,0,6,0,0,3
58401752,2,58401762,,4,2,2,*,*,*,*,*,*,*,*,*,*,*,*,*,*,*,*,*,*,*,*,*,*,*,*,*,*,*,*,*,*,1,1,*,*,*,*,*,*,*,*,*,*,*,*,*,*,*
58401755,2,58401746,,3,1,2,*,*,*,*,*,*,*,*,*,*,*,*,*,*,*,*,*,*,*,*,*,*,*,*,*,*,*,*,*,*,1,1,*,*,*,*,*,*,*,*,*,*,*,*,*,*,*
58401756,2,58401746,,3,3,0,*,*,*,*,*,*,*,*,*,*,*,*,*,*,*,*,*,*,*,*,*,*,*,*,*,*,*,*,*,*,3,3,*,*,*,*,*,*,*,*,*,*,*,*,*,*,*
58401757,0,,,45,25,20,3,2,1,42,23,19,22,13,9,40,22,18,38,21,17,20,10,10,11,4,7,6,1,5,1,0,1,0,0,0,15,15,4,4,2,1,2,1,1,11,6,5,0,13,0,3,2
58401758,0,,,63,32,31,8,5,3,55,27,28,23,11,12,53,26,27,53,26,27,32,16,16,14,6,8,6,3,3,0,0,0,0,0,0,20,20,2,9,2,2,2,2,1,18,12,6,1,18,0,2,5
58401759,0,,,120,59,61,14,9,5,106,50,56,61,30,31,103,49,54,100,46,54,45,20,25,23,9,14,11,3,8,0,0,0,0,0,0,35,35,8,5,7,5,2,5,3,27,8,19,3,31,0,8,2
58401761,1,,58401740;58401750,11,5,6,1,0,1,17,8,9,6,2,4,17,8,9,17,8,9,11,6,5,9,4,5,2,1,1,0,0,0,0,0,0,6,6,5,3,1,1,0,0,0,5,5,0,0,9,0,5,2
58401762,1,,58401752,224,111,113,4,2,2,224,111,113,110,62,48,218,108,110,215,107,108,114,49,65,77,33,44,25,15,10,1,1,0,0,0,0,106,106,38,33,23,11,1,1,0,69,53,16,1,80,0,27,14
58401763,0,,,77,37,40,7,4,3,70,33,37,28,15,13,68,32,36,68,32,36,42,18,24,22,8,14,8,2,6,2,0,2,0,0,0,32,32,9,14,4,2,1,0,2,23,19,4,1,27,0,7,6
58401764,0,,,154,67,87,16,8,8,138,59,79,68,31,37,137,58,79,136,57,79,70,28,42,42,13,29,18,4,14,0,0,0,1,0,1,61,61,16,17,17,5,4,1,1,45,32,13,5,49,0,16,8
58401765,0,,,227,112,115,8,5,3,219,107,112,96,53,43,217,106,111,215,106,109,123,54,69,75,32,43,22,6,16,1,0,1,0,0,0,92,92,23,30,23,10,3,2,1,69,45,24,1,76,1,17,16
58401766,0,,,150,67,83,11,6,5,139,61,78,71,31,40,137,59,78,137,59,78,68,30,38,39,15,24,20,7,13,2,0,2,0,0,0,44,44,5,6,14,9,5,5,0,39,17,22,2,39,0,3,5
58401767,0,,,142,63,79,15,5,10,127,58,69,81,35,46,122,57,65,120,57,63,46,23,23,21,10,11,8,4,4,0,0,0,1,0,1,40,40,2,13,7,6,6,3,3,38,18,20,2,29,0,2,7
58401768,0,,,32,17,15,1,1,0,31,16,15,17,10,7,29,15,14,29,15,14,14,6,8,10,4,6,5,2,3,0,0,0,0,0,0,10,10,2,3,1,1,2,0,1,8,5,3,0,9,0,2,1
58401769,0,,,89,47,42,10,5,5,79,42,37,44,26,18,77,40,37,77,40,37,35,16,19,18,7,11,9,4,5,0,0,0,0,0,0,23,23,2,4,6,4,2,2,3,21,11,10,3,19,0,1,3
58401772,2,58401782,,6,4,2,*,*,*,*,*,*,*,*,*,*,*,*,*,*,*,*,*,*,*,*,*,*,*,*,*,*,*,*,*,*,2,2,*,*,*,*,*,*,*,*,*,*,*,*,*,*,*
58401773,0,,,29,15,14,2,0,2,27,15,12,19,12,7,25,15,10,24,15,9,8,3,5,4,1,3,3,1,2,1,1,0,0,0,0,6,6,0,1,0,2,1,0,2,6,2,4,0,4,0,0,1
58401774,0,,,56,24,32,4,3,1,52,21,31,24,9,15,51,21,30,51,21,30,28,12,16,13,5,8,4,1,3,0,0,0,0,0,0,23,23,8,5,5,4,0,0,1,15,9,6,2,21,0,8,4
58401775,0,,,358,153,205,22,11,11,336,142,194,129,61,68,327,136,191,324,134,190,207,81,126,137,49,88,87,26,61,15,4,11,1,0,1,108,104,21,37,19,18,1,5,3,83,55,28,3,82,0,15,13
58401776,0,,,54,25,29,3,1,2,51,24,27,20,8,12,48,24,24,47,24,23,31,16,15,12,6,6,4,1,3,0,0,0,0,0,0,19,19,3,7,5,2,0,1,1,16,9,7,1,18,0,3,5
58401777,0,,,109,56,53,15,7,8,94,49,45,62,34,28,92,48,44,89,46,43,32,15,17,17,6,11,9,2,7,0,0,0,0,0,0,30,30,4,4,10,3,3,2,4,26,15,11,3,19,0,3,1
58401778,0,,,429,206,223,48,20,28,381,186,195,212,115,97,368,180,188,361,177,184,169,71,98,89,34,55,32,7,25,0,0,0,1,0,1,141,141,16,46,33,23,13,7,3,125,75,50,9,105,0,10,22
58401779,0,,,313,148,165,30,14,16,283,134,149,131,70,61,276,130,146,272,129,143,152,64,88,101,37,64,50,20,30,8,3,5,3,0,3,99,96,14,40,16,14,6,4,2,82,61,21,6,71,0,6,21
58401781,2,58401782,,6,3,3,*,*,*,*,*,*,*,*,*,*,*,*,*,*,*,*,*,*,*,*,*,*,*,*,*,*,*,*,*,*,3,3,*,*,*,*,*,*,*,*,*,*,*,*,*,*,*
58401782,1,,58401772;58401781,15,7,8,0,0,0,27,14,13,8,5,3,27,14,13,27,14,13,19,9,10,10,4,6,3,1,2,0,0,0,0,0,0,6,6,1,6,2,2,0,0,0,10,8,2,0,11,0,1,6
58401783,0,,,60,32,28,9,7,2,51,25,26,30,16,14,50,25,25,50,25,25,21,9,12,9,4,5,3,1,2,0,0,0,0,0,0,17,17,4,3,3,1,2,2,2,13,4,9,2,14,0,2,3
58401784,0,,,234,108,126,23,8,15,211,100,111,116,56,60,207,98,109,204,96,108,95,44,51,40,13,27,17,5,12,1,1,0,0,0,0,79,79,11,28,18,10,4,6,2,67,41,26,6,60,0,8,15
58401785,0,,,104,46,58,13,7,6,91,39,52,55,25,30,87,39,48,85,37,48,36,14,22,21,7,14,11,3,8,0,0,0,0,0,0,26,26,0,7,3,9,2,2,3,26,13,13,3,22,0,0,4
58401786,0,,,74,39,35,8,6,2,66,33,33,38,19,19,65,32,33,65,32,33,28,14,14,16,9,7,4,2,2,0,0,0,0,0,0,25,25,5,7,6,4,0,1,2,20,14,6,1,18,0,4,3
58401787,0,,,116,57,59,7,5,2,109,52,57,60,32,28,107,50,57,105,49,56,49,20,29,30,10,20,15,4,11,0,0,0,0,0,0,39,39,7,12,8,5,6,0,1,32,21,11,2,31,0,5,3
58401788,0,,,543,251,292,56,30,26,480,219,261,255,118,137,469,214,255,464,212,252,225,101,124,124,53,71,33,15,18,1,0,1,8,0,8,227,227,74,66,42,25,11,7,2,151,118,33,11,146,7,37,38
58401789,0,,,239,113,126,21,12,9,217,100,117,141,67,74,209,96,113,206,94,112,76,33,43,30,11,19,11,4,7,0,0,0,17,0,17,93,93,26,30,12,14,9,0,2,67,47,20,2,46,9,3,14
58401792,0,,,46,23,23,3,0,3,43,23,20,22,13,9,40,21,19,39,20,19,21,10,11,14,7,7,6,3,3,0,0,0,0,0,0,17,17,2,8,3,2,1,1,0,15,11,4,0,13,0,1,3
58401793,2,58401794,,3,1,2,*,*,*,*,*,*,*,*,*,*,*,*,*,*,*,*,*,*,*,*,*,*,*,*,*,*,*,*,*,*,1,1,*,*,*,*,*,*,*,*,*,*,*,*,*,*,*
58401794,1,,58401793,74,37,37,10,4,6,67,34,33,34,19,15,65,33,32,62,31,31,33,15,18,17,6,11,8,1,7,0,0,0,0,0,0,20,20,3,5,4,4,1,0,4,18,8,10,3,19,0,2,2
58401795,0,,,62,29,33,7,2,5,55,27,28,27,14,13,55,27,28,54,27,27,28,13,15,14,7,7,1,1,0,1,1,0,1,0,1,19,19,2,7,3,3,1,2,1,17,9,8,2,16,0,1,3
58401796,0,,,86,44,42,7,2,5,79,42,37,51,28,23,78,41,37,76,40,36,28,14,14,15,7,8,6,3,3,0,0,0,0,0,0,21,21,1,4,5,1,6,2,2,20,8,12,2,17,0,0,2
58401797,0,,,77,39,38,2,1,1,75,38,37,35,20,15,75,38,37,73,38,35,40,18,22,27,11,16,7,3,4,1,0,1,1,0,1,27,27,4,7,9,3,4,0,0,23,15,8,1,24,0,4,6
58401798,0,,,773,373,400,61,35,26,709,336,373,371,192,179,697,330,367,687,323,364,338,144,194,182,71,111,75,25,50,10,4,6,7,3,4,309,308,91,94,62,29,17,8,7,217,153,64,9,220,3,56,45
58401799,0,,,1480,669,811,163,73,90,1313,593,720,662,347,315,1277,572,705,1266,568,698,651,246,405,384,125,259,167,43,124,16,2,14,9,7,2,601,596,189,200,82,62,38,13,12,399,287,112,45,415,6,134,96
58402501,0,,,20,10,10,0,0,0,20,10,10,7,4,3,19,10,9,19,10,9,13,6,7,7,3,4,4,1,3,1,0,1,0,0,0,9,9,5,1,1,1,0,1,0,4,1,3,0,8,0,4,1
58402510,0,,,17,10,7,0,0,0,17,10,7,9,6,3,17,10,7,17,10,7,8,4,4,4,1,3,1,0,1,0,0,0,0,0,0,6,6,1,1,2,2,0,0,0,5,3,2,0,6,0,1,0
58402511,2,58402520,,10,3,7,*,*,*,*,*,*,*,*,*,*,*,*,*,*,*,*,*,*,*,*,*,*,*,*,*,*,*,*,*,*,4,4,*,*,*,*,*,*,*,*,*,*,*,*,*,*,*
58402520,1,,58402511,1,1,0,0,0,0,11,4,7,4,1,3,11,4,7,11,4,7,7,3,4,2,0,2,2,0,2,0,0,0,0,0,0,1,1,1,2,2,0,0,0,0,4,3,1,0,5,0,1,1
58402521,2,58402522,,7,3,4,*,*,*,*,*,*,*,*,*,*,*,*,*,*,*,*,*,*,*,*,*,*,*,*,*,*,*,*,*,*,4,4,*,*,*,*,*,*,*,*,*,*,*,*,*,*,*
58402522,1,,58402521,5,2,3,0,0,0,12,5,7,4,3,1,12,5,7,12,5,7,8,2,6,6,1,5,2,0,2,0,0,0,0,0,0,2,2,3,1,1,1,0,0,0,3,1,2,0,5,0,2,1
58402527,2,58402537,,5,4,1,*,*,*,*,*,*,*,*,*,*,*,*,*,*,*,*,*,*,*,*,*,*,*,*,*,*,*,*,*,*,3,3,*,*,*,*,*,*,*,*,*,*,*,*,*,*,*
58402532,0,,,12,6,6,0,0,0,12,6,6,3,2,1,12,6,6,12,6,6,9,4,5,0,0,0,0,0,0,0,0,0,0,0,0,6,6,0,6,0,0,0,0,0,6,6,0,0,5,0,0,4
58402533,2,58402543,,4,3,1,*,*,*,*,*,*,*,*,*,*,*,*,*,*,*,*,*,*,*,*,*,*,*,*,*,*,*,*,*,*,2,2,*,*,*,*,*,*,*,*,*,*,*,*,*,*,*
58402536,2,58402537,,4,3,1,*,*,*,*,*,*,*,*,*,*,*,*,*,*,*,*,*,*,*,*,*,*,*,*,*,*,*,*,*,*,2,2,*,*,*,*,*,*,*,*,*,*,*,*,*,*,*
58402537,1,,58402527;58402536;58402546;58403508,8,2,6,0,0,0,24,12,12,10,5,5,24,12,12,23,12,11,14,7,7,12,5,7,2,2,0,0,0,0,0,0,0,5,5,3,7,1,1,0,0,0,9,8,1,0,11,0,2,4
58402543,1,,58402533,7,3,4,0,0,0,11,6,5,4,3,1,11,6,5,11,6,5,7,3,4,3,0,3,2,0,2,0,0,0,0,0,0,3,3,1,2,2,0,0,0,0,4,2,2,0,5,0,1,0
58402544,1,,58402545,13,7,6,0,0,0,14,8,6,6,4,2,14,8,6,14,8,6,8,4,4,3,2,1,1,0,1,0,0,0,0,0,0,6,6,2,3,2,0,0,0,0,5,5,0,0,5,0,1,2
58402545,2,58402544,,1,1,0,*,*,*,*,*,*,*,*,*,*,*,*,*,*,*,*,*,*,*,*,*,*,*,*,*,*,*,*,*,*,1,1,*,*,*,*,*,*,*,*,*,*,*,*,*,*,*
58402546,2,58402537,,4,1,3,*,*,*,*,*,*,*,*,*,*,*,*,*,*,*,*,*,*,*,*,*,*,*,*,*,*,*,*,*,*,1,1,*,*,*,*,*,*,*,*,*,*,*,*,*,*,*
58402602,2,58402632,,8,4,4,*,*,*,*,*,*,*,*,*,*,*,*,*,*,*,*,*,*,*,*,*,*,*,*,*,*,*,*,*,*,3,3,*,*,*,*,*,*,*,*,*,*,*,*,*,*,*
58402632,1,,58402602;58402658,5,5,0,0,0,0,15,10,5,6,6,0,15,10,5,15,10,5,9,4,5,2,1,1,1,0,1,0,0,0,4,4,0,5,5,5,3,0,1,0,0,0,4,3,1,0,5,0,1,2
58402658,2,58402632,,2,1,1,*,*,*,*,*,*,*,*,*,*,*,*,*,*,*,*,*,*,*,*,*,*,*,*,*,*,*,*,*,*,1,1,*,*,*,*,*,*,*,*,*,*,*,*,*,*,*
58402659,1,,58402695;58402696,19,11,8,2,0,2,30,19,11,12,8,4,29,19,10,28,18,10,18,11,7,9,7,2,7,5,2,0,0,0,0,0,0,6,6,4,5,1,1,1,1,0,9,6,3,1,11,0,2,5
58402695,2,58402659,,4,2,2,*,*,*,*,*,*,*,*,*,*,*,*,*,*,*,*,*,*,*,*,*,*,*,*,*,*,*,*,*,*,2,2,*,*,*,*,*,*,*,*,*,*,*,*,*,*,*
58402696,2,58402659,,9,6,3,*,*,*,*,*,*,*,*,*,*,*,*,*,*,*,*,*,*,*,*,*,*,*,*,*,*,*,*,*,*,5,5,*,*,*,*,*,*,*,*,*,*,*,*,*,*,*
58402700,2,58402712,,4,2,2,*,*,*,*,*,*,*,*,*,*,*,*,*,*,*,*,*,*,*,*,*,*,*,*,*,*,*,*,*,*,2,2,*,*,*,*,*,*,*,*,*,*,*,*,*,*,*
58402702,0,,,53,27,26,0,0,0,53,27,26,24,13,11,52,27,25,51,27,24,29,14,15,18,8,10,7,3,4,0,0,0,0,0,0,22,21,7,9,2,0,0,2,1,14,10,4,0,18,0,6,4
58402703,0,,,18,10,8,1,1,0,17,9,8,10,6,4,17,9,8,17,9,8,7,3,4,6,3,3,1,0,1,1,0,1,0,0,0,8,8,3,3,0,1,1,0,0,5,3,2,0,5,0,1,1
58402705,2,58402706,,6,2,4,*,*,*,*,*,*,*,*,*,*,*,*,*,*,*,*,*,*,*,*,*,*,*,*,*,*,*,*,*,*,3,3,*,*,*,*,*,*,*,*,*,*,*,*,*,*,*
58402706,1,,58402705,87,47,40,5,4,1,88,45,43,53,28,25,85,43,42,85,43,42,35,17,18,15,6,9,8,3,5,1,0,1,0,0,0,28,28,5,10,5,6,2,2,1,26,16,10,2,22,0,4,3
58402707,0,,,91,49,42,10,6,4,81,43,38,37,20,17,80,43,37,79,42,37,44,23,21,21,9,12,7,2,5,1,0,1,1,0,1,31,31,5,11,8,2,2,1,2,26,14,12,1,26,0,2,7
58402708,0,,,167,79,88,16,11,5,151,68,83,80,42,38,148,68,80,147,68,79,71,26,45,46,13,33,17,5,12,0,0,0,0,0,0,64,63,19,18,11,6,4,4,1,44,30,14,3,47,1,16,7
58402709,0,,,186,92,94,15,8,7,170,84,86,84,48,36,167,83,84,166,82,84,86,36,50,56,22,34,21,7,14,0,0,0,0,0,0,78,78,23,27,14,6,5,3,0,55,39,16,4,54,1,13,16
58402710,0,,,22,11,11,2,2,0,20,9,11,9,5,4,20,9,11,20,9,11,11,4,7,7,3,4,1,0,1,0,0,0,0,0,0,7,7,1,3,1,0,0,2,0,6,3,3,0,7,0,1,2
58402711,0,,,13,7,6,2,2,0,11,5,6,5,2,3,11,5,6,11,5,6,6,3,3,2,1,1,2,1,1,1,1,0,0,0,0,5,5,1,2,1,0,1,0,0,4,1,3,1,4,0,1,1
58402712,1,,58402700,102,47,55,10,5,5,96,44,52,35,22,13,95,43,52,93,42,51,61,22,39,31,12,19,14,3,11,2,0,2,0,0,0,35,35,10,10,7,4,2,2,2,27,15,12,1,33,1,9,5
58402716,0,,,95,46,49,7,2,5,88,44,44,43,21,22,85,44,41,85,44,41,45,23,22,15,7,8,8,3,5,0,0,0,1,0,1,30,30,2,14,3,5,1,4,1,28,17,11,3,26,0,2,8
58402717,0,,,27,13,14,2,2,0,25,11,14,9,5,4,25,11,14,25,11,14,16,6,10,5,1,4,2,0,2,1,0,1,0,0,0,9,9,2,1,3,2,0,1,0,7,3,4,1,9,0,2,0
58402719,0,,,36,16,20,1,0,1,35,16,19,19,8,11,34,16,18,34,16,18,16,8,8,9,3,6,2,1,1,0,0,0,0,0,0,12,12,2,0,7,2,1,0,0,10,5,5,0,11,0,1,0
58402721,0,,,11,6,5,0,0,0,11,6,5,5,3,2,11,6,5,11,6,5,6,3,3,6,3,3,1,1,0,0,0,0,0,0,0,4,4,0,2,1,1,0,0,0,4,3,1,0,3,0,0,2
58402722,1,,58402723;58402733,71,32,39,4,1,3,78,39,39,43,20,23,77,39,38,77,39,38,35,19,16,16,7,9,9,5,4,0,0,0,0,0,0,25,25,7,9,6,3,3,2,0,23,14,9,0,22,0,3,5
58402723,2,58402722,,7,5,2,*,*,*,*,*,*,*,*,*,*,*,*,*,*,*,*,*,*,*,*,*,*,*,*,*,*,*,*,*,*,3,3,*,*,*,*,*,*,*,*,*,*,*,*,*,*,*
58402725,2,58402726,,12,8,4,*,*,*,*,*,*,*,*,*,*,*,*,*,*,*,*,*,*,*,*,*,*,*,*,*,*,*,*,*,*,3,3,*,*,*,*,*,*,*,*,*,*,*,*,*,*,*
58402726,1,,58402725,81,40,41,10,5,5,83,43,40,52,27,25,80,41,39,80,41,39,31,16,15,13,5,8,5,2,3,1,0,1,0,0,0,24,24,5,6,4,2,7,1,2,22,9,13,3,20,0,2,3
58402727,0,,,26,13,13,2,2,0,24,11,13,7,2,5,24,11,13,24,11,13,17,9,8,7,4,3,3,1,2,0,0,0,0,0,0,10,10,2,4,1,2,1,0,0,8,5,3,0,10,0,2,4
58402728,2,58402738,,6,3,3,*,*,*,*,*,*,*,*,*,*,*,*,*,*,*,*,*,*,*,*,*,*,*,*,*,*,*,*,*,*,2,2,*,*,*,*,*,*,*,*,*,*,*,*,*,*,*
58402729,1,,58402739,12,5,7,0,0,0,20,10,10,9,6,3,20,10,10,20,10,10,11,4,7,6,2,4,2,1,1,0,0,0,0,0,0,5,5,2,3,4,0,0,0,0,7,5,2,0,8,0,2,1
58402732,1,,58402743,39,21,18,1,0,1,39,22,17,17,10,7,38,21,17,38,21,17,22,12,10,10,4,6,7,3,4,0,0,0,0,0,0,17,17,5,7,4,1,1,0,0,13,10,3,0,16,0,4,4
58402733,2,58402722,,4,3,1,*,*,*,*,*,*,*,*,*,*,*,*,*,*,*,*,*,*,*,*,*,*,*,*,*,*,*,*,*,*,2,2,*,*,*,*,*,*,*,*,*,*,*,*,*,*,*
58402734,2,58402735,,7,3,4,*,*,*,*,*,*,*,*,*,*,*,*,*,*,*,*,*,*,*,*,*,*,*,*,*,*,*,*,*,*,4,4,*,*,*,*,*,*,*,*,*,*,*,*,*,*,*
58402735,1,,58402734;58402744,47,24,23,13,7,6,48,22,26,28,13,15,48,22,26,48,22,26,20,9,11,12,4,8,5,1,4,1,0,1,0,0,0,11,11,2,5,1,6,0,2,1,15,8,7,2,13,0,1,2
58402736,0,,,83,40,43,6,3,3,77,37,40,28,18,10,77,37,40,75,35,40,49,19,30,32,12,20,14,4,10,2,0,2,0,0,0,28,27,7,9,4,3,0,3,1,19,11,8,2,25,0,6,6
58402738,1,,58402728,15,8,7,3,2,1,18,9,9,8,3,5,18,9,9,18,9,9,10,6,4,2,1,1,0,0,0,0,0,0,0,0,0,5,5,1,3,1,1,0,0,1,6,4,2,1,6,0,1,2
58402739,2,58402729,,8,5,3,*,*,*,*,*,*,*,*,*,*,*,*,*,*,*,*,*,*,*,*,*,*,*,*,*,*,*,*,*,*,4,4,*,*,*,*,*,*,*,*,*,*,*,*,*,*,*
58402740,0,,,17,8,9,0,0,0,17,8,9,6,4,2,17,8,9,17,8,9,11,4,7,7,2,5,2,0,2,0,0,0,0,0,0,7,7,2,1,3,1,0,0,0,5,1,4,0,6,0,2,1
58402741,0,,,58,31,27,5,2,3,53,29,24,28,16,12,52,28,24,52,28,24,25,13,12,13,6,7,3,2,1,0,0,0,0,0,0,16,16,1,5,3,1,3,2,1,15,7,8,1,14,0,1,4
58402742,0,,,54,26,28,2,1,1,52,25,27,19,11,8,51,25,26,51,25,26,33,14,19,17,6,11,8,3,5,0,0,0,0,0,0,20,20,3,9,3,3,1,0,1,17,12,5,1,19,0,3,6
58402743,2,58402732,,1,1,0,*,*,*,*,*,*,*,*,*,*,*,*,*,*,*,*,*,*,*,*,*,*,*,*,*,*,*,*,*,*,1,1,*,*,*,*,*,*,*,*,*,*,*,*,*,*,*
58402744,2,58402735,,7,2,5,*,*,*,*,*,*,*,*,*,*,*,*,*,*,*,*,*,*,*,*,*,*,*,*,*,*,*,*,*,*,2,2,*,*,*,*,*,*,*,*,*,*,*,*,*,*,*
58402745,1,,58402754,42,21,21,2,0,2,42,22,20,21,13,8,42,22,20,41,21,20,21,9,12,11,3,8,1,0,1,1,0,1,0,0,0,17,17,4,8,1,4,1,0,0,14,9,5,0,14,0,4,5
58402746,0,,,76,40,36,6,2,4,70,38,32,32,20,12,68,37,31,67,36,31,38,18,20,16,8,8,6,2,4,1,1,0,0,0,0,29,29,9,8,4,2,5,1,0,20,12,8,2,24,0,5,5
58402747,0,,,20,8,12,1,0,1,19,8,11,9,4,5,19,8,11,19,8,11,10,4,6,4,0,4,3,0,3,0,0,0,1,0,1,8,8,1,5,1,0,0,1,0,7,5,2,1,6,0,1,2
58402748,0,,,16,6,10,2,0,2,14,6,8,4,2,2,14,6,8,14,6,8,10,4,6,4,1,3,1,0,1,0,0,0,0,0,0,6,6,1,1,3,1,0,0,0,5,4,1,0,5,0,1,1
58402750,0,,,67,33,34,8,4,4,59,29,30,35,19,16,59,29,30,59,29,30,24,10,14,17,7,10,7,3,4,1,1,0,1,1,0,19,19,2,6,4,2,1,1,3,17,8,9,3,15,0,1,3
58402751,1,,58402762,54,26,28,4,2,2,54,26,28,24,12,12,53,26,27,53,26,27,30,14,16,20,10,10,11,5,6,0,0,0,0,0,0,18,18,2,7,3,4,1,2,0,17,7,10,0,18,0,2,4
58402754,2,58402745,,2,1,1,*,*,*,*,*,*,*,*,*,*,*,*,*,*,*,*,*,*,*,*,*,*,*,*,*,*,*,*,*,*,1,1,*,*,*,*,*,*,*,*,*,*,*,*,*,*,*
58402755,0,,,24,8,16,0,0,0,24,8,16,13,6,7,24,8,16,23,8,15,11,2,9,9,1,8,4,1,3,0,0,0,0,0,0,8,8,2,0,3,2,1,0,0,6,0,6,0,8,0,2,0
58402756,0,,,57,31,26,5,5,0,52,26,26,22,12,10,51,26,25,51,26,25,30,14,16,14,5,9,8,1,7,2,0,2,1,0,1,21,21,3,8,6,3,0,0,1,18,11,7,1,18,0,2,3
58402757,0,,,11,7,4,0,0,0,11,7,4,6,4,2,11,7,4,11,7,4,5,3,2,3,2,1,0,0,0,0,0,0,0,0,0,4,4,1,1,0,2,0,0,0,3,1,2,0,3,0,0,1
58402762,2,58402751,,4,2,2,*,*,*,*,*,*,*,*,*,*,*,*,*,*,*,*,*,*,*,*,*,*,*,*,*,*,*,*,*,*,1,1,*,*,*,*,*,*,*,*,*,*,*,*,*,*,*
58402763,2,58402775,,2,1,1,*,*,*,*,*,*,*,*,*,*,*,*,*,*,*,*,*,*,*,*,*,*,*,*,*,*,*,*,*,*,1,1,*,*,*,*,*,*,*,*,*,*,*,*,*,*,*
58402764,2,58402775,,2,1,1,*,*,*,*,*,*,*,*,*,*,*,*,*,*,*,*,*,*,*,*,*,*,*,*,*,*,*,*,*,*,1,1,*,*,*,*,*,*,*,*,*,*,*,*,*,*,*
58402765,0,,,83,39,44,3,1,2,80,38,42,43,23,20,78,38,40,76,38,38,37,15,22,18,6,12,6,1,5,1,0,1,0,0,0,22,22,1,6,3,5,5,0,2,21,9,12,0,21,0,1,4
58402766,0,,,43,19,24,2,0,2,41,19,22,20,10,10,40,19,21,40,19,21,21,9,12,11,4,7,5,2,3,0,0,0,0,0,0,13,13,2,1,4,4,1,1,0,11,2,9,0,11,0,0,0
58402767,0,,,30,15,15,2,1,1,28,14,14,14,8,6,28,14,14,28,14,14,14,6,8,7,3,4,2,1,1,0,0,0,0,0,0,8,8,1,1,1,3,0,2,0,7,2,5,0,8,0,1,1
58402773,2,58402784,,4,2,2,*,*,*,*,*,*,*,*,*,*,*,*,*,*,*,*,*,*,*,*,*,*,*,*,*,*,*,*,*,*,2,2,*,*,*,*,*,*,*,*,*,*,*,*,*,*,*
58402774,1,,58402785,24,12,12,0,0,0,29,14,15,11,6,5,28,14,14,27,13,14,18,8,10,12,5,7,3,2,1,0,0,0,0,0,0,10,10,2,5,1,1,2,0,0,9,7,2,0,11,0,2,4
58402775,1,,58402763;58402764,70,36,34,4,1,3,70,37,33,31,19,12,69,37,32,69,37,32,39,18,21,16,6,10,9,2,7,0,0,0,0,0,0,26,26,8,7,8,2,0,1,2,20,11,9,1,21,0,5,3
58402776,0,,,21,8,13,4,1,3,17,7,10,11,5,6,16,7,9,16,7,9,6,2,4,5,2,3,0,0,0,0,0,0,0,0,0,6,6,2,1,1,1,0,0,1,4,2,2,2,4,0,0,0
58402781,2,58402784,,2,1,1,*,*,*,*,*,*,*,*,*,*,*,*,*,*,*,*,*,*,*,*,*,*,*,*,*,*,*,*,*,*,1,1,*,*,*,*,*,*,*,*,*,*,*,*,*,*,*
58402784,1,,58402773;58402781,34,14,20,0,0,0,40,17,23,19,8,11,40,17,23,40,17,23,21,9,12,11,3,8,3,2,1,0,0,0,0,0,0,13,13,3,5,5,3,0,0,0,13,6,7,0,14,0,3,3
58402785,2,58402774,,5,2,3,*,*,*,*,*,*,*,*,*,*,*,*,*,*,*,*,*,*,*,*,*,*,*,*,*,*,*,*,*,*,1,1,*,*,*,*,*,*,*,*,*,*,*,*,*,*,*
58403508,2,58402537,,3,2,1,*,*,*,*,*,*,*,*,*,*,*,*,*,*,*,*,*,*,*,*,*,*,*,*,*,*,*,*,*,*,1,1,*,*,*,*,*,*,*,*,*,*,*,*,*,*,*
58403606,1,,58403607;58403615;58403616;58403617;58403626;58403627,10,5,5,4,4,0,28,16,12,18,9,9,27,16,11,27,16,11,10,7,3,3,2,1,3,2,1,0,0,0,2,2,0,4,4,7,6,1,0,2,0,0,9,9,0,1,6,3,2,1
58403607,2,58403606,,2,1,1,*,*,*,*,*,*,*,*,*,*,*,*,*,*,*,*,*,*,*,*,*,*,*,*,*,*,*,*,*,*,1,1,*,*,*,*,*,*,*,*,*,*,*,*,*,*,*
58403615,2,58403606,,3,1,2,*,*,*,*,*,*,*,*,*,*,*,*,*,*,*,*,*,*,*,*,*,*,*,*,*,*,*,*,*,*,2,2,*,*,*,*,*,*,*,*,*,*,*,*,*,*,*
58403616,2,58403606,,10,7,3,*,*,*,*,*,*,*,*,*,*,*,*,*,*,*,*,*,*,*,*,*,*,*,*,*,*,*,*,*,*,5,5,*,*,*,*,*,*,*,*,*,*,*,*,*,*,*
58403617,2,58403606,,1,1,0,*,*,*,*,*,*,*,*,*,*,*,*,*,*,*,*,*,*,*,*,*,*,*,*,*,*,*,*,*,*,1,1,*,*,*,*,*,*,*,*,*,*,*,*,*,*,*
58403626,2,58403606,,5,4,1,*,*,*,*,*,*,*,*,*,*,*,*,*,*,*,*,*,*,*,*,*,*,*,*,*,*,*,*,*,*,2,2,*,*,*,*,*,*,*,*,*,*,*,*,*,*,*
58403627,2,58403606,,1,1,0,*,*,*,*,*,*,*,*,*,*,*,*,*,*,*,*,*,*,*,*,*,*,*,*,*,*,*,*,*,*,1,1,*,*,*,*,*,*,*,*,*,*,*,*,*,*,*
58410000,0,,,171,26,145,2,0,2,169,26,143,148,15,133,169,26,143,143,26,117,21,11,10,7,2,5,5,1,4,1,0,1,121,0,121,141,141,126,8,4,1,0,1,1,15,10,5,0,14,94,3,3
58410001,0,,,29,14,15,0,0,0,29,14,15,16,5,11,29,14,15,29,14,15,13,9,4,5,3,2,4,2,2,1,1,0,0,0,0,11,11,2,4,2,2,1,0,0,9,5,4,0,9,0,1,2
58410002,0,,,33,18,15,5,4,1,28,14,14,16,7,9,28,14,14,26,14,12,12,7,5,7,4,3,2,2,0,0,0,0,0,0,0,8,8,1,1,1,1,1,3,0,7,2,5,2,7,0,0,1
58410003,0,,,61,29,32,5,2,3,56,27,29,35,16,19,54,26,28,52,25,27,21,11,10,6,3,3,4,1,3,0,0,0,0,0,0,20,20,4,3,4,6,3,0,0,16,7,9,2,14,0,2,3
58410004,0,,,117,53,64,16,7,9,101,46,55,72,34,38,98,45,53,97,45,52,29,12,17,19,5,14,4,1,3,0,0,0,0,0,0,32,32,4,6,7,5,3,5,2,28,9,19,6,21,0,2,0
58410005,0,,,91,37,54,3,1,2,88,36,52,43,20,23,86,36,50,85,35,50,45,16,29,24,6,18,10,0,10,1,0,1,0,0,0,31,30,4,13,5,4,3,0,1,26,18,8,2,26,0,3,7
58410006,0,,,66,34,32,6,4,2,60,30,30,37,22,15,60,30,30,60,30,30,23,8,15,13,5,8,8,2,6,0,0,0,0,0,0,22,22,4,10,0,5,0,1,2,17,12,5,2,16,0,3,1
58410007,0,,,78,41,37,8,2,6,70,39,31,44,27,17,68,38,30,68,38,30,26,12,14,16,6,10,5,2,3,0,0,0,0,0,0,24,24,2,7,2,9,4,0,0,22,13,9,3,19,0,1,0
58410008,0,,,116,55,61,11,4,7,105,51,54,54,27,27,100,47,53,96,46,50,51,24,27,26,10,16,12,3,9,0,0,0,0,0,0,32,32,6,7,7,2,1,3,6,26,13,13,2,30,0,5,4
58410009,0,,,106,56,50,10,6,4,96,50,46,56,30,26,93,49,44,93,49,44,40,20,20,24,11,13,8,3,5,0,0,0,1,0,1,34,34,3,12,9,4,2,2,2,31,20,11,3,23,0,1,6
58410010,0,,,57,29,28,10,4,6,47,25,22,26,16,10,41,24,17,41,24,17,21,9,12,8,4,4,4,1,3,0,0,0,10,7,3,21,21,5,8,4,1,1,1,1,16,15,1,3,14,0,3,3
58410011,0,,,54,23,31,0,0,0,54,23,31,16,8,8,54,23,31,53,22,31,38,15,23,30,10,20,16,6,10,1,1,0,0,0,0,13,12,3,3,4,2,0,0,0,9,5,4,0,9,0,2,2
58410012,0,,,57,28,29,4,3,1,53,25,28,33,15,18,52,25,27,50,24,26,20,10,10,6,3,3,4,1,3,0,0,0,1,0,1,15,15,1,4,1,3,3,3,0,14,6,8,0,12,0,0,3
58410013,0,,,11,7,4,0,0,0,11,7,4,2,2,0,11,7,4,11,7,4,9,5,4,6,4,2,2,1,1,0,0,0,0,0,0,5,5,1,2,2,0,0,0,0,4,3,1,0,5,0,1,1
58410014,0,,,122,58,64,3,3,0,119,55,64,48,27,21,118,55,63,118,55,63,71,28,43,63,23,40,45,16,29,4,1,3,0,0,0,75,75,52,14,1,5,1,1,1,22,16,6,1,55,0,37,8
58410015,0,,,104,34,70,1,1,0,103,33,70,10,5,5,102,32,70,101,31,70,93,28,65,78,21,57,61,13,48,12,2,10,0,0,0,9,8,1,3,2,1,0,1,0,7,6,1,0,7,0,1,2
58410016,0,,,131,64,67,8,7,1,123,57,66,60,25,35,122,56,66,121,55,66,63,32,31,30,13,17,15,6,9,0,0,0,1,0,1,50,50,6,21,13,6,4,0,0,44,30,14,2,39,0,4,11
58410017,0,,,68,32,36,7,4,3,61,28,33,31,14,17,61,28,33,60,28,32,30,14,16,13,6,7,4,0,4,1,0,1,0,0,0,24,24,4,8,7,2,1,1,1,20,13,7,2,19,0,3,7
58410018,0,,,76,32,44,9,3,6,67,29,38,40,16,24,66,28,38,62,26,36,27,13,14,13,6,7,3,1,2,1,1,0,0,0,0,15,15,0,1,2,2,6,1,3,15,4,11,3,13,0,0,1
58410019,0,,,157,80,77,22,10,12,135,70,65,73,40,33,134,69,65,133,69,64,62,30,32,26,9,17,7,2,5,1,0,1,0,0,0,40,40,1,9,10,7,6,1,6,38,16,22,6,36,0,1,4
58410020,0,,,30,18,12,3,2,1,27,16,11,12,7,5,27,16,11,26,16,10,15,9,6,3,2,1,2,1,1,0,0,0,0,0,0,9,9,1,2,3,1,1,0,1,8,5,3,0,9,0,1,1
58410021,1,,58410032,53,31,22,4,2,2,54,31,23,34,21,13,53,30,23,53,30,23,20,10,10,4,2,2,0,0,0,0,0,0,0,0,0,16,16,2,4,2,9,0,1,0,16,12,4,0,13,0,2,3
58410022,0,,,34,19,15,6,3,3,28,16,12,19,11,8,25,16,9,23,15,8,9,5,4,5,3,2,3,2,1,0,0,0,0,0,0,6,6,1,1,0,1,0,1,2,5,1,4,3,5,0,0,1
58410024,0,,,18,6,12,1,0,1,17,6,11,6,3,3,17,6,11,17,6,11,11,3,8,5,1,4,4,1,3,0,0,0,0,0,0,7,7,2,0,4,1,0,0,0,5,2,3,0,6,0,1,0
58410025,0,,,11,4,7,3,0,3,8,4,4,4,2,2,8,4,4,8,4,4,4,2,2,3,2,1,1,1,0,0,0,0,0,0,0,4,4,2,0,0,1,1,0,0,2,1,1,0,3,0,2,0
58410026,0,,,89,46,43,9,5,4,80,41,39,45,27,18,77,38,39,77,38,39,35,14,21,22,8,14,9,4,5,1,0,1,0,0,0,25,25,4,6,4,1,4,5,1,21,9,12,3,20,0,3,3
58410027,0,,,52,27,25,1,1,0,51,26,25,23,16,7,49,24,25,48,23,25,28,10,18,13,4,9,3,0,3,0,0,0,0,0,0,18,18,2,6,6,2,1,0,1,16,10,6,0,16,0,2,2
58410028,0,,,17,9,8,0,0,0,17,9,8,8,3,5,17,9,8,17,9,8,9,6,3,5,4,1,1,1,0,0,0,0,0,0,0,7,7,2,3,1,0,0,1,0,5,4,1,0,6,0,2,1
58410029,0,,,35,18,17,5,1,4,30,17,13,20,12,8,30,17,13,30,17,13,10,5,5,4,2,2,0,0,0,0,0,0,0,0,0,9,9,1,2,2,2,0,0,2,8,6,2,1,6,0,1,1
58410030,1,,58410031,56,22,34,0,0,0,60,24,36,28,10,18,58,23,35,57,23,34,32,14,18,14,6,8,2,0,2,0,0,0,1,0,1,26,26,7,13,6,1,1,0,0,21,18,3,0,23,0,5,9
58410031,2,58410030,,4,2,2,*,*,*,*,*,*,*,*,*,*,*,*,*,*,*,*,*,*,*,*,*,*,*,*,*,*,*,*,*,*,2,2,*,*,*,*,*,*,*,*,*,*,*,*,*,*,*
58410032,2,58410021,,5,2,3,*,*,*,*,*,*,*,*,*,*,*,*,*,*,*,*,*,*,*,*,*,*,*,*,*,*,*,*,*,*,2,2,*,*,*,*,*,*,*,*,*,*,*,*,*,*,*
58410033,0,,,28,17,11,1,1,0,27,16,11,14,8,6,27,16,11,25,15,10,13,8,5,7,4,3,2,2,0,0,0,0,0,0,0,11,11,1,6,1,3,0,0,0,10,7,3,0,8,0,0,4
58410034,0,,,130,69,61,9,6,3,121,63,58,62,33,29,116,59,57,114,58,56,59,30,29,27,11,16,13,5,8,4,2,2,1,0,1,41,41,6,14,7,4,6,1,3,35,18,17,2,37,0,5,8
58410035,0,,,93,47,46,2,2,0,91,45,46,45,22,23,89,45,44,86,42,44,46,23,23,25,10,15,11,4,7,0,0,0,0,0,0,32,32,6,10,6,6,2,0,2,26,14,12,1,28,0,4,6
58410036,0,,,111,58,53,7,5,2,104,53,51,59,33,26,97,50,47,95,48,47,45,20,25,18,8,10,8,4,4,0,0,0,0,0,0,30,30,0,10,5,5,5,4,1,30,12,18,2,27,0,0,5
58410037,0,,,113,55,58,15,8,7,98,47,51,55,27,28,94,46,48,93,46,47,43,20,23,17,7,10,7,3,4,1,0,1,1,0,1,32,32,2,10,6,3,8,1,2,30,15,15,0,27,0,2,2
58410038,0,,,155,76,79,14,8,6,141,68,73,85,41,44,136,66,70,133,63,70,56,27,29,34,16,18,9,6,3,0,0,0,0,0,0,48,48,8,10,11,8,7,2,2,40,23,17,3,35,0,6,6
58410039,0,,,104,53,51,9,6,3,95,47,48,52,31,21,95,47,48,95,47,48,43,16,27,26,11,15,11,3,8,1,0,1,0,0,0,32,32,1,10,11,4,4,0,2,31,17,14,1,27,0,1,3
58410040,0,,,26,15,11,2,2,0,24,13,11,10,6,4,24,13,11,23,12,11,14,7,7,4,2,2,3,1,2,1,1,0,0,0,0,10,10,2,4,1,2,1,0,0,8,4,4,1,9,0,1,1
58410041,2,58410051,,3,2,1,*,*,*,*,*,*,*,*,*,*,*,*,*,*,*,*,*,*,*,*,*,*,*,*,*,*,*,*,*,*,1,1,*,*,*,*,*,*,*,*,*,*,*,*,*,*,*
58410042,0,,,60,28,32,2,1,1,58,27,31,28,14,14,58,27,31,56,25,31,30,13,17,15,6,9,6,2,4,0,0,0,0,0,0,20,20,3,5,6,3,2,0,1,17,9,8,1,16,0,2,4
58410043,0,,,181,93,88,18,11,7,163,82,81,89,45,44,160,82,78,157,82,75,74,37,37,29,15,14,12,4,8,1,0,1,0,0,0,60,60,14,12,13,10,5,4,2,46,30,16,4,43,0,9,9
58410044,1,,58410054,84,44,40,6,4,2,85,45,40,47,27,20,85,45,40,84,44,40,38,18,20,18,9,9,3,2,1,0,0,0,0,0,0,29,29,7,10,5,4,3,3,0,25,17,8,4,25,0,5,5
58410045,0,,,101,52,49,12,5,7,89,47,42,55,31,24,85,46,39,83,45,38,34,16,18,12,6,6,3,2,1,0,0,0,1,0,1,29,29,6,6,4,4,4,1,4,23,14,9,1,22,0,4,3
58410046,0,,,40,16,24,4,1,3,36,15,21,22,11,11,35,15,20,35,15,20,14,4,10,8,1,7,5,1,4,0,0,0,0,0,0,11,11,0,3,4,1,1,1,1,11,5,6,0,9,0,0,2
58410047,0,,,88,43,45,7,3,4,81,40,41,44,24,20,79,38,41,76,36,40,37,16,21,20,9,11,8,2,6,1,0,1,0,0,0,24,24,0,4,9,5,5,0,1,24,13,11,1,19,0,0,3
58410048,0,,,144,64,80,9,3,6,135,61,74,62,29,33,132,60,72,132,60,72,73,32,41,30,7,23,14,3,11,1,0,1,0,0,0,55,55,14,16,13,6,2,3,1,41,28,13,4,47,1,10,7
58410049,0,,,262,123,139,22,10,12,240,113,127,139,71,68,231,108,123,224,104,120,101,42,59,41,15,26,15,5,10,0,0,0,3,0,3,82,82,9,24,24,8,6,7,4,72,41,31,7,65,0,4,12
58410050,0,,,97,44,53,14,6,8,83,38,45,48,21,27,82,37,45,81,36,45,35,17,18,16,5,11,6,2,4,1,0,1,0,0,0,28,28,3,10,3,6,1,1,4,25,14,11,3,22,0,2,7
58410051,1,,58410041,368,180,188,34,21,13,337,161,176,191,96,95,327,157,170,323,156,167,146,65,81,69,28,41,28,11,17,0,0,0,0,0,0,131,130,33,34,31,15,9,8,1,98,69,29,10,85,2,17,17
58410052,0,,,108,50,58,6,2,4,102,48,54,62,29,33,98,47,51,96,47,49,40,19,21,13,3,10,4,1,3,1,0,1,0,0,0,39,39,8,14,6,4,5,1,1,31,23,8,0,27,1,6,7
58410053,0,,,32,17,15,2,1,1,30,16,14,21,12,9,30,16,14,30,16,14,9,4,5,6,2,4,3,1,2,0,0,0,1,0,1,10,10,2,3,2,1,0,1,1,8,5,3,1,6,1,1,1
58410054,2,58410044,,7,5,2,*,*,*,*,*,*,*,*,*,*,*,*,*,*,*,*,*,*,*,*,*,*,*,*,*,*,*,*,*,*,3,3,*,*,*,*,*,*,*,*,*,*,*,*,*,*,*
58410055,0,,,16,8,8,0,0,0,16,8,8,7,3,4,16,8,8,15,8,7,9,5,4,6,3,3,2,1,1,0,0,0,0,0,0,7,7,1,3,3,0,0,0,0,6,5,1,0,5,0,1,2
58410056,0,,,99,50,49,5,0,5,94,50,44,44,27,17,92,49,43,90,47,43,50,23,27,25,12,13,9,3,6,1,0,1,0,0,0,34,34,6,15,0,7,4,1,1,27,17,10,2,29,0,3,11
58410058,0,,,53,28,25,7,3,4,46,25,21,27,16,11,43,23,20,42,23,19,19,9,10,9,5,4,1,1,0,0,0,0,0,0,0,15,15,2,6,1,1,1,2,2,13,9,4,1,11,0,1,4
58410059,0,,,339,152,187,26,13,13,310,136,174,142,65,77,304,135,169,299,131,168,168,71,97,114,42,72,51,13,38,3,0,3,1,0,1,124,123,32,46,23,10,5,4,3,90,64,26,10,91,2,22,25
58410060,0,,,32,17,15,3,2,1,29,15,14,12,4,8,29,15,14,29,15,14,17,11,6,3,3,0,1,1,0,0,0,0,0,0,0,13,13,4,4,2,1,2,0,0,9,7,2,1,11,0,3,4
58410061,0,,,223,108,115,18,10,8,205,98,107,137,70,67,201,96,105,197,93,104,68,28,40,28,9,19,11,4,7,1,1,0,2,2,0,86,86,15,35,19,10,3,2,2,69,55,14,7,46,2,7,11
58410062,0,,,399,251,148,39,20,19,360,231,129,276,193,83,354,225,129,292,179,113,84,38,46,44,18,26,7,2,5,1,1,0,1,0,1,93,91,20,28,18,14,6,5,0,71,57,14,11,56,0,12,11
58410063,0,,,98,53,45,7,4,3,91,49,42,55,31,24,88,47,41,87,47,40,36,18,18,14,6,8,5,1,4,0,0,0,0,0,0,36,36,8,11,8,5,2,0,2,28,20,8,3,24,0,4,6
58410064,0,,,27,11,16,2,1,1,25,10,15,12,5,7,25,10,15,25,10,15,13,5,8,6,0,6,3,0,3,0,0,0,0,0,0,12,12,4,5,1,1,0,1,0,8,5,3,1,10,0,2,3
58410065,0,,,75,39,36,11,8,3,64,31,33,32,15,17,59,29,30,57,28,29,32,16,16,12,6,6,7,3,4,2,1,1,0,0,0,20,20,3,5,3,2,3,1,3,17,9,8,2,17,0,2,3
58410066,0,,,110,59,51,12,6,6,98,53,45,57,35,22,97,52,45,96,51,45,41,18,23,17,4,13,9,2,7,0,0,0,1,0,1,35,35,6,7,13,2,4,1,2,29,18,11,1,27,0,4,1
58410067,0,,,47,21,26,0,0,0,47,21,26,25,11,14,46,21,25,45,20,25,22,10,12,11,4,7,3,1,2,1,0,1,0,0,0,17,17,3,6,3,3,1,1,0,14,10,4,0,15,0,3,3
58410068,0,,,11,4,7,0,0,0,11,4,7,2,0,2,11,4,7,11,4,7,9,4,5,5,3,2,1,0,1,0,0,0,0,0,0,6,6,1,5,0,0,0,0,0,5,5,0,0,5,0,1,3
58410070,0,,,746,365,381,125,71,54,620,293,327,404,198,206,594,281,313,580,272,308,216,95,121,104,46,58,42,20,22,2,1,1,1,0,1,284,283,89,62,58,43,16,8,7,194,141,53,33,142,4,46,23
58410071,0,,,1349,670,679,134,78,56,1211,588,623,700,378,322,1182,573,609,1157,552,605,511,210,301,292,112,180,108,38,70,7,1,6,8,1,7,626,625,249,206,83,46,18,16,7,373,299,74,32,342,31,103,95
58410072,0,,,1217,598,619,156,83,73,1050,506,544,666,340,326,1019,495,524,1003,490,513,384,166,218,208,79,129,70,27,43,2,0,2,14,5,9,566,565,244,141,87,55,25,11,2,316,263,53,45,266,63,86,62
58410073,0,,,476,238,238,54,26,28,417,208,209,267,139,128,405,203,202,396,200,196,150,69,81,71,31,40,20,7,13,1,0,1,0,0,0,189,189,59,51,33,26,11,6,3,129,102,27,17,97,6,21,22
58410074,0,,,127,73,54,17,10,7,110,63,47,63,39,24,105,60,45,104,59,45,47,24,23,25,13,12,10,5,5,0,0,0,0,0,0,39,39,7,8,6,9,4,5,0,32,18,14,3,26,0,4,4
58410075,0,,,125,55,70,12,6,6,113,49,64,77,36,41,107,48,59,107,48,59,36,13,23,17,4,13,7,1,6,1,0,1,0,0,0,42,42,6,13,13,4,2,1,3,36,20,16,2,26,0,5,4
58410076,0,,,163,82,81,11,7,4,152,75,77,85,45,40,145,73,72,142,70,72,67,30,37,35,12,23,17,5,12,0,0,0,0,0,0,44,44,7,10,5,10,3,3,6,37,14,23,1,39,0,4,5
58410077,0,,,210,101,109,17,8,9,193,93,100,112,54,58,188,92,96,182,88,94,81,39,42,34,14,20,20,9,11,2,1,1,0,0,0,60,60,5,15,11,12,10,5,2,55,26,29,3,53,0,3,5
58410078,0,,,48,20,28,9,2,7,39,18,21,26,12,14,38,18,20,36,18,18,13,6,7,7,2,5,5,1,4,1,0,1,1,0,1,13,13,2,2,3,2,2,1,1,11,5,6,3,8,0,1,1
58410080,0,,,332,159,173,50,29,21,279,127,152,211,101,110,268,118,150,259,115,144,68,26,42,27,6,21,11,2,9,1,0,1,0,0,0,130,129,31,43,24,20,7,2,2,95,78,17,14,51,4,10,13
58410081,0,,,1476,726,750,157,83,74,1317,641,676,803,422,381,1276,620,656,1245,607,638,514,219,295,283,103,180,91,36,55,9,2,7,9,7,2,657,656,265,171,114,54,29,12,11,385,302,83,37,345,42,114,67
58410082,0,,,1460,727,733,183,101,82,1258,610,648,830,421,409,1226,592,634,1200,578,622,428,189,239,237,90,147,88,33,55,5,0,5,9,3,6,648,647,265,142,124,74,25,13,4,374,299,75,72,280,52,80,57
58410083,0,,,228,98,130,34,14,20,193,83,110,103,48,55,181,80,101,177,78,99,90,35,55,50,18,32,23,3,20,1,1,0,2,0,2,72,70,17,19,13,7,3,5,6,53,33,20,5,50,0,8,10
58410084,0,,,111,54,57,11,4,7,100,50,50,55,26,29,98,49,49,98,49,49,45,24,21,14,5,9,7,2,5,1,0,1,0,0,0,36,36,4,14,7,3,5,0,3,32,16,16,2,31,0,3,7
58410085,0,,,201,103,98,22,12,10,179,91,88,120,68,52,176,90,86,174,90,84,59,23,36,31,9,22,11,2,9,0,0,0,16,16,0,80,80,24,23,14,12,2,4,1,54,44,10,5,37,16,5,10
58410086,0,,,22,12,10,4,3,1,18,9,9,10,5,5,18,9,9,18,9,9,8,4,4,4,1,3,2,1,1,0,0,0,0,0,0,6,6,1,0,3,1,0,0,1,5,3,2,1,6,0,1,0
58410087,0,,,68,35,33,7,5,2,61,30,31,27,14,13,61,30,31,60,29,31,34,16,18,20,10,10,7,3,4,1,1,0,0,0,0,19,19,2,5,5,1,2,2,2,17,7,10,2,19,0,2,4
58410088,0,,,126,59,67,12,3,9,114,56,58,74,39,35,108,54,54,105,52,53,40,17,23,16,4,12,6,1,5,0,0,0,0,0,0,36,36,3,12,4,8,3,2,4,33,17,16,1,26,0,2,4
58410089,0,,,341,170,171,45,26,19,296,144,152,185,97,88,287,139,148,283,139,144,111,47,64,66,23,43,21,7,14,0,0,0,1,0,1,92,92,15,16,15,15,10,14,7,77,28,49,12,71,1,9,9
58410090,0,,,115,55,60,16,8,8,99,47,52,59,29,30,97,47,50,97,47,50,40,18,22,24,10,14,10,3,7,0,0,0,0,0,0,36,36,6,11,7,3,4,1,4,29,16,13,5,23,0,3,4
58410091,0,,,1078,545,533,181,97,84,888,441,447,657,337,320,853,424,429,842,419,423,231,104,127,105,44,61,41,13,28,2,0,2,9,2,7,448,446,145,133,75,68,15,3,7,293,256,37,60,137,38,26,43
58410092,0,,,106,46,60,16,8,8,90,38,52,63,29,34,85,35,50,85,35,50,27,9,18,13,4,9,5,2,3,0,0,0,1,0,1,33,33,5,10,6,4,3,3,2,28,18,10,3,20,0,4,2
58410093,0,,,366,167,199,44,15,29,322,152,170,204,99,105,309,146,163,304,144,160,118,53,65,68,27,41,28,9,19,3,0,3,5,0,5,122,122,23,32,31,15,8,8,5,99,65,34,13,71,2,8,11
58410094,0,,,373,177,196,59,26,33,314,151,163,222,112,110,301,144,157,298,141,157,92,39,53,32,13,19,9,3,6,1,0,1,6,0,6,134,134,29,34,32,24,8,5,2,104,83,21,19,65,0,16,7
58410095,0,,,177,87,90,16,10,6,161,77,84,97,50,47,156,75,81,155,75,80,64,27,37,31,9,22,11,4,7,0,0,0,0,0,0,58,58,8,16,14,11,6,1,2,50,29,21,6,41,1,3,10
58410096,0,,,163,80,83,21,11,10,140,68,72,87,44,43,136,64,72,134,63,71,53,24,29,31,13,18,13,2,11,1,0,1,0,0,0,50,50,6,11,12,12,6,2,1,44,26,18,7,35,1,3,5
58410097,0,,,110,52,58,5,2,3,105,50,55,61,32,29,105,50,55,103,50,53,44,18,26,21,7,14,7,1,6,1,0,1,0,0,0,36,36,9,7,7,4,5,3,1,27,12,15,1,27,0,7,1
58410098,0,,,93,48,45,12,8,4,81,40,41,45,24,21,80,39,41,80,39,41,36,16,20,20,10,10,7,2,5,2,0,2,1,0,1,24,24,1,8,5,2,2,3,3,23,10,13,4,21,0,1,4
58410099,0,,,346,175,171,41,20,21,305,155,150,180,96,84,294,149,145,293,148,145,125,59,66,65,25,40,28,11,17,4,0,4,0,0,0,93,93,11,18,16,20,11,10,7,82,35,47,10,75,0,6,11
58410100,0,,,103,56,47,8,3,5,95,53,42,63,39,24,90,51,39,89,50,39,32,14,18,12,4,8,3,1,2,0,0,0,1,1,0,32,32,7,4,5,12,2,0,2,25,11,14,2,22,0,3,1
58410101,0,,,91,44,47,10,6,4,81,38,43,43,20,23,80,37,43,80,37,43,38,18,20,19,8,11,9,3,6,0,0,0,1,0,1,27,27,5,3,8,5,2,3,1,22,10,12,2,24,0,4,2
58410102,0,,,273,132,141,27,8,19,243,122,121,139,73,66,236,119,117,231,114,117,104,49,55,48,18,30,24,7,17,1,0,1,4,0,4,86,86,16,16,25,13,7,2,7,67,33,34,9,60,1,7,12
58410103,0,,,220,113,107,18,11,7,199,100,99,131,71,60,187,96,91,184,94,90,68,29,39,24,11,13,9,3,6,1,0,1,0,0,0,84,84,26,23,17,8,3,2,5,58,39,19,7,46,3,8,10
58410104,0,,,439,213,226,70,43,27,361,167,194,268,131,137,340,160,180,334,159,175,93,36,57,40,15,25,13,2,11,1,0,1,10,6,4,150,150,37,32,31,23,16,5,6,108,74,34,16,62,15,8,8
58410105,0,,,1148,547,601,195,102,93,943,439,504,722,354,368,923,427,496,907,421,486,221,85,136,122,38,84,67,13,54,9,3,6,30,8,22,437,434,127,122,88,56,26,6,9,297,243,54,67,114,35,20,20
58410106,0,,,73,39,34,3,3,0,70,36,34,36,19,17,70,36,34,70,36,34,34,17,17,18,7,11,10,4,6,0,0,0,0,0,0,21,21,2,3,6,6,1,3,0,19,10,9,2,20,0,1,1
58410107,0,,,431,210,221,54,22,32,377,188,189,222,118,104,374,185,189,368,182,186,155,70,85,68,25,43,29,9,20,0,0,0,0,0,0,122,122,15,23,32,17,17,8,10,105,57,48,13,99,0,13,10
58410109,0,,,45,23,22,5,3,2,40,20,20,19,12,7,40,20,20,40,20,20,21,8,13,13,4,9,7,2,5,0,0,0,0,0,0,14,14,1,4,6,0,1,1,1,13,8,5,0,13,0,0,1
58410110,0,,,141,74,67,10,7,3,131,67,64,75,42,33,128,67,61,123,64,59,56,25,31,25,9,16,15,4,11,0,0,0,1,0,1,43,43,5,9,12,8,4,5,0,37,21,16,3,34,0,4,3
58410111,0,,,86,38,48,7,3,4,79,35,44,39,20,19,77,34,43,76,33,43,40,15,25,17,2,15,10,0,10,0,0,0,1,0,1,28,28,8,3,9,3,1,2,2,20,6,14,3,25,0,6,2
58410113,0,,,91,48,43,12,5,7,79,43,36,50,30,20,76,41,35,75,40,35,29,13,16,19,9,10,7,3,4,0,0,0,1,0,1,19,19,2,1,4,1,5,2,4,17,6,11,5,16,0,1,1
58410114,0,,,392,189,203,56,35,21,322,150,172,229,109,120,302,143,159,300,143,157,93,41,52,41,15,26,16,6,10,1,0,1,3,0,3,162,162,60,40,21,25,9,5,2,97,66,31,16,58,12,10,8
58410115,0,,,2427,1169,1258,311,149,162,2081,1003,1078,1408,737,671,2030,977,1053,2001,956,1045,673,266,407,335,124,211,93,28,65,8,2,6,14,12,2,1057,1054,396,290,175,110,51,22,10,642,514,128,99,465,50,141,86
58410116,0,,,765,379,386,113,60,53,651,318,333,457,230,227,621,303,318,603,294,309,194,88,106,92,42,50,20,4,16,0,0,0,0,0,0,291,291,89,80,43,36,20,18,5,201,159,42,37,126,15,29,34
58410117,0,,,216,106,110,19,10,9,197,96,101,127,66,61,187,92,95,185,91,94,70,30,40,37,16,21,17,6,11,0,0,0,0,0,0,70,70,15,17,13,14,5,3,3,55,28,27,7,44,1,4,7
58410118,0,,,106,58,48,17,12,5,89,46,43,48,26,22,86,43,43,86,43,43,41,20,21,20,8,12,8,3,5,0,0,0,1,0,1,23,23,0,3,5,6,0,4,5,23,8,15,4,20,0,0,2
58410119,0,,,275,131,144,20,7,13,255,124,131,145,71,74,252,122,130,249,122,127,110,53,57,52,20,32,23,5,18,2,0,2,1,0,1,84,84,11,19,24,12,9,4,5,72,34,38,6,67,0,6,10
58410120,0,,,82,44,38,4,3,1,78,41,37,51,29,22,76,40,36,73,39,34,27,12,15,13,6,7,3,1,2,1,0,1,0,0,0,23,23,1,6,5,5,3,2,1,21,12,9,3,17,0,1,1
58410121,0,,,100,54,46,6,3,3,94,51,43,50,30,20,93,50,43,91,48,43,44,21,23,23,10,13,8,2,6,3,1,2,0,0,0,27,27,1,4,10,6,0,5,1,26,8,18,1,25,0,1,3
58410122,0,,,129,55,74,15,4,11,114,51,63,60,29,31,113,51,62,108,50,58,54,22,32,27,10,17,14,5,9,2,0,2,0,0,0,37,37,5,9,4,10,4,1,4,32,14,18,3,32,0,4,5
58410123,0,,,80,44,36,7,4,3,73,40,33,37,22,15,71,39,32,68,37,31,36,18,18,20,11,9,4,2,2,0,0,0,0,0,0,25,25,1,10,7,2,2,1,2,24,14,10,0,21,0,1,5
58410124,0,,,1038,531,507,152,80,72,854,435,419,696,368,328,812,412,400,791,402,389,158,67,91,49,13,36,21,6,15,3,1,2,8,5,3,462,455,191,96,82,57,19,7,3,259,221,38,42,98,34,27,27
58410125,0,,,2268,1123,1145,282,162,120,1941,940,1001,1294,661,633,1889,906,983,1855,891,964,647,279,368,321,110,211,129,38,91,12,2,10,13,5,8,1025,1024,415,268,175,96,38,17,15,596,473,123,86,451,67,138,92
58410126,0,,,2155,1052,1103,296,147,149,1828,884,944,1247,633,614,1769,855,914,1734,838,896,581,251,330,304,119,185,90,31,59,11,3,8,10,5,5,902,899,323,237,145,104,61,21,8,565,458,107,83,389,28,117,84
58410127,0,,,193,102,91,21,10,11,172,92,80,104,56,48,168,88,80,166,87,79,68,36,32,31,13,18,15,5,10,1,0,1,0,0,0,55,55,4,7,18,14,9,2,1,51,27,24,7,37,0,1,5
58410128,0,,,48,22,26,1,0,1,47,22,25,23,10,13,45,21,24,44,21,23,24,12,12,5,1,4,2,0,2,0,0,0,0,0,0,20,20,4,11,2,0,2,1,0,16,13,3,1,16,0,2,7
58410129,0,,,268,136,132,33,19,14,235,117,118,126,63,63,233,116,117,229,113,116,109,54,55,49,22,27,19,8,11,0,0,0,0,0,0,75,75,10,21,12,11,6,7,8,65,30,35,12,63,0,6,12
58410130,0,,,27,16,11,4,3,1,17,9,8,8,4,4,16,8,8,16,8,8,9,5,4,3,1,2,0,0,0,0,0,0,0,0,0,8,8,0,4,2,0,0,1,1,7,4,3,0,5,0,0,2
58410131,0,,,101,52,49,8,5,3,93,47,46,44,24,20,89,45,44,89,45,44,49,23,26,22,9,13,12,5,7,1,0,1,0,0,0,33,33,5,10,5,7,3,3,0,28,14,14,2,29,0,5,6
58410132,0,,,289,146,143,36,24,12,253,122,131,141,73,68,244,120,124,241,118,123,112,49,63,46,16,30,17,4,13,2,0,2,0,0,0,87,87,8,22,27,15,4,3,8,79,48,31,8,64,0,6,12
58410133,0,,,397,187,210,30,11,19,367,176,191,195,99,96,356,169,187,351,166,185,172,77,95,91,34,57,35,13,22,3,2,1,1,1,0,139,137,20,56,26,19,9,2,5,116,89,27,7,100,1,12,29
58410134,0,,,566,255,311,60,31,29,501,222,279,336,168,168,482,213,269,471,206,265,165,54,111,98,23,75,61,9,52,12,2,10,6,2,4,203,201,64,49,37,26,17,7,1,130,98,32,23,73,4,15,9
58410135,0,,,1369,662,707,184,99,85,1176,557,619,843,423,420,1137,535,602,1115,522,593,333,134,199,168,57,111,51,14,37,5,1,4,3,0,3,570,568,201,157,80,71,38,14,7,358,273,85,53,233,24,56,41
58410136,0,,,1594,790,804,194,98,96,1381,684,697,987,502,485,1323,655,668,1296,640,656,394,182,212,209,96,113,71,28,43,4,1,3,15,10,5,678,678,255,156,128,84,32,19,4,417,323,94,60,260,40,56,53
58410137,0,,,956,489,467,119,67,52,824,416,408,564,291,273,787,395,392,774,388,386,260,125,135,102,45,57,40,14,26,2,0,2,11,5,6,355,354,95,95,64,64,13,13,10,254,193,61,39,154,17,24,39
58410138,0,,,178,95,83,21,14,7,157,81,76,95,47,48,146,73,73,143,71,72,62,34,28,24,11,13,9,3,6,0,0,0,0,0,0,55,55,8,12,14,8,8,3,2,47,34,13,4,37,0,7,7
58410139,0,,,515,261,254,56,32,24,457,228,229,275,139,136,443,222,221,438,221,217,182,89,93,92,38,54,36,10,26,3,0,3,0,0,0,167,166,23,48,43,21,15,11,5,143,85,58,15,112,0,12,18
58410140,0,,,127,60,67,15,9,6,112,51,61,61,30,31,110,50,60,108,48,60,51,21,30,25,7,18,11,1,10,2,0,2,1,0,1,38,38,5,12,6,5,5,1,4,33,16,17,4,32,0,3,7
58410141,0,,,17,10,7,0,0,0,17,10,7,10,6,4,16,9,7,16,9,7,7,4,3,3,2,1,2,1,1,0,0,0,0,0,0,6,6,1,1,3,0,1,0,0,5,3,2,0,4,0,0,0
58410142,0,,,221,104,117,22,13,9,199,91,108,117,57,60,195,90,105,191,87,104,82,34,48,34,10,24,20,5,15,0,0,0,1,0,1,71,71,9,25,11,14,5,2,5,62,37,25,4,52,1,4,12
58410143,0,,,142,71,71,19,12,7,123,59,64,73,36,37,122,59,63,120,57,63,50,23,27,26,9,17,12,3,9,1,1,0,1,0,1,38,38,6,7,6,6,5,4,4,31,14,17,6,31,0,6,2
58410144,0,,,328,163,165,56,26,30,270,135,135,176,90,86,260,128,132,258,126,132,94,45,49,35,14,21,18,7,11,2,0,2,0,0,0,95,95,18,18,17,15,12,5,10,77,45,32,11,58,0,10,13
58410145,0,,,112,59,53,9,5,4,102,54,48,50,27,23,99,52,47,96,51,45,52,27,25,30,13,17,13,6,7,2,0,2,1,0,1,31,29,7,6,6,5,1,1,3,22,13,9,0,20,0,4,2
58410146,0,,,390,174,216,65,35,30,324,138,186,229,100,129,312,133,179,306,131,175,95,38,57,44,16,28,9,1,8,3,1,2,0,0,0,127,127,26,19,35,26,13,4,4,101,74,27,13,60,1,11,7
58410147,0,,,2121,1050,1071,422,238,184,1678,794,884,1355,660,695,1597,754,843,1552,730,822,323,134,189,143,54,89,44,12,32,3,0,3,12,9,3,755,754,169,193,152,146,55,30,9,574,475,99,115,214,26,34,41
58410148,0,,,517,251,266,79,41,38,438,210,228,289,151,138,428,202,226,417,195,222,149,59,90,77,25,52,32,8,24,4,2,2,2,0,2,170,170,33,44,34,30,12,10,7,137,88,49,23,94,4,11,9
58410149,0,,,203,98,105,14,7,7,189,91,98,117,58,59,184,91,93,180,88,92,72,33,39,35,14,21,18,7,11,0,0,0,0,0,0,74,74,17,17,17,19,0,3,1,56,33,23,5,45,0,6,5
58410150,0,,,183,91,92,18,7,11,165,84,81,92,46,46,158,79,79,157,79,78,73,38,35,35,15,20,10,5,5,1,1,0,0,0,0,56,56,9,15,12,8,5,2,5,47,25,22,4,49,0,6,8
58410151,0,,,255,124,131,24,13,11,231,111,120,138,73,65,221,108,113,217,105,112,93,38,55,58,23,35,29,9,20,2,1,1,0,0,0,70,70,10,12,16,12,7,4,9,60,20,40,5,58,0,6,6
58410152,0,,,27,14,13,0,0,0,27,14,13,16,10,6,27,14,13,25,12,13,11,4,7,6,2,4,4,2,2,0,0,0,0,0,0,7,7,0,0,3,2,2,0,0,7,3,4,0,7,0,0,0
58410153,0,,,260,120,140,43,18,25,217,102,115,130,64,66,212,99,113,211,99,112,87,38,49,46,18,28,23,8,15,2,0,2,1,1,0,83,83,18,23,13,13,1,7,8,65,40,25,9,56,0,15,4
58410154,0,,,149,72,77,20,9,11,129,63,66,76,38,38,127,63,64,126,62,64,53,25,28,25,10,15,8,4,4,0,0,0,0,0,0,40,40,8,7,5,5,3,8,4,31,10,21,5,33,0,5,4
58410155,0,,,43,22,21,3,0,3,40,22,18,20,11,9,38,21,17,37,20,17,20,11,9,9,4,5,6,3,3,1,1,0,0,0,0,16,16,3,4,6,2,0,1,0,13,8,5,0,13,0,2,3
58410156,0,,,231,106,125,35,18,17,196,88,108,126,59,67,189,82,107,188,81,107,70,29,41,28,7,21,14,2,12,2,0,2,1,0,1,73,72,15,14,16,11,10,4,2,57,28,29,11,43,0,7,5
58410157,0,,,484,246,238,72,33,39,410,212,198,297,163,134,398,202,196,392,197,195,113,49,64,56,25,31,20,8,12,2,1,1,1,1,0,172,171,41,33,51,23,14,7,2,129,94,35,24,77,10,16,7
58410158,0,,,685,344,341,81,46,35,604,298,306,391,201,190,577,285,292,565,280,285,213,97,116,99,43,56,41,14,27,2,0,2,2,2,0,254,254,65,67,58,32,20,3,9,188,129,59,24,145,5,28,28
58410159,0,,,504,249,255,59,21,38,438,225,213,256,141,115,431,221,210,426,216,210,182,84,98,85,35,50,37,12,25,5,2,3,1,0,1,171,170,44,35,38,23,15,9,6,122,79,43,16,110,7,17,15
58410160,0,,,69,33,36,7,5,2,62,28,34,31,17,14,61,28,33,61,28,33,31,11,20,18,6,12,9,2,7,1,0,1,0,0,0,22,22,4,5,7,1,0,5,0,18,8,10,2,19,0,2,1
58410161,0,,,178,95,83,15,6,9,163,89,74,92,50,42,159,86,73,157,84,73,71,39,32,37,20,17,17,9,8,0,0,0,0,0,0,55,55,7,15,12,7,8,5,1,47,25,22,4,45,0,5,7
58410162,0,,,35,18,17,0,0,0,35,18,17,19,11,8,35,18,17,34,18,16,16,7,9,11,4,7,4,1,3,0,0,0,0,0,0,10,10,1,3,2,0,2,2,0,9,3,6,0,9,0,1,2
58410163,0,,,132,67,65,10,6,4,122,61,61,72,42,30,119,59,60,113,55,58,50,19,31,22,6,16,12,3,9,1,0,1,0,0,0,40,40,3,12,9,7,6,2,1,36,20,16,3,34,0,2,5
58410164,0,,,133,66,67,14,5,9,119,61,58,67,36,31,114,58,56,113,57,56,52,25,27,25,10,15,10,4,6,1,0,1,0,0,0,38,38,6,8,8,4,5,4,3,32,15,17,3,30,0,4,7
58410165,2,58410175,,2,1,1,*,*,*,*,*,*,*,*,*,*,*,*,*,*,*,*,*,*,*,*,*,*,*,*,*,*,*,*,*,*,1,1,*,*,*,*,*,*,*,*,*,*,*,*,*,*,*
58410166,0,,,601,295,306,55,25,30,546,270,276,334,183,151,527,258,269,524,256,268,212,87,125,115,34,81,52,10,42,0,0,0,1,0,1,204,204,33,60,45,35,21,5,5,170,107,63,15,147,0,23,23
58410167,0,,,424,184,240,33,11,22,391,173,218,230,115,115,384,169,215,374,165,209,161,58,103,91,26,65,48,12,36,8,1,7,1,0,1,147,145,37,35,33,23,7,7,3,107,73,34,10,87,0,19,7
58410168,2,58410169,,7,4,3,*,*,*,*,*,*,*,*,*,*,*,*,*,*,*,*,*,*,*,*,*,*,*,*,*,*,*,*,*,*,2,2,*,*,*,*,*,*,*,*,*,*,*,*,*,*,*
58410169,1,,58410168,343,153,190,53,24,29,297,133,164,195,90,105,287,131,156,280,130,150,102,43,59,48,17,31,22,6,16,3,0,3,1,0,1,113,113,28,24,21,21,9,4,8,87,54,33,11,62,9,7,10
58410171,0,,,166,87,79,14,9,5,152,78,74,87,47,40,148,75,73,142,70,72,65,31,34,32,14,18,18,7,11,1,1,0,0,0,0,45,45,6,12,5,8,5,3,6,39,16,23,4,38,0,3,4
58410172,0,,,197,89,108,30,13,17,167,76,91,100,46,54,156,71,85,151,67,84,67,30,37,28,12,16,14,5,9,1,0,1,0,0,0,47,47,6,9,7,3,8,7,7,41,16,25,6,40,0,5,4
58410173,1,,58410183,166,89,77,14,7,7,160,85,75,96,56,40,155,83,72,151,80,71,64,29,35,32,13,19,21,9,12,0,0,0,0,0,0,47,47,8,4,16,11,5,1,4,41,17,24,2,36,0,5,2
58410175,1,,58410165,152,83,69,19,13,6,135,71,64,70,40,30,131,69,62,130,69,61,65,31,34,28,9,19,13,2,11,1,0,1,0,0,0,43,43,7,14,4,6,3,4,6,36,17,19,3,40,0,4,4
58410176,0,,,39,18,21,4,3,1,35,15,20,18,8,10,35,15,20,34,15,19,17,7,10,11,4,7,6,2,4,1,0,1,0,0,0,14,14,4,3,2,2,3,0,0,10,5,5,2,12,0,3,1
58410177,0,,,167,78,89,27,13,14,140,65,75,87,43,44,132,60,72,132,60,72,53,22,31,30,12,18,6,2,4,0,0,0,0,0,0,48,48,3,13,13,9,3,2,5,44,30,14,8,30,0,3,6
58410178,0,,,88,44,44,2,2,0,86,42,44,49,27,22,83,41,42,81,39,42,37,15,22,17,6,11,6,1,5,1,0,1,0,0,0,30,30,4,9,10,1,4,2,0,26,15,11,0,24,0,3,4
58410180,0,,,180,92,88,12,4,8,168,88,80,83,51,32,165,85,80,160,80,80,85,37,48,46,18,28,17,4,13,1,0,1,0,0,0,51,51,4,12,13,9,6,3,4,46,21,25,3,48,0,4,7
58410181,0,,,58,32,26,6,4,2,52,28,24,33,17,16,48,25,23,45,23,22,19,11,8,7,4,3,2,0,2,0,0,0,0,0,0,13,13,1,2,1,2,3,2,2,12,2,10,2,11,0,0,0
58410182,0,,,37,14,23,4,1,3,33,13,20,11,4,7,32,13,19,32,13,19,22,9,13,10,4,6,4,1,3,0,0,0,0,0,0,12,12,3,3,1,3,1,0,1,9,3,6,1,12,0,3,2
58410183,2,58410173,,8,3,5,*,*,*,*,*,*,*,*,*,*,*,*,*,*,*,*,*,*,*,*,*,*,*,*,*,*,*,*,*,*,2,2,*,*,*,*,*,*,*,*,*,*,*,*,*,*,*
58410184,0,,,51,24,27,5,2,3,46,22,24,28,13,15,45,22,23,44,21,23,18,9,9,7,3,4,5,2,3,1,0,1,0,0,0,11,11,0,2,2,2,0,3,2,11,5,6,3,10,0,0,0
58410185,0,,,65,35,30,3,0,3,62,35,27,37,21,16,61,34,27,59,33,26,25,14,11,16,9,7,5,4,1,0,0,0,0,0,0,20,20,3,1,9,3,3,1,0,17,11,6,2,14,0,1,0
58410186,0,,,124,65,59,8,5,3,116,60,56,72,39,33,116,60,56,114,60,54,44,21,23,27,10,17,13,6,7,2,0,2,0,0,0,36,36,6,10,4,8,2,3,3,29,13,16,3,28,0,4,1
58410187,0,,,196,105,91,22,13,9,174,92,82,88,48,40,167,89,78,165,87,78,86,44,42,35,15,20,22,10,12,1,0,1,0,0,0,59,59,9,15,13,6,8,3,5,50,22,28,3,48,0,5,10
58410188,0,,,15,8,7,0,0,0,15,8,7,6,4,2,15,8,7,15,8,7,9,4,5,5,2,3,3,2,1,0,0,0,0,0,0,5,5,1,1,1,1,1,0,0,4,2,2,0,5,0,1,0
58410189,0,,,71,36,35,5,2,3,66,34,32,43,23,20,60,30,30,60,30,30,23,11,12,11,5,6,4,0,4,1,0,1,0,0,0,20,20,1,5,5,3,4,1,1,19,8,11,2,16,0,1,2
58410190,0,,,122,61,61,11,5,6,111,56,55,47,26,21,109,55,54,107,55,52,64,30,34,32,16,16,10,4,6,0,0,0,0,0,0,39,39,3,18,4,5,6,2,1,36,23,13,1,33,0,3,10
58410191,0,,,126,55,71,6,2,4,120,53,67,57,27,30,119,53,66,119,53,66,63,26,37,26,7,19,14,3,11,0,0,0,0,0,0,42,42,7,11,10,8,3,2,1,35,19,16,2,38,0,6,6
58410192,1,,58410193,173,87,86,15,7,8,165,82,83,96,52,44,164,81,83,161,80,81,69,30,39,29,11,18,8,3,5,0,0,0,0,0,0,47,47,6,9,6,8,13,2,4,41,14,27,5,42,0,5,2
58410193,2,58410192,,7,2,5,*,*,*,*,*,*,*,*,*,*,*,*,*,*,*,*,*,*,*,*,*,*,*,*,*,*,*,*,*,*,1,1,*,*,*,*,*,*,*,*,*,*,*,*,*,*,*
58410194,0,,,37,20,17,7,6,1,30,14,16,16,7,9,28,13,15,27,12,15,14,7,7,4,2,2,1,1,0,0,0,0,0,0,0,10,10,1,3,2,1,0,1,2,9,4,5,2,8,0,0,2
58410195,0,,,291,149,142,27,15,12,264,134,130,150,82,68,258,130,128,255,128,127,114,52,62,58,25,33,21,7,14,1,0,1,0,0,0,90,90,12,28,19,12,8,4,7,78,50,28,6,70,0,7,12
58410196,0,,,67,34,33,2,0,2,65,34,31,27,16,11,65,34,31,64,33,31,38,18,20,15,6,9,10,3,7,2,1,1,0,0,0,26,26,5,9,8,1,2,1,0,21,15,6,0,24,0,3,5
58410197,0,,,182,91,91,10,7,3,172,84,88,99,50,49,167,80,87,165,78,87,73,34,39,30,10,20,11,4,7,1,0,1,14,0,14,70,70,24,13,16,10,2,2,3,46,23,23,2,46,1,8,6
58410200,0,,,252,121,131,23,11,12,229,110,119,144,72,72,223,109,114,215,105,110,85,38,47,37,14,23,15,4,11,1,0,1,0,0,0,79,79,10,26,15,13,6,5,4,69,42,27,6,56,0,4,11
58410201,0,,,145,69,76,13,6,7,132,63,69,68,39,29,131,63,68,128,60,68,64,24,40,33,11,22,13,5,8,1,0,1,0,0,0,46,46,9,10,9,8,5,4,1,37,15,22,3,42,0,8,5
58410202,0,,,28,14,14,0,0,0,28,14,14,14,7,7,28,14,14,28,14,14,14,7,7,8,3,5,2,1,1,1,0,1,0,0,0,11,11,2,5,2,1,0,1,0,9,6,3,0,10,0,2,1
58410206,2,58410207,,7,3,4,*,*,*,*,*,*,*,*,*,*,*,*,*,*,*,*,*,*,*,*,*,*,*,*,*,*,*,*,*,*,2,2,*,*,*,*,*,*,*,*,*,*,*,*,*,*,*
58410207,1,,58410206,16,10,6,1,1,0,22,12,10,10,5,5,22,12,10,22,12,10,12,7,5,3,1,2,2,0,2,0,0,0,0,0,0,7,7,2,1,5,1,0,0,0,7,5,2,1,8,0,2,1
58410208,2,58410209,,6,3,3,*,*,*,*,*,*,*,*,*,*,*,*,*,*,*,*,*,*,*,*,*,*,*,*,*,*,*,*,*,*,2,2,*,*,*,*,*,*,*,*,*,*,*,*,*,*,*
58410209,1,,58410208;58410219,10,5,5,3,3,0,17,8,9,10,5,5,17,8,9,17,8,9,7,3,4,5,1,4,3,1,2,0,0,0,0,0,0,3,3,1,0,5,1,0,0,0,6,2,4,1,5,0,0,0
58410210,0,,,236,108,128,13,7,6,223,101,122,101,54,47,218,97,121,214,95,119,122,47,75,73,20,53,40,7,33,10,2,8,1,0,1,68,65,10,14,17,11,9,2,2,54,23,31,2,59,0,10,8
58410211,0,,,104,54,50,9,5,4,95,49,46,54,30,24,91,48,43,90,48,42,41,19,22,16,7,9,7,3,4,1,0,1,1,0,1,28,28,2,6,6,4,5,4,1,26,11,15,3,23,0,1,3
58410212,0,,,13,5,8,0,0,0,13,5,8,8,4,4,13,5,8,13,5,8,5,1,4,3,0,3,1,0,1,0,0,0,0,0,0,5,5,1,2,1,0,1,0,0,4,3,1,0,4,0,1,1
58410213,0,,,17,6,11,2,0,2,15,6,9,9,4,5,15,6,9,15,6,9,6,2,4,2,0,2,0,0,0,0,0,0,0,0,0,5,5,0,1,2,1,1,0,0,5,2,3,1,4,0,0,1
58410219,2,58410209,,4,3,1,*,*,*,*,*,*,*,*,*,*,*,*,*,*,*,*,*,*,*,*,*,*,*,*,*,*,*,*,*,*,2,2,*,*,*,*,*,*,*,*,*,*,*,*,*,*,*
58410220,2,58410230,,12,6,6,*,*,*,*,*,*,*,*,*,*,*,*,*,*,*,*,*,*,*,*,*,*,*,*,*,*,*,*,*,*,2,2,*,*,*,*,*,*,*,*,*,*,*,*,*,*,*
58410221,0,,,44,22,22,3,2,1,41,20,21,26,15,11,41,20,21,41,20,21,15,5,10,9,3,6,3,1,2,1,0,1,0,0,0,11,11,1,2,2,2,1,1,2,10,4,6,2,10,0,1,2
58410222,0,,,120,47,73,14,4,10,106,43,63,56,24,32,106,43,63,106,43,63,50,19,31,20,5,15,13,4,9,1,0,1,0,0,0,34,34,3,6,11,6,1,6,1,31,14,17,5,30,0,3,4
58410223,0,,,138,63,75,6,4,2,132,59,73,74,35,39,129,58,71,127,57,70,58,24,34,35,11,24,17,6,11,1,1,0,0,0,0,43,43,6,11,11,4,6,4,1,37,18,19,1,37,0,4,3
58410224,0,,,30,16,14,1,1,0,29,15,14,18,10,8,29,15,14,28,14,14,11,5,6,3,2,1,1,0,1,0,0,0,0,0,0,11,11,2,3,3,2,1,0,0,9,6,3,0,8,0,1,2
58410230,1,,58410220,47,23,24,6,3,3,53,26,27,34,18,16,52,26,26,52,26,26,19,8,11,9,2,7,9,2,7,1,0,1,0,0,0,11,11,0,2,2,3,3,1,2,13,5,8,1,9,0,0,1
58410231,0,,,283,128,155,25,11,14,258,117,141,140,67,73,249,114,135,248,114,134,118,50,68,55,18,37,24,6,18,1,0,1,0,0,0,85,85,10,18,24,14,7,10,2,74,37,37,7,70,0,9,9
58410232,0,,,104,47,57,6,2,4,98,45,53,46,23,23,93,43,50,92,43,49,52,22,30,20,7,13,11,4,7,0,0,0,0,0,0,34,34,6,6,13,2,5,1,1,28,15,13,2,33,0,6,3
58410233,0,,,78,36,42,5,2,3,73,34,39,45,21,24,69,34,35,69,34,35,28,13,15,15,6,9,1,0,1,0,0,0,0,0,0,28,28,6,6,10,2,2,2,0,22,13,9,1,20,0,5,1
58410234,0,,,55,30,25,6,4,2,49,26,23,28,15,13,45,25,20,45,25,20,21,11,10,13,5,8,5,1,4,1,0,1,0,0,0,17,17,2,5,4,2,2,1,1,15,7,8,0,13,0,2,1
58410235,0,,,17,10,7,0,0,0,17,10,7,12,8,4,17,10,7,17,10,7,5,2,3,3,1,2,3,1,2,0,0,0,0,0,0,6,6,1,1,2,2,0,0,0,5,2,3,0,5,0,1,0
58410240,0,,,106,53,53,6,4,2,100,49,51,60,34,26,99,48,51,97,46,51,40,15,25,21,6,15,7,3,4,1,0,1,0,0,0,39,39,5,13,12,7,1,1,0,34,25,9,2,27,0,4,3
58410241,0,,,454,239,215,39,25,14,415,214,201,245,137,108,400,208,192,393,203,190,170,77,93,86,35,51,37,14,23,2,1,1,2,0,2,149,149,22,43,33,29,7,9,6,127,75,52,9,105,0,12,19
58410242,0,,,344,160,184,29,20,9,315,140,175,140,73,67,305,134,171,298,130,168,175,67,108,112,36,76,59,11,48,11,0,11,1,0,1,87,86,11,25,19,11,5,5,10,75,42,33,6,75,0,10,15
58410243,0,,,757,355,402,53,30,23,704,325,379,363,183,180,681,316,365,668,308,360,341,142,199,194,74,120,88,31,57,11,2,9,3,1,2,278,276,77,87,44,33,20,10,5,199,131,68,12,205,1,53,42
58410244,0,,,59,26,33,13,5,8,46,21,25,37,16,21,45,21,24,45,21,24,9,5,4,4,2,2,2,1,1,0,0,0,0,0,0,29,29,12,8,7,0,2,0,0,17,16,1,5,8,0,4,1
58410245,0,,,18,7,11,1,0,1,17,7,10,5,3,2,16,6,10,16,6,10,12,4,8,3,0,3,3,0,3,0,0,0,0,0,0,6,6,1,1,2,1,1,0,0,5,1,4,0,6,0,1,1
58410246,2,58410247,,9,6,3,*,*,*,*,*,*,*,*,*,*,*,*,*,*,*,*,*,*,*,*,*,*,*,*,*,*,*,*,*,*,4,4,*,*,*,*,*,*,*,*,*,*,*,*,*,*,*
58410247,1,,58410246,18,9,9,1,1,0,26,14,12,8,5,3,26,14,12,26,14,12,18,9,9,12,6,6,5,2,3,0,0,0,0,0,0,9,9,5,5,1,1,1,0,0,8,6,2,1,13,0,5,3
58410250,0,,,205,103,102,13,7,6,192,96,96,111,63,48,188,93,95,186,92,94,81,33,48,44,16,28,17,5,12,1,0,1,8,0,8,74,73,19,18,16,12,2,3,3,53,35,18,5,46,7,6,11
58410251,0,,,54,25,29,4,0,4,50,25,25,27,15,12,49,24,25,48,24,24,23,10,13,9,2,7,3,1,2,0,0,0,0,0,0,18,18,1,5,7,3,2,0,0,17,11,6,2,14,0,0,4
58410252,0,,,39,16,23,2,0,2,37,16,21,18,8,10,37,16,21,37,16,21,19,8,11,8,5,3,1,0,1,0,0,0,0,0,0,10,10,0,1,3,4,0,2,0,10,5,5,0,10,0,0,1
58410253,0,,,224,106,118,23,10,13,201,96,105,101,48,53,195,94,101,192,93,99,100,48,52,52,21,31,17,7,10,2,1,1,1,0,1,87,87,26,26,15,9,4,4,3,61,44,17,5,67,0,23,15
58410254,0,,,113,58,55,12,9,3,101,49,52,76,36,40,96,47,49,91,44,47,25,13,12,9,5,4,4,2,2,0,0,0,4,2,2,45,45,10,14,12,7,1,1,0,34,27,7,4,17,2,2,4
58410255,0,,,76,37,39,7,2,5,69,35,34,39,20,19,66,34,32,65,33,32,30,15,15,15,5,10,2,0,2,0,0,0,1,0,1,24,24,3,9,6,1,0,2,3,20,13,7,2,22,0,2,3
58410256,0,,,34,14,20,5,1,4,29,13,16,13,7,6,28,13,15,28,13,15,16,6,10,8,3,5,6,2,4,0,0,0,0,0,0,12,12,4,3,1,2,0,1,1,8,4,4,1,11,0,4,1
58410260,0,,,474,244,230,41,24,17,428,216,212,250,125,125,420,214,206,411,208,203,178,91,87,85,35,50,31,8,23,1,0,1,6,1,5,151,149,28,34,35,26,12,7,7,119,68,51,11,107,4,15,16
58410261,0,,,315,111,204,12,5,7,303,106,197,66,32,34,299,105,194,298,105,193,237,74,163,200,55,145,131,30,101,16,3,13,0,0,0,49,47,10,11,17,1,2,3,3,37,17,20,3,40,0,7,5
58410262,0,,,205,101,104,21,6,15,184,95,89,103,54,49,179,91,88,177,91,86,81,41,40,44,17,27,22,8,14,3,0,3,0,0,0,55,55,6,13,9,10,8,3,6,49,20,29,5,47,0,6,6
58410263,0,,,74,35,39,12,3,9,62,32,30,34,19,15,60,30,30,58,29,29,28,13,15,16,7,9,5,1,4,0,0,0,1,0,1,22,22,4,10,0,1,1,3,3,18,11,7,2,16,0,2,5
58410265,0,,,35,15,20,5,0,5,30,15,15,14,8,6,29,14,15,29,14,15,16,7,9,3,0,3,2,0,2,0,0,0,0,0,0,10,10,2,2,1,2,1,1,1,8,3,5,2,10,0,2,1
58410266,1,,58410276,65,31,34,9,3,6,63,31,32,30,16,14,62,30,32,60,29,31,33,15,18,13,4,9,8,2,6,2,1,1,0,0,0,21,21,2,5,8,3,1,2,1,20,11,9,1,22,0,2,2
58410270,0,,,390,186,204,39,20,19,351,166,185,203,98,105,344,163,181,338,162,176,148,68,80,73,26,47,34,9,25,5,1,4,2,0,2,133,133,23,37,38,17,6,7,5,109,69,40,5,94,0,15,13
58410271,0,,,372,186,186,27,11,16,345,175,170,197,109,88,339,172,167,336,171,165,148,66,82,81,28,53,31,6,25,0,0,0,0,0,0,137,136,28,42,36,15,7,6,2,108,69,39,8,97,0,15,15
58410272,0,,,297,161,136,31,15,16,264,144,120,159,90,69,258,140,118,256,140,116,105,54,51,49,20,29,27,11,16,3,1,2,1,0,1,109,109,31,25,23,14,8,7,1,78,52,26,12,69,4,13,13
58410273,0,,,88,45,43,6,3,3,82,42,40,52,28,24,80,41,39,78,41,37,30,14,16,12,4,8,3,0,3,0,0,0,0,0,0,30,30,4,9,7,6,3,1,0,26,16,10,1,21,0,1,4
58410274,0,,,21,12,9,0,0,0,21,12,9,11,7,4,20,12,8,20,12,8,10,5,5,4,3,1,2,1,1,0,0,0,0,0,0,7,7,1,1,3,1,1,0,0,6,4,2,0,5,0,0,1
58410276,2,58410266,,7,3,4,*,*,*,*,*,*,*,*,*,*,*,*,*,*,*,*,*,*,*,*,*,*,*,*,*,*,*,*,*,*,1,1,*,*,*,*,*,*,*,*,*,*,*,*,*,*,*
58410277,1,,58410278;58410279,28,16,12,8,5,3,33,21,12,21,14,7,31,19,12,30,19,11,12,7,5,2,0,2,1,0,1,0,0,0,0,0,0,8,8,2,3,2,1,2,1,1,10,6,4,2,8,0,2,1
58410278,2,58410277,,9,7,2,*,*,*,*,*,*,*,*,*,*,*,*,*,*,*,*,*,*,*,*,*,*,*,*,*,*,*,*,*,*,3,3,*,*,*,*,*,*,*,*,*,*,*,*,*,*,*
58410279,2,58410277,,4,3,1,*,*,*,*,*,*,*,*,*,*,*,*,*,*,*,*,*,*,*,*,*,*,*,*,*,*,*,*,*,*,1,1,*,*,*,*,*,*,*,*,*,*,*,*,*,*,*
58410280,0,,,193,88,105,20,10,10,173,78,95,79,47,32,167,74,93,166,73,93,94,31,63,68,14,54,28,4,24,4,0,4,1,0,1,53,52,10,16,7,6,7,5,1,42,23,19,3,39,0,5,7
58410281,0,,,206,95,111,20,8,12,186,87,99,91,45,46,180,84,96,178,84,94,95,42,53,42,14,28,16,2,14,1,0,1,0,0,0,62,62,12,13,13,5,10,5,4,50,21,29,3,57,0,9,7
58410282,0,,,107,48,59,15,7,8,92,41,51,51,28,23,90,39,51,88,38,50,41,13,28,22,3,19,13,1,12,1,0,1,0,0,0,34,33,7,9,8,3,3,1,2,26,17,9,4,20,0,4,4
58410283,0,,,115,61,54,14,8,6,101,53,48,59,33,26,98,52,46,96,51,45,42,20,22,15,4,11,4,1,3,0,0,0,0,0,0,35,35,5,8,11,5,1,2,3,29,17,12,2,29,0,5,5
58410284,0,,,133,65,68,13,8,5,120,57,63,54,30,24,118,55,63,114,53,61,66,27,39,40,18,22,21,10,11,1,0,1,1,0,1,45,45,9,12,11,6,3,2,2,36,17,19,2,43,0,8,6
58410285,0,,,35,16,19,1,1,0,34,15,19,20,10,10,34,15,19,33,14,19,14,5,9,8,3,5,4,1,3,0,0,0,0,0,0,15,15,3,7,3,1,1,0,0,12,8,4,1,11,0,2,4
58410286,2,58410296,,6,3,3,*,*,*,*,*,*,*,*,*,*,*,*,*,*,*,*,*,*,*,*,*,*,*,*,*,*,*,*,*,*,2,2,*,*,*,*,*,*,*,*,*,*,*,*,*,*,*
58410290,0,,,257,118,139,27,9,18,230,109,121,134,68,66,228,107,121,224,106,118,96,41,55,46,15,31,25,7,18,3,0,3,2,0,2,78,78,6,27,16,10,10,5,4,72,37,35,8,62,0,2,14
58410291,0,,,305,149,156,40,17,23,265,132,133,151,75,76,255,126,129,253,125,128,114,57,57,41,14,27,18,4,14,3,2,1,1,0,1,85,85,11,21,15,11,12,6,9,74,35,39,6,72,0,7,11
58410292,0,,,21,11,10,1,0,1,20,11,9,7,3,4,20,11,9,19,11,8,13,8,5,5,2,3,2,0,2,0,0,0,0,0,0,9,9,4,0,3,2,0,0,0,5,2,3,0,8,0,4,0
58410293,0,,,29,10,19,6,1,5,23,9,14,14,6,8,21,7,14,21,7,14,9,3,6,4,1,3,2,1,1,0,0,0,0,0,0,9,9,2,2,1,2,1,0,1,7,4,3,2,7,0,1,1
58410295,0,,,104,52,52,9,4,5,95,48,47,55,32,23,90,46,44,88,44,44,40,16,24,22,8,14,7,2,5,0,0,0,0,0,0,30,30,2,10,9,2,0,4,3,28,15,13,1,25,0,2,4
58410296,1,,58410286,136,65,71,9,7,2,133,61,72,64,33,31,129,58,71,128,58,70,69,28,41,29,11,18,8,1,7,0,0,0,1,0,1,55,55,18,16,12,5,3,1,2,39,25,14,1,47,0,13,10
58410297,1,,58410298;58410299,11,6,5,2,0,2,18,9,9,12,7,5,18,9,9,18,9,9,6,2,4,3,1,2,3,1,2,0,0,0,0,0,0,5,5,2,1,2,1,0,1,0,5,2,3,1,4,0,1,0
58410298,2,58410297,,3,1,2,*,*,*,*,*,*,*,*,*,*,*,*,*,*,*,*,*,*,*,*,*,*,*,*,*,*,*,*,*,*,1,1,*,*,*,*,*,*,*,*,*,*,*,*,*,*,*
58410299,2,58410297,,6,2,4,*,*,*,*,*,*,*,*,*,*,*,*,*,*,*,*,*,*,*,*,*,*,*,*,*,*,*,*,*,*,1,1,*,*,*,*,*,*,*,*,*,*,*,*,*,*,*
58410303,0,,,88,39,49,9,5,4,79,34,45,50,24,26,78,34,44,77,33,44,29,10,19,18,5,13,9,1,8,0,0,0,0,0,0,25,25,2,5,6,6,3,2,1,23,9,14,2,20,0,1,1
58410304,0,,,20,8,12,4,2,2,16,6,10,10,4,6,15,6,9,15,6,9,6,2,4,4,1,3,2,0,2,0,0,0,0,0,0,5,5,1,1,0,1,0,1,1,4,1,3,1,5,0,1,0
58410305,0,,,176,90,86,7,3,4,169,87,82,99,54,45,166,85,81,165,85,80,70,33,37,35,12,23,12,3,9,0,0,0,0,0,0,75,75,26,23,10,9,5,1,1,49,34,15,3,50,1,12,8
58410306,1,,58410307,160,73,87,7,3,4,160,74,86,91,45,46,154,71,83,149,70,79,69,29,40,46,17,29,19,7,12,2,0,2,1,0,1,61,61,15,23,12,7,2,3,2,48,30,18,2,47,0,8,7
58410307,2,58410306,,7,4,3,*,*,*,*,*,*,*,*,*,*,*,*,*,*,*,*,*,*,*,*,*,*,*,*,*,*,*,*,*,*,3,3,*,*,*,*,*,*,*,*,*,*,*,*,*,*,*
58410312,0,,,14,10,4,3,3,0,11,7,4,7,3,4,11,7,4,11,7,4,4,4,0,1,1,0,0,0,0,0,0,0,0,0,0,4,4,1,1,0,1,0,0,1,3,0,3,1,3,0,1,0
58410313,0,,,94,49,45,10,4,6,84,45,39,48,27,21,82,45,37,81,44,37,36,18,18,16,7,9,4,0,4,0,0,0,0,0,0,27,27,2,6,8,6,0,3,2,25,13,12,1,22,0,2,3
58410314,0,,,206,104,102,23,10,13,183,94,89,120,62,58,176,88,88,171,87,84,63,32,31,29,16,13,5,3,2,0,0,0,0,0,0,64,64,5,22,13,10,8,4,2,59,41,18,3,42,0,4,8
58410315,0,,,389,197,192,49,28,21,339,169,170,219,114,105,327,164,163,325,163,162,120,55,65,62,22,40,25,7,18,2,1,1,3,1,2,153,153,45,37,27,34,8,1,1,108,75,33,18,88,3,22,14
58410316,0,,,686,315,371,56,30,26,629,284,345,345,166,179,617,277,340,607,272,335,284,118,166,168,61,107,51,11,40,5,0,5,16,0,16,324,324,142,91,45,24,10,7,5,180,133,47,17,211,16,78,37
58410317,0,,,623,277,346,37,16,21,586,261,325,251,128,123,572,255,317,568,253,315,335,133,202,236,78,158,125,33,92,20,6,14,8,0,8,212,209,57,80,31,19,8,7,7,152,104,48,11,158,5,37,32
58410318,0,,,325,139,186,16,9,7,309,130,179,135,58,77,301,130,171,298,128,170,174,72,102,120,41,79,74,21,53,10,2,8,4,1,3,85,84,21,17,18,12,7,6,3,62,27,35,5,64,3,10,9
58410319,0,,,94,45,49,10,5,5,84,40,44,52,27,25,82,38,44,81,38,43,32,13,19,20,7,13,3,0,3,1,0,1,0,0,0,24,24,2,2,8,4,4,2,2,21,8,13,3,21,0,2,2
58410323,0,,,45,21,24,6,2,4,39,19,20,23,12,11,38,18,20,38,18,20,16,7,9,11,5,6,2,0,2,0,0,0,0,0,0,16,16,5,3,4,1,1,1,1,11,5,6,2,9,0,1,2
58410324,0,,,397,217,180,36,22,14,361,195,166,231,135,96,351,190,161,347,188,159,130,60,70,52,19,33,14,1,13,3,0,3,0,0,0,152,152,49,35,33,15,9,6,5,103,72,31,8,88,5,20,13
58410325,0,,,456,212,244,36,22,14,419,189,230,258,113,145,403,183,220,395,181,214,161,76,85,61,20,41,16,7,9,1,0,1,27,0,27,220,220,89,75,30,13,5,6,2,130,103,27,6,113,18,27,34
58410326,1,,58410336,499,245,254,73,40,33,433,208,225,292,144,148,422,202,220,416,200,216,141,64,77,61,24,37,22,8,14,0,0,0,17,0,17,180,180,50,43,35,31,14,8,3,134,84,50,19,96,6,12,11
58410327,0,,,223,116,107,15,8,7,208,108,100,124,66,58,196,102,94,191,97,94,84,42,42,37,18,19,9,4,5,2,1,1,12,9,3,93,93,35,27,12,7,5,5,2,58,41,17,2,57,10,8,17
58410332,0,,,33,18,15,3,2,1,30,16,14,20,10,10,28,15,13,28,15,13,10,6,4,6,3,3,2,1,1,0,0,0,0,0,0,9,9,0,1,3,3,2,0,0,9,5,4,0,7,0,0,1
58410333,0,,,277,136,141,31,14,17,246,122,124,142,72,70,239,118,121,237,118,119,104,50,54,50,21,29,18,4,14,1,0,1,2,1,1,112,112,32,38,14,19,5,3,1,80,61,19,10,73,2,20,14
58410334,0,,,82,42,40,9,3,6,73,39,34,44,24,20,71,38,33,70,37,33,29,15,14,12,5,7,6,1,5,0,0,0,0,0,0,24,24,3,5,6,4,1,5,0,21,9,12,1,17,0,2,1
58410336,2,58410326,,7,3,4,*,*,*,*,*,*,*,*,*,*,*,*,*,*,*,*,*,*,*,*,*,*,*,*,*,*,*,*,*,*,4,4,*,*,*,*,*,*,*,*,*,*,*,*,*,*,*
58410337,0,,,40,17,23,1,0,1,39,17,22,29,14,15,37,16,21,37,16,21,10,3,7,5,2,3,1,0,1,0,0,0,5,0,5,19,19,9,4,3,2,0,1,0,10,9,1,0,8,4,3,0
58410338,0,,,154,80,74,13,7,6,141,73,68,81,43,38,135,70,65,134,70,64,60,30,30,30,15,15,13,5,8,2,0,2,0,0,0,53,53,10,12,16,8,4,2,1,43,27,16,3,39,0,8,3
58410339,0,,,120,63,57,7,4,3,113,59,54,58,31,27,112,58,54,112,58,54,55,28,27,29,13,16,8,2,6,1,0,1,2,0,2,46,46,10,18,9,4,1,3,1,35,24,11,3,39,0,8,6
58410341,0,,,95,38,57,10,6,4,85,32,53,45,17,28,80,30,50,77,29,48,40,15,25,23,10,13,12,5,7,0,0,0,1,0,1,25,25,3,4,8,3,0,2,5,22,9,13,0,24,0,3,3
58410342,0,,,236,128,108,18,8,10,218,120,98,127,75,52,214,117,97,213,117,96,91,45,46,45,20,25,23,7,16,2,0,2,0,0,0,83,83,14,30,18,10,4,3,4,69,46,23,7,57,1,4,7
58410343,0,,,177,86,91,22,12,10,155,74,81,94,49,45,148,70,78,147,69,78,61,25,36,32,10,22,15,4,11,0,0,0,1,0,1,60,60,13,14,13,13,3,1,3,47,23,24,5,44,0,6,7
58410344,1,,58410345,58,26,32,2,1,1,58,26,32,36,16,20,56,25,31,54,24,30,22,10,12,11,5,6,7,3,4,0,0,0,5,0,5,25,25,9,7,3,7,0,0,0,17,12,5,1,17,4,4,3
58410345,2,58410344,,2,1,1,*,*,*,*,*,*,*,*,*,*,*,*,*,*,*,*,*,*,*,*,*,*,*,*,*,*,*,*,*,*,1,1,*,*,*,*,*,*,*,*,*,*,*,*,*,*,*
58410348,2,58410358,,7,3,4,*,*,*,*,*,*,*,*,*,*,*,*,*,*,*,*,*,*,*,*,*,*,*,*,*,*,*,*,*,*,5,5,*,*,*,*,*,*,*,*,*,*,*,*,*,*,*
58410351,0,,,26,14,12,2,1,1,24,13,11,16,9,7,24,13,11,24,13,11,8,4,4,6,3,3,4,2,2,0,0,0,0,0,0,8,8,2,2,1,1,0,1,1,6,4,2,1,5,0,1,1
58410352,0,,,132,66,66,10,6,4,122,60,62,76,42,34,121,59,62,120,59,61,46,18,28,30,12,18,10,3,7,0,0,0,2,0,2,39,39,3,9,8,11,5,3,0,36,14,22,4,31,0,2,3
58410353,0,,,204,93,111,10,6,4,194,87,107,87,48,39,187,86,101,184,83,101,107,39,68,82,23,59,50,11,39,10,1,9,0,0,0,50,49,7,16,9,8,2,5,2,42,21,21,0,41,0,5,3
58410354,1,,58410355,142,72,70,18,10,8,132,65,67,70,34,36,126,64,62,122,63,59,62,31,31,30,15,15,10,2,8,2,0,2,2,0,2,41,40,6,7,12,5,6,2,4,36,14,22,2,36,0,4,6
58410355,2,58410354,,8,3,5,*,*,*,*,*,*,*,*,*,*,*,*,*,*,*,*,*,*,*,*,*,*,*,*,*,*,*,*,*,*,2,2,*,*,*,*,*,*,*,*,*,*,*,*,*,*,*
58410358,1,,58410348;58410367,3,2,1,2,0,2,15,8,7,8,5,3,15,8,7,15,8,7,7,3,4,2,0,2,0,0,0,0,0,0,0,0,0,1,1,5,0,2,0,0,1,0,3,2,1,1,5,0,2,0
58410363,0,,,141,70,71,7,5,2,134,65,69,67,33,34,131,63,68,130,63,67,67,32,35,38,14,24,11,3,8,0,0,0,2,0,2,45,45,3,14,12,9,5,1,1,42,26,16,2,36,0,2,6
58410364,0,,,93,46,47,6,3,3,87,43,44,51,27,24,83,42,41,81,40,41,36,16,20,15,6,9,3,2,1,0,0,0,0,0,0,30,30,6,6,7,7,1,0,3,24,13,11,2,22,0,3,3
58410367,2,58410358,,7,3,4,*,*,*,*,*,*,*,*,*,*,*,*,*,*,*,*,*,*,*,*,*,*,*,*,*,*,*,*,*,*,2,2,*,*,*,*,*,*,*,*,*,*,*,*,*,*,*
58410370,1,,58410390,10,6,4,0,0,0,16,10,6,5,5,0,16,10,6,16,10,6,11,5,6,6,3,3,2,1,1,0,0,0,0,0,0,5,5,2,4,2,0,0,0,0,6,4,2,0,7,0,1,1
58410373,2,58410374,,5,2,3,*,*,*,*,*,*,*,*,*,*,*,*,*,*,*,*,*,*,*,*,*,*,*,*,*,*,*,*,*,*,1,1,*,*,*,*,*,*,*,*,*,*,*,*,*,*,*
58410374,1,,58410373,36,18,18,5,4,1,36,16,20,19,8,11,36,16,20,36,16,20,17,8,9,11,5,6,4,2,2,0,0,0,0,0,0,12,12,1,4,5,1,1,0,1,12,8,4,2,11,0,0,2
58410375,2,58410376,,2,1,1,*,*,*,*,*,*,*,*,*,*,*,*,*,*,*,*,*,*,*,*,*,*,*,*,*,*,*,*,*,*,1,1,*,*,*,*,*,*,*,*,*,*,*,*,*,*,*
58410376,1,,58410375,16,7,9,1,0,1,17,8,9,7,3,4,17,8,9,17,8,9,10,5,5,7,4,3,1,1,0,0,0,0,0,0,0,8,8,4,3,0,2,0,0,0,5,4,1,1,7,0,3,1
58410377,2,58410378,,5,2,3,*,*,*,*,*,*,*,*,*,*,*,*,*,*,*,*,*,*,*,*,*,*,*,*,*,*,*,*,*,*,1,1,*,*,*,*,*,*,*,*,*,*,*,*,*,*,*
58410378,1,,58410377,56,35,21,5,4,1,56,33,23,32,18,14,55,32,23,55,32,23,24,15,9,11,7,4,3,1,2,0,0,0,0,0,0,19,19,5,5,4,1,2,2,1,15,9,6,2,15,0,2,2
58410379,0,,,33,18,15,1,1,0,32,17,15,17,9,8,30,16,14,30,16,14,15,8,7,9,3,6,4,1,3,0,0,0,0,0,0,13,13,3,5,3,0,1,1,0,10,8,2,0,11,0,1,2
58410388,2,58410389,,12,7,5,*,*,*,*,*,*,*,*,*,*,*,*,*,*,*,*,*,*,*,*,*,*,*,*,*,*,*,*,*,*,3,3,*,*,*,*,*,*,*,*,*,*,*,*,*,*,*
58410389,1,,58410388,37,20,17,6,4,2,43,23,20,26,14,12,43,23,20,43,23,20,17,9,8,10,5,5,5,2,3,0,0,0,0,0,0,11,11,1,4,3,2,2,1,1,12,5,7,2,9,0,0,1
58410390,2,58410370,,6,4,2,*,*,*,*,*,*,*,*,*,*,*,*,*,*,*,*,*,*,*,*,*,*,*,*,*,*,*,*,*,*,3,3,*,*,*,*,*,*,*,*,*,*,*,*,*,*,*
58410391,1,,58410392,16,9,7,2,1,1,18,10,8,11,8,3,18,10,8,18,10,8,7,2,5,4,0,4,2,0,2,0,0,0,0,0,0,4,4,0,1,1,2,0,0,1,5,3,2,0,4,0,0,1
58410392,2,58410391,,4,2,2,*,*,*,*,*,*,*,*,*,*,*,*,*,*,*,*,*,*,*,*,*,*,*,*,*,*,*,*,*,*,1,1,*,*,*,*,*,*,*,*,*,*,*,*,*,*,*
58410430,0,,,204,101,103,20,9,11,184,92,92,113,60,53,170,81,89,168,80,88,71,32,39,39,16,23,12,4,8,2,0,2,0,0,0,56,56,5,11,18,2,9,8,3,51,24,27,4,47,0,3,7
58410434,0,,,95,44,51,12,2,10,83,42,41,43,24,19,80,40,40,80,40,40,40,18,22,16,7,9,8,2,6,1,0,1,0,0,0,24,24,1,5,5,6,2,2,3,23,11,12,5,23,0,1,1
58410440,0,,,149,71,78,15,9,6,134,62,72,78,40,38,129,61,68,127,61,66,56,22,34,32,10,22,11,2,9,1,0,1,0,0,0,44,44,7,11,7,8,2,6,3,37,16,21,4,36,0,4,3
58410441,0,,,162,69,93,9,7,2,153,62,91,48,31,17,152,62,90,151,61,90,105,31,74,90,22,68,56,14,42,7,1,6,0,0,0,24,23,4,3,8,2,3,2,1,19,12,7,3,15,0,1,1
58410444,0,,,295,158,137,29,15,14,266,143,123,169,93,76,262,141,121,256,137,119,97,50,47,50,21,29,25,14,11,0,0,0,9,1,8,84,84,15,20,12,13,7,8,9,67,31,36,9,63,7,3,6
58410445,0,,,38,20,18,10,5,5,28,15,13,15,8,7,28,15,13,28,15,13,13,7,6,7,3,4,4,2,2,1,0,1,0,0,0,9,9,0,1,3,3,0,0,2,9,6,3,3,7,0,0,1
58410450,0,,,24,13,11,0,0,0,24,13,11,13,6,7,23,12,11,23,12,11,11,7,4,5,2,3,2,1,1,1,0,1,0,0,0,9,9,1,3,3,2,0,0,0,8,4,4,0,8,0,1,1
58410451,0,,,43,18,25,6,2,4,37,16,21,21,10,11,37,16,21,37,16,21,16,6,10,9,2,7,6,2,4,0,0,0,0,0,0,12,12,0,3,4,3,1,0,1,12,7,5,3,11,0,0,3
58410452,2,58410453,,15,5,10,*,*,*,*,*,*,*,*,*,*,*,*,*,*,*,*,*,*,*,*,*,*,*,*,*,*,*,*,*,*,3,3,*,*,*,*,*,*,*,*,*,*,*,*,*,*,*
58410453,1,,58410452,217,107,110,18,6,12,214,106,108,136,69,67,211,106,105,208,106,102,78,37,41,40,16,24,21,10,11,0,0,0,1,0,1,68,68,9,16,16,17,6,4,3,62,31,31,6,50,0,3,6
58410454,0,,,119,56,63,12,9,3,107,47,60,64,33,31,102,46,56,101,45,56,43,14,29,30,9,21,14,3,11,3,0,3,2,0,2,33,33,7,4,5,7,4,2,4,24,8,16,3,27,2,5,0
58410460,0,,,31,21,10,3,2,1,28,19,9,12,10,2,28,19,9,28,19,9,16,9,7,9,4,5,3,1,2,0,0,0,0,0,0,14,14,6,4,2,1,0,0,1,8,6,2,0,9,0,1,2
58410461,0,,,547,270,277,62,30,32,485,240,245,304,155,149,469,230,239,461,225,236,181,85,96,80,29,51,33,9,24,3,1,2,3,0,3,198,198,51,48,41,30,19,5,4,147,101,46,13,125,1,29,19
58410462,0,,,268,134,134,36,22,14,230,110,120,144,71,73,226,109,117,224,108,116,86,39,47,35,17,18,10,4,6,2,0,2,0,0,0,97,96,20,30,22,9,9,5,1,76,57,19,8,52,1,6,14
58410463,0,,,223,105,118,29,11,18,192,92,100,125,67,58,185,89,96,182,88,94,67,25,42,43,12,31,25,5,20,2,0,2,0,0,0,68,67,15,12,16,13,6,2,3,52,32,20,8,33,2,3,4
58410464,0,,,210,106,104,11,4,7,199,102,97,125,69,56,195,100,95,191,98,93,74,33,41,45,15,30,20,8,12,2,0,2,0,0,0,72,72,14,17,20,9,10,0,2,58,32,26,3,48,0,7,6
58410470,0,,,108,51,57,6,4,2,102,47,55,62,31,31,99,46,53,98,45,53,40,16,24,19,6,13,7,1,6,1,0,1,2,1,1,42,42,12,12,8,5,3,1,1,30,21,9,0,29,2,5,3
58410471,0,,,151,76,75,15,6,9,136,70,66,90,45,45,131,68,63,129,66,63,46,25,21,16,6,10,7,2,5,0,0,0,0,0,0,47,47,5,14,9,10,6,1,2,41,24,17,3,34,0,4,7
58410472,0,,,34,17,17,1,0,1,33,17,16,18,11,7,31,16,15,30,15,15,15,6,9,10,4,6,2,0,2,0,0,0,0,0,0,13,13,3,6,0,2,1,1,0,10,6,4,0,11,0,2,2
58410473,0,,,155,80,75,12,3,9,143,77,66,89,50,39,140,76,64,138,75,63,54,27,27,30,10,20,14,3,11,1,0,1,0,0,0,59,59,21,15,6,8,5,0,4,37,21,16,5,35,0,9,7
58410474,1,,58410475,390,195,195,34,20,14,359,175,184,201,107,94,350,170,180,349,170,179,158,68,90,85,28,57,28,7,21,2,0,2,1,1,0,138,138,32,35,31,21,10,7,3,106,60,46,10,103,1,17,15
58410475,2,58410474,,3,0,3,*,*,*,*,*,*,*,*,*,*,*,*,*,*,*,*,*,*,*,*,*,*,*,*,*,*,*,*,*,*,1,1,*,*,*,*,*,*,*,*,*,*,*,*,*,*,*
58410480,0,,,76,39,37,10,2,8,66,37,29,35,21,14,62,35,27,62,35,27,31,16,15,12,5,7,6,1,5,3,0,3,0,0,0,22,22,4,4,5,4,0,2,3,18,8,10,3,19,0,4,1
58410482,0,,,278,141,137,34,16,18,244,125,119,148,79,69,239,123,116,239,123,116,96,46,50,46,16,30,21,6,15,3,1,2,1,0,1,91,91,14,21,32,12,2,6,4,76,51,25,8,62,0,4,11
58410483,0,,,84,39,45,6,2,4,78,37,41,38,18,20,77,36,41,77,36,41,40,19,21,19,8,11,6,3,3,0,0,0,0,0,0,30,30,2,14,8,3,1,1,1,28,21,7,2,25,0,2,7
58410484,2,58410485,,2,1,1,*,*,*,*,*,*,*,*,*,*,*,*,*,*,*,*,*,*,*,*,*,*,*,*,*,*,*,*,*,*,1,1,*,*,*,*,*,*,*,*,*,*,*,*,*,*,*
58410485,1,,58410484,8,5,3,2,2,0,8,4,4,8,4,4,7,3,4,7,3,4,0,0,0,0,0,0,0,0,0,0,0,0,0,0,0,4,4,1,3,1,0,0,0,0,4,4,0,0,0,0,0,0
58410490,2,58410491,,4,2,2,*,*,*,*,*,*,*,*,*,*,*,*,*,*,*,*,*,*,*,*,*,*,*,*,*,*,*,*,*,*,2,2,*,*,*,*,*,*,*,*,*,*,*,*,*,*,*
58410491,1,,58410490,55,26,29,6,3,3,53,25,28,27,13,14,53,25,28,52,24,28,26,12,14,19,9,10,7,5,2,0,0,0,1,1,0,17,17,3,5,5,3,0,2,1,15,8,7,2,16,0,1,2
58410492,0,,,132,71,61,17,9,8,115,62,53,65,37,28,109,57,52,108,57,51,50,25,25,23,12,11,5,1,4,1,0,1,1,0,1,36,36,9,3,4,8,5,3,4,27,10,17,3,31,0,7,2
58411000,1,,58411011,444,219,225,54,30,24,396,193,203,229,118,111,383,185,198,374,180,194,167,75,92,68,24,44,30,10,20,4,0,4,2,0,2,158,157,38,52,35,19,4,6,7,121,94,27,19,96,0,22,22
58411001,0,,,673,284,389,47,25,22,609,255,354,259,134,125,597,251,346,591,248,343,350,121,229,249,67,182,161,36,125,23,4,19,0,0,0,209,200,67,56,37,26,7,4,3,130,91,39,16,107,15,27,25
58411002,0,,,141,64,77,16,5,11,125,59,66,74,38,36,120,56,64,119,55,64,51,21,30,19,6,13,9,2,7,0,0,0,0,0,0,49,49,17,10,8,3,4,2,5,31,16,15,3,31,2,8,4
58411003,0,,,51,26,25,4,2,2,47,24,23,22,12,10,46,23,23,45,23,22,25,12,13,11,5,6,5,2,3,1,0,1,0,0,0,19,19,2,9,3,3,2,0,0,17,14,3,1,13,0,0,8
58411004,0,,,751,365,386,92,47,45,658,317,341,435,215,220,630,306,324,610,293,317,223,102,121,124,52,72,41,14,27,3,1,2,1,0,1,267,267,51,76,64,46,15,11,4,215,163,52,22,139,5,25,33
58411005,0,,,313,161,152,43,28,15,267,132,135,165,82,83,259,128,131,254,127,127,102,50,52,52,23,29,26,10,16,2,1,1,0,0,0,111,111,20,38,21,18,6,5,3,89,67,22,14,63,0,10,18
58411006,0,,,161,78,83,17,13,4,144,65,79,82,38,44,141,64,77,139,64,75,62,27,35,36,15,21,15,4,11,1,0,1,1,0,1,49,49,3,19,11,5,5,3,3,46,26,20,8,32,0,2,7
58411007,0,,,208,92,116,20,7,13,188,85,103,110,54,56,183,82,101,176,81,95,78,31,47,40,11,29,20,2,18,2,1,1,1,0,1,59,59,9,13,11,10,6,4,6,50,20,30,4,47,0,7,6
58411008,0,,,77,38,39,8,3,5,69,35,34,34,17,17,68,35,33,67,35,32,35,18,17,12,5,7,5,3,2,0,0,0,0,0,0,25,25,5,5,7,4,2,0,2,20,12,8,2,22,0,4,4
58411009,0,,,152,74,78,10,4,6,142,70,72,75,46,29,139,69,70,137,69,68,67,24,43,27,8,19,15,2,13,1,0,1,0,0,0,52,51,10,16,12,6,4,1,2,40,29,11,1,37,0,8,5
58411010,0,,,63,28,35,10,4,6,53,24,29,21,9,12,52,23,29,52,23,29,32,15,17,23,10,13,14,4,10,1,0,1,0,0,0,17,16,4,6,2,0,0,1,3,11,5,6,1,13,0,3,3
58411011,2,58411000,,6,4,2,*,*,*,*,*,*,*,*,*,*,*,*,*,*,*,*,*,*,*,*,*,*,*,*,*,*,*,*,*,*,4,4,*,*,*,*,*,*,*,*,*,*,*,*,*,*,*
58411012,0,,,84,40,44,4,2,2,80,38,42,35,16,19,80,38,42,78,37,41,45,22,23,21,13,8,7,5,2,0,0,0,0,0,0,32,32,6,13,6,4,1,1,1,26,18,8,0,28,0,5,8
58411013,0,,,222,115,107,22,17,5,200,98,102,97,54,43,196,95,101,192,93,99,103,44,59,52,21,31,26,10,16,2,0,2,0,0,0,73,73,12,26,14,6,8,4,3,61,37,24,4,59,1,7,12
58411014,0,,,141,70,71,12,7,5,129,63,66,61,30,31,125,59,66,123,59,64,68,33,35,40,15,25,17,6,11,1,0,1,1,0,1,44,44,6,12,9,10,4,1,2,38,19,19,2,40,0,5,8
58411015,0,,,154,73,81,15,9,6,139,64,75,84,41,43,134,62,72,132,62,70,55,23,32,21,8,13,9,2,7,0,0,0,0,0,0,50,50,12,11,9,7,7,1,3,38,24,14,5,35,1,7,5
58411016,0,,,451,187,264,40,17,23,411,170,241,178,90,88,400,164,236,399,163,236,233,80,153,153,42,111,101,19,82,15,3,12,0,0,0,132,130,18,49,24,19,9,6,5,111,67,44,13,100,0,15,28
58411017,0,,,120,58,62,16,10,6,104,48,56,60,26,34,104,48,56,103,47,56,44,22,22,23,7,16,10,3,7,0,0,0,1,0,1,37,37,4,10,9,7,2,4,1,33,18,15,6,28,1,3,6
58411018,0,,,45,22,23,0,0,0,45,22,23,15,10,5,44,22,22,44,22,22,30,12,18,18,6,12,11,3,8,0,0,0,0,0,0,15,14,2,7,3,0,2,0,0,12,8,4,0,13,0,1,2
58411019,0,,,52,25,27,11,5,6,41,20,21,27,13,14,41,20,21,41,20,21,14,7,7,3,2,1,1,1,0,1,1,0,0,0,0,21,21,5,7,4,4,1,0,0,16,14,2,5,8,0,2,2
58411020,0,,,140,65,75,7,2,5,133,63,70,71,39,32,129,63,66,127,61,66,62,24,38,34,12,22,13,3,10,1,0,1,0,0,0,40,40,2,11,6,14,3,2,2,37,18,19,1,38,0,1,7
58411021,0,,,27,13,14,1,1,0,26,12,14,14,8,6,24,11,13,24,11,13,12,4,8,6,2,4,1,0,1,0,0,0,0,0,0,8,8,2,1,1,2,1,0,1,6,2,4,0,8,0,2,1
58411022,0,,,246,127,119,22,12,10,224,115,109,130,70,60,217,112,105,216,112,104,94,45,49,37,15,22,17,6,11,1,1,0,1,0,1,78,78,12,22,14,16,6,3,5,66,35,31,5,60,0,7,9
58411023,0,,,128,62,66,15,6,9,113,56,57,56,28,28,110,55,55,110,55,55,57,28,29,28,12,16,11,4,7,2,0,2,0,0,0,41,41,7,11,8,6,5,2,2,34,16,18,3,34,0,6,7
58411024,0,,,164,85,79,17,7,10,147,78,69,77,43,34,145,76,69,145,76,69,70,35,35,36,15,21,13,5,8,2,1,1,1,0,1,47,47,5,13,8,9,5,3,4,42,20,22,7,38,0,3,10
58411025,0,,,99,55,44,12,10,2,87,45,42,43,25,18,85,43,42,83,41,42,44,20,24,21,7,14,13,4,9,1,1,0,0,0,0,28,28,3,7,4,5,5,3,1,25,10,15,1,26,0,3,5
58411026,0,,,32,15,17,5,1,4,27,14,13,14,9,5,27,14,13,27,14,13,13,5,8,7,1,6,2,0,2,0,0,0,0,0,0,13,13,3,4,4,1,1,0,0,10,8,2,2,10,0,3,0
58411027,0,,,267,129,138,31,16,15,236,113,123,139,68,71,226,108,118,221,106,115,97,45,52,46,15,31,19,4,15,4,1,3,0,0,0,75,75,7,21,13,17,8,2,7,67,37,30,5,51,0,4,10
58411028,0,,,230,118,112,24,13,11,205,104,101,118,65,53,200,101,99,197,99,98,87,39,48,41,15,26,15,5,10,2,1,1,1,0,1,76,76,13,21,15,14,6,5,2,63,39,24,6,52,0,7,9
58411029,0,,,1081,525,556,150,76,74,919,442,477,629,320,309,886,420,466,868,407,461,290,122,168,140,46,94,61,14,47,4,0,4,13,4,9,432,428,130,123,81,49,33,10,2,294,244,50,40,170,20,39,42
58411030,0,,,142,78,64,6,4,2,136,74,62,77,47,30,131,71,60,128,69,59,59,27,32,31,15,16,16,9,7,3,3,0,0,0,0,49,49,11,14,7,8,5,3,1,38,20,18,2,38,0,7,4
58411031,0,,,96,49,47,8,5,3,88,44,44,42,21,21,86,43,43,84,43,41,46,23,23,28,14,14,8,4,4,1,1,0,0,0,0,29,29,3,7,7,6,5,0,1,26,13,13,1,27,0,3,5
58411032,0,,,95,45,50,12,7,5,83,38,45,47,22,25,82,38,44,80,37,43,36,16,20,19,10,9,4,2,2,0,0,0,0,0,0,28,28,2,8,8,4,3,1,2,26,16,10,1,21,0,2,3
58411033,0,,,110,54,56,9,6,3,101,48,53,49,25,24,98,47,51,98,47,51,52,23,29,27,9,18,12,4,8,1,0,1,0,0,0,34,34,6,9,6,4,4,3,2,26,9,17,0,30,0,5,3
58411034,0,,,66,34,32,2,1,1,64,33,31,30,16,14,62,31,31,62,31,31,34,17,17,18,7,11,6,3,3,0,0,0,0,0,0,23,23,4,8,5,2,2,1,1,19,11,8,1,20,0,2,6
58411035,0,,,134,64,70,16,9,7,118,55,63,65,33,32,116,54,62,114,52,62,53,22,31,26,9,17,10,2,8,1,0,1,0,0,0,40,40,8,10,5,8,1,3,5,32,13,19,3,34,0,6,6
58411036,0,,,102,46,56,4,2,2,98,44,54,51,23,28,90,41,49,89,40,49,47,21,26,18,8,10,9,3,6,1,0,1,0,0,0,30,30,3,11,4,5,2,3,2,27,13,14,1,25,0,2,7
58411037,0,,,17,8,9,2,1,1,15,7,8,7,4,3,14,6,8,13,6,7,8,3,5,2,0,2,1,0,1,0,0,0,0,0,0,5,5,1,1,0,2,0,1,0,4,2,2,0,4,0,1,1
58411038,0,,,268,130,138,14,8,6,254,122,132,115,63,52,246,118,128,241,115,126,139,59,80,73,30,43,44,17,27,1,0,1,0,0,0,85,84,15,24,20,8,7,7,3,69,42,27,0,73,0,13,12
58411039,0,,,517,252,265,54,31,23,460,218,242,262,135,127,446,210,236,437,207,230,198,83,115,101,35,66,41,13,28,2,0,2,6,5,1,167,167,33,37,39,22,19,11,6,131,72,59,15,122,3,17,18
58411040,1,,58411050,201,100,101,16,7,9,196,101,95,112,63,49,186,94,92,183,91,92,84,38,46,42,18,24,14,3,11,1,0,1,0,0,0,60,60,10,18,12,8,5,6,5,54,31,23,2,53,0,9,8
58411041,0,,,173,78,95,18,10,8,155,68,87,81,39,42,149,66,83,143,63,80,74,29,45,40,14,26,18,4,14,2,0,2,0,0,0,42,42,3,8,8,4,7,6,6,39,13,26,2,39,0,2,3
58411042,0,,,52,23,29,8,4,4,44,19,25,26,12,14,43,19,24,41,18,23,18,7,11,7,1,6,4,0,4,0,0,0,1,0,1,15,15,2,1,6,3,1,1,1,13,7,6,1,12,0,2,1
58411043,0,,,95,49,46,8,6,2,87,43,44,49,25,24,82,41,41,81,40,41,38,18,20,28,12,16,8,5,3,0,0,0,1,0,1,32,32,5,10,8,3,3,2,1,27,14,13,3,25,0,2,5
58411044,0,,,24,10,14,0,0,0,24,10,14,15,6,9,23,10,13,23,10,13,9,4,5,6,3,3,1,1,0,0,0,0,0,0,0,11,11,3,4,3,1,0,0,0,8,6,2,0,6,0,0,2
58411045,0,,,240,123,117,29,15,14,211,108,103,115,62,53,204,103,101,200,103,97,96,46,50,49,20,29,17,6,11,0,0,0,1,0,1,72,72,13,15,18,9,7,3,7,59,28,31,5,60,0,9,7
58411046,0,,,197,96,101,14,4,10,183,92,91,86,49,37,179,89,90,175,87,88,97,43,54,40,14,26,18,3,15,0,0,0,0,0,0,66,66,14,16,15,10,5,2,4,52,25,27,2,56,0,13,7
58411047,0,,,189,86,103,20,9,11,169,77,92,73,40,33,164,73,91,162,72,90,96,37,59,55,20,35,24,8,16,2,2,0,0,0,0,69,69,19,18,15,6,3,6,2,49,26,23,4,61,0,17,11
58411048,0,,,84,41,43,6,4,2,78,37,41,34,21,13,76,35,41,76,35,41,44,16,28,23,7,16,10,1,9,2,1,1,0,0,0,30,30,5,10,8,2,4,0,1,25,15,10,1,24,0,3,5
58411049,0,,,116,34,82,0,0,0,116,34,82,5,5,0,116,34,82,116,34,82,111,29,82,104,28,76,75,17,58,15,2,13,0,0,0,4,0,0,0,0,0,0,0,0,0,0,0,0,0,0,0,0
58411050,2,58411040,,11,8,3,*,*,*,*,*,*,*,*,*,*,*,*,*,*,*,*,*,*,*,*,*,*,*,*,*,*,*,*,*,*,4,4,*,*,*,*,*,*,*,*,*,*,*,*,*,*,*
58411051,1,,58411061,183,99,84,19,14,5,170,88,82,97,54,43,163,83,80,163,83,80,73,34,39,33,14,19,17,5,12,1,0,1,0,0,0,50,50,4,13,13,11,2,5,5,49,26,23,3,44,0,3,7
58411052,0,,,94,46,48,5,3,2,89,43,46,39,20,19,87,43,44,86,43,43,50,23,27,28,9,19,13,3,10,2,0,2,0,0,0,36,36,8,13,6,5,2,2,0,28,18,10,1,29,0,6,7
58411053,0,,,307,160,147,48,30,18,259,130,129,185,96,89,247,122,125,238,118,120,74,34,40,29,13,16,12,5,7,1,0,1,0,0,0,113,113,35,21,19,24,9,3,2,78,57,21,15,55,0,20,5
58411054,0,,,414,199,215,22,10,12,392,189,203,168,98,70,384,182,202,382,181,201,224,91,133,134,48,86,69,21,48,8,0,8,16,15,1,162,160,49,57,28,9,13,3,1,111,76,35,6,117,15,26,33
58411055,0,,,395,201,194,27,20,7,368,181,187,220,113,107,358,178,180,350,175,175,148,68,80,85,36,49,31,10,21,2,1,1,0,0,0,127,120,21,46,22,12,9,7,3,98,66,32,7,87,0,11,24
58411056,0,,,69,34,35,9,4,5,60,30,30,37,19,18,59,29,30,58,28,30,23,11,12,14,6,8,5,3,2,0,0,0,0,0,0,20,20,4,3,3,5,3,0,2,16,8,8,3,15,0,2,1
58411060,0,,,154,77,77,9,4,5,145,73,72,81,44,37,141,71,70,140,70,70,64,29,35,42,16,26,23,10,13,0,0,0,0,0,0,41,41,5,4,13,7,6,2,4,36,11,25,2,39,0,5,2
58411061,2,58411051,,6,3,3,*,*,*,*,*,*,*,*,*,*,*,*,*,*,*,*,*,*,*,*,*,*,*,*,*,*,*,*,*,*,3,3,*,*,*,*,*,*,*,*,*,*,*,*,*,*,*
58411062,0,,,58,32,26,8,6,2,50,26,24,29,18,11,49,25,24,49,25,24,21,8,13,15,5,10,7,1,6,0,0,0,0,0,0,18,18,3,4,3,4,2,2,0,15,7,8,3,14,0,3,2
58411063,0,,,220,111,109,17,9,8,203,102,101,112,60,52,197,99,98,190,96,94,91,42,49,47,21,26,16,7,9,2,0,2,0,0,0,68,68,10,18,9,17,8,3,3,58,33,25,5,55,0,9,10
58411064,0,,,70,35,35,5,1,4,65,34,31,38,21,17,63,33,30,62,33,29,27,13,14,19,8,11,6,3,3,0,0,0,0,0,0,22,22,3,7,3,6,1,0,2,19,10,9,1,18,0,3,1
58411065,0,,,140,65,75,7,4,3,133,61,72,61,31,30,130,59,71,129,58,71,72,30,42,42,15,27,21,6,15,1,0,1,0,0,0,51,50,11,18,7,10,3,1,0,39,25,14,1,40,0,7,10
58411066,0,,,15,8,7,1,0,1,14,8,6,4,2,2,14,8,6,14,8,6,10,6,4,7,4,3,3,2,1,0,0,0,0,0,0,5,5,1,0,2,2,0,0,0,4,2,2,1,5,0,1,0
58411067,0,,,135,64,71,8,5,3,127,59,68,62,29,33,126,58,68,124,58,66,65,30,35,34,13,21,18,8,10,0,0,0,0,0,0,43,43,8,8,11,8,4,3,1,35,16,19,2,38,0,6,4
58411068,0,,,311,144,167,40,25,15,271,119,152,127,63,64,265,115,150,264,115,149,144,56,88,89,27,62,59,14,45,10,2,8,0,0,0,66,65,5,15,12,12,6,3,12,60,27,33,8,56,0,4,9
58411069,0,,,361,174,187,24,9,15,337,165,172,162,86,76,331,163,168,326,162,164,175,79,96,100,40,60,49,18,31,3,0,3,0,0,0,113,112,23,30,23,16,7,5,8,87,50,37,5,94,0,15,16
58411070,0,,,22,12,10,0,0,0,22,12,10,11,7,4,22,12,10,22,12,10,11,5,6,7,3,4,4,2,2,0,0,0,0,0,0,7,7,0,3,2,1,0,1,0,7,4,3,0,5,0,0,1
58411071,0,,,75,36,39,4,4,0,71,32,39,37,18,19,66,31,35,66,31,35,34,14,20,20,6,14,6,1,5,1,0,1,0,0,0,25,25,5,5,7,3,3,2,0,20,7,13,1,22,0,5,3
58411072,0,,,192,93,99,19,7,12,173,86,87,97,48,49,167,83,84,164,81,83,76,38,38,46,22,24,13,7,6,1,1,0,0,0,0,55,55,10,12,7,12,5,1,8,45,14,31,5,50,0,8,9
58411073,0,,,124,58,66,6,2,4,118,56,62,74,37,37,116,54,62,112,52,60,44,19,25,23,8,15,14,4,10,1,1,0,1,0,1,40,40,7,9,12,4,4,2,2,33,15,18,3,31,0,5,1
58411074,0,,,78,38,40,4,2,2,74,36,38,35,15,20,72,35,37,72,35,37,39,21,18,20,8,12,9,3,6,0,0,0,0,0,0,25,25,4,6,6,4,3,1,1,21,11,10,0,24,0,4,5
58411075,0,,,383,177,206,34,18,16,349,159,190,170,85,85,344,157,187,340,155,185,179,74,105,90,27,63,51,11,40,8,2,6,0,0,0,124,123,25,33,33,16,5,7,4,97,51,46,9,95,0,13,16
58411076,0,,,517,242,275,60,33,27,457,209,248,233,124,109,444,201,243,440,200,240,224,85,139,137,44,93,75,22,53,4,1,3,1,0,1,160,157,31,45,32,21,16,5,7,126,75,51,11,114,1,20,19
58411077,0,,,85,38,47,7,3,4,78,35,43,34,17,17,76,34,42,76,34,42,44,18,26,22,5,17,7,1,6,0,0,0,0,0,0,30,30,5,9,11,1,0,3,1,25,14,11,1,29,0,5,6
58411078,0,,,77,33,44,7,1,6,70,32,38,37,18,19,69,32,37,69,32,37,33,14,19,19,9,10,7,2,5,1,1,0,0,0,0,23,23,4,4,6,5,1,1,2,19,10,9,2,19,0,2,2
58411079,0,,,124,61,63,8,5,3,116,56,60,68,34,34,114,55,59,112,54,58,48,22,26,25,10,15,8,4,4,0,0,0,1,0,1,38,38,5,9,9,5,7,2,1,33,14,19,3,31,0,4,6
58411080,0,,,135,64,71,15,8,7,120,56,64,65,32,33,116,54,62,115,53,62,55,24,31,32,12,20,16,8,8,2,1,1,0,0,0,46,46,11,14,7,4,6,1,3,35,22,13,4,32,0,7,8
58411081,0,,,71,34,37,5,3,2,66,31,35,36,17,19,64,31,33,62,31,31,30,14,16,20,7,13,11,4,7,0,0,0,0,0,0,23,23,3,7,5,4,1,3,0,20,10,10,0,19,0,2,2
58411082,0,,,101,49,52,10,6,4,91,43,48,52,25,27,89,42,47,88,41,47,39,18,21,18,6,12,9,4,5,0,0,0,0,0,0,30,30,5,6,8,3,3,3,2,25,9,16,3,25,0,4,3
58411083,0,,,100,51,49,10,6,4,90,45,45,45,25,20,88,43,45,87,42,45,45,20,25,18,8,10,7,1,6,0,0,0,0,0,0,30,30,4,7,5,8,3,2,1,26,14,12,2,26,0,3,4
58411084,0,,,13,5,8,2,1,1,11,4,7,4,1,3,11,4,7,11,4,7,7,3,4,2,0,2,2,0,2,0,0,0,0,0,0,4,4,1,0,2,0,0,1,0,3,0,3,1,4,0,1,0
58411085,1,,58411094;58411095,74,35,39,10,4,6,74,34,40,41,21,20,73,34,39,72,33,39,33,13,20,18,5,13,8,3,5,0,0,0,1,0,1,23,23,3,12,2,4,0,3,2,23,14,9,2,21,0,2,5
58411086,0,,,117,57,60,14,7,7,101,50,51,68,36,32,99,49,50,98,49,49,33,14,19,14,4,10,7,2,5,0,0,0,2,0,2,43,39,18,7,4,4,1,2,3,21,14,7,4,18,3,4,3
58411090,0,,,215,108,107,23,10,13,192,98,94,118,66,52,182,90,92,179,89,90,74,32,42,22,11,11,6,1,5,0,0,0,0,0,0,88,88,22,30,22,6,5,3,0,66,53,13,6,48,3,8,15
58411091,0,,,146,71,75,19,12,7,127,59,68,62,29,33,125,58,67,125,58,67,65,30,35,29,11,18,13,6,7,0,0,0,1,0,1,46,46,6,14,9,5,8,3,1,40,21,19,6,40,0,5,10
58411092,0,,,123,67,56,13,10,3,110,57,53,59,31,28,104,54,50,100,51,49,51,26,25,26,9,17,10,4,6,1,0,1,0,0,0,34,34,5,9,4,7,0,5,4,28,13,15,1,33,0,4,5
58411093,0,,,40,19,21,0,0,0,40,19,21,24,13,11,40,19,21,40,19,21,16,6,10,13,4,9,5,2,3,1,1,0,0,0,0,12,12,0,5,1,4,1,1,0,12,6,6,0,11,0,0,0
58411094,2,58411085,,6,2,4,*,*,*,*,*,*,*,*,*,*,*,*,*,*,*,*,*,*,*,*,*,*,*,*,*,*,*,*,*,*,1,1,*,*,*,*,*,*,*,*,*,*,*,*,*,*,*
58411095,2,58411085,,4,1,3,*,*,*,*,*,*,*,*,*,*,*,*,*,*,*,*,*,*,*,*,*,*,*,*,*,*,*,*,*,*,2,2,*,*,*,*,*,*,*,*,*,*,*,*,*,*,*
58411096,0,,,72,37,35,7,6,1,65,31,34,37,19,18,64,31,33,63,31,32,28,12,16,15,5,10,4,0,4,0,0,0,0,0,0,23,23,3,7,6,2,3,0,2,20,13,7,2,19,0,2,5
58411097,1,,58411098,25,12,13,5,3,2,22,11,11,12,6,6,22,11,11,22,11,11,10,5,5,5,1,4,2,0,2,1,0,1,0,0,0,8,8,4,3,0,2,0,0,1,6,5,1,1,7,0,3,2
58411098,2,58411097,,2,2,0,*,*,*,*,*,*,*,*,*,*,*,*,*,*,*,*,*,*,*,*,*,*,*,*,*,*,*,*,*,*,2,2,*,*,*,*,*,*,*,*,*,*,*,*,*,*,*
58411100,0,,,142,63,79,11,3,8,131,60,71,80,42,38,127,58,69,126,58,68,51,18,33,35,12,23,13,5,8,0,0,0,0,0,0,41,41,2,10,11,9,4,4,1,39,19,20,2,34,0,2,3
58411101,0,,,185,84,101,11,4,7,174,80,94,99,49,50,169,76,93,163,75,88,75,31,44,39,15,24,13,4,9,0,0,0,0,0,0,57,57,11,13,6,12,10,4,1,45,18,27,4,52,0,9,4
58411102,0,,,111,54,57,4,2,2,107,52,55,62,30,32,104,50,54,103,50,53,45,22,23,15,4,11,6,1,5,1,0,1,0,0,0,38,38,5,15,6,6,4,1,1,33,20,13,1,32,0,4,8
58411103,0,,,370,187,183,28,19,9,342,168,174,196,101,95,335,164,171,330,162,168,146,67,79,67,29,38,23,9,14,5,1,4,1,0,1,120,120,17,36,29,14,11,9,4,101,60,41,5,95,0,12,13
58411104,0,,,296,133,163,21,12,9,275,121,154,128,63,65,267,119,148,264,117,147,147,58,89,91,31,60,44,12,32,7,0,7,0,0,0,89,87,15,30,16,12,4,4,6,71,47,24,7,73,0,11,14
58411105,0,,,302,152,150,44,23,21,258,129,129,159,84,75,248,120,128,242,118,124,99,45,54,43,14,29,21,6,15,1,0,1,0,0,0,81,81,11,18,12,11,11,8,10,70,36,34,12,61,0,9,9
58411106,0,,,41,18,23,3,2,1,38,16,22,26,13,13,38,16,22,37,15,22,12,3,9,6,0,6,1,0,1,0,0,0,0,0,0,13,13,4,1,3,2,1,1,1,9,3,6,1,10,0,4,0
58411107,0,,,11,7,4,0,0,0,11,7,4,7,5,2,11,7,4,11,7,4,4,2,2,1,1,0,0,0,0,0,0,0,0,0,0,4,4,1,2,0,0,0,1,0,3,2,1,0,3,0,0,0
58411110,0,,,406,180,226,71,34,37,335,146,189,208,93,115,322,139,183,315,136,179,127,53,74,59,17,42,22,7,15,0,0,0,1,0,1,142,142,31,39,26,21,17,6,2,111,81,30,20,88,4,21,17
58411111,0,,,190,96,94,13,6,7,177,90,87,99,52,47,176,89,87,170,88,82,78,38,40,39,17,22,17,7,10,0,0,0,2,2,0,77,77,29,17,11,11,6,1,2,47,28,19,4,51,4,17,8
58411112,0,,,227,116,111,45,28,17,182,88,94,146,72,74,172,83,89,169,83,86,36,16,20,15,4,11,6,0,6,0,0,0,1,0,1,83,83,20,22,15,16,7,2,1,63,55,8,10,27,0,9,4
58411113,0,,,404,196,208,32,16,16,372,180,192,212,118,94,363,176,187,356,171,185,160,62,98,91,31,60,27,6,21,1,0,1,0,0,0,141,141,28,42,28,24,7,7,5,113,69,44,7,105,1,19,18
58411114,0,,,373,180,193,33,18,15,340,162,178,174,92,82,334,161,173,329,160,169,166,70,96,94,31,63,44,14,30,1,0,1,0,0,0,135,135,33,41,25,17,7,7,5,102,65,37,4,108,0,22,17
58411115,0,,,149,73,76,17,9,8,132,64,68,75,42,33,129,61,68,127,60,67,57,22,35,23,7,16,9,1,8,1,0,1,0,0,0,44,44,9,9,4,8,7,6,1,35,16,19,5,36,0,6,6
58411116,0,,,62,31,31,3,2,1,59,29,30,25,12,13,58,28,30,58,28,30,34,17,17,11,5,6,5,1,4,1,1,0,0,0,0,20,20,1,9,4,3,1,1,1,19,12,7,1,20,0,1,6
58411120,0,,,2081,941,1140,211,99,112,1866,841,1025,1009,525,484,1820,816,1004,1802,805,997,857,316,541,508,146,362,245,56,189,29,5,24,14,6,8,852,848,281,234,182,79,50,18,4,562,415,147,59,536,22,164,95
58411121,0,,,1265,613,652,158,83,75,1107,530,577,683,360,323,1072,508,564,1052,495,557,424,170,254,217,74,143,90,29,61,5,0,5,19,12,7,496,495,148,137,94,70,21,11,14,345,259,86,50,279,13,70,57
58411122,0,,,744,348,396,53,27,26,690,320,370,391,195,196,676,312,364,667,307,360,299,125,174,143,51,92,45,15,30,1,0,1,1,0,1,266,263,85,90,40,24,17,4,3,174,142,32,14,151,4,42,42
58411123,0,,,317,162,155,24,14,10,293,148,145,164,86,78,285,142,143,281,141,140,129,62,67,61,25,36,22,9,13,0,0,0,0,0,0,110,110,19,39,23,11,5,10,3,91,62,29,7,82,0,13,20
58411124,0,,,275,135,140,27,17,10,248,118,130,138,71,67,237,112,125,234,110,124,110,47,63,55,19,36,25,8,17,0,0,0,2,0,2,79,79,9,22,12,14,10,8,4,70,35,35,3,61,0,7,7
58411125,0,,,69,31,38,7,4,3,62,27,35,30,15,15,61,27,34,61,27,34,32,12,20,16,4,12,9,2,7,2,0,2,0,0,0,19,19,3,4,3,3,2,1,3,16,6,10,2,19,0,3,3
58411130,0,,,208,88,120,11,7,4,196,80,116,78,41,37,189,77,112,188,76,112,118,39,79,90,23,67,58,10,48,11,3,8,0,0,0,51,50,10,18,10,5,5,2,0,40,28,12,3,28,0,3,5
58411131,0,,,560,280,280,55,27,28,504,252,252,309,164,145,486,239,247,478,235,243,195,88,107,111,46,65,44,15,29,1,0,1,2,2,0,203,202,49,58,40,28,13,4,10,152,107,45,13,117,12,21,26
58411132,0,,,321,163,158,21,13,8,293,146,147,153,85,68,279,138,141,270,133,137,140,61,79,69,24,45,32,8,24,2,0,2,0,0,0,106,104,20,30,20,14,10,6,4,80,44,36,7,79,0,14,13
58411133,0,,,71,37,34,6,4,2,65,33,32,43,24,19,65,33,32,64,32,32,22,9,13,14,4,10,5,2,3,0,0,0,0,0,0,19,19,2,3,5,1,5,2,1,17,7,10,1,16,0,1,0
58411134,0,,,27,13,14,2,1,1,25,12,13,15,8,7,24,11,13,23,11,12,10,4,6,7,3,4,0,0,0,0,0,0,0,0,0,6,6,0,1,0,2,2,0,1,6,2,4,1,6,0,0,1
58411150,1,,58411151,98,53,45,7,4,3,92,50,42,46,27,19,90,48,42,89,47,42,46,23,23,26,13,13,9,4,5,0,0,0,0,0,0,30,30,7,4,7,7,3,1,2,24,9,15,1,26,0,4,2
58411151,2,58411150,,1,1,0,*,*,*,*,*,*,*,*,*,*,*,*,*,*,*,*,*,*,*,*,*,*,*,*,*,*,*,*,*,*,1,1,*,*,*,*,*,*,*,*,*,*,*,*,*,*,*
58411160,1,,58411161,135,66,69,9,4,5,130,63,67,66,32,34,128,62,66,128,62,66,64,31,33,36,13,23,15,6,9,2,0,2,1,0,1,42,42,7,8,11,11,4,2,1,37,18,19,2,40,0,6,3
58411161,2,58411160,,4,1,3,*,*,*,*,*,*,*,*,*,*,*,*,*,*,*,*,*,*,*,*,*,*,*,*,*,*,*,*,*,*,2,2,*,*,*,*,*,*,*,*,*,*,*,*,*,*,*
58411200,0,,,100,50,50,10,4,6,90,46,44,54,32,22,87,43,44,85,42,43,36,14,22,20,8,12,7,2,5,1,0,1,0,0,0,30,30,4,11,4,3,3,2,3,26,14,12,1,23,0,1,3
58411201,0,,,144,71,73,11,3,8,133,68,65,82,43,39,132,67,65,131,67,64,51,25,26,28,10,18,10,3,7,1,0,1,0,0,0,48,48,9,12,12,7,2,5,1,39,22,17,7,33,0,5,5
58411202,0,,,107,48,59,7,1,6,100,47,53,47,21,26,96,45,51,95,45,50,53,26,27,26,13,13,13,5,8,1,0,1,1,0,1,30,30,3,7,6,5,4,3,2,27,13,14,1,28,0,3,6
58411206,0,,,81,40,41,6,3,3,75,37,38,38,21,17,75,37,38,74,36,38,37,16,21,25,9,16,10,4,6,0,0,0,1,0,1,29,29,5,14,4,1,3,0,2,24,16,8,2,26,0,5,7
58411207,0,,,120,51,69,7,2,5,112,48,64,37,17,20,111,48,63,111,48,63,75,31,44,58,20,38,30,10,20,6,2,4,0,0,0,34,33,9,10,6,4,1,3,0,23,16,7,3,26,0,7,6
58411208,0,,,45,18,27,0,0,0,45,18,27,27,12,15,44,18,26,44,18,26,18,6,12,10,3,7,5,1,4,0,0,0,0,0,0,21,21,9,5,4,2,0,1,0,12,8,4,0,15,1,5,1
58411209,0,,,43,25,18,0,0,0,43,25,18,25,15,10,43,25,18,43,25,18,18,10,8,6,2,4,3,1,2,1,0,1,0,0,0,18,18,5,5,5,2,1,0,0,13,10,3,0,12,0,2,2
58411210,0,,,15,5,10,0,0,0,15,5,10,8,3,5,15,5,10,15,5,10,7,2,5,4,1,3,3,1,2,0,0,0,0,0,0,8,8,4,2,1,1,0,0,0,3,2,1,0,5,0,2,1
58411211,0,,,260,133,127,21,12,9,239,121,118,143,78,65,229,116,113,225,113,112,96,43,53,50,21,29,24,8,16,2,0,2,2,0,2,81,81,15,16,21,14,5,4,6,66,34,32,4,66,0,10,9
58411212,0,,,77,43,34,6,2,4,71,41,30,35,20,15,71,41,30,71,41,30,36,21,15,17,9,8,11,5,6,1,0,1,0,0,0,29,29,6,9,8,4,1,0,1,23,14,9,2,22,0,1,4
58411213,0,,,20,11,9,3,2,1,17,9,8,7,4,3,17,9,8,16,8,8,10,5,5,7,3,4,2,1,1,0,0,0,0,0,0,6,6,1,2,1,0,0,2,0,5,2,3,0,6,0,1,1
58411215,0,,,12,8,4,0,0,0,12,8,4,6,5,1,12,8,4,12,8,4,6,3,3,2,0,2,2,0,2,0,0,0,0,0,0,6,6,2,2,2,0,0,0,0,4,3,1,0,4,0,1,0
58411216,0,,,42,21,21,3,2,1,39,19,20,15,8,7,39,19,20,39,19,20,24,11,13,15,8,7,3,1,2,0,0,0,0,0,0,18,18,3,9,3,3,0,0,0,15,12,3,1,16,0,2,7
58411218,0,,,13,6,7,3,2,1,10,4,6,6,2,4,10,4,6,10,4,6,4,2,2,2,0,2,1,0,1,0,0,0,0,0,0,5,5,2,1,1,0,0,1,0,3,1,2,1,4,0,2,0
58411221,0,,,52,22,30,4,1,3,48,21,27,23,12,11,48,21,27,48,21,27,25,9,16,18,5,13,10,1,9,1,0,1,1,0,1,17,17,3,6,3,0,3,1,1,14,7,7,0,16,0,3,2
58411222,1,,58411223,43,22,21,4,1,3,48,24,24,22,10,12,48,24,24,48,24,24,26,14,12,9,6,3,4,2,2,0,0,0,1,0,1,16,16,4,8,5,1,0,1,1,16,13,3,1,17,0,3,6
58411223,2,58411222,,9,3,6,*,*,*,*,*,*,*,*,*,*,*,*,*,*,*,*,*,*,*,*,*,*,*,*,*,*,*,*,*,*,4,4,*,*,*,*,*,*,*,*,*,*,*,*,*,*,*
58411226,0,,,637,318,319,42,27,15,595,291,304,331,173,158,582,286,296,577,283,294,264,118,146,130,49,81,46,14,32,3,0,3,2,2,0,211,209,59,59,44,28,10,5,4,150,93,57,9,161,3,41,30
58411227,0,,,15,7,8,2,1,1,13,6,7,10,6,4,13,6,7,13,6,7,3,0,3,2,0,2,1,0,1,0,0,0,4,4,0,9,9,7,0,1,0,1,0,0,2,0,2,0,3,4,1,0
58411231,2,58411232,,7,4,3,*,*,*,*,*,*,*,*,*,*,*,*,*,*,*,*,*,*,*,*,*,*,*,*,*,*,*,*,*,*,4,4,*,*,*,*,*,*,*,*,*,*,*,*,*,*,*
58411232,1,,58411231,63,31,32,7,3,4,63,32,31,32,18,14,61,31,30,61,31,30,31,14,17,16,5,11,6,2,4,1,1,0,0,0,0,23,23,13,3,2,5,0,3,1,14,3,11,1,23,0,9,2
58411235,2,58411236,,5,2,3,*,*,*,*,*,*,*,*,*,*,*,*,*,*,*,*,*,*,*,*,*,*,*,*,*,*,*,*,*,*,3,3,*,*,*,*,*,*,*,*,*,*,*,*,*,*,*
58411236,1,,58411235,129,68,61,9,6,3,125,64,61,71,39,32,121,63,58,120,62,58,54,25,29,32,14,18,11,5,6,0,0,0,0,0,0,41,38,7,12,10,5,5,0,2,34,21,13,2,32,0,4,9
58411237,0,,,69,43,26,4,2,2,65,41,24,35,24,11,63,39,24,63,39,24,30,17,13,8,4,4,1,0,1,0,0,0,0,0,0,29,28,10,9,6,1,0,1,1,17,11,6,1,20,0,7,4
58411238,1,,58411248,128,67,61,8,5,3,125,65,60,73,45,28,125,65,60,124,64,60,52,20,32,23,6,17,7,1,6,0,0,0,0,0,0,47,47,12,14,13,4,1,2,3,36,25,11,2,35,0,4,5
58411239,1,,58411249;58411259,52,26,26,2,0,2,62,33,29,31,17,14,62,33,29,61,33,28,31,16,15,19,9,10,10,5,5,0,0,0,0,0,0,21,21,3,10,9,1,2,0,0,22,18,4,0,20,0,0,5
58411242,1,,58411243;58411253,9,4,5,0,0,0,18,10,8,9,6,3,18,10,8,18,10,8,9,4,5,5,2,3,1,1,0,0,0,0,0,0,0,5,5,2,4,1,0,1,0,0,6,5,1,0,6,0,1,1
58411243,2,58411242,,4,3,1,*,*,*,*,*,*,*,*,*,*,*,*,*,*,*,*,*,*,*,*,*,*,*,*,*,*,*,*,*,*,2,2,*,*,*,*,*,*,*,*,*,*,*,*,*,*,*
58411245,0,,,85,38,47,5,1,4,80,37,43,44,24,20,79,37,42,78,36,42,36,13,23,20,4,16,10,1,9,0,0,0,0,0,0,32,32,6,14,5,3,1,2,1,26,19,7,2,27,0,5,3
58411246,0,,,17,10,7,0,0,0,17,10,7,6,4,2,17,10,7,17,10,7,11,6,5,5,3,2,3,2,1,1,1,0,0,0,0,8,8,2,3,3,0,0,0,0,6,5,1,0,7,0,2,1
58411248,2,58411238,,5,3,2,*,*,*,*,*,*,*,*,*,*,*,*,*,*,*,*,*,*,*,*,*,*,*,*,*,*,*,*,*,*,2,2,*,*,*,*,*,*,*,*,*,*,*,*,*,*,*
58411249,2,58411239,,9,5,4,*,*,*,*,*,*,*,*,*,*,*,*,*,*,*,*,*,*,*,*,*,*,*,*,*,*,*,*,*,*,3,3,*,*,*,*,*,*,*,*,*,*,*,*,*,*,*
58411253,2,58411242,,5,3,2,*,*,*,*,*,*,*,*,*,*,*,*,*,*,*,*,*,*,*,*,*,*,*,*,*,*,*,*,*,*,1,1,*,*,*,*,*,*,*,*,*,*,*,*,*,*,*
58411255,0,,,29,16,13,3,2,1,26,14,12,17,10,7,24,13,11,24,13,11,9,4,5,4,1,3,1,0,1,0,0,0,0,0,0,12,12,5,2,3,1,0,0,1,7,5,2,0,7,0,2,0
58411259,2,58411239,,3,2,1,*,*,*,*,*,*,*,*,*,*,*,*,*,*,*,*,*,*,*,*,*,*,*,*,*,*,*,*,*,*,1,1,*,*,*,*,*,*,*,*,*,*,*,*,*,*,*
58411265,0,,,16,8,8,0,0,0,16,8,8,9,5,4,15,8,7,15,8,7,7,3,4,5,2,3,2,1,1,0,0,0,0,0,0,5,5,1,0,2,1,1,0,0,4,2,2,0,4,0,0,0
58411301,2,58411313,,8,3,5,*,*,*,*,*,*,*,*,*,*,*,*,*,*,*,*,*,*,*,*,*,*,*,*,*,*,*,*,*,*,1,1,*,*,*,*,*,*,*,*,*,*,*,*,*,*,*
58411303,2,58411313,,4,3,1,*,*,*,*,*,*,*,*,*,*,*,*,*,*,*,*,*,*,*,*,*,*,*,*,*,*,*,*,*,*,2,2,*,*,*,*,*,*,*,*,*,*,*,*,*,*,*
58411309,2,58411319,,6,3,3,*,*,*,*,*,*,*,*,*,*,*,*,*,*,*,*,*,*,*,*,*,*,*,*,*,*,*,*,*,*,3,3,*,*,*,*,*,*,*,*,*,*,*,*,*,*,*
58411313,1,,58411301;58411303,54,28,26,4,2,2,62,32,30,32,15,17,60,31,29,59,31,28,30,17,13,16,8,8,5,1,4,0,0,0,0,0,0,21,21,7,8,3,1,2,2,1,17,10,7,0,21,0,5,3
58411314,0,,,21,9,12,2,0,2,19,9,10,10,4,6,19,9,10,18,9,9,9,5,4,5,2,3,4,1,3,2,0,2,2,0,2,7,7,1,2,1,2,1,0,0,6,4,2,0,6,0,1,0
58411315,0,,,34,18,16,4,2,2,30,16,14,20,13,7,27,13,14,26,13,13,10,3,7,5,2,3,1,1,0,0,0,0,1,0,1,13,13,4,4,2,1,1,0,1,9,5,4,0,9,0,2,0
58411316,0,,,22,10,12,3,2,1,19,8,11,11,5,6,19,8,11,19,8,11,8,3,5,2,0,2,1,0,1,0,0,0,0,0,0,8,8,2,3,1,0,1,1,0,6,3,3,0,6,0,1,1
58411319,1,,58411309;58411329,288,140,148,22,12,10,277,134,143,170,88,82,269,129,140,263,126,137,107,46,61,60,18,42,25,5,20,3,2,1,1,0,1,104,104,29,25,27,12,8,5,3,80,50,30,7,75,0,19,7
58411324,0,,,68,38,30,11,9,2,57,29,28,29,15,14,54,27,27,54,27,27,28,14,14,14,7,7,3,1,2,0,0,0,0,0,0,21,21,4,7,3,1,2,2,2,17,10,7,2,17,0,2,6
58411325,0,,,76,42,34,7,3,4,69,39,30,31,19,12,67,37,30,66,36,30,38,20,18,20,10,10,6,3,3,1,0,1,0,0,0,30,30,9,10,5,1,2,3,0,20,14,6,1,25,0,8,6
58411327,2,58411337,,11,5,6,*,*,*,*,*,*,*,*,*,*,*,*,*,*,*,*,*,*,*,*,*,*,*,*,*,*,*,*,*,*,3,3,*,*,*,*,*,*,*,*,*,*,*,*,*,*,*
58411328,2,58411338,,2,1,1,*,*,*,*,*,*,*,*,*,*,*,*,*,*,*,*,*,*,*,*,*,*,*,*,*,*,*,*,*,*,1,1,*,*,*,*,*,*,*,*,*,*,*,*,*,*,*
58411329,2,58411319,,5,3,2,*,*,*,*,*,*,*,*,*,*,*,*,*,*,*,*,*,*,*,*,*,*,*,*,*,*,*,*,*,*,2,2,*,*,*,*,*,*,*,*,*,*,*,*,*,*,*
58411330,0,,,71,35,36,4,2,2,67,33,34,38,21,17,65,32,33,65,32,33,29,12,17,20,8,12,7,4,3,0,0,0,1,0,1,24,24,4,6,8,1,3,2,0,20,11,9,1,19,0,2,2
58411331,2,58411341,,8,4,4,*,*,*,*,*,*,*,*,*,*,*,*,*,*,*,*,*,*,*,*,*,*,*,*,*,*,*,*,*,*,3,3,*,*,*,*,*,*,*,*,*,*,*,*,*,*,*
58411334,1,,58411344,43,22,21,2,1,1,47,24,23,22,14,8,46,23,23,45,22,23,25,10,15,12,3,9,5,1,4,0,0,0,0,0,0,15,15,1,6,4,3,0,2,0,15,7,8,1,14,0,1,4
58411335,0,,,144,62,82,14,6,8,130,56,74,74,38,36,124,54,70,120,51,69,56,18,38,28,5,23,12,2,10,1,0,1,0,0,0,50,50,14,10,11,6,5,2,2,36,21,15,4,37,0,10,4
58411336,0,,,109,46,63,18,13,5,91,33,58,48,22,26,85,30,55,84,30,54,43,11,32,26,5,21,13,1,12,0,0,0,0,0,0,31,29,6,7,6,2,5,1,2,23,17,6,7,19,0,5,3
58411337,1,,58411327,72,38,34,3,2,1,80,41,39,49,26,23,78,40,38,76,39,37,31,15,16,12,5,7,2,0,2,0,0,0,1,0,1,22,22,3,5,8,3,3,2,1,22,12,10,0,21,0,2,3
58411338,1,,58411328,115,57,58,9,5,4,108,53,55,54,28,26,105,52,53,102,49,53,54,25,29,27,8,19,13,3,10,2,1,1,0,0,0,40,40,8,16,7,2,2,4,2,33,24,9,3,36,0,6,9
58411339,0,,,48,31,17,5,5,0,43,26,17,31,20,11,42,25,17,42,25,17,12,6,6,6,4,2,3,1,2,0,0,0,0,0,0,15,15,2,2,7,2,0,1,1,13,11,2,1,7,0,0,0
58411340,1,,58411350,11,6,5,1,1,0,12,6,6,2,1,1,12,6,6,12,6,6,10,5,5,5,3,2,1,0,1,0,0,0,0,0,0,6,6,3,3,0,1,0,0,0,4,3,1,0,6,0,2,3
58411341,1,,58411331,61,32,29,1,1,0,68,35,33,42,22,20,68,35,33,67,35,32,26,13,13,17,7,10,3,1,2,1,1,0,3,1,2,24,24,5,11,5,4,1,1,0,21,16,5,0,18,0,3,2
58411342,1,,58411343,25,12,13,2,0,2,32,16,16,18,12,6,31,15,16,31,15,16,14,4,10,7,1,6,3,0,3,0,0,0,1,0,1,12,12,3,6,3,1,0,1,0,11,8,3,1,10,1,2,1
58411343,2,58411342,,9,4,5,*,*,*,*,*,*,*,*,*,*,*,*,*,*,*,*,*,*,*,*,*,*,*,*,*,*,*,*,*,*,2,2,*,*,*,*,*,*,*,*,*,*,*,*,*,*,*
58411344,2,58411334,,6,3,3,*,*,*,*,*,*,*,*,*,*,*,*,*,*,*,*,*,*,*,*,*,*,*,*,*,*,*,*,*,*,1,1,*,*,*,*,*,*,*,*,*,*,*,*,*,*,*
58411345,2,58411346,,11,4,7,*,*,*,*,*,*,*,*,*,*,*,*,*,*,*,*,*,*,*,*,*,*,*,*,*,*,*,*,*,*,3,3,*,*,*,*,*,*,*,*,*,*,*,*,*,*,*
58411346,1,,58411345;58411355;58411356,71,36,35,10,5,5,77,38,39,41,22,19,75,36,39,73,35,38,36,16,20,19,8,11,6,2,4,0,0,0,0,0,0,22,22,3,10,5,4,1,2,2,24,12,12,1,22,0,2,4
58411347,0,,,96,47,49,5,4,1,91,43,48,27,14,13,89,42,47,89,42,47,64,29,35,44,18,26,31,11,20,2,1,1,0,0,0,27,25,5,11,2,5,2,0,0,20,15,5,1,20,0,4,7
58411348,1,,58411358,164,88,76,22,10,12,151,82,69,91,53,38,147,79,68,147,79,68,60,29,31,31,12,19,17,5,12,0,0,0,2,0,2,53,52,14,13,11,4,4,6,3,41,20,21,6,40,0,6,7
58411349,0,,,145,76,69,8,4,4,137,72,65,80,46,34,132,68,64,132,68,64,57,26,31,28,11,17,16,5,11,2,0,2,0,0,0,53,53,8,16,18,5,5,1,0,45,30,15,2,34,0,5,6
58411350,2,58411340,,2,1,1,*,*,*,*,*,*,*,*,*,*,*,*,*,*,*,*,*,*,*,*,*,*,*,*,*,*,*,*,*,*,1,1,*,*,*,*,*,*,*,*,*,*,*,*,*,*,*
58411354,0,,,6,6,0,0,0,0,6,6,0,3,3,0,6,6,0,6,6,0,3,3,0,2,2,0,2,2,0,0,0,0,0,0,0,4,4,2,2,0,0,0,0,0,2,2,0,0,3,0,1,0
58411355,2,58411346,,3,2,1,*,*,*,*,*,*,*,*,*,*,*,*,*,*,*,*,*,*,*,*,*,*,*,*,*,*,*,*,*,*,1,1,*,*,*,*,*,*,*,*,*,*,*,*,*,*,*
58411356,2,58411346,,2,1,1,*,*,*,*,*,*,*,*,*,*,*,*,*,*,*,*,*,*,*,*,*,*,*,*,*,*,*,*,*,*,1,1,*,*,*,*,*,*,*,*,*,*,*,*,*,*,*
58411357,0,,,13,5,8,0,0,0,13,5,8,7,2,5,12,4,8,12,4,8,6,3,3,3,1,2,2,1,1,0,0,0,0,0,0,4,4,1,1,0,1,0,1,0,3,1,2,0,3,0,0,1
58411358,2,58411348,,9,4,5,*,*,*,*,*,*,*,*,*,*,*,*,*,*,*,*,*,*,*,*,*,*,*,*,*,*,*,*,*,*,3,3,*,*,*,*,*,*,*,*,*,*,*,*,*,*,*
58411359,0,,,130,62,68,18,6,12,112,56,56,67,36,31,107,52,55,107,52,55,45,20,25,26,10,16,11,3,8,1,0,1,0,0,0,47,47,11,10,15,5,3,2,1,36,24,12,5,29,1,6,5
58411368,0,,,33,18,15,2,1,1,31,17,14,14,8,6,30,16,14,30,16,14,17,9,8,11,5,6,1,0,1,0,0,0,0,0,0,13,13,1,7,3,1,1,0,0,12,10,2,0,11,0,1,4
58411369,0,,,119,52,67,12,7,5,107,45,62,62,29,33,104,45,59,102,44,58,45,16,29,26,7,19,10,1,9,0,0,0,1,0,1,35,35,4,8,8,8,3,1,3,31,16,15,1,31,0,2,4
58411376,2,58411377,,1,1,0,*,*,*,*,*,*,*,*,*,*,*,*,*,*,*,*,*,*,*,*,*,*,*,*,*,*,*,*,*,*,1,1,*,*,*,*,*,*,*,*,*,*,*,*,*,*,*
58411377,1,,58411376,33,16,17,3,3,0,31,14,17,16,7,9,31,14,17,31,14,17,15,7,8,6,1,5,3,0,3,1,0,1,1,0,1,13,13,5,5,0,3,0,0,1,9,7,2,0,12,0,3,1
58411378,0,,,52,22,30,6,1,5,46,21,25,22,9,13,44,21,23,42,20,22,24,12,12,12,6,6,3,1,2,0,0,0,0,0,0,18,18,0,9,6,2,0,0,1,18,13,5,2,14,0,0,3
58411379,0,,,14,6,8,0,0,0,14,6,8,7,2,5,14,6,8,14,6,8,7,4,3,7,4,3,0,0,0,0,0,0,1,0,1,5,5,2,0,1,1,1,0,0,3,1,2,0,4,0,1,0
58411386,0,,,18,5,13,0,0,0,18,5,13,9,1,8,18,5,13,18,5,13,9,4,5,3,1,2,2,1,1,0,0,0,0,0,0,7,7,1,3,1,2,0,0,0,6,5,1,0,5,0,1,2
58411387,1,,58411396;58411397,38,18,20,3,0,3,47,23,24,26,14,12,45,22,23,44,21,23,21,9,12,13,4,9,4,0,4,0,0,0,1,0,1,12,12,5,4,6,1,0,0,2,13,6,7,1,14,0,4,1
58411388,0,,,18,7,11,0,0,0,18,7,11,8,2,6,18,7,11,18,7,11,10,5,5,3,1,2,2,0,2,0,0,0,0,0,0,9,9,4,2,2,1,0,0,0,5,3,2,0,6,0,1,2
58411389,1,,58411399,24,14,10,0,0,0,25,14,11,11,9,2,24,13,11,24,13,11,14,5,9,8,2,6,5,0,5,2,0,2,0,0,0,9,9,2,3,3,2,0,0,0,8,6,2,0,9,0,2,1
58411396,2,58411387,,8,3,5,*,*,*,*,*,*,*,*,*,*,*,*,*,*,*,*,*,*,*,*,*,*,*,*,*,*,*,*,*,*,4,4,*,*,*,*,*,*,*,*,*,*,*,*,*,*,*
58411397,2,58411387,,4,2,2,*,*,*,*,*,*,*,*,*,*,*,*,*,*,*,*,*,*,*,*,*,*,*,*,*,*,*,*,*,*,2,2,*,*,*,*,*,*,*,*,*,*,*,*,*,*,*
58411399,2,58411389,,1,0,1,*,*,*,*,*,*,*,*,*,*,*,*,*,*,*,*,*,*,*,*,*,*,*,*,*,*,*,*,*,*,1,1,*,*,*,*,*,*,*,*,*,*,*,*,*,*,*
58411400,2,58411401,,7,5,2,*,*,*,*,*,*,*,*,*,*,*,*,*,*,*,*,*,*,*,*,*,*,*,*,*,*,*,*,*,*,2,2,*,*,*,*,*,*,*,*,*,*,*,*,*,*,*
58411401,1,,58411400,166,83,83,26,17,9,144,68,76,82,42,40,139,67,72,136,65,71,62,26,36,34,12,22,14,2,12,0,0,0,0,0,0,48,48,9,13,8,4,6,4,6,39,16,23,5,41,0,2,7
58411402,0,,,96,45,51,5,0,5,90,44,46,52,30,22,89,44,45,87,42,45,38,14,24,23,9,14,11,5,6,0,0,0,3,3,0,33,33,8,7,6,7,2,3,0,25,10,15,1,23,2,3,3
58411410,0,,,180,93,87,27,12,15,153,81,72,89,51,38,148,78,70,146,77,69,64,30,34,29,11,18,13,4,9,3,1,2,0,0,0,58,58,8,17,11,14,4,0,4,49,32,17,9,38,0,6,3
58411411,0,,,53,26,27,7,3,4,46,23,23,28,16,12,44,21,23,43,20,23,18,7,11,13,4,9,4,0,4,1,0,1,1,0,1,17,17,2,5,3,5,1,0,1,15,6,9,1,14,0,1,2
58411420,1,,58411421,97,32,65,3,1,2,96,32,64,22,14,8,95,32,63,94,31,63,74,18,56,66,15,51,48,8,40,10,1,9,0,0,0,11,10,4,4,0,1,1,0,1,7,4,3,1,6,2,1,0
58411421,2,58411420,,2,1,1,*,*,*,*,*,*,*,*,*,*,*,*,*,*,*,*,*,*,*,*,*,*,*,*,*,*,*,*,*,*,1,1,*,*,*,*,*,*,*,*,*,*,*,*,*,*,*
58411430,0,,,243,116,127,23,13,10,220,103,117,133,63,70,209,98,111,207,97,110,87,40,47,49,20,29,16,8,8,3,0,3,1,0,1,82,82,15,27,13,9,10,7,1,66,38,28,5,57,0,8,12
58411431,0,,,138,51,87,6,2,4,130,48,82,31,15,16,127,48,79,127,48,79,99,33,66,78,21,57,55,11,44,15,2,13,0,0,0,31,29,11,9,3,3,1,1,1,18,11,7,2,18,4,4,5
58411440,0,,,936,462,474,94,58,36,824,391,433,490,252,238,794,379,415,775,369,406,334,139,195,194,75,119,55,19,36,8,3,5,6,0,6,366,366,110,101,69,40,23,19,4,255,162,93,15,222,2,42,42
58411441,1,,58411442,193,92,101,17,8,9,215,95,120,103,51,52,210,93,117,208,92,116,112,44,68,69,20,49,33,6,27,3,0,3,0,0,0,76,76,21,25,13,9,5,4,0,56,38,18,6,50,2,10,14
58411442,2,58411441,,41,12,29,*,*,*,*,*,*,*,*,*,*,*,*,*,*,*,*,*,*,*,*,*,*,*,*,*,*,*,*,*,*,2,1,*,*,*,*,*,*,*,*,*,*,*,*,*,*,*
58411450,0,,,684,326,358,63,32,31,620,294,326,348,175,173,609,290,319,603,288,315,272,119,153,142,58,84,51,21,30,5,2,3,5,0,5,258,258,60,72,65,38,12,7,4,197,131,66,10,180,7,32,31
58411451,0,,,482,234,248,59,25,34,423,209,214,279,140,139,404,201,203,398,196,202,144,69,75,69,28,41,28,10,18,3,1,2,3,0,3,171,170,35,53,35,25,10,6,6,135,90,45,15,100,3,17,15
58411452,0,,,323,161,162,31,19,12,292,142,150,175,87,88,280,138,142,278,137,141,117,55,62,56,22,34,21,5,16,0,0,0,0,0,0,102,102,19,29,10,22,10,7,5,82,46,36,8,72,0,10,15
58411453,0,,,14,8,6,1,1,0,13,7,6,5,3,2,12,6,6,12,6,6,8,4,4,5,2,3,3,2,1,0,0,0,0,0,0,4,4,1,1,0,1,0,0,1,3,1,2,0,4,0,1,0
58411460,0,,,138,65,73,20,11,9,116,53,63,76,37,39,115,53,62,112,50,62,40,16,24,18,6,12,12,4,8,0,0,0,8,0,8,51,51,17,14,7,3,4,2,4,33,14,19,4,31,0,6,2
58411461,0,,,25,17,8,1,1,0,24,16,8,18,12,6,24,16,8,24,16,8,6,4,2,4,2,2,3,2,1,0,0,0,0,0,0,10,10,0,7,2,0,1,0,0,9,7,2,1,5,0,0,1
58411462,0,,,166,80,86,14,6,8,152,74,78,91,44,47,148,72,76,145,70,75,61,30,31,30,15,15,8,2,6,0,0,0,1,0,1,57,57,9,19,10,11,5,1,2,48,34,14,5,41,1,6,10
58411463,0,,,379,191,188,33,17,16,340,168,172,195,101,94,330,165,165,326,162,164,145,67,78,80,30,50,32,12,20,0,0,0,1,0,1,137,137,37,38,22,18,11,6,5,99,57,42,10,96,2,12,14
58411464,0,,,118,57,61,5,2,3,113,55,58,57,30,27,113,55,58,112,54,58,56,25,31,24,11,13,6,3,3,2,1,1,3,0,3,44,44,7,13,14,7,3,0,0,37,23,14,1,39,0,6,4
58411470,1,,58411471,37,17,20,0,0,0,44,19,25,17,9,8,43,19,24,43,19,24,27,10,17,13,3,10,9,3,6,1,0,1,0,0,0,16,16,5,7,5,1,0,1,0,14,11,3,0,16,0,3,4
58411471,2,58411470,,7,2,5,*,*,*,*,*,*,*,*,*,*,*,*,*,*,*,*,*,*,*,*,*,*,*,*,*,*,*,*,*,*,3,3,*,*,*,*,*,*,*,*,*,*,*,*,*,*,*
58411472,0,,,20,11,9,6,2,4,14,9,5,9,7,2,14,9,5,14,9,5,5,2,3,2,1,1,0,0,0,0,0,0,0,0,0,10,10,6,2,0,1,0,1,0,4,4,0,0,5,0,3,0
58411473,0,,,115,63,52,7,4,3,108,59,49,55,31,24,105,57,48,103,57,46,53,28,25,31,16,15,9,3,6,2,2,0,0,0,0,49,49,14,20,5,6,3,0,1,35,25,10,3,35,0,9,8
58411474,0,,,327,167,160,27,14,13,293,146,147,158,89,69,280,139,141,279,139,140,135,57,78,61,21,40,21,7,14,3,0,3,2,0,2,132,132,41,43,21,12,3,10,2,91,64,27,7,89,0,18,19
58411475,0,,,93,40,53,7,1,6,86,39,47,54,24,30,78,35,43,77,34,43,32,15,17,12,4,8,4,0,4,0,0,0,0,0,0,34,34,7,12,5,5,3,2,0,27,19,8,3,23,1,6,2
58411476,0,,,35,21,14,0,0,0,35,21,14,24,15,9,35,21,14,33,20,13,11,6,5,6,4,2,2,1,1,0,0,0,0,0,0,14,14,3,5,3,2,1,0,0,11,8,3,0,8,0,1,1
58411480,0,,,18,8,10,0,0,0,18,8,10,10,7,3,18,8,10,18,8,10,8,1,7,5,1,4,4,0,4,0,0,0,0,0,0,5,5,0,1,1,2,1,0,0,5,2,3,0,5,0,0,0
58411484,0,,,205,102,103,17,9,8,188,93,95,106,57,49,183,91,92,177,87,90,82,36,46,36,14,22,6,2,4,0,0,0,2,0,2,71,71,16,21,16,5,5,5,3,55,38,17,4,54,0,13,13
58411485,0,,,1073,520,553,137,74,63,936,446,490,573,281,292,900,429,471,885,420,465,363,165,198,203,81,122,63,18,45,5,1,4,1,0,1,368,367,80,108,73,46,25,26,9,286,188,98,32,235,0,47,44
58411493,2,58411494,,1,0,1,*,*,*,*,*,*,*,*,*,*,*,*,*,*,*,*,*,*,*,*,*,*,*,*,*,*,*,*,*,*,1,1,*,*,*,*,*,*,*,*,*,*,*,*,*,*,*
58411494,1,,58411493,86,39,47,13,5,8,74,34,40,43,22,21,70,31,39,69,31,38,31,12,19,14,8,6,4,1,3,0,0,0,0,0,0,28,28,6,8,8,1,1,4,1,23,14,9,2,21,0,4,3
58411495,0,,,277,128,149,38,18,20,239,110,129,158,72,86,230,106,124,226,104,122,81,38,43,36,15,21,8,4,4,1,1,0,2,0,2,88,88,13,19,27,16,4,5,4,74,54,20,9,51,1,7,8
58411496,0,,,312,141,171,29,17,12,282,123,159,164,69,95,277,121,156,273,121,152,118,54,64,67,27,40,27,7,20,2,1,1,25,0,25,117,117,40,24,21,16,7,4,5,76,37,39,11,74,10,9,10
58411497,0,,,21,10,11,0,0,0,21,10,11,8,5,3,21,10,11,21,10,11,13,5,8,10,4,6,3,2,1,0,0,0,0,0,0,8,8,1,2,4,1,0,0,0,7,4,3,0,8,0,1,2
58411498,0,,,26,13,13,0,0,0,26,13,13,15,8,7,25,12,13,25,12,13,11,5,6,7,2,5,4,1,3,0,0,0,0,0,0,10,10,3,3,1,2,0,1,0,7,3,4,0,8,0,2,0
58412000,0,,,229,89,140,12,9,3,217,80,137,82,37,45,214,78,136,210,77,133,135,43,92,96,24,72,58,10,48,12,2,10,0,0,0,61,59,16,11,15,9,4,3,1,43,26,17,4,45,0,14,4
58412001,0,,,91,46,45,8,5,3,83,41,42,47,25,22,81,39,42,80,38,42,36,16,20,22,8,14,6,2,4,0,0,0,0,0,0,27,27,3,10,4,4,1,2,3,24,14,10,2,24,0,2,6
58412002,0,,,15,6,9,0,0,0,15,6,9,7,3,4,15,6,9,15,6,9,8,3,5,2,0,2,1,0,1,0,0,0,0,0,0,6,6,1,3,1,0,1,0,0,5,3,2,0,5,0,1,2
58412003,2,58412012,,2,1,1,*,*,*,*,*,*,*,*,*,*,*,*,*,*,*,*,*,*,*,*,*,*,*,*,*,*,*,*,*,*,1,1,*,*,*,*,*,*,*,*,*,*,*,*,*,*,*
58412004,0,,,19,9,10,0,0,0,19,9,10,10,3,7,19,9,10,19,9,10,9,6,3,2,0,2,1,0,1,0,0,0,0,0,0,7,7,1,3,0,3,0,0,0,6,5,1,0,6,0,1,2
58412005,0,,,43,22,21,2,2,0,41,20,21,21,12,9,40,19,21,38,17,21,20,8,12,5,2,3,2,1,1,0,0,0,0,0,0,13,13,2,2,5,0,2,2,0,11,4,7,0,12,0,1,2
58412006,0,,,32,18,14,1,0,1,31,18,13,13,8,5,31,18,13,31,18,13,18,10,8,11,7,4,5,3,2,0,0,0,0,0,0,11,11,1,3,4,2,1,0,0,10,6,4,0,11,0,1,0
58412007,0,,,34,17,17,0,0,0,34,17,17,22,12,10,34,17,17,34,17,17,12,5,7,8,3,5,2,0,2,0,0,0,0,0,0,10,10,1,4,1,0,3,0,1,9,5,4,0,7,0,0,3
58412008,0,,,37,23,14,2,2,0,35,21,14,17,12,5,34,20,14,34,20,14,18,9,9,9,4,5,4,1,3,1,1,0,0,0,0,12,12,1,4,3,3,0,0,1,11,7,4,0,11,0,1,1
58412009,0,,,16,7,9,1,1,0,15,6,9,10,5,5,15,6,9,15,6,9,5,1,4,5,1,4,2,0,2,1,0,1,0,0,0,5,5,0,1,2,2,0,0,0,5,2,3,0,4,0,0,0
58412010,0,,,20,10,10,1,0,1,19,10,9,11,7,4,19,10,9,19,10,9,8,3,5,5,1,4,2,0,2,0,0,0,0,0,0,6,6,0,1,3,1,1,0,0,6,1,5,1,6,0,0,0
58412011,0,,,104,57,47,7,4,3,97,53,44,49,30,19,93,50,43,93,50,43,48,23,25,26,13,13,12,5,7,2,2,0,0,0,0,28,28,2,4,8,7,2,3,2,26,7,19,0,27,0,1,1
58412012,1,,58412003;58412013,80,41,39,3,2,1,80,40,40,43,23,20,78,40,38,78,40,38,37,17,20,19,8,11,9,4,5,0,0,0,1,0,1,29,29,7,12,4,3,2,3,0,23,14,9,0,24,0,4,5
58412013,2,58412012,,1,0,1,*,*,*,*,*,*,*,*,*,*,*,*,*,*,*,*,*,*,*,*,*,*,*,*,*,*,*,*,*,*,1,1,*,*,*,*,*,*,*,*,*,*,*,*,*,*,*
58412014,0,,,31,18,13,4,3,1,27,15,12,15,10,5,27,15,12,26,14,12,12,5,7,8,3,5,0,0,0,0,0,0,3,2,1,13,13,8,1,0,2,0,1,1,5,1,4,2,9,2,4,1
58412016,0,,,20,9,11,2,0,2,18,9,9,11,6,5,15,8,7,13,6,7,7,3,4,1,0,1,1,0,1,0,0,0,0,0,0,4,4,0,0,0,3,0,0,1,4,1,3,0,3,0,0,0
58412017,0,,,91,42,49,9,3,6,82,39,43,45,26,19,81,38,43,80,38,42,37,13,24,15,4,11,5,1,4,1,0,1,1,0,1,34,34,7,12,10,0,2,2,1,26,14,12,2,25,0,4,4
58412018,0,,,214,84,130,9,3,6,108,50,58,46,25,21,103,50,53,102,49,53,62,25,37,41,13,28,24,8,16,2,1,1,0,0,0,29,27,4,6,4,4,2,5,2,23,8,15,2,26,0,4,3
58412019,0,,,41,20,21,4,1,3,37,19,18,18,9,9,36,18,18,36,18,18,19,10,9,4,1,3,1,0,1,0,0,0,0,0,0,15,15,4,4,1,4,2,0,0,11,6,5,1,11,0,3,2
58412020,0,,,45,19,26,5,2,3,40,17,23,19,9,10,39,16,23,39,16,23,21,8,13,13,4,9,6,1,5,0,0,0,0,0,0,13,13,3,2,1,4,0,2,1,10,3,7,2,12,0,3,1
58412021,1,,58412030,64,28,36,4,2,2,67,30,37,26,14,12,65,30,35,64,29,35,41,16,25,17,4,13,13,4,9,1,1,0,2,1,1,21,21,5,6,6,3,2,1,1,19,9,10,0,23,0,5,3
58412023,2,58412033,,5,2,3,*,*,*,*,*,*,*,*,*,*,*,*,*,*,*,*,*,*,*,*,*,*,*,*,*,*,*,*,*,*,3,3,*,*,*,*,*,*,*,*,*,*,*,*,*,*,*
58412024,0,,,27,11,16,2,1,1,25,10,15,10,5,5,25,10,15,23,10,13,15,5,10,8,2,6,4,0,4,0,0,0,0,0,0,8,8,1,2,2,1,1,0,1,7,3,4,1,8,0,1,1
58412025,0,,,14,7,7,3,2,1,11,5,6,5,1,4,11,5,6,11,5,6,6,4,2,0,0,0,0,0,0,0,0,0,0,0,0,6,6,2,3,0,0,0,1,0,4,3,1,0,4,0,0,3
58412026,1,,58412036;58412037,43,23,20,3,2,1,47,23,24,21,11,10,44,20,24,44,20,24,26,12,14,11,4,7,4,2,2,0,0,0,0,0,0,16,16,5,6,5,1,0,0,2,13,8,5,1,17,0,5,4
58412027,0,,,56,27,29,7,5,2,49,22,27,28,13,15,48,21,27,48,21,27,21,9,12,10,3,7,5,1,4,0,0,0,0,0,0,16,16,2,3,4,3,2,0,2,14,6,8,0,12,0,1,2
58412028,0,,,39,19,20,4,2,2,35,17,18,22,10,12,34,16,18,34,16,18,13,7,6,9,5,4,4,3,1,0,0,0,0,0,0,8,8,0,0,3,1,1,1,2,8,0,8,1,8,0,0,0
58412030,2,58412021,,7,4,3,*,*,*,*,*,*,*,*,*,*,*,*,*,*,*,*,*,*,*,*,*,*,*,*,*,*,*,*,*,*,3,3,*,*,*,*,*,*,*,*,*,*,*,*,*,*,*
58412032,0,,,17,9,8,0,0,0,17,9,8,11,7,4,17,9,8,17,9,8,6,2,4,4,1,3,1,0,1,0,0,0,0,0,0,5,5,0,2,1,0,2,0,0,5,3,2,0,4,0,0,0
58412033,1,,58412023,22,12,10,2,1,1,25,13,12,11,7,4,25,13,12,25,13,12,14,6,8,7,1,6,5,1,4,0,0,0,0,0,0,7,7,2,4,2,0,1,1,0,8,4,4,0,9,0,2,1
58412034,0,,,32,14,18,5,1,4,27,13,14,13,7,6,26,12,14,26,12,14,14,6,8,9,3,6,5,1,4,1,0,1,0,0,0,9,9,4,1,0,0,2,0,2,5,1,4,0,8,0,3,1
58412035,0,,,52,28,24,7,5,2,45,23,22,23,13,10,40,20,20,39,19,20,22,10,12,13,4,9,4,0,4,0,0,0,0,0,0,13,13,0,3,3,4,1,0,2,13,7,6,1,11,0,0,2
58412036,2,58412026,,6,2,4,*,*,*,*,*,*,*,*,*,*,*,*,*,*,*,*,*,*,*,*,*,*,*,*,*,*,*,*,*,*,2,2,*,*,*,*,*,*,*,*,*,*,*,*,*,*,*
58412037,2,58412026,,1,0,1,*,*,*,*,*,*,*,*,*,*,*,*,*,*,*,*,*,*,*,*,*,*,*,*,*,*,*,*,*,*,1,1,*,*,*,*,*,*,*,*,*,*,*,*,*,*,*
58412038,0,,,25,15,10,0,0,0,25,15,10,14,9,5,25,15,10,25,15,10,11,6,5,5,2,3,2,1,1,0,0,0,0,0,0,10,10,2,5,0,2,1,0,0,8,7,1,0,7,0,2,2
58412039,0,,,195,89,106,35,18,17,160,71,89,83,41,42,154,69,85,152,67,85,77,30,47,41,15,26,15,4,11,0,0,0,0,0,0,64,64,13,21,10,4,10,1,5,51,35,16,6,50,0,11,13
58412041,0,,,30,16,14,0,0,0,30,16,14,14,9,5,30,16,14,30,16,14,16,7,9,6,3,3,2,2,0,0,0,0,0,0,0,9,9,0,2,4,2,0,1,0,9,5,4,0,9,0,0,2
58412042,0,,,27,16,11,0,0,0,27,16,11,15,8,7,27,16,11,27,16,11,12,8,4,5,3,2,3,1,2,0,0,0,1,0,1,11,11,2,4,3,2,0,0,0,9,6,3,0,10,0,1,1
58412043,0,,,15,9,6,2,1,1,13,8,5,5,3,2,13,8,5,12,7,5,8,5,3,2,1,1,0,0,0,0,0,0,0,0,0,6,6,2,2,1,0,0,1,0,4,2,2,0,5,0,1,1
58412045,0,,,15,8,7,1,0,1,14,8,6,8,6,2,14,8,6,14,8,6,6,2,4,3,1,2,3,1,2,0,0,0,0,0,0,4,4,0,0,2,1,1,0,0,4,2,2,0,4,0,0,0
58412046,1,,58412056,29,17,12,2,2,0,34,20,14,21,14,7,33,19,14,33,19,14,13,6,7,6,2,4,2,1,1,0,0,0,0,0,0,6,6,1,2,0,2,1,3,0,8,2,6,0,6,0,0,0
58412047,0,,,62,27,35,2,1,1,60,26,34,35,15,20,56,23,33,55,23,32,25,11,14,10,4,6,1,0,1,0,0,0,0,0,0,16,16,1,5,2,1,3,2,2,15,7,8,0,13,0,1,3
58412048,0,,,116,56,60,16,10,6,100,46,54,56,26,30,98,46,52,97,46,51,44,20,24,21,8,13,9,3,6,0,0,0,0,0,0,32,32,7,6,4,4,3,4,4,25,10,15,5,28,0,5,4
58412049,1,,58412059,376,168,208,35,13,22,344,156,188,206,102,104,334,153,181,330,153,177,138,54,84,69,22,47,26,7,19,1,0,1,1,0,1,123,123,19,37,27,21,11,7,3,106,63,43,7,93,1,6,13
58412051,0,,,13,7,6,0,0,0,13,7,6,6,4,2,13,7,6,12,6,6,7,3,4,2,1,1,1,0,1,0,0,0,0,0,0,4,4,0,2,0,1,1,0,0,4,1,3,0,3,0,0,1
58412053,2,58412054,,4,1,3,*,*,*,*,*,*,*,*,*,*,*,*,*,*,*,*,*,*,*,*,*,*,*,*,*,*,*,*,*,*,2,2,*,*,*,*,*,*,*,*,*,*,*,*,*,*,*
58412054,1,,58412053,25,13,12,2,1,1,27,13,14,17,9,8,26,13,13,25,12,13,10,4,6,1,0,1,0,0,0,0,0,0,0,0,0,5,5,1,0,2,0,2,2,0,6,2,4,0,6,0,1,0
58412055,0,,,25,13,12,0,0,0,25,13,12,14,9,5,25,13,12,25,13,12,11,4,7,4,1,3,1,0,1,0,0,0,0,0,0,9,9,0,3,5,1,0,0,0,9,7,2,0,7,0,0,2
58412056,2,58412046,,7,5,2,*,*,*,*,*,*,*,*,*,*,*,*,*,*,*,*,*,*,*,*,*,*,*,*,*,*,*,*,*,*,3,3,*,*,*,*,*,*,*,*,*,*,*,*,*,*,*
58412057,0,,,15,7,8,0,0,0,15,7,8,9,5,4,15,7,8,14,6,8,6,2,4,5,2,3,0,0,0,0,0,0,0,0,0,4,4,1,1,0,0,0,2,0,3,1,2,0,4,0,1,0
58412059,2,58412049,,3,1,2,*,*,*,*,*,*,*,*,*,*,*,*,*,*,*,*,*,*,*,*,*,*,*,*,*,*,*,*,*,*,2,2,*,*,*,*,*,*,*,*,*,*,*,*,*,*,*
58412100,2,58412110,,7,5,2,*,*,*,*,*,*,*,*,*,*,*,*,*,*,*,*,*,*,*,*,*,*,*,*,*,*,*,*,*,*,2,2,*,*,*,*,*,*,*,*,*,*,*,*,*,*,*
58412110,1,,58412100,44,23,21,7,3,4,44,25,19,25,16,9,43,25,18,43,25,18,19,9,10,11,6,5,5,3,2,1,1,0,0,0,0,9,9,0,1,3,3,0,2,2,11,5,6,2,10,0,0,0
58412121,0,,,21,12,9,4,2,2,17,10,7,11,7,4,17,10,7,17,10,7,6,3,3,2,1,1,0,0,0,0,0,0,0,0,0,7,7,1,2,2,1,0,1,0,6,5,1,1,4,0,0,1
58412130,0,,,81,41,40,10,6,4,71,35,36,43,20,23,66,33,33,63,33,30,28,15,13,12,8,4,3,2,1,0,0,0,0,0,0,21,21,3,2,5,5,1,3,2,18,8,10,0,17,0,2,2
58412131,0,,,33,12,21,1,1,0,32,11,21,23,8,15,31,11,20,31,11,20,9,3,6,8,2,6,3,0,3,0,0,0,0,0,0,12,12,3,5,1,0,2,0,1,9,7,2,0,6,0,1,1
58412140,0,,,70,28,42,5,2,3,65,26,39,31,15,16,63,26,37,63,26,37,34,11,23,16,4,12,5,1,4,0,0,0,0,0,0,26,26,4,12,4,2,3,0,1,22,12,10,1,23,0,2,4
58412337,2,58412368,,4,3,1,*,*,*,*,*,*,*,*,*,*,*,*,*,*,*,*,*,*,*,*,*,*,*,*,*,*,*,*,*,*,1,1,*,*,*,*,*,*,*,*,*,*,*,*,*,*,*
58412347,2,58412368,,2,1,1,*,*,*,*,*,*,*,*,*,*,*,*,*,*,*,*,*,*,*,*,*,*,*,*,*,*,*,*,*,*,2,2,*,*,*,*,*,*,*,*,*,*,*,*,*,*,*
58412357,2,58412368,,1,0,1,*,*,*,*,*,*,*,*,*,*,*,*,*,*,*,*,*,*,*,*,*,*,*,*,*,*,*,*,*,*,1,1,*,*,*,*,*,*,*,*,*,*,*,*,*,*,*
58412368,1,,58412337;58412347;58412357;58412369,18,7,11,3,0,3,25,13,12,7,5,2,24,12,12,24,12,12,18,8,10,9,5,4,1,0,1,0,0,0,0,0,0,8,8,5,4,2,1,1,0,0,7,5,2,0,11,1,4,3
58412369,2,58412368,,3,2,1,*,*,*,*,*,*,*,*,*,*,*,*,*,*,*,*,*,*,*,*,*,*,*,*,*,*,*,*,*,*,1,1,*,*,*,*,*,*,*,*,*,*,*,*,*,*,*
58412378,0,,,72,34,38,8,4,4,64,30,34,34,15,19,63,30,33,61,30,31,30,15,15,13,7,6,6,2,4,3,0,3,0,0,0,22,22,4,7,3,1,3,2,2,18,9,9,3,17,0,3,5
58412379,0,,,30,14,16,1,1,0,29,13,16,12,7,5,29,13,16,29,13,16,17,6,11,13,5,8,7,4,3,0,0,0,0,0,0,13,13,3,7,0,2,1,0,0,10,4,6,0,11,0,2,2
58412389,0,,,65,35,30,4,2,2,61,33,28,29,19,10,60,32,28,60,32,28,32,14,18,14,5,9,4,2,2,1,0,1,0,0,0,25,25,5,9,6,3,0,2,0,20,13,7,1,24,0,5,2
58412399,0,,,49,20,29,6,3,3,43,17,26,24,10,14,41,16,25,39,14,25,19,7,12,7,2,5,5,1,4,0,0,0,5,0,5,16,16,5,2,4,2,1,0,2,11,5,6,0,9,0,0,2
58412403,0,,,38,20,18,9,5,4,29,15,14,14,9,5,28,14,14,28,14,14,15,6,9,4,1,3,3,0,3,0,0,0,0,0,0,12,12,4,2,1,1,2,1,1,8,5,3,0,10,0,3,1
58412404,1,,58412413,140,70,70,12,5,7,133,67,66,71,35,36,128,66,62,124,63,61,62,32,30,21,10,11,10,4,6,1,1,0,0,0,0,49,49,11,15,8,6,7,1,2,39,22,17,4,41,0,7,7
58412405,0,,,419,197,222,40,18,22,379,179,200,207,101,106,361,173,188,355,170,185,172,78,94,94,43,51,19,10,9,1,1,0,2,0,2,148,148,21,58,28,19,12,9,1,126,92,34,9,112,0,14,30
58412406,0,,,1447,724,723,183,87,96,1251,624,627,754,391,363,1218,605,613,1201,599,602,497,233,264,246,103,143,67,22,45,6,1,5,5,0,5,555,555,147,169,100,76,35,19,9,406,296,110,47,329,5,68,73
58412407,1,,58412408,117,55,62,18,7,11,105,50,55,62,33,29,103,49,54,102,49,53,43,17,26,18,6,12,11,3,8,1,0,1,0,0,0,35,35,4,11,8,4,5,4,1,33,19,14,6,27,0,3,4
58412408,2,58412407,,6,2,4,*,*,*,*,*,*,*,*,*,*,*,*,*,*,*,*,*,*,*,*,*,*,*,*,*,*,*,*,*,*,2,2,*,*,*,*,*,*,*,*,*,*,*,*,*,*,*
58412409,0,,,215,111,104,9,5,4,206,106,100,78,46,32,203,105,98,201,103,98,128,60,68,66,27,39,21,3,18,2,0,2,0,0,0,91,91,23,35,20,4,8,1,0,68,48,20,3,81,1,18,19
58412411,2,58412420,,4,2,2,*,*,*,*,*,*,*,*,*,*,*,*,*,*,*,*,*,*,*,*,*,*,*,*,*,*,*,*,*,*,1,1,*,*,*,*,*,*,*,*,*,*,*,*,*,*,*
58412412,2,58412422,,7,3,4,*,*,*,*,*,*,*,*,*,*,*,*,*,*,*,*,*,*,*,*,*,*,*,*,*,*,*,*,*,*,2,2,*,*,*,*,*,*,*,*,*,*,*,*,*,*,*
58412413,2,58412404,,5,2,3,*,*,*,*,*,*,*,*,*,*,*,*,*,*,*,*,*,*,*,*,*,*,*,*,*,*,*,*,*,*,1,1,*,*,*,*,*,*,*,*,*,*,*,*,*,*,*
58412414,0,,,18,9,9,1,0,1,17,9,8,9,6,3,16,8,8,16,8,8,8,3,5,3,1,2,2,0,2,0,0,0,0,0,0,7,7,2,3,0,1,0,1,0,5,3,2,0,5,0,1,1
58412415,0,,,178,81,97,22,8,14,156,73,83,96,46,50,150,69,81,149,68,81,60,27,33,30,14,16,10,5,5,1,0,1,0,0,0,67,67,14,21,16,7,8,1,0,52,40,12,4,44,0,10,8
58412416,0,,,1081,513,568,112,60,52,954,442,512,574,281,293,916,425,491,906,420,486,380,161,219,190,74,116,76,25,51,7,2,5,13,0,13,413,410,116,110,86,58,21,11,8,291,212,79,27,236,20,50,50
58412418,2,58412419,,1,0,1,*,*,*,*,*,*,*,*,*,*,*,*,*,*,*,*,*,*,*,*,*,*,*,*,*,*,*,*,*,*,1,1,*,*,*,*,*,*,*,*,*,*,*,*,*,*,*
58412419,1,,58412418,385,182,203,23,6,17,363,176,187,167,90,77,358,172,186,357,171,186,196,86,110,105,42,63,38,14,24,3,0,3,0,0,0,150,150,30,68,21,15,8,6,3,121,86,35,7,123,0,21,38
58412420,1,,58412411,57,30,27,7,4,3,54,28,26,21,12,9,54,28,26,54,28,26,33,16,17,18,7,11,12,5,7,0,0,0,0,0,0,17,17,3,4,6,2,0,1,2,15,7,8,2,17,0,3,4
58412421,0,,,47,25,22,2,1,1,45,24,21,22,12,10,44,24,20,43,23,20,23,12,11,12,6,6,4,1,3,1,0,1,0,0,0,17,17,3,6,4,1,2,1,0,14,10,4,1,14,0,2,4
58412422,1,,58412412,33,17,16,4,1,3,36,19,17,19,10,9,35,18,17,34,18,16,17,9,8,8,4,4,4,1,3,0,0,0,0,0,0,12,12,3,6,1,1,2,0,1,11,5,6,2,10,0,1,4
58412424,0,,,18,8,10,2,1,1,16,7,9,10,4,6,16,7,9,16,7,9,6,3,3,5,2,3,0,0,0,0,0,0,0,0,0,6,6,1,1,2,1,1,0,0,5,3,2,0,4,0,1,0
58412425,0,,,164,90,74,7,2,5,155,86,69,92,57,35,151,83,68,151,83,68,63,29,34,28,12,16,11,5,6,1,1,0,0,0,0,64,64,17,17,17,6,4,3,0,47,34,13,2,43,0,5,4
58412426,0,,,411,202,209,27,12,15,373,181,192,212,112,100,364,175,189,354,168,186,161,69,92,88,33,55,25,9,16,0,0,0,5,0,5,161,161,56,45,23,9,14,9,5,103,62,41,7,106,4,18,22
58412428,0,,,107,53,54,5,4,1,101,48,53,49,26,23,99,48,51,98,47,51,52,22,30,25,9,16,11,3,8,0,0,0,0,0,0,47,47,18,13,9,3,2,1,1,29,15,14,1,37,0,11,6
58412429,0,,,641,313,328,28,16,12,612,296,316,258,122,136,601,292,309,599,290,309,354,174,180,206,100,106,67,32,35,3,0,3,1,0,1,280,280,78,107,54,26,8,6,1,202,142,60,6,230,1,50,75
58412430,0,,,40,24,16,5,3,2,35,21,14,20,11,9,31,20,11,31,20,11,15,10,5,6,5,1,3,3,0,0,0,0,0,0,0,12,12,2,4,1,2,0,2,1,10,6,4,0,9,0,1,1
58412431,0,,,169,77,92,16,6,10,153,71,82,77,41,36,149,70,79,146,69,77,76,30,46,42,11,31,24,5,19,2,0,2,0,0,0,49,48,8,12,11,5,7,4,1,40,25,15,5,34,0,4,7
58412432,0,,,103,53,50,6,2,4,97,51,46,66,38,28,92,49,43,91,48,43,31,13,18,19,6,13,6,1,5,1,0,1,0,0,0,33,33,6,7,9,4,4,1,2,27,15,12,2,17,0,1,1
58412433,0,,,58,31,27,2,1,1,56,30,26,30,17,13,56,30,26,55,30,25,26,13,13,10,3,7,1,0,1,0,0,0,0,0,0,18,18,1,6,5,2,3,0,1,17,12,5,0,17,0,1,4
58412434,0,,,630,313,317,45,26,19,585,287,298,341,174,167,569,278,291,563,273,290,244,113,131,97,45,52,29,9,20,1,0,1,0,0,0,229,229,42,78,50,30,16,10,3,187,126,61,10,160,1,28,48
58412435,0,,,1199,599,600,155,83,72,1044,516,528,691,357,334,1008,497,511,979,479,500,353,159,194,142,55,87,39,9,30,1,0,1,6,1,5,440,440,103,134,88,53,35,17,10,335,245,90,47,240,7,50,49
58412436,0,,,1582,755,827,176,91,85,1392,653,739,841,403,438,1349,636,713,1329,624,705,551,250,301,287,124,163,83,29,54,5,0,5,15,3,12,582,581,122,202,107,82,39,20,9,459,357,102,45,347,12,55,94
58412438,0,,,124,59,65,2,0,2,122,59,63,52,27,25,121,59,62,119,58,61,70,32,38,49,19,30,16,8,8,4,0,4,1,0,1,50,50,14,15,10,8,1,1,1,36,22,14,1,44,0,11,9
58412439,0,,,266,124,142,20,8,12,245,116,129,114,63,51,241,114,127,240,114,126,131,53,78,80,26,54,30,9,21,4,3,1,1,0,1,114,114,38,33,24,11,3,4,1,76,54,22,2,92,0,28,18
58412442,0,,,187,90,97,30,18,12,157,72,85,115,55,60,154,70,84,152,70,82,42,17,25,26,8,18,8,2,6,1,0,1,0,0,0,51,51,7,6,7,17,6,7,1,44,20,24,11,34,0,5,0
58412443,0,,,435,209,226,43,19,24,391,189,202,237,118,119,375,182,193,366,179,187,154,71,83,80,39,41,16,5,11,0,0,0,2,1,1,184,184,53,62,33,25,7,4,0,131,112,19,16,103,0,26,25
58412444,0,,,250,118,132,17,12,5,232,105,127,127,60,67,226,102,124,224,100,124,105,45,60,52,18,34,20,6,14,5,1,4,0,0,0,86,84,14,30,14,16,9,0,1,69,49,20,6,53,0,5,13
58412445,0,,,1804,873,931,201,94,107,1591,770,821,1056,529,527,1524,742,782,1491,725,766,535,241,294,262,114,148,60,21,39,1,0,1,6,0,6,693,693,172,211,145,93,40,23,9,515,390,125,47,374,10,83,77
58412446,0,,,688,332,356,78,36,42,605,292,313,377,188,189,575,278,297,564,272,292,228,104,124,123,48,75,37,13,24,2,0,2,13,1,12,265,265,73,78,49,36,12,12,5,188,131,57,19,147,22,25,34
58412448,0,,,149,79,70,8,3,5,141,76,65,74,41,33,140,75,65,138,74,64,67,35,32,35,16,19,17,7,10,1,1,0,1,0,1,59,59,18,19,9,6,4,1,2,41,22,19,2,49,0,13,8
58412449,0,,,21,10,11,3,0,3,18,10,8,7,4,3,18,10,8,18,10,8,11,6,5,7,4,3,3,2,1,0,0,0,0,0,0,5,5,0,1,1,0,2,1,0,5,2,3,0,5,0,0,1
58412451,2,58412452,,8,2,6,*,*,*,*,*,*,*,*,*,*,*,*,*,*,*,*,*,*,*,*,*,*,*,*,*,*,*,*,*,*,3,3,*,*,*,*,*,*,*,*,*,*,*,*,*,*,*
58412452,1,,58412451,109,53,56,10,5,5,107,50,57,60,28,32,106,50,56,106,50,56,47,22,25,21,8,13,4,1,3,0,0,0,1,0,1,40,40,9,16,8,3,2,5,0,34,22,12,3,34,0,8,8
58412453,0,,,302,149,153,32,15,17,266,132,134,148,73,75,261,129,132,258,127,131,118,59,59,62,24,38,16,5,11,3,1,2,0,0,0,151,150,63,53,19,9,4,2,0,87,74,13,11,83,2,31,25
58412454,0,,,907,452,455,79,38,41,826,413,413,433,228,205,799,401,398,792,397,395,393,185,208,197,89,108,54,19,35,5,2,3,11,1,10,316,314,107,92,50,29,20,12,4,206,158,48,12,188,16,37,52
58412455,0,,,2141,1044,1097,188,104,84,1915,914,1001,1152,586,566,1863,884,979,1825,864,961,763,328,435,404,159,245,113,41,72,4,0,4,44,5,39,916,916,326,264,161,83,39,30,13,585,431,154,44,525,60,133,114
58412456,0,,,1193,566,627,95,44,51,1087,511,576,596,303,293,1065,502,563,1049,495,554,491,208,283,285,119,166,92,35,57,8,1,7,2,0,2,466,465,120,147,98,55,22,15,8,342,242,100,25,319,2,67,66
58412457,0,,,175,88,87,23,16,7,152,72,80,88,43,45,145,69,76,141,67,74,64,29,35,24,10,14,9,4,5,1,0,1,0,0,0,64,64,16,20,9,8,6,5,0,48,33,15,5,42,0,5,11
58412458,0,,,98,51,47,9,6,3,89,45,44,51,26,25,84,42,42,83,41,42,38,19,19,14,6,8,6,1,5,2,0,2,2,0,2,32,32,4,12,4,6,3,2,1,28,18,10,2,25,0,3,4
58412459,0,,,27,14,13,2,0,2,25,14,11,11,7,4,25,14,11,25,14,11,14,7,7,6,4,2,2,1,1,0,0,0,0,0,0,10,10,2,3,3,1,0,1,0,8,4,4,0,9,0,2,2
58412461,0,,,27,14,13,0,0,0,27,14,13,12,7,5,27,14,13,27,14,13,15,7,8,10,3,7,4,1,3,0,0,0,0,0,0,11,11,3,2,4,2,0,0,0,8,3,5,0,9,0,2,2
58412462,0,,,95,47,48,10,5,5,85,42,43,47,24,23,83,40,43,83,40,43,38,18,20,12,3,9,7,1,6,0,0,0,0,0,0,31,31,4,12,3,8,1,1,2,27,16,11,1,25,0,3,6
58412463,0,,,75,32,43,9,3,6,66,29,37,30,14,16,65,29,36,65,29,36,36,15,21,19,8,11,4,1,3,0,0,0,0,0,0,28,28,6,12,2,2,5,1,0,21,15,6,3,22,0,4,8
58412464,0,,,1648,824,824,158,85,73,1457,712,745,981,509,472,1408,691,717,1382,677,705,476,203,273,229,87,142,52,15,37,5,1,4,17,11,6,718,718,258,207,121,76,35,15,6,455,357,98,39,334,38,75,77
58412465,0,,,1891,984,907,193,97,96,1613,824,789,1083,573,510,1555,798,757,1530,792,738,530,251,279,281,130,151,69,29,40,3,1,2,12,4,8,886,882,396,206,145,76,33,21,5,480,381,99,58,342,91,66,88
58412466,0,,,411,208,203,17,6,11,393,202,191,221,126,95,386,197,189,384,195,189,172,76,96,87,38,49,20,8,12,0,0,0,51,22,29,200,200,94,47,30,17,7,5,0,104,73,31,3,106,51,20,26
58412467,0,,,13,8,5,0,0,0,13,8,5,6,5,1,13,8,5,13,8,5,7,3,4,4,1,3,3,1,2,0,0,0,0,0,0,7,7,4,1,1,1,0,0,0,3,1,2,0,5,0,2,1
58412468,0,,,125,64,61,11,4,7,114,60,54,61,36,25,114,60,54,113,60,53,53,24,29,33,13,20,15,7,8,1,1,0,0,0,0,42,42,9,12,8,6,1,3,3,33,21,12,4,35,0,5,4
58412469,0,,,17,10,7,1,1,0,16,9,7,7,4,3,15,8,7,15,8,7,9,5,4,5,3,2,1,0,1,1,0,1,0,0,0,7,7,2,2,2,0,1,0,0,5,3,2,0,5,0,1,1
58412471,0,,,24,13,11,3,0,3,21,13,8,8,6,2,20,12,8,20,12,8,13,7,6,5,4,1,1,1,0,0,0,0,0,0,0,9,9,1,4,2,1,1,0,0,8,7,1,0,8,0,1,3
58412472,0,,,121,62,59,12,5,7,109,57,52,62,36,26,108,57,51,107,56,51,47,21,26,25,10,15,9,4,5,0,0,0,0,0,0,42,42,8,11,12,4,3,4,0,34,19,15,1,30,0,6,6
58412473,0,,,928,460,468,99,51,48,825,406,419,536,279,257,799,387,412,789,381,408,289,127,162,132,55,77,44,16,28,8,2,6,13,1,12,339,338,70,101,83,46,23,12,3,267,191,76,29,179,15,15,51
58412474,0,,,2364,1138,1226,216,111,105,2130,1013,1117,1242,633,609,2071,989,1082,2041,976,1065,888,380,508,500,202,298,152,64,88,7,3,4,16,11,5,1005,1002,319,323,172,107,51,20,10,676,515,161,45,615,32,164,151
58412475,0,,,3131,1582,1549,275,142,133,2764,1379,1385,1724,918,806,2701,1349,1352,2664,1331,1333,1040,461,579,607,244,363,167,66,101,6,1,5,34,11,23,1597,1597,797,403,199,111,52,23,12,796,629,167,80,761,102,265,170
58412476,0,,,404,191,213,21,8,13,382,182,200,190,101,89,376,180,196,371,178,193,192,81,111,118,47,71,33,13,20,3,0,3,3,0,3,214,214,96,73,24,17,3,0,1,118,101,17,5,142,1,62,33
58412477,0,,,31,13,18,0,0,0,31,13,18,14,8,6,31,13,18,30,13,17,17,5,12,11,2,9,5,0,5,2,0,2,0,0,0,11,11,1,3,4,3,0,0,0,10,6,4,0,11,0,1,0
58412479,2,58412489,,7,4,3,*,*,*,*,*,*,*,*,*,*,*,*,*,*,*,*,*,*,*,*,*,*,*,*,*,*,*,*,*,*,2,2,*,*,*,*,*,*,*,*,*,*,*,*,*,*,*
58412480,0,,,11,6,5,0,0,0,11,6,5,3,2,1,11,6,5,11,6,5,8,4,4,5,2,3,2,1,1,0,0,0,0,0,0,5,5,0,4,1,0,0,0,0,5,5,0,0,4,0,0,2
58412481,2,58412491,,2,2,0,*,*,*,*,*,*,*,*,*,*,*,*,*,*,*,*,*,*,*,*,*,*,*,*,*,*,*,*,*,*,2,2,*,*,*,*,*,*,*,*,*,*,*,*,*,*,*
58412482,0,,,468,233,235,50,23,27,413,206,207,272,146,126,400,199,201,391,192,199,141,60,81,73,32,41,14,2,12,2,0,2,1,1,0,174,174,55,39,26,31,11,7,5,118,76,42,11,96,9,20,18
58412483,0,,,1279,664,615,147,83,64,1098,556,542,672,357,315,1071,540,531,1057,531,526,426,199,227,207,86,121,62,25,37,5,1,4,4,2,2,550,549,181,166,105,61,19,12,5,359,283,76,32,282,23,59,72
58412484,0,,,2630,1261,1369,229,125,104,2342,1088,1254,1332,709,623,2284,1058,1226,2244,1035,1209,1010,379,631,662,225,437,289,75,214,37,3,34,10,5,5,1185,1162,518,316,177,94,33,20,4,640,510,130,54,565,69,175,137
58412485,0,,,1793,825,968,104,60,44,1672,752,920,884,449,435,1646,736,910,1626,725,901,788,303,485,485,168,317,176,46,130,11,3,8,22,7,15,870,863,381,259,128,56,25,11,3,478,372,106,26,523,35,188,97
58412486,0,,,613,279,334,38,21,17,566,252,314,317,147,170,560,252,308,553,247,306,249,105,144,146,55,91,49,16,33,2,0,2,52,15,37,340,340,195,78,35,13,12,5,2,144,106,38,15,177,65,69,47
58412487,0,,,168,83,85,15,8,7,153,75,78,83,42,41,148,73,75,146,73,73,70,33,37,32,14,18,9,4,5,1,0,1,0,0,0,59,59,11,21,9,9,4,4,1,48,31,17,4,43,0,6,8
58412489,1,,58412479;58412499,53,25,28,5,3,2,57,28,29,29,14,15,57,28,29,57,28,29,28,14,14,18,8,10,4,1,3,0,0,0,0,0,0,17,17,3,7,3,4,1,1,1,17,11,6,1,18,0,2,3
58412490,0,,,35,14,21,1,1,0,34,13,21,12,3,9,33,13,20,31,12,19,22,10,12,9,3,6,5,2,3,1,0,1,1,0,1,13,13,3,2,5,2,1,0,0,10,5,5,1,12,0,2,2
58412491,1,,58412481,105,36,69,1,1,0,106,37,69,25,14,11,105,37,68,105,37,68,81,23,58,68,15,53,55,8,47,9,2,7,0,0,0,23,21,9,6,5,3,0,0,0,14,11,3,0,18,0,6,3
58412492,0,,,109,53,56,13,6,7,96,47,49,58,30,28,94,47,47,94,47,47,38,17,21,19,5,14,7,1,6,0,0,0,0,0,0,40,39,8,13,9,4,3,1,1,31,20,11,1,29,0,5,6
58412493,0,,,701,334,367,50,24,26,634,296,338,338,184,154,620,286,334,614,283,331,296,112,184,190,63,127,85,18,67,16,0,16,1,0,1,307,306,125,100,41,25,7,6,2,175,140,35,20,162,13,49,44
58412494,0,,,1462,713,749,94,50,44,1352,650,702,730,386,344,1326,638,688,1318,633,685,622,264,358,338,128,210,106,38,68,8,4,4,12,6,6,754,754,330,249,109,41,13,7,5,423,344,79,27,454,18,149,99
58412495,0,,,725,355,370,34,17,17,687,335,352,332,184,148,667,320,347,658,314,344,355,151,204,207,75,132,60,21,39,5,0,5,3,1,2,338,337,125,116,53,24,13,5,1,210,152,58,10,250,5,85,54
58412496,0,,,1066,507,559,95,52,43,944,438,506,513,254,259,930,430,500,921,425,496,431,184,247,249,95,154,88,29,59,7,2,5,40,1,39,559,558,279,171,53,32,13,4,6,277,230,47,38,297,43,134,71
58412497,0,,,389,195,194,22,9,13,367,186,181,147,74,73,362,183,179,359,182,177,220,112,108,111,51,60,37,11,26,2,1,1,0,0,0,69,65,10,24,15,7,5,4,0,54,37,17,7,46,0,7,11
58412499,2,58412489,,2,2,0,*,*,*,*,*,*,*,*,*,*,*,*,*,*,*,*,*,*,*,*,*,*,*,*,*,*,*,*,*,*,1,1,*,*,*,*,*,*,*,*,*,*,*,*,*,*,*
58412500,2,58412510,,10,3,7,*,*,*,*,*,*,*,*,*,*,*,*,*,*,*,*,*,*,*,*,*,*,*,*,*,*,*,*,*,*,5,5,*,*,*,*,*,*,*,*,*,*,*,*,*,*,*
58412510,1,,58412500;58412520,168,80,88,15,7,8,169,79,90,79,46,33,166,78,88,166,78,88,90,33,57,45,16,29,21,5,16,4,0,4,0,0,0,58,58,13,19,19,5,6,2,2,53,29,24,3,56,0,9,10
58412520,2,58412510,,6,3,3,*,*,*,*,*,*,*,*,*,*,*,*,*,*,*,*,*,*,*,*,*,*,*,*,*,*,*,*,*,*,3,3,*,*,*,*,*,*,*,*,*,*,*,*,*,*,*
58412530,0,,,16,8,8,0,0,0,16,8,8,10,6,4,14,7,7,14,7,7,6,2,4,2,1,1,0,0,0,0,0,0,0,0,0,6,6,1,1,3,1,0,0,0,5,3,2,0,4,0,0,0
58412532,0,,,70,38,32,3,2,1,67,36,31,33,20,13,65,34,31,63,33,30,34,16,18,18,9,9,9,5,4,0,0,0,0,0,0,27,27,7,10,3,3,3,0,1,20,10,10,0,22,0,5,3
58412533,0,,,247,128,119,12,7,5,235,121,114,118,64,54,231,118,113,225,116,109,117,57,60,62,27,35,21,7,14,2,1,1,2,2,0,86,86,16,23,23,13,5,3,3,70,39,31,2,69,1,10,13
58412540,0,,,52,28,24,1,1,0,51,27,24,26,17,9,49,25,24,47,24,23,25,10,15,13,5,8,6,2,4,0,0,0,1,0,1,19,19,4,6,4,3,1,0,1,15,10,5,0,18,0,4,2
58412542,0,,,289,139,150,24,14,10,264,124,140,132,66,66,259,119,140,259,119,140,132,58,74,70,23,47,30,8,22,2,1,1,0,0,0,109,109,26,36,22,13,6,2,4,83,51,32,9,88,4,15,18
58412543,0,,,98,41,57,7,4,3,91,37,54,50,19,31,88,36,52,87,36,51,41,18,23,22,8,14,8,4,4,0,0,0,0,0,0,38,38,7,14,8,6,3,0,0,29,19,10,1,26,1,4,7
58412550,2,58412561,,9,5,4,*,*,*,*,*,*,*,*,*,*,*,*,*,*,*,*,*,*,*,*,*,*,*,*,*,*,*,*,*,*,2,2,*,*,*,*,*,*,*,*,*,*,*,*,*,*,*
58412551,0,,,118,51,67,12,4,8,106,47,59,61,30,31,105,46,59,102,44,58,45,17,28,33,12,21,9,3,6,0,0,0,0,0,0,38,38,6,9,8,9,2,4,0,32,16,16,3,30,0,5,2
58412552,1,,58412553,531,256,275,47,25,22,487,234,253,259,134,125,471,225,246,469,224,245,228,100,128,125,43,82,53,19,34,2,0,2,1,0,1,184,184,35,51,53,18,13,9,6,150,94,56,8,148,2,24,33
58412553,2,58412552,,3,3,0,*,*,*,*,*,*,*,*,*,*,*,*,*,*,*,*,*,*,*,*,*,*,*,*,*,*,*,*,*,*,1,1,*,*,*,*,*,*,*,*,*,*,*,*,*,*,*
58412560,0,,,14,7,7,2,1,1,12,6,6,5,2,3,12,6,6,12,6,6,7,4,3,1,1,0,0,0,0,0,0,0,0,0,0,5,5,0,4,0,0,0,1,0,5,3,2,1,4,0,0,2
58412561,1,,58412550,242,119,123,11,8,3,240,116,124,122,62,60,236,114,122,233,112,121,118,54,64,67,30,37,25,11,14,2,1,1,0,0,0,88,88,20,28,15,13,7,6,1,69,37,32,4,73,2,14,16
58412562,1,,58412563;58412573,717,345,372,49,29,20,677,320,357,348,179,169,664,313,351,658,311,347,329,141,188,176,66,110,62,17,45,8,2,6,1,0,1,250,249,42,83,56,36,16,16,3,210,132,78,13,209,0,35,39
58412563,2,58412562,,1,1,0,*,*,*,*,*,*,*,*,*,*,*,*,*,*,*,*,*,*,*,*,*,*,*,*,*,*,*,*,*,*,1,1,*,*,*,*,*,*,*,*,*,*,*,*,*,*,*
58412570,0,,,61,30,31,3,3,0,58,27,31,30,15,15,58,27,31,57,26,31,28,12,16,16,7,9,5,1,4,1,0,1,0,0,0,24,24,3,12,5,1,3,0,0,21,18,3,1,17,0,1,6
58412571,0,,,398,187,211,35,18,17,359,167,192,184,90,94,353,165,188,349,162,187,175,77,98,84,32,52,34,7,27,3,0,3,1,0,1,146,146,33,45,26,26,9,4,3,111,65,46,9,111,0,20,30
58412572,0,,,340,178,162,29,14,15,311,164,147,164,94,70,305,160,145,302,158,144,147,70,77,77,33,44,30,10,20,4,1,3,10,9,1,121,121,20,45,24,12,12,6,2,101,63,38,5,92,0,9,26
58412573,2,58412562,,8,3,5,*,*,*,*,*,*,*,*,*,*,*,*,*,*,*,*,*,*,*,*,*,*,*,*,*,*,*,*,*,*,2,2,*,*,*,*,*,*,*,*,*,*,*,*,*,*,*
58412580,0,,,203,106,97,18,7,11,185,99,86,111,56,55,184,99,85,180,97,83,74,43,31,31,16,15,13,7,6,0,0,0,0,0,0,50,49,7,11,16,6,3,5,1,41,23,18,5,41,0,4,6
58412581,0,,,448,222,226,20,9,11,428,213,215,220,126,94,413,203,210,412,202,210,208,87,121,119,45,74,41,11,30,5,0,5,0,0,0,168,167,39,53,38,11,18,6,2,128,78,50,7,136,0,26,23
58412582,0,,,69,33,36,3,1,2,66,32,34,30,15,15,64,32,32,64,32,32,36,17,19,13,5,8,5,1,4,1,0,1,2,0,2,28,26,9,9,3,2,0,2,1,16,10,6,3,19,1,5,3
58412590,2,58412591,,4,2,2,*,*,*,*,*,*,*,*,*,*,*,*,*,*,*,*,*,*,*,*,*,*,*,*,*,*,*,*,*,*,1,1,*,*,*,*,*,*,*,*,*,*,*,*,*,*,*
58412591,1,,58412590,267,131,136,13,9,4,258,124,134,143,73,70,252,123,129,248,122,126,115,51,64,63,27,36,21,5,16,2,1,1,10,0,10,93,93,16,27,26,10,8,6,1,78,43,35,4,72,7,3,11
58413309,1,,58413318;58413319,119,57,62,12,5,7,122,59,63,61,28,33,121,59,62,120,59,61,61,31,30,27,14,13,11,6,5,0,0,0,0,0,0,40,40,6,14,8,8,5,2,1,38,20,18,1,38,0,5,7
58413318,2,58413309,,2,1,1,*,*,*,*,*,*,*,*,*,*,*,*,*,*,*,*,*,*,*,*,*,*,*,*,*,*,*,*,*,*,1,1,*,*,*,*,*,*,*,*,*,*,*,*,*,*,*
58413319,2,58413309,,13,6,7,*,*,*,*,*,*,*,*,*,*,*,*,*,*,*,*,*,*,*,*,*,*,*,*,*,*,*,*,*,*,3,3,*,*,*,*,*,*,*,*,*,*,*,*,*,*,*
58413400,1,,58413410,61,32,29,3,2,1,60,31,29,29,16,13,58,29,29,58,29,29,31,15,16,16,7,9,8,3,5,2,1,1,0,0,0,23,23,6,6,6,4,1,1,0,18,8,10,0,19,0,4,4
58413401,0,,,28,12,16,4,2,2,24,10,14,8,4,4,24,10,14,24,10,14,16,6,10,6,2,4,4,1,3,0,0,0,0,0,0,10,10,4,2,2,0,0,1,1,6,3,3,2,10,0,4,2
58413403,0,,,178,91,87,5,1,4,173,90,83,88,51,37,166,87,79,166,87,79,85,39,46,49,23,26,9,6,3,0,0,0,0,0,0,75,75,20,28,13,10,2,1,1,55,41,14,2,61,1,14,15
58413405,0,,,25,10,15,4,1,3,20,8,12,12,5,7,20,8,12,20,8,12,8,3,5,4,2,2,1,1,0,0,0,0,0,0,0,8,8,1,2,2,1,2,0,0,7,4,3,0,5,0,0,1
58413406,0,,,927,467,460,64,27,37,830,411,419,529,270,259,800,398,402,791,396,395,301,141,160,151,64,87,50,16,34,2,1,1,0,0,0,400,398,141,112,73,42,16,11,3,254,184,70,12,199,13,42,41
58413407,0,,,410,273,137,19,11,8,389,260,129,303,221,82,266,157,109,235,129,106,86,39,47,40,14,26,16,4,12,0,0,0,22,19,3,127,125,57,26,23,13,4,0,2,66,49,17,2,65,18,22,10
58413408,2,58413418,,4,2,2,*,*,*,*,*,*,*,*,*,*,*,*,*,*,*,*,*,*,*,*,*,*,*,*,*,*,*,*,*,*,2,2,*,*,*,*,*,*,*,*,*,*,*,*,*,*,*
58413410,2,58413400,,2,1,1,*,*,*,*,*,*,*,*,*,*,*,*,*,*,*,*,*,*,*,*,*,*,*,*,*,*,*,*,*,*,1,1,*,*,*,*,*,*,*,*,*,*,*,*,*,*,*
58413411,0,,,38,18,20,8,2,6,30,16,14,17,9,8,30,16,14,29,15,14,13,7,6,9,5,4,5,3,2,1,1,0,0,0,0,12,12,1,7,1,0,1,0,2,11,7,4,2,9,0,1,2
58413413,1,,58413423,43,20,23,5,4,1,42,18,24,23,11,12,41,17,24,41,17,24,19,7,12,10,4,6,1,0,1,0,0,0,0,0,0,15,15,2,7,3,4,0,1,0,15,11,4,1,12,0,2,3
58413416,0,,,905,441,464,114,62,52,790,379,411,490,241,249,756,359,397,739,348,391,300,138,162,140,58,82,36,16,20,1,0,1,6,0,6,333,332,70,104,72,47,23,10,6,259,195,64,29,203,6,41,47
58413417,0,,,39,20,19,5,0,5,34,20,14,18,11,7,33,20,13,33,20,13,16,9,7,4,2,2,0,0,0,0,0,0,0,0,0,15,15,4,6,1,1,2,1,0,11,9,2,1,11,0,4,4
58413418,1,,58413408,37,15,22,4,0,4,37,17,20,22,12,10,36,16,20,36,16,20,15,5,10,6,2,4,3,1,2,0,0,0,0,0,0,12,12,2,5,2,3,1,1,0,12,7,5,1,10,0,1,2
58413420,0,,,12,7,5,2,2,0,10,5,5,5,2,3,10,5,5,10,5,5,5,3,2,1,0,1,1,0,1,0,0,0,0,0,0,5,5,2,2,0,0,0,1,0,3,2,1,0,4,0,1,0
58413421,0,,,130,64,66,14,6,8,116,58,58,60,28,32,114,57,57,114,57,57,56,30,26,19,8,11,7,2,5,0,0,0,0,0,0,42,42,4,15,9,6,4,3,1,37,22,15,4,35,0,2,8
58413422,0,,,29,16,13,0,0,0,29,16,13,16,9,7,29,16,13,29,16,13,13,7,6,8,4,4,3,2,1,0,0,0,0,0,0,13,13,4,4,3,2,0,0,0,9,6,3,0,11,0,3,2
58413423,2,58413413,,4,2,2,*,*,*,*,*,*,*,*,*,*,*,*,*,*,*,*,*,*,*,*,*,*,*,*,*,*,*,*,*,*,2,2,*,*,*,*,*,*,*,*,*,*,*,*,*,*,*
58413425,0,,,29,12,17,3,1,2,26,11,15,15,8,7,24,9,15,24,9,15,11,3,8,6,1,5,3,1,2,1,0,1,0,0,0,9,9,0,4,2,1,1,1,0,9,5,4,0,7,0,0,1
58413426,0,,,449,215,234,44,24,20,402,188,214,220,112,108,391,184,207,388,182,206,182,76,106,95,38,57,35,9,26,3,0,3,0,0,0,151,151,29,45,31,17,14,7,8,119,70,49,9,113,0,17,22
58413427,0,,,14,8,6,0,0,0,11,6,5,8,4,4,11,6,5,10,6,4,3,2,1,1,1,0,0,0,0,0,0,0,0,0,0,10,10,7,2,1,0,0,0,0,2,2,0,0,2,1,1,0
58413430,0,,,23,13,10,2,2,0,21,11,10,11,6,5,20,11,9,20,11,9,10,5,5,7,3,4,3,1,2,0,0,0,0,0,0,10,10,3,4,2,0,0,1,0,7,6,1,0,6,0,0,2
58413431,0,,,72,36,36,5,2,3,67,34,33,39,24,15,62,32,30,62,32,30,28,10,18,15,4,11,7,2,5,1,0,1,0,0,0,23,23,2,8,7,3,1,1,1,21,11,10,1,18,0,0,2
58413432,0,,,52,30,22,6,3,3,46,27,19,24,17,7,44,25,19,44,25,19,22,10,12,13,5,8,6,1,5,0,0,0,0,0,0,16,16,3,4,3,3,0,2,1,13,6,7,1,13,0,1,2
58413435,0,,,94,48,46,9,5,4,85,43,42,39,23,16,85,43,42,84,42,42,46,20,26,24,10,14,9,3,6,0,0,0,0,0,0,31,31,4,8,9,5,3,2,0,27,15,12,2,28,0,3,4
58413436,0,,,77,35,42,12,6,6,65,29,36,41,21,20,64,29,35,63,29,34,24,8,16,13,3,10,4,0,4,0,0,0,1,0,1,22,22,3,4,4,7,0,2,2,19,8,11,3,17,0,2,1
58413441,0,,,51,23,28,3,1,2,48,22,26,28,12,16,46,22,24,43,22,21,20,10,10,9,4,5,3,1,2,0,0,0,0,0,0,17,17,0,7,5,3,2,0,0,17,14,3,0,14,0,0,5
58413442,0,,,45,21,24,7,3,4,38,18,20,23,10,13,38,18,20,38,18,20,15,8,7,6,1,5,4,1,3,0,0,0,0,0,0,12,12,3,1,2,2,1,1,2,9,1,8,1,10,0,3,0
58413445,0,,,126,59,67,14,6,8,112,53,59,69,37,32,110,53,57,108,51,57,43,16,27,29,11,18,16,4,12,1,0,1,0,0,0,34,34,4,6,7,7,5,2,3,30,15,15,4,29,0,3,1
58413451,0,,,72,36,36,5,1,4,67,35,32,29,15,14,65,34,31,65,34,31,38,20,18,14,5,9,4,2,2,0,0,0,1,1,0,30,30,10,10,4,4,0,0,2,20,11,9,1,27,0,8,5
58413452,0,,,20,10,10,2,1,1,18,9,9,7,4,3,18,9,9,17,8,9,11,5,6,6,2,4,2,1,1,1,0,1,0,0,0,8,8,3,3,1,0,0,0,1,5,4,1,0,6,0,2,2
58413454,2,58413455,,5,3,2,*,*,*,*,*,*,*,*,*,*,*,*,*,*,*,*,*,*,*,*,*,*,*,*,*,*,*,*,*,*,2,2,*,*,*,*,*,*,*,*,*,*,*,*,*,*,*
58413455,1,,58413454,156,71,85,7,0,7,154,74,80,81,42,39,150,71,79,148,69,79,73,32,41,34,14,20,9,1,8,0,0,0,1,0,1,60,60,17,17,13,6,7,2,0,44,30,14,2,45,0,10,10
58413459,0,,,17,8,9,0,0,0,17,8,9,11,5,6,17,8,9,17,8,9,6,3,3,3,1,2,2,0,2,0,0,0,0,0,0,6,6,0,3,2,0,1,0,0,6,4,2,0,5,0,0,0
58413461,0,,,51,27,24,3,2,1,48,25,23,31,16,15,47,24,23,47,24,23,17,9,8,6,1,5,4,0,4,0,0,0,0,0,0,18,18,4,3,5,4,2,0,0,14,9,5,1,13,0,2,2
58413464,0,,,92,41,51,12,5,7,80,36,44,43,19,24,78,36,42,78,36,42,37,17,20,20,7,13,8,2,6,0,0,0,0,0,0,30,30,8,8,6,1,3,0,4,22,14,8,2,25,0,8,3
58413465,0,,,23,10,13,0,0,0,23,10,13,13,7,6,22,9,13,22,9,13,10,3,7,6,2,4,1,0,1,0,0,0,0,0,0,9,9,2,3,1,3,0,0,0,7,4,3,0,8,0,2,1
58413470,0,,,14,7,7,0,0,0,14,7,7,6,3,3,14,7,7,14,7,7,8,4,4,3,1,2,1,0,1,0,0,0,0,0,0,5,5,0,1,4,0,0,0,0,5,4,1,0,4,0,0,0
58413471,0,,,33,17,16,5,2,3,28,15,13,12,6,6,28,15,13,28,15,13,16,9,7,4,1,3,4,1,3,0,0,0,0,0,0,11,11,2,1,4,3,1,0,0,9,6,3,3,10,0,2,0
58413474,1,,58413483,27,17,10,4,4,0,25,14,11,15,8,7,25,14,11,24,13,11,10,6,4,4,2,2,3,1,2,0,0,0,0,0,0,10,10,4,4,0,1,0,1,1,7,4,3,2,9,0,2,0
58413480,0,,,13,7,6,0,0,0,13,7,6,4,2,2,13,7,6,13,7,6,9,5,4,6,3,3,2,1,1,0,0,0,0,0,0,7,7,3,2,2,0,0,0,0,4,4,0,0,5,0,1,2
58413483,2,58413474,,2,1,1,*,*,*,*,*,*,*,*,*,*,*,*,*,*,*,*,*,*,*,*,*,*,*,*,*,*,*,*,*,*,1,1,*,*,*,*,*,*,*,*,*,*,*,*,*,*,*
58413484,0,,,16,8,8,1,1,0,15,7,8,11,6,5,14,7,7,14,7,7,4,1,3,3,1,2,2,0,2,0,0,0,0,0,0,4,4,1,0,0,1,1,1,0,3,0,3,0,4,0,1,0
58413500,2,58413510,,107,61,46,*,*,*,*,*,*,*,*,*,*,*,*,*,*,*,*,*,*,*,*,*,*,*,*,*,*,*,*,*,*,3,1,*,*,*,*,*,*,*,*,*,*,*,*,*,*,*
58413501,0,,,299,123,176,20,7,13,279,116,163,133,68,65,273,112,161,268,108,160,146,48,98,102,28,74,59,14,45,10,4,6,8,0,8,91,90,23,25,18,9,9,4,2,67,36,31,6,57,8,6,12
58413510,1,,58413500,120,58,62,7,3,4,220,116,104,132,71,61,219,116,103,217,116,101,88,45,43,33,14,19,12,3,9,0,0,0,0,0,0,40,40,6,9,17,4,2,1,2,35,18,17,1,36,0,4,3
58413511,0,,,23,6,17,1,0,1,22,6,16,6,4,2,22,6,16,22,6,16,16,2,14,13,2,11,5,0,5,1,0,1,0,0,0,8,7,2,3,1,1,0,0,0,5,3,2,0,6,0,2,1
58413520,0,,,78,36,42,9,5,4,69,31,38,37,19,18,67,29,38,66,28,38,32,12,20,19,6,13,8,0,8,0,0,0,0,0,0,26,26,3,8,7,5,1,1,1,22,12,10,4,23,0,3,4
58413521,0,,,91,40,51,7,5,2,84,35,49,48,22,26,83,34,49,83,34,49,36,13,23,19,5,14,7,2,5,0,0,0,0,0,0,34,34,8,12,5,4,2,3,0,26,13,13,5,26,0,6,4
58413530,0,,,216,103,113,7,2,5,209,101,108,102,56,46,207,101,106,207,101,106,107,45,62,53,21,32,16,4,12,1,0,1,3,0,3,88,88,21,29,23,10,3,1,1,67,51,16,2,67,2,13,17
58413531,0,,,43,18,25,6,3,3,37,15,22,20,9,11,36,14,22,35,14,21,17,6,11,9,2,7,4,1,3,1,0,1,3,0,3,15,15,4,4,2,1,3,1,0,11,5,6,1,10,3,1,2
58413540,0,,,159,74,85,10,4,6,148,69,79,78,39,39,146,67,79,145,66,79,70,30,40,38,12,26,14,4,10,0,0,0,3,0,3,58,58,16,14,13,5,5,4,1,42,20,22,3,44,2,7,8
58413550,0,,,296,147,149,31,18,13,265,129,136,156,81,75,256,122,134,254,121,133,109,48,61,64,25,39,18,4,14,3,1,2,2,0,2,95,95,20,24,22,10,6,5,8,74,41,33,10,74,0,15,8
