KEY_CODE,HTKSYORI,HTKSAKI,GASSAN,T001100001,T001100002,T001100003,T001100004,T001100005,T001100006,T001100007,T001100008,T001100009,T001100010,T001100011,T001100012,T001100013,T001100014,T001100015,T001100016,T001100017,T001100018,T001100019,T001100020,T001100021,T001100022,T001100023,T001100024,T001100025,T001100026,T001100027,T001100028,T001100029,T001100030,T001100031,T001100032,T001100033,T001100034,T001100035,T001100036,T001100037,T001100038,T001100039,T001100040,T001100041,T001100042,T001100043,T001100044,T001100045,T001100046,T001100047,T001100048,T001100049,T001100050
,,,,Å@êlå˚ÅiëçêîÅj,Å@êlå˚ÅiëçêîÅjÅ@íj,Å@êlå˚ÅiëçêîÅjÅ@èó,Å@ÇOÅ`ÇPÇSçŒêlå˚Å@ëçêî,Å@ÇOÅ`ÇPÇSçŒêlå˚Å@íj,Å@ÇOÅ`ÇPÇSçŒêlå˚Å@èó,Å@ÇPÇTçŒà»è„êlå˚Å@ëçêî,Å@ÇPÇTçŒà»è„êlå˚Å@íj,Å@ÇPÇTçŒà»è„êlå˚Å@èó,Å@ÇPÇTÅ`ÇUÇSçŒêlå˚Å@ëçêî,Å@ÇPÇTÅ`ÇUÇSçŒêlå˚Å@íj,Å@ÇPÇTÅ`ÇUÇSçŒêlå˚Å@èó,Å@ÇPÇWçŒà»è„êlå˚Å@ëçêî,Å@ÇPÇWçŒà»è„êlå˚Å@íj,Å@ÇPÇWçŒà»è„êlå˚Å@èó,Å@ÇQÇOçŒà»è„êlå˚Å@ëçêî,Å@ÇQÇOçŒà»è„êlå˚Å@íj,Å@ÇQÇOçŒà»è„êlå˚Å@èó,Å@ÇUÇTçŒà»è„êlå˚Å@ëçêî,Å@ÇUÇTçŒà»è„êlå˚Å@íj,Å@ÇUÇTçŒà»è„êlå˚Å@èó,Å@ÇVÇTçŒà»è„êlå˚Å@ëçêî,Å@ÇVÇTçŒà»è„êlå˚Å@íj,Å@ÇVÇTçŒà»è„êlå˚Å@èó,Å@ÇWÇTçŒà»è„êlå˚Å@ëçêî,Å@ÇWÇTçŒà»è„êlå˚Å@íj,Å@ÇWÇTçŒà»è„êlå˚Å@èó,Å@ÇXÇTçŒà»è„êlå˚Å@ëçêî,Å@ÇXÇTçŒà»è„êlå˚Å@íj,Å@ÇXÇTçŒà»è„êlå˚Å@èó,Å@äOçëêlêlå˚Å@ëçêî,Å@äOçëêlêlå˚Å@íj,Å@äOçëêlêlå˚Å@èó,Å@ê¢ë—ëçêî,Å@àÍî ê¢ë—êî,Å@ÇPêlê¢ë—êîÅ@àÍî ê¢ë—êî,Å@ÇQêlê¢ë—êîÅ@àÍî ê¢ë—êî,Å@ÇRêlê¢ë—êîÅ@àÍî ê¢ë—êî,Å@ÇSêlê¢ë—êîÅ@àÍî ê¢ë—êî,Å@ÇTêlê¢ë—êîÅ@àÍî ê¢ë—êî,Å@ÇUêlê¢ë—êîÅ@àÍî ê¢ë—êî,Å@ÇVêlà»è„ê¢ë—êîÅ@àÍî ê¢ë—êî,Å@êeë∞ÇÃÇ›ÇÃê¢ë—êîÅ@àÍî ê¢ë—êî,Å@äjâ∆ë∞ê¢ë—êîÅ@àÍî ê¢ë—êî,Å@äjâ∆ë∞à»äOÇÃê¢ë—êîÅ@àÍî ê¢ë—êî,Å@ÇUçŒñ¢ñûê¢ë—àıÇÃÇ¢ÇÈê¢ë—êîÅ@àÍî ê¢ë—êî,Å@ÇUÇTçŒà»è„ê¢ë—àıÇÃÇ¢ÇÈê¢ë—êîÅ@àÍî ê¢ë—êî,Å@ê¢ë—éÂÇÃîNóÓÇ™ÇQÇOÅ`ÇQÇXçŒÇÃÇPêlê¢ë—êîÅ@àÍî ê¢ë—êî,Å@çÇóÓíPêgê¢ë—êîÅ@àÍî ê¢ë—êî,Å@çÇóÓïvïwê¢ë—êîÅ@àÍî ê¢ë—êî
58395740,0,,,26,13,13,2,2,0,24,11,13,18,9,9,23,10,13,23,10,13,6,2,4,3,1,2,1,0,1,0,0,0,0,0,0,8,8,0,3,2,2,0,1,0,8,6,2,0,5,0,0,0
58395750,0,,,305,143,162,15,6,9,290,137,153,146,78,68,282,133,149,281,132,149,144,59,85,77,25,52,34,8,26,4,0,4,0,0,0,110,110,25,26,28,16,11,3,1,85,42,43,3,89,0,17,12
58395760,0,,,247,115,132,12,3,9,235,112,123,106,59,47,234,112,122,233,111,122,129,53,76,75,28,47,28,11,17,1,0,1,0,0,0,95,95,22,32,20,10,6,4,1,73,49,24,3,82,0,19,19
58395761,0,,,29,16,13,1,0,1,28,16,12,13,8,5,28,16,12,27,15,12,15,8,7,6,3,3,2,2,0,0,0,0,0,0,0,15,15,8,3,2,1,1,0,0,7,5,2,1,11,0,6,2
58395770,0,,,54,26,28,3,0,3,51,26,25,29,15,14,50,26,24,49,25,24,22,11,11,15,7,8,3,1,2,0,0,0,0,0,0,22,22,8,6,3,2,1,2,0,14,11,3,2,16,0,5,3
58395771,1,,58395772,140,70,70,6,3,3,140,69,71,69,36,33,139,68,71,137,66,71,71,33,38,40,17,23,16,6,10,1,1,0,0,0,0,52,52,9,19,13,9,1,2,1,44,29,15,2,42,0,6,9
58395772,2,58395771,,6,2,4,*,*,*,*,*,*,*,*,*,*,*,*,*,*,*,*,*,*,*,*,*,*,*,*,*,*,*,*,*,*,2,2,*,*,*,*,*,*,*,*,*,*,*,*,*,*,*
58395781,0,,,114,54,60,10,4,6,104,50,54,62,30,32,101,48,53,99,47,52,42,20,22,18,7,11,7,1,6,0,0,0,2,0,2,40,40,9,13,4,8,2,3,1,31,14,17,2,30,0,4,4
58395782,0,,,28,14,14,1,1,0,27,13,14,15,9,6,26,12,14,26,12,14,12,4,8,5,2,3,1,1,0,0,0,0,0,0,0,9,9,1,2,4,0,1,1,0,8,6,2,0,7,0,1,1
58395791,0,,,8,4,4,0,0,0,8,4,4,2,1,1,8,4,4,8,4,4,6,3,3,0,0,0,0,0,0,0,0,0,0,0,0,4,4,1,2,1,0,0,0,0,3,3,0,0,4,0,1,1
58395792,0,,,377,145,232,15,7,8,362,138,224,103,49,54,356,136,220,356,136,220,259,89,170,190,48,142,118,24,94,17,2,15,0,0,0,85,84,21,26,15,13,6,1,2,63,41,22,6,71,0,17,12
58396702,0,,,170,77,93,10,4,6,160,73,87,82,43,39,158,72,86,154,72,82,78,30,48,42,13,29,16,4,12,0,0,0,0,0,0,58,58,11,19,8,11,3,4,2,47,27,20,3,47,0,7,11
58396705,0,,,226,91,135,3,2,1,223,89,134,60,37,23,222,88,134,222,88,134,163,52,111,115,21,94,69,7,62,11,0,11,0,0,0,16,11,4,3,1,1,2,0,0,7,5,2,0,5,0,1,1
58396706,0,,,91,40,51,9,6,3,82,34,48,42,17,25,82,34,48,81,34,47,40,17,23,19,5,14,8,1,7,0,0,0,0,0,0,31,31,5,8,8,5,4,1,0,26,13,13,1,26,0,4,4
58396707,0,,,39,18,21,1,1,0,38,17,21,9,4,5,37,17,20,37,17,20,29,13,16,10,3,7,6,2,4,0,0,0,0,0,0,14,14,2,3,6,2,1,0,0,12,4,8,0,14,0,2,2
58396708,0,,,34,16,18,2,0,2,32,16,16,12,7,5,32,16,16,31,15,16,20,9,11,10,5,5,2,1,1,1,0,1,0,0,0,10,10,0,4,2,2,0,2,0,10,5,5,1,10,0,0,3
58396712,0,,,48,22,26,6,3,3,42,19,23,24,13,11,39,16,23,38,15,23,18,6,12,8,0,8,6,0,6,1,0,1,0,0,0,16,16,2,5,3,5,0,0,1,14,8,6,1,11,0,2,3
58396715,0,,,43,24,19,0,0,0,43,24,19,15,10,5,42,23,19,42,23,19,28,14,14,15,7,8,5,3,2,0,0,0,0,0,0,21,21,7,7,6,1,0,0,0,14,11,3,0,18,0,6,5
58396716,0,,,44,22,22,5,3,2,39,19,20,23,12,11,38,19,19,37,19,18,16,7,9,7,3,4,2,0,2,0,0,0,0,0,0,13,13,2,2,4,2,1,1,1,11,4,7,1,11,0,1,0
58396717,0,,,156,71,85,20,6,14,136,65,71,69,36,33,132,63,69,131,62,69,67,29,38,34,12,22,15,5,10,0,0,0,1,0,1,47,47,10,13,7,6,2,3,6,37,17,20,2,40,0,6,6
58396718,0,,,81,36,45,9,3,6,72,33,39,42,21,21,67,30,37,64,27,37,30,12,18,13,4,9,8,3,5,0,0,0,1,0,1,26,26,5,5,4,7,4,1,0,21,11,10,5,18,0,3,2
58396722,0,,,278,138,140,33,18,15,245,120,125,126,62,64,241,117,124,238,115,123,119,58,61,59,29,30,17,5,12,0,0,0,1,0,1,100,100,21,34,17,12,9,4,3,79,51,28,8,82,0,19,15
58396724,2,58396725,,7,3,4,*,*,*,*,*,*,*,*,*,*,*,*,*,*,*,*,*,*,*,*,*,*,*,*,*,*,*,*,*,*,3,3,*,*,*,*,*,*,*,*,*,*,*,*,*,*,*
58396725,1,,58396724,276,137,139,24,17,7,259,123,136,145,77,68,254,121,133,250,119,131,114,46,68,48,15,33,19,4,15,3,0,3,1,0,1,97,97,19,31,22,13,9,3,3,81,54,27,7,74,0,16,10
58396727,0,,,25,13,12,1,1,0,24,12,12,15,7,8,23,12,11,21,11,10,9,5,4,4,3,1,2,1,1,0,0,0,0,0,0,8,8,1,2,2,2,0,1,0,7,5,2,0,5,0,1,1
58396732,0,,,1838,865,973,227,119,108,1611,746,865,944,461,483,1549,716,833,1528,709,819,667,285,382,307,127,180,71,26,45,2,1,1,16,10,6,721,721,174,258,129,90,44,13,13,544,432,112,58,468,5,121,112
58396733,1,,58396743,541,268,273,58,29,29,485,240,245,345,175,170,461,227,234,448,220,228,140,65,75,54,20,34,15,7,8,0,0,0,0,0,0,211,211,44,78,44,32,9,4,2,168,149,19,12,101,0,30,29
58396735,0,,,31,18,13,9,5,4,22,13,9,17,11,6,21,12,9,21,12,9,5,2,3,2,1,1,0,0,0,0,0,0,0,0,0,9,9,2,2,0,4,0,0,1,7,6,1,1,4,0,1,1
58396736,0,,,65,34,31,8,5,3,57,29,28,21,13,8,57,29,28,56,29,27,36,16,20,12,4,8,9,3,6,0,0,0,0,0,0,24,24,5,11,2,2,2,1,1,19,15,4,2,21,0,3,6
58396737,0,,,76,40,36,1,1,0,75,39,36,40,22,18,69,36,33,68,35,33,35,17,18,16,7,9,3,3,0,0,0,0,1,0,1,29,29,6,11,5,2,5,0,0,23,16,7,0,24,0,4,8
58396741,0,,,636,307,329,44,20,24,592,287,305,299,153,146,572,277,295,568,274,294,293,134,159,142,57,85,39,15,24,1,0,1,0,0,0,258,258,75,87,43,24,16,10,3,183,135,48,12,197,3,54,46
58396742,1,,58396753,1875,891,984,194,110,84,1687,786,901,896,460,436,1639,762,877,1615,748,867,791,326,465,417,158,259,153,49,104,10,0,10,3,0,3,671,669,160,213,138,84,42,21,15,511,388,123,47,448,7,99,120
58396743,2,58396733,,2,1,1,*,*,*,*,*,*,*,*,*,*,*,*,*,*,*,*,*,*,*,*,*,*,*,*,*,*,*,*,*,*,2,2,*,*,*,*,*,*,*,*,*,*,*,*,*,*,*
58396745,0,,,174,85,89,14,6,8,160,79,81,85,41,44,155,79,76,152,77,75,75,38,37,41,18,23,15,7,8,1,0,1,0,0,0,56,56,12,16,10,6,3,5,4,44,27,17,4,48,0,9,11
58396746,0,,,55,22,33,4,2,2,51,20,31,32,13,19,50,20,30,49,20,29,19,7,12,10,1,9,5,0,5,1,0,1,0,0,0,16,16,2,3,3,5,1,1,1,14,6,8,2,15,0,2,2
58396751,0,,,1026,503,523,76,38,38,950,465,485,487,257,230,926,449,477,918,443,475,463,208,255,247,98,149,99,40,59,5,1,4,9,0,9,402,402,99,128,92,46,20,11,6,301,206,95,11,300,6,57,62
58396752,0,,,459,217,242,41,20,21,418,197,221,247,125,122,407,191,216,401,187,214,171,72,99,84,32,52,17,2,15,0,0,0,3,2,1,191,191,54,64,44,13,8,3,5,137,110,27,14,116,4,27,30
58396753,2,58396742,,6,5,1,*,*,*,*,*,*,*,*,*,*,*,*,*,*,*,*,*,*,*,*,*,*,*,*,*,*,*,*,*,*,4,4,*,*,*,*,*,*,*,*,*,*,*,*,*,*,*
58396755,0,,,17,8,9,0,0,0,17,8,9,8,5,3,17,8,9,17,8,9,9,3,6,5,1,4,1,0,1,0,0,0,0,0,0,7,7,2,2,2,0,1,0,0,5,2,3,0,6,0,2,1
58396756,0,,,109,52,57,13,6,7,96,46,50,57,29,28,90,43,47,88,43,45,39,17,22,18,7,11,10,5,5,0,0,0,0,0,0,25,25,2,2,3,9,2,3,4,22,6,16,3,23,0,2,1
58396757,1,,58396758,26,14,12,0,0,0,33,17,16,18,9,9,33,17,16,32,17,15,15,8,7,7,3,4,2,0,2,0,0,0,0,0,0,12,12,6,5,0,1,1,0,1,8,5,3,0,10,0,5,1
58396758,2,58396757,,7,3,4,*,*,*,*,*,*,*,*,*,*,*,*,*,*,*,*,*,*,*,*,*,*,*,*,*,*,*,*,*,*,2,2,*,*,*,*,*,*,*,*,*,*,*,*,*,*,*
58396761,0,,,27,11,16,1,1,0,26,10,16,14,5,9,25,10,15,25,10,15,12,5,7,7,3,4,1,0,1,0,0,0,0,0,0,16,16,8,6,1,1,0,0,0,8,8,0,0,8,1,3,4
58396762,0,,,145,71,74,13,7,6,130,63,67,62,35,27,129,63,66,128,62,66,68,28,40,44,10,34,21,4,17,1,0,1,2,1,1,51,50,23,11,10,3,1,2,0,27,22,5,7,21,2,8,5
58396767,0,,,67,31,36,3,3,0,64,28,36,35,16,19,61,27,34,59,26,33,29,12,17,15,6,9,7,3,4,1,0,1,0,0,0,18,18,2,2,7,2,2,1,2,16,7,9,0,15,0,1,1
58396775,1,,58396785,299,131,168,33,13,20,269,121,148,139,68,71,267,119,148,264,118,146,130,53,77,65,24,41,18,2,16,0,0,0,1,1,0,92,92,14,26,20,12,7,8,6,79,37,42,9,81,0,10,18
58396776,0,,,15,6,9,0,0,0,15,6,9,10,4,6,15,6,9,15,6,9,5,2,3,3,1,2,2,1,1,0,0,0,0,0,0,4,4,0,1,0,2,1,0,0,4,0,4,0,3,0,0,0
58396777,0,,,116,54,62,8,3,5,108,51,57,55,27,28,105,51,54,103,51,52,53,24,29,32,14,18,13,5,8,1,0,1,0,0,0,40,40,2,18,8,8,3,0,1,38,22,16,2,34,0,2,8
58396782,2,58396783,,3,1,2,*,*,*,*,*,*,*,*,*,*,*,*,*,*,*,*,*,*,*,*,*,*,*,*,*,*,*,*,*,*,2,2,*,*,*,*,*,*,*,*,*,*,*,*,*,*,*
58396783,1,,58396782,280,117,163,17,10,7,266,108,158,140,70,70,258,107,151,252,103,149,126,38,88,85,18,67,48,7,41,9,0,9,1,0,1,70,68,18,23,11,10,3,3,2,52,40,12,4,34,0,5,6
58396784,0,,,132,62,70,5,1,4,127,61,66,67,37,30,122,57,65,121,56,65,60,24,36,40,13,27,18,8,10,0,0,0,0,0,0,44,44,9,10,10,6,6,2,1,35,18,17,0,40,0,9,5
58396785,2,58396775,,3,3,0,*,*,*,*,*,*,*,*,*,*,*,*,*,*,*,*,*,*,*,*,*,*,*,*,*,*,*,*,*,*,1,1,*,*,*,*,*,*,*,*,*,*,*,*,*,*,*
58396786,0,,,56,27,29,2,2,0,54,25,29,23,12,11,52,24,28,51,24,27,31,13,18,11,1,10,7,1,6,0,0,0,1,0,1,22,22,5,6,7,3,0,1,0,17,11,6,1,19,0,4,3
58396787,0,,,116,52,64,2,0,2,114,52,62,57,29,28,114,52,62,113,51,62,57,23,34,36,15,21,13,7,6,0,0,0,0,0,0,43,43,5,16,12,8,1,1,0,38,25,13,1,36,0,4,7
58396788,0,,,34,19,15,2,1,1,32,18,14,18,10,8,32,18,14,32,18,14,14,8,6,7,3,4,2,2,0,0,0,0,0,0,0,10,10,2,2,2,1,1,1,1,8,4,4,0,8,0,1,2
58396793,0,,,222,109,113,18,12,6,203,96,107,124,65,59,195,95,100,192,93,99,79,31,48,39,13,26,11,1,10,1,0,1,0,0,0,85,85,22,24,19,9,7,4,0,63,44,19,2,51,2,9,11
58396795,0,,,65,24,41,9,2,7,56,22,34,30,10,20,56,22,34,55,22,33,26,12,14,8,2,6,3,0,3,0,0,0,0,0,0,19,19,3,5,2,4,2,1,2,16,6,10,3,16,0,2,3
58396796,0,,,164,79,85,10,5,5,154,74,80,74,39,35,148,69,79,148,69,79,80,35,45,40,13,27,18,5,13,1,0,1,0,0,0,61,61,10,23,12,12,1,2,1,51,31,20,3,54,0,10,11
58396797,0,,,82,38,44,8,4,4,74,34,40,39,18,21,74,34,40,74,34,40,35,16,19,20,9,11,11,5,6,0,0,0,0,0,0,29,29,7,9,2,7,1,3,0,22,12,10,1,20,0,5,4
58397702,0,,,20,10,10,0,0,0,20,10,10,11,6,5,20,10,10,19,10,9,9,4,5,6,2,4,4,1,3,0,0,0,0,0,0,9,9,2,3,4,0,0,0,0,7,7,0,0,6,0,1,1
58397703,0,,,1790,857,933,180,85,95,1609,771,838,978,509,469,1558,746,812,1536,736,800,631,262,369,324,121,203,104,33,71,2,0,2,5,4,1,676,676,153,206,155,89,44,20,9,517,376,141,39,422,10,87,82
58397704,0,,,106,40,66,3,2,1,102,37,65,28,17,11,101,37,64,100,37,63,74,20,54,61,14,47,43,8,35,7,1,6,0,0,0,22,21,6,7,2,3,2,1,0,15,11,4,0,13,0,4,3
58397705,0,,,268,121,147,22,7,15,246,114,132,130,64,66,237,108,129,233,104,129,116,50,66,51,19,32,17,1,16,3,0,3,0,0,0,80,80,5,27,17,13,8,5,5,74,37,37,5,69,0,4,12
58397706,0,,,72,35,37,4,0,4,68,35,33,37,20,17,66,34,32,66,34,32,31,15,16,19,8,11,9,5,4,0,0,0,0,0,0,21,21,3,3,5,4,4,2,0,18,5,13,1,18,0,1,1
58397707,0,,,88,41,47,7,3,4,81,38,43,38,19,19,81,38,43,81,38,43,43,19,24,22,8,14,10,2,8,1,0,1,0,0,0,31,31,5,8,11,4,1,1,1,26,16,10,1,22,0,3,4
58397708,0,,,80,42,38,2,1,1,78,41,37,37,22,15,74,38,36,72,37,35,41,19,22,24,10,14,10,3,7,1,0,1,0,0,0,28,28,6,7,9,2,0,3,1,22,11,11,0,24,0,4,5
58397712,0,,,67,32,35,6,2,4,61,30,31,27,14,13,58,29,29,56,28,28,34,16,18,16,8,8,4,0,4,0,0,0,0,0,0,26,26,8,6,3,7,2,0,0,18,10,8,2,22,0,7,5
58397713,1,,58397723,813,377,436,78,39,39,735,337,398,370,191,179,719,331,388,710,324,386,365,146,219,186,63,123,60,17,43,1,0,1,11,10,1,323,323,93,107,58,26,19,15,6,230,165,65,24,245,8,61,60
58397716,0,,,112,56,56,12,5,7,100,51,49,65,34,31,96,48,48,95,48,47,35,17,18,18,8,10,6,2,4,1,0,1,0,0,0,32,32,3,8,6,5,5,5,0,29,16,13,4,24,0,3,3
58397717,0,,,223,105,118,25,14,11,198,91,107,110,53,57,189,88,101,184,87,97,88,38,50,44,13,31,21,5,16,2,0,2,0,0,0,65,65,10,17,13,9,3,4,9,55,28,27,5,57,0,7,12
58397718,0,,,15,9,6,1,1,0,14,8,6,7,4,3,13,7,6,12,7,5,7,4,3,5,3,2,1,0,1,1,0,1,0,0,0,4,4,0,2,0,1,0,0,1,4,2,2,0,4,0,0,1
58397723,2,58397713,,1,0,1,*,*,*,*,*,*,*,*,*,*,*,*,*,*,*,*,*,*,*,*,*,*,*,*,*,*,*,*,*,*,1,1,*,*,*,*,*,*,*,*,*,*,*,*,*,*,*
58397724,2,58397734,,8,4,4,*,*,*,*,*,*,*,*,*,*,*,*,*,*,*,*,*,*,*,*,*,*,*,*,*,*,*,*,*,*,3,3,*,*,*,*,*,*,*,*,*,*,*,*,*,*,*
58397725,0,,,16,8,8,3,2,1,13,6,7,9,5,4,13,6,7,13,6,7,4,1,3,3,1,2,0,0,0,0,0,0,0,0,0,5,5,2,0,0,2,0,1,0,3,0,3,1,3,0,0,0
58397726,0,,,304,146,158,31,17,14,273,129,144,165,85,80,258,121,137,249,117,132,108,44,64,58,22,36,16,4,12,1,1,0,0,0,0,112,111,28,33,22,14,6,5,3,83,60,23,4,72,0,18,13
58397727,0,,,444,216,228,47,24,23,397,192,205,250,130,120,379,182,197,369,175,194,147,62,85,67,22,45,22,9,13,2,1,1,0,0,0,152,152,29,33,37,35,12,5,1,123,86,37,5,93,0,14,16
58397728,0,,,60,30,30,5,3,2,55,27,28,22,11,11,55,27,28,55,27,28,33,16,17,13,5,8,9,3,6,1,1,0,0,0,0,21,21,5,5,4,3,3,1,0,16,5,11,1,18,0,3,4
58397734,1,,58397724,107,53,54,5,2,3,110,55,55,63,33,30,105,52,53,104,52,52,47,22,25,30,13,17,8,2,6,1,0,1,0,0,0,34,34,4,11,8,6,7,1,0,33,16,17,2,31,0,3,4
58397735,2,58397744,,3,1,2,*,*,*,*,*,*,*,*,*,*,*,*,*,*,*,*,*,*,*,*,*,*,*,*,*,*,*,*,*,*,2,2,*,*,*,*,*,*,*,*,*,*,*,*,*,*,*
58397736,0,,,456,200,256,97,47,50,359,153,206,215,112,103,346,145,201,337,139,198,144,41,103,103,18,85,65,7,58,11,1,10,1,1,0,115,111,17,21,18,33,15,6,1,94,76,18,18,37,0,9,6
58397737,0,,,399,183,216,62,28,34,337,155,182,254,117,137,318,148,170,311,145,166,83,38,45,31,11,20,10,4,6,0,0,0,1,0,1,156,156,34,55,31,21,13,1,1,122,110,12,11,63,0,18,17
58397744,1,,58397735,368,176,192,34,13,21,337,164,173,182,95,87,328,159,169,322,156,166,155,69,86,78,26,52,32,9,23,0,0,0,0,0,0,132,132,28,45,25,18,7,7,4,105,70,35,9,108,0,20,19
58397745,0,,,672,329,343,50,28,22,622,301,321,333,179,154,604,289,315,597,285,312,289,122,167,147,59,88,47,16,31,7,1,6,1,0,1,239,238,39,87,53,31,13,10,5,199,143,56,11,178,0,28,43
58397746,0,,,1474,759,715,166,75,91,1308,684,624,884,502,382,1266,664,602,1248,652,596,424,182,242,215,88,127,74,31,43,1,0,1,8,8,0,626,625,215,166,128,73,22,16,5,408,321,87,49,279,110,46,67
58397747,0,,,2275,1157,1118,268,136,132,2003,1017,986,1415,767,648,1929,983,946,1876,948,928,588,250,338,299,121,178,70,24,46,6,1,5,11,9,2,963,960,313,282,179,120,42,15,9,642,531,111,70,396,91,84,98
58397756,0,,,148,68,80,7,2,5,141,66,75,82,42,40,138,65,73,137,64,73,59,24,35,32,8,24,12,3,9,1,0,1,1,0,1,56,56,10,19,16,6,3,1,1,46,32,14,2,38,0,5,11
58397757,0,,,1117,533,584,90,45,45,1027,488,539,558,298,260,1001,472,529,989,465,524,469,190,279,266,96,170,76,22,54,5,2,3,1,0,1,434,434,104,145,86,52,34,7,6,328,242,86,32,307,2,67,70
58397767,0,,,61,29,32,12,8,4,49,21,28,36,17,19,48,20,28,47,20,27,13,4,9,7,3,4,1,1,0,0,0,0,0,0,0,24,24,6,6,8,3,0,0,1,18,15,3,4,10,0,2,0
58397768,0,,,29,16,13,3,2,1,26,14,12,19,12,7,24,13,11,23,13,10,7,2,5,4,1,3,0,0,0,0,0,0,0,0,0,18,18,12,1,5,0,0,0,0,6,5,1,1,5,1,2,1
58397799,0,,,58,28,30,0,0,0,58,28,30,22,13,9,57,28,29,57,28,29,36,15,21,21,7,14,7,1,6,1,0,1,0,0,0,26,26,6,12,5,2,1,0,0,20,17,3,0,23,0,4,8
58403347,2,58403369,,2,1,1,*,*,*,*,*,*,*,*,*,*,*,*,*,*,*,*,*,*,*,*,*,*,*,*,*,*,*,*,*,*,1,1,*,*,*,*,*,*,*,*,*,*,*,*,*,*,*
58403359,0,,,32,14,18,1,0,1,31,14,17,13,6,7,31,14,17,30,14,16,18,8,10,7,3,4,2,1,1,0,0,0,0,0,0,13,13,2,6,3,1,1,0,0,11,7,4,0,11,0,1,4
58403367,0,,,18,8,10,0,0,0,18,8,10,10,5,5,18,8,10,17,8,9,8,3,5,2,1,1,1,0,1,0,0,0,0,0,0,9,9,3,4,1,1,0,0,0,6,5,1,0,5,0,1,2
58403368,2,58403369,,7,5,2,*,*,*,*,*,*,*,*,*,*,*,*,*,*,*,*,*,*,*,*,*,*,*,*,*,*,*,*,*,*,4,4,*,*,*,*,*,*,*,*,*,*,*,*,*,*,*
58403369,1,,58403347;58403368,95,51,44,4,2,2,100,55,45,47,26,21,99,54,45,99,54,45,53,29,24,25,13,12,11,5,6,1,1,0,0,0,0,34,34,7,15,7,6,2,2,0,32,21,11,1,33,0,6,8
58403377,0,,,19,9,10,0,0,0,19,9,10,10,5,5,19,9,10,19,9,10,9,4,5,6,3,3,2,1,1,0,0,0,0,0,0,7,7,0,3,3,1,0,0,0,7,5,2,0,5,0,0,1
58403378,0,,,81,41,40,7,2,5,74,39,35,39,21,18,73,38,35,71,37,34,35,18,17,14,6,8,2,0,2,0,0,0,0,0,0,28,28,6,7,7,1,6,1,0,22,14,8,1,23,0,5,3
58403379,0,,,24,15,9,0,0,0,24,15,9,10,7,3,24,15,9,24,15,9,14,8,6,9,4,5,6,2,4,0,0,0,0,0,0,14,14,8,3,2,1,0,0,0,6,5,1,0,13,0,8,1
58403387,0,,,24,11,13,2,1,1,22,10,12,13,6,7,22,10,12,22,10,12,9,4,5,3,1,2,2,0,2,1,0,1,0,0,0,8,8,1,2,2,2,1,0,0,7,4,3,0,6,0,1,0
58403388,1,,58403389,126,59,67,0,0,0,127,59,68,53,24,29,127,59,68,127,59,68,74,35,39,34,13,21,13,4,9,2,1,1,1,0,1,52,52,10,21,13,9,0,0,0,43,31,12,0,47,0,8,13
58403389,2,58403388,,1,0,1,*,*,*,*,*,*,*,*,*,*,*,*,*,*,*,*,*,*,*,*,*,*,*,*,*,*,*,*,*,*,1,1,*,*,*,*,*,*,*,*,*,*,*,*,*,*,*
58403397,0,,,79,42,37,8,5,3,71,37,34,36,23,13,69,36,33,69,36,33,35,14,21,18,5,13,5,1,4,0,0,0,1,0,1,33,33,9,10,9,2,3,0,0,24,17,7,0,26,0,6,5
58403423,2,58403433,,14,8,6,*,*,*,*,*,*,*,*,*,*,*,*,*,*,*,*,*,*,*,*,*,*,*,*,*,*,*,*,*,*,3,3,*,*,*,*,*,*,*,*,*,*,*,*,*,*,*
58403433,1,,58403423;58403434;58403444,1,1,0,1,1,0,18,10,8,10,6,4,18,10,8,17,9,8,8,4,4,4,2,2,2,0,2,0,0,0,0,0,0,1,1,1,2,2,0,0,0,1,5,4,1,0,5,0,1,1
58403434,2,58403433,,2,1,1,*,*,*,*,*,*,*,*,*,*,*,*,*,*,*,*,*,*,*,*,*,*,*,*,*,*,*,*,*,*,1,1,*,*,*,*,*,*,*,*,*,*,*,*,*,*,*
58403442,2,58403443,,4,2,2,*,*,*,*,*,*,*,*,*,*,*,*,*,*,*,*,*,*,*,*,*,*,*,*,*,*,*,*,*,*,1,1,*,*,*,*,*,*,*,*,*,*,*,*,*,*,*
58403443,1,,58403442;58403488,22,11,11,2,2,0,24,11,13,10,6,4,24,11,13,24,11,13,14,5,9,7,3,4,3,2,1,0,0,0,0,0,0,15,15,10,4,2,1,0,0,0,6,5,1,1,12,0,7,0
58403444,2,58403433,,2,1,1,*,*,*,*,*,*,*,*,*,*,*,*,*,*,*,*,*,*,*,*,*,*,*,*,*,*,*,*,*,*,1,1,*,*,*,*,*,*,*,*,*,*,*,*,*,*,*
58403451,2,58403452,,6,3,3,*,*,*,*,*,*,*,*,*,*,*,*,*,*,*,*,*,*,*,*,*,*,*,*,*,*,*,*,*,*,3,3,*,*,*,*,*,*,*,*,*,*,*,*,*,*,*
58403452,1,,58403451,125,60,65,2,1,1,124,60,64,52,31,21,117,55,62,115,55,60,72,29,43,37,13,24,14,5,9,2,0,2,0,0,0,51,51,14,19,10,7,3,1,0,39,25,14,1,47,0,12,14
58403461,0,,,21,11,10,2,1,1,19,10,9,9,5,4,19,10,9,19,10,9,10,5,5,6,2,4,1,0,1,0,0,0,0,0,0,7,7,1,2,2,1,0,1,0,6,3,3,0,7,0,1,1
58403462,0,,,66,23,43,0,0,0,66,23,43,3,2,1,66,23,43,66,23,43,63,21,42,56,15,41,39,9,30,7,0,7,0,0,0,5,4,2,1,1,0,0,0,0,2,2,0,0,4,0,2,1
58403470,0,,,38,17,21,2,1,1,36,16,20,18,9,9,36,16,20,34,15,19,18,7,11,9,2,7,2,0,2,2,0,2,0,0,0,12,12,2,4,1,2,1,2,0,10,5,5,1,10,0,2,2
58403471,0,,,25,11,14,3,2,1,22,9,13,9,4,5,22,9,13,22,9,13,13,5,8,10,4,6,2,1,1,1,0,1,0,0,0,9,9,1,5,1,0,1,1,0,8,5,3,1,9,0,1,1
58403488,2,58403443,,2,1,1,*,*,*,*,*,*,*,*,*,*,*,*,*,*,*,*,*,*,*,*,*,*,*,*,*,*,*,*,*,*,1,1,*,*,*,*,*,*,*,*,*,*,*,*,*,*,*
58403593,1,,58403671,20,10,10,0,0,0,25,15,10,13,10,3,25,15,10,25,15,10,12,5,7,8,4,4,0,0,0,0,0,0,0,0,0,8,8,5,2,3,0,1,0,0,6,5,1,0,7,1,1,2
58403671,2,58403593,,5,5,0,*,*,*,*,*,*,*,*,*,*,*,*,*,*,*,*,*,*,*,*,*,*,*,*,*,*,*,*,*,*,5,3,*,*,*,*,*,*,*,*,*,*,*,*,*,*,*
58404249,0,,,12,5,7,0,0,0,12,5,7,8,4,4,12,5,7,12,5,7,4,1,3,4,1,3,3,1,2,0,0,0,0,0,0,4,4,0,2,0,2,0,0,0,4,2,2,0,3,0,0,0
58404254,2,58404264,,11,4,7,*,*,*,*,*,*,*,*,*,*,*,*,*,*,*,*,*,*,*,*,*,*,*,*,*,*,*,*,*,*,2,2,*,*,*,*,*,*,*,*,*,*,*,*,*,*,*
58404259,0,,,20,10,10,0,0,0,20,10,10,9,7,2,20,10,10,20,10,10,11,3,8,9,2,7,6,2,4,0,0,0,0,0,0,9,9,1,6,1,1,0,0,0,8,6,2,0,9,0,1,2
58404264,1,,58404254;58404265,10,5,5,2,0,2,26,12,14,9,4,5,26,12,14,25,12,13,17,8,9,10,4,6,4,1,3,0,0,0,0,0,0,5,5,1,5,2,1,0,0,1,9,7,2,0,10,0,1,3
58404265,2,58404264,,7,3,4,*,*,*,*,*,*,*,*,*,*,*,*,*,*,*,*,*,*,*,*,*,*,*,*,*,*,*,*,*,*,3,3,*,*,*,*,*,*,*,*,*,*,*,*,*,*,*
58404275,0,,,13,4,9,1,0,1,12,4,8,4,1,3,12,4,8,12,4,8,8,3,5,5,2,3,3,1,2,0,0,0,0,0,0,6,6,1,4,0,1,0,0,0,5,4,1,0,5,0,1,3
58404282,0,,,17,9,8,0,0,0,17,9,8,7,5,2,16,8,8,15,7,8,10,4,6,3,1,2,1,0,1,0,0,0,0,0,0,5,5,0,2,1,1,0,1,0,5,2,3,0,5,0,0,2
58404285,0,,,33,18,15,0,0,0,33,18,15,13,9,4,33,18,15,33,18,15,20,9,11,8,4,4,3,1,2,0,0,0,0,0,0,16,16,6,5,3,2,0,0,0,10,7,3,0,13,0,3,3
58404292,1,,58404293,18,8,10,0,0,0,27,12,15,9,6,3,27,12,15,27,12,15,18,6,12,6,1,5,5,1,4,0,0,0,0,0,0,7,7,1,4,2,3,0,0,0,9,5,4,0,10,0,1,3
58404293,2,58404292,,9,4,5,*,*,*,*,*,*,*,*,*,*,*,*,*,*,*,*,*,*,*,*,*,*,*,*,*,*,*,*,*,*,3,3,*,*,*,*,*,*,*,*,*,*,*,*,*,*,*
58404294,0,,,17,8,9,0,0,0,17,8,9,8,4,4,17,8,9,17,8,9,9,4,5,3,1,2,1,1,0,0,0,0,0,0,0,9,9,4,3,1,1,0,0,0,5,3,2,0,7,0,3,1
58404306,0,,,46,24,22,4,2,2,42,22,20,24,14,10,42,22,20,42,22,20,18,8,10,7,4,3,4,2,2,0,0,0,0,0,0,15,15,4,5,1,1,1,2,1,11,5,6,1,12,0,2,3
58404307,0,,,75,35,40,2,2,0,73,33,40,39,19,20,72,32,40,72,32,40,34,14,20,19,6,13,9,2,7,0,0,0,0,0,0,26,26,2,9,8,6,0,0,1,24,16,8,0,21,0,1,3
58404316,1,,58404317,260,130,130,19,15,4,245,117,128,122,64,58,241,116,125,240,115,125,123,53,70,61,21,40,28,11,17,1,0,1,0,0,0,100,100,29,31,20,8,11,3,1,74,43,31,4,82,0,18,17
58404317,2,58404316,,4,2,2,*,*,*,*,*,*,*,*,*,*,*,*,*,*,*,*,*,*,*,*,*,*,*,*,*,*,*,*,*,*,3,3,*,*,*,*,*,*,*,*,*,*,*,*,*,*,*
58404325,0,,,22,10,12,0,0,0,22,10,12,4,2,2,22,10,12,22,10,12,18,8,10,11,7,4,1,1,0,0,0,0,0,0,0,12,12,5,5,1,1,0,0,0,7,6,1,0,12,0,5,4
58404326,0,,,36,17,19,2,1,1,34,16,18,17,8,9,34,16,18,34,16,18,17,8,9,9,3,6,6,2,4,1,1,0,0,0,0,14,14,3,5,3,1,2,0,0,11,7,4,2,11,0,3,3
58404335,1,,58404345,99,44,55,13,6,7,89,40,49,53,27,26,88,39,49,87,38,49,36,13,23,24,9,15,10,4,6,0,0,0,0,0,0,28,28,4,5,7,6,1,4,2,25,9,16,4,25,0,2,2
58404336,0,,,118,61,57,7,2,5,111,59,52,78,46,32,110,58,52,110,58,52,33,13,20,14,6,8,2,1,1,0,0,0,0,0,0,23,22,4,7,4,2,2,2,1,18,11,7,3,13,0,2,0
58404341,1,,58404350,13,7,6,2,2,0,12,6,6,5,2,3,12,6,6,12,6,6,7,4,3,2,1,1,1,0,1,0,0,0,0,0,0,4,4,2,1,0,0,2,0,0,3,1,2,0,4,0,1,0
58404345,2,58404335,,3,2,1,*,*,*,*,*,*,*,*,*,*,*,*,*,*,*,*,*,*,*,*,*,*,*,*,*,*,*,*,*,*,1,1,*,*,*,*,*,*,*,*,*,*,*,*,*,*,*
58404346,0,,,144,73,71,10,7,3,134,66,68,69,38,31,131,63,68,130,62,68,65,28,37,31,14,17,10,2,8,1,0,1,0,0,0,49,49,8,16,12,5,4,2,2,41,24,17,3,42,0,6,10
58404347,1,,58404357,13,8,5,3,2,1,13,7,6,9,6,3,12,6,6,12,6,6,4,1,3,3,1,2,2,1,1,0,0,0,0,0,0,5,5,3,1,1,2,0,0,0,4,3,1,0,3,0,1,1
58404350,2,58404341,,1,1,0,*,*,*,*,*,*,*,*,*,*,*,*,*,*,*,*,*,*,*,*,*,*,*,*,*,*,*,*,*,*,1,1,*,*,*,*,*,*,*,*,*,*,*,*,*,*,*
58404351,0,,,48,19,29,6,2,4,42,17,25,20,10,10,42,17,25,42,17,25,22,7,15,13,7,6,4,1,3,0,0,0,0,0,0,19,19,6,3,6,2,2,0,0,13,7,6,1,16,0,5,1
58404352,0,,,69,35,34,6,3,3,63,32,31,25,12,13,61,30,31,60,29,31,38,20,18,20,10,10,7,4,3,1,1,0,0,0,0,25,25,6,7,6,1,4,0,1,19,12,7,0,23,0,5,5
58404353,0,,,189,93,96,8,4,4,181,89,92,85,49,36,179,87,92,179,87,92,96,40,56,46,12,34,21,2,19,3,0,3,0,0,0,71,71,16,24,13,10,3,4,1,55,34,21,1,60,0,11,12
58404355,0,,,33,16,17,1,1,0,32,15,17,19,9,10,31,15,16,31,15,16,13,6,7,5,1,4,0,0,0,0,0,0,0,0,0,14,14,4,5,2,2,1,0,0,10,7,3,1,12,0,4,3
58404356,0,,,115,50,65,4,2,2,111,48,63,54,22,32,109,47,62,109,47,62,57,26,31,31,14,17,7,2,5,0,0,0,1,0,1,48,47,17,10,13,3,2,2,0,30,20,10,2,40,0,13,8
58404357,2,58404347,,3,1,2,*,*,*,*,*,*,*,*,*,*,*,*,*,*,*,*,*,*,*,*,*,*,*,*,*,*,*,*,*,*,2,2,*,*,*,*,*,*,*,*,*,*,*,*,*,*,*
58404360,2,58404361,,1,1,0,*,*,*,*,*,*,*,*,*,*,*,*,*,*,*,*,*,*,*,*,*,*,*,*,*,*,*,*,*,*,1,1,*,*,*,*,*,*,*,*,*,*,*,*,*,*,*
58404361,1,,58404360,57,23,34,0,0,0,58,24,34,25,11,14,58,24,34,58,24,34,33,13,20,24,9,15,14,7,7,0,0,0,0,0,0,26,26,5,16,3,3,0,0,0,22,17,5,0,27,0,5,5
58404362,0,,,270,134,136,14,8,6,256,126,130,121,66,55,251,125,126,245,122,123,135,60,75,65,26,39,24,9,15,3,1,2,2,0,2,108,108,27,42,13,17,4,3,2,80,57,23,4,89,0,22,25
58404363,0,,,291,143,148,17,9,8,271,133,138,125,68,57,262,127,135,261,126,135,146,65,81,88,34,54,34,11,23,2,1,1,1,0,1,109,108,31,36,16,12,6,6,1,76,53,23,6,84,0,21,23
58404364,0,,,162,75,87,11,5,6,151,70,81,79,43,36,149,69,80,146,66,80,72,27,45,35,11,24,14,3,11,2,1,1,0,0,0,57,57,13,15,16,4,3,3,3,44,25,19,3,49,0,10,5
58404365,0,,,376,187,189,32,14,18,344,173,171,183,106,77,332,164,168,328,161,167,161,67,94,89,37,52,27,9,18,2,0,2,0,0,0,145,145,34,46,31,20,9,4,1,111,79,32,5,104,0,21,24
58404366,0,,,136,58,78,3,2,1,133,56,77,44,23,21,131,55,76,131,55,76,89,33,56,66,21,45,42,9,33,10,1,9,3,1,2,34,33,6,14,11,1,0,1,0,27,23,4,0,20,0,4,7
58404367,0,,,67,31,36,5,4,1,62,27,35,31,13,18,60,27,33,60,27,33,31,14,17,8,3,5,3,2,1,0,0,0,1,0,1,23,23,4,8,4,3,2,1,1,19,11,8,1,19,0,3,4
58404371,2,58404380,,5,3,2,*,*,*,*,*,*,*,*,*,*,*,*,*,*,*,*,*,*,*,*,*,*,*,*,*,*,*,*,*,*,2,2,*,*,*,*,*,*,*,*,*,*,*,*,*,*,*
58404375,0,,,325,158,167,19,8,11,306,150,156,166,95,71,298,144,154,294,142,152,140,55,85,90,33,57,31,10,21,1,0,1,1,0,1,125,125,34,41,21,12,8,6,3,91,62,29,4,95,0,24,18
58404376,0,,,821,375,446,52,26,26,769,349,420,342,178,164,753,341,412,748,337,411,427,171,256,282,96,186,149,40,109,25,4,21,7,0,7,277,274,72,92,46,39,14,7,4,201,136,65,11,202,5,45,46
58404377,0,,,62,30,32,6,3,3,56,27,29,33,12,21,56,27,29,56,27,29,23,15,8,13,6,7,7,3,4,1,1,0,0,0,0,25,25,3,15,2,4,0,0,1,22,15,7,3,17,0,1,7
58404378,0,,,14,7,7,3,1,2,11,6,5,4,3,1,11,6,5,11,6,5,7,3,4,2,1,1,0,0,0,0,0,0,0,0,0,4,4,0,2,1,0,0,0,1,4,3,1,0,4,0,0,1
58404379,0,,,45,24,21,8,5,3,37,19,18,23,11,12,35,17,18,34,17,17,14,8,6,4,2,2,0,0,0,0,0,0,0,0,0,14,14,3,6,0,0,3,1,1,11,7,4,0,9,0,2,3
58404380,1,,58404371,6,2,4,0,0,0,11,5,6,5,2,3,11,5,6,11,5,6,6,3,3,5,2,3,2,1,1,1,1,0,0,0,0,3,3,2,1,1,1,0,0,0,3,2,1,0,4,0,2,0
58404381,0,,,15,8,7,0,0,0,15,8,7,8,5,3,15,8,7,15,8,7,7,3,4,3,1,2,1,0,1,0,0,0,0,0,0,5,5,1,1,1,1,1,0,0,4,2,2,0,5,0,1,0
58404382,0,,,55,28,27,5,3,2,50,25,25,24,12,12,50,25,25,50,25,25,26,13,13,13,5,8,4,1,3,0,0,0,0,0,0,22,22,10,4,4,1,1,0,2,12,6,6,1,19,0,7,3
58404386,0,,,323,161,162,26,21,5,297,140,157,161,81,80,290,135,155,285,132,153,136,59,77,77,32,45,27,11,16,2,0,2,1,0,1,121,121,32,36,21,16,7,6,3,87,55,32,5,93,0,21,17
58404387,0,,,221,114,107,18,10,8,203,104,99,110,61,49,198,102,96,197,101,96,93,43,50,46,17,29,14,4,10,1,0,1,2,0,2,71,71,11,19,15,14,4,5,3,60,32,28,6,57,0,8,10
58404388,0,,,19,11,8,3,2,1,16,9,7,6,3,3,16,9,7,16,9,7,10,6,4,4,1,3,4,1,3,0,0,0,0,0,0,8,8,3,1,3,0,1,0,0,5,4,1,0,7,0,3,0
58404389,0,,,42,20,22,2,1,1,40,19,21,17,8,9,38,19,19,38,19,19,23,11,12,7,2,5,3,0,3,0,0,0,0,0,0,15,15,2,5,4,3,0,1,0,13,8,5,0,13,0,2,2
58404396,0,,,142,76,66,15,7,8,127,69,58,75,43,32,120,63,57,118,63,55,52,26,26,28,15,13,10,4,6,0,0,0,0,0,0,47,47,6,18,7,8,3,3,2,41,31,10,3,33,0,3,14
58404397,0,,,246,118,128,21,9,12,225,109,116,115,65,50,221,105,116,221,105,116,110,44,66,73,24,49,38,10,28,5,1,4,0,0,0,76,75,17,18,15,9,8,5,3,58,31,27,5,62,0,12,8
58404398,0,,,145,69,76,13,7,6,132,62,70,60,30,30,129,61,68,127,59,68,72,32,40,31,13,18,14,4,10,1,1,0,0,0,0,49,49,10,11,15,4,2,7,0,39,20,19,1,45,0,8,8
58404399,0,,,46,24,22,3,3,0,43,21,22,25,13,12,40,19,21,39,18,21,18,8,10,9,4,5,2,0,2,0,0,0,0,0,0,15,15,3,3,3,3,2,1,0,12,8,4,1,10,0,2,2
58404408,2,58404429,,2,1,1,*,*,*,*,*,*,*,*,*,*,*,*,*,*,*,*,*,*,*,*,*,*,*,*,*,*,*,*,*,*,2,2,*,*,*,*,*,*,*,*,*,*,*,*,*,*,*
58404409,2,58404429,,2,1,1,*,*,*,*,*,*,*,*,*,*,*,*,*,*,*,*,*,*,*,*,*,*,*,*,*,*,*,*,*,*,1,1,*,*,*,*,*,*,*,*,*,*,*,*,*,*,*
58404417,2,58404429,,2,1,1,*,*,*,*,*,*,*,*,*,*,*,*,*,*,*,*,*,*,*,*,*,*,*,*,*,*,*,*,*,*,1,1,*,*,*,*,*,*,*,*,*,*,*,*,*,*,*
58404419,0,,,8,4,4,0,0,0,8,4,4,2,1,1,8,4,4,8,4,4,6,3,3,3,2,1,2,1,1,0,0,0,0,0,0,4,4,1,2,1,0,0,0,0,3,2,1,0,4,0,1,2
58404427,2,58404436,,9,3,6,*,*,*,*,*,*,*,*,*,*,*,*,*,*,*,*,*,*,*,*,*,*,*,*,*,*,*,*,*,*,5,5,*,*,*,*,*,*,*,*,*,*,*,*,*,*,*
58404428,2,58404429,,7,3,4,*,*,*,*,*,*,*,*,*,*,*,*,*,*,*,*,*,*,*,*,*,*,*,*,*,*,*,*,*,*,3,3,*,*,*,*,*,*,*,*,*,*,*,*,*,*,*
58404429,1,,58404408;58404409;58404417;58404428,10,7,3,3,2,1,20,11,9,9,5,4,20,11,9,20,11,9,11,6,5,5,2,3,0,0,0,0,0,0,0,0,0,3,3,3,3,3,0,1,0,0,7,6,1,0,8,0,2,2
58404435,0,,,13,7,6,0,0,0,13,7,6,4,2,2,13,7,6,13,7,6,9,5,4,8,5,3,3,2,1,0,0,0,0,0,0,5,5,0,3,1,1,0,0,0,5,4,1,0,5,0,0,3
58404436,1,,58404427,29,13,16,3,2,1,35,14,21,23,10,13,35,14,21,35,14,21,12,4,8,6,1,5,4,0,4,0,0,0,0,0,0,9,9,3,5,4,1,0,0,1,11,10,1,1,9,0,2,2
58404445,2,58404455,,3,2,1,*,*,*,*,*,*,*,*,*,*,*,*,*,*,*,*,*,*,*,*,*,*,*,*,*,*,*,*,*,*,2,2,*,*,*,*,*,*,*,*,*,*,*,*,*,*,*
58404448,0,,,27,15,12,1,1,0,26,14,12,12,6,6,25,14,11,25,14,11,14,8,6,9,5,4,4,2,2,0,0,0,0,0,0,9,9,2,2,1,3,0,1,0,7,3,4,0,9,0,2,2
58404454,2,58404455,,10,4,6,*,*,*,*,*,*,*,*,*,*,*,*,*,*,*,*,*,*,*,*,*,*,*,*,*,*,*,*,*,*,3,3,*,*,*,*,*,*,*,*,*,*,*,*,*,*,*
58404455,1,,58404445;58404454,45,20,25,0,0,0,58,26,32,27,12,15,58,26,32,58,26,32,31,14,17,22,9,13,9,4,5,0,0,0,1,0,1,17,17,6,4,6,4,2,0,0,16,8,8,0,21,0,5,2
58404458,2,58404468,,8,3,5,*,*,*,*,*,*,*,*,*,*,*,*,*,*,*,*,*,*,*,*,*,*,*,*,*,*,*,*,*,*,1,1,*,*,*,*,*,*,*,*,*,*,*,*,*,*,*
58404462,2,58404472,,3,1,2,*,*,*,*,*,*,*,*,*,*,*,*,*,*,*,*,*,*,*,*,*,*,*,*,*,*,*,*,*,*,2,2,*,*,*,*,*,*,*,*,*,*,*,*,*,*,*
58404464,0,,,26,11,15,5,0,5,21,11,10,12,8,4,20,10,10,19,10,9,9,3,6,6,2,4,3,0,3,0,0,0,0,0,0,7,7,1,3,0,1,0,0,2,6,3,3,1,5,0,0,1
58404468,1,,58404458,25,13,12,2,1,1,31,15,16,11,6,5,28,13,15,28,13,15,20,9,11,9,4,5,4,1,3,1,0,1,0,0,0,10,10,3,3,1,2,1,0,1,8,3,5,0,11,0,3,2
58404469,0,,,64,34,30,5,4,1,54,28,26,32,18,14,53,27,26,52,27,25,22,10,12,17,8,9,3,2,1,0,0,0,0,0,0,21,21,3,7,5,2,1,2,1,16,6,10,2,16,0,2,1
58404470,0,,,53,26,27,2,2,0,51,24,27,29,15,14,49,22,27,48,21,27,22,9,13,11,5,6,2,1,1,0,0,0,0,0,0,16,16,2,5,3,2,2,0,2,14,9,5,0,14,0,2,2
58404471,0,,,118,55,63,8,4,4,110,51,59,57,29,28,109,51,58,109,51,58,53,22,31,20,8,12,10,3,7,1,0,1,2,0,2,43,43,10,12,9,7,2,2,1,33,19,14,2,33,1,5,4
58404472,1,,58404462;58404482,138,65,73,9,5,4,140,66,74,67,35,32,138,66,72,138,66,72,73,31,42,39,14,25,14,2,12,0,0,0,0,0,0,50,50,9,21,13,6,2,3,1,46,31,15,1,49,0,7,9
58404477,0,,,181,88,93,16,9,7,165,79,86,89,45,44,161,76,85,159,76,83,76,34,42,46,21,25,11,6,5,2,1,1,0,0,0,60,60,8,21,14,5,6,3,3,52,29,23,3,50,1,7,10
58404478,1,,58404488,43,23,20,4,2,2,43,23,20,26,16,10,43,23,20,43,23,20,17,7,10,13,6,7,1,1,0,0,0,0,0,0,0,14,13,5,1,3,3,1,1,0,9,6,3,1,11,0,4,1
58404479,0,,,40,23,17,5,4,1,35,19,16,18,8,10,35,19,16,35,19,16,17,11,6,9,4,5,5,2,3,0,0,0,0,0,0,14,14,4,3,2,3,1,0,1,10,4,6,1,10,0,2,0
58404480,0,,,65,28,37,3,1,2,62,27,35,37,18,19,60,26,34,59,26,33,25,9,16,9,2,7,4,1,3,0,0,0,0,0,0,24,24,5,7,5,4,3,0,0,19,10,9,0,20,0,4,2
58404481,0,,,94,42,52,4,3,1,90,39,51,55,24,31,89,39,50,88,39,49,35,15,20,18,7,11,6,1,5,1,1,0,8,0,8,39,39,15,8,7,6,1,1,1,24,13,11,1,26,6,5,1
58404482,2,58404472,,8,5,3,*,*,*,*,*,*,*,*,*,*,*,*,*,*,*,*,*,*,*,*,*,*,*,*,*,*,*,*,*,*,3,3,*,*,*,*,*,*,*,*,*,*,*,*,*,*,*
58404486,0,,,36,18,18,3,3,0,33,15,18,19,9,10,32,15,17,32,15,17,14,6,8,6,2,4,2,0,2,0,0,0,0,0,0,9,9,0,4,0,2,1,0,2,9,5,4,0,7,0,0,3
58404487,0,,,138,47,91,2,0,2,136,47,89,33,20,13,135,46,89,134,45,89,103,27,76,89,24,65,59,10,49,15,3,12,0,0,0,21,18,1,8,6,2,0,1,0,17,12,5,1,11,0,1,2
58404488,2,58404478,,4,2,2,*,*,*,*,*,*,*,*,*,*,*,*,*,*,*,*,*,*,*,*,*,*,*,*,*,*,*,*,*,*,1,1,*,*,*,*,*,*,*,*,*,*,*,*,*,*,*
58404492,0,,,23,11,12,2,1,1,21,10,11,10,5,5,21,10,11,19,8,11,11,5,6,3,1,2,1,0,1,0,0,0,0,0,0,8,8,1,2,3,1,1,0,0,7,4,3,0,7,0,0,1
58404493,0,,,91,48,43,4,2,2,87,46,41,51,26,25,84,44,40,84,44,40,36,20,16,17,9,8,7,4,3,1,1,0,0,0,0,31,31,6,7,8,6,2,1,1,25,15,10,1,23,0,3,2
58404496,0,,,127,62,65,8,5,3,119,57,62,62,32,30,116,54,62,116,54,62,57,25,32,32,15,17,13,5,8,0,0,0,0,0,0,40,40,2,13,9,11,2,3,0,38,17,21,0,34,0,0,8
58404497,0,,,210,104,106,18,12,6,192,92,100,104,52,52,188,91,97,186,90,96,88,40,48,49,21,28,17,7,10,0,0,0,1,0,1,71,71,12,18,19,11,6,4,1,59,35,24,4,60,0,10,7
58404498,1,,58404499,14,7,7,0,0,0,18,9,9,8,6,2,18,9,9,18,9,9,10,3,7,4,1,3,3,0,3,0,0,0,0,0,0,6,6,3,2,2,0,1,0,0,5,3,2,0,6,0,1,1
58404499,2,58404498,,4,2,2,*,*,*,*,*,*,*,*,*,*,*,*,*,*,*,*,*,*,*,*,*,*,*,*,*,*,*,*,*,*,2,2,*,*,*,*,*,*,*,*,*,*,*,*,*,*,*
58404502,0,,,33,18,15,0,0,0,33,18,15,16,9,7,30,17,13,28,16,12,17,9,8,10,6,4,5,2,3,0,0,0,0,0,0,9,9,0,2,4,1,1,0,1,9,5,4,0,9,0,0,1
58404503,0,,,87,43,44,9,6,3,78,37,41,48,25,23,75,37,38,74,36,38,30,12,18,19,5,14,3,1,2,0,0,0,0,0,0,27,27,5,8,3,3,5,1,2,22,10,12,3,21,0,3,3
58404512,0,,,47,22,25,2,2,0,45,20,25,27,14,13,45,20,25,45,20,25,18,6,12,11,4,7,4,1,3,1,0,1,0,0,0,15,15,4,3,2,2,3,0,1,10,5,5,1,10,0,1,0
58404521,0,,,18,9,9,0,0,0,18,9,9,6,3,3,18,9,9,18,9,9,12,6,6,7,2,5,0,0,0,0,0,0,0,0,0,9,9,3,3,3,0,0,0,0,6,4,2,0,9,0,3,0
58404522,0,,,20,9,11,3,2,1,17,7,10,10,4,6,16,7,9,16,7,9,7,3,4,3,1,2,1,0,1,0,0,0,0,0,0,9,9,6,1,0,0,1,0,1,3,1,2,0,5,0,2,0
58404531,0,,,151,77,74,14,9,5,137,68,69,71,41,30,131,67,64,131,67,64,66,27,39,35,13,22,18,6,12,2,1,1,0,0,0,45,45,9,6,9,11,6,1,3,36,14,22,1,39,0,5,4
58404540,0,,,53,28,25,2,1,1,51,27,24,25,14,11,48,25,23,48,25,23,26,13,13,14,7,7,4,3,1,1,1,0,0,0,0,18,18,4,5,4,2,1,1,1,14,9,5,0,15,0,1,2
58404541,0,,,47,26,21,3,2,1,44,24,20,21,13,8,44,24,20,43,23,20,23,11,12,11,5,6,6,3,3,1,0,1,1,0,1,18,18,4,6,4,3,0,0,1,14,9,5,1,15,0,2,3
58404550,0,,,68,35,33,3,1,2,62,33,29,40,23,17,59,31,28,59,31,28,22,10,12,11,4,7,5,2,3,0,0,0,3,1,2,25,25,7,8,4,1,3,1,1,16,10,6,0,15,0,2,2
58404552,2,58404562,,4,3,1,*,*,*,*,*,*,*,*,*,*,*,*,*,*,*,*,*,*,*,*,*,*,*,*,*,*,*,*,*,*,1,1,*,*,*,*,*,*,*,*,*,*,*,*,*,*,*
58404560,0,,,75,37,38,0,0,0,75,37,38,44,18,26,75,37,38,75,37,38,31,19,12,9,5,4,1,1,0,0,0,0,0,0,0,1,0,0,0,0,0,0,0,0,0,0,0,0,0,0,0,0
58404561,1,,58404572;58404582,45,23,22,0,0,0,51,25,26,24,12,12,51,25,26,50,24,26,27,13,14,18,9,9,5,2,3,0,0,0,1,0,1,12,12,0,5,3,4,2,1,0,15,6,9,0,14,0,0,4
58404562,1,,58404552,49,24,25,4,2,2,49,25,24,25,15,10,49,25,24,49,25,24,24,10,14,12,3,9,3,0,3,0,0,0,0,0,0,18,18,3,9,3,2,0,1,1,16,12,4,1,15,0,3,3
58404572,2,58404561,,4,1,3,*,*,*,*,*,*,*,*,*,*,*,*,*,*,*,*,*,*,*,*,*,*,*,*,*,*,*,*,*,*,2,2,*,*,*,*,*,*,*,*,*,*,*,*,*,*,*
58404582,2,58404561,,2,1,1,*,*,*,*,*,*,*,*,*,*,*,*,*,*,*,*,*,*,*,*,*,*,*,*,*,*,*,*,*,*,1,1,*,*,*,*,*,*,*,*,*,*,*,*,*,*,*
58404583,2,58404592,,7,5,2,*,*,*,*,*,*,*,*,*,*,*,*,*,*,*,*,*,*,*,*,*,*,*,*,*,*,*,*,*,*,3,3,*,*,*,*,*,*,*,*,*,*,*,*,*,*,*
58404592,1,,58404583,7,3,4,0,0,0,14,8,6,8,5,3,14,8,6,14,8,6,6,3,3,5,2,3,2,1,1,0,0,0,0,0,0,3,3,1,3,1,1,0,0,0,5,2,3,0,5,0,1,1
58404596,2,58404597,,3,2,1,*,*,*,*,*,*,*,*,*,*,*,*,*,*,*,*,*,*,*,*,*,*,*,*,*,*,*,*,*,*,2,2,*,*,*,*,*,*,*,*,*,*,*,*,*,*,*
58404597,1,,58404596,10,6,4,0,0,0,13,8,5,1,1,0,13,8,5,13,8,5,12,7,5,5,3,2,2,1,1,0,0,0,0,0,0,4,4,2,2,1,1,0,0,0,4,2,2,0,6,0,2,2
58405099,2,58405190,,4,2,2,*,*,*,*,*,*,*,*,*,*,*,*,*,*,*,*,*,*,*,*,*,*,*,*,*,*,*,*,*,*,2,2,*,*,*,*,*,*,*,*,*,*,*,*,*,*,*
58405109,1,,58405125,86,40,46,2,1,1,85,39,46,40,20,20,84,39,45,84,39,45,45,19,26,21,4,17,11,1,10,1,0,1,1,0,1,29,29,4,10,8,3,3,2,0,26,12,14,1,28,0,2,7
58405125,2,58405109,,1,0,1,*,*,*,*,*,*,*,*,*,*,*,*,*,*,*,*,*,*,*,*,*,*,*,*,*,*,*,*,*,*,1,1,*,*,*,*,*,*,*,*,*,*,*,*,*,*,*
58405134,2,58405174,,2,1,1,*,*,*,*,*,*,*,*,*,*,*,*,*,*,*,*,*,*,*,*,*,*,*,*,*,*,*,*,*,*,1,1,*,*,*,*,*,*,*,*,*,*,*,*,*,*,*
58405135,2,58405147,,8,5,3,*,*,*,*,*,*,*,*,*,*,*,*,*,*,*,*,*,*,*,*,*,*,*,*,*,*,*,*,*,*,3,3,*,*,*,*,*,*,*,*,*,*,*,*,*,*,*
58405143,2,58405164,,5,3,2,*,*,*,*,*,*,*,*,*,*,*,*,*,*,*,*,*,*,*,*,*,*,*,*,*,*,*,*,*,*,3,3,*,*,*,*,*,*,*,*,*,*,*,*,*,*,*
58405147,1,,58405135;58405157,31,12,19,3,1,2,46,19,27,21,9,12,45,19,26,45,19,26,25,10,15,13,4,9,2,0,2,1,0,1,0,0,0,12,12,4,4,8,1,0,0,1,14,7,7,1,16,0,2,3
58405156,0,,,28,15,13,0,0,0,28,15,13,12,7,5,27,15,12,27,15,12,16,8,8,8,3,5,4,1,3,1,0,1,0,0,0,10,10,0,5,3,1,1,0,0,10,5,5,0,9,0,0,3
58405157,2,58405147,,10,3,7,*,*,*,*,*,*,*,*,*,*,*,*,*,*,*,*,*,*,*,*,*,*,*,*,*,*,*,*,*,*,3,3,*,*,*,*,*,*,*,*,*,*,*,*,*,*,*
58405164,1,,58405143,7,3,4,0,0,0,12,6,6,4,1,3,12,6,6,12,6,6,8,5,3,6,3,3,2,1,1,0,0,0,0,0,0,2,2,1,2,1,1,0,0,0,4,2,2,0,5,0,1,2
58405165,2,58405174,,11,5,6,*,*,*,*,*,*,*,*,*,*,*,*,*,*,*,*,*,*,*,*,*,*,*,*,*,*,*,*,*,*,3,3,*,*,*,*,*,*,*,*,*,*,*,*,*,*,*
58405166,0,,,13,5,8,0,0,0,13,5,8,5,2,3,13,5,8,13,5,8,8,3,5,5,1,4,2,0,2,0,0,0,0,0,0,6,6,2,1,3,0,0,0,0,4,1,3,0,6,0,2,1
58405173,0,,,22,10,12,0,0,0,22,10,12,10,5,5,22,10,12,22,10,12,12,5,7,8,3,5,3,0,3,0,0,0,0,0,0,7,7,0,3,2,0,2,0,0,7,3,4,0,7,0,0,2
58405174,1,,58405134;58405165,66,32,34,6,3,3,73,35,38,36,17,19,72,34,38,72,34,38,37,18,19,17,6,11,12,5,7,0,0,0,1,0,1,24,24,8,6,7,1,3,2,1,20,7,13,2,24,0,7,3
58405179,0,,,11,5,6,0,0,0,11,5,6,3,1,2,11,5,6,11,5,6,8,4,4,3,1,2,2,1,1,0,0,0,0,0,0,6,6,1,5,0,0,0,0,0,5,5,0,0,5,0,1,4
58405182,0,,,12,6,6,2,1,1,10,5,5,3,1,2,10,5,5,10,5,5,7,4,3,3,2,1,0,0,0,0,0,0,0,0,0,4,4,0,3,0,0,0,1,0,4,3,1,1,4,0,0,3
58405183,1,,58405194;58405195,107,55,52,11,6,5,102,51,51,48,26,22,102,51,51,102,51,51,54,25,29,28,10,18,13,5,8,0,0,0,1,0,1,29,29,2,8,10,2,3,3,3,29,10,19,3,29,0,2,5
58405189,1,,58405199,91,44,47,5,2,3,89,44,45,43,24,19,87,43,44,87,43,44,46,20,26,19,7,12,7,2,5,1,1,0,0,0,0,32,32,5,11,6,6,5,0,0,28,14,14,1,27,0,3,7
58405190,1,,58405099,32,15,17,2,1,1,34,16,18,16,10,6,33,16,17,33,16,17,18,6,12,13,4,9,4,0,4,0,0,0,0,0,0,9,9,2,3,2,2,0,1,1,9,4,5,0,11,0,2,2
58405191,0,,,31,18,13,0,0,0,31,18,13,18,11,7,31,18,13,30,18,12,13,7,6,10,4,6,5,2,3,0,0,0,0,0,0,10,10,3,1,2,1,2,1,0,7,3,4,0,6,0,1,0
58405192,1,,58405193,77,40,37,1,1,0,79,41,38,35,22,13,76,39,37,75,38,37,44,19,25,26,11,15,9,3,6,0,0,0,0,0,0,27,27,1,13,7,5,1,0,1,27,17,10,0,23,0,1,8
58405193,2,58405192,,3,2,1,*,*,*,*,*,*,*,*,*,*,*,*,*,*,*,*,*,*,*,*,*,*,*,*,*,*,*,*,*,*,1,1,*,*,*,*,*,*,*,*,*,*,*,*,*,*,*
58405194,2,58405183,,3,1,2,*,*,*,*,*,*,*,*,*,*,*,*,*,*,*,*,*,*,*,*,*,*,*,*,*,*,*,*,*,*,1,1,*,*,*,*,*,*,*,*,*,*,*,*,*,*,*
58405195,2,58405183,,3,1,2,*,*,*,*,*,*,*,*,*,*,*,*,*,*,*,*,*,*,*,*,*,*,*,*,*,*,*,*,*,*,1,1,*,*,*,*,*,*,*,*,*,*,*,*,*,*,*
58405198,0,,,16,9,7,2,2,0,14,7,7,6,3,3,14,7,7,14,7,7,8,4,4,4,2,2,3,1,2,0,0,0,0,0,0,5,5,1,0,3,0,0,1,0,4,2,2,1,4,0,1,0
58405199,2,58405189,,3,2,1,*,*,*,*,*,*,*,*,*,*,*,*,*,*,*,*,*,*,*,*,*,*,*,*,*,*,*,*,*,*,1,1,*,*,*,*,*,*,*,*,*,*,*,*,*,*,*
58405200,0,,,19,7,12,3,1,2,16,6,10,7,3,4,16,6,10,15,6,9,9,3,6,4,1,3,3,0,3,0,0,0,0,0,0,6,6,1,3,0,0,0,2,0,5,3,2,1,6,0,1,2
58405201,0,,,15,6,9,2,0,2,13,6,7,11,5,6,11,5,6,11,5,6,2,1,1,0,0,0,0,0,0,0,0,0,0,0,0,4,4,0,2,0,1,0,0,1,4,2,2,1,2,0,0,1
58405203,0,,,14,8,6,1,1,0,13,7,6,9,4,5,12,6,6,12,6,6,4,3,1,2,1,1,2,1,1,0,0,0,0,0,0,4,4,0,2,0,0,2,0,0,4,2,2,1,3,0,0,2
58405204,0,,,18,9,9,0,0,0,18,9,9,9,5,4,18,9,9,18,9,9,9,4,5,4,1,3,1,0,1,1,0,1,0,0,0,8,8,2,3,2,1,0,0,0,6,5,1,0,5,0,0,1
58405210,0,,,92,46,46,10,4,6,82,42,40,42,24,18,80,41,39,79,40,39,40,18,22,20,9,11,6,2,4,1,1,0,0,0,0,28,28,0,14,7,0,0,6,1,28,19,9,2,25,0,0,5
58405211,0,,,50,24,26,1,1,0,49,23,26,16,7,9,49,23,26,48,23,25,33,16,17,10,4,6,5,2,3,1,0,1,1,0,1,27,27,14,7,3,2,1,0,0,13,10,3,0,23,0,12,6
58405212,0,,,27,9,18,1,0,1,26,9,17,13,3,10,26,9,17,26,9,17,13,6,7,6,1,5,2,0,2,0,0,0,0,0,0,9,9,2,2,2,2,0,0,1,7,5,2,1,8,0,2,1
58405213,1,,58405214,46,22,24,0,0,0,47,23,24,21,11,10,47,23,24,47,23,24,26,12,14,12,5,7,6,1,5,1,0,1,0,0,0,19,19,6,7,3,2,2,0,0,14,9,5,0,17,0,4,3
58405214,2,58405213,,1,1,0,*,*,*,*,*,*,*,*,*,*,*,*,*,*,*,*,*,*,*,*,*,*,*,*,*,*,*,*,*,*,1,1,*,*,*,*,*,*,*,*,*,*,*,*,*,*,*
58405221,0,,,14,7,7,0,0,0,14,7,7,7,4,3,14,7,7,14,7,7,7,3,4,4,1,3,1,0,1,1,0,1,0,0,0,5,5,1,1,1,2,0,0,0,4,2,2,0,5,0,1,0
58405222,0,,,115,60,55,6,2,4,109,58,51,43,25,18,105,57,48,103,55,48,66,33,33,37,19,18,14,6,8,1,1,0,1,0,1,44,44,11,18,6,2,2,3,2,33,21,12,1,39,0,8,9
58405223,0,,,283,137,146,25,15,10,256,120,136,135,68,67,253,118,135,252,118,134,121,52,69,66,25,41,20,8,12,1,1,0,1,0,1,110,110,28,37,20,14,5,4,2,81,54,27,4,87,0,22,18
58405232,0,,,17,8,9,1,1,0,16,7,9,10,6,4,16,7,9,16,7,9,6,1,5,3,0,3,2,0,2,0,0,0,0,0,0,5,5,0,2,0,2,1,0,0,5,2,3,0,5,0,0,1
58405233,0,,,83,42,41,0,0,0,83,42,41,39,22,17,82,41,41,81,40,41,44,20,24,25,11,14,9,2,7,0,0,0,1,0,1,38,38,12,13,9,3,0,1,0,26,19,7,0,31,1,8,5
58405235,2,58405246,,10,5,5,*,*,*,*,*,*,*,*,*,*,*,*,*,*,*,*,*,*,*,*,*,*,*,*,*,*,*,*,*,*,3,3,*,*,*,*,*,*,*,*,*,*,*,*,*,*,*
58405236,0,,,14,5,9,1,0,1,13,5,8,11,4,7,13,5,8,13,5,8,2,1,1,0,0,0,0,0,0,0,0,0,0,0,0,4,4,0,1,1,1,1,0,0,4,3,1,0,2,0,0,1
58405241,0,,,20,9,11,1,1,0,19,8,11,10,5,5,18,7,11,18,7,11,9,3,6,4,0,4,4,0,4,0,0,0,0,0,0,6,6,1,2,1,0,1,0,1,5,1,4,0,6,0,1,0
58405242,0,,,64,33,31,1,1,0,63,32,31,26,14,12,63,32,31,63,32,31,37,18,19,15,5,10,8,1,7,0,0,0,0,0,0,24,24,1,10,9,4,0,0,0,23,13,10,0,22,0,1,7
58405243,0,,,45,26,19,0,0,0,45,26,19,20,14,6,45,26,19,45,26,19,25,12,13,12,4,8,4,0,4,0,0,0,0,0,0,20,19,8,6,3,2,0,0,0,11,8,3,0,13,1,3,4
58405245,0,,,14,8,6,1,0,1,13,8,5,8,6,2,12,7,5,12,7,5,5,2,3,4,2,2,1,1,0,0,0,0,0,0,0,5,5,0,4,0,0,0,1,0,5,4,1,0,4,0,0,0
58405246,1,,58405235;58405256,54,28,26,4,2,2,64,33,31,29,17,12,63,32,31,62,32,30,35,16,19,18,7,11,9,4,5,0,0,0,1,0,1,15,15,1,7,3,5,1,2,1,19,10,9,0,18,0,1,4
58405250,2,58405261,,3,1,2,*,*,*,*,*,*,*,*,*,*,*,*,*,*,*,*,*,*,*,*,*,*,*,*,*,*,*,*,*,*,1,1,*,*,*,*,*,*,*,*,*,*,*,*,*,*,*
58405251,0,,,43,20,23,0,0,0,43,20,23,18,11,7,43,20,23,43,20,23,25,9,16,15,4,11,6,1,5,0,0,0,0,0,0,21,21,7,7,6,1,0,0,0,14,8,6,0,17,0,4,3
58405252,0,,,69,33,36,0,0,0,69,33,36,30,15,15,69,33,36,68,32,36,39,18,21,20,9,11,8,2,6,1,1,0,0,0,0,28,28,7,10,5,4,1,1,0,20,11,9,0,24,0,6,5
58405255,0,,,72,37,35,10,6,4,62,31,31,36,19,17,60,30,30,60,30,30,26,12,14,13,4,9,7,2,5,0,0,0,0,0,0,25,25,4,8,8,0,3,1,1,21,12,9,3,19,0,2,4
58405256,2,58405246,,4,2,2,*,*,*,*,*,*,*,*,*,*,*,*,*,*,*,*,*,*,*,*,*,*,*,*,*,*,*,*,*,*,2,2,*,*,*,*,*,*,*,*,*,*,*,*,*,*,*
58405260,0,,,14,7,7,0,0,0,14,7,7,8,3,5,14,7,7,14,7,7,6,4,2,2,0,2,2,0,2,0,0,0,0,0,0,6,6,1,3,1,1,0,0,0,5,4,1,0,5,0,0,1
58405261,1,,58405250,66,30,36,4,3,1,65,28,37,33,19,14,64,28,36,63,28,35,32,9,23,15,4,11,7,1,6,0,0,0,0,0,0,21,21,5,3,7,2,1,4,0,17,5,12,0,19,0,3,2
58405264,0,,,22,11,11,0,0,0,22,11,11,10,6,4,21,10,11,21,10,11,12,5,7,6,2,4,1,0,1,0,0,0,0,0,0,10,10,3,3,3,1,0,0,0,7,3,4,0,8,0,2,2
58405265,0,,,48,23,25,3,0,3,45,23,22,23,13,10,45,23,22,44,22,22,22,10,12,12,6,6,1,0,1,0,0,0,0,0,0,18,18,6,4,3,1,3,1,0,12,6,6,1,16,0,5,4
58405266,2,58405268,,3,1,2,*,*,*,*,*,*,*,*,*,*,*,*,*,*,*,*,*,*,*,*,*,*,*,*,*,*,*,*,*,*,1,1,*,*,*,*,*,*,*,*,*,*,*,*,*,*,*
58405267,0,,,13,7,6,0,0,0,13,7,6,3,2,1,13,7,6,13,7,6,10,5,5,2,1,1,1,0,1,0,0,0,0,0,0,6,6,2,1,3,0,0,0,0,4,3,1,0,5,0,1,1
58405268,1,,58405266,22,10,12,1,1,0,24,10,14,18,8,10,24,10,14,24,10,14,6,2,4,3,0,3,1,0,1,0,0,0,0,0,0,9,9,2,3,3,2,0,0,0,8,5,3,1,5,0,1,0
58405270,1,,58405280,47,22,25,4,1,3,46,23,23,25,16,9,46,23,23,46,23,23,21,7,14,13,3,10,3,0,3,0,0,0,0,0,0,19,19,7,6,5,0,0,0,2,13,8,5,2,17,1,4,1
58405274,1,,58405275,86,38,48,7,4,3,82,35,47,39,13,26,81,34,47,80,34,46,43,22,21,19,8,11,4,1,3,2,1,1,8,0,8,33,33,12,10,5,2,3,2,1,22,11,11,2,26,5,3,9
58405275,2,58405274,,3,1,2,*,*,*,*,*,*,*,*,*,*,*,*,*,*,*,*,*,*,*,*,*,*,*,*,*,*,*,*,*,*,2,2,*,*,*,*,*,*,*,*,*,*,*,*,*,*,*
58405276,0,,,11,4,7,0,0,0,11,4,7,8,3,5,10,4,6,10,4,6,3,1,2,2,0,2,1,0,1,0,0,0,0,0,0,4,4,1,0,2,1,0,0,0,3,2,1,0,3,0,1,0
58405277,0,,,14,9,5,0,0,0,14,9,5,6,5,1,13,8,5,13,8,5,8,4,4,6,3,3,0,0,0,0,0,0,0,0,0,7,7,3,3,0,0,1,0,0,4,3,1,0,5,0,1,2
58405278,0,,,47,21,26,2,2,0,45,19,26,25,12,13,44,19,25,43,18,25,20,7,13,9,3,6,3,0,3,1,0,1,0,0,0,16,16,2,6,3,3,1,0,1,14,8,6,0,13,0,1,2
58405280,2,58405270,,3,2,1,*,*,*,*,*,*,*,*,*,*,*,*,*,*,*,*,*,*,*,*,*,*,*,*,*,*,*,*,*,*,1,1,*,*,*,*,*,*,*,*,*,*,*,*,*,*,*
58405284,0,,,43,18,25,4,3,1,39,15,24,19,10,9,39,15,24,38,15,23,20,5,15,12,2,10,2,0,2,0,0,0,2,1,1,19,19,7,7,3,0,1,0,1,12,8,4,0,15,0,6,2
58405285,1,,58405286,36,19,17,4,3,1,38,20,18,23,13,10,37,19,18,37,19,18,15,7,8,7,3,4,4,2,2,0,0,0,0,0,0,11,11,2,4,3,2,1,0,1,11,8,3,2,7,0,0,3
58405286,2,58405285,,6,4,2,*,*,*,*,*,*,*,*,*,*,*,*,*,*,*,*,*,*,*,*,*,*,*,*,*,*,*,*,*,*,2,2,*,*,*,*,*,*,*,*,*,*,*,*,*,*,*
58405287,0,,,9,4,5,0,0,0,9,4,5,3,2,1,9,4,5,9,4,5,6,2,4,2,0,2,2,0,2,0,0,0,0,0,0,4,4,1,1,2,0,0,0,0,3,3,0,0,4,0,1,0
58405288,0,,,91,42,49,3,1,2,88,41,47,46,26,20,87,40,47,87,40,47,42,15,27,27,9,18,11,2,9,0,0,0,5,0,5,38,38,14,9,7,5,1,1,1,24,15,9,0,29,4,8,2
58405294,0,,,42,20,22,3,3,0,39,17,22,21,10,11,38,16,22,38,16,22,18,7,11,12,4,8,6,3,3,0,0,0,1,0,1,13,13,0,5,4,2,0,2,0,13,8,5,0,11,0,0,2
58405295,0,,,93,42,51,6,3,3,87,39,48,39,19,20,87,39,48,87,39,48,48,20,28,18,6,12,8,4,4,0,0,0,0,0,0,40,40,13,14,6,3,2,2,0,27,18,9,3,30,1,8,8
58405298,1,,58405299,79,37,42,7,3,4,77,37,40,37,20,17,76,36,40,76,36,40,40,17,23,16,4,12,9,2,7,0,0,0,0,0,0,28,28,6,10,6,4,2,1,1,24,13,11,2,27,0,5,4
58405299,2,58405298,,5,3,2,*,*,*,*,*,*,*,*,*,*,*,*,*,*,*,*,*,*,*,*,*,*,*,*,*,*,*,*,*,*,2,2,*,*,*,*,*,*,*,*,*,*,*,*,*,*,*
58405306,0,,,12,5,7,0,0,0,12,5,7,9,5,4,12,5,7,12,5,7,3,0,3,1,0,1,0,0,0,0,0,0,0,0,0,5,5,2,0,2,1,0,0,0,3,1,2,0,3,0,1,0
58405307,0,,,66,30,36,6,1,5,60,29,31,30,17,13,60,29,31,60,29,31,30,12,18,18,8,10,5,3,2,1,1,0,0,0,0,22,22,2,9,5,2,2,1,1,20,14,6,2,20,0,2,6
58405308,0,,,120,64,56,8,7,1,112,57,55,53,33,20,110,56,54,109,56,53,59,24,35,33,11,22,11,4,7,0,0,0,0,0,0,44,44,11,9,13,7,1,2,1,33,20,13,2,40,0,9,3
58405309,0,,,198,103,95,19,11,8,179,92,87,97,53,44,174,88,86,170,85,85,82,39,43,36,16,20,7,4,3,0,0,0,1,0,1,68,68,13,21,12,8,10,3,1,55,35,20,2,55,1,11,9
58405316,0,,,47,23,24,1,0,1,46,23,23,21,13,8,46,23,23,45,22,23,25,10,15,14,5,9,6,2,4,0,0,0,0,0,0,18,18,4,7,3,0,4,0,0,14,9,5,0,15,0,1,5
58405317,0,,,59,26,33,7,2,5,52,24,28,29,14,15,50,23,27,50,23,27,23,10,13,10,4,6,5,1,4,1,0,1,0,0,0,20,20,6,3,5,3,0,1,2,14,5,9,1,16,0,3,2
58405318,0,,,237,122,115,21,13,8,216,109,107,116,61,55,211,107,104,211,107,104,100,48,52,46,18,28,17,5,12,2,0,2,0,0,0,81,81,16,29,11,10,6,4,5,65,38,27,6,65,0,11,17
58405319,0,,,65,37,28,10,7,3,55,30,25,29,15,14,53,29,24,53,29,24,26,15,11,9,4,5,6,2,4,1,0,1,0,0,0,20,20,4,5,4,2,2,2,1,16,8,8,2,17,0,4,1
58405327,0,,,127,65,62,12,5,7,115,60,55,61,37,24,109,58,51,109,58,51,54,23,31,29,12,17,15,7,8,0,0,0,1,0,1,40,40,8,11,9,3,3,3,3,32,15,17,2,34,0,5,7
58405328,1,,58405329,145,73,72,7,5,2,139,68,71,78,41,37,137,67,70,134,65,69,61,27,34,45,17,28,13,5,8,0,0,0,0,0,0,50,50,10,14,11,9,3,4,0,41,24,17,2,41,0,8,6
58405329,2,58405328,,1,0,1,*,*,*,*,*,*,*,*,*,*,*,*,*,*,*,*,*,*,*,*,*,*,*,*,*,*,*,*,*,*,1,1,*,*,*,*,*,*,*,*,*,*,*,*,*,*,*
58405337,0,,,12,5,7,0,0,0,12,5,7,5,2,3,12,5,7,12,5,7,7,3,4,1,0,1,1,0,1,0,0,0,0,0,0,4,4,0,2,1,0,1,0,0,4,3,1,0,4,0,0,1
58405338,0,,,357,170,187,27,12,15,325,155,170,177,90,87,322,153,169,320,151,169,148,65,83,75,25,50,36,8,28,0,0,0,0,0,0,131,131,35,33,27,16,12,6,2,95,55,40,7,97,0,22,16
58405339,0,,,17,7,10,0,0,0,17,7,10,6,2,4,17,7,10,17,7,10,11,5,6,4,2,2,1,1,0,1,1,0,0,0,0,7,7,1,2,4,0,0,0,0,6,5,1,0,6,0,1,2
58405347,0,,,46,24,22,3,2,1,43,22,21,21,11,10,43,22,21,43,22,21,22,11,11,12,5,7,6,3,3,0,0,0,0,0,0,17,17,3,8,2,1,2,0,1,14,8,6,1,14,0,2,4
58405349,0,,,134,66,68,19,10,9,115,56,59,67,35,32,112,55,57,111,54,57,48,21,27,30,13,17,14,5,9,1,0,1,0,0,0,39,39,3,10,11,8,1,2,4,36,20,16,5,31,0,2,4
58405353,2,58405363,,8,4,4,*,*,*,*,*,*,*,*,*,*,*,*,*,*,*,*,*,*,*,*,*,*,*,*,*,*,*,*,*,*,3,3,*,*,*,*,*,*,*,*,*,*,*,*,*,*,*
58405354,0,,,91,51,40,7,6,1,84,45,39,54,30,24,80,43,37,79,43,36,30,15,15,20,10,10,4,2,2,0,0,0,0,0,0,27,27,3,5,10,2,3,3,1,24,13,11,0,20,0,0,1
58405356,0,,,60,30,30,5,4,1,55,26,29,24,14,10,53,24,29,53,24,29,31,12,19,19,7,12,5,2,3,0,0,0,0,0,0,27,27,9,11,4,0,2,0,1,18,14,4,0,22,0,5,5
58405357,0,,,103,48,55,4,1,3,99,47,52,52,24,28,92,44,48,91,43,48,47,23,24,27,10,17,12,6,6,0,0,0,0,0,0,34,34,8,6,6,7,5,2,0,26,10,16,1,29,0,6,3
58405358,0,,,97,47,50,5,0,5,92,47,45,41,23,18,91,47,44,91,47,44,51,24,27,24,11,13,9,5,4,1,0,1,0,0,0,33,33,3,13,7,6,2,1,1,30,18,12,0,29,0,2,9
58405359,0,,,122,57,65,0,0,0,120,57,63,57,29,28,118,56,62,116,56,60,63,28,35,37,16,21,17,7,10,2,0,2,0,0,0,48,48,11,14,13,7,2,1,0,36,23,13,0,41,0,9,8
58405363,1,,58405353,70,40,30,4,2,2,74,42,32,30,20,10,72,40,32,72,40,32,44,22,22,25,13,12,6,2,4,1,0,1,0,0,0,28,28,8,13,4,1,2,3,0,23,18,5,1,27,0,6,9
58405364,0,,,189,82,107,11,4,7,178,78,100,97,46,51,175,77,98,173,77,96,81,32,49,39,13,26,18,5,13,1,0,1,0,0,0,71,71,16,21,16,11,4,2,1,55,32,23,3,56,0,12,9
58405366,0,,,110,47,63,5,2,3,105,45,60,55,28,27,101,42,59,100,41,59,50,17,33,30,8,22,14,1,13,1,0,1,0,0,0,36,36,1,15,9,6,3,1,1,34,20,14,3,33,0,0,5
58405367,0,,,99,50,49,7,4,3,92,46,46,56,28,28,89,46,43,88,46,42,36,18,18,12,5,7,6,1,5,0,0,0,0,0,0,33,33,2,14,7,6,1,2,1,30,19,11,0,24,0,0,8
58405368,0,,,251,108,143,19,8,11,232,100,132,92,56,36,229,98,131,224,95,129,140,44,96,97,23,74,49,8,41,4,0,4,0,0,0,69,68,17,27,12,5,2,3,2,51,40,11,4,39,1,6,5
58405369,0,,,534,260,274,36,10,26,498,250,248,271,146,125,487,245,242,482,243,239,227,104,123,116,47,69,40,14,26,2,0,2,1,0,1,203,203,50,65,38,27,11,8,4,153,107,46,7,148,1,28,30
58405374,0,,,197,102,95,12,7,5,185,95,90,98,55,43,180,91,89,177,89,88,87,40,47,42,21,21,10,6,4,1,0,1,0,0,0,71,71,14,24,13,10,5,4,1,57,33,24,4,56,0,9,11
58405375,0,,,231,113,118,23,8,15,208,105,103,109,58,51,203,102,101,203,102,101,99,47,52,38,15,23,17,5,12,1,1,0,1,0,1,74,74,11,24,11,12,9,4,3,63,34,29,8,65,0,9,13
58405376,0,,,124,46,78,4,1,3,120,45,75,23,12,11,117,44,73,117,44,73,97,33,64,78,22,56,54,13,41,11,4,7,0,0,0,17,14,2,2,7,1,0,2,0,12,8,4,1,10,0,2,2
58405377,0,,,320,157,163,30,14,16,290,143,147,173,90,83,284,138,146,280,136,144,117,53,64,66,28,38,16,6,10,1,0,1,0,0,0,104,104,18,27,21,20,11,1,6,86,48,38,8,77,0,7,14
58405378,0,,,424,211,213,53,30,23,371,181,190,285,141,144,354,172,182,351,170,181,86,40,46,40,16,24,8,2,6,0,0,0,1,0,1,165,165,34,59,31,30,8,2,1,131,107,24,15,65,4,8,19
58405379,0,,,1326,672,654,137,74,63,1177,586,591,760,405,355,1149,573,576,1131,562,569,417,181,236,213,83,130,85,31,54,7,0,7,10,5,5,593,584,238,164,83,62,28,5,4,343,283,60,32,255,44,74,67
58405382,2,58405392,,4,2,2,*,*,*,*,*,*,*,*,*,*,*,*,*,*,*,*,*,*,*,*,*,*,*,*,*,*,*,*,*,*,2,2,*,*,*,*,*,*,*,*,*,*,*,*,*,*,*
58405384,0,,,21,10,11,0,0,0,21,10,11,12,5,7,19,10,9,19,10,9,9,5,4,5,2,3,5,2,3,0,0,0,0,0,0,8,8,2,3,0,2,1,0,0,6,4,2,0,5,0,1,0
58405385,0,,,148,74,74,12,6,6,136,68,68,63,34,29,133,66,67,132,66,66,73,34,39,42,18,24,19,9,10,1,0,1,0,0,0,55,55,10,20,13,5,4,2,1,44,27,17,2,47,0,7,10
58405386,0,,,321,139,182,25,12,13,296,127,169,143,66,77,292,125,167,291,124,167,153,61,92,74,24,50,29,5,24,1,0,1,0,0,0,70,67,14,25,10,15,2,0,1,52,42,10,8,38,1,7,12
58405387,0,,,447,228,219,40,24,16,407,204,203,253,131,122,396,196,200,393,195,198,154,73,81,85,38,47,19,8,11,2,1,1,1,0,1,180,180,47,53,49,19,5,3,4,133,103,30,15,107,3,29,18
58405388,0,,,712,330,382,79,36,43,631,293,338,381,187,194,616,289,327,603,281,322,250,106,144,118,48,70,36,12,24,2,0,2,1,0,1,305,305,95,102,54,31,14,6,3,210,173,37,18,176,5,53,41
58405389,0,,,1580,734,846,135,68,67,1442,664,778,767,388,379,1406,644,762,1387,632,755,675,276,399,409,161,248,147,50,97,9,1,8,3,0,3,676,673,212,226,122,70,27,10,6,455,364,91,34,440,7,138,107
58405391,0,,,82,39,43,4,3,1,78,36,42,33,14,19,77,36,41,76,36,40,45,22,23,18,9,9,8,3,5,0,0,0,1,0,1,26,26,3,8,7,4,1,0,3,23,10,13,2,25,0,3,5
58405392,1,,58405382,49,25,24,5,4,1,48,23,25,23,10,13,46,22,24,46,22,24,25,13,12,10,5,5,1,0,1,0,0,0,0,0,0,16,16,3,8,2,2,0,1,2,15,10,5,2,17,0,3,5
58405393,0,,,35,17,18,0,0,0,35,17,18,16,9,7,34,16,18,33,16,17,19,8,11,4,1,3,2,0,2,0,0,0,0,0,0,14,14,2,6,4,1,1,0,0,12,8,4,0,12,0,1,3
58405394,0,,,66,34,32,4,2,2,62,32,30,37,18,19,62,32,30,61,31,30,25,14,11,17,9,8,4,3,1,0,0,0,0,0,0,26,26,5,13,3,2,1,1,1,21,15,6,1,20,0,4,5
58405396,0,,,73,32,41,4,2,2,69,30,39,40,18,22,67,29,38,67,29,38,29,12,17,19,8,11,5,2,3,0,0,0,0,0,0,26,26,4,11,3,4,2,2,0,22,13,9,0,22,0,3,6
58405397,0,,,335,163,172,35,19,16,300,144,156,190,96,94,293,140,153,288,137,151,110,48,62,63,28,35,18,8,10,2,1,1,0,0,0,124,124,24,39,33,14,9,2,3,100,71,29,8,77,1,14,15
58405398,0,,,2482,1156,1326,278,144,134,2201,1011,1190,1430,701,729,2130,978,1152,2101,958,1143,771,310,461,402,160,242,128,40,88,6,1,5,8,4,4,1073,1070,360,322,195,130,43,14,6,700,584,116,76,520,26,152,122
58405399,0,,,1715,809,906,112,67,45,1600,741,859,803,417,386,1564,718,846,1553,711,842,797,324,473,463,169,294,187,62,125,12,3,9,3,2,1,758,756,262,242,148,60,26,14,4,490,374,116,36,523,9,158,122
58405403,0,,,38,20,18,2,1,1,36,19,17,22,12,10,34,18,16,34,18,16,14,7,7,5,2,3,1,0,1,0,0,0,0,0,0,16,16,5,4,4,2,1,0,0,11,7,4,1,10,0,3,1
58405405,0,,,60,27,33,9,4,5,51,23,28,31,13,18,49,23,26,49,23,26,20,10,10,11,3,8,4,0,4,0,0,0,1,0,1,17,17,2,4,3,2,4,1,1,15,8,7,2,12,0,1,2
58405406,0,,,149,72,77,13,5,8,136,67,69,72,37,35,134,66,68,132,64,68,64,30,34,38,17,21,18,10,8,1,0,1,0,0,0,51,51,10,16,12,5,3,0,5,41,28,13,4,42,0,8,8
58405407,1,,58405409,65,30,35,3,0,3,74,37,37,44,23,21,73,36,37,72,35,37,30,14,16,17,7,10,5,2,3,1,1,0,0,0,0,23,23,1,10,8,4,2,1,0,25,14,11,1,21,0,1,6
58405409,2,58405407,,12,7,5,*,*,*,*,*,*,*,*,*,*,*,*,*,*,*,*,*,*,*,*,*,*,*,*,*,*,*,*,*,*,3,3,*,*,*,*,*,*,*,*,*,*,*,*,*,*,*
58405414,0,,,17,8,9,2,2,0,15,6,9,8,3,5,14,6,8,14,6,8,7,3,4,4,0,4,0,0,0,0,0,0,0,0,0,7,7,3,0,2,2,0,0,0,4,1,3,0,7,0,3,0
58405415,0,,,208,101,107,31,15,16,177,86,91,100,49,51,169,83,86,168,82,86,77,37,40,46,19,27,21,11,10,1,0,1,0,0,0,60,60,10,16,8,8,8,3,7,50,21,29,8,51,0,7,6
58405416,0,,,148,72,76,10,4,6,138,68,70,74,41,33,136,66,70,136,66,70,64,27,37,39,16,23,15,7,8,2,0,2,0,0,0,49,49,5,17,9,11,4,3,0,44,27,17,3,41,0,5,7
58405425,0,,,15,7,8,0,0,0,15,7,8,9,4,5,15,7,8,15,7,8,6,3,3,2,0,2,1,0,1,0,0,0,0,0,0,7,7,2,2,3,0,0,0,0,5,3,2,0,6,0,1,0
58405426,0,,,529,251,278,46,26,20,483,225,258,258,134,124,469,217,252,463,213,250,225,91,134,120,50,70,48,17,31,5,2,3,0,0,0,189,189,40,58,36,29,12,11,3,149,84,65,10,148,0,28,28
58405429,0,,,46,21,25,6,1,5,40,20,20,26,13,13,39,20,19,39,20,19,14,7,7,6,3,3,2,1,1,0,0,0,0,0,0,12,12,2,0,5,2,0,2,1,10,6,4,1,9,0,1,0
58405435,0,,,45,19,26,6,3,3,39,16,23,24,11,13,39,16,23,39,16,23,15,5,10,8,2,6,3,1,2,0,0,0,0,0,0,15,15,1,6,3,2,3,0,0,14,9,5,2,11,0,1,2
58405436,0,,,173,86,87,14,10,4,159,76,83,94,47,47,158,76,82,158,76,82,65,29,36,31,11,20,13,4,9,0,0,0,0,0,0,60,60,11,17,12,12,6,1,1,49,27,22,3,41,0,5,7
58405444,2,58405454,,8,4,4,*,*,*,*,*,*,*,*,*,*,*,*,*,*,*,*,*,*,*,*,*,*,*,*,*,*,*,*,*,*,3,3,*,*,*,*,*,*,*,*,*,*,*,*,*,*,*
58405445,0,,,90,41,49,7,4,3,83,37,46,47,23,24,76,35,41,75,34,41,36,14,22,23,9,14,9,4,5,0,0,0,0,0,0,25,25,2,5,7,3,4,3,1,23,8,15,2,23,0,2,4
58405446,0,,,171,83,88,11,8,3,160,75,85,87,44,43,155,74,81,154,73,81,73,31,42,37,16,21,18,6,12,1,0,1,1,0,1,56,56,9,14,13,9,7,4,0,46,24,22,2,46,0,6,6
58405450,0,,,41,20,21,2,0,2,39,20,19,19,10,9,39,20,19,39,20,19,20,10,10,9,4,5,5,2,3,1,0,1,0,0,0,15,15,2,7,3,2,0,0,1,13,10,3,0,11,0,1,4
58405454,1,,58405444,220,106,114,13,6,7,215,104,111,124,66,58,209,101,108,206,101,105,91,38,53,54,20,34,20,7,13,2,0,2,0,0,0,70,70,7,23,17,13,10,1,2,65,38,27,5,63,0,5,9
58405455,0,,,196,97,99,14,8,6,182,89,93,103,51,52,172,84,88,169,82,87,79,38,41,37,14,23,15,6,9,0,0,0,0,0,0,65,65,15,11,18,11,2,5,3,50,26,24,3,52,1,9,5
58405456,0,,,274,137,137,15,7,8,259,130,129,146,76,70,248,124,124,245,123,122,113,54,59,61,26,35,27,10,17,3,1,2,1,0,1,91,91,18,24,19,10,14,3,3,73,40,33,2,77,0,15,12
58405464,0,,,133,63,70,13,7,6,120,56,64,71,35,36,114,55,59,112,54,58,49,21,28,29,9,20,12,4,8,0,0,0,0,0,0,39,39,9,5,7,4,9,3,2,29,8,21,2,32,0,6,2
58405465,0,,,130,59,71,9,3,6,121,56,65,62,32,30,117,53,64,116,53,63,59,24,35,24,10,14,8,3,5,0,0,0,0,0,0,56,56,10,26,15,3,1,1,0,46,37,9,2,38,0,8,11
58405466,0,,,160,75,85,5,1,4,155,74,81,82,47,35,151,72,79,150,71,79,73,27,46,36,8,28,18,3,15,0,0,0,0,0,0,59,59,10,19,18,7,3,0,2,48,30,18,1,51,0,8,11
58405473,0,,,86,55,31,2,2,0,84,53,31,64,43,21,84,53,31,84,53,31,20,10,10,7,5,2,0,0,0,0,0,0,0,0,0,10,9,1,5,0,1,1,0,1,8,5,3,0,8,0,1,3
58405474,0,,,250,111,139,10,6,4,240,105,135,125,59,66,236,102,134,231,100,131,115,46,69,69,24,45,29,9,20,2,0,2,1,1,0,89,88,17,29,22,13,4,2,1,71,50,21,2,66,0,11,14
58405475,0,,,1108,523,585,102,54,48,1004,468,536,543,276,267,977,456,521,967,449,518,461,192,269,254,96,158,92,26,66,4,0,4,2,2,0,408,407,90,132,76,63,23,20,3,316,203,113,22,297,2,63,65
58405476,0,,,196,89,107,18,7,11,178,82,96,97,50,47,174,79,95,170,76,94,81,32,49,51,22,29,27,8,19,7,2,5,0,0,0,65,64,12,22,15,5,7,2,1,52,34,18,7,40,0,7,9
58405480,2,58405491,,5,2,3,*,*,*,*,*,*,*,*,*,*,*,*,*,*,*,*,*,*,*,*,*,*,*,*,*,*,*,*,*,*,3,3,*,*,*,*,*,*,*,*,*,*,*,*,*,*,*
58405481,2,58405491,,7,4,3,*,*,*,*,*,*,*,*,*,*,*,*,*,*,*,*,*,*,*,*,*,*,*,*,*,*,*,*,*,*,3,3,*,*,*,*,*,*,*,*,*,*,*,*,*,*,*
58405483,0,,,30,14,16,1,0,1,29,14,15,12,8,4,29,14,15,29,14,15,17,6,11,9,2,7,3,1,2,0,0,0,0,0,0,12,12,1,5,5,1,0,0,0,11,8,3,1,12,0,1,2
58405484,0,,,440,219,221,25,13,12,415,206,209,216,109,107,410,204,206,406,202,204,199,97,102,110,45,65,42,19,23,6,4,2,6,0,6,168,167,40,50,35,26,13,3,0,125,82,43,8,126,3,22,23
58405485,0,,,649,305,344,72,33,39,577,272,305,332,174,158,560,263,297,555,260,295,245,98,147,130,44,86,54,18,36,3,2,1,2,0,2,218,218,37,61,52,32,17,14,5,180,110,70,22,160,0,24,28
58405486,0,,,365,190,175,25,14,11,340,176,164,187,106,81,332,171,161,328,168,160,153,70,83,73,26,47,38,14,24,3,0,3,0,0,0,132,132,26,46,26,12,12,9,1,106,69,37,6,101,0,16,14
58405489,1,,58405499,25,11,14,4,2,2,29,13,16,19,10,9,29,13,16,29,13,16,10,3,7,5,0,5,3,0,3,0,0,0,0,0,0,10,10,3,4,2,1,0,2,0,9,6,3,1,8,0,1,0
58405490,0,,,446,190,256,18,11,7,428,179,249,202,105,97,422,176,246,420,174,246,226,74,152,147,41,106,63,11,52,6,0,6,0,0,0,177,176,50,69,28,16,9,3,1,126,99,27,5,130,0,34,28
58405491,1,,58405480;58405481,119,57,62,6,5,1,124,58,66,67,30,37,122,58,64,122,58,64,57,28,29,22,8,14,6,1,5,0,0,0,0,0,0,45,45,9,17,15,7,3,0,0,42,29,13,2,33,0,2,10
58405492,0,,,81,40,41,3,2,1,78,38,40,35,18,17,77,38,39,75,37,38,43,20,23,31,12,19,16,7,9,1,0,1,0,0,0,32,31,10,10,4,6,0,1,0,21,14,7,1,24,0,7,5
58405493,0,,,60,17,43,3,1,2,57,16,41,11,6,5,57,16,41,57,16,41,46,10,36,39,4,35,33,4,29,8,1,7,0,0,0,6,4,1,1,0,0,1,1,0,3,1,2,1,4,0,1,1
58405494,0,,,241,118,123,18,10,8,223,108,115,129,64,65,220,106,114,217,104,113,94,44,50,46,17,29,23,8,15,1,0,1,0,0,0,75,75,7,22,20,11,8,4,3,67,35,32,6,61,0,5,8
58405495,0,,,69,32,37,5,3,2,64,29,35,34,19,15,63,29,34,60,27,33,30,10,20,13,5,8,5,1,4,0,0,0,0,0,0,21,21,1,7,5,4,3,0,1,20,10,10,1,20,0,1,4
58405496,0,,,46,18,28,2,1,1,44,17,27,23,9,14,44,17,27,40,16,24,21,8,13,9,1,8,5,0,5,1,0,1,0,0,0,15,15,3,5,2,2,1,0,2,12,6,6,1,14,0,2,3
58405499,2,58405489,,8,4,4,*,*,*,*,*,*,*,*,*,*,*,*,*,*,*,*,*,*,*,*,*,*,*,*,*,*,*,*,*,*,2,2,*,*,*,*,*,*,*,*,*,*,*,*,*,*,*
58405507,0,,,19,9,10,1,1,0,18,8,10,7,3,4,18,8,10,18,8,10,11,5,6,6,2,4,3,1,2,0,0,0,1,1,0,10,10,5,4,0,0,0,1,0,5,4,1,1,8,0,3,3
58405517,0,,,38,21,17,4,2,2,34,19,15,23,12,11,34,19,15,33,18,15,11,7,4,7,3,4,3,1,2,0,0,0,0,0,0,11,11,2,2,3,0,2,1,1,9,4,5,2,9,0,1,1
58405520,2,58405541,,2,1,1,*,*,*,*,*,*,*,*,*,*,*,*,*,*,*,*,*,*,*,*,*,*,*,*,*,*,*,*,*,*,1,1,*,*,*,*,*,*,*,*,*,*,*,*,*,*,*
58405527,0,,,59,26,33,4,2,2,55,24,31,29,12,17,54,23,31,54,23,31,26,12,14,14,5,9,8,4,4,0,0,0,0,0,0,18,18,3,3,4,4,2,2,0,15,2,13,0,16,0,2,1
58405537,0,,,9,4,5,0,0,0,9,4,5,4,2,2,9,4,5,9,4,5,5,2,3,3,1,2,1,0,1,0,0,0,0,0,0,4,4,1,2,0,1,0,0,0,3,2,1,0,3,0,0,1
58405541,1,,58405520,47,24,23,4,1,3,45,24,21,26,14,12,43,24,19,43,24,19,19,10,9,12,7,5,5,2,3,0,0,0,0,0,0,16,16,2,6,4,3,1,1,0,15,9,6,0,14,0,2,2
58405547,0,,,10,5,5,0,0,0,10,5,5,3,2,1,10,5,5,10,5,5,7,3,4,2,1,1,0,0,0,0,0,0,0,0,0,5,5,2,2,0,1,0,0,0,3,2,1,0,5,0,2,1
58405551,0,,,32,16,16,0,0,0,32,16,16,11,4,7,32,16,16,32,16,16,21,12,9,10,6,4,4,2,2,1,0,1,0,0,0,12,12,1,4,5,2,0,0,0,11,10,1,0,11,0,1,3
58405552,0,,,22,9,13,1,0,1,21,9,12,13,8,5,20,9,11,20,9,11,8,1,7,7,1,6,3,0,3,0,0,0,0,0,0,9,9,5,0,1,1,2,0,0,4,1,3,0,7,0,4,0
58405557,0,,,44,24,20,3,2,1,41,22,19,20,11,9,38,19,19,37,19,18,21,11,10,9,5,4,0,0,0,0,0,0,0,0,0,19,19,6,7,2,2,2,0,0,13,11,2,0,14,0,4,5
58405560,0,,,47,27,20,2,0,2,45,27,18,23,15,8,44,26,18,42,26,16,22,12,10,10,5,5,1,0,1,0,0,0,0,0,0,17,17,5,3,5,1,1,2,0,12,8,4,0,14,0,3,2
58405567,0,,,48,25,23,5,3,2,43,22,21,26,16,10,40,20,20,40,20,20,17,6,11,11,4,7,3,0,3,0,0,0,0,0,0,15,15,4,2,4,0,2,3,0,11,3,8,0,11,0,0,1
58405576,2,58405577,,167,162,5,*,*,*,*,*,*,*,*,*,*,*,*,*,*,*,*,*,*,*,*,*,*,*,*,*,*,*,*,*,*,164,3,*,*,*,*,*,*,*,*,*,*,*,*,*,*,*
58405577,1,,58405576;58405586,283,229,54,6,4,2,435,375,60,354,332,22,432,374,58,428,371,57,81,43,38,29,7,22,12,1,11,2,0,2,53,53,0,212,33,8,15,6,5,3,0,4,33,19,14,0,34,0,4,6
58405580,0,,,93,45,48,4,3,1,89,42,47,40,23,17,86,40,46,86,40,46,49,19,30,25,9,16,12,1,11,2,0,2,1,0,1,32,32,4,10,10,4,3,0,1,28,15,13,0,30,0,4,5
58405586,2,58405577,,25,22,3,*,*,*,*,*,*,*,*,*,*,*,*,*,*,*,*,*,*,*,*,*,*,*,*,*,*,*,*,*,*,21,5,*,*,*,*,*,*,*,*,*,*,*,*,*,*,*
58405587,1,,58405598,34,14,20,3,2,1,33,14,19,13,7,6,33,14,19,33,14,19,20,7,13,11,5,6,2,1,1,0,0,0,0,0,0,14,14,8,5,0,0,1,1,1,8,5,3,2,14,2,6,4
58405596,0,,,59,36,23,3,1,2,56,35,21,36,25,11,53,32,21,53,32,21,20,10,10,13,6,7,5,2,3,1,0,1,0,0,0,28,21,6,6,5,2,1,1,0,15,13,2,1,13,0,4,3
58405597,0,,,47,19,28,0,0,0,47,19,28,26,11,15,46,19,27,46,19,27,21,8,13,11,3,8,5,2,3,0,0,0,0,0,0,19,19,5,5,6,1,2,0,0,14,11,3,0,16,0,5,4
58405598,2,58405587,,2,2,0,*,*,*,*,*,*,*,*,*,*,*,*,*,*,*,*,*,*,*,*,*,*,*,*,*,*,*,*,*,*,2,2,*,*,*,*,*,*,*,*,*,*,*,*,*,*,*
58406009,2,58406056,,2,1,1,*,*,*,*,*,*,*,*,*,*,*,*,*,*,*,*,*,*,*,*,*,*,*,*,*,*,*,*,*,*,1,1,*,*,*,*,*,*,*,*,*,*,*,*,*,*,*
58406027,2,58406049,,5,3,2,*,*,*,*,*,*,*,*,*,*,*,*,*,*,*,*,*,*,*,*,*,*,*,*,*,*,*,*,*,*,3,3,*,*,*,*,*,*,*,*,*,*,*,*,*,*,*
58406038,2,58406049,,1,1,0,*,*,*,*,*,*,*,*,*,*,*,*,*,*,*,*,*,*,*,*,*,*,*,*,*,*,*,*,*,*,1,1,*,*,*,*,*,*,*,*,*,*,*,*,*,*,*
58406047,2,58406056,,4,2,2,*,*,*,*,*,*,*,*,*,*,*,*,*,*,*,*,*,*,*,*,*,*,*,*,*,*,*,*,*,*,2,2,*,*,*,*,*,*,*,*,*,*,*,*,*,*,*
58406048,2,58406049,,2,1,1,*,*,*,*,*,*,*,*,*,*,*,*,*,*,*,*,*,*,*,*,*,*,*,*,*,*,*,*,*,*,1,1,*,*,*,*,*,*,*,*,*,*,*,*,*,*,*
58406049,1,,58406027;58406038;58406048;58406058,10,6,4,0,0,0,20,12,8,8,6,2,20,12,8,20,12,8,12,6,6,7,3,4,2,1,1,0,0,0,0,0,0,6,6,6,4,2,0,0,0,0,6,5,1,0,10,0,5,1
58406050,1,,58406051;58406061,32,20,12,5,3,2,33,21,12,19,13,6,33,21,12,33,21,12,14,8,6,5,1,4,3,1,2,1,1,0,0,0,0,10,10,3,4,2,1,2,0,1,10,6,4,2,10,0,2,2
58406051,2,58406050,,1,1,0,*,*,*,*,*,*,*,*,*,*,*,*,*,*,*,*,*,*,*,*,*,*,*,*,*,*,*,*,*,*,1,1,*,*,*,*,*,*,*,*,*,*,*,*,*,*,*
58406055,2,58406056,,1,1,0,*,*,*,*,*,*,*,*,*,*,*,*,*,*,*,*,*,*,*,*,*,*,*,*,*,*,*,*,*,*,1,1,*,*,*,*,*,*,*,*,*,*,*,*,*,*,*
58406056,1,,58406009;58406047;58406055,20,11,9,0,0,0,27,15,12,9,4,5,27,15,12,27,15,12,18,11,7,12,6,6,2,1,1,0,0,0,0,0,0,6,6,2,5,1,0,1,0,1,8,6,2,0,10,0,2,4
58406058,2,58406049,,2,1,1,*,*,*,*,*,*,*,*,*,*,*,*,*,*,*,*,*,*,*,*,*,*,*,*,*,*,*,*,*,*,1,1,*,*,*,*,*,*,*,*,*,*,*,*,*,*,*
58406061,2,58406050,,5,3,2,*,*,*,*,*,*,*,*,*,*,*,*,*,*,*,*,*,*,*,*,*,*,*,*,*,*,*,*,*,*,2,2,*,*,*,*,*,*,*,*,*,*,*,*,*,*,*
58406062,0,,,50,23,27,0,0,0,50,23,27,22,14,8,49,23,26,49,23,26,28,9,19,16,5,11,3,0,3,0,0,0,0,0,0,21,21,4,9,5,2,1,0,0,17,14,3,0,20,0,4,2
58406065,1,,58406066;58406075;58406085,11,6,5,2,2,0,22,13,9,6,5,1,22,13,9,22,13,9,16,8,8,7,4,3,4,2,2,0,0,0,0,0,0,5,5,2,5,2,0,0,1,0,8,7,1,0,9,0,1,5
58406066,2,58406065,,5,3,2,*,*,*,*,*,*,*,*,*,*,*,*,*,*,*,*,*,*,*,*,*,*,*,*,*,*,*,*,*,*,2,2,*,*,*,*,*,*,*,*,*,*,*,*,*,*,*
58406071,2,58406072,,5,2,3,*,*,*,*,*,*,*,*,*,*,*,*,*,*,*,*,*,*,*,*,*,*,*,*,*,*,*,*,*,*,3,3,*,*,*,*,*,*,*,*,*,*,*,*,*,*,*
58406072,1,,58406071;58406080,10,4,6,0,0,0,17,7,10,3,2,1,17,7,10,17,7,10,14,5,9,8,2,6,6,1,5,0,0,0,0,0,0,5,5,2,6,1,0,0,0,0,7,6,1,0,8,0,1,4
58406075,2,58406065,,6,4,2,*,*,*,*,*,*,*,*,*,*,*,*,*,*,*,*,*,*,*,*,*,*,*,*,*,*,*,*,*,*,1,1,*,*,*,*,*,*,*,*,*,*,*,*,*,*,*
58406079,2,58406099,,3,2,1,*,*,*,*,*,*,*,*,*,*,*,*,*,*,*,*,*,*,*,*,*,*,*,*,*,*,*,*,*,*,1,1,*,*,*,*,*,*,*,*,*,*,*,*,*,*,*
58406080,2,58406072,,2,1,1,*,*,*,*,*,*,*,*,*,*,*,*,*,*,*,*,*,*,*,*,*,*,*,*,*,*,*,*,*,*,1,1,*,*,*,*,*,*,*,*,*,*,*,*,*,*,*
58406082,1,,58406083;58406092;58406094,108,51,57,11,4,7,105,51,54,62,32,30,103,49,54,102,48,54,43,19,24,21,8,13,5,1,4,0,0,0,0,0,0,31,31,6,10,7,2,5,1,4,29,16,13,3,29,0,4,4
58406083,2,58406082,,2,1,1,*,*,*,*,*,*,*,*,*,*,*,*,*,*,*,*,*,*,*,*,*,*,*,*,*,*,*,*,*,*,1,1,*,*,*,*,*,*,*,*,*,*,*,*,*,*,*
58406085,2,58406065,,2,2,0,*,*,*,*,*,*,*,*,*,*,*,*,*,*,*,*,*,*,*,*,*,*,*,*,*,*,*,*,*,*,2,2,*,*,*,*,*,*,*,*,*,*,*,*,*,*,*
58406092,2,58406082,,5,2,3,*,*,*,*,*,*,*,*,*,*,*,*,*,*,*,*,*,*,*,*,*,*,*,*,*,*,*,*,*,*,2,2,*,*,*,*,*,*,*,*,*,*,*,*,*,*,*
58406094,2,58406082,,1,1,0,*,*,*,*,*,*,*,*,*,*,*,*,*,*,*,*,*,*,*,*,*,*,*,*,*,*,*,*,*,*,1,1,*,*,*,*,*,*,*,*,*,*,*,*,*,*,*
58406098,0,,,12,7,5,1,1,0,11,6,5,4,2,2,11,6,5,11,6,5,7,4,3,1,0,1,1,0,1,0,0,0,0,0,0,4,4,0,2,0,2,0,0,0,4,2,2,0,4,0,0,2
58406099,1,,58406079,176,80,96,7,3,4,172,79,93,89,42,47,164,75,89,162,75,87,83,37,46,41,14,27,10,2,8,0,0,0,0,0,0,56,56,5,18,14,8,8,4,0,52,29,23,1,51,0,3,12
58406100,0,,,26,13,13,0,0,0,26,13,13,16,9,7,26,13,13,26,13,13,10,4,6,7,2,5,3,1,2,0,0,0,0,0,0,7,7,0,2,1,2,1,1,0,7,2,5,0,7,0,0,2
58406101,0,,,69,35,34,2,0,2,67,35,32,30,17,13,63,32,31,62,32,30,37,18,19,15,8,7,7,3,4,0,0,0,0,0,0,27,27,6,11,4,3,1,2,0,21,11,10,1,24,0,5,8
58406102,0,,,18,10,8,3,2,1,15,8,7,6,4,2,15,8,7,14,7,7,9,4,5,5,2,3,2,1,1,0,0,0,0,0,0,5,5,2,0,1,0,0,1,1,3,0,3,1,5,0,2,0
58406103,1,,58406104,69,34,35,7,6,1,66,30,36,35,16,19,63,29,34,62,29,33,31,14,17,11,5,6,3,2,1,0,0,0,0,0,0,22,22,6,7,5,2,2,1,2,19,10,9,1,21,0,5,6
58406104,2,58406103,,4,2,2,*,*,*,*,*,*,*,*,*,*,*,*,*,*,*,*,*,*,*,*,*,*,*,*,*,*,*,*,*,*,3,3,*,*,*,*,*,*,*,*,*,*,*,*,*,*,*
58406105,0,,,30,15,15,4,1,3,26,14,12,16,9,7,25,13,12,25,13,12,10,5,5,4,2,2,0,0,0,0,0,0,0,0,0,8,8,1,1,3,1,0,1,1,7,3,4,1,6,0,0,0
58406106,0,,,26,13,13,6,5,1,20,8,12,11,5,6,19,8,11,19,8,11,9,3,6,6,2,4,3,1,2,0,0,0,0,0,0,5,5,0,1,0,1,1,0,2,5,1,4,1,5,0,0,1
58406107,0,,,91,44,47,2,1,1,89,43,46,40,20,20,87,42,45,87,42,45,49,23,26,22,10,12,4,0,4,0,0,0,0,0,0,28,28,1,7,9,8,2,0,1,27,14,13,1,26,0,1,5
58406108,1,,58406109;58406129,29,15,14,2,1,1,30,15,15,9,5,4,29,15,14,29,15,14,21,10,11,9,3,6,7,1,6,1,0,1,0,0,0,9,9,2,4,2,1,0,2,0,9,5,4,1,11,0,2,1
58406109,2,58406108,,2,1,1,*,*,*,*,*,*,*,*,*,*,*,*,*,*,*,*,*,*,*,*,*,*,*,*,*,*,*,*,*,*,1,1,*,*,*,*,*,*,*,*,*,*,*,*,*,*,*
58406112,0,,,71,37,34,3,3,0,68,34,34,29,16,13,65,32,33,65,32,33,39,18,21,25,12,13,8,4,4,0,0,0,0,0,0,22,22,3,6,4,4,3,1,1,19,9,10,0,20,0,2,3
58406113,0,,,47,20,27,2,0,2,45,20,25,23,9,14,44,20,24,42,20,22,22,11,11,8,2,6,4,1,3,0,0,0,0,0,0,14,14,2,2,4,3,2,0,1,11,4,7,0,14,0,2,2
58406114,0,,,62,30,32,3,2,1,59,28,31,31,15,16,58,28,30,57,27,30,28,13,15,12,3,9,4,1,3,1,1,0,0,0,0,22,22,3,8,3,6,2,0,0,19,10,9,0,19,0,3,6
58406115,0,,,53,25,28,2,2,0,51,23,28,27,12,15,47,22,25,45,21,24,24,11,13,13,5,8,5,1,4,0,0,0,0,0,0,20,20,6,8,1,0,3,1,1,14,8,6,1,18,0,5,4
58406116,0,,,138,65,73,9,2,7,129,63,66,66,34,32,126,62,64,125,62,63,63,29,34,38,18,20,16,5,11,1,0,1,0,0,0,48,48,9,15,9,7,5,2,1,39,22,17,3,38,0,4,8
58406117,0,,,73,31,42,2,2,0,71,29,42,42,21,21,67,29,38,66,28,38,29,8,21,21,6,15,10,1,9,1,0,1,1,0,1,24,24,3,7,5,6,2,0,1,21,11,10,0,18,0,2,2
58406120,1,,58406130,8,4,4,0,0,0,9,4,5,1,0,1,9,4,5,9,4,5,8,4,4,5,2,3,3,2,1,0,0,0,0,0,0,4,4,2,2,1,0,0,0,0,3,2,1,0,5,0,2,2
58406121,1,,58406131,10,4,6,1,0,1,10,5,5,2,1,1,10,5,5,10,5,5,8,4,4,4,3,1,1,1,0,0,0,0,0,0,0,4,4,3,0,0,2,0,0,0,2,0,2,0,5,0,3,0
58406122,2,58406132,,14,7,7,*,*,*,*,*,*,*,*,*,*,*,*,*,*,*,*,*,*,*,*,*,*,*,*,*,*,*,*,*,*,3,3,*,*,*,*,*,*,*,*,*,*,*,*,*,*,*
58406123,1,,58406133,59,33,26,2,1,1,61,34,27,34,22,12,59,33,26,58,32,26,27,12,15,13,6,7,5,3,2,0,0,0,0,0,0,18,18,2,5,9,1,1,0,2,18,10,8,0,16,0,0,1
58406124,0,,,38,19,19,0,0,0,38,19,19,19,12,7,38,19,19,38,19,19,19,7,12,12,5,7,4,2,2,0,0,0,0,0,0,15,15,4,4,3,3,1,0,0,11,7,4,0,11,0,2,2
58406125,0,,,206,84,122,14,4,10,192,80,112,66,37,29,187,78,109,186,77,109,126,43,83,89,23,66,52,12,40,9,3,6,0,0,0,59,57,18,16,6,8,5,3,1,39,23,16,2,48,0,16,8
58406126,0,,,88,46,42,4,2,2,84,44,40,41,23,18,83,43,40,83,43,40,43,21,22,23,10,13,10,4,6,0,0,0,0,0,0,29,29,3,9,8,4,4,0,1,26,14,12,2,25,0,2,5
58406129,2,58406108,,1,0,1,*,*,*,*,*,*,*,*,*,*,*,*,*,*,*,*,*,*,*,*,*,*,*,*,*,*,*,*,*,*,1,1,*,*,*,*,*,*,*,*,*,*,*,*,*,*,*
58406130,2,58406120,,1,0,1,*,*,*,*,*,*,*,*,*,*,*,*,*,*,*,*,*,*,*,*,*,*,*,*,*,*,*,*,*,*,1,1,*,*,*,*,*,*,*,*,*,*,*,*,*,*,*
58406131,2,58406121,,1,1,0,*,*,*,*,*,*,*,*,*,*,*,*,*,*,*,*,*,*,*,*,*,*,*,*,*,*,*,*,*,*,1,1,*,*,*,*,*,*,*,*,*,*,*,*,*,*,*
58406132,1,,58406122,1,0,1,1,1,0,14,6,8,11,5,6,14,6,8,14,6,8,3,1,2,3,1,2,1,0,1,0,0,0,0,0,0,1,1,1,0,0,2,0,1,0,3,0,3,0,3,0,0,0
58406133,2,58406123,,4,2,2,*,*,*,*,*,*,*,*,*,*,*,*,*,*,*,*,*,*,*,*,*,*,*,*,*,*,*,*,*,*,2,2,*,*,*,*,*,*,*,*,*,*,*,*,*,*,*
58406134,0,,,94,46,48,8,4,4,86,42,44,47,24,23,84,41,43,83,40,43,39,18,21,18,6,12,6,0,6,0,0,0,1,0,1,30,30,1,14,6,2,3,4,0,29,17,12,2,24,0,0,7
58406135,0,,,299,148,151,22,13,9,277,135,142,156,83,73,272,134,138,269,131,138,121,52,69,69,27,42,31,12,19,0,0,0,0,0,0,105,105,18,36,21,15,7,6,2,87,55,32,7,74,0,8,17
58406136,0,,,31,15,16,3,1,2,28,14,14,11,6,5,27,13,14,25,12,13,17,8,9,6,3,3,2,1,1,0,0,0,0,0,0,10,10,2,3,2,1,0,1,1,8,3,5,1,9,0,2,1
58406139,1,,58406149,17,9,8,0,0,0,22,11,11,11,7,4,22,11,11,21,11,10,11,4,7,5,1,4,2,0,2,0,0,0,0,0,0,7,7,3,4,1,2,0,0,0,7,4,3,0,8,0,3,3
58406142,0,,,34,16,18,0,0,0,34,16,18,12,7,5,34,16,18,34,16,18,22,9,13,12,4,8,6,2,4,0,0,0,0,0,0,12,12,1,5,2,3,1,0,0,11,6,5,0,12,0,1,5
58406144,0,,,75,36,39,9,3,6,66,33,33,36,19,17,64,31,33,62,29,33,30,14,16,9,4,5,4,1,3,1,1,0,0,0,0,22,22,2,7,6,2,1,1,3,20,14,6,2,19,0,1,3
58406145,1,,58406146,127,54,73,13,4,9,125,53,72,70,30,40,118,51,67,117,50,67,55,23,32,35,12,23,18,6,12,3,0,3,0,0,0,35,34,4,11,4,7,3,2,5,32,15,17,3,29,0,3,3
58406146,2,58406145,,11,3,8,*,*,*,*,*,*,*,*,*,*,*,*,*,*,*,*,*,*,*,*,*,*,*,*,*,*,*,*,*,*,2,2,*,*,*,*,*,*,*,*,*,*,*,*,*,*,*
58406149,2,58406139,,5,2,3,*,*,*,*,*,*,*,*,*,*,*,*,*,*,*,*,*,*,*,*,*,*,*,*,*,*,*,*,*,*,3,3,*,*,*,*,*,*,*,*,*,*,*,*,*,*,*
58406150,0,,,19,8,11,1,1,0,18,7,11,10,4,6,17,7,10,17,7,10,8,3,5,4,1,3,4,1,3,0,0,0,0,0,0,5,5,0,1,1,2,0,1,0,5,2,3,0,4,0,0,1
58406151,0,,,25,12,13,2,0,2,23,12,11,12,6,6,23,12,11,23,12,11,11,6,5,4,2,2,1,1,0,0,0,0,0,0,0,8,8,1,3,2,0,1,0,1,7,5,2,1,7,0,1,3
58406152,2,58406162,,8,5,3,*,*,*,*,*,*,*,*,*,*,*,*,*,*,*,*,*,*,*,*,*,*,*,*,*,*,*,*,*,*,3,3,*,*,*,*,*,*,*,*,*,*,*,*,*,*,*
58406153,0,,,13,6,7,0,0,0,13,6,7,7,3,4,12,5,7,12,5,7,6,3,3,2,0,2,2,0,2,0,0,0,0,0,0,4,4,1,0,1,1,1,0,0,3,0,3,0,4,0,1,0
58406154,0,,,79,37,42,7,3,4,72,34,38,33,15,18,71,34,37,70,33,37,39,19,20,21,8,13,8,3,5,1,0,1,1,0,1,27,27,6,9,3,3,4,1,1,21,11,10,4,25,0,6,4
58406155,0,,,91,45,46,7,2,5,84,43,41,47,25,22,83,42,41,82,42,40,37,18,19,13,4,9,9,3,6,1,0,1,0,0,0,30,30,7,6,5,4,7,1,0,23,10,13,1,23,0,6,3
58406159,0,,,23,11,12,1,1,0,22,10,12,11,6,5,22,10,12,22,10,12,11,4,7,7,2,5,3,0,3,0,0,0,0,0,0,8,8,2,1,2,2,1,0,0,6,2,4,0,8,0,2,0
58406160,0,,,109,53,56,11,6,5,98,47,51,47,21,26,96,47,49,96,47,49,51,26,25,22,8,14,12,4,8,0,0,0,2,0,2,35,35,5,13,6,5,1,1,4,30,18,12,3,30,0,5,6
58406161,0,,,351,168,183,24,10,14,327,158,169,190,101,89,321,153,168,314,148,166,137,57,80,67,25,42,21,5,16,1,0,1,0,0,0,115,115,15,26,36,21,10,7,0,99,54,45,8,89,0,10,11
58406162,1,,58406152,117,58,59,9,4,5,116,59,57,64,38,26,114,58,56,113,58,55,52,21,31,27,9,18,9,4,5,0,0,0,1,0,1,37,37,7,11,7,6,5,3,1,33,15,18,1,34,0,6,6
58406163,0,,,133,66,67,13,6,7,120,60,60,70,38,32,119,60,59,118,59,59,50,22,28,23,6,17,9,2,7,1,0,1,0,0,0,50,50,11,17,11,6,2,0,3,39,25,14,2,36,0,4,8
58406164,0,,,91,50,41,5,4,1,86,46,40,50,29,21,82,44,38,81,43,38,36,17,19,19,9,10,7,4,3,0,0,0,0,0,0,27,27,1,13,3,2,4,1,3,26,14,12,1,22,0,1,6
58406170,0,,,627,289,338,58,26,32,569,263,306,269,140,129,556,258,298,547,254,293,300,123,177,164,61,103,60,21,39,4,2,2,1,0,1,243,243,67,83,37,26,13,7,10,176,116,60,10,202,0,59,40
58406171,0,,,1069,493,576,112,51,61,954,439,515,521,262,259,930,427,503,924,423,501,433,177,256,235,79,156,89,28,61,3,1,2,4,0,4,421,419,109,145,67,50,29,12,7,310,222,88,28,296,2,74,67
58406172,1,,58406194,289,143,146,19,11,8,272,133,139,125,61,64,271,133,138,268,131,137,147,72,75,83,35,48,35,12,23,7,3,4,1,0,1,99,98,17,31,23,11,12,2,3,82,46,36,7,86,0,15,17
58406173,1,,58406174;58406183;58406184,86,44,42,6,3,3,96,50,46,53,26,27,95,50,45,93,49,44,43,24,19,21,10,11,5,3,2,0,0,0,0,0,0,26,26,3,11,6,5,3,4,0,29,17,12,1,26,0,1,8
58406174,2,58406173,,5,3,2,*,*,*,*,*,*,*,*,*,*,*,*,*,*,*,*,*,*,*,*,*,*,*,*,*,*,*,*,*,*,2,2,*,*,*,*,*,*,*,*,*,*,*,*,*,*,*
58406180,0,,,242,100,142,18,10,8,224,90,134,90,44,46,219,88,131,215,85,130,134,46,88,99,29,70,65,13,52,7,2,5,1,0,1,67,65,15,20,13,5,7,1,4,50,33,17,3,49,0,10,12
58406181,0,,,107,45,62,11,4,7,96,41,55,49,24,25,94,40,54,92,38,54,47,17,30,25,6,19,9,1,8,0,0,0,0,0,0,31,31,5,9,3,4,5,2,3,26,10,16,3,28,0,5,5
58406183,2,58406173,,4,2,2,*,*,*,*,*,*,*,*,*,*,*,*,*,*,*,*,*,*,*,*,*,*,*,*,*,*,*,*,*,*,1,1,*,*,*,*,*,*,*,*,*,*,*,*,*,*,*
58406184,2,58406173,,7,4,3,*,*,*,*,*,*,*,*,*,*,*,*,*,*,*,*,*,*,*,*,*,*,*,*,*,*,*,*,*,*,3,3,*,*,*,*,*,*,*,*,*,*,*,*,*,*,*
58406190,0,,,64,33,31,4,2,2,60,31,29,28,15,13,59,31,28,57,29,28,32,16,16,15,7,8,3,2,1,1,1,0,0,0,0,21,21,1,10,4,1,3,2,0,20,12,8,1,21,0,1,5
58406191,1,,58406192,162,86,76,21,16,5,154,76,78,84,43,41,147,73,74,145,71,74,70,33,37,44,20,24,18,6,12,1,0,1,0,0,0,48,48,5,17,8,6,7,4,4,45,22,23,2,40,0,2,7
58406192,2,58406191,,13,6,7,*,*,*,*,*,*,*,*,*,*,*,*,*,*,*,*,*,*,*,*,*,*,*,*,*,*,*,*,*,*,3,3,*,*,*,*,*,*,*,*,*,*,*,*,*,*,*
58406194,2,58406172,,2,1,1,*,*,*,*,*,*,*,*,*,*,*,*,*,*,*,*,*,*,*,*,*,*,*,*,*,*,*,*,*,*,1,1,*,*,*,*,*,*,*,*,*,*,*,*,*,*,*
58406203,2,58406204,,7,3,4,*,*,*,*,*,*,*,*,*,*,*,*,*,*,*,*,*,*,*,*,*,*,*,*,*,*,*,*,*,*,4,4,*,*,*,*,*,*,*,*,*,*,*,*,*,*,*
58406204,1,,58406203,11,6,5,2,1,1,16,8,8,6,3,3,16,8,8,16,8,8,10,5,5,5,2,3,4,1,3,0,0,0,1,0,1,3,3,2,2,1,1,1,0,0,5,2,3,1,6,0,1,1
58406205,1,,58406216,132,61,71,5,2,3,129,60,69,54,30,24,127,59,68,126,58,68,75,30,45,43,14,29,29,8,21,4,0,4,0,0,0,38,36,6,14,7,5,2,2,1,30,22,8,0,32,0,4,5
58406208,1,,58406217;58406218;58406219,68,38,30,3,2,1,76,42,34,42,24,18,74,41,33,72,40,32,34,18,16,20,9,11,4,2,2,1,0,1,0,0,0,23,23,3,8,7,2,5,1,0,23,14,9,1,21,0,1,5
58406214,1,,58406223,108,46,62,7,3,4,117,51,66,78,33,45,112,48,64,110,48,62,39,18,21,19,8,11,12,4,8,1,0,1,11,1,10,32,32,5,9,6,5,6,1,3,29,14,15,1,27,0,3,4
58406216,2,58406205,,2,1,1,*,*,*,*,*,*,*,*,*,*,*,*,*,*,*,*,*,*,*,*,*,*,*,*,*,*,*,*,*,*,1,1,*,*,*,*,*,*,*,*,*,*,*,*,*,*,*
58406217,2,58406208,,5,2,3,*,*,*,*,*,*,*,*,*,*,*,*,*,*,*,*,*,*,*,*,*,*,*,*,*,*,*,*,*,*,1,1,*,*,*,*,*,*,*,*,*,*,*,*,*,*,*
58406218,2,58406208,,5,3,2,*,*,*,*,*,*,*,*,*,*,*,*,*,*,*,*,*,*,*,*,*,*,*,*,*,*,*,*,*,*,1,1,*,*,*,*,*,*,*,*,*,*,*,*,*,*,*
58406219,2,58406208,,1,1,0,*,*,*,*,*,*,*,*,*,*,*,*,*,*,*,*,*,*,*,*,*,*,*,*,*,*,*,*,*,*,1,1,*,*,*,*,*,*,*,*,*,*,*,*,*,*,*
58406220,2,58406221,,3,2,1,*,*,*,*,*,*,*,*,*,*,*,*,*,*,*,*,*,*,*,*,*,*,*,*,*,*,*,*,*,*,1,1,*,*,*,*,*,*,*,*,*,*,*,*,*,*,*
58406221,1,,58406220,16,7,9,4,0,4,15,9,6,8,4,4,15,9,6,15,9,6,7,5,2,3,1,2,0,0,0,0,0,0,0,0,0,6,6,3,1,1,0,1,1,0,4,0,4,1,6,0,2,0
58406223,2,58406214,,16,8,8,*,*,*,*,*,*,*,*,*,*,*,*,*,*,*,*,*,*,*,*,*,*,*,*,*,*,*,*,*,*,3,3,*,*,*,*,*,*,*,*,*,*,*,*,*,*,*
58406224,0,,,41,19,22,2,0,2,39,19,20,19,9,10,39,19,20,39,19,20,20,10,10,8,2,6,1,0,1,1,0,1,0,0,0,16,16,2,8,3,2,0,1,0,14,11,3,1,14,0,1,5
58406225,1,,58406226,16,8,8,2,0,2,16,9,7,9,5,4,16,9,7,16,9,7,7,4,3,4,2,2,1,1,0,0,0,0,0,0,0,4,4,0,2,1,1,0,0,1,5,2,3,1,4,0,0,1
58406226,2,58406225,,2,1,1,*,*,*,*,*,*,*,*,*,*,*,*,*,*,*,*,*,*,*,*,*,*,*,*,*,*,*,*,*,*,1,1,*,*,*,*,*,*,*,*,*,*,*,*,*,*,*
58406227,0,,,11,5,6,1,0,1,10,5,5,5,3,2,10,5,5,10,5,5,5,2,3,2,0,2,2,0,2,1,0,1,1,0,1,4,4,2,0,0,1,1,0,0,2,0,2,0,3,0,1,0
58406229,0,,,77,39,38,3,2,1,74,37,37,39,21,18,72,36,36,72,36,36,35,16,19,13,2,11,7,1,6,1,0,1,0,0,0,30,30,4,13,8,2,3,0,0,26,19,7,2,24,0,3,5
58406231,0,,,16,8,8,3,2,1,13,6,7,7,4,3,12,6,6,12,6,6,6,2,4,6,2,4,3,1,2,0,0,0,0,0,0,4,4,1,0,1,0,0,2,0,3,1,2,1,4,0,1,0
58406234,0,,,22,11,11,0,0,0,22,11,11,11,6,5,22,11,11,22,11,11,11,5,6,6,2,4,0,0,0,0,0,0,0,0,0,11,11,4,3,4,0,0,0,0,7,6,1,0,8,2,1,2
58406235,0,,,68,34,34,2,0,2,66,34,32,29,16,13,66,34,32,66,34,32,37,18,19,20,9,11,6,2,4,0,0,0,0,0,0,29,29,5,14,6,3,1,0,0,24,19,5,1,25,0,4,9
58406236,1,,58406237,56,28,28,1,1,0,60,31,29,32,18,14,60,31,29,59,30,29,28,13,15,12,5,7,5,1,4,1,0,1,0,0,0,20,20,4,6,7,2,2,1,0,17,13,4,1,19,0,2,5
58406237,2,58406236,,5,4,1,*,*,*,*,*,*,*,*,*,*,*,*,*,*,*,*,*,*,*,*,*,*,*,*,*,*,*,*,*,*,2,2,*,*,*,*,*,*,*,*,*,*,*,*,*,*,*
58406241,0,,,24,13,11,1,1,0,23,12,11,10,4,6,22,11,11,22,11,11,13,8,5,6,4,2,2,1,1,1,1,0,0,0,0,9,9,2,4,0,1,2,0,0,7,4,3,0,9,0,2,3
58406242,1,,58406243,17,9,8,1,0,1,25,13,12,11,6,5,25,13,12,25,13,12,14,7,7,8,5,3,3,1,2,1,0,1,0,0,0,5,5,0,1,1,4,1,0,0,7,1,6,1,7,0,0,0
58406243,2,58406242,,9,4,5,*,*,*,*,*,*,*,*,*,*,*,*,*,*,*,*,*,*,*,*,*,*,*,*,*,*,*,*,*,*,2,2,*,*,*,*,*,*,*,*,*,*,*,*,*,*,*
58406244,0,,,35,20,15,2,2,0,33,18,15,15,8,7,33,18,15,33,18,15,18,10,8,10,4,6,0,0,0,0,0,0,0,0,0,16,16,4,8,1,3,0,0,0,12,10,2,1,13,0,3,4
58406245,0,,,29,18,11,1,1,0,28,17,11,11,7,4,28,17,11,28,17,11,17,10,7,4,3,1,3,2,1,1,1,0,0,0,0,13,13,5,3,3,1,1,0,0,8,4,4,1,11,0,3,2
58406246,0,,,30,15,15,1,1,0,29,14,15,15,6,9,29,14,15,29,14,15,14,8,6,3,1,2,1,0,1,0,0,0,0,0,0,11,11,0,6,4,0,0,1,0,11,8,3,1,9,0,0,4
58406251,0,,,26,14,12,0,0,0,26,14,12,11,7,4,25,13,12,25,13,12,15,7,8,7,2,5,4,0,4,1,0,1,0,0,0,10,10,1,4,3,2,0,0,0,9,6,3,0,9,0,1,0
58406252,1,,58406263,32,17,15,2,2,0,36,18,18,20,11,9,34,17,17,34,17,17,16,7,9,9,2,7,4,1,3,1,0,1,0,0,0,10,10,3,4,0,2,0,2,1,9,4,5,0,10,0,1,2
58406253,0,,,39,20,19,5,1,4,34,19,15,19,11,8,34,19,15,34,19,15,15,8,7,5,1,4,3,1,2,1,1,0,0,0,0,10,10,1,1,4,1,2,0,1,9,4,5,1,9,0,1,0
58406254,0,,,33,14,19,2,0,2,31,14,17,14,6,8,31,14,17,31,14,17,17,8,9,5,0,5,4,0,4,0,0,0,0,0,0,14,14,4,5,2,2,1,0,0,10,6,4,1,12,0,3,4
58406255,0,,,22,11,11,0,0,0,22,11,11,9,6,3,22,11,11,22,11,11,13,5,8,6,1,5,4,1,3,0,0,0,0,0,0,10,10,3,3,3,1,0,0,0,7,3,4,0,9,0,3,1
58406259,0,,,15,9,6,2,2,0,13,7,6,9,5,4,13,7,6,13,7,6,4,2,2,2,1,1,1,0,1,0,0,0,0,0,0,4,4,0,1,1,1,0,1,0,4,2,2,1,2,0,0,1
58406260,0,,,30,14,16,0,0,0,30,14,16,13,7,6,30,14,16,30,14,16,17,7,10,10,4,6,6,2,4,1,0,1,0,0,0,12,12,3,3,4,1,1,0,0,9,7,2,0,11,0,3,1
58406261,0,,,53,28,25,7,4,3,46,24,22,21,10,11,45,23,22,44,23,21,25,14,11,6,3,3,3,0,3,0,0,0,1,1,0,19,19,6,3,5,2,1,1,1,13,5,8,2,18,0,5,1
58406262,0,,,39,19,20,6,2,4,33,17,16,22,13,9,32,17,15,29,15,14,11,4,7,4,1,3,1,0,1,0,0,0,0,0,0,10,10,1,2,3,0,0,3,1,9,5,4,1,8,0,1,0
58406263,2,58406252,,6,3,3,*,*,*,*,*,*,*,*,*,*,*,*,*,*,*,*,*,*,*,*,*,*,*,*,*,*,*,*,*,*,2,2,*,*,*,*,*,*,*,*,*,*,*,*,*,*,*
58406264,0,,,57,20,37,8,1,7,49,19,30,24,9,15,48,19,29,48,19,29,25,10,15,21,8,13,8,2,6,1,0,1,0,0,0,16,16,2,3,5,3,0,1,2,14,6,8,2,15,0,1,1
58406265,0,,,73,39,34,6,3,3,67,36,31,32,18,14,67,36,31,66,36,30,35,18,17,14,5,9,11,5,6,0,0,0,0,0,0,25,25,3,11,5,2,2,0,2,22,13,9,1,20,0,1,7
58406269,0,,,17,7,10,3,2,1,14,5,9,8,4,4,14,5,9,14,5,9,6,1,5,3,1,2,2,0,2,0,0,0,0,0,0,6,6,2,1,1,1,0,1,0,4,1,3,0,5,0,2,0
58406270,0,,,17,10,7,1,1,0,16,9,7,10,5,5,16,9,7,16,9,7,6,4,2,3,2,1,1,0,1,0,0,0,0,0,0,5,5,0,1,2,1,1,0,0,5,3,2,0,4,0,0,1
58406271,0,,,15,9,6,1,1,0,14,8,6,5,3,2,14,8,6,14,8,6,9,5,4,4,1,3,1,0,1,0,0,0,0,0,0,6,6,2,1,2,0,1,0,0,4,3,1,0,5,0,1,1
58406272,1,,58406282,27,13,14,1,0,1,31,16,15,13,9,4,31,16,15,31,16,15,18,7,11,9,3,6,5,1,4,0,0,0,0,0,0,9,9,1,7,0,3,1,0,0,11,8,3,1,12,0,1,3
58406274,0,,,88,42,46,7,1,6,81,41,40,48,27,21,81,41,40,81,41,40,33,14,19,21,5,16,9,2,7,0,0,0,0,0,0,24,23,4,3,7,0,3,4,2,19,8,11,3,21,0,2,2
58406275,1,,58406276,58,25,33,3,2,1,61,26,35,31,14,17,61,26,35,61,26,35,30,12,18,17,3,14,12,2,10,1,0,1,1,0,1,21,21,6,5,7,4,1,1,0,18,8,10,1,22,0,5,1
58406276,2,58406275,,6,3,3,*,*,*,*,*,*,*,*,*,*,*,*,*,*,*,*,*,*,*,*,*,*,*,*,*,*,*,*,*,*,3,3,*,*,*,*,*,*,*,*,*,*,*,*,*,*,*
58406278,2,58406279,,3,1,2,*,*,*,*,*,*,*,*,*,*,*,*,*,*,*,*,*,*,*,*,*,*,*,*,*,*,*,*,*,*,1,1,*,*,*,*,*,*,*,*,*,*,*,*,*,*,*
58406279,1,,58406278,119,62,57,11,5,6,111,58,53,65,33,32,106,54,52,106,54,52,46,25,21,27,14,13,13,7,6,2,1,1,1,0,1,35,35,5,6,9,9,3,2,2,31,11,20,2,30,0,4,1
58406280,0,,,59,29,30,5,2,3,54,27,27,23,12,11,52,27,25,52,27,25,31,15,16,14,6,8,8,2,6,1,0,1,1,0,1,18,18,1,6,4,2,4,1,0,17,8,9,0,16,0,0,4
58406282,2,58406272,,5,3,2,*,*,*,*,*,*,*,*,*,*,*,*,*,*,*,*,*,*,*,*,*,*,*,*,*,*,*,*,*,*,3,3,*,*,*,*,*,*,*,*,*,*,*,*,*,*,*
58406283,1,,58406292,58,28,30,5,1,4,55,29,26,26,14,12,55,29,26,54,28,26,29,15,14,15,7,8,7,3,4,0,0,0,0,0,0,20,20,2,9,5,3,0,1,1,19,13,6,2,19,0,2,4
58406284,0,,,107,53,54,12,7,5,95,46,49,61,28,33,91,43,48,88,43,45,34,18,16,17,8,9,4,2,2,0,0,0,0,0,0,34,34,10,6,6,3,4,1,4,24,12,12,4,26,0,5,3
58406285,2,58406295,,3,0,3,*,*,*,*,*,*,*,*,*,*,*,*,*,*,*,*,*,*,*,*,*,*,*,*,*,*,*,*,*,*,2,2,*,*,*,*,*,*,*,*,*,*,*,*,*,*,*
58406290,0,,,24,15,9,0,0,0,24,15,9,12,9,3,24,15,9,24,15,9,12,6,6,7,3,4,3,0,3,0,0,0,0,0,0,11,11,2,6,2,1,0,0,0,9,8,1,0,9,0,1,3
58406291,0,,,20,10,10,2,2,0,18,8,10,7,3,4,18,8,10,17,8,9,11,5,6,5,2,3,3,1,2,0,0,0,0,0,0,7,7,1,2,2,1,1,0,0,6,4,2,0,5,0,1,2
58406292,2,58406283,,2,2,0,*,*,*,*,*,*,*,*,*,*,*,*,*,*,*,*,*,*,*,*,*,*,*,*,*,*,*,*,*,*,1,1,*,*,*,*,*,*,*,*,*,*,*,*,*,*,*
58406295,1,,58406285,14,9,5,3,3,0,14,6,8,8,4,4,14,6,8,14,6,8,6,2,4,3,0,3,2,0,2,0,0,0,0,0,0,4,4,1,3,0,1,0,1,0,5,3,2,2,5,0,1,0
58406300,0,,,13,7,6,0,0,0,13,7,6,7,4,3,13,7,6,13,7,6,6,3,3,4,2,2,1,1,0,0,0,0,0,0,0,5,5,1,1,2,1,0,0,0,4,2,2,0,4,0,0,0
58406301,0,,,15,6,9,1,1,0,14,5,9,6,1,5,14,5,9,14,5,9,8,4,4,1,0,1,1,0,1,0,0,0,0,0,0,5,5,0,1,3,1,0,0,0,5,3,2,0,4,0,0,1
58406302,0,,,33,14,19,4,1,3,29,13,16,12,5,7,29,13,16,29,13,16,17,8,9,6,3,3,3,1,2,0,0,0,0,0,0,13,13,4,5,2,0,0,1,1,9,7,2,2,11,0,3,3
58406303,0,,,158,78,80,17,10,7,141,68,73,86,44,42,139,67,72,139,67,72,55,24,31,24,9,15,13,5,8,0,0,0,1,0,1,50,50,5,18,9,8,5,2,3,45,26,19,3,40,0,4,8
58406304,0,,,39,18,21,0,0,0,39,18,21,22,11,11,39,18,21,38,17,21,17,7,10,9,2,7,5,2,3,0,0,0,0,0,0,13,13,1,7,2,1,0,1,1,12,8,4,0,11,0,0,5
58406305,0,,,241,119,122,19,11,8,221,108,113,126,67,59,214,105,109,213,105,108,95,41,54,50,21,29,21,10,11,2,0,2,0,0,0,72,72,7,17,17,17,7,4,3,65,33,32,6,58,0,3,11
58406306,2,58406307,,2,1,1,*,*,*,*,*,*,*,*,*,*,*,*,*,*,*,*,*,*,*,*,*,*,*,*,*,*,*,*,*,*,1,1,*,*,*,*,*,*,*,*,*,*,*,*,*,*,*
58406307,1,,58406306,671,320,351,92,48,44,581,273,308,395,195,200,553,258,295,539,253,286,186,78,108,97,43,54,24,9,15,3,1,2,0,0,0,271,271,80,80,48,41,16,5,2,192,152,40,20,134,4,37,21
58406308,0,,,2171,1022,1149,235,115,120,1929,903,1026,1279,632,647,1859,872,987,1832,861,971,650,271,379,322,129,193,96,32,64,5,0,5,5,2,3,937,931,307,289,174,96,45,17,3,614,507,107,78,439,29,121,112
58406309,0,,,1695,801,894,130,69,61,1564,731,833,856,441,415,1506,709,797,1484,694,790,708,290,418,378,147,231,139,52,87,14,6,8,4,1,3,718,715,226,238,112,82,39,14,4,486,358,128,36,488,3,140,112
58406311,0,,,30,12,18,4,1,3,26,11,15,14,6,8,26,11,15,26,11,15,12,5,7,4,2,2,2,1,1,0,0,0,0,0,0,12,12,3,5,2,0,1,1,0,9,7,2,1,10,0,2,2
58406312,0,,,22,8,14,1,0,1,21,8,13,8,3,5,21,8,13,21,8,13,13,5,8,7,2,5,4,1,3,1,1,0,0,0,0,7,7,0,1,4,2,0,0,0,7,2,5,1,7,0,0,1
58406313,0,,,335,140,195,27,16,11,308,124,184,129,69,60,305,122,183,304,122,182,179,55,124,135,33,102,92,17,75,16,0,16,1,0,1,73,72,6,21,19,8,8,6,4,66,38,28,10,55,0,3,12
58406314,0,,,235,111,124,12,6,6,223,105,118,122,62,60,218,102,116,215,101,114,101,43,58,55,20,35,23,10,13,1,0,1,1,1,0,76,76,12,21,15,12,10,4,2,64,31,33,0,67,0,8,6
58406315,0,,,70,33,37,2,1,1,68,32,36,36,18,18,66,32,34,65,32,33,32,14,18,20,8,12,7,4,3,0,0,0,0,0,0,24,24,2,6,10,4,2,0,0,22,13,9,0,21,0,0,4
58406316,0,,,232,113,119,24,11,13,208,102,106,117,62,55,205,100,105,204,99,105,91,40,51,43,12,31,22,5,17,3,1,2,0,0,0,72,72,11,16,18,12,9,2,4,61,31,30,8,60,0,9,9
58406317,0,,,463,209,254,55,25,30,408,184,224,242,117,125,399,178,221,395,176,219,166,67,99,80,25,55,44,9,35,5,0,5,1,0,1,175,174,47,56,28,27,8,5,3,124,92,32,15,94,9,14,23
58406318,0,,,327,157,170,40,17,23,285,139,146,184,93,91,275,137,138,269,134,135,101,46,55,40,18,22,13,7,6,2,1,1,2,1,1,117,117,29,30,20,21,12,1,4,88,61,27,9,65,3,9,15
58406319,0,,,874,412,462,94,52,42,780,360,420,441,215,226,763,352,411,752,348,404,339,145,194,162,64,98,53,16,37,4,0,4,1,0,1,313,312,65,98,64,43,19,15,8,245,164,81,23,221,1,38,49
58406320,0,,,73,28,45,3,1,2,70,27,43,34,17,17,69,27,42,69,27,42,36,10,26,20,6,14,9,3,6,1,0,1,0,0,0,29,29,5,11,8,3,2,0,0,24,17,7,1,25,0,2,4
58406321,0,,,107,59,48,12,7,5,95,52,43,58,30,28,88,47,41,87,46,41,37,22,15,18,10,8,5,2,3,2,1,1,2,0,2,30,30,3,7,5,7,4,2,2,27,9,18,3,23,0,0,4
58406322,0,,,157,69,88,22,9,13,135,60,75,84,37,47,127,58,69,124,58,66,51,23,28,21,8,13,7,2,5,0,0,0,1,0,1,44,44,8,9,6,5,8,5,3,36,17,19,4,35,0,6,3
58406323,0,,,212,105,107,22,11,11,190,94,96,99,52,47,184,90,94,182,89,93,91,42,49,48,22,26,20,7,13,3,1,2,0,0,0,59,59,8,12,13,11,6,2,7,50,21,29,4,51,0,7,9
58406324,0,,,92,49,43,2,2,0,90,47,43,51,28,23,84,44,40,83,43,40,39,19,20,21,9,12,8,2,6,1,0,1,0,0,0,29,29,3,5,11,5,4,1,0,26,16,10,0,22,0,2,2
58406325,0,,,55,27,28,5,2,3,50,25,25,25,12,13,46,23,23,46,23,23,25,13,12,5,3,2,2,1,1,0,0,0,1,0,1,18,18,2,8,2,2,1,3,0,16,11,5,0,15,1,1,4
58406326,0,,,309,120,189,13,7,6,296,113,183,113,62,51,292,111,181,291,111,180,183,51,132,134,25,109,87,15,72,18,4,14,0,0,0,91,90,24,28,23,10,3,1,1,66,46,20,6,62,1,16,11
58406327,1,,58406337,220,103,117,10,7,3,212,97,115,124,65,59,205,92,113,205,92,113,88,32,56,47,16,31,17,3,14,2,1,1,0,0,0,87,86,22,30,19,11,5,1,0,66,49,17,1,56,2,12,13
58406328,0,,,462,221,241,57,31,26,405,190,215,237,119,118,394,183,211,389,179,210,168,71,97,68,27,41,26,7,19,3,0,3,0,0,0,169,168,35,60,36,13,11,9,4,131,93,38,14,100,1,16,25
58406329,0,,,632,299,333,119,59,60,512,239,273,388,188,200,495,231,264,490,228,262,124,51,73,60,21,39,29,8,21,2,0,2,1,0,1,228,227,60,42,56,40,24,4,1,165,121,44,40,82,5,20,10
58406330,0,,,478,234,244,43,25,18,435,209,226,248,133,115,425,202,223,422,201,221,187,76,111,103,37,66,49,14,35,3,0,3,0,0,0,155,154,30,35,37,21,14,10,7,123,60,63,13,125,0,22,17
58406331,0,,,627,314,313,78,44,34,549,270,279,355,179,176,528,261,267,520,256,264,194,91,103,98,41,57,37,16,21,4,2,2,2,0,2,232,232,54,67,49,32,18,10,2,176,126,50,17,138,0,32,24
58406332,0,,,1556,719,837,184,92,92,1365,623,742,797,395,402,1321,602,719,1309,597,712,568,228,340,307,100,207,114,31,83,13,2,11,15,5,10,550,547,127,160,99,90,34,25,12,410,278,132,44,353,6,74,74
58406333,0,,,186,85,101,33,16,17,152,69,83,124,58,66,144,65,79,142,65,77,28,11,17,16,6,10,8,2,6,1,0,1,1,0,1,67,67,15,15,16,15,4,1,1,52,40,12,10,16,5,2,2
58406334,0,,,786,381,405,77,36,41,707,344,363,448,227,221,688,337,351,681,334,347,259,117,142,144,63,81,37,12,25,2,1,1,2,0,2,280,280,54,83,61,51,15,11,5,224,150,74,15,174,2,28,27
58406335,0,,,644,296,348,73,39,34,571,257,314,340,165,175,558,251,307,552,247,305,231,92,139,109,34,75,45,11,34,2,0,2,13,0,13,236,236,52,72,51,30,18,7,6,183,121,62,16,163,7,32,28
58406336,0,,,51,22,29,2,2,0,49,20,29,27,9,18,48,20,28,48,20,28,22,11,11,14,8,6,4,3,1,1,0,1,0,0,0,16,16,1,6,4,1,2,2,0,15,9,6,0,12,0,0,3
58406337,2,58406327,,2,1,1,*,*,*,*,*,*,*,*,*,*,*,*,*,*,*,*,*,*,*,*,*,*,*,*,*,*,*,*,*,*,2,2,*,*,*,*,*,*,*,*,*,*,*,*,*,*,*
58406338,1,,58406339,266,131,135,23,15,8,240,115,125,135,69,66,233,110,123,230,108,122,105,46,59,55,19,36,20,6,14,0,0,0,1,0,1,94,94,16,29,24,14,7,4,1,78,52,26,5,68,0,10,13
58406339,2,58406338,,2,1,1,*,*,*,*,*,*,*,*,*,*,*,*,*,*,*,*,*,*,*,*,*,*,*,*,*,*,*,*,*,*,1,1,*,*,*,*,*,*,*,*,*,*,*,*,*,*,*
58406341,0,,,147,68,79,12,7,5,135,61,74,76,38,38,130,58,72,128,56,72,59,23,36,24,8,16,9,0,9,0,0,0,0,0,0,44,44,8,5,11,11,4,3,2,36,11,25,2,38,0,6,2
58406342,0,,,841,405,436,107,61,46,734,344,390,431,224,207,707,331,376,698,324,374,303,120,183,158,53,105,62,17,45,5,2,3,3,0,3,307,307,61,106,55,43,25,14,3,244,175,69,22,204,1,38,51
58406343,0,,,123,54,69,9,3,6,109,48,61,76,33,43,108,47,61,108,47,61,33,15,18,23,10,13,7,2,5,1,0,1,18,2,16,52,52,24,6,10,7,3,1,1,27,11,16,3,23,1,2,3
58406344,0,,,109,50,59,7,3,4,102,47,55,50,24,26,99,46,53,99,46,53,52,23,29,25,12,13,9,4,5,2,1,1,0,0,0,37,37,5,9,13,5,3,2,0,32,18,14,3,32,0,5,4
58406345,0,,,496,234,262,49,27,22,447,207,240,261,123,138,435,200,235,433,199,234,186,84,102,87,36,51,35,16,19,2,1,1,2,0,2,179,179,30,59,42,28,13,5,2,149,106,43,12,125,0,22,25
58406346,0,,,217,105,112,14,7,7,203,98,105,94,49,45,201,96,105,197,94,103,109,49,60,54,21,33,18,5,13,0,0,0,0,0,0,76,76,14,26,14,8,7,7,0,61,32,29,4,65,0,12,13
58406347,0,,,90,38,52,5,0,5,85,38,47,49,23,26,85,38,47,85,38,47,36,15,21,21,5,16,12,4,8,2,0,2,1,0,1,31,31,6,6,10,5,3,0,1,25,12,13,2,23,0,4,2
58406348,1,,58406349,351,168,183,46,24,22,314,147,167,180,88,92,306,142,164,304,140,164,134,59,75,63,24,39,24,9,15,2,0,2,0,0,0,106,106,14,33,23,14,15,7,5,96,51,45,14,80,0,8,16
58406349,2,58406348,,9,3,6,*,*,*,*,*,*,*,*,*,*,*,*,*,*,*,*,*,*,*,*,*,*,*,*,*,*,*,*,*,*,5,5,*,*,*,*,*,*,*,*,*,*,*,*,*,*,*
58406350,2,58406360,,5,3,2,*,*,*,*,*,*,*,*,*,*,*,*,*,*,*,*,*,*,*,*,*,*,*,*,*,*,*,*,*,*,2,2,*,*,*,*,*,*,*,*,*,*,*,*,*,*,*
58406351,0,,,140,46,94,3,2,1,137,44,93,31,15,16,134,43,91,133,43,90,106,29,77,88,21,67,58,13,45,6,0,6,0,0,0,26,25,9,8,3,3,0,2,0,16,8,8,0,19,0,6,2
58406352,0,,,172,76,96,16,7,9,156,69,87,102,47,55,153,69,84,152,69,83,54,22,32,25,8,17,9,3,6,0,0,0,0,0,0,63,63,17,16,13,6,7,3,1,46,29,17,4,39,1,5,8
58406353,0,,,124,62,62,11,5,6,113,57,56,67,35,32,111,55,56,110,55,55,46,22,24,21,9,12,8,4,4,1,0,1,0,0,0,36,36,3,6,12,6,5,4,0,33,15,18,3,31,0,3,4
58406354,0,,,62,34,28,6,3,3,56,31,25,33,19,14,56,31,25,56,31,25,23,12,11,12,5,7,6,3,3,0,0,0,0,0,0,20,20,4,5,4,4,0,1,2,16,7,9,0,15,0,3,2
58406355,0,,,205,106,99,12,8,4,192,97,95,119,67,52,188,94,94,188,94,94,73,30,43,40,11,29,16,3,13,1,0,1,2,0,2,71,71,12,20,18,11,5,5,0,59,36,23,3,54,0,7,8
58406356,0,,,53,25,28,1,1,0,52,24,28,29,17,12,52,24,28,52,24,28,23,7,16,13,3,10,6,1,5,0,0,0,0,0,0,19,19,4,4,5,5,0,1,0,15,8,7,1,14,0,1,2
58406357,0,,,149,69,80,13,7,6,136,62,74,82,43,39,132,59,73,129,57,72,54,19,35,31,9,22,16,2,14,2,0,2,2,1,1,45,45,7,5,15,8,6,3,1,38,18,20,4,36,0,5,1
58406358,0,,,110,50,60,10,5,5,100,45,55,60,27,33,96,44,52,94,42,52,40,18,22,21,7,14,8,2,6,0,0,0,0,0,0,30,30,1,6,9,5,5,3,1,29,12,17,3,27,0,0,4
58406359,0,,,60,29,31,3,1,2,57,28,29,32,16,16,56,28,28,56,28,28,25,12,13,12,5,7,2,0,2,0,0,0,0,0,0,18,18,4,5,2,2,1,1,3,14,7,7,1,16,0,3,4
58406360,1,,58406350,77,35,42,9,6,3,73,32,41,39,18,21,73,32,41,73,32,41,34,14,20,21,7,14,6,3,3,1,1,0,0,0,0,27,27,4,11,8,2,2,0,2,25,16,9,4,22,0,3,5
58406361,0,,,160,90,70,10,3,7,150,87,63,106,64,42,144,83,61,143,82,61,44,23,21,22,11,11,6,1,5,1,0,1,0,0,0,26,25,4,7,4,3,3,2,2,20,11,9,2,24,0,4,4
58406362,0,,,182,90,92,22,15,7,160,75,85,88,41,47,157,75,82,156,74,82,72,34,38,34,17,17,7,3,4,0,0,0,0,0,0,60,60,8,19,16,7,3,5,2,52,34,18,5,45,0,5,8
58406363,0,,,270,141,129,30,17,13,240,124,116,134,75,59,238,122,116,236,120,116,106,49,57,56,22,34,20,7,13,0,0,0,0,0,0,70,70,5,12,15,11,16,6,5,64,25,39,9,61,0,5,7
58406364,0,,,107,59,48,5,1,4,102,58,44,50,32,18,101,57,44,100,56,44,52,26,26,22,11,11,9,4,5,1,0,1,0,0,0,34,34,5,10,7,4,4,3,1,29,14,15,1,30,0,4,6
58406366,0,,,64,30,34,10,3,7,54,27,27,29,14,15,54,27,27,54,27,27,25,13,12,9,5,4,4,1,3,0,0,0,0,0,0,19,19,2,7,4,0,2,2,2,17,8,9,4,15,0,1,4
58406367,0,,,47,21,26,0,0,0,47,21,26,23,10,13,46,20,26,46,20,26,24,11,13,15,6,9,4,2,2,0,0,0,0,0,0,17,17,3,5,4,3,2,0,0,14,9,5,0,16,0,3,4
58406368,0,,,150,74,76,10,4,6,140,70,70,80,41,39,134,69,65,132,68,64,60,29,31,34,15,19,18,8,10,1,1,0,0,0,0,48,48,4,15,11,9,7,2,0,44,22,22,2,37,0,3,7
58406369,0,,,97,44,53,17,7,10,80,37,43,41,22,19,78,35,43,77,34,43,39,15,24,19,8,11,7,1,6,1,0,1,0,0,0,27,27,5,4,7,4,3,1,3,22,10,12,3,22,0,3,3
58406370,0,,,122,66,56,9,7,2,113,59,54,58,32,26,111,57,54,109,56,53,55,27,28,30,13,17,9,5,4,1,0,1,0,0,0,44,44,8,16,7,5,7,1,0,36,24,12,2,35,0,5,9
58406371,0,,,48,22,26,2,2,0,46,20,26,35,15,20,43,19,24,41,19,22,11,5,6,6,3,3,2,1,1,0,0,0,0,0,0,15,15,2,1,7,3,1,1,0,13,8,5,2,9,0,1,1
58406372,0,,,217,104,113,18,11,7,199,93,106,116,56,60,195,92,103,193,92,101,83,37,46,46,15,31,19,6,13,0,0,0,1,0,1,77,77,14,25,15,14,3,5,1,62,37,25,7,58,0,13,8
58406373,0,,,78,32,46,4,2,2,74,30,44,44,22,22,73,29,44,72,29,43,30,8,22,15,4,11,5,2,3,0,0,0,0,0,0,26,26,6,7,4,3,3,2,1,20,9,11,3,23,0,5,3
58406374,0,,,99,43,56,15,6,9,84,37,47,53,24,29,83,37,46,82,36,46,31,13,18,19,6,13,12,5,7,0,0,0,1,0,1,27,27,1,8,7,5,1,2,3,25,11,14,4,22,0,0,3
58406375,0,,,281,128,153,13,7,6,268,121,147,113,61,52,266,119,147,263,117,146,155,60,95,95,29,66,51,12,39,4,0,4,1,0,1,92,89,12,27,28,13,4,5,0,77,43,34,4,73,0,6,18
58406376,0,,,215,101,114,12,8,4,203,93,110,117,61,56,201,93,108,197,91,106,86,32,54,52,17,35,20,5,15,1,0,1,0,0,0,72,72,9,18,21,16,6,1,1,63,34,29,4,58,0,6,9
58406377,0,,,404,191,213,29,17,12,375,174,201,217,106,111,367,172,195,364,171,193,158,68,90,86,30,56,36,9,27,3,1,2,0,0,0,142,142,28,46,29,20,8,2,9,114,69,45,8,105,0,19,20
58406378,0,,,165,77,88,11,4,7,154,73,81,81,38,43,149,70,79,148,70,78,73,35,38,36,16,20,16,8,8,1,1,0,0,0,0,58,58,7,21,16,7,2,5,0,51,36,15,1,50,0,7,12
58406379,0,,,38,20,18,0,0,0,38,20,18,21,10,11,37,20,17,37,20,17,17,10,7,7,3,4,4,1,3,0,0,0,0,0,0,14,14,2,5,3,3,1,0,0,12,9,3,0,11,0,1,1
58406381,0,,,374,192,182,34,21,13,340,171,169,183,98,85,329,163,166,326,160,166,157,73,84,75,28,47,31,9,22,3,1,2,1,0,1,127,127,23,47,18,13,11,9,6,102,56,46,11,104,0,18,19
58406382,0,,,180,89,91,12,7,5,168,82,86,100,50,50,163,79,84,160,78,82,68,32,36,34,16,18,16,5,11,2,1,1,1,0,1,57,57,10,16,9,10,5,5,2,47,21,26,3,49,0,8,9
58406383,1,,58406392,127,61,66,12,9,3,119,54,65,65,29,36,117,52,65,114,51,63,54,25,29,23,11,12,8,4,4,0,0,0,0,0,0,34,34,5,6,6,9,3,4,3,31,12,19,5,34,0,4,3
58406384,0,,,42,19,23,5,2,3,37,17,20,19,11,8,37,17,20,37,17,20,18,6,12,8,3,5,3,2,1,0,0,0,0,0,0,14,14,4,2,3,2,2,0,1,10,5,5,0,12,0,4,1
58406385,0,,,359,163,196,34,22,12,325,141,184,163,77,86,316,137,179,316,137,179,162,64,98,82,26,56,31,8,23,3,1,2,0,0,0,115,115,19,34,27,8,12,8,7,96,52,44,5,103,0,16,19
58406386,0,,,44,23,21,8,6,2,36,17,19,17,9,8,36,17,19,35,16,19,19,8,11,7,4,3,2,1,1,0,0,0,0,0,0,14,14,3,3,4,1,0,2,1,11,7,4,0,12,0,2,2
58406387,0,,,176,86,90,9,7,2,167,79,88,95,45,50,163,77,86,159,76,83,72,34,38,41,17,24,21,6,15,1,1,0,1,0,1,61,61,12,14,18,7,6,4,0,49,24,25,0,49,0,6,5
58406388,0,,,160,79,81,25,16,9,135,63,72,73,37,36,134,63,71,133,62,71,62,26,36,35,14,21,13,5,8,0,0,0,0,0,0,37,37,1,9,6,4,6,4,7,36,15,21,9,34,0,1,5
58406389,0,,,55,25,30,2,1,1,53,24,29,30,15,15,50,23,27,48,23,25,23,9,14,13,4,9,3,0,3,1,0,1,0,0,0,20,20,6,5,2,4,1,2,0,14,8,6,0,15,0,5,2
58406390,0,,,80,38,42,8,6,2,72,32,40,40,21,19,72,32,40,72,32,40,32,11,21,14,6,8,6,2,4,0,0,0,0,0,0,25,25,6,5,5,2,3,2,2,19,8,11,3,20,0,4,3
58406391,0,,,83,39,44,17,8,9,66,31,35,44,21,23,65,31,34,65,31,34,22,10,12,12,3,9,3,2,1,0,0,0,0,0,0,27,27,5,7,6,5,0,2,2,22,14,8,6,16,0,2,2
58406392,2,58406383,,4,2,2,*,*,*,*,*,*,*,*,*,*,*,*,*,*,*,*,*,*,*,*,*,*,*,*,*,*,*,*,*,*,2,2,*,*,*,*,*,*,*,*,*,*,*,*,*,*,*
58406393,0,,,34,17,17,6,4,2,28,13,15,15,6,9,27,13,14,27,13,14,13,7,6,5,2,3,2,1,1,0,0,0,0,0,0,9,9,1,3,1,0,2,1,1,8,4,4,0,8,0,0,1
58406394,0,,,213,106,107,19,13,6,194,93,101,100,49,51,189,92,97,187,92,95,94,44,50,44,22,22,14,5,9,2,1,1,0,0,0,66,66,7,21,17,5,8,5,3,59,34,25,5,55,0,5,13
58406395,0,,,24,10,14,1,0,1,23,10,13,11,5,6,23,10,13,23,10,13,12,5,7,7,2,5,5,1,4,0,0,0,0,0,0,8,8,1,1,3,3,0,0,0,7,2,5,0,8,0,1,1
58406396,0,,,188,92,96,24,15,9,164,77,87,95,45,50,159,76,83,158,75,83,69,32,37,36,13,23,13,3,10,0,0,0,0,0,0,54,54,8,14,10,7,5,4,6,46,24,22,6,45,0,5,6
58406397,0,,,75,36,39,5,2,3,70,34,36,47,25,22,65,32,33,64,32,32,23,9,14,12,2,10,3,0,3,0,0,0,0,0,0,23,23,2,7,3,7,3,0,1,21,11,10,2,19,0,1,1
58406398,0,,,107,58,49,11,4,7,96,54,42,58,35,23,91,50,41,90,49,41,38,19,19,19,9,10,6,4,2,0,0,0,1,0,1,29,29,3,3,11,5,2,3,2,26,11,15,1,25,0,1,3
58406399,0,,,31,17,14,4,2,2,27,15,12,22,13,9,25,13,12,24,12,12,5,2,3,1,0,1,1,0,1,0,0,0,0,0,0,10,10,1,2,3,3,1,0,0,9,6,3,1,3,0,1,0
58406400,0,,,48,22,26,7,4,3,41,18,23,18,9,9,40,17,23,40,17,23,23,9,14,13,6,7,3,2,1,0,0,0,0,0,0,17,17,4,6,3,1,1,1,1,13,7,6,2,15,0,3,4
58406404,0,,,219,100,119,15,7,8,204,93,111,118,57,61,196,91,105,194,90,104,86,36,50,43,18,25,11,3,8,0,0,0,0,0,0,71,71,11,16,13,22,7,1,1,59,35,24,3,54,0,8,6
58406405,0,,,133,67,66,8,6,2,125,61,64,68,34,34,118,56,62,116,56,60,57,27,30,24,10,14,11,4,7,0,0,0,0,0,0,43,43,7,8,12,10,3,2,1,36,22,14,0,36,0,7,3
58406406,0,,,37,22,15,1,1,0,36,21,15,19,11,8,34,19,15,34,19,15,17,10,7,8,5,3,3,2,1,0,0,0,0,0,0,15,15,3,6,3,2,1,0,0,12,7,5,1,11,0,2,2
58406409,0,,,80,39,41,6,3,3,74,36,38,36,20,16,74,36,38,74,36,38,38,16,22,23,11,12,12,4,8,3,1,2,0,0,0,26,26,2,8,9,3,2,1,1,24,10,14,1,23,0,2,4
58406410,0,,,148,75,73,9,6,3,139,69,70,76,40,36,135,68,67,135,68,67,63,29,34,30,12,18,11,4,7,3,0,3,0,0,0,62,62,14,24,13,9,1,1,0,48,37,11,1,41,0,7,13
58406413,2,58406424,,4,2,2,*,*,*,*,*,*,*,*,*,*,*,*,*,*,*,*,*,*,*,*,*,*,*,*,*,*,*,*,*,*,1,1,*,*,*,*,*,*,*,*,*,*,*,*,*,*,*
58406414,0,,,167,78,89,10,5,5,157,73,84,81,38,43,155,72,83,153,71,82,76,35,41,34,13,21,15,5,10,4,2,2,1,0,1,60,60,12,17,15,9,4,1,2,48,28,20,4,49,0,6,11
58406415,0,,,341,167,174,33,19,14,308,148,160,167,78,89,300,143,157,299,143,156,141,70,71,61,25,36,21,9,12,2,1,1,1,0,1,105,105,10,33,24,13,14,6,5,95,50,45,7,88,0,8,16
58406416,1,,58406417,209,102,107,26,7,19,185,96,89,114,61,53,177,93,84,175,91,84,71,35,36,39,18,21,17,7,10,1,1,0,0,0,0,67,67,10,26,9,9,5,4,5,57,33,24,7,48,0,3,9
58406417,2,58406416,,2,1,1,*,*,*,*,*,*,*,*,*,*,*,*,*,*,*,*,*,*,*,*,*,*,*,*,*,*,*,*,*,*,1,1,*,*,*,*,*,*,*,*,*,*,*,*,*,*,*
58406419,0,,,32,16,16,2,1,1,30,15,15,17,10,7,29,14,15,28,13,15,13,5,8,7,4,3,0,0,0,0,0,0,1,0,1,10,10,0,5,0,4,0,1,0,10,7,3,0,7,0,0,2
58406420,0,,,494,241,253,64,36,28,430,205,225,270,143,127,418,199,219,413,195,218,160,62,98,91,27,64,42,9,33,4,1,3,0,0,0,168,167,34,50,37,24,9,9,4,133,83,50,11,95,3,17,16
58406422,0,,,20,9,11,1,0,1,19,9,10,10,6,4,19,9,10,19,9,10,9,3,6,6,1,5,4,0,4,0,0,0,0,0,0,8,8,2,4,1,0,0,0,1,6,4,2,1,8,0,2,1
58406423,0,,,233,106,127,21,10,11,212,96,116,112,57,55,208,94,114,205,91,114,100,39,61,49,14,35,25,7,18,1,0,1,0,0,0,75,75,15,14,19,13,7,5,2,60,28,32,4,67,0,12,7
58406424,1,,58406413,183,91,92,15,7,8,172,86,86,84,45,39,166,83,83,165,82,83,88,41,47,41,15,26,18,6,12,2,0,2,1,0,1,61,61,9,16,18,10,5,2,2,53,27,26,2,54,0,8,7
58406425,0,,,142,68,74,16,8,8,126,60,66,66,36,30,124,59,65,122,58,64,60,24,36,31,11,20,13,4,9,1,0,1,0,0,0,42,42,7,6,14,5,3,4,3,35,16,19,4,38,0,6,2
58406426,0,,,33,13,20,7,2,5,26,11,15,17,8,9,25,10,15,25,10,15,9,3,6,4,1,3,2,1,1,0,0,0,0,0,0,12,12,2,5,3,0,1,0,1,10,7,3,2,5,0,1,1
58406428,0,,,15,9,6,1,0,1,14,9,5,5,4,1,14,9,5,14,9,5,9,5,4,5,3,2,0,0,0,0,0,0,0,0,0,5,5,1,1,2,0,0,1,0,4,2,2,0,5,0,1,1
58406429,0,,,127,65,62,10,6,4,117,59,58,50,29,21,115,58,57,115,58,57,67,30,37,33,14,19,11,4,7,0,0,0,0,0,0,47,47,9,18,12,1,4,1,2,38,21,17,1,41,0,7,11
58406430,0,,,709,358,351,72,37,35,637,321,316,447,236,211,614,310,304,601,301,300,190,85,105,112,43,69,33,13,20,2,0,2,10,5,5,273,273,54,98,58,43,14,2,4,219,170,49,11,136,0,25,33
58406432,0,,,126,58,68,5,2,3,121,56,65,63,27,36,117,54,63,117,54,63,58,29,29,28,9,19,9,4,5,1,1,0,0,0,0,42,42,3,13,10,14,1,1,0,39,20,19,0,38,0,3,3
58406433,0,,,664,301,363,55,25,30,609,276,333,346,165,181,585,262,323,578,258,320,263,111,152,131,50,81,51,18,33,5,1,4,2,0,2,252,252,57,82,55,27,17,13,1,194,142,52,15,180,1,46,36
58406434,0,,,235,110,125,22,11,11,213,99,114,117,56,61,210,97,113,208,96,112,96,43,53,33,16,17,10,4,6,2,0,2,12,0,12,96,96,33,27,15,9,5,7,0,62,39,23,7,60,4,12,14
58406435,0,,,71,36,35,10,6,4,61,30,31,26,13,13,59,28,31,59,28,31,35,17,18,16,6,10,7,2,5,0,0,0,1,0,1,23,23,2,11,5,0,1,1,3,21,14,7,2,23,0,2,8
58406436,0,,,74,33,41,5,0,5,69,33,36,40,21,19,66,30,36,66,30,36,29,12,17,11,2,9,8,1,7,2,0,2,0,0,0,25,25,3,9,7,2,1,2,1,22,14,8,0,21,0,2,4
58406437,2,58406438,,4,1,3,*,*,*,*,*,*,*,*,*,*,*,*,*,*,*,*,*,*,*,*,*,*,*,*,*,*,*,*,*,*,2,2,*,*,*,*,*,*,*,*,*,*,*,*,*,*,*
58406438,1,,58406437,158,72,86,11,3,8,151,70,81,78,36,42,148,69,79,146,68,78,73,34,39,36,16,20,13,3,10,1,1,0,0,0,0,52,52,9,14,10,13,5,3,0,45,21,24,4,46,0,8,7
58406439,0,,,71,34,37,6,3,3,65,31,34,31,17,14,65,31,34,65,31,34,34,14,20,14,5,9,7,2,5,0,0,0,0,0,0,26,26,8,4,5,6,2,1,0,18,11,7,3,24,0,8,2
58406440,0,,,619,300,319,60,30,30,559,270,289,323,165,158,538,260,278,528,253,275,236,105,131,135,48,87,48,19,29,3,1,2,1,0,1,236,234,60,73,38,31,21,9,2,172,111,61,15,163,1,36,33
58406441,0,,,38,13,25,5,0,5,33,13,20,17,7,10,33,13,20,32,13,19,16,6,10,9,3,6,4,1,3,1,0,1,0,0,0,11,11,0,3,4,2,0,2,0,11,5,6,1,10,0,0,1
58406442,0,,,149,70,79,9,4,5,140,66,74,70,37,33,135,64,71,134,63,71,70,29,41,32,12,20,13,6,7,2,0,2,1,0,1,51,51,11,13,9,10,4,3,1,39,22,17,2,43,0,8,8
58406443,0,,,1902,905,997,146,77,69,1756,828,928,882,462,420,1713,806,907,1698,795,903,874,366,508,502,198,304,209,69,140,15,4,11,12,1,11,733,732,179,244,164,70,46,19,10,551,391,160,32,539,10,117,143
58406444,0,,,542,268,274,75,39,36,467,229,238,308,153,155,440,214,226,433,211,222,159,76,83,58,26,32,20,8,12,0,0,0,1,0,1,187,187,39,50,36,34,16,7,5,148,106,42,10,103,0,24,20
58406445,0,,,330,159,171,15,6,9,315,153,162,158,86,72,305,149,156,303,148,155,157,67,90,91,36,55,35,7,28,5,1,4,0,0,0,118,118,23,42,21,10,16,3,3,95,53,42,6,101,0,19,16
58406447,0,,,182,58,124,6,3,3,176,55,121,35,20,15,176,55,121,176,55,121,141,35,106,121,25,96,83,14,69,16,1,15,0,0,0,32,29,12,5,4,6,2,0,0,16,8,8,2,20,0,9,2
58406450,0,,,65,35,30,8,5,3,57,30,27,33,19,14,54,27,27,53,26,27,24,11,13,10,6,4,4,2,2,1,1,0,0,0,0,21,21,4,5,4,2,5,1,0,17,8,9,2,17,0,3,1
58406451,0,,,442,223,219,51,33,18,391,190,201,221,121,100,379,185,194,371,181,190,170,69,101,98,38,60,36,10,26,1,0,1,0,0,0,139,138,21,47,28,16,10,11,5,116,78,38,11,92,2,11,14
58406452,0,,,471,234,237,43,26,17,428,208,220,240,126,114,418,204,214,409,199,210,188,82,106,95,40,55,29,11,18,1,0,1,0,0,0,183,183,47,50,44,27,8,5,2,134,93,41,12,128,2,31,26
58406453,0,,,186,93,93,9,5,4,177,88,89,104,55,49,173,88,85,168,85,83,73,33,40,31,10,21,11,3,8,1,0,1,0,0,0,71,71,14,24,20,5,4,4,0,57,42,15,4,48,0,9,11
58406454,0,,,145,73,72,11,7,4,134,66,68,73,39,34,130,64,66,129,64,65,61,27,34,35,14,21,20,8,12,0,0,0,0,0,0,45,45,6,17,5,6,3,7,1,38,21,17,4,37,0,5,6
58406455,0,,,227,104,123,20,10,10,207,94,113,117,57,60,200,90,110,197,90,107,90,37,53,44,15,29,27,8,19,1,0,1,0,0,0,73,73,9,27,9,14,6,5,3,64,35,29,4,60,0,6,14
58406460,0,,,241,113,128,27,14,13,214,99,115,129,58,71,206,97,109,203,96,107,85,41,44,49,22,27,15,6,9,0,0,0,0,0,0,71,71,2,20,19,15,10,3,2,69,40,29,7,55,0,2,12
58406461,0,,,1758,811,947,199,100,99,1554,708,846,946,454,492,1503,682,821,1490,679,811,608,254,354,346,137,209,117,36,81,5,1,4,3,0,3,720,720,192,248,137,91,24,22,6,518,403,115,56,408,11,106,101
58406462,0,,,1611,761,850,169,90,79,1432,665,767,890,448,442,1391,643,748,1376,635,741,542,217,325,275,101,174,75,22,53,6,1,5,13,2,11,699,698,233,228,114,73,28,16,6,460,366,94,45,374,6,123,93
58406463,0,,,181,86,95,12,7,5,169,79,90,83,46,37,162,75,87,159,73,86,86,33,53,41,14,27,16,4,12,1,0,1,0,0,0,63,62,14,20,9,11,2,4,2,48,33,15,2,47,0,10,14
58406464,0,,,101,45,56,9,4,5,92,41,51,48,21,27,90,39,51,89,39,50,44,20,24,25,10,15,14,4,10,0,0,0,0,0,0,30,30,4,6,7,8,2,0,3,26,13,13,3,27,0,4,4
58406465,0,,,88,49,39,7,7,0,81,42,39,40,23,17,79,41,38,79,41,38,41,19,22,17,8,9,9,4,5,0,0,0,0,0,0,27,27,2,6,10,4,3,1,1,24,13,11,2,23,0,0,4
58406470,0,,,211,102,109,22,11,11,189,91,98,109,60,49,185,88,97,183,86,97,80,31,49,39,14,25,20,6,14,1,1,0,0,0,0,71,71,13,22,14,8,9,2,3,56,33,23,4,52,0,9,8
58406471,0,,,1271,621,650,156,80,76,1112,539,573,662,341,321,1073,516,557,1053,507,546,450,198,252,226,90,136,90,34,56,5,0,5,4,0,4,465,465,112,135,92,67,31,13,15,350,248,102,42,294,7,71,66
58406472,0,,,1252,599,653,167,81,86,1084,517,567,672,333,339,1046,499,547,1028,491,537,412,184,228,202,87,115,60,24,36,4,1,3,11,6,5,512,512,136,171,95,74,27,5,4,374,313,61,44,284,4,87,82
58406473,0,,,169,79,90,16,8,8,153,71,82,85,40,45,148,68,80,147,67,80,68,31,37,39,18,21,21,8,13,1,1,0,0,0,0,48,48,5,12,9,10,5,4,3,43,23,20,3,39,0,3,8
58406474,0,,,254,124,130,27,13,14,227,111,116,121,61,60,223,109,114,220,109,111,106,50,56,65,27,38,30,11,19,1,0,1,0,0,0,74,74,6,21,15,16,6,5,5,67,31,36,5,61,0,5,10
58406475,0,,,77,41,36,3,1,2,74,40,34,30,20,10,71,38,33,70,37,33,44,20,24,22,12,10,8,4,4,1,0,1,0,0,0,26,26,5,5,7,6,1,2,0,20,11,9,0,23,0,4,4
58406479,0,,,12,7,5,0,0,0,12,7,5,5,2,3,12,7,5,12,7,5,7,5,2,3,1,2,0,0,0,0,0,0,0,0,0,6,6,2,2,2,0,0,0,0,4,2,2,0,6,0,2,1
58406480,0,,,380,179,201,32,17,15,348,162,186,194,98,96,342,159,183,333,156,177,154,64,90,67,22,45,27,7,20,2,0,2,0,0,0,126,125,24,39,21,19,13,5,4,101,56,45,7,92,0,19,20
58406481,0,,,152,56,96,35,16,19,117,40,77,51,25,26,116,40,76,116,40,76,66,15,51,59,12,47,42,6,36,6,2,4,0,0,0,28,27,2,3,6,12,3,1,0,24,22,2,15,5,0,1,1
58406482,0,,,502,231,271,47,27,20,455,204,251,265,121,144,444,201,243,439,201,238,190,83,107,97,37,60,38,16,22,5,1,4,4,2,2,180,179,38,55,35,30,8,11,2,140,91,49,11,119,3,17,29
58406483,0,,,77,37,40,7,6,1,70,31,39,38,18,20,68,30,38,67,30,37,32,13,19,14,5,9,5,0,5,1,0,1,0,0,0,24,24,2,7,8,3,1,1,2,21,11,10,1,19,0,2,4
58406484,0,,,163,76,87,16,7,9,147,69,78,72,36,36,145,69,76,144,68,76,75,33,42,40,16,24,21,7,14,1,0,1,1,0,1,52,52,10,15,5,12,3,5,2,42,23,19,3,43,0,7,9
58406489,1,,58406499,27,12,15,4,2,2,34,15,19,18,10,8,34,15,19,34,15,19,16,5,11,13,3,10,8,1,7,0,0,0,1,0,1,9,9,2,2,3,4,0,0,1,10,3,7,0,10,0,2,1
58406490,0,,,246,114,132,12,4,8,234,110,124,127,67,60,231,108,123,228,105,123,107,43,64,53,18,35,27,8,19,2,0,2,1,0,1,84,84,12,29,19,11,5,6,2,72,40,32,4,68,0,9,14
58406491,2,58406492,,6,4,2,*,*,*,*,*,*,*,*,*,*,*,*,*,*,*,*,*,*,*,*,*,*,*,*,*,*,*,*,*,*,2,2,*,*,*,*,*,*,*,*,*,*,*,*,*,*,*
58406492,1,,58406491,271,131,140,19,10,9,258,125,133,141,72,69,251,123,128,249,123,126,117,53,64,65,21,44,30,6,24,4,1,3,2,0,2,91,91,9,33,26,9,12,2,2,83,50,33,6,73,0,7,9
58406493,0,,,259,121,138,23,12,11,236,109,127,134,68,66,229,105,124,228,104,124,102,41,61,51,18,33,20,6,14,1,0,1,0,0,0,82,82,9,19,26,13,9,5,1,73,35,38,8,68,0,8,9
58406494,0,,,245,116,129,24,12,12,221,104,117,116,60,56,217,101,116,216,100,116,105,44,61,57,22,35,17,7,10,0,0,0,0,0,0,79,79,10,28,12,12,8,8,1,69,41,28,6,66,0,6,12
58406495,0,,,76,38,38,6,4,2,70,34,36,36,19,17,70,34,36,69,33,36,34,15,19,23,9,14,6,4,2,1,1,0,0,0,0,23,23,4,6,3,2,5,3,0,19,9,10,1,20,0,4,4
58406499,2,58406489,,11,5,6,*,*,*,*,*,*,*,*,*,*,*,*,*,*,*,*,*,*,*,*,*,*,*,*,*,*,*,*,*,*,3,3,*,*,*,*,*,*,*,*,*,*,*,*,*,*,*
58406503,0,,,30,15,15,4,1,3,26,14,12,16,9,7,24,12,12,23,11,12,10,5,5,3,1,2,1,0,1,0,0,0,0,0,0,8,8,0,3,0,3,0,2,0,8,5,3,1,5,0,0,2
58406504,0,,,76,37,39,1,0,1,75,37,38,37,23,14,74,37,37,72,37,35,38,14,24,20,5,15,8,1,7,1,0,1,0,0,0,27,27,2,14,5,2,1,3,0,25,19,6,0,24,0,2,4
58406505,2,58406515,,5,2,3,*,*,*,*,*,*,*,*,*,*,*,*,*,*,*,*,*,*,*,*,*,*,*,*,*,*,*,*,*,*,1,1,*,*,*,*,*,*,*,*,*,*,*,*,*,*,*
58406506,0,,,39,21,18,1,0,1,38,21,17,19,11,8,38,21,17,37,20,17,19,10,9,11,5,6,3,0,3,0,0,0,1,0,1,15,15,2,5,5,3,0,0,0,13,8,5,0,12,0,2,3
58406507,0,,,56,29,27,5,3,2,51,26,25,27,15,12,48,23,25,48,23,25,24,11,13,9,4,5,3,1,2,0,0,0,1,0,1,20,20,2,8,6,2,1,0,1,18,15,3,1,14,0,2,4
58406510,0,,,61,24,37,7,3,4,54,21,33,22,10,12,51,20,31,50,19,31,32,11,21,18,4,14,9,1,8,1,0,1,1,0,1,21,21,6,6,3,1,1,3,1,15,8,7,0,19,0,5,3
58406511,0,,,384,182,202,37,19,18,347,163,184,213,111,102,332,161,171,327,157,170,134,52,82,71,22,49,36,7,29,3,1,2,1,0,1,129,128,23,38,27,20,9,7,4,105,67,38,12,91,1,19,13
58406512,0,,,298,131,167,41,29,12,257,102,155,132,60,72,244,98,146,238,96,142,125,42,83,90,28,62,47,11,36,6,3,3,3,0,3,79,78,11,21,15,12,12,6,1,67,46,21,9,49,2,8,7
58406513,0,,,47,18,29,0,0,0,47,18,29,16,9,7,47,18,29,46,17,29,31,9,22,27,7,20,17,2,15,4,0,4,0,0,0,11,10,1,4,2,0,2,1,0,9,6,3,0,10,0,1,1
58406515,1,,58406505,225,100,125,22,9,13,208,93,115,107,50,57,201,88,113,199,87,112,101,43,58,45,18,27,21,9,12,0,0,0,0,0,0,75,75,14,21,14,15,6,1,5,62,38,24,8,65,1,11,13
58406516,0,,,162,87,75,8,5,3,154,82,72,87,53,34,151,79,72,150,79,71,67,29,38,40,13,27,21,6,15,0,0,0,4,4,0,67,67,21,21,13,4,6,0,2,45,28,17,2,43,2,6,10
58406517,0,,,43,25,18,10,7,3,33,18,15,25,14,11,31,16,15,30,15,15,8,4,4,3,1,2,1,0,1,0,0,0,0,0,0,8,8,1,0,2,1,1,0,3,7,1,6,2,5,0,0,0
58406518,1,,58406519,96,50,46,9,6,3,90,45,45,55,31,24,87,43,44,85,42,43,35,14,21,18,5,13,9,1,8,1,0,1,0,0,0,29,29,4,8,9,5,1,2,2,27,15,12,4,24,0,2,2
58406519,2,58406518,,4,2,2,*,*,*,*,*,*,*,*,*,*,*,*,*,*,*,*,*,*,*,*,*,*,*,*,*,*,*,*,*,*,2,2,*,*,*,*,*,*,*,*,*,*,*,*,*,*,*
58406520,0,,,183,89,94,17,11,6,166,78,88,90,45,45,164,78,86,164,78,86,76,33,43,48,19,29,16,4,12,1,0,1,1,0,1,64,64,14,19,12,5,9,5,0,49,28,21,6,50,1,10,10
58406521,0,,,67,32,35,9,4,5,58,28,30,33,17,16,58,28,30,58,28,30,25,11,14,11,4,7,5,2,3,0,0,0,0,0,0,21,21,4,6,3,2,3,2,1,17,9,8,3,13,1,1,4
58406522,0,,,35,19,16,4,4,0,31,15,16,15,7,8,31,15,16,31,15,16,16,8,8,3,2,1,1,1,0,0,0,0,0,0,0,15,15,2,10,1,1,0,1,0,13,10,3,0,11,0,1,5
58406546,2,58406556,,6,3,3,*,*,*,*,*,*,*,*,*,*,*,*,*,*,*,*,*,*,*,*,*,*,*,*,*,*,*,*,*,*,3,3,*,*,*,*,*,*,*,*,*,*,*,*,*,*,*
58406555,1,,58406565,15,6,9,0,0,0,18,8,10,7,4,3,18,8,10,18,8,10,11,4,7,5,1,4,1,0,1,0,0,0,0,0,0,7,7,1,4,3,0,0,0,0,7,6,1,0,8,0,1,2
58406556,1,,58406546,126,63,63,1,0,1,131,66,65,49,26,23,129,65,64,129,65,64,82,40,42,33,13,20,14,5,9,2,1,1,0,0,0,53,53,9,25,16,5,1,0,0,47,35,12,0,50,0,7,18
58406557,0,,,24,12,12,1,1,0,23,11,12,9,4,5,21,9,12,21,9,12,14,7,7,4,1,3,3,1,2,0,0,0,0,0,0,10,10,4,2,1,2,1,0,0,6,2,4,0,9,0,3,2
58406565,2,58406555,,3,2,1,*,*,*,*,*,*,*,*,*,*,*,*,*,*,*,*,*,*,*,*,*,*,*,*,*,*,*,*,*,*,1,1,*,*,*,*,*,*,*,*,*,*,*,*,*,*,*
58406575,2,58406585,,7,2,5,*,*,*,*,*,*,*,*,*,*,*,*,*,*,*,*,*,*,*,*,*,*,*,*,*,*,*,*,*,*,5,5,*,*,*,*,*,*,*,*,*,*,*,*,*,*,*
58406585,1,,58406575,53,24,29,7,2,5,53,24,29,21,11,10,52,24,28,51,23,28,32,13,19,16,5,11,5,1,4,1,0,1,0,0,0,17,17,7,7,1,4,1,0,2,15,8,7,1,21,0,7,5
58406595,0,,,136,68,68,8,7,1,128,61,67,62,31,31,123,56,67,123,56,67,66,30,36,37,16,21,13,5,8,0,0,0,3,1,2,45,45,7,14,10,5,6,2,1,38,23,15,4,41,0,6,11
58407008,2,58407009,,1,0,1,*,*,*,*,*,*,*,*,*,*,*,*,*,*,*,*,*,*,*,*,*,*,*,*,*,*,*,*,*,*,1,1,*,*,*,*,*,*,*,*,*,*,*,*,*,*,*
58407009,1,,58407008,76,37,39,3,2,1,74,35,39,31,15,16,71,34,37,71,34,37,43,20,23,25,9,16,5,0,5,0,0,0,0,0,0,29,29,6,13,5,2,2,2,0,24,17,7,1,28,0,5,6
58407015,0,,,39,20,19,3,2,1,36,18,18,13,9,4,35,17,18,35,17,18,23,9,14,10,3,7,7,2,5,0,0,0,0,0,0,13,13,2,5,1,3,1,0,1,11,6,5,0,13,0,2,3
58407018,2,58407019,,7,4,3,*,*,*,*,*,*,*,*,*,*,*,*,*,*,*,*,*,*,*,*,*,*,*,*,*,*,*,*,*,*,3,3,*,*,*,*,*,*,*,*,*,*,*,*,*,*,*
58407019,1,,58407018,74,38,36,6,4,2,75,38,37,46,26,20,71,36,35,69,35,34,29,12,17,17,5,12,7,4,3,0,0,0,0,0,0,25,25,5,9,6,3,3,1,1,23,16,7,3,21,0,4,4
58407025,0,,,22,12,10,0,0,0,22,12,10,9,5,4,21,11,10,20,10,10,13,7,6,8,4,4,3,2,1,1,0,1,0,0,0,7,7,2,1,1,2,0,0,1,5,2,3,0,7,0,2,1
58407028,0,,,156,72,84,15,6,9,141,66,75,69,33,36,134,64,70,131,63,68,72,33,39,32,12,20,17,6,11,1,0,1,0,0,0,50,50,8,13,15,6,2,1,5,42,22,20,3,45,0,7,7
58407029,0,,,102,51,51,14,7,7,88,44,44,48,25,23,85,42,43,83,41,42,40,19,21,22,10,12,7,3,4,0,0,0,0,0,0,25,25,3,5,2,5,3,2,5,22,7,15,4,21,0,1,2
58407035,1,,58407054,22,11,11,0,0,0,26,13,13,8,6,2,26,13,13,26,13,13,18,7,11,12,4,8,6,2,4,0,0,0,0,0,0,9,9,2,5,2,2,0,0,0,9,6,3,0,11,0,2,2
58407038,0,,,24,14,10,2,2,0,22,12,10,14,7,7,21,11,10,21,11,10,8,5,3,5,3,2,1,1,0,0,0,0,0,0,0,8,8,1,1,3,3,0,0,0,7,4,3,1,5,0,1,0
58407039,0,,,285,134,151,30,12,18,254,122,132,140,75,65,251,121,130,248,118,130,114,47,67,51,16,35,16,4,12,2,0,2,1,0,1,89,89,11,30,17,13,7,6,5,78,44,34,7,70,0,8,18
58407040,2,58407050,,335,179,156,*,*,*,*,*,*,*,*,*,*,*,*,*,*,*,*,*,*,*,*,*,*,*,*,*,*,*,*,*,*,10,3,*,*,*,*,*,*,*,*,*,*,*,*,*,*,*
58407047,0,,,26,11,15,0,0,0,26,11,15,16,7,9,24,10,14,24,10,14,10,4,6,5,1,4,1,0,1,0,0,0,0,0,0,9,9,0,4,4,0,0,1,0,9,7,2,0,7,0,0,2
58407048,0,,,174,84,90,11,5,6,163,79,84,83,44,39,160,77,83,157,75,82,80,35,45,53,23,30,22,10,12,2,0,2,0,0,0,54,54,8,12,11,13,6,2,2,46,15,31,2,46,0,6,4
58407049,0,,,58,23,35,9,2,7,49,21,28,26,12,14,48,21,27,48,21,27,23,9,14,16,5,11,7,3,4,0,0,0,0,0,0,18,18,3,4,5,2,0,4,0,15,7,8,2,14,0,2,1
58407050,1,,58407040,11,8,3,0,0,0,346,187,159,156,97,59,344,187,157,342,185,157,190,90,100,78,33,45,18,8,10,0,0,0,0,0,0,8,8,10,0,0,1,0,0,0,1,1,0,0,3,1,3,0
58407054,2,58407035,,4,2,2,*,*,*,*,*,*,*,*,*,*,*,*,*,*,*,*,*,*,*,*,*,*,*,*,*,*,*,*,*,*,2,2,*,*,*,*,*,*,*,*,*,*,*,*,*,*,*
58407055,0,,,22,11,11,0,0,0,22,11,11,14,7,7,22,11,11,22,11,11,8,4,4,5,2,3,2,1,1,1,1,0,0,0,0,8,8,1,2,4,0,1,0,0,7,3,4,0,5,0,0,1
58407057,0,,,55,26,29,2,1,1,53,25,28,22,13,9,52,25,27,51,24,27,31,12,19,12,3,9,4,1,3,0,0,0,0,0,0,20,20,3,7,6,2,0,2,0,17,9,8,0,20,0,3,2
58407058,0,,,134,72,62,9,4,5,125,68,57,66,41,25,122,66,56,119,64,55,59,27,32,31,13,18,15,7,8,0,0,0,0,0,0,42,42,4,14,11,3,6,1,3,38,19,19,2,36,0,3,6
58407059,0,,,184,92,92,26,11,15,158,81,77,81,45,36,152,78,74,149,75,74,77,36,41,30,16,14,14,6,8,0,0,0,0,0,0,58,58,16,8,14,5,6,5,4,42,19,23,5,48,0,9,5
58407060,2,58407081,,1,1,0,*,*,*,*,*,*,*,*,*,*,*,*,*,*,*,*,*,*,*,*,*,*,*,*,*,*,*,*,*,*,1,1,*,*,*,*,*,*,*,*,*,*,*,*,*,*,*
58407061,2,58407081,,1,1,0,*,*,*,*,*,*,*,*,*,*,*,*,*,*,*,*,*,*,*,*,*,*,*,*,*,*,*,*,*,*,1,1,*,*,*,*,*,*,*,*,*,*,*,*,*,*,*
58407065,0,,,53,28,25,7,5,2,46,23,23,28,13,15,45,23,22,45,23,22,18,10,8,9,5,4,2,2,0,0,0,0,0,0,0,12,12,1,1,3,1,1,3,2,11,1,10,0,12,0,1,1
58407067,0,,,121,55,66,13,6,7,108,49,59,50,23,27,107,49,58,107,49,58,58,26,32,33,12,21,12,4,8,2,0,2,0,0,0,34,34,6,8,6,4,3,4,3,28,9,19,2,33,0,5,5
58407069,0,,,102,51,51,6,3,3,96,48,48,51,27,24,94,46,48,94,46,48,45,21,24,20,10,10,11,5,6,2,1,1,0,0,0,32,32,3,9,8,6,4,1,1,28,15,13,0,25,0,1,6
58407074,0,,,54,29,25,2,2,0,52,27,25,33,18,15,49,26,23,48,25,23,19,9,10,11,6,5,3,1,2,0,0,0,0,0,0,13,13,1,2,2,3,2,1,2,11,5,6,0,11,0,1,0
58407075,0,,,39,20,19,1,1,0,38,19,19,21,11,10,36,18,18,34,17,17,17,8,9,9,4,5,2,2,0,0,0,0,0,0,0,12,12,3,2,2,2,0,3,0,9,4,5,0,10,0,3,0
58407077,0,,,79,40,39,11,8,3,68,32,36,40,20,20,65,30,35,65,30,35,28,12,16,16,6,10,6,2,4,1,0,1,0,0,0,19,19,4,2,1,1,5,4,2,15,4,11,4,18,0,4,2
58407078,1,,58407089,971,432,539,86,41,45,898,393,505,448,224,224,881,385,496,877,384,493,450,169,281,264,75,189,134,32,102,15,3,12,7,0,7,325,323,79,92,75,39,20,19,8,253,158,95,19,251,5,55,47
58407079,0,,,181,86,95,17,8,9,164,78,86,97,50,47,159,75,84,156,74,82,67,28,39,28,9,19,11,2,9,2,0,2,0,0,0,59,59,10,17,12,6,9,3,2,49,30,19,2,44,0,8,9
58407080,0,,,113,55,58,4,4,0,108,50,58,49,25,24,106,50,56,103,49,54,59,25,34,30,13,17,9,2,7,1,1,0,0,0,0,37,37,5,8,14,4,3,2,1,32,13,19,0,35,0,4,5
58407081,1,,58407060;58407061,307,147,160,32,19,13,277,130,147,152,79,73,268,125,143,264,123,141,125,51,74,69,21,48,24,6,18,1,0,1,1,0,1,80,80,8,20,9,18,12,6,9,74,26,48,4,74,0,7,9
58407084,0,,,76,37,39,14,6,8,62,31,31,35,18,17,61,30,31,61,30,31,27,13,14,9,3,6,4,1,3,0,0,0,0,0,0,18,18,2,3,2,2,3,3,3,16,5,11,2,15,0,2,1
58407086,0,,,21,8,13,1,1,0,20,7,13,11,5,6,20,7,13,20,7,13,9,2,7,5,1,4,2,0,2,0,0,0,0,0,0,8,8,1,4,1,1,1,0,0,7,4,3,0,7,0,0,1
58407087,0,,,207,94,113,12,8,4,193,85,108,104,48,56,185,81,104,183,80,103,89,37,52,38,10,28,13,5,8,1,0,1,0,0,0,59,59,6,13,13,11,9,3,4,52,20,32,2,51,1,4,10
58407088,0,,,88,38,50,8,4,4,80,34,46,45,22,23,78,34,44,78,34,44,35,12,23,19,7,12,4,1,3,0,0,0,0,0,0,35,35,11,10,6,3,4,0,1,24,15,9,3,26,0,9,4
58407089,2,58407078,,13,2,11,*,*,*,*,*,*,*,*,*,*,*,*,*,*,*,*,*,*,*,*,*,*,*,*,*,*,*,*,*,*,9,9,*,*,*,*,*,*,*,*,*,*,*,*,*,*,*
58407090,0,,,135,62,73,11,5,6,123,56,67,73,34,39,117,52,65,116,51,65,50,22,28,27,9,18,13,3,10,0,0,0,0,0,0,41,41,6,11,9,5,5,2,3,35,16,19,1,35,0,5,4
58407091,0,,,87,41,46,2,1,1,85,40,45,36,19,17,84,39,45,83,39,44,49,21,28,26,9,17,12,4,8,2,0,2,0,0,0,29,29,4,8,8,6,1,1,1,25,12,13,0,27,0,3,4
58407092,0,,,57,25,32,2,1,1,55,24,31,25,13,12,55,24,31,55,24,31,30,11,19,12,2,10,4,0,4,0,0,0,0,0,0,21,21,1,6,12,2,0,0,0,20,12,8,1,19,0,1,3
58407094,0,,,152,71,81,19,7,12,133,64,69,71,41,30,133,64,69,133,64,69,62,23,39,30,9,21,17,4,13,0,0,0,0,0,0,44,44,7,8,7,12,4,2,4,36,14,22,3,38,1,4,2
58407095,0,,,239,109,130,28,17,11,211,92,119,124,53,71,211,92,119,209,91,118,87,39,48,47,17,30,12,3,9,0,0,0,4,0,4,83,83,13,28,21,12,2,3,4,70,46,24,8,60,1,6,17
58407096,0,,,71,31,40,8,2,6,63,29,34,43,21,22,62,28,34,61,27,34,20,8,12,9,3,6,1,0,1,0,0,0,1,0,1,23,23,4,5,6,4,1,3,0,19,12,7,3,14,0,3,4
58407097,0,,,167,88,79,19,13,6,148,75,73,79,43,36,141,71,70,139,69,70,69,32,37,27,12,15,7,2,5,1,0,1,0,0,0,49,49,7,10,13,7,4,4,4,42,19,23,4,41,0,5,7
58407098,0,,,49,24,25,3,1,2,46,23,23,25,12,13,45,22,23,45,22,23,21,11,10,10,5,5,2,2,0,0,0,0,0,0,0,15,15,1,4,4,5,0,0,1,14,9,5,1,12,0,0,2
58407099,0,,,11,6,5,1,1,0,10,5,5,4,2,2,10,5,5,10,5,5,6,3,3,2,1,1,0,0,0,0,0,0,0,0,0,4,4,1,1,1,0,1,0,0,3,2,1,0,3,0,0,1
58407100,2,58407110,,8,3,5,*,*,*,*,*,*,*,*,*,*,*,*,*,*,*,*,*,*,*,*,*,*,*,*,*,*,*,*,*,*,2,2,*,*,*,*,*,*,*,*,*,*,*,*,*,*,*
58407101,2,58407110,,13,6,7,*,*,*,*,*,*,*,*,*,*,*,*,*,*,*,*,*,*,*,*,*,*,*,*,*,*,*,*,*,*,3,3,*,*,*,*,*,*,*,*,*,*,*,*,*,*,*
58407110,1,,58407100;58407101,67,35,32,7,3,4,81,41,40,41,22,19,79,40,39,79,40,39,40,19,21,19,9,10,9,4,5,0,0,0,0,0,0,24,24,6,7,3,8,4,0,1,23,12,11,2,22,0,4,3
58407127,2,58407137,,5,3,2,*,*,*,*,*,*,*,*,*,*,*,*,*,*,*,*,*,*,*,*,*,*,*,*,*,*,*,*,*,*,2,2,*,*,*,*,*,*,*,*,*,*,*,*,*,*,*
58407128,0,,,28,12,16,2,1,1,26,11,15,14,7,7,25,11,14,25,11,14,12,4,8,4,1,3,1,0,1,0,0,0,0,0,0,9,9,2,2,1,2,1,1,0,7,2,5,1,8,0,2,1
58407136,2,58407137,,4,3,1,*,*,*,*,*,*,*,*,*,*,*,*,*,*,*,*,*,*,*,*,*,*,*,*,*,*,*,*,*,*,3,3,*,*,*,*,*,*,*,*,*,*,*,*,*,*,*
58407137,1,,58407127;58407136,10,6,4,0,0,0,19,12,7,9,7,2,18,11,7,17,10,7,10,5,5,5,2,3,1,1,0,0,0,0,0,0,0,3,3,3,2,2,0,0,1,0,5,3,2,0,7,0,2,1
58407139,0,,,16,9,7,0,0,0,16,9,7,8,5,3,15,9,6,15,9,6,8,4,4,5,2,3,2,1,1,0,0,0,0,0,0,4,4,0,0,2,1,0,1,0,4,2,2,0,4,0,0,0
58407140,1,,58407150,21,10,11,4,2,2,28,11,17,17,7,10,27,11,16,27,11,16,11,4,7,5,2,3,1,0,1,0,0,0,0,0,0,7,7,1,3,1,3,2,0,0,9,5,4,1,8,0,1,2
58407146,2,58407157,,4,2,2,*,*,*,*,*,*,*,*,*,*,*,*,*,*,*,*,*,*,*,*,*,*,*,*,*,*,*,*,*,*,2,2,*,*,*,*,*,*,*,*,*,*,*,*,*,*,*
58407149,0,,,11,4,7,0,0,0,11,4,7,3,0,3,11,4,7,11,4,7,8,4,4,2,1,1,2,1,1,0,0,0,0,0,0,5,5,2,1,1,1,0,0,0,3,1,2,0,4,0,1,1
58407150,2,58407140,,11,3,8,*,*,*,*,*,*,*,*,*,*,*,*,*,*,*,*,*,*,*,*,*,*,*,*,*,*,*,*,*,*,3,3,*,*,*,*,*,*,*,*,*,*,*,*,*,*,*
58407155,2,58407165,,7,2,5,*,*,*,*,*,*,*,*,*,*,*,*,*,*,*,*,*,*,*,*,*,*,*,*,*,*,*,*,*,*,3,3,*,*,*,*,*,*,*,*,*,*,*,*,*,*,*
58407156,2,58407157,,2,1,1,*,*,*,*,*,*,*,*,*,*,*,*,*,*,*,*,*,*,*,*,*,*,*,*,*,*,*,*,*,*,1,1,*,*,*,*,*,*,*,*,*,*,*,*,*,*,*
58407157,1,,58407146;58407156;58407167,14,8,6,0,0,0,26,13,13,9,5,4,26,13,13,25,12,13,17,8,9,8,3,5,2,1,1,0,0,0,0,0,0,7,7,4,7,1,0,1,0,0,9,7,2,0,11,0,2,4
58407158,2,58407159,,6,3,3,*,*,*,*,*,*,*,*,*,*,*,*,*,*,*,*,*,*,*,*,*,*,*,*,*,*,*,*,*,*,2,2,*,*,*,*,*,*,*,*,*,*,*,*,*,*,*
58407159,1,,58407158,10,4,6,0,0,0,16,7,9,7,4,3,16,7,9,16,7,9,9,3,6,8,3,5,2,1,1,0,0,0,0,0,0,6,6,2,5,0,1,0,0,0,6,5,1,0,6,0,2,2
58407160,1,,58407170,16,9,7,3,2,1,23,13,10,17,9,8,21,12,9,20,11,9,6,4,2,2,1,1,1,1,0,0,0,0,0,0,0,5,5,1,1,2,1,0,1,1,6,2,4,1,5,0,1,1
58407165,1,,58407155,4,3,1,0,0,0,11,5,6,4,2,2,11,5,6,11,5,6,7,3,4,7,3,4,5,2,3,0,0,0,0,0,0,3,3,2,3,1,0,0,0,0,4,3,1,0,6,0,2,1
58407166,2,58407176,,5,2,3,*,*,*,*,*,*,*,*,*,*,*,*,*,*,*,*,*,*,*,*,*,*,*,*,*,*,*,*,*,*,3,3,*,*,*,*,*,*,*,*,*,*,*,*,*,*,*
58407167,2,58407157,,6,2,4,*,*,*,*,*,*,*,*,*,*,*,*,*,*,*,*,*,*,*,*,*,*,*,*,*,*,*,*,*,*,3,3,*,*,*,*,*,*,*,*,*,*,*,*,*,*,*
58407168,0,,,35,20,15,2,0,2,33,20,13,17,10,7,31,20,11,31,20,11,16,10,6,8,5,3,4,3,1,0,0,0,0,0,0,11,11,1,5,2,1,0,1,1,10,6,4,1,10,0,1,2
58407169,0,,,53,23,30,6,2,4,47,21,26,22,10,12,47,21,26,47,21,26,25,11,14,13,5,8,6,2,4,0,0,0,0,0,0,16,16,4,3,4,1,2,0,2,12,6,6,1,15,0,4,2
58407170,2,58407160,,10,6,4,*,*,*,*,*,*,*,*,*,*,*,*,*,*,*,*,*,*,*,*,*,*,*,*,*,*,*,*,*,*,2,2,*,*,*,*,*,*,*,*,*,*,*,*,*,*,*
58407176,1,,58407166,46,22,24,7,2,5,44,22,22,20,9,11,43,22,21,43,22,21,24,13,11,8,4,4,4,2,2,0,0,0,0,0,0,13,13,2,6,1,4,0,3,0,14,6,8,2,14,0,0,5
58407177,0,,,23,12,11,0,0,0,23,12,11,9,6,3,23,12,11,23,12,11,14,6,8,8,4,4,2,1,1,0,0,0,0,0,0,8,8,2,2,1,1,2,0,0,6,4,2,0,8,0,2,1
58407178,0,,,186,92,94,16,10,6,170,82,88,75,41,34,168,81,87,168,81,87,95,41,54,58,21,37,22,8,14,1,0,1,0,0,0,70,70,23,16,14,8,1,5,3,47,26,21,3,65,0,21,10
58407183,2,58407193,,5,2,3,*,*,*,*,*,*,*,*,*,*,*,*,*,*,*,*,*,*,*,*,*,*,*,*,*,*,*,*,*,*,4,4,*,*,*,*,*,*,*,*,*,*,*,*,*,*,*
58407184,0,,,19,10,9,2,2,0,17,8,9,6,3,3,17,8,9,17,8,9,11,5,6,6,3,3,2,1,1,0,0,0,0,0,0,7,7,1,3,1,1,1,0,0,6,4,2,0,6,0,1,3
58407185,2,58407186,,3,2,1,*,*,*,*,*,*,*,*,*,*,*,*,*,*,*,*,*,*,*,*,*,*,*,*,*,*,*,*,*,*,1,1,*,*,*,*,*,*,*,*,*,*,*,*,*,*,*
58407186,1,,58407185;58407198,40,22,18,4,3,1,43,23,20,15,8,7,42,23,19,42,23,19,28,15,13,19,11,8,4,2,2,2,1,1,0,0,0,12,12,2,5,3,2,1,1,1,13,6,7,0,14,0,1,2
58407189,1,,58407199,13,7,6,0,0,0,19,10,9,9,5,4,19,10,9,19,10,9,10,5,5,2,0,2,1,0,1,0,0,0,0,0,0,4,4,1,1,2,1,0,1,0,5,3,2,0,6,0,1,1
58407190,0,,,18,9,9,4,3,1,14,6,8,8,4,4,14,6,8,14,6,8,6,2,4,2,1,1,1,0,1,0,0,0,0,0,0,7,7,3,2,0,0,1,1,0,4,2,2,2,5,0,2,1
58407193,1,,58407183,4,2,2,0,0,0,9,4,5,4,3,1,9,4,5,9,4,5,5,1,4,4,0,4,2,0,2,0,0,0,0,0,0,1,1,3,1,0,1,0,0,0,2,1,1,0,4,0,2,1
58407194,0,,,23,12,11,0,0,0,23,12,11,12,6,6,23,12,11,23,12,11,11,6,5,4,1,3,3,1,2,0,0,0,0,0,0,10,10,1,5,4,0,0,0,0,9,6,3,0,6,0,1,2
58407198,2,58407186,,4,2,2,*,*,*,*,*,*,*,*,*,*,*,*,*,*,*,*,*,*,*,*,*,*,*,*,*,*,*,*,*,*,2,2,*,*,*,*,*,*,*,*,*,*,*,*,*,*,*
58407199,2,58407189,,6,3,3,*,*,*,*,*,*,*,*,*,*,*,*,*,*,*,*,*,*,*,*,*,*,*,*,*,*,*,*,*,*,2,2,*,*,*,*,*,*,*,*,*,*,*,*,*,*,*
58407200,0,,,80,40,40,5,1,4,75,39,36,39,21,18,71,37,34,71,37,34,36,18,18,13,5,8,4,1,3,0,0,0,0,0,0,30,30,8,9,5,3,3,2,0,21,8,13,1,25,0,5,5
58407201,0,,,17,8,9,0,0,0,17,8,9,9,5,4,17,8,9,17,8,9,8,3,5,5,2,3,0,0,0,0,0,0,0,0,0,8,8,3,2,2,1,0,0,0,5,4,1,0,7,0,3,0
58407204,0,,,10,5,5,1,1,0,9,4,5,3,1,2,9,4,5,9,4,5,6,3,3,5,2,3,4,2,2,0,0,0,0,0,0,5,5,3,1,0,0,1,0,0,2,1,1,1,5,0,3,1
58407210,0,,,91,43,48,4,1,3,87,42,45,48,25,23,86,41,45,85,40,45,39,17,22,21,7,14,8,1,7,1,0,1,0,0,0,30,30,6,8,8,2,2,1,3,24,13,11,1,25,0,3,4
58407213,0,,,20,8,12,1,0,1,19,8,11,9,4,5,19,8,11,19,8,11,10,4,6,4,1,3,3,0,3,0,0,0,0,0,0,7,7,1,2,1,3,0,0,0,6,3,3,0,7,0,1,1
58407219,2,58407229,,5,2,3,*,*,*,*,*,*,*,*,*,*,*,*,*,*,*,*,*,*,*,*,*,*,*,*,*,*,*,*,*,*,1,1,*,*,*,*,*,*,*,*,*,*,*,*,*,*,*
58407220,0,,,51,27,24,0,0,0,51,27,24,18,13,5,51,27,24,51,27,24,33,14,19,19,7,12,8,2,6,1,0,1,0,0,0,23,23,7,7,6,3,0,0,0,16,12,4,0,20,0,6,3
58407221,0,,,77,37,40,2,1,1,75,36,39,33,16,17,74,36,38,74,36,38,42,20,22,25,9,16,11,4,7,3,0,3,0,0,0,28,28,7,5,9,3,3,1,0,21,10,11,1,26,0,6,1
58407222,2,58407223,,8,6,2,*,*,*,*,*,*,*,*,*,*,*,*,*,*,*,*,*,*,*,*,*,*,*,*,*,*,*,*,*,*,5,5,*,*,*,*,*,*,*,*,*,*,*,*,*,*,*
58407223,1,,58407222,8,4,4,0,0,0,16,10,6,7,5,2,16,10,6,16,10,6,9,5,4,4,1,3,3,1,2,0,0,0,0,0,0,3,3,4,2,1,0,1,0,0,4,3,1,0,7,0,3,1
58407229,1,,58407219,101,50,51,7,2,5,99,50,49,55,31,24,98,50,48,98,50,48,44,19,25,22,9,13,9,2,7,1,1,0,2,0,2,33,33,5,7,9,9,2,1,1,29,14,15,2,27,0,4,2
58407231,0,,,53,29,24,7,5,2,46,24,22,18,8,10,45,24,21,45,24,21,28,16,12,11,5,6,4,1,3,0,0,0,0,0,0,18,18,5,5,4,0,0,2,2,13,6,7,1,18,0,5,3
58407232,2,58407242,,1,1,0,*,*,*,*,*,*,*,*,*,*,*,*,*,*,*,*,*,*,*,*,*,*,*,*,*,*,*,*,*,*,1,1,*,*,*,*,*,*,*,*,*,*,*,*,*,*,*
58407233,0,,,51,21,30,2,0,2,49,21,28,21,11,10,49,21,28,49,21,28,28,10,18,15,4,11,9,2,7,0,0,0,0,0,0,16,16,3,3,4,2,2,2,0,13,6,7,0,16,0,3,1
58407235,0,,,19,10,9,0,0,0,19,10,9,11,6,5,18,10,8,18,10,8,8,4,4,5,3,2,1,1,0,0,0,0,0,0,0,6,6,1,0,3,1,1,0,0,5,4,1,0,4,0,0,0
58407241,0,,,68,36,32,4,3,1,64,33,31,35,21,14,63,32,31,63,32,31,29,12,17,13,3,10,8,1,7,0,0,0,1,0,1,23,23,3,6,7,3,4,0,0,20,11,9,0,18,0,1,1
58407242,1,,58407232,236,117,119,13,6,7,224,112,112,117,69,48,216,107,109,215,106,109,107,43,64,59,21,38,19,5,14,2,0,2,0,0,0,88,88,23,28,16,8,9,3,2,66,37,29,5,73,0,17,15
58407243,0,,,98,58,40,2,2,0,96,56,40,54,36,18,92,52,40,91,51,40,42,20,22,23,11,12,9,5,4,0,0,0,0,0,0,34,34,7,11,5,5,2,4,0,27,16,11,1,27,0,3,4
58407252,0,,,80,38,42,4,1,3,76,37,39,38,20,18,76,37,39,76,37,39,38,17,21,24,8,16,11,3,8,1,0,1,1,0,1,31,31,9,9,5,4,3,0,1,22,12,10,2,23,0,4,4
58407253,0,,,46,24,22,0,0,0,46,24,22,17,10,7,45,24,21,45,24,21,29,14,15,14,5,9,6,1,5,0,0,0,1,0,1,20,20,5,7,5,3,0,0,0,15,11,4,0,16,0,3,6
58407254,2,58407263,,1,1,0,*,*,*,*,*,*,*,*,*,*,*,*,*,*,*,*,*,*,*,*,*,*,*,*,*,*,*,*,*,*,1,1,*,*,*,*,*,*,*,*,*,*,*,*,*,*,*
58407255,2,58407275,,9,4,5,*,*,*,*,*,*,*,*,*,*,*,*,*,*,*,*,*,*,*,*,*,*,*,*,*,*,*,*,*,*,2,2,*,*,*,*,*,*,*,*,*,*,*,*,*,*,*
58407260,0,,,15,9,6,0,0,0,15,9,6,8,5,3,15,9,6,14,9,5,7,4,3,2,1,1,0,0,0,0,0,0,0,0,0,5,5,1,1,2,0,0,1,0,4,3,1,0,4,0,0,1
58407261,0,,,39,21,18,3,3,0,36,18,18,15,9,6,34,17,17,34,17,17,21,9,12,14,6,8,8,2,6,0,0,0,0,0,0,15,15,4,3,4,3,1,0,0,11,8,3,0,13,0,3,1
58407262,0,,,348,160,188,41,25,16,307,135,172,170,78,92,301,132,169,297,130,167,137,57,80,78,29,49,30,7,23,1,0,1,2,0,2,133,133,32,38,31,19,9,2,2,101,68,33,10,86,2,19,21
58407263,1,,58407254,206,86,120,18,9,9,189,78,111,84,36,48,184,78,106,182,78,104,105,42,63,62,18,44,29,7,22,5,1,4,10,0,10,79,77,32,14,12,12,4,2,2,46,26,20,2,56,4,17,11
58407270,0,,,89,47,42,2,2,0,87,45,42,42,22,20,84,44,40,84,44,40,45,23,22,18,7,11,8,3,5,0,0,0,0,0,0,35,35,9,10,9,4,2,0,1,26,14,12,1,27,0,5,6
58407271,0,,,244,107,137,24,14,10,220,93,127,91,45,46,216,92,124,215,92,123,129,48,81,86,24,62,54,14,40,8,3,5,0,0,0,63,62,16,16,9,7,4,6,4,46,22,24,5,56,0,13,9
58407272,1,,58407273,77,36,41,9,4,5,71,33,38,34,19,15,71,33,38,71,33,38,37,14,23,18,5,13,8,3,5,0,0,0,0,0,0,26,26,6,9,5,2,4,1,1,22,13,9,3,24,0,4,5
58407273,2,58407272,,3,1,2,*,*,*,*,*,*,*,*,*,*,*,*,*,*,*,*,*,*,*,*,*,*,*,*,*,*,*,*,*,*,2,2,*,*,*,*,*,*,*,*,*,*,*,*,*,*,*
58407275,1,,58407255,8,4,4,1,0,1,16,8,8,9,4,5,16,8,8,16,8,8,7,4,3,4,2,2,3,1,2,0,0,0,0,0,0,3,3,1,0,1,2,1,0,0,4,1,3,0,4,0,0,0
58407276,0,,,19,6,13,5,1,4,14,5,9,8,3,5,12,4,8,12,4,8,6,2,4,1,0,1,1,0,1,0,0,0,0,0,0,5,5,0,3,0,0,1,0,1,5,3,2,0,4,0,0,2
58407278,2,58407297,,2,2,0,*,*,*,*,*,*,*,*,*,*,*,*,*,*,*,*,*,*,*,*,*,*,*,*,*,*,*,*,*,*,2,2,*,*,*,*,*,*,*,*,*,*,*,*,*,*,*
58407279,2,58407288,,6,3,3,*,*,*,*,*,*,*,*,*,*,*,*,*,*,*,*,*,*,*,*,*,*,*,*,*,*,*,*,*,*,2,2,*,*,*,*,*,*,*,*,*,*,*,*,*,*,*
58407280,0,,,40,21,19,4,2,2,36,19,17,16,10,6,34,18,16,34,18,16,20,9,11,7,1,6,3,0,3,0,0,0,0,0,0,12,12,2,4,3,0,1,0,2,10,5,5,1,10,0,1,1
58407281,2,58407291,,1,1,0,*,*,*,*,*,*,*,*,*,*,*,*,*,*,*,*,*,*,*,*,*,*,*,*,*,*,*,*,*,*,1,1,*,*,*,*,*,*,*,*,*,*,*,*,*,*,*
58407287,2,58407297,,2,1,1,*,*,*,*,*,*,*,*,*,*,*,*,*,*,*,*,*,*,*,*,*,*,*,*,*,*,*,*,*,*,1,1,*,*,*,*,*,*,*,*,*,*,*,*,*,*,*
58407288,1,,58407279,19,9,10,0,0,0,25,12,13,9,6,3,25,12,13,25,12,13,16,6,10,6,1,5,2,0,2,0,0,0,0,0,0,8,8,1,3,6,0,0,0,0,9,7,2,0,10,0,1,1
58407290,0,,,19,9,10,5,3,2,14,6,8,6,3,3,14,6,8,14,6,8,8,3,5,1,0,1,1,0,1,0,0,0,0,0,0,4,4,0,1,0,1,1,0,1,4,1,3,1,4,0,0,1
58407291,1,,58407281,71,40,31,3,3,0,69,38,31,33,18,15,69,38,31,68,38,30,36,20,16,19,9,10,9,4,5,1,1,0,0,0,0,25,25,7,5,6,5,2,0,1,19,9,10,1,23,0,5,4
58407292,0,,,19,11,8,0,0,0,19,11,8,8,5,3,18,10,8,18,10,8,11,6,5,6,3,3,5,3,2,1,1,0,0,0,0,6,6,1,1,2,1,0,1,0,5,2,3,0,6,0,1,1
58407297,1,,58407278;58407287,21,12,9,3,2,1,22,13,9,14,10,4,20,11,9,20,11,9,8,3,5,5,1,4,2,0,2,0,0,0,0,0,0,4,4,2,2,0,1,0,1,1,5,2,3,2,5,0,0,1
58407301,0,,,40,20,20,3,0,3,37,20,17,23,12,11,37,20,17,37,20,17,14,8,6,5,1,4,4,1,3,0,0,0,0,0,0,15,15,1,5,7,2,0,0,0,14,10,4,0,9,0,1,1
58407302,1,,58407311,49,24,25,4,1,3,47,24,23,26,16,10,45,22,23,45,22,23,21,8,13,14,5,9,6,1,5,1,0,1,0,0,0,19,19,5,7,6,0,0,1,1,15,9,6,1,15,1,3,2
58407303,0,,,251,113,138,18,7,11,233,106,127,117,55,62,223,104,119,219,101,118,116,51,65,53,19,34,22,6,16,3,2,1,0,0,0,77,77,12,16,21,12,5,8,3,65,30,35,2,71,0,9,9
58407304,0,,,121,54,67,22,9,13,99,45,54,63,32,31,98,44,54,96,43,53,36,13,23,17,5,12,5,1,4,0,0,0,0,0,0,30,30,5,3,3,7,4,4,4,25,7,18,5,23,0,3,2
58407305,0,,,112,58,54,9,6,3,103,52,51,54,28,26,102,51,51,102,51,51,49,24,25,32,15,17,10,6,4,0,0,0,0,0,0,34,34,4,8,7,10,2,1,2,30,14,16,1,28,0,2,6
58407306,0,,,171,80,91,11,7,4,160,73,87,74,35,39,154,70,84,152,70,82,86,38,48,41,16,25,20,6,14,0,0,0,1,0,1,48,48,3,14,9,10,3,5,4,45,21,24,3,46,0,3,11
58407307,0,,,191,89,102,23,10,13,166,78,88,90,43,47,158,74,84,156,73,83,76,35,41,39,18,21,15,5,10,2,1,1,0,0,0,54,54,7,13,10,8,5,6,5,46,21,25,5,47,0,6,8
58407308,0,,,224,111,113,12,7,5,212,104,108,110,62,48,209,102,107,207,101,106,102,42,60,61,20,41,21,5,16,0,0,0,0,0,0,74,74,8,24,17,13,7,5,0,66,41,25,3,63,0,8,9
58407309,0,,,282,123,159,29,17,12,253,106,147,128,63,65,247,104,143,242,102,140,125,43,82,70,18,52,37,6,31,3,1,2,0,0,0,91,89,15,30,17,7,13,5,2,74,42,32,4,74,0,12,12
58407310,0,,,14,7,7,0,0,0,14,7,7,7,4,3,14,7,7,14,7,7,7,3,4,3,1,2,2,0,2,0,0,0,0,0,0,5,5,0,2,2,1,0,0,0,5,4,1,0,4,0,0,1
58407311,2,58407302,,2,1,1,*,*,*,*,*,*,*,*,*,*,*,*,*,*,*,*,*,*,*,*,*,*,*,*,*,*,*,*,*,*,1,1,*,*,*,*,*,*,*,*,*,*,*,*,*,*,*
58407312,0,,,135,70,65,7,5,2,128,65,63,73,39,34,125,62,63,123,61,62,55,26,29,30,14,16,14,5,9,1,0,1,0,0,0,47,47,14,9,8,9,3,2,2,33,13,20,2,38,0,9,1
58407313,0,,,154,74,80,15,9,6,139,65,74,83,39,44,136,63,73,136,63,73,56,26,30,29,12,17,12,4,8,0,0,0,1,0,1,53,53,10,15,12,6,7,2,1,43,29,14,3,38,0,8,9
58407314,0,,,91,45,46,12,7,5,79,38,41,52,26,26,79,38,41,79,38,41,27,12,15,18,6,12,6,4,2,0,0,0,0,0,0,26,26,2,8,3,8,2,1,2,24,10,14,3,18,0,1,4
58407315,0,,,292,146,146,27,17,10,265,129,136,162,88,74,255,125,130,252,124,128,103,41,62,56,22,34,14,4,10,2,0,2,0,0,0,85,85,9,18,22,14,12,7,3,76,36,40,5,63,0,2,6
58407316,0,,,78,41,37,10,4,6,68,37,31,38,20,18,64,34,30,63,34,29,30,17,13,8,4,4,3,2,1,0,0,0,0,0,0,25,25,7,3,6,3,2,3,1,18,7,11,2,19,0,4,1
58407317,0,,,85,37,48,13,3,10,72,34,38,44,20,24,68,32,36,68,32,36,28,14,14,13,6,7,6,3,3,1,1,0,0,0,0,19,19,0,2,3,6,3,3,2,19,4,15,4,16,0,0,1
58407318,0,,,759,357,402,99,52,47,660,305,355,393,192,201,642,295,347,632,289,343,267,113,154,136,50,86,39,12,27,3,1,2,0,0,0,268,268,56,75,60,38,21,12,6,212,135,77,25,172,0,31,35
58407319,0,,,758,339,419,77,39,38,681,300,381,395,188,207,660,290,370,654,287,367,286,112,174,163,52,111,63,15,48,10,1,9,1,0,1,278,277,69,74,65,35,17,12,5,208,132,76,23,200,1,48,24
58407320,0,,,269,129,140,20,11,9,249,118,131,131,64,67,241,110,131,238,107,131,118,54,64,63,25,38,20,7,13,1,1,0,0,0,0,87,87,18,25,16,10,8,4,6,69,36,33,4,76,0,13,15
58407321,0,,,185,88,97,15,8,7,170,80,90,94,53,41,166,78,88,163,75,88,76,27,49,46,13,33,12,4,8,2,0,2,1,0,1,61,61,8,20,13,8,8,3,1,53,30,23,1,52,0,7,7
58407322,0,,,280,136,144,25,13,12,255,123,132,128,69,59,251,122,129,249,121,128,127,54,73,62,20,42,27,6,21,5,1,4,0,0,0,92,92,16,22,24,16,6,3,5,76,44,32,5,79,0,11,10
58407323,0,,,115,61,54,9,4,5,106,57,49,54,32,22,101,53,48,101,53,48,52,25,27,25,11,14,15,6,9,1,1,0,1,0,1,38,38,10,9,4,6,4,4,1,28,12,16,2,33,0,7,7
58407324,0,,,76,36,40,5,0,5,71,36,35,38,22,16,70,35,35,67,33,34,33,14,19,14,5,9,6,1,5,0,0,0,0,0,0,24,24,2,9,7,2,0,2,2,22,14,8,1,18,0,0,4
58407325,0,,,160,79,81,22,15,7,138,64,74,70,33,37,133,63,70,132,62,70,68,31,37,40,17,23,15,5,10,1,0,1,0,0,0,48,48,6,17,7,7,2,4,5,42,21,21,5,43,0,5,12
58407326,0,,,217,102,115,19,11,8,198,91,107,99,48,51,192,89,103,192,89,103,99,43,56,55,25,30,22,13,9,0,0,0,1,0,1,72,72,9,30,10,6,11,3,3,63,38,25,4,64,0,9,14
58407327,0,,,158,75,83,17,10,7,141,65,76,65,32,33,139,64,75,138,63,75,76,33,43,35,16,19,6,3,3,1,1,0,2,0,2,53,53,6,20,11,7,5,2,2,47,28,19,4,47,0,6,13
58407328,0,,,482,173,309,36,14,22,446,159,287,144,69,75,435,155,280,431,153,278,302,90,212,237,52,185,156,25,131,21,2,19,1,0,1,97,93,16,27,15,15,12,4,4,77,47,30,9,71,0,14,15
58407329,0,,,286,127,159,36,17,19,250,110,140,131,65,66,244,105,139,243,104,139,119,45,74,67,17,50,35,3,32,7,0,7,0,0,0,78,77,9,19,14,20,8,3,4,68,41,27,7,57,0,6,10
58407330,0,,,71,37,34,3,0,3,68,37,31,35,21,14,66,36,30,66,36,30,33,16,17,18,8,10,3,0,3,1,0,1,1,0,1,23,23,3,6,7,4,1,1,1,20,11,9,0,21,0,2,4
58407331,0,,,47,25,22,1,1,0,46,24,22,23,12,11,44,23,21,44,23,21,23,12,11,12,7,5,6,3,3,0,0,0,0,0,0,16,16,1,6,4,4,0,1,0,15,10,5,1,15,0,1,3
58407332,0,,,391,189,202,31,16,15,360,173,187,173,81,92,351,171,180,347,169,178,187,92,95,98,43,55,33,14,19,1,0,1,2,0,2,136,136,28,41,27,18,12,4,6,107,59,48,6,119,0,21,23
58407333,0,,,113,55,58,10,5,5,103,50,53,59,31,28,100,48,52,100,48,52,44,19,25,25,7,18,13,4,9,2,1,1,0,0,0,36,36,6,6,12,5,4,2,1,30,13,17,5,31,0,5,3
58407334,0,,,531,274,257,63,40,23,468,234,234,284,157,127,453,221,232,445,218,227,184,77,107,101,41,60,35,11,24,0,0,0,3,1,2,178,178,37,46,36,30,11,11,7,141,85,56,17,125,0,21,19
58407335,0,,,299,137,162,19,8,11,280,129,151,149,76,73,271,124,147,267,122,145,131,53,78,58,21,37,22,6,16,0,0,0,1,0,1,109,109,14,47,19,17,6,6,0,95,67,28,3,84,0,9,20
58407336,0,,,177,83,94,18,10,8,159,73,86,93,45,48,157,72,85,153,70,83,66,28,38,31,9,22,11,2,9,1,0,1,0,0,0,54,54,5,16,10,12,6,4,1,49,26,23,3,46,0,4,6
58407337,0,,,67,33,34,6,4,2,61,29,32,38,17,21,58,28,30,58,28,30,23,12,11,13,6,7,8,4,4,0,0,0,0,0,0,17,17,2,2,3,4,1,4,1,15,4,11,2,16,0,2,1
58407338,0,,,223,106,117,29,13,16,194,93,101,101,52,49,193,92,101,190,90,100,93,41,52,48,16,32,20,5,15,1,1,0,2,0,2,72,72,7,22,20,11,6,4,2,65,43,22,12,54,0,3,16
58407339,0,,,77,37,40,14,8,6,63,29,34,37,18,19,59,28,31,58,28,30,26,11,15,11,4,7,4,0,4,0,0,0,0,0,0,21,21,2,4,6,2,4,1,2,19,11,8,3,15,0,2,4
58407340,0,,,21,10,11,1,0,1,20,10,10,6,2,4,20,10,10,19,9,10,14,8,6,6,3,3,2,0,2,0,0,0,1,0,1,9,9,3,3,1,1,1,0,0,6,3,3,0,9,0,3,2
58407341,0,,,10,4,6,0,0,0,10,4,6,7,3,4,10,4,6,10,4,6,3,1,2,3,1,2,1,0,1,0,0,0,0,0,0,4,4,2,0,1,0,1,0,0,2,1,1,0,3,0,2,0
58407342,0,,,144,54,90,7,5,2,137,49,88,27,14,13,136,49,87,136,49,87,110,35,75,86,20,66,63,14,49,14,2,12,0,0,0,25,24,8,6,2,4,3,0,1,16,7,9,0,22,0,7,5
58407343,0,,,106,53,53,15,9,6,91,44,47,42,21,21,90,44,46,90,44,46,49,23,26,23,10,13,9,3,6,0,0,0,0,0,0,39,39,7,15,6,7,2,1,1,32,23,9,0,32,0,4,9
58407344,0,,,801,373,428,120,57,63,681,316,365,434,211,223,650,301,349,641,296,345,247,105,142,130,47,83,43,17,26,2,1,1,0,0,0,288,288,57,86,64,42,28,6,5,230,173,57,32,165,1,39,36
58407345,0,,,119,53,66,8,0,8,111,53,58,62,35,27,107,49,58,106,49,57,49,18,31,28,9,19,14,3,11,1,0,1,0,0,0,36,36,3,11,9,5,3,3,2,33,17,16,1,30,0,1,4
58407346,0,,,39,18,21,3,1,2,36,17,19,20,11,9,35,16,19,35,16,19,16,6,10,13,5,8,2,0,2,1,0,1,0,0,0,13,13,2,3,3,3,2,0,0,11,6,5,0,9,0,1,1
58407347,0,,,182,83,99,21,11,10,161,72,89,85,40,45,158,71,87,158,71,87,76,32,44,47,18,29,21,6,15,1,0,1,0,0,0,54,54,11,11,10,5,8,6,3,43,17,26,6,48,0,10,5
58407348,0,,,131,57,74,15,2,13,116,55,61,69,38,31,111,52,59,110,52,58,47,17,30,24,5,19,11,2,9,1,0,1,0,0,0,33,33,4,5,6,5,5,4,4,29,8,21,3,28,0,2,1
58407349,0,,,183,80,103,20,7,13,163,73,90,96,45,51,158,70,88,157,70,87,67,28,39,37,13,24,17,5,12,1,0,1,1,0,1,53,53,8,9,12,10,8,2,4,45,18,27,6,44,0,6,3
58407352,0,,,17,6,11,5,1,4,12,5,7,5,2,3,12,5,7,12,5,7,7,3,4,4,1,3,1,0,1,0,0,0,0,0,0,5,5,1,2,0,0,1,0,1,4,3,1,1,4,0,1,2
58407353,0,,,283,130,153,33,19,14,250,111,139,148,69,79,237,105,132,232,103,129,102,42,60,62,23,39,16,3,13,1,0,1,0,0,0,96,96,19,24,22,18,5,5,3,77,48,29,8,65,1,11,13
58407354,0,,,952,428,524,91,43,48,861,385,476,455,221,234,846,378,468,839,374,465,406,164,242,203,69,134,81,21,60,2,0,2,1,0,1,324,321,55,103,68,49,24,12,10,264,169,95,18,249,0,39,47
58407355,0,,,71,38,33,11,6,5,60,32,28,36,18,18,60,32,28,58,31,27,24,14,10,9,5,4,4,2,2,0,0,0,0,0,0,19,19,1,3,5,6,0,3,1,18,8,10,4,14,0,0,3
58407356,0,,,287,138,149,32,17,15,255,121,134,158,79,79,246,118,128,245,118,127,97,42,55,40,11,29,15,3,12,1,0,1,0,0,0,85,85,11,26,10,16,8,9,5,74,40,34,11,66,0,9,12
58407357,0,,,174,84,90,10,3,7,164,81,83,97,51,46,160,79,81,159,78,81,67,30,37,32,16,16,10,7,3,1,1,0,0,0,0,55,55,3,16,18,12,1,3,2,52,30,22,4,42,0,2,7
58407358,0,,,187,88,99,13,6,7,173,81,92,97,47,50,168,80,88,164,79,85,76,34,42,40,15,25,17,6,11,2,0,2,0,0,0,59,59,10,11,18,7,8,3,2,49,25,24,5,46,0,5,5
58407359,0,,,120,59,61,12,8,4,108,51,57,59,31,28,107,50,57,106,49,57,49,20,29,30,11,19,11,4,7,0,0,0,0,0,0,34,34,3,8,6,7,6,3,1,31,15,16,4,29,0,3,4
58407362,0,,,56,27,29,9,5,4,47,22,25,28,15,13,46,22,24,46,22,24,19,7,12,9,3,6,1,0,1,1,0,1,0,0,0,16,16,3,2,5,2,0,2,2,13,6,7,4,11,0,0,1
58407363,0,,,58,29,29,6,4,2,52,25,27,27,13,14,48,23,25,48,23,25,25,12,13,9,3,6,2,0,2,0,0,0,0,0,0,18,18,4,2,4,6,0,0,2,14,6,8,2,16,0,4,1
58407364,0,,,78,38,40,1,0,1,77,38,39,44,23,21,73,35,38,71,35,36,33,15,18,13,6,7,3,1,2,1,0,1,0,0,0,29,29,7,8,8,2,1,3,0,22,15,7,0,20,0,4,5
58407365,0,,,120,54,66,6,2,4,114,52,62,65,35,30,109,49,60,107,47,60,49,17,32,25,6,19,8,3,5,0,0,0,0,0,0,36,36,6,4,9,10,3,4,0,30,10,20,1,34,0,5,2
58407366,0,,,162,73,89,19,7,12,143,66,77,82,41,41,140,65,75,140,65,75,61,25,36,36,12,24,20,8,12,1,0,1,0,0,0,48,48,6,15,8,9,2,3,5,42,20,22,4,39,0,5,5
58407367,0,,,131,64,67,16,7,9,115,57,58,62,31,31,114,56,58,114,56,58,53,26,27,25,9,16,7,2,5,0,0,0,0,0,0,45,45,7,14,13,7,0,1,3,38,24,14,4,36,0,7,7
58407368,0,,,43,24,19,5,5,0,38,19,19,22,12,10,37,19,18,37,19,18,16,7,9,9,4,5,4,3,1,0,0,0,0,0,0,14,14,1,5,3,4,0,0,1,13,8,5,1,12,0,1,2
58407369,0,,,186,88,98,10,3,7,176,85,91,83,43,40,169,83,86,169,83,86,93,42,51,57,23,34,15,8,7,0,0,0,0,0,0,63,63,12,21,11,8,4,2,5,50,31,19,1,57,0,10,14
58407370,0,,,171,88,83,13,10,3,158,78,80,87,44,43,155,76,79,150,75,75,71,34,37,32,16,16,9,3,6,2,1,1,0,0,0,53,53,8,14,12,6,8,3,2,45,23,22,2,44,0,5,8
58407372,0,,,117,52,65,10,3,7,107,49,58,58,31,27,105,47,58,104,47,57,49,18,31,24,5,19,12,1,11,0,0,0,0,0,0,33,33,3,7,8,8,3,1,3,29,10,19,2,29,0,2,2
58407373,0,,,39,16,23,1,0,1,38,16,22,21,9,12,37,15,22,37,15,22,17,7,10,12,5,7,5,2,3,1,0,1,0,0,0,11,11,1,3,1,3,1,2,0,10,3,7,0,11,0,1,0
58407374,0,,,271,135,136,27,16,11,244,119,125,143,76,67,236,116,120,235,115,120,101,43,58,63,22,41,21,6,15,1,0,1,2,0,2,75,75,11,14,13,15,7,9,6,64,24,40,9,69,0,10,6
58407376,0,,,51,23,28,2,1,1,49,22,27,28,12,16,49,22,27,48,21,27,21,10,11,7,4,3,1,0,1,0,0,0,0,0,0,18,18,1,7,6,2,2,0,0,17,12,5,0,13,0,1,4
58407377,0,,,125,58,67,11,6,5,114,52,62,59,30,29,111,50,61,111,50,61,55,22,33,27,8,19,12,2,10,1,0,1,2,0,2,38,38,5,9,10,4,4,6,0,33,15,18,2,34,0,2,6
58407378,0,,,96,45,51,12,6,6,84,39,45,35,19,16,84,39,45,84,39,45,49,20,29,22,8,14,11,2,9,0,0,0,0,0,0,32,32,6,11,4,3,5,2,1,26,15,11,3,30,0,5,7
58407379,0,,,169,91,78,14,9,5,155,82,73,99,55,44,147,76,71,145,74,71,56,27,29,25,13,12,7,3,4,0,0,0,0,0,0,51,51,4,17,9,11,5,1,4,47,30,17,1,37,0,4,5
58407380,0,,,21,11,10,0,0,0,21,11,10,5,2,3,21,11,10,21,11,10,16,9,7,9,5,4,4,3,1,0,0,0,0,0,0,12,12,5,5,2,0,0,0,0,7,6,1,0,11,0,5,3
58407382,2,58407383,,10,5,5,*,*,*,*,*,*,*,*,*,*,*,*,*,*,*,*,*,*,*,*,*,*,*,*,*,*,*,*,*,*,3,3,*,*,*,*,*,*,*,*,*,*,*,*,*,*,*
58407383,1,,58407382,1,1,0,0,0,0,11,6,5,7,4,3,11,6,5,10,6,4,4,2,2,1,0,1,0,0,0,0,0,0,0,0,0,1,1,1,1,1,0,1,0,0,3,2,1,0,3,0,0,1
58407384,0,,,74,34,40,5,2,3,69,32,37,34,14,20,67,31,36,65,30,35,35,18,17,13,7,6,7,3,4,0,0,0,0,0,0,27,27,8,5,6,5,1,1,1,19,9,10,1,21,0,6,3
58407385,0,,,270,131,139,24,10,14,246,121,125,118,61,57,239,117,122,235,115,120,128,60,68,69,30,39,31,12,19,1,1,0,0,0,0,87,87,15,22,22,10,7,8,3,72,43,29,3,74,0,14,11
58407386,0,,,175,85,90,15,12,3,160,73,87,95,46,49,150,67,83,146,65,81,65,27,38,30,12,18,11,2,9,1,1,0,0,0,0,48,48,4,12,11,5,9,3,4,44,21,23,4,41,0,3,6
58407387,0,,,125,62,63,10,7,3,115,55,60,65,34,31,111,53,58,108,50,58,50,21,29,24,9,15,9,2,7,1,0,1,0,0,0,41,41,7,12,7,5,7,3,0,34,17,17,2,32,0,6,3
58407388,0,,,111,51,60,7,5,2,104,46,58,59,27,32,102,45,57,99,43,56,45,19,26,28,12,16,9,4,5,0,0,0,1,0,1,37,37,8,10,5,7,3,3,1,29,18,11,0,31,0,6,6
58407389,0,,,283,128,155,22,16,6,261,112,149,122,63,59,256,110,146,255,110,145,139,49,90,74,19,55,46,8,38,5,0,5,0,0,0,60,56,3,14,19,12,5,1,2,53,30,23,7,45,0,2,11
58407390,0,,,22,11,11,0,0,0,22,11,11,7,6,1,22,11,11,22,11,11,15,5,10,5,1,4,3,0,3,0,0,0,0,0,0,9,9,2,3,2,2,0,0,0,7,5,2,0,9,0,2,1
58407391,0,,,59,20,39,3,0,3,56,20,36,29,8,21,55,20,35,55,20,35,27,12,15,13,5,8,5,1,4,0,0,0,6,0,6,24,24,9,5,5,1,3,1,0,14,7,7,1,17,2,2,4
58407393,2,58407394,,6,4,2,*,*,*,*,*,*,*,*,*,*,*,*,*,*,*,*,*,*,*,*,*,*,*,*,*,*,*,*,*,*,2,2,*,*,*,*,*,*,*,*,*,*,*,*,*,*,*
58407394,1,,58407393,212,96,116,20,9,11,198,91,107,110,52,58,187,87,100,183,84,99,88,39,49,36,15,21,16,4,12,1,0,1,0,0,0,60,60,6,15,12,14,3,9,3,55,27,28,6,54,0,6,7
58407395,0,,,160,66,94,11,7,4,149,59,90,62,35,27,148,58,90,147,57,90,87,24,63,58,12,46,43,8,35,5,0,5,0,0,0,46,45,5,17,9,9,2,1,2,40,21,19,5,38,0,3,8
58407396,0,,,89,41,48,4,1,3,85,40,45,38,21,17,83,38,45,81,36,45,47,19,28,21,7,14,8,2,6,0,0,0,0,0,0,33,33,6,13,3,7,4,0,0,27,15,12,0,30,0,5,5
58407397,0,,,76,38,38,4,3,1,72,35,37,36,19,17,68,32,36,68,32,36,36,16,20,19,8,11,7,2,5,1,0,1,0,0,0,26,26,5,9,5,3,1,1,2,21,14,7,2,22,0,5,3
58407398,0,,,479,230,249,38,22,16,441,208,233,228,119,109,433,203,230,429,201,228,213,89,124,124,47,77,49,15,34,8,1,7,1,0,1,151,149,20,41,35,27,16,8,2,129,73,56,11,118,0,13,22
58407399,0,,,55,24,31,4,2,2,51,22,29,28,13,15,49,22,27,49,22,27,23,9,14,13,6,7,5,1,4,0,0,0,1,0,1,16,16,0,5,4,5,1,0,1,16,8,8,2,15,0,0,4
58407400,0,,,154,76,78,11,9,2,143,67,76,78,44,34,141,65,76,141,65,76,65,23,42,43,13,30,18,6,12,0,0,0,0,0,0,44,43,1,12,14,9,2,3,2,41,21,20,3,32,0,0,6
58407401,0,,,270,129,141,16,6,10,254,123,131,119,65,54,248,119,129,245,116,129,135,58,77,82,33,49,39,14,25,4,0,4,1,0,1,75,74,8,22,21,13,4,3,3,66,36,30,4,57,0,5,10
58407402,0,,,550,256,294,94,54,40,456,202,254,285,134,151,436,193,243,425,188,237,171,68,103,96,32,64,39,11,28,1,1,0,10,0,10,194,194,42,50,47,25,19,6,5,150,107,43,15,112,6,19,19
58407403,0,,,157,69,88,10,5,5,147,64,83,68,33,35,147,64,83,147,64,83,79,31,48,60,23,37,30,9,21,1,0,1,1,0,1,58,57,17,19,10,9,1,1,0,39,28,11,5,35,0,7,12
58407404,0,,,71,33,38,1,1,0,70,32,38,30,18,12,70,32,38,69,32,37,40,14,26,22,6,16,14,4,10,3,0,3,0,0,0,24,24,4,7,5,3,4,1,0,19,9,10,1,24,0,4,0
58407409,2,58407419,,2,1,1,*,*,*,*,*,*,*,*,*,*,*,*,*,*,*,*,*,*,*,*,*,*,*,*,*,*,*,*,*,*,2,2,*,*,*,*,*,*,*,*,*,*,*,*,*,*,*
58407410,0,,,227,119,108,29,17,12,198,102,96,138,73,65,185,94,91,184,94,90,60,29,31,31,14,17,11,6,5,2,1,1,6,6,0,82,81,16,20,19,19,5,2,0,65,50,15,10,42,3,7,11
58407411,0,,,148,68,80,3,1,2,145,67,78,75,39,36,140,65,75,140,65,75,70,28,42,39,12,27,18,3,15,0,0,0,0,0,0,54,54,9,17,13,12,1,1,1,45,28,17,1,47,0,8,9
58407412,0,,,107,54,53,5,3,2,102,51,51,56,31,25,98,48,50,96,47,49,46,20,26,27,11,16,7,2,5,1,0,1,0,0,0,37,37,5,14,5,7,5,1,0,32,21,11,1,32,0,5,3
58407413,0,,,182,92,90,6,4,2,176,88,88,85,47,38,172,87,85,170,87,83,91,41,50,45,22,23,18,9,9,1,0,1,0,0,0,67,67,12,24,13,13,2,1,2,55,35,20,3,54,0,9,13
58407414,0,,,33,14,19,2,0,2,31,14,17,16,8,8,30,14,16,30,14,16,15,6,9,7,2,5,2,0,2,0,0,0,0,0,0,12,12,2,5,2,0,3,0,0,10,6,4,0,11,0,2,1
58407419,1,,58407409,66,37,29,2,1,1,66,37,29,31,15,16,64,37,27,64,37,27,35,22,13,18,11,7,6,2,4,1,0,1,0,0,0,27,27,9,11,2,4,3,0,0,19,12,7,1,24,0,9,5
58407420,0,,,276,128,148,18,7,11,258,121,137,145,75,70,250,115,135,248,115,133,113,46,67,47,19,28,16,8,8,0,0,0,1,0,1,117,117,41,33,18,15,6,3,1,76,52,24,6,82,0,30,11
58407421,0,,,56,25,31,2,2,0,54,23,31,27,13,14,54,23,31,52,23,29,27,10,17,14,3,11,6,0,6,0,0,0,0,0,0,18,18,3,3,5,4,2,1,0,15,6,9,0,16,0,1,2
58407422,0,,,205,87,118,16,4,12,189,83,106,108,49,59,185,81,104,183,81,102,81,34,47,42,10,32,20,5,15,2,0,2,0,0,0,69,69,9,26,13,12,4,0,5,60,36,24,6,51,0,3,9
58407423,0,,,73,36,37,7,6,1,66,30,36,37,19,18,60,27,33,59,26,33,29,11,18,10,2,8,6,1,5,0,0,0,0,0,0,20,20,4,2,4,4,1,3,2,16,5,11,2,17,0,3,0
58407424,0,,,209,100,109,13,10,3,196,90,106,97,49,48,193,88,105,191,87,104,99,41,58,44,17,27,17,6,11,0,0,0,0,0,0,84,84,19,31,18,8,6,2,0,63,47,16,3,67,0,15,16
58407425,0,,,255,122,133,17,10,7,238,112,126,119,58,61,231,107,124,228,107,121,119,54,65,61,23,38,25,7,18,0,0,0,0,0,0,92,92,19,29,19,13,7,3,2,72,41,31,4,74,0,13,16
58407429,0,,,225,106,119,34,18,16,191,88,103,121,54,67,185,83,102,183,82,101,70,34,36,34,14,20,18,8,10,0,0,0,0,0,0,84,84,19,26,15,17,3,3,1,65,51,14,7,48,1,11,14
58407430,0,,,146,70,76,15,5,10,131,65,66,82,45,37,128,64,64,125,62,63,49,20,29,23,7,16,8,2,6,1,0,1,0,0,0,49,49,14,11,6,7,5,3,3,35,18,17,6,31,0,8,6
58407431,0,,,54,27,27,8,3,5,46,24,22,27,15,12,43,21,22,40,19,21,19,9,10,12,6,6,4,3,1,1,0,1,0,0,0,12,12,1,0,1,3,4,3,0,11,2,9,1,11,0,1,0
58407432,0,,,111,56,55,6,5,1,105,51,54,52,26,26,104,51,53,104,51,53,53,25,28,26,12,14,4,2,2,0,0,0,0,0,0,37,37,7,8,12,5,2,2,1,29,16,13,2,34,0,7,4
58407433,0,,,42,21,21,13,5,8,29,16,13,18,11,7,28,15,13,28,15,13,11,5,6,5,2,3,1,0,1,1,0,1,0,0,0,12,12,0,4,2,4,1,0,1,12,10,2,3,6,0,0,2
58407434,0,,,576,303,273,56,36,20,519,266,253,258,142,116,503,257,246,497,253,244,261,124,137,128,59,69,39,12,27,4,1,3,4,2,2,205,205,46,56,45,27,18,8,5,159,101,58,13,163,2,30,34
58407435,0,,,202,95,107,24,13,11,178,82,96,92,43,49,176,82,94,172,79,93,86,39,47,41,20,21,14,3,11,2,1,1,0,0,0,66,66,10,18,18,8,8,1,3,56,29,27,4,50,0,6,10
58407438,0,,,14,7,7,0,0,0,14,7,7,8,4,4,14,7,7,14,7,7,6,3,3,4,1,3,2,1,1,0,0,0,0,0,0,5,5,1,0,3,1,0,0,0,4,1,3,0,5,0,1,0
58407439,0,,,651,295,356,61,32,29,590,263,327,288,143,145,571,256,315,566,253,313,302,120,182,181,56,125,74,18,56,11,0,11,3,0,3,229,228,54,75,48,22,17,5,7,174,119,55,16,170,0,39,36
58407440,0,,,239,112,127,24,10,14,215,102,113,116,59,57,203,97,106,196,95,101,99,43,56,50,20,30,18,4,14,0,0,0,2,0,2,77,77,14,21,18,8,6,4,6,62,34,28,5,63,0,11,16
58407441,0,,,489,231,258,78,41,37,411,190,221,298,142,156,384,175,209,373,170,203,113,48,65,53,22,31,16,6,10,2,0,2,1,0,1,163,163,16,56,35,32,19,3,2,146,112,34,20,71,1,9,20
58407442,1,,58407443,174,83,91,26,11,15,161,77,84,95,48,47,149,72,77,148,72,76,66,29,37,31,12,19,14,3,11,0,0,0,0,0,0,55,55,13,12,11,8,7,1,6,45,27,18,8,42,0,12,4
58407443,2,58407442,,13,5,8,*,*,*,*,*,*,*,*,*,*,*,*,*,*,*,*,*,*,*,*,*,*,*,*,*,*,*,*,*,*,3,3,*,*,*,*,*,*,*,*,*,*,*,*,*,*,*
58407444,0,,,579,266,313,60,29,31,519,237,282,305,152,153,507,229,278,500,226,274,214,85,129,87,33,54,18,3,15,1,0,1,1,0,1,249,249,74,83,48,30,9,5,0,172,135,37,13,146,1,41,34
58407445,0,,,57,21,36,5,1,4,52,20,32,16,8,8,50,20,30,50,20,30,36,12,24,26,8,18,18,4,14,2,0,2,0,0,0,16,14,2,6,2,3,0,0,1,12,11,1,1,10,0,2,4
58407446,0,,,25,12,13,1,1,0,24,11,13,12,7,5,24,11,13,23,10,13,12,4,8,5,2,3,1,0,1,0,0,0,0,0,0,9,9,1,4,2,1,0,1,0,8,7,1,0,8,0,1,1
58407447,0,,,122,60,62,7,5,2,115,55,60,63,30,33,110,52,58,109,52,57,52,25,27,22,8,14,9,3,6,0,0,0,0,0,0,42,42,4,15,14,4,1,3,1,37,25,12,1,33,0,3,7
58407448,0,,,177,87,90,17,11,6,160,76,84,90,45,45,153,74,79,153,74,79,70,31,39,42,19,23,14,6,8,1,0,1,0,0,0,56,56,7,18,10,11,4,3,3,49,30,19,2,41,0,5,7
58407449,0,,,288,135,153,34,15,19,254,120,134,141,72,69,249,116,133,244,113,131,113,48,65,55,23,32,22,6,16,2,0,2,3,0,3,87,86,15,26,13,8,12,9,3,71,36,35,9,69,0,10,16
58407450,0,,,112,52,60,6,5,1,106,47,59,52,26,26,102,46,56,99,44,55,54,21,33,28,9,19,11,2,9,0,0,0,0,0,0,36,36,4,12,7,6,4,2,1,32,19,13,0,32,0,3,7
58407451,0,,,168,75,93,20,9,11,148,66,82,75,34,41,144,65,79,142,63,79,73,32,41,35,14,21,14,4,10,2,2,0,0,0,0,48,48,3,13,12,7,6,4,3,45,20,25,3,41,0,2,6
58407452,0,,,875,442,433,89,40,49,773,395,378,457,252,205,757,386,371,748,382,366,316,143,173,123,49,74,48,13,35,9,2,7,2,1,1,319,317,87,118,70,22,12,5,3,227,198,29,25,164,7,33,62
58407453,0,,,1387,651,736,161,72,89,1225,578,647,824,391,433,1166,555,611,1143,544,599,401,187,214,139,67,72,26,9,17,3,1,2,2,0,2,546,546,111,201,124,73,20,10,7,433,378,55,38,260,1,60,95
58407454,0,,,1030,485,545,102,61,41,924,421,503,587,280,307,891,402,489,885,400,485,337,141,196,173,67,106,52,15,37,6,1,5,28,0,28,467,465,182,128,85,44,23,2,1,279,235,44,24,215,39,54,52
58407455,0,,,362,178,184,30,22,8,332,156,176,175,90,85,323,153,170,321,151,170,157,66,91,91,36,55,34,8,26,2,1,1,1,1,0,150,149,50,47,27,11,6,7,1,97,73,24,10,94,15,25,22
58407456,0,,,30,14,16,6,2,4,24,12,12,12,7,5,24,12,12,24,12,12,12,5,7,7,3,4,2,0,2,1,0,1,0,0,0,9,9,1,3,1,2,1,0,1,8,5,3,0,8,0,1,2
58407457,0,,,151,72,79,13,5,8,138,67,71,78,41,37,136,67,69,135,66,69,60,26,34,28,11,17,9,2,7,0,0,0,0,0,0,48,48,9,12,9,9,3,4,2,38,16,22,2,37,0,6,6
58407458,0,,,62,31,31,8,5,3,54,26,28,37,19,18,53,25,28,52,24,28,17,7,10,10,4,6,4,2,2,0,0,0,0,0,0,15,15,0,1,6,3,1,3,1,15,2,13,2,14,0,0,0
58407460,0,,,97,43,54,7,2,5,90,41,49,51,27,24,88,40,48,86,39,47,39,14,25,22,8,14,5,0,5,2,0,2,0,0,0,30,30,4,7,8,5,4,0,2,25,11,14,1,24,0,3,2
58407461,0,,,204,91,113,32,9,23,172,82,90,94,48,46,167,78,89,166,77,89,78,34,44,40,14,26,9,2,7,1,0,1,0,0,0,68,68,10,22,16,9,4,4,3,58,34,24,5,54,0,10,12
58407462,0,,,291,142,149,35,17,18,256,125,131,181,93,88,250,122,128,250,122,128,75,32,43,38,16,22,9,5,4,0,0,0,0,0,0,114,113,24,46,20,14,3,5,1,89,72,17,10,51,2,9,10
58407463,0,,,1736,860,876,189,105,84,1547,755,792,1027,523,504,1514,733,781,1491,716,775,520,232,288,276,125,151,93,33,60,5,1,4,21,17,4,721,720,202,252,127,88,37,10,4,514,437,77,48,323,34,66,87
58407464,0,,,2452,1181,1271,258,123,135,2163,1039,1124,1506,782,724,2111,1011,1100,2082,998,1084,657,257,400,350,124,226,165,50,115,20,3,17,7,1,6,1123,1118,455,338,169,110,32,12,2,651,567,84,98,363,87,92,102
58407465,0,,,2659,1210,1449,272,126,146,2361,1069,1292,1428,688,740,2293,1042,1251,2263,1025,1238,933,381,552,567,209,358,230,64,166,32,4,28,20,6,14,1208,1202,495,331,204,114,41,12,5,690,577,113,77,587,73,202,143
58407466,1,,58407467,642,297,345,58,28,30,585,268,317,348,165,183,565,260,305,559,258,301,237,103,134,126,53,73,40,10,30,6,0,6,1,0,1,275,274,94,79,50,35,12,3,3,181,139,42,17,155,10,42,36
58407467,2,58407466,,7,4,3,*,*,*,*,*,*,*,*,*,*,*,*,*,*,*,*,*,*,*,*,*,*,*,*,*,*,*,*,*,*,2,2,*,*,*,*,*,*,*,*,*,*,*,*,*,*,*
58407468,0,,,10,5,5,0,0,0,10,5,5,4,3,1,10,5,5,10,5,5,6,2,4,4,2,2,2,1,1,0,0,0,0,0,0,4,4,1,1,1,1,0,0,0,3,2,1,0,3,0,0,1
58407470,0,,,217,104,113,19,7,12,198,97,101,107,58,49,192,94,98,189,91,98,91,39,52,45,15,30,16,3,13,2,0,2,0,0,0,70,70,7,23,17,12,7,1,3,61,36,25,4,53,0,4,14
58407471,0,,,322,154,168,61,30,31,261,124,137,179,85,94,241,118,123,239,116,123,82,39,43,37,14,23,15,5,10,1,0,1,0,0,0,105,105,14,31,21,21,13,2,3,91,73,18,10,52,0,8,9
58407472,0,,,247,120,127,49,26,23,198,94,104,127,62,65,190,88,102,189,88,101,71,32,39,35,14,21,15,5,10,0,0,0,0,0,0,80,80,14,17,15,22,7,4,1,65,44,21,12,42,0,8,7
58407473,0,,,178,87,91,28,11,17,148,75,73,96,52,44,142,70,72,141,69,72,52,23,29,27,9,18,10,2,8,1,0,1,1,0,1,68,67,24,15,14,10,1,3,0,43,34,9,5,24,4,7,3
58407474,0,,,1774,814,960,193,99,94,1551,698,853,1000,483,517,1501,682,819,1480,673,807,551,215,336,323,119,204,115,39,76,9,1,8,31,2,29,832,829,359,214,128,87,27,8,6,461,375,86,61,365,96,119,82
58407475,0,,,2777,1236,1541,252,129,123,2517,1101,1416,1363,644,719,2457,1065,1392,2425,1053,1372,1154,457,697,725,269,456,296,92,204,22,4,18,10,1,9,1241,1237,431,400,230,115,40,16,5,799,629,170,70,761,28,234,179
58407476,0,,,483,231,252,58,34,24,424,196,228,241,119,122,419,195,224,419,195,224,183,77,106,111,46,65,30,12,18,2,1,1,2,1,1,240,240,98,87,27,15,8,5,0,142,121,21,19,124,10,41,46
58407480,0,,,194,92,102,25,8,17,169,84,85,95,48,47,161,81,80,161,81,80,74,36,38,38,17,21,11,3,8,1,0,1,0,0,0,62,62,10,18,13,7,8,3,3,52,35,17,8,46,0,7,14
58407481,0,,,275,132,143,60,29,31,215,103,112,155,78,77,208,100,108,207,99,108,60,25,35,29,11,18,11,3,8,2,0,2,0,0,0,81,81,9,15,17,24,10,4,2,71,49,22,19,39,0,7,4
58407482,0,,,140,68,72,17,6,11,123,62,61,78,42,36,117,61,56,116,61,55,45,20,25,28,10,18,10,3,7,1,1,0,0,0,0,45,45,4,12,10,13,6,0,0,41,29,12,2,27,0,2,4
58407483,0,,,1303,624,679,193,107,86,1090,507,583,823,394,429,1049,482,567,1033,474,559,267,113,154,153,60,93,68,23,45,6,0,6,27,8,19,538,536,183,148,99,74,19,9,4,347,293,54,72,147,48,34,30
58407484,0,,,2229,1064,1165,250,137,113,1960,915,1045,1230,623,607,1903,892,1011,1876,880,996,730,292,438,394,144,250,158,50,108,17,2,15,15,9,6,1034,1033,406,320,148,109,37,11,2,612,521,91,63,476,51,154,117
58407485,0,,,1389,648,741,102,51,51,1286,596,690,613,320,293,1260,583,677,1255,581,674,673,276,397,380,136,244,149,49,100,14,2,12,4,0,4,525,520,177,180,88,47,17,9,2,341,268,73,25,357,5,111,103
58407486,0,,,133,67,66,20,10,10,113,57,56,83,41,42,110,56,54,107,55,52,30,16,14,7,3,4,1,0,1,0,0,0,0,0,0,48,48,8,15,11,9,4,1,0,40,29,11,7,22,0,3,5
58407490,0,,,112,53,59,17,9,8,95,44,51,51,27,24,91,40,51,91,40,51,44,17,27,21,6,15,10,4,6,2,0,2,0,0,0,34,34,7,6,10,4,1,1,5,27,14,13,3,25,0,4,5
58407491,0,,,182,87,95,23,9,14,159,78,81,93,51,42,153,74,79,152,73,79,66,27,39,30,9,21,10,4,6,2,0,2,0,0,0,59,59,9,18,10,12,5,3,2,50,31,19,6,43,0,6,9
58407492,0,,,131,60,71,19,8,11,112,52,60,67,31,36,110,51,59,109,50,59,45,21,24,18,7,11,8,2,6,0,0,0,0,0,0,38,38,3,11,10,4,5,3,2,35,19,16,5,28,0,3,6
58407493,0,,,302,150,152,81,45,36,220,104,116,171,85,86,211,98,113,209,98,111,49,19,30,30,10,20,12,2,10,1,0,1,3,0,3,99,98,22,18,21,20,12,4,1,75,63,12,30,29,5,8,6
58407494,0,,,1178,569,609,225,109,116,941,453,488,736,362,374,900,435,465,886,431,455,205,91,114,95,38,57,30,8,22,4,0,4,11,1,10,465,465,118,133,101,86,19,5,3,340,299,41,84,130,18,22,28
58407495,0,,,1058,503,555,119,69,50,938,433,505,527,261,266,917,425,492,905,418,487,411,172,239,214,80,134,68,21,47,4,0,4,0,0,0,444,444,138,147,77,45,19,11,7,302,231,71,33,286,6,88,68
58407502,0,,,27,9,18,1,0,1,26,9,17,11,6,5,26,9,17,26,9,17,15,3,12,11,2,9,4,0,4,0,0,0,0,0,0,11,11,3,4,2,1,0,1,0,8,4,4,1,11,0,3,1
58407503,0,,,53,25,28,3,1,2,50,24,26,27,14,13,49,23,26,47,22,25,23,10,13,11,4,7,4,1,3,0,0,0,0,0,0,17,17,3,5,5,1,0,1,2,14,7,7,0,15,0,1,3
58407504,0,,,77,34,43,7,2,5,70,32,38,31,16,15,70,32,38,69,32,37,39,16,23,20,5,15,10,1,9,0,0,0,1,0,1,26,26,4,8,9,1,1,1,2,22,12,10,1,21,0,3,4
58407510,0,,,17,9,8,1,0,1,16,9,7,7,4,3,15,8,7,15,8,7,9,5,4,6,2,4,2,1,1,0,0,0,0,0,0,7,7,0,4,3,0,0,0,0,7,6,1,0,6,0,0,2
58407511,0,,,49,22,27,3,1,2,46,21,25,28,12,16,43,19,24,43,19,24,18,9,9,9,3,6,3,0,3,0,0,0,0,0,0,14,14,2,4,2,2,2,0,2,12,7,5,1,12,0,2,3
58407512,1,,58407522,78,40,38,7,4,3,79,41,38,37,22,15,78,40,38,76,38,38,42,19,23,25,10,15,9,3,6,3,0,3,1,0,1,23,23,0,9,5,5,3,3,0,25,13,12,2,23,0,0,5
58407517,1,,58407518,27,13,14,2,1,1,26,13,13,5,3,2,26,13,13,26,13,13,21,10,11,10,4,6,5,1,4,0,0,0,0,0,0,13,13,7,4,2,0,0,0,1,7,4,3,1,13,0,6,3
58407518,2,58407517,,1,1,0,*,*,*,*,*,*,*,*,*,*,*,*,*,*,*,*,*,*,*,*,*,*,*,*,*,*,*,*,*,*,1,1,*,*,*,*,*,*,*,*,*,*,*,*,*,*,*
58407520,1,,58407530,93,44,49,6,2,4,88,43,45,51,28,23,85,40,45,83,39,44,37,15,22,18,6,12,4,0,4,0,0,0,0,0,0,33,33,6,9,10,6,2,1,0,28,16,12,1,24,0,2,5
58407521,0,,,52,23,29,1,1,0,51,22,29,21,9,12,50,22,28,50,22,28,30,13,17,15,5,10,5,1,4,3,0,3,0,0,0,18,18,2,4,8,2,2,0,0,16,7,9,0,17,0,2,3
58407522,2,58407512,,8,5,3,*,*,*,*,*,*,*,*,*,*,*,*,*,*,*,*,*,*,*,*,*,*,*,*,*,*,*,*,*,*,2,2,*,*,*,*,*,*,*,*,*,*,*,*,*,*,*
58407525,2,58407526,,3,2,1,*,*,*,*,*,*,*,*,*,*,*,*,*,*,*,*,*,*,*,*,*,*,*,*,*,*,*,*,*,*,1,1,*,*,*,*,*,*,*,*,*,*,*,*,*,*,*
58407526,1,,58407525,82,45,37,3,2,1,82,45,37,30,19,11,82,45,37,82,45,37,52,26,26,25,11,14,10,3,7,2,1,1,0,0,0,36,36,9,16,7,3,1,1,0,28,19,9,1,35,0,8,7
58407527,0,,,10,4,6,0,0,0,10,4,6,3,2,1,10,4,6,10,4,6,7,2,5,3,1,2,1,0,1,0,0,0,0,0,0,6,6,3,2,1,0,0,0,0,3,2,1,0,6,0,3,0
58407530,2,58407520,,1,1,0,*,*,*,*,*,*,*,*,*,*,*,*,*,*,*,*,*,*,*,*,*,*,*,*,*,*,*,*,*,*,1,1,*,*,*,*,*,*,*,*,*,*,*,*,*,*,*
58407535,0,,,18,10,8,0,0,0,18,10,8,4,3,1,18,10,8,18,10,8,14,7,7,7,2,5,1,0,1,0,0,0,0,0,0,11,11,7,2,1,1,0,0,0,4,3,1,0,10,0,6,1
58407536,0,,,35,15,20,1,1,0,34,14,20,14,8,6,34,14,20,34,14,20,20,6,14,13,4,9,3,0,3,0,0,0,0,0,0,13,13,4,3,2,3,0,0,1,9,6,3,1,12,0,4,2
58407540,0,,,21,12,9,2,2,0,19,10,9,9,5,4,19,10,9,19,10,9,10,5,5,6,2,4,3,1,2,1,0,1,1,1,0,11,11,5,3,2,1,0,0,0,6,5,1,0,7,0,2,2
58407542,0,,,76,33,43,4,3,1,72,30,42,32,16,16,72,30,42,72,30,42,40,14,26,22,5,17,11,3,8,1,0,1,0,0,0,29,29,3,12,10,2,1,1,0,26,13,13,2,27,0,3,6
58407550,0,,,54,25,29,3,2,1,51,23,28,26,13,13,50,23,27,48,22,26,25,10,15,14,5,9,5,2,3,0,0,0,0,0,0,21,21,4,8,5,2,1,1,0,17,9,8,1,19,0,4,3
58407551,0,,,51,23,28,3,1,2,48,22,26,22,11,11,47,22,25,46,21,25,26,11,15,15,6,9,6,1,5,0,0,0,0,0,0,19,19,5,5,3,4,1,1,0,14,9,5,1,16,0,4,3
58407560,1,,58407561,75,41,34,3,2,1,75,40,35,39,23,16,75,40,35,75,40,35,36,17,19,21,8,13,5,3,2,0,0,0,1,0,1,31,31,8,16,3,3,1,2,0,24,19,5,0,24,0,6,6
58407561,2,58407560,,3,1,2,*,*,*,*,*,*,*,*,*,*,*,*,*,*,*,*,*,*,*,*,*,*,*,*,*,*,*,*,*,*,2,2,*,*,*,*,*,*,*,*,*,*,*,*,*,*,*
59390709,0,,,354,179,175,62,29,33,292,150,142,211,113,98,270,136,134,262,132,130,81,37,44,35,15,20,10,3,7,0,0,0,0,0,0,111,111,18,30,18,23,10,7,5,91,66,25,10,52,0,9,7
59396588,2,59396598,,1,0,1,*,*,*,*,*,*,*,*,*,*,*,*,*,*,*,*,*,*,*,*,*,*,*,*,*,*,*,*,*,*,1,1,*,*,*,*,*,*,*,*,*,*,*,*,*,*,*
59396598,1,,59396588,77,40,37,0,0,0,77,39,38,19,11,8,77,39,38,77,39,38,58,28,30,31,15,16,16,7,9,0,0,0,1,1,0,47,47,22,22,4,0,0,0,0,26,23,3,0,38,0,16,16
59396630,0,,,137,67,70,5,2,3,132,65,67,56,28,28,131,65,66,131,65,66,76,37,39,36,14,22,13,4,9,2,1,1,0,0,0,60,60,18,18,19,2,0,3,0,42,34,8,1,51,0,14,9
59396631,0,,,96,45,51,0,0,0,96,45,51,35,17,18,95,45,50,94,45,49,61,28,33,26,11,15,8,4,4,0,0,0,0,0,0,52,52,21,22,6,2,1,0,0,31,28,3,0,42,0,15,16
59396632,0,,,178,91,87,2,1,1,176,90,86,61,35,26,175,90,85,174,90,84,115,55,60,70,29,41,10,3,7,1,0,1,0,0,0,89,89,33,31,18,6,1,0,0,55,48,7,2,76,0,27,21
59396633,0,,,62,22,40,0,0,0,62,22,40,9,4,5,62,22,40,62,22,40,53,18,35,43,14,29,28,6,22,5,1,4,0,0,0,16,15,5,8,1,0,0,1,0,10,9,1,0,14,0,4,6
59396634,0,,,65,29,36,1,0,1,64,29,35,23,13,10,64,29,35,63,28,35,41,16,25,31,10,21,23,7,16,6,2,4,0,0,0,19,18,5,7,3,2,0,1,0,13,10,3,0,14,0,4,4
59396635,1,,59396645,327,138,189,14,7,7,316,133,183,114,60,54,313,130,183,310,130,180,202,73,129,116,34,82,53,10,43,10,0,10,0,0,0,126,125,42,51,19,6,4,5,1,85,61,24,4,104,1,29,27
59396642,0,,,38,16,22,2,1,1,36,15,21,15,5,10,36,15,21,36,15,21,21,10,11,11,4,7,4,3,1,0,0,0,0,0,0,18,18,4,9,4,1,0,0,0,14,12,2,1,14,0,4,7
59396643,0,,,81,40,41,2,2,0,79,38,41,34,21,13,77,37,40,76,37,39,45,17,28,24,8,16,6,1,5,1,0,1,1,0,1,39,39,15,12,6,6,0,0,0,24,22,2,0,32,0,13,6
59396645,2,59396635,,4,3,1,*,*,*,*,*,*,*,*,*,*,*,*,*,*,*,*,*,*,*,*,*,*,*,*,*,*,*,*,*,*,3,3,*,*,*,*,*,*,*,*,*,*,*,*,*,*,*
59396646,0,,,160,75,85,3,1,2,157,74,83,59,33,26,155,73,82,152,71,81,98,41,57,52,16,36,19,5,14,1,0,1,1,0,1,80,80,29,29,17,4,0,1,0,51,42,9,0,65,1,22,19
59396647,0,,,210,104,106,7,6,1,203,98,105,84,42,42,201,97,104,201,97,104,119,56,63,56,26,30,17,4,13,1,1,0,0,0,0,98,98,29,40,19,7,2,1,0,69,52,17,2,79,0,26,22
59396656,0,,,203,104,99,24,13,11,179,91,88,106,53,53,170,86,84,168,86,82,73,38,35,33,15,18,7,4,3,0,0,0,0,0,0,92,92,31,34,8,15,4,0,0,61,57,4,4,53,0,22,17
59396657,1,,59396658,567,267,300,20,8,12,550,259,291,241,130,111,533,246,287,529,244,285,309,129,180,158,55,103,65,20,45,1,0,1,6,5,1,297,296,126,108,41,15,4,1,1,169,145,24,5,209,8,79,67
59396658,2,59396657,,7,2,5,*,*,*,*,*,*,*,*,*,*,*,*,*,*,*,*,*,*,*,*,*,*,*,*,*,*,*,*,*,*,1,0,*,*,*,*,*,*,*,*,*,*,*,*,*,*,*
59396666,0,,,92,48,44,0,0,0,88,45,43,30,20,10,87,44,43,87,44,43,58,25,33,25,10,15,5,2,3,0,0,0,0,0,0,48,48,15,23,9,1,0,0,0,32,29,3,0,36,0,8,16
59396667,0,,,1691,805,886,130,67,63,1543,726,817,791,416,375,1516,713,803,1503,706,797,752,310,442,385,142,243,120,45,75,5,0,5,1,0,1,832,831,344,273,115,70,23,5,1,480,413,67,34,519,14,191,136
59396668,0,,,111,40,71,15,4,11,96,36,60,36,18,18,94,35,59,94,35,59,60,18,42,49,12,37,33,7,26,8,0,8,0,0,0,31,30,8,7,8,5,1,1,0,22,21,1,4,17,0,5,4
59396677,0,,,93,46,47,7,2,5,85,43,42,48,22,26,83,42,41,82,42,40,37,21,16,16,6,10,2,0,2,0,0,0,0,0,0,43,43,16,14,6,6,0,0,1,27,23,4,1,30,0,12,5
59396678,0,,,764,377,387,56,30,26,703,344,359,332,172,160,688,336,352,679,331,348,371,172,199,178,71,107,65,23,42,4,1,3,1,1,0,325,325,82,129,69,25,8,7,5,242,206,36,12,244,1,64,72
59396679,0,,,294,151,143,20,13,7,272,136,136,138,76,62,265,132,133,264,131,133,134,60,74,61,25,36,26,12,14,1,1,0,0,0,0,132,132,37,51,24,17,3,0,0,94,81,13,9,86,0,21,28
59396688,0,,,180,90,90,7,6,1,171,83,88,73,38,35,164,80,84,162,79,83,98,45,53,58,26,32,19,11,8,0,0,0,0,0,0,82,82,25,29,19,6,2,1,0,56,47,9,2,66,1,20,17
59396689,0,,,405,186,219,25,12,13,375,171,204,191,92,99,364,165,199,359,161,198,184,79,105,96,41,55,39,12,27,2,0,2,1,0,1,183,182,63,60,41,11,4,2,1,119,106,13,6,113,5,33,34
59396692,0,,,69,60,9,0,0,0,69,60,9,69,60,9,69,60,9,58,50,8,0,0,0,0,0,0,0,0,0,0,0,0,0,0,0,1,0,0,0,0,0,0,0,0,0,0,0,0,0,0,0,0
59396697,0,,,61,26,35,1,0,1,60,26,34,14,7,7,60,26,34,59,25,34,46,19,27,21,7,14,8,2,6,0,0,0,0,0,0,31,31,9,17,3,1,1,0,0,21,19,2,0,30,0,9,12
59396698,0,,,296,104,192,4,2,2,292,102,190,86,43,43,291,102,189,288,100,188,206,59,147,152,37,115,87,12,75,18,2,16,0,0,0,89,88,34,21,15,10,6,0,2,54,39,15,1,73,0,24,17
59396699,0,,,11,7,4,0,0,0,11,7,4,4,3,1,11,7,4,10,6,4,7,4,3,3,2,1,0,0,0,0,0,0,0,0,0,5,5,1,3,0,1,0,0,0,4,3,1,0,4,0,1,2
59396749,0,,,365,176,189,40,24,16,323,150,173,202,96,106,313,144,169,307,140,167,121,54,67,44,18,26,9,3,6,1,0,1,8,5,3,151,151,39,55,26,22,5,3,1,112,93,19,7,84,1,22,31
59396758,0,,,238,115,123,23,12,11,215,103,112,136,67,69,207,97,110,202,93,109,79,36,43,37,15,22,11,4,7,0,0,0,0,0,0,95,95,15,41,22,11,5,1,0,80,67,13,3,56,1,9,18
59396759,0,,,1697,796,901,212,114,98,1484,681,803,930,451,479,1431,657,774,1403,641,762,554,230,324,284,102,182,102,22,80,16,3,13,8,0,8,655,653,178,207,109,111,35,11,2,471,391,80,37,331,11,95,96
59396767,0,,,534,275,259,46,30,16,488,245,243,305,159,146,472,239,233,457,231,226,183,86,97,71,33,38,14,4,10,0,0,0,0,0,0,206,206,47,62,48,33,9,7,0,158,127,31,15,121,0,28,24
59396768,0,,,705,328,377,84,47,37,617,279,338,362,163,199,597,274,323,587,270,317,255,116,139,117,45,72,31,8,23,3,1,2,6,2,4,273,273,62,94,50,41,19,3,4,210,169,41,19,173,5,40,45
59396769,0,,,966,465,501,128,60,68,831,399,432,550,277,273,804,383,421,793,378,415,281,122,159,106,46,60,23,10,13,0,0,0,9,6,3,400,400,108,137,78,48,19,8,2,291,252,39,28,191,9,46,46
59396775,0,,,812,363,449,82,44,38,710,310,400,418,204,214,687,299,388,669,288,381,292,106,186,192,58,134,103,26,77,17,5,12,1,1,0,284,282,78,85,54,45,14,6,0,198,171,27,21,118,2,27,35
59396776,0,,,431,200,231,39,24,15,392,176,216,215,105,110,381,168,213,372,162,210,177,71,106,90,35,55,17,4,13,2,0,2,0,0,0,156,156,29,51,29,29,11,7,0,127,90,37,10,115,0,21,29
59396777,0,,,1028,479,549,80,43,37,940,432,508,520,250,270,915,420,495,901,416,485,420,182,238,221,95,126,72,30,42,1,0,1,0,0,0,433,432,117,154,83,53,16,6,3,313,248,65,19,282,3,73,83
59396778,0,,,46,23,23,4,3,1,42,20,22,27,13,14,41,20,21,39,20,19,15,7,8,5,3,2,3,2,1,0,0,0,0,0,0,21,21,7,7,4,2,1,0,0,14,14,0,2,10,0,3,3
59396779,0,,,203,92,111,14,8,6,189,84,105,110,47,63,183,82,101,178,81,97,79,37,42,29,12,17,6,1,5,0,0,0,2,1,1,106,106,53,27,15,6,3,2,0,53,45,8,3,64,0,35,10
59396781,0,,,225,117,108,15,8,7,209,108,101,88,56,32,208,107,101,208,107,101,121,52,69,62,27,35,22,10,12,0,0,0,5,4,1,101,101,28,38,23,9,2,1,0,71,58,13,5,77,2,21,23
59396782,0,,,571,269,302,33,16,17,536,252,284,246,131,115,522,245,277,518,242,276,290,121,169,150,55,95,55,21,34,1,0,1,1,0,1,251,251,78,89,47,20,11,4,2,171,128,43,7,206,0,61,49
59396783,0,,,308,133,175,44,18,26,261,114,147,171,80,91,251,107,144,244,104,140,90,34,56,54,15,39,25,4,21,4,0,4,0,0,0,112,111,25,41,17,25,1,0,2,84,77,7,12,37,3,3,15
59396784,0,,,1045,474,571,177,84,93,866,390,476,609,285,324,819,370,449,797,359,438,257,105,152,158,55,103,79,23,56,10,2,8,5,3,2,355,352,61,110,86,68,24,2,1,291,275,16,42,116,2,35,36
59396785,0,,,1968,914,1054,236,116,120,1705,781,924,1026,501,525,1648,753,895,1618,739,879,679,280,399,335,121,214,106,30,76,11,2,9,5,0,5,840,839,243,286,166,98,35,10,1,589,514,75,65,453,17,130,139
59396786,0,,,1273,598,675,108,60,48,1162,535,627,675,331,344,1136,526,610,1118,516,602,487,204,283,231,82,149,75,21,54,4,1,3,1,0,1,557,556,155,213,107,57,15,8,1,398,343,55,27,335,3,99,94
59396787,0,,,497,240,257,53,28,25,443,212,231,296,144,152,421,200,221,405,195,210,147,68,79,68,28,40,18,5,13,2,1,1,0,0,0,209,209,61,67,41,29,8,1,2,147,130,17,10,102,1,34,27
59396788,0,,,249,129,120,12,8,4,236,120,116,126,74,52,234,118,116,231,117,114,110,46,64,56,18,38,15,7,8,0,0,0,0,0,0,109,109,37,35,15,16,4,1,1,71,47,24,5,80,0,23,13
59396789,0,,,337,164,173,28,12,16,309,152,157,173,98,75,301,146,155,297,142,155,136,54,82,61,17,44,31,8,23,1,1,0,1,1,0,116,116,24,33,23,17,9,5,5,90,54,36,5,92,0,19,10
59396790,0,,,37,16,21,0,0,0,37,16,21,13,5,8,37,16,21,37,16,21,24,11,13,15,6,9,8,3,5,0,0,0,0,0,0,18,18,5,8,4,1,0,0,0,12,9,3,0,14,0,3,5
59396791,0,,,280,124,156,25,9,16,255,115,140,118,61,57,254,114,140,249,111,138,137,54,83,81,28,53,29,9,20,4,1,3,0,0,0,110,109,27,39,25,10,6,2,0,82,64,18,6,79,0,19,21
59396792,0,,,946,432,514,87,50,37,859,382,477,464,233,231,838,373,465,826,368,458,395,149,246,268,91,177,126,29,97,24,3,21,1,1,0,338,336,74,122,75,40,17,7,1,259,221,38,18,199,2,43,59
59396793,0,,,645,290,355,53,30,23,590,260,330,301,155,146,569,248,321,561,241,320,289,105,184,153,42,111,64,11,53,11,1,10,3,1,2,274,270,93,92,53,26,3,2,1,175,166,9,8,157,2,66,46
59396794,0,,,176,92,84,12,3,9,159,86,73,102,56,46,156,85,71,153,83,70,57,30,27,13,8,5,2,0,2,0,0,0,0,0,0,78,78,19,35,12,9,3,0,0,56,49,7,4,38,2,6,14
59396795,0,,,60,27,33,5,4,1,55,23,32,20,8,12,53,22,31,53,22,31,35,15,20,12,5,7,1,0,1,0,0,0,0,0,0,27,27,5,14,6,1,1,0,0,22,20,2,1,22,0,4,9
59396796,0,,,18,10,8,0,0,0,14,7,7,10,5,5,14,7,7,14,7,7,4,2,2,4,2,2,0,0,0,0,0,0,1,1,0,13,13,8,5,0,0,0,0,0,4,4,0,0,2,2,0,2
59396798,0,,,88,42,46,9,6,3,79,36,43,33,18,15,78,35,43,78,35,43,46,18,28,26,10,16,5,1,4,0,0,0,0,0,0,37,37,8,17,6,3,2,1,0,29,24,5,4,29,0,7,12
59397536,0,,,69,34,35,0,0,0,69,34,35,20,10,10,69,34,35,68,33,35,49,24,25,29,14,15,10,6,4,0,0,0,0,0,0,30,30,4,16,7,3,0,0,0,26,21,5,0,28,0,2,13
59397537,0,,,34,15,19,0,0,0,34,15,19,13,6,7,34,15,19,34,15,19,21,9,12,12,3,9,3,1,2,0,0,0,0,0,0,19,19,8,7,4,0,0,0,0,11,11,0,0,15,1,5,3
59397547,0,,,21,10,11,0,0,0,21,10,11,7,3,4,21,10,11,21,10,11,14,7,7,8,3,5,7,3,4,0,0,0,0,0,0,11,11,4,4,3,0,0,0,0,7,5,2,0,9,0,3,1
59397556,0,,,46,19,27,0,0,0,46,19,27,12,6,6,46,19,27,46,19,27,34,13,21,19,6,13,6,0,6,2,0,2,0,0,0,24,24,5,16,3,0,0,0,0,19,16,3,0,22,0,4,11
59397557,0,,,94,39,55,1,1,0,93,38,55,23,13,10,93,38,55,93,38,55,70,25,45,39,10,29,13,3,10,1,0,1,0,0,0,57,57,27,24,5,1,0,0,0,30,26,4,0,50,0,20,16
59397559,0,,,43,20,23,1,1,0,42,19,23,15,10,5,42,19,23,42,19,23,27,9,18,20,7,13,8,2,6,0,0,0,0,0,0,20,20,6,8,4,1,1,0,0,14,10,4,0,19,0,6,5
59397568,0,,,16,5,11,0,0,0,16,5,11,10,3,7,16,5,11,16,5,11,6,2,4,3,0,3,1,0,1,0,0,0,0,0,0,8,8,4,1,2,1,0,0,0,4,3,1,0,5,0,2,1
59397569,0,,,126,46,80,1,0,1,120,44,76,36,13,23,117,44,73,117,44,73,84,31,53,46,14,32,17,2,15,3,0,3,2,1,1,64,63,33,21,7,1,1,0,0,27,24,3,0,45,0,22,12
59397578,0,,,78,36,42,0,0,0,78,36,42,32,21,11,78,36,42,77,35,42,46,15,31,25,7,18,7,2,5,1,0,1,0,0,0,40,40,18,13,4,4,0,1,0,22,19,3,0,33,0,15,6
59397579,0,,,63,26,37,0,0,0,63,26,37,18,6,12,63,26,37,63,26,37,45,20,25,35,14,21,24,11,13,1,0,1,0,0,0,23,22,11,6,3,2,0,0,0,11,9,2,0,15,1,5,4
59397596,0,,,191,88,103,4,1,3,187,87,100,60,28,32,186,86,100,185,86,99,127,59,68,77,33,44,21,9,12,0,0,0,0,0,0,97,97,35,44,13,2,1,0,2,61,50,11,1,87,0,29,32
59397604,0,,,30,11,19,0,0,0,30,11,19,7,1,6,30,11,19,30,11,19,23,10,13,18,8,10,5,1,4,0,0,0,0,0,0,19,19,9,9,1,0,0,0,0,10,8,2,0,15,0,5,6
59397605,0,,,26,12,14,1,1,0,25,11,14,9,4,5,25,11,14,25,11,14,16,7,9,11,4,7,4,1,3,1,1,0,0,0,0,14,14,5,7,1,1,0,0,0,9,8,1,1,13,0,5,3
59397606,2,59397616,,5,4,1,*,*,*,*,*,*,*,*,*,*,*,*,*,*,*,*,*,*,*,*,*,*,*,*,*,*,*,*,*,*,3,3,*,*,*,*,*,*,*,*,*,*,*,*,*,*,*
59397607,0,,,91,45,46,4,4,0,87,41,46,43,20,23,85,39,46,85,39,46,44,21,23,21,10,11,4,1,3,0,0,0,0,0,0,35,35,8,11,9,3,2,2,0,27,21,6,1,28,0,6,6
59397608,0,,,34,14,20,2,1,1,32,13,19,19,7,12,32,13,19,32,13,19,13,6,7,7,1,6,3,0,3,0,0,0,0,0,0,16,16,5,6,3,2,0,0,0,11,9,2,0,11,0,4,2
59397611,2,59397621,,8,4,4,*,*,*,*,*,*,*,*,*,*,*,*,*,*,*,*,*,*,*,*,*,*,*,*,*,*,*,*,*,*,3,3,*,*,*,*,*,*,*,*,*,*,*,*,*,*,*
59397612,1,,59397613,106,53,53,3,1,2,111,55,56,39,20,19,111,55,56,110,54,56,72,35,37,40,17,23,15,7,8,2,2,0,0,0,0,59,59,24,29,4,2,0,2,0,37,32,5,0,51,0,22,14
59397613,2,59397612,,8,3,5,*,*,*,*,*,*,*,*,*,*,*,*,*,*,*,*,*,*,*,*,*,*,*,*,*,*,*,*,*,*,2,2,*,*,*,*,*,*,*,*,*,*,*,*,*,*,*
59397615,0,,,21,11,10,3,2,1,18,9,9,7,4,3,16,8,8,16,8,8,11,5,6,8,2,6,4,1,3,0,0,0,0,0,0,11,11,7,2,0,0,2,0,0,4,3,1,0,9,0,6,2
59397616,1,,59397606,44,21,23,1,1,0,48,24,24,23,11,12,48,24,24,47,24,23,25,13,12,13,5,8,9,3,6,0,0,0,0,0,0,19,19,7,8,4,1,2,0,0,15,11,4,0,17,1,4,4
59397618,0,,,79,45,34,0,0,0,79,45,34,51,30,21,79,45,34,79,45,34,28,15,13,11,6,5,4,2,2,0,0,0,0,0,0,1,0,0,0,0,0,0,0,0,0,0,0,0,0,0,0,0
59397621,1,,59397611,43,19,24,4,2,2,47,21,26,17,9,8,46,20,26,46,20,26,30,12,18,18,8,10,7,3,4,0,0,0,0,0,0,20,20,6,11,3,2,0,1,0,17,13,4,0,20,0,5,5
59397622,0,,,40,18,22,0,0,0,40,18,22,16,8,8,39,17,22,38,17,21,24,10,14,13,5,8,6,3,3,0,0,0,0,0,0,23,23,12,6,4,1,0,0,0,11,11,0,0,18,0,10,4
59397625,0,,,55,25,30,1,0,1,53,24,29,19,8,11,52,23,29,52,23,29,34,16,18,16,7,9,4,1,3,0,0,0,0,0,0,23,23,5,10,6,0,1,0,1,18,15,3,0,18,0,3,8
59397626,0,,,21,11,10,0,0,0,21,11,10,5,4,1,21,11,10,21,11,10,16,7,9,10,5,5,1,0,1,1,0,1,0,0,0,10,10,3,5,1,0,1,0,0,6,5,1,0,9,0,3,3
59397627,0,,,192,101,91,5,3,2,187,98,89,88,50,38,186,97,89,185,97,88,99,48,51,48,22,26,19,7,12,0,0,0,0,0,0,83,77,29,29,4,10,3,1,1,48,37,11,2,59,0,19,17
59397632,0,,,32,18,14,0,0,0,32,18,14,13,8,5,32,18,14,32,18,14,19,10,9,9,3,6,1,0,1,0,0,0,0,0,0,16,16,6,6,2,2,0,0,0,10,7,3,0,13,0,4,4
59397635,0,,,119,57,62,1,0,1,118,57,61,44,24,20,118,57,61,118,57,61,74,33,41,35,16,19,13,5,8,0,0,0,0,0,0,54,54,13,23,14,2,2,0,0,41,35,6,0,48,0,12,15
59397636,0,,,22,13,9,3,3,0,19,10,9,8,4,4,19,10,9,19,10,9,11,6,5,4,1,3,1,0,1,0,0,0,1,0,1,9,9,2,5,0,0,2,0,0,7,6,1,1,8,0,2,2
59397640,0,,,35,16,19,1,1,0,34,15,19,13,6,7,33,15,18,33,15,18,21,9,12,5,2,3,3,1,2,0,0,0,0,0,0,15,15,4,5,4,1,1,0,0,11,8,3,1,14,0,4,3
59397641,0,,,92,45,47,6,4,2,86,41,45,35,17,18,85,40,45,84,39,45,51,24,27,31,13,18,13,6,7,0,0,0,0,0,0,38,38,10,16,8,0,1,1,2,28,22,6,2,34,0,8,11
59397642,0,,,110,54,56,4,2,2,105,51,54,43,23,20,104,51,53,103,50,53,62,28,34,36,16,20,13,5,8,0,0,0,0,0,0,51,51,17,18,10,3,3,0,0,34,29,5,1,42,0,15,12
59397643,0,,,201,103,98,3,2,1,197,100,97,71,44,27,196,100,96,195,99,96,126,56,70,70,32,38,18,7,11,0,0,0,0,0,0,92,92,26,39,17,6,3,0,1,66,54,12,0,79,0,18,30
59397644,0,,,85,41,44,2,0,2,83,41,42,32,15,17,82,41,41,81,41,40,51,26,25,17,10,7,2,2,0,0,0,0,0,0,0,35,35,10,9,10,5,0,0,1,25,19,6,1,32,0,8,8
59397645,0,,,84,42,42,1,0,1,83,42,41,27,15,12,83,42,41,83,42,41,56,27,29,27,13,14,6,2,4,0,0,0,0,0,0,39,39,11,18,4,5,1,0,0,28,23,5,0,35,0,8,16
59397646,0,,,70,33,37,2,1,1,68,32,36,29,14,15,68,32,36,68,32,36,39,18,21,19,9,10,7,2,5,3,0,3,0,0,0,26,26,1,13,6,5,1,0,0,25,15,10,0,23,0,1,9
59397650,0,,,18,9,9,0,0,0,18,9,9,10,4,6,18,9,9,18,9,9,8,5,3,1,1,0,0,0,0,0,0,0,0,0,0,8,8,2,3,2,1,0,0,0,6,6,0,0,5,0,0,1
59397651,0,,,20,12,8,2,2,0,18,10,8,10,6,4,18,10,8,18,10,8,8,4,4,3,2,1,0,0,0,0,0,0,0,0,0,9,9,2,4,2,1,0,0,0,6,5,1,1,5,0,0,3
59397652,0,,,609,294,315,26,14,12,579,278,301,227,127,100,573,277,296,570,276,294,352,151,201,195,77,118,51,14,37,1,0,1,1,0,1,295,295,95,123,46,26,4,1,0,199,167,32,5,237,0,76,75
59397653,0,,,13,7,6,0,0,0,13,7,6,6,3,3,12,6,6,12,6,6,7,4,3,3,2,1,1,0,1,0,0,0,0,0,0,7,7,4,1,1,1,0,0,0,3,2,1,0,6,0,4,1
59397655,1,,59397656,75,38,37,0,0,0,78,39,39,31,18,13,78,39,39,78,39,39,47,21,26,28,11,17,10,3,7,0,0,0,0,0,0,36,36,11,17,8,1,1,0,0,27,19,8,0,30,0,8,10
59397656,2,59397655,,3,1,2,*,*,*,*,*,*,*,*,*,*,*,*,*,*,*,*,*,*,*,*,*,*,*,*,*,*,*,*,*,*,2,2,*,*,*,*,*,*,*,*,*,*,*,*,*,*,*
59397658,2,59397659,,7,5,2,*,*,*,*,*,*,*,*,*,*,*,*,*,*,*,*,*,*,*,*,*,*,*,*,*,*,*,*,*,*,4,4,*,*,*,*,*,*,*,*,*,*,*,*,*,*,*
59397659,1,,59397658,90,41,49,3,1,2,94,45,49,47,20,27,93,45,48,93,45,48,47,25,22,28,11,17,13,5,8,1,0,1,0,0,0,32,32,5,16,6,4,4,1,0,31,23,8,0,29,0,4,8
59397660,0,,,26,15,11,0,0,0,26,15,11,8,6,2,26,15,11,26,15,11,18,9,9,8,3,5,3,0,3,0,0,0,0,0,0,14,14,4,8,2,0,0,0,0,10,10,0,0,12,0,3,4
59397661,0,,,107,52,55,10,4,6,97,48,49,39,22,17,94,45,49,94,45,49,58,26,32,26,11,15,10,4,6,1,0,1,0,0,0,41,41,8,16,9,4,2,1,1,33,25,8,3,36,0,8,11
59397662,0,,,48,21,27,3,2,1,44,19,25,9,5,4,44,19,25,44,19,25,35,14,21,20,7,13,8,1,7,0,0,0,0,0,0,23,22,12,6,3,0,0,1,0,10,8,2,1,19,0,10,4
59397668,0,,,18,8,10,0,0,0,18,8,10,8,4,4,18,8,10,17,8,9,10,4,6,4,0,4,1,0,1,0,0,0,0,0,0,8,8,4,1,2,0,0,1,0,4,1,3,0,8,0,4,1
59397669,0,,,248,112,136,11,5,6,237,107,130,110,56,54,232,104,128,230,103,127,127,51,76,63,20,43,23,6,17,0,0,0,0,0,0,96,96,23,35,16,13,3,3,3,73,44,29,2,83,0,17,22
59397670,0,,,56,26,30,5,2,3,51,24,27,24,13,11,50,24,26,49,24,25,27,11,16,12,5,7,6,2,4,1,0,1,0,0,0,21,21,4,9,4,2,0,0,2,17,12,5,1,16,0,1,6
59397679,0,,,169,82,87,5,1,4,164,81,83,76,39,37,162,81,81,162,81,81,88,42,46,45,19,26,15,6,9,1,0,1,0,0,0,70,70,15,30,15,4,4,1,1,55,43,12,2,60,0,14,15
59397689,0,,,171,88,83,13,7,6,158,81,77,77,39,38,155,79,76,155,79,76,81,42,39,32,13,19,13,5,8,1,1,0,1,0,1,66,66,14,23,16,6,3,4,0,52,41,11,4,50,0,9,14
59397700,0,,,42,20,22,1,0,1,41,20,21,16,11,5,41,20,21,40,19,21,25,9,16,16,5,11,7,3,4,0,0,0,0,0,0,22,22,10,7,3,1,1,0,0,12,10,2,0,19,0,10,5
59397701,0,,,126,63,63,8,6,2,118,57,61,59,33,26,118,57,61,117,57,60,59,24,35,28,9,19,10,3,7,0,0,0,0,0,0,53,53,14,22,6,7,2,2,0,39,29,10,2,41,0,8,10
59397702,0,,,284,137,147,22,11,11,262,126,136,135,63,72,255,123,132,251,120,131,127,63,64,52,19,33,17,7,10,1,1,0,0,0,0,106,106,21,36,25,14,2,6,2,84,55,29,3,87,0,16,20
59397704,0,,,427,199,228,42,21,21,385,178,207,235,116,119,376,174,202,369,170,199,150,62,88,68,25,43,15,4,11,3,1,2,1,0,1,180,180,40,76,36,18,7,1,2,139,116,23,12,104,0,24,30
59397705,0,,,233,109,124,16,8,8,217,101,116,95,48,47,214,100,114,211,98,113,122,53,69,65,25,40,22,7,15,3,0,3,0,0,0,98,97,26,36,18,13,3,1,0,71,57,14,4,71,0,18,22
59397711,0,,,83,20,63,0,0,0,83,20,63,14,5,9,83,20,63,83,20,63,69,15,54,60,11,49,44,8,36,8,1,7,0,0,0,12,11,3,3,2,3,0,0,0,8,5,3,0,10,0,2,1
59397712,0,,,213,103,110,15,5,10,198,98,100,99,56,43,194,96,98,192,95,97,99,42,57,37,12,25,12,2,10,0,0,0,0,0,0,79,79,20,20,21,7,6,4,1,59,33,26,3,68,0,16,10
59397714,0,,,82,37,45,6,6,0,76,31,45,35,16,19,75,30,45,75,30,45,41,15,26,25,9,16,5,0,5,0,0,0,0,0,0,34,34,12,6,8,6,2,0,0,22,16,6,1,29,0,10,2
59397715,0,,,111,52,59,6,4,2,100,45,55,51,26,25,98,44,54,96,42,54,49,19,30,24,9,15,6,0,6,0,0,0,0,0,0,45,45,8,19,11,3,4,0,0,35,25,10,2,34,0,6,6
59397722,0,,,228,113,115,10,4,6,211,105,106,89,49,40,211,105,106,210,104,106,122,56,66,65,27,38,25,9,16,4,2,2,0,0,0,93,93,23,33,24,6,1,4,2,69,53,16,3,78,0,19,23
59397723,0,,,129,66,63,7,6,1,122,60,62,60,33,27,117,57,60,116,56,60,62,27,35,31,11,20,15,5,10,1,1,0,0,0,0,48,47,10,17,10,4,3,2,1,37,28,9,2,37,0,8,12
59397724,0,,,453,209,244,48,26,22,405,183,222,218,104,114,398,181,217,396,181,215,187,79,108,95,33,62,30,10,20,1,0,1,2,2,0,170,170,45,51,29,21,14,6,4,124,87,37,11,126,0,36,29
59397725,0,,,56,24,32,0,0,0,56,24,32,26,11,15,56,24,32,55,24,31,30,13,17,11,5,6,2,1,1,0,0,0,0,0,0,22,22,3,11,3,3,2,0,0,19,15,4,0,19,0,2,8
59397732,0,,,215,102,113,5,2,3,210,100,110,105,47,58,206,100,106,206,100,106,105,53,52,59,28,31,21,10,11,0,0,0,0,0,0,89,89,20,33,24,5,6,0,1,68,51,17,1,71,0,13,18
59397733,0,,,56,22,34,0,0,0,56,22,34,19,10,9,54,22,32,53,21,32,37,12,25,26,7,19,15,4,11,1,0,1,0,0,0,16,15,5,6,0,2,1,1,0,10,6,4,0,12,0,4,3
59397735,0,,,57,31,26,6,3,3,51,28,23,27,16,11,47,25,22,47,25,22,24,12,12,7,2,5,3,0,3,0,0,0,0,0,0,22,22,7,5,3,4,3,0,0,15,10,5,1,16,0,5,5
59397742,0,,,86,45,41,3,2,1,83,43,40,41,20,21,83,43,40,83,43,40,42,23,19,25,12,13,13,7,6,0,0,0,0,0,0,35,35,10,8,9,7,1,0,0,25,17,8,1,29,0,7,5
59397743,0,,,272,137,135,18,8,10,254,129,125,120,65,55,244,123,121,241,120,121,134,64,70,61,25,36,15,8,7,2,0,2,1,0,1,100,100,21,34,19,13,6,5,2,79,54,25,3,83,0,17,23
59397750,0,,,58,29,29,0,0,0,58,29,29,15,9,6,58,29,29,58,29,29,43,20,23,18,9,9,10,3,7,0,0,0,0,0,0,24,24,3,11,7,3,0,0,0,21,18,3,0,23,0,3,9
59397752,0,,,319,137,182,7,5,2,302,128,174,115,61,54,299,126,173,295,125,170,187,67,120,133,38,95,89,21,68,10,3,7,0,0,0,111,108,36,36,22,8,5,1,0,69,55,14,2,72,0,22,18
59397753,0,,,168,79,89,13,8,5,155,71,84,80,39,41,154,71,83,153,71,82,75,32,43,39,16,23,13,5,8,1,1,0,0,0,0,72,72,21,25,16,5,2,2,1,50,41,9,5,53,0,15,9
59397760,0,,,170,81,89,6,4,2,164,77,87,72,37,35,160,73,87,159,72,87,92,40,52,57,22,35,29,10,19,2,1,1,0,0,0,57,56,12,17,14,7,3,1,2,44,27,17,3,47,0,9,11
59397761,0,,,27,13,14,0,0,0,27,13,14,12,6,6,25,12,13,25,12,13,15,7,8,6,3,3,3,1,2,1,0,1,0,0,0,12,12,3,7,0,1,0,1,0,9,8,1,0,11,0,3,2
59397762,2,59397763,,8,3,5,*,*,*,*,*,*,*,*,*,*,*,*,*,*,*,*,*,*,*,*,*,*,*,*,*,*,*,*,*,*,3,3,*,*,*,*,*,*,*,*,*,*,*,*,*,*,*
59397763,1,,59397762,220,101,119,19,9,10,209,95,114,107,54,53,202,90,112,201,89,112,102,41,61,43,15,28,15,5,10,1,0,1,0,0,0,92,92,26,29,25,9,4,1,1,69,53,16,4,66,0,19,17
59397770,2,59397771,,8,3,5,*,*,*,*,*,*,*,*,*,*,*,*,*,*,*,*,*,*,*,*,*,*,*,*,*,*,*,*,*,*,4,4,*,*,*,*,*,*,*,*,*,*,*,*,*,*,*
59397771,1,,59397770;59397781,144,68,76,4,1,3,150,72,78,71,35,36,148,71,77,148,71,77,79,37,42,29,8,21,15,2,13,1,0,1,0,0,0,63,63,19,29,11,7,2,1,0,50,36,14,1,56,0,15,15
59397773,0,,,208,105,103,13,9,4,195,96,99,87,49,38,190,93,97,190,93,97,108,47,61,53,24,29,17,9,8,0,0,0,0,0,0,82,82,23,30,13,6,2,5,3,59,39,20,2,68,0,19,15
59397780,1,,59397790,134,65,69,5,1,4,138,69,69,58,32,26,138,69,69,135,66,69,80,37,43,37,17,20,14,2,12,0,0,0,0,0,0,54,54,9,22,17,7,1,1,0,48,37,11,0,49,0,8,13
59397781,2,59397771,,2,2,0,*,*,*,*,*,*,*,*,*,*,*,*,*,*,*,*,*,*,*,*,*,*,*,*,*,*,*,*,*,*,2,2,*,*,*,*,*,*,*,*,*,*,*,*,*,*,*
59397783,0,,,93,46,47,2,2,0,91,44,47,42,22,20,91,44,47,89,43,46,49,22,27,35,17,18,7,3,4,0,0,0,0,0,0,42,42,11,15,13,2,1,0,0,31,24,7,1,31,0,9,10
59397784,0,,,21,13,8,2,2,0,19,11,8,11,7,4,19,11,8,19,11,8,8,4,4,4,3,1,3,2,1,0,0,0,0,0,0,10,10,3,4,2,1,0,0,0,7,5,2,0,7,0,3,0
59397790,2,59397780,,9,5,4,*,*,*,*,*,*,*,*,*,*,*,*,*,*,*,*,*,*,*,*,*,*,*,*,*,*,*,*,*,*,3,3,*,*,*,*,*,*,*,*,*,*,*,*,*,*,*
59397792,0,,,31,12,19,3,2,1,28,10,18,10,2,8,28,10,18,28,10,18,18,8,10,7,2,5,3,0,3,0,0,0,0,0,0,11,11,1,4,4,1,0,1,0,10,6,4,1,11,0,1,4
59397794,0,,,219,98,121,8,4,4,211,94,117,100,51,49,211,94,117,209,94,115,111,43,68,55,19,36,17,6,11,1,0,1,0,0,0,87,87,23,30,14,13,4,1,2,64,39,25,1,72,0,14,16
59400000,0,,,620,291,329,79,33,46,541,258,283,361,178,183,515,246,269,503,241,262,180,80,100,63,23,40,15,4,11,1,0,1,1,0,1,222,221,37,72,51,36,16,7,2,183,144,39,10,124,0,23,28
59400002,0,,,20,11,9,0,0,0,20,11,9,8,6,2,20,11,9,20,11,9,12,5,7,7,2,5,2,0,2,0,0,0,0,0,0,8,8,3,0,3,2,0,0,0,5,2,3,0,7,0,2,0
59400003,0,,,99,52,47,5,1,4,94,51,43,50,30,20,94,51,43,93,50,43,44,21,23,30,14,16,9,4,5,2,1,1,1,0,1,33,33,6,9,6,6,4,1,1,27,15,12,1,26,0,3,6
59400004,0,,,91,45,46,6,3,3,85,42,43,47,28,19,85,42,43,83,40,43,38,14,24,24,9,15,10,3,7,0,0,0,0,0,0,26,26,2,5,9,4,2,2,2,24,13,11,1,22,0,1,3
59400005,0,,,122,57,65,15,6,9,107,51,56,53,29,24,105,49,56,104,49,55,54,22,32,23,8,15,7,1,6,1,0,1,0,0,0,36,36,2,10,10,6,4,2,2,34,17,17,3,29,0,1,6
59400006,0,,,26,12,14,0,0,0,26,12,14,16,7,9,26,12,14,26,12,14,10,5,5,6,2,4,4,2,2,0,0,0,0,0,0,7,7,0,3,0,1,2,1,0,7,4,3,0,6,0,0,1
59400007,0,,,167,84,83,13,7,6,154,77,77,81,41,40,149,77,72,148,77,71,73,36,37,32,16,16,17,8,9,1,0,1,1,0,1,51,51,9,13,8,7,8,3,3,42,22,20,2,41,0,5,5
59400008,0,,,63,28,35,4,1,3,59,27,32,24,11,13,58,27,31,58,27,31,35,16,19,13,6,7,6,1,5,0,0,0,0,0,0,21,21,3,6,5,4,2,0,1,18,11,7,1,21,0,3,3
59400009,0,,,77,40,37,5,3,2,72,37,35,42,23,19,71,36,35,70,36,34,30,14,16,21,9,12,5,2,3,0,0,0,0,0,0,26,26,4,9,3,6,3,0,1,22,13,9,0,18,0,2,5
59400010,0,,,597,308,289,69,39,30,526,267,259,341,190,151,513,262,251,504,258,246,185,77,108,82,28,54,28,7,21,1,0,1,36,35,1,270,269,100,76,49,32,8,3,1,168,138,30,13,125,36,33,29
59400011,0,,,802,371,431,103,38,65,697,333,364,422,215,207,670,316,354,661,313,348,275,118,157,144,55,89,34,11,23,3,1,2,0,0,0,271,268,44,69,66,53,24,8,4,222,164,58,20,171,1,29,35
59400012,0,,,155,74,81,26,13,13,129,61,68,75,41,34,125,59,66,125,59,66,54,20,34,28,8,20,9,2,7,0,0,0,2,2,0,50,49,10,16,3,11,3,3,3,39,28,11,7,36,0,9,9
59400013,0,,,64,28,36,7,3,4,57,25,32,35,18,17,57,25,32,56,24,32,22,7,15,10,2,8,3,0,3,0,0,0,0,0,0,22,22,2,9,6,3,0,0,2,20,13,7,4,16,0,1,1
59400014,0,,,112,53,59,13,9,4,99,44,55,54,26,28,96,43,53,96,43,53,45,18,27,20,5,15,9,1,8,0,0,0,0,0,0,33,33,4,6,6,12,2,1,2,29,12,17,3,28,0,3,2
59400015,0,,,156,79,77,20,11,9,136,68,68,77,41,36,134,68,66,133,68,65,59,27,32,23,7,16,11,3,8,0,0,0,0,0,0,48,48,3,18,11,5,5,4,2,45,30,15,3,39,0,2,5
59400016,0,,,92,41,51,5,2,3,87,39,48,49,23,26,85,38,47,84,38,46,38,16,22,19,6,13,6,2,4,0,0,0,0,0,0,32,32,7,8,7,6,1,2,1,25,15,10,1,26,0,6,2
59400017,1,,59400027,171,80,91,18,7,11,156,74,82,82,40,42,150,72,78,149,72,77,74,34,40,34,14,20,14,4,10,0,0,0,1,0,1,49,49,6,13,11,9,4,4,4,44,23,21,5,44,0,5,7
59400018,0,,,127,60,67,11,5,6,116,55,61,57,31,26,113,54,59,110,52,58,59,24,35,27,11,16,11,3,8,0,0,0,0,0,0,39,39,5,12,9,3,4,4,2,34,18,16,2,36,0,4,6
59400019,1,,59400029,225,105,120,18,4,14,217,106,111,116,61,55,214,104,110,209,103,106,101,45,56,51,22,29,15,7,8,1,1,0,0,0,0,71,71,6,26,14,13,7,3,4,67,39,28,6,63,0,6,14
59400020,0,,,197,103,94,19,9,10,176,92,84,105,63,42,170,89,81,167,87,80,71,29,42,39,13,26,13,5,8,1,0,1,2,2,0,73,73,18,18,16,12,7,2,0,55,35,20,4,47,2,7,9
59400021,0,,,820,355,465,84,33,51,733,320,413,360,182,178,716,311,405,709,306,403,373,138,235,255,81,174,130,32,98,17,1,16,3,2,1,268,265,54,86,56,39,19,9,2,208,159,49,22,171,2,38,46
59400022,0,,,67,33,34,2,1,1,65,32,33,39,19,20,61,30,31,60,29,31,26,13,13,16,6,10,5,2,3,0,0,0,0,0,0,21,21,2,6,6,2,3,2,0,19,12,7,1,15,0,1,4
59400023,0,,,23,11,12,5,3,2,18,8,10,9,4,5,18,8,10,18,8,10,9,4,5,3,1,2,0,0,0,0,0,0,0,0,0,7,7,0,2,2,2,1,0,0,7,4,3,1,6,0,0,2
59400024,0,,,25,11,14,1,0,1,24,11,13,12,6,6,23,11,12,23,11,12,12,5,7,7,3,4,2,0,2,0,0,0,0,0,0,7,7,1,1,3,0,0,1,1,6,3,3,0,6,0,1,0
59400025,0,,,283,138,145,28,17,11,255,121,134,139,70,69,249,120,129,245,119,126,116,51,65,49,19,30,21,5,16,1,0,1,0,0,0,91,91,18,26,18,9,7,6,7,72,38,34,7,70,0,10,11
59400026,0,,,322,154,168,27,17,10,295,137,158,141,74,67,291,134,157,288,132,156,154,63,91,100,38,62,42,13,29,5,3,2,0,0,0,101,98,21,24,22,15,12,3,1,77,45,32,7,72,0,13,11
59400027,2,59400017,,3,1,2,*,*,*,*,*,*,*,*,*,*,*,*,*,*,*,*,*,*,*,*,*,*,*,*,*,*,*,*,*,*,2,2,*,*,*,*,*,*,*,*,*,*,*,*,*,*,*
59400028,1,,59400039,13,7,6,4,3,1,17,10,7,9,6,3,17,10,7,17,10,7,8,4,4,3,1,2,1,0,1,0,0,0,0,0,0,6,6,1,5,0,1,0,1,0,7,5,2,0,6,0,1,1
59400029,2,59400019,,10,5,5,*,*,*,*,*,*,*,*,*,*,*,*,*,*,*,*,*,*,*,*,*,*,*,*,*,*,*,*,*,*,2,2,*,*,*,*,*,*,*,*,*,*,*,*,*,*,*
59400030,0,,,190,86,104,24,10,14,166,76,90,100,50,50,162,75,87,158,73,85,66,26,40,26,8,18,9,2,7,0,0,0,0,0,0,56,56,9,14,12,8,3,4,6,47,25,22,4,44,0,7,5
59400031,0,,,338,160,178,39,25,14,298,134,164,181,87,94,290,130,160,289,129,160,117,47,70,47,15,32,14,5,9,0,0,0,0,0,0,107,105,23,24,17,16,14,6,5,82,51,31,10,73,0,13,11
59400032,2,59400033,,6,4,2,*,*,*,*,*,*,*,*,*,*,*,*,*,*,*,*,*,*,*,*,*,*,*,*,*,*,*,*,*,*,2,2,*,*,*,*,*,*,*,*,*,*,*,*,*,*,*
59400033,1,,59400032,531,259,272,72,37,35,465,226,239,293,157,136,452,217,235,443,210,233,172,69,103,86,30,56,28,4,24,0,0,0,0,0,0,159,159,13,51,31,35,10,11,10,145,86,59,21,113,2,9,21
59400034,0,,,140,70,70,19,10,9,121,60,61,72,40,32,118,59,59,116,57,59,49,20,29,31,12,19,12,5,7,1,0,1,0,0,0,43,43,10,6,9,8,6,1,3,32,16,16,5,30,0,7,3
59400035,0,,,350,180,170,96,48,48,254,132,122,218,117,101,228,116,112,227,116,111,36,15,21,17,7,10,6,2,4,0,0,0,1,0,1,105,105,5,23,27,37,9,3,1,99,88,11,12,23,0,1,5
59400036,0,,,190,104,86,35,21,14,155,83,72,107,60,47,151,81,70,147,77,70,48,23,25,22,8,14,8,2,6,1,0,1,0,0,0,58,58,13,6,14,13,6,3,3,45,30,15,6,26,1,3,2
59400037,0,,,61,31,30,6,4,2,55,27,28,33,15,18,54,26,28,54,26,28,22,12,10,9,3,6,4,1,3,0,0,0,0,0,0,19,19,3,4,4,4,2,2,0,16,9,7,1,12,0,2,2
59400039,2,59400028,,8,6,2,*,*,*,*,*,*,*,*,*,*,*,*,*,*,*,*,*,*,*,*,*,*,*,*,*,*,*,*,*,*,2,2,*,*,*,*,*,*,*,*,*,*,*,*,*,*,*
59400040,0,,,69,41,28,10,6,4,59,35,24,36,22,14,57,33,24,56,32,24,23,13,10,13,6,7,4,2,2,0,0,0,0,0,0,19,19,1,3,8,2,2,1,2,18,9,9,3,15,0,1,1
59400041,0,,,502,216,286,33,14,19,469,202,267,235,119,116,456,193,263,451,193,258,234,83,151,133,36,97,63,7,56,8,0,8,0,0,0,156,153,33,42,36,24,9,6,3,119,83,36,7,103,0,22,20
59400043,0,,,1931,950,981,218,108,110,1682,828,854,1150,597,553,1628,799,829,1600,787,813,532,231,301,235,96,139,66,22,44,0,0,0,10,6,4,820,820,265,242,154,107,32,12,8,545,450,95,77,366,33,88,91
59400044,0,,,1079,553,526,202,98,104,862,448,414,717,380,337,831,430,401,813,423,390,145,68,77,67,30,37,24,12,12,5,2,3,2,1,1,437,433,142,108,85,63,23,8,4,285,251,34,61,96,26,26,17
59400045,0,,,225,107,118,20,11,9,202,95,107,114,60,54,197,92,105,195,91,104,88,35,53,39,10,29,18,4,14,4,1,3,0,0,0,71,70,11,21,17,10,2,7,2,58,40,18,3,48,0,6,12
59400046,0,,,46,24,22,7,4,3,39,20,19,20,11,9,39,20,19,37,19,18,19,9,10,6,4,2,1,1,0,0,0,0,0,0,0,17,17,3,7,2,3,1,1,0,14,11,3,1,13,0,3,3
59400047,0,,,65,32,33,5,3,2,60,29,31,24,10,14,59,29,30,59,29,30,36,19,17,15,7,8,4,2,2,0,0,0,0,0,0,23,23,1,13,4,3,0,1,1,22,18,4,2,21,0,1,9
59400048,1,,59400058,50,21,29,6,2,4,52,24,28,27,14,13,50,23,27,49,23,26,25,10,15,9,2,7,5,1,4,0,0,0,0,0,0,16,16,3,5,4,4,1,2,0,16,9,7,0,16,0,3,4
59400049,0,,,44,23,21,5,4,1,39,19,20,26,13,13,35,17,18,32,16,16,13,6,7,6,2,4,3,1,2,0,0,0,0,0,0,11,11,3,1,1,1,1,1,3,8,2,6,0,10,0,2,0
59400051,0,,,63,14,49,0,0,0,63,14,49,0,0,0,63,14,49,63,14,49,63,14,49,58,10,48,52,10,42,9,1,8,0,0,0,2,0,0,0,0,0,0,0,0,0,0,0,0,0,0,0,0
59400052,0,,,535,209,326,28,10,18,507,199,308,141,78,63,482,185,297,479,182,297,366,121,245,279,72,207,158,28,130,23,2,21,1,0,1,88,83,23,28,17,6,6,3,0,60,53,7,5,52,0,18,14
59400053,0,,,2673,1273,1400,303,156,147,2348,1107,1241,1413,716,697,2287,1078,1209,2249,1057,1192,935,391,544,456,175,281,145,49,96,8,2,6,12,6,6,1121,1116,350,361,175,148,56,18,8,760,625,135,73,619,26,168,150
59400054,0,,,4492,2181,2311,510,270,240,3891,1863,2028,2653,1371,1282,3758,1798,1960,3689,1762,1927,1238,492,746,625,221,404,196,62,134,12,2,10,12,5,7,2077,2070,887,538,307,221,74,28,15,1162,975,187,156,827,151,265,188
59400055,0,,,725,360,365,118,61,57,606,299,307,463,235,228,583,289,294,568,282,286,143,64,79,48,16,32,12,2,10,1,0,1,2,1,1,276,276,68,71,69,43,16,7,2,208,177,31,41,99,5,17,22
59400056,1,,59400066,47,23,24,5,3,2,49,25,24,30,16,14,47,24,23,44,23,21,19,9,10,8,4,4,2,1,1,0,0,0,0,0,0,14,14,12,2,2,1,0,2,2,9,4,5,1,11,4,3,2
59400058,2,59400048,,8,5,3,*,*,*,*,*,*,*,*,*,*,*,*,*,*,*,*,*,*,*,*,*,*,*,*,*,*,*,*,*,*,3,3,*,*,*,*,*,*,*,*,*,*,*,*,*,*,*
59400059,0,,,20,9,11,2,1,1,18,8,10,9,4,5,18,8,10,18,8,10,9,4,5,3,0,3,3,0,3,0,0,0,0,0,0,6,6,0,2,3,0,0,0,1,5,3,2,1,5,0,0,1
59400061,0,,,265,95,170,7,4,3,258,91,167,62,28,34,258,91,167,258,91,167,196,63,133,145,36,109,86,20,66,10,4,6,0,0,0,9,7,2,0,2,2,1,0,0,5,4,1,2,2,0,1,0
59400062,0,,,1210,574,636,172,88,84,1032,483,549,712,357,355,997,465,532,983,456,527,320,126,194,171,59,112,41,10,31,2,0,2,4,2,2,472,471,137,114,99,75,35,7,4,331,257,74,45,229,17,58,45
59400063,0,,,2419,1132,1287,267,139,128,2118,978,1140,1265,643,622,2067,955,1112,2040,944,1096,853,335,518,470,169,301,156,55,101,8,2,6,1,0,1,1066,1063,386,312,186,113,38,16,12,670,542,128,61,584,50,168,137
59400064,0,,,3466,1725,1741,365,179,186,3037,1514,1523,1990,1100,890,2944,1457,1487,2853,1394,1459,1047,414,633,522,177,345,187,47,140,22,4,18,28,8,20,1666,1666,757,418,236,162,54,27,12,901,736,165,85,734,160,249,162
59400065,0,,,1281,599,682,210,94,116,1036,487,549,768,393,375,1007,472,535,945,424,521,268,94,174,179,54,125,103,26,77,17,4,13,4,0,4,537,535,234,117,85,64,26,7,2,299,256,43,75,108,79,21,27
59400066,2,59400056,,7,5,2,*,*,*,*,*,*,*,*,*,*,*,*,*,*,*,*,*,*,*,*,*,*,*,*,*,*,*,*,*,*,7,7,*,*,*,*,*,*,*,*,*,*,*,*,*,*,*
59400071,0,,,1083,505,578,109,48,61,963,452,511,639,314,325,916,429,487,901,421,480,324,138,186,181,70,111,47,20,27,2,1,1,4,3,1,459,458,145,146,84,52,18,8,5,306,254,52,28,217,8,58,53
59400072,0,,,3012,1453,1559,417,232,185,2569,1207,1362,1704,855,849,2481,1166,1315,2449,1152,1297,865,352,513,420,138,282,162,40,122,19,4,15,4,1,3,1188,1184,336,353,236,162,57,28,12,834,693,141,118,535,47,111,139
59400073,0,,,1583,741,842,144,86,58,1433,653,780,813,413,400,1395,637,758,1374,625,749,620,240,380,316,101,215,110,20,90,6,1,5,4,0,4,654,654,211,187,121,74,34,22,5,438,310,128,47,431,11,119,88
59400074,0,,,1784,943,841,165,77,88,1566,832,734,1043,603,440,1538,819,719,1457,750,707,523,229,294,234,93,141,78,24,54,7,4,3,16,9,7,911,910,474,200,110,77,32,10,7,432,336,96,45,348,183,93,84
59400075,0,,,868,455,413,77,46,31,766,393,373,541,324,217,752,386,366,692,345,347,225,69,156,151,39,112,98,17,81,23,2,21,1,0,1,434,431,268,71,39,32,15,3,3,162,129,33,16,93,135,21,22
59400081,0,,,121,42,79,8,3,5,113,39,74,64,24,40,111,37,74,107,36,71,49,15,34,17,2,15,5,0,5,1,0,1,2,1,1,64,64,26,25,9,2,2,0,0,37,32,5,2,40,0,17,5
59400082,0,,,3240,1517,1723,410,211,199,2804,1293,1511,1803,891,912,2707,1237,1470,2664,1215,1449,1001,402,599,491,169,322,202,52,150,14,1,13,5,1,4,1268,1263,338,402,246,186,56,28,7,911,766,145,102,615,31,159,145
59400083,0,,,403,202,201,55,30,25,345,171,174,233,115,118,338,168,170,328,162,166,112,56,56,47,24,23,16,8,8,0,0,0,2,1,1,151,151,33,50,28,26,5,6,3,117,99,18,10,75,2,16,19
59400084,0,,,1421,713,708,136,80,56,1238,607,631,880,460,420,1195,587,608,1157,560,597,358,147,211,155,60,95,57,13,44,5,0,5,10,4,6,647,644,292,142,106,66,22,12,4,350,288,62,37,213,80,60,38
59400085,0,,,444,217,227,39,19,20,394,191,203,275,150,125,386,190,196,373,179,194,119,41,78,62,19,43,26,5,21,4,0,4,1,1,0,218,217,129,28,30,16,5,5,4,83,58,25,17,68,63,18,7
59400086,0,,,58,27,31,6,5,1,52,22,30,27,11,16,48,21,27,48,21,27,25,11,14,11,5,6,4,2,2,0,0,0,0,0,0,19,19,5,2,5,4,1,1,1,14,8,6,1,17,0,5,2
59400087,0,,,44,23,21,8,5,3,36,18,18,19,10,9,35,17,18,35,17,18,17,8,9,8,3,5,5,2,3,1,1,0,1,1,0,13,13,2,2,4,3,0,0,2,11,5,6,1,10,0,2,1
59400092,0,,,378,134,244,29,13,16,349,121,228,134,59,75,345,118,227,344,117,227,215,62,153,163,38,125,84,13,71,12,0,12,11,0,11,123,120,42,41,17,13,4,1,2,76,65,11,9,70,0,23,20
59400094,0,,,77,36,41,6,2,4,71,34,37,32,17,15,70,33,37,70,33,37,39,17,22,17,6,11,4,2,2,0,0,0,0,0,0,30,30,5,14,6,2,0,3,0,25,18,7,0,26,0,4,6
59400095,0,,,366,184,182,31,17,14,333,166,167,185,98,87,326,163,163,321,160,161,148,68,80,72,30,42,42,18,24,2,1,1,6,0,6,132,131,40,30,19,19,14,6,3,91,51,40,5,92,6,14,16
59400096,0,,,36,16,20,4,3,1,32,13,19,18,8,10,32,13,19,31,13,18,14,5,9,9,3,6,3,1,2,0,0,0,0,0,0,14,14,4,4,2,3,0,1,0,9,7,2,1,10,0,3,2
59400097,0,,,57,26,31,4,2,2,53,24,29,30,14,16,50,23,27,47,21,26,23,10,13,7,1,6,3,0,3,1,0,1,0,0,0,17,17,3,4,4,1,2,1,2,14,9,5,2,13,0,2,2
59400099,0,,,15,7,8,0,0,0,15,7,8,5,1,4,15,7,8,14,7,7,10,6,4,6,3,3,4,2,2,0,0,0,0,0,0,5,5,0,2,2,0,1,0,0,5,4,1,0,5,0,0,2
59400100,0,,,340,166,174,26,13,13,314,153,161,183,96,87,304,146,158,300,145,155,131,57,74,69,25,44,21,7,14,1,0,1,0,0,0,114,114,22,27,22,28,6,7,2,91,51,40,5,85,0,16,13
59400101,0,,,47,22,25,4,2,2,43,20,23,22,10,12,43,20,23,43,20,23,21,10,11,10,3,7,6,1,5,0,0,0,0,0,0,15,15,5,2,3,0,1,4,0,10,5,5,2,14,0,4,1
59400102,0,,,42,23,19,3,1,2,39,22,17,22,14,8,39,22,17,39,22,17,17,8,9,8,5,3,3,3,0,0,0,0,0,0,0,18,18,7,3,4,3,1,0,0,11,8,3,2,13,0,6,2
59400103,0,,,34,17,17,1,0,1,33,17,16,18,10,8,32,16,16,32,16,16,15,7,8,9,5,4,1,0,1,0,0,0,0,0,0,9,9,2,1,1,1,2,1,1,7,2,5,0,9,0,2,1
59400107,2,59400108,,7,3,4,*,*,*,*,*,*,*,*,*,*,*,*,*,*,*,*,*,*,*,*,*,*,*,*,*,*,*,*,*,*,4,4,*,*,*,*,*,*,*,*,*,*,*,*,*,*,*
59400108,1,,59400107;59400109;59400119,2,1,1,0,0,0,19,10,9,7,5,2,19,10,9,19,10,9,12,5,7,4,2,2,1,0,1,0,0,0,0,0,0,1,1,2,3,2,0,1,0,0,6,5,1,0,8,0,2,3
59400109,2,59400108,,7,4,3,*,*,*,*,*,*,*,*,*,*,*,*,*,*,*,*,*,*,*,*,*,*,*,*,*,*,*,*,*,*,2,2,*,*,*,*,*,*,*,*,*,*,*,*,*,*,*
59400110,1,,59400121,40,24,16,4,3,1,42,23,19,25,16,9,41,23,18,41,23,18,17,7,10,9,3,6,2,0,2,0,0,0,0,0,0,11,11,1,2,6,1,1,0,2,12,5,7,1,11,0,0,1
59400119,2,59400108,,3,2,1,*,*,*,*,*,*,*,*,*,*,*,*,*,*,*,*,*,*,*,*,*,*,*,*,*,*,*,*,*,*,1,1,*,*,*,*,*,*,*,*,*,*,*,*,*,*,*
59400120,1,,59400130,15,7,8,1,0,1,15,8,7,5,4,1,14,7,7,13,6,7,10,4,6,3,1,2,1,0,1,1,0,1,0,0,0,6,6,3,1,2,0,1,0,0,4,3,1,0,6,0,3,1
59400121,2,59400110,,6,2,4,*,*,*,*,*,*,*,*,*,*,*,*,*,*,*,*,*,*,*,*,*,*,*,*,*,*,*,*,*,*,2,2,*,*,*,*,*,*,*,*,*,*,*,*,*,*,*
59400128,2,59400137,,8,4,4,*,*,*,*,*,*,*,*,*,*,*,*,*,*,*,*,*,*,*,*,*,*,*,*,*,*,*,*,*,*,2,2,*,*,*,*,*,*,*,*,*,*,*,*,*,*,*
59400130,2,59400120,,1,1,0,*,*,*,*,*,*,*,*,*,*,*,*,*,*,*,*,*,*,*,*,*,*,*,*,*,*,*,*,*,*,1,1,*,*,*,*,*,*,*,*,*,*,*,*,*,*,*
59400137,1,,59400128;59400138,27,13,14,4,2,2,34,16,18,13,6,7,33,16,17,32,15,17,21,10,11,7,3,4,3,0,3,1,0,1,0,0,0,8,8,2,4,0,4,0,2,0,10,5,5,1,12,0,2,3
59400138,2,59400137,,3,1,2,*,*,*,*,*,*,*,*,*,*,*,*,*,*,*,*,*,*,*,*,*,*,*,*,*,*,*,*,*,*,2,2,*,*,*,*,*,*,*,*,*,*,*,*,*,*,*
59400140,0,,,24,12,12,4,3,1,20,9,11,7,3,4,20,9,11,20,9,11,13,6,7,4,1,3,3,0,3,0,0,0,0,0,0,10,10,3,2,4,0,1,0,0,7,4,3,2,7,0,2,2
59400147,0,,,17,8,9,1,0,1,16,8,8,8,4,4,16,8,8,15,7,8,8,4,4,3,1,2,0,0,0,0,0,0,0,0,0,5,5,1,2,0,1,0,0,1,4,2,2,0,5,0,1,2
59400148,1,,59400149,68,32,36,4,1,3,66,32,34,26,12,14,63,32,31,63,32,31,40,20,20,23,13,10,3,1,2,0,0,0,0,0,0,24,24,8,7,2,3,3,0,2,17,10,7,1,24,0,7,5
59400149,2,59400148,,2,1,1,*,*,*,*,*,*,*,*,*,*,*,*,*,*,*,*,*,*,*,*,*,*,*,*,*,*,*,*,*,*,1,1,*,*,*,*,*,*,*,*,*,*,*,*,*,*,*
59400150,0,,,11,7,4,0,0,0,11,7,4,5,3,2,11,7,4,11,7,4,6,4,2,3,2,1,2,1,1,0,0,0,0,0,0,4,4,1,0,2,1,0,0,0,3,2,1,0,4,0,1,0
59400157,2,59400168,,4,2,2,*,*,*,*,*,*,*,*,*,*,*,*,*,*,*,*,*,*,*,*,*,*,*,*,*,*,*,*,*,*,1,1,*,*,*,*,*,*,*,*,*,*,*,*,*,*,*
59400158,2,59400168,,5,3,2,*,*,*,*,*,*,*,*,*,*,*,*,*,*,*,*,*,*,*,*,*,*,*,*,*,*,*,*,*,*,3,3,*,*,*,*,*,*,*,*,*,*,*,*,*,*,*
59400159,1,,59400169,29,16,13,1,1,0,37,20,17,16,10,6,36,20,16,34,19,15,21,10,11,13,5,8,5,2,3,0,0,0,0,0,0,12,12,6,2,5,0,0,1,1,9,5,4,0,15,0,6,1
59400160,1,,59400161,10,5,5,0,0,0,15,7,8,4,2,2,15,7,8,15,7,8,11,5,6,8,4,4,4,1,3,0,0,0,0,0,0,5,5,2,3,1,1,0,0,0,5,4,1,0,7,0,2,2
59400161,2,59400160,,5,2,3,*,*,*,*,*,*,*,*,*,*,*,*,*,*,*,*,*,*,*,*,*,*,*,*,*,*,*,*,*,*,2,2,*,*,*,*,*,*,*,*,*,*,*,*,*,*,*
59400166,0,,,20,12,8,0,0,0,20,12,8,12,9,3,20,12,8,20,12,8,8,3,5,6,2,4,3,1,2,0,0,0,0,0,0,8,8,4,1,0,1,2,0,0,4,0,4,0,6,0,2,0
59400168,1,,59400157;59400158,19,9,10,1,1,0,27,13,14,11,5,6,27,13,14,27,13,14,16,8,8,4,2,2,0,0,0,0,0,0,0,0,0,8,8,3,5,2,1,1,0,0,9,6,3,0,11,0,3,4
59400169,2,59400159,,9,5,4,*,*,*,*,*,*,*,*,*,*,*,*,*,*,*,*,*,*,*,*,*,*,*,*,*,*,*,*,*,*,3,3,*,*,*,*,*,*,*,*,*,*,*,*,*,*,*
59400176,0,,,25,12,13,3,2,1,22,10,12,6,1,5,22,10,12,22,10,12,16,9,7,5,3,2,1,1,0,0,0,0,0,0,0,10,10,4,3,1,1,0,0,1,6,4,2,1,10,0,4,3
59400177,0,,,52,25,27,1,0,1,51,25,26,19,10,9,50,25,25,50,25,25,32,15,17,14,6,8,3,1,2,0,0,0,0,0,0,23,23,5,11,4,2,1,0,0,18,12,6,0,21,0,4,7
59400178,0,,,15,9,6,0,0,0,15,9,6,4,2,2,15,9,6,15,9,6,11,7,4,5,3,2,1,1,0,0,0,0,0,0,0,8,8,2,5,1,0,0,0,0,6,6,0,0,8,0,2,3
59400180,1,,59400191,47,18,29,0,0,0,51,20,31,29,12,17,50,19,31,49,19,30,22,8,14,14,6,8,3,1,2,1,0,1,0,0,0,15,15,1,4,4,5,2,0,0,15,9,6,0,13,0,1,1
59400186,1,,59400196,18,9,9,0,0,0,21,11,10,10,6,4,21,11,10,21,11,10,11,5,6,5,1,4,2,1,1,0,0,0,0,0,0,8,8,5,2,2,0,0,1,0,5,4,1,0,8,0,4,1
59400187,0,,,45,21,24,4,2,2,41,19,22,19,7,12,40,19,21,40,19,21,22,12,10,12,5,7,3,2,1,0,0,0,0,0,0,16,16,3,5,4,1,2,1,0,13,8,5,0,15,0,3,4
59400188,0,,,47,23,24,1,0,1,46,23,23,22,12,10,46,23,23,46,23,23,24,11,13,12,5,7,7,3,4,0,0,0,0,0,0,17,17,0,5,11,1,0,0,0,17,13,4,0,14,0,0,2
59400190,0,,,27,14,13,2,1,1,25,13,12,16,9,7,25,13,12,24,12,12,9,4,5,7,3,4,1,0,1,0,0,0,0,0,0,8,8,3,0,2,0,1,1,1,5,2,3,1,6,0,2,0
59400191,2,59400180,,4,2,2,*,*,*,*,*,*,*,*,*,*,*,*,*,*,*,*,*,*,*,*,*,*,*,*,*,*,*,*,*,*,1,1,*,*,*,*,*,*,*,*,*,*,*,*,*,*,*
59400195,0,,,22,10,12,0,0,0,22,10,12,8,4,4,21,10,11,20,9,11,14,6,8,8,4,4,1,0,1,0,0,0,0,0,0,9,9,3,4,0,1,0,0,1,6,4,2,0,9,0,3,3
59400196,2,59400186,,3,2,1,*,*,*,*,*,*,*,*,*,*,*,*,*,*,*,*,*,*,*,*,*,*,*,*,*,*,*,*,*,*,2,2,*,*,*,*,*,*,*,*,*,*,*,*,*,*,*
59400197,1,,59400198,75,34,41,12,6,6,72,34,38,40,20,20,69,33,36,69,33,36,32,14,18,16,6,10,9,4,5,0,0,0,0,0,0,22,22,5,3,8,4,4,1,1,21,12,9,4,19,0,4,1
59400198,2,59400197,,9,6,3,*,*,*,*,*,*,*,*,*,*,*,*,*,*,*,*,*,*,*,*,*,*,*,*,*,*,*,*,*,*,4,4,*,*,*,*,*,*,*,*,*,*,*,*,*,*,*
59400201,0,,,18,10,8,0,0,0,18,10,8,8,3,5,18,10,8,18,10,8,10,7,3,4,2,2,0,0,0,0,0,0,0,0,0,9,9,3,3,3,0,0,0,0,6,5,1,0,7,0,3,2
59400202,0,,,48,21,27,8,2,6,40,19,21,16,7,9,40,19,21,40,19,21,24,12,12,13,7,6,3,2,1,1,1,0,0,0,0,16,16,5,3,4,1,0,1,2,11,7,4,2,15,0,5,3
59400203,1,,59400213,32,16,16,3,1,2,31,16,15,12,6,6,31,16,15,31,16,15,19,10,9,8,3,5,4,2,2,0,0,0,0,0,0,11,11,0,6,5,0,0,0,1,12,10,2,1,12,0,0,4
59400205,2,59400217,,2,1,1,*,*,*,*,*,*,*,*,*,*,*,*,*,*,*,*,*,*,*,*,*,*,*,*,*,*,*,*,*,*,2,2,*,*,*,*,*,*,*,*,*,*,*,*,*,*,*
59400213,2,59400203,,2,1,1,*,*,*,*,*,*,*,*,*,*,*,*,*,*,*,*,*,*,*,*,*,*,*,*,*,*,*,*,*,*,1,1,*,*,*,*,*,*,*,*,*,*,*,*,*,*,*
59400215,2,59400227,,3,2,1,*,*,*,*,*,*,*,*,*,*,*,*,*,*,*,*,*,*,*,*,*,*,*,*,*,*,*,*,*,*,2,2,*,*,*,*,*,*,*,*,*,*,*,*,*,*,*
59400217,1,,59400205,15,7,8,0,0,0,17,8,9,4,3,1,17,8,9,17,8,9,13,5,8,5,1,4,2,0,2,0,0,0,0,0,0,8,8,6,3,0,0,1,0,0,4,2,2,0,9,0,5,1
59400227,1,,59400215,20,7,13,3,0,3,20,9,11,10,4,6,20,9,11,20,9,11,10,5,5,6,3,3,2,0,2,0,0,0,0,0,0,5,5,1,2,1,1,1,1,0,6,3,3,2,6,0,1,1
59400228,0,,,18,10,8,0,0,0,18,10,8,9,6,3,18,10,8,18,10,8,9,4,5,4,1,3,2,0,2,0,0,0,0,0,0,7,7,0,3,4,0,0,0,0,7,6,1,0,6,0,0,2
59400229,0,,,25,11,14,0,0,0,25,11,14,13,7,6,24,11,13,24,11,13,12,4,8,5,1,4,2,0,2,0,0,0,0,0,0,9,9,1,2,5,0,1,0,0,8,4,4,0,7,0,0,1
59400232,0,,,24,11,13,1,0,1,23,11,12,11,6,5,23,11,12,23,11,12,12,5,7,3,0,3,2,0,2,0,0,0,0,0,0,10,10,2,3,4,1,0,0,0,8,4,4,0,8,0,1,1
59400233,0,,,50,24,26,1,1,0,49,23,26,18,9,9,49,23,26,49,23,26,31,14,17,21,8,13,4,1,3,0,0,0,1,0,1,21,21,4,8,6,3,0,0,0,17,12,5,0,20,0,3,4
59400235,2,59400246,,10,6,4,*,*,*,*,*,*,*,*,*,*,*,*,*,*,*,*,*,*,*,*,*,*,*,*,*,*,*,*,*,*,3,3,*,*,*,*,*,*,*,*,*,*,*,*,*,*,*
59400236,2,59400246,,4,2,2,*,*,*,*,*,*,*,*,*,*,*,*,*,*,*,*,*,*,*,*,*,*,*,*,*,*,*,*,*,*,1,1,*,*,*,*,*,*,*,*,*,*,*,*,*,*,*
59400237,0,,,34,15,19,1,0,1,33,15,18,14,7,7,33,15,18,32,15,17,19,8,11,6,3,3,2,0,2,0,0,0,0,0,0,11,11,1,4,2,1,3,0,0,10,5,5,1,11,0,1,3
59400238,0,,,19,8,11,1,0,1,18,8,10,5,4,1,18,8,10,18,8,10,13,4,9,7,2,5,2,0,2,0,0,0,0,0,0,10,10,4,4,1,1,0,0,0,6,4,2,0,8,0,2,1
59400239,1,,59400249,23,10,13,2,0,2,30,14,16,19,9,10,28,13,15,27,12,15,11,5,6,5,3,2,1,1,0,0,0,0,0,0,0,6,6,0,3,1,1,1,0,2,8,3,5,0,7,0,0,2
59400241,0,,,15,6,9,0,0,0,15,6,9,8,4,4,15,6,9,15,6,9,7,2,5,3,1,2,1,0,1,0,0,0,0,0,0,7,7,2,2,3,0,0,0,0,5,4,1,0,5,0,2,1
59400242,0,,,11,6,5,0,0,0,11,6,5,4,3,1,11,6,5,11,6,5,7,3,4,3,0,3,2,0,2,0,0,0,0,0,0,5,5,2,1,1,1,0,0,0,3,1,2,0,5,0,2,1
59400246,1,,59400235;59400236,13,6,7,1,1,0,26,13,13,13,7,6,26,13,13,26,13,13,13,6,7,8,3,5,4,1,3,0,0,0,0,0,0,6,6,0,6,2,1,1,0,0,9,8,1,1,8,0,0,2
59400247,0,,,47,25,22,0,0,0,47,25,22,25,14,11,47,25,22,46,24,22,22,11,11,15,7,8,8,4,4,1,0,1,0,0,0,16,16,2,4,6,2,1,1,0,14,7,7,0,13,0,1,1
59400248,0,,,105,50,55,6,4,2,99,46,53,51,24,27,96,46,50,95,46,49,48,22,26,26,8,18,9,3,6,0,0,0,1,0,1,38,38,8,11,8,5,5,1,0,30,15,15,2,34,0,6,4
59400249,2,59400239,,9,4,5,*,*,*,*,*,*,*,*,*,*,*,*,*,*,*,*,*,*,*,*,*,*,*,*,*,*,*,*,*,*,2,2,*,*,*,*,*,*,*,*,*,*,*,*,*,*,*
59400250,1,,59400260,16,8,8,1,1,0,26,11,15,8,3,5,26,11,15,26,11,15,18,8,10,11,5,6,3,1,2,0,0,0,0,0,0,8,8,1,6,1,1,0,0,1,9,6,3,1,10,0,1,3
59400251,0,,,19,10,9,0,0,0,19,10,9,7,4,3,19,10,9,19,10,9,12,6,6,8,4,4,4,2,2,0,0,0,0,0,0,8,8,2,4,0,1,1,0,0,6,4,2,0,6,0,1,3
59400252,0,,,16,9,7,0,0,0,16,9,7,4,3,1,16,9,7,16,9,7,12,6,6,3,1,2,2,0,2,0,0,0,0,0,0,7,7,2,3,1,0,1,0,0,5,3,2,0,6,0,1,2
59400253,1,,59400254,74,42,32,3,3,0,79,43,36,39,20,19,78,43,35,78,43,35,40,23,17,16,10,6,5,4,1,0,0,0,0,0,0,24,24,2,11,5,4,3,2,0,25,16,9,2,23,0,1,7
59400254,2,59400253,,8,4,4,*,*,*,*,*,*,*,*,*,*,*,*,*,*,*,*,*,*,*,*,*,*,*,*,*,*,*,*,*,*,3,3,*,*,*,*,*,*,*,*,*,*,*,*,*,*,*
59400258,1,,59400259,21,9,12,1,1,0,22,9,13,12,5,7,22,9,13,21,8,13,10,4,6,4,3,1,1,0,1,0,0,0,0,0,0,10,10,4,3,3,1,0,0,0,7,3,4,0,8,0,3,2
59400259,2,59400258,,2,1,1,*,*,*,*,*,*,*,*,*,*,*,*,*,*,*,*,*,*,*,*,*,*,*,*,*,*,*,*,*,*,1,1,*,*,*,*,*,*,*,*,*,*,*,*,*,*,*
59400260,2,59400250,,11,4,7,*,*,*,*,*,*,*,*,*,*,*,*,*,*,*,*,*,*,*,*,*,*,*,*,*,*,*,*,*,*,2,2,*,*,*,*,*,*,*,*,*,*,*,*,*,*,*
59400266,1,,59400267,36,18,18,2,1,1,39,20,19,20,12,8,39,20,19,38,19,19,19,8,11,9,2,7,5,1,4,0,0,0,0,0,0,12,12,2,6,2,2,0,1,1,12,7,5,1,13,0,1,5
59400267,2,59400266,,5,3,2,*,*,*,*,*,*,*,*,*,*,*,*,*,*,*,*,*,*,*,*,*,*,*,*,*,*,*,*,*,*,2,2,*,*,*,*,*,*,*,*,*,*,*,*,*,*,*
59400268,0,,,22,9,13,0,0,0,22,9,13,11,5,6,21,9,12,21,9,12,11,4,7,5,2,3,3,1,2,0,0,0,0,0,0,8,8,2,0,4,2,0,0,0,6,4,2,0,7,0,2,0
59400274,2,59400284,,3,1,2,*,*,*,*,*,*,*,*,*,*,*,*,*,*,*,*,*,*,*,*,*,*,*,*,*,*,*,*,*,*,2,2,*,*,*,*,*,*,*,*,*,*,*,*,*,*,*
59400275,2,59400284,,7,3,4,*,*,*,*,*,*,*,*,*,*,*,*,*,*,*,*,*,*,*,*,*,*,*,*,*,*,*,*,*,*,3,3,*,*,*,*,*,*,*,*,*,*,*,*,*,*,*
59400277,0,,,13,8,5,0,0,0,13,8,5,7,6,1,13,8,5,13,8,5,6,2,4,4,1,3,1,0,1,1,0,1,0,0,0,6,6,2,1,3,0,0,0,0,4,2,2,0,4,0,0,1
59400278,0,,,28,11,17,2,0,2,26,11,15,15,7,8,26,11,15,26,11,15,11,4,7,5,1,4,2,1,1,0,0,0,0,0,0,10,10,2,3,2,2,0,1,0,8,4,4,1,9,0,2,0
59400283,2,59400293,,4,2,2,*,*,*,*,*,*,*,*,*,*,*,*,*,*,*,*,*,*,*,*,*,*,*,*,*,*,*,*,*,*,2,2,*,*,*,*,*,*,*,*,*,*,*,*,*,*,*
59400284,1,,59400274;59400275,30,12,18,2,0,2,38,16,22,19,10,9,38,16,22,37,16,21,19,6,13,11,3,8,3,2,1,0,0,0,0,0,0,10,10,5,4,3,1,0,0,2,10,5,5,1,15,0,5,1
59400285,1,,59400295,22,9,13,0,0,0,31,13,18,13,5,8,31,13,18,31,13,18,18,8,10,10,4,6,4,0,4,0,0,0,0,0,0,8,8,4,1,2,2,1,1,0,7,2,5,0,10,0,3,1
59400287,0,,,17,8,9,0,0,0,17,8,9,8,5,3,17,8,9,17,8,9,9,3,6,5,1,4,1,0,1,0,0,0,0,0,0,8,8,3,2,2,1,0,0,0,5,2,3,0,7,0,2,1
59400288,0,,,43,21,22,2,0,2,41,21,20,19,12,7,41,21,20,41,21,20,22,9,13,13,6,7,6,4,2,0,0,0,0,0,0,14,14,2,3,4,3,1,1,0,12,5,7,1,14,0,2,1
59400289,0,,,22,10,12,1,0,1,21,10,11,9,5,4,20,10,10,20,10,10,12,5,7,6,1,5,4,1,3,0,0,0,0,0,0,8,8,2,3,1,1,0,0,1,5,3,2,0,7,0,2,0
59400291,0,,,9,4,5,0,0,0,9,4,5,3,1,2,9,4,5,9,4,5,6,3,3,0,0,0,0,0,0,0,0,0,0,0,0,5,5,1,4,0,0,0,0,0,4,4,0,0,4,0,1,3
59400292,0,,,28,12,16,2,1,1,26,11,15,12,3,9,24,11,13,24,11,13,14,8,6,5,3,2,0,0,0,0,0,0,0,0,0,9,9,1,4,0,1,3,0,0,8,3,5,0,9,0,1,2
59400293,1,,59400283,13,5,8,0,0,0,17,7,10,7,4,3,17,7,10,17,7,10,10,3,7,4,1,3,2,0,2,0,0,0,0,0,0,6,6,2,5,0,0,1,0,0,6,5,1,0,7,0,2,3
59400295,2,59400285,,9,4,5,*,*,*,*,*,*,*,*,*,*,*,*,*,*,*,*,*,*,*,*,*,*,*,*,*,*,*,*,*,*,3,3,*,*,*,*,*,*,*,*,*,*,*,*,*,*,*
59400296,0,,,41,19,22,2,1,1,39,18,21,19,9,10,39,18,21,39,18,21,20,9,11,12,5,7,6,3,3,0,0,0,0,0,0,13,13,1,5,2,3,1,0,1,12,5,7,1,11,0,0,3
59400297,0,,,12,6,6,1,0,1,11,6,5,6,3,3,10,5,5,10,5,5,5,3,2,3,2,1,1,1,0,0,0,0,1,0,1,4,4,0,2,1,0,1,0,0,4,2,2,0,4,0,0,1
59400298,1,,59400299,29,14,15,0,0,0,37,17,20,16,7,9,37,17,20,37,17,20,21,10,11,17,10,7,3,1,2,0,0,0,0,0,0,11,11,2,9,2,0,1,1,0,13,11,2,0,14,0,2,4
59400299,2,59400298,,8,3,5,*,*,*,*,*,*,*,*,*,*,*,*,*,*,*,*,*,*,*,*,*,*,*,*,*,*,*,*,*,*,4,4,*,*,*,*,*,*,*,*,*,*,*,*,*,*,*
59400300,2,59400310,,7,3,4,*,*,*,*,*,*,*,*,*,*,*,*,*,*,*,*,*,*,*,*,*,*,*,*,*,*,*,*,*,*,4,4,*,*,*,*,*,*,*,*,*,*,*,*,*,*,*
59400301,0,,,136,65,71,7,2,5,129,63,66,64,34,30,126,62,64,126,62,64,65,29,36,38,18,20,18,9,9,0,0,0,0,0,0,42,42,3,14,9,8,4,2,2,39,23,16,2,38,0,2,6
59400302,0,,,91,43,48,9,2,7,82,41,41,41,21,20,80,40,40,80,40,40,41,20,21,17,8,9,6,3,3,1,1,0,0,0,0,29,29,5,8,4,7,2,2,1,24,14,10,2,24,0,4,5
59400303,0,,,83,36,47,2,2,0,81,34,47,18,11,7,81,34,47,81,34,47,63,23,40,48,17,31,34,11,23,7,3,4,0,0,0,18,16,2,6,6,0,2,0,0,14,11,3,0,13,0,1,5
59400304,0,,,259,124,135,18,8,10,241,116,125,119,64,55,235,112,123,235,112,123,122,52,70,57,21,36,15,6,9,2,0,2,0,0,0,90,90,16,33,11,15,8,5,2,73,44,29,2,78,0,14,16
59400305,0,,,95,48,47,5,4,1,90,44,46,53,30,23,90,44,46,88,43,45,37,14,23,22,5,17,9,2,7,0,0,0,0,0,0,33,33,6,7,9,7,4,0,0,27,14,13,1,25,0,3,3
59400306,0,,,142,64,78,11,7,4,131,57,74,60,33,27,130,57,73,130,57,73,71,24,47,37,5,32,20,2,18,3,0,3,0,0,0,43,42,6,14,10,5,3,3,1,36,21,15,4,34,0,4,5
59400307,0,,,455,226,229,36,20,16,419,206,213,268,140,128,407,200,207,401,199,202,151,66,85,72,33,39,25,8,17,1,0,1,0,0,0,162,162,24,50,41,33,8,6,0,137,103,34,6,95,0,14,15
59400308,0,,,172,80,92,12,5,7,160,75,85,97,50,47,159,75,84,156,72,84,63,25,38,35,11,24,15,5,10,0,0,0,0,0,0,60,60,21,10,7,7,10,3,2,39,17,22,0,45,0,16,3
59400309,0,,,197,93,104,15,5,10,182,88,94,98,49,49,178,85,93,177,85,92,84,39,45,43,17,26,17,6,11,1,0,1,1,0,1,66,66,12,15,17,12,5,4,1,54,28,26,5,50,0,7,9
59400310,1,,59400300,58,27,31,6,2,4,59,28,31,26,12,14,59,28,31,59,28,31,33,16,17,13,5,8,4,0,4,0,0,0,0,0,0,18,18,4,8,6,0,1,1,2,18,11,7,2,20,0,3,6
59400311,0,,,133,65,68,15,8,7,118,57,61,65,34,31,113,53,60,111,51,60,53,23,30,25,11,14,9,2,7,1,0,1,2,0,2,45,45,8,17,4,7,4,4,1,37,24,13,4,32,0,5,12
59400312,0,,,321,158,163,27,18,9,294,140,154,173,88,85,283,136,147,279,134,145,121,52,69,68,25,43,22,6,16,3,2,1,1,0,1,109,109,17,34,23,16,13,4,2,92,56,36,7,82,1,13,16
59400313,0,,,856,360,496,73,40,33,783,320,463,388,191,197,756,304,452,744,295,449,395,129,266,289,76,213,175,31,144,18,0,18,0,0,0,252,249,52,91,45,36,18,4,3,197,153,44,11,137,2,34,33
59400314,0,,,657,300,357,45,20,25,611,279,332,287,146,141,595,269,326,591,266,325,324,133,191,158,53,105,56,18,38,4,1,3,1,0,1,260,258,71,80,44,37,15,9,2,187,119,68,8,208,0,56,42
59400315,1,,59400324,16,6,10,3,1,2,15,7,8,11,5,6,14,7,7,13,6,7,4,2,2,4,2,2,1,1,0,1,1,0,0,0,0,5,5,4,0,1,1,0,0,1,3,2,1,1,4,0,4,0
59400316,0,,,411,200,211,49,28,21,362,172,190,207,105,102,351,166,185,347,164,183,155,67,88,81,32,49,32,9,23,1,0,1,1,0,1,133,133,17,42,25,25,13,8,3,116,72,44,10,99,0,14,18
59400317,0,,,135,64,71,22,10,12,113,54,59,60,33,27,111,53,58,111,53,58,53,21,32,27,9,18,10,2,8,0,0,0,0,0,0,40,40,4,9,11,7,5,2,2,36,19,17,5,36,0,4,3
59400318,0,,,190,91,99,9,4,5,181,87,94,98,47,51,177,83,94,176,83,93,83,40,43,41,20,21,12,2,10,0,0,0,0,0,0,56,56,4,18,7,10,13,4,0,52,28,24,1,48,0,3,10
59400319,0,,,37,14,23,4,2,2,33,12,21,16,6,10,32,12,20,31,11,20,17,6,11,6,1,5,5,1,4,1,0,1,0,0,0,12,12,1,4,2,3,2,0,0,11,6,5,1,10,0,1,0
59400320,0,,,123,59,64,4,3,1,119,56,63,60,30,30,116,55,61,114,53,61,59,26,33,30,9,21,12,2,10,1,0,1,0,0,0,44,44,8,13,13,4,3,2,1,36,18,18,1,38,0,4,5
59400321,0,,,71,33,38,5,2,3,66,31,35,36,17,19,65,31,34,65,31,34,30,14,16,13,4,9,8,2,6,0,0,0,6,0,6,31,31,12,9,5,2,2,0,1,19,12,7,0,20,1,5,3
59400322,0,,,70,34,36,9,5,4,61,29,32,42,23,19,58,27,31,58,27,31,19,6,13,15,4,11,0,0,0,0,0,0,0,0,0,17,17,1,4,2,4,3,0,3,16,6,10,3,14,0,0,1
59400323,0,,,228,87,141,5,3,2,223,84,139,29,15,14,221,84,137,221,84,137,194,69,125,172,54,118,120,26,94,24,3,21,0,0,0,21,17,2,5,4,2,4,0,0,15,9,6,1,16,0,2,5
59400324,2,59400315,,2,2,0,*,*,*,*,*,*,*,*,*,*,*,*,*,*,*,*,*,*,*,*,*,*,*,*,*,*,*,*,*,*,2,2,*,*,*,*,*,*,*,*,*,*,*,*,*,*,*
59400325,0,,,237,113,124,21,11,10,216,102,114,115,49,66,214,101,113,211,101,110,101,53,48,43,17,26,16,6,10,1,0,1,0,0,0,67,67,6,18,12,14,6,6,5,59,26,33,4,63,0,6,11
59400326,1,,59400336,66,31,35,10,2,8,62,31,31,32,16,16,58,30,28,58,30,28,30,15,15,9,2,7,4,1,3,1,0,1,0,0,0,17,17,4,4,1,6,1,1,3,16,7,9,3,18,0,2,1
59400327,0,,,220,113,107,15,9,6,205,104,101,114,61,53,199,99,100,198,99,99,91,43,48,43,16,27,15,3,12,1,0,1,0,0,0,63,63,4,15,18,10,8,6,2,59,30,29,4,54,0,3,11
59400328,0,,,136,63,73,24,14,10,112,49,63,65,28,37,111,48,63,111,48,63,47,21,26,18,7,11,6,2,4,1,0,1,0,0,0,34,34,2,9,7,3,4,4,5,32,14,18,8,28,0,1,6
59400329,0,,,197,100,97,18,8,10,179,92,87,97,53,44,174,89,85,171,87,84,82,39,43,40,20,20,18,8,10,1,0,1,0,0,0,57,57,6,8,20,12,3,4,4,51,17,34,1,48,0,4,5
59400330,0,,,27,15,12,3,3,0,24,12,12,11,6,5,24,12,12,24,12,12,13,6,7,7,4,3,4,2,2,0,0,0,0,0,0,10,10,2,2,3,3,0,0,0,8,5,3,0,8,0,1,2
59400332,1,,59400333,31,17,14,4,2,2,34,17,17,22,12,10,30,14,16,30,14,16,12,5,7,6,2,4,5,2,3,1,0,1,0,0,0,9,9,1,2,2,3,0,0,2,9,5,4,0,6,0,0,1
59400333,2,59400332,,7,2,5,*,*,*,*,*,*,*,*,*,*,*,*,*,*,*,*,*,*,*,*,*,*,*,*,*,*,*,*,*,*,1,1,*,*,*,*,*,*,*,*,*,*,*,*,*,*,*
59400335,0,,,168,70,98,19,8,11,149,62,87,60,30,30,147,62,85,146,61,85,89,32,57,57,15,42,36,8,28,3,0,3,0,0,0,40,39,5,12,3,10,4,1,4,33,19,14,6,34,0,5,5
59400336,2,59400326,,6,2,4,*,*,*,*,*,*,*,*,*,*,*,*,*,*,*,*,*,*,*,*,*,*,*,*,*,*,*,*,*,*,3,3,*,*,*,*,*,*,*,*,*,*,*,*,*,*,*
59400337,0,,,229,107,122,13,6,7,216,101,115,108,56,52,210,99,111,209,99,110,108,45,63,46,14,32,13,3,10,1,0,1,0,0,0,82,82,14,29,13,16,7,2,1,68,41,27,3,69,0,10,19
59400339,0,,,153,74,79,15,8,7,138,66,72,64,36,28,134,63,71,134,63,71,74,30,44,34,12,22,11,2,9,1,1,0,0,0,0,51,51,9,15,11,7,2,6,1,42,22,20,3,43,0,6,8
59400343,0,,,21,9,12,0,0,0,21,9,12,10,5,5,21,9,12,21,9,12,11,4,7,6,2,4,4,1,3,1,0,1,0,0,0,8,8,3,1,1,2,1,0,0,5,2,3,0,7,0,2,1
59400345,0,,,245,117,128,35,13,22,210,104,106,115,62,53,209,103,106,207,102,105,95,42,53,48,17,31,18,5,13,0,0,0,1,0,1,76,76,11,21,19,9,4,7,5,64,34,30,7,61,0,8,6
59400346,0,,,16,4,12,3,0,3,13,4,9,10,4,6,13,4,9,13,4,9,3,0,3,1,0,1,1,0,1,0,0,0,0,0,0,5,5,0,2,1,1,1,0,0,5,2,3,0,3,0,0,0
59400347,0,,,133,63,70,9,2,7,124,61,63,66,34,32,122,59,63,121,59,62,58,27,31,24,11,13,7,5,2,0,0,0,0,0,0,40,40,4,11,5,11,7,1,1,36,19,17,2,33,0,3,7
59400348,0,,,11,4,7,0,0,0,11,4,7,5,2,3,11,4,7,11,4,7,6,2,4,4,1,3,0,0,0,0,0,0,0,0,0,5,5,2,1,1,1,0,0,0,3,1,2,0,5,0,2,1
59400349,0,,,198,96,102,20,12,8,178,84,94,100,49,51,174,83,91,173,82,91,78,35,43,41,15,26,13,3,10,1,1,0,1,0,1,64,64,11,17,15,8,5,5,3,53,21,32,5,53,0,9,8
59400355,0,,,238,117,121,19,11,8,219,106,113,115,56,59,210,101,109,209,100,109,104,50,54,36,16,20,12,5,7,1,0,1,0,0,0,83,83,12,28,17,17,5,2,2,71,48,23,4,62,0,9,17
59400356,0,,,128,64,64,15,10,5,113,54,59,63,31,32,111,53,58,111,53,58,50,23,27,27,12,15,11,5,6,0,0,0,0,0,0,38,38,9,9,7,2,2,4,5,29,12,17,4,32,0,6,4
59400357,0,,,69,33,36,8,4,4,61,29,32,32,17,15,61,29,32,61,29,32,29,12,17,15,6,9,6,2,4,0,0,0,0,0,0,20,20,1,3,8,4,2,2,0,19,6,13,1,17,0,1,0
59400358,0,,,76,33,43,2,0,2,74,33,41,39,19,20,70,31,39,70,31,39,35,14,21,18,7,11,8,2,6,0,0,0,0,0,0,26,26,2,11,5,6,0,1,1,24,14,10,2,23,0,1,6
59400359,0,,,175,87,88,10,7,3,165,80,85,82,43,39,161,77,84,161,77,84,83,37,46,41,15,26,19,6,13,3,2,1,0,0,0,58,58,5,23,15,4,5,4,2,53,31,22,4,47,0,2,14
59400365,0,,,124,54,70,13,6,7,111,48,63,62,27,35,109,48,61,106,47,59,49,21,28,25,10,15,7,2,5,0,0,0,0,0,0,37,37,5,8,8,10,0,3,3,32,14,18,4,31,0,5,5
59400366,0,,,161,71,90,18,10,8,143,61,82,75,35,40,140,60,80,139,59,80,68,26,42,27,6,21,14,2,12,2,0,2,0,0,0,47,47,4,18,5,6,7,3,4,43,24,19,3,40,0,3,10
59400367,0,,,196,92,104,18,12,6,178,80,98,86,37,49,171,77,94,170,77,93,92,43,49,37,14,23,15,4,11,2,1,1,1,0,1,59,59,8,19,9,6,7,7,3,51,23,28,3,51,0,6,13
59400368,0,,,101,50,51,8,5,3,93,45,48,42,22,20,89,43,46,88,43,45,51,23,28,26,11,15,7,1,6,0,0,0,1,0,1,35,35,6,12,7,5,2,1,2,29,14,15,1,32,0,5,10
59400369,0,,,66,31,35,4,4,0,62,27,35,32,13,19,62,27,35,60,27,33,30,14,16,17,7,10,9,4,5,1,1,0,0,0,0,23,23,5,4,7,4,2,1,0,18,7,11,1,19,0,3,4
59400372,2,59400374,,1,1,0,*,*,*,*,*,*,*,*,*,*,*,*,*,*,*,*,*,*,*,*,*,*,*,*,*,*,*,*,*,*,1,1,*,*,*,*,*,*,*,*,*,*,*,*,*,*,*
59400374,1,,59400372;59400380,25,12,13,5,3,2,23,11,12,14,6,8,23,11,12,23,11,12,9,5,4,4,1,3,3,0,3,0,0,0,0,0,0,6,6,3,1,0,1,0,2,1,5,1,4,1,6,0,2,0
59400375,0,,,267,131,136,16,7,9,251,124,127,127,62,65,248,122,126,245,119,126,124,62,62,56,25,31,20,8,12,3,2,1,1,0,1,93,93,13,31,24,14,7,1,3,80,51,29,5,78,0,12,17
59400376,0,,,21,10,11,1,0,1,20,10,10,13,6,7,20,10,10,20,10,10,7,4,3,4,3,1,3,2,1,0,0,0,0,0,0,7,7,2,1,1,1,2,0,0,5,2,3,1,5,0,2,0
59400377,0,,,26,12,14,1,0,1,25,12,13,14,6,8,25,12,13,25,12,13,11,6,5,7,3,4,2,1,1,0,0,0,0,0,0,8,8,0,3,2,1,2,0,0,8,4,4,1,7,0,0,1
59400378,0,,,247,101,146,25,13,12,222,88,134,87,49,38,218,84,134,217,84,133,135,39,96,89,18,71,54,5,49,8,2,6,0,0,0,63,61,9,23,10,6,7,6,0,52,37,15,7,43,0,5,11
59400379,0,,,79,36,43,7,2,5,72,34,38,37,17,20,72,34,38,69,34,35,35,17,18,19,8,11,6,3,3,0,0,0,0,0,0,26,26,4,8,5,5,1,2,1,22,12,10,1,22,0,2,7
59400380,2,59400374,,2,1,1,*,*,*,*,*,*,*,*,*,*,*,*,*,*,*,*,*,*,*,*,*,*,*,*,*,*,*,*,*,*,1,1,*,*,*,*,*,*,*,*,*,*,*,*,*,*,*
59400383,2,59400394,,15,7,8,*,*,*,*,*,*,*,*,*,*,*,*,*,*,*,*,*,*,*,*,*,*,*,*,*,*,*,*,*,*,3,3,*,*,*,*,*,*,*,*,*,*,*,*,*,*,*
59400385,0,,,112,55,57,10,7,3,102,48,54,54,26,28,102,48,54,102,48,54,48,22,26,23,9,14,12,4,8,2,0,2,0,0,0,38,38,6,15,7,4,0,4,2,32,22,10,2,30,0,4,7
59400386,0,,,11,5,6,1,0,1,10,5,5,7,3,4,10,5,5,9,5,4,3,2,1,3,2,1,1,1,0,0,0,0,0,0,0,4,4,1,2,0,0,0,1,0,3,2,1,1,3,0,1,0
59400387,0,,,23,8,15,1,0,1,22,8,14,11,5,6,22,8,14,22,8,14,11,3,8,5,1,4,4,1,3,0,0,0,0,0,0,14,14,8,3,3,0,0,0,0,6,5,1,1,8,0,6,0
59400388,0,,,973,458,515,90,44,46,883,414,469,473,229,244,861,405,456,849,400,449,410,185,225,218,92,126,79,30,49,2,0,2,1,0,1,346,342,81,111,68,40,23,14,5,257,184,73,24,254,0,65,64
59400389,0,,,133,58,75,15,7,8,118,51,67,61,29,32,116,50,66,114,50,64,57,22,35,24,7,17,12,2,10,1,0,1,0,0,0,41,41,5,11,11,3,6,4,1,36,17,19,3,34,0,3,4
59400390,2,59400394,,2,1,1,*,*,*,*,*,*,*,*,*,*,*,*,*,*,*,*,*,*,*,*,*,*,*,*,*,*,*,*,*,*,1,1,*,*,*,*,*,*,*,*,*,*,*,*,*,*,*
59400394,1,,59400383;59400390,39,20,19,3,0,3,51,27,24,26,16,10,50,26,24,49,25,24,25,11,14,12,4,8,3,1,2,0,0,0,0,0,0,16,16,2,11,2,3,0,0,2,17,13,4,0,14,0,1,6
59400395,0,,,135,60,75,18,9,9,117,51,66,62,30,32,112,49,63,108,47,61,55,21,34,23,7,16,9,0,9,0,0,0,0,0,0,45,45,5,21,7,3,4,4,1,39,26,13,3,35,0,4,10
59400396,0,,,293,151,142,34,21,13,259,130,129,149,80,69,254,127,127,252,127,125,110,50,60,53,22,31,20,9,11,3,0,3,0,0,0,93,93,14,25,22,12,10,7,3,78,42,36,11,70,0,10,14
59400397,0,,,84,40,44,13,6,7,71,34,37,43,22,21,68,33,35,65,32,33,28,12,16,12,5,7,5,0,5,1,0,1,0,0,0,23,23,3,5,5,3,3,2,2,20,9,11,1,16,0,1,3
59400398,0,,,374,159,215,27,12,15,342,145,197,153,71,82,338,145,193,336,143,193,189,74,115,116,42,74,42,10,32,6,0,6,1,0,1,147,145,38,51,29,18,4,2,3,106,73,33,7,109,0,24,26
59400399,0,,,337,152,185,30,10,20,307,142,165,177,84,93,299,139,160,296,139,157,130,58,72,62,27,35,23,11,12,0,0,0,0,0,0,127,127,21,46,31,19,6,3,1,106,84,22,8,84,0,13,21
59400400,0,,,100,43,57,13,5,8,87,38,49,56,29,27,83,37,46,82,36,46,31,9,22,18,3,15,11,3,8,2,1,1,0,0,0,30,30,4,6,5,9,3,3,0,26,12,14,3,22,0,3,2
59400401,0,,,134,63,71,13,7,6,121,56,65,56,30,26,119,55,64,117,54,63,65,26,39,31,10,21,13,2,11,1,0,1,0,0,0,46,46,4,20,9,4,7,2,0,42,30,12,3,36,0,2,14
59400402,0,,,137,64,73,18,11,7,119,53,66,63,32,31,115,52,63,113,51,62,56,21,35,36,11,25,24,6,18,0,0,0,0,0,0,39,38,5,14,6,5,3,1,4,33,19,14,4,25,0,3,5
59400403,0,,,286,133,153,17,7,10,269,126,143,145,66,79,264,125,139,264,125,139,124,60,64,70,33,37,25,8,17,2,1,1,0,0,0,103,103,17,31,28,18,5,2,2,86,50,36,6,78,0,12,14
59400404,0,,,194,93,101,23,13,10,171,80,91,102,49,53,164,74,90,159,74,85,69,31,38,23,9,14,10,3,7,2,0,2,8,0,8,81,81,28,21,13,11,7,1,0,52,42,10,3,44,4,10,10
59400405,0,,,842,388,454,105,48,57,737,340,397,448,221,227,709,324,385,693,313,380,289,119,170,143,58,85,42,12,30,1,1,0,2,1,1,333,333,74,126,64,40,18,7,4,258,211,47,19,191,2,47,58
59400406,1,,59400407,84,38,46,8,4,4,79,35,44,38,21,17,79,35,44,79,35,44,41,14,27,20,8,12,9,3,6,1,1,0,1,0,1,28,28,6,9,5,5,3,1,1,24,13,11,1,26,0,5,4
59400407,2,59400406,,3,1,2,*,*,*,*,*,*,*,*,*,*,*,*,*,*,*,*,*,*,*,*,*,*,*,*,*,*,*,*,*,*,2,2,*,*,*,*,*,*,*,*,*,*,*,*,*,*,*
59400410,0,,,185,85,100,21,11,10,164,74,90,90,43,47,160,71,89,159,71,88,74,31,43,41,13,28,21,9,12,4,1,3,0,0,0,52,52,6,10,13,9,7,1,6,46,23,23,5,46,0,6,4
59400411,0,,,88,41,47,5,2,3,83,39,44,46,25,21,81,39,42,80,38,42,37,14,23,18,5,13,7,1,6,0,0,0,0,0,0,35,35,7,13,9,3,2,1,0,28,14,14,1,26,0,5,3
59400412,0,,,413,180,233,43,24,19,370,156,214,143,71,72,363,151,212,358,148,210,227,85,142,142,49,93,71,19,52,10,3,7,0,0,0,96,94,12,23,23,19,6,6,5,82,48,34,10,76,0,11,14
59400413,0,,,47,25,22,10,7,3,37,18,19,20,12,8,37,18,19,37,18,19,17,6,11,6,1,5,1,0,1,0,0,0,0,0,0,15,15,5,3,1,3,1,0,2,9,5,4,3,11,0,3,2
59400414,0,,,173,81,92,14,7,7,159,74,85,87,44,43,150,69,81,149,68,81,72,30,42,33,15,18,14,7,7,0,0,0,1,0,1,55,55,7,20,8,6,9,2,3,47,28,19,1,44,0,4,11
59400415,0,,,152,75,77,17,8,9,135,67,68,81,42,39,134,66,68,133,66,67,54,25,29,31,14,17,14,5,9,1,0,1,3,1,2,43,43,5,9,9,10,3,3,4,38,19,19,5,29,0,3,4
59400416,0,,,102,49,53,5,1,4,97,48,49,50,27,23,95,47,48,95,47,48,47,21,26,24,8,16,16,5,11,3,0,3,1,0,1,34,34,2,10,14,4,2,2,0,32,21,11,1,27,0,2,5
59400420,0,,,81,38,43,6,3,3,75,35,40,34,19,15,75,35,40,75,35,40,41,16,25,18,6,12,4,0,4,1,0,1,0,0,0,26,26,2,9,9,3,0,1,2,24,17,7,2,22,0,0,5
59400421,0,,,158,87,71,11,8,3,147,79,68,77,48,29,144,78,66,141,75,66,70,31,39,32,14,18,12,3,9,2,1,1,0,0,0,51,51,9,14,9,9,5,3,2,42,24,18,2,44,0,6,7
59400422,0,,,93,46,47,12,8,4,81,38,43,44,22,22,79,36,43,78,35,43,37,16,21,13,6,7,4,2,2,1,0,1,0,0,0,30,30,3,10,7,6,1,1,2,27,16,11,1,22,0,1,4
59400423,0,,,164,69,95,15,2,13,149,67,82,83,36,47,147,67,80,146,67,79,66,31,35,27,10,17,10,4,6,0,0,0,0,0,0,53,53,9,12,15,8,5,1,3,44,24,20,4,44,0,7,6
59400424,0,,,204,95,109,23,10,13,181,85,96,106,52,54,176,82,94,173,82,91,75,33,42,39,18,21,14,4,10,2,1,1,0,0,0,64,64,11,13,11,19,5,2,3,53,31,22,6,48,0,11,6
59400425,0,,,276,84,192,8,3,5,268,81,187,70,40,30,263,79,184,259,77,182,198,41,157,156,22,134,98,12,86,7,2,5,0,0,0,45,44,7,13,9,8,3,4,0,36,22,14,1,36,0,6,6
59400426,0,,,66,31,35,2,1,1,64,30,34,25,13,12,62,30,32,61,30,31,39,17,22,12,3,9,4,1,3,0,0,0,0,0,0,25,25,5,7,9,2,0,2,0,20,14,6,0,22,0,4,3
59400427,0,,,36,17,19,5,4,1,31,13,18,15,8,7,31,13,18,30,13,17,16,5,11,9,2,7,2,0,2,0,0,0,0,0,0,13,13,2,6,2,0,2,1,0,11,6,5,1,11,0,2,2
59400430,0,,,217,102,115,16,5,11,201,97,104,109,57,52,199,95,104,196,94,102,92,40,52,53,19,34,22,6,16,1,0,1,0,0,0,77,77,14,23,19,12,3,5,1,63,37,26,6,58,0,10,10
59400431,0,,,176,88,88,18,13,5,158,75,83,85,42,43,155,74,81,154,74,80,73,33,40,26,9,17,13,4,9,1,0,1,0,0,0,52,52,5,13,14,10,3,3,4,47,25,22,6,43,0,5,3
59400432,0,,,360,162,198,31,18,13,329,144,185,168,83,85,316,138,178,312,134,178,161,61,100,81,26,55,31,8,23,3,1,2,0,0,0,135,135,32,44,24,19,7,6,3,103,63,40,5,102,0,22,28
59400433,0,,,178,88,90,11,4,7,167,84,83,96,56,40,165,83,82,164,82,82,71,28,43,35,10,25,13,3,10,2,1,1,0,0,0,50,49,11,16,10,9,2,0,1,38,29,9,3,32,0,7,6
59400434,0,,,124,60,64,7,3,4,117,57,60,60,32,28,115,56,59,113,54,59,57,25,32,26,10,16,8,4,4,0,0,0,0,0,0,40,40,6,11,9,7,3,2,2,34,18,16,1,37,0,5,6
59400435,0,,,206,111,95,13,9,4,193,102,91,101,51,50,191,100,91,191,100,91,92,51,41,40,19,21,20,8,12,0,0,0,1,0,1,68,67,9,21,18,9,5,4,1,58,31,27,4,53,1,5,11
59400440,0,,,106,47,59,6,2,4,100,45,55,57,27,30,98,44,54,96,42,54,43,18,25,21,4,17,11,2,9,0,0,0,1,0,1,31,31,2,9,8,5,2,4,1,29,12,17,3,27,0,2,2
59400441,0,,,104,53,51,6,4,2,98,49,49,59,34,25,94,47,47,94,47,47,39,15,24,26,8,18,14,4,10,2,0,2,0,0,0,34,34,7,8,5,8,3,2,1,27,13,14,2,27,0,7,3
59400442,0,,,184,92,92,20,11,9,164,81,83,98,51,47,157,76,81,156,76,80,66,30,36,33,12,21,15,5,10,2,1,1,0,0,0,58,58,7,13,17,12,5,2,2,51,26,25,5,41,0,5,6
59400443,0,,,124,61,63,8,3,5,116,58,58,65,35,30,116,58,58,115,57,58,51,23,28,30,13,17,16,5,11,0,0,0,0,0,0,37,37,3,8,14,3,5,2,2,32,11,21,3,30,0,2,2
59400444,0,,,112,43,69,12,5,7,100,38,62,48,22,26,97,35,62,97,35,62,52,16,36,38,8,30,26,6,20,2,0,2,0,0,0,24,23,0,5,7,5,2,2,2,23,10,13,3,19,0,0,4
59400445,0,,,310,159,151,22,13,9,288,146,142,151,82,69,283,145,138,275,140,135,137,64,73,78,35,43,30,10,20,3,1,2,0,0,0,102,102,12,39,21,10,9,7,4,90,53,37,7,88,0,10,19
59400450,0,,,157,75,82,10,3,7,147,72,75,86,45,41,143,69,74,141,68,73,61,27,34,33,13,20,12,3,9,0,0,0,1,0,1,49,49,6,11,15,7,6,2,2,43,19,24,5,39,0,4,7
59400451,0,,,110,49,61,6,2,4,104,47,57,62,30,32,99,45,54,95,44,51,42,17,25,25,9,16,9,2,7,0,0,0,0,0,0,34,34,6,4,11,5,5,3,0,28,14,14,1,27,0,3,1
59400452,0,,,65,27,38,8,3,5,57,24,33,27,12,15,55,24,31,55,24,31,30,12,18,16,5,11,11,4,7,0,0,0,0,0,0,19,19,1,5,5,3,4,0,1,18,8,10,2,15,0,0,3
59400453,0,,,107,57,50,8,5,3,99,52,47,63,36,27,98,51,47,98,51,47,36,16,20,13,6,7,8,4,4,0,0,0,3,0,3,36,36,4,12,10,5,2,2,1,32,21,11,1,26,0,2,2
59400454,0,,,136,60,76,7,4,3,129,56,73,61,35,26,126,53,73,125,53,72,68,21,47,48,11,37,24,5,19,4,1,3,0,0,0,39,38,10,7,7,7,2,3,2,28,12,16,2,29,0,6,5
59400455,0,,,549,274,275,40,19,21,509,255,254,258,145,113,501,249,252,494,245,249,251,110,141,126,53,73,38,15,23,4,2,2,1,0,1,199,199,40,61,44,29,15,6,4,159,100,59,15,159,0,29,41
59400456,0,,,261,126,135,14,10,4,247,116,131,132,69,63,240,114,126,240,114,126,115,47,68,55,14,41,22,3,19,1,0,1,0,0,0,98,98,19,34,20,16,6,1,2,78,48,30,5,74,0,13,13
59400460,0,,,219,102,117,25,10,15,194,92,102,121,58,63,186,89,97,184,87,97,73,34,39,31,12,19,10,2,8,1,0,1,0,0,0,68,68,14,11,17,8,11,4,3,54,26,28,8,50,0,9,7
59400461,0,,,156,72,84,13,7,6,143,65,78,73,38,35,141,65,76,140,65,75,70,27,43,33,10,23,11,1,10,1,0,1,0,0,0,53,53,10,15,13,8,4,0,3,43,21,22,2,47,0,9,6
59400462,0,,,321,130,191,30,19,11,291,111,180,133,65,68,282,107,175,280,106,174,158,46,112,111,23,88,80,11,69,17,0,17,1,0,1,84,82,15,19,16,18,7,4,3,67,33,34,7,58,0,11,6
59400463,0,,,226,111,115,35,20,15,191,91,100,106,51,55,188,90,98,187,89,98,85,40,45,37,12,25,18,4,14,1,1,0,0,0,0,72,72,13,21,12,13,4,4,5,59,38,21,11,55,0,10,11
59400464,0,,,122,60,62,18,7,11,104,53,51,55,32,23,99,49,50,98,48,50,49,21,28,22,8,14,6,1,5,1,0,1,0,0,0,35,35,5,10,6,2,4,5,3,30,15,15,3,29,0,3,2
59400465,0,,,127,65,62,18,11,7,109,54,55,63,36,27,107,53,54,107,53,54,46,18,28,20,6,14,4,1,3,0,0,0,1,0,1,38,38,3,10,14,3,3,1,4,34,20,14,4,32,0,3,4
59400466,0,,,218,102,116,16,8,8,202,94,108,122,56,66,196,92,104,191,88,103,80,38,42,35,16,19,13,5,8,2,1,1,1,0,1,73,73,8,28,14,11,6,4,2,65,39,26,3,54,0,5,12
59400470,0,,,139,63,76,20,8,12,119,55,64,73,38,35,114,52,62,113,51,62,46,17,29,23,6,17,11,2,9,0,0,0,0,0,0,38,38,7,5,5,8,6,4,3,31,8,23,4,33,0,4,3
59400471,0,,,189,91,98,15,4,11,174,87,87,102,55,47,166,82,84,164,80,84,72,32,40,33,13,20,10,4,6,0,0,0,0,0,0,59,59,10,18,7,7,10,6,1,48,25,23,3,44,0,7,11
59400472,0,,,175,82,93,22,9,13,153,73,80,85,44,41,148,69,79,145,66,79,68,29,39,32,10,22,9,1,8,0,0,0,0,0,0,58,58,9,12,14,16,6,1,0,49,29,20,5,42,0,6,9
59400473,0,,,128,60,68,14,8,6,114,52,62,84,40,44,108,47,61,108,47,61,30,12,18,18,5,13,5,1,4,0,0,0,0,0,0,36,36,3,10,9,3,6,2,3,32,19,13,4,19,0,1,2
59400474,0,,,127,61,66,11,6,5,116,55,61,60,30,30,113,53,60,113,53,60,56,25,31,23,9,14,10,4,6,1,0,1,1,0,1,38,38,3,9,13,7,1,3,2,34,19,15,3,32,1,1,8
59400475,0,,,314,167,147,28,20,8,286,147,139,154,85,69,275,139,136,273,138,135,132,62,70,65,31,34,29,10,19,3,1,2,0,0,0,95,95,13,23,20,19,7,7,6,82,42,40,6,77,0,8,11
59400476,0,,,100,44,56,15,6,9,85,38,47,51,24,27,83,37,46,83,37,46,34,14,20,23,7,16,7,2,5,0,0,0,0,0,0,27,27,3,6,4,8,0,4,2,24,9,15,6,22,0,2,2
59400477,0,,,25,12,13,5,3,2,20,9,11,12,6,6,18,8,10,17,7,10,8,3,5,4,1,3,0,0,0,0,0,0,0,0,0,5,5,1,1,0,0,0,1,2,4,1,3,0,5,0,1,1
59400480,0,,,89,44,45,5,3,2,84,41,43,49,25,24,81,39,42,80,39,41,35,16,19,21,10,11,8,5,3,1,1,0,0,0,0,35,34,7,12,9,2,2,2,0,27,18,9,1,24,0,3,6
59400481,0,,,375,156,219,39,23,16,336,133,203,169,74,95,327,129,198,325,127,198,167,59,108,107,30,77,54,11,43,8,1,7,1,0,1,108,106,17,24,24,20,12,7,2,89,46,43,14,79,1,13,9
59400482,0,,,120,60,60,10,4,6,110,56,54,58,31,27,110,56,54,109,56,53,52,25,27,25,10,15,12,4,8,0,0,0,0,0,0,40,40,9,7,9,10,3,0,2,31,17,14,1,34,0,8,3
59400483,0,,,119,55,64,6,2,4,113,53,60,62,32,30,108,49,59,108,49,59,51,21,30,26,8,18,7,2,5,0,0,0,3,0,3,43,43,9,14,5,11,2,1,1,34,19,15,0,32,2,6,6
59400484,0,,,237,108,129,28,10,18,209,98,111,123,65,58,201,95,106,199,93,106,86,33,53,46,16,30,14,6,8,0,0,0,1,0,1,67,67,7,17,13,11,10,4,5,60,32,28,7,55,1,5,9
59400485,0,,,164,67,97,32,13,19,132,54,78,73,31,42,126,51,75,123,51,72,59,23,36,33,11,22,19,4,15,3,0,3,0,0,0,46,44,5,13,7,7,6,5,1,39,26,13,7,27,0,4,4
59400486,0,,,190,92,98,19,9,10,171,83,88,104,54,50,168,81,87,165,80,85,67,29,38,40,19,21,9,4,5,0,0,0,0,0,0,54,54,7,12,14,5,6,7,3,47,23,24,5,43,0,5,5
59400487,0,,,42,21,21,5,3,2,37,18,19,25,13,12,35,16,19,34,16,18,12,5,7,5,1,4,3,0,3,0,0,0,1,0,1,11,11,1,2,2,1,4,0,1,10,3,7,2,8,0,1,0
59400490,0,,,61,30,31,8,4,4,53,26,27,38,20,18,50,24,26,49,23,26,15,6,9,7,4,3,1,0,1,0,0,0,0,0,0,20,20,4,6,4,2,2,1,1,16,10,6,0,11,0,3,2
59400491,0,,,251,119,132,20,9,11,231,110,121,133,61,72,221,106,115,221,106,115,98,49,49,48,23,25,20,9,11,3,1,2,1,0,1,79,79,16,18,19,9,6,5,6,63,34,29,4,62,0,11,8
59400492,0,,,114,51,63,10,6,4,104,45,59,64,30,34,102,45,57,101,45,56,40,15,25,17,3,14,9,2,7,1,0,1,0,0,0,36,36,5,7,10,8,3,3,0,31,19,12,0,28,0,4,4
59400493,0,,,278,137,141,52,28,24,226,109,117,153,80,73,213,100,113,210,98,112,73,29,44,39,13,26,15,4,11,1,0,1,0,0,0,101,101,23,27,19,21,8,2,1,77,62,15,10,48,1,14,9
59400494,0,,,353,146,207,32,12,20,319,132,187,186,95,91,313,129,184,312,129,183,133,37,96,88,19,69,60,8,52,18,0,18,1,0,1,111,107,32,22,25,16,7,4,1,73,52,21,10,50,1,10,7
59400495,0,,,70,32,38,5,2,3,65,30,35,37,15,22,64,30,34,62,29,33,28,15,13,13,6,7,5,2,3,0,0,0,0,0,0,25,25,5,10,2,4,2,1,1,20,14,6,2,18,0,2,7
59400496,0,,,252,124,128,25,15,10,227,109,118,117,61,56,223,108,115,221,108,113,110,48,62,54,19,35,18,6,12,0,0,0,2,0,2,85,85,14,27,17,16,4,4,3,71,43,28,6,73,0,12,11
59400497,0,,,39,19,20,4,2,2,35,17,18,14,8,6,34,16,18,34,16,18,21,9,12,11,5,6,4,1,3,0,0,0,0,0,0,12,12,2,3,2,2,1,2,0,10,3,7,1,12,0,2,1
59400498,1,,59400499,107,55,52,9,5,4,102,51,51,48,27,21,101,50,51,100,49,51,54,24,30,27,12,15,13,4,9,1,0,1,0,0,0,38,38,7,11,10,7,2,0,2,32,15,17,3,34,0,6,8
59400499,2,59400498,,4,1,3,*,*,*,*,*,*,*,*,*,*,*,*,*,*,*,*,*,*,*,*,*,*,*,*,*,*,*,*,*,*,1,1,*,*,*,*,*,*,*,*,*,*,*,*,*,*,*
59401002,0,,,78,41,37,5,4,1,73,37,36,31,16,15,72,37,35,72,37,35,42,21,21,19,11,8,4,2,2,0,0,0,0,0,0,27,27,3,10,9,1,1,2,1,23,15,8,0,24,0,2,6
59401005,0,,,205,92,113,11,6,5,194,86,108,90,42,48,192,85,107,192,85,107,104,44,60,51,17,34,20,4,16,1,0,1,0,0,0,75,75,15,21,23,8,3,4,1,60,36,24,3,64,0,12,10
59401006,0,,,66,31,35,2,1,1,64,30,34,30,17,13,64,30,34,63,29,34,34,13,21,13,4,9,5,1,4,0,0,0,0,0,0,24,24,2,13,3,4,1,0,1,21,15,6,1,20,0,1,6
59401007,0,,,45,21,24,9,4,5,36,17,19,19,9,10,35,16,19,35,16,19,17,8,9,6,2,4,3,1,2,0,0,0,0,0,0,13,13,2,2,2,4,1,2,0,11,6,5,3,11,0,2,1
59401008,0,,,27,12,15,1,0,1,26,12,14,13,6,7,24,12,12,23,11,12,13,6,7,6,3,3,3,1,2,1,0,1,0,0,0,10,10,3,4,0,1,0,2,0,7,4,3,0,7,0,1,3
59401009,0,,,49,25,24,1,1,0,48,24,24,22,12,10,48,24,24,47,23,24,26,12,14,13,6,7,8,4,4,0,0,0,0,0,0,19,19,4,6,4,4,1,0,0,15,10,5,0,17,0,4,3
59401012,0,,,38,12,26,2,1,1,36,11,25,9,6,3,35,10,25,34,10,24,27,5,22,24,4,20,17,3,14,4,0,4,0,0,0,6,5,0,2,0,2,0,1,0,5,2,3,0,4,0,0,1
59401015,0,,,43,22,21,4,3,1,39,19,20,21,10,11,37,17,20,37,17,20,18,9,9,6,3,3,2,1,1,0,0,0,0,0,0,15,15,4,5,1,2,1,1,1,11,6,5,0,11,0,4,3
59401016,0,,,113,50,63,10,3,7,103,47,56,58,25,33,101,47,54,100,46,54,45,22,23,21,9,12,8,3,5,1,0,1,0,0,0,33,33,3,6,9,8,5,0,2,30,16,14,2,27,0,3,3
59401017,0,,,94,47,47,6,3,3,88,44,44,46,26,20,86,44,42,84,43,41,42,18,24,31,12,19,10,4,6,0,0,0,0,0,0,27,27,4,9,3,5,1,1,4,23,10,13,2,24,0,2,6
59401018,0,,,36,17,19,0,0,0,36,17,19,17,10,7,34,16,18,34,16,18,19,7,12,8,3,5,6,2,4,1,0,1,0,0,0,13,13,1,5,4,2,1,0,0,12,8,4,0,10,0,0,2
59401019,0,,,22,10,12,0,0,0,22,10,12,7,3,4,22,10,12,22,10,12,15,7,8,8,3,5,2,1,1,1,1,0,0,0,0,10,10,1,8,0,0,1,0,0,9,8,1,0,9,0,1,4
59401022,0,,,91,44,47,6,4,2,85,40,45,41,21,20,84,39,45,83,39,44,44,19,25,18,7,11,6,2,4,0,0,0,0,0,0,30,30,4,9,9,3,3,0,2,26,17,9,1,27,0,4,5
59401025,0,,,143,70,73,6,4,2,137,66,71,69,35,34,135,65,70,133,63,70,68,31,37,39,17,22,15,8,7,0,0,0,0,0,0,44,44,3,10,16,7,6,0,2,40,18,22,3,38,0,2,5
59401026,0,,,171,74,97,21,7,14,150,67,83,86,41,45,148,66,82,143,63,80,64,26,38,29,11,18,17,6,11,0,0,0,1,1,0,54,54,10,12,12,8,5,6,1,44,24,20,3,40,0,7,6
59401027,0,,,636,316,320,86,45,41,550,271,279,336,179,157,530,257,273,523,252,271,214,92,122,105,41,64,36,15,21,0,0,0,2,1,1,213,213,39,56,47,34,21,11,5,174,120,54,19,147,1,29,19
59401028,0,,,58,30,28,2,0,2,56,30,26,30,18,12,56,30,26,55,29,26,26,12,14,16,7,9,3,1,2,1,0,1,0,0,0,20,20,3,6,5,4,1,0,1,17,10,7,0,16,0,2,1
59401029,0,,,101,47,54,9,7,2,92,40,52,51,25,26,90,40,50,89,39,50,41,15,26,23,7,16,8,1,7,0,0,0,0,0,0,30,30,5,6,7,5,1,4,2,25,12,13,0,25,0,5,3
59401032,0,,,67,30,37,5,2,3,62,28,34,37,17,20,59,26,33,57,25,32,25,11,14,13,6,7,5,2,3,1,0,1,0,0,0,24,24,4,8,7,2,0,3,0,20,16,4,2,15,0,1,4
59401035,0,,,13,5,8,0,0,0,13,5,8,9,4,5,12,4,8,12,4,8,4,1,3,2,1,1,0,0,0,0,0,0,0,0,0,5,5,0,4,0,0,1,0,0,5,4,1,0,3,0,0,1
59401036,0,,,193,89,104,37,17,20,156,72,84,98,48,50,155,72,83,154,71,83,58,24,34,26,8,18,11,2,9,1,0,1,0,0,0,53,53,4,11,14,9,6,6,3,49,26,23,9,34,1,2,4
59401037,0,,,914,444,470,117,72,45,797,372,425,512,249,263,770,356,414,760,350,410,285,123,162,155,59,96,52,18,34,2,1,1,0,0,0,344,344,81,103,73,53,19,7,8,259,199,60,33,196,2,50,39
59401038,0,,,384,165,219,39,23,16,345,142,203,194,89,105,330,135,195,325,133,192,151,53,98,98,26,72,55,11,44,7,2,5,0,0,0,110,108,16,31,27,25,3,3,3,91,73,18,7,53,0,10,11
59401039,0,,,133,66,67,11,4,7,122,62,60,67,38,29,120,62,58,118,60,58,55,24,31,26,10,16,9,4,5,0,0,0,0,0,0,42,42,9,7,6,11,7,1,1,33,17,16,4,31,0,6,2
59401042,1,,59401043,70,34,36,3,2,1,74,36,38,39,20,19,73,36,37,73,36,37,35,16,19,20,8,12,5,3,2,0,0,0,0,0,0,28,28,7,10,8,2,2,0,1,23,16,7,2,23,0,3,5
59401043,2,59401042,,7,4,3,*,*,*,*,*,*,*,*,*,*,*,*,*,*,*,*,*,*,*,*,*,*,*,*,*,*,*,*,*,*,2,2,*,*,*,*,*,*,*,*,*,*,*,*,*,*,*
59401047,0,,,321,150,171,26,14,12,295,136,159,181,87,94,289,133,156,284,130,154,114,49,65,67,23,44,26,8,18,3,0,3,0,0,0,98,98,15,18,30,16,6,8,5,82,41,41,6,77,0,9,9
59401048,2,59401049,,15,6,9,*,*,*,*,*,*,*,*,*,*,*,*,*,*,*,*,*,*,*,*,*,*,*,*,*,*,*,*,*,*,3,3,*,*,*,*,*,*,*,*,*,*,*,*,*,*,*
59401049,1,,59401048,10,5,5,4,1,3,21,10,11,14,7,7,21,10,11,21,10,11,7,3,4,2,0,2,1,0,1,0,0,0,0,0,0,2,2,0,0,1,1,1,1,1,5,2,3,0,4,0,0,0
59401052,0,,,65,31,34,7,6,1,58,25,33,31,14,17,57,24,33,56,23,33,27,11,16,17,6,11,3,1,2,0,0,0,0,0,0,24,24,8,4,4,4,3,1,0,16,7,9,2,21,0,7,1
59401053,0,,,28,14,14,3,3,0,25,11,14,15,7,8,25,11,14,25,11,14,10,4,6,4,1,3,3,1,2,1,0,1,0,0,0,10,10,3,2,2,1,1,1,0,7,4,3,2,7,0,1,1
59401058,2,59401059,,7,4,3,*,*,*,*,*,*,*,*,*,*,*,*,*,*,*,*,*,*,*,*,*,*,*,*,*,*,*,*,*,*,3,3,*,*,*,*,*,*,*,*,*,*,*,*,*,*,*
59401059,1,,59401058,23,11,12,0,0,0,30,15,15,19,10,9,30,15,15,29,15,14,11,5,6,7,2,5,3,1,2,0,0,0,0,0,0,6,6,1,2,3,0,2,1,0,8,4,4,0,8,0,1,0
59401063,0,,,41,22,19,1,0,1,40,22,18,21,14,7,40,22,18,40,22,18,19,8,11,9,3,6,0,0,0,0,0,0,0,0,0,19,19,7,5,5,1,1,0,0,12,11,1,0,13,0,5,4
59401067,2,59401077,,10,7,3,*,*,*,*,*,*,*,*,*,*,*,*,*,*,*,*,*,*,*,*,*,*,*,*,*,*,*,*,*,*,3,3,*,*,*,*,*,*,*,*,*,*,*,*,*,*,*
59401068,2,59401077,,3,2,1,*,*,*,*,*,*,*,*,*,*,*,*,*,*,*,*,*,*,*,*,*,*,*,*,*,*,*,*,*,*,2,2,*,*,*,*,*,*,*,*,*,*,*,*,*,*,*
59401073,0,,,77,30,47,3,2,1,74,28,46,41,18,23,74,28,46,73,28,45,33,10,23,25,5,20,8,3,5,1,1,0,1,0,1,30,30,8,7,8,5,1,1,0,22,11,11,0,27,0,6,3
59401076,0,,,21,10,11,0,0,0,21,10,11,9,6,3,20,9,11,20,9,11,12,4,8,9,4,5,2,1,1,0,0,0,0,0,0,9,9,2,4,2,0,1,0,0,7,5,2,0,8,0,2,2
59401077,1,,59401067;59401068,10,5,5,0,0,0,23,14,9,8,4,4,23,14,9,23,14,9,15,10,5,5,4,1,1,1,0,0,0,0,0,0,0,6,6,5,2,2,2,0,0,0,6,6,0,0,11,0,5,1
59401083,0,,,110,53,57,11,6,5,99,47,52,52,30,22,96,46,50,94,44,50,47,17,30,24,6,18,6,0,6,0,0,0,0,0,0,43,43,13,12,8,4,3,3,0,30,20,10,3,36,0,11,4
59401085,0,,,59,29,30,2,0,2,57,29,28,28,17,11,57,29,28,57,29,28,29,12,17,13,5,8,5,2,3,0,0,0,0,0,0,24,24,6,9,5,2,1,0,1,18,12,6,0,20,0,4,4
59401086,0,,,48,25,23,6,4,2,42,21,21,22,14,8,40,19,21,39,18,21,20,7,13,16,6,10,5,2,3,0,0,0,0,0,0,16,16,4,2,4,3,2,1,0,12,7,5,1,13,0,3,1
59401087,0,,,61,32,29,5,1,4,56,31,25,30,19,11,55,30,25,54,30,24,26,12,14,11,4,7,6,2,4,1,0,1,0,0,0,19,19,2,6,5,1,2,3,0,17,10,7,1,18,0,2,2
59401088,0,,,65,31,34,7,3,4,58,28,30,26,13,13,55,27,28,54,27,27,32,15,17,17,6,11,8,4,4,0,0,0,0,0,0,24,24,9,6,4,0,1,1,3,15,7,8,2,23,0,9,1
59401093,0,,,517,239,278,32,13,19,485,226,259,230,125,105,479,222,257,474,220,254,255,101,154,134,46,88,46,14,32,1,1,0,0,0,0,209,209,49,66,59,18,15,2,0,158,111,47,5,173,0,42,31
59401094,0,,,231,108,123,13,7,6,218,101,117,112,60,52,213,98,115,211,97,114,106,41,65,53,19,34,19,4,15,0,0,0,0,0,0,93,93,28,27,18,10,7,2,1,65,42,23,5,75,1,21,14
59401095,0,,,10,4,6,0,0,0,10,4,6,6,2,4,10,4,6,9,4,5,4,2,2,1,0,1,0,0,0,0,0,0,0,0,0,6,6,3,2,1,0,0,0,0,3,3,0,0,3,0,2,0
59401096,0,,,257,118,139,19,9,10,238,109,129,116,56,60,234,106,128,232,105,127,122,53,69,61,19,42,19,4,15,2,0,2,0,0,0,108,108,35,31,22,10,7,2,1,73,54,19,4,82,0,27,19
59401098,0,,,20,11,9,0,0,0,20,11,9,4,2,2,20,11,9,20,11,9,16,9,7,6,3,3,1,1,0,0,0,0,0,0,0,11,11,4,5,2,0,0,0,0,7,6,1,0,11,0,4,2
59401107,2,59401108,,2,1,1,*,*,*,*,*,*,*,*,*,*,*,*,*,*,*,*,*,*,*,*,*,*,*,*,*,*,*,*,*,*,1,1,*,*,*,*,*,*,*,*,*,*,*,*,*,*,*
59401108,1,,59401107,111,55,56,5,2,3,108,54,54,53,31,22,107,53,54,107,53,54,55,23,32,38,12,26,10,2,8,0,0,0,0,0,0,42,42,10,12,11,6,2,2,0,33,17,16,2,38,0,9,5
59401110,2,59401120,,11,7,4,*,*,*,*,*,*,*,*,*,*,*,*,*,*,*,*,*,*,*,*,*,*,*,*,*,*,*,*,*,*,3,3,*,*,*,*,*,*,*,*,*,*,*,*,*,*,*
59401111,2,59401120,,14,8,6,*,*,*,*,*,*,*,*,*,*,*,*,*,*,*,*,*,*,*,*,*,*,*,*,*,*,*,*,*,*,3,3,*,*,*,*,*,*,*,*,*,*,*,*,*,*,*
59401114,2,59401115,,5,3,2,*,*,*,*,*,*,*,*,*,*,*,*,*,*,*,*,*,*,*,*,*,*,*,*,*,*,*,*,*,*,3,3,*,*,*,*,*,*,*,*,*,*,*,*,*,*,*
59401115,1,,59401114;59401125,7,3,4,0,0,0,14,7,7,5,4,1,14,7,7,14,7,7,9,3,6,3,0,3,1,0,1,1,0,1,0,0,0,3,3,2,3,2,0,0,0,0,5,5,0,0,6,0,1,1
59401117,0,,,89,48,41,3,3,0,86,45,41,41,23,18,84,45,39,84,45,39,45,22,23,17,7,10,5,1,4,0,0,0,0,0,0,36,36,13,8,5,7,1,2,0,23,14,9,0,31,0,9,6
59401118,0,,,229,116,113,9,5,4,220,111,109,94,57,37,212,106,106,210,104,106,126,54,72,52,17,35,19,3,16,5,1,4,0,0,0,95,95,26,34,19,9,3,2,2,69,48,21,2,82,0,21,14
59401119,0,,,18,6,12,0,0,0,18,6,12,7,2,5,18,6,12,17,6,11,11,4,7,4,0,4,3,0,3,0,0,0,0,0,0,5,5,0,0,3,1,1,0,0,5,0,5,0,5,0,0,0
59401120,1,,59401110;59401111;59401130,77,41,36,4,3,1,104,56,48,60,39,21,104,56,48,104,56,48,44,17,27,25,10,15,10,3,7,1,0,1,0,0,0,25,25,4,9,7,6,3,2,2,29,18,11,1,24,0,0,3
59401121,0,,,82,40,42,6,4,2,76,36,40,46,23,23,74,35,39,72,34,38,30,13,17,15,7,8,6,2,4,1,0,1,0,0,0,26,26,3,6,7,6,2,2,0,23,11,12,2,21,0,3,4
59401125,2,59401115,,2,1,1,*,*,*,*,*,*,*,*,*,*,*,*,*,*,*,*,*,*,*,*,*,*,*,*,*,*,*,*,*,*,1,1,*,*,*,*,*,*,*,*,*,*,*,*,*,*,*
59401126,0,,,16,8,8,0,0,0,16,8,8,8,5,3,16,8,8,16,8,8,8,3,5,6,2,4,4,2,2,0,0,0,0,0,0,6,6,2,1,1,1,1,0,0,4,2,2,0,6,0,2,1
59401127,0,,,171,85,86,16,8,8,155,77,78,91,46,45,151,75,76,148,75,73,64,31,33,39,21,18,15,8,7,1,0,1,0,0,0,53,53,7,18,8,5,8,6,1,46,24,22,5,39,0,6,10
59401128,0,,,13,6,7,0,0,0,13,6,7,5,2,3,13,6,7,13,6,7,8,4,4,5,2,3,2,1,1,1,1,0,0,0,0,4,4,0,1,1,2,0,0,0,4,2,2,0,4,0,0,1
59401130,2,59401120,,6,3,3,*,*,*,*,*,*,*,*,*,*,*,*,*,*,*,*,*,*,*,*,*,*,*,*,*,*,*,*,*,*,2,2,*,*,*,*,*,*,*,*,*,*,*,*,*,*,*
59401131,0,,,120,59,61,11,6,5,109,53,56,52,27,25,107,51,56,106,50,56,57,26,31,29,9,20,15,3,12,1,0,1,1,0,1,34,34,0,10,10,5,5,3,1,34,14,20,5,32,0,0,8
59401132,0,,,48,26,22,5,4,1,43,22,21,31,15,16,42,22,20,39,22,17,12,7,5,6,2,4,2,1,1,1,1,0,0,0,0,13,13,1,2,3,4,0,3,0,12,7,5,0,11,0,1,0
59401133,0,,,31,14,17,4,2,2,27,12,15,16,8,8,25,12,13,25,12,13,11,4,7,7,2,5,1,0,1,0,0,0,0,0,0,8,8,0,3,0,3,0,1,1,8,3,5,1,7,0,0,1
59401134,0,,,122,60,62,19,12,7,103,48,55,52,25,27,102,47,55,101,46,55,51,23,28,17,5,12,9,1,8,1,0,1,0,0,0,37,37,6,12,5,5,4,3,2,31,16,15,6,31,0,5,7
59401135,0,,,28,13,15,0,0,0,28,13,15,14,7,7,25,11,14,24,11,13,14,6,8,4,1,3,0,0,0,0,0,0,0,0,0,11,11,4,4,0,1,0,2,0,7,4,3,0,10,0,3,2
59401136,0,,,19,10,9,2,1,1,17,9,8,9,6,3,17,9,8,17,9,8,8,3,5,3,1,2,2,1,1,0,0,0,0,0,0,8,8,3,3,0,1,0,1,0,5,3,2,0,7,0,2,0
59401137,0,,,22,10,12,0,0,0,22,10,12,10,5,5,22,10,12,22,10,12,12,5,7,7,2,5,5,1,4,0,0,0,0,0,0,12,12,6,3,2,1,0,0,0,6,5,1,0,9,0,5,0
59401141,0,,,31,16,15,0,0,0,31,16,15,12,7,5,31,16,15,31,16,15,19,9,10,6,3,3,2,1,1,0,0,0,0,0,0,12,12,4,0,7,0,0,1,0,8,4,4,0,11,0,3,0
59401142,0,,,38,21,17,1,0,1,37,21,16,19,10,9,36,21,15,35,20,15,18,11,7,13,7,6,2,2,0,0,0,0,0,0,0,12,12,3,2,2,1,3,1,0,9,4,5,0,12,0,3,1
59401143,0,,,114,58,56,8,7,1,106,51,55,55,31,24,105,51,54,105,51,54,51,20,31,32,9,23,9,1,8,0,0,0,0,0,0,41,41,11,7,14,4,2,2,1,30,15,15,2,34,0,8,5
59401144,0,,,23,11,12,1,1,0,22,10,12,7,3,4,21,9,12,21,9,12,15,7,8,9,5,4,0,0,0,0,0,0,0,0,0,10,10,3,5,1,0,0,0,1,7,6,1,0,8,0,1,4
59401145,1,,59401155,157,75,82,28,13,15,140,67,73,79,37,42,134,65,69,134,65,69,61,30,31,29,14,15,10,4,6,0,0,0,0,0,0,44,44,7,13,6,4,3,7,6,39,19,20,6,39,0,6,6
59401146,0,,,258,120,138,21,9,12,237,111,126,118,62,56,234,111,123,234,111,123,119,49,70,73,27,46,33,13,20,2,0,2,1,1,0,77,77,10,15,22,12,9,6,3,67,28,39,7,66,0,8,7
59401147,0,,,88,48,40,4,3,1,84,45,39,43,24,19,82,43,39,81,43,38,41,21,20,16,8,8,5,2,3,0,0,0,0,0,0,31,31,5,12,5,3,4,2,0,26,17,9,1,26,0,1,6
59401151,0,,,20,10,10,0,0,0,20,10,10,7,4,3,20,10,10,20,10,10,13,6,7,6,3,3,4,2,2,0,0,0,0,0,0,7,7,0,2,4,1,0,0,0,7,5,2,0,7,0,0,2
59401152,1,,59401162,200,98,102,14,6,8,188,93,95,99,50,49,184,91,93,182,89,93,89,43,46,44,17,27,18,5,13,4,1,3,0,0,0,73,73,21,22,10,8,6,4,3,53,31,22,2,59,0,15,9
59401153,0,,,28,13,15,2,1,1,26,12,14,15,7,8,25,12,13,25,12,13,11,5,6,5,2,3,2,1,1,0,0,0,0,0,0,9,9,3,0,3,1,1,0,1,6,4,2,0,7,0,2,0
59401154,0,,,19,10,9,1,0,1,18,10,8,7,4,3,18,10,8,18,10,8,11,6,5,3,2,1,1,1,0,0,0,0,0,0,0,7,7,1,2,2,2,0,0,0,6,3,3,0,7,0,1,1
59401155,2,59401145,,11,5,6,*,*,*,*,*,*,*,*,*,*,*,*,*,*,*,*,*,*,*,*,*,*,*,*,*,*,*,*,*,*,2,2,*,*,*,*,*,*,*,*,*,*,*,*,*,*,*
59401156,0,,,38,17,21,4,1,3,34,16,18,19,11,8,34,16,18,34,16,18,15,5,10,8,2,6,2,2,0,0,0,0,0,0,0,13,13,1,6,3,2,0,0,1,12,7,5,1,11,0,0,2
59401157,0,,,21,10,11,0,0,0,21,10,11,10,6,4,21,10,11,20,9,11,11,4,7,5,3,2,1,0,1,0,0,0,0,0,0,7,7,0,4,1,1,0,1,0,7,4,3,0,7,0,0,2
59401158,1,,59401159;59401179,20,8,12,1,0,1,29,12,17,20,8,12,27,12,15,26,12,14,9,4,5,6,2,4,5,1,4,0,0,0,0,0,0,4,4,3,2,1,2,1,0,1,7,3,4,0,7,0,2,1
59401159,2,59401158,,4,2,2,*,*,*,*,*,*,*,*,*,*,*,*,*,*,*,*,*,*,*,*,*,*,*,*,*,*,*,*,*,*,2,2,*,*,*,*,*,*,*,*,*,*,*,*,*,*,*
59401162,2,59401152,,2,1,1,*,*,*,*,*,*,*,*,*,*,*,*,*,*,*,*,*,*,*,*,*,*,*,*,*,*,*,*,*,*,1,1,*,*,*,*,*,*,*,*,*,*,*,*,*,*,*
59401163,0,,,129,57,72,8,4,4,121,53,68,65,32,33,116,48,68,114,47,67,56,21,35,29,7,22,8,1,7,1,0,1,0,0,0,40,40,4,14,7,7,3,2,3,36,18,18,1,34,0,4,7
59401164,0,,,66,33,33,1,0,1,65,33,32,32,20,12,63,33,30,63,33,30,33,13,20,18,7,11,7,2,5,1,0,1,1,0,1,26,26,6,8,7,3,1,1,0,19,11,8,0,21,0,5,2
59401165,0,,,34,19,15,1,1,0,33,18,15,14,9,5,33,18,15,33,18,15,19,9,10,9,3,6,4,2,2,0,0,0,0,0,0,13,13,4,3,1,4,1,0,0,9,4,5,0,11,0,3,0
59401166,0,,,13,6,7,0,0,0,13,6,7,11,6,5,12,6,6,11,5,6,2,0,2,2,0,2,2,0,2,0,0,0,0,0,0,6,6,2,2,1,1,0,0,0,4,3,1,0,2,0,1,0
59401174,0,,,17,10,7,4,2,2,13,8,5,7,5,2,13,8,5,13,8,5,6,3,3,4,1,3,3,1,2,0,0,0,0,0,0,7,7,4,1,0,0,1,1,0,3,2,1,1,4,0,2,0
59401175,1,,59401185,37,20,17,6,3,3,44,22,22,26,12,14,44,22,22,43,22,21,18,10,8,11,5,6,5,2,3,0,0,0,2,0,2,11,11,2,3,3,2,1,1,2,12,5,7,2,11,0,0,1
59401176,1,,59401186;59401187,33,17,16,0,0,0,45,22,23,21,10,11,44,22,22,43,22,21,24,12,12,11,6,5,3,1,2,0,0,0,0,0,0,12,12,1,10,3,1,1,1,0,16,12,4,0,15,0,1,7
59401179,2,59401158,,6,2,4,*,*,*,*,*,*,*,*,*,*,*,*,*,*,*,*,*,*,*,*,*,*,*,*,*,*,*,*,*,*,4,4,*,*,*,*,*,*,*,*,*,*,*,*,*,*,*
59401184,2,59401194,,5,2,3,*,*,*,*,*,*,*,*,*,*,*,*,*,*,*,*,*,*,*,*,*,*,*,*,*,*,*,*,*,*,2,2,*,*,*,*,*,*,*,*,*,*,*,*,*,*,*
59401185,2,59401175,,13,5,8,*,*,*,*,*,*,*,*,*,*,*,*,*,*,*,*,*,*,*,*,*,*,*,*,*,*,*,*,*,*,3,3,*,*,*,*,*,*,*,*,*,*,*,*,*,*,*
59401186,2,59401176,,8,4,4,*,*,*,*,*,*,*,*,*,*,*,*,*,*,*,*,*,*,*,*,*,*,*,*,*,*,*,*,*,*,3,3,*,*,*,*,*,*,*,*,*,*,*,*,*,*,*
59401187,2,59401176,,4,1,3,*,*,*,*,*,*,*,*,*,*,*,*,*,*,*,*,*,*,*,*,*,*,*,*,*,*,*,*,*,*,2,2,*,*,*,*,*,*,*,*,*,*,*,*,*,*,*
59401194,1,,59401184,23,8,15,4,2,2,24,8,16,14,5,9,24,8,16,23,8,15,10,3,7,7,2,5,3,0,3,0,0,0,0,0,0,10,10,4,3,2,3,0,0,0,8,5,3,0,7,0,2,0
59401199,0,,,35,17,18,1,0,1,34,17,17,13,7,6,34,17,17,33,16,17,21,10,11,8,4,4,4,1,3,0,0,0,0,0,0,13,13,2,5,3,2,0,1,0,11,6,5,0,10,0,0,3
59401200,0,,,19,10,9,4,3,1,15,7,8,7,3,4,14,6,8,14,6,8,8,4,4,4,2,2,1,0,1,1,0,1,0,0,0,5,5,2,0,0,1,0,1,1,3,0,3,0,5,0,2,0
59401206,2,59401207,,8,3,5,*,*,*,*,*,*,*,*,*,*,*,*,*,*,*,*,*,*,*,*,*,*,*,*,*,*,*,*,*,*,3,3,*,*,*,*,*,*,*,*,*,*,*,*,*,*,*
59401207,1,,59401206;59401208,8,3,5,3,0,3,19,8,11,9,5,4,19,8,11,19,8,11,10,3,7,5,1,4,0,0,0,0,0,0,0,0,0,4,4,4,3,1,1,1,0,0,6,4,2,1,8,0,3,2
59401208,2,59401207,,6,2,4,*,*,*,*,*,*,*,*,*,*,*,*,*,*,*,*,*,*,*,*,*,*,*,*,*,*,*,*,*,*,3,3,*,*,*,*,*,*,*,*,*,*,*,*,*,*,*
59401209,0,,,78,34,44,10,5,5,68,29,39,40,18,22,66,29,37,66,29,37,28,11,17,10,2,8,8,1,7,0,0,0,0,0,0,23,23,2,6,7,3,3,0,2,21,9,12,2,19,0,1,3
59401214,1,,59401224;59401241,20,9,11,1,1,0,24,9,15,12,5,7,24,9,15,22,8,14,12,4,8,8,2,6,1,0,1,0,0,0,0,0,0,7,7,4,1,1,4,0,0,0,6,0,6,0,9,0,4,0
59401218,0,,,199,72,127,3,1,2,196,71,125,64,32,32,196,71,125,193,69,124,132,39,93,102,22,80,64,10,54,11,0,11,7,0,7,62,61,21,22,13,4,1,0,0,40,28,12,1,42,2,11,8
59401219,0,,,39,17,22,0,0,0,39,17,22,19,9,10,39,17,22,39,17,22,20,8,12,10,3,7,4,0,4,1,0,1,0,0,0,17,17,5,5,4,3,0,0,0,12,7,5,0,14,0,3,2
59401224,2,59401214,,4,1,3,*,*,*,*,*,*,*,*,*,*,*,*,*,*,*,*,*,*,*,*,*,*,*,*,*,*,*,*,*,*,2,2,*,*,*,*,*,*,*,*,*,*,*,*,*,*,*
59401225,0,,,86,42,44,6,4,2,80,38,42,39,19,20,80,38,42,78,37,41,41,19,22,18,6,12,9,3,6,0,0,0,0,0,0,32,32,10,5,8,5,2,2,0,22,10,12,1,27,0,8,4
59401226,0,,,112,55,57,8,4,4,104,51,53,55,26,29,103,50,53,102,50,52,49,25,24,24,9,15,11,5,6,1,0,1,0,0,0,40,40,10,10,9,5,3,1,2,29,16,13,2,33,0,8,5
59401227,0,,,35,17,18,0,0,0,35,17,18,15,10,5,35,17,18,35,17,18,20,7,13,12,3,9,5,0,5,0,0,0,0,0,0,13,13,1,6,4,1,0,1,0,12,7,5,0,12,0,1,3
59401228,0,,,250,121,129,21,13,8,229,108,121,124,57,67,226,108,118,223,108,115,105,51,54,55,25,30,27,11,16,2,1,1,1,0,1,89,89,22,20,28,7,3,4,5,67,38,29,4,70,0,17,6
59401229,0,,,65,28,37,4,0,4,61,28,33,30,15,15,59,27,32,59,27,32,31,13,18,14,6,8,6,3,3,0,0,0,0,0,0,21,21,2,9,4,1,2,2,1,19,11,8,2,19,0,2,5
59401236,2,59401237,,2,1,1,*,*,*,*,*,*,*,*,*,*,*,*,*,*,*,*,*,*,*,*,*,*,*,*,*,*,*,*,*,*,1,1,*,*,*,*,*,*,*,*,*,*,*,*,*,*,*
59401237,1,,59401236,34,13,21,1,1,0,35,13,22,18,8,10,34,13,21,34,13,21,17,5,12,9,1,8,6,1,5,1,0,1,0,0,0,13,13,3,4,3,4,0,0,0,11,6,5,0,11,0,2,2
59401238,0,,,185,93,92,6,3,3,178,90,88,86,47,39,174,87,87,171,85,86,92,43,49,57,27,30,24,8,16,1,0,1,0,0,0,72,72,20,22,12,8,7,3,0,52,27,25,0,62,0,14,12
59401239,0,,,69,31,38,3,2,1,66,29,37,33,13,20,66,29,37,66,29,37,33,16,17,12,4,8,6,1,5,1,0,1,0,0,0,30,30,7,12,7,3,1,0,0,22,17,5,2,23,0,5,4
59401241,2,59401214,,1,0,1,*,*,*,*,*,*,*,*,*,*,*,*,*,*,*,*,*,*,*,*,*,*,*,*,*,*,*,*,*,*,1,1,*,*,*,*,*,*,*,*,*,*,*,*,*,*,*
59401247,2,59401248,,8,4,4,*,*,*,*,*,*,*,*,*,*,*,*,*,*,*,*,*,*,*,*,*,*,*,*,*,*,*,*,*,*,3,3,*,*,*,*,*,*,*,*,*,*,*,*,*,*,*
59401248,1,,59401247,66,31,35,3,2,1,71,33,38,34,17,17,69,32,37,69,32,37,37,16,21,20,6,14,3,1,2,0,0,0,0,0,0,26,26,6,11,5,4,3,0,0,23,15,8,0,26,0,5,7
59401249,0,,,170,84,86,16,5,11,154,79,75,83,41,42,150,75,75,150,75,75,71,38,33,35,19,16,13,5,8,4,1,3,0,0,0,56,56,8,20,11,6,5,3,3,48,31,17,1,42,0,5,10
59401250,2,59401293,,1,0,1,*,*,*,*,*,*,*,*,*,*,*,*,*,*,*,*,*,*,*,*,*,*,*,*,*,*,*,*,*,*,1,1,*,*,*,*,*,*,*,*,*,*,*,*,*,*,*
59401251,2,59401260,,6,3,3,*,*,*,*,*,*,*,*,*,*,*,*,*,*,*,*,*,*,*,*,*,*,*,*,*,*,*,*,*,*,3,3,*,*,*,*,*,*,*,*,*,*,*,*,*,*,*
59401254,2,59401255,,6,3,3,*,*,*,*,*,*,*,*,*,*,*,*,*,*,*,*,*,*,*,*,*,*,*,*,*,*,*,*,*,*,2,2,*,*,*,*,*,*,*,*,*,*,*,*,*,*,*
59401255,1,,59401254;59401265,15,5,10,3,1,2,23,9,14,12,4,8,23,9,14,23,9,14,11,5,6,4,1,3,3,0,3,1,0,1,0,0,0,5,5,2,1,1,2,1,1,0,6,1,5,1,7,0,2,1
59401258,0,,,19,9,10,1,1,0,18,8,10,9,4,5,18,8,10,18,8,10,9,4,5,4,1,3,1,0,1,0,0,0,0,0,0,5,5,0,1,1,1,2,0,0,5,2,3,1,5,0,0,0
59401259,0,,,194,92,102,14,8,6,180,84,96,97,48,49,176,81,95,174,80,94,83,36,47,45,13,32,23,7,16,1,0,1,0,0,0,70,70,18,16,19,6,7,1,3,52,28,24,6,59,0,15,8
59401260,1,,59401251,13,6,7,0,0,0,19,9,10,5,2,3,19,9,10,19,9,10,14,7,7,5,3,2,2,1,1,0,0,0,0,0,0,5,5,2,4,1,0,0,1,0,6,5,1,0,8,0,2,4
59401263,2,59401264,,5,2,3,*,*,*,*,*,*,*,*,*,*,*,*,*,*,*,*,*,*,*,*,*,*,*,*,*,*,*,*,*,*,2,2,*,*,*,*,*,*,*,*,*,*,*,*,*,*,*
59401264,1,,59401263;59401272;59401273;59401274,21,13,8,0,0,0,33,18,15,20,11,9,33,18,15,33,18,15,13,7,6,6,2,4,2,1,1,0,0,0,0,0,0,10,10,5,5,2,3,0,0,0,10,5,5,0,9,1,1,1
59401265,2,59401255,,5,2,3,*,*,*,*,*,*,*,*,*,*,*,*,*,*,*,*,*,*,*,*,*,*,*,*,*,*,*,*,*,*,1,1,*,*,*,*,*,*,*,*,*,*,*,*,*,*,*
59401269,0,,,104,48,56,6,4,2,98,44,54,52,26,26,98,44,54,98,44,54,46,18,28,30,12,18,11,5,6,1,1,0,1,0,1,38,38,10,9,10,3,4,1,1,28,17,11,2,31,0,7,4
59401270,0,,,16,10,6,0,0,0,16,10,6,7,5,2,16,10,6,16,10,6,9,5,4,5,2,3,2,1,1,0,0,0,0,0,0,5,5,0,2,2,0,0,1,0,5,4,1,0,5,0,0,2
59401272,2,59401264,,2,1,1,*,*,*,*,*,*,*,*,*,*,*,*,*,*,*,*,*,*,*,*,*,*,*,*,*,*,*,*,*,*,1,1,*,*,*,*,*,*,*,*,*,*,*,*,*,*,*
59401273,2,59401264,,4,2,2,*,*,*,*,*,*,*,*,*,*,*,*,*,*,*,*,*,*,*,*,*,*,*,*,*,*,*,*,*,*,1,1,*,*,*,*,*,*,*,*,*,*,*,*,*,*,*
59401274,2,59401264,,1,0,1,*,*,*,*,*,*,*,*,*,*,*,*,*,*,*,*,*,*,*,*,*,*,*,*,*,*,*,*,*,*,1,1,*,*,*,*,*,*,*,*,*,*,*,*,*,*,*
59401275,0,,,11,5,6,0,0,0,11,5,6,3,2,1,11,5,6,11,5,6,8,3,5,5,1,4,2,1,1,0,0,0,0,0,0,5,5,1,3,0,1,0,0,0,4,3,1,0,5,0,1,2
59401276,1,,59401277,17,8,9,3,3,0,23,10,13,12,6,6,23,10,13,23,10,13,11,4,7,7,1,6,2,0,2,0,0,0,1,0,1,8,8,2,4,3,0,0,0,1,8,5,3,0,8,0,1,1
59401277,2,59401276,,9,5,4,*,*,*,*,*,*,*,*,*,*,*,*,*,*,*,*,*,*,*,*,*,*,*,*,*,*,*,*,*,*,2,2,*,*,*,*,*,*,*,*,*,*,*,*,*,*,*
59401279,1,,59401289,37,18,19,1,0,1,43,20,23,20,10,10,41,19,22,39,18,21,23,10,13,8,3,5,2,1,1,0,0,0,0,0,0,12,12,4,2,5,2,0,1,1,11,6,5,0,14,0,3,1
59401283,0,,,22,10,12,3,2,1,19,8,11,8,3,5,19,8,11,19,8,11,11,5,6,6,3,3,1,0,1,0,0,0,0,0,0,7,7,2,1,2,0,0,2,0,5,2,3,1,7,0,2,1
59401286,1,,59401296,10,4,6,0,0,0,17,8,9,7,4,3,17,8,9,17,8,9,10,4,6,5,2,3,0,0,0,0,0,0,0,0,0,4,4,0,4,3,0,0,0,0,7,5,2,0,7,0,0,4
59401289,2,59401279,,7,2,5,*,*,*,*,*,*,*,*,*,*,*,*,*,*,*,*,*,*,*,*,*,*,*,*,*,*,*,*,*,*,3,3,*,*,*,*,*,*,*,*,*,*,*,*,*,*,*
59401290,0,,,10,6,4,2,2,0,8,4,4,6,4,2,8,4,4,8,4,4,2,0,2,2,0,2,2,0,2,0,0,0,0,0,0,4,4,0,3,0,1,0,0,0,4,3,1,1,2,0,0,0
59401293,1,,59401250,14,8,6,0,0,0,15,8,7,5,2,3,15,8,7,15,8,7,10,6,4,3,1,2,1,0,1,0,0,0,0,0,0,6,6,2,3,1,1,0,0,0,5,4,1,0,7,0,2,3
59401294,0,,,46,17,29,1,0,1,45,17,28,25,10,15,42,15,27,40,15,25,20,7,13,12,4,8,5,1,4,0,0,0,0,0,0,14,14,1,3,5,3,0,2,0,13,6,7,1,13,0,1,2
59401296,2,59401286,,7,4,3,*,*,*,*,*,*,*,*,*,*,*,*,*,*,*,*,*,*,*,*,*,*,*,*,*,*,*,*,*,*,3,3,*,*,*,*,*,*,*,*,*,*,*,*,*,*,*
59401297,2,59401298,,7,3,4,*,*,*,*,*,*,*,*,*,*,*,*,*,*,*,*,*,*,*,*,*,*,*,*,*,*,*,*,*,*,4,4,*,*,*,*,*,*,*,*,*,*,*,*,*,*,*
59401298,1,,59401297,3,1,2,0,0,0,10,4,6,1,1,0,10,4,6,10,4,6,9,3,6,4,1,3,1,0,1,0,0,0,0,0,0,2,2,2,4,0,0,0,0,0,4,4,0,0,6,0,2,3
59401301,2,59401313,,2,1,1,*,*,*,*,*,*,*,*,*,*,*,*,*,*,*,*,*,*,*,*,*,*,*,*,*,*,*,*,*,*,1,1,*,*,*,*,*,*,*,*,*,*,*,*,*,*,*
59401302,2,59401313,,7,4,3,*,*,*,*,*,*,*,*,*,*,*,*,*,*,*,*,*,*,*,*,*,*,*,*,*,*,*,*,*,*,2,2,*,*,*,*,*,*,*,*,*,*,*,*,*,*,*
59401304,0,,,100,50,50,8,4,4,92,46,46,48,24,24,92,46,46,92,46,46,44,22,22,20,8,12,7,2,5,0,0,0,0,0,0,39,39,9,11,12,5,1,0,1,29,19,10,1,29,0,6,8
59401305,0,,,94,42,52,11,5,6,83,37,46,48,22,26,82,37,45,81,37,44,35,15,20,11,3,8,4,0,4,1,0,1,0,0,0,35,35,6,13,7,6,1,2,0,29,22,7,3,20,0,2,6
59401306,0,,,114,61,53,13,7,6,101,54,47,53,31,22,99,52,47,98,51,47,48,23,25,26,10,16,12,6,6,0,0,0,1,0,1,39,39,6,13,8,7,1,3,1,33,23,10,3,30,0,3,5
59401307,0,,,318,153,165,24,10,14,294,143,151,149,78,71,286,139,147,284,138,146,145,65,80,76,28,48,20,8,12,5,1,4,1,0,1,112,112,25,33,20,14,11,7,2,86,47,39,5,92,1,17,15
59401308,0,,,184,86,98,18,6,12,166,80,86,90,45,45,165,80,85,163,79,84,76,35,41,33,14,19,12,5,7,1,1,0,0,0,0,65,65,8,28,14,7,1,5,2,56,43,13,5,47,0,5,20
59401309,0,,,47,22,25,2,0,2,45,22,23,21,9,12,44,22,22,43,22,21,24,13,11,13,8,5,6,4,2,0,0,0,0,0,0,18,18,4,6,5,1,0,2,0,14,9,5,0,14,0,3,3
59401311,0,,,17,8,9,0,0,0,17,8,9,8,5,3,17,8,9,17,8,9,9,3,6,6,2,4,0,0,0,0,0,0,0,0,0,7,7,2,2,1,2,0,0,0,5,3,2,0,6,0,2,2
59401312,2,59401313,,2,1,1,*,*,*,*,*,*,*,*,*,*,*,*,*,*,*,*,*,*,*,*,*,*,*,*,*,*,*,*,*,*,2,2,*,*,*,*,*,*,*,*,*,*,*,*,*,*,*
59401313,1,,59401301;59401302;59401312,107,47,60,3,1,2,115,52,63,59,30,29,113,51,62,111,51,60,56,22,34,30,11,19,12,3,9,0,0,0,0,0,0,37,37,10,9,9,9,3,2,0,32,18,14,1,35,0,7,5
59401314,0,,,93,43,50,9,7,2,84,36,48,48,25,23,84,36,48,83,35,48,36,11,25,22,7,15,11,4,7,0,0,0,0,0,0,28,28,3,6,6,9,2,1,1,25,11,14,3,23,0,2,3
59401315,0,,,122,32,90,2,1,1,120,31,89,23,11,12,115,29,86,115,29,86,97,20,77,84,17,67,64,9,55,13,1,12,0,0,0,17,15,3,5,3,0,2,2,0,12,8,4,1,12,0,3,3
59401316,0,,,301,147,154,21,13,8,280,134,146,147,79,68,274,132,142,273,131,142,133,55,78,71,26,45,31,12,19,3,0,3,0,0,0,107,107,23,29,22,17,11,4,1,83,49,34,5,85,0,14,13
59401317,0,,,64,31,33,2,0,2,62,31,31,37,20,17,60,30,30,60,30,30,25,11,14,9,3,6,3,1,2,0,0,0,0,0,0,20,20,5,3,4,2,4,1,1,15,7,8,0,14,0,2,2
59401318,0,,,182,85,97,24,13,11,156,71,85,92,42,50,152,69,83,148,66,82,64,29,35,28,8,20,10,3,7,0,0,0,0,0,0,61,61,10,16,13,14,4,3,1,50,32,18,8,42,0,9,9
59401319,0,,,390,190,200,37,26,11,353,164,189,199,99,100,346,162,184,343,159,184,154,65,89,84,30,54,39,16,23,1,0,1,0,0,0,138,137,20,48,33,24,7,3,2,117,78,39,10,95,1,15,18
59401321,0,,,70,33,37,9,5,4,61,28,33,36,18,18,61,28,33,59,26,33,25,10,15,13,4,9,4,0,4,1,0,1,0,0,0,22,22,2,5,6,5,4,0,0,20,12,8,2,13,0,0,4
59401323,0,,,24,12,12,4,1,3,20,11,9,11,6,5,18,9,9,18,9,9,9,5,4,4,3,1,0,0,0,0,0,0,0,0,0,7,7,2,1,1,0,1,2,0,5,2,3,2,6,0,2,1
59401325,0,,,174,84,90,22,8,14,149,74,75,82,43,39,148,73,75,148,73,75,67,31,36,25,11,14,8,2,6,0,0,0,1,1,0,65,65,14,22,13,8,5,2,1,51,39,12,5,41,1,5,10
59401326,0,,,77,44,33,3,2,1,74,42,32,40,23,17,74,42,32,74,42,32,34,19,15,15,6,9,5,3,2,0,0,0,0,0,0,33,33,11,11,5,3,1,2,0,22,16,6,1,25,0,8,7
59401328,0,,,843,382,461,73,40,33,757,336,421,448,232,216,738,323,415,724,311,413,309,104,205,191,50,141,116,15,101,27,1,26,2,0,2,301,299,84,93,67,38,10,3,4,211,173,38,23,126,22,29,26
59401329,0,,,104,56,48,9,7,2,95,49,46,55,30,25,93,47,46,91,47,44,40,19,21,23,9,14,7,3,4,0,0,0,0,0,0,31,31,4,7,3,11,5,0,1,26,13,13,3,26,0,3,3
59401330,0,,,15,7,8,0,0,0,15,7,8,6,3,3,15,7,8,15,7,8,9,4,5,1,0,1,0,0,0,0,0,0,0,0,0,7,7,2,2,3,0,0,0,0,5,4,1,0,7,0,2,1
59401331,0,,,46,22,24,3,0,3,43,22,21,25,14,11,42,21,21,42,21,21,18,8,10,9,4,5,3,1,2,0,0,0,0,0,0,14,14,1,3,5,2,2,1,0,13,7,6,2,10,0,1,2
59401335,0,,,41,19,22,4,0,4,37,19,18,22,12,10,35,17,18,34,17,17,15,7,8,8,3,5,4,2,2,2,1,1,1,0,1,14,13,3,4,2,2,0,2,0,10,5,5,1,11,0,3,2
59401336,0,,,645,312,333,93,47,46,552,265,287,353,177,176,532,255,277,524,250,274,199,88,111,82,28,54,36,8,28,1,0,1,0,0,0,216,216,35,52,57,46,12,8,6,181,124,57,29,130,2,22,20
59401337,0,,,17,7,10,4,2,2,13,5,8,6,2,4,13,5,8,13,5,8,7,3,4,3,1,2,2,0,2,0,0,0,0,0,0,5,5,0,2,1,1,0,1,0,5,4,1,1,4,0,0,1
59401338,0,,,3176,1477,1699,436,216,220,2653,1221,1432,1786,872,914,2577,1180,1397,2534,1157,1377,867,349,518,451,161,290,154,36,118,18,4,14,4,2,2,1389,1386,512,395,236,176,46,11,10,850,739,111,140,555,50,188,137
59401339,0,,,1036,498,538,146,79,67,884,415,469,605,297,308,846,393,453,833,383,450,279,118,161,122,44,78,32,15,17,2,0,2,5,1,4,385,385,79,115,93,61,24,9,4,303,244,59,38,189,6,41,42
59401340,1,,59401341,99,44,55,26,12,14,80,35,45,52,25,27,74,31,43,73,31,42,28,10,18,11,3,8,4,1,3,0,0,0,0,0,0,32,32,7,8,6,6,2,4,1,27,20,7,4,18,0,5,4
59401341,2,59401340,,7,3,4,*,*,*,*,*,*,*,*,*,*,*,*,*,*,*,*,*,*,*,*,*,*,*,*,*,*,*,*,*,*,2,2,*,*,*,*,*,*,*,*,*,*,*,*,*,*,*
59401345,0,,,86,40,46,4,2,2,82,38,44,33,18,15,81,38,43,81,38,43,49,20,29,20,5,15,9,1,8,0,0,0,0,0,0,29,29,4,8,9,4,2,1,1,25,13,12,2,28,0,4,4
59401346,0,,,266,112,154,21,16,5,241,95,146,106,49,57,241,95,146,238,94,144,135,46,89,85,19,66,40,4,36,2,0,2,0,0,0,88,83,18,24,22,14,3,1,1,64,43,21,8,59,1,13,11
59401347,0,,,1727,792,935,175,89,86,1533,695,838,880,433,447,1484,668,816,1467,661,806,653,262,391,416,151,265,171,42,129,17,1,16,4,0,4,705,698,270,197,119,69,26,12,5,426,359,67,52,340,26,122,78
59401348,0,,,3167,1506,1661,325,166,159,2790,1317,1473,1758,916,842,2697,1264,1433,2662,1242,1420,1032,401,631,596,198,398,196,59,137,12,3,9,16,9,7,1430,1427,530,428,241,149,47,24,8,886,740,146,86,716,58,238,152
59401349,0,,,1740,823,917,215,99,116,1500,716,784,1030,530,500,1448,691,757,1426,680,746,470,186,284,218,82,136,69,21,48,6,0,6,5,1,4,750,749,242,236,137,88,32,7,7,497,426,71,72,315,46,81,72
59401350,0,,,83,47,36,8,6,2,75,41,34,44,23,21,74,40,34,73,39,34,31,18,13,17,9,8,8,6,2,0,0,0,0,0,0,26,26,3,7,9,2,2,2,1,22,11,11,2,20,0,1,1
59401355,0,,,43,20,23,1,0,1,42,20,22,22,12,10,41,20,21,41,20,21,20,8,12,13,5,8,6,3,3,1,1,0,0,0,0,14,14,0,5,7,0,1,0,1,14,8,6,0,12,0,0,4
59401356,0,,,86,46,40,9,3,6,77,43,34,49,28,21,77,43,34,77,43,34,28,15,13,14,8,6,4,1,3,0,0,0,0,0,0,28,28,5,5,8,5,3,2,0,23,17,6,3,18,0,3,2
59401357,0,,,2428,1134,1294,318,180,138,2072,939,1133,1390,663,727,2006,904,1102,1975,890,1085,682,276,406,349,134,215,109,39,70,6,1,5,11,4,7,1112,1112,387,365,200,110,33,13,4,713,635,78,88,484,30,174,133
59401358,0,,,2320,1047,1273,221,105,116,2055,929,1126,1198,598,600,1986,879,1107,1967,869,1098,857,331,526,479,165,314,174,51,123,14,2,12,13,5,8,1054,1050,414,332,149,108,27,16,4,628,514,114,69,552,33,190,149
59401359,0,,,1785,820,965,198,106,92,1572,706,866,961,457,504,1526,687,839,1502,674,828,611,249,362,307,107,200,96,28,68,10,2,8,5,3,2,766,764,253,237,135,89,35,10,5,502,397,105,56,402,10,123,90
59401360,0,,,170,83,87,10,5,5,160,78,82,82,45,37,155,76,79,152,75,77,78,33,45,43,15,28,19,9,10,1,1,0,0,0,0,61,61,15,19,8,8,6,4,1,46,27,19,3,53,0,14,13
59401361,0,,,10,5,5,0,0,0,10,5,5,5,2,3,10,5,5,10,5,5,5,3,2,2,1,1,1,1,0,0,0,0,0,0,0,5,5,3,0,1,1,0,0,0,2,1,1,0,3,0,1,0
59401365,0,,,13,6,7,0,0,0,13,6,7,6,3,3,13,6,7,12,6,6,7,3,4,6,3,3,2,1,1,0,0,0,0,0,0,5,5,0,3,1,1,0,0,0,5,4,1,0,5,0,0,2
59401366,0,,,181,75,106,13,4,9,168,71,97,59,30,29,168,71,97,166,70,96,109,41,68,69,20,49,39,6,33,4,1,3,0,0,0,47,46,7,12,13,6,3,3,2,39,22,17,1,39,0,7,7
59401367,0,,,2090,971,1119,255,139,116,1804,818,986,1191,590,601,1750,788,962,1724,774,950,613,228,385,346,115,231,129,40,89,10,2,8,8,3,5,910,909,310,282,147,112,45,9,4,586,478,108,70,406,33,119,102
59401368,0,,,3024,1438,1586,537,290,247,2439,1126,1313,1904,923,981,2357,1086,1271,2317,1068,1249,535,203,332,266,92,174,96,26,70,8,0,8,19,7,12,1289,1286,417,372,241,195,40,15,6,852,763,89,187,367,52,124,80
59401369,0,,,677,313,364,92,35,57,585,278,307,413,199,214,572,271,301,564,268,296,172,79,93,72,32,40,20,8,12,2,1,1,0,0,0,293,293,102,93,46,28,15,6,3,184,154,30,30,118,17,36,26
59401370,0,,,138,71,67,17,10,7,121,61,60,64,34,30,119,61,58,118,61,57,57,27,30,29,11,18,17,7,10,0,0,0,0,0,0,45,45,8,14,10,2,6,2,3,37,22,15,5,39,0,7,4
59401371,0,,,152,77,75,14,9,5,138,68,70,87,44,43,134,65,69,134,65,69,51,24,27,34,16,18,12,5,7,2,1,1,0,0,0,44,44,8,7,6,9,9,4,1,36,16,20,5,36,0,6,3
59401372,0,,,84,32,52,4,3,1,79,29,50,23,13,10,77,28,49,77,28,49,56,16,40,34,4,30,15,1,14,2,0,2,0,0,0,30,28,12,6,4,3,1,1,1,16,7,9,2,24,0,8,4
59401373,0,,,71,37,34,6,5,1,64,31,33,34,20,14,62,29,33,61,29,32,30,11,19,17,5,12,8,4,4,0,0,0,0,0,0,28,28,7,9,5,4,3,0,0,21,17,4,1,22,0,5,3
59401376,0,,,288,134,154,24,16,8,258,116,142,135,61,74,250,115,135,245,111,134,123,55,68,65,27,38,14,5,9,1,0,1,1,1,0,111,111,20,42,29,11,4,2,3,89,66,23,5,78,0,13,24
59401377,0,,,189,86,103,13,5,8,176,81,95,92,46,46,168,75,93,163,71,92,84,35,49,37,16,21,18,6,12,1,0,1,0,0,0,75,75,20,22,20,7,2,2,2,55,38,17,3,55,0,16,9
59401378,0,,,226,113,113,29,15,14,197,98,99,145,73,72,196,97,99,191,94,97,52,25,27,20,10,10,8,2,6,1,0,1,0,0,0,101,101,33,37,15,10,4,1,1,66,59,7,13,32,12,5,13
59401379,0,,,164,78,86,12,7,5,152,71,81,90,45,45,149,69,80,147,68,79,62,26,36,30,10,20,6,1,5,0,0,0,1,1,0,61,61,10,20,15,13,2,0,1,49,36,13,3,39,0,5,9
59401380,0,,,133,64,69,6,4,2,127,60,67,71,37,34,122,58,64,122,58,64,56,23,33,31,9,22,13,4,9,1,0,1,0,0,0,38,38,5,9,6,7,5,3,3,33,15,18,0,33,0,3,3
59401383,0,,,396,172,224,18,11,7,378,161,217,182,93,89,374,159,215,369,156,213,196,68,128,125,35,90,68,12,56,11,1,10,0,0,0,127,126,25,36,31,23,7,3,1,101,67,34,5,93,0,16,14
59401384,0,,,578,256,322,47,18,29,531,238,293,278,131,147,523,231,292,515,227,288,253,107,146,147,55,92,53,22,31,3,0,3,0,0,0,206,206,38,66,42,32,19,5,4,168,103,65,11,167,0,31,33
59401385,0,,,142,64,78,14,9,5,128,55,73,75,36,39,123,51,72,123,51,72,53,19,34,29,10,19,10,2,8,0,0,0,1,0,1,52,52,11,16,11,6,6,2,0,41,25,16,5,36,0,7,7
59401386,0,,,128,65,63,9,4,5,119,61,58,69,38,31,118,60,58,117,60,57,50,23,27,21,7,14,9,2,7,1,0,1,0,0,0,48,48,9,17,14,3,2,1,2,39,28,11,1,35,0,5,9
59401387,0,,,121,56,65,12,6,6,109,50,59,60,29,31,105,48,57,105,48,57,49,21,28,28,10,18,11,2,9,0,0,0,1,1,0,48,48,14,19,2,5,5,3,0,34,23,11,4,36,1,10,7
59401388,0,,,213,101,112,16,8,8,195,93,102,102,52,50,192,92,100,190,90,100,93,41,52,53,17,36,30,6,24,4,0,4,1,1,0,70,69,18,16,14,11,5,3,2,51,31,20,6,45,1,12,7
59401389,0,,,708,334,374,99,47,52,603,284,319,417,200,217,573,269,304,558,262,296,186,84,102,70,25,45,18,6,12,1,0,1,1,0,1,248,248,47,66,62,40,21,10,2,199,148,51,25,122,2,21,29
59401390,0,,,98,41,57,4,1,3,94,40,54,49,20,29,92,39,53,92,39,53,45,20,25,23,10,13,8,3,5,0,0,0,8,0,8,39,39,14,10,3,8,3,0,1,25,12,13,2,31,0,7,5
59401391,0,,,11,5,6,0,0,0,11,5,6,5,2,3,11,5,6,11,5,6,6,3,3,2,1,1,1,0,1,1,0,1,0,0,0,5,5,1,2,2,0,0,0,0,4,3,1,0,3,0,1,1
59401392,0,,,206,101,105,19,13,6,187,88,99,107,52,55,183,84,99,181,84,97,80,36,44,38,16,22,16,9,7,0,0,0,0,0,0,63,63,6,20,13,12,2,8,2,57,34,23,4,50,0,5,9
59401393,0,,,819,374,445,118,62,56,700,312,388,407,198,209,677,298,379,670,296,374,293,114,179,144,49,95,50,15,35,3,0,3,1,0,1,290,288,65,84,53,49,21,13,3,222,164,58,23,182,1,44,42
59401394,0,,,709,316,393,97,44,53,612,272,340,374,186,188,594,265,329,588,262,326,238,86,152,137,42,95,64,21,43,4,0,4,0,0,0,266,264,73,70,58,40,16,5,2,190,144,46,25,142,1,46,29
59401395,0,,,214,100,114,22,8,14,192,92,100,106,55,51,184,86,98,184,86,98,86,37,49,44,15,29,14,4,10,2,1,1,0,0,0,66,66,8,19,15,13,3,3,5,58,29,29,4,51,0,6,8
59401396,0,,,148,64,84,21,9,12,127,55,72,64,30,34,123,53,70,122,52,70,63,25,38,31,10,21,14,3,11,0,0,0,0,0,0,50,50,11,13,9,6,7,3,1,39,21,18,3,40,0,9,4
59401397,0,,,54,27,27,3,2,1,51,25,26,24,11,13,51,25,26,50,24,26,27,14,13,15,7,8,5,2,3,0,0,0,0,0,0,20,20,3,9,1,6,0,1,0,17,11,6,2,17,0,3,6
59401398,0,,,132,62,70,8,5,3,124,57,67,62,33,29,122,56,66,122,56,66,62,24,38,32,9,23,10,4,6,0,0,0,0,0,0,45,45,9,11,10,8,4,2,1,36,18,18,4,42,0,8,5
59401399,0,,,261,141,120,39,24,15,219,116,103,143,78,65,212,113,99,210,111,99,76,38,38,41,20,21,12,3,9,0,0,0,1,0,1,93,93,30,16,16,16,8,4,3,63,40,23,12,49,5,6,10
59401400,0,,,280,128,152,21,7,14,259,121,138,146,76,70,252,116,136,248,113,135,113,45,68,58,17,41,26,7,19,0,0,0,0,0,0,93,93,23,21,16,15,6,8,4,70,37,33,8,74,0,17,11
59401401,0,,,178,86,92,6,4,2,172,82,90,65,40,25,171,81,90,170,80,90,107,42,65,74,24,50,42,12,30,2,0,2,0,0,0,56,55,21,11,12,2,5,3,1,33,19,14,1,46,0,16,7
59401402,0,,,50,24,26,5,3,2,45,21,24,30,15,15,45,21,24,44,21,23,15,6,9,6,3,3,3,1,2,0,0,0,0,0,0,17,17,3,4,5,3,0,2,0,13,8,5,2,11,0,3,1
59401403,0,,,1601,728,873,158,85,73,1443,643,800,791,366,425,1399,617,782,1387,611,776,652,277,375,323,122,201,127,40,87,7,2,5,12,1,11,618,617,170,196,110,76,31,18,16,442,321,121,29,414,2,108,93
59401404,0,,,990,455,535,105,60,45,885,395,490,541,266,275,854,377,477,844,374,470,344,129,215,207,68,139,85,21,64,9,0,9,1,1,0,365,358,83,115,77,47,18,14,4,275,210,65,31,211,2,48,44
59401405,0,,,226,120,106,21,13,8,205,107,98,111,60,51,200,104,96,197,101,96,94,47,47,45,22,23,16,6,10,0,0,0,0,0,0,67,67,11,17,10,12,7,5,5,55,25,30,8,56,0,8,8
59401406,0,,,127,59,68,8,2,6,119,57,62,57,30,27,114,56,58,111,53,58,62,27,35,29,12,17,13,4,9,1,0,1,0,0,0,42,42,7,13,6,9,3,3,1,35,17,18,2,39,0,6,8
59401407,0,,,116,60,56,7,4,3,109,56,53,67,38,29,104,53,51,103,52,51,42,18,24,23,10,13,6,3,3,0,0,0,1,0,1,34,34,7,7,3,6,6,3,2,27,10,17,1,29,0,6,0
59401408,1,,59401409,98,49,49,11,7,4,95,46,49,63,29,34,90,44,46,89,44,45,32,17,15,18,7,11,8,3,5,0,0,0,0,0,0,31,31,6,6,8,5,3,1,3,26,13,13,4,24,0,2,2
59401409,2,59401408,,8,4,4,*,*,*,*,*,*,*,*,*,*,*,*,*,*,*,*,*,*,*,*,*,*,*,*,*,*,*,*,*,*,1,1,*,*,*,*,*,*,*,*,*,*,*,*,*,*,*
59401410,0,,,107,49,58,7,4,3,100,45,55,52,25,27,95,42,53,95,42,53,48,20,28,21,9,12,8,2,6,0,0,0,0,0,0,35,35,7,7,9,5,3,4,0,28,14,14,2,28,0,4,5
59401411,0,,,248,123,125,17,14,3,231,109,122,122,64,58,224,105,119,221,102,119,109,45,64,62,19,43,28,7,21,2,0,2,2,1,1,70,69,7,23,11,11,8,5,4,60,33,27,7,54,0,3,13
59401412,0,,,103,46,57,5,2,3,98,44,54,58,30,28,97,44,53,95,43,52,40,14,26,23,7,16,11,3,8,0,0,0,0,0,0,34,34,1,12,11,7,1,2,0,33,19,14,2,28,0,0,7
59401413,0,,,331,140,191,29,12,17,302,128,174,161,80,81,297,124,173,292,122,170,141,48,93,93,31,62,33,6,27,4,1,3,0,0,0,117,116,25,34,24,17,7,9,0,91,55,36,10,84,1,18,17
59401414,0,,,940,409,531,88,41,47,852,368,484,466,220,246,827,354,473,811,348,463,386,148,238,233,76,157,115,33,82,13,4,9,2,0,2,301,300,58,99,59,40,24,10,10,241,166,75,28,196,1,36,42
59401415,0,,,70,37,33,8,4,4,62,33,29,33,19,14,59,31,28,58,30,28,29,14,15,16,8,8,4,1,3,1,1,0,0,0,0,22,22,2,7,6,3,1,2,1,20,11,9,3,18,0,2,4
59401416,0,,,112,54,58,16,5,11,96,49,47,52,26,26,95,48,47,93,47,46,44,23,21,26,14,12,8,4,4,1,0,1,0,0,0,29,29,2,8,4,5,2,5,3,27,10,17,4,26,0,1,6
59401417,1,,59401427,55,26,29,7,2,5,52,26,26,27,15,12,52,26,26,52,26,26,25,11,14,15,8,7,4,1,3,0,0,0,0,0,0,16,16,4,2,5,3,1,2,1,13,4,9,1,16,0,3,1
59401418,0,,,59,30,29,1,0,1,58,30,28,35,18,17,58,30,28,57,30,27,23,12,11,14,5,9,1,1,0,0,0,0,0,0,0,20,20,4,4,4,6,1,1,0,15,7,8,0,15,0,3,0
59401420,0,,,102,49,53,15,9,6,87,40,47,60,28,32,81,37,44,81,37,44,27,12,15,13,4,9,6,2,4,0,0,0,0,0,0,38,38,13,8,5,7,2,1,2,25,18,7,4,23,0,8,1
59401421,0,,,185,84,101,21,7,14,164,77,87,96,47,49,159,74,85,158,74,84,68,30,38,42,15,27,17,6,11,1,0,1,0,0,0,58,56,10,11,15,13,5,1,1,46,29,17,9,36,0,7,4
59401422,0,,,159,70,89,23,8,15,136,62,74,78,34,44,131,61,70,130,61,69,58,28,30,31,13,18,11,4,7,3,0,3,0,0,0,42,42,4,6,11,7,5,7,2,37,20,17,6,35,0,4,5
59401423,0,,,101,50,51,7,2,5,94,48,46,49,26,23,93,47,46,92,47,45,45,22,23,21,9,12,15,7,8,0,0,0,1,0,1,34,34,4,12,8,3,6,0,1,30,16,14,2,23,0,2,3
59401424,0,,,498,238,260,54,28,26,444,210,234,275,144,131,432,202,230,426,201,225,169,66,103,83,28,55,18,4,14,0,0,0,0,0,0,173,173,26,58,34,34,14,3,4,147,101,46,16,119,0,18,23
59401425,0,,,364,162,202,51,27,24,313,135,178,200,92,108,297,128,169,291,126,165,113,43,70,68,21,47,28,6,22,5,1,4,0,0,0,121,120,14,40,32,19,7,5,3,106,78,28,15,65,0,9,8
59401426,0,,,220,115,105,16,9,7,204,106,98,130,71,59,196,101,95,189,97,92,74,35,39,39,19,20,14,7,7,1,0,1,0,0,0,64,64,7,16,12,15,5,5,4,56,29,27,5,47,0,2,7
59401427,2,59401417,,4,2,2,*,*,*,*,*,*,*,*,*,*,*,*,*,*,*,*,*,*,*,*,*,*,*,*,*,*,*,*,*,*,2,2,*,*,*,*,*,*,*,*,*,*,*,*,*,*,*
59401428,2,59401429,,8,4,4,*,*,*,*,*,*,*,*,*,*,*,*,*,*,*,*,*,*,*,*,*,*,*,*,*,*,*,*,*,*,3,3,*,*,*,*,*,*,*,*,*,*,*,*,*,*,*
59401429,1,,59401428,48,25,23,1,0,1,55,29,26,28,18,10,53,28,25,53,28,25,27,11,16,15,5,10,3,0,3,1,0,1,0,0,0,16,16,4,3,5,5,1,1,0,15,8,7,0,16,0,2,3
59401430,0,,,144,75,69,23,14,9,121,61,60,76,41,35,119,59,60,116,57,59,45,20,25,15,5,10,4,1,3,2,0,2,0,0,0,51,51,15,11,9,7,3,5,1,36,24,12,5,29,0,7,5
59401431,0,,,161,76,85,12,7,5,149,69,80,78,40,38,147,67,80,144,67,77,71,29,42,31,13,18,7,2,5,1,0,1,1,0,1,52,52,5,18,14,7,2,3,3,47,28,19,2,43,0,5,8
59401432,0,,,144,61,83,14,6,8,130,55,75,81,31,50,126,54,72,123,52,71,49,24,25,24,10,14,10,4,6,2,1,1,1,0,1,49,49,12,11,9,9,4,1,3,37,23,14,5,34,0,7,6
59401433,0,,,98,41,57,2,1,1,96,40,56,59,26,33,93,39,54,89,37,52,37,14,23,26,10,16,5,1,4,0,0,0,0,0,0,34,34,5,10,9,5,4,1,0,29,18,11,0,26,0,4,4
59401434,0,,,191,99,92,20,13,7,171,86,85,99,49,50,168,85,83,168,85,83,72,37,35,32,15,17,13,5,8,0,0,0,0,0,0,54,54,3,13,15,9,6,6,2,48,28,20,6,43,0,3,3
59401435,0,,,162,73,89,11,3,8,151,70,81,93,48,45,149,70,79,148,69,79,58,22,36,29,12,17,10,4,6,0,0,0,0,0,0,46,46,6,4,18,5,9,1,3,40,20,20,3,37,0,4,3
59401436,0,,,125,65,60,13,7,6,112,58,54,59,31,28,111,57,54,110,57,53,53,27,26,28,14,14,15,6,9,1,0,1,0,0,0,39,39,6,11,8,2,7,5,0,33,17,16,5,32,0,4,7
59401437,0,,,17,8,9,3,1,2,14,7,7,7,5,2,14,7,7,14,7,7,7,2,5,3,0,3,2,0,2,0,0,0,0,0,0,4,4,0,1,1,0,1,0,1,4,1,3,2,4,0,0,0
59401439,0,,,40,19,21,4,3,1,36,16,20,25,12,13,31,13,18,30,12,18,11,4,7,1,0,1,1,0,1,0,0,0,0,0,0,12,12,0,2,6,2,2,0,0,12,6,6,1,7,0,0,0
59401440,0,,,110,44,66,3,1,2,107,43,64,42,20,22,106,43,63,106,43,63,65,23,42,42,11,31,26,3,23,2,0,2,2,2,0,34,33,11,7,3,9,2,0,1,22,9,13,0,26,0,7,2
59401441,0,,,250,116,134,24,12,12,226,104,122,117,53,64,220,100,120,217,98,119,109,51,58,56,21,35,17,6,11,2,1,1,0,0,0,85,85,13,26,21,15,4,2,4,71,44,27,9,71,0,12,15
59401442,0,,,297,146,151,26,14,12,271,132,139,150,81,69,262,129,133,260,127,133,121,51,70,58,21,37,23,7,16,2,0,2,1,0,1,101,101,15,34,21,15,8,5,3,86,55,31,4,76,0,11,13
59401443,0,,,229,103,126,27,9,18,202,94,108,117,55,62,194,89,105,187,87,100,85,39,46,41,16,25,17,6,11,0,0,0,0,0,0,71,71,12,16,17,8,10,5,3,58,27,31,8,55,0,8,9
59401444,0,,,115,56,59,12,5,7,103,51,52,62,36,26,100,49,51,97,46,51,41,15,26,22,6,16,12,4,8,1,1,0,0,0,0,35,35,6,6,9,5,5,3,1,29,11,18,4,27,0,4,1
59401445,0,,,92,39,53,9,5,4,83,34,49,51,23,28,82,34,48,81,34,47,32,11,21,20,4,16,8,1,7,1,1,0,1,0,1,25,25,4,3,5,5,4,2,2,20,5,15,1,22,0,4,0
59401446,0,,,259,124,135,27,18,9,232,106,126,130,64,66,225,103,122,223,102,121,102,42,60,52,19,33,22,5,17,1,0,1,0,0,0,79,79,15,14,21,12,4,9,4,64,27,37,7,64,1,13,5
59401447,0,,,217,104,113,14,6,8,203,98,105,107,59,48,200,95,105,196,93,103,96,39,57,62,26,36,16,7,9,1,1,0,1,0,1,75,75,14,26,9,16,5,1,4,60,33,27,1,63,0,9,14
59401449,0,,,18,8,10,4,1,3,14,7,7,8,3,5,14,7,7,14,7,7,6,4,2,0,0,0,0,0,0,0,0,0,0,0,0,5,5,0,3,0,0,0,2,0,5,3,2,1,4,0,0,3
59401450,0,,,370,170,200,33,18,15,337,152,185,187,89,98,323,147,176,319,145,174,150,63,87,90,34,56,39,12,27,3,0,3,0,0,0,125,124,23,40,24,19,8,6,4,100,68,32,6,85,3,16,18
59401451,0,,,245,117,128,24,13,11,221,104,117,126,65,61,215,100,115,213,98,115,95,39,56,44,15,29,18,6,12,1,0,1,1,1,0,81,81,11,24,22,11,7,4,2,70,44,26,6,64,1,7,10
59401452,0,,,233,99,134,37,11,26,196,88,108,113,55,58,190,84,106,189,84,105,83,33,50,36,13,23,13,3,10,0,0,0,5,0,5,76,76,19,15,17,11,4,5,5,57,27,30,6,56,2,13,8
59401453,0,,,161,80,81,23,16,7,138,64,74,90,48,42,132,60,72,132,60,72,48,16,32,25,5,20,9,2,7,0,0,0,0,0,0,53,53,11,12,9,10,8,2,1,42,26,16,3,31,0,7,5
59401454,0,,,207,100,107,16,12,4,191,88,103,106,54,52,187,84,103,184,84,100,85,34,51,40,12,28,14,5,9,2,0,2,0,0,0,57,57,4,16,12,9,4,8,4,53,20,33,4,52,0,3,2
59401455,0,,,189,84,105,30,17,13,159,67,92,98,44,54,156,66,90,153,66,87,61,23,38,27,8,19,10,4,6,2,0,2,1,0,1,49,49,2,13,10,7,7,4,6,47,19,28,9,37,0,2,4
59401456,0,,,263,132,131,26,17,9,237,115,122,155,79,76,234,113,121,231,111,120,82,36,46,51,20,31,9,3,6,1,0,1,0,0,0,86,85,18,25,12,14,6,7,3,66,38,28,9,57,0,14,7
59401457,0,,,162,80,82,16,12,4,146,68,78,86,44,42,138,66,72,135,65,70,60,24,36,26,8,18,15,3,12,3,0,3,1,0,1,53,53,13,10,12,8,4,3,3,40,24,16,4,34,0,7,4
59401458,0,,,31,15,16,2,0,2,29,15,14,13,8,5,29,15,14,29,15,14,16,7,9,7,3,4,5,2,3,2,1,1,0,0,0,11,11,2,1,5,3,0,0,0,9,7,2,1,9,0,1,0
59401459,1,,59401469,50,22,28,6,2,4,50,23,27,27,14,13,47,23,24,46,23,23,23,9,14,7,1,6,3,0,3,0,0,0,0,0,0,17,17,5,4,3,4,1,1,1,14,9,5,2,17,0,4,2
59401460,0,,,147,74,73,15,10,5,132,64,68,77,40,37,130,63,67,128,62,66,55,24,31,28,11,17,6,3,3,0,0,0,0,0,0,46,46,6,12,13,8,1,4,2,40,26,14,5,34,0,3,7
59401461,0,,,173,80,93,22,10,12,151,70,81,94,45,49,148,69,79,147,69,78,57,25,32,34,12,22,6,1,5,1,0,1,0,0,0,61,61,11,22,10,10,4,2,2,50,36,14,5,38,0,4,7
59401462,0,,,276,111,165,22,16,6,254,95,159,113,52,61,249,93,156,247,92,155,141,43,98,99,25,74,67,10,57,14,2,12,1,1,0,83,82,20,24,18,10,6,3,1,62,42,20,7,59,0,19,13
59401463,0,,,88,43,45,8,6,2,80,37,43,46,21,25,78,36,42,77,36,41,34,16,18,15,7,8,5,2,3,0,0,0,0,0,0,27,27,4,5,6,7,3,1,1,23,10,13,1,21,0,2,3
59401464,0,,,151,70,81,17,13,4,134,57,77,75,33,42,129,57,72,129,57,72,59,24,35,33,10,23,19,3,16,4,0,4,0,0,0,38,37,2,7,13,5,2,5,3,34,12,22,4,27,0,1,4
59401465,0,,,94,42,52,6,3,3,88,39,49,46,22,24,86,38,48,85,37,48,42,17,25,28,9,19,11,4,7,0,0,0,2,0,2,28,27,3,7,8,3,3,2,1,24,14,10,2,21,0,2,2
59401466,0,,,399,178,221,22,14,8,377,164,213,184,97,87,369,163,206,366,161,205,193,67,126,135,37,98,72,16,56,9,1,8,0,0,0,109,108,16,28,27,15,16,3,3,92,46,46,9,83,0,12,12
59401467,0,,,306,148,158,21,10,11,285,138,147,157,86,71,278,133,145,275,132,143,128,52,76,65,20,45,28,8,20,2,0,2,0,0,0,114,112,27,31,24,21,5,4,0,85,59,26,3,76,0,20,12
59401468,0,,,212,101,111,8,2,6,204,99,105,108,60,48,199,96,103,195,93,102,96,39,57,58,19,39,32,11,21,2,0,2,0,0,0,67,66,12,20,10,10,11,2,1,54,29,25,0,52,0,8,10
59401469,2,59401459,,6,3,3,*,*,*,*,*,*,*,*,*,*,*,*,*,*,*,*,*,*,*,*,*,*,*,*,*,*,*,*,*,*,2,2,*,*,*,*,*,*,*,*,*,*,*,*,*,*,*
59401470,0,,,129,59,70,23,13,10,106,46,60,67,32,35,104,46,58,104,46,58,39,14,25,17,5,12,4,1,3,0,0,0,1,0,1,37,37,3,11,5,8,5,3,2,34,19,15,6,25,0,2,4
59401471,0,,,160,84,76,9,5,4,151,79,72,83,45,38,147,75,72,146,74,72,68,34,34,44,23,21,13,8,5,0,0,0,0,0,0,51,51,4,15,14,12,3,1,2,47,26,21,5,42,0,3,8
59401472,0,,,94,45,49,5,3,2,89,42,47,44,24,20,87,40,47,87,40,47,45,18,27,19,7,12,6,2,4,0,0,0,0,0,0,35,35,7,12,7,5,2,2,0,28,16,12,0,29,0,7,5
59401473,0,,,178,84,94,14,8,6,164,76,88,89,41,48,157,74,83,154,71,83,75,35,40,44,18,26,17,6,11,1,1,0,0,0,0,56,56,8,15,9,13,6,4,1,48,21,27,4,45,0,6,6
59401474,0,,,296,138,158,24,16,8,272,122,150,145,77,68,264,119,145,261,118,143,127,45,82,78,26,52,22,8,14,2,0,2,1,0,1,93,93,19,19,22,9,13,6,5,74,32,42,4,82,0,16,9
59401475,0,,,48,20,28,4,2,2,44,18,26,22,9,13,43,17,26,41,16,25,22,9,13,7,2,5,2,0,2,0,0,0,0,0,0,19,19,3,8,3,5,0,0,0,16,13,3,0,12,0,1,5
59401476,0,,,261,117,144,22,7,15,239,110,129,117,64,53,234,108,126,234,108,126,122,46,76,72,23,49,39,8,31,6,0,6,0,0,0,82,81,13,26,21,10,5,2,4,68,47,21,5,61,0,10,10
59401477,0,,,63,33,30,7,3,4,56,30,26,33,19,14,56,30,26,54,28,26,23,11,12,9,4,5,4,1,3,0,0,0,0,0,0,23,23,6,7,5,2,1,0,2,17,15,2,2,15,0,5,3
59401478,0,,,151,74,77,9,5,4,142,69,73,77,38,39,136,66,70,134,66,68,65,31,34,32,12,20,15,6,9,0,0,0,0,0,0,45,45,6,11,10,7,6,2,3,39,16,23,1,42,0,5,9
59401479,0,,,194,94,100,22,10,12,172,84,88,110,53,57,167,82,85,163,79,84,62,31,31,30,14,16,16,8,8,0,0,0,2,1,1,53,53,4,14,10,10,6,2,7,49,21,28,7,41,0,1,3
59401480,0,,,141,65,76,8,6,2,133,59,74,75,35,40,128,57,71,126,56,70,58,24,34,25,9,16,13,4,9,0,0,0,0,0,0,45,45,8,9,12,8,4,3,1,37,23,14,2,34,0,5,7
59401481,0,,,112,52,60,11,4,7,101,48,53,57,30,27,98,47,51,97,47,50,44,18,26,25,11,14,10,4,6,0,0,0,2,0,2,33,33,4,6,10,6,4,2,1,29,13,16,2,27,0,2,4
59401482,0,,,238,118,120,24,10,14,214,108,106,120,63,57,211,107,104,208,105,103,94,45,49,49,21,28,23,9,14,1,1,0,0,0,0,74,74,10,18,21,9,7,7,2,63,39,24,8,60,0,8,10
59401483,0,,,235,102,133,23,9,14,212,93,119,89,44,45,203,88,115,203,88,115,123,49,74,75,23,52,40,12,28,7,1,6,0,0,0,61,58,5,17,13,9,8,5,1,52,30,22,5,46,0,5,12
59401484,0,,,95,42,53,2,2,0,93,40,53,50,25,25,91,40,51,91,40,51,43,15,28,26,9,17,11,4,7,1,0,1,0,0,0,30,30,8,3,5,8,4,0,2,22,6,16,0,29,0,7,2
59401485,0,,,106,40,66,9,2,7,97,38,59,54,21,33,93,35,58,91,35,56,43,17,26,27,8,19,12,5,7,0,0,0,1,0,1,31,31,3,8,8,4,3,3,2,28,11,17,2,26,0,1,3
59401486,0,,,173,77,96,10,3,7,163,74,89,91,44,47,158,72,86,157,72,85,72,30,42,37,14,23,16,7,9,1,1,0,1,0,1,55,55,7,11,18,11,4,2,2,47,22,25,3,44,0,4,6
59401487,0,,,199,94,105,18,9,9,181,85,96,93,47,46,178,84,94,178,84,94,88,38,50,39,16,23,17,7,10,1,0,1,1,0,1,64,64,9,17,17,10,5,4,2,55,31,24,7,51,0,6,9
59401488,1,,59401498,95,51,44,7,6,1,98,50,48,55,28,27,95,49,46,94,48,46,43,22,21,20,9,11,8,3,5,0,0,0,1,0,1,29,29,3,7,8,8,4,2,0,29,15,14,2,28,0,3,5
59401489,0,,,22,11,11,2,1,1,20,10,10,10,6,4,20,10,10,20,10,10,10,4,6,4,1,3,2,1,1,0,0,0,0,0,0,8,8,2,3,1,0,1,1,0,6,4,2,1,6,0,1,2
59401490,0,,,445,200,245,46,24,22,399,176,223,218,107,111,386,167,219,379,161,218,181,69,112,106,37,69,40,13,27,1,0,1,0,0,0,146,144,29,39,29,22,17,4,4,115,74,41,7,99,0,24,20
59401491,0,,,78,39,39,6,5,1,72,34,38,31,14,17,71,34,37,70,34,36,41,20,21,23,10,13,9,4,5,2,1,1,0,0,0,27,27,5,10,3,4,3,1,1,22,10,12,1,25,0,4,5
59401492,0,,,149,69,80,14,8,6,135,61,74,69,35,34,131,59,72,129,59,70,66,26,40,45,17,28,20,4,16,2,0,2,0,0,0,42,41,4,13,9,6,2,5,2,37,19,18,1,32,1,3,7
59401493,0,,,180,84,96,9,5,4,171,79,92,72,38,34,169,78,91,166,77,89,99,41,58,60,21,39,32,11,21,3,0,3,0,0,0,56,55,9,14,18,7,4,2,1,46,26,20,2,47,0,7,6
59401494,0,,,114,55,59,10,6,4,104,49,55,58,29,29,99,49,50,98,49,49,46,20,26,17,5,12,7,2,5,1,0,1,0,0,0,41,41,6,17,6,5,6,1,0,35,22,13,1,33,0,4,6
59401495,0,,,184,94,90,16,10,6,168,84,84,98,54,44,164,80,84,161,78,83,70,30,40,29,12,17,12,4,8,0,0,0,0,0,0,55,55,6,16,10,11,4,5,3,49,29,20,6,45,0,4,6
59401496,0,,,122,55,67,21,7,14,101,48,53,60,30,30,99,47,52,98,46,52,41,18,23,25,10,15,14,4,10,0,0,0,0,0,0,31,31,4,6,5,5,4,3,4,27,11,16,6,27,0,3,3
59401497,0,,,323,161,162,29,15,14,294,146,148,177,96,81,282,136,146,280,136,144,117,50,67,63,18,45,20,6,14,0,0,0,0,0,0,105,105,12,33,24,19,10,3,4,93,58,35,7,81,0,9,16
59401498,2,59401488,,10,5,5,*,*,*,*,*,*,*,*,*,*,*,*,*,*,*,*,*,*,*,*,*,*,*,*,*,*,*,*,*,*,3,3,*,*,*,*,*,*,*,*,*,*,*,*,*,*,*
59401499,0,,,111,57,54,14,9,5,97,48,49,56,32,24,94,46,48,93,45,48,41,16,25,17,6,11,6,1,5,2,1,1,0,0,0,27,27,1,7,3,4,4,6,2,26,7,19,3,23,0,0,5
59401520,0,,,22,12,10,1,0,1,21,12,9,11,6,5,20,11,9,20,11,9,10,6,4,4,2,2,0,0,0,0,0,0,0,0,0,6,6,0,2,2,0,0,2,0,6,4,2,0,6,0,0,1
59401530,1,,59401540,20,12,8,2,1,1,25,16,9,15,10,5,25,16,9,25,16,9,10,6,4,7,4,3,1,0,1,0,0,0,0,0,0,7,7,2,2,2,2,0,0,1,7,4,3,1,7,0,2,1
59401540,2,59401530,,7,5,2,*,*,*,*,*,*,*,*,*,*,*,*,*,*,*,*,*,*,*,*,*,*,*,*,*,*,*,*,*,*,2,2,*,*,*,*,*,*,*,*,*,*,*,*,*,*,*
59401550,1,,59401551,75,38,37,2,1,1,76,38,38,34,20,14,75,37,38,74,36,38,42,18,24,16,5,11,10,3,7,1,0,1,0,0,0,22,22,2,4,7,5,3,2,0,21,8,13,0,21,0,1,3
59401551,2,59401550,,3,1,2,*,*,*,*,*,*,*,*,*,*,*,*,*,*,*,*,*,*,*,*,*,*,*,*,*,*,*,*,*,*,1,1,*,*,*,*,*,*,*,*,*,*,*,*,*,*,*
59401560,1,,59401561,17,7,10,3,1,2,18,9,9,10,5,5,18,9,9,18,9,9,8,4,4,3,1,2,0,0,0,0,0,0,0,0,0,7,7,1,5,2,1,0,0,0,8,7,1,2,6,0,0,2
59401561,2,59401560,,4,3,1,*,*,*,*,*,*,*,*,*,*,*,*,*,*,*,*,*,*,*,*,*,*,*,*,*,*,*,*,*,*,2,2,*,*,*,*,*,*,*,*,*,*,*,*,*,*,*
59401570,2,59401580,,6,3,3,*,*,*,*,*,*,*,*,*,*,*,*,*,*,*,*,*,*,*,*,*,*,*,*,*,*,*,*,*,*,2,2,*,*,*,*,*,*,*,*,*,*,*,*,*,*,*
59401580,1,,59401570,158,68,90,11,4,7,153,67,86,81,36,45,150,67,83,149,67,82,72,31,41,32,13,19,12,5,7,3,1,2,0,0,0,54,54,10,17,9,10,8,1,1,46,21,25,3,43,0,7,6
59401590,0,,,185,84,101,10,3,7,175,81,94,90,44,46,172,81,91,169,81,88,85,37,48,32,10,22,13,1,12,2,0,2,0,0,0,56,56,9,10,18,6,6,3,4,47,22,25,2,46,0,7,7
59401591,0,,,64,24,40,6,3,3,58,21,37,30,11,19,57,21,36,57,21,36,28,10,18,13,3,10,7,2,5,0,0,0,0,0,0,18,18,1,6,3,4,1,1,2,17,9,8,1,16,0,0,3
59402003,2,59402005,,6,2,4,*,*,*,*,*,*,*,*,*,*,*,*,*,*,*,*,*,*,*,*,*,*,*,*,*,*,*,*,*,*,2,2,*,*,*,*,*,*,*,*,*,*,*,*,*,*,*
59402005,1,,59402003,34,16,18,5,4,1,35,14,21,18,6,12,33,13,20,32,13,19,17,8,9,6,1,5,3,0,3,0,0,0,0,0,0,11,11,1,5,3,2,0,2,0,12,8,4,0,11,0,1,3
59402006,0,,,510,242,268,46,30,16,464,212,252,222,113,109,453,206,247,451,205,246,242,99,143,125,41,84,52,9,43,1,0,1,0,0,0,199,198,48,81,30,19,13,2,5,150,114,36,7,143,0,33,44
59402007,0,,,277,122,155,28,14,14,249,108,141,130,63,67,239,105,134,238,104,134,119,45,74,54,16,38,26,6,20,4,1,3,0,0,0,113,113,31,40,17,16,6,1,2,82,58,24,6,83,0,22,18
59402017,0,,,165,42,123,0,0,0,165,42,123,26,13,13,165,42,123,165,42,123,139,29,110,126,21,105,89,7,82,17,1,16,0,0,0,19,16,3,6,3,3,0,1,0,13,9,4,0,11,0,2,2
59402018,0,,,13,7,6,0,0,0,13,7,6,1,1,0,13,7,6,13,7,6,12,6,6,3,1,2,2,1,1,1,0,1,0,0,0,6,6,1,3,2,0,0,0,0,5,4,1,0,6,0,1,3
59402019,0,,,36,16,20,1,0,1,35,16,19,14,8,6,35,16,19,35,16,19,21,8,13,14,6,8,8,3,5,0,0,0,0,0,0,14,14,3,4,3,4,0,0,0,11,4,7,1,12,0,1,3
59402028,0,,,17,9,8,0,0,0,17,9,8,5,1,4,17,9,8,17,9,8,12,8,4,3,2,1,0,0,0,0,0,0,0,0,0,8,8,1,6,0,1,0,0,0,7,7,0,0,8,0,1,6
59402029,0,,,81,34,47,5,1,4,76,33,43,36,16,20,76,33,43,76,33,43,40,17,23,26,9,17,8,2,6,1,1,0,0,0,0,27,27,6,6,7,3,3,1,1,21,13,8,1,23,1,5,3
59402034,0,,,120,54,66,4,4,0,116,50,66,57,25,32,114,49,65,112,48,64,59,25,34,37,14,23,16,6,10,0,0,0,1,1,0,47,47,11,15,11,6,2,2,0,36,25,11,1,40,0,10,7
59402039,0,,,39,19,20,4,0,4,35,19,16,16,11,5,33,17,16,33,17,16,19,8,11,10,4,6,6,2,4,2,0,2,0,0,0,11,11,0,4,2,2,1,2,0,11,6,5,0,9,0,0,3
59402044,0,,,877,431,446,105,62,43,766,366,400,533,261,272,729,344,385,715,336,379,233,105,128,93,36,57,17,7,10,3,0,3,2,2,0,367,367,105,125,66,43,17,10,1,260,227,33,26,165,3,47,53
59402054,0,,,496,200,296,35,20,15,461,180,281,205,104,101,451,174,277,442,169,273,256,76,180,181,40,141,114,14,100,23,2,21,0,0,0,152,149,47,51,25,13,8,4,1,101,91,10,6,68,5,18,25
59402056,0,,,38,17,21,4,3,1,34,14,20,11,4,7,33,14,19,33,14,19,23,10,13,10,4,6,4,2,2,2,1,1,0,0,0,11,11,0,4,4,1,0,1,1,11,5,6,0,11,0,0,4
59402057,2,59402067,,2,0,2,*,*,*,*,*,*,*,*,*,*,*,*,*,*,*,*,*,*,*,*,*,*,*,*,*,*,*,*,*,*,1,1,*,*,*,*,*,*,*,*,*,*,*,*,*,*,*
59402058,0,,,13,6,7,0,0,0,13,6,7,9,4,5,12,6,6,12,6,6,4,2,2,1,0,1,0,0,0,0,0,0,0,0,0,5,5,1,1,2,1,0,0,0,4,3,1,0,2,0,0,1
59402064,0,,,409,201,208,31,17,14,378,184,194,215,106,109,370,182,188,362,179,183,163,78,85,76,28,48,21,4,17,0,0,0,2,1,1,149,148,33,57,25,14,14,3,2,115,90,25,8,101,0,26,32
59402065,0,,,16,7,9,1,1,0,15,6,9,7,2,5,15,6,9,15,6,9,8,4,4,3,1,2,1,0,1,0,0,0,0,0,0,7,7,2,2,2,1,0,0,0,5,5,0,1,5,0,1,2
59402066,0,,,63,29,34,8,3,5,55,26,29,33,16,17,54,26,28,53,25,28,22,10,12,11,4,7,2,0,2,1,0,1,0,0,0,17,17,1,2,5,5,2,1,1,16,7,9,2,14,0,1,1
59402067,1,,59402057,41,20,21,2,2,0,41,18,23,20,8,12,40,17,23,40,17,23,21,10,11,13,5,8,5,1,4,0,0,0,0,0,0,14,14,2,5,4,2,1,1,0,13,7,6,1,13,0,1,3
59402068,0,,,55,29,26,5,4,1,50,25,25,19,10,9,50,25,25,50,25,25,31,15,16,12,5,7,5,2,3,0,0,0,0,0,0,20,20,4,8,4,1,1,1,1,16,11,5,1,19,0,4,4
59402069,0,,,39,19,20,2,1,1,37,18,19,17,9,8,37,18,19,37,18,19,20,9,11,13,6,7,4,2,2,0,0,0,0,0,0,13,13,2,4,3,1,2,1,0,11,7,4,1,12,0,2,2
59402074,1,,59402075,679,340,339,25,12,13,659,331,328,397,217,180,653,326,327,644,323,321,262,114,148,124,51,73,33,11,22,2,0,2,1,0,1,195,187,79,62,29,15,4,0,0,110,91,19,9,112,13,31,29
59402075,2,59402074,,6,4,2,*,*,*,*,*,*,*,*,*,*,*,*,*,*,*,*,*,*,*,*,*,*,*,*,*,*,*,*,*,*,2,2,*,*,*,*,*,*,*,*,*,*,*,*,*,*,*
59402079,1,,59402099,28,11,17,1,0,1,33,13,20,18,9,9,33,13,20,32,12,20,15,4,11,8,2,6,5,1,4,1,0,1,0,0,0,9,9,2,6,1,1,0,1,1,10,8,2,0,10,0,2,1
59402084,0,,,141,69,72,11,6,5,130,63,67,70,36,34,126,61,65,125,60,65,60,27,33,33,12,21,8,3,5,1,0,1,0,0,0,52,52,8,20,12,6,4,1,1,44,34,10,3,38,0,7,10
59402085,0,,,53,25,28,0,0,0,53,25,28,24,9,15,53,25,28,53,25,28,29,16,13,17,7,10,3,2,1,0,0,0,0,0,0,24,24,9,8,4,1,0,2,0,15,11,4,0,22,0,8,8
59402094,1,,59402095,198,94,104,12,7,5,188,87,101,78,40,38,184,85,99,179,82,97,110,47,63,65,26,39,19,9,10,0,0,0,0,0,0,77,77,19,31,14,6,3,4,2,59,41,18,3,72,0,16,22
59402095,2,59402094,,2,0,2,*,*,*,*,*,*,*,*,*,*,*,*,*,*,*,*,*,*,*,*,*,*,*,*,*,*,*,*,*,*,2,2,*,*,*,*,*,*,*,*,*,*,*,*,*,*,*
59402099,2,59402079,,6,2,4,*,*,*,*,*,*,*,*,*,*,*,*,*,*,*,*,*,*,*,*,*,*,*,*,*,*,*,*,*,*,3,3,*,*,*,*,*,*,*,*,*,*,*,*,*,*,*
59402106,0,,,14,5,9,2,0,2,12,5,7,7,3,4,12,5,7,12,5,7,5,2,3,2,1,1,1,1,0,0,0,0,0,0,0,6,6,2,3,0,0,0,1,0,4,3,1,0,4,0,1,1
59402107,0,,,15,9,6,1,0,1,14,9,5,8,5,3,14,9,5,14,9,5,6,4,2,3,2,1,1,0,1,0,0,0,0,0,0,5,5,0,3,1,0,0,1,0,5,4,1,0,5,0,0,1
59402109,0,,,85,45,40,3,2,1,82,43,39,39,23,16,80,41,39,79,40,39,43,20,23,19,6,13,10,2,8,0,0,0,0,0,0,30,30,5,11,7,2,3,0,2,25,16,9,1,27,0,4,5
59402115,0,,,22,9,13,2,0,2,20,9,11,5,2,3,20,9,11,20,9,11,15,7,8,10,4,6,1,0,1,0,0,0,0,0,0,10,10,3,5,1,0,0,1,0,7,6,1,0,10,0,3,5
59402116,0,,,27,13,14,2,1,1,25,12,13,11,6,5,25,12,13,25,12,13,14,6,8,9,3,6,3,1,2,1,0,1,0,0,0,8,8,1,3,2,0,1,0,1,7,4,3,1,8,0,1,1
59402117,0,,,23,12,11,0,0,0,23,12,11,10,5,5,23,12,11,23,12,11,13,7,6,6,3,3,5,3,2,0,0,0,0,0,0,10,10,2,5,1,2,0,0,0,8,6,2,0,7,0,1,2
59402118,0,,,49,23,26,2,2,0,47,21,26,25,14,11,46,20,26,45,20,25,22,7,15,11,2,9,3,0,3,0,0,0,0,0,0,17,17,4,2,5,5,0,1,0,13,6,7,0,14,0,3,2
59402119,0,,,19,9,10,0,0,0,19,9,10,5,3,2,19,9,10,19,9,10,14,6,8,8,2,6,5,1,4,0,0,0,0,0,0,7,7,2,1,2,1,1,0,0,5,1,4,0,7,0,2,0
59402126,0,,,26,12,14,2,2,0,24,10,14,8,4,4,24,10,14,24,10,14,16,6,10,11,5,6,5,2,3,0,0,0,0,0,0,8,8,0,2,4,1,0,1,0,8,5,3,1,8,0,0,2
59402127,0,,,19,10,9,0,0,0,19,10,9,4,3,1,19,10,9,19,10,9,15,7,8,2,1,1,1,0,1,0,0,0,0,0,0,10,10,4,4,1,1,0,0,0,6,5,1,0,9,0,3,4
59402128,1,,59402129,30,17,13,0,0,0,35,19,16,13,7,6,35,19,16,35,19,16,22,12,10,5,2,3,2,0,2,0,0,0,0,0,0,13,13,3,8,4,1,0,0,0,13,12,1,0,15,0,2,5
59402129,2,59402128,,5,2,3,*,*,*,*,*,*,*,*,*,*,*,*,*,*,*,*,*,*,*,*,*,*,*,*,*,*,*,*,*,*,3,3,*,*,*,*,*,*,*,*,*,*,*,*,*,*,*
59402137,1,,59402147,112,57,55,7,4,3,108,55,53,56,29,27,106,53,53,104,52,52,52,26,26,31,13,18,7,3,4,0,0,0,0,0,0,34,34,6,9,7,8,1,3,2,30,15,15,2,32,0,6,5
59402138,0,,,248,110,138,18,8,10,230,102,128,102,48,54,227,101,126,226,101,125,128,54,74,65,24,41,30,10,20,2,0,2,0,0,0,90,89,13,34,25,9,4,2,2,76,54,22,3,73,0,8,23
59402139,1,,59402149,56,29,27,12,9,3,47,22,25,27,14,13,46,21,25,46,21,25,20,8,12,9,3,6,4,1,3,0,0,0,1,0,1,17,17,4,2,5,3,1,2,1,14,7,7,1,13,0,3,1
59402146,0,,,60,29,31,2,1,1,58,28,30,24,12,12,57,28,29,56,27,29,34,16,18,19,9,10,10,5,5,2,2,0,1,0,1,20,20,1,9,3,3,4,0,0,19,11,8,1,19,0,0,5
59402147,2,59402137,,3,2,1,*,*,*,*,*,*,*,*,*,*,*,*,*,*,*,*,*,*,*,*,*,*,*,*,*,*,*,*,*,*,2,2,*,*,*,*,*,*,*,*,*,*,*,*,*,*,*
59402148,1,,59402158,56,24,32,1,0,1,212,117,95,96,59,37,211,117,94,210,116,94,116,58,58,47,23,24,5,3,2,1,1,0,0,0,0,19,19,2,9,2,5,1,1,1,19,15,4,0,19,0,2,5
59402149,2,59402139,,3,2,1,*,*,*,*,*,*,*,*,*,*,*,*,*,*,*,*,*,*,*,*,*,*,*,*,*,*,*,*,*,*,1,1,*,*,*,*,*,*,*,*,*,*,*,*,*,*,*
59402156,0,,,47,22,25,2,0,2,45,22,23,17,9,8,44,22,22,44,22,22,28,13,15,10,4,6,4,1,3,0,0,0,0,0,0,17,17,4,6,3,1,1,1,1,13,9,4,0,15,0,4,3
59402157,0,,,69,33,36,1,1,0,68,32,36,32,17,15,66,31,35,66,31,35,36,15,21,16,4,12,7,1,6,0,0,0,0,0,0,23,23,2,5,10,4,1,1,0,21,12,9,1,19,0,2,4
59402158,2,59402148,,157,93,64,*,*,*,*,*,*,*,*,*,*,*,*,*,*,*,*,*,*,*,*,*,*,*,*,*,*,*,*,*,*,3,2,*,*,*,*,*,*,*,*,*,*,*,*,*,*,*
59402159,0,,,87,42,45,1,1,0,86,41,45,41,20,21,85,40,45,84,40,44,45,21,24,28,11,17,9,4,5,0,0,0,0,0,0,26,26,1,8,7,3,5,2,0,25,13,12,0,25,0,1,7
59402166,0,,,122,59,63,3,1,2,119,58,61,51,31,20,117,56,61,113,55,58,68,27,41,45,17,28,17,6,11,0,0,0,0,0,0,47,47,9,15,12,8,3,0,0,38,29,9,1,39,0,8,9
59402167,0,,,11,5,6,0,0,0,11,5,6,6,3,3,11,5,6,10,5,5,5,2,3,1,0,1,0,0,0,0,0,0,0,0,0,4,4,0,2,1,1,0,0,0,4,3,1,0,3,0,0,2
59402169,0,,,31,15,16,1,1,0,30,14,16,14,7,7,30,14,16,30,14,16,16,7,9,7,2,5,3,0,3,0,0,0,0,0,0,12,12,3,3,4,0,2,0,0,9,5,4,1,10,0,3,1
59402170,0,,,15,6,9,0,0,0,15,6,9,7,3,4,15,6,9,15,6,9,8,3,5,7,2,5,3,1,2,0,0,0,0,0,0,6,6,0,3,3,0,0,0,0,6,5,1,0,5,0,0,2
59402176,0,,,84,36,48,13,7,6,71,29,42,34,14,20,68,29,39,68,29,39,37,15,22,19,7,12,10,4,6,1,0,1,0,0,0,29,29,6,8,8,2,2,2,1,23,16,7,5,22,0,4,5
59402185,2,59402186,,84,51,33,*,*,*,*,*,*,*,*,*,*,*,*,*,*,*,*,*,*,*,*,*,*,*,*,*,*,*,*,*,*,4,3,*,*,*,*,*,*,*,*,*,*,*,*,*,*,*
59402186,1,,59402185,145,63,82,12,5,7,215,107,108,118,58,60,212,107,105,209,105,104,97,49,48,51,24,27,18,8,10,1,0,1,0,0,0,50,50,11,20,4,8,7,0,3,42,27,15,0,45,0,7,13
59402187,0,,,46,22,24,0,0,0,46,22,24,22,11,11,46,22,24,45,21,24,24,11,13,11,5,6,5,1,4,0,0,0,0,0,0,19,19,3,9,5,1,0,1,0,16,11,5,0,14,0,2,5
59402188,1,,59402198,42,24,18,0,0,0,44,25,19,23,15,8,43,25,18,43,25,18,21,10,11,9,5,4,2,0,2,0,0,0,0,0,0,12,12,0,4,5,2,0,1,1,13,7,6,0,11,0,0,2
59402193,2,59402194,,1,0,1,*,*,*,*,*,*,*,*,*,*,*,*,*,*,*,*,*,*,*,*,*,*,*,*,*,*,*,*,*,*,1,1,*,*,*,*,*,*,*,*,*,*,*,*,*,*,*
59402194,1,,59402193;59402195,319,159,160,20,14,6,301,145,156,151,77,74,294,142,152,292,142,150,150,68,82,80,32,48,23,4,19,2,1,1,2,0,2,112,112,22,34,31,10,8,6,3,91,55,36,4,91,0,16,21
59402195,2,59402194,,2,1,1,*,*,*,*,*,*,*,*,*,*,*,*,*,*,*,*,*,*,*,*,*,*,*,*,*,*,*,*,*,*,1,1,*,*,*,*,*,*,*,*,*,*,*,*,*,*,*
59402196,0,,,22,10,12,0,0,0,22,10,12,7,2,5,22,10,12,22,10,12,15,8,7,5,2,3,2,0,2,0,0,0,0,0,0,11,11,2,7,2,0,0,0,0,9,8,1,0,9,0,1,5
59402197,0,,,36,16,20,0,0,0,36,16,20,20,9,11,36,16,20,35,16,19,16,7,9,8,2,6,4,0,4,0,0,0,0,0,0,15,15,5,4,2,3,1,0,0,10,5,5,0,13,0,4,2
59402198,2,59402188,,2,1,1,*,*,*,*,*,*,*,*,*,*,*,*,*,*,*,*,*,*,*,*,*,*,*,*,*,*,*,*,*,*,1,1,*,*,*,*,*,*,*,*,*,*,*,*,*,*,*
59402200,1,,59402210,40,20,20,1,1,0,41,21,20,15,10,5,41,21,20,41,21,20,26,11,15,15,6,9,5,1,4,0,0,0,0,0,0,17,17,5,9,2,2,1,0,0,13,10,3,0,17,0,4,6
59402201,1,,59402211,31,15,16,5,3,2,33,15,18,18,6,12,32,15,17,32,15,17,15,9,6,6,4,2,1,1,0,0,0,0,0,0,0,8,8,0,2,3,2,2,0,1,10,6,4,0,8,0,0,1
59402204,0,,,29,13,16,0,0,0,29,13,16,15,6,9,27,13,14,27,13,14,14,7,7,7,2,5,4,1,3,0,0,0,0,0,0,11,11,2,5,1,2,0,1,0,9,6,3,0,9,0,1,2
59402205,0,,,11,6,5,0,0,0,11,6,5,7,4,3,11,6,5,11,6,5,4,2,2,2,0,2,0,0,0,0,0,0,0,0,0,4,4,1,0,2,1,0,0,0,3,1,2,0,4,0,1,0
59402206,0,,,15,6,9,0,0,0,15,6,9,5,3,2,15,6,9,15,6,9,10,3,7,6,2,4,1,0,1,0,0,0,0,0,0,6,6,2,1,2,0,1,0,0,4,2,2,0,6,0,2,1
59402209,2,59402218,,1,0,1,*,*,*,*,*,*,*,*,*,*,*,*,*,*,*,*,*,*,*,*,*,*,*,*,*,*,*,*,*,*,1,1,*,*,*,*,*,*,*,*,*,*,*,*,*,*,*
59402210,2,59402200,,2,2,0,*,*,*,*,*,*,*,*,*,*,*,*,*,*,*,*,*,*,*,*,*,*,*,*,*,*,*,*,*,*,2,2,*,*,*,*,*,*,*,*,*,*,*,*,*,*,*
59402211,2,59402201,,7,3,4,*,*,*,*,*,*,*,*,*,*,*,*,*,*,*,*,*,*,*,*,*,*,*,*,*,*,*,*,*,*,2,2,*,*,*,*,*,*,*,*,*,*,*,*,*,*,*
59402212,2,59402213,,4,4,0,*,*,*,*,*,*,*,*,*,*,*,*,*,*,*,*,*,*,*,*,*,*,*,*,*,*,*,*,*,*,2,2,*,*,*,*,*,*,*,*,*,*,*,*,*,*,*
59402213,1,,59402212,45,22,23,5,2,3,44,24,20,21,13,8,44,24,20,44,24,20,23,11,12,11,5,6,5,1,4,0,0,0,0,0,0,16,16,5,5,2,4,0,2,0,13,6,7,1,14,0,3,2
59402215,0,,,27,11,16,2,2,0,25,9,16,13,8,5,22,7,15,22,7,15,12,1,11,9,1,8,4,1,3,0,0,0,0,0,0,10,10,3,4,0,1,1,0,1,7,4,3,0,10,0,3,1
59402217,2,59402218,,6,3,3,*,*,*,*,*,*,*,*,*,*,*,*,*,*,*,*,*,*,*,*,*,*,*,*,*,*,*,*,*,*,4,4,*,*,*,*,*,*,*,*,*,*,*,*,*,*,*
59402218,1,,59402209;59402217,42,14,28,4,1,3,45,16,29,28,12,16,43,15,28,42,14,28,17,4,13,11,2,9,5,0,5,0,0,0,9,0,9,21,21,16,6,1,0,1,1,1,10,6,4,1,14,0,5,2
59402221,0,,,110,58,52,8,6,2,102,52,50,50,27,23,100,51,49,99,50,49,52,25,27,21,8,13,6,2,4,0,0,0,0,0,0,30,30,1,10,4,4,5,6,0,29,14,15,1,27,0,1,7
59402222,0,,,70,30,40,5,4,1,65,26,39,29,12,17,65,26,39,65,26,39,36,14,22,17,6,11,7,3,4,0,0,0,0,0,0,26,26,2,12,6,4,2,0,0,24,16,8,2,23,0,2,10
59402223,0,,,44,19,25,3,1,2,41,18,23,22,11,11,38,17,21,38,17,21,19,7,12,12,5,7,3,1,2,0,0,0,0,0,0,16,16,3,6,2,3,1,1,0,13,9,4,0,12,0,3,4
59402224,0,,,180,86,94,8,4,4,172,82,90,83,41,42,170,82,88,169,82,87,89,41,48,54,20,34,28,11,17,0,0,0,0,0,0,73,73,19,26,14,6,5,3,0,54,39,15,0,63,0,15,18
59402225,0,,,20,11,9,0,0,0,20,11,9,8,5,3,20,11,9,20,11,9,12,6,6,8,4,4,4,2,2,0,0,0,0,0,0,9,9,1,5,3,0,0,0,0,8,5,3,0,9,0,1,4
59402226,0,,,24,13,11,0,0,0,24,13,11,9,6,3,24,13,11,24,13,11,15,7,8,9,3,6,4,1,3,0,0,0,0,0,0,10,10,2,4,2,2,0,0,0,8,6,2,0,9,0,1,2
59402228,2,59402238,,10,5,5,*,*,*,*,*,*,*,*,*,*,*,*,*,*,*,*,*,*,*,*,*,*,*,*,*,*,*,*,*,*,3,3,*,*,*,*,*,*,*,*,*,*,*,*,*,*,*
59402229,1,,59402239,321,149,172,30,16,14,300,138,162,168,80,88,290,133,157,286,131,155,132,58,74,72,28,44,27,14,13,1,0,1,0,0,0,90,90,5,27,16,25,6,7,7,88,39,49,8,81,0,2,13
59402230,0,,,51,28,23,1,1,0,50,27,23,25,17,8,49,26,23,49,26,23,25,10,15,15,5,10,4,2,2,0,0,0,0,0,0,18,18,3,5,5,2,3,0,0,15,9,6,1,16,0,2,1
59402231,0,,,237,117,120,18,10,8,219,107,112,124,62,62,216,105,111,213,104,109,95,45,50,49,18,31,14,5,9,2,1,1,0,0,0,80,80,18,21,17,10,5,3,6,62,32,30,4,64,0,12,11
59402232,0,,,55,29,26,8,6,2,47,23,24,23,13,10,47,23,24,47,23,24,24,10,14,11,2,9,6,0,6,0,0,0,0,0,0,18,18,2,7,5,1,1,0,2,16,10,6,2,15,0,0,4
59402233,0,,,127,39,88,5,3,2,122,36,86,19,7,12,120,36,84,119,36,83,103,29,74,86,18,68,66,10,56,13,1,12,0,0,0,17,16,4,6,2,1,1,1,1,12,9,3,2,14,0,3,5
59402234,0,,,79,43,36,7,3,4,72,40,32,43,26,17,71,39,32,71,39,32,29,14,15,11,3,8,7,2,5,0,0,0,0,0,0,27,27,5,8,6,4,2,1,1,22,11,11,0,20,0,3,4
59402235,0,,,19,8,11,0,0,0,19,8,11,9,4,5,19,8,11,19,8,11,10,4,6,7,3,4,3,2,1,0,0,0,0,0,0,7,7,1,2,2,2,0,0,0,6,3,3,0,6,0,1,0
59402236,0,,,64,32,32,5,2,3,59,30,29,35,19,16,59,30,29,58,29,29,24,11,13,10,4,6,1,0,1,0,0,0,0,0,0,22,22,5,6,4,3,2,1,1,17,9,8,2,15,0,2,3
59402238,1,,59402228,94,45,49,6,3,3,98,47,51,55,28,27,96,46,50,95,45,50,43,19,24,20,6,14,9,3,6,0,0,0,0,0,0,28,28,5,7,6,4,4,4,1,26,11,15,3,28,0,5,3
59402239,2,59402229,,9,5,4,*,*,*,*,*,*,*,*,*,*,*,*,*,*,*,*,*,*,*,*,*,*,*,*,*,*,*,*,*,*,3,3,*,*,*,*,*,*,*,*,*,*,*,*,*,*,*
59402240,0,,,92,39,53,3,0,3,89,39,50,38,16,22,85,36,49,84,36,48,51,23,28,22,10,12,5,1,4,0,0,0,0,0,0,33,33,5,15,5,2,4,0,2,28,17,11,1,27,0,3,13
59402242,0,,,59,31,28,3,1,2,56,30,26,27,14,13,54,28,26,54,28,26,29,16,13,15,8,7,6,4,2,1,0,1,0,0,0,21,21,3,5,9,3,0,0,1,18,11,7,0,17,0,2,2
59402243,0,,,54,25,29,3,3,0,51,22,29,21,8,13,50,22,28,50,22,28,30,14,16,12,3,9,4,0,4,0,0,0,0,0,0,21,21,5,5,6,4,1,0,0,16,10,6,1,20,0,5,3
59402244,0,,,68,31,37,7,3,4,61,28,33,41,20,21,57,28,29,56,27,29,20,8,12,9,3,6,3,0,3,2,0,2,0,0,0,21,21,5,5,1,4,3,2,1,16,6,10,1,12,0,2,2
59402246,0,,,45,22,23,3,2,1,42,20,22,23,12,11,41,20,21,41,20,21,19,8,11,13,5,8,6,3,3,0,0,0,0,0,0,16,16,5,3,3,2,1,2,0,11,5,6,1,14,0,3,1
59402249,0,,,41,17,24,2,1,1,39,16,23,19,9,10,39,16,23,38,15,23,20,7,13,8,2,6,3,0,3,0,0,0,0,0,0,21,21,8,10,1,1,0,1,0,13,12,1,0,15,0,8,3
59402250,2,59402260,,2,1,1,*,*,*,*,*,*,*,*,*,*,*,*,*,*,*,*,*,*,*,*,*,*,*,*,*,*,*,*,*,*,1,1,*,*,*,*,*,*,*,*,*,*,*,*,*,*,*
59402253,0,,,131,62,69,10,6,4,121,56,65,66,34,32,120,55,65,120,55,65,55,22,33,28,11,17,10,4,6,1,0,1,0,0,0,43,43,10,7,13,5,3,3,2,33,16,17,1,36,0,7,1
59402254,1,,59402263,33,15,18,3,1,2,32,14,18,16,8,8,32,14,18,32,14,18,16,6,10,8,1,7,1,0,1,0,0,0,0,0,0,13,13,3,7,1,2,0,0,1,11,9,2,0,12,0,3,3
59402255,0,,,275,113,162,21,10,11,254,103,151,107,55,52,252,102,150,252,102,150,147,48,99,97,21,76,67,13,54,10,2,8,0,0,0,43,41,3,9,6,12,5,3,3,36,13,23,6,34,0,3,7
59402256,0,,,73,37,36,7,4,3,66,33,33,34,18,16,66,33,33,65,33,32,32,15,17,17,7,10,7,2,5,1,0,1,0,0,0,24,24,3,7,8,3,0,2,1,21,10,11,3,20,0,3,2
59402257,0,,,267,129,138,17,11,6,250,118,132,129,68,61,240,114,126,237,113,124,121,50,71,71,31,40,25,8,17,1,0,1,1,1,0,96,96,17,36,22,6,7,6,2,79,45,34,6,77,0,10,18
59402258,0,,,171,75,96,16,6,10,155,69,86,96,47,49,150,67,83,148,67,81,59,22,37,28,6,22,11,2,9,0,0,0,0,0,0,54,54,8,17,7,11,4,6,1,46,29,17,6,42,0,7,5
59402259,0,,,1301,578,723,101,49,52,1200,529,671,599,301,298,1178,520,658,1164,513,651,601,228,373,352,107,245,169,40,129,18,2,16,2,0,2,483,480,123,166,86,58,26,15,6,357,255,102,18,351,1,90,72
59402260,1,,59402250,92,46,46,7,5,2,87,42,45,43,20,23,87,42,45,86,41,45,44,22,22,24,12,12,9,7,2,1,1,0,0,0,0,30,30,3,13,6,5,0,2,2,28,17,11,1,27,0,2,8
59402262,0,,,276,130,146,21,10,11,254,119,135,127,63,64,245,115,130,242,114,128,127,56,71,55,21,34,27,6,21,0,0,0,0,0,0,88,88,11,30,17,10,11,5,4,77,38,39,6,75,0,8,16
59402263,2,59402254,,2,0,2,*,*,*,*,*,*,*,*,*,*,*,*,*,*,*,*,*,*,*,*,*,*,*,*,*,*,*,*,*,*,1,1,*,*,*,*,*,*,*,*,*,*,*,*,*,*,*
59402264,0,,,70,30,40,8,2,6,62,28,34,31,16,15,61,28,33,61,28,33,31,12,19,15,4,11,8,2,6,0,0,0,0,0,0,23,23,5,5,5,4,2,0,2,18,9,9,2,18,0,4,4
59402265,0,,,103,47,56,12,3,9,91,44,47,53,28,25,90,43,47,89,43,46,38,16,22,23,8,15,11,3,8,1,0,1,0,0,0,32,32,2,9,10,5,4,1,1,30,15,15,1,27,0,1,1
59402266,0,,,157,70,87,11,5,6,146,65,81,75,35,40,139,63,76,138,62,76,71,30,41,42,17,25,14,5,9,1,0,1,0,0,0,49,49,7,16,10,4,3,8,1,42,25,17,5,42,0,6,9
59402267,0,,,37,18,19,4,3,1,33,15,18,18,9,9,33,15,18,33,15,18,15,6,9,8,3,5,2,0,2,0,0,0,0,0,0,11,11,3,2,2,0,1,2,1,8,2,6,1,9,0,1,1
59402268,0,,,50,27,23,3,1,2,47,26,21,28,17,11,44,23,21,43,22,21,19,9,10,7,3,4,2,1,1,0,0,0,0,0,0,14,14,2,4,3,2,0,0,3,11,6,5,1,13,0,1,1
59402269,0,,,403,177,226,36,18,18,367,159,208,205,101,104,347,147,200,344,145,199,162,58,104,80,18,62,26,3,23,1,0,1,0,0,0,165,165,47,62,22,17,7,7,3,118,88,30,10,115,0,36,24
59402270,0,,,85,43,42,3,2,1,82,41,41,41,21,20,82,41,41,82,41,41,41,20,21,26,11,15,7,3,4,0,0,0,0,0,0,37,37,11,12,9,4,0,0,1,26,16,10,1,26,0,6,8
59402272,0,,,117,59,58,6,5,1,111,54,57,60,32,28,105,51,54,103,50,53,51,22,29,28,10,18,14,4,10,0,0,0,0,0,0,38,38,5,13,7,5,3,5,0,33,20,13,1,30,1,3,8
59402274,0,,,83,41,42,7,3,4,76,38,38,35,19,16,74,37,37,73,36,37,41,19,22,16,7,9,10,4,6,0,0,0,0,0,0,31,31,10,8,5,4,1,0,3,21,13,8,1,27,0,8,1
59402275,0,,,183,84,99,9,3,6,174,81,93,91,47,44,170,79,91,169,78,91,83,34,49,39,12,27,16,5,11,0,0,0,0,0,0,68,68,10,26,14,14,1,3,0,57,37,20,1,51,0,7,15
59402276,0,,,121,62,59,6,3,3,115,59,56,54,33,21,115,59,56,115,59,56,61,26,35,33,14,19,9,4,5,0,0,0,0,0,0,41,41,7,10,12,7,3,1,1,34,19,15,1,36,0,5,7
59402277,0,,,174,85,89,7,2,5,167,83,84,82,46,36,164,82,82,161,81,80,85,37,48,42,16,26,18,6,12,1,1,0,1,0,1,58,58,11,16,10,8,11,1,1,47,31,16,1,47,0,7,10
59402278,0,,,16,6,10,2,0,2,14,6,8,5,3,2,14,6,8,14,6,8,9,3,6,6,1,5,2,0,2,1,0,1,0,0,0,7,7,3,1,1,2,0,0,0,4,2,2,1,6,0,3,1
59402280,0,,,147,35,112,0,0,0,147,35,112,37,14,23,147,35,112,146,35,111,110,21,89,100,17,83,69,9,60,15,3,12,0,0,0,19,18,3,5,4,2,3,0,1,15,7,8,0,12,0,2,2
59402285,0,,,79,44,35,3,3,0,76,41,35,38,24,14,74,40,34,71,38,33,38,17,21,21,9,12,6,3,3,0,0,0,0,0,0,35,35,14,10,3,5,2,1,0,21,17,4,1,25,1,9,9
59402286,1,,59402296,64,29,35,3,3,0,63,27,36,29,15,14,62,26,36,61,25,36,34,12,22,22,9,13,6,2,4,1,1,0,0,0,0,26,26,6,12,4,3,0,2,0,21,16,5,2,22,0,6,7
59402287,0,,,44,20,24,5,2,3,39,18,21,14,7,7,38,17,21,36,16,20,25,11,14,15,8,7,4,2,2,0,0,0,0,0,0,17,17,6,5,1,1,3,1,0,11,6,5,1,17,0,6,4
59402290,0,,,42,21,21,3,0,3,39,21,18,20,13,7,37,20,17,35,18,17,19,8,11,7,2,5,3,0,3,0,0,0,0,0,0,12,12,0,5,3,1,2,0,1,12,6,6,1,10,0,0,3
59402291,1,,59402292,85,37,48,2,2,0,92,40,52,51,23,28,88,39,49,87,39,48,41,17,24,25,7,18,9,2,7,1,0,1,0,0,0,28,28,6,7,4,10,2,2,0,25,10,15,1,26,0,6,4
59402292,2,59402291,,9,5,4,*,*,*,*,*,*,*,*,*,*,*,*,*,*,*,*,*,*,*,*,*,*,*,*,*,*,*,*,*,*,3,3,*,*,*,*,*,*,*,*,*,*,*,*,*,*,*
59402296,2,59402286,,2,1,1,*,*,*,*,*,*,*,*,*,*,*,*,*,*,*,*,*,*,*,*,*,*,*,*,*,*,*,*,*,*,1,1,*,*,*,*,*,*,*,*,*,*,*,*,*,*,*
59402300,2,59402310,,5,2,3,*,*,*,*,*,*,*,*,*,*,*,*,*,*,*,*,*,*,*,*,*,*,*,*,*,*,*,*,*,*,1,1,*,*,*,*,*,*,*,*,*,*,*,*,*,*,*
59402301,0,,,445,209,236,28,13,15,417,196,221,227,116,111,409,194,215,406,192,214,190,80,110,84,21,63,34,9,25,3,1,2,0,0,0,154,154,29,41,36,28,10,6,4,125,74,51,9,124,0,26,16
59402302,0,,,138,63,75,13,6,7,124,56,68,73,32,41,120,53,67,117,53,64,51,24,27,28,13,15,6,3,3,0,0,0,0,0,0,44,44,6,14,6,9,5,3,1,38,23,15,3,30,0,5,10
59402303,0,,,141,67,74,10,1,9,131,66,65,77,45,32,129,64,65,125,62,63,54,21,33,29,9,20,9,2,7,0,0,0,0,0,0,44,44,9,6,10,9,7,2,1,35,16,19,4,37,0,7,2
59402304,0,,,124,62,62,16,8,8,108,54,54,59,31,28,107,54,53,106,54,52,49,23,26,25,11,14,8,3,5,0,0,0,0,0,0,35,35,2,9,11,6,1,3,3,33,18,15,5,30,0,1,5
59402305,0,,,64,28,36,3,1,2,61,27,34,30,13,17,60,27,33,60,27,33,31,14,17,19,7,12,8,3,5,1,0,1,0,0,0,24,24,4,8,8,2,1,0,1,20,14,6,2,20,0,3,4
59402306,0,,,104,46,58,5,1,4,99,45,54,50,25,25,97,43,54,96,43,53,49,20,29,25,10,15,5,2,3,0,0,0,0,0,0,34,34,5,9,7,7,5,0,1,29,15,14,1,28,0,3,5
59402307,0,,,31,12,19,1,0,1,30,12,18,15,5,10,29,12,17,29,12,17,15,7,8,7,2,5,3,1,2,0,0,0,0,0,0,12,12,1,6,2,3,0,0,0,11,6,5,1,8,0,1,3
59402308,0,,,58,25,33,3,0,3,55,25,30,25,13,12,54,24,30,53,24,29,30,12,18,10,3,7,5,0,5,1,0,1,0,0,0,20,20,3,4,10,1,0,1,1,17,10,7,1,17,0,0,2
59402309,0,,,82,42,40,12,5,7,70,37,33,49,27,22,68,36,32,67,35,32,21,10,11,7,4,3,2,1,1,0,0,0,0,0,0,23,23,5,3,4,3,2,5,1,18,7,11,1,15,0,3,0
59402310,1,,59402300,37,20,17,1,0,1,41,22,19,22,13,9,39,20,19,39,20,19,19,9,10,8,3,5,2,0,2,0,0,0,0,0,0,11,11,1,4,2,1,2,1,1,11,6,5,0,11,0,1,4
59402311,0,,,36,14,22,3,0,3,33,14,19,19,9,10,32,14,18,32,14,18,14,5,9,9,2,7,4,1,3,0,0,0,0,0,0,11,11,1,4,3,0,1,1,1,10,5,5,0,10,0,1,0
59402312,0,,,50,27,23,4,2,2,46,25,21,20,11,9,46,25,21,45,24,21,26,14,12,12,7,5,3,2,1,0,0,0,0,0,0,15,15,1,5,3,4,0,1,1,14,8,6,1,15,0,1,4
59402313,0,,,25,10,15,3,1,2,22,9,13,16,8,8,22,9,13,21,8,13,6,1,5,3,0,3,1,0,1,0,0,0,0,0,0,8,8,1,3,1,1,1,1,0,7,5,2,1,5,0,1,1
59402314,2,59402315,,8,3,5,*,*,*,*,*,*,*,*,*,*,*,*,*,*,*,*,*,*,*,*,*,*,*,*,*,*,*,*,*,*,3,3,*,*,*,*,*,*,*,*,*,*,*,*,*,*,*
59402315,1,,59402314,3,2,1,1,0,1,10,5,5,3,1,2,9,5,4,9,5,4,7,4,3,3,2,1,0,0,0,0,0,0,0,0,0,2,2,1,3,0,1,0,0,0,4,4,0,0,4,0,1,3
59402317,0,,,55,23,32,3,1,2,52,22,30,25,13,12,52,22,30,52,22,30,27,9,18,20,6,14,7,1,6,1,0,1,0,0,0,20,20,2,8,4,5,1,0,0,18,11,7,0,17,0,2,6
59402318,0,,,117,57,60,6,4,2,111,53,58,61,29,32,107,51,56,105,50,55,50,24,26,23,9,14,7,3,4,0,0,0,0,0,0,38,38,5,14,5,7,1,6,0,32,18,14,2,34,0,3,5
59402320,0,,,73,37,36,4,4,0,69,33,36,32,16,16,69,33,36,69,33,36,37,17,20,22,8,14,11,3,8,0,0,0,0,0,0,23,23,4,4,6,5,3,0,1,19,9,10,1,22,0,4,1
59402321,0,,,15,7,8,0,0,0,15,7,8,8,5,3,15,7,8,15,7,8,7,2,5,5,1,4,1,0,1,0,0,0,0,0,0,5,5,1,2,0,1,0,1,0,4,3,1,0,5,0,1,0
59402323,0,,,15,7,8,3,2,1,12,5,7,5,2,3,12,5,7,12,5,7,7,3,4,1,0,1,1,0,1,0,0,0,0,0,0,4,4,0,2,0,1,0,0,1,4,2,2,1,3,0,0,2
59402324,0,,,19,8,11,0,0,0,19,8,11,6,2,4,19,8,11,19,8,11,13,6,7,4,1,3,3,1,2,0,0,0,0,0,0,7,7,2,1,2,1,1,0,0,5,1,4,0,7,0,2,0
59402329,0,,,53,24,29,5,1,4,48,23,25,30,15,15,46,21,25,46,21,25,18,8,10,10,3,7,1,0,1,0,0,0,0,0,0,19,19,4,7,3,2,2,0,1,15,9,6,1,14,0,3,3
59402330,0,,,62,30,32,6,3,3,56,27,29,26,12,14,55,26,29,54,26,28,30,15,15,13,7,6,5,3,2,0,0,0,0,0,0,20,20,1,8,6,2,1,1,1,19,15,4,2,17,0,1,7
59402333,0,,,20,10,10,1,0,1,19,10,9,8,5,3,19,10,9,19,10,9,11,5,6,4,2,2,2,1,1,0,0,0,0,0,0,7,7,2,0,3,1,1,0,0,5,2,3,0,6,0,1,0
59402335,0,,,26,10,16,0,0,0,26,10,16,13,6,7,25,10,15,25,10,15,13,4,9,10,3,7,4,1,3,0,0,0,0,0,0,9,9,3,1,2,1,1,1,0,6,1,5,0,9,0,3,1
59402336,1,,59402347,17,9,8,1,0,1,21,11,10,12,7,5,20,10,10,20,10,10,9,4,5,3,1,2,2,0,2,0,0,0,0,0,0,5,5,2,0,2,2,0,1,0,5,3,2,0,6,0,2,0
59402340,0,,,127,64,63,16,8,8,111,56,55,68,38,30,106,53,53,105,53,52,43,18,25,32,15,17,5,1,4,0,0,0,0,0,0,44,44,9,12,10,8,1,2,2,33,21,12,2,31,0,6,5
59402341,0,,,107,43,64,7,4,3,100,39,61,54,25,29,96,36,60,95,35,60,46,14,32,30,6,24,12,3,9,1,0,1,0,0,0,30,29,3,8,5,10,3,0,0,26,15,11,2,19,0,2,4
59402342,0,,,292,143,149,28,12,16,264,131,133,141,73,68,259,128,131,258,127,131,123,58,65,53,22,31,21,6,15,1,0,1,1,0,1,103,103,24,28,24,10,9,2,6,79,49,30,9,80,0,19,16
59402343,0,,,26,12,14,2,1,1,24,11,13,11,7,4,24,11,13,24,11,13,13,4,9,4,1,3,3,0,3,0,0,0,0,0,0,11,11,4,2,3,1,1,0,0,7,4,3,0,9,1,3,1
59402344,0,,,41,18,23,0,0,0,41,18,23,13,6,7,41,18,23,40,17,23,28,12,16,15,5,10,7,1,6,0,0,0,1,0,1,16,16,5,3,5,1,1,1,0,11,4,7,0,16,0,5,3
59402345,2,59402346,,8,4,4,*,*,*,*,*,*,*,*,*,*,*,*,*,*,*,*,*,*,*,*,*,*,*,*,*,*,*,*,*,*,3,3,*,*,*,*,*,*,*,*,*,*,*,*,*,*,*
59402346,1,,59402345,80,46,34,4,3,1,84,47,37,48,31,17,80,45,35,76,41,35,36,16,20,21,9,12,6,3,3,0,0,0,0,0,0,24,24,5,6,6,4,2,1,3,22,12,10,0,22,0,3,3
59402347,2,59402336,,5,2,3,*,*,*,*,*,*,*,*,*,*,*,*,*,*,*,*,*,*,*,*,*,*,*,*,*,*,*,*,*,*,2,2,*,*,*,*,*,*,*,*,*,*,*,*,*,*,*
59402349,2,59402368,,2,1,1,*,*,*,*,*,*,*,*,*,*,*,*,*,*,*,*,*,*,*,*,*,*,*,*,*,*,*,*,*,*,1,1,*,*,*,*,*,*,*,*,*,*,*,*,*,*,*
59402350,0,,,486,231,255,35,22,13,451,209,242,238,127,111,439,201,238,434,197,237,213,82,131,122,40,82,55,22,33,1,0,1,2,2,0,184,183,44,59,45,17,6,5,7,139,93,46,7,134,0,32,28
59402351,0,,,32,16,16,4,2,2,28,14,14,16,10,6,28,14,14,28,14,14,12,4,8,7,1,6,6,1,5,1,0,1,0,0,0,13,13,5,3,1,2,2,0,0,8,4,4,0,10,0,4,0
59402352,0,,,44,23,21,3,3,0,41,20,21,22,11,11,40,20,20,39,20,19,19,9,10,8,4,4,2,1,1,0,0,0,0,0,0,15,15,5,2,4,1,1,1,1,10,5,5,1,12,0,2,2
59402353,0,,,70,29,41,2,0,2,68,29,39,32,16,16,67,28,39,67,28,39,36,13,23,17,6,11,8,3,5,0,0,0,0,0,0,27,27,5,10,7,2,2,1,0,22,14,8,0,22,0,4,5
59402355,0,,,43,22,21,0,0,0,43,22,21,26,13,13,40,21,19,40,21,19,17,9,8,9,5,4,4,2,2,1,1,0,0,0,0,11,11,1,0,1,7,1,1,0,10,3,7,0,9,0,1,0
59402356,0,,,25,11,14,0,0,0,25,11,14,11,6,5,25,11,14,25,11,14,14,5,9,8,2,6,2,0,2,0,0,0,0,0,0,9,9,2,1,4,1,1,0,0,7,3,4,0,9,0,2,1
59402357,2,59402367,,7,3,4,*,*,*,*,*,*,*,*,*,*,*,*,*,*,*,*,*,*,*,*,*,*,*,*,*,*,*,*,*,*,2,2,*,*,*,*,*,*,*,*,*,*,*,*,*,*,*
59402358,2,59402368,,4,2,2,*,*,*,*,*,*,*,*,*,*,*,*,*,*,*,*,*,*,*,*,*,*,*,*,*,*,*,*,*,*,2,2,*,*,*,*,*,*,*,*,*,*,*,*,*,*,*
59402359,0,,,21,10,11,0,0,0,21,10,11,11,7,4,20,10,10,19,10,9,10,3,7,9,3,6,2,0,2,0,0,0,0,0,0,7,7,1,3,0,2,0,1,0,6,4,2,0,7,0,1,1
59402360,0,,,293,138,155,40,21,19,253,117,136,153,78,75,243,110,133,241,108,133,100,39,61,54,21,33,8,2,6,1,0,1,1,0,1,107,107,26,32,18,17,7,5,2,80,57,23,10,69,0,22,16
59402362,0,,,73,36,37,5,2,3,68,34,34,39,22,17,66,32,34,66,32,34,29,12,17,18,8,10,8,3,5,1,1,0,0,0,0,22,22,3,6,5,3,1,2,2,19,8,11,0,20,0,3,3
59402366,1,,59402376,40,22,18,2,1,1,48,26,22,29,16,13,48,26,22,48,26,22,19,10,9,11,5,6,4,3,1,0,0,0,0,0,0,12,12,1,4,5,3,0,0,2,14,9,5,1,13,0,1,2
59402367,1,,59402357,40,22,18,3,2,1,44,23,21,27,17,10,43,23,20,42,22,20,17,6,11,8,1,7,3,0,3,0,0,0,0,0,0,14,14,4,2,3,5,2,0,0,12,5,7,0,11,0,2,1
59402368,1,,59402349;59402358,52,28,24,3,1,2,55,30,25,36,20,16,50,27,23,50,27,23,19,10,9,11,6,5,3,2,1,0,0,0,0,0,0,15,15,2,9,0,2,2,2,1,16,9,7,0,12,0,2,1
59402369,0,,,26,14,12,4,4,0,22,10,12,11,4,7,21,10,11,21,10,11,11,6,5,5,2,3,2,1,1,0,0,0,0,0,0,6,6,0,1,2,0,1,1,1,6,3,3,0,6,0,0,0
59402372,1,,59402373,67,30,37,5,1,4,71,32,39,35,19,16,69,32,37,68,32,36,36,13,23,18,5,13,8,2,6,1,1,0,0,0,0,25,25,6,8,6,5,2,1,0,22,13,9,1,22,0,3,6
59402373,2,59402372,,9,3,6,*,*,*,*,*,*,*,*,*,*,*,*,*,*,*,*,*,*,*,*,*,*,*,*,*,*,*,*,*,*,3,3,*,*,*,*,*,*,*,*,*,*,*,*,*,*,*
59402376,2,59402366,,10,5,5,*,*,*,*,*,*,*,*,*,*,*,*,*,*,*,*,*,*,*,*,*,*,*,*,*,*,*,*,*,*,3,3,*,*,*,*,*,*,*,*,*,*,*,*,*,*,*
59402383,0,,,88,41,47,5,1,4,83,40,43,47,25,22,82,40,42,82,40,42,36,15,21,18,5,13,4,1,3,0,0,0,0,0,0,26,26,2,7,6,4,4,3,0,24,15,9,1,20,0,1,4
59402384,2,59402394,,7,4,3,*,*,*,*,*,*,*,*,*,*,*,*,*,*,*,*,*,*,*,*,*,*,*,*,*,*,*,*,*,*,1,1,*,*,*,*,*,*,*,*,*,*,*,*,*,*,*
59402385,0,,,18,10,8,2,2,0,16,8,8,8,5,3,16,8,8,16,8,8,8,3,5,3,0,3,1,0,1,0,0,0,0,0,0,7,7,3,3,0,0,0,0,1,4,3,1,1,6,0,2,1
59402386,0,,,58,28,30,4,2,2,54,26,28,24,13,11,54,26,28,52,25,27,30,13,17,18,8,10,4,1,3,0,0,0,0,0,0,21,21,3,7,5,5,0,1,0,18,12,6,0,19,0,3,6
59402387,0,,,19,8,11,5,2,3,14,6,8,8,2,6,14,6,8,14,6,8,6,4,2,2,1,1,0,0,0,0,0,0,0,0,0,7,7,3,1,1,1,0,0,1,4,2,2,1,5,0,3,0
59402393,0,,,51,23,28,7,2,5,44,21,23,21,10,11,43,20,23,43,20,23,23,11,12,11,6,5,5,3,2,0,0,0,0,0,0,16,16,2,4,3,4,2,1,0,14,7,7,2,14,0,2,1
59402394,1,,59402384,80,40,40,8,5,3,79,39,40,44,21,23,79,39,40,77,39,38,35,18,17,14,5,9,8,2,6,0,0,0,0,0,0,26,26,3,9,3,7,2,2,1,24,13,11,2,20,0,3,3
59402397,0,,,27,12,15,4,2,2,23,10,13,11,5,6,23,10,13,22,10,12,12,5,7,8,4,4,2,1,1,0,0,0,0,0,0,8,8,0,4,1,1,1,0,1,8,4,4,1,8,0,0,4
59402398,0,,,30,14,16,4,3,1,26,11,15,14,7,7,25,10,15,25,10,15,12,4,8,8,3,5,5,2,3,0,0,0,0,0,0,7,7,1,1,0,3,0,0,2,6,1,5,2,7,0,1,1
59402400,0,,,464,230,234,56,37,19,408,193,215,223,118,105,401,190,211,398,190,208,185,75,110,95,33,62,36,12,24,3,1,2,0,0,0,164,164,45,43,23,24,14,9,6,118,71,47,14,124,1,32,16
59402401,0,,,88,39,49,12,8,4,76,31,45,45,22,23,75,30,45,75,30,45,31,9,22,20,5,15,8,2,6,0,0,0,0,0,0,26,26,3,9,4,2,3,4,1,23,11,12,3,23,0,3,5
59402402,0,,,165,85,80,11,4,7,154,81,73,74,43,31,153,80,73,152,79,73,80,38,42,43,20,23,16,8,8,2,0,2,0,0,0,52,52,5,18,13,6,3,3,4,46,29,17,1,47,0,4,10
59402403,0,,,117,51,66,8,3,5,109,48,61,57,26,31,105,47,58,101,46,55,52,22,30,22,8,14,10,2,8,2,1,1,0,0,0,37,37,5,10,10,4,4,2,2,32,15,17,0,33,0,3,3
59402404,0,,,173,82,91,26,14,12,147,68,79,86,45,41,140,63,77,138,61,77,61,23,38,26,8,18,8,0,8,0,0,0,0,0,0,49,49,7,10,12,7,2,6,5,42,20,22,5,39,0,6,4
59402405,0,,,135,64,71,15,8,7,120,56,64,72,34,38,117,56,61,115,54,61,48,22,26,29,12,17,11,7,4,0,0,0,0,0,0,41,41,9,8,7,8,1,5,3,32,14,18,6,31,0,8,4
59402406,0,,,156,77,79,18,9,9,138,68,70,79,41,38,136,67,69,134,66,68,59,27,32,23,7,16,15,4,11,1,0,1,1,0,1,41,41,3,9,10,5,7,3,4,38,17,21,5,34,0,2,4
59402407,0,,,397,186,211,35,18,17,362,168,194,206,105,101,353,162,191,352,161,191,156,63,93,82,29,53,32,11,21,1,0,1,0,0,0,133,133,23,36,31,22,11,7,3,108,57,51,13,109,1,18,14
59402408,0,,,183,92,91,19,12,7,164,80,84,105,51,54,153,74,79,152,73,79,59,29,30,25,13,12,10,4,6,1,0,1,0,0,0,51,51,5,8,11,12,11,2,2,46,21,25,1,37,0,3,5
59402409,0,,,21,11,10,0,0,0,21,11,10,10,5,5,21,11,10,20,10,10,11,6,5,5,2,3,2,0,2,0,0,0,1,0,1,8,8,0,5,1,2,0,0,0,8,7,1,0,6,0,0,3
59402410,0,,,172,85,87,18,9,9,154,76,78,81,42,39,148,74,74,147,73,74,73,34,39,36,18,18,13,6,7,0,0,0,1,0,1,52,52,12,9,12,4,5,8,2,40,15,25,4,42,0,5,6
59402411,0,,,130,66,64,11,8,3,119,58,61,61,32,29,118,57,61,118,57,61,58,26,32,25,11,14,9,1,8,1,1,0,1,1,0,41,41,3,13,12,6,3,2,2,38,26,12,4,33,0,3,9
59402412,0,,,37,18,19,0,0,0,37,18,19,16,8,8,37,18,19,37,18,19,21,10,11,10,5,5,8,4,4,2,2,0,0,0,0,12,12,1,2,6,2,0,1,0,11,4,7,0,11,0,1,0
59402413,0,,,161,82,79,14,8,6,147,74,73,86,48,38,144,73,71,139,68,71,61,26,35,35,13,22,16,7,9,1,0,1,1,0,1,49,49,8,11,9,10,4,5,2,41,15,26,4,40,0,5,3
59402414,0,,,144,74,70,7,5,2,137,69,68,79,45,34,134,67,67,132,66,66,58,24,34,25,8,17,10,5,5,0,0,0,0,0,0,47,47,5,17,8,11,2,1,3,42,21,21,4,35,0,3,6
59402415,0,,,120,52,68,18,6,12,102,46,56,59,26,33,99,45,54,96,44,52,43,20,23,19,8,11,8,4,4,1,0,1,0,0,0,37,37,7,12,5,5,1,3,4,29,18,11,4,29,0,6,5
59402416,0,,,139,72,67,22,13,9,117,59,58,65,36,29,117,59,58,117,59,58,52,23,29,28,10,18,17,5,12,0,0,0,0,0,0,40,40,8,8,6,5,5,4,4,32,12,20,5,35,0,6,5
59402417,0,,,384,152,232,30,14,16,354,138,216,164,84,80,346,136,210,342,133,209,190,54,136,137,28,109,74,11,63,10,0,10,5,3,2,110,107,25,29,24,15,12,1,1,81,61,20,9,63,1,14,11
59402418,0,,,124,55,69,14,5,9,110,50,60,61,29,32,108,50,58,105,47,58,49,21,28,31,11,20,14,6,8,2,0,2,0,0,0,36,34,6,7,6,11,2,0,2,28,18,10,2,20,0,3,4
59402419,0,,,111,48,63,9,4,5,102,44,58,47,19,28,99,44,55,99,44,55,55,25,30,29,13,16,7,2,5,0,0,0,0,0,0,33,33,6,4,7,11,0,4,1,27,10,17,2,30,0,6,4
59402420,0,,,62,31,31,5,2,3,57,29,28,34,18,16,54,28,26,53,27,26,23,11,12,17,9,8,4,3,1,0,0,0,1,0,1,17,17,1,6,1,2,4,3,0,16,7,9,2,15,0,1,4
59402421,0,,,260,125,135,17,8,9,243,117,126,132,66,66,237,115,122,235,114,121,111,51,60,53,21,32,15,2,13,3,1,2,2,0,2,89,89,15,28,19,16,2,6,3,73,49,24,3,70,0,12,11
59402422,0,,,168,81,87,14,6,8,154,75,79,83,42,41,153,75,78,149,73,76,71,33,38,36,17,19,11,7,4,1,0,1,0,0,0,55,55,11,16,7,7,9,4,1,43,20,23,4,44,0,7,8
59402423,0,,,148,69,79,12,5,7,136,64,72,77,35,42,129,61,68,127,61,66,59,29,30,24,12,12,5,4,1,0,0,0,0,0,0,47,47,5,15,8,9,8,1,1,42,22,20,3,36,0,3,8
59402424,0,,,221,111,110,17,10,7,204,101,103,116,65,51,199,98,101,195,97,98,88,36,52,47,19,28,14,8,6,1,1,0,0,0,0,76,76,20,16,14,10,10,5,1,56,29,27,3,61,0,14,7
59402425,0,,,135,67,68,12,8,4,123,59,64,70,38,32,120,58,62,119,58,61,53,21,32,26,8,18,10,3,7,1,0,1,0,0,0,44,44,6,9,15,9,1,3,1,38,24,14,6,34,0,3,6
59402426,0,,,76,35,41,3,1,2,73,34,39,39,19,20,72,34,38,72,34,38,34,15,19,18,8,10,2,1,1,0,0,0,0,0,0,26,26,3,9,7,4,1,1,1,22,11,11,0,22,0,1,5
59402427,0,,,107,46,61,4,2,2,103,44,59,58,28,30,100,43,57,98,42,56,45,16,29,23,7,16,5,1,4,0,0,0,7,0,7,46,46,19,10,6,8,1,1,1,27,13,14,2,32,0,9,5
59402428,0,,,83,37,46,4,0,4,79,37,42,47,23,24,76,36,40,75,35,40,32,14,18,16,6,10,6,0,6,1,0,1,0,0,0,26,26,2,8,8,3,1,4,0,24,13,11,1,21,0,1,2
59402429,0,,,180,84,96,17,7,10,163,77,86,83,39,44,159,76,83,156,73,83,80,38,42,37,14,23,14,3,11,3,0,3,0,0,0,59,59,9,18,14,8,2,5,3,50,28,22,4,50,1,5,13
59402431,0,,,42,18,24,6,1,5,36,17,19,25,11,14,36,17,19,35,17,18,11,6,5,6,4,2,2,1,1,0,0,0,1,0,1,12,12,0,4,3,2,2,0,1,12,6,6,2,8,0,0,1
59402432,0,,,242,120,122,19,13,6,223,107,116,128,59,69,217,103,114,216,103,113,95,48,47,49,21,28,24,9,15,0,0,0,0,0,0,78,78,17,17,14,16,7,3,4,61,30,31,4,62,0,13,9
59402433,0,,,189,86,103,24,9,15,165,77,88,99,56,43,159,74,85,158,73,85,66,21,45,25,7,18,11,2,9,0,0,0,0,0,0,60,60,12,13,9,14,8,2,2,46,19,27,5,48,0,9,4
59402434,0,,,141,67,74,14,7,7,127,60,67,80,39,41,125,60,65,122,58,64,47,21,26,18,6,12,9,4,5,0,0,0,0,0,0,42,42,6,8,11,6,5,5,1,36,17,19,2,30,0,5,3
59402435,0,,,156,77,79,18,13,5,138,64,74,83,41,42,137,63,74,133,61,72,55,23,32,30,9,21,11,3,8,0,0,0,0,0,0,49,49,7,13,15,5,2,2,5,42,23,19,4,37,0,5,3
59402436,0,,,206,97,109,21,13,8,185,84,101,103,57,46,177,77,100,174,76,98,82,27,55,46,11,35,15,2,13,1,0,1,2,0,2,64,63,11,17,14,9,6,2,4,52,31,21,4,46,0,7,3
59402437,0,,,54,26,28,2,2,0,52,24,28,29,17,12,52,24,28,52,24,28,23,7,16,12,3,9,3,0,3,0,0,0,0,0,0,24,24,9,5,5,5,0,0,0,15,7,8,0,18,0,7,1
59402438,0,,,273,126,147,23,12,11,250,114,136,147,72,75,241,111,130,239,111,128,103,42,61,54,20,34,19,6,13,2,0,2,0,0,0,83,83,12,18,18,16,9,8,2,71,33,38,5,64,0,10,8
59402439,0,,,97,45,52,7,2,5,90,43,47,50,25,25,88,41,47,87,41,46,40,18,22,18,6,12,5,2,3,0,0,0,0,0,0,30,30,3,7,7,8,4,0,1,27,16,11,3,26,0,3,4
59402440,0,,,36,18,18,4,2,2,32,16,16,18,9,9,31,15,16,30,14,16,14,7,7,8,3,5,2,1,1,0,0,0,0,0,0,12,12,2,3,1,5,1,0,0,10,8,2,0,10,0,2,3
59402441,0,,,66,27,39,7,2,5,59,25,34,35,17,18,59,25,34,59,25,34,24,8,16,11,1,10,5,0,5,0,0,0,0,0,0,24,24,4,8,9,1,0,0,2,20,12,8,3,16,0,2,3
59402442,0,,,366,174,192,35,11,24,331,163,168,160,86,74,319,155,164,315,154,161,171,77,94,99,42,57,40,16,24,3,0,3,1,0,1,129,128,27,43,21,14,13,7,3,101,59,42,7,104,0,21,22
59402443,0,,,199,95,104,22,12,10,177,83,94,127,62,65,169,78,91,168,77,91,50,21,29,22,6,16,11,3,8,0,0,0,1,0,1,75,75,16,26,13,12,5,2,1,57,39,18,5,37,0,10,6
59402444,0,,,163,67,96,16,10,6,147,57,90,69,28,41,140,54,86,139,54,85,78,29,49,49,14,35,33,9,24,5,0,5,0,0,0,39,38,3,13,4,9,1,3,5,35,18,17,2,31,0,2,6
59402445,0,,,92,46,46,7,4,3,85,42,43,49,27,22,84,41,43,83,41,42,36,15,21,13,3,10,6,3,3,0,0,0,0,0,0,32,32,7,7,8,5,4,0,1,25,12,13,1,24,0,6,2
59402446,0,,,164,75,89,19,10,9,145,65,80,85,43,42,139,63,76,137,62,75,60,22,38,37,14,23,15,4,11,0,0,0,0,0,0,53,53,6,15,11,11,9,1,0,47,30,17,3,37,0,2,7
59402447,0,,,67,28,39,12,3,9,55,25,30,42,18,24,51,24,27,45,20,25,13,7,6,8,4,4,3,1,2,0,0,0,0,0,0,22,22,1,8,5,6,1,1,0,21,18,3,3,8,0,0,4
59402448,0,,,117,49,68,13,8,5,104,41,63,49,23,26,99,39,60,98,38,60,55,18,37,34,9,25,23,5,18,1,0,1,0,0,0,36,35,11,7,3,3,6,3,2,24,9,15,4,31,0,11,4
59402449,0,,,28,9,19,5,1,4,23,8,15,11,5,6,23,8,15,23,8,15,12,3,9,6,2,4,3,0,3,1,0,1,0,0,0,10,10,2,4,2,1,0,0,1,8,6,2,1,8,0,1,0
59402452,0,,,279,136,143,20,9,11,258,126,132,145,76,69,253,122,131,250,120,130,113,50,63,61,19,42,25,8,17,2,1,1,0,0,0,97,97,20,23,23,19,7,3,2,76,41,35,4,74,0,13,10
59402453,0,,,882,391,491,92,39,53,786,350,436,429,215,214,770,344,426,757,335,422,357,135,222,236,71,165,124,35,89,18,2,16,0,0,0,297,294,65,96,64,38,14,13,4,227,168,59,18,176,1,40,34
59402454,0,,,91,44,47,14,9,5,77,35,42,42,18,24,74,35,39,73,35,38,35,17,18,17,8,9,7,2,5,1,1,0,1,1,0,25,25,4,4,6,4,1,2,4,21,9,12,3,18,1,1,2
59402455,0,,,215,102,113,21,8,13,194,94,100,109,61,48,185,90,95,181,87,94,85,33,52,38,13,25,20,3,17,1,0,1,0,0,0,61,61,11,13,8,12,4,8,5,49,18,31,4,47,0,5,5
59402456,0,,,88,44,44,6,3,3,82,41,41,40,23,17,81,41,40,80,40,40,42,18,24,17,7,10,5,4,1,0,0,0,1,0,1,28,28,4,8,4,7,3,1,1,24,10,14,2,26,0,3,4
59402457,1,,59402458,86,39,47,9,5,4,86,40,46,57,27,30,81,38,43,78,37,41,29,13,16,16,7,9,5,3,2,0,0,0,0,0,0,27,27,5,6,7,5,1,3,2,24,13,11,2,21,0,4,2
59402458,2,59402457,,9,6,3,*,*,*,*,*,*,*,*,*,*,*,*,*,*,*,*,*,*,*,*,*,*,*,*,*,*,*,*,*,*,2,2,*,*,*,*,*,*,*,*,*,*,*,*,*,*,*
59402459,0,,,94,42,52,5,3,2,89,39,50,58,27,31,88,39,49,87,39,48,31,12,19,16,3,13,6,2,4,1,0,1,1,0,1,28,28,2,7,10,2,4,1,2,26,14,12,2,22,0,0,3
59402462,0,,,59,31,28,0,0,0,59,31,28,34,19,15,58,31,27,57,30,27,25,12,13,9,2,7,3,0,3,0,0,0,0,0,0,19,19,1,4,9,3,1,1,0,18,12,6,0,15,0,0,2
59402463,0,,,141,67,74,19,11,8,122,56,66,71,35,36,114,52,62,114,52,62,51,21,30,19,7,12,8,3,5,0,0,0,0,0,0,52,52,9,16,14,9,2,2,0,43,34,9,5,32,0,5,11
59402464,0,,,131,66,65,8,4,4,123,62,61,62,34,28,118,62,56,116,61,55,61,28,33,29,13,16,14,6,8,1,0,1,0,0,0,46,46,8,16,9,5,5,2,1,38,20,18,2,37,0,5,8
59402465,0,,,112,54,58,6,2,4,106,52,54,54,29,25,102,49,53,101,49,52,52,23,29,19,8,11,5,2,3,1,1,0,1,0,1,37,37,6,11,9,4,2,4,1,31,18,13,1,30,0,3,7
59402466,0,,,253,121,132,24,16,8,229,105,124,119,57,62,220,99,121,219,99,120,110,48,62,54,17,37,25,6,19,2,0,2,1,0,1,82,82,10,26,20,10,7,7,2,72,38,34,3,70,0,10,12
59402467,0,,,112,49,63,7,5,2,105,44,61,48,21,27,101,43,58,100,42,58,57,23,34,32,10,22,7,0,7,0,0,0,0,0,0,42,42,10,16,6,5,2,0,3,32,21,11,4,36,0,8,10
59402468,0,,,169,78,91,17,8,9,152,70,82,71,33,38,150,69,81,148,69,79,81,37,44,44,19,25,14,7,7,0,0,0,1,0,1,62,62,17,18,11,6,4,3,3,44,26,18,5,52,0,13,13
59402469,0,,,122,55,67,12,5,7,110,50,60,56,27,29,108,49,59,107,48,59,54,23,31,32,12,20,13,3,10,0,0,0,0,0,0,40,40,11,7,7,7,4,1,3,28,10,18,0,37,0,11,3
59402471,0,,,21,10,11,2,1,1,19,9,10,12,7,5,18,9,9,18,9,9,7,2,5,4,1,3,1,0,1,0,0,0,0,0,0,7,7,0,2,4,0,1,0,0,7,4,3,0,6,0,0,1
59402472,0,,,149,71,78,5,2,3,144,69,75,79,40,39,136,65,71,135,64,71,65,29,36,29,9,20,11,1,10,2,0,2,0,0,0,53,53,10,17,12,6,5,1,2,43,23,20,1,41,0,9,3
59402473,0,,,74,33,41,3,2,1,71,31,40,37,17,20,70,30,40,70,30,40,34,14,20,18,6,12,4,1,3,0,0,0,0,0,0,24,24,4,6,6,3,3,1,1,20,10,10,0,21,0,4,4
59402474,0,,,131,62,69,6,2,4,125,60,65,59,34,25,123,58,65,123,58,65,66,26,40,35,13,22,14,5,9,0,0,0,0,0,0,48,48,10,18,10,3,2,3,2,38,24,14,0,41,0,8,11
59402475,0,,,55,26,29,1,1,0,54,25,29,22,11,11,53,24,29,53,24,29,32,14,18,15,4,11,10,3,7,1,0,1,0,0,0,24,24,7,9,4,3,0,1,0,17,11,6,0,22,0,6,4
59402476,0,,,181,89,92,12,6,6,169,83,86,86,46,40,168,83,85,167,83,84,83,37,46,45,18,27,15,5,10,1,0,1,1,1,0,60,60,8,20,15,5,8,1,3,52,29,23,4,51,0,6,11
59402477,0,,,110,52,58,3,2,1,107,50,57,50,26,24,106,50,56,105,49,56,57,24,33,28,11,17,9,2,7,1,0,1,0,0,0,39,39,8,10,9,8,2,1,1,31,15,16,0,34,0,7,6
59402478,0,,,168,91,77,15,13,2,153,78,75,77,46,31,151,77,74,150,77,73,76,32,44,34,12,22,17,7,10,1,0,1,0,0,0,50,50,7,8,15,11,3,3,3,43,20,23,3,45,1,3,6
59402479,0,,,124,61,63,11,5,6,113,56,57,64,31,33,111,54,57,111,54,57,49,25,24,22,12,10,8,3,5,0,0,0,0,0,0,45,45,11,13,8,7,1,5,0,34,21,13,2,35,0,9,3
59402481,0,,,34,14,20,3,1,2,31,13,18,9,5,4,29,12,17,29,12,17,22,8,14,10,3,7,4,0,4,0,0,0,0,0,0,12,12,2,6,2,0,0,1,1,10,7,3,1,11,0,2,5
59402482,0,,,87,39,48,6,4,2,81,35,46,41,19,22,80,34,46,77,32,45,40,16,24,23,9,14,10,3,7,0,0,0,0,0,0,26,26,3,6,5,7,2,2,1,23,11,12,2,25,0,3,4
59402483,0,,,58,21,37,6,1,5,52,20,32,28,9,19,49,20,29,48,20,28,24,11,13,13,6,7,5,1,4,0,0,0,0,0,0,19,19,2,10,0,1,4,2,0,17,10,7,1,16,0,2,5
59402484,0,,,222,112,110,25,14,11,197,98,99,116,60,56,188,93,95,186,92,94,81,38,43,45,15,30,19,6,13,3,0,3,1,1,0,67,66,9,18,17,4,9,7,2,57,32,25,2,45,0,5,5
59402485,0,,,191,95,96,13,9,4,176,85,91,102,52,50,170,80,90,164,76,88,74,33,41,36,15,21,14,4,10,0,0,0,0,0,0,66,66,17,17,10,11,4,4,3,48,29,19,2,43,0,9,8
59402486,0,,,151,76,75,7,3,4,144,73,71,84,48,36,141,71,70,138,69,69,60,25,35,31,12,19,10,2,8,0,0,0,0,0,0,46,46,6,10,12,9,4,3,2,40,20,20,2,37,0,6,5
59402487,0,,,116,56,60,9,3,6,107,53,54,53,31,22,104,51,53,103,51,52,54,22,32,33,12,21,14,6,8,1,0,1,0,0,0,36,36,3,13,7,6,3,2,2,33,17,16,1,33,0,2,6
59402488,0,,,171,83,88,15,6,9,156,77,79,75,42,33,154,76,78,152,75,77,81,35,46,45,17,28,22,8,14,5,1,4,0,0,0,55,55,11,10,14,10,7,0,3,44,22,22,2,49,0,9,6
59402489,0,,,170,74,96,11,4,7,159,70,89,85,38,47,156,69,87,155,69,86,74,32,42,41,19,22,14,6,8,1,0,1,0,0,0,52,52,3,12,18,9,7,3,0,48,30,18,2,42,0,3,6
59402491,0,,,82,38,44,6,2,4,76,36,40,38,19,19,74,35,39,72,33,39,38,17,21,16,9,7,6,2,4,0,0,0,0,0,0,30,30,5,10,8,3,3,1,0,25,17,8,3,24,0,2,7
59402492,0,,,96,42,54,9,6,3,87,36,51,44,22,22,86,36,50,85,36,49,43,14,29,23,6,17,9,1,8,0,0,0,0,0,0,36,36,9,11,7,5,2,0,2,27,15,12,1,29,0,5,4
59402493,0,,,166,87,79,18,13,5,148,74,74,74,38,36,146,72,74,144,71,73,74,36,38,37,18,19,15,6,9,3,2,1,0,0,0,52,52,12,13,9,4,7,1,6,40,21,19,3,44,0,9,5
59402494,0,,,29,13,16,1,0,1,28,13,15,13,8,5,28,13,15,28,13,15,15,5,10,12,4,8,6,3,3,0,0,0,0,0,0,14,14,3,8,2,1,0,0,0,11,9,2,0,10,0,1,3
59402495,0,,,530,267,263,49,26,23,477,240,237,285,153,132,464,232,232,460,228,232,192,87,105,87,36,51,29,12,17,1,0,1,3,1,2,205,205,48,77,33,23,13,7,4,152,109,43,13,131,5,28,30
59402496,0,,,123,60,63,10,4,6,113,56,57,61,31,30,111,54,57,109,54,55,52,25,27,25,11,14,13,5,8,2,1,1,0,0,0,34,34,4,5,9,7,2,5,2,30,13,17,3,29,0,1,2
59402497,0,,,206,95,111,23,13,10,183,82,101,87,43,44,178,80,98,176,79,97,96,39,57,44,15,29,18,4,14,2,2,0,0,0,0,65,65,8,22,12,12,4,2,5,56,30,26,3,57,0,8,14
59402498,0,,,90,42,48,8,4,4,82,38,44,44,25,19,81,38,43,80,37,43,38,13,25,20,7,13,8,2,6,1,0,1,0,0,0,27,27,4,7,4,3,6,3,0,23,9,14,2,24,0,3,2
59402499,0,,,72,35,37,4,0,4,68,35,33,38,22,16,68,35,33,68,35,33,30,13,17,19,8,11,8,5,3,0,0,0,0,0,0,28,28,7,9,5,3,4,0,0,21,12,9,2,22,0,6,3
59402500,0,,,80,37,43,5,3,2,75,34,41,39,16,23,73,34,39,72,33,39,36,18,18,22,10,12,6,3,3,0,0,0,0,0,0,26,26,3,9,4,7,1,1,1,23,14,9,2,23,0,2,4
59402501,0,,,48,21,27,2,1,1,46,20,26,29,11,18,45,20,25,45,20,25,17,9,8,13,7,6,3,1,2,0,0,0,6,0,6,22,22,11,2,4,4,1,0,0,11,6,5,1,11,0,3,1
59402502,2,59402511,,5,3,2,*,*,*,*,*,*,*,*,*,*,*,*,*,*,*,*,*,*,*,*,*,*,*,*,*,*,*,*,*,*,2,2,*,*,*,*,*,*,*,*,*,*,*,*,*,*,*
59402510,0,,,198,97,101,15,10,5,183,87,96,104,51,53,180,84,96,177,82,95,79,36,43,36,15,21,10,2,8,0,0,0,4,3,1,65,65,10,20,14,10,5,2,4,55,32,23,4,54,0,7,11
59402511,1,,59402502;59402512,51,22,29,8,4,4,56,24,32,28,14,14,55,24,31,54,24,30,28,10,18,13,4,9,7,2,5,0,0,0,0,0,0,18,18,3,10,4,4,0,1,1,20,15,5,1,17,0,2,3
59402512,2,59402511,,8,3,5,*,*,*,*,*,*,*,*,*,*,*,*,*,*,*,*,*,*,*,*,*,*,*,*,*,*,*,*,*,*,3,3,*,*,*,*,*,*,*,*,*,*,*,*,*,*,*
59402520,0,,,187,84,103,20,10,10,167,74,93,82,38,44,163,73,90,162,73,89,85,36,49,43,14,29,17,2,15,4,1,3,0,0,0,62,62,13,17,13,8,2,6,3,49,30,19,3,54,0,11,11
59402521,0,,,131,62,69,9,1,8,122,61,61,72,40,32,117,59,58,114,56,58,50,21,29,31,11,20,12,3,9,1,0,1,0,0,0,40,40,6,9,10,6,4,2,3,34,18,16,2,29,0,3,3
59402530,0,,,217,102,115,24,9,15,193,93,100,106,49,57,190,91,99,188,91,97,87,44,43,38,21,17,7,2,5,0,0,0,0,0,0,66,66,11,13,14,16,4,4,4,55,29,26,4,55,0,9,5
59402531,0,,,48,21,27,0,0,0,48,21,27,27,11,16,46,20,26,44,20,24,21,10,11,13,7,6,5,3,2,0,0,0,0,0,0,19,19,5,6,2,5,1,0,0,14,7,7,0,13,0,5,1
59402540,1,,59402551,124,62,62,17,9,8,119,59,60,73,38,35,115,57,58,112,55,57,46,21,25,19,8,11,5,1,4,0,0,0,0,0,0,33,33,5,6,6,6,6,4,3,31,11,20,5,32,0,3,4
59402541,0,,,76,37,39,8,4,4,68,33,35,36,19,17,67,32,35,66,31,35,32,14,18,11,5,6,2,1,1,0,0,0,0,0,0,23,23,4,6,4,2,4,1,2,19,7,12,1,20,0,4,1
59402542,0,,,13,5,8,0,0,0,13,5,8,5,4,1,13,5,8,13,5,8,8,1,7,4,0,4,4,0,4,0,0,0,0,0,0,7,7,2,4,1,0,0,0,0,5,4,1,0,7,0,2,0
59402550,1,,59402580;59402590,105,50,55,14,5,9,100,48,52,57,29,28,100,48,52,100,48,52,43,19,24,21,7,14,8,3,5,0,0,0,0,0,0,30,30,6,10,4,3,4,5,2,28,11,17,6,29,0,5,4
59402551,2,59402540,,12,6,6,*,*,*,*,*,*,*,*,*,*,*,*,*,*,*,*,*,*,*,*,*,*,*,*,*,*,*,*,*,*,3,3,*,*,*,*,*,*,*,*,*,*,*,*,*,*,*
59402580,2,59402550,,4,1,3,*,*,*,*,*,*,*,*,*,*,*,*,*,*,*,*,*,*,*,*,*,*,*,*,*,*,*,*,*,*,1,1,*,*,*,*,*,*,*,*,*,*,*,*,*,*,*
59402590,2,59402550,,5,2,3,*,*,*,*,*,*,*,*,*,*,*,*,*,*,*,*,*,*,*,*,*,*,*,*,*,*,*,*,*,*,3,3,*,*,*,*,*,*,*,*,*,*,*,*,*,*,*
59403004,0,,,50,25,25,8,6,2,42,19,23,23,12,11,40,18,22,40,18,22,19,7,12,5,1,4,1,0,1,0,0,0,0,0,0,16,16,2,4,6,2,0,1,1,14,10,4,2,11,0,2,3
59403009,2,59403019,,1,0,1,*,*,*,*,*,*,*,*,*,*,*,*,*,*,*,*,*,*,*,*,*,*,*,*,*,*,*,*,*,*,1,1,*,*,*,*,*,*,*,*,*,*,*,*,*,*,*
59403014,0,,,12,8,4,0,0,0,12,8,4,5,3,2,12,8,4,12,8,4,7,5,2,4,2,2,0,0,0,0,0,0,0,0,0,5,5,2,2,0,0,0,1,0,3,2,1,0,5,0,2,2
59403015,0,,,15,8,7,0,0,0,15,8,7,8,5,3,15,8,7,15,8,7,7,3,4,4,1,3,3,1,2,1,1,0,0,0,0,6,6,1,1,4,0,0,0,0,5,2,3,0,5,0,1,0
59403017,2,59403018,,8,4,4,*,*,*,*,*,*,*,*,*,*,*,*,*,*,*,*,*,*,*,*,*,*,*,*,*,*,*,*,*,*,2,2,*,*,*,*,*,*,*,*,*,*,*,*,*,*,*
59403018,1,,59403017,33,18,15,0,0,0,41,22,19,20,12,8,41,22,19,40,21,19,21,10,11,15,7,8,3,1,2,0,0,0,0,0,0,14,14,1,10,1,3,1,0,0,15,13,2,0,14,0,1,5
59403019,1,,59403009,52,26,26,0,0,0,53,26,27,24,13,11,53,26,27,53,26,27,29,13,16,16,4,12,6,3,3,0,0,0,0,0,0,25,25,9,9,6,2,0,0,0,16,15,1,0,22,0,9,6
59403025,0,,,163,67,96,9,4,5,154,63,91,68,28,40,152,63,89,148,61,87,86,35,51,38,14,24,14,5,9,0,0,0,0,0,0,71,71,24,26,9,6,1,4,1,47,34,13,1,60,0,20,16
59403026,0,,,136,64,72,11,7,4,125,57,68,57,26,31,120,53,67,118,53,65,68,31,37,37,16,21,14,3,11,1,0,1,1,0,1,49,49,14,12,9,6,3,3,2,35,23,12,2,44,0,13,6
59403028,1,,59403039,11,7,4,0,0,0,18,11,7,3,3,0,18,11,7,18,11,7,15,8,7,9,6,3,3,1,2,0,0,0,0,0,0,5,5,4,4,2,0,0,0,0,6,5,1,0,9,0,3,4
59403035,0,,,490,243,247,36,20,16,448,219,229,270,136,134,434,207,227,427,205,222,178,83,95,90,43,47,22,8,14,1,0,1,0,0,0,193,193,45,65,38,32,7,4,2,144,119,25,10,119,0,34,30
59403039,2,59403028,,7,4,3,*,*,*,*,*,*,*,*,*,*,*,*,*,*,*,*,*,*,*,*,*,*,*,*,*,*,*,*,*,*,5,5,*,*,*,*,*,*,*,*,*,*,*,*,*,*,*
59403044,2,59403045,,1,1,0,*,*,*,*,*,*,*,*,*,*,*,*,*,*,*,*,*,*,*,*,*,*,*,*,*,*,*,*,*,*,1,1,*,*,*,*,*,*,*,*,*,*,*,*,*,*,*
59403045,1,,59403044,213,104,109,8,6,2,196,93,103,105,46,59,191,91,100,189,90,99,91,47,44,48,20,28,19,5,14,3,0,3,9,0,9,91,91,26,35,16,8,5,1,1,64,54,10,3,59,4,13,20
59403055,0,,,316,147,169,16,9,7,300,138,162,148,74,74,295,134,161,293,133,160,152,64,88,68,19,49,26,5,21,1,0,1,0,0,0,122,122,27,44,22,16,9,2,2,95,69,26,4,100,0,22,19
59403065,0,,,17,9,8,0,0,0,17,9,8,10,6,4,17,9,8,17,9,8,7,3,4,4,1,3,2,1,1,0,0,0,0,0,0,8,8,3,2,2,1,0,0,0,5,5,0,0,5,0,2,1
59403069,0,,,137,40,97,6,3,3,131,37,94,18,7,11,131,37,94,130,37,93,113,30,83,96,20,76,69,9,60,17,2,15,0,0,0,15,14,1,7,2,2,0,1,1,13,9,4,2,12,0,1,3
59403075,0,,,229,107,122,8,3,5,213,100,113,107,56,51,206,95,111,204,95,109,106,44,62,63,23,40,21,8,13,2,2,0,0,0,0,85,85,18,31,13,10,8,5,0,65,40,25,2,69,0,15,16
59403078,0,,,55,21,34,0,0,0,55,21,34,27,11,16,54,20,34,53,20,33,28,10,18,15,4,11,8,2,6,0,0,0,0,0,0,22,22,4,6,9,3,0,0,0,18,11,7,0,18,0,3,2
59403079,0,,,107,48,59,11,5,6,96,43,53,43,20,23,95,43,52,94,42,52,53,23,30,25,8,17,9,2,7,2,1,1,0,0,0,37,37,5,13,8,6,2,3,0,32,18,14,4,31,0,5,9
59403085,0,,,438,171,267,12,5,7,426,166,260,126,72,54,425,166,259,424,165,259,300,94,206,211,42,169,121,18,103,29,2,27,0,0,0,42,37,13,9,6,5,2,1,1,24,15,9,6,27,1,8,4
59403089,0,,,281,132,149,19,7,12,262,125,137,129,65,64,255,121,134,253,120,133,133,60,73,59,21,38,30,9,21,2,0,2,0,0,0,94,94,11,30,26,16,3,4,4,82,50,32,4,79,0,9,16
59403095,0,,,477,233,244,14,9,5,447,216,231,228,120,108,442,214,228,435,211,224,219,96,123,109,40,69,49,15,34,3,2,1,1,1,0,198,198,42,80,48,15,10,1,2,151,116,35,2,144,0,30,34
59403096,0,,,31,17,14,0,0,0,31,17,14,14,7,7,31,17,14,31,17,14,17,10,7,11,6,5,1,0,1,0,0,0,0,0,0,12,12,2,4,4,1,1,0,0,10,8,2,0,11,0,2,2
59403098,0,,,86,44,42,4,2,2,82,42,40,47,25,22,79,40,39,79,40,39,35,17,18,19,6,13,5,0,5,0,0,0,0,0,0,30,30,5,9,7,6,0,3,0,25,16,9,1,23,0,4,5
59403099,0,,,180,92,88,15,4,11,165,88,77,93,53,40,164,87,77,163,86,77,72,35,37,37,17,20,13,6,7,0,0,0,0,0,0,76,76,27,21,12,8,6,1,1,49,37,12,5,49,2,11,11
59403102,0,,,17,6,11,0,0,0,17,6,11,5,1,4,17,6,11,17,6,11,12,5,7,5,1,4,5,1,4,1,0,1,0,0,0,7,7,2,2,1,2,0,0,0,5,2,3,0,7,0,2,1
59403103,0,,,194,107,87,35,21,14,158,85,73,102,58,44,158,85,73,157,85,72,56,27,29,26,11,15,8,2,6,0,0,0,0,0,0,78,78,24,23,11,11,8,0,1,54,43,11,13,37,1,3,15
59403104,0,,,204,92,112,21,12,9,183,80,103,103,47,56,178,79,99,176,78,98,80,33,47,40,12,28,15,4,11,0,0,0,0,0,0,67,67,9,18,20,11,2,5,2,57,37,20,8,52,0,9,10
59403106,1,,59403107,63,34,29,5,4,1,62,31,31,26,14,12,61,31,30,61,31,30,36,17,19,12,5,7,6,3,3,0,0,0,0,0,0,25,25,7,12,5,1,1,1,1,21,19,2,1,22,0,5,9
59403107,2,59403106,,5,2,3,*,*,*,*,*,*,*,*,*,*,*,*,*,*,*,*,*,*,*,*,*,*,*,*,*,*,*,*,*,*,3,3,*,*,*,*,*,*,*,*,*,*,*,*,*,*,*
59403112,2,59403122,,7,3,4,*,*,*,*,*,*,*,*,*,*,*,*,*,*,*,*,*,*,*,*,*,*,*,*,*,*,*,*,*,*,1,1,*,*,*,*,*,*,*,*,*,*,*,*,*,*,*
59403113,0,,,164,66,98,14,10,4,149,55,94,50,22,28,146,54,92,145,54,91,99,33,66,77,19,58,58,11,47,14,1,13,0,0,0,35,34,2,13,11,4,1,2,1,32,25,7,2,21,0,0,5
59403114,1,,59403115,25,15,10,8,4,4,25,15,10,23,14,9,23,14,9,22,13,9,2,1,1,1,0,1,1,0,1,0,0,0,0,0,0,9,9,2,4,2,3,1,0,0,10,9,1,1,2,0,1,0
59403115,2,59403114,,8,4,4,*,*,*,*,*,*,*,*,*,*,*,*,*,*,*,*,*,*,*,*,*,*,*,*,*,*,*,*,*,*,3,3,*,*,*,*,*,*,*,*,*,*,*,*,*,*,*
59403117,0,,,35,14,21,0,0,0,35,14,21,20,8,12,35,14,21,35,14,21,15,6,9,10,3,7,2,1,1,0,0,0,0,0,0,12,12,2,2,4,3,1,0,0,10,5,5,0,10,0,2,1
59403118,0,,,44,25,19,1,1,0,39,22,17,24,14,10,37,20,17,37,20,17,15,8,7,7,3,4,4,1,3,1,0,1,0,0,0,13,13,2,3,1,4,1,2,0,10,4,6,0,9,0,2,2
59403119,0,,,45,21,24,5,1,4,40,20,20,14,7,7,40,20,20,40,20,20,26,13,13,11,6,5,5,2,3,0,0,0,0,0,0,17,17,3,8,3,1,1,0,1,14,9,5,2,17,0,3,3
59403121,2,59403131,,4,2,2,*,*,*,*,*,*,*,*,*,*,*,*,*,*,*,*,*,*,*,*,*,*,*,*,*,*,*,*,*,*,1,1,*,*,*,*,*,*,*,*,*,*,*,*,*,*,*
59403122,1,,59403112,156,69,87,10,5,5,153,67,86,78,36,42,151,67,84,148,66,82,75,31,44,34,12,22,19,5,14,0,0,0,0,0,0,53,53,6,18,15,6,5,1,3,48,28,20,2,47,0,5,12
59403123,0,,,40,20,20,2,1,1,38,19,19,24,12,12,37,18,19,37,18,19,14,7,7,8,2,6,3,1,2,0,0,0,0,0,0,13,13,3,1,4,2,3,0,0,10,5,5,1,9,0,2,1
59403126,2,59403127,,6,3,3,*,*,*,*,*,*,*,*,*,*,*,*,*,*,*,*,*,*,*,*,*,*,*,*,*,*,*,*,*,*,2,2,*,*,*,*,*,*,*,*,*,*,*,*,*,*,*
59403127,1,,59403126,69,36,33,3,2,1,66,33,33,34,19,15,64,32,32,64,32,32,32,14,18,17,8,9,6,2,4,0,0,0,0,0,0,26,26,6,10,6,2,1,3,0,21,13,8,2,21,0,1,2
59403128,0,,,23,12,11,0,0,0,23,12,11,10,6,4,22,12,10,21,11,10,13,6,7,11,5,6,2,1,1,0,0,0,0,0,0,10,10,3,3,3,0,1,0,0,7,5,2,0,9,0,2,1
59403129,0,,,15,8,7,0,0,0,15,8,7,8,5,3,14,8,6,14,8,6,7,3,4,5,2,3,2,1,1,0,0,0,0,0,0,5,5,2,1,0,0,1,1,0,3,1,2,0,4,0,1,1
59403130,0,,,89,44,45,7,6,1,82,38,44,42,20,22,80,38,42,80,38,42,40,18,22,22,8,14,8,3,5,1,0,1,0,0,0,32,32,10,9,5,3,1,1,3,22,12,10,2,25,0,7,6
59403131,1,,59403121,120,56,64,10,4,6,112,53,59,53,27,26,110,51,59,110,51,59,59,26,33,29,11,18,12,4,8,0,0,0,0,0,0,43,43,5,19,7,6,6,1,0,39,25,14,2,34,0,1,12
59403132,0,,,279,125,154,29,13,16,250,112,138,128,63,65,242,107,135,238,104,134,122,49,73,61,21,40,22,9,13,2,1,1,1,0,1,98,98,19,31,18,17,6,3,4,79,47,32,3,76,1,13,18
59403133,0,,,16,10,6,0,0,0,16,10,6,7,6,1,16,10,6,16,10,6,9,4,5,4,2,2,1,1,0,0,0,0,0,0,0,7,7,1,4,1,1,0,0,0,6,6,0,0,6,0,1,2
59403134,2,59403144,,2,1,1,*,*,*,*,*,*,*,*,*,*,*,*,*,*,*,*,*,*,*,*,*,*,*,*,*,*,*,*,*,*,1,1,*,*,*,*,*,*,*,*,*,*,*,*,*,*,*
59403135,0,,,21,12,9,0,0,0,21,12,9,12,8,4,21,12,9,20,11,9,9,4,5,8,4,4,5,2,3,0,0,0,0,0,0,6,6,0,1,1,4,0,0,0,6,2,4,0,6,0,0,1
59403136,0,,,56,52,4,0,0,0,56,52,4,56,52,4,56,52,4,55,52,3,0,0,0,0,0,0,0,0,0,0,0,0,0,0,0,1,0,0,0,0,0,0,0,0,0,0,0,0,0,0,0,0
59403141,1,,59403151,48,23,25,2,1,1,52,25,27,24,13,11,51,24,27,51,24,27,28,12,16,10,4,6,5,2,3,0,0,0,0,0,0,22,22,8,6,4,4,0,1,0,15,10,5,0,21,0,7,3
59403142,0,,,273,140,133,17,12,5,253,126,127,120,69,51,250,123,127,247,120,127,133,57,76,76,25,51,27,9,18,3,1,2,1,1,0,98,97,18,40,15,13,8,2,1,78,62,16,4,72,0,10,23
59403143,0,,,91,42,49,7,2,5,82,39,43,55,26,29,78,39,39,75,36,39,27,13,14,12,7,5,2,1,1,0,0,0,0,0,0,37,37,6,16,11,2,1,0,1,30,27,3,3,19,0,4,5
59403144,1,,59403134,81,37,44,5,1,4,78,37,41,41,21,20,76,37,39,76,37,39,37,16,21,20,8,12,6,2,4,0,0,0,0,0,0,30,30,7,10,5,7,0,1,1,24,15,9,1,22,3,4,5
59403145,0,,,31,19,12,1,0,1,21,13,8,15,9,6,20,12,8,20,12,8,6,4,2,4,3,1,1,0,1,0,0,0,0,0,0,15,15,9,1,1,3,1,0,0,4,1,3,0,4,3,1,0
59403150,0,,,228,100,128,17,9,8,211,91,120,92,39,53,210,91,119,209,90,119,119,52,67,66,24,42,24,7,17,1,0,1,0,0,0,92,91,16,39,21,11,4,0,0,75,61,14,4,71,0,15,23
59403151,2,59403141,,6,3,3,*,*,*,*,*,*,*,*,*,*,*,*,*,*,*,*,*,*,*,*,*,*,*,*,*,*,*,*,*,*,1,1,*,*,*,*,*,*,*,*,*,*,*,*,*,*,*
59403152,0,,,31,15,16,2,2,0,29,13,16,10,4,6,29,13,16,29,13,16,19,9,10,5,1,4,1,0,1,0,0,0,0,0,0,12,12,2,5,3,1,0,1,0,10,8,2,0,11,0,1,4
59403153,0,,,224,108,116,29,14,15,195,94,101,134,70,64,188,87,101,181,83,98,61,24,37,29,12,17,7,3,4,1,0,1,1,1,0,84,84,18,25,15,20,5,1,0,66,56,10,9,41,3,8,10
59403155,0,,,252,72,180,3,1,2,248,71,177,59,28,31,248,71,177,247,70,177,189,43,146,152,25,127,121,18,103,21,3,18,3,2,1,15,12,6,1,2,3,0,0,0,6,5,1,1,5,1,1,1
59403157,0,,,49,26,23,3,1,2,44,24,20,24,14,10,42,22,20,40,20,20,20,10,10,13,7,6,3,2,1,0,0,0,0,0,0,14,14,0,6,3,1,2,1,1,13,7,6,1,11,0,0,3
59403161,0,,,236,125,111,13,11,2,222,113,109,108,61,47,215,109,106,213,108,105,114,52,62,53,22,31,17,3,14,3,0,3,0,0,0,78,78,13,23,15,16,3,5,3,65,36,29,3,65,0,9,12
59403162,0,,,193,84,109,6,3,3,187,81,106,87,43,44,183,79,104,180,77,103,100,38,62,74,26,48,36,12,24,3,0,3,0,0,0,62,60,16,17,12,8,4,2,1,44,27,17,1,45,0,10,8
59403163,0,,,102,47,55,12,7,5,90,40,50,47,23,24,89,40,49,87,39,48,43,17,26,17,4,13,6,1,5,0,0,0,0,0,0,35,35,5,13,5,8,2,1,1,29,17,12,2,28,0,5,5
59403164,0,,,59,30,29,4,1,3,55,29,26,29,18,11,54,29,25,54,29,25,26,11,15,13,6,7,2,1,1,0,0,0,0,0,0,19,19,2,4,6,4,3,0,0,16,12,4,0,14,0,0,4
59403165,0,,,94,48,46,14,8,6,80,40,40,50,26,24,78,39,39,76,38,38,30,14,16,14,5,9,7,2,5,0,0,0,0,0,0,27,27,5,3,8,2,4,4,1,21,10,11,4,19,0,4,1
59403166,0,,,17,8,9,1,0,1,16,8,8,6,3,3,16,8,8,15,7,8,10,5,5,4,2,2,1,0,1,0,0,0,0,0,0,9,9,5,2,1,0,1,0,0,4,3,1,1,7,1,4,1
59403168,0,,,15,9,6,0,0,0,15,9,6,11,7,4,13,8,5,13,8,5,4,2,2,1,0,1,0,0,0,0,0,0,0,0,0,5,5,1,0,2,2,0,0,0,4,2,2,0,2,0,0,0
59403171,0,,,206,97,109,14,6,8,191,90,101,113,58,55,185,87,98,184,86,98,78,32,46,38,14,24,9,1,8,1,0,1,0,0,0,68,68,9,18,22,8,6,3,2,57,37,20,5,50,0,8,10
59403172,0,,,297,137,160,27,20,7,268,116,152,153,67,86,254,111,143,253,111,142,115,49,66,52,19,33,15,4,11,0,0,0,0,0,0,102,102,17,32,24,13,9,3,4,84,61,23,4,68,0,9,17
59403173,0,,,129,59,70,11,5,6,118,54,64,70,31,39,115,53,62,111,53,58,48,23,25,17,4,13,10,2,8,0,0,0,0,0,0,43,43,8,10,12,7,3,1,2,35,20,15,1,32,0,5,4
59403174,0,,,82,41,41,5,3,2,77,38,39,45,23,22,76,37,39,76,37,39,32,15,17,15,6,9,6,2,4,0,0,0,0,0,0,28,28,4,9,5,7,2,0,1,24,16,8,2,20,0,2,3
59403175,0,,,602,293,309,68,43,25,533,249,284,285,137,148,522,242,280,519,240,279,248,112,136,123,51,72,32,12,20,0,0,0,0,0,0,222,222,48,69,47,32,14,7,5,172,117,55,14,168,0,33,35
59403176,0,,,335,156,179,37,18,19,298,138,160,188,96,92,288,135,153,280,131,149,110,42,68,57,19,38,22,4,18,3,0,3,0,0,0,119,119,17,42,25,22,8,4,1,102,80,22,11,70,1,12,13
59403177,0,,,122,57,65,8,4,4,113,52,61,55,27,28,111,51,60,111,51,60,58,25,33,35,14,21,11,3,8,1,1,0,0,0,0,47,47,10,16,10,8,2,0,1,37,27,10,1,36,0,8,10
59403178,1,,59403179,233,109,124,23,10,13,205,98,107,114,60,54,196,94,102,193,92,101,91,38,53,46,17,29,20,6,14,4,2,2,0,0,0,87,87,23,23,20,11,5,4,2,62,41,21,7,59,0,18,6
59403179,2,59403178,,4,2,2,*,*,*,*,*,*,*,*,*,*,*,*,*,*,*,*,*,*,*,*,*,*,*,*,*,*,*,*,*,*,1,1,*,*,*,*,*,*,*,*,*,*,*,*,*,*,*
59403180,0,,,134,62,72,8,3,5,126,59,67,64,33,31,123,56,67,123,56,67,62,26,36,35,13,22,13,2,11,2,0,2,0,0,0,45,45,3,19,10,8,1,2,2,42,28,14,3,35,0,2,10
59403181,0,,,258,116,142,32,15,17,224,100,124,123,54,69,216,98,118,213,97,116,101,46,55,54,22,32,14,5,9,1,0,1,0,0,0,93,93,14,36,18,15,6,1,3,79,63,16,8,62,0,7,23
59403182,0,,,1252,592,660,309,139,170,933,446,487,751,363,388,861,406,455,837,396,441,182,83,99,84,37,47,24,9,15,0,0,0,9,4,5,404,404,55,86,92,118,45,5,3,346,305,41,41,122,1,23,34
59403183,0,,,570,280,290,63,35,28,507,245,262,395,192,203,483,233,250,468,223,245,112,53,59,42,22,20,6,4,2,1,1,0,3,2,1,218,218,35,75,62,34,11,0,1,181,167,14,9,75,2,12,28
59403184,2,59403193,,7,4,3,*,*,*,*,*,*,*,*,*,*,*,*,*,*,*,*,*,*,*,*,*,*,*,*,*,*,*,*,*,*,4,4,*,*,*,*,*,*,*,*,*,*,*,*,*,*,*
59403186,0,,,288,144,144,26,15,11,261,128,133,169,94,75,250,123,127,243,116,127,92,34,58,42,14,28,13,5,8,1,0,1,14,11,3,110,110,32,30,22,12,5,7,2,78,60,18,5,63,11,14,14
59403187,0,,,1568,731,837,197,91,106,1352,630,722,891,434,457,1305,607,698,1284,594,690,461,196,265,234,97,137,89,30,59,9,4,5,6,3,3,662,662,219,178,126,97,30,8,4,433,358,75,53,312,27,91,75
59403188,0,,,328,168,160,32,18,14,296,150,146,157,83,74,293,147,146,290,144,146,139,67,72,70,30,40,27,10,17,4,2,2,0,0,0,126,125,29,40,28,19,5,2,2,96,78,18,7,87,0,19,16
59403189,0,,,289,142,147,24,8,16,264,133,131,147,76,71,255,131,124,248,126,122,117,57,60,58,26,32,18,9,9,2,0,2,0,0,0,92,91,17,29,19,6,11,4,5,74,49,25,3,70,0,12,14
59403190,0,,,361,174,187,19,9,10,336,161,175,184,96,88,332,157,175,326,156,170,152,65,87,67,28,39,18,9,9,0,0,0,0,0,0,152,152,32,66,28,19,5,2,0,118,98,20,9,101,0,22,35
59403191,0,,,455,214,241,58,30,28,392,183,209,217,104,113,380,180,200,376,178,198,175,79,96,87,32,55,32,10,22,2,0,2,0,0,0,167,167,34,48,33,41,6,3,2,129,95,34,11,109,0,25,22
59403192,0,,,2071,974,1097,279,143,136,1781,827,954,1400,655,745,1687,780,907,1638,762,876,381,172,209,168,73,95,36,14,22,1,0,1,26,12,14,767,766,104,292,193,125,40,11,1,661,605,56,63,245,5,37,97
59403193,1,,59403184;59403194,3114,1469,1645,361,185,176,2708,1256,1452,2010,941,1069,2622,1216,1406,2560,1187,1373,698,315,383,327,127,200,108,35,73,15,4,11,40,19,21,1358,1354,441,432,272,150,53,13,1,914,823,91,94,425,87,87,140
59403194,2,59403193,,9,3,6,*,*,*,*,*,*,*,*,*,*,*,*,*,*,*,*,*,*,*,*,*,*,*,*,*,*,*,*,*,*,4,4,*,*,*,*,*,*,*,*,*,*,*,*,*,*,*
59403196,0,,,20,10,10,2,0,2,18,10,8,5,3,2,18,10,8,18,10,8,13,7,6,3,1,2,3,1,2,1,0,1,0,0,0,8,8,1,5,0,1,1,0,0,7,5,2,1,7,0,1,3
59403197,0,,,141,65,76,16,5,11,125,60,65,65,33,32,122,59,63,120,57,63,60,27,33,28,12,16,7,2,5,1,0,1,0,0,0,50,50,11,15,9,6,7,0,2,39,29,10,4,38,0,8,12
59403198,2,59403199,,1,0,1,*,*,*,*,*,*,*,*,*,*,*,*,*,*,*,*,*,*,*,*,*,*,*,*,*,*,*,*,*,*,1,1,*,*,*,*,*,*,*,*,*,*,*,*,*,*,*
59403199,1,,59403198,286,128,158,25,11,14,262,117,145,145,73,72,257,114,143,255,112,143,117,44,73,56,18,38,20,5,15,2,1,1,0,0,0,106,106,30,30,18,18,2,4,5,77,53,24,6,75,0,18,13
59403201,2,59403202,,6,4,2,*,*,*,*,*,*,*,*,*,*,*,*,*,*,*,*,*,*,*,*,*,*,*,*,*,*,*,*,*,*,3,3,*,*,*,*,*,*,*,*,*,*,*,*,*,*,*
59403202,1,,59403201,126,67,59,4,4,0,128,67,61,67,37,30,125,65,60,125,65,60,61,30,31,25,11,14,12,3,9,1,0,1,0,0,0,43,43,7,11,17,6,3,1,1,39,20,19,1,38,0,6,6
59403203,0,,,16,8,8,1,1,0,15,7,8,7,4,3,15,7,8,15,7,8,8,3,5,3,0,3,2,0,2,0,0,0,0,0,0,6,6,1,3,1,0,0,1,0,5,4,1,0,5,0,0,2
59403212,0,,,50,24,26,2,0,2,48,24,24,25,14,11,45,23,22,44,23,21,23,10,13,8,3,5,4,1,3,0,0,0,0,0,0,18,18,1,8,6,1,1,1,0,17,12,5,0,15,0,1,3
59403213,1,,59403214,169,87,82,0,0,0,450,180,270,86,44,42,450,180,270,450,180,270,364,136,228,279,88,191,163,37,126,13,2,11,2,2,0,12,11,12,1,0,0,0,0,0,1,1,0,0,2,7,1,1
59403214,2,59403213,,281,93,188,*,*,*,*,*,*,*,*,*,*,*,*,*,*,*,*,*,*,*,*,*,*,*,*,*,*,*,*,*,*,6,2,*,*,*,*,*,*,*,*,*,*,*,*,*,*,*
59403223,0,,,12,4,8,0,0,0,12,4,8,7,3,4,12,4,8,12,4,8,5,1,4,4,0,4,2,0,2,0,0,0,0,0,0,5,5,2,1,1,0,1,0,0,3,1,2,0,5,0,2,1
59403225,0,,,40,19,21,0,0,0,40,19,21,26,15,11,40,19,21,38,18,20,14,4,10,11,4,7,4,1,3,0,0,0,0,0,0,16,16,5,5,1,3,2,0,0,10,7,3,0,10,0,4,1
59403226,0,,,409,201,208,24,13,11,385,188,197,195,107,88,371,179,192,363,174,189,190,81,109,92,27,65,34,9,25,2,0,2,0,0,0,165,165,56,52,20,13,13,7,4,109,74,35,8,132,0,43,20
59403230,0,,,16,9,7,2,1,1,14,8,6,6,4,2,14,8,6,14,8,6,8,4,4,4,2,2,3,1,2,0,0,0,0,0,0,5,5,0,3,0,1,0,1,0,4,4,0,1,5,0,0,2
59403235,0,,,382,183,199,19,10,9,363,173,190,192,105,87,354,167,187,351,164,187,171,68,103,97,32,65,41,11,30,1,0,1,1,1,0,160,160,42,58,32,16,9,2,1,117,87,30,5,118,3,31,19
59403236,0,,,77,38,39,2,1,1,75,37,38,43,23,20,73,37,36,72,37,35,32,14,18,17,8,9,4,3,1,0,0,0,4,4,0,32,32,7,15,4,3,2,1,0,25,20,5,0,19,4,2,8
59403237,0,,,143,65,78,10,3,7,133,62,71,68,29,39,133,62,71,133,62,71,65,33,32,32,12,20,12,5,7,0,0,0,0,0,0,57,57,10,26,10,5,5,1,0,47,34,13,3,47,0,9,12
59403238,0,,,77,36,41,6,1,5,71,35,36,41,23,18,70,34,36,69,34,35,30,12,18,19,8,11,5,3,2,0,0,0,1,0,1,24,24,2,7,6,6,2,0,1,22,14,8,2,19,0,1,3
59403245,0,,,668,306,362,61,35,26,607,271,336,361,177,184,590,259,331,576,251,325,246,94,152,127,40,87,48,15,33,2,0,2,0,0,0,281,279,76,101,53,27,18,3,1,203,169,34,13,166,0,54,39
59403248,0,,,41,16,25,4,2,2,37,14,23,8,3,5,36,13,23,36,13,23,29,11,18,23,8,15,15,2,13,2,1,1,2,0,2,8,7,2,2,0,1,1,1,0,5,2,3,2,5,0,0,2
59403254,0,,,24,12,12,0,0,0,24,12,12,7,5,2,24,12,12,24,12,12,17,7,10,5,1,4,3,0,3,0,0,0,3,3,0,15,15,8,5,2,0,0,0,0,7,6,1,0,11,3,4,3
59403255,0,,,374,177,197,69,39,30,305,138,167,227,101,126,298,134,164,291,132,159,78,37,41,36,16,20,12,4,8,1,0,1,4,3,1,138,138,31,32,37,27,8,2,1,106,88,18,17,54,4,14,14
59403258,0,,,21,10,11,1,0,1,20,10,10,8,4,4,19,9,10,19,9,10,12,6,6,9,5,4,0,0,0,0,0,0,0,0,0,7,7,2,1,1,2,0,1,0,5,2,3,0,7,0,2,1
59403264,0,,,110,54,56,9,5,4,101,49,52,40,22,18,99,48,51,98,47,51,61,27,34,20,7,13,7,0,7,1,0,1,0,0,0,41,41,8,17,8,4,1,0,3,33,19,14,2,35,0,6,10
59403265,0,,,22,8,14,0,0,0,22,8,14,11,5,6,21,8,13,21,8,13,11,3,8,7,1,6,3,0,3,0,0,0,0,0,0,12,12,6,3,2,1,0,0,0,6,4,2,0,9,0,5,0
59403271,2,59403281,,11,7,4,*,*,*,*,*,*,*,*,*,*,*,*,*,*,*,*,*,*,*,*,*,*,*,*,*,*,*,*,*,*,3,3,*,*,*,*,*,*,*,*,*,*,*,*,*,*,*
59403272,0,,,48,23,25,3,2,1,45,21,24,19,10,9,45,21,24,44,20,24,26,11,15,14,6,8,7,2,5,1,0,1,0,0,0,19,19,2,9,4,4,0,0,0,17,14,3,1,16,0,2,5
59403275,0,,,102,50,52,9,7,2,93,43,50,46,21,25,89,42,47,89,42,47,47,22,25,24,11,13,7,3,4,0,0,0,0,0,0,33,33,5,10,4,7,5,2,0,28,16,12,5,28,0,4,8
59403276,0,,,57,29,28,3,1,2,54,28,26,27,18,9,53,27,26,53,27,26,27,10,17,11,4,7,3,0,3,0,0,0,0,0,0,23,23,7,6,4,5,0,1,0,16,12,4,0,18,0,4,6
59403277,2,59403286,,6,4,2,*,*,*,*,*,*,*,*,*,*,*,*,*,*,*,*,*,*,*,*,*,*,*,*,*,*,*,*,*,*,4,4,*,*,*,*,*,*,*,*,*,*,*,*,*,*,*
59403279,0,,,22,13,9,0,0,0,22,13,9,11,7,4,22,13,9,22,13,9,11,6,5,7,4,3,2,2,0,1,1,0,0,0,0,7,7,1,1,4,0,0,0,1,6,3,3,0,6,0,0,1
59403280,0,,,73,33,40,4,1,3,69,32,37,27,14,13,68,31,37,66,31,35,42,18,24,16,5,11,8,0,8,1,0,1,0,0,0,27,27,6,7,8,2,3,1,0,21,10,11,0,25,0,5,3
59403281,1,,59403271,74,38,36,5,3,2,80,42,38,42,25,17,80,42,38,79,41,38,38,17,21,16,7,9,8,1,7,0,0,0,0,0,0,28,28,8,11,4,4,1,1,2,23,13,10,2,23,0,7,5
59403286,1,,59403277,3,1,2,0,0,0,9,5,4,3,2,1,9,5,4,9,5,4,6,3,3,2,0,2,2,0,2,0,0,0,0,0,0,1,1,3,0,2,0,0,0,0,2,1,1,0,4,0,2,0
59403287,0,,,144,65,79,1,1,0,143,64,79,61,34,27,143,64,79,140,63,77,82,30,52,53,16,37,27,7,20,4,0,4,0,0,0,48,47,5,17,15,8,1,1,0,42,29,13,0,42,0,5,8
59403290,0,,,96,24,72,2,1,1,92,22,70,17,5,12,92,22,70,92,22,70,75,17,58,60,7,53,51,6,45,13,1,12,0,0,0,26,25,12,7,4,2,0,0,0,13,9,4,0,16,0,7,3
59403291,1,,59403292,19,10,9,0,0,0,28,15,13,15,8,7,28,15,13,28,15,13,13,7,6,8,4,4,2,1,1,0,0,0,0,0,0,12,12,8,2,2,3,0,0,0,7,4,3,0,9,0,3,1
59403292,2,59403291,,11,6,5,*,*,*,*,*,*,*,*,*,*,*,*,*,*,*,*,*,*,*,*,*,*,*,*,*,*,*,*,*,*,3,3,*,*,*,*,*,*,*,*,*,*,*,*,*,*,*
59403297,0,,,148,77,71,12,6,6,136,71,65,77,43,34,130,68,62,130,68,62,59,28,31,35,16,19,12,7,5,0,0,0,0,0,0,52,52,12,15,11,5,2,6,1,40,25,15,4,39,0,8,7
59403298,0,,,31,10,21,3,1,2,28,9,19,13,6,7,28,9,19,28,9,19,15,3,12,10,1,9,5,0,5,0,0,0,0,0,0,13,13,4,3,5,0,0,1,0,9,3,6,1,11,0,3,1
59403301,2,59403332,,3,1,2,*,*,*,*,*,*,*,*,*,*,*,*,*,*,*,*,*,*,*,*,*,*,*,*,*,*,*,*,*,*,1,1,*,*,*,*,*,*,*,*,*,*,*,*,*,*,*
59403303,0,,,18,8,10,3,2,1,15,6,9,7,2,5,14,6,8,14,6,8,8,4,4,1,0,1,1,0,1,0,0,0,0,0,0,6,6,1,2,0,2,1,0,0,5,2,3,0,5,0,1,1
59403323,2,59403333,,7,2,5,*,*,*,*,*,*,*,*,*,*,*,*,*,*,*,*,*,*,*,*,*,*,*,*,*,*,*,*,*,*,4,4,*,*,*,*,*,*,*,*,*,*,*,*,*,*,*
59403324,2,59403333,,2,1,1,*,*,*,*,*,*,*,*,*,*,*,*,*,*,*,*,*,*,*,*,*,*,*,*,*,*,*,*,*,*,1,1,*,*,*,*,*,*,*,*,*,*,*,*,*,*,*
59403332,1,,59403301,114,56,58,8,2,6,109,55,54,60,33,27,106,54,52,106,54,52,49,22,27,24,10,14,5,3,2,0,0,0,1,0,1,38,38,3,13,11,8,2,1,1,36,25,11,3,33,0,3,8
59403333,1,,59403323;59403324,36,16,20,5,5,0,40,14,26,20,7,13,39,14,25,39,14,25,20,7,13,10,2,8,4,0,4,0,0,0,0,0,0,11,11,4,5,2,2,2,0,1,12,7,5,0,13,0,4,3
59403334,1,,59403344,123,54,69,9,4,5,125,56,69,66,33,33,123,55,68,122,55,67,59,23,36,25,6,19,10,2,8,0,0,0,0,0,0,42,42,7,18,6,6,3,2,3,38,26,12,2,38,0,5,8
59403338,0,,,26,9,17,4,1,3,22,8,14,11,4,7,20,7,13,20,7,13,11,4,7,7,3,4,3,2,1,0,0,0,0,0,0,8,8,1,3,1,1,1,0,1,7,4,3,0,8,0,1,1
59403339,0,,,99,48,51,8,3,5,91,45,46,53,29,24,89,43,46,89,43,46,38,16,22,16,4,12,7,1,6,0,0,0,0,0,0,35,35,8,10,6,6,3,1,1,27,15,12,3,27,0,5,5
59403340,1,,59403350,9,4,5,0,0,0,13,6,7,4,2,2,13,6,7,13,6,7,9,4,5,7,3,4,2,1,1,0,0,0,0,0,0,4,4,1,3,2,0,0,0,0,5,4,1,0,6,0,1,1
59403344,2,59403334,,11,6,5,*,*,*,*,*,*,*,*,*,*,*,*,*,*,*,*,*,*,*,*,*,*,*,*,*,*,*,*,*,*,3,3,*,*,*,*,*,*,*,*,*,*,*,*,*,*,*
59403345,0,,,24,13,11,0,0,0,24,13,11,12,8,4,24,13,11,23,12,11,12,5,7,5,2,3,0,0,0,0,0,0,0,0,0,8,8,2,2,1,0,3,0,0,6,3,3,0,7,0,1,2
59403346,0,,,92,44,48,7,2,5,85,42,43,44,26,18,84,41,43,84,41,43,41,16,25,21,8,13,12,3,9,3,2,1,1,1,0,31,31,3,11,9,4,2,0,2,28,18,10,1,27,0,2,3
59403347,2,59403348,,9,3,6,*,*,*,*,*,*,*,*,*,*,*,*,*,*,*,*,*,*,*,*,*,*,*,*,*,*,*,*,*,*,3,3,*,*,*,*,*,*,*,*,*,*,*,*,*,*,*
59403348,1,,59403347,50,21,29,4,1,3,55,23,32,33,16,17,51,21,30,51,21,30,22,7,15,11,2,9,6,1,5,0,0,0,0,0,0,15,15,3,2,7,2,2,1,1,15,5,10,2,15,0,3,0
59403349,0,,,11,6,5,1,0,1,10,6,4,5,4,1,10,6,4,10,6,4,5,2,3,2,2,0,1,1,0,0,0,0,0,0,0,4,4,0,2,1,1,0,0,0,4,3,1,1,4,0,0,0
59403350,2,59403340,,4,2,2,*,*,*,*,*,*,*,*,*,*,*,*,*,*,*,*,*,*,*,*,*,*,*,*,*,*,*,*,*,*,2,2,*,*,*,*,*,*,*,*,*,*,*,*,*,*,*
59403351,0,,,35,17,18,6,4,2,29,13,16,13,6,7,29,13,16,29,13,16,16,7,9,11,5,6,4,1,3,0,0,0,0,0,0,14,14,4,6,1,0,2,1,0,10,7,3,1,10,0,1,5
59403352,1,,59403363;59403370,12,5,7,1,1,0,20,8,12,9,5,4,20,8,12,20,8,12,11,3,8,6,1,5,2,0,2,0,0,0,0,0,0,5,5,2,4,1,2,0,0,0,7,4,3,1,7,0,2,2
59403356,0,,,21,9,12,1,0,1,20,9,11,8,3,5,19,9,10,18,9,9,12,6,6,7,4,3,2,1,1,0,0,0,0,0,0,8,8,2,2,1,3,0,0,0,6,5,1,0,7,0,2,2
59403363,2,59403352,,2,1,1,*,*,*,*,*,*,*,*,*,*,*,*,*,*,*,*,*,*,*,*,*,*,*,*,*,*,*,*,*,*,1,1,*,*,*,*,*,*,*,*,*,*,*,*,*,*,*
59403370,2,59403352,,7,3,4,*,*,*,*,*,*,*,*,*,*,*,*,*,*,*,*,*,*,*,*,*,*,*,*,*,*,*,*,*,*,3,3,*,*,*,*,*,*,*,*,*,*,*,*,*,*,*
59403401,0,,,30,16,14,2,2,0,27,14,13,12,6,6,26,13,13,26,13,13,15,8,7,5,3,2,2,2,0,0,0,0,0,0,0,11,11,2,4,1,3,1,0,0,9,6,3,0,10,0,1,2
59403402,0,,,25,10,15,0,0,0,25,10,15,13,5,8,25,10,15,25,10,15,12,5,7,3,0,3,1,0,1,0,0,0,0,0,0,13,13,6,5,0,1,1,0,0,7,5,2,0,9,0,3,3
59403403,0,,,359,167,192,39,19,20,320,148,172,192,94,98,306,142,164,299,137,162,128,54,74,53,20,33,26,7,19,1,0,1,1,1,0,123,123,27,32,23,21,11,6,3,95,59,36,8,84,0,17,18
59403404,0,,,520,255,265,54,26,28,466,229,237,261,141,120,454,222,232,445,216,229,205,88,117,96,38,58,27,7,20,1,0,1,1,0,1,212,210,59,71,40,24,11,4,1,150,125,25,18,134,0,39,36
59403405,0,,,963,432,531,93,38,55,867,393,474,502,249,253,841,382,459,832,379,453,365,144,221,210,74,136,76,19,57,5,0,5,13,1,12,415,413,158,117,62,48,11,13,4,253,189,64,23,239,25,71,49
59403406,0,,,150,52,98,4,1,3,144,50,94,40,19,21,142,49,93,142,49,93,104,31,73,80,20,60,46,7,39,10,0,10,0,0,0,35,33,12,9,5,4,1,0,2,20,12,8,3,20,3,2,5
59403407,0,,,141,66,75,12,6,6,129,60,69,72,36,36,124,59,65,121,56,65,57,24,33,31,10,21,16,5,11,1,1,0,1,0,1,45,45,5,12,11,11,2,3,1,40,22,18,3,35,0,3,5
59403408,0,,,224,86,138,12,5,7,212,81,131,63,31,32,208,79,129,208,79,129,149,50,99,104,26,78,65,12,53,14,2,12,0,0,0,48,44,5,17,9,7,3,1,2,39,23,16,2,35,0,5,8
59403409,0,,,261,110,151,20,9,11,241,101,140,138,60,78,232,95,137,226,93,133,103,41,62,57,19,38,25,7,18,2,1,1,14,0,14,98,98,33,19,19,12,8,5,2,65,34,31,4,66,0,14,9
59403411,0,,,49,24,25,1,0,1,48,24,24,22,11,11,48,24,24,48,24,24,26,13,13,12,4,8,7,2,5,0,0,0,0,0,0,18,18,2,8,3,4,0,1,0,15,10,5,1,17,0,2,3
59403412,0,,,77,35,42,7,3,4,70,32,38,44,24,20,67,31,36,66,30,36,26,8,18,12,2,10,5,1,4,0,0,0,0,0,0,29,29,10,7,5,2,3,1,1,18,11,7,1,21,0,8,3
59403413,0,,,190,91,99,25,13,12,165,78,87,83,44,39,159,75,84,158,74,84,82,34,48,38,15,23,16,2,14,3,0,3,0,0,0,68,67,20,17,13,12,1,3,1,46,37,9,2,42,1,12,10
59403414,0,,,1518,721,797,146,74,72,1368,644,724,801,413,388,1323,618,705,1301,604,697,567,231,336,326,127,199,97,38,59,2,0,2,1,1,0,636,636,185,218,113,66,35,15,4,450,343,107,34,393,10,110,100
59403415,0,,,1670,777,893,157,77,80,1484,684,800,893,444,449,1449,668,781,1431,656,775,591,240,351,325,114,211,107,36,71,11,1,10,3,1,2,732,732,242,233,138,67,35,14,3,479,373,106,42,405,19,113,86
59403416,0,,,788,369,419,83,39,44,691,321,370,450,229,221,665,306,359,656,300,356,241,92,149,114,43,71,38,13,25,2,0,2,6,3,3,360,359,136,108,64,34,13,2,2,218,185,33,24,163,10,63,36
59403417,0,,,36,20,16,4,2,2,32,18,14,19,11,8,32,18,14,32,18,14,13,7,6,7,3,4,3,2,1,1,1,0,0,0,0,11,11,1,4,0,3,3,0,0,10,6,4,2,8,0,0,1
59403418,2,59403428,,8,3,5,*,*,*,*,*,*,*,*,*,*,*,*,*,*,*,*,*,*,*,*,*,*,*,*,*,*,*,*,*,*,3,3,*,*,*,*,*,*,*,*,*,*,*,*,*,*,*
59403419,0,,,17,7,10,1,0,1,16,7,9,7,3,4,16,7,9,16,7,9,9,4,5,4,3,1,0,0,0,0,0,0,0,0,0,6,6,1,1,2,2,0,0,0,5,2,3,0,5,0,0,1
59403420,0,,,15,7,8,1,0,1,14,7,7,6,3,3,14,7,7,14,7,7,8,4,4,1,1,0,0,0,0,0,0,0,0,0,0,7,7,3,2,1,0,1,0,0,4,3,1,0,5,0,2,2
59403421,0,,,127,56,71,13,4,9,114,52,62,54,25,29,113,51,62,112,51,61,60,27,33,30,10,20,8,3,5,1,0,1,0,0,0,44,44,11,15,5,6,3,1,3,33,19,14,2,41,0,10,9
59403424,0,,,507,239,268,59,31,28,448,208,240,288,148,140,439,202,237,434,200,234,160,60,100,86,27,59,32,11,21,0,0,0,3,0,3,208,208,61,67,34,29,12,3,2,143,112,31,15,116,1,37,22
59403425,0,,,289,134,155,26,18,8,260,114,146,125,64,61,250,106,144,243,105,138,135,50,85,71,26,45,25,7,18,1,0,1,0,0,0,114,114,31,34,22,15,9,2,1,82,62,20,1,88,0,24,18
59403426,0,,,29,14,15,0,0,0,29,14,15,13,5,8,29,14,15,29,14,15,16,9,7,10,6,4,1,0,1,0,0,0,0,0,0,10,10,2,3,3,0,0,2,0,7,4,3,0,8,0,1,2
59403427,0,,,180,81,99,13,7,6,167,74,93,92,40,52,160,71,89,160,71,89,75,34,41,34,10,24,8,2,6,1,0,1,0,0,0,56,56,7,16,13,7,7,3,3,49,24,25,4,48,0,5,12
59403428,1,,59403418,73,36,37,8,2,6,73,37,36,41,22,19,68,32,36,68,32,36,32,15,17,14,5,9,6,1,5,0,0,0,0,0,0,21,21,6,4,5,3,2,1,3,18,8,10,0,22,0,4,1
59403429,0,,,245,114,131,25,14,11,220,100,120,117,56,61,215,98,117,214,97,117,103,44,59,50,17,33,14,3,11,1,0,1,0,0,0,80,80,16,22,20,8,5,3,6,64,36,28,4,67,0,10,11
59403430,0,,,265,114,151,19,12,7,246,102,144,81,45,36,243,101,142,243,101,142,165,57,108,120,33,87,70,17,53,8,0,8,0,0,0,62,61,12,20,13,2,4,5,5,49,28,21,5,51,0,6,14
59403431,0,,,35,21,14,2,1,1,33,20,13,14,9,5,33,20,13,33,20,13,19,11,8,9,4,5,7,4,3,1,1,0,0,0,0,14,14,4,4,2,3,1,0,0,10,6,4,0,11,0,2,1
59403432,2,59403444,,3,2,1,*,*,*,*,*,*,*,*,*,*,*,*,*,*,*,*,*,*,*,*,*,*,*,*,*,*,*,*,*,*,1,1,*,*,*,*,*,*,*,*,*,*,*,*,*,*,*
59403434,0,,,183,88,95,26,14,12,157,74,83,99,49,50,149,70,79,148,70,78,58,25,33,24,8,16,14,4,10,1,1,0,1,0,1,53,53,9,10,9,12,6,2,5,44,21,23,3,37,0,4,4
59403435,0,,,130,65,65,15,10,5,115,55,60,67,36,31,115,55,60,114,54,60,48,19,29,23,7,16,8,2,6,0,0,0,0,0,0,51,51,19,6,16,5,1,2,2,31,21,10,5,30,1,10,3
59403436,0,,,78,39,39,7,5,2,71,34,37,46,25,21,69,33,36,69,33,36,25,9,16,17,6,11,8,3,5,0,0,0,0,0,0,25,25,4,5,8,5,1,0,2,21,11,10,2,18,0,1,1
59403437,0,,,148,70,78,15,6,9,131,63,68,73,38,35,127,62,65,124,60,64,58,25,33,29,11,18,9,3,6,1,0,1,0,0,0,41,41,3,15,8,1,7,3,4,37,18,19,3,34,0,3,7
59403438,0,,,232,103,129,14,6,8,211,95,116,117,55,62,204,93,111,201,93,108,94,40,54,50,18,32,17,7,10,0,0,0,1,1,0,71,69,10,20,15,11,6,4,3,58,30,28,6,53,0,8,8
59403439,0,,,93,44,49,6,4,2,85,40,45,48,25,23,82,40,42,81,39,42,37,15,22,18,5,13,7,2,5,1,1,0,0,0,0,39,39,14,12,5,3,3,1,1,25,13,12,2,26,0,6,5
59403440,0,,,53,29,24,7,4,3,46,25,21,24,13,11,43,23,20,42,22,20,22,12,10,10,5,5,4,1,3,1,0,1,0,0,0,19,19,6,5,1,4,1,1,1,13,9,4,0,14,0,4,3
59403442,0,,,26,10,16,5,2,3,21,8,13,11,4,7,20,8,12,20,8,12,10,4,6,6,3,3,1,1,0,0,0,0,1,0,1,7,7,1,2,1,1,0,1,1,6,3,3,1,6,0,1,2
59403443,2,59403444,,6,4,2,*,*,*,*,*,*,*,*,*,*,*,*,*,*,*,*,*,*,*,*,*,*,*,*,*,*,*,*,*,*,1,1,*,*,*,*,*,*,*,*,*,*,*,*,*,*,*
59403444,1,,59403432;59403443,203,96,107,19,10,9,193,92,101,107,59,48,188,88,100,185,87,98,86,33,53,42,12,30,21,3,18,1,0,1,0,0,0,65,65,15,12,16,10,3,8,3,52,28,24,5,55,0,11,6
59403445,0,,,162,75,87,18,7,11,142,67,75,69,37,32,137,63,74,133,60,73,73,30,43,34,10,24,14,3,11,3,0,3,0,0,0,48,48,8,13,9,3,5,7,3,39,16,23,4,44,0,7,8
59403446,0,,,68,31,37,8,3,5,60,28,32,31,14,17,57,27,30,56,26,30,29,14,15,12,6,6,6,1,5,0,0,0,0,0,0,19,19,2,6,2,2,3,3,1,17,8,9,2,15,0,0,5
59403447,0,,,106,44,62,14,6,8,92,38,54,53,24,29,89,37,52,87,36,51,39,14,25,17,4,13,4,0,4,1,0,1,1,0,1,30,30,4,4,7,7,3,5,0,26,12,14,3,23,0,3,1
59403448,0,,,179,81,98,22,11,11,157,70,87,80,38,42,151,69,82,149,68,81,77,32,45,31,9,22,12,1,11,0,0,0,1,1,0,58,58,12,14,9,13,3,4,3,46,27,19,4,47,0,10,8
59403449,0,,,224,98,126,10,5,5,214,93,121,98,46,52,209,91,118,206,89,117,116,47,69,72,25,47,29,9,20,5,2,3,1,0,1,81,80,22,25,12,12,2,4,3,58,33,25,2,68,0,16,14
59403453,0,,,78,38,40,4,2,2,74,36,38,44,21,23,72,36,36,72,36,36,30,15,15,12,5,7,5,1,4,0,0,0,0,0,0,30,30,8,9,5,4,3,1,0,22,13,9,0,21,0,6,4
59403454,0,,,74,40,34,5,3,2,69,37,32,40,24,16,69,37,32,69,37,32,29,13,16,6,3,3,4,1,3,0,0,0,0,0,0,24,24,1,8,7,4,4,0,0,23,17,6,1,16,0,0,3
59403455,0,,,138,66,72,9,5,4,129,61,68,74,35,39,125,59,66,123,58,65,55,26,29,32,12,20,13,4,9,2,0,2,0,0,0,39,39,5,9,6,9,4,4,2,33,14,19,2,32,0,4,4
59403456,0,,,180,86,94,23,11,12,157,75,82,78,43,35,153,73,80,152,72,80,79,32,47,41,14,27,18,4,14,1,1,0,0,0,0,46,46,4,7,7,14,5,5,4,42,14,28,7,42,0,3,1
59403457,0,,,116,59,57,6,1,5,110,58,52,68,36,32,107,56,51,106,56,50,42,22,20,18,10,8,6,3,3,1,0,1,0,0,0,33,33,4,6,7,8,5,0,3,27,13,14,2,25,0,1,1
59403458,0,,,105,52,53,12,7,5,93,45,48,52,29,23,91,43,48,89,42,47,41,16,25,26,11,15,9,3,6,0,0,0,0,0,0,33,33,6,8,7,5,1,5,1,27,15,12,2,29,0,4,4
59403459,0,,,290,147,143,21,12,9,269,135,134,142,74,68,256,128,128,255,128,127,127,61,66,66,25,41,24,8,16,0,0,0,1,1,0,101,101,19,31,26,7,12,1,5,82,53,29,4,83,0,16,12
59403460,0,,,59,28,31,2,1,1,57,27,30,31,15,16,57,27,30,55,27,28,26,12,14,14,5,9,6,3,3,0,0,0,0,0,0,18,18,4,3,3,3,4,0,1,14,6,8,1,16,0,3,2
59403462,2,59403472,,3,2,1,*,*,*,*,*,*,*,*,*,*,*,*,*,*,*,*,*,*,*,*,*,*,*,*,*,*,*,*,*,*,1,1,*,*,*,*,*,*,*,*,*,*,*,*,*,*,*
59403463,0,,,88,43,45,7,3,4,81,40,41,45,22,23,79,38,41,76,36,40,36,18,18,18,9,9,9,2,7,0,0,0,0,0,0,32,32,10,8,4,5,2,1,2,22,11,11,3,26,0,6,3
59403465,0,,,289,136,153,41,21,20,248,115,133,141,73,68,242,110,132,238,109,129,107,42,65,61,24,37,18,8,10,0,0,0,1,0,1,96,96,21,28,15,13,7,6,6,75,44,31,9,72,0,17,11
59403466,0,,,114,53,61,13,5,8,101,48,53,60,32,28,95,43,52,92,42,50,41,16,25,16,8,8,5,2,3,1,1,0,0,0,0,35,35,5,9,7,6,5,1,2,29,15,14,4,24,1,4,4
59403467,0,,,157,80,77,17,10,7,140,70,70,74,43,31,135,67,68,135,67,68,66,27,39,32,10,22,10,2,8,1,0,1,0,0,0,47,47,8,8,10,9,5,7,0,39,16,23,4,40,0,6,5
59403468,0,,,24,13,11,1,0,1,23,13,10,13,9,4,22,12,10,21,11,10,10,4,6,6,2,4,0,0,0,0,0,0,0,0,0,8,8,0,4,1,2,1,0,0,8,6,2,0,7,0,0,2
59403469,0,,,45,17,28,4,3,1,41,14,27,17,4,13,40,13,27,40,13,27,24,10,14,12,2,10,3,1,2,0,0,0,0,0,0,19,19,6,7,4,0,0,1,1,13,10,3,1,17,0,5,5
59403471,0,,,33,15,18,3,1,2,30,14,16,13,5,8,29,14,15,29,14,15,17,9,8,7,4,3,3,1,2,0,0,0,0,0,0,12,12,3,4,0,3,2,0,0,9,4,5,1,12,0,3,3
59403472,1,,59403462,84,39,45,5,1,4,82,40,42,39,21,18,80,38,42,79,37,42,43,19,24,21,9,12,11,3,8,0,0,0,0,0,0,33,33,9,9,9,4,1,2,0,25,15,10,0,28,0,9,5
59403473,1,,59403474,72,35,37,6,5,1,72,33,39,44,23,21,69,31,38,69,31,38,28,10,18,17,3,14,7,1,6,0,0,0,0,0,0,24,24,3,10,2,5,3,1,1,21,11,10,2,20,0,1,4
59403474,2,59403473,,6,3,3,*,*,*,*,*,*,*,*,*,*,*,*,*,*,*,*,*,*,*,*,*,*,*,*,*,*,*,*,*,*,1,1,*,*,*,*,*,*,*,*,*,*,*,*,*,*,*
59403475,0,,,148,70,78,17,10,7,131,60,71,73,36,37,125,59,66,123,58,65,58,24,34,21,6,15,13,3,10,2,0,2,0,0,0,48,48,13,9,10,6,3,3,4,35,17,18,3,33,2,5,5
59403476,0,,,179,83,96,23,12,11,152,68,84,95,47,48,145,64,81,141,61,80,57,21,36,35,11,24,10,4,6,1,0,1,0,0,0,63,63,16,11,18,10,4,2,2,45,28,17,7,41,0,10,5
59403477,0,,,124,56,68,16,7,9,108,49,59,62,31,31,106,47,59,106,47,59,46,18,28,31,11,20,9,2,7,0,0,0,1,0,1,37,37,2,13,8,7,2,2,3,35,18,17,4,28,0,1,6
59403478,0,,,30,16,14,2,2,0,28,14,14,14,8,6,27,14,13,27,14,13,14,6,8,8,3,5,0,0,0,0,0,0,0,0,0,9,9,1,3,2,1,1,0,1,7,5,2,1,8,0,1,2
59403479,0,,,20,9,11,2,0,2,18,9,9,10,6,4,18,9,9,18,9,9,8,3,5,6,3,3,1,0,1,1,0,1,1,0,1,6,6,1,1,2,1,0,0,1,5,3,2,0,5,0,0,1
59403481,0,,,24,14,10,2,2,0,22,12,10,10,5,5,22,12,10,22,12,10,12,7,5,5,3,2,0,0,0,0,0,0,0,0,0,8,8,2,1,3,0,1,1,0,6,4,2,1,7,0,1,1
59403483,0,,,21,9,12,2,1,1,19,8,11,11,6,5,18,7,11,18,7,11,8,2,6,4,2,2,1,0,1,0,0,0,0,0,0,6,6,1,1,1,1,1,1,0,5,1,4,0,5,0,0,0
59403484,0,,,24,14,10,0,0,0,24,14,10,12,7,5,23,14,9,23,14,9,12,7,5,6,3,3,3,1,2,0,0,0,0,0,0,12,12,6,3,1,1,1,0,0,6,3,3,0,11,0,6,1
59403485,0,,,335,155,180,44,21,23,291,134,157,147,79,68,286,133,153,284,131,153,144,55,89,66,23,43,27,7,20,3,0,3,0,0,0,123,123,31,41,15,19,7,6,4,91,58,33,13,92,0,25,17
59403486,0,,,26,13,13,1,0,1,25,13,12,11,7,4,25,13,12,25,13,12,14,6,8,5,1,4,2,0,2,0,0,0,0,0,0,11,11,1,6,3,1,0,0,0,10,8,2,0,9,0,1,1
59403487,0,,,78,33,45,12,4,8,66,29,37,36,14,22,61,28,33,60,27,33,30,15,15,7,3,4,3,1,2,0,0,0,0,0,0,23,23,0,7,8,2,4,2,0,23,17,6,1,16,0,0,6
59403488,0,,,43,21,22,7,4,3,36,17,19,23,11,12,36,17,19,35,16,19,13,6,7,7,3,4,2,1,1,0,0,0,0,0,0,14,14,3,3,3,2,1,2,0,11,6,5,2,9,0,2,3
59403494,0,,,119,60,59,6,4,2,113,56,57,50,27,23,112,56,56,112,56,56,63,29,34,42,17,25,10,5,5,0,0,0,0,0,0,46,46,11,17,7,6,3,1,1,35,20,15,3,41,0,8,9
59403495,1,,59403496,293,126,167,13,5,8,285,123,162,95,47,48,282,122,160,278,121,157,190,76,114,139,52,87,79,23,56,10,1,9,0,0,0,77,76,18,26,16,8,7,4,0,61,39,22,3,66,0,17,15
59403496,2,59403495,,5,2,3,*,*,*,*,*,*,*,*,*,*,*,*,*,*,*,*,*,*,*,*,*,*,*,*,*,*,*,*,*,*,3,3,*,*,*,*,*,*,*,*,*,*,*,*,*,*,*
59403497,0,,,34,15,19,5,2,3,29,13,16,15,8,7,26,11,15,26,11,15,14,5,9,6,2,4,2,1,1,0,0,0,0,0,0,13,13,3,5,2,1,1,1,0,10,7,3,0,10,0,3,1
59403498,0,,,62,30,32,6,2,4,56,28,28,28,16,12,55,27,28,55,27,28,28,12,16,11,3,8,5,1,4,0,0,0,1,0,1,21,21,5,6,4,2,1,2,1,16,8,8,2,18,0,3,2
59403520,0,,,99,44,55,8,4,4,91,40,51,39,17,22,89,40,49,89,40,49,52,23,29,22,7,15,10,2,8,0,0,0,0,0,0,37,37,10,11,7,4,1,3,1,27,15,12,0,32,0,8,4
59403530,0,,,203,82,121,6,4,2,197,78,119,114,44,70,192,76,116,184,75,109,83,34,49,36,12,24,11,2,9,0,0,0,0,0,0,109,109,59,28,12,3,3,3,1,50,37,13,1,56,26,16,16
59403531,0,,,19,10,9,2,2,0,17,8,9,12,6,6,15,7,8,15,7,8,5,2,3,3,2,1,2,1,1,0,0,0,0,0,0,7,7,3,0,2,1,0,1,0,4,2,2,0,4,2,1,0
59403540,0,,,216,95,121,13,6,7,203,89,114,108,46,62,197,86,111,192,85,107,95,43,52,38,11,27,17,3,14,1,0,1,1,1,0,75,75,14,21,21,6,6,6,1,61,32,29,3,62,0,11,11
59403550,0,,,157,68,89,11,5,6,146,63,83,68,28,40,145,63,82,142,61,81,78,35,43,42,19,23,15,7,8,0,0,0,5,0,5,63,63,21,20,5,8,6,2,1,42,26,16,1,53,0,13,12
59403551,0,,,97,48,49,13,9,4,78,35,43,47,23,24,77,34,43,77,34,43,31,12,19,16,6,10,4,1,3,0,0,0,0,0,0,29,29,4,5,9,3,5,2,1,23,12,11,3,21,0,3,1
59403555,2,59403562,,4,2,2,*,*,*,*,*,*,*,*,*,*,*,*,*,*,*,*,*,*,*,*,*,*,*,*,*,*,*,*,*,*,2,2,*,*,*,*,*,*,*,*,*,*,*,*,*,*,*
59403560,1,,59403570,87,42,45,6,2,4,86,43,43,41,23,18,83,42,41,81,40,41,45,20,25,19,7,12,10,4,6,1,1,0,0,0,0,26,26,5,5,8,4,3,0,3,22,10,12,2,25,0,4,4
59403562,1,,59403555;59403583,19,8,11,0,0,0,26,12,14,12,7,5,26,12,14,26,12,14,14,5,9,6,1,5,5,0,5,2,0,2,0,0,0,9,9,4,7,0,2,0,0,0,9,6,3,0,10,1,3,3
59403570,2,59403560,,5,3,2,*,*,*,*,*,*,*,*,*,*,*,*,*,*,*,*,*,*,*,*,*,*,*,*,*,*,*,*,*,*,2,2,*,*,*,*,*,*,*,*,*,*,*,*,*,*,*
59403583,2,59403562,,3,2,1,*,*,*,*,*,*,*,*,*,*,*,*,*,*,*,*,*,*,*,*,*,*,*,*,*,*,*,*,*,*,2,2,*,*,*,*,*,*,*,*,*,*,*,*,*,*,*
59403594,2,59403595,,2,1,1,*,*,*,*,*,*,*,*,*,*,*,*,*,*,*,*,*,*,*,*,*,*,*,*,*,*,*,*,*,*,1,1,*,*,*,*,*,*,*,*,*,*,*,*,*,*,*
59403595,1,,59403594;59403596,13,7,6,0,0,0,24,13,11,6,4,2,24,13,11,24,13,11,18,9,9,7,2,5,7,2,5,0,0,0,0,0,0,5,5,0,5,2,2,0,0,0,9,7,2,0,9,0,0,2
59403596,2,59403595,,9,5,4,*,*,*,*,*,*,*,*,*,*,*,*,*,*,*,*,*,*,*,*,*,*,*,*,*,*,*,*,*,*,3,3,*,*,*,*,*,*,*,*,*,*,*,*,*,*,*
59404005,0,,,449,209,240,32,16,16,415,191,224,200,97,103,403,185,218,403,185,218,215,94,121,119,49,70,50,20,30,5,0,5,0,0,0,183,182,44,71,38,14,6,9,0,136,107,29,6,135,0,30,33
59404006,0,,,1809,814,995,235,120,115,1558,683,875,1069,491,578,1499,654,845,1456,633,823,489,192,297,274,90,184,106,26,80,11,0,11,10,4,6,713,709,162,254,148,115,18,7,5,540,488,52,58,288,12,73,85
59404007,0,,,3921,1928,1993,469,250,219,3424,1662,1762,2399,1206,1193,3303,1595,1708,3235,1563,1672,1025,456,569,468,203,265,103,33,70,4,0,4,8,3,5,1555,1555,320,539,379,227,67,18,5,1223,1093,130,129,674,33,120,210
59404008,0,,,477,227,250,38,20,18,437,205,232,301,150,151,423,196,227,418,194,224,136,55,81,72,27,45,16,5,11,2,1,1,1,0,1,187,187,39,65,46,22,9,5,1,145,110,35,9,87,4,13,19
59404009,0,,,2168,1044,1124,175,97,78,1988,943,1045,1412,659,753,1945,922,1023,1918,909,1009,576,284,292,179,69,110,47,9,38,4,1,3,10,5,5,848,847,118,358,221,103,34,10,3,727,655,72,41,373,2,51,144
59404015,0,,,744,321,423,59,33,26,623,273,350,363,171,192,606,265,341,596,262,334,260,102,158,144,53,91,64,21,43,3,1,2,0,0,0,248,245,64,73,56,36,11,4,1,177,147,30,21,118,8,28,29
59404016,0,,,4275,1932,2343,530,253,277,3683,1641,2042,2516,1140,1376,3562,1587,1975,3494,1556,1938,1167,501,666,583,232,351,197,61,136,11,0,11,11,5,6,1871,1870,578,618,370,209,69,21,5,1276,1148,128,137,788,132,208,220
59404017,0,,,681,317,364,62,27,35,607,283,324,392,186,206,593,273,320,574,267,307,215,97,118,103,45,58,31,16,15,0,0,0,5,0,5,318,318,121,95,56,32,11,2,1,196,170,26,18,148,35,37,48
59404018,0,,,510,238,272,70,34,36,440,204,236,343,158,185,412,191,221,398,182,216,97,46,51,28,13,15,10,5,5,2,0,2,0,0,0,177,177,21,59,39,45,7,4,2,156,141,15,11,58,0,9,17
59404019,0,,,2920,1379,1541,384,193,191,2507,1168,1339,1651,777,874,2416,1118,1298,2375,1095,1280,856,391,465,404,181,223,103,36,67,3,0,3,3,0,3,1163,1162,273,377,267,172,52,12,9,880,776,104,101,552,24,119,180
59404025,0,,,208,103,105,18,11,7,186,90,96,131,63,68,175,88,87,172,86,86,55,27,28,27,14,13,3,2,1,0,0,0,0,0,0,96,96,33,29,23,7,4,0,0,63,59,4,3,36,3,9,12
59404026,0,,,3875,1767,2108,430,219,211,3380,1516,1864,2203,1046,1157,3264,1460,1804,3177,1425,1752,1177,470,707,634,227,407,214,67,147,15,5,10,4,1,3,1744,1742,630,527,323,191,50,14,7,1098,990,108,104,803,85,293,206
59404027,0,,,960,409,551,67,38,29,880,363,517,547,231,316,856,352,504,829,348,481,333,132,201,190,66,124,84,24,60,6,0,6,4,1,3,433,430,173,125,81,31,17,1,2,253,226,27,19,181,61,44,47
59404028,0,,,4765,2286,2479,473,256,217,4255,2007,2248,2846,1366,1480,4155,1954,2201,4083,1917,2166,1409,641,768,594,255,339,152,57,95,11,2,9,4,0,4,1953,1952,397,741,490,240,60,22,2,1539,1399,140,126,938,11,228,292
59404029,0,,,4021,1855,2166,506,256,250,3450,1565,1885,2198,1046,1152,3324,1496,1828,3270,1473,1797,1252,519,733,587,238,349,139,47,92,9,0,9,7,3,4,1834,1832,599,629,334,221,39,8,2,1215,1111,104,124,836,34,251,278
59404035,0,,,1208,543,665,146,70,76,1046,464,582,651,298,353,1014,453,561,998,444,554,395,166,229,186,74,112,52,16,36,1,0,1,2,1,1,486,485,115,159,110,75,21,4,1,365,321,44,39,252,2,57,65
59404036,0,,,3638,1743,1895,424,218,206,3167,1496,1671,2038,1016,1022,3055,1442,1613,2986,1411,1575,1129,480,649,591,229,362,198,64,134,11,5,6,20,4,16,1563,1561,492,463,308,226,58,10,4,1056,920,136,117,759,55,225,208
59404037,0,,,1687,791,896,196,99,97,1475,681,794,935,468,467,1445,667,778,1426,656,770,540,213,327,283,91,192,110,29,81,6,1,5,4,3,1,738,737,240,245,130,86,27,5,4,489,420,69,62,366,18,114,83
59404038,0,,,3595,1682,1913,273,141,132,3204,1472,1732,2022,996,1026,3140,1445,1695,3102,1424,1678,1182,476,706,620,218,402,230,64,166,20,4,16,5,2,3,1666,1659,616,559,286,155,32,8,3,1016,913,103,101,717,75,192,223
59404039,0,,,6236,2878,3358,598,320,278,5587,2525,3062,3396,1633,1763,5426,2438,2988,5350,2407,2943,2191,892,1299,1211,458,753,388,135,253,21,7,14,23,11,12,2628,2620,821,897,521,290,62,23,6,1775,1575,200,191,1319,64,400,367
59404045,0,,,575,264,311,78,37,41,497,227,270,321,160,161,473,215,258,463,212,251,176,67,109,92,30,62,29,4,25,1,0,1,0,0,0,214,211,34,81,48,37,7,3,1,177,154,23,22,105,0,21,32
59404046,0,,,5388,2663,2725,559,291,268,4725,2299,2426,3065,1523,1542,4587,2230,2357,4469,2165,2304,1660,776,884,766,341,425,179,64,115,15,2,13,9,3,6,2294,2291,635,788,464,296,81,22,5,1635,1459,176,150,1079,79,222,389
59404047,0,,,1640,801,839,159,85,74,1448,694,754,937,478,459,1409,674,735,1389,663,726,511,216,295,262,97,165,94,31,63,8,1,7,4,0,4,789,788,319,245,123,73,20,5,3,466,411,55,56,349,35,122,92
59404048,0,,,3508,1652,1856,404,217,187,3004,1373,1631,2033,980,1053,2926,1335,1591,2871,1303,1568,971,393,578,482,167,315,156,47,109,11,5,6,10,3,7,1755,1754,764,510,277,151,40,9,3,976,886,90,120,685,125,257,168
59404049,0,,,5841,2710,3131,669,355,314,5065,2291,2774,3191,1524,1667,4928,2231,2697,4850,2195,2655,1874,767,1107,918,336,582,340,100,240,26,9,17,23,11,12,2778,2777,1070,874,466,266,74,21,6,1679,1523,156,196,1321,87,508,327
59404056,0,,,182,73,109,6,2,4,176,71,105,70,32,38,172,70,102,170,69,101,106,39,67,66,16,50,41,7,34,7,0,7,0,0,0,61,60,16,30,6,5,3,0,0,43,41,2,0,35,2,6,17
59404057,0,,,5256,2831,2425,691,375,316,4416,2369,2047,3470,1931,1539,4275,2300,1975,4214,2273,1941,946,438,508,422,165,257,110,30,80,10,2,8,61,48,13,2414,2411,1104,584,365,295,49,11,3,1277,1179,98,213,624,246,203,178
59404058,0,,,5065,2326,2739,509,268,241,4391,1961,2430,2793,1355,1438,4280,1908,2372,4226,1876,2350,1598,606,992,811,256,555,290,72,218,18,2,16,14,3,11,2675,2671,1367,703,324,203,48,21,5,1275,1146,129,151,1148,142,537,227
59404059,0,,,6493,2886,3607,456,224,232,5586,2423,3163,3486,1659,1827,5465,2359,3106,5385,2333,3052,2100,764,1336,1178,378,800,462,128,334,37,2,35,67,18,49,3690,3678,2178,925,358,155,48,10,4,1445,1319,126,149,1279,267,604,317
59404067,0,,,2696,1337,1359,307,175,132,2310,1110,1200,1672,831,841,2260,1081,1179,2230,1068,1162,638,279,359,313,132,181,86,29,57,5,1,4,9,2,7,1465,1465,769,370,180,102,33,6,5,681,620,61,87,454,152,192,117
59404068,0,,,3905,1922,1983,363,201,162,3368,1617,1751,2391,1211,1180,3296,1578,1718,3249,1555,1694,977,406,571,497,179,318,198,66,132,11,4,7,15,8,7,2257,2256,1289,541,246,136,28,11,5,944,878,66,116,711,208,309,166
59404069,0,,,4712,2154,2558,421,215,206,4109,1833,2276,2635,1265,1370,3979,1767,2212,3910,1730,2180,1474,568,906,742,243,499,290,75,215,35,8,27,47,21,26,2512,2503,1300,682,316,156,41,5,3,1176,1102,74,113,967,116,448,259
59404076,0,,,1476,692,784,164,88,76,1301,595,706,769,381,388,1252,573,679,1221,558,663,532,214,318,270,98,172,91,30,61,6,2,4,6,4,2,620,616,167,236,106,81,22,4,0,446,397,49,30,350,8,93,125
59404077,0,,,5823,2807,3016,670,358,312,5018,2362,2656,3424,1700,1724,4870,2293,2577,4786,2253,2533,1594,662,932,827,306,521,279,89,190,25,5,20,8,7,1,2752,2749,1066,847,464,295,63,11,3,1652,1525,127,203,1028,147,348,323
59404078,0,,,6116,2878,3238,734,347,387,5225,2432,2793,3695,1809,1886,5089,2362,2727,4992,2309,2683,1530,623,907,848,307,541,298,100,198,20,3,17,27,17,10,3043,3039,1340,863,453,299,67,14,3,1667,1545,122,204,1068,186,404,307
59404079,0,,,5182,2389,2793,643,342,301,4441,1988,2453,2858,1343,1515,4273,1900,2373,4201,1858,2343,1583,645,938,855,311,544,317,100,217,21,5,16,21,12,9,2342,2340,805,740,436,263,69,22,5,1520,1369,151,169,1084,81,350,331
59404085,0,,,411,152,259,24,10,14,382,139,243,153,76,77,376,137,239,374,136,238,229,63,166,165,34,131,92,12,80,28,2,26,0,0,0,140,139,50,47,26,10,5,1,0,87,76,11,7,75,5,22,25
59404086,0,,,1411,657,754,130,62,68,1264,584,680,708,332,376,1231,571,660,1213,558,655,556,252,304,290,125,165,83,35,48,3,0,3,2,1,1,622,622,174,240,109,70,25,3,1,439,388,51,34,364,10,91,127
59404087,0,,,4715,2219,2496,513,256,257,4037,1863,2174,2827,1360,1467,3898,1792,2106,3827,1766,2061,1210,503,707,579,227,352,149,45,104,8,2,6,20,8,12,2339,2337,978,749,338,193,62,10,7,1333,1230,103,142,848,95,304,260
59404088,0,,,4828,2321,2507,552,268,284,4182,1994,2188,3087,1485,1602,4044,1925,2119,3966,1892,2074,1095,509,586,405,176,229,111,39,72,10,3,7,10,4,6,2181,2179,697,745,431,233,50,18,5,1461,1372,89,146,719,101,158,265
59404089,0,,,3626,1683,1943,410,223,187,3165,1425,1740,2007,955,1052,3061,1379,1682,3005,1350,1655,1158,470,688,667,247,420,243,70,173,22,4,18,6,6,0,1585,1582,498,526,317,186,43,11,1,1078,970,108,107,732,47,215,225
59404095,0,,,2498,1124,1374,184,99,85,2299,1013,1286,1338,640,698,2249,991,1258,2217,976,1241,961,373,588,506,178,328,187,53,134,19,7,12,6,3,3,1136,1134,381,388,223,100,31,7,4,740,654,86,62,641,26,208,156
59404096,0,,,4044,1916,2128,491,255,236,3503,1626,1877,2327,1149,1178,3396,1565,1831,3336,1541,1795,1176,477,699,642,236,406,249,81,168,11,3,8,8,6,2,1829,1826,638,569,336,207,59,15,2,1166,1039,127,156,803,69,268,222
59404097,0,,,4385,2058,2327,409,201,208,3900,1811,2089,2319,1154,1165,3825,1776,2049,3781,1757,2024,1581,657,924,801,284,517,329,85,244,48,10,38,3,2,1,1924,1920,687,648,340,175,54,13,3,1208,1087,121,122,871,76,234,279
59404098,0,,,4897,2293,2604,552,272,280,4293,1991,2302,2727,1309,1418,4155,1932,2223,4094,1902,2192,1566,682,884,630,241,389,166,53,113,8,2,6,18,13,5,2121,2121,597,769,402,248,80,17,8,1500,1342,158,150,1062,47,290,359
59404099,0,,,617,282,335,76,26,50,532,251,281,337,167,170,519,244,275,510,240,270,195,84,111,90,37,53,19,7,12,1,0,1,0,0,0,256,256,62,98,49,29,13,4,1,186,168,18,19,129,7,32,39
59404100,0,,,4776,2209,2567,517,270,247,4221,1916,2305,2574,1176,1398,4085,1851,2234,4017,1814,2203,1647,740,907,646,274,372,193,64,129,13,7,6,3,1,2,1955,1953,435,760,430,229,77,19,3,1497,1340,157,124,1011,32,215,356
59404101,0,,,98,49,49,9,6,3,83,40,43,71,33,38,83,40,43,81,39,42,12,7,5,4,2,2,1,0,1,0,0,0,0,0,0,63,63,42,13,4,3,0,1,0,19,19,0,4,9,7,3,2
59404102,0,,,324,113,211,6,2,4,318,111,207,75,41,34,317,110,207,314,108,206,243,70,173,200,40,160,134,22,112,21,2,19,1,0,1,40,37,8,11,12,5,1,0,0,29,22,7,0,26,0,5,4
59404103,0,,,1304,590,714,334,165,169,949,412,537,781,370,411,925,401,524,917,398,519,168,42,126,142,31,111,101,12,89,17,2,15,1,1,0,465,462,138,103,91,99,27,3,1,312,299,13,135,25,42,5,5
59404104,0,,,73,39,34,5,4,1,68,35,33,35,19,16,67,34,33,67,34,33,33,16,17,15,7,8,5,3,2,0,0,0,0,0,0,27,27,4,12,6,3,0,0,2,23,17,6,2,20,0,2,9
59404107,0,,,65,33,32,1,0,1,64,33,31,31,18,13,64,33,31,64,33,31,33,15,18,18,7,11,5,1,4,0,0,0,0,0,0,25,25,2,15,4,1,1,2,0,23,18,5,0,20,0,0,6
59404109,0,,,139,67,72,5,4,1,134,63,71,73,35,38,133,62,71,132,62,70,61,28,33,35,16,19,18,8,10,0,0,0,0,0,0,51,51,9,16,15,3,7,1,0,42,28,14,3,38,0,7,12
59404110,0,,,3624,1729,1895,468,238,230,3094,1448,1646,2021,985,1036,2985,1398,1587,2939,1373,1566,1073,463,610,497,224,273,161,67,94,12,4,8,7,4,3,1554,1550,495,460,322,191,56,21,5,1038,921,117,139,686,61,166,197
59404111,0,,,549,268,281,64,32,32,481,235,246,332,164,168,473,228,245,467,223,244,149,71,78,58,23,35,14,3,11,0,0,0,1,0,1,245,245,69,91,50,27,8,0,0,175,158,17,23,102,11,21,41
59404112,0,,,112,55,57,5,2,3,107,53,54,54,30,24,107,53,54,105,52,53,53,23,30,24,9,15,6,0,6,0,0,0,0,0,0,45,45,10,15,11,7,1,1,0,35,30,5,1,34,0,8,11
59404113,0,,,128,39,89,0,0,0,126,37,89,30,15,15,124,36,88,124,36,88,96,22,74,89,19,70,60,10,50,9,1,8,0,0,0,27,26,7,9,9,1,0,0,0,18,12,6,0,18,0,5,5
59404114,0,,,54,24,30,5,2,3,49,22,27,21,9,12,49,22,27,49,22,27,28,13,15,10,3,7,6,2,4,1,0,1,0,0,0,20,20,3,10,2,2,2,0,1,17,13,4,2,17,0,3,8
59404115,0,,,35,18,17,0,0,0,35,18,17,17,10,7,34,17,17,34,17,17,18,8,10,11,3,8,2,1,1,0,0,0,0,0,0,15,15,3,7,3,1,1,0,0,12,9,3,0,12,0,3,5
59404117,1,,59404127,32,18,14,1,1,0,32,18,14,11,8,3,31,17,14,31,17,14,21,10,11,7,2,5,5,1,4,2,0,2,0,0,0,11,11,3,4,1,2,1,1,0,9,4,5,0,9,0,1,3
59404119,0,,,26,15,11,2,1,1,24,14,10,14,9,5,24,14,10,24,14,10,10,5,5,5,1,4,5,1,4,0,0,0,1,0,1,8,8,0,3,2,1,2,0,0,8,4,4,0,7,0,0,1
59404120,0,,,1681,777,904,186,86,100,1471,675,796,908,436,472,1415,642,773,1390,630,760,563,239,324,275,110,165,87,34,53,5,0,5,0,0,0,720,720,194,251,154,90,23,8,0,521,453,68,51,370,11,103,116
59404121,0,,,182,54,128,3,2,1,175,50,125,112,24,88,174,50,124,147,50,97,63,26,37,40,14,26,10,5,5,1,0,1,0,0,0,54,53,15,19,10,7,2,0,0,37,28,9,1,40,0,9,15
59404122,0,,,755,372,383,176,93,83,577,278,299,407,216,191,555,268,287,546,263,283,170,62,108,115,33,82,64,17,47,7,1,6,1,1,0,178,171,20,46,36,52,12,3,2,150,135,15,45,51,0,6,16
59404123,0,,,580,271,309,165,89,76,410,179,231,298,136,162,397,172,225,390,168,222,112,43,69,59,22,37,20,5,15,0,0,0,1,0,1,196,194,27,55,49,45,13,3,2,165,150,15,52,62,0,14,17
59404124,0,,,34,16,18,0,0,0,34,16,18,20,13,7,34,16,18,33,15,18,14,3,11,7,1,6,2,0,2,0,0,0,0,0,0,12,12,0,5,4,3,0,0,0,12,9,3,0,10,0,0,0
59404127,2,59404117,,1,1,0,*,*,*,*,*,*,*,*,*,*,*,*,*,*,*,*,*,*,*,*,*,*,*,*,*,*,*,*,*,*,1,1,*,*,*,*,*,*,*,*,*,*,*,*,*,*,*
59404128,0,,,10,5,5,0,0,0,10,5,5,4,3,1,10,5,5,10,5,5,6,2,4,3,1,2,2,1,1,0,0,0,0,0,0,4,4,2,0,1,0,1,0,0,2,2,0,0,4,0,2,0
59404130,0,,,4530,2157,2373,464,245,219,4010,1873,2137,2587,1259,1328,3888,1800,2088,3805,1759,2046,1423,614,809,708,286,422,195,69,126,12,4,8,4,2,2,1971,1969,578,684,397,231,57,14,8,1376,1236,140,130,932,55,242,284
59404131,0,,,208,76,132,2,1,1,206,75,131,83,38,45,205,75,130,194,74,120,123,37,86,91,22,69,55,7,48,10,0,10,0,0,0,53,48,10,17,12,6,3,0,0,38,29,9,0,34,0,6,8
59404132,0,,,2573,1219,1354,545,288,257,2020,926,1094,1766,826,940,1910,880,1030,1855,858,997,254,100,154,100,30,70,27,7,20,1,0,1,6,2,4,883,883,95,267,237,209,57,15,3,782,715,67,143,185,1,29,48
59404133,0,,,39,19,20,0,0,0,39,19,20,16,10,6,39,19,20,39,19,20,23,9,14,10,4,6,5,1,4,0,0,0,0,0,0,16,16,3,6,5,1,1,0,0,13,8,5,0,13,0,2,3
59404134,0,,,36,17,19,2,0,2,34,17,17,20,11,9,34,17,17,33,16,17,14,6,8,10,4,6,4,1,3,1,0,1,0,0,0,14,14,2,6,2,4,0,0,0,12,8,4,0,10,0,2,2
59404135,0,,,38,18,20,0,0,0,38,18,20,25,13,12,36,17,19,35,16,19,13,5,8,10,4,6,4,1,3,0,0,0,0,0,0,12,12,3,2,2,1,3,1,0,9,4,5,0,9,0,2,1
59404138,0,,,52,24,28,2,0,2,50,24,26,28,14,14,49,24,25,49,24,25,22,10,12,12,5,7,1,0,1,0,0,0,0,0,0,17,17,4,4,2,3,2,2,0,13,5,8,0,15,0,3,0
59404140,0,,,2769,1281,1488,251,113,138,2437,1115,1322,1455,700,755,2383,1091,1292,2354,1075,1279,982,415,567,520,206,314,193,65,128,15,6,9,1,0,1,1303,1300,497,427,212,116,33,11,4,785,694,91,81,645,55,207,178
59404141,0,,,3399,1624,1775,335,165,170,2983,1409,1574,1802,884,918,2907,1374,1533,2866,1350,1516,1181,525,656,607,258,349,166,59,107,12,1,11,12,10,2,1580,1577,598,496,251,166,44,14,8,959,845,114,86,768,92,228,246
59404142,0,,,4424,2059,2365,683,339,344,3707,1700,2007,2621,1197,1424,3517,1611,1906,3433,1570,1863,1086,503,583,359,143,216,119,34,85,17,1,16,15,5,10,1624,1622,253,568,367,333,80,15,6,1364,1252,112,144,660,12,113,287
59404143,0,,,81,34,47,10,6,4,71,28,43,35,16,19,70,27,43,69,27,42,36,12,24,25,5,20,18,1,17,3,0,3,0,0,0,24,23,4,6,7,4,2,0,0,19,15,4,4,13,0,2,2
59404144,0,,,23,12,11,0,0,0,23,12,11,14,7,7,23,12,11,22,11,11,9,5,4,2,1,1,0,0,0,0,0,0,0,0,0,10,10,1,5,4,0,0,0,0,9,9,0,0,5,0,0,2
59404145,0,,,14,8,6,1,0,1,13,8,5,4,3,1,13,8,5,13,8,5,9,5,4,2,1,1,1,0,1,0,0,0,0,0,0,6,6,1,2,3,0,0,0,0,5,4,1,0,5,0,1,2
59404146,2,59404156,,10,3,7,*,*,*,*,*,*,*,*,*,*,*,*,*,*,*,*,*,*,*,*,*,*,*,*,*,*,*,*,*,*,4,4,*,*,*,*,*,*,*,*,*,*,*,*,*,*,*
59404150,0,,,6476,3090,3386,574,305,269,5534,2561,2973,3733,1828,1905,5425,2511,2914,5264,2437,2827,1801,733,1068,950,351,599,370,117,253,32,5,27,36,23,13,3659,3652,2091,814,459,208,65,6,9,1523,1381,142,198,1247,378,533,304
59404151,0,,,5460,2509,2951,546,285,261,4790,2152,2638,3098,1488,1610,4666,2082,2584,4578,2036,2542,1692,664,1028,877,305,572,344,94,250,44,4,40,23,12,11,2680,2671,1208,771,375,239,61,14,3,1428,1294,134,178,1028,212,352,325
59404152,0,,,3442,1703,1739,678,355,323,2715,1318,1397,2176,1080,1096,2568,1243,1325,2490,1193,1297,539,238,301,200,81,119,61,20,41,2,0,2,16,12,4,1300,1296,319,342,277,272,66,15,5,965,883,82,191,361,68,85,116
59404153,0,,,135,67,68,34,18,16,100,49,51,73,37,36,96,47,49,94,46,48,27,12,15,12,3,9,5,1,4,0,0,0,1,1,0,46,46,9,9,12,9,6,1,0,37,32,5,11,18,0,5,2
59404154,0,,,101,48,53,3,2,1,98,46,52,55,28,27,97,46,51,96,46,50,43,18,25,18,7,11,10,3,7,1,0,1,0,0,0,36,36,5,14,8,3,4,2,0,31,20,11,1,31,0,4,7
59404155,0,,,96,47,49,7,2,5,86,43,43,43,22,21,86,43,43,85,43,42,43,21,22,28,12,16,8,2,6,0,0,0,0,0,0,33,33,6,9,10,4,0,2,2,26,17,9,2,24,0,3,7
59404156,1,,59404146,54,25,29,7,3,4,57,25,32,23,11,12,56,24,32,56,24,32,34,14,20,15,6,9,3,0,3,0,0,0,0,0,0,18,18,4,7,5,3,0,2,1,18,9,9,1,21,0,4,5
59404160,0,,,5374,2740,2634,394,189,205,4665,2365,2300,3357,1845,1512,4591,2327,2264,4327,2147,2180,1308,520,788,715,252,463,294,98,196,33,10,23,74,46,28,3212,3206,2060,621,306,167,41,7,4,1125,1017,108,118,856,664,294,245
59404161,0,,,6104,2941,3163,618,297,321,5237,2496,2741,3635,1798,1837,5102,2427,2675,4921,2335,2586,1602,698,904,788,327,461,253,99,154,16,7,9,83,51,32,3289,3286,1725,789,423,267,61,14,7,1533,1381,152,167,1095,527,348,340
59404162,0,,,2668,1319,1349,304,148,156,2315,1142,1173,1549,822,727,2186,1037,1149,2109,981,1128,766,320,446,389,161,228,123,44,79,3,0,3,6,5,1,1192,1188,479,347,188,122,35,11,6,698,612,86,85,521,95,141,155
59404163,0,,,230,108,122,6,2,4,173,70,103,65,35,30,169,67,102,169,67,102,108,35,73,61,14,47,31,5,26,3,0,3,0,0,0,77,74,22,25,20,4,1,1,1,51,39,12,2,57,0,16,11
59404164,0,,,75,34,41,7,2,5,68,32,36,42,21,21,66,31,35,65,30,35,26,11,15,9,2,7,1,0,1,0,0,0,0,0,0,28,28,4,14,4,1,3,2,0,24,20,4,2,18,0,3,4
59404165,0,,,24,11,13,0,0,0,24,11,13,11,3,8,24,11,13,24,11,13,13,8,5,6,4,2,3,2,1,0,0,0,0,0,0,11,11,4,3,2,2,0,0,0,7,5,2,0,10,0,4,1
59404167,1,,59404177,17,7,10,0,0,0,25,10,15,9,5,4,25,10,15,25,10,15,16,5,11,9,2,7,4,0,4,1,0,1,0,0,0,7,7,4,3,2,1,1,0,0,6,4,2,0,10,0,3,2
59404170,0,,,4128,2226,1902,295,152,143,3587,1912,1675,2548,1500,1048,3507,1871,1636,3272,1722,1550,1039,412,627,564,187,377,217,52,165,12,1,11,70,45,25,2494,2492,1584,471,248,141,36,11,1,896,798,98,88,733,636,269,192
59404171,0,,,3416,1514,1902,324,173,151,2981,1278,1703,1903,837,1066,2902,1232,1670,2816,1194,1622,1078,441,637,538,214,324,172,55,117,16,4,12,34,20,14,1811,1807,923,488,226,120,38,12,0,876,793,83,93,689,299,228,223
59404172,0,,,3699,1792,1907,460,234,226,3133,1490,1643,2244,1109,1135,3039,1436,1603,2942,1385,1557,889,381,508,423,154,269,131,36,95,10,1,9,16,8,8,1836,1831,915,423,247,177,57,9,3,904,835,69,128,555,366,162,184
59404173,0,,,1060,505,555,94,54,40,960,447,513,572,265,307,932,428,504,912,420,492,388,182,206,123,57,66,32,10,22,1,0,1,9,3,6,458,457,126,185,86,43,13,3,1,327,294,33,22,256,2,77,81
59404174,0,,,16,7,9,3,1,2,13,6,7,7,4,3,13,6,7,13,6,7,6,2,4,1,0,1,0,0,0,0,0,0,0,0,0,5,5,0,1,2,2,0,0,0,5,3,2,1,4,0,0,1
59404175,0,,,114,55,59,8,5,3,106,50,56,44,20,24,105,49,56,105,49,56,62,30,32,33,13,20,9,3,6,2,0,2,0,0,0,48,48,12,20,5,9,1,1,0,36,23,13,3,42,0,12,9
59404176,0,,,102,46,56,4,3,1,94,40,54,42,19,23,91,40,51,90,39,51,52,21,31,28,11,17,10,3,7,1,0,1,0,0,0,44,44,14,12,10,6,2,0,0,29,19,10,1,36,0,11,7
59404177,2,59404167,,8,3,5,*,*,*,*,*,*,*,*,*,*,*,*,*,*,*,*,*,*,*,*,*,*,*,*,*,*,*,*,*,*,4,4,*,*,*,*,*,*,*,*,*,*,*,*,*,*,*
59404180,0,,,3693,1765,1928,403,202,201,3231,1519,1712,1916,958,958,3138,1467,1671,3074,1427,1647,1315,561,754,700,288,412,208,82,126,12,4,8,8,4,4,1732,1732,623,581,290,177,41,15,5,1094,971,123,111,871,145,236,303
59404181,0,,,526,236,290,45,22,23,479,213,266,264,121,143,470,209,261,463,207,256,215,92,123,90,36,54,25,5,20,5,0,5,5,4,1,247,246,75,112,41,14,1,3,0,167,160,7,15,118,22,25,64
59404182,0,,,191,76,115,7,1,6,181,74,107,73,34,39,181,74,107,179,72,107,108,40,68,47,14,33,23,6,17,1,0,1,1,0,1,80,79,22,24,21,8,3,1,0,55,36,19,1,66,0,17,16
59404183,0,,,306,145,161,8,4,4,295,138,157,89,46,43,290,134,156,288,133,155,206,92,114,125,50,75,65,17,48,10,1,9,0,0,0,86,85,23,33,13,12,1,1,2,61,46,15,2,73,0,17,21
59404184,0,,,117,54,63,8,2,6,109,52,57,47,24,23,109,52,57,107,52,55,62,28,34,33,12,21,13,3,10,0,0,0,0,0,0,48,48,12,21,6,4,2,2,1,36,29,7,2,38,0,9,13
59404185,0,,,180,86,94,14,6,8,166,80,86,91,48,43,161,77,84,159,77,82,75,32,43,32,13,19,14,5,9,2,0,2,0,0,0,64,64,14,12,20,11,4,3,0,48,27,21,5,49,0,10,4
59404186,0,,,64,30,34,5,3,2,58,26,32,31,15,16,57,25,32,56,25,31,27,11,16,13,6,7,5,2,3,0,0,0,0,0,0,28,28,9,9,5,3,2,0,0,19,14,5,1,18,0,5,5
59404187,0,,,266,129,137,8,3,5,255,124,131,116,64,52,251,122,129,248,121,127,139,60,79,65,27,38,24,7,17,1,0,1,0,0,0,105,105,28,34,20,9,11,2,1,76,50,26,2,89,0,21,21
59404188,1,,59404198,209,99,110,11,3,8,200,97,103,71,36,35,199,97,102,196,96,100,129,61,68,64,28,36,28,11,17,1,0,1,0,0,0,83,83,18,35,16,7,3,4,1,66,45,21,4,78,0,17,25
59404189,0,,,41,19,22,3,2,1,38,17,21,11,5,6,38,17,21,38,17,21,27,12,15,11,5,6,4,1,3,0,0,0,0,0,0,22,22,12,6,2,1,0,0,1,9,7,2,0,18,0,9,3
59404190,0,,,3263,1532,1731,417,213,204,2819,1302,1517,1659,793,866,2750,1269,1481,2708,1259,1449,1160,509,651,566,248,318,156,53,103,11,5,6,12,6,6,1378,1376,368,504,265,160,62,13,4,990,902,88,103,755,20,209,258
59404191,0,,,78,11,67,0,0,0,78,11,67,0,0,0,78,11,67,78,11,67,78,11,67,71,10,61,49,7,42,13,2,11,0,0,0,1,0,0,0,0,0,0,0,0,0,0,0,0,0,0,0,0
59404194,0,,,138,44,94,7,2,5,131,42,89,35,19,16,130,42,88,129,42,87,96,23,73,69,9,60,53,4,49,6,0,6,1,1,0,30,29,5,10,9,3,0,1,1,23,17,6,2,24,0,4,5
59404195,0,,,83,35,48,0,0,0,83,35,48,40,16,24,83,35,48,82,35,47,43,19,24,27,11,16,9,4,5,1,0,1,0,0,0,38,38,12,12,10,3,1,0,0,26,20,6,0,28,1,9,5
59404198,2,59404188,,2,1,1,*,*,*,*,*,*,*,*,*,*,*,*,*,*,*,*,*,*,*,*,*,*,*,*,*,*,*,*,*,*,1,1,*,*,*,*,*,*,*,*,*,*,*,*,*,*,*
59404200,0,,,51,24,27,2,2,0,49,22,27,24,12,12,49,22,27,49,22,27,25,10,15,16,6,10,6,2,4,1,0,1,0,0,0,24,24,8,7,7,2,0,0,0,16,11,5,1,18,0,5,4
59404201,0,,,34,13,21,4,2,2,30,11,19,15,7,8,30,11,19,30,11,19,15,4,11,8,2,6,4,0,4,0,0,0,0,0,0,15,15,2,8,4,1,0,0,0,12,10,2,1,10,0,2,3
59404202,0,,,32,18,14,0,0,0,32,18,14,10,6,4,32,18,14,32,18,14,22,12,10,11,5,6,8,4,4,1,0,1,0,0,0,19,19,10,6,2,1,0,0,0,9,8,1,0,15,0,8,4
59404208,0,,,14,6,8,1,1,0,13,5,8,8,3,5,12,5,7,11,5,6,5,2,3,1,0,1,0,0,0,0,0,0,0,0,0,4,4,0,2,0,1,0,1,0,4,3,1,0,4,0,0,1
59404209,0,,,82,43,39,4,2,2,78,41,37,40,23,17,76,40,36,76,40,36,38,18,20,16,6,10,7,4,3,0,0,0,0,0,0,32,32,8,11,7,2,2,1,1,24,16,8,0,25,0,5,4
59404210,0,,,172,84,88,16,9,7,156,75,81,88,49,39,153,74,79,150,74,76,68,26,42,31,11,20,9,2,7,2,0,2,0,0,0,61,61,13,13,17,11,5,1,1,48,32,16,3,47,0,10,5
59404211,1,,59404212,33,17,16,6,3,3,25,11,14,13,6,7,23,10,13,23,10,13,12,5,7,6,2,4,3,1,2,0,0,0,1,0,1,13,13,8,2,2,1,0,1,1,7,3,4,1,7,1,1,2
59404212,2,59404211,,3,2,1,*,*,*,*,*,*,*,*,*,*,*,*,*,*,*,*,*,*,*,*,*,*,*,*,*,*,*,*,*,*,2,2,*,*,*,*,*,*,*,*,*,*,*,*,*,*,*
59404220,0,,,85,43,42,10,4,6,75,39,36,49,25,24,72,37,35,67,34,33,26,14,12,8,3,5,2,1,1,0,0,0,0,0,0,27,27,4,9,4,4,2,3,1,23,15,8,2,18,0,2,5
59404221,1,,59404231,168,77,91,10,4,6,170,79,91,84,43,41,168,77,91,163,75,88,86,36,50,49,19,30,19,5,14,1,0,1,1,1,0,56,56,10,18,10,9,6,4,2,48,24,24,1,57,0,10,8
59404222,0,,,18,8,10,0,0,0,18,8,10,5,3,2,18,8,10,18,8,10,13,5,8,5,1,4,3,1,2,1,0,1,0,0,0,7,7,1,3,2,0,1,0,0,6,4,2,0,7,0,1,2
59404231,2,59404221,,12,6,6,*,*,*,*,*,*,*,*,*,*,*,*,*,*,*,*,*,*,*,*,*,*,*,*,*,*,*,*,*,*,3,3,*,*,*,*,*,*,*,*,*,*,*,*,*,*,*
59404232,0,,,106,45,61,7,4,3,99,41,58,45,19,26,97,41,56,97,41,56,54,22,32,31,8,23,16,3,13,0,0,0,0,0,0,50,50,17,18,10,3,1,1,0,32,25,7,2,40,0,14,7
59404236,0,,,40,24,16,2,1,1,38,23,15,19,13,6,38,23,15,38,23,15,19,10,9,5,2,3,3,1,2,0,0,0,0,0,0,17,17,3,9,4,0,0,0,1,14,12,2,1,14,0,3,2
59404237,0,,,30,16,14,0,0,0,30,16,14,10,5,5,30,16,14,30,16,14,20,11,9,9,4,5,4,1,3,0,0,0,0,0,0,15,15,4,8,2,1,0,0,0,11,8,3,0,14,0,4,5
59404242,0,,,128,62,66,16,12,4,112,50,62,53,25,28,108,48,60,108,48,60,59,25,34,30,13,17,11,6,5,0,0,0,0,0,0,48,48,12,16,10,1,5,3,1,36,26,10,4,37,0,7,8
59404243,0,,,213,100,113,8,5,3,205,95,110,87,44,43,201,91,110,201,91,110,118,51,67,59,21,38,23,8,15,1,1,0,0,0,0,90,90,18,39,22,7,2,1,1,71,52,19,1,77,0,14,20
59404245,0,,,17,11,6,0,0,0,17,11,6,8,7,1,17,11,6,17,11,6,9,4,5,6,2,4,4,2,2,0,0,0,0,0,0,8,8,3,3,0,2,0,0,0,5,3,2,0,6,1,2,1
59404246,0,,,10,5,5,0,0,0,10,5,5,5,3,2,10,5,5,10,5,5,5,2,3,2,0,2,2,0,2,0,0,0,0,0,0,4,4,0,2,2,0,0,0,0,3,2,1,0,3,0,0,1
59404248,2,59404249,,5,3,2,*,*,*,*,*,*,*,*,*,*,*,*,*,*,*,*,*,*,*,*,*,*,*,*,*,*,*,*,*,*,3,3,*,*,*,*,*,*,*,*,*,*,*,*,*,*,*
59404249,1,,59404248,99,43,56,4,0,4,100,46,54,36,16,20,99,46,53,99,46,53,64,30,34,46,18,28,22,10,12,1,0,1,0,0,0,41,41,15,11,10,5,2,0,1,29,18,11,1,39,0,13,8
59404250,2,59404260,,12,7,5,*,*,*,*,*,*,*,*,*,*,*,*,*,*,*,*,*,*,*,*,*,*,*,*,*,*,*,*,*,*,2,2,*,*,*,*,*,*,*,*,*,*,*,*,*,*,*
59404253,0,,,518,236,282,45,25,20,471,210,261,236,118,118,463,207,256,457,204,253,235,92,143,143,46,97,61,17,44,4,0,4,1,0,1,199,197,51,72,31,21,13,5,4,144,99,45,10,153,1,38,38
59404254,0,,,16,7,9,0,0,0,16,7,9,3,3,0,16,7,9,16,7,9,13,4,9,9,3,6,3,1,2,1,1,0,0,0,0,8,8,3,2,3,0,0,0,0,5,5,0,0,8,0,3,1
59404255,0,,,31,14,17,2,0,2,29,14,15,14,7,7,29,14,15,29,14,15,15,7,8,10,4,6,5,2,3,1,1,0,0,0,0,11,11,3,4,1,1,0,1,1,8,5,3,1,11,0,3,2
59404256,0,,,58,32,26,0,0,0,58,32,26,23,16,7,58,32,26,57,32,25,35,16,19,20,8,12,8,3,5,0,0,0,0,0,0,24,24,5,8,7,4,0,0,0,19,12,7,0,22,0,4,4
59404260,1,,59404250,24,15,9,7,6,1,29,16,13,18,10,8,28,16,12,27,15,12,11,6,5,3,2,1,1,0,1,1,0,1,0,0,0,8,8,3,1,2,0,0,3,1,7,2,5,2,7,0,2,1
59404263,0,,,50,22,28,2,0,2,48,22,26,21,10,11,48,22,26,48,22,26,27,12,15,11,5,6,6,2,4,1,0,1,0,0,0,20,20,3,8,7,1,0,1,0,17,13,4,0,15,0,2,4
59404264,0,,,99,49,50,3,1,2,96,48,48,48,27,21,94,48,46,94,48,46,48,21,27,32,14,18,12,8,4,1,1,0,0,0,0,37,37,8,11,10,5,1,1,1,29,16,13,1,31,0,6,6
59404265,0,,,63,33,30,4,2,2,59,31,28,19,11,8,57,30,27,57,30,27,40,20,20,18,10,8,5,2,3,0,0,0,0,0,0,24,24,4,10,5,3,1,0,1,20,14,6,0,22,0,3,9
59404270,0,,,17,8,9,0,0,0,17,8,9,8,4,4,16,7,9,15,7,8,9,4,5,4,1,3,2,0,2,1,0,1,0,0,0,7,7,2,1,3,1,0,0,0,5,3,2,0,5,0,1,1
59404271,0,,,194,73,121,9,2,7,184,70,114,56,31,25,179,67,112,176,65,111,128,39,89,112,33,79,73,14,59,10,2,8,0,0,0,34,33,5,10,7,6,1,4,0,28,18,10,1,23,0,3,6
59404272,1,,59404273,129,60,69,9,2,7,126,61,65,67,34,33,124,61,63,122,61,61,59,27,32,37,16,21,10,4,6,0,0,0,0,0,0,49,49,14,16,9,2,8,0,2,35,22,13,4,39,0,7,7
59404273,2,59404272,,6,3,3,*,*,*,*,*,*,*,*,*,*,*,*,*,*,*,*,*,*,*,*,*,*,*,*,*,*,*,*,*,*,2,2,*,*,*,*,*,*,*,*,*,*,*,*,*,*,*
59404274,0,,,89,45,44,1,1,0,88,44,44,42,25,17,88,44,44,88,44,44,46,19,27,32,12,20,9,3,6,1,0,1,0,0,0,40,40,10,17,8,4,1,0,0,29,23,6,0,32,0,7,10
59404280,0,,,48,23,25,0,0,0,48,23,25,21,12,9,47,22,25,47,22,25,27,11,16,10,5,5,2,1,1,0,0,0,1,1,0,20,20,2,12,4,1,0,1,0,17,13,4,0,19,0,2,7
59404284,2,59404285,,8,4,4,*,*,*,*,*,*,*,*,*,*,*,*,*,*,*,*,*,*,*,*,*,*,*,*,*,*,*,*,*,*,2,2,*,*,*,*,*,*,*,*,*,*,*,*,*,*,*
59404285,1,,59404284,14,9,5,2,1,1,20,12,8,7,4,3,20,12,8,20,12,8,13,8,5,4,3,1,1,1,0,0,0,0,0,0,0,7,7,2,3,3,0,1,0,0,7,6,1,0,9,0,2,2
59404286,0,,,41,21,20,0,0,0,41,21,20,15,9,6,40,20,20,40,20,20,26,12,14,13,5,8,8,3,5,0,0,0,0,0,0,19,19,5,8,4,2,0,0,0,14,10,4,0,17,0,4,5
59404300,0,,,14,6,8,0,0,0,14,6,8,2,0,2,14,6,8,14,6,8,12,6,6,11,6,5,4,3,1,0,0,0,0,0,0,8,8,3,4,1,0,0,0,0,5,5,0,0,8,0,3,3
59404310,0,,,89,43,46,2,1,1,87,42,45,37,21,16,87,42,45,86,42,44,50,21,29,23,7,16,10,1,9,0,0,0,0,0,0,31,31,6,9,6,3,7,0,0,25,15,10,0,29,0,5,6
59404311,1,,59404321;59404340,35,20,15,0,0,0,43,23,20,23,13,10,43,23,20,43,23,20,20,10,10,12,5,7,4,2,2,0,0,0,0,0,0,15,15,7,5,3,3,1,0,0,12,6,6,0,14,0,4,3
59404321,2,59404311,,4,2,2,*,*,*,*,*,*,*,*,*,*,*,*,*,*,*,*,*,*,*,*,*,*,*,*,*,*,*,*,*,*,2,2,*,*,*,*,*,*,*,*,*,*,*,*,*,*,*
59404340,2,59404311,,4,1,3,*,*,*,*,*,*,*,*,*,*,*,*,*,*,*,*,*,*,*,*,*,*,*,*,*,*,*,*,*,*,2,2,*,*,*,*,*,*,*,*,*,*,*,*,*,*,*
59404404,0,,,79,38,41,10,8,2,69,30,39,40,18,22,69,30,39,68,30,38,29,12,17,15,2,13,4,1,3,0,0,0,0,0,0,27,27,6,6,8,3,1,2,1,21,13,8,3,22,0,5,2
59404405,0,,,196,94,102,24,9,15,172,85,87,89,44,45,168,83,85,165,81,84,83,41,42,35,15,20,7,1,6,0,0,0,0,0,0,61,61,7,19,16,6,4,5,4,54,29,25,8,54,1,5,11
59404407,2,59404408,,14,7,7,*,*,*,*,*,*,*,*,*,*,*,*,*,*,*,*,*,*,*,*,*,*,*,*,*,*,*,*,*,*,3,3,*,*,*,*,*,*,*,*,*,*,*,*,*,*,*
59404408,1,,59404407,8,5,3,6,3,3,16,9,7,11,7,4,16,9,7,16,9,7,5,2,3,4,2,2,1,1,0,0,0,0,0,0,0,1,1,0,1,0,1,0,0,2,4,1,3,2,3,0,0,1
59404414,0,,,145,63,82,7,1,6,138,62,76,69,34,35,136,61,75,133,61,72,69,28,41,43,13,30,19,4,15,2,0,2,0,0,0,50,50,7,16,12,6,8,1,0,43,20,23,2,45,0,7,8
59404415,0,,,53,23,30,6,2,4,47,21,26,23,10,13,45,20,25,43,20,23,24,11,13,12,5,7,1,0,1,1,0,1,0,0,0,20,20,6,5,4,2,2,0,1,14,8,6,1,16,0,3,4
59404424,0,,,107,49,58,12,5,7,95,44,51,55,28,27,90,43,47,88,43,45,40,16,24,20,6,14,7,1,6,1,0,1,0,0,0,34,34,5,11,6,6,2,2,2,29,18,11,4,28,0,5,4
59404434,1,,59404443;59404444,41,19,22,4,2,2,42,18,24,23,10,13,41,18,23,41,18,23,19,8,11,10,5,5,2,1,1,0,0,0,0,0,0,13,13,3,5,4,1,2,0,1,13,9,4,1,12,0,2,2
59404435,0,,,17,8,9,2,1,1,15,7,8,5,3,2,15,7,8,15,7,8,10,4,6,2,1,1,2,1,1,0,0,0,0,0,0,7,7,3,1,1,1,1,0,0,4,2,2,1,6,0,2,1
59404436,0,,,22,11,11,3,2,1,19,9,10,10,6,4,19,9,10,19,9,10,9,3,6,7,2,5,1,0,1,0,0,0,0,0,0,5,5,0,1,1,1,0,1,1,5,1,4,1,5,0,0,0
59404443,2,59404434,,3,1,2,*,*,*,*,*,*,*,*,*,*,*,*,*,*,*,*,*,*,*,*,*,*,*,*,*,*,*,*,*,*,2,2,*,*,*,*,*,*,*,*,*,*,*,*,*,*,*
59404444,2,59404434,,2,0,2,*,*,*,*,*,*,*,*,*,*,*,*,*,*,*,*,*,*,*,*,*,*,*,*,*,*,*,*,*,*,1,1,*,*,*,*,*,*,*,*,*,*,*,*,*,*,*
59404446,0,,,63,27,36,3,0,3,60,27,33,39,18,21,59,27,32,58,26,32,21,9,12,13,5,8,5,1,4,0,0,0,0,0,0,17,17,1,3,5,4,0,3,1,16,4,12,1,14,0,1,1
59404447,0,,,17,10,7,0,0,0,17,10,7,6,5,1,17,10,7,16,9,7,11,5,6,7,3,4,2,1,1,1,1,0,0,0,0,5,5,0,2,2,0,0,0,1,5,2,3,0,5,0,0,1
59404464,0,,,22,10,12,2,1,1,20,9,11,13,7,6,20,9,11,20,9,11,7,2,5,3,0,3,0,0,0,0,0,0,0,0,0,7,7,0,2,3,1,1,0,0,7,4,3,0,5,0,0,1
59404465,0,,,21,9,12,0,0,0,21,9,12,12,5,7,21,9,12,21,9,12,9,4,5,4,1,3,1,0,1,0,0,0,0,0,0,9,9,2,3,3,1,0,0,0,7,4,3,0,8,0,2,1
59404474,0,,,38,16,22,8,3,5,30,13,17,18,8,10,30,13,17,30,13,17,12,5,7,8,3,5,3,2,1,0,0,0,0,0,0,10,10,2,4,0,0,1,1,2,8,4,4,2,6,0,0,2
59404475,0,,,109,47,62,8,4,4,101,43,58,53,27,26,97,42,55,96,41,55,48,16,32,27,8,19,10,2,8,0,0,0,0,0,0,38,38,11,9,7,6,1,1,3,27,14,13,2,34,0,9,5
59404476,0,,,54,19,35,6,1,5,48,18,30,23,9,14,48,18,30,48,18,30,25,9,16,11,2,9,6,1,5,1,0,1,0,0,0,22,22,6,7,6,1,1,0,1,16,11,5,2,16,0,3,2
59404477,2,59404486,,6,3,3,*,*,*,*,*,*,*,*,*,*,*,*,*,*,*,*,*,*,*,*,*,*,*,*,*,*,*,*,*,*,3,3,*,*,*,*,*,*,*,*,*,*,*,*,*,*,*
59404484,0,,,51,28,23,1,1,0,50,27,23,26,15,11,50,27,23,50,27,23,24,12,12,11,5,6,2,0,2,0,0,0,0,0,0,23,23,6,10,4,2,1,0,0,16,11,5,1,17,0,4,4
59404485,0,,,74,37,37,2,1,1,72,36,36,33,19,14,68,34,34,68,34,34,39,17,22,20,9,11,7,1,6,0,0,0,0,0,0,25,25,5,7,3,5,4,1,0,19,9,10,0,23,0,4,4
59404486,1,,59404477,150,73,77,7,5,2,149,71,78,67,36,31,146,70,76,144,69,75,82,35,47,50,23,27,17,7,10,1,0,1,0,0,0,57,57,11,29,9,2,4,3,2,48,31,17,1,55,0,10,8
59404487,0,,,39,18,21,1,1,0,38,17,21,11,6,5,38,17,21,38,17,21,27,11,16,12,5,7,4,0,4,0,0,0,0,0,0,20,20,5,11,4,0,0,0,0,15,14,1,1,17,0,3,8
59404496,2,59404497,,2,1,1,*,*,*,*,*,*,*,*,*,*,*,*,*,*,*,*,*,*,*,*,*,*,*,*,*,*,*,*,*,*,1,1,*,*,*,*,*,*,*,*,*,*,*,*,*,*,*
59404497,1,,59404496,323,136,187,15,7,8,310,130,180,111,58,53,305,128,177,303,127,176,199,72,127,128,38,90,71,17,54,9,2,7,0,0,0,110,107,34,37,19,14,1,0,3,74,53,21,3,87,0,29,21
59404498,0,,,34,16,18,3,1,2,31,15,16,14,6,8,31,15,16,31,15,16,17,9,8,7,4,3,2,1,1,0,0,0,0,0,0,14,14,3,6,3,1,0,1,0,11,7,4,1,12,0,2,4
59404505,0,,,82,39,43,3,1,2,79,38,41,39,18,21,78,38,40,75,37,38,40,20,20,13,6,7,3,0,3,0,0,0,0,0,0,27,27,4,8,5,5,3,2,0,23,12,11,1,24,0,4,6
59404506,0,,,49,19,30,3,1,2,46,18,28,21,10,11,46,18,28,46,18,28,25,8,17,16,6,10,8,2,6,0,0,0,0,0,0,19,19,3,9,3,2,1,1,0,16,12,4,0,16,0,3,4
59404507,0,,,34,19,15,4,4,0,30,15,15,18,9,9,28,15,13,27,14,13,12,6,6,7,4,3,4,4,0,0,0,0,0,0,0,11,11,1,5,2,1,0,1,1,10,8,2,0,9,0,1,0
59404516,0,,,24,10,14,0,0,0,24,10,14,14,5,9,24,10,14,23,10,13,10,5,5,6,2,4,3,1,2,0,0,0,0,0,0,7,7,0,1,3,2,1,0,0,7,5,2,0,6,0,0,1
59404517,0,,,223,96,127,18,7,11,205,89,116,108,49,59,200,87,113,199,87,112,97,40,57,51,17,34,15,3,12,1,0,1,0,0,0,78,78,15,25,19,6,7,2,4,63,39,24,5,64,0,12,10
59404526,0,,,39,21,18,3,2,1,36,19,17,16,9,7,36,19,17,35,18,17,20,10,10,9,5,4,3,1,2,1,0,1,0,0,0,16,16,3,8,2,1,2,0,0,13,10,3,1,11,0,2,4
59404527,0,,,136,65,71,11,5,6,125,60,65,66,37,29,123,59,64,122,58,64,59,23,36,30,13,17,10,4,6,0,0,0,0,0,0,47,47,9,12,13,7,2,2,2,38,23,15,4,38,0,5,6
59404528,0,,,68,32,36,3,1,2,65,31,34,39,20,19,64,31,33,64,31,33,26,11,15,11,3,8,2,1,1,0,0,0,0,0,0,31,31,10,12,4,4,0,1,0,21,16,5,0,18,0,6,7
59404532,0,,,48,26,22,3,2,1,45,24,21,22,11,11,42,22,20,42,22,20,23,13,10,12,8,4,3,1,2,1,0,1,0,0,0,18,18,5,5,4,2,0,1,1,13,10,3,0,14,0,4,3
59404534,0,,,51,20,31,8,2,6,43,18,25,20,11,9,43,18,25,41,17,24,23,7,16,13,3,10,7,0,7,1,0,1,0,0,0,16,16,5,4,1,1,1,2,2,10,4,6,1,14,0,4,0
59404537,0,,,472,180,292,21,9,12,451,171,280,147,80,67,446,168,278,445,167,278,304,91,213,234,52,182,142,24,118,23,2,21,0,0,0,124,119,38,38,17,14,9,2,1,79,53,26,6,84,2,20,18
59404538,0,,,354,171,183,23,14,9,331,157,174,174,87,87,322,151,171,318,148,170,157,70,87,91,38,53,24,11,13,1,0,1,0,0,0,139,139,34,44,32,17,7,2,3,104,73,31,5,106,0,25,25
59404544,1,,59404545,18,10,8,2,2,0,20,10,10,8,4,4,20,10,10,20,10,10,12,6,6,4,2,2,1,1,0,0,0,0,0,0,0,6,6,0,6,0,1,0,1,0,8,7,1,1,6,0,0,4
59404545,2,59404544,,4,2,2,*,*,*,*,*,*,*,*,*,*,*,*,*,*,*,*,*,*,*,*,*,*,*,*,*,*,*,*,*,*,2,2,*,*,*,*,*,*,*,*,*,*,*,*,*,*,*
59404547,0,,,251,125,126,21,9,12,230,116,114,134,74,60,225,112,113,220,110,110,96,42,54,52,20,32,21,7,14,0,0,0,2,1,1,111,111,34,41,17,13,5,0,1,77,60,17,2,65,7,18,17
59404548,0,,,1326,586,740,127,64,63,1191,518,673,617,292,325,1164,507,657,1154,502,652,574,226,348,320,112,208,122,44,78,7,1,6,4,1,3,580,578,176,202,110,65,15,7,3,392,296,96,33,381,7,111,93
59404549,1,,59404640,536,247,289,58,34,24,480,213,267,260,123,137,473,209,264,466,207,259,220,90,130,108,44,64,25,8,17,0,0,0,17,0,17,248,248,94,84,35,21,10,5,1,155,130,25,11,158,2,57,45
59404550,0,,,21,10,11,0,0,0,21,10,11,11,6,5,19,9,10,19,9,10,10,4,6,2,0,2,2,0,2,0,0,0,0,0,0,6,6,1,1,1,1,1,1,0,5,2,3,0,5,0,1,1
59404557,0,,,35,16,19,6,4,2,29,12,17,19,9,10,27,10,17,27,10,17,10,3,7,3,2,1,1,0,1,0,0,0,0,0,0,11,11,1,4,1,3,1,1,0,10,6,4,2,7,0,1,2
59404558,0,,,106,54,52,5,3,2,101,51,50,55,32,23,98,51,47,95,49,46,46,19,27,31,12,19,8,3,5,0,0,0,0,0,0,49,49,16,18,8,5,2,0,0,33,27,6,3,31,0,8,10
59404567,0,,,178,86,92,11,6,5,167,80,87,91,48,43,165,79,86,164,79,85,76,32,44,38,13,25,16,6,10,1,0,1,0,0,0,68,68,16,27,8,9,3,3,2,52,32,20,1,49,0,11,11
59404568,0,,,10,5,5,0,0,0,10,5,5,2,1,1,10,5,5,10,5,5,8,4,4,4,1,3,3,1,2,0,0,0,0,0,0,5,5,2,1,2,0,0,0,0,3,3,0,0,5,0,2,1
59404576,0,,,133,53,80,7,4,3,126,49,77,30,16,14,125,49,76,123,48,75,96,33,63,69,21,48,56,13,43,19,2,17,0,0,0,22,21,5,5,4,2,2,2,1,16,10,6,1,20,0,5,3
59404577,1,,59404578,211,97,114,22,8,14,191,90,101,97,46,51,186,85,101,185,85,100,94,44,50,44,16,28,23,7,16,2,0,2,2,1,1,80,80,23,26,12,11,4,4,2,59,36,23,7,62,1,15,14
59404578,2,59404577,,2,1,1,*,*,*,*,*,*,*,*,*,*,*,*,*,*,*,*,*,*,*,*,*,*,*,*,*,*,*,*,*,*,2,2,*,*,*,*,*,*,*,*,*,*,*,*,*,*,*
59404585,0,,,40,21,19,1,1,0,39,20,19,25,13,12,38,19,19,37,18,19,14,7,7,7,4,3,2,1,1,0,0,0,0,0,0,18,18,9,3,3,1,1,0,1,9,4,5,0,8,3,1,1
59404586,0,,,49,25,24,4,2,2,45,23,22,23,12,11,44,22,22,44,22,22,22,11,11,11,4,7,3,1,2,1,0,1,0,0,0,18,18,4,7,3,0,3,0,1,14,9,5,0,13,0,2,1
59404587,0,,,76,35,41,8,5,3,68,30,38,31,15,16,64,27,37,63,26,37,37,15,22,19,10,9,4,1,3,0,0,0,0,0,0,28,28,5,13,1,4,4,1,0,22,13,9,0,23,0,4,7
59404597,0,,,151,74,77,8,4,4,143,70,73,72,38,34,140,69,71,139,68,71,71,32,39,30,13,17,8,1,7,0,0,0,1,0,1,59,59,15,18,9,13,3,1,0,43,31,12,2,47,0,14,10
59404598,0,,,18,7,11,1,0,1,17,7,10,13,5,8,15,6,9,15,6,9,4,2,2,3,2,1,0,0,0,0,0,0,0,0,0,8,8,3,4,0,0,0,0,1,5,4,1,0,2,1,0,1
59404640,2,59404549,,2,0,2,*,*,*,*,*,*,*,*,*,*,*,*,*,*,*,*,*,*,*,*,*,*,*,*,*,*,*,*,*,*,2,2,*,*,*,*,*,*,*,*,*,*,*,*,*,*,*
59405005,0,,,3380,1506,1874,320,172,148,3016,1303,1713,1612,797,815,2946,1268,1678,2913,1250,1663,1404,506,898,900,280,620,435,97,338,64,8,56,9,5,4,1365,1356,504,403,230,153,47,12,7,833,718,115,82,731,35,289,145
59405006,0,,,4575,2206,2369,496,261,235,4032,1912,2120,2592,1322,1270,3920,1847,2073,3860,1815,2045,1440,590,850,741,259,482,302,94,208,17,6,11,8,5,3,2016,2014,629,656,386,277,45,17,4,1377,1251,126,142,1008,51,333,279
59405007,0,,,3656,1713,1943,391,206,185,3228,1485,1743,2051,962,1089,3143,1444,1699,3098,1426,1672,1177,523,654,548,213,335,173,47,126,20,3,17,5,3,2,1557,1555,409,567,338,176,53,12,0,1134,1040,94,123,756,41,181,243
59405008,0,,,318,158,160,43,26,17,274,131,143,183,85,98,259,123,136,251,121,130,91,46,45,32,18,14,2,2,0,0,0,0,0,0,0,121,121,22,45,22,24,5,2,1,98,89,9,7,58,1,12,30
59405009,0,,,99,18,81,0,0,0,99,18,81,10,5,5,99,18,81,99,18,81,89,13,76,84,9,75,60,5,55,11,0,11,0,0,0,6,5,1,2,2,0,0,0,0,4,3,1,0,2,0,0,0
59405014,0,,,459,221,238,40,22,18,408,192,216,253,124,129,398,187,211,390,183,207,155,68,87,79,32,47,17,5,12,0,0,0,0,0,0,203,203,60,77,32,22,11,1,0,140,122,18,10,109,2,26,30
59405015,0,,,4189,1974,2215,452,221,231,3660,1708,1952,2329,1162,1167,3532,1634,1898,3466,1604,1862,1331,546,785,705,259,446,220,64,156,14,2,12,8,2,6,1876,1874,643,609,332,204,61,20,5,1204,1065,139,141,881,45,299,240
59405016,0,,,4153,2072,2081,476,241,235,3645,1811,1834,2389,1311,1078,3558,1773,1785,3430,1688,1742,1256,500,756,608,205,403,242,69,173,16,2,14,7,1,6,1621,1604,463,555,273,239,50,20,4,1127,986,141,135,860,28,278,251
59405017,0,,,3349,1578,1771,424,217,207,2888,1339,1549,1908,907,1001,2785,1285,1500,2723,1257,1466,980,432,548,422,185,237,104,37,67,2,0,2,4,2,2,1455,1453,428,514,264,174,50,18,5,1010,918,92,114,667,36,188,209
59405019,0,,,147,64,83,7,1,6,140,63,77,67,30,37,138,63,75,137,63,74,73,33,40,36,15,21,9,3,6,1,0,1,0,0,0,55,55,10,20,13,5,4,3,0,45,32,13,1,48,0,9,11
59405024,0,,,361,187,174,24,12,12,334,173,161,253,134,119,324,167,157,318,164,154,81,39,42,16,6,10,3,0,3,0,0,0,1,0,1,161,161,47,61,29,19,3,1,1,110,100,10,10,57,4,14,15
59405025,0,,,4005,1979,2026,421,220,201,3534,1725,1809,2305,1192,1113,3441,1678,1763,3377,1649,1728,1229,533,696,607,235,372,182,61,121,12,1,11,11,6,5,1769,1766,565,575,337,208,63,13,5,1167,1029,138,114,834,51,228,238
59405026,0,,,4460,2166,2294,495,246,249,3926,1892,2034,2549,1294,1255,3794,1824,1970,3691,1756,1935,1377,598,779,615,243,372,177,59,118,12,2,10,15,9,6,1833,1829,455,645,406,232,73,12,6,1348,1203,145,155,907,33,220,294
59405027,0,,,1956,897,1059,240,112,128,1704,777,927,1134,519,615,1646,755,891,1624,742,882,570,258,312,236,96,140,82,21,61,7,2,5,1,0,1,756,754,147,281,162,120,31,11,2,606,537,69,55,352,7,72,133
59405028,0,,,14,5,9,2,0,2,11,4,7,5,2,3,11,4,7,11,4,7,6,2,4,1,0,1,0,0,0,0,0,0,0,0,0,7,7,2,3,2,0,0,0,0,5,5,0,2,4,0,1,2
59405029,0,,,39,19,20,3,2,1,36,17,19,20,9,11,36,17,19,36,17,19,16,8,8,9,3,6,5,2,3,0,0,0,0,0,0,11,11,0,5,2,1,1,1,1,11,6,5,1,10,0,0,3
59405034,0,,,453,207,246,26,16,10,421,187,234,265,132,133,409,180,229,407,178,229,156,55,101,78,20,58,28,7,21,2,0,2,2,1,1,202,201,70,73,33,20,4,1,0,125,109,16,8,89,8,22,25
59405035,0,,,4304,2032,2272,500,257,243,3736,1736,2000,2250,1121,1129,3638,1686,1952,3585,1651,1934,1486,615,871,791,306,485,281,96,185,22,2,20,10,3,7,1806,1803,526,610,362,206,70,22,7,1247,1107,140,154,935,43,263,280
59405036,0,,,1183,567,616,140,67,73,1024,489,535,718,344,374,997,476,521,981,470,511,306,145,161,119,52,67,29,13,16,2,2,0,3,1,2,491,490,126,171,100,67,22,4,0,353,321,32,46,191,16,37,66
59405038,0,,,85,38,47,4,2,2,81,36,45,38,19,19,81,36,45,81,36,45,43,17,26,17,5,12,9,2,7,1,0,1,0,0,0,35,35,7,12,11,4,1,0,0,26,21,5,2,30,0,6,7
59405039,0,,,14,7,7,0,0,0,14,7,7,8,3,5,14,7,7,14,7,7,6,4,2,2,1,1,0,0,0,0,0,0,0,0,0,5,5,1,1,2,0,1,0,0,4,3,1,0,3,0,0,1
59405044,0,,,873,355,518,58,24,34,811,328,483,362,173,189,786,316,470,779,313,466,449,155,294,296,78,218,139,27,112,17,3,14,1,0,1,159,152,39,47,27,31,6,2,0,113,106,7,13,40,2,8,17
59405045,0,,,1011,515,496,113,60,53,889,448,441,601,315,286,850,422,428,831,409,422,288,133,155,131,55,76,44,17,27,3,0,3,1,0,1,378,376,70,133,83,61,19,6,4,301,261,40,27,184,7,32,50
59405046,1,,59405047,64,19,45,3,1,2,73,22,51,13,6,7,73,22,51,72,22,50,60,16,44,50,12,38,39,7,32,5,0,5,0,0,0,6,5,1,2,1,2,2,0,0,7,4,3,0,7,0,1,1
59405047,2,59405046,,12,4,8,*,*,*,*,*,*,*,*,*,*,*,*,*,*,*,*,*,*,*,*,*,*,*,*,*,*,*,*,*,*,3,3,*,*,*,*,*,*,*,*,*,*,*,*,*,*,*
59405048,0,,,224,91,133,13,7,6,205,81,124,82,42,40,201,78,123,200,78,122,123,39,84,93,25,68,50,14,36,10,1,9,1,1,0,61,60,9,21,15,8,6,0,1,49,36,13,3,44,0,7,10
59405049,0,,,34,20,14,2,2,0,31,18,13,14,9,5,31,18,13,31,18,13,17,9,8,6,3,3,2,1,1,0,0,0,0,0,0,16,16,5,6,3,2,0,0,0,11,8,3,0,13,0,3,2
59405054,0,,,468,216,252,37,23,14,426,189,237,222,114,108,422,188,234,416,185,231,204,75,129,107,34,73,52,12,40,7,0,7,0,0,0,143,141,37,34,38,15,12,3,2,100,65,35,8,98,1,22,15
59405055,0,,,63,29,34,3,0,3,60,29,31,26,11,15,59,29,30,59,29,30,34,18,16,20,11,9,2,1,1,0,0,0,0,0,0,32,32,11,13,6,2,0,0,0,21,18,3,2,25,0,10,9
59405056,0,,,243,104,139,20,8,12,222,95,127,117,54,63,216,91,125,211,88,123,105,41,64,54,17,37,30,8,22,2,0,2,0,0,0,84,83,16,29,16,12,6,1,3,67,45,22,3,58,0,10,17
59405057,0,,,287,127,160,20,13,7,267,114,153,114,53,61,265,113,152,262,112,150,153,61,92,76,23,53,31,5,26,1,0,1,0,0,0,111,111,24,44,14,20,3,4,2,85,52,33,6,98,0,22,26
59405058,0,,,21,13,8,3,3,0,18,10,8,11,7,4,18,10,8,18,10,8,7,3,4,5,2,3,0,0,0,0,0,0,0,0,0,6,6,1,1,1,2,0,0,1,5,1,4,1,6,0,1,1
59405059,0,,,191,90,101,5,3,2,186,87,99,94,44,50,184,87,97,178,83,95,92,43,49,39,18,21,12,4,8,1,0,1,0,0,0,76,76,18,29,9,14,4,2,0,58,45,13,2,58,0,12,17
59405063,0,,,89,45,44,9,5,4,80,40,40,46,25,21,78,39,39,78,39,39,34,15,19,13,5,8,3,0,3,0,0,0,0,0,0,39,39,9,18,6,4,2,0,0,30,27,3,3,23,0,6,10
59405064,0,,,2151,1004,1147,239,120,119,1883,864,1019,1154,582,572,1842,840,1002,1791,817,974,729,282,447,412,131,281,180,42,138,15,2,13,3,0,3,820,809,291,226,144,108,28,9,3,514,448,66,52,328,120,69,105
59405065,0,,,158,77,81,16,9,7,142,68,74,82,43,39,137,65,72,136,65,71,60,25,35,20,6,14,8,1,7,0,0,0,0,0,0,65,65,18,23,12,7,3,0,2,47,36,11,4,43,1,14,10
59405066,0,,,103,46,57,7,2,5,93,42,51,59,27,32,91,41,50,87,39,48,34,15,19,18,9,9,9,4,5,0,0,0,0,0,0,35,35,6,10,6,8,3,2,0,28,17,11,3,23,0,4,4
59405067,0,,,136,65,71,9,5,4,125,59,66,65,32,33,121,57,64,119,55,64,60,27,33,34,13,21,20,9,11,0,0,0,1,0,1,55,55,15,20,8,6,4,1,1,39,27,12,1,42,0,12,8
59405068,0,,,30,18,12,0,0,0,30,18,12,15,11,4,29,17,12,29,17,12,15,7,8,9,4,5,3,0,3,0,0,0,0,0,0,14,14,6,5,1,0,1,1,0,8,5,3,0,10,0,4,2
59405069,2,59405079,,2,1,1,*,*,*,*,*,*,*,*,*,*,*,*,*,*,*,*,*,*,*,*,*,*,*,*,*,*,*,*,*,*,1,1,*,*,*,*,*,*,*,*,*,*,*,*,*,*,*
59405073,0,,,1640,784,856,224,117,107,1399,656,743,974,475,499,1342,631,711,1305,612,693,425,181,244,218,93,125,87,37,50,7,4,3,2,1,1,682,680,242,170,125,100,32,10,1,436,389,47,63,254,65,80,66
59405074,0,,,2641,1250,1391,270,140,130,2333,1090,1243,1389,681,708,2275,1058,1217,2228,1031,1197,944,409,535,483,190,293,150,58,92,9,3,6,2,2,0,1183,1179,411,384,220,110,40,11,3,760,663,97,93,600,63,166,181
59405075,0,,,186,89,97,16,7,9,167,81,86,119,58,61,158,75,83,153,74,79,48,23,25,20,11,9,4,1,3,0,0,0,0,0,0,79,79,22,25,19,9,3,1,0,55,46,9,4,34,2,10,10
59405076,0,,,32,16,16,0,0,0,32,16,16,19,10,9,32,16,16,29,14,15,13,6,7,7,4,3,2,2,0,0,0,0,0,0,0,11,11,1,3,4,2,1,0,0,10,7,3,0,8,0,1,3
59405077,0,,,49,26,23,2,0,2,47,26,21,21,13,8,47,26,21,46,26,20,26,13,13,14,6,8,4,2,2,1,0,1,0,0,0,17,17,3,4,4,4,2,0,0,14,6,8,0,15,0,3,3
59405078,0,,,55,28,27,6,4,2,48,23,25,30,15,15,48,23,25,48,23,25,18,8,10,5,1,4,2,0,2,0,0,0,0,0,0,21,21,4,9,1,5,2,0,0,16,13,3,1,14,0,3,2
59405079,1,,59405069,30,13,17,2,1,1,28,12,16,14,7,7,27,11,16,27,11,16,14,5,9,8,3,5,4,1,3,0,0,0,0,0,0,11,11,2,5,2,2,0,1,0,9,7,2,0,8,0,2,3
59405082,0,,,330,164,166,29,16,13,296,145,151,220,111,109,286,140,146,282,139,143,76,34,42,24,10,14,5,1,4,1,0,1,0,0,0,123,123,15,52,32,13,6,3,2,106,89,17,13,53,0,6,13
59405083,0,,,2808,1373,1435,506,262,244,2288,1103,1185,1780,886,894,2212,1069,1143,2158,1041,1117,508,217,291,235,98,137,74,22,52,3,0,3,3,1,2,1093,1090,259,325,245,197,46,12,6,819,728,91,189,322,34,79,103
59405084,0,,,973,461,512,110,60,50,860,400,460,597,286,311,824,383,441,807,375,432,263,114,149,117,49,68,41,17,24,3,1,2,1,0,1,362,361,70,121,85,52,26,2,5,287,238,49,29,159,7,31,40
59405085,0,,,171,80,91,15,10,5,156,70,86,77,38,39,151,68,83,148,67,81,79,32,47,38,15,23,14,3,11,1,0,1,1,1,0,59,59,14,13,15,7,6,2,2,44,21,23,3,47,0,9,6
59405086,0,,,140,68,72,11,4,7,129,64,65,67,34,33,127,63,64,126,63,63,62,30,32,25,9,16,7,2,5,2,0,2,0,0,0,50,50,5,21,13,5,4,1,1,44,32,12,3,36,0,2,12
59405087,1,,59405088,107,51,56,8,2,6,103,52,51,47,26,21,100,51,49,99,50,49,56,26,30,24,11,13,11,3,8,1,1,0,1,1,0,42,42,10,18,8,5,3,1,0,35,24,11,3,36,0,6,8
59405088,2,59405087,,4,3,1,*,*,*,*,*,*,*,*,*,*,*,*,*,*,*,*,*,*,*,*,*,*,*,*,*,*,*,*,*,*,3,3,*,*,*,*,*,*,*,*,*,*,*,*,*,*,*
59405092,0,,,208,103,105,15,6,9,193,97,96,107,56,51,190,96,94,187,95,92,86,41,45,33,16,17,7,3,4,1,0,1,1,0,1,88,88,27,32,13,7,6,2,1,59,46,13,2,60,1,17,17
59405093,0,,,148,64,84,15,8,7,133,56,77,91,37,54,127,55,72,124,54,70,42,19,23,15,4,11,9,1,8,0,0,0,0,0,0,56,56,9,18,17,9,2,1,0,47,41,6,6,28,0,5,7
59405094,0,,,347,160,187,21,12,9,323,147,176,173,88,85,317,142,175,312,139,173,150,59,91,71,22,49,22,5,17,1,1,0,0,0,0,137,137,24,53,34,19,3,4,0,112,81,31,3,101,0,18,25
59405095,0,,,27,14,13,2,1,1,25,13,12,17,10,7,24,13,11,24,13,11,8,3,5,6,2,4,2,1,1,0,0,0,0,0,0,9,9,1,4,1,1,1,1,0,8,5,3,0,5,0,1,1
59405096,0,,,126,71,55,6,4,2,120,67,53,60,39,21,119,67,52,119,67,52,60,28,32,35,15,20,16,8,8,1,0,1,0,0,0,50,50,8,19,15,5,3,0,0,41,34,7,1,37,0,4,12
59405097,0,,,36,18,18,6,4,2,30,14,16,18,8,10,29,14,15,28,13,15,12,6,6,3,1,2,1,0,1,0,0,0,0,0,0,9,9,2,3,0,0,0,3,1,7,3,4,2,8,0,2,2
59405098,0,,,19,11,8,1,1,0,18,10,8,6,3,3,18,10,8,18,10,8,12,7,5,4,3,1,0,0,0,0,0,0,0,0,0,7,7,1,2,2,2,0,0,0,6,4,2,0,7,0,1,2
59405100,0,,,1111,471,640,85,33,52,1023,436,587,628,289,339,984,423,561,965,417,548,395,147,248,209,65,144,84,15,69,10,1,9,5,3,2,416,415,94,148,87,64,17,4,1,319,283,36,12,206,7,48,67
59405101,0,,,541,250,291,44,28,16,496,221,275,277,128,149,483,218,265,464,210,254,219,93,126,113,39,74,64,16,48,7,1,6,0,0,0,191,188,30,70,51,23,10,3,1,158,133,25,17,109,0,24,32
59405102,1,,59405111,84,17,67,0,0,0,97,19,78,10,3,7,97,19,78,97,19,78,87,16,71,80,12,68,50,2,48,7,0,7,0,0,0,10,9,5,4,1,0,0,0,0,5,5,0,0,7,0,3,3
59405105,1,,59405106;59405107,62,31,31,2,2,0,67,32,35,39,19,20,65,31,34,63,30,33,28,13,15,7,2,5,3,1,2,0,0,0,0,0,0,26,26,5,17,5,1,1,1,0,25,23,2,1,17,0,2,8
59405106,2,59405105,,5,2,3,*,*,*,*,*,*,*,*,*,*,*,*,*,*,*,*,*,*,*,*,*,*,*,*,*,*,*,*,*,*,3,3,*,*,*,*,*,*,*,*,*,*,*,*,*,*,*
59405107,2,59405105,,2,1,1,*,*,*,*,*,*,*,*,*,*,*,*,*,*,*,*,*,*,*,*,*,*,*,*,*,*,*,*,*,*,1,1,*,*,*,*,*,*,*,*,*,*,*,*,*,*,*
59405111,2,59405102,,13,2,11,*,*,*,*,*,*,*,*,*,*,*,*,*,*,*,*,*,*,*,*,*,*,*,*,*,*,*,*,*,*,2,1,*,*,*,*,*,*,*,*,*,*,*,*,*,*,*
59405112,0,,,37,20,17,1,0,1,35,19,16,18,10,8,35,19,16,35,19,16,17,9,8,5,3,2,3,2,1,0,0,0,0,0,0,16,16,6,5,2,1,1,1,0,10,8,2,0,12,0,5,3
59405113,0,,,77,39,38,4,3,1,72,35,37,42,21,21,72,35,37,71,35,36,30,14,16,15,6,9,4,1,3,0,0,0,0,0,0,27,27,3,10,6,5,2,1,0,24,17,7,2,19,0,2,5
59405115,0,,,20,7,13,0,0,0,20,7,13,7,2,5,19,7,12,19,7,12,13,5,8,8,3,5,1,0,1,0,0,0,0,0,0,9,9,4,1,2,2,0,0,0,5,4,1,0,8,0,3,0
59405116,0,,,64,29,35,7,4,3,57,25,32,32,15,17,55,24,31,54,24,30,25,10,15,13,3,10,8,2,6,0,0,0,0,0,0,24,24,5,8,7,2,1,0,1,19,14,5,2,16,0,5,3
59405123,1,,59405124,30,16,14,0,0,0,32,17,15,17,8,9,31,16,15,31,16,15,15,9,6,9,3,6,4,1,3,0,0,0,0,0,0,15,14,7,4,2,0,2,0,0,8,4,4,0,11,0,5,2
59405124,2,59405123,,2,1,1,*,*,*,*,*,*,*,*,*,*,*,*,*,*,*,*,*,*,*,*,*,*,*,*,*,*,*,*,*,*,1,1,*,*,*,*,*,*,*,*,*,*,*,*,*,*,*
59405130,0,,,131,60,71,10,4,6,121,56,65,65,33,32,119,56,63,117,55,62,56,23,33,28,8,20,9,1,8,1,0,1,0,0,0,47,47,10,10,18,4,2,2,1,36,22,14,4,37,0,8,2
59405131,0,,,130,30,100,2,2,0,128,28,100,15,5,10,128,28,100,128,28,100,113,23,90,99,14,85,78,9,69,16,1,15,0,0,0,16,15,2,8,4,1,0,0,0,13,11,2,1,12,0,2,5
59405134,2,59405135,,130,37,93,*,*,*,*,*,*,*,*,*,*,*,*,*,*,*,*,*,*,*,*,*,*,*,*,*,*,*,*,*,*,3,2,*,*,*,*,*,*,*,*,*,*,*,*,*,*,*
59405135,1,,59405134,43,22,21,0,0,0,173,59,114,25,11,14,173,59,114,173,59,114,148,48,100,119,32,87,68,19,49,2,1,1,0,0,0,19,19,3,12,5,1,0,0,0,18,15,3,0,14,0,0,7
59405137,2,59405138,,7,2,5,*,*,*,*,*,*,*,*,*,*,*,*,*,*,*,*,*,*,*,*,*,*,*,*,*,*,*,*,*,*,2,2,*,*,*,*,*,*,*,*,*,*,*,*,*,*,*
59405138,1,,59405137,9,4,5,3,2,1,13,4,9,11,2,9,11,4,7,11,4,7,2,2,0,0,0,0,0,0,0,0,0,0,0,0,0,4,4,1,2,1,2,0,0,0,5,5,0,0,2,0,0,0
59405140,0,,,29,15,14,1,0,1,28,15,13,16,9,7,28,15,13,28,15,13,12,6,6,6,2,4,3,0,3,0,0,0,0,0,0,12,12,3,3,4,2,0,0,0,9,7,2,1,10,0,3,2
59405145,1,,59405146,36,15,21,1,1,0,40,16,24,17,8,9,39,16,23,39,16,23,23,8,15,17,5,12,3,0,3,0,0,0,0,0,0,18,18,7,6,3,2,0,1,0,11,6,5,0,15,0,4,4
59405146,2,59405145,,6,3,3,*,*,*,*,*,*,*,*,*,*,*,*,*,*,*,*,*,*,*,*,*,*,*,*,*,*,*,*,*,*,1,1,*,*,*,*,*,*,*,*,*,*,*,*,*,*,*
59405150,0,,,99,38,61,7,2,5,90,35,55,43,18,25,89,35,54,89,35,54,47,17,30,23,7,16,8,0,8,0,0,0,0,0,0,40,40,8,18,6,4,3,1,0,30,20,10,1,31,0,4,8
59405156,0,,,34,13,21,1,1,0,33,12,21,17,7,10,33,12,21,32,11,21,16,5,11,8,2,6,2,0,2,0,0,0,0,0,0,15,15,5,3,6,0,1,0,0,10,7,3,1,12,0,4,1
59405160,0,,,53,26,27,1,0,1,51,26,25,27,15,12,51,26,25,50,26,24,24,11,13,14,6,8,4,2,2,1,0,1,0,0,0,24,24,10,7,2,2,3,0,0,14,10,4,0,17,0,6,4
59405161,0,,,27,13,14,3,2,1,18,8,10,6,4,2,18,8,10,18,8,10,12,4,8,6,1,5,1,0,1,0,0,0,0,0,0,12,12,6,3,1,0,0,2,0,5,3,2,1,9,0,4,2
59405166,0,,,41,13,28,3,0,3,38,13,25,18,7,11,36,13,23,36,13,23,20,6,14,11,2,9,4,0,4,0,0,0,0,0,0,16,16,4,6,3,1,0,2,0,12,9,3,1,13,0,2,2
59405167,0,,,49,21,28,4,2,2,45,19,26,18,8,10,45,19,26,45,19,26,27,11,16,16,3,13,5,0,5,0,0,0,0,0,0,19,19,7,6,1,2,1,0,2,12,8,4,2,19,0,7,4
59405170,0,,,17,8,9,0,0,0,17,8,9,13,7,6,16,8,8,15,7,8,4,1,3,2,0,2,1,0,1,0,0,0,0,0,0,6,6,1,2,2,0,0,1,0,5,4,1,0,2,0,1,0
59405171,1,,59405172,99,51,48,3,0,3,99,51,48,67,32,35,98,50,48,96,50,46,32,19,13,12,5,7,5,2,3,0,0,0,0,0,0,22,21,6,11,2,2,1,1,0,16,13,3,1,14,0,3,5
59405172,2,59405171,,6,3,3,*,*,*,*,*,*,*,*,*,*,*,*,*,*,*,*,*,*,*,*,*,*,*,*,*,*,*,*,*,*,2,2,*,*,*,*,*,*,*,*,*,*,*,*,*,*,*
59405407,1,,59405417,81,38,43,8,5,3,80,36,44,40,18,22,80,36,44,78,36,42,40,18,22,21,9,12,8,4,4,1,0,1,0,0,0,29,29,8,11,9,1,0,3,1,25,17,8,4,25,0,6,4
59405408,0,,,35,18,17,2,2,0,33,16,17,15,8,7,33,16,17,33,16,17,18,8,10,9,4,5,2,0,2,0,0,0,0,0,0,15,15,6,2,5,1,0,1,0,9,6,3,1,14,0,5,1
59405417,2,59405407,,7,3,4,*,*,*,*,*,*,*,*,*,*,*,*,*,*,*,*,*,*,*,*,*,*,*,*,*,*,*,*,*,*,4,4,*,*,*,*,*,*,*,*,*,*,*,*,*,*,*
59405428,1,,59405438,44,23,21,5,3,2,48,24,24,23,13,10,47,23,24,46,23,23,25,11,14,13,4,9,5,1,4,0,0,0,0,0,0,16,16,4,2,6,4,1,1,0,14,6,8,2,14,0,3,0
59405437,0,,,47,20,27,2,0,2,39,17,22,14,6,8,39,17,22,39,17,22,25,11,14,13,5,8,5,1,4,0,0,0,0,0,0,17,17,3,6,4,2,0,2,0,13,7,6,2,16,0,3,4
59405438,2,59405428,,9,4,5,*,*,*,*,*,*,*,*,*,*,*,*,*,*,*,*,*,*,*,*,*,*,*,*,*,*,*,*,*,*,2,2,*,*,*,*,*,*,*,*,*,*,*,*,*,*,*
59405447,0,,,30,14,16,4,0,4,26,14,12,11,6,5,24,13,11,23,12,11,15,8,7,5,2,3,2,0,2,0,0,0,0,0,0,9,9,2,3,1,0,1,1,1,7,3,4,0,9,0,2,2
59405456,1,,59405457,11,5,6,0,0,0,17,8,9,7,4,3,17,8,9,16,7,9,10,4,6,6,2,4,1,0,1,0,0,0,0,0,0,5,5,4,3,1,1,0,0,0,5,4,1,0,8,0,4,0
59405457,2,59405456,,6,3,3,*,*,*,*,*,*,*,*,*,*,*,*,*,*,*,*,*,*,*,*,*,*,*,*,*,*,*,*,*,*,4,4,*,*,*,*,*,*,*,*,*,*,*,*,*,*,*
59405465,2,59405466,,13,5,8,*,*,*,*,*,*,*,*,*,*,*,*,*,*,*,*,*,*,*,*,*,*,*,*,*,*,*,*,*,*,4,4,*,*,*,*,*,*,*,*,*,*,*,*,*,*,*
59405466,1,,59405465,41,18,23,8,6,2,46,17,29,21,6,15,44,17,27,43,17,26,25,11,14,19,8,11,7,2,5,0,0,0,0,0,0,16,16,7,5,2,3,2,0,1,13,8,5,1,18,0,7,3
59405475,2,59405476,,6,3,3,*,*,*,*,*,*,*,*,*,*,*,*,*,*,*,*,*,*,*,*,*,*,*,*,*,*,*,*,*,*,3,3,*,*,*,*,*,*,*,*,*,*,*,*,*,*,*
59405476,1,,59405475,52,20,32,4,1,3,54,22,32,27,11,16,53,22,31,53,22,31,27,11,16,15,4,11,5,1,4,0,0,0,0,0,0,24,24,9,12,3,2,0,0,1,18,12,6,2,22,0,8,5
59405477,0,,,12,5,7,0,0,0,12,5,7,3,1,2,12,5,7,12,5,7,9,4,5,5,2,3,2,1,1,0,0,0,0,0,0,5,5,1,2,1,1,0,0,0,4,2,2,0,5,0,1,0
59405486,0,,,53,24,29,2,1,1,51,23,28,21,9,12,51,23,28,51,23,28,30,14,16,15,6,9,6,2,4,0,0,0,0,0,0,20,20,2,9,6,1,1,1,0,18,11,7,0,18,0,2,5
59405487,0,,,31,13,18,1,0,1,30,13,17,7,4,3,30,13,17,30,13,17,23,9,14,13,4,9,6,2,4,0,0,0,0,0,0,15,15,3,9,2,1,0,0,0,12,10,2,0,14,0,2,5
59405496,0,,,54,27,27,3,2,1,51,25,26,28,14,14,49,24,25,48,23,25,23,11,12,12,4,8,7,2,5,0,0,0,0,0,0,18,18,5,4,3,1,3,1,1,13,6,7,0,15,0,3,1
59405501,0,,,15,7,8,0,0,0,15,7,8,10,5,5,15,7,8,15,7,8,5,2,3,2,0,2,0,0,0,0,0,0,0,0,0,7,7,1,5,0,1,0,0,0,6,6,0,0,4,0,1,1
59405506,2,59405507,,3,2,1,*,*,*,*,*,*,*,*,*,*,*,*,*,*,*,*,*,*,*,*,*,*,*,*,*,*,*,*,*,*,1,1,*,*,*,*,*,*,*,*,*,*,*,*,*,*,*
59405507,1,,59405506,107,58,49,7,7,0,103,53,50,50,28,22,103,53,50,102,53,49,53,25,28,30,11,19,13,4,9,0,0,0,0,0,0,45,45,11,21,6,4,2,1,1,35,24,11,2,35,3,6,9
59405508,0,,,79,41,38,3,2,1,76,39,37,44,25,19,73,38,35,69,36,33,32,14,18,13,4,9,2,0,2,0,0,0,0,0,0,41,40,18,14,5,1,0,1,1,22,19,3,0,22,2,5,6
59405514,2,59405515,,6,3,3,*,*,*,*,*,*,*,*,*,*,*,*,*,*,*,*,*,*,*,*,*,*,*,*,*,*,*,*,*,*,2,2,*,*,*,*,*,*,*,*,*,*,*,*,*,*,*
59405515,1,,59405514,121,57,64,4,0,4,123,60,63,47,24,23,121,59,62,120,58,62,76,36,40,42,19,23,19,9,10,3,2,1,1,0,1,54,54,16,22,9,7,0,2,0,40,27,13,0,50,0,13,12
59405516,0,,,37,19,18,2,1,1,35,18,17,18,10,8,35,18,17,35,18,17,17,8,9,12,5,7,4,0,4,0,0,0,0,0,0,13,13,2,5,2,2,1,1,0,11,6,5,1,10,0,1,4
59405519,0,,,11,4,7,0,0,0,11,4,7,4,1,3,11,4,7,11,4,7,7,3,4,3,1,2,2,1,1,0,0,0,0,0,0,6,6,2,3,1,0,0,0,0,4,4,0,0,5,0,2,2
59405523,2,59405524,,3,2,1,*,*,*,*,*,*,*,*,*,*,*,*,*,*,*,*,*,*,*,*,*,*,*,*,*,*,*,*,*,*,2,2,*,*,*,*,*,*,*,*,*,*,*,*,*,*,*
59405524,1,,59405523,121,54,67,5,2,3,119,54,65,44,22,22,117,52,65,117,52,65,75,32,43,39,14,25,22,6,16,3,1,2,0,0,0,54,52,15,22,12,1,1,3,0,39,27,12,2,46,0,10,11
59405525,0,,,50,22,28,3,0,3,47,22,25,19,8,11,47,22,25,46,22,24,28,14,14,13,6,7,5,2,3,0,0,0,0,0,0,21,21,6,9,4,0,0,0,2,15,11,4,0,16,0,4,5
59405532,2,59405533,,1,1,0,*,*,*,*,*,*,*,*,*,*,*,*,*,*,*,*,*,*,*,*,*,*,*,*,*,*,*,*,*,*,1,1,*,*,*,*,*,*,*,*,*,*,*,*,*,*,*
59405533,1,,59405532;59405542,70,34,36,4,2,2,79,39,40,42,22,20,79,39,40,78,39,39,37,17,20,17,9,8,9,5,4,2,1,1,0,0,0,26,26,8,9,4,3,4,1,0,21,11,10,2,20,4,1,5
59405542,2,59405533,,12,6,6,*,*,*,*,*,*,*,*,*,*,*,*,*,*,*,*,*,*,*,*,*,*,*,*,*,*,*,*,*,*,3,2,*,*,*,*,*,*,*,*,*,*,*,*,*,*,*
59405610,2,59405631,,7,3,4,*,*,*,*,*,*,*,*,*,*,*,*,*,*,*,*,*,*,*,*,*,*,*,*,*,*,*,*,*,*,4,4,*,*,*,*,*,*,*,*,*,*,*,*,*,*,*
59405631,1,,59405610,9,4,5,0,0,0,16,7,9,7,3,4,16,7,9,16,7,9,9,4,5,3,1,2,0,0,0,0,0,0,0,0,0,6,6,4,6,0,0,0,0,0,6,6,0,0,5,1,1,4
59406001,0,,,176,85,91,11,4,7,164,80,84,117,58,59,160,78,82,157,76,81,47,22,25,16,7,9,2,0,2,0,0,0,0,0,0,73,73,10,36,17,8,1,1,0,63,56,7,4,31,0,5,14
59406002,0,,,1634,808,826,179,93,86,1454,714,740,948,490,458,1406,682,724,1381,672,709,506,224,282,203,83,120,39,16,23,2,0,2,0,0,0,653,653,145,240,128,90,37,11,2,500,422,78,38,334,0,79,106
59406003,0,,,90,38,52,4,1,3,84,36,48,40,20,20,82,34,48,79,34,45,44,16,28,32,11,21,22,8,14,5,2,3,0,0,0,28,27,5,13,6,1,1,1,0,21,17,4,3,13,0,3,4
59406004,0,,,210,92,118,16,9,7,186,79,107,102,46,56,178,76,102,175,76,99,84,33,51,31,9,22,8,2,6,0,0,0,0,0,0,85,85,29,21,16,9,6,3,1,54,38,16,5,60,0,20,11
59406005,0,,,119,53,66,16,9,7,103,44,59,57,30,27,100,43,57,99,42,57,46,14,32,22,4,18,8,0,8,0,0,0,0,0,0,41,41,8,13,11,2,2,2,3,33,24,9,7,33,0,7,5
59406006,0,,,117,60,57,7,4,3,110,56,54,53,30,23,109,56,53,109,56,53,57,26,31,25,10,15,10,4,6,0,0,0,0,0,0,48,48,9,22,8,6,2,1,0,37,28,9,2,38,0,5,13
59406008,0,,,121,58,63,4,1,3,117,57,60,50,28,22,115,57,58,114,57,57,67,29,38,35,13,22,19,6,13,2,0,2,0,0,0,52,52,19,14,7,9,2,0,1,32,21,11,0,46,0,15,9
59406009,0,,,16,6,10,0,0,0,16,6,10,8,4,4,16,6,10,16,6,10,8,2,6,4,1,3,2,0,2,0,0,0,0,0,0,6,6,0,4,0,2,0,0,0,6,3,3,0,6,0,0,2
59406011,0,,,317,152,165,18,11,7,298,141,157,176,94,82,288,133,155,286,133,153,122,47,75,65,23,42,20,5,15,1,0,1,0,0,0,123,123,25,44,24,21,7,1,1,98,71,27,3,82,0,20,16
59406012,0,,,1109,553,556,115,72,43,992,479,513,604,299,305,959,463,496,946,456,490,388,180,208,175,75,100,53,19,34,1,0,1,0,0,0,438,437,89,160,102,60,23,2,1,347,309,38,26,240,0,55,76
59406013,0,,,261,91,170,14,10,4,247,81,166,82,43,39,246,80,166,243,79,164,165,38,127,121,19,102,75,9,66,14,1,13,0,0,0,63,60,13,15,17,9,4,2,0,47,30,17,5,48,0,11,5
59406014,0,,,104,45,59,12,5,7,92,40,52,46,23,23,89,39,50,86,37,49,46,17,29,20,5,15,5,1,4,0,0,0,1,0,1,40,40,9,13,8,6,3,1,0,31,26,5,2,32,0,9,9
59406015,0,,,202,90,112,9,5,4,193,85,108,110,52,58,186,81,105,182,80,102,83,33,50,51,16,35,22,6,16,0,0,0,0,0,0,70,70,14,17,18,12,5,2,2,56,28,28,1,57,0,10,11
59406017,2,59406026,,2,1,1,*,*,*,*,*,*,*,*,*,*,*,*,*,*,*,*,*,*,*,*,*,*,*,*,*,*,*,*,*,*,1,1,*,*,*,*,*,*,*,*,*,*,*,*,*,*,*
59406019,0,,,12,8,4,0,0,0,12,8,4,5,4,1,12,8,4,12,8,4,7,4,3,7,4,3,0,0,0,0,0,0,0,0,0,4,4,1,1,1,0,0,1,0,3,2,1,0,4,0,1,1
59406020,0,,,25,9,16,0,0,0,25,9,16,0,0,0,25,9,16,25,9,16,25,9,16,23,7,16,17,3,14,3,0,3,0,0,0,1,0,0,0,0,0,0,0,0,0,0,0,0,0,0,0,0
59406021,0,,,316,152,164,38,17,21,277,134,143,197,99,98,265,129,136,257,126,131,80,35,45,36,16,20,10,4,6,0,0,0,1,0,1,129,129,33,47,20,20,7,1,1,95,82,13,12,53,1,13,11
59406022,0,,,448,197,251,31,11,20,416,186,230,166,88,78,410,182,228,403,177,226,250,98,152,174,57,117,95,20,75,16,3,13,0,0,0,74,72,14,25,14,14,5,0,0,58,55,3,7,22,1,5,7
59406023,0,,,245,121,124,13,5,8,232,116,116,113,55,58,230,115,115,228,114,114,119,61,58,49,22,27,15,5,10,0,0,0,1,0,1,102,102,27,36,22,10,3,3,1,74,55,19,3,83,0,23,21
59406024,0,,,275,134,141,22,12,10,251,121,130,156,83,73,248,120,128,246,118,128,95,38,57,52,18,34,17,3,14,1,0,1,0,0,0,114,114,24,44,30,9,5,2,0,89,72,17,9,63,1,12,15
59406025,0,,,72,32,40,8,4,4,64,28,36,38,19,19,60,26,34,59,26,33,26,9,17,14,3,11,4,0,4,0,0,0,0,0,0,24,24,5,6,5,4,1,2,1,19,10,9,2,18,0,3,1
59406026,1,,59406017,70,31,39,2,1,1,70,31,39,32,16,16,68,30,38,68,30,38,38,15,23,17,5,12,8,2,6,0,0,0,0,0,0,32,32,11,13,4,3,1,1,0,22,14,8,0,29,0,10,4
59406027,0,,,12,5,7,0,0,0,12,5,7,7,4,3,12,5,7,12,5,7,5,1,4,4,1,3,2,0,2,0,0,0,0,0,0,5,5,1,2,1,1,0,0,0,4,2,2,0,4,0,0,1
59406029,0,,,28,12,16,2,1,1,26,11,15,7,3,4,26,11,15,26,11,15,19,8,11,3,1,2,1,0,1,0,0,0,0,0,0,13,13,4,6,2,0,0,1,0,9,7,2,1,13,0,4,5
59406030,0,,,607,268,339,55,31,24,543,231,312,315,160,155,521,220,301,513,216,297,228,71,157,145,33,112,77,12,65,12,1,11,22,12,10,246,241,107,60,33,25,12,4,0,133,112,21,18,90,20,25,27
59406031,0,,,484,188,296,31,19,12,450,167,283,176,90,86,441,164,277,433,159,274,274,77,197,196,42,154,135,22,113,26,1,25,1,1,0,145,143,46,52,22,14,4,4,1,94,79,15,8,81,2,22,22
59406032,0,,,336,159,177,32,12,20,303,146,157,202,103,99,284,133,151,277,129,148,101,43,58,42,16,26,6,1,5,0,0,0,0,0,0,131,131,26,49,29,17,4,5,1,104,81,23,13,73,0,14,16
59406033,0,,,497,236,261,37,19,18,460,217,243,250,127,123,446,209,237,437,201,236,210,90,120,98,37,61,29,10,19,0,0,0,0,0,0,189,189,44,56,44,28,10,3,4,145,100,45,8,140,0,30,32
59406034,0,,,701,329,372,46,22,24,654,307,347,374,198,176,639,296,343,631,290,341,280,109,171,162,56,106,39,9,30,0,0,0,1,0,1,288,288,83,87,57,41,13,5,2,203,158,45,14,200,2,59,32
59406035,0,,,619,293,326,72,41,31,545,250,295,355,174,181,531,242,289,522,237,285,190,76,114,98,37,61,29,13,16,0,0,0,0,0,0,242,242,47,86,55,39,11,4,0,193,162,31,21,128,2,27,36
59406036,0,,,241,105,136,22,9,13,219,96,123,120,56,64,213,95,118,212,95,117,99,40,59,51,16,35,13,5,8,1,0,1,0,0,0,85,85,17,28,19,10,3,4,4,67,46,21,5,68,1,11,15
59406037,0,,,139,62,77,8,1,7,131,61,70,62,34,28,129,60,69,129,60,69,69,27,42,40,15,25,7,2,5,1,0,1,0,0,0,55,55,12,20,13,6,2,0,2,43,30,13,2,45,0,8,12
59406038,0,,,29,14,15,2,1,1,27,13,14,12,8,4,26,12,14,26,12,14,15,5,10,7,2,5,3,0,3,0,0,0,0,0,0,11,11,2,5,2,0,1,1,0,9,6,3,0,9,0,1,3
59406039,0,,,120,52,68,9,7,2,111,45,66,46,20,26,109,44,65,108,43,65,65,25,40,34,12,22,10,2,8,0,0,0,0,0,0,48,48,12,16,13,4,0,1,2,36,21,15,0,43,0,11,10
59406040,0,,,709,334,375,53,25,28,652,305,347,390,188,202,636,297,339,617,288,329,262,117,145,105,41,64,32,9,23,1,0,1,3,2,1,274,274,55,101,58,33,20,4,3,216,170,46,18,178,1,32,45
59406041,0,,,73,42,31,5,3,2,68,39,29,45,28,17,64,35,29,64,35,29,23,11,12,10,6,4,1,0,1,0,0,0,0,0,0,28,28,6,8,7,5,2,0,0,22,16,6,0,16,0,4,1
59406042,0,,,484,232,252,15,8,7,468,224,244,246,120,126,458,219,239,452,217,235,222,104,118,98,45,53,21,7,14,1,0,1,0,0,0,172,172,35,50,40,20,15,10,2,137,87,50,3,145,0,25,27
59406044,0,,,1170,519,651,109,49,60,1053,465,588,533,264,269,1032,453,579,1021,449,572,520,201,319,319,98,221,165,44,121,20,2,18,0,0,0,393,385,87,121,77,74,22,3,1,298,236,62,27,237,1,55,62
59406045,0,,,1423,648,775,137,74,63,1277,568,709,694,351,343,1242,546,696,1221,537,684,583,217,366,332,115,217,138,36,102,18,4,14,4,3,1,540,538,138,170,121,64,30,10,5,393,313,80,40,340,3,94,78
59406046,0,,,148,71,77,9,5,4,138,65,73,66,30,36,136,64,72,134,64,70,72,35,37,31,10,21,12,3,9,2,1,1,0,0,0,53,53,8,23,9,6,2,2,3,45,31,14,3,42,0,6,10
59406047,0,,,33,17,16,0,0,0,33,17,16,14,7,7,33,17,16,32,17,15,19,10,9,13,8,5,2,2,0,1,1,0,0,0,0,10,10,0,2,5,1,2,0,0,10,6,4,0,10,0,0,2
59406048,0,,,28,14,14,1,0,1,27,14,13,14,8,6,27,14,13,25,13,12,13,6,7,6,2,4,5,2,3,0,0,0,0,0,0,8,8,1,1,3,1,1,0,1,7,3,4,1,8,0,1,0
59406050,0,,,74,32,42,10,4,6,61,25,36,43,20,23,59,25,34,59,25,34,18,5,13,5,1,4,1,0,1,0,0,0,3,3,0,30,30,9,10,5,4,0,1,1,21,14,7,4,15,0,4,1
59406051,1,,59406061;59406062,41,21,20,4,2,2,45,22,23,20,11,9,45,22,23,45,22,23,25,11,14,13,5,8,5,2,3,0,0,0,0,0,0,17,17,6,9,2,3,0,0,1,15,12,3,0,17,0,5,5
59406055,1,,59406056,836,392,444,68,38,30,771,355,416,442,221,221,746,338,408,733,331,402,329,134,195,164,50,114,52,10,42,6,0,6,0,0,0,316,316,66,107,63,47,24,7,3,250,164,86,18,222,0,46,49
59406056,2,59406055,,5,3,2,*,*,*,*,*,*,*,*,*,*,*,*,*,*,*,*,*,*,*,*,*,*,*,*,*,*,*,*,*,*,1,1,*,*,*,*,*,*,*,*,*,*,*,*,*,*,*
59406058,1,,59406068,34,15,19,3,2,1,35,15,20,19,8,11,34,15,19,34,15,19,16,7,9,6,2,4,3,1,2,0,0,0,0,0,0,10,10,2,5,1,2,0,0,2,10,7,3,1,10,0,0,2
59406060,0,,,267,124,143,18,7,11,249,117,132,133,63,70,240,114,126,234,111,123,116,54,62,50,21,29,16,7,9,0,0,0,0,0,0,101,101,25,29,23,10,11,2,1,76,50,26,6,79,0,21,18
59406061,2,59406051,,5,3,2,*,*,*,*,*,*,*,*,*,*,*,*,*,*,*,*,*,*,*,*,*,*,*,*,*,*,*,*,*,*,2,2,*,*,*,*,*,*,*,*,*,*,*,*,*,*,*
59406062,2,59406051,,3,0,3,*,*,*,*,*,*,*,*,*,*,*,*,*,*,*,*,*,*,*,*,*,*,*,*,*,*,*,*,*,*,2,2,*,*,*,*,*,*,*,*,*,*,*,*,*,*,*
59406065,0,,,313,139,174,24,9,15,289,130,159,138,69,69,278,125,153,273,122,151,151,61,90,84,31,53,24,8,16,4,0,4,1,0,1,102,101,20,27,19,20,6,3,6,81,44,37,4,86,0,14,16
59406066,0,,,341,153,188,33,15,18,308,138,170,150,71,79,304,135,169,303,135,168,158,67,91,70,21,49,32,10,22,0,0,0,1,0,1,136,136,36,44,35,7,8,3,3,100,74,26,9,103,0,28,25
59406068,2,59406058,,4,2,2,*,*,*,*,*,*,*,*,*,*,*,*,*,*,*,*,*,*,*,*,*,*,*,*,*,*,*,*,*,*,2,2,*,*,*,*,*,*,*,*,*,*,*,*,*,*,*
59406070,0,,,283,139,144,20,11,9,263,128,135,143,79,64,261,127,134,259,127,132,120,49,71,60,22,38,17,4,13,0,0,0,0,0,0,117,117,35,35,22,19,2,3,1,81,56,25,6,84,1,25,15
59406075,0,,,304,143,161,24,12,12,279,130,149,154,74,80,267,125,142,262,121,141,125,56,69,63,24,39,33,12,21,3,2,1,0,0,0,102,101,25,19,32,9,7,6,3,76,52,24,5,66,0,14,9
59406076,0,,,735,331,404,64,33,31,669,296,373,385,183,202,654,289,365,647,289,358,284,113,171,151,48,103,52,14,38,2,1,1,5,3,2,299,299,84,97,54,36,19,7,2,214,151,63,19,196,2,51,48
59406077,2,59406088,,2,1,1,*,*,*,*,*,*,*,*,*,*,*,*,*,*,*,*,*,*,*,*,*,*,*,*,*,*,*,*,*,*,1,1,*,*,*,*,*,*,*,*,*,*,*,*,*,*,*
59406078,0,,,38,12,26,0,0,0,38,12,26,16,6,10,36,12,24,36,12,24,22,6,16,18,4,14,9,2,7,1,1,0,0,0,0,11,10,1,4,2,1,2,0,0,9,6,3,0,7,0,0,3
59406079,0,,,261,121,140,6,4,2,255,117,138,102,58,44,253,117,136,251,117,134,153,59,94,98,29,69,64,17,47,13,2,11,0,0,0,41,39,8,11,6,7,3,4,0,31,16,15,3,34,0,8,9
59406080,0,,,155,72,83,7,2,5,148,70,78,72,36,36,145,68,77,143,68,75,76,34,42,38,19,19,7,3,4,0,0,0,0,0,0,60,60,7,31,12,5,2,2,1,53,40,13,1,50,0,7,15
59406085,0,,,204,102,102,21,14,7,183,88,95,123,62,61,177,85,92,174,83,91,60,26,34,34,10,24,13,3,10,1,0,1,0,0,0,74,73,16,21,16,12,7,1,0,57,42,15,5,37,1,11,9
59406086,0,,,500,234,266,59,31,28,441,203,238,261,131,130,424,196,228,415,191,224,180,72,108,98,32,66,54,13,41,9,2,7,0,0,0,177,176,46,57,31,25,11,3,3,129,101,28,12,87,4,20,25
59406087,0,,,91,42,49,14,6,8,77,36,41,42,21,21,75,35,40,75,35,40,35,15,20,9,3,6,2,1,1,0,0,0,0,0,0,35,35,9,13,6,1,3,2,1,26,19,7,4,25,0,7,9
59406088,1,,59406077,159,80,79,10,4,6,151,77,74,78,46,32,148,75,73,147,75,72,73,31,42,35,16,19,9,3,6,0,0,0,1,0,1,58,58,8,27,10,7,4,1,2,51,38,13,1,45,0,5,13
59406089,0,,,196,93,103,16,10,6,180,83,97,95,46,49,178,82,96,175,79,96,85,37,48,42,13,29,20,6,14,2,1,1,0,0,0,68,68,17,17,9,15,5,2,3,51,28,23,4,53,0,14,8
59406095,0,,,247,128,119,13,6,7,230,118,112,152,83,69,224,116,108,221,114,107,78,35,43,33,15,18,13,5,8,0,0,0,0,0,0,86,86,15,24,24,10,9,2,2,68,47,21,2,49,0,7,9
59406096,0,,,1164,502,662,117,58,59,1043,443,600,585,275,310,1000,423,577,981,416,565,458,168,290,275,85,190,109,26,83,9,1,8,5,3,2,379,378,77,100,95,57,27,15,7,299,213,86,30,246,2,54,47
59406097,0,,,305,149,156,18,9,9,287,140,147,162,85,77,276,137,139,269,135,134,125,55,70,53,18,35,19,7,12,0,0,0,0,0,0,108,108,18,33,26,19,7,3,2,90,62,28,5,81,0,11,20
59406098,0,,,333,166,167,26,14,12,307,152,155,154,82,72,300,148,152,297,146,151,153,70,83,72,31,41,32,10,22,6,1,5,0,0,0,120,120,22,38,30,14,10,3,3,98,58,40,6,90,0,14,21
59406120,0,,,61,27,34,4,3,1,57,24,33,28,13,15,57,24,33,56,24,32,29,11,18,20,6,14,7,1,6,1,0,1,0,0,0,24,24,6,9,4,3,1,0,1,18,12,6,1,19,0,4,4
59406142,0,,,28,17,11,0,0,0,28,17,11,14,11,3,28,17,11,27,16,11,14,6,8,11,5,6,1,0,1,0,0,0,0,0,0,12,12,2,6,2,2,0,0,0,10,9,1,0,9,0,1,3
59406159,2,59406196,,5,2,3,*,*,*,*,*,*,*,*,*,*,*,*,*,*,*,*,*,*,*,*,*,*,*,*,*,*,*,*,*,*,2,2,*,*,*,*,*,*,*,*,*,*,*,*,*,*,*
59406160,0,,,46,17,29,0,0,0,46,17,29,24,9,15,46,17,29,45,17,28,22,8,14,16,5,11,5,2,3,0,0,0,0,0,0,17,17,3,5,4,4,1,0,0,14,7,7,0,15,0,2,3
59406161,0,,,136,66,70,5,1,4,129,64,65,59,30,29,125,63,62,122,62,60,70,34,36,37,17,20,15,7,8,1,0,1,0,0,0,52,52,14,17,10,2,5,3,1,37,23,14,1,46,0,11,11
59406169,2,59406196,,5,1,4,*,*,*,*,*,*,*,*,*,*,*,*,*,*,*,*,*,*,*,*,*,*,*,*,*,*,*,*,*,*,1,1,*,*,*,*,*,*,*,*,*,*,*,*,*,*,*
59406170,1,,59406171;59406181,73,38,35,7,7,0,76,38,38,38,22,16,75,37,38,74,36,38,38,16,22,14,5,9,3,1,2,0,0,0,0,0,0,26,26,7,7,7,6,2,0,1,23,14,9,0,26,0,6,5
59406171,2,59406170,,9,6,3,*,*,*,*,*,*,*,*,*,*,*,*,*,*,*,*,*,*,*,*,*,*,*,*,*,*,*,*,*,*,3,3,*,*,*,*,*,*,*,*,*,*,*,*,*,*,*
59406180,0,,,80,36,44,2,1,1,78,35,43,37,16,21,77,35,42,75,34,41,41,19,22,20,8,12,10,3,7,1,0,1,0,0,0,29,29,7,7,8,3,2,1,1,22,14,8,0,26,0,6,3
59406181,2,59406170,,1,1,0,*,*,*,*,*,*,*,*,*,*,*,*,*,*,*,*,*,*,*,*,*,*,*,*,*,*,*,*,*,*,1,1,*,*,*,*,*,*,*,*,*,*,*,*,*,*,*
59406183,0,,,17,8,9,1,0,1,16,8,8,7,3,4,16,8,8,16,8,8,9,5,4,4,2,2,2,2,0,0,0,0,0,0,0,6,6,1,2,0,3,0,0,0,5,2,3,0,4,0,0,2
59406184,0,,,41,19,22,0,0,0,41,19,22,9,4,5,41,19,22,41,19,22,32,15,17,13,6,7,5,3,2,0,0,0,0,0,0,19,19,5,8,4,2,0,0,0,14,12,2,0,19,0,5,7
59406185,0,,,31,15,16,1,0,1,30,15,15,15,8,7,29,14,15,28,13,15,15,7,8,5,2,3,1,0,1,0,0,0,0,0,0,10,10,1,4,2,2,0,0,1,9,6,3,1,8,0,1,2
59406192,0,,,50,24,26,8,4,4,42,20,22,23,12,11,41,19,22,41,19,22,19,8,11,12,6,6,5,2,3,1,1,0,0,0,0,17,17,3,5,4,3,0,1,1,14,6,8,2,13,0,3,2
59406193,0,,,90,40,50,7,4,3,83,36,47,41,17,24,82,36,46,82,36,46,42,19,23,24,9,15,9,3,6,0,0,0,0,0,0,32,32,5,13,9,1,1,0,3,27,18,9,2,29,0,5,8
59406194,0,,,144,65,79,9,2,7,135,63,72,49,20,29,134,62,72,134,62,72,86,43,43,36,19,17,9,4,5,0,0,0,0,0,0,57,57,13,24,11,2,3,2,2,44,32,12,1,52,0,12,19
59406196,1,,59406159;59406169,22,11,11,1,0,1,31,14,17,14,8,6,31,14,17,31,14,17,17,6,11,15,4,11,3,2,1,0,0,0,1,0,1,10,10,2,6,3,1,1,0,0,11,7,4,0,12,0,1,4
59406197,0,,,41,22,19,3,3,0,38,19,19,17,11,6,37,18,19,37,18,19,21,8,13,13,3,10,6,2,4,1,0,1,0,0,0,21,21,9,8,2,1,0,1,0,12,9,3,0,16,0,7,2
59406199,0,,,43,19,24,1,0,1,42,19,23,11,5,6,42,19,23,42,19,23,31,14,17,18,6,12,11,4,7,0,0,0,0,0,0,21,21,6,10,3,2,0,0,0,15,11,4,0,20,0,6,6
59406376,0,,,135,65,70,15,13,2,120,52,68,55,27,28,119,51,68,117,51,66,65,25,40,47,17,30,20,8,12,0,0,0,0,0,0,58,58,16,24,9,5,2,0,2,42,32,10,2,43,1,11,13
59406377,1,,59406387,8,4,4,1,1,0,20,10,10,5,3,2,20,10,10,19,9,10,15,7,8,4,1,3,3,0,3,0,0,0,0,0,0,5,5,2,3,1,1,0,1,0,6,4,2,0,8,0,2,2
59406385,0,,,77,40,37,0,0,0,77,40,37,30,19,11,77,40,37,77,40,37,47,21,26,29,13,16,9,4,5,0,0,0,0,0,0,37,37,11,16,7,2,1,0,0,26,22,4,0,32,1,8,8
59406386,0,,,281,130,151,16,10,6,265,120,145,101,56,45,261,118,143,261,118,143,164,64,100,112,41,71,68,19,49,18,3,15,0,0,0,101,100,30,36,18,10,3,2,1,70,53,17,1,73,2,21,21
59406387,2,59406377,,13,7,6,*,*,*,*,*,*,*,*,*,*,*,*,*,*,*,*,*,*,*,*,*,*,*,*,*,*,*,*,*,*,3,3,*,*,*,*,*,*,*,*,*,*,*,*,*,*,*
59406395,1,,59406396,61,29,32,1,0,1,69,35,34,30,20,10,69,35,34,69,35,34,39,15,24,22,8,14,5,1,4,0,0,0,0,0,0,29,29,11,13,7,3,0,0,0,23,16,7,0,28,0,9,6
59406396,2,59406395,,9,6,3,*,*,*,*,*,*,*,*,*,*,*,*,*,*,*,*,*,*,*,*,*,*,*,*,*,*,*,*,*,*,5,5,*,*,*,*,*,*,*,*,*,*,*,*,*,*,*
59406398,2,59406399,,2,1,1,*,*,*,*,*,*,*,*,*,*,*,*,*,*,*,*,*,*,*,*,*,*,*,*,*,*,*,*,*,*,1,1,*,*,*,*,*,*,*,*,*,*,*,*,*,*,*
59406399,1,,59406398,26,11,15,1,0,1,27,12,15,7,2,5,27,12,15,27,12,15,20,10,10,4,2,2,1,0,1,0,0,0,1,0,1,14,14,5,7,3,0,0,0,0,10,9,1,0,14,0,5,4
59406406,0,,,23,11,12,0,0,0,23,11,12,9,5,4,23,11,12,23,11,12,14,6,8,9,4,5,5,3,2,0,0,0,1,0,1,10,10,3,3,3,0,1,0,0,7,4,3,0,9,0,3,1
59406416,0,,,24,13,11,2,1,1,22,12,10,11,6,5,21,11,10,21,11,10,11,6,5,3,1,2,3,1,2,0,0,0,0,0,0,11,11,5,2,2,1,1,0,0,6,4,2,1,7,0,3,1
59406426,0,,,22,11,11,1,0,1,21,11,10,12,7,5,20,10,10,20,10,10,9,4,5,5,2,3,3,1,2,0,0,0,0,0,0,10,10,4,4,0,1,0,1,0,6,3,3,0,6,0,2,1
59406435,0,,,12,5,7,0,0,0,12,5,7,7,4,3,12,5,7,12,5,7,5,1,4,5,1,4,2,1,1,0,0,0,0,0,0,6,6,3,1,1,1,0,0,0,3,2,1,0,4,0,1,0
59406436,0,,,32,16,16,1,0,1,31,16,15,19,10,9,30,16,14,30,16,14,12,6,6,7,2,5,3,1,2,0,0,0,0,0,0,13,13,5,4,1,0,2,1,0,8,5,3,0,10,0,4,3
59406490,0,,,12,6,6,0,0,0,12,6,6,0,0,0,12,6,6,12,6,6,12,6,6,6,2,4,5,2,3,0,0,0,0,0,0,5,5,0,3,2,0,0,0,0,5,4,1,0,5,0,0,2
59407005,0,,,433,210,223,30,16,14,387,187,200,210,111,99,380,182,198,377,179,198,177,76,101,93,34,59,40,11,29,0,0,0,0,0,0,152,152,23,46,41,26,7,7,2,125,81,44,9,107,1,13,28
59407006,0,,,137,77,60,21,15,6,116,62,54,92,53,39,109,57,52,104,52,52,24,9,15,12,5,7,4,1,3,0,0,0,0,0,0,52,52,12,14,11,11,4,0,0,39,35,4,2,18,1,8,4
59407007,0,,,205,96,109,11,9,2,194,87,107,101,46,55,188,85,103,184,83,101,93,41,52,46,16,30,14,5,9,1,0,1,0,0,0,75,75,17,23,13,11,8,2,1,58,36,22,0,63,0,14,14
59407008,1,,59407009,166,77,89,10,7,3,162,73,89,82,36,46,157,71,86,156,70,86,80,37,43,42,16,26,23,8,15,1,1,0,0,0,0,57,57,12,14,12,15,2,2,2,47,22,25,2,52,0,11,8
59407009,2,59407008,,6,3,3,*,*,*,*,*,*,*,*,*,*,*,*,*,*,*,*,*,*,*,*,*,*,*,*,*,*,*,*,*,*,2,2,*,*,*,*,*,*,*,*,*,*,*,*,*,*,*
59407015,0,,,229,97,132,11,4,7,218,93,125,107,49,58,214,91,123,210,90,120,111,44,67,52,16,36,11,1,10,0,0,0,0,0,0,78,78,13,19,23,13,5,3,2,65,38,27,2,71,0,10,8
59407016,0,,,14,9,5,0,0,0,14,9,5,4,3,1,14,9,5,14,9,5,10,6,4,7,4,3,4,3,1,0,0,0,0,0,0,5,5,1,0,3,1,0,0,0,4,3,1,0,5,0,1,0
59407017,0,,,96,44,52,6,3,3,90,41,49,55,27,28,88,40,48,88,40,48,35,14,21,19,5,14,9,2,7,0,0,0,0,0,0,34,34,3,14,8,7,0,1,1,31,21,10,2,26,0,2,5
59407018,0,,,57,27,30,0,0,0,57,27,30,29,15,14,57,27,30,57,27,30,28,12,16,15,5,10,6,2,4,0,0,0,0,0,0,21,21,2,8,5,6,0,0,0,19,13,6,0,19,0,1,5
59407019,0,,,143,40,103,0,0,0,143,40,103,1,1,0,143,40,103,143,40,103,142,39,103,128,32,96,94,19,75,23,2,21,0,0,0,5,0,0,0,0,0,0,0,0,0,0,0,0,0,0,0,0
59407025,0,,,517,243,274,31,12,19,486,231,255,242,122,120,476,225,251,473,224,249,244,109,135,115,45,70,30,8,22,1,0,1,1,1,0,216,216,54,83,49,14,7,5,4,161,119,42,10,162,1,40,40
59407026,0,,,963,434,529,60,34,26,903,400,503,504,247,257,885,391,494,867,382,485,399,153,246,201,65,136,63,17,46,6,0,6,3,2,1,383,383,92,130,80,46,25,8,2,290,201,89,18,265,0,64,61
59407027,0,,,116,58,58,3,3,0,113,55,58,46,24,22,110,52,58,108,51,57,67,31,36,32,14,18,11,3,8,1,0,1,0,0,0,42,42,8,14,6,10,2,2,0,34,20,14,2,37,0,6,10
59407028,0,,,111,61,50,6,5,1,105,56,49,46,27,19,99,54,45,99,54,45,59,29,30,30,15,15,13,6,7,0,0,0,0,0,0,45,45,17,10,9,5,0,2,2,28,15,13,2,33,4,6,9
59407029,0,,,556,264,292,39,15,24,517,249,268,273,147,126,505,243,262,499,239,260,244,102,142,144,51,93,55,18,37,1,0,1,1,0,1,217,217,61,67,33,33,14,5,4,156,115,41,12,156,1,39,40
59407035,0,,,865,407,458,74,34,40,789,372,417,387,199,188,775,366,409,765,361,404,402,173,229,193,70,123,73,24,49,4,1,3,1,0,1,355,355,92,133,62,41,16,6,5,261,206,55,13,269,1,71,75
59407036,0,,,1670,774,896,134,63,71,1534,711,823,816,406,410,1485,684,801,1470,680,790,718,305,413,363,135,228,138,48,90,4,2,2,1,0,1,677,674,201,215,112,92,32,19,3,467,365,102,33,467,5,145,108
59407037,0,,,209,86,123,13,7,6,196,79,117,88,42,46,187,75,112,186,75,111,108,37,71,72,22,50,41,9,32,6,0,6,2,1,1,76,75,34,18,13,4,4,1,1,41,29,12,4,40,8,12,10
59407038,0,,,901,440,461,86,41,45,813,397,416,510,269,241,787,380,407,774,374,400,303,128,175,157,60,97,51,16,35,1,0,1,4,1,3,363,362,107,101,76,45,25,5,3,254,200,54,27,213,3,66,39
59407039,0,,,1889,890,999,159,91,68,1723,794,929,900,475,425,1680,771,909,1661,759,902,823,319,504,462,155,307,168,55,113,9,1,8,2,0,2,848,845,297,290,117,96,27,15,3,546,439,107,41,558,22,175,133
59407045,0,,,101,50,51,7,4,3,94,46,48,47,21,26,91,46,45,88,45,43,47,25,22,22,7,15,5,2,3,0,0,0,1,1,0,45,45,13,17,9,3,3,0,0,32,30,2,2,34,0,10,11
59407046,0,,,616,284,332,53,24,29,563,260,303,310,147,163,551,255,296,544,250,294,253,113,140,126,50,76,37,13,24,4,0,4,6,0,6,238,236,54,79,53,31,14,2,3,180,136,44,9,157,5,32,42
59407047,0,,,97,49,48,8,4,4,89,45,44,52,31,21,87,44,43,85,42,43,37,14,23,16,4,12,8,2,6,1,0,1,1,0,1,32,32,6,8,5,8,2,3,0,26,16,10,2,25,0,4,4
59407048,0,,,284,136,148,20,11,9,264,125,139,143,69,74,258,123,135,255,121,134,121,56,65,62,24,38,16,6,10,1,1,0,0,0,0,109,109,26,38,18,15,5,6,1,82,55,27,6,81,0,16,22
59407049,0,,,182,88,94,18,10,8,164,78,86,86,44,42,158,75,83,157,75,82,78,34,44,44,15,29,17,5,12,3,1,2,0,0,0,57,56,6,21,15,8,3,1,2,49,39,10,5,40,0,5,9
59407055,0,,,179,84,95,13,6,7,166,78,88,96,51,45,160,74,86,158,73,85,70,27,43,40,10,30,11,1,10,0,0,0,0,0,0,65,65,15,18,15,10,2,3,2,50,32,18,1,52,0,13,7
59407056,0,,,170,75,95,6,1,5,164,74,90,87,41,46,158,72,86,155,71,84,77,33,44,44,17,27,17,7,10,0,0,0,0,0,0,66,66,15,24,12,9,3,2,1,51,35,16,1,51,0,14,14
59407057,0,,,48,22,26,0,0,0,48,22,26,19,7,12,48,22,26,47,22,25,29,15,14,15,7,8,4,1,3,0,0,0,0,0,0,20,20,2,10,7,0,1,0,0,18,15,3,0,18,0,2,7
59407058,0,,,17,8,9,0,0,0,17,8,9,7,3,4,17,8,9,17,8,9,10,5,5,8,4,4,3,2,1,0,0,0,0,0,0,7,7,1,2,4,0,0,0,0,6,3,3,0,7,0,1,2
59407066,0,,,459,176,283,25,17,8,434,159,275,145,79,66,428,154,274,425,154,271,289,80,209,215,44,171,148,22,126,23,3,20,8,4,4,108,104,12,39,30,12,4,4,3,92,62,30,6,77,0,8,18
59407067,0,,,266,118,148,16,8,8,250,110,140,129,66,63,245,110,135,242,108,134,121,44,77,66,20,46,21,4,17,1,0,1,0,0,0,93,93,13,30,24,12,12,1,1,80,49,31,1,78,0,9,17
59407068,0,,,25,14,11,2,2,0,23,12,11,14,7,7,22,11,11,20,10,10,9,5,4,4,3,1,2,2,0,0,0,0,0,0,0,7,7,1,2,1,1,0,1,1,6,4,2,1,6,0,1,1
59407076,0,,,16,8,8,0,0,0,16,8,8,9,4,5,16,8,8,16,8,8,7,4,3,3,2,1,2,1,1,0,0,0,0,0,0,6,6,0,4,1,0,1,0,0,6,5,1,0,4,0,0,1
59407077,0,,,39,19,20,0,0,0,39,19,20,20,12,8,39,19,20,39,19,20,19,7,12,9,1,8,6,0,6,0,0,0,1,0,1,19,19,7,6,4,2,0,0,0,12,8,4,0,13,0,3,1
59407085,0,,,101,43,58,10,4,6,91,39,52,41,20,21,91,39,52,91,39,52,50,19,31,26,7,19,7,2,5,0,0,0,1,0,1,39,39,7,18,7,3,1,1,2,32,20,12,1,35,0,6,9
59407086,0,,,19,11,8,0,0,0,19,11,8,12,7,5,18,10,8,18,10,8,7,4,3,1,1,0,0,0,0,0,0,0,0,0,0,7,7,0,4,2,0,1,0,0,7,6,1,0,5,0,0,2
59407087,0,,,15,6,9,0,0,0,15,6,9,6,2,4,15,6,9,15,6,9,9,4,5,2,1,1,1,0,1,0,0,0,0,0,0,6,6,1,2,2,1,0,0,0,5,5,0,0,5,0,1,1
59407088,0,,,13,6,7,0,0,0,13,6,7,3,0,3,13,6,7,13,6,7,10,6,4,4,2,2,1,0,1,0,0,0,0,0,0,6,6,1,3,2,0,0,0,0,5,4,1,0,6,0,1,3
59407095,2,59407096,,3,1,2,*,*,*,*,*,*,*,*,*,*,*,*,*,*,*,*,*,*,*,*,*,*,*,*,*,*,*,*,*,*,2,2,*,*,*,*,*,*,*,*,*,*,*,*,*,*,*
59407096,1,,59407095,16,10,6,0,0,0,19,11,8,7,5,2,19,11,8,19,11,8,12,6,6,6,2,4,3,2,1,0,0,0,0,0,0,7,7,3,4,1,0,1,0,0,6,4,2,0,8,0,3,3
59407097,0,,,25,11,14,2,2,0,23,9,14,9,4,5,21,8,13,21,8,13,14,5,9,10,3,7,5,2,3,0,0,0,0,0,0,12,12,7,3,0,0,0,2,0,5,2,3,1,11,0,7,2
59407101,0,,,90,48,42,7,3,4,83,45,38,38,21,17,83,45,38,83,45,38,45,24,21,18,8,10,6,2,4,0,0,0,0,0,0,33,33,8,10,7,3,2,2,1,25,15,10,2,31,0,7,8
59407102,0,,,143,59,84,11,5,6,132,54,78,61,25,36,129,52,77,127,52,75,71,29,42,38,12,26,16,3,13,0,0,0,0,0,0,54,54,12,22,9,5,2,1,3,42,25,17,5,48,0,10,15
59407107,0,,,28,15,13,3,2,1,25,13,12,10,6,4,25,13,12,25,13,12,15,7,8,13,7,6,3,1,2,0,0,0,0,0,0,10,10,4,2,0,3,0,0,1,6,3,3,0,10,0,4,2
59407109,0,,,14,6,8,1,0,1,13,6,7,4,2,2,13,6,7,12,5,7,9,4,5,5,3,2,2,1,1,2,1,1,0,0,0,5,5,0,3,1,0,1,0,0,5,4,1,0,5,0,0,3
59407110,0,,,55,20,35,5,1,4,50,19,31,22,9,13,48,18,30,48,18,30,28,10,18,19,6,13,6,2,4,0,0,0,0,0,0,21,21,8,4,4,2,1,1,1,13,5,8,0,19,0,6,2
59407111,0,,,63,30,33,2,1,1,61,29,32,19,9,10,61,29,32,61,29,32,42,20,22,18,8,10,4,2,2,0,0,0,0,0,0,24,24,3,11,5,3,1,1,0,21,14,7,0,22,0,2,10
59407120,0,,,422,202,220,38,15,23,384,187,197,225,115,110,368,178,190,363,175,188,159,72,87,75,31,44,30,11,19,1,0,1,0,0,0,153,153,31,49,31,23,10,6,3,122,84,38,8,99,1,19,25
59407121,0,,,59,23,36,7,4,3,52,19,33,37,15,22,51,19,32,50,19,31,15,4,11,6,2,4,0,0,0,0,0,0,1,0,1,28,28,8,14,2,3,1,0,0,20,20,0,1,12,0,5,4
59407126,2,59407136,,8,5,3,*,*,*,*,*,*,*,*,*,*,*,*,*,*,*,*,*,*,*,*,*,*,*,*,*,*,*,*,*,*,4,4,*,*,*,*,*,*,*,*,*,*,*,*,*,*,*
59407127,0,,,17,6,11,0,0,0,17,6,11,6,3,3,17,6,11,16,5,11,11,3,8,4,0,4,1,0,1,0,0,0,0,0,0,6,6,1,2,1,1,1,0,0,5,2,3,0,6,0,1,1
59407130,0,,,742,327,415,67,41,26,675,286,389,314,150,164,657,280,377,650,276,374,361,136,225,248,83,165,118,30,88,12,4,8,9,0,9,262,259,72,93,48,27,16,3,0,186,154,32,19,153,1,44,42
59407131,0,,,102,49,53,11,5,6,91,44,47,54,25,29,86,41,45,84,41,43,37,19,18,24,10,14,8,3,5,1,0,1,0,0,0,37,37,10,10,5,7,3,1,1,27,22,5,2,24,0,8,6
59407132,0,,,195,96,99,7,2,5,188,94,94,92,47,45,186,92,94,184,91,93,96,47,49,47,18,29,19,7,12,0,0,0,0,0,0,69,69,12,25,13,6,9,3,1,57,34,23,2,61,0,9,19
59407133,0,,,54,26,28,1,0,1,53,26,27,24,14,10,51,24,27,51,24,27,29,12,17,17,7,10,6,3,3,0,0,0,0,0,0,19,19,4,4,4,5,2,0,0,15,9,6,0,15,0,2,3
59407134,0,,,107,56,51,6,2,4,101,54,47,41,21,20,101,54,47,101,54,47,60,33,27,30,12,18,3,2,1,0,0,0,0,0,0,44,44,10,22,6,2,1,1,2,34,25,9,2,38,0,8,16
59407135,0,,,18,9,9,0,0,0,18,9,9,6,3,3,18,9,9,18,9,9,12,6,6,7,4,3,4,2,2,0,0,0,0,0,0,8,8,3,3,0,1,1,0,0,5,3,2,0,8,0,3,3
59407136,1,,59407126,71,34,37,0,0,0,79,39,40,21,12,9,79,39,40,78,39,39,58,27,31,33,15,18,9,2,7,1,0,1,0,0,0,33,33,11,16,6,3,0,1,0,26,21,5,0,35,0,11,11
59407137,0,,,10,6,4,0,0,0,10,6,4,2,2,0,10,6,4,10,6,4,8,4,4,3,1,2,2,1,1,0,0,0,0,0,0,7,7,5,1,1,0,0,0,0,2,2,0,0,6,0,4,1
59407140,0,,,206,88,118,17,4,13,189,84,105,106,49,57,188,84,104,187,83,104,83,35,48,39,14,25,11,2,9,0,0,0,1,0,1,85,85,23,27,18,13,2,1,1,62,46,16,3,55,1,15,15
59407141,1,,59407150,118,54,64,8,3,5,112,52,60,52,28,24,109,50,59,107,49,58,60,24,36,28,10,18,14,5,9,1,0,1,0,0,0,38,38,4,13,9,5,5,3,0,35,22,13,0,34,0,3,8
59407142,1,,59407143,80,35,45,3,1,2,86,37,49,44,19,25,85,37,48,83,35,48,42,18,24,23,8,15,6,2,4,1,0,1,0,0,0,29,29,7,12,4,6,2,2,0,25,15,10,0,27,0,3,8
59407143,2,59407142,,9,3,6,*,*,*,*,*,*,*,*,*,*,*,*,*,*,*,*,*,*,*,*,*,*,*,*,*,*,*,*,*,*,4,4,*,*,*,*,*,*,*,*,*,*,*,*,*,*,*
59407147,1,,59407148,11,5,6,0,0,0,14,6,8,5,3,2,14,6,8,14,6,8,9,3,6,8,3,5,1,0,1,0,0,0,0,0,0,7,7,4,2,2,0,0,0,0,4,4,0,0,7,0,4,1
59407148,2,59407147,,3,1,2,*,*,*,*,*,*,*,*,*,*,*,*,*,*,*,*,*,*,*,*,*,*,*,*,*,*,*,*,*,*,1,1,*,*,*,*,*,*,*,*,*,*,*,*,*,*,*
59407150,2,59407141,,2,1,1,*,*,*,*,*,*,*,*,*,*,*,*,*,*,*,*,*,*,*,*,*,*,*,*,*,*,*,*,*,*,1,1,*,*,*,*,*,*,*,*,*,*,*,*,*,*,*
59407151,1,,59407152,21,8,13,3,1,2,20,9,11,8,2,6,19,9,10,19,9,10,12,7,5,4,1,3,2,0,2,0,0,0,0,0,0,7,7,4,2,1,1,0,0,1,5,2,3,0,8,0,3,1
59407152,2,59407151,,2,2,0,*,*,*,*,*,*,*,*,*,*,*,*,*,*,*,*,*,*,*,*,*,*,*,*,*,*,*,*,*,*,2,2,*,*,*,*,*,*,*,*,*,*,*,*,*,*,*
59407153,0,,,229,108,121,5,2,3,224,106,118,96,52,44,220,104,116,218,102,116,128,54,74,67,27,40,19,6,13,2,0,2,0,0,0,97,97,27,31,25,10,1,1,2,70,45,25,1,80,0,20,19
59407163,0,,,37,16,21,4,1,3,33,15,18,14,6,8,33,15,18,29,13,16,19,9,10,9,5,4,4,2,2,0,0,0,0,0,0,14,14,6,3,2,0,0,2,1,8,4,4,1,12,0,6,2
59407173,1,,59407183,129,60,69,0,0,0,136,63,73,35,17,18,136,63,73,136,63,73,101,46,55,64,25,39,26,7,19,3,0,3,0,0,0,49,47,14,16,15,2,2,1,0,36,24,12,0,48,0,13,12
59407183,2,59407173,,7,3,4,*,*,*,*,*,*,*,*,*,*,*,*,*,*,*,*,*,*,*,*,*,*,*,*,*,*,*,*,*,*,3,3,*,*,*,*,*,*,*,*,*,*,*,*,*,*,*
59407234,2,59407270,,7,5,2,*,*,*,*,*,*,*,*,*,*,*,*,*,*,*,*,*,*,*,*,*,*,*,*,*,*,*,*,*,*,5,5,*,*,*,*,*,*,*,*,*,*,*,*,*,*,*
59407244,2,59407270,,2,1,1,*,*,*,*,*,*,*,*,*,*,*,*,*,*,*,*,*,*,*,*,*,*,*,*,*,*,*,*,*,*,1,1,*,*,*,*,*,*,*,*,*,*,*,*,*,*,*
59407270,1,,59407234;59407244,6,3,3,0,0,0,15,9,6,3,3,0,15,9,6,15,9,6,12,6,6,10,4,6,6,3,3,0,0,0,0,0,0,3,3,3,6,0,0,0,0,0,6,6,0,0,8,0,2,4
59407304,2,59407313,,7,5,2,*,*,*,*,*,*,*,*,*,*,*,*,*,*,*,*,*,*,*,*,*,*,*,*,*,*,*,*,*,*,3,3,*,*,*,*,*,*,*,*,*,*,*,*,*,*,*
59407309,2,59407313,,4,2,2,*,*,*,*,*,*,*,*,*,*,*,*,*,*,*,*,*,*,*,*,*,*,*,*,*,*,*,*,*,*,2,2,*,*,*,*,*,*,*,*,*,*,*,*,*,*,*
59407312,1,,59407322;59407323,14,6,8,0,0,0,23,10,13,9,6,3,23,10,13,23,10,13,14,4,10,9,1,8,3,0,3,0,0,0,0,0,0,8,8,7,6,0,1,0,0,0,7,6,1,0,11,0,5,2
59407313,1,,59407304;59407309;59407319;59407348;59407349,22,10,12,0,0,0,39,19,20,13,8,5,39,19,20,39,19,20,26,11,15,13,4,9,7,2,5,1,0,1,0,0,0,8,8,7,4,5,1,1,0,0,11,8,3,0,16,0,7,2
59407319,2,59407313,,1,0,1,*,*,*,*,*,*,*,*,*,*,*,*,*,*,*,*,*,*,*,*,*,*,*,*,*,*,*,*,*,*,1,1,*,*,*,*,*,*,*,*,*,*,*,*,*,*,*
59407321,1,,59407332,113,51,62,7,5,2,109,47,62,45,20,25,105,46,59,105,46,59,64,27,37,32,11,21,14,6,8,0,0,0,1,0,1,49,49,16,16,9,6,1,2,0,34,26,8,3,42,0,14,12
59407322,2,59407312,,2,1,1,*,*,*,*,*,*,*,*,*,*,*,*,*,*,*,*,*,*,*,*,*,*,*,*,*,*,*,*,*,*,2,2,*,*,*,*,*,*,*,*,*,*,*,*,*,*,*
59407323,2,59407312,,7,3,4,*,*,*,*,*,*,*,*,*,*,*,*,*,*,*,*,*,*,*,*,*,*,*,*,*,*,*,*,*,*,4,4,*,*,*,*,*,*,*,*,*,*,*,*,*,*,*
59407332,2,59407321,,3,1,2,*,*,*,*,*,*,*,*,*,*,*,*,*,*,*,*,*,*,*,*,*,*,*,*,*,*,*,*,*,*,1,1,*,*,*,*,*,*,*,*,*,*,*,*,*,*,*
59407333,0,,,23,11,12,2,2,0,21,9,12,6,3,3,20,8,12,20,8,12,15,6,9,10,4,6,2,1,1,1,0,1,0,0,0,9,9,1,6,0,0,2,0,0,8,6,2,1,9,0,1,5
59407343,0,,,24,12,12,0,0,0,24,12,12,9,5,4,24,12,12,24,12,12,15,7,8,5,1,4,2,0,2,0,0,0,0,0,0,12,12,5,3,3,1,0,0,0,7,4,3,0,11,0,5,2
59407348,2,59407313,,2,1,1,*,*,*,*,*,*,*,*,*,*,*,*,*,*,*,*,*,*,*,*,*,*,*,*,*,*,*,*,*,*,2,2,*,*,*,*,*,*,*,*,*,*,*,*,*,*,*
59407349,2,59407313,,3,1,2,*,*,*,*,*,*,*,*,*,*,*,*,*,*,*,*,*,*,*,*,*,*,*,*,*,*,*,*,*,*,2,2,*,*,*,*,*,*,*,*,*,*,*,*,*,*,*
59407353,1,,59407364,14,6,8,0,0,0,15,6,9,5,3,2,15,6,9,15,6,9,10,3,7,7,1,6,4,0,4,1,0,1,0,0,0,8,8,6,1,1,1,0,0,0,3,2,1,0,8,0,5,1
59407362,0,,,12,7,5,3,2,1,9,5,4,5,3,2,9,5,4,8,4,4,4,2,2,2,1,1,0,0,0,0,0,0,0,0,0,4,4,1,1,1,0,0,1,0,3,3,0,0,3,0,1,1
59407364,2,59407353,,1,0,1,*,*,*,*,*,*,*,*,*,*,*,*,*,*,*,*,*,*,*,*,*,*,*,*,*,*,*,*,*,*,1,1,*,*,*,*,*,*,*,*,*,*,*,*,*,*,*
59407372,0,,,167,89,78,1,1,0,166,88,78,77,46,31,166,88,78,165,88,77,89,42,47,59,25,34,22,12,10,2,1,1,1,1,0,78,78,24,29,16,8,1,0,0,54,38,16,0,60,0,17,16
59407382,0,,,71,33,38,2,1,1,69,32,37,31,15,16,67,31,36,67,31,36,38,17,21,21,7,14,6,2,4,0,0,0,0,0,0,35,35,16,8,7,2,2,0,0,19,14,5,1,27,0,12,4
59407392,0,,,403,191,212,23,15,8,380,176,204,158,86,72,372,171,201,367,170,197,222,90,132,128,44,84,45,12,33,5,1,4,1,1,0,201,200,81,70,29,15,4,1,0,116,95,21,5,151,2,63,41
59407400,1,,59407461,46,24,22,2,1,1,45,24,21,21,13,8,45,24,21,43,24,19,24,11,13,15,7,8,3,2,1,0,0,0,1,0,1,20,20,4,12,3,1,0,1,0,17,13,4,1,15,0,1,5
59407401,0,,,20,11,9,3,3,0,17,8,9,6,3,3,17,8,9,17,8,9,11,5,6,5,3,2,0,0,0,0,0,0,0,0,0,10,10,3,6,0,0,1,0,0,7,7,0,0,6,1,0,5
59407402,0,,,42,21,21,4,2,2,38,19,19,15,7,8,38,19,19,38,19,19,23,12,11,9,2,7,4,0,4,0,0,0,0,0,0,17,17,3,9,4,0,0,0,1,14,10,4,1,14,0,1,5
59407403,0,,,20,8,12,0,0,0,20,8,12,5,2,3,20,8,12,20,8,12,15,6,9,9,4,5,2,0,2,0,0,0,0,0,0,11,11,4,5,2,0,0,0,0,7,5,2,0,10,0,4,4
59407461,2,59407400,,1,1,0,*,*,*,*,*,*,*,*,*,*,*,*,*,*,*,*,*,*,*,*,*,*,*,*,*,*,*,*,*,*,1,1,*,*,*,*,*,*,*,*,*,*,*,*,*,*,*
59407557,0,,,76,50,26,0,0,0,76,50,26,63,41,22,76,50,26,71,49,22,13,9,4,2,1,1,0,0,0,0,0,0,0,0,0,76,76,76,0,0,0,0,0,0,0,0,0,0,13,7,13,0
59407665,0,,,15,9,6,0,0,0,15,9,6,10,6,4,15,9,6,15,9,6,5,3,2,0,0,0,0,0,0,0,0,0,0,0,0,15,15,15,0,0,0,0,0,0,0,0,0,0,5,1,5,0
60390506,0,,,52,26,26,0,0,0,52,26,26,24,12,12,52,26,26,52,26,26,28,14,14,12,5,7,9,3,6,1,0,1,0,0,0,23,23,6,10,3,3,1,0,0,17,13,4,0,17,0,2,5
60390701,0,,,10,6,4,0,0,0,10,6,4,4,4,0,10,6,4,10,6,4,6,2,4,4,1,3,3,1,2,0,0,0,0,0,0,5,5,1,3,1,0,0,0,0,4,3,1,0,4,0,1,1
60390702,0,,,26,13,13,0,0,0,26,13,13,10,4,6,26,13,13,26,13,13,16,9,7,7,4,3,3,2,1,0,0,0,0,0,0,12,12,2,6,4,0,0,0,0,10,9,1,0,10,0,1,6
60390703,0,,,22,11,11,0,0,0,22,11,11,5,4,1,22,11,11,22,11,11,17,7,10,8,3,5,4,1,3,1,0,1,0,0,0,9,9,3,3,0,2,1,0,0,6,4,2,0,9,0,3,3
60390704,0,,,67,34,33,0,0,0,67,34,33,31,20,11,66,33,33,64,31,33,36,14,22,16,6,10,8,1,7,1,0,1,0,0,0,26,26,8,6,6,2,3,1,0,18,8,10,0,22,0,6,2
60390706,0,,,231,117,114,0,0,0,231,117,114,231,117,114,231,117,114,146,77,69,0,0,0,0,0,0,0,0,0,0,0,0,0,0,0,2,0,0,0,0,0,0,0,0,0,0,0,0,0,0,0,0
60390713,0,,,13,6,7,0,0,0,13,6,7,6,3,3,13,6,7,13,6,7,7,3,4,3,1,2,0,0,0,0,0,0,0,0,0,6,6,1,3,2,0,0,0,0,5,5,0,0,5,0,1,1
60390714,0,,,235,122,113,11,6,5,224,116,108,108,59,49,220,113,107,218,113,105,116,57,59,62,29,33,15,8,7,0,0,0,0,0,0,102,102,23,44,22,9,2,2,0,79,60,19,1,77,0,16,24
60390716,0,,,509,248,261,72,34,38,430,210,220,279,142,137,414,202,212,411,200,211,151,68,83,73,37,36,13,6,7,0,0,0,1,0,1,167,167,31,45,34,22,18,12,5,135,85,50,21,87,5,8,13
60390717,0,,,18,10,8,3,3,0,15,7,8,8,4,4,14,7,7,14,7,7,7,3,4,1,0,1,0,0,0,0,0,0,0,0,0,4,4,0,1,1,1,0,0,1,4,2,2,1,4,0,0,1
60390723,0,,,202,97,105,11,7,4,191,90,101,100,48,52,190,90,100,190,90,100,91,42,49,46,19,27,15,4,11,0,0,0,0,0,0,73,73,17,18,17,13,4,2,2,56,32,24,2,62,0,14,10
60390724,0,,,73,36,37,6,4,2,67,32,35,36,18,18,65,32,33,65,32,33,31,14,17,17,8,9,3,1,2,0,0,0,0,0,0,32,32,6,16,6,3,1,0,0,26,23,3,0,20,0,2,9
60390726,0,,,952,488,464,112,70,42,834,415,419,479,257,222,800,399,401,795,397,398,355,158,197,201,92,109,54,27,27,2,1,1,5,0,5,275,275,34,56,64,51,28,28,14,238,116,122,26,216,1,21,26
60390727,0,,,659,324,335,66,36,30,591,286,305,352,179,173,571,275,296,559,272,287,239,107,132,144,65,79,35,16,19,1,0,1,3,3,0,180,180,18,38,32,34,27,21,10,160,67,93,13,151,3,10,18
60390733,0,,,87,40,47,5,1,4,82,39,43,42,23,19,82,39,43,82,39,43,40,16,24,20,5,15,11,2,9,1,0,1,0,0,0,34,34,12,9,2,8,1,1,1,22,11,11,1,28,0,10,3
60390734,0,,,99,51,48,5,2,3,94,49,45,49,28,21,92,49,43,91,49,42,45,21,24,23,10,13,6,3,3,0,0,0,0,0,0,44,44,12,17,9,4,2,0,0,32,27,5,1,34,1,9,7
60390736,0,,,386,175,211,62,36,26,321,138,183,183,92,91,313,133,180,307,131,176,138,46,92,97,32,65,60,18,42,8,0,8,10,7,3,125,123,44,26,18,14,14,5,2,79,59,20,15,49,10,10,11
60390737,0,,,256,138,118,35,22,13,218,113,105,154,84,70,207,106,101,202,102,100,64,29,35,42,18,24,7,2,5,0,0,0,0,0,0,86,86,23,17,13,16,8,7,2,63,39,24,9,44,0,6,9
60390743,0,,,48,26,22,0,0,0,48,26,22,37,19,18,48,26,22,48,26,22,11,7,4,2,1,1,0,0,0,0,0,0,0,0,0,1,0,0,0,0,0,0,0,0,0,0,0,0,0,0,0,0
60390744,0,,,172,88,84,5,1,4,167,87,80,110,63,47,167,87,80,166,87,79,57,24,33,25,9,16,9,2,7,0,0,0,0,0,0,40,39,8,16,9,4,1,0,1,31,24,7,2,27,0,5,6
60390745,0,,,195,89,106,24,12,12,170,76,94,99,51,48,165,74,91,162,73,89,71,25,46,32,10,22,7,1,6,2,0,2,0,0,0,62,62,14,15,10,8,8,3,4,48,25,23,6,49,0,10,6
60390754,0,,,11,5,6,0,0,0,11,5,6,5,1,4,9,4,5,9,4,5,6,4,2,1,1,0,0,0,0,0,0,0,0,0,0,4,4,1,1,0,2,0,0,0,3,1,2,0,4,0,1,1
60390755,0,,,45,22,23,1,0,1,44,22,22,19,11,8,43,22,21,42,21,21,25,11,14,11,3,8,4,1,3,0,0,0,0,0,0,19,19,7,3,5,3,1,0,0,12,9,3,1,15,0,6,3
60390756,2,60390766,,2,1,1,*,*,*,*,*,*,*,*,*,*,*,*,*,*,*,*,*,*,*,*,*,*,*,*,*,*,*,*,*,*,2,2,*,*,*,*,*,*,*,*,*,*,*,*,*,*,*
60390766,1,,60390756,113,54,59,3,2,1,112,53,59,60,29,31,108,50,58,107,50,57,52,24,28,26,11,15,10,5,5,0,0,0,0,0,0,45,45,12,17,10,4,2,1,1,34,24,10,0,38,0,9,10
60390776,0,,,164,77,87,18,10,8,146,67,79,78,38,40,146,67,79,145,66,79,68,29,39,31,10,21,14,4,10,1,1,0,0,0,0,60,60,8,21,21,4,2,3,1,52,36,16,4,47,0,6,8
60390786,0,,,114,51,63,8,4,4,106,47,59,50,24,26,105,47,58,105,47,58,56,23,33,30,10,20,9,2,7,0,0,0,0,0,0,39,39,6,12,9,7,2,2,1,33,18,15,2,36,0,5,9
60390787,0,,,15,6,9,0,0,0,15,6,9,8,3,5,14,6,8,14,6,8,7,3,4,2,0,2,0,0,0,0,0,0,0,0,0,5,5,0,3,0,1,1,0,0,5,3,2,0,5,0,0,3
60390797,0,,,265,132,133,16,5,11,249,127,122,123,66,57,247,126,121,244,124,120,126,61,65,59,24,35,30,13,17,0,0,0,0,0,0,98,98,23,31,22,11,2,6,3,75,47,28,4,80,0,15,18
60391707,2,60391718,,11,5,6,*,*,*,*,*,*,*,*,*,*,*,*,*,*,*,*,*,*,*,*,*,*,*,*,*,*,*,*,*,*,4,4,*,*,*,*,*,*,*,*,*,*,*,*,*,*,*
60391717,2,60391727,,1,1,0,*,*,*,*,*,*,*,*,*,*,*,*,*,*,*,*,*,*,*,*,*,*,*,*,*,*,*,*,*,*,1,1,*,*,*,*,*,*,*,*,*,*,*,*,*,*,*
60391718,1,,60391707,460,229,231,43,23,20,428,211,217,245,128,117,413,202,211,405,199,206,183,83,100,95,40,55,29,10,19,1,0,1,0,0,0,179,178,44,57,39,27,10,5,0,138,104,34,8,125,0,35,23
60391727,1,,60391717,408,199,209,23,9,14,386,191,195,199,103,96,378,187,191,373,184,189,187,88,99,96,45,51,20,8,12,1,0,1,1,0,1,160,160,36,61,30,18,10,4,2,125,86,39,4,126,0,25,30
60391728,1,,60391738,689,330,359,45,27,18,656,308,348,356,187,169,645,302,343,636,295,341,300,121,179,166,54,112,63,14,49,4,0,4,1,1,0,275,274,64,104,55,35,14,5,0,213,166,47,12,192,0,48,47
60391729,0,,,396,174,222,25,11,14,371,163,208,176,86,90,361,160,201,358,158,200,195,77,118,125,47,78,58,15,43,10,0,10,17,0,17,147,144,40,49,31,11,7,4,2,104,82,22,3,96,1,19,29
60391738,2,60391728,,12,5,7,*,*,*,*,*,*,*,*,*,*,*,*,*,*,*,*,*,*,*,*,*,*,*,*,*,*,*,*,*,*,3,3,*,*,*,*,*,*,*,*,*,*,*,*,*,*,*
60391769,0,,,127,63,64,8,5,3,119,58,61,62,34,28,118,57,61,117,56,61,57,24,33,28,9,19,13,4,9,0,0,0,0,0,0,47,47,10,13,13,6,3,1,1,37,22,15,2,38,0,8,4
60391779,1,,60391789,39,20,19,0,0,0,43,23,20,22,13,9,41,21,20,41,21,20,21,10,11,7,3,4,1,1,0,0,0,0,0,0,0,13,13,2,4,2,4,1,1,0,11,6,5,0,11,1,0,2
60391789,2,60391779,,4,3,1,*,*,*,*,*,*,*,*,*,*,*,*,*,*,*,*,*,*,*,*,*,*,*,*,*,*,*,*,*,*,1,1,*,*,*,*,*,*,*,*,*,*,*,*,*,*,*
60394759,0,,,160,71,89,18,5,13,142,66,76,75,39,36,138,63,75,137,62,75,67,27,40,30,10,20,10,3,7,1,0,1,0,0,0,67,67,17,27,11,8,2,0,2,50,40,10,4,47,0,14,13
60394769,0,,,16,9,7,3,2,1,13,7,6,7,3,4,13,7,6,13,7,6,6,4,2,1,1,0,0,0,0,0,0,0,0,0,0,6,6,2,1,1,1,1,0,0,4,3,1,1,4,0,1,1
60394778,0,,,75,37,38,2,2,0,73,35,38,36,16,20,71,35,36,70,35,35,37,19,18,18,8,10,7,2,5,0,0,0,0,0,0,32,32,9,11,8,2,1,0,1,22,12,10,0,26,0,5,4
60394786,0,,,24,14,10,0,0,0,24,14,10,9,5,4,24,14,10,24,14,10,15,9,6,7,4,3,0,0,0,0,0,0,0,0,0,11,11,2,6,2,1,0,0,0,9,8,1,0,10,0,2,4
60394787,0,,,504,246,258,23,11,12,481,235,246,232,122,110,471,229,242,464,226,238,249,113,136,135,52,83,43,17,26,3,1,2,1,0,1,213,213,56,82,38,22,10,4,1,157,118,39,7,165,0,39,44
60394788,0,,,32,15,17,0,0,0,32,15,17,18,9,9,32,15,17,32,15,17,14,6,8,8,3,5,4,2,2,0,0,0,0,0,0,12,12,2,3,5,1,1,0,0,10,6,4,0,10,0,1,2
60394797,0,,,18,8,10,2,1,1,16,7,9,6,2,4,16,7,9,16,7,9,10,5,5,4,1,3,1,0,1,0,0,0,0,0,0,8,8,4,1,1,1,1,0,0,4,2,2,0,7,0,3,1
60400006,0,,,241,112,129,9,5,4,232,107,125,105,57,48,230,106,124,229,106,123,127,50,77,74,23,51,31,5,26,5,0,5,0,0,0,92,91,22,32,19,11,5,2,0,69,45,24,1,70,0,18,17
60400008,0,,,27,15,12,1,1,0,26,14,12,13,7,6,26,14,12,26,14,12,13,7,6,6,4,2,5,3,2,0,0,0,0,0,0,10,10,2,3,2,2,1,0,0,8,4,4,0,7,0,0,1
60400016,0,,,86,33,53,3,1,2,83,32,51,47,21,26,81,32,49,80,31,49,36,11,25,29,8,21,8,1,7,0,0,0,0,0,0,32,32,7,8,11,1,4,1,0,25,12,13,0,26,0,6,4
60400026,0,,,49,21,28,5,1,4,44,20,24,23,12,11,43,20,23,43,20,23,21,8,13,8,1,7,2,0,2,0,0,0,0,0,0,21,21,7,5,5,3,1,0,0,14,9,5,0,16,0,5,2
60400036,0,,,238,116,122,20,14,6,218,102,116,111,58,53,211,97,114,209,96,113,107,44,63,50,19,31,12,5,7,0,0,0,1,0,1,93,93,21,37,11,13,8,3,0,72,48,24,3,70,1,13,18
60400045,2,60400046,,8,3,5,*,*,*,*,*,*,*,*,*,*,*,*,*,*,*,*,*,*,*,*,*,*,*,*,*,*,*,*,*,*,2,2,*,*,*,*,*,*,*,*,*,*,*,*,*,*,*
60400046,1,,60400045,843,379,464,65,27,38,786,355,431,366,186,180,766,341,425,757,338,419,420,169,251,253,87,166,116,20,96,8,0,8,10,8,2,306,304,78,101,59,38,15,9,6,224,160,64,14,229,7,52,63
60400047,0,,,174,70,104,1,1,0,173,69,104,43,26,17,170,67,103,170,67,103,130,43,87,97,26,71,64,15,49,9,2,7,0,0,0,29,27,8,7,2,5,1,4,0,19,10,9,0,24,0,6,4
60400048,0,,,32,15,17,2,1,1,30,14,16,18,9,9,30,14,16,29,14,15,12,5,7,2,1,1,0,0,0,0,0,0,0,0,0,12,12,2,4,4,1,0,1,0,10,7,3,0,8,0,0,2
60400056,0,,,1115,493,622,129,59,70,985,433,552,559,265,294,951,416,535,940,411,529,426,168,258,235,76,159,85,27,58,1,0,1,1,0,1,433,431,103,151,86,57,19,11,4,324,257,67,30,274,1,73,72
60400057,0,,,40,19,21,4,2,2,36,17,19,20,8,12,35,17,18,34,17,17,16,9,7,10,5,5,7,4,3,1,1,0,0,0,0,15,15,4,4,4,1,1,0,1,11,8,3,1,10,0,3,2
60400065,0,,,71,31,40,7,1,6,64,30,34,25,10,15,63,30,33,63,30,33,39,20,19,24,10,14,10,5,5,1,0,1,0,0,0,27,27,6,9,7,2,2,0,1,21,12,9,3,25,0,6,7
60400066,1,,60400076,282,123,159,13,7,6,270,117,153,132,58,74,261,112,149,256,111,145,138,59,79,79,29,50,32,8,24,1,0,1,0,0,0,114,113,34,36,22,12,8,1,1,79,54,25,1,83,1,23,15
60400067,0,,,39,16,23,1,0,1,38,16,22,18,8,10,38,16,22,37,16,21,20,8,12,11,4,7,4,0,4,1,0,1,0,0,0,14,14,1,6,3,3,1,0,0,13,7,6,0,13,0,1,3
60400068,2,60400078,,10,5,5,*,*,*,*,*,*,*,*,*,*,*,*,*,*,*,*,*,*,*,*,*,*,*,*,*,*,*,*,*,*,3,3,*,*,*,*,*,*,*,*,*,*,*,*,*,*,*
60400075,0,,,210,101,109,19,10,9,191,91,100,90,48,42,189,90,99,187,90,97,101,43,58,44,17,27,19,4,15,1,0,1,0,0,0,78,78,17,30,7,15,5,2,2,61,38,23,5,67,0,14,19
60400076,2,60400066,,1,1,0,*,*,*,*,*,*,*,*,*,*,*,*,*,*,*,*,*,*,*,*,*,*,*,*,*,*,*,*,*,*,1,1,*,*,*,*,*,*,*,*,*,*,*,*,*,*,*
60400077,0,,,51,21,30,4,2,2,47,19,28,20,8,12,43,18,25,42,18,24,27,11,16,16,7,9,8,4,4,0,0,0,0,0,0,17,17,4,6,1,2,1,2,1,13,7,6,1,16,0,4,5
60400078,1,,60400068,15,6,9,1,0,1,24,11,13,12,8,4,23,10,13,23,10,13,12,3,9,6,1,5,3,1,2,0,0,0,0,0,0,6,6,4,1,1,0,2,1,0,5,1,4,1,8,0,3,0
60400085,1,,60400086,134,56,78,5,3,2,131,54,77,67,30,37,126,53,73,126,53,73,64,24,40,33,9,24,8,2,6,0,0,0,0,0,0,48,48,8,16,14,6,1,3,1,41,25,16,1,44,0,8,7
60400086,2,60400085,,2,1,1,*,*,*,*,*,*,*,*,*,*,*,*,*,*,*,*,*,*,*,*,*,*,*,*,*,*,*,*,*,*,1,1,*,*,*,*,*,*,*,*,*,*,*,*,*,*,*
60400087,0,,,50,24,26,0,0,0,50,24,26,29,14,15,49,24,25,49,24,25,21,10,11,8,4,4,4,2,2,1,0,1,2,0,2,20,20,2,10,5,2,1,0,0,18,13,5,0,12,0,0,4
60400093,0,,,10,5,5,1,1,0,9,4,5,7,4,3,9,4,5,9,4,5,2,0,2,1,0,1,1,0,1,0,0,0,0,0,0,4,4,1,1,1,1,0,0,0,3,3,0,0,2,0,1,0
60400094,0,,,90,45,45,4,0,4,86,45,41,47,25,22,85,44,41,84,43,41,39,20,19,24,9,15,6,1,5,0,0,0,0,0,0,29,29,3,8,8,5,3,2,0,26,14,12,0,24,0,2,6
60400095,0,,,62,27,35,6,3,3,56,24,32,29,13,16,55,24,31,54,24,30,27,11,16,16,5,11,4,2,2,0,0,0,0,0,0,20,20,2,9,4,1,1,1,2,18,10,8,0,18,0,1,3
60400096,0,,,67,34,33,5,3,2,62,31,31,31,16,15,62,31,31,62,31,31,31,15,16,11,6,5,3,1,2,0,0,0,0,0,0,29,28,8,11,4,4,1,0,0,20,18,2,1,20,0,5,6
60400097,0,,,319,144,175,8,7,1,311,137,174,117,67,50,309,135,174,306,133,173,194,70,124,132,38,94,71,12,59,8,1,7,0,0,0,57,53,21,17,8,4,2,1,0,31,26,5,1,41,0,15,9
60400098,0,,,36,18,18,6,3,3,30,15,15,15,7,8,30,15,15,30,15,15,15,8,7,5,3,2,0,0,0,0,0,0,0,0,0,15,15,4,6,1,3,1,0,0,11,9,2,2,11,0,4,4
60400100,0,,,12,5,7,1,0,1,11,5,6,2,1,1,10,4,6,10,4,6,9,4,5,6,3,3,0,0,0,0,0,0,0,0,0,5,5,1,3,0,0,1,0,0,4,3,1,0,5,0,1,3
60400110,2,60400120,,5,3,2,*,*,*,*,*,*,*,*,*,*,*,*,*,*,*,*,*,*,*,*,*,*,*,*,*,*,*,*,*,*,2,2,*,*,*,*,*,*,*,*,*,*,*,*,*,*,*
60400120,1,,60400110,22,10,12,0,0,0,27,13,14,13,8,5,27,13,14,27,13,14,14,5,9,8,2,6,3,2,1,0,0,0,0,0,0,10,10,2,5,5,0,0,0,0,10,5,5,0,11,0,2,2
60400130,0,,,27,13,14,0,0,0,27,13,14,12,7,5,27,13,14,27,13,14,15,6,9,10,5,5,3,1,2,1,1,0,0,0,0,11,11,1,6,2,2,0,0,0,10,6,4,0,9,0,1,4
60400140,0,,,22,9,13,0,0,0,22,9,13,5,3,2,22,9,13,22,9,13,17,6,11,12,5,7,5,1,4,0,0,0,0,0,0,12,12,4,6,2,0,0,0,0,8,7,1,0,11,0,3,4
60400141,0,,,10,4,6,0,0,0,10,4,6,5,1,4,10,4,6,10,4,6,5,3,2,2,2,0,0,0,0,0,0,0,0,0,0,4,4,0,3,0,1,0,0,0,4,4,0,0,4,0,0,1
60400151,0,,,28,14,14,0,0,0,28,14,14,17,10,7,28,14,14,28,14,14,11,4,7,6,2,4,1,1,0,0,0,0,0,0,0,12,12,3,7,0,1,0,0,1,9,7,2,0,9,0,2,2
60400152,0,,,90,44,46,6,2,4,84,42,42,37,21,16,83,41,42,83,41,42,47,21,26,24,10,14,7,1,6,1,0,1,0,0,0,34,34,7,13,8,3,0,2,1,27,17,10,1,30,0,6,8
60400153,0,,,43,22,21,0,0,0,43,22,21,8,3,5,43,22,21,43,22,21,35,19,16,17,10,7,10,5,5,0,0,0,0,0,0,25,25,11,10,4,0,0,0,0,14,12,2,0,24,0,11,9
60400154,0,,,50,19,31,0,0,0,50,19,31,11,3,8,50,19,31,50,19,31,39,16,23,24,7,17,8,2,6,1,0,1,0,0,0,31,31,15,15,0,0,1,0,0,16,14,2,0,29,0,14,9
60400161,0,,,23,13,10,2,1,1,21,12,9,13,8,5,21,12,9,21,12,9,8,4,4,2,1,1,0,0,0,0,0,0,0,0,0,11,11,5,3,2,0,0,1,0,6,5,1,1,6,0,3,1
60400162,0,,,45,17,28,1,0,1,44,17,27,14,6,8,44,17,27,43,17,26,30,11,19,16,7,9,4,1,3,1,0,1,0,0,0,24,24,11,7,5,0,1,0,0,13,10,3,0,23,0,11,3
60400171,2,60400172,,7,5,2,*,*,*,*,*,*,*,*,*,*,*,*,*,*,*,*,*,*,*,*,*,*,*,*,*,*,*,*,*,*,5,5,*,*,*,*,*,*,*,*,*,*,*,*,*,*,*
60400172,1,,60400171,20,8,12,0,0,0,27,13,14,6,4,2,26,13,13,26,13,13,21,9,12,13,6,7,4,2,2,0,0,0,0,0,0,11,11,10,3,2,0,1,0,0,6,5,1,0,15,0,9,3
60400180,0,,,53,30,23,1,1,0,52,29,23,22,12,10,52,29,23,51,28,23,30,17,13,18,8,10,2,1,1,0,0,0,0,0,0,24,24,10,6,3,4,0,1,0,14,9,5,0,23,0,10,3
60400181,0,,,90,44,46,4,0,4,86,44,42,39,22,17,83,44,39,82,43,39,47,22,25,20,9,11,8,3,5,0,0,0,0,0,0,35,35,8,14,5,4,2,1,1,27,18,9,0,29,0,6,6
60400182,0,,,39,20,19,0,0,0,39,20,19,17,10,7,38,20,18,37,20,17,22,10,12,10,3,7,6,2,4,0,0,0,0,0,0,16,16,6,3,4,1,1,1,0,10,5,5,0,16,0,6,1
60400190,0,,,11,6,5,0,0,0,11,6,5,5,4,1,11,6,5,11,6,5,6,2,4,5,1,4,2,1,1,0,0,0,0,0,0,7,7,4,2,1,0,0,0,0,3,2,1,0,5,0,2,1
60400191,0,,,51,27,24,4,4,0,47,23,24,25,14,11,46,22,24,45,21,24,22,9,13,12,5,7,4,0,4,0,0,0,0,0,0,21,21,8,4,4,4,0,0,1,13,7,6,1,16,0,7,2
60400202,1,,60400203;60400212,16,7,9,0,0,0,23,10,13,2,1,1,23,10,13,23,10,13,21,9,12,7,3,4,3,0,3,0,0,0,0,0,0,8,8,4,8,1,0,0,0,0,9,8,1,0,13,0,4,7
60400203,2,60400202,,2,1,1,*,*,*,*,*,*,*,*,*,*,*,*,*,*,*,*,*,*,*,*,*,*,*,*,*,*,*,*,*,*,1,1,*,*,*,*,*,*,*,*,*,*,*,*,*,*,*
60400212,2,60400202,,5,2,3,*,*,*,*,*,*,*,*,*,*,*,*,*,*,*,*,*,*,*,*,*,*,*,*,*,*,*,*,*,*,4,4,*,*,*,*,*,*,*,*,*,*,*,*,*,*,*
60400231,1,,60400232,108,51,57,4,2,2,108,51,57,41,20,21,108,51,57,108,51,57,67,31,36,44,19,25,19,9,10,0,0,0,1,0,1,51,51,18,18,9,5,1,1,0,34,26,8,1,47,1,15,9
60400232,2,60400231,,4,2,2,*,*,*,*,*,*,*,*,*,*,*,*,*,*,*,*,*,*,*,*,*,*,*,*,*,*,*,*,*,*,1,1,*,*,*,*,*,*,*,*,*,*,*,*,*,*,*
60400235,2,60400245,,6,4,2,*,*,*,*,*,*,*,*,*,*,*,*,*,*,*,*,*,*,*,*,*,*,*,*,*,*,*,*,*,*,1,1,*,*,*,*,*,*,*,*,*,*,*,*,*,*,*
60400241,0,,,28,12,16,0,0,0,28,12,16,13,5,8,28,12,16,28,12,16,15,7,8,8,2,6,3,1,2,0,0,0,1,0,1,14,14,4,6,4,0,0,0,0,10,9,1,0,12,0,4,4
60400242,0,,,25,12,13,3,0,3,22,12,10,12,7,5,22,12,10,22,12,10,10,5,5,5,2,3,1,0,1,0,0,0,1,0,1,9,9,1,4,2,0,2,0,0,8,5,3,1,7,0,0,1
60400244,0,,,23,13,10,0,0,0,23,13,10,11,5,6,23,13,10,23,13,10,12,8,4,7,4,3,1,0,1,0,0,0,0,0,0,10,10,2,5,1,2,0,0,0,8,4,4,0,9,0,2,1
60400245,1,,60400235,28,17,11,2,2,0,32,19,13,15,10,5,32,19,13,32,19,13,17,9,8,15,9,6,4,3,1,0,0,0,1,0,1,13,13,3,6,3,1,0,1,0,11,8,3,0,11,0,2,3
60400252,0,,,547,265,282,25,13,12,522,252,270,223,133,90,514,247,267,513,246,267,299,119,180,210,79,131,80,26,54,5,0,5,3,0,3,248,247,90,85,49,12,6,3,2,154,126,28,4,190,1,63,50
60400253,0,,,95,48,47,5,3,2,90,45,45,36,19,17,89,44,45,87,44,43,54,26,28,25,11,14,12,3,9,1,1,0,0,0,0,47,47,20,13,9,3,2,0,0,27,18,9,0,39,0,16,9
60400254,0,,,119,63,56,2,2,0,117,61,56,42,28,14,116,61,55,116,61,55,75,33,42,40,15,25,18,6,12,0,0,0,0,0,0,56,56,21,17,10,6,2,0,0,35,24,11,1,50,0,19,12
60400262,0,,,163,76,87,0,0,0,163,76,87,61,43,18,163,76,87,163,76,87,102,33,69,87,23,64,59,10,49,12,1,11,1,1,0,2,0,0,0,0,0,0,0,0,0,0,0,0,0,0,0,0
60400263,0,,,75,33,42,3,1,2,72,32,40,29,16,13,72,32,40,71,32,39,43,16,27,29,8,21,7,0,7,0,0,0,1,0,1,29,29,7,10,6,2,2,2,0,22,14,8,0,29,0,7,5
60400264,0,,,11,7,4,0,0,0,11,7,4,6,4,2,11,7,4,11,7,4,5,3,2,2,1,1,1,1,0,0,0,0,0,0,0,4,4,1,1,1,0,1,0,0,3,2,1,0,3,0,0,1
60400273,0,,,233,103,130,13,6,7,220,97,123,103,50,53,217,97,120,216,96,120,117,47,70,59,21,38,27,5,22,4,0,4,5,1,4,103,101,35,39,15,6,2,0,4,65,55,10,4,72,3,23,19
60400274,0,,,101,50,51,4,3,1,97,47,50,46,23,23,96,47,49,95,46,49,51,24,27,31,13,18,12,4,8,2,1,1,2,0,2,40,40,8,18,7,2,3,1,1,32,26,6,2,36,0,8,11
60400275,0,,,23,11,12,1,1,0,22,10,12,8,4,4,22,10,12,21,10,11,14,6,8,4,1,3,2,0,2,0,0,0,0,0,0,10,10,3,4,1,1,1,0,0,7,4,3,0,9,0,3,2
60400276,0,,,38,13,25,1,0,1,37,13,24,15,5,10,35,12,23,34,11,23,22,8,14,8,0,8,8,0,8,0,0,0,2,0,2,14,14,2,6,3,2,0,0,1,12,8,4,0,13,0,2,2
60400283,0,,,99,44,55,26,11,15,73,33,40,59,28,31,68,32,36,65,29,36,14,5,9,9,3,6,1,0,1,0,0,0,2,1,1,37,37,9,9,8,7,4,0,0,27,24,3,5,11,2,5,2
60400284,0,,,88,49,39,9,7,2,79,42,37,32,16,16,79,42,37,79,42,37,47,26,21,18,8,10,7,4,3,0,0,0,0,0,0,32,32,5,12,7,3,4,1,0,27,18,9,1,29,0,5,6
60400285,0,,,36,18,18,4,3,1,32,15,17,10,7,3,32,15,17,32,15,17,22,8,14,10,3,7,4,0,4,0,0,0,0,0,0,16,16,5,6,2,2,1,0,0,11,6,5,2,13,0,4,3
60400294,0,,,34,15,19,1,0,1,33,15,18,17,8,9,31,14,17,31,14,17,16,7,9,10,5,5,2,1,1,0,0,0,0,0,0,14,14,3,6,3,1,0,1,0,11,7,4,0,10,0,3,3
60400295,0,,,109,46,63,13,5,8,96,41,55,41,17,24,96,41,55,95,41,54,55,24,31,26,10,16,11,3,8,1,0,1,0,0,0,42,42,11,16,7,2,3,0,3,31,21,10,3,36,0,9,9
60400301,0,,,71,35,36,9,3,6,62,32,30,28,14,14,61,31,30,61,31,30,34,18,16,17,8,9,1,1,0,0,0,0,0,0,0,33,33,12,11,7,2,0,0,1,21,20,1,3,23,0,9,6
60400302,1,,60400305,312,123,189,16,8,8,298,116,182,109,54,55,292,113,179,290,111,179,189,62,127,133,34,99,71,11,60,18,1,17,1,1,0,134,133,60,46,16,8,1,2,1,74,58,16,3,96,1,46,23
60400305,2,60400302,,2,1,1,*,*,*,*,*,*,*,*,*,*,*,*,*,*,*,*,*,*,*,*,*,*,*,*,*,*,*,*,*,*,1,1,*,*,*,*,*,*,*,*,*,*,*,*,*,*,*
60400311,0,,,72,35,37,1,1,0,71,34,37,33,17,16,71,34,37,71,34,37,38,17,21,27,11,16,6,4,2,0,0,0,0,0,0,31,31,7,12,7,5,0,0,0,24,17,7,0,25,0,5,7
60400315,2,60400333,,5,3,2,*,*,*,*,*,*,*,*,*,*,*,*,*,*,*,*,*,*,*,*,*,*,*,*,*,*,*,*,*,*,3,3,*,*,*,*,*,*,*,*,*,*,*,*,*,*,*
60400321,0,,,93,62,31,0,0,0,93,62,31,71,51,20,93,62,31,91,60,31,22,11,11,10,4,6,3,2,1,0,0,0,0,0,0,7,6,1,3,1,0,0,1,0,5,2,3,0,5,0,1,1
60400324,0,,,9,5,4,0,0,0,9,5,4,5,4,1,8,4,4,8,4,4,4,1,3,1,0,1,0,0,0,0,0,0,0,0,0,4,4,1,1,2,0,0,0,0,3,3,0,0,3,0,1,1
60400331,0,,,114,58,56,1,1,0,113,57,56,43,29,14,113,57,56,112,57,55,70,28,42,38,13,25,17,7,10,5,2,3,0,0,0,57,57,22,21,8,4,2,0,0,35,26,9,0,44,0,13,11
60400332,0,,,30,14,16,0,0,0,30,14,16,5,3,2,30,14,16,30,14,16,25,11,14,9,4,5,3,0,3,0,0,0,0,0,0,13,13,1,8,3,1,0,0,0,12,9,3,0,13,0,1,6
60400333,1,,60400315;60400334,22,12,10,0,0,0,28,16,12,12,9,3,28,16,12,28,16,12,16,7,9,13,5,8,3,0,3,0,0,0,0,0,0,10,10,4,7,2,1,0,0,0,10,9,1,0,10,0,2,3
60400334,2,60400333,,1,1,0,*,*,*,*,*,*,*,*,*,*,*,*,*,*,*,*,*,*,*,*,*,*,*,*,*,*,*,*,*,*,1,1,*,*,*,*,*,*,*,*,*,*,*,*,*,*,*
60400341,0,,,61,31,30,3,2,1,58,29,29,24,14,10,54,26,28,54,26,28,34,15,19,18,8,10,9,2,7,1,1,0,0,0,0,21,21,4,5,6,3,2,0,1,17,8,9,0,20,0,4,4
60400342,1,,60400352,29,13,16,2,0,2,36,17,19,17,8,9,36,17,19,36,17,19,19,9,10,7,3,4,4,1,3,0,0,0,0,0,0,11,11,0,8,3,2,1,0,0,14,12,2,0,11,0,0,5
60400344,0,,,80,38,42,2,1,1,78,37,41,31,16,15,75,35,40,75,35,40,47,21,26,28,10,18,14,5,9,0,0,0,0,0,0,34,34,12,9,7,3,1,2,0,22,13,9,1,32,0,11,6
60400345,1,,60400420,84,40,44,4,2,2,82,39,43,43,23,20,77,37,40,76,36,40,39,16,23,19,9,10,5,2,3,0,0,0,0,0,0,29,29,7,9,6,5,2,1,1,24,15,9,0,27,0,6,5
60400352,2,60400342,,9,4,5,*,*,*,*,*,*,*,*,*,*,*,*,*,*,*,*,*,*,*,*,*,*,*,*,*,*,*,*,*,*,3,3,*,*,*,*,*,*,*,*,*,*,*,*,*,*,*
60400354,0,,,28,14,14,0,0,0,28,14,14,14,7,7,28,14,14,28,14,14,14,7,7,9,4,5,3,2,1,0,0,0,0,0,0,13,13,5,5,1,1,0,1,0,8,6,2,0,10,0,3,2
60400361,0,,,74,38,36,10,7,3,64,31,33,27,14,13,64,31,33,64,31,33,37,17,20,17,8,9,7,3,4,0,0,0,3,0,3,25,25,4,7,8,2,2,0,2,21,15,6,2,21,0,4,6
60400362,0,,,176,82,94,7,6,1,169,76,93,85,45,40,167,75,92,166,75,91,84,31,53,48,15,33,19,5,14,3,0,3,0,0,0,69,69,13,26,18,6,5,0,1,55,39,16,1,55,0,12,13
60400363,0,,,247,128,119,8,4,4,239,124,115,104,65,39,235,120,115,234,120,114,135,59,76,75,27,48,22,8,14,2,0,2,3,1,2,114,112,44,39,17,7,4,1,0,68,47,21,2,85,4,22,21
60400364,0,,,24,11,13,0,0,0,24,11,13,11,5,6,24,11,13,24,11,13,13,6,7,2,0,2,1,0,1,0,0,0,0,0,0,11,11,2,6,2,1,0,0,0,9,8,1,0,9,0,2,3
60400372,1,,60400382,343,181,162,15,8,7,340,176,164,190,111,79,332,172,160,331,171,160,150,65,85,78,29,49,29,9,20,2,2,0,1,0,1,120,115,35,38,23,15,7,1,0,83,63,20,3,96,0,29,20
60400373,0,,,367,175,192,15,7,8,352,168,184,158,92,66,346,164,182,344,164,180,194,76,118,122,44,78,45,16,29,1,0,1,3,2,1,171,171,62,59,29,13,5,1,2,109,80,29,2,136,1,42,30
60400382,2,60400372,,12,3,9,*,*,*,*,*,*,*,*,*,*,*,*,*,*,*,*,*,*,*,*,*,*,*,*,*,*,*,*,*,*,4,4,*,*,*,*,*,*,*,*,*,*,*,*,*,*,*
60400383,0,,,99,27,72,0,0,0,99,27,72,18,9,9,99,27,72,99,27,72,81,18,63,76,14,62,51,8,43,8,1,7,0,0,0,16,15,5,3,6,0,0,0,1,10,8,2,0,11,0,4,1
60400392,1,,60400393,70,36,34,4,3,1,72,36,36,32,17,15,71,36,35,71,36,35,40,19,21,21,9,12,8,2,6,0,0,0,0,0,0,25,25,7,8,8,1,2,1,1,21,15,6,2,22,0,3,5
60400393,2,60400392,,6,3,3,*,*,*,*,*,*,*,*,*,*,*,*,*,*,*,*,*,*,*,*,*,*,*,*,*,*,*,*,*,*,3,3,*,*,*,*,*,*,*,*,*,*,*,*,*,*,*
60400420,2,60400345,,2,1,1,*,*,*,*,*,*,*,*,*,*,*,*,*,*,*,*,*,*,*,*,*,*,*,*,*,*,*,*,*,*,2,2,*,*,*,*,*,*,*,*,*,*,*,*,*,*,*
60400614,2,60400655,,1,1,0,*,*,*,*,*,*,*,*,*,*,*,*,*,*,*,*,*,*,*,*,*,*,*,*,*,*,*,*,*,*,1,1,*,*,*,*,*,*,*,*,*,*,*,*,*,*,*
60400615,1,,60400624;60400625,13,9,4,0,0,0,22,13,9,10,6,4,22,13,9,22,13,9,12,7,5,1,0,1,0,0,0,0,0,0,0,0,0,10,10,8,5,0,1,0,0,0,5,4,1,0,9,0,6,1
60400624,2,60400615,,5,2,3,*,*,*,*,*,*,*,*,*,*,*,*,*,*,*,*,*,*,*,*,*,*,*,*,*,*,*,*,*,*,2,2,*,*,*,*,*,*,*,*,*,*,*,*,*,*,*
60400625,2,60400615,,4,2,2,*,*,*,*,*,*,*,*,*,*,*,*,*,*,*,*,*,*,*,*,*,*,*,*,*,*,*,*,*,*,2,2,*,*,*,*,*,*,*,*,*,*,*,*,*,*,*
60400645,1,,60400656,24,14,10,0,0,0,27,16,11,13,8,5,27,16,11,27,16,11,14,8,6,6,3,3,2,1,1,0,0,0,0,0,0,8,8,1,3,2,1,2,0,0,8,5,3,0,9,0,1,2
60400646,0,,,13,6,7,0,0,0,13,6,7,4,3,1,13,6,7,13,6,7,9,3,6,3,1,2,0,0,0,0,0,0,0,0,0,6,6,1,3,2,0,0,0,0,5,4,1,0,6,0,1,2
60400655,1,,60400614,78,36,42,3,2,1,76,35,41,45,23,22,71,33,38,68,32,36,31,12,19,19,7,12,3,2,1,0,0,0,0,0,0,25,25,4,7,6,3,5,1,0,22,13,9,0,21,0,3,4
60400656,2,60400645,,3,2,1,*,*,*,*,*,*,*,*,*,*,*,*,*,*,*,*,*,*,*,*,*,*,*,*,*,*,*,*,*,*,1,1,*,*,*,*,*,*,*,*,*,*,*,*,*,*,*
60400664,2,60400665,,3,2,1,*,*,*,*,*,*,*,*,*,*,*,*,*,*,*,*,*,*,*,*,*,*,*,*,*,*,*,*,*,*,1,1,*,*,*,*,*,*,*,*,*,*,*,*,*,*,*
60400665,1,,60400664,30,11,19,4,2,2,29,11,18,15,7,8,28,11,17,28,11,17,14,4,10,6,1,5,4,0,4,0,0,0,0,0,0,8,8,1,2,3,1,0,0,2,8,4,4,1,6,0,0,0
60400674,0,,,55,26,29,4,3,1,51,23,28,28,15,13,51,23,28,51,23,28,23,8,15,15,4,11,6,2,4,1,1,0,0,0,0,17,17,4,1,4,5,2,0,1,13,2,11,1,15,0,3,0
60400683,2,60400693,,10,6,4,*,*,*,*,*,*,*,*,*,*,*,*,*,*,*,*,*,*,*,*,*,*,*,*,*,*,*,*,*,*,3,3,*,*,*,*,*,*,*,*,*,*,*,*,*,*,*
60400684,0,,,31,18,13,1,1,0,30,17,13,16,10,6,27,14,13,26,13,13,14,7,7,4,1,3,1,0,1,0,0,0,0,0,0,11,11,3,3,2,0,2,1,0,8,5,3,0,10,0,3,1
60400692,0,,,28,14,14,6,4,2,22,10,12,15,6,9,22,10,12,22,10,12,7,4,3,4,1,3,0,0,0,0,0,0,0,0,0,9,9,1,2,4,0,1,1,0,8,5,3,1,6,0,1,1
60400693,1,,60400683,24,11,13,5,2,3,29,15,14,16,9,7,29,15,14,28,15,13,13,6,7,6,2,4,1,0,1,0,0,0,0,0,0,6,6,2,1,2,1,0,2,1,7,1,6,1,8,0,1,0
60401001,0,,,82,41,41,4,4,0,78,37,41,34,18,16,77,36,41,77,36,41,44,19,25,29,11,18,6,2,4,0,0,0,0,0,0,33,33,7,11,8,6,1,0,0,26,18,8,2,29,0,7,5
60401002,0,,,260,117,143,25,7,18,235,110,125,118,60,58,231,106,125,229,104,125,117,50,67,51,20,31,18,3,15,0,0,0,0,0,0,87,87,14,24,24,11,6,5,3,73,41,32,7,74,0,11,18
60401003,0,,,218,114,104,12,9,3,206,105,101,107,63,44,203,104,99,201,102,99,99,42,57,47,15,32,17,4,13,1,1,0,0,0,0,93,93,23,35,21,10,2,2,0,70,52,18,5,67,0,15,10
60401004,0,,,45,20,25,2,0,2,43,20,23,17,8,9,42,20,22,42,20,22,26,12,14,14,6,8,4,1,3,0,0,0,0,0,0,19,19,5,9,2,1,1,0,1,14,10,4,0,16,0,4,6
60401005,0,,,15,5,10,2,0,2,13,5,8,8,4,4,12,5,7,12,5,7,5,1,4,3,0,3,1,0,1,0,0,0,0,0,0,4,4,0,2,0,1,0,0,1,3,1,2,1,4,0,0,1
60401006,0,,,240,108,132,25,14,11,215,94,121,128,57,71,211,92,119,211,92,119,87,37,50,44,12,32,19,3,16,1,0,1,0,0,0,91,89,19,33,20,5,9,2,1,70,51,19,9,58,0,10,13
60401007,0,,,445,170,275,32,13,19,413,157,256,146,72,74,407,155,252,404,154,250,267,85,182,199,49,150,114,26,88,11,0,11,0,0,0,142,136,54,41,21,12,3,3,2,82,70,12,12,88,1,36,21
60401008,0,,,29,13,16,1,1,0,28,12,16,12,4,8,27,11,16,27,11,16,16,8,8,7,3,4,1,0,1,1,0,1,0,0,0,11,11,1,5,4,0,0,1,0,10,7,3,0,9,0,1,3
60401009,0,,,59,25,34,8,1,7,51,24,27,29,15,14,51,24,27,51,24,27,22,9,13,13,5,8,4,1,3,0,0,0,0,0,0,23,23,7,7,4,2,2,0,1,16,10,6,3,17,0,6,3
60401011,0,,,273,135,138,42,27,15,231,108,123,150,73,77,222,103,119,219,101,118,81,35,46,38,15,23,6,2,4,0,0,0,1,0,1,91,91,17,26,16,16,10,2,4,74,47,27,11,55,0,10,9
60401012,0,,,584,278,306,67,35,32,517,243,274,289,140,149,502,236,266,495,232,263,228,103,125,100,36,64,32,7,25,1,0,1,0,0,0,211,211,46,58,49,33,12,9,4,164,114,50,10,144,0,27,30
60401013,0,,,98,47,51,5,4,1,93,43,50,58,27,31,91,42,49,91,42,49,35,16,19,19,5,14,10,2,8,1,0,1,0,0,0,38,38,11,8,9,7,2,1,0,27,18,9,0,24,0,4,5
60401014,0,,,197,89,108,14,6,8,183,83,100,94,46,48,181,82,99,178,80,98,89,37,52,47,18,29,19,5,14,0,0,0,0,0,0,71,71,17,17,18,9,4,6,0,54,30,24,4,58,0,14,8
60401015,0,,,208,101,107,10,4,6,198,97,101,102,58,44,196,96,100,191,93,98,96,39,57,59,22,37,26,8,18,1,0,1,1,0,1,81,80,23,25,19,9,2,0,2,55,44,11,5,53,2,16,13
60401016,0,,,398,171,227,37,17,20,361,154,207,184,91,93,357,153,204,353,151,202,177,63,114,107,32,75,42,10,32,4,0,4,2,0,2,159,158,49,52,21,22,9,4,1,109,82,27,13,114,0,37,19
60401017,0,,,13,6,7,0,0,0,13,6,7,6,3,3,13,6,7,13,6,7,7,3,4,4,1,3,2,0,2,0,0,0,0,0,0,6,6,2,1,3,0,0,0,0,4,2,2,0,3,0,0,0
60401019,0,,,57,26,31,4,1,3,53,25,28,30,16,14,52,24,28,51,23,28,23,9,14,16,6,10,3,1,2,1,1,0,0,0,0,19,19,4,8,0,3,1,1,2,15,9,6,1,14,0,3,4
60401020,0,,,715,299,416,55,23,32,660,276,384,333,164,169,643,265,378,633,263,370,327,112,215,205,53,152,111,13,98,25,0,25,4,0,4,234,230,48,80,45,35,11,7,4,181,134,47,8,143,4,33,39
60401021,0,,,40,20,20,0,0,0,40,20,20,22,12,10,39,19,20,39,19,20,18,8,10,13,5,8,3,1,2,0,0,0,0,0,0,16,16,2,8,2,4,0,0,0,14,8,6,0,11,0,2,3
60401022,0,,,52,24,28,2,0,2,50,24,26,27,15,12,48,23,25,47,22,25,23,9,14,11,2,9,5,1,4,1,0,1,0,0,0,22,22,7,7,3,4,0,1,0,15,9,6,1,15,0,5,3
60401023,0,,,67,31,36,2,2,0,65,29,36,28,15,13,64,28,36,63,28,35,37,14,23,16,6,10,2,2,0,0,0,0,0,0,0,31,31,9,14,4,2,2,0,0,22,17,5,1,26,0,7,5
60401024,2,60401025,,4,0,4,*,*,*,*,*,*,*,*,*,*,*,*,*,*,*,*,*,*,*,*,*,*,*,*,*,*,*,*,*,*,3,3,*,*,*,*,*,*,*,*,*,*,*,*,*,*,*
60401025,1,,60401024,289,136,153,29,18,11,264,118,146,154,69,85,261,117,144,258,117,141,110,49,61,57,23,34,30,12,18,0,0,0,0,0,0,117,117,30,43,26,14,3,1,3,90,68,22,6,77,0,19,19
60401026,0,,,299,142,157,34,20,14,265,122,143,150,77,73,258,118,140,254,115,139,115,45,70,58,19,39,17,4,13,1,0,1,0,0,0,119,119,26,45,23,17,4,2,2,93,76,17,9,79,0,18,21
60401030,0,,,169,81,88,21,12,9,148,69,79,92,47,45,143,67,76,143,67,76,56,22,34,23,6,17,8,2,6,0,0,0,0,0,0,76,76,27,26,8,10,4,1,0,49,36,13,3,42,0,15,8
60401032,0,,,77,39,38,3,1,2,74,38,36,29,16,13,74,38,36,74,38,36,45,22,23,18,9,9,7,1,6,0,0,0,0,0,0,38,38,15,12,7,3,1,0,0,23,19,4,1,33,0,15,5
60401035,2,60401045,,2,1,1,*,*,*,*,*,*,*,*,*,*,*,*,*,*,*,*,*,*,*,*,*,*,*,*,*,*,*,*,*,*,1,1,*,*,*,*,*,*,*,*,*,*,*,*,*,*,*
60401036,1,,60401037,436,217,219,31,20,11,408,199,209,216,121,95,401,196,205,399,194,205,192,78,114,106,36,70,41,10,31,2,0,2,0,0,0,161,160,38,50,35,16,14,6,3,122,75,47,10,132,0,30,19
60401037,2,60401036,,3,2,1,*,*,*,*,*,*,*,*,*,*,*,*,*,*,*,*,*,*,*,*,*,*,*,*,*,*,*,*,*,*,2,2,*,*,*,*,*,*,*,*,*,*,*,*,*,*,*
60401040,0,,,27,12,15,1,1,0,26,11,15,15,8,7,24,10,14,23,10,13,11,3,8,4,1,3,2,1,1,0,0,0,0,0,0,10,10,2,4,0,3,1,0,0,8,4,4,0,8,0,1,2
60401042,0,,,40,15,25,1,0,1,39,15,24,18,9,9,39,15,24,38,14,24,21,6,15,8,0,8,4,0,4,1,0,1,0,0,0,16,16,4,3,6,3,0,0,0,12,8,4,0,14,0,4,2
60401043,0,,,73,32,41,16,7,9,57,25,32,35,16,19,55,23,32,52,22,30,22,9,13,8,3,5,4,1,3,0,0,0,0,0,0,18,18,1,5,2,2,4,1,3,17,8,9,3,13,0,0,2
60401044,0,,,29,16,13,3,2,1,26,14,12,17,9,8,25,13,12,25,13,12,9,5,4,4,2,2,0,0,0,0,0,0,0,0,0,10,10,1,4,2,1,2,0,0,9,6,3,1,6,0,1,2
60401045,1,,60401035,50,26,24,3,1,2,49,26,23,29,17,12,49,26,23,49,26,23,20,9,11,13,6,7,3,1,2,0,0,0,0,0,0,17,17,2,9,4,0,0,1,2,16,13,3,2,14,0,1,3
60401046,0,,,221,110,111,14,7,7,207,103,104,114,61,53,204,100,104,202,99,103,93,42,51,45,17,28,17,5,12,0,0,0,0,0,0,84,84,20,23,23,10,4,2,2,64,48,16,4,63,0,12,12
60401050,0,,,177,86,91,11,6,5,166,80,86,82,42,40,162,77,85,162,77,85,84,38,46,45,15,30,13,4,9,0,0,0,0,0,0,67,67,15,26,10,8,4,2,2,52,37,15,2,56,0,15,11
60401053,0,,,74,31,43,8,1,7,66,30,36,36,17,19,66,30,36,66,30,36,30,13,17,18,8,10,8,3,5,0,0,0,0,0,0,27,27,7,6,8,3,0,2,1,20,10,10,3,24,0,6,2
60401054,0,,,98,36,62,7,1,6,91,35,56,43,19,24,90,35,55,90,35,55,48,16,32,21,4,17,11,3,8,0,0,0,1,0,1,34,34,7,8,11,3,3,0,2,27,15,12,2,29,0,5,4
60401055,0,,,11,5,6,0,0,0,11,5,6,5,3,2,11,5,6,11,5,6,6,2,4,3,1,2,2,0,2,0,0,0,0,0,0,7,7,4,2,1,0,0,0,0,3,2,1,0,5,0,2,0
60401056,0,,,31,14,17,3,1,2,28,13,15,17,9,8,27,13,14,27,13,14,11,4,7,6,1,5,3,0,3,0,0,0,0,0,0,9,9,0,3,2,2,1,1,0,9,4,5,1,6,0,0,0
60401057,2,60401067,,4,1,3,*,*,*,*,*,*,*,*,*,*,*,*,*,*,*,*,*,*,*,*,*,*,*,*,*,*,*,*,*,*,1,1,*,*,*,*,*,*,*,*,*,*,*,*,*,*,*
60401060,0,,,116,54,62,4,1,3,112,53,59,55,30,25,104,48,56,102,46,56,57,23,34,25,9,16,4,1,3,0,0,0,0,0,0,50,50,19,12,11,4,2,0,2,31,24,7,0,39,0,15,7
60401061,0,,,36,8,28,3,1,2,33,7,26,12,4,8,33,7,26,33,7,26,21,3,18,20,3,17,17,2,15,2,0,2,0,0,0,6,5,0,1,1,3,0,0,0,5,3,2,1,2,0,0,1
60401063,0,,,12,6,6,0,0,0,12,6,6,6,2,4,11,5,6,11,5,6,6,4,2,3,1,2,3,1,2,0,0,0,0,0,0,4,4,1,1,0,1,1,0,0,3,1,2,0,3,0,0,1
60401064,0,,,160,75,85,7,2,5,153,73,80,73,41,32,151,72,79,148,71,77,80,32,48,47,19,28,15,6,9,0,0,0,0,0,0,80,80,28,32,12,8,0,0,0,52,46,6,2,57,0,21,15
60401065,0,,,122,55,67,8,2,6,114,53,61,52,27,25,108,48,60,107,47,60,62,26,36,37,15,22,15,10,5,1,1,0,2,0,2,51,51,16,20,5,5,3,0,2,35,25,10,2,41,0,11,13
60401067,1,,60401057,245,114,131,15,7,8,234,108,126,132,64,68,231,107,124,230,107,123,102,44,58,50,15,35,19,8,11,0,0,0,0,0,0,89,89,18,28,17,18,6,1,2,71,43,28,5,70,0,12,14
60401070,2,60401071,,2,1,1,*,*,*,*,*,*,*,*,*,*,*,*,*,*,*,*,*,*,*,*,*,*,*,*,*,*,*,*,*,*,1,1,*,*,*,*,*,*,*,*,*,*,*,*,*,*,*
60401071,1,,60401070,75,36,39,6,5,1,71,32,39,37,20,17,70,32,38,68,31,37,34,12,22,20,6,14,8,2,6,0,0,0,0,0,0,24,24,4,9,7,0,0,3,2,21,15,6,1,22,0,3,3
60401072,2,60401081,,2,1,1,*,*,*,*,*,*,*,*,*,*,*,*,*,*,*,*,*,*,*,*,*,*,*,*,*,*,*,*,*,*,1,1,*,*,*,*,*,*,*,*,*,*,*,*,*,*,*
60401073,0,,,30,16,14,3,1,2,27,15,12,18,11,7,27,15,12,27,15,12,9,4,5,4,1,3,1,0,1,0,0,0,0,0,0,10,10,3,1,2,2,1,1,0,7,3,4,0,6,0,0,1
60401074,1,,60401084,185,92,93,20,12,8,171,84,87,83,45,38,169,83,86,167,81,86,88,39,49,32,12,20,14,4,10,2,0,2,1,1,0,81,81,22,39,7,10,2,2,1,61,49,12,2,63,0,18,15
60401075,1,,60401085,113,52,61,19,8,11,98,46,52,60,28,32,93,45,48,92,45,47,38,18,20,17,9,8,3,2,1,0,0,0,0,0,0,40,40,8,20,5,4,0,4,2,35,28,7,4,26,1,4,7
60401076,0,,,67,33,34,9,3,6,58,30,28,38,21,17,56,28,28,56,28,28,20,9,11,11,4,7,5,2,3,0,0,0,0,0,0,23,23,5,6,4,5,1,1,1,18,13,5,1,13,0,3,1
60401077,0,,,27,13,14,2,1,1,25,12,13,17,10,7,23,10,13,21,9,12,8,2,6,5,1,4,3,1,2,0,0,0,0,0,0,7,7,1,1,0,3,0,2,0,6,1,5,0,6,0,1,0
60401078,0,,,48,23,25,3,1,2,45,22,23,15,9,6,45,22,23,45,22,23,30,13,17,11,3,8,8,3,5,0,0,0,0,0,0,23,23,10,7,2,3,0,1,0,13,8,5,1,20,0,8,5
60401080,2,60401090,,12,4,8,*,*,*,*,*,*,*,*,*,*,*,*,*,*,*,*,*,*,*,*,*,*,*,*,*,*,*,*,*,*,7,7,*,*,*,*,*,*,*,*,*,*,*,*,*,*,*
60401081,1,,60401072,59,32,27,4,3,1,57,30,27,32,18,14,57,30,27,57,30,27,25,12,13,10,4,6,3,2,1,0,0,0,0,0,0,24,24,5,10,6,2,2,0,0,20,16,4,0,17,0,3,6
60401083,0,,,26,12,14,1,0,1,25,12,13,12,6,6,25,12,13,25,12,13,13,6,7,7,3,4,3,1,2,0,0,0,0,0,0,11,11,3,5,0,2,1,0,0,8,5,3,0,9,0,2,3
60401084,2,60401074,,6,4,2,*,*,*,*,*,*,*,*,*,*,*,*,*,*,*,*,*,*,*,*,*,*,*,*,*,*,*,*,*,*,2,2,*,*,*,*,*,*,*,*,*,*,*,*,*,*,*
60401085,2,60401075,,4,2,2,*,*,*,*,*,*,*,*,*,*,*,*,*,*,*,*,*,*,*,*,*,*,*,*,*,*,*,*,*,*,3,3,*,*,*,*,*,*,*,*,*,*,*,*,*,*,*
60401086,2,60401087,,2,1,1,*,*,*,*,*,*,*,*,*,*,*,*,*,*,*,*,*,*,*,*,*,*,*,*,*,*,*,*,*,*,1,1,*,*,*,*,*,*,*,*,*,*,*,*,*,*,*
60401087,1,,60401086,41,22,19,3,3,0,40,20,20,26,15,11,40,20,20,39,19,20,14,5,9,9,2,7,6,2,4,0,0,0,1,0,1,16,16,6,1,6,3,1,0,0,11,7,4,1,9,0,4,0
60401088,1,,60401098;60401099,15,8,7,0,0,0,23,13,10,13,7,6,23,13,10,22,12,10,10,6,4,2,1,1,1,0,1,0,0,0,0,0,0,5,5,1,4,3,0,1,0,0,8,6,2,0,6,0,1,3
60401090,1,,60401080,185,86,99,16,10,6,181,80,101,93,46,47,177,78,99,175,76,99,88,34,54,34,11,23,9,2,7,0,0,0,1,0,1,69,69,16,27,16,10,4,2,1,60,38,22,5,57,0,12,12
60401091,0,,,575,260,315,42,16,26,533,244,289,299,148,151,523,239,284,518,238,280,234,96,138,121,41,80,41,9,32,0,0,0,1,0,1,227,227,49,93,39,21,15,6,4,178,131,47,7,164,0,35,36
60401093,2,60401094,,3,2,1,*,*,*,*,*,*,*,*,*,*,*,*,*,*,*,*,*,*,*,*,*,*,*,*,*,*,*,*,*,*,2,2,*,*,*,*,*,*,*,*,*,*,*,*,*,*,*
60401094,1,,60401093;60401095,34,15,19,0,0,0,39,18,21,20,10,10,39,18,21,38,17,21,19,8,11,11,4,7,4,0,4,0,0,0,0,0,0,12,12,3,5,3,3,1,0,0,12,6,6,0,12,0,1,3
60401095,2,60401094,,2,1,1,*,*,*,*,*,*,*,*,*,*,*,*,*,*,*,*,*,*,*,*,*,*,*,*,*,*,*,*,*,*,1,1,*,*,*,*,*,*,*,*,*,*,*,*,*,*,*
60401096,0,,,70,35,35,2,1,1,68,34,34,39,21,18,67,33,34,67,33,34,29,13,16,14,4,10,3,1,2,0,0,0,0,0,0,22,22,3,6,3,5,4,1,0,19,11,8,0,21,0,3,4
60401097,0,,,24,11,13,3,1,2,21,10,11,14,7,7,19,9,10,19,9,10,7,3,4,4,1,3,2,1,1,0,0,0,1,0,1,5,5,1,0,1,0,0,1,2,4,0,4,1,5,0,1,0
60401098,2,60401088,,2,1,1,*,*,*,*,*,*,*,*,*,*,*,*,*,*,*,*,*,*,*,*,*,*,*,*,*,*,*,*,*,*,1,1,*,*,*,*,*,*,*,*,*,*,*,*,*,*,*
60401099,2,60401088,,6,4,2,*,*,*,*,*,*,*,*,*,*,*,*,*,*,*,*,*,*,*,*,*,*,*,*,*,*,*,*,*,*,3,3,*,*,*,*,*,*,*,*,*,*,*,*,*,*,*
60401100,0,,,68,33,35,0,0,0,68,33,35,33,19,14,68,33,35,68,33,35,35,14,21,20,8,12,6,2,4,0,0,0,0,0,0,32,32,11,12,4,4,1,0,0,21,13,8,0,26,0,7,8
60401101,0,,,222,101,121,11,4,7,211,97,114,100,55,45,207,94,113,205,94,111,111,42,69,63,20,43,20,7,13,0,0,0,0,0,0,90,90,25,31,15,10,6,1,2,65,40,25,2,77,0,20,19
60401109,2,60401118,,8,3,5,*,*,*,*,*,*,*,*,*,*,*,*,*,*,*,*,*,*,*,*,*,*,*,*,*,*,*,*,*,*,3,3,*,*,*,*,*,*,*,*,*,*,*,*,*,*,*
60401110,0,,,256,121,135,25,11,14,231,110,121,121,64,57,228,108,120,226,107,119,110,46,64,56,17,39,26,8,18,4,1,3,0,0,0,103,103,32,27,24,11,2,5,2,71,45,26,4,78,0,22,11
60401116,2,60401138,,2,1,1,*,*,*,*,*,*,*,*,*,*,*,*,*,*,*,*,*,*,*,*,*,*,*,*,*,*,*,*,*,*,1,1,*,*,*,*,*,*,*,*,*,*,*,*,*,*,*
60401118,1,,60401109,16,5,11,2,0,2,22,8,14,4,0,4,22,8,14,22,8,14,18,8,10,4,1,3,1,0,1,0,0,0,1,0,1,7,7,2,4,2,2,0,0,0,8,4,4,1,10,0,2,3
60401119,1,,60401128,8,4,4,0,0,0,13,6,7,2,2,0,13,6,7,13,6,7,11,4,7,8,3,5,3,1,2,0,0,0,0,0,0,5,5,5,4,0,0,0,0,0,4,4,0,0,9,0,5,2
60401121,0,,,21,11,10,0,0,0,21,11,10,12,8,4,21,11,10,20,10,10,9,3,6,5,1,4,3,1,2,0,0,0,0,0,0,8,8,1,3,2,2,0,0,0,7,3,4,0,7,0,1,2
60401128,2,60401119,,5,2,3,*,*,*,*,*,*,*,*,*,*,*,*,*,*,*,*,*,*,*,*,*,*,*,*,*,*,*,*,*,*,4,4,*,*,*,*,*,*,*,*,*,*,*,*,*,*,*
60401136,2,60401138,,4,3,1,*,*,*,*,*,*,*,*,*,*,*,*,*,*,*,*,*,*,*,*,*,*,*,*,*,*,*,*,*,*,3,3,*,*,*,*,*,*,*,*,*,*,*,*,*,*,*
60401138,1,,60401116;60401136,32,14,18,0,0,0,38,18,20,12,5,7,38,18,20,38,18,20,26,13,13,17,9,8,6,3,3,0,0,0,0,0,0,15,15,6,10,1,1,1,0,0,13,12,1,0,16,0,5,8
60401148,0,,,33,17,16,2,1,1,31,16,15,16,9,7,30,15,15,30,15,15,15,7,8,9,4,5,2,0,2,0,0,0,0,0,0,14,14,5,4,3,1,0,0,1,9,5,4,0,11,0,4,1
60401167,1,,60401187,10,5,5,0,0,0,13,6,7,3,1,2,13,6,7,13,6,7,10,5,5,8,3,5,5,3,2,0,0,0,0,0,0,5,5,2,4,1,0,0,0,0,5,4,1,0,6,0,2,3
60401181,2,60401182,,13,7,6,*,*,*,*,*,*,*,*,*,*,*,*,*,*,*,*,*,*,*,*,*,*,*,*,*,*,*,*,*,*,3,3,*,*,*,*,*,*,*,*,*,*,*,*,*,*,*
60401182,1,,60401181,53,25,28,3,1,2,63,31,32,28,17,11,61,29,32,61,29,32,35,14,21,19,8,11,6,1,5,1,0,1,0,0,0,19,19,7,4,3,3,2,2,1,15,7,8,0,19,0,6,3
60401187,2,60401167,,3,1,2,*,*,*,*,*,*,*,*,*,*,*,*,*,*,*,*,*,*,*,*,*,*,*,*,*,*,*,*,*,*,2,2,*,*,*,*,*,*,*,*,*,*,*,*,*,*,*
60401190,2,60401191,,4,2,2,*,*,*,*,*,*,*,*,*,*,*,*,*,*,*,*,*,*,*,*,*,*,*,*,*,*,*,*,*,*,1,1,*,*,*,*,*,*,*,*,*,*,*,*,*,*,*
60401191,1,,60401190,13,8,5,0,0,0,17,10,7,9,6,3,16,9,7,16,9,7,8,4,4,7,4,3,2,1,1,0,0,0,0,0,0,6,6,1,3,2,1,0,0,0,6,5,1,0,5,0,0,3
60401204,0,,,56,28,28,0,0,0,56,28,28,23,14,9,55,28,27,55,28,27,33,14,19,22,10,12,5,2,3,0,0,0,0,0,0,29,29,12,11,3,2,1,0,0,17,12,5,0,25,0,10,6
60401205,0,,,44,20,24,2,1,1,42,19,23,19,8,11,42,19,23,42,19,23,23,11,12,15,5,10,9,3,6,1,0,1,1,0,1,20,20,7,6,4,2,1,0,0,13,9,4,0,16,0,6,2
60401214,0,,,32,14,18,1,1,0,31,13,18,13,5,8,30,13,17,30,13,17,18,8,10,9,5,4,3,2,1,0,0,0,0,0,0,15,15,4,6,4,1,0,0,0,11,10,1,0,12,0,4,5
60401224,0,,,75,39,36,3,2,1,72,37,35,35,22,13,69,34,35,69,34,35,37,15,22,22,9,13,5,0,5,0,0,0,0,0,0,31,31,10,9,5,4,2,1,0,21,13,8,0,25,2,7,4
60401225,0,,,57,27,30,3,2,1,54,25,29,24,12,12,54,25,29,54,25,29,30,13,17,19,6,13,3,0,3,0,0,0,1,0,1,28,28,10,11,4,2,1,0,0,18,14,4,2,23,0,9,7
60401227,2,60401249,,2,1,1,*,*,*,*,*,*,*,*,*,*,*,*,*,*,*,*,*,*,*,*,*,*,*,*,*,*,*,*,*,*,1,1,*,*,*,*,*,*,*,*,*,*,*,*,*,*,*
60401228,2,60401239,,6,3,3,*,*,*,*,*,*,*,*,*,*,*,*,*,*,*,*,*,*,*,*,*,*,*,*,*,*,*,*,*,*,3,3,*,*,*,*,*,*,*,*,*,*,*,*,*,*,*
60401234,1,,60401235,114,47,67,7,3,4,114,46,68,46,24,22,108,43,65,106,42,64,68,22,46,45,13,32,16,5,11,0,0,0,0,0,0,50,50,21,16,8,4,2,3,0,33,24,9,0,50,0,20,8
60401235,2,60401234,,7,2,5,*,*,*,*,*,*,*,*,*,*,*,*,*,*,*,*,*,*,*,*,*,*,*,*,*,*,*,*,*,*,4,4,*,*,*,*,*,*,*,*,*,*,*,*,*,*,*
60401239,1,,60401228,17,8,9,3,3,0,20,8,12,11,5,6,20,8,12,20,8,12,9,3,6,4,1,3,2,0,2,0,0,0,0,0,0,6,6,2,5,0,1,0,0,1,7,5,2,2,7,0,1,3
60401244,0,,,160,76,84,9,6,3,151,70,81,63,33,30,149,68,81,148,68,80,88,37,51,52,18,34,21,5,16,1,0,1,0,0,0,63,63,20,15,16,3,6,1,2,43,25,18,2,55,1,13,11
60401248,0,,,174,81,93,15,8,7,159,73,86,78,34,44,154,70,84,153,70,83,81,39,42,46,21,25,14,8,6,1,1,0,0,0,0,73,73,20,25,17,6,2,2,1,53,43,10,3,55,0,19,18
60401249,1,,60401227,816,367,449,74,28,46,744,340,404,340,175,165,733,334,399,729,333,396,404,165,239,241,90,151,95,28,67,4,0,4,1,0,1,351,350,106,124,76,20,16,5,4,245,195,50,17,257,5,72,72
60401254,0,,,118,63,55,4,4,0,114,59,55,62,36,26,110,56,54,109,56,53,52,23,29,36,15,21,15,6,9,2,2,0,0,0,0,44,44,10,14,9,6,2,2,1,34,22,12,0,36,0,7,5
60401257,0,,,228,107,121,14,7,7,214,100,114,93,46,47,212,99,113,210,98,112,121,54,67,62,23,39,23,9,14,0,0,0,0,0,0,88,88,22,31,15,8,7,4,1,66,44,22,5,76,0,19,20
60401258,0,,,19,9,10,0,0,0,19,9,10,9,4,5,18,9,9,18,9,9,10,5,5,8,4,4,3,2,1,0,0,0,0,0,0,8,8,2,2,3,1,0,0,0,6,4,2,0,7,0,2,2
60401259,0,,,344,150,194,36,15,21,308,135,173,172,77,95,298,132,166,294,130,164,136,58,78,65,24,41,25,8,17,0,0,0,1,1,0,128,128,27,49,21,14,7,5,5,100,64,36,8,94,1,18,24
60401263,2,60401264,,5,3,2,*,*,*,*,*,*,*,*,*,*,*,*,*,*,*,*,*,*,*,*,*,*,*,*,*,*,*,*,*,*,3,3,*,*,*,*,*,*,*,*,*,*,*,*,*,*,*
60401264,1,,60401263,168,73,95,12,6,6,161,70,91,69,30,39,158,69,89,157,68,89,92,40,52,51,17,34,20,5,15,1,0,1,0,0,0,60,60,13,24,9,8,5,1,3,50,28,22,4,57,0,11,16
60401268,0,,,193,94,99,11,5,6,182,89,93,90,46,44,177,85,92,177,85,92,92,43,49,45,16,29,13,5,8,2,1,1,1,0,1,67,67,11,24,14,9,3,3,3,55,35,20,3,61,0,10,12
60401269,0,,,44,24,20,1,0,1,43,24,19,21,14,7,43,24,19,42,24,18,22,10,12,14,5,9,6,2,4,0,0,0,0,0,0,14,14,1,2,7,2,2,0,0,13,7,6,0,11,0,1,0
60401274,0,,,83,38,45,5,3,2,78,35,43,43,21,22,72,33,39,72,33,39,35,14,21,21,5,16,10,2,8,2,0,2,1,0,1,33,33,12,9,5,1,3,2,1,21,12,9,2,27,0,11,2
60401275,0,,,173,73,100,8,2,6,165,71,94,74,35,39,162,69,93,160,67,93,91,36,55,46,14,32,21,5,16,1,0,1,1,0,1,71,71,17,33,9,5,3,1,3,54,36,18,2,57,0,11,14
60401277,0,,,327,157,170,23,12,11,304,145,159,131,74,57,300,144,156,299,144,155,173,71,102,94,38,56,27,11,16,3,0,3,0,0,0,124,124,21,50,26,13,9,4,1,103,67,36,8,106,0,17,25
60401278,0,,,52,28,24,11,7,4,41,21,20,26,13,13,39,19,20,39,19,20,15,8,7,6,4,2,1,0,1,0,0,0,0,0,0,18,18,0,11,2,2,2,1,0,18,14,4,1,9,0,0,2
60401279,0,,,32,10,22,5,2,3,27,8,19,16,6,10,27,8,19,27,8,19,11,2,9,7,1,6,4,1,3,0,0,0,0,0,0,10,10,3,4,0,0,1,0,2,7,4,3,1,8,0,3,0
60401282,0,,,23,12,11,1,0,1,22,12,10,9,7,2,22,12,10,21,11,10,13,5,8,6,2,4,1,0,1,0,0,0,1,0,1,9,9,1,5,1,1,1,0,0,8,6,2,0,9,0,1,4
60401283,0,,,120,51,69,19,9,10,101,42,59,55,23,32,99,41,58,99,41,58,46,19,27,32,12,20,19,9,10,0,0,0,0,0,0,38,38,6,11,8,1,9,2,1,32,19,13,7,29,0,5,7
60401284,0,,,340,158,182,34,19,15,306,139,167,148,78,70,296,134,162,295,133,162,158,61,97,90,34,56,34,11,23,3,0,3,1,0,1,128,128,38,30,28,12,13,5,2,89,54,35,9,102,1,28,21
60401285,0,,,52,20,32,5,2,3,47,18,29,27,9,18,46,17,29,46,17,29,20,9,11,7,3,4,2,1,1,0,0,0,0,0,0,28,28,13,9,3,3,0,0,0,15,13,2,1,17,0,8,5
60401286,0,,,280,134,146,17,10,7,263,124,139,138,73,65,258,121,137,255,118,137,125,51,74,70,28,42,18,9,9,0,0,0,0,0,0,113,113,29,38,23,15,2,6,0,84,63,21,3,85,0,23,22
60401287,0,,,106,46,60,4,2,2,102,44,58,52,27,25,101,44,57,99,43,56,50,17,33,22,6,16,10,3,7,1,0,1,0,0,0,43,43,9,15,13,2,4,0,0,34,24,10,1,34,0,4,7
60401293,0,,,71,30,41,8,2,6,63,28,35,30,14,16,63,28,35,63,28,35,33,14,19,17,6,11,8,3,5,1,0,1,0,0,0,28,28,5,12,5,4,1,1,0,23,17,6,2,23,0,4,9
60401294,0,,,14,9,5,0,0,0,14,9,5,9,6,3,12,7,5,12,7,5,5,3,2,3,2,1,3,2,1,0,0,0,0,0,0,5,5,1,2,0,1,1,0,0,4,1,3,0,3,0,0,1
60401295,0,,,486,228,258,40,18,22,446,210,236,237,119,118,435,208,227,427,204,223,209,91,118,106,40,66,31,9,22,1,0,1,19,0,19,194,191,68,49,25,31,12,3,3,123,77,46,9,136,7,39,27
60401296,0,,,394,172,222,16,7,9,378,165,213,163,80,83,368,162,206,361,158,203,215,85,130,120,46,74,37,12,25,1,1,0,2,1,1,172,171,59,56,28,14,10,4,0,111,86,25,4,139,1,47,36
60401297,0,,,16,8,8,1,1,0,15,7,8,11,6,5,13,7,6,12,6,6,4,1,3,3,1,2,1,0,1,0,0,0,0,0,0,4,4,0,0,2,1,0,1,0,4,3,1,0,2,0,0,0
60401298,1,,60401299,25,11,14,3,1,2,33,17,16,17,9,8,32,16,16,32,16,16,16,8,8,8,4,4,0,0,0,0,0,0,1,0,1,10,10,3,4,2,2,1,1,0,9,7,2,1,10,0,3,3
60401299,2,60401298,,11,7,4,*,*,*,*,*,*,*,*,*,*,*,*,*,*,*,*,*,*,*,*,*,*,*,*,*,*,*,*,*,*,3,3,*,*,*,*,*,*,*,*,*,*,*,*,*,*,*
60401302,0,,,13,7,6,0,0,0,13,7,6,5,3,2,13,7,6,13,7,6,8,4,4,3,1,2,0,0,0,0,0,0,0,0,0,5,5,1,2,0,2,0,0,0,4,2,2,0,5,0,1,2
60401312,0,,,27,13,14,1,0,1,26,13,13,14,8,6,24,12,12,24,12,12,12,5,7,5,1,4,1,0,1,0,0,0,0,0,0,11,11,5,2,2,0,1,0,1,6,2,4,0,8,0,3,0
60401313,0,,,94,46,48,3,1,2,91,45,46,34,22,12,90,44,46,89,43,46,57,23,34,26,8,18,7,1,6,0,0,0,1,0,1,39,39,6,18,9,5,1,0,0,33,24,9,1,33,0,5,11
60401322,0,,,171,79,92,16,7,9,155,72,83,69,40,29,152,70,82,151,70,81,86,32,54,48,16,32,20,6,14,0,0,0,0,0,0,68,68,16,25,12,10,3,1,1,52,37,15,3,57,0,14,16
60401323,0,,,152,71,81,9,6,3,143,65,78,60,30,30,140,62,78,140,62,78,83,35,48,46,15,31,14,3,11,1,1,0,1,0,1,61,61,18,19,12,4,5,2,1,43,24,19,3,59,0,17,15
60401325,2,60401326,,8,4,4,*,*,*,*,*,*,*,*,*,*,*,*,*,*,*,*,*,*,*,*,*,*,*,*,*,*,*,*,*,*,3,3,*,*,*,*,*,*,*,*,*,*,*,*,*,*,*
60401326,1,,60401325,24,9,15,2,0,2,30,13,17,12,4,8,30,13,17,30,13,17,18,9,9,10,5,5,2,0,2,1,0,1,1,0,1,8,8,1,4,3,2,0,1,0,10,5,5,0,10,0,0,3
60401327,0,,,13,8,5,0,0,0,13,8,5,7,4,3,13,8,5,13,8,5,6,4,2,6,4,2,3,3,0,0,0,0,0,0,0,5,5,1,1,2,1,0,0,0,4,1,3,0,5,0,1,1
60401328,0,,,17,11,6,1,1,0,16,10,6,7,5,2,16,10,6,15,9,6,9,5,4,4,1,3,1,0,1,0,0,0,0,0,0,7,7,2,3,1,0,0,1,0,5,4,1,0,7,0,2,2
60401329,0,,,16,8,8,0,0,0,16,8,8,4,1,3,16,8,8,16,8,8,12,7,5,7,4,3,3,1,2,0,0,0,0,0,0,5,5,0,1,3,0,1,0,0,5,1,4,0,5,0,0,1
60401330,0,,,23,11,12,2,1,1,21,10,11,9,5,4,21,10,11,21,10,11,12,5,7,7,3,4,3,1,2,0,0,0,0,0,0,9,9,2,3,2,1,1,0,0,7,4,3,1,6,0,1,2
60401331,0,,,61,27,34,6,4,2,55,23,32,28,13,15,55,23,32,53,23,30,27,10,17,11,5,6,4,3,1,0,0,0,1,0,1,25,25,6,11,2,4,1,1,0,19,16,3,2,19,0,5,4
60401332,0,,,32,12,20,1,0,1,31,12,19,17,7,10,30,12,18,30,12,18,14,5,9,7,3,4,3,0,3,0,0,0,0,0,0,11,11,0,4,5,1,1,0,0,10,5,5,0,8,0,0,0
60401336,0,,,10,6,4,0,0,0,10,6,4,3,3,0,10,6,4,10,6,4,7,3,4,4,1,3,2,0,2,0,0,0,0,0,0,5,5,1,3,1,0,0,0,0,4,2,2,0,4,0,1,1
60401337,0,,,20,10,10,0,0,0,20,10,10,12,8,4,20,10,10,20,10,10,8,2,6,6,2,4,4,2,2,0,0,0,0,0,0,7,7,2,1,1,2,1,0,0,5,1,4,0,5,0,0,1
60401340,0,,,557,244,313,44,19,25,513,225,288,231,119,112,503,221,282,501,219,282,282,106,176,198,64,134,99,16,83,11,0,11,2,0,2,181,180,46,55,38,24,10,5,2,133,100,33,11,123,4,30,29
60401341,0,,,68,32,36,4,2,2,64,30,34,35,15,20,62,28,34,61,28,33,29,15,14,15,6,9,9,3,6,0,0,0,2,0,2,25,25,3,10,5,5,2,0,0,22,15,7,2,19,0,3,3
60401344,0,,,14,7,7,0,0,0,14,7,7,9,4,5,14,7,7,14,7,7,5,3,2,0,0,0,0,0,0,0,0,0,1,0,1,5,5,0,2,2,1,0,0,0,5,5,0,0,4,0,0,1
60401346,0,,,21,9,12,2,1,1,19,8,11,9,3,6,19,8,11,19,8,11,10,5,5,5,2,3,2,0,2,0,0,0,0,0,0,7,7,0,3,2,1,1,0,0,7,5,2,0,6,0,0,1
60401350,0,,,172,81,91,24,11,13,148,70,78,74,37,37,146,69,77,144,67,77,74,33,41,51,21,30,22,10,12,1,0,1,0,0,0,58,57,16,18,11,4,3,2,3,40,25,15,4,34,2,7,9
60401351,0,,,154,76,78,10,5,5,144,71,73,79,40,39,141,68,73,138,66,72,65,31,34,24,13,11,7,4,3,2,2,0,1,0,1,55,55,15,12,13,8,1,4,2,40,23,17,2,44,0,12,2
60401354,0,,,31,16,15,1,0,1,30,16,14,20,11,9,30,16,14,30,16,14,10,5,5,3,2,1,0,0,0,0,0,0,1,0,1,9,9,1,1,2,4,0,1,0,8,5,3,0,6,0,1,0
60401360,0,,,72,36,36,3,1,2,69,35,34,34,18,16,69,35,34,69,35,34,35,17,18,20,10,10,6,2,4,0,0,0,1,0,1,31,31,8,12,7,3,0,0,1,23,19,4,1,26,0,7,4
60401364,1,,60401374,28,14,14,5,2,3,35,17,18,21,10,11,34,16,18,34,16,18,14,7,7,7,2,5,3,1,2,0,0,0,0,0,0,9,9,2,5,0,1,2,1,1,10,6,4,1,9,0,2,4
60401366,0,,,76,39,37,5,2,3,71,37,34,32,17,15,71,37,34,71,37,34,39,20,19,21,9,12,11,5,6,0,0,0,0,0,0,27,27,3,10,8,4,1,0,1,24,15,9,1,26,0,3,6
60401370,0,,,33,16,17,2,2,0,31,14,17,14,6,8,31,14,17,30,13,17,17,8,9,11,5,6,2,1,1,0,0,0,0,0,0,10,10,0,4,1,3,2,0,0,10,5,5,0,10,0,0,3
60401371,1,,60401381,85,37,48,27,15,12,109,54,55,68,36,32,102,51,51,100,51,49,41,18,23,17,5,12,5,1,4,1,0,1,0,0,0,32,31,6,10,8,8,2,0,0,28,17,11,1,26,0,4,6
60401374,2,60401364,,12,5,7,*,*,*,*,*,*,*,*,*,*,*,*,*,*,*,*,*,*,*,*,*,*,*,*,*,*,*,*,*,*,3,3,*,*,*,*,*,*,*,*,*,*,*,*,*,*,*
60401375,2,60401385,,2,1,1,*,*,*,*,*,*,*,*,*,*,*,*,*,*,*,*,*,*,*,*,*,*,*,*,*,*,*,*,*,*,2,2,*,*,*,*,*,*,*,*,*,*,*,*,*,*,*
60401381,2,60401371,,51,32,19,*,*,*,*,*,*,*,*,*,*,*,*,*,*,*,*,*,*,*,*,*,*,*,*,*,*,*,*,*,*,8,3,*,*,*,*,*,*,*,*,*,*,*,*,*,*,*
60401385,1,,60401375;60401386;60401395,47,25,22,3,0,3,55,32,23,33,24,9,55,32,23,55,32,23,22,8,14,14,4,10,3,0,3,0,0,0,0,0,0,18,18,5,11,3,3,2,0,0,19,12,7,0,15,0,2,3
60401386,2,60401385,,2,1,1,*,*,*,*,*,*,*,*,*,*,*,*,*,*,*,*,*,*,*,*,*,*,*,*,*,*,*,*,*,*,1,1,*,*,*,*,*,*,*,*,*,*,*,*,*,*,*
60401390,0,,,28,15,13,0,0,0,28,15,13,20,11,9,25,13,12,25,13,12,8,4,4,6,4,2,1,1,0,0,0,0,0,0,0,9,9,1,3,1,2,2,0,0,8,6,2,0,5,0,0,1
60401391,0,,,111,65,46,3,2,1,108,63,45,92,58,34,107,62,45,104,61,43,16,5,11,7,2,5,3,0,3,0,0,0,0,0,0,14,9,2,3,3,1,0,0,0,7,4,3,0,8,0,2,1
60401393,0,,,56,28,28,5,2,3,51,26,25,29,17,12,48,25,23,48,25,23,22,9,13,13,5,8,5,1,4,0,0,0,1,0,1,17,17,3,2,3,5,4,0,0,14,8,6,1,15,0,3,1
60401395,2,60401385,,7,5,2,*,*,*,*,*,*,*,*,*,*,*,*,*,*,*,*,*,*,*,*,*,*,*,*,*,*,*,*,*,*,3,3,*,*,*,*,*,*,*,*,*,*,*,*,*,*,*
60401420,0,,,10,6,4,0,0,0,10,6,4,6,5,1,10,6,4,10,6,4,4,1,3,2,0,2,1,0,1,0,0,0,0,0,0,5,5,2,2,0,1,0,0,0,3,2,1,0,3,0,0,1
60401534,0,,,72,29,43,0,0,0,72,29,43,39,14,25,72,29,43,70,29,41,33,15,18,14,5,9,6,2,4,0,0,0,10,0,10,32,32,13,8,3,6,2,0,0,19,10,9,0,20,9,3,4
60401539,0,,,16,9,7,0,0,0,16,9,7,12,8,4,16,9,7,16,9,7,4,1,3,3,1,2,1,1,0,0,0,0,0,0,0,6,6,0,2,4,0,0,0,0,6,4,2,0,4,0,0,0
60401552,0,,,104,51,53,6,2,4,98,49,49,46,26,20,97,49,48,93,48,45,52,23,29,24,8,16,10,2,8,2,0,2,0,0,0,41,41,10,16,6,3,5,0,1,31,25,6,0,36,0,10,7
60401553,0,,,75,34,41,0,0,0,75,34,41,28,16,12,75,34,41,75,34,41,47,18,29,20,6,14,8,1,7,2,1,1,0,0,0,36,36,11,15,7,2,1,0,0,25,20,5,0,32,0,9,7
60401554,0,,,24,10,14,3,1,2,21,9,12,13,6,7,18,8,10,16,7,9,8,3,5,3,2,1,2,1,1,0,0,0,1,0,1,6,6,1,2,0,0,0,2,1,5,2,3,1,5,0,1,1
60401561,0,,,71,34,37,1,1,0,70,33,37,29,14,15,70,33,37,69,32,37,41,19,22,24,11,13,8,3,5,0,0,0,0,0,0,26,26,4,10,5,4,2,1,0,22,14,8,1,25,0,4,9
60401562,0,,,12,6,6,1,1,0,11,5,6,5,2,3,10,5,5,10,5,5,6,3,3,3,2,1,0,0,0,0,0,0,0,0,0,4,4,0,2,0,2,0,0,0,4,3,1,0,3,0,0,2
60401571,0,,,28,13,15,0,0,0,28,13,15,9,6,3,28,13,15,28,13,15,19,7,12,9,1,8,3,0,3,1,0,1,0,0,0,11,11,2,3,4,2,0,0,0,9,5,4,0,11,0,2,2
60401580,0,,,52,26,26,1,0,1,51,26,25,28,14,14,51,26,25,50,26,24,23,12,11,12,5,7,2,2,0,0,0,0,0,0,0,19,19,4,6,3,3,3,0,0,15,7,8,1,16,0,2,3
60401581,0,,,17,8,9,1,1,0,16,7,9,7,4,3,16,7,9,16,7,9,9,3,6,4,0,4,2,0,2,0,0,0,0,0,0,7,7,3,2,1,0,0,0,1,4,3,1,1,7,0,3,2
60401590,2,60401591,,3,1,2,*,*,*,*,*,*,*,*,*,*,*,*,*,*,*,*,*,*,*,*,*,*,*,*,*,*,*,*,*,*,1,1,*,*,*,*,*,*,*,*,*,*,*,*,*,*,*
60401591,1,,60401590,31,13,18,1,0,1,33,14,19,16,9,7,32,14,18,31,13,18,17,5,12,8,1,7,4,0,4,0,0,0,0,0,0,8,8,1,2,1,2,2,0,1,8,3,5,0,8,0,1,0
60401601,1,,60401611,48,19,29,5,0,5,47,21,26,18,9,9,47,21,26,47,21,26,29,12,17,19,7,12,4,3,1,0,0,0,0,0,0,14,14,1,5,6,2,0,0,2,15,9,6,0,16,0,1,4
60401602,0,,,14,8,6,0,0,0,14,8,6,6,4,2,14,8,6,14,8,6,8,4,4,0,0,0,0,0,0,0,0,0,0,0,0,4,4,0,0,3,0,1,0,0,4,3,1,0,4,0,0,0
60401603,1,,60401613,54,23,31,1,0,1,55,24,31,26,13,13,55,24,31,55,24,31,29,11,18,17,5,12,5,1,4,0,0,0,0,0,0,20,20,2,7,9,2,1,0,0,19,11,8,1,18,0,2,5
60401611,2,60401601,,4,2,2,*,*,*,*,*,*,*,*,*,*,*,*,*,*,*,*,*,*,*,*,*,*,*,*,*,*,*,*,*,*,2,2,*,*,*,*,*,*,*,*,*,*,*,*,*,*,*
60401612,0,,,57,28,29,6,3,3,51,25,26,31,14,17,48,25,23,47,24,23,20,11,9,6,2,4,2,0,2,0,0,0,0,0,0,17,17,1,6,5,1,2,0,2,16,11,5,1,13,0,1,3
60401613,2,60401603,,2,1,1,*,*,*,*,*,*,*,*,*,*,*,*,*,*,*,*,*,*,*,*,*,*,*,*,*,*,*,*,*,*,1,1,*,*,*,*,*,*,*,*,*,*,*,*,*,*,*
60401621,0,,,88,35,53,9,2,7,79,33,46,41,18,23,78,32,46,76,31,45,38,15,23,19,6,13,8,1,7,2,0,2,0,0,0,28,28,3,12,3,4,2,2,2,25,12,13,1,26,0,3,3
60401622,0,,,128,61,67,10,5,5,118,56,62,58,31,27,115,54,61,114,54,60,60,25,35,30,10,20,10,2,8,1,0,1,0,0,0,39,39,3,10,11,8,3,3,1,36,16,20,2,35,0,3,6
60401623,0,,,45,19,26,1,1,0,44,18,26,22,10,12,43,18,25,41,17,24,22,8,14,13,4,9,5,1,4,1,0,1,1,0,1,17,17,5,5,2,1,4,0,0,11,6,5,0,15,0,4,2
60401630,0,,,20,10,10,0,0,0,20,10,10,12,6,6,20,10,10,20,10,10,8,4,4,4,2,2,0,0,0,0,0,0,1,0,1,9,9,2,5,0,2,0,0,0,7,5,2,0,6,0,1,3
60401631,0,,,90,42,48,8,3,5,82,39,43,41,21,20,82,39,43,82,39,43,41,18,23,17,7,10,7,3,4,1,0,1,0,0,0,30,30,2,12,8,4,2,1,1,28,18,10,4,25,0,2,7
60401632,0,,,126,60,66,9,5,4,117,55,62,64,33,31,111,52,59,109,50,59,53,22,31,31,13,18,10,4,6,0,0,0,0,0,0,42,42,13,6,6,8,4,4,1,29,10,19,1,36,0,11,2
60401633,1,,60401643,260,120,140,16,6,10,252,118,134,126,73,53,248,116,132,245,113,132,126,45,81,78,22,56,31,6,25,2,0,2,0,0,0,91,90,22,32,14,13,5,4,3,71,40,31,3,76,0,19,12
60401641,0,,,40,21,19,4,3,1,36,18,18,15,9,6,36,18,18,33,17,16,21,9,12,14,5,9,3,1,2,0,0,0,0,0,0,12,12,3,1,4,0,2,1,1,9,3,6,1,12,0,3,1
60401642,0,,,88,43,45,10,8,2,78,35,43,35,17,18,77,34,43,77,34,43,43,18,25,17,2,15,10,0,10,0,0,0,0,0,0,27,27,5,5,7,4,2,2,2,22,9,13,1,27,0,5,2
60401643,2,60401633,,8,4,4,*,*,*,*,*,*,*,*,*,*,*,*,*,*,*,*,*,*,*,*,*,*,*,*,*,*,*,*,*,*,3,3,*,*,*,*,*,*,*,*,*,*,*,*,*,*,*
60401646,0,,,17,5,12,0,0,0,17,5,12,7,2,5,16,5,11,15,5,10,10,3,7,6,1,5,2,0,2,0,0,0,0,0,0,11,11,6,4,1,0,0,0,0,5,5,0,0,8,0,5,2
60401647,0,,,213,93,120,9,6,3,204,87,117,87,46,41,196,84,112,193,82,111,117,41,76,81,23,58,35,7,28,4,2,2,4,1,3,83,82,33,21,11,10,5,2,0,47,28,19,2,58,5,19,11
60401651,0,,,99,48,51,4,2,2,95,46,49,39,16,23,95,46,49,94,46,48,56,30,26,26,11,15,11,6,5,0,0,0,0,0,0,38,38,6,12,16,2,0,1,1,32,22,10,2,33,0,4,9
60401652,0,,,132,66,66,8,5,3,124,61,63,73,39,34,119,58,61,117,56,61,51,22,29,34,13,21,11,5,6,2,1,1,0,0,0,44,44,7,13,11,3,7,2,1,37,23,14,3,33,0,5,6
60401653,2,60401663,,5,2,3,*,*,*,*,*,*,*,*,*,*,*,*,*,*,*,*,*,*,*,*,*,*,*,*,*,*,*,*,*,*,3,3,*,*,*,*,*,*,*,*,*,*,*,*,*,*,*
60401660,2,60401661,,3,2,1,*,*,*,*,*,*,*,*,*,*,*,*,*,*,*,*,*,*,*,*,*,*,*,*,*,*,*,*,*,*,1,1,*,*,*,*,*,*,*,*,*,*,*,*,*,*,*
60401661,1,,60401660,72,30,42,6,4,2,69,28,41,35,16,19,67,28,39,67,28,39,34,12,22,19,4,15,8,0,8,1,0,1,0,0,0,23,23,4,4,9,3,2,0,2,20,8,12,0,22,0,4,2
60401662,0,,,104,47,57,9,3,6,95,44,51,40,22,18,95,44,51,93,43,50,55,22,33,32,10,22,15,5,10,0,0,0,0,0,0,36,36,7,10,10,3,3,2,1,29,16,13,2,33,0,6,5
60401663,1,,60401653,283,120,163,24,10,14,264,112,152,129,61,68,253,110,143,252,110,142,135,51,84,87,23,64,42,8,34,12,1,11,0,0,0,85,84,19,24,14,10,12,6,2,68,35,33,1,74,0,13,14
60401664,0,,,250,97,153,15,8,7,235,89,146,80,42,38,230,87,143,229,87,142,155,47,108,122,28,94,74,11,63,14,1,13,0,0,0,62,61,17,19,14,3,3,2,3,44,27,17,1,48,0,11,10
60401672,0,,,91,42,49,9,3,6,82,39,43,51,27,24,79,37,42,78,37,41,31,12,19,16,4,12,6,0,6,0,0,0,0,0,0,27,27,5,5,4,7,1,4,1,22,5,17,3,21,0,1,2
60401673,0,,,55,25,30,6,2,4,49,23,26,26,11,15,48,23,25,48,23,25,23,12,11,8,3,5,3,2,1,0,0,0,0,0,0,17,17,3,5,1,4,2,1,1,14,6,8,1,16,0,3,4
60401674,0,,,271,134,137,39,21,18,232,113,119,127,68,59,231,112,119,231,112,119,105,45,60,56,21,35,15,4,11,0,0,0,0,0,0,97,97,24,25,21,10,12,2,3,72,46,26,9,71,0,15,14
60401682,0,,,183,88,95,25,7,18,158,81,77,88,49,39,151,77,74,150,76,74,70,32,38,34,13,21,14,3,11,1,0,1,0,0,0,49,49,8,12,9,5,2,5,8,41,21,20,5,41,0,5,8
60401683,0,,,219,95,124,19,6,13,200,89,111,98,50,48,195,86,109,195,86,109,102,39,63,48,14,34,16,4,12,2,1,1,0,0,0,81,81,21,28,11,7,7,4,3,60,36,24,5,69,0,15,13
60401684,0,,,76,35,41,11,6,5,65,29,36,35,17,18,63,28,35,63,28,35,30,12,18,19,7,12,11,4,7,1,1,0,0,0,0,23,23,5,4,4,4,3,1,2,18,6,12,4,19,0,4,1
60401692,0,,,66,35,31,7,4,3,59,31,28,29,18,11,59,31,28,59,31,28,30,13,17,13,5,8,6,2,4,0,0,0,0,0,0,20,20,2,7,3,4,1,1,2,18,12,6,3,17,0,1,4
60401693,0,,,91,41,50,19,12,7,44,22,22,31,17,14,42,21,21,42,21,21,13,5,8,2,1,1,0,0,0,0,0,0,0,0,0,21,20,6,1,5,2,3,3,0,14,10,4,2,8,1,1,0
60401694,0,,,37,17,20,3,2,1,34,15,19,18,8,10,34,15,19,34,15,19,16,7,9,11,3,8,3,1,2,0,0,0,0,0,0,13,13,3,4,1,3,1,1,0,10,5,5,0,11,0,3,1
60402000,0,,,20,12,8,3,2,1,17,10,7,9,5,4,17,10,7,17,10,7,8,5,3,2,1,1,2,1,1,0,0,0,0,0,0,6,6,1,2,0,1,1,1,0,5,3,2,0,4,0,1,1
60402001,0,,,108,33,75,7,2,5,101,31,70,33,17,16,97,29,68,97,29,68,68,14,54,57,12,45,37,5,32,6,1,5,0,0,0,21,17,4,4,3,5,0,0,1,13,10,3,0,8,0,3,0
60402003,1,,60402004,94,43,51,10,5,5,86,39,47,40,21,19,85,38,47,85,38,47,46,18,28,18,6,12,5,1,4,2,0,2,0,0,0,32,32,7,10,8,2,2,1,3,26,16,10,1,29,0,7,5
60402004,2,60402003,,2,1,1,*,*,*,*,*,*,*,*,*,*,*,*,*,*,*,*,*,*,*,*,*,*,*,*,*,*,*,*,*,*,1,1,*,*,*,*,*,*,*,*,*,*,*,*,*,*,*
60402006,0,,,51,23,28,3,2,1,48,21,27,23,11,12,48,21,27,48,21,27,25,10,15,11,5,6,4,2,2,0,0,0,0,0,0,18,18,3,5,5,2,3,0,0,15,9,6,1,16,0,3,4
60402008,0,,,67,29,38,3,2,1,64,27,37,36,14,22,64,27,37,63,27,36,28,13,15,14,5,9,7,2,5,0,0,0,5,0,5,33,33,17,6,6,3,0,0,1,16,9,7,1,23,2,10,3
60402009,0,,,226,113,113,12,9,3,214,104,110,107,59,48,210,102,108,209,101,108,107,45,62,47,17,30,21,9,12,1,1,0,4,0,4,96,96,24,37,20,8,6,1,0,72,45,27,2,71,1,13,18
60402011,0,,,1094,521,573,75,40,35,1019,481,538,619,312,307,986,464,522,974,460,514,400,169,231,178,62,116,49,11,38,1,0,1,2,0,2,456,456,135,137,100,56,16,6,6,316,248,68,17,274,1,82,54
60402012,0,,,735,353,382,74,41,33,661,312,349,377,193,184,638,298,340,630,292,338,284,119,165,134,54,80,28,12,16,2,0,2,2,0,2,300,300,66,116,61,37,15,4,1,232,193,39,18,190,0,44,59
60402013,0,,,255,121,134,17,11,6,238,110,128,137,65,72,230,108,122,227,107,120,101,45,56,64,27,37,24,6,18,0,0,0,2,1,1,97,96,17,38,21,14,4,1,1,79,60,19,0,62,0,11,14
60402015,2,60402024,,108,31,77,*,*,*,*,*,*,*,*,*,*,*,*,*,*,*,*,*,*,*,*,*,*,*,*,*,*,*,*,*,*,5,3,*,*,*,*,*,*,*,*,*,*,*,*,*,*,*
60402016,0,,,63,12,51,0,0,0,63,12,51,0,0,0,63,12,51,63,12,51,63,12,51,58,8,50,44,7,37,7,0,7,0,0,0,2,0,0,0,0,0,0,0,0,0,0,0,0,0,0,0,0
60402017,0,,,30,14,16,0,0,0,30,14,16,13,6,7,30,14,16,30,14,16,17,8,9,7,1,6,2,0,2,0,0,0,0,0,0,12,12,4,3,1,3,1,0,0,8,3,5,0,10,0,2,3
60402018,0,,,24,11,13,0,0,0,24,11,13,2,1,1,24,11,13,24,11,13,22,10,12,19,7,12,13,4,9,3,1,2,0,0,0,1,0,0,0,0,0,0,0,0,0,0,0,0,0,0,0,0
60402021,0,,,1502,696,806,190,98,92,1312,598,714,853,412,441,1270,576,694,1254,563,691,459,186,273,215,88,127,56,16,40,2,1,1,12,2,10,698,696,237,251,113,63,26,5,1,448,409,39,48,322,19,121,79
60402022,0,,,3742,1690,2052,441,214,227,3300,1476,1824,2013,968,1045,3183,1426,1757,3140,1400,1740,1287,508,779,611,225,386,173,49,124,13,0,13,18,7,11,1595,1591,500,514,304,166,67,33,7,1084,918,166,113,868,20,296,217
60402023,0,,,1486,686,800,146,71,75,1340,615,725,868,416,452,1290,595,695,1264,581,683,472,199,273,250,89,161,83,26,57,7,3,4,2,0,2,599,596,159,194,128,84,22,9,0,432,367,65,42,293,18,78,86
60402024,1,,60402015,1139,559,580,149,91,58,1096,497,599,742,364,378,1058,477,581,1039,469,570,354,133,221,204,57,147,104,19,85,20,2,18,15,3,12,489,489,165,137,98,69,13,6,4,327,280,47,36,178,21,42,50
60402025,0,,,1324,609,715,147,74,73,1177,535,642,694,347,347,1137,515,622,1124,510,614,483,188,295,262,92,170,95,33,62,3,0,3,3,1,2,545,544,150,174,114,74,18,10,4,392,315,77,41,314,7,85,92
60402026,0,,,241,114,127,15,8,7,226,106,120,116,53,63,217,103,114,216,102,114,110,53,57,48,20,28,12,3,9,0,0,0,3,3,0,109,109,36,40,16,12,2,2,1,72,55,17,4,75,3,23,25
60402027,0,,,168,84,84,10,5,5,158,79,79,81,45,36,155,76,79,154,76,78,77,34,43,27,8,19,13,3,10,1,0,1,0,0,0,63,63,10,23,14,12,2,2,0,53,37,16,3,51,0,8,16
60402028,0,,,64,31,33,4,1,3,60,30,30,28,17,11,60,30,30,60,30,30,32,13,19,15,5,10,6,3,3,0,0,0,0,0,0,27,27,6,12,3,5,1,0,0,21,14,7,0,22,0,5,7
60402030,0,,,19,7,12,1,1,0,18,6,12,9,3,6,17,6,11,16,6,10,9,3,6,6,1,5,2,0,2,0,0,0,0,0,0,8,8,2,4,0,1,1,0,0,6,5,1,0,7,0,2,1
60402031,0,,,2586,1243,1343,240,125,115,2342,1115,1227,1472,767,705,2251,1054,1197,2214,1038,1176,870,348,522,457,166,291,127,41,86,7,1,6,10,4,6,1156,1152,407,358,206,124,35,19,3,739,646,93,60,572,50,179,152
60402032,0,,,2809,1272,1537,240,119,121,2569,1153,1416,1432,712,720,2497,1115,1382,2470,1099,1371,1137,441,696,660,221,439,295,79,216,46,6,40,18,3,15,1212,1205,431,403,200,114,35,15,7,768,647,121,66,650,44,204,191
60402033,0,,,875,417,458,67,34,33,808,383,425,432,229,203,796,379,417,787,375,412,376,154,222,197,68,129,63,20,43,2,0,2,2,0,2,360,357,133,122,57,37,6,2,0,219,195,24,22,194,20,63,53
60402034,0,,,81,46,35,7,5,2,74,41,33,50,30,20,69,40,29,67,38,29,24,11,13,11,5,6,0,0,0,0,0,0,0,0,0,40,40,18,12,2,7,1,0,0,22,20,2,0,17,1,7,6
60402035,0,,,307,146,161,29,14,15,278,132,146,152,83,69,267,128,139,266,127,139,126,49,77,56,19,37,23,6,17,2,2,0,0,0,0,136,136,45,47,20,16,5,2,1,91,70,21,8,86,2,24,23
60402036,0,,,386,182,204,46,24,22,340,158,182,223,109,114,327,153,174,316,147,169,117,49,68,50,19,31,17,6,11,1,0,1,1,0,1,151,151,42,41,29,24,11,4,0,108,85,23,9,77,8,10,23
60402037,0,,,253,117,136,27,15,12,226,102,124,124,60,64,224,101,123,223,100,123,102,42,60,46,17,29,13,5,8,1,0,1,2,0,2,88,88,16,30,14,13,11,2,2,72,49,23,5,65,1,12,19
60402038,0,,,50,22,28,2,0,2,48,22,26,22,12,10,47,21,26,46,20,26,26,10,16,12,4,8,5,0,5,0,0,0,0,0,0,18,18,4,6,2,3,2,1,0,14,7,7,1,17,0,3,4
60402041,0,,,2671,1184,1487,254,136,118,2417,1048,1369,1254,601,653,2357,1025,1332,2331,1013,1318,1163,447,716,703,250,453,240,75,165,16,4,12,12,6,6,1313,1310,532,439,201,84,44,8,2,766,682,84,57,815,25,348,204
60402042,0,,,3106,1371,1735,254,123,131,2851,1247,1604,1519,754,765,2800,1223,1577,2773,1208,1565,1332,493,839,795,243,552,299,76,223,21,3,18,24,3,21,1485,1475,589,516,208,116,37,6,3,884,759,125,53,853,47,308,219
60402043,0,,,360,144,216,18,5,13,342,139,203,135,66,69,336,137,199,335,136,199,207,73,134,127,41,86,55,12,43,10,0,10,1,0,1,157,155,56,66,18,9,2,3,1,98,82,16,4,111,1,41,35
60402044,0,,,85,44,41,8,4,4,77,40,37,35,20,15,74,38,36,74,38,36,42,20,22,21,10,11,2,2,0,0,0,0,0,0,0,35,35,8,15,6,3,1,2,0,27,22,5,3,25,0,5,12
60402045,0,,,91,42,49,6,4,2,85,38,47,40,21,19,85,38,47,85,38,47,45,17,28,24,8,16,6,1,5,0,0,0,0,0,0,36,36,10,11,8,3,2,1,1,26,18,8,3,31,0,8,7
60402047,0,,,41,18,23,0,0,0,41,18,23,19,11,8,41,18,23,41,18,23,22,7,15,20,5,15,12,3,9,3,1,2,3,0,3,11,10,4,2,1,1,0,1,1,6,3,3,0,6,0,1,0
60402048,2,60402049,,2,1,1,*,*,*,*,*,*,*,*,*,*,*,*,*,*,*,*,*,*,*,*,*,*,*,*,*,*,*,*,*,*,1,1,*,*,*,*,*,*,*,*,*,*,*,*,*,*,*
60402049,1,,60402048,476,220,256,24,13,11,454,208,246,225,110,115,439,200,239,434,198,236,229,98,131,113,41,72,46,14,32,4,0,4,0,0,0,170,170,26,67,37,18,11,8,4,144,93,51,6,143,0,20,41
60402050,1,,60402060,69,28,41,6,3,3,69,27,42,30,10,20,69,27,42,68,27,41,39,17,22,22,7,15,8,3,5,0,0,0,0,0,0,32,32,11,13,6,1,2,1,0,23,19,4,1,29,0,9,9
60402051,0,,,1688,765,923,114,54,60,1574,711,863,799,420,379,1505,662,843,1476,645,831,775,291,484,456,136,320,196,56,140,7,0,7,10,3,7,780,776,323,240,118,58,23,12,2,450,366,84,18,501,15,196,117
60402052,0,,,2063,903,1160,136,60,76,1927,843,1084,908,459,449,1889,826,1063,1868,813,1055,1019,384,635,589,184,405,255,65,190,30,3,27,5,2,3,990,984,414,325,141,71,24,7,2,564,484,80,32,646,23,260,159
60402053,0,,,86,51,35,11,6,5,75,45,30,54,37,17,74,44,30,73,43,30,21,8,13,13,7,6,4,1,3,1,0,1,0,0,0,44,44,27,3,8,1,5,0,0,17,14,3,3,15,1,5,1
60402054,0,,,179,88,91,16,12,4,163,76,87,89,50,39,160,76,84,156,73,83,74,26,48,39,14,25,12,3,9,0,0,0,0,0,0,72,72,17,23,17,12,2,0,1,54,42,12,3,53,1,12,12
60402055,0,,,56,32,24,1,1,0,55,31,24,32,20,12,55,31,24,55,31,24,23,11,12,14,7,7,3,2,1,0,0,0,0,0,0,21,21,3,9,3,4,2,0,0,17,11,6,0,14,0,2,4
60402056,0,,,157,72,85,18,10,8,139,62,77,79,37,42,137,62,75,135,61,74,60,25,35,36,14,22,8,2,6,1,1,0,0,0,0,52,52,10,16,6,11,5,2,2,42,25,17,4,40,0,8,8
60402057,0,,,17,9,8,1,1,0,16,8,8,11,6,5,16,8,8,16,8,8,5,2,3,3,1,2,1,1,0,0,0,0,0,0,0,5,5,0,2,1,0,2,0,0,5,3,2,1,3,0,0,1
60402060,2,60402050,,6,2,4,*,*,*,*,*,*,*,*,*,*,*,*,*,*,*,*,*,*,*,*,*,*,*,*,*,*,*,*,*,*,2,2,*,*,*,*,*,*,*,*,*,*,*,*,*,*,*
60402061,0,,,240,118,122,19,8,11,221,110,111,114,81,33,218,109,109,216,107,109,107,29,78,74,13,61,54,4,50,9,0,9,1,0,1,83,81,47,11,14,6,1,1,1,34,28,6,4,19,12,7,5
60402062,0,,,1364,669,695,164,98,66,1200,571,629,737,381,356,1152,549,603,1131,536,595,463,190,273,271,101,170,90,37,53,1,0,1,4,0,4,609,609,207,194,107,69,22,9,1,400,343,57,43,322,24,101,88
60402063,0,,,614,289,325,65,31,34,549,258,291,309,155,154,535,250,285,527,246,281,240,103,137,125,56,69,28,8,20,1,0,1,1,0,1,253,253,61,98,47,27,14,5,1,191,162,29,17,166,1,45,52
60402067,0,,,112,57,55,6,3,3,106,54,52,52,31,21,103,52,51,102,52,50,54,23,31,16,5,11,8,3,5,0,0,0,0,0,0,41,41,13,9,7,5,3,3,1,28,18,10,2,36,0,12,5
60402068,0,,,41,19,22,3,1,2,38,18,20,24,11,13,37,18,19,37,18,19,14,7,7,7,3,4,1,0,1,0,0,0,0,0,0,12,12,1,4,1,3,1,2,0,11,6,5,1,9,0,0,2
60402069,0,,,216,102,114,11,8,3,196,91,105,100,50,50,192,90,102,190,90,100,96,41,55,55,21,34,17,5,12,1,0,1,0,0,0,78,77,18,23,13,14,6,3,0,59,34,25,4,61,0,10,13
60402070,2,60402071,,132,25,107,*,*,*,*,*,*,*,*,*,*,*,*,*,*,*,*,*,*,*,*,*,*,*,*,*,*,*,*,*,*,7,1,*,*,*,*,*,*,*,*,*,*,*,*,*,*,*
60402071,1,,60402070,1317,608,709,136,62,74,1311,570,741,834,405,429,1276,551,725,1228,539,689,477,165,312,294,78,216,161,31,130,28,5,23,0,0,0,601,596,265,150,94,57,17,12,2,321,273,48,39,210,77,69,40
60402072,0,,,1324,595,729,141,73,68,1183,522,661,670,337,333,1147,505,642,1131,496,635,513,185,328,275,76,199,129,23,106,9,2,7,1,0,1,508,501,135,164,101,68,24,7,2,365,309,56,34,276,17,78,83
60402073,0,,,1233,539,694,116,62,54,1117,477,640,630,290,340,1083,455,628,1062,442,620,487,187,300,277,89,188,114,34,80,11,2,9,1,0,1,512,509,155,173,102,60,9,8,2,353,307,46,30,291,0,104,66
60402074,0,,,79,46,33,9,6,3,70,40,30,43,26,17,55,29,26,51,27,24,27,14,13,11,4,7,4,1,3,0,0,0,0,0,0,23,22,3,9,7,2,1,0,0,19,15,4,1,16,0,1,7
60402076,2,60402086,,1,1,0,*,*,*,*,*,*,*,*,*,*,*,*,*,*,*,*,*,*,*,*,*,*,*,*,*,*,*,*,*,*,1,1,*,*,*,*,*,*,*,*,*,*,*,*,*,*,*
60402078,0,,,80,34,46,5,1,4,75,33,42,34,15,19,75,33,42,74,33,41,41,18,23,17,6,11,7,2,5,0,0,0,0,0,0,29,29,7,9,6,2,3,0,2,22,12,10,1,25,0,5,7
60402081,0,,,241,94,147,15,10,5,226,84,142,77,40,37,222,82,140,221,82,139,149,44,105,110,25,85,59,8,51,12,1,11,1,0,1,66,64,21,23,9,6,3,1,1,43,32,11,2,42,1,15,8
60402082,0,,,16,6,10,1,1,0,15,5,10,6,2,4,15,5,10,15,5,10,9,3,6,1,0,1,1,0,1,0,0,0,0,0,0,8,8,3,3,1,1,0,0,0,5,4,1,0,6,0,2,1
60402083,0,,,55,28,27,2,2,0,53,26,27,28,16,12,52,25,27,52,25,27,25,10,15,11,3,8,5,1,4,0,0,0,0,0,0,22,22,8,3,7,2,0,2,0,14,8,6,0,17,0,6,2
60402084,0,,,65,26,39,4,1,3,61,25,36,26,15,11,59,24,35,59,24,35,35,10,25,15,3,12,7,1,6,0,0,0,0,0,0,31,31,13,11,2,2,2,1,0,18,11,7,2,26,0,10,6
60402085,0,,,14,7,7,0,0,0,14,7,7,4,2,2,14,7,7,14,7,7,10,5,5,3,1,2,2,0,2,0,0,0,0,0,0,6,6,2,2,1,0,1,0,0,4,2,2,0,6,0,2,1
60402086,1,,60402076,48,24,24,2,1,1,47,24,23,21,11,10,46,24,22,45,23,22,26,13,13,13,5,8,8,3,5,1,1,0,0,0,0,19,19,7,8,1,2,0,0,2,13,9,4,1,16,0,5,6
60402087,2,60402098,,11,5,6,*,*,*,*,*,*,*,*,*,*,*,*,*,*,*,*,*,*,*,*,*,*,*,*,*,*,*,*,*,*,2,2,*,*,*,*,*,*,*,*,*,*,*,*,*,*,*
60402088,2,60402098,,2,1,1,*,*,*,*,*,*,*,*,*,*,*,*,*,*,*,*,*,*,*,*,*,*,*,*,*,*,*,*,*,*,1,1,*,*,*,*,*,*,*,*,*,*,*,*,*,*,*
60402092,0,,,130,56,74,6,1,5,124,55,69,66,31,35,121,53,68,120,52,68,58,24,34,32,13,19,11,3,8,1,0,1,1,0,1,54,54,13,21,8,9,3,0,0,41,30,11,2,41,0,12,9
60402094,0,,,50,25,25,7,3,4,43,22,21,23,13,10,43,22,21,43,22,21,20,9,11,4,1,3,1,0,1,0,0,0,0,0,0,18,18,3,7,3,3,0,2,0,15,10,5,2,13,0,2,4
60402095,0,,,53,25,28,6,3,3,47,22,25,29,14,15,47,22,25,46,21,25,18,8,10,9,3,6,4,1,3,1,0,1,0,0,0,17,17,2,4,5,4,1,0,1,15,9,6,1,12,0,1,1
60402096,0,,,18,9,9,3,1,2,15,8,7,13,7,6,15,8,7,14,8,6,2,1,1,1,0,1,1,0,1,0,0,0,0,0,0,5,5,0,2,0,1,2,0,0,5,3,2,1,2,0,0,0
60402097,0,,,16,10,6,1,1,0,15,9,6,12,7,5,14,8,6,14,8,6,3,2,1,1,0,1,1,0,1,0,0,0,0,0,0,5,5,0,1,2,2,0,0,0,5,4,1,0,3,0,0,0
60402098,1,,60402087;60402088,16,6,10,3,1,2,26,11,15,11,5,6,26,11,15,26,11,15,15,6,9,4,1,3,4,1,3,0,0,0,0,0,0,7,7,3,3,1,1,0,1,1,7,4,3,1,9,0,3,3
60402099,0,,,33,17,16,0,0,0,33,17,16,20,10,10,33,17,16,33,17,16,13,7,6,8,4,4,3,1,2,1,0,1,0,0,0,13,13,1,7,3,1,1,0,0,11,8,3,0,8,0,0,2
60402100,0,,,159,76,83,4,2,2,155,74,81,69,38,31,152,72,80,151,72,79,86,36,50,44,17,27,17,6,11,2,0,2,0,0,0,66,66,14,25,17,6,4,0,0,52,38,14,0,54,0,11,13
60402108,1,,60402118,89,44,45,2,1,1,93,46,47,38,23,15,91,44,47,90,44,46,55,23,32,37,15,22,16,5,11,1,0,1,0,0,0,36,36,5,18,7,3,3,1,0,32,23,9,0,33,0,4,10
60402115,0,,,13,8,5,0,0,0,13,8,5,3,3,0,13,8,5,13,8,5,10,5,5,7,3,4,1,0,1,0,0,0,0,0,0,6,6,2,1,3,0,0,0,0,4,3,1,0,6,0,2,0
60402117,0,,,175,73,102,9,4,5,166,69,97,73,34,39,165,68,97,165,68,97,93,35,58,57,21,36,16,6,10,1,0,1,0,0,0,71,71,20,24,14,7,2,2,2,51,32,19,2,61,0,15,14
60402118,2,60402108,,6,3,3,*,*,*,*,*,*,*,*,*,*,*,*,*,*,*,*,*,*,*,*,*,*,*,*,*,*,*,*,*,*,1,1,*,*,*,*,*,*,*,*,*,*,*,*,*,*,*
60402128,0,,,180,85,95,8,3,5,172,82,90,77,46,31,169,81,88,168,80,88,95,36,59,55,20,35,26,11,15,1,0,1,1,0,1,78,77,29,22,14,6,3,1,2,48,37,11,1,63,0,24,15
60402136,0,,,10,5,5,1,1,0,9,4,5,2,1,1,9,4,5,9,4,5,7,3,4,3,2,1,0,0,0,0,0,0,0,0,0,4,4,1,2,0,0,1,0,0,3,2,1,0,4,0,1,2
60402137,0,,,134,67,67,13,8,5,121,59,62,79,40,39,115,57,58,113,56,57,42,19,23,22,7,15,13,3,10,0,0,0,0,0,0,50,50,10,17,9,9,3,2,0,40,27,13,5,30,0,6,6
60402138,0,,,619,288,331,55,30,25,564,258,306,309,152,157,544,247,297,536,245,291,255,106,149,143,52,91,52,15,37,4,2,2,0,0,0,254,254,68,83,52,33,12,5,1,186,134,52,7,174,0,48,44
60402139,0,,,23,11,12,6,3,3,17,8,9,11,6,5,17,8,9,17,8,9,6,2,4,5,2,3,2,1,1,0,0,0,0,0,0,8,8,2,3,0,1,1,1,0,6,4,2,2,5,0,2,1
60402146,0,,,294,137,157,12,8,4,282,129,153,120,67,53,273,124,149,271,122,149,162,62,100,110,40,70,46,18,28,0,0,0,2,0,2,113,112,29,40,25,7,4,3,4,83,57,26,2,97,0,23,17
60402147,0,,,197,97,100,4,2,2,193,95,98,108,62,46,189,94,95,183,91,92,85,33,52,53,21,32,13,5,8,0,0,0,0,0,0,77,77,15,33,11,12,2,3,1,62,44,18,0,58,0,9,13
60402148,0,,,791,383,408,70,39,31,721,344,377,360,189,171,709,337,372,702,331,371,361,155,206,204,79,125,95,38,57,4,0,4,1,0,1,323,320,75,118,78,27,14,5,3,245,190,55,20,231,4,54,55
60402149,0,,,377,154,223,25,14,11,352,140,212,169,68,101,341,136,205,336,133,203,183,72,111,106,36,70,29,11,18,2,0,2,13,0,13,165,165,61,48,27,17,7,2,3,103,70,33,6,124,5,40,26
60402150,2,60402161,,1,1,0,*,*,*,*,*,*,*,*,*,*,*,*,*,*,*,*,*,*,*,*,*,*,*,*,*,*,*,*,*,*,1,1,*,*,*,*,*,*,*,*,*,*,*,*,*,*,*
60402152,0,,,76,33,43,8,5,3,68,28,40,27,12,15,68,28,40,65,27,38,41,16,25,24,9,15,9,3,6,0,0,0,0,0,0,25,25,2,11,5,2,2,2,1,23,13,10,0,23,0,2,9
60402153,2,60402163,,1,0,1,*,*,*,*,*,*,*,*,*,*,*,*,*,*,*,*,*,*,*,*,*,*,*,*,*,*,*,*,*,*,1,1,*,*,*,*,*,*,*,*,*,*,*,*,*,*,*
60402154,0,,,92,44,48,7,4,3,85,40,45,33,17,16,84,39,45,83,38,45,52,23,29,31,12,19,12,6,6,0,0,0,0,0,0,36,36,10,12,8,2,0,3,1,26,16,10,2,32,0,8,8
60402156,0,,,59,27,32,4,1,3,55,26,29,23,13,10,55,26,29,55,26,29,32,13,19,19,6,13,8,3,5,1,1,0,0,0,0,22,22,2,10,4,5,1,0,0,20,12,8,1,20,0,2,6
60402157,2,60402158,,7,3,4,*,*,*,*,*,*,*,*,*,*,*,*,*,*,*,*,*,*,*,*,*,*,*,*,*,*,*,*,*,*,3,3,*,*,*,*,*,*,*,*,*,*,*,*,*,*,*
60402158,1,,60402157,483,226,257,49,30,19,441,199,242,231,112,119,434,197,237,426,194,232,210,87,123,110,34,76,34,8,26,1,0,1,0,0,0,224,222,87,69,40,19,8,2,0,138,117,21,14,136,1,53,30
60402159,0,,,1211,524,687,70,38,32,1141,486,655,529,256,273,1114,472,642,1104,468,636,612,230,382,395,134,261,180,51,129,16,2,14,18,0,18,523,510,171,171,95,53,10,5,5,337,263,74,14,359,6,114,97
60402160,0,,,61,30,31,1,1,0,60,29,31,26,16,10,60,29,31,60,29,31,34,13,21,17,4,13,12,2,10,1,0,1,0,0,0,28,28,6,12,9,1,0,0,0,22,16,6,0,21,0,3,5
60402161,1,,60402150,99,54,45,3,1,2,97,54,43,47,29,18,95,53,42,94,52,42,50,25,25,32,14,18,12,6,6,0,0,0,0,0,0,42,42,15,13,5,7,2,1,0,27,20,7,0,33,0,10,7
60402162,0,,,178,86,92,8,6,2,170,80,90,82,48,34,170,80,90,168,78,90,88,32,56,52,13,39,28,5,23,3,1,2,0,0,0,68,67,15,23,13,12,2,2,0,52,33,19,1,53,0,9,12
60402163,1,,60402153,564,257,307,15,8,7,550,249,301,237,116,121,544,247,297,539,246,293,313,133,180,174,62,112,75,22,53,2,1,1,1,0,1,224,223,46,85,60,19,10,3,1,178,123,55,5,188,0,37,47
60402164,0,,,30,14,16,0,0,0,30,14,16,12,7,5,29,14,15,29,14,15,18,7,11,8,4,4,1,1,0,0,0,0,0,0,0,14,14,4,7,0,3,0,0,0,10,9,1,0,11,0,2,5
60402165,0,,,34,15,19,0,0,0,34,15,19,15,8,7,34,15,19,32,14,18,19,7,12,7,2,5,5,0,5,0,0,0,0,0,0,13,13,2,5,4,0,2,0,0,11,7,4,0,10,0,1,3
60402166,0,,,14,6,8,0,0,0,14,6,8,6,2,4,13,5,8,13,5,8,8,4,4,3,1,2,2,1,1,2,1,1,0,0,0,6,6,2,3,0,0,0,1,0,4,3,1,0,5,0,1,2
60402167,0,,,75,35,40,4,3,1,71,32,39,33,19,14,69,30,39,69,30,39,38,13,25,27,5,22,13,3,10,1,0,1,0,0,0,30,29,10,8,8,1,1,1,0,18,12,6,2,22,0,9,3
60402169,0,,,528,232,296,25,13,12,503,219,284,219,106,113,499,216,283,495,214,281,284,113,171,167,60,107,70,19,51,11,1,10,0,0,0,239,238,80,91,39,16,10,1,1,157,124,33,5,180,0,63,47
60402171,0,,,254,122,132,19,12,7,235,110,125,114,57,57,232,108,124,229,107,122,121,53,68,65,25,40,23,9,14,1,0,1,0,0,0,98,98,24,35,16,14,3,1,5,74,44,30,3,83,1,21,20
60402172,0,,,92,46,46,1,1,0,91,45,46,44,25,19,88,44,44,88,44,44,47,20,27,26,11,15,7,2,5,1,0,1,0,0,0,33,33,4,14,8,3,1,2,1,29,21,8,0,32,0,4,6
60402173,0,,,75,34,41,4,3,1,71,31,40,33,17,16,70,30,40,70,30,40,38,14,24,24,6,18,11,3,8,0,0,0,0,0,0,30,30,9,7,8,4,1,0,1,21,12,9,0,26,0,7,3
60402174,0,,,33,14,19,2,2,0,31,12,19,15,4,11,30,12,18,29,12,17,16,8,8,8,3,5,2,1,1,0,0,0,0,0,0,11,11,2,4,1,1,2,1,0,9,6,3,0,10,0,2,3
60402175,1,,60402176,10,4,6,0,0,0,21,10,11,11,6,5,20,9,11,20,9,11,10,4,6,5,2,3,0,0,0,0,0,0,0,0,0,4,4,0,4,0,2,1,0,0,7,4,3,0,7,0,0,3
60402176,2,60402175,,11,6,5,*,*,*,*,*,*,*,*,*,*,*,*,*,*,*,*,*,*,*,*,*,*,*,*,*,*,*,*,*,*,3,3,*,*,*,*,*,*,*,*,*,*,*,*,*,*,*
60402177,0,,,167,83,84,11,2,9,156,81,75,78,48,30,152,79,73,152,79,73,78,33,45,50,17,33,17,7,10,2,0,2,0,0,0,61,61,14,17,12,11,4,2,1,47,32,15,1,50,0,8,8
60402179,0,,,154,67,87,11,6,5,143,61,82,67,31,36,139,60,79,139,60,79,76,30,46,39,15,24,13,2,11,0,0,0,0,0,0,67,67,25,18,13,4,5,1,1,42,31,11,3,56,0,24,5
60402181,0,,,109,46,63,7,3,4,102,43,59,48,21,27,99,41,58,99,41,58,54,22,32,33,13,20,21,8,13,1,0,1,0,0,0,39,39,10,7,10,6,5,1,0,29,12,17,2,35,0,9,6
60402182,0,,,21,12,9,0,0,0,21,12,9,10,6,4,20,11,9,20,11,9,11,6,5,8,4,4,3,1,2,0,0,0,0,0,0,8,8,1,3,3,0,1,0,0,7,4,3,0,8,0,1,2
60402183,0,,,38,17,21,5,2,3,33,15,18,17,8,9,32,15,17,32,15,17,16,7,9,7,2,5,3,0,3,0,0,0,0,0,0,11,11,2,2,2,1,2,2,0,9,3,6,1,10,0,2,0
60402185,0,,,28,12,16,2,1,1,26,11,15,15,6,9,26,11,15,26,11,15,11,5,6,4,2,2,1,0,1,0,0,0,0,0,0,10,10,1,4,3,1,0,1,0,8,5,3,0,9,0,0,0
60402186,0,,,67,26,41,9,2,7,58,24,34,27,11,16,56,23,33,54,22,32,31,13,18,14,5,9,6,1,5,1,1,0,0,0,0,23,23,7,6,3,3,1,1,2,16,11,5,2,19,0,6,3
60402187,0,,,144,71,73,4,3,1,140,68,72,57,32,25,138,66,72,137,66,71,83,36,47,52,21,31,27,12,15,2,0,2,0,0,0,57,57,13,23,9,7,1,3,1,44,30,14,0,54,0,12,9
60402189,2,60402199,,3,1,2,*,*,*,*,*,*,*,*,*,*,*,*,*,*,*,*,*,*,*,*,*,*,*,*,*,*,*,*,*,*,2,2,*,*,*,*,*,*,*,*,*,*,*,*,*,*,*
60402191,0,,,28,13,15,0,0,0,28,13,15,13,4,9,28,13,15,26,12,14,15,9,6,6,3,3,3,2,1,0,0,0,0,0,0,11,11,2,5,0,4,0,0,0,9,6,3,0,9,0,1,3
60402192,0,,,31,14,17,0,0,0,31,14,17,15,9,6,31,14,17,31,14,17,16,5,11,10,2,8,3,0,3,0,0,0,0,0,0,14,14,4,4,5,1,0,0,0,10,5,5,0,13,0,3,2
60402195,0,,,16,9,7,0,0,0,16,9,7,8,6,2,16,9,7,16,9,7,8,3,5,2,0,2,1,0,1,0,0,0,0,0,0,8,8,3,3,1,1,0,0,0,5,5,0,0,6,0,2,1
60402199,1,,60402189,55,21,34,3,2,1,55,20,35,34,13,21,55,20,35,55,20,35,21,7,14,13,4,9,5,2,3,0,0,0,0,0,0,16,15,3,5,5,2,1,1,0,14,8,6,2,15,0,1,2
60402204,0,,,227,104,123,26,15,11,200,88,112,111,55,56,195,87,108,191,85,106,89,33,56,42,12,30,18,3,15,0,0,0,1,0,1,88,88,27,24,13,12,9,1,2,61,39,22,6,61,0,19,11
60402205,1,,60402206,621,292,329,95,40,55,531,254,277,386,190,196,503,241,262,497,238,259,145,64,81,72,28,44,29,11,18,3,0,3,2,1,1,220,220,35,74,45,42,15,6,4,184,152,32,17,94,5,18,24
60402206,2,60402205,,5,2,3,*,*,*,*,*,*,*,*,*,*,*,*,*,*,*,*,*,*,*,*,*,*,*,*,*,*,*,*,*,*,1,1,*,*,*,*,*,*,*,*,*,*,*,*,*,*,*
60402208,1,,60402209,35,17,18,3,1,2,39,19,20,13,9,4,39,19,20,39,19,20,26,10,16,17,5,12,7,1,6,0,0,0,3,3,0,10,8,4,4,1,1,1,0,0,7,6,1,0,6,3,0,4
60402209,2,60402208,,7,3,4,*,*,*,*,*,*,*,*,*,*,*,*,*,*,*,*,*,*,*,*,*,*,*,*,*,*,*,*,*,*,3,3,*,*,*,*,*,*,*,*,*,*,*,*,*,*,*
60402213,0,,,192,84,108,10,2,8,182,82,100,104,53,51,172,79,93,171,79,92,78,29,49,45,15,30,19,5,14,0,0,0,0,0,0,74,74,21,18,19,7,5,3,1,53,31,22,2,56,0,16,6
60402214,0,,,128,61,67,12,3,9,116,58,58,62,31,31,112,55,57,111,54,57,54,27,27,32,15,17,6,2,4,0,0,0,2,0,2,45,45,5,18,11,6,4,0,1,40,32,8,2,33,0,4,7
60402215,0,,,11,5,6,0,0,0,11,5,6,6,3,3,10,5,5,10,5,5,5,2,3,1,0,1,0,0,0,0,0,0,0,0,0,4,4,0,3,0,0,1,0,0,4,3,1,0,3,0,0,1
60402216,0,,,10,5,5,0,0,0,10,5,5,4,3,1,10,5,5,10,5,5,6,2,4,3,1,2,1,0,1,0,0,0,0,0,0,5,5,2,1,2,0,0,0,0,3,1,2,0,4,0,1,0
60402217,0,,,17,10,7,0,0,0,17,10,7,7,5,2,17,10,7,17,10,7,10,5,5,8,4,4,5,3,2,0,0,0,0,0,0,6,6,1,2,1,1,1,0,0,5,3,2,0,6,0,1,2
60402218,0,,,45,23,22,7,3,4,38,20,18,24,12,12,35,18,17,35,18,17,14,8,6,10,5,5,5,3,2,0,0,0,0,0,0,12,12,2,1,2,4,1,0,2,10,6,4,0,9,0,2,1
60402219,0,,,11,6,5,0,0,0,11,6,5,6,3,3,10,6,4,9,5,4,5,3,2,0,0,0,0,0,0,0,0,0,0,0,0,4,4,2,0,1,0,0,1,0,2,0,2,0,4,0,2,0
60402223,0,,,87,36,51,5,3,2,82,33,49,33,13,20,81,32,49,80,32,48,49,20,29,29,8,21,11,4,7,0,0,0,0,0,0,36,36,10,11,10,3,0,1,1,26,16,10,2,31,0,10,5
60402225,0,,,183,83,100,6,1,5,177,82,95,96,51,45,176,81,95,176,81,95,81,31,50,59,16,43,32,9,23,3,2,1,1,1,0,19,14,1,3,5,2,1,1,1,13,7,6,1,10,0,1,2
60402226,0,,,361,186,175,0,0,0,361,186,175,140,77,63,361,186,175,361,186,175,221,109,112,83,29,54,32,7,25,5,2,3,1,0,1,4,0,0,0,0,0,0,0,0,0,0,0,0,0,0,0,0
60402227,1,,60402228,171,90,81,8,7,1,273,101,172,87,45,42,271,100,171,268,99,169,186,56,130,131,28,103,93,16,77,24,3,21,0,0,0,50,47,12,16,15,6,0,1,0,38,32,6,1,35,0,7,12
60402228,2,60402227,,110,18,92,*,*,*,*,*,*,*,*,*,*,*,*,*,*,*,*,*,*,*,*,*,*,*,*,*,*,*,*,*,*,6,3,*,*,*,*,*,*,*,*,*,*,*,*,*,*,*
60402233,0,,,77,36,41,3,1,2,74,35,39,32,17,15,74,35,39,73,34,39,42,18,24,17,4,13,9,3,6,0,0,0,0,0,0,33,33,11,8,8,5,0,1,0,22,13,9,0,29,0,10,3
60402240,0,,,54,17,37,1,0,1,53,17,36,11,6,5,52,16,36,52,16,36,42,11,31,36,7,29,18,3,15,3,0,3,0,0,0,11,9,2,2,2,1,1,1,0,7,3,4,0,9,0,2,2
60402241,0,,,171,85,86,6,3,3,165,82,83,73,38,35,163,81,82,161,79,82,92,44,48,43,18,25,17,6,11,0,0,0,0,0,0,66,66,12,21,21,6,6,0,0,54,34,20,1,57,0,10,12
60402242,0,,,112,59,53,1,1,0,111,58,53,48,29,19,111,58,53,110,57,53,63,29,34,28,10,18,14,4,10,1,0,1,0,0,0,43,43,6,14,18,2,2,1,0,37,25,12,0,37,0,4,7
60402244,0,,,73,37,36,4,4,0,69,33,36,25,14,11,69,33,36,69,33,36,44,19,25,28,11,17,11,3,8,0,0,0,0,0,0,29,29,5,12,8,2,0,2,0,24,16,8,0,27,0,4,9
60402246,0,,,121,53,68,6,3,3,115,50,65,47,22,25,111,49,62,111,49,62,68,28,40,36,14,22,14,4,10,3,0,3,2,0,2,47,47,11,17,8,5,4,2,0,36,20,16,0,41,0,8,10
60402247,0,,,78,42,36,10,7,3,68,35,33,42,23,19,66,35,31,65,35,30,26,12,14,12,5,7,4,3,1,0,0,0,1,0,1,21,21,0,5,9,1,3,1,2,21,13,8,3,16,0,0,3
60402248,0,,,30,12,18,3,1,2,27,11,16,11,5,6,27,11,16,27,11,16,16,6,10,8,3,5,2,0,2,0,0,0,0,0,0,11,11,3,3,2,1,1,1,0,7,3,4,0,9,0,3,2
60402249,0,,,76,36,40,6,4,2,69,32,37,32,17,15,66,31,35,65,30,35,37,15,22,24,8,16,9,4,5,0,0,0,0,0,0,28,28,7,10,4,2,2,2,1,21,10,11,1,24,0,5,3
60402250,1,,60402260,168,79,89,10,5,5,167,77,90,80,39,41,163,75,88,162,74,88,87,38,49,43,16,27,15,4,11,1,0,1,1,0,1,67,67,19,21,15,6,7,2,0,51,30,21,2,60,0,16,11
60402251,0,,,13,7,6,3,2,1,10,5,5,6,4,2,10,5,5,10,5,5,4,1,3,4,1,3,1,1,0,0,0,0,0,0,0,6,6,2,2,1,1,0,0,0,4,4,0,1,3,0,1,1
60402252,0,,,49,23,26,2,2,0,47,21,26,23,10,13,46,20,26,46,20,26,24,11,13,14,6,8,6,3,3,0,0,0,0,0,0,16,16,3,7,1,1,1,1,2,13,8,5,2,14,0,3,4
60402253,0,,,191,83,108,5,3,2,186,80,106,77,42,35,185,79,106,184,79,105,109,38,71,59,17,42,15,1,14,1,0,1,0,0,0,80,80,18,27,26,7,1,0,1,62,46,16,2,72,0,18,14
60402254,0,,,51,23,28,3,2,1,48,21,27,21,8,13,46,21,25,46,21,25,27,13,14,9,4,5,2,0,2,0,0,0,0,0,0,22,22,6,10,3,1,1,0,1,16,12,4,0,17,0,3,7
60402258,0,,,13,8,5,0,0,0,13,8,5,10,7,3,12,7,5,11,6,5,3,1,2,0,0,0,0,0,0,0,0,0,0,0,0,4,4,0,1,1,2,0,0,0,4,4,0,0,2,0,0,1
60402259,0,,,786,347,439,75,38,37,711,309,402,426,193,233,683,296,387,669,291,378,285,116,169,148,49,99,41,10,31,1,0,1,10,0,10,342,341,121,108,51,33,15,9,4,218,169,49,15,212,3,78,45
60402260,2,60402250,,9,3,6,*,*,*,*,*,*,*,*,*,*,*,*,*,*,*,*,*,*,*,*,*,*,*,*,*,*,*,*,*,*,3,3,*,*,*,*,*,*,*,*,*,*,*,*,*,*,*
60402265,1,,60402275,182,84,98,8,4,4,175,80,95,73,38,35,175,80,95,175,80,95,102,42,60,56,19,37,30,8,22,2,0,2,0,0,0,81,81,28,27,15,7,3,1,1,54,37,17,1,68,0,22,16
60402266,0,,,43,16,27,1,0,1,42,16,26,28,14,14,41,16,25,41,16,25,14,2,12,11,1,10,2,0,2,0,0,0,0,0,0,15,15,2,3,7,1,2,0,0,13,7,6,1,12,0,2,1
60402268,0,,,538,266,272,93,49,44,440,213,227,353,178,175,426,208,218,418,204,214,87,35,52,43,14,29,14,3,11,1,0,1,1,0,1,198,197,48,57,37,39,9,5,2,148,123,25,30,60,9,14,7
60402269,0,,,1791,854,937,213,122,91,1565,726,839,926,476,450,1520,699,821,1496,685,811,639,250,389,360,133,227,133,40,93,10,1,9,5,1,4,769,767,270,228,130,83,39,11,6,491,378,113,56,421,22,130,98
60402275,2,60402265,,1,0,1,*,*,*,*,*,*,*,*,*,*,*,*,*,*,*,*,*,*,*,*,*,*,*,*,*,*,*,*,*,*,1,1,*,*,*,*,*,*,*,*,*,*,*,*,*,*,*
60402276,1,,60402295,231,111,120,17,8,9,215,103,112,102,54,48,211,102,109,210,102,108,113,49,64,72,28,44,21,11,10,1,0,1,0,0,0,86,86,24,26,14,9,9,2,3,63,36,27,5,78,0,21,16
60402277,0,,,342,160,182,29,9,20,313,151,162,154,80,74,309,150,159,308,149,159,159,71,88,81,34,47,28,14,14,1,0,1,3,0,3,124,124,24,42,30,14,5,2,7,100,70,30,6,103,0,18,26
60402278,0,,,481,230,251,63,33,30,410,191,219,307,149,158,404,190,214,399,188,211,103,42,61,53,17,36,16,5,11,1,0,1,3,0,3,237,237,118,52,30,26,5,3,3,116,95,21,21,75,31,22,17
60402279,0,,,2719,1278,1441,233,114,119,2464,1148,1316,1339,721,618,2411,1117,1294,2388,1107,1281,1125,427,698,678,235,443,263,75,188,25,4,21,15,2,13,1232,1228,480,369,183,126,48,19,3,740,575,165,65,737,61,239,149
60402287,0,,,116,52,64,8,1,7,108,51,57,53,27,26,104,49,55,102,48,54,55,24,31,33,12,21,13,5,8,0,0,0,0,0,0,42,42,9,11,12,5,2,2,1,33,19,14,3,35,0,9,9
60402288,0,,,762,356,406,74,41,33,688,315,373,361,178,183,668,307,361,661,302,359,327,137,190,174,65,109,58,17,41,0,0,0,1,0,1,335,335,115,115,48,30,13,10,4,218,170,48,19,230,2,80,62
60402289,0,,,240,111,129,10,5,5,230,106,124,129,68,61,225,104,121,223,104,119,101,38,63,51,17,34,14,4,10,0,0,0,0,0,0,98,98,27,32,19,11,7,1,1,71,50,21,2,72,1,17,16
60402290,0,,,143,68,75,5,1,4,138,67,71,65,41,24,136,65,71,134,64,70,73,26,47,42,13,29,18,4,14,0,0,0,1,1,0,58,58,17,17,13,6,2,2,1,41,26,15,1,49,0,13,9
60402295,2,60402276,,1,0,1,*,*,*,*,*,*,*,*,*,*,*,*,*,*,*,*,*,*,*,*,*,*,*,*,*,*,*,*,*,*,1,1,*,*,*,*,*,*,*,*,*,*,*,*,*,*,*
60402296,0,,,10,5,5,0,0,0,10,5,5,5,2,3,10,5,5,10,5,5,5,3,2,1,0,1,0,0,0,0,0,0,0,0,0,4,4,1,1,1,1,0,0,0,3,2,1,0,3,0,0,1
60402298,0,,,115,52,63,11,5,6,104,47,57,63,28,35,101,46,55,101,46,55,41,19,22,18,4,14,8,0,8,2,0,2,6,0,6,47,47,13,16,8,7,1,1,1,34,23,11,3,28,2,6,5
60402299,0,,,24,11,13,2,0,2,22,11,11,13,7,6,21,10,11,21,10,11,9,4,5,5,1,4,1,0,1,0,0,0,0,0,0,9,9,1,4,1,3,0,0,0,8,5,3,1,7,0,1,2
60402300,2,60402311,,7,2,5,*,*,*,*,*,*,*,*,*,*,*,*,*,*,*,*,*,*,*,*,*,*,*,*,*,*,*,*,*,*,2,2,*,*,*,*,*,*,*,*,*,*,*,*,*,*,*
60402301,2,60402312,,3,1,2,*,*,*,*,*,*,*,*,*,*,*,*,*,*,*,*,*,*,*,*,*,*,*,*,*,*,*,*,*,*,1,1,*,*,*,*,*,*,*,*,*,*,*,*,*,*,*
60402302,0,,,121,60,61,7,4,3,114,56,58,56,30,26,113,56,57,113,56,57,58,26,32,26,9,17,11,3,8,0,0,0,0,0,0,39,39,4,14,8,5,5,1,2,35,19,16,3,34,0,3,9
60402303,0,,,41,17,24,0,0,0,41,17,24,23,11,12,40,17,23,40,17,23,18,6,12,9,3,6,2,0,2,0,0,0,0,0,0,17,17,3,8,3,2,1,0,0,14,8,6,0,14,0,3,3
60402306,0,,,49,23,26,7,4,3,42,19,23,18,9,9,41,18,23,41,18,23,24,10,14,11,3,8,6,1,5,0,0,0,0,0,0,18,18,5,5,3,3,1,0,1,13,9,4,2,14,0,5,3
60402311,1,,60402300,61,34,27,6,5,1,62,31,31,34,17,17,61,31,30,59,31,28,28,14,14,16,7,9,5,3,2,2,1,1,0,0,0,20,20,3,6,4,6,2,0,1,19,12,7,0,17,0,3,3
60402312,1,,60402301,266,133,133,23,15,8,246,119,127,126,67,59,237,114,123,233,112,121,120,52,68,65,27,38,22,8,14,2,1,1,0,0,0,90,90,15,31,20,12,2,6,5,76,46,30,6,78,0,12,17
60402314,2,60402315,,7,3,4,*,*,*,*,*,*,*,*,*,*,*,*,*,*,*,*,*,*,*,*,*,*,*,*,*,*,*,*,*,*,2,2,*,*,*,*,*,*,*,*,*,*,*,*,*,*,*
60402315,1,,60402314,25,13,12,0,0,0,32,16,16,19,12,7,31,15,16,30,14,16,13,4,9,7,1,6,2,0,2,0,0,0,0,0,0,7,7,0,2,2,4,0,1,0,9,3,6,0,8,0,0,1
60402318,0,,,35,8,27,0,0,0,35,8,27,2,2,0,35,8,27,35,8,27,33,6,27,26,2,24,20,0,20,4,0,4,0,0,0,6,5,1,4,0,0,0,0,0,4,4,0,0,5,0,1,2
60402319,0,,,33,18,15,4,3,1,29,15,14,13,9,4,27,13,14,27,13,14,16,6,10,5,1,4,2,0,2,1,0,1,0,0,0,9,9,2,0,4,0,1,0,2,7,3,4,0,8,0,1,0
60402321,0,,,93,48,45,13,6,7,80,42,38,39,21,18,78,41,37,77,41,36,41,21,20,24,10,14,7,2,5,0,0,0,0,0,0,29,29,5,10,4,3,3,0,4,23,13,10,3,25,0,4,6
60402322,0,,,205,93,112,11,4,7,194,89,105,92,45,47,190,89,101,188,87,101,102,44,58,50,20,30,14,6,8,0,0,0,0,0,0,80,80,18,30,15,7,6,4,0,62,42,20,2,66,0,13,13
60402324,2,60402325,,9,5,4,*,*,*,*,*,*,*,*,*,*,*,*,*,*,*,*,*,*,*,*,*,*,*,*,*,*,*,*,*,*,3,3,*,*,*,*,*,*,*,*,*,*,*,*,*,*,*
60402325,1,,60402324,11,7,4,4,3,1,16,9,7,9,5,4,16,9,7,16,9,7,7,4,3,3,1,2,0,0,0,0,0,0,0,0,0,3,3,1,0,2,2,1,0,0,5,4,1,1,5,0,1,0
60402330,2,60402331,,4,2,2,*,*,*,*,*,*,*,*,*,*,*,*,*,*,*,*,*,*,*,*,*,*,*,*,*,*,*,*,*,*,2,2,*,*,*,*,*,*,*,*,*,*,*,*,*,*,*
60402331,1,,60402330,164,71,93,7,1,6,161,72,89,80,36,44,156,71,85,153,71,82,81,36,45,43,17,26,12,0,12,0,0,0,4,0,4,58,58,9,21,18,4,3,3,2,51,32,19,3,48,1,5,15
60402332,0,,,12,6,6,0,0,0,12,6,6,3,2,1,12,6,6,12,6,6,9,4,5,4,1,3,1,0,1,0,0,0,0,0,0,5,5,0,3,2,0,0,0,0,5,4,1,0,5,0,0,2
60402340,0,,,69,36,33,14,11,3,55,25,30,29,15,14,53,25,28,53,25,28,26,10,16,11,4,7,6,2,4,0,0,0,1,0,1,22,22,2,10,2,4,2,0,2,20,17,3,4,17,0,2,4
60402341,0,,,255,121,134,25,12,13,230,109,121,131,65,66,219,103,116,215,101,114,99,44,55,43,15,28,20,6,14,1,0,1,0,0,0,85,85,17,22,22,7,7,6,4,68,41,27,7,60,0,10,12
60402350,0,,,798,377,421,88,53,35,709,323,386,409,204,205,688,311,377,679,307,372,300,119,181,138,50,88,36,8,28,2,1,1,1,0,1,343,342,113,108,51,46,17,6,1,229,190,39,22,210,7,72,56
60402351,0,,,67,26,41,2,1,1,65,25,40,22,12,10,65,25,40,64,25,39,43,13,30,35,8,27,27,7,20,1,0,1,1,0,1,16,15,0,9,3,2,1,0,0,15,12,3,0,10,0,0,4
60402354,0,,,21,10,11,0,0,0,21,10,11,6,3,3,21,10,11,21,10,11,15,7,8,5,3,2,0,0,0,0,0,0,0,0,0,9,9,2,3,3,1,0,0,0,7,7,0,0,8,0,1,3
60402360,0,,,583,264,319,48,24,24,535,240,295,275,153,122,515,227,288,505,220,285,260,87,173,183,55,128,95,22,73,19,3,16,5,2,3,202,196,67,62,31,21,8,6,1,127,102,25,11,113,6,36,21
60402363,0,,,9,5,4,0,0,0,9,5,4,3,2,1,9,5,4,9,5,4,6,3,3,4,1,3,1,0,1,1,0,1,0,0,0,5,5,2,2,1,0,0,0,0,3,2,1,0,4,0,2,1
60402370,0,,,770,356,414,75,36,39,694,319,375,394,202,192,684,314,370,673,307,366,300,117,183,168,61,107,55,21,34,1,0,1,2,0,2,352,351,133,117,50,24,15,9,3,217,172,45,23,208,8,70,55
60402371,0,,,149,70,79,15,6,9,133,63,70,73,37,36,130,62,68,129,61,68,60,26,34,27,11,16,11,1,10,0,0,0,0,0,0,51,51,8,17,10,8,5,2,1,43,30,13,3,36,0,6,7
60402372,0,,,20,12,8,3,3,0,17,9,8,9,5,4,17,9,8,17,9,8,8,4,4,3,1,2,2,1,1,0,0,0,0,0,0,8,8,2,2,2,2,0,0,0,6,4,2,0,6,0,2,1
60402373,1,,60402383,52,27,25,7,4,3,48,24,24,24,13,11,46,23,23,44,21,23,24,11,13,12,5,7,5,1,4,0,0,0,0,0,0,16,16,3,3,3,3,5,0,0,14,7,7,1,14,0,3,2
60402380,0,,,805,387,418,77,34,43,720,347,373,429,223,206,697,338,359,690,336,354,291,124,167,146,51,95,52,17,35,7,1,6,0,0,0,345,345,119,105,57,31,22,6,5,223,166,57,21,199,22,54,43
60402381,0,,,219,97,122,29,15,14,189,81,108,116,54,62,186,81,105,185,81,104,73,27,46,40,12,28,22,4,18,1,0,1,7,0,7,86,85,35,18,16,7,3,4,2,50,34,16,8,43,2,11,6
60402382,0,,,33,15,18,3,0,3,30,15,15,14,9,5,29,14,15,29,14,15,16,6,10,8,3,5,0,0,0,0,0,0,0,0,0,13,13,2,7,2,0,1,1,0,10,7,3,0,11,0,2,3
60402383,2,60402373,,3,1,2,*,*,*,*,*,*,*,*,*,*,*,*,*,*,*,*,*,*,*,*,*,*,*,*,*,*,*,*,*,*,1,1,*,*,*,*,*,*,*,*,*,*,*,*,*,*,*
60402385,1,,60402389,32,15,17,1,1,0,36,16,20,20,10,10,36,16,20,36,16,20,16,6,10,8,3,5,0,0,0,0,0,0,0,0,0,10,10,0,5,4,2,0,0,1,12,7,5,0,10,0,0,2
60402389,2,60402385,,5,2,3,*,*,*,*,*,*,*,*,*,*,*,*,*,*,*,*,*,*,*,*,*,*,*,*,*,*,*,*,*,*,2,2,*,*,*,*,*,*,*,*,*,*,*,*,*,*,*
60402391,0,,,21,11,10,5,2,3,16,9,7,9,6,3,16,9,7,16,9,7,7,3,4,2,1,1,2,1,1,0,0,0,0,0,0,6,6,0,3,1,0,0,2,0,6,4,2,2,5,0,0,1
60402404,0,,,39,19,20,3,1,2,36,18,18,20,11,9,36,18,18,36,18,18,16,7,9,8,3,5,5,2,3,0,0,0,0,0,0,12,12,1,2,6,1,0,2,0,11,6,5,1,10,0,1,1
60402408,2,60402417,,10,7,3,*,*,*,*,*,*,*,*,*,*,*,*,*,*,*,*,*,*,*,*,*,*,*,*,*,*,*,*,*,*,3,3,*,*,*,*,*,*,*,*,*,*,*,*,*,*,*
60402410,0,,,11,7,4,3,3,0,8,4,4,3,2,1,8,4,4,8,4,4,5,2,3,2,1,1,0,0,0,0,0,0,0,0,0,4,4,2,1,0,0,0,0,1,2,1,1,0,3,0,1,1
60402411,0,,,13,6,7,0,0,0,13,6,7,3,1,2,13,6,7,13,6,7,10,5,5,5,2,3,1,0,1,0,0,0,0,0,0,7,7,1,6,0,0,0,0,0,6,6,0,0,7,0,1,5
60402416,1,,60402426,234,121,113,16,10,6,222,113,109,102,53,49,218,111,107,215,109,106,120,60,60,61,29,32,18,8,10,1,0,1,2,0,2,85,85,16,28,23,11,4,3,2,71,46,25,4,74,1,11,16
60402417,1,,60402408,224,111,113,13,8,5,221,110,111,109,54,55,217,108,109,213,107,106,112,56,56,65,30,35,25,12,13,3,2,1,0,0,0,76,76,17,17,21,9,8,5,2,62,28,34,4,71,0,14,9
60402418,0,,,122,56,66,9,4,5,113,52,61,51,25,26,109,50,59,109,50,59,62,27,35,28,9,19,12,4,8,1,1,0,0,0,0,44,44,13,13,7,5,1,1,4,31,17,14,2,38,1,8,9
60402419,0,,,104,46,58,9,4,5,95,42,53,55,25,30,93,42,51,91,42,49,40,17,23,20,6,14,5,1,4,0,0,0,0,0,0,31,31,6,4,8,6,2,3,2,25,11,14,2,27,0,4,3
60402421,0,,,11,7,4,0,0,0,11,7,4,3,3,0,11,7,4,11,7,4,8,4,4,5,3,2,4,2,2,0,0,0,0,0,0,7,7,3,4,0,0,0,0,0,4,4,0,0,6,0,2,2
60402424,0,,,127,63,64,22,13,9,105,50,55,68,31,37,102,48,54,100,47,53,37,19,18,23,10,13,9,3,6,1,0,1,0,0,0,32,32,3,9,2,8,2,2,6,29,13,16,5,22,0,1,4
60402425,0,,,55,27,28,3,2,1,52,25,27,32,17,15,52,25,27,51,25,26,20,8,12,8,3,5,3,1,2,1,0,1,0,0,0,15,15,0,6,2,2,3,1,1,15,10,5,0,12,0,0,4
60402426,2,60402416,,4,2,2,*,*,*,*,*,*,*,*,*,*,*,*,*,*,*,*,*,*,*,*,*,*,*,*,*,*,*,*,*,*,2,2,*,*,*,*,*,*,*,*,*,*,*,*,*,*,*
60402427,0,,,150,65,85,12,6,6,138,59,79,76,32,44,136,58,78,135,58,77,62,27,35,26,7,19,11,3,8,2,0,2,0,0,0,46,46,8,13,5,8,7,2,3,37,16,21,2,35,0,3,6
60402428,0,,,245,122,123,11,7,4,234,115,119,130,71,59,230,115,115,229,115,114,104,44,60,64,24,40,23,10,13,1,0,1,0,0,0,85,85,17,24,17,15,7,3,2,66,40,26,3,65,0,13,7
60402429,0,,,22,8,14,1,0,1,21,8,13,12,5,7,20,8,12,19,7,12,9,3,6,4,1,3,1,0,1,0,0,0,0,0,0,7,7,1,2,1,1,2,0,0,6,3,3,0,6,0,1,2
60402432,0,,,103,54,49,4,2,2,99,52,47,43,23,20,98,52,46,97,51,46,56,29,27,30,13,17,11,5,6,0,0,0,0,0,0,36,36,4,14,9,4,3,1,1,32,18,14,0,35,0,3,5
60402434,0,,,35,19,16,0,0,0,35,19,16,19,13,6,32,17,15,32,17,15,16,6,10,8,3,5,1,0,1,0,0,0,0,0,0,13,13,3,4,2,2,2,0,0,10,8,2,0,10,0,2,1
60402435,0,,,105,54,51,7,3,4,98,51,47,44,27,17,96,49,47,95,49,46,54,24,30,22,6,16,5,0,5,0,0,0,0,0,0,38,38,7,12,11,5,0,1,2,30,22,8,3,33,0,5,7
60402436,0,,,82,40,42,6,2,4,76,38,38,38,21,17,74,37,37,73,37,36,38,17,21,21,8,13,7,2,5,0,0,0,0,0,0,29,29,6,7,8,4,3,0,1,23,16,7,0,23,0,5,3
60402437,0,,,77,34,43,7,3,4,69,30,39,43,20,23,66,29,37,63,28,35,26,10,16,16,6,10,6,2,4,0,0,0,0,0,0,30,30,8,10,4,6,0,1,1,22,16,6,2,19,0,5,5
60402438,0,,,119,54,65,9,5,4,110,49,61,62,30,32,106,46,60,103,45,58,48,19,29,27,8,19,9,3,6,1,0,1,1,0,1,42,42,6,15,11,5,2,1,2,35,19,16,2,30,0,5,4
60402439,0,,,30,16,14,4,4,0,26,12,14,10,5,5,26,12,14,26,12,14,16,7,9,7,2,5,3,1,2,0,0,0,0,0,0,9,9,1,2,4,1,0,0,1,8,4,4,0,8,0,0,1
60402442,0,,,42,23,19,2,1,1,40,22,18,19,13,6,40,22,18,40,22,18,21,9,12,13,4,9,5,1,4,1,0,1,0,0,0,15,15,2,4,7,0,1,1,0,13,7,6,2,12,0,1,0
60402444,0,,,54,23,31,6,2,4,48,21,27,29,14,15,48,21,27,48,21,27,19,7,12,11,2,9,5,1,4,0,0,0,0,0,0,16,16,4,0,5,4,2,0,1,12,4,8,1,14,0,4,0
60402445,0,,,233,109,124,19,9,10,214,100,114,106,45,61,209,100,109,208,99,109,108,55,53,46,18,28,13,3,10,0,0,0,0,0,0,84,84,18,24,20,10,8,2,2,66,39,27,5,71,1,14,11
60402447,0,,,333,171,162,24,14,10,309,157,152,164,90,74,299,150,149,295,148,147,145,67,78,74,28,46,21,9,12,2,0,2,1,0,1,124,124,32,30,30,17,8,6,1,92,65,27,3,97,0,26,16
60402448,0,,,85,41,44,9,3,6,76,38,38,37,20,17,74,38,36,72,37,35,39,18,21,22,9,13,9,2,7,0,0,0,0,0,0,25,25,2,7,5,7,0,2,2,23,11,12,1,22,0,1,2
60402449,0,,,97,58,39,0,0,0,97,58,39,50,33,17,97,58,39,97,58,39,47,25,22,21,10,11,5,2,3,0,0,0,0,0,0,1,0,0,0,0,0,0,0,0,0,0,0,0,0,0,0,0
60402451,0,,,25,11,14,4,1,3,21,10,11,8,5,3,21,10,11,21,10,11,13,5,8,5,1,4,2,0,2,0,0,0,0,0,0,8,8,1,2,3,0,1,1,0,7,4,3,1,6,0,0,1
60402452,0,,,64,26,38,8,4,4,56,22,34,32,13,19,54,21,33,53,21,32,24,9,15,9,3,6,3,1,2,0,0,0,0,0,0,18,18,1,7,4,1,1,2,2,17,9,8,1,15,0,1,3
60402453,0,,,20,9,11,0,0,0,20,9,11,10,4,6,19,8,11,19,8,11,10,5,5,5,2,3,1,1,0,0,0,0,0,0,0,8,8,3,0,3,2,0,0,0,5,2,3,0,8,0,3,0
60402454,0,,,348,168,180,30,10,20,318,158,160,178,96,82,309,153,156,308,152,156,140,62,78,60,23,37,18,5,13,1,0,1,0,0,0,127,127,18,50,34,11,5,8,1,107,83,24,6,90,0,15,24
60402455,0,,,239,125,114,26,16,10,213,109,104,136,72,64,170,81,89,168,81,87,77,37,40,31,12,19,10,2,8,2,0,2,1,0,1,67,65,16,14,15,8,4,5,3,49,29,20,3,51,0,13,9
60402456,0,,,386,141,245,26,17,9,360,124,236,132,64,68,354,121,233,352,121,231,228,60,168,180,36,144,123,15,108,27,1,26,2,0,2,89,86,16,26,19,14,6,2,3,69,44,25,5,58,0,8,9
60402457,0,,,98,48,50,5,2,3,93,46,47,48,29,19,90,44,46,88,43,45,45,17,28,32,12,20,17,4,13,2,1,1,0,0,0,30,29,6,9,6,4,3,0,1,23,16,7,1,18,0,4,4
60402459,0,,,53,22,31,2,1,1,51,21,30,19,9,10,51,21,30,51,21,30,32,12,20,14,3,11,6,0,6,0,0,0,0,0,0,21,21,4,7,5,5,0,0,0,17,10,7,1,19,0,4,3
60402461,2,60402471,,5,1,4,*,*,*,*,*,*,*,*,*,*,*,*,*,*,*,*,*,*,*,*,*,*,*,*,*,*,*,*,*,*,2,2,*,*,*,*,*,*,*,*,*,*,*,*,*,*,*
60402462,0,,,87,41,46,7,3,4,80,38,42,44,23,21,77,36,41,77,36,41,36,15,21,13,3,10,8,2,6,1,1,0,0,0,0,28,28,5,8,6,4,1,2,2,23,13,10,1,22,0,5,5
60402463,0,,,81,40,41,7,3,4,74,37,37,41,22,19,72,36,36,72,36,36,33,15,18,10,3,7,5,1,4,0,0,0,0,0,0,26,26,5,5,7,3,3,3,0,21,15,6,2,21,0,3,2
60402464,0,,,270,131,139,27,16,11,243,115,128,134,64,70,238,110,128,234,107,127,109,51,58,38,15,23,20,8,12,1,1,0,0,0,0,82,82,8,23,18,16,8,7,2,74,42,32,7,63,0,6,13
60402465,0,,,178,97,81,17,8,9,161,89,72,98,59,39,155,86,69,151,82,69,63,30,33,27,9,18,9,5,4,0,0,0,0,0,0,66,66,19,17,15,6,3,3,3,47,34,13,7,42,0,11,7
60402466,0,,,823,402,421,92,41,51,729,360,369,456,242,214,703,343,360,697,340,357,273,118,155,146,55,91,55,18,37,4,1,3,2,2,0,299,298,60,92,65,45,22,10,4,238,174,64,24,169,10,32,46
60402467,0,,,583,279,304,77,45,32,506,234,272,322,159,163,487,223,264,480,217,263,184,75,109,102,43,59,38,19,19,2,0,2,7,0,7,237,236,61,87,42,32,10,1,3,174,150,24,20,119,6,36,30
60402468,0,,,107,52,55,14,5,9,93,47,46,49,24,25,90,46,44,87,45,42,44,23,21,21,10,11,10,4,6,0,0,0,0,0,0,30,30,6,5,4,7,2,4,2,24,10,14,3,25,0,5,4
60402469,0,,,11,7,4,1,1,0,10,6,4,5,3,2,10,6,4,10,6,4,5,3,2,0,0,0,0,0,0,0,0,0,0,0,0,4,4,0,2,1,1,0,0,0,4,3,1,0,3,0,0,1
60402470,0,,,54,25,29,2,0,2,52,25,27,30,17,13,52,25,27,51,24,27,22,8,14,17,7,10,7,2,5,0,0,0,0,0,0,19,19,3,8,2,4,0,1,1,16,11,5,1,15,0,2,4
60402471,1,,60402461;60402472,186,101,85,14,8,6,182,97,85,99,57,42,181,96,85,180,95,85,83,40,43,37,12,25,18,5,13,0,0,0,0,0,0,66,66,13,19,13,16,6,2,0,56,31,25,5,56,0,9,6
60402472,2,60402471,,5,3,2,*,*,*,*,*,*,*,*,*,*,*,*,*,*,*,*,*,*,*,*,*,*,*,*,*,*,*,*,*,*,1,1,*,*,*,*,*,*,*,*,*,*,*,*,*,*,*
60402474,0,,,19,9,10,3,2,1,16,7,9,13,6,7,16,7,9,15,6,9,3,1,2,1,0,1,1,0,1,0,0,0,0,0,0,6,6,1,1,1,2,1,0,0,5,4,1,0,2,0,0,1
60402475,0,,,425,196,229,49,18,31,375,177,198,246,117,129,354,169,185,343,164,179,129,60,69,47,24,23,13,5,8,0,0,0,6,0,6,168,168,44,57,26,22,14,4,1,124,108,16,11,82,6,18,25
60402476,0,,,1763,835,928,174,92,82,1585,741,844,844,438,406,1553,729,824,1532,711,821,741,303,438,439,162,277,150,60,90,8,1,7,23,3,20,714,714,215,217,135,82,32,21,12,496,369,127,52,513,16,153,94
60402477,0,,,237,107,130,23,12,11,212,94,118,134,57,77,208,92,116,198,88,110,78,37,41,38,15,23,13,4,9,2,1,1,22,0,22,120,119,62,25,17,11,2,1,1,56,43,13,3,46,28,10,11
60402478,0,,,45,22,23,2,2,0,43,20,23,17,6,11,42,19,23,41,19,22,26,14,12,12,6,6,3,2,1,1,1,0,0,0,0,19,19,7,4,4,3,0,1,0,12,7,5,0,18,0,7,2
60402480,0,,,89,44,45,5,3,2,84,41,43,44,26,18,80,37,43,80,37,43,40,15,25,23,6,17,13,3,10,0,0,0,1,0,1,29,29,4,8,7,4,4,2,0,25,13,12,2,25,0,4,2
60402481,0,,,55,30,25,6,3,3,49,27,22,30,18,12,48,26,22,46,24,22,19,9,10,10,4,6,3,0,3,0,0,0,0,0,0,16,16,3,4,3,1,2,1,2,12,5,7,2,13,0,3,1
60402482,0,,,44,23,21,3,3,0,40,19,21,15,5,10,40,19,21,40,19,21,25,14,11,11,3,8,7,2,5,0,0,0,1,0,1,15,15,2,2,8,1,2,0,0,12,6,6,1,13,0,0,1
60402483,0,,,364,187,177,31,17,14,328,165,163,183,105,78,321,161,160,315,159,156,145,60,85,81,31,50,28,5,23,0,0,0,0,0,0,136,136,46,30,22,16,11,6,5,90,49,41,5,87,23,12,14
60402484,0,,,626,307,319,58,34,24,568,273,295,302,151,151,557,264,293,551,263,288,266,122,144,137,54,83,44,15,29,4,1,3,0,0,0,211,211,31,78,39,23,23,10,7,180,115,65,13,165,1,18,38
60402485,0,,,12,6,6,0,0,0,12,6,6,4,2,2,12,6,6,12,6,6,8,4,4,2,0,2,0,0,0,0,0,0,0,0,0,6,6,1,4,1,0,0,0,0,5,5,0,0,6,0,1,2
60402486,0,,,400,165,235,35,19,16,365,146,219,166,88,78,358,142,216,357,142,215,199,58,141,126,26,100,74,8,66,12,1,11,4,1,3,116,114,23,29,28,17,6,7,4,90,54,36,3,86,0,16,11
60402490,0,,,114,54,60,9,5,4,105,49,56,57,28,29,100,47,53,99,46,53,48,21,27,28,11,17,7,4,3,0,0,0,0,0,0,40,40,6,19,3,4,5,1,2,34,21,13,2,34,0,5,11
60402491,0,,,156,53,103,1,1,0,155,52,103,36,19,17,151,49,102,151,49,102,119,33,86,97,24,73,72,12,60,11,0,11,0,0,0,31,30,8,10,6,2,3,0,1,22,13,9,0,24,0,4,6
60402492,0,,,119,61,58,10,4,6,107,56,51,65,36,29,103,55,48,101,54,47,42,20,22,17,8,9,3,0,3,0,0,0,0,0,0,41,41,7,10,11,7,5,1,0,33,23,10,2,26,0,3,6
60402493,0,,,105,50,55,15,6,9,90,44,46,58,29,29,87,42,45,85,41,44,32,15,17,12,4,8,4,1,3,0,0,0,0,0,0,29,29,2,9,8,2,2,3,3,27,18,9,3,21,0,2,3
60402494,0,,,27,12,15,5,2,3,22,10,12,14,6,8,21,10,11,21,10,11,8,4,4,3,1,2,2,1,1,0,0,0,0,0,0,8,8,0,3,0,4,1,0,0,8,7,1,0,4,0,0,1
60402495,0,,,156,67,89,12,4,8,144,63,81,66,32,34,142,62,80,142,62,80,78,31,47,42,13,29,13,2,11,0,0,0,0,0,0,55,54,9,20,11,11,2,1,0,45,30,15,4,43,0,7,10
60402496,0,,,202,91,111,21,9,12,181,82,99,75,35,40,177,82,95,175,82,93,106,47,59,50,16,34,16,4,12,1,0,1,0,0,0,71,71,12,27,15,5,5,4,3,59,38,21,4,62,0,11,19
60402500,2,60402510,,3,2,1,*,*,*,*,*,*,*,*,*,*,*,*,*,*,*,*,*,*,*,*,*,*,*,*,*,*,*,*,*,*,2,2,*,*,*,*,*,*,*,*,*,*,*,*,*,*,*
60402510,1,,60402500,87,43,44,4,3,1,86,42,44,44,23,21,85,42,43,84,41,43,42,19,23,18,7,11,10,4,6,0,0,0,1,0,1,33,33,10,9,8,3,4,1,0,25,18,7,1,26,0,6,5
60402517,0,,,23,11,12,0,0,0,23,11,12,9,5,4,23,11,12,23,11,12,14,6,8,7,3,4,3,1,2,1,0,1,0,0,0,9,9,1,3,4,1,0,0,0,8,5,3,0,7,0,1,1
60402520,2,60402530,,3,2,1,*,*,*,*,*,*,*,*,*,*,*,*,*,*,*,*,*,*,*,*,*,*,*,*,*,*,*,*,*,*,2,2,*,*,*,*,*,*,*,*,*,*,*,*,*,*,*
60402526,1,,60402527,18,8,10,2,0,2,22,11,11,12,6,6,21,11,10,20,10,10,10,5,5,7,2,5,2,0,2,0,0,0,0,0,0,7,7,2,2,1,1,1,1,0,6,2,4,0,7,0,1,1
60402527,2,60402526,,6,3,3,*,*,*,*,*,*,*,*,*,*,*,*,*,*,*,*,*,*,*,*,*,*,*,*,*,*,*,*,*,*,1,1,*,*,*,*,*,*,*,*,*,*,*,*,*,*,*
60402530,1,,60402520,21,9,12,3,1,2,21,10,11,10,4,6,21,10,11,19,10,9,11,6,5,6,3,3,2,1,1,0,0,0,0,0,0,6,6,1,4,1,0,0,2,0,7,6,1,0,7,0,1,3
60402535,2,60402545,,4,2,2,*,*,*,*,*,*,*,*,*,*,*,*,*,*,*,*,*,*,*,*,*,*,*,*,*,*,*,*,*,*,2,2,*,*,*,*,*,*,*,*,*,*,*,*,*,*,*
60402545,1,,60402535,169,83,86,4,3,1,169,82,87,79,41,38,164,79,85,162,79,83,90,41,49,42,17,25,17,8,9,1,0,1,0,0,0,55,55,4,22,15,6,5,4,1,53,30,23,0,49,0,2,13
60402550,1,,60402560,310,124,186,13,5,8,302,122,180,116,61,55,295,119,176,293,119,174,186,61,125,125,35,90,57,9,48,13,0,13,0,0,0,97,96,27,30,12,18,7,1,2,69,45,24,1,74,1,18,19
60402551,0,,,631,293,338,31,18,13,600,275,325,294,147,147,592,268,324,587,266,321,306,128,178,171,65,106,58,25,33,4,1,3,0,0,0,271,267,71,115,46,19,9,2,5,192,149,43,8,196,2,50,57
60402552,0,,,195,51,144,3,0,3,157,47,110,20,10,10,157,47,110,156,47,109,137,37,100,116,29,87,83,17,66,25,5,20,0,0,0,27,23,7,6,7,2,0,0,1,16,11,5,1,20,0,6,4
60402553,0,,,310,141,169,24,8,16,286,133,153,123,63,60,283,132,151,283,132,151,163,70,93,89,29,60,37,11,26,3,1,2,0,0,0,120,120,33,32,26,19,4,3,3,87,53,34,3,105,0,28,15
60402554,0,,,39,18,21,1,1,0,38,17,21,14,6,8,38,17,21,38,17,21,24,11,13,12,5,7,1,1,0,0,0,0,0,0,0,16,16,4,4,5,3,0,0,0,12,7,5,0,15,0,3,4
60402559,2,60402578,,3,1,2,*,*,*,*,*,*,*,*,*,*,*,*,*,*,*,*,*,*,*,*,*,*,*,*,*,*,*,*,*,*,2,2,*,*,*,*,*,*,*,*,*,*,*,*,*,*,*
60402560,2,60402550,,5,3,2,*,*,*,*,*,*,*,*,*,*,*,*,*,*,*,*,*,*,*,*,*,*,*,*,*,*,*,*,*,*,1,1,*,*,*,*,*,*,*,*,*,*,*,*,*,*,*
60402561,0,,,211,102,109,16,9,7,194,92,102,122,61,61,192,92,100,190,91,99,72,31,41,43,17,26,14,5,9,0,0,0,0,0,0,67,65,25,18,7,11,1,2,1,40,29,11,4,34,7,10,8
60402562,0,,,40,21,19,0,0,0,40,21,19,19,12,7,40,21,19,40,21,19,21,9,12,12,6,6,2,1,1,0,0,0,0,0,0,19,19,7,5,5,2,0,0,0,12,9,3,0,14,0,5,2
60402563,0,,,107,46,61,13,5,8,94,41,53,45,20,25,93,40,53,92,40,52,49,21,28,25,7,18,7,2,5,1,1,0,0,0,0,41,41,10,14,9,1,6,0,1,31,21,10,3,34,0,9,8
60402564,0,,,129,55,74,9,3,6,120,52,68,59,27,32,116,51,65,114,49,65,61,25,36,29,8,21,9,3,6,0,0,0,0,0,0,48,48,10,18,7,6,4,3,0,38,24,14,1,42,0,8,8
60402566,0,,,21,9,12,3,2,1,18,7,11,9,4,5,18,7,11,18,7,11,9,3,6,6,2,4,1,0,1,0,0,0,0,0,0,6,6,1,1,2,0,1,0,1,5,2,3,0,6,0,1,1
60402567,0,,,112,53,59,12,6,6,100,47,53,49,25,24,98,46,52,97,45,52,51,22,29,28,10,18,7,2,5,0,0,0,0,0,0,34,34,6,8,10,2,2,3,3,28,13,15,3,31,0,4,5
60402572,0,,,100,53,47,10,7,3,90,46,44,47,24,23,86,43,43,85,42,43,43,22,21,15,7,8,5,0,5,1,0,1,2,0,2,31,31,4,8,9,3,4,1,2,26,16,10,4,26,0,3,5
60402573,0,,,9,4,5,0,0,0,9,4,5,3,2,1,9,4,5,9,4,5,6,2,4,2,0,2,1,0,1,0,0,0,0,0,0,4,4,0,3,1,0,0,0,0,4,4,0,0,4,0,0,1
60402574,0,,,140,68,72,13,9,4,127,59,68,58,31,27,122,56,66,119,53,66,69,28,41,33,12,21,6,2,4,0,0,0,0,0,0,43,43,8,10,8,5,6,4,2,35,14,21,2,41,0,7,9
60402575,0,,,140,67,73,7,3,4,133,64,69,75,39,36,131,63,68,130,63,67,58,25,33,31,14,17,17,6,11,0,0,0,0,0,0,49,49,5,17,15,6,4,2,0,44,22,22,2,38,0,3,8
60402576,0,,,24,14,10,0,0,0,24,14,10,10,5,5,23,13,10,22,13,9,14,9,5,9,5,4,5,4,1,0,0,0,0,0,0,9,9,3,2,2,1,0,0,1,6,4,2,0,8,0,2,2
60402578,1,,60402559,137,61,76,18,8,10,122,54,68,57,29,28,122,54,68,119,52,67,65,25,40,33,9,24,14,2,12,0,0,0,0,0,0,44,44,14,8,6,8,3,5,2,32,11,21,7,44,0,13,8
60402579,0,,,23,12,11,3,3,0,20,9,11,10,6,4,20,9,11,20,9,11,10,3,7,5,2,3,4,2,2,0,0,0,0,0,0,6,6,0,1,1,3,0,1,0,6,3,3,0,5,0,0,0
60402585,0,,,218,107,111,12,10,2,205,96,109,113,54,59,201,94,107,200,94,106,92,42,50,50,19,31,17,8,9,0,0,0,0,0,0,72,72,11,22,14,12,9,2,2,60,34,26,4,55,0,6,7
60402586,0,,,19,9,10,1,0,1,18,9,9,10,6,4,18,9,9,18,9,9,8,3,5,4,1,3,1,0,1,0,0,0,0,0,0,7,7,1,3,1,1,1,0,0,6,4,2,1,5,0,1,1
60402588,0,,,118,54,64,11,5,6,107,49,58,53,24,29,106,49,57,105,49,56,54,25,29,28,9,19,5,3,2,0,0,0,0,0,0,47,47,15,13,8,4,5,2,0,32,19,13,3,39,0,12,7
60402589,0,,,142,67,75,4,3,1,138,64,74,61,30,31,133,63,70,133,63,70,77,34,43,44,17,27,10,0,10,0,0,0,0,0,0,54,54,12,13,19,4,5,1,0,42,27,15,0,50,0,10,8
60402599,0,,,54,28,26,7,6,1,47,22,25,19,12,7,46,21,25,45,20,25,28,10,18,13,3,10,2,0,2,0,0,0,0,0,0,17,17,3,7,1,2,1,1,2,14,7,7,1,16,0,3,5
60402602,0,,,163,84,79,9,5,4,154,79,75,86,52,34,150,76,74,148,75,73,68,27,41,30,11,19,8,1,7,3,0,3,0,0,0,67,67,19,25,7,9,5,2,0,48,32,16,1,46,0,10,10
60402603,1,,60402604,111,46,65,15,6,9,108,46,62,59,28,31,106,45,61,106,45,61,49,18,31,18,5,13,6,2,4,1,0,1,0,0,0,40,40,7,14,10,6,4,1,1,36,21,15,3,35,0,5,8
60402604,2,60402603,,12,6,6,*,*,*,*,*,*,*,*,*,*,*,*,*,*,*,*,*,*,*,*,*,*,*,*,*,*,*,*,*,*,3,3,*,*,*,*,*,*,*,*,*,*,*,*,*,*,*
60402611,0,,,215,109,106,23,16,7,192,93,99,102,56,46,183,88,95,179,85,94,90,37,53,55,22,33,14,4,10,1,0,1,0,0,0,85,85,22,27,18,11,3,2,2,63,49,14,4,58,0,18,15
60402612,0,,,797,349,448,60,32,28,737,317,420,415,192,223,712,302,410,699,298,401,322,125,197,156,45,111,61,14,47,2,0,2,9,1,8,337,337,99,121,57,33,15,7,5,236,175,61,15,225,6,59,44
60402613,1,,60402614,624,308,316,73,39,34,553,270,283,302,158,144,536,262,274,529,258,271,251,112,139,139,61,78,34,15,19,3,1,2,0,0,0,242,242,56,87,49,27,13,8,4,188,146,42,17,172,0,38,42
60402614,2,60402613,,2,1,1,*,*,*,*,*,*,*,*,*,*,*,*,*,*,*,*,*,*,*,*,*,*,*,*,*,*,*,*,*,*,2,2,*,*,*,*,*,*,*,*,*,*,*,*,*,*,*
60402620,0,,,40,21,19,7,5,2,33,16,17,17,9,8,33,16,17,33,16,17,16,7,9,7,3,4,2,1,1,0,0,0,0,0,0,15,15,5,3,4,0,1,2,0,10,7,3,0,10,0,4,2
60402621,0,,,828,391,437,74,42,32,752,347,405,406,215,191,734,336,398,720,323,397,346,132,214,171,61,110,52,13,39,2,2,0,5,0,5,388,388,159,122,49,29,16,10,3,228,176,52,12,268,2,112,45
60402622,0,,,1391,642,749,176,85,91,1210,552,658,684,346,338,1163,528,635,1150,520,630,526,206,320,285,96,189,89,25,64,4,1,3,8,2,6,618,618,232,167,113,63,30,8,5,383,301,82,40,379,10,141,76
60402623,0,,,1254,554,700,112,42,70,1138,509,629,587,302,285,1110,493,617,1103,492,611,551,207,344,325,109,216,106,31,75,8,0,8,7,3,4,524,518,164,175,87,52,26,9,5,350,264,86,28,366,9,104,77
60402624,1,,60402635,206,100,106,17,15,2,197,87,110,109,50,59,192,85,107,188,84,104,88,37,51,49,18,31,19,6,13,3,0,3,1,0,1,84,84,29,26,16,6,5,6,0,59,42,17,4,62,1,23,10
60402625,0,,,48,25,23,4,1,3,44,24,20,24,14,10,44,24,20,44,24,20,20,10,10,8,4,4,3,2,1,0,0,0,0,0,0,18,18,6,3,4,3,1,0,1,12,9,3,2,12,0,4,1
60402630,0,,,11,5,6,0,0,0,11,5,6,5,3,2,11,5,6,11,5,6,6,2,4,4,2,2,0,0,0,0,0,0,0,0,0,4,4,1,1,0,2,0,0,0,3,2,1,0,4,0,1,1
60402631,0,,,96,46,50,10,9,1,86,37,49,46,20,26,82,35,47,80,34,46,40,17,23,18,4,14,4,1,3,0,0,0,0,0,0,41,41,12,18,4,1,4,2,0,28,23,5,1,31,0,11,7
60402632,0,,,1101,535,566,120,66,54,969,459,510,555,293,262,948,448,500,945,448,497,414,166,248,234,76,158,96,29,67,6,1,5,4,1,3,464,462,164,131,84,41,22,16,4,293,207,86,31,269,10,76,47
60402633,0,,,1453,684,769,142,67,75,1305,611,694,746,394,352,1269,593,676,1255,587,668,559,217,342,333,106,227,132,36,96,14,2,12,5,1,4,598,594,203,175,99,73,28,9,7,388,291,97,38,344,18,105,80
60402634,0,,,743,347,396,95,58,37,648,289,359,340,179,161,621,278,343,615,273,342,308,110,198,199,56,143,100,24,76,16,5,11,4,0,4,224,220,58,58,48,40,13,1,2,161,121,40,16,129,0,41,28
60402635,2,60402624,,8,2,6,*,*,*,*,*,*,*,*,*,*,*,*,*,*,*,*,*,*,*,*,*,*,*,*,*,*,*,*,*,*,4,4,*,*,*,*,*,*,*,*,*,*,*,*,*,*,*
60402640,1,,60402641;60402650,15,6,9,3,1,2,18,8,10,6,3,3,18,8,10,18,8,10,12,5,7,6,1,5,4,0,4,0,0,0,0,0,0,5,5,2,5,1,0,0,1,0,6,4,2,1,7,0,1,0
60402641,2,60402640,,3,1,2,*,*,*,*,*,*,*,*,*,*,*,*,*,*,*,*,*,*,*,*,*,*,*,*,*,*,*,*,*,*,2,2,*,*,*,*,*,*,*,*,*,*,*,*,*,*,*
60402643,0,,,1607,781,826,133,65,68,1445,694,751,866,482,384,1409,673,736,1392,663,729,579,212,367,337,96,241,145,30,115,13,1,12,8,2,6,703,698,293,197,110,57,26,9,6,397,325,72,45,315,63,83,82
60402644,1,,60402655,772,389,383,113,62,51,656,323,333,445,230,215,637,313,324,627,308,319,211,93,118,89,40,49,18,6,12,1,0,1,0,0,0,307,307,80,90,74,39,19,6,1,225,186,39,28,149,4,36,31
60402645,0,,,17,8,9,0,0,0,17,8,9,8,5,3,17,8,9,17,8,9,9,3,6,5,1,4,2,0,2,0,0,0,0,0,0,11,11,6,4,1,0,0,0,0,4,4,0,0,7,0,4,1
60402650,2,60402640,,3,2,1,*,*,*,*,*,*,*,*,*,*,*,*,*,*,*,*,*,*,*,*,*,*,*,*,*,*,*,*,*,*,2,2,*,*,*,*,*,*,*,*,*,*,*,*,*,*,*
60402651,0,,,25,13,12,1,1,0,24,12,12,14,8,6,24,12,12,24,12,12,10,4,6,10,4,6,3,1,2,0,0,0,0,0,0,8,8,1,1,4,1,0,1,0,7,3,4,0,7,0,1,1
60402652,0,,,215,100,115,18,9,9,197,91,106,120,58,62,188,86,102,184,86,98,77,33,44,39,13,26,14,4,10,1,1,0,0,0,0,70,70,8,19,19,14,7,2,1,62,37,25,5,51,0,5,4
60402653,0,,,420,206,214,40,15,25,380,191,189,232,129,103,370,186,184,367,184,183,148,62,86,66,26,40,25,7,18,2,1,1,5,4,1,158,158,39,50,31,18,10,5,5,118,80,38,15,97,7,14,12
60402654,0,,,242,100,142,25,9,16,217,91,126,126,54,72,206,85,121,202,84,118,91,37,54,45,15,30,13,4,9,1,0,1,0,0,0,74,74,7,25,12,14,6,8,2,65,38,27,6,61,0,5,12
60402655,2,60402644,,4,2,2,*,*,*,*,*,*,*,*,*,*,*,*,*,*,*,*,*,*,*,*,*,*,*,*,*,*,*,*,*,*,2,2,*,*,*,*,*,*,*,*,*,*,*,*,*,*,*
60402662,0,,,237,121,116,30,17,13,207,104,103,127,68,59,198,99,99,195,96,99,80,36,44,27,11,16,5,0,5,1,0,1,2,0,2,88,88,26,24,15,11,3,6,3,61,39,22,9,55,3,10,9
60402663,0,,,39,16,23,6,1,5,33,15,18,25,11,14,33,15,18,33,15,18,8,4,4,4,1,3,0,0,0,0,0,0,2,1,1,21,21,12,6,0,2,0,0,1,9,8,1,2,6,3,1,2
60402664,0,,,541,246,295,53,19,34,488,227,261,283,143,140,475,221,254,469,217,252,205,84,121,103,37,66,32,11,21,0,0,0,1,1,0,175,175,32,40,45,28,12,10,8,143,89,54,12,135,0,25,16
60402665,0,,,16,8,8,2,0,2,14,8,6,9,6,3,14,8,6,14,8,6,5,2,3,1,0,1,0,0,0,0,0,0,0,0,0,7,7,2,2,2,1,0,0,0,5,5,0,1,3,0,0,1
60402671,0,,,34,17,17,2,2,0,32,15,17,15,7,8,31,14,17,30,14,16,17,8,9,11,4,7,7,3,4,0,0,0,0,0,0,11,11,1,4,3,1,1,0,1,10,7,3,1,9,0,1,1
60402672,0,,,241,112,129,22,9,13,219,103,116,122,60,62,214,102,112,211,101,110,97,43,54,48,20,28,18,7,11,2,1,1,2,1,1,85,85,15,27,16,16,8,2,1,70,42,28,7,65,1,12,12
60402673,0,,,45,22,23,7,5,2,38,17,21,24,10,14,37,17,20,36,17,19,14,7,7,4,1,3,1,0,1,0,0,0,0,0,0,15,15,2,5,4,1,2,0,1,13,10,3,2,10,0,2,3
60402674,0,,,154,71,83,28,13,15,126,58,68,79,39,40,122,57,65,122,57,65,47,19,28,28,10,18,13,3,10,2,0,2,0,0,0,44,44,5,9,14,3,7,2,4,39,21,18,9,29,0,3,4
60402675,1,,60402676,47,23,24,11,5,6,46,24,22,28,16,12,46,24,22,45,23,22,18,8,10,9,4,5,4,2,2,0,0,0,0,0,0,12,12,3,4,2,1,1,1,3,12,7,5,2,12,0,2,3
60402676,2,60402675,,10,6,4,*,*,*,*,*,*,*,*,*,*,*,*,*,*,*,*,*,*,*,*,*,*,*,*,*,*,*,*,*,*,3,3,*,*,*,*,*,*,*,*,*,*,*,*,*,*,*
60402681,0,,,113,53,60,10,4,6,103,49,54,54,26,28,103,49,54,102,49,53,49,23,26,24,7,17,12,1,11,0,0,0,0,0,0,38,38,10,8,6,8,3,2,1,28,14,14,2,32,0,9,3
60402682,0,,,204,98,106,18,7,11,186,91,95,112,57,55,183,90,93,181,89,92,74,34,40,38,15,23,14,5,9,1,0,1,0,0,0,72,72,16,19,18,9,5,1,4,56,35,21,6,44,0,5,9
60402683,0,,,98,45,53,6,1,5,90,42,48,55,26,29,90,42,48,88,41,47,35,16,19,18,7,11,6,3,3,0,0,0,0,0,0,40,40,15,10,6,4,2,2,1,24,14,10,1,25,4,4,4
60402684,0,,,401,190,211,46,25,21,355,165,190,199,103,96,345,160,185,338,155,183,156,62,94,86,30,56,25,8,17,1,0,1,0,0,0,135,135,22,43,28,17,16,3,6,113,74,39,9,105,0,20,26
60402685,0,,,41,18,23,8,3,5,33,15,18,18,9,9,33,15,18,33,15,18,15,6,9,12,4,8,3,1,2,0,0,0,0,0,0,17,17,6,5,4,0,0,1,1,11,8,3,2,11,0,5,3
60402686,0,,,181,92,89,20,9,11,161,83,78,92,48,44,157,81,76,155,79,76,69,35,34,41,21,20,12,6,6,1,0,1,0,0,0,55,55,10,12,9,10,7,4,3,45,20,25,6,45,0,7,6
60402687,0,,,20,11,9,0,0,0,20,11,9,12,7,5,20,11,9,20,11,9,8,4,4,6,3,3,4,2,2,0,0,0,0,0,0,8,8,2,2,3,0,1,0,0,6,4,2,0,6,0,1,0
60402690,0,,,119,56,63,12,9,3,107,47,60,49,24,25,104,45,59,104,45,59,58,23,35,33,12,21,9,2,7,0,0,0,0,0,0,44,44,13,12,6,7,2,3,1,31,14,17,4,38,0,11,9
60402691,0,,,208,104,104,30,16,14,178,88,90,99,56,43,172,84,88,168,80,88,79,32,47,35,10,25,12,2,10,0,0,0,0,0,0,72,72,19,19,11,8,9,2,4,53,33,20,5,50,1,12,11
60402692,0,,,101,48,53,4,3,1,97,45,52,60,29,31,91,43,48,86,40,46,37,16,21,22,8,14,6,2,4,1,0,1,0,0,0,28,28,3,7,5,6,1,3,3,25,13,12,1,23,0,2,2
60402693,0,,,191,93,98,19,12,7,172,81,91,83,42,41,169,79,90,169,79,90,89,39,50,37,12,25,18,3,15,1,1,0,0,0,0,66,66,11,24,12,10,4,2,3,55,30,25,3,56,0,10,10
60402694,0,,,222,111,111,38,19,19,184,92,92,117,64,53,175,87,88,172,85,87,67,28,39,35,17,18,6,2,4,0,0,0,0,0,0,77,77,12,27,12,13,10,3,0,65,49,16,12,46,0,12,10
60402695,0,,,165,80,85,20,10,10,145,70,75,73,42,31,142,68,74,140,66,74,72,28,44,37,10,27,13,4,9,0,0,0,0,0,0,49,49,8,13,9,9,1,3,6,41,22,19,4,46,0,8,8
60402696,1,,60402697,21,10,11,2,2,0,27,11,16,15,7,8,27,11,16,27,11,16,12,4,8,7,2,5,2,0,2,0,0,0,0,0,0,9,9,1,5,2,3,0,0,0,10,5,5,0,8,0,1,2
60402697,2,60402696,,8,3,5,*,*,*,*,*,*,*,*,*,*,*,*,*,*,*,*,*,*,*,*,*,*,*,*,*,*,*,*,*,*,2,2,*,*,*,*,*,*,*,*,*,*,*,*,*,*,*
60403002,0,,,242,116,126,14,6,8,228,110,118,114,59,55,217,101,116,217,101,116,114,51,63,56,22,34,17,8,9,1,1,0,0,0,0,97,97,22,34,23,10,6,1,1,75,55,20,2,75,0,15,21
60403003,1,,60403004,101,49,52,7,2,5,101,51,50,59,32,27,98,49,49,98,49,49,42,19,23,20,8,12,4,1,3,0,0,0,0,0,0,31,31,3,9,7,6,6,2,0,29,19,10,2,27,0,1,4
60403004,2,60403003,,7,4,3,*,*,*,*,*,*,*,*,*,*,*,*,*,*,*,*,*,*,*,*,*,*,*,*,*,*,*,*,*,*,2,2,*,*,*,*,*,*,*,*,*,*,*,*,*,*,*
60403006,2,60403015,,5,1,4,*,*,*,*,*,*,*,*,*,*,*,*,*,*,*,*,*,*,*,*,*,*,*,*,*,*,*,*,*,*,1,1,*,*,*,*,*,*,*,*,*,*,*,*,*,*,*
60403007,2,60403015,,4,4,0,*,*,*,*,*,*,*,*,*,*,*,*,*,*,*,*,*,*,*,*,*,*,*,*,*,*,*,*,*,*,2,2,*,*,*,*,*,*,*,*,*,*,*,*,*,*,*
60403008,2,60403017,,2,1,1,*,*,*,*,*,*,*,*,*,*,*,*,*,*,*,*,*,*,*,*,*,*,*,*,*,*,*,*,*,*,1,1,*,*,*,*,*,*,*,*,*,*,*,*,*,*,*
60403012,2,60403022,,4,1,3,*,*,*,*,*,*,*,*,*,*,*,*,*,*,*,*,*,*,*,*,*,*,*,*,*,*,*,*,*,*,2,2,*,*,*,*,*,*,*,*,*,*,*,*,*,*,*
60403013,0,,,22,10,12,2,1,1,20,9,11,8,4,4,20,9,11,20,9,11,12,5,7,4,1,3,2,1,1,0,0,0,0,0,0,8,8,0,5,1,1,1,0,0,8,6,2,0,7,0,0,3
60403014,0,,,67,30,37,4,3,1,63,27,36,30,14,16,63,27,36,63,27,36,33,13,20,17,4,13,5,1,4,0,0,0,0,0,0,27,27,5,10,9,1,1,1,0,22,14,8,2,22,0,5,6
60403015,1,,60403006;60403007;60403024,50,23,27,6,1,5,61,30,31,28,14,14,61,30,31,60,29,31,33,16,17,13,7,6,6,1,5,1,0,1,0,0,0,17,17,3,4,9,2,3,1,0,19,6,13,2,20,0,3,1
60403016,0,,,54,30,24,3,2,1,51,28,23,27,17,10,50,27,23,50,27,23,24,11,13,7,2,5,5,1,4,0,0,0,0,0,0,17,17,2,5,5,0,3,2,0,15,8,7,1,14,0,1,2
60403017,1,,60403008,13,9,4,1,1,0,14,9,5,7,6,1,14,9,5,14,9,5,7,3,4,5,2,3,3,0,3,0,0,0,0,0,0,6,6,3,2,1,0,1,0,0,4,3,1,1,6,0,3,0
60403022,1,,60403012,143,71,72,8,5,3,139,67,72,80,38,42,133,65,68,131,65,66,59,29,30,28,15,13,6,3,3,2,1,1,1,0,1,52,52,10,15,16,9,2,1,1,44,33,11,1,36,0,5,10
60403023,0,,,214,104,110,10,3,7,204,101,103,83,49,34,204,101,103,203,100,103,121,52,69,57,21,36,22,8,14,3,1,2,0,0,0,90,90,24,30,24,4,6,2,0,66,44,22,2,78,0,16,17
60403024,2,60403015,,8,3,5,*,*,*,*,*,*,*,*,*,*,*,*,*,*,*,*,*,*,*,*,*,*,*,*,*,*,*,*,*,*,2,2,*,*,*,*,*,*,*,*,*,*,*,*,*,*,*
60403025,0,,,47,21,26,0,0,0,47,21,26,23,11,12,45,19,26,44,19,25,24,10,14,14,6,8,6,1,5,0,0,0,0,0,0,20,20,8,5,2,3,1,1,0,12,6,6,0,17,0,6,3
60403026,0,,,17,10,7,1,1,0,16,9,7,7,4,3,16,9,7,16,9,7,9,5,4,2,1,1,1,0,1,0,0,0,0,0,0,6,6,1,1,3,0,1,0,0,5,3,2,0,5,0,1,1
60403027,1,,60403037,411,201,210,36,20,16,379,182,197,215,111,104,371,180,191,366,177,189,164,71,93,86,32,54,37,12,25,1,1,0,2,0,2,145,145,30,44,31,27,5,7,4,118,76,42,10,111,1,19,22
60403032,0,,,139,73,66,9,6,3,130,67,63,72,40,32,124,63,61,122,63,59,58,27,31,20,8,12,7,0,7,0,0,0,2,1,1,52,52,10,20,10,6,2,3,1,41,31,10,3,39,0,7,9
60403033,0,,,113,46,67,7,4,3,106,42,64,42,20,22,103,41,62,103,41,62,64,22,42,38,9,29,21,2,19,1,0,1,0,0,0,41,39,11,10,11,4,3,0,0,28,23,5,1,30,0,10,7
60403034,0,,,223,103,120,19,9,10,204,94,110,109,55,54,199,90,109,199,90,109,95,39,56,52,19,33,10,4,6,0,0,0,1,0,1,84,84,20,27,16,11,5,3,2,64,42,22,2,63,0,12,15
60403035,1,,60403045,111,49,62,7,2,5,108,50,58,58,29,29,105,48,57,103,48,55,50,21,29,30,12,18,11,5,6,1,0,1,0,0,0,39,39,7,13,7,8,1,4,0,33,20,13,2,34,0,5,4
60403036,0,,,102,42,60,12,8,4,90,34,56,61,20,41,88,34,54,87,33,54,29,14,15,16,9,7,2,0,2,0,0,0,18,0,18,48,48,25,8,5,7,1,1,1,23,17,6,2,19,11,5,6
60403037,2,60403027,,4,1,3,*,*,*,*,*,*,*,*,*,*,*,*,*,*,*,*,*,*,*,*,*,*,*,*,*,*,*,*,*,*,3,3,*,*,*,*,*,*,*,*,*,*,*,*,*,*,*
60403042,0,,,86,39,47,7,6,1,79,33,46,40,21,19,77,32,45,76,32,44,39,12,27,23,9,14,7,2,5,1,0,1,0,0,0,36,36,12,11,7,2,2,1,1,24,18,6,1,27,0,8,5
60403043,0,,,56,23,33,3,2,1,53,21,32,20,11,9,53,21,32,53,21,32,33,10,23,23,6,17,15,4,11,2,0,2,0,0,0,20,19,4,8,3,2,2,0,0,15,10,5,0,19,0,4,2
60403045,2,60403035,,4,3,1,*,*,*,*,*,*,*,*,*,*,*,*,*,*,*,*,*,*,*,*,*,*,*,*,*,*,*,*,*,*,1,1,*,*,*,*,*,*,*,*,*,*,*,*,*,*,*
60403046,0,,,96,50,46,2,2,0,94,48,46,39,22,17,92,47,45,92,47,45,55,26,29,27,11,16,9,4,5,0,0,0,0,0,0,40,40,13,14,4,4,4,0,1,26,14,12,1,35,0,10,9
60403052,0,,,474,204,270,38,19,19,436,185,251,203,103,100,425,179,246,424,179,245,233,82,151,153,45,108,93,22,71,19,2,17,1,0,1,155,152,38,56,25,26,4,1,2,114,93,21,5,82,1,17,31
60403053,0,,,319,145,174,26,10,16,292,134,158,149,76,73,284,130,154,284,130,154,143,58,85,79,25,54,27,8,19,2,0,2,0,0,0,132,131,32,46,35,10,7,0,1,99,77,22,6,92,0,22,24
60403055,2,60403065,,5,1,4,*,*,*,*,*,*,*,*,*,*,*,*,*,*,*,*,*,*,*,*,*,*,*,*,*,*,*,*,*,*,3,3,*,*,*,*,*,*,*,*,*,*,*,*,*,*,*
60403056,0,,,110,54,56,2,1,1,108,53,55,57,27,30,106,52,54,104,51,53,51,26,25,21,9,12,5,3,2,0,0,0,0,0,0,42,42,9,15,8,5,3,2,0,33,23,10,0,32,0,4,9
60403063,0,,,200,88,112,14,6,8,186,82,104,93,43,50,180,80,100,177,79,98,93,39,54,46,14,32,18,5,13,1,0,1,0,0,0,74,74,19,23,11,12,4,1,4,55,31,24,4,66,0,16,13
60403065,1,,60403055,31,14,17,1,0,1,35,15,20,17,10,7,35,15,20,35,15,20,18,5,13,11,2,9,7,2,5,1,0,1,0,0,0,13,13,6,5,3,1,0,0,1,10,8,2,1,14,0,5,2
60403066,0,,,19,7,12,0,0,0,19,7,12,10,4,6,19,7,12,19,7,12,9,3,6,5,0,5,4,0,4,1,0,1,0,0,0,8,8,3,2,0,3,0,0,0,5,2,3,0,7,0,2,1
60403067,0,,,53,27,26,2,1,1,51,26,25,25,13,12,50,26,24,50,26,24,26,13,13,10,6,4,3,1,2,0,0,0,0,0,0,17,17,1,5,5,3,3,0,0,16,10,6,1,16,0,1,4
60403073,1,,60403074,192,90,102,11,7,4,182,83,99,91,48,43,176,81,95,176,81,95,91,35,56,45,16,29,12,3,9,0,0,0,0,0,0,80,80,25,28,12,10,4,0,2,56,37,19,2,64,0,18,15
60403074,2,60403073,,1,0,1,*,*,*,*,*,*,*,*,*,*,*,*,*,*,*,*,*,*,*,*,*,*,*,*,*,*,*,*,*,*,1,1,*,*,*,*,*,*,*,*,*,*,*,*,*,*,*
60403075,0,,,29,15,14,0,0,0,29,15,14,7,5,2,29,15,14,29,15,14,22,10,12,7,2,5,5,1,4,0,0,0,0,0,0,12,12,1,7,2,2,0,0,0,11,8,3,0,12,0,1,4
60403082,0,,,127,66,61,7,5,2,120,61,59,59,32,27,118,59,59,118,59,59,61,29,32,24,9,15,13,4,9,1,0,1,0,0,0,53,53,18,18,7,4,3,1,2,35,20,15,2,45,0,15,9
60403083,0,,,42,22,20,4,2,2,38,20,18,20,13,7,38,20,18,38,20,18,18,7,11,12,4,8,5,2,3,0,0,0,0,0,0,15,15,2,6,3,2,1,1,0,13,7,6,1,11,0,1,3
60403085,0,,,109,50,59,5,3,2,104,47,57,51,26,25,103,46,57,103,46,57,53,21,32,26,7,19,9,2,7,1,0,1,0,0,0,45,45,11,15,9,9,1,0,0,34,21,13,1,36,0,11,6
60403092,0,,,449,205,244,55,24,31,394,181,213,227,114,113,384,177,207,378,177,201,167,67,100,91,33,58,35,11,24,0,0,0,16,0,16,199,199,65,65,37,22,7,2,1,134,114,20,14,119,5,39,28
60403096,0,,,21,13,8,0,0,0,21,13,8,7,6,1,20,12,8,20,12,8,14,7,7,2,0,2,1,0,1,0,0,0,0,0,0,11,11,4,5,1,1,0,0,0,7,6,1,0,9,0,2,4
60403097,0,,,42,20,22,1,0,1,41,20,21,20,9,11,41,20,21,41,20,21,21,11,10,13,6,7,5,3,2,0,0,0,1,1,0,15,15,2,5,3,4,1,0,0,13,7,6,1,13,0,2,3
60403102,0,,,70,36,34,5,4,1,65,32,33,28,16,12,64,31,33,63,30,33,37,16,21,20,8,12,7,4,3,0,0,0,0,0,0,24,24,3,10,5,2,1,2,1,21,13,8,0,23,0,3,5
60403105,0,,,77,38,39,8,4,4,69,34,35,35,18,17,68,34,34,68,34,34,34,16,18,10,3,7,4,0,4,0,0,0,0,0,0,27,27,3,10,8,3,1,1,1,24,18,6,2,21,0,3,5
60403109,0,,,89,32,57,0,0,0,89,32,57,29,18,11,89,32,57,89,32,57,60,14,46,50,8,42,37,3,34,8,1,7,0,0,0,2,0,0,0,0,0,0,0,0,0,0,0,0,0,0,0,0
60403112,0,,,29,12,17,0,0,0,29,12,17,14,5,9,28,12,16,27,12,15,15,7,8,5,1,4,2,1,1,1,0,1,0,0,0,11,11,1,7,1,0,1,1,0,10,7,3,0,9,0,1,4
60403113,1,,60403123,23,9,14,0,0,0,28,11,17,9,4,5,28,11,17,28,11,17,19,7,12,9,1,8,7,0,7,0,0,0,0,0,0,11,11,3,7,1,2,0,0,0,10,6,4,0,11,0,2,2
60403115,0,,,51,25,26,1,0,1,50,25,25,21,12,9,49,25,24,49,25,24,29,13,16,15,6,9,7,3,4,0,0,0,0,0,0,19,19,4,5,5,4,0,1,0,15,11,4,0,18,0,4,3
60403119,2,60403139,,3,2,1,*,*,*,*,*,*,*,*,*,*,*,*,*,*,*,*,*,*,*,*,*,*,*,*,*,*,*,*,*,*,2,2,*,*,*,*,*,*,*,*,*,*,*,*,*,*,*
60403122,1,,60403144,41,22,19,2,2,0,41,21,20,18,10,8,41,21,20,41,21,20,23,11,12,13,5,8,5,2,3,0,0,0,0,0,0,15,15,3,5,4,3,0,1,0,13,7,6,1,14,0,3,3
60403123,2,60403113,,5,2,3,*,*,*,*,*,*,*,*,*,*,*,*,*,*,*,*,*,*,*,*,*,*,*,*,*,*,*,*,*,*,2,2,*,*,*,*,*,*,*,*,*,*,*,*,*,*,*
60403125,1,,60403135,16,9,7,0,0,0,20,12,8,7,5,2,20,12,8,20,12,8,13,7,6,7,4,3,2,1,1,0,0,0,0,0,0,7,7,5,4,0,0,0,0,1,5,3,2,0,8,0,4,3
60403135,2,60403125,,4,3,1,*,*,*,*,*,*,*,*,*,*,*,*,*,*,*,*,*,*,*,*,*,*,*,*,*,*,*,*,*,*,3,3,*,*,*,*,*,*,*,*,*,*,*,*,*,*,*
60403139,1,,60403119,107,49,58,11,6,5,99,45,54,59,29,30,98,45,53,96,44,52,40,16,24,22,7,15,6,0,6,0,0,0,0,0,0,47,47,21,11,7,6,3,0,1,28,20,8,2,30,0,15,3
60403142,0,,,30,14,16,0,0,0,30,14,16,14,7,7,30,14,16,30,14,16,16,7,9,6,3,3,3,0,3,1,0,1,0,0,0,13,13,0,10,2,1,0,0,0,13,11,2,0,11,0,0,5
60403144,2,60403122,,2,1,1,*,*,*,*,*,*,*,*,*,*,*,*,*,*,*,*,*,*,*,*,*,*,*,*,*,*,*,*,*,*,1,1,*,*,*,*,*,*,*,*,*,*,*,*,*,*,*
60403149,0,,,39,19,20,0,0,0,39,19,20,17,13,4,39,19,20,39,19,20,22,6,16,12,3,9,5,1,4,1,0,1,0,0,0,18,18,4,9,3,2,0,0,0,14,12,2,0,16,0,4,2
60403152,0,,,50,24,26,1,0,1,49,24,25,24,13,11,48,24,24,48,24,24,25,11,14,12,6,6,4,1,3,1,1,0,0,0,0,18,18,3,7,3,2,2,1,0,15,9,6,0,16,0,3,5
60403158,0,,,52,28,24,1,1,0,51,27,24,19,11,8,51,27,24,50,26,24,32,16,16,23,12,11,8,4,4,0,0,0,0,0,0,19,19,4,7,4,1,2,0,1,15,9,6,1,17,0,3,4
60403159,0,,,28,15,13,0,0,0,28,15,13,10,6,4,26,15,11,26,15,11,18,9,9,8,4,4,5,3,2,1,1,0,0,0,0,10,10,2,3,2,2,0,1,0,8,6,2,0,10,0,2,3
60403165,0,,,10,6,4,0,0,0,10,6,4,3,2,1,10,6,4,10,6,4,7,4,3,3,2,1,1,1,0,0,0,0,0,0,0,4,4,1,1,1,1,0,0,0,3,2,1,0,4,0,1,1
60403168,0,,,49,26,23,2,1,1,47,25,22,19,12,7,47,25,22,47,25,22,28,13,15,17,9,8,6,4,2,0,0,0,0,0,0,18,18,3,8,2,2,2,1,0,15,8,7,1,16,0,3,6
60403169,0,,,38,20,18,1,0,1,37,20,17,19,11,8,36,20,16,35,19,16,18,9,9,10,4,6,3,1,2,0,0,0,0,0,0,14,14,3,5,3,1,1,0,1,11,7,4,0,11,0,1,4
60403177,0,,,18,8,10,0,0,0,18,8,10,10,5,5,18,8,10,18,8,10,8,3,5,4,2,2,1,0,1,0,0,0,0,0,0,7,7,0,4,2,1,0,0,0,7,7,0,0,6,0,0,1
60403178,0,,,77,33,44,7,2,5,70,31,39,27,12,15,68,31,37,68,31,37,43,19,24,27,12,15,6,3,3,0,0,0,0,0,0,29,29,6,10,7,2,3,0,1,23,13,10,2,26,0,6,8
60403187,0,,,70,33,37,5,3,2,65,30,35,37,19,18,65,30,35,65,30,35,28,11,17,13,2,11,3,0,3,1,0,1,0,0,0,23,23,2,7,7,4,2,0,1,21,10,11,1,20,0,2,2
60403188,0,,,21,9,12,2,1,1,19,8,11,5,2,3,19,8,11,19,8,11,14,6,8,5,1,4,4,0,4,0,0,0,0,0,0,7,7,1,1,3,1,1,0,0,6,3,3,1,6,0,1,0
60403200,0,,,127,54,73,23,10,13,104,44,60,60,27,33,102,44,58,102,44,58,44,17,27,12,2,10,7,0,7,0,0,0,0,0,0,39,39,5,12,12,1,3,2,4,33,19,14,5,30,0,4,3
60403201,1,,60403202;60403212,327,160,167,22,11,11,311,153,158,149,77,72,299,149,150,297,148,149,162,76,86,94,42,52,35,10,25,2,0,2,0,0,0,113,113,23,38,22,17,8,4,5,94,51,43,4,99,0,16,19
60403202,2,60403201,,1,1,0,*,*,*,*,*,*,*,*,*,*,*,*,*,*,*,*,*,*,*,*,*,*,*,*,*,*,*,*,*,*,1,1,*,*,*,*,*,*,*,*,*,*,*,*,*,*,*
60403209,1,,60403219,439,200,239,45,16,29,395,185,210,221,116,105,385,179,206,381,178,203,174,69,105,102,34,68,32,7,25,4,0,4,0,0,0,154,154,32,42,35,25,11,8,2,123,77,46,12,120,0,25,19
60403210,0,,,40,19,21,0,0,0,40,19,21,16,8,8,40,19,21,39,19,20,24,11,13,10,4,6,1,0,1,1,0,1,0,0,0,20,20,8,5,6,1,0,0,0,12,8,4,0,18,0,6,3
60403211,0,,,64,33,31,9,4,5,55,29,26,29,16,13,55,29,26,55,29,26,26,13,13,13,5,8,5,3,2,0,0,0,0,0,0,26,26,7,9,5,3,0,2,0,18,14,4,2,18,0,5,6
60403212,2,60403201,,5,3,2,*,*,*,*,*,*,*,*,*,*,*,*,*,*,*,*,*,*,*,*,*,*,*,*,*,*,*,*,*,*,3,3,*,*,*,*,*,*,*,*,*,*,*,*,*,*,*
60403219,2,60403209,,1,1,0,*,*,*,*,*,*,*,*,*,*,*,*,*,*,*,*,*,*,*,*,*,*,*,*,*,*,*,*,*,*,1,1,*,*,*,*,*,*,*,*,*,*,*,*,*,*,*
60403220,0,,,274,135,139,28,16,12,246,119,127,137,70,67,243,117,126,241,116,125,109,49,60,55,19,36,21,6,15,1,0,1,3,1,2,117,117,33,49,13,11,6,5,0,84,64,20,7,81,0,23,19
60403221,1,,60403232,83,40,43,5,4,1,88,41,47,40,19,21,83,40,43,83,40,43,48,22,26,21,8,13,8,3,5,0,0,0,0,0,0,35,35,12,11,9,2,1,2,1,25,17,8,1,30,0,9,8
60403227,0,,,40,20,20,5,2,3,35,18,17,15,9,6,35,18,17,35,18,17,20,9,11,8,3,5,3,1,2,0,0,0,0,0,0,15,15,5,3,4,0,2,0,1,10,6,4,0,12,0,2,1
60403228,0,,,56,27,29,6,3,3,50,24,26,24,14,10,49,24,25,49,24,25,26,10,16,17,7,10,5,2,3,0,0,0,0,0,0,21,21,4,11,2,0,2,0,2,17,12,5,0,16,0,2,5
60403230,0,,,493,231,262,41,22,19,452,209,243,213,108,105,440,204,236,437,201,236,239,101,138,128,48,80,45,15,30,4,1,3,4,1,3,203,202,60,67,40,16,10,7,2,142,99,43,10,155,3,42,38
60403231,0,,,332,146,186,17,12,5,315,134,181,145,64,81,311,131,180,307,127,180,170,70,100,101,38,63,39,13,26,3,1,2,17,0,17,139,136,47,44,23,11,6,4,1,89,63,26,5,97,2,23,27
60403232,2,60403221,,10,5,5,*,*,*,*,*,*,*,*,*,*,*,*,*,*,*,*,*,*,*,*,*,*,*,*,*,*,*,*,*,*,3,3,*,*,*,*,*,*,*,*,*,*,*,*,*,*,*
60403237,1,,60403247;60403269,13,6,7,3,1,2,26,13,13,10,6,4,26,13,13,26,13,13,16,7,9,10,4,6,6,2,4,1,0,1,0,0,0,5,5,3,4,3,0,1,0,0,8,6,2,1,10,0,3,3
60403241,0,,,153,83,70,11,4,7,142,79,63,82,50,32,141,79,62,141,79,62,60,29,31,35,14,21,10,5,5,0,0,0,0,0,0,61,58,18,17,11,7,4,1,0,40,28,12,4,40,1,13,5
60403247,2,60403237,,5,1,4,*,*,*,*,*,*,*,*,*,*,*,*,*,*,*,*,*,*,*,*,*,*,*,*,*,*,*,*,*,*,3,3,*,*,*,*,*,*,*,*,*,*,*,*,*,*,*
60403251,0,,,19,9,10,2,1,1,17,8,9,6,3,3,16,8,8,16,8,8,11,5,6,5,2,3,1,0,1,0,0,0,0,0,0,6,6,1,2,1,0,1,1,0,5,3,2,0,6,0,1,1
60403252,1,,60403261,18,9,9,4,2,2,22,10,12,7,4,3,22,10,12,22,10,12,15,6,9,12,4,8,4,2,2,2,1,1,0,0,0,8,8,3,6,0,1,0,0,1,8,6,2,1,9,0,1,4
60403261,2,60403252,,8,3,5,*,*,*,*,*,*,*,*,*,*,*,*,*,*,*,*,*,*,*,*,*,*,*,*,*,*,*,*,*,*,3,3,*,*,*,*,*,*,*,*,*,*,*,*,*,*,*
60403262,0,,,32,16,16,0,0,0,32,16,16,14,9,5,31,16,15,31,16,15,18,7,11,6,2,4,1,0,1,0,0,0,0,0,0,13,13,0,9,3,0,1,0,0,13,12,1,0,12,0,0,3
60403263,0,,,16,9,7,0,0,0,16,9,7,4,3,1,16,9,7,16,9,7,12,6,6,5,3,2,2,1,1,0,0,0,0,0,0,9,9,4,4,0,1,0,0,0,5,3,2,0,7,0,3,2
60403269,2,60403237,,11,7,4,*,*,*,*,*,*,*,*,*,*,*,*,*,*,*,*,*,*,*,*,*,*,*,*,*,*,*,*,*,*,4,3,*,*,*,*,*,*,*,*,*,*,*,*,*,*,*
60403272,0,,,18,11,7,0,0,0,18,11,7,9,6,3,17,10,7,17,10,7,9,5,4,5,3,2,3,2,1,0,0,0,0,0,0,7,7,2,2,1,1,1,0,0,4,3,1,0,7,0,2,1
60403273,0,,,68,33,35,2,1,1,66,32,34,29,17,12,66,32,34,64,30,34,37,15,22,18,7,11,4,2,2,0,0,0,1,0,1,31,31,7,17,3,2,2,0,0,24,19,5,0,26,0,7,7
60403283,0,,,21,10,11,0,0,0,21,10,11,7,4,3,21,10,11,21,10,11,14,6,8,9,3,6,2,1,1,0,0,0,0,0,0,10,10,4,3,1,2,0,0,0,6,5,1,0,9,0,4,2
60403300,0,,,1008,447,561,67,37,30,940,409,531,415,214,201,916,397,519,906,393,513,525,195,330,308,90,218,163,27,136,19,0,19,3,0,3,303,299,74,102,56,36,19,11,1,224,166,58,14,202,1,54,55
60403301,0,,,197,88,109,14,8,6,183,80,103,76,42,34,182,79,103,181,78,103,107,38,69,61,19,42,19,3,16,1,1,0,1,0,1,81,81,20,34,12,8,3,2,2,60,42,18,5,73,0,18,14
60403302,1,,60403303,147,69,78,8,4,4,142,68,74,80,45,35,140,66,74,138,65,73,62,23,39,29,8,21,7,1,6,1,0,1,1,0,1,57,57,12,18,15,9,3,1,0,46,30,16,3,43,1,7,9
60403303,2,60403302,,3,3,0,*,*,*,*,*,*,*,*,*,*,*,*,*,*,*,*,*,*,*,*,*,*,*,*,*,*,*,*,*,*,1,1,*,*,*,*,*,*,*,*,*,*,*,*,*,*,*
60403309,0,,,129,65,64,12,11,1,117,54,63,70,40,30,112,50,62,111,49,62,47,14,33,32,9,23,19,5,14,1,1,0,0,0,0,44,44,12,10,10,4,1,3,4,32,15,17,2,34,0,8,4
60403310,0,,,27,15,12,3,2,1,24,13,11,13,7,6,22,13,9,22,13,9,11,6,5,3,3,0,1,1,0,0,0,0,0,0,0,11,11,4,3,2,0,1,1,0,7,5,2,1,8,0,3,1
60403311,0,,,107,55,52,11,6,5,96,49,47,46,26,20,95,48,47,94,48,46,50,23,27,21,7,14,8,2,6,1,0,1,0,0,0,37,37,5,12,10,6,3,0,1,32,24,8,1,31,0,5,5
60403313,0,,,59,28,31,2,1,1,57,27,30,29,16,13,55,26,29,55,26,29,28,11,17,12,3,9,5,1,4,0,0,0,0,0,0,26,26,7,9,7,2,1,0,0,19,15,4,0,20,0,6,6
60403314,0,,,184,88,96,18,7,11,166,81,85,79,45,34,160,78,82,158,76,82,87,36,51,42,15,27,14,3,11,1,0,1,0,0,0,72,72,21,22,12,10,3,1,3,51,34,17,3,61,0,18,14
60403315,0,,,79,40,39,3,2,1,76,38,38,37,21,16,73,37,36,71,36,35,39,17,22,16,4,12,7,2,5,0,0,0,0,0,0,28,28,5,11,4,4,0,4,0,23,14,9,0,23,0,3,5
60403318,0,,,59,28,31,4,1,3,55,27,28,26,14,12,54,27,27,54,27,27,29,13,16,14,5,9,6,3,3,0,0,0,0,0,0,22,22,2,9,5,6,0,0,0,20,17,3,1,17,0,1,6
60403319,0,,,182,97,85,7,5,2,175,92,83,97,56,41,168,86,82,166,84,82,78,36,42,38,15,23,14,6,8,1,0,1,0,0,0,66,66,11,23,15,10,3,3,1,55,35,20,3,52,0,8,13
60403321,0,,,26,13,13,2,0,2,24,13,11,13,7,6,24,13,11,24,13,11,11,6,5,3,1,2,1,1,0,0,0,0,0,0,0,9,9,2,2,2,1,2,0,0,7,3,4,0,7,0,1,1
60403324,1,,60403334,417,200,217,30,15,15,391,187,204,201,107,94,380,179,201,373,177,196,190,80,110,91,34,57,35,11,24,4,0,4,0,0,0,158,158,38,54,28,24,10,5,2,123,86,37,8,122,1,27,27
60403325,0,,,646,305,341,50,30,20,596,275,321,312,158,154,578,267,311,569,262,307,284,117,167,156,58,98,52,19,33,4,0,4,8,0,8,256,255,71,71,57,35,11,8,2,184,136,48,9,187,1,49,40
60403326,0,,,427,206,221,50,23,27,377,183,194,213,105,108,364,178,186,360,177,183,164,78,86,82,36,46,24,9,15,2,0,2,2,0,2,167,167,36,63,33,21,8,2,4,131,106,25,13,103,0,21,31
60403327,0,,,449,186,263,14,11,3,435,175,260,122,70,52,432,172,260,428,168,260,313,105,208,238,64,174,147,25,122,25,1,24,0,0,0,114,112,29,37,25,11,5,3,2,83,59,24,2,89,0,23,23
60403328,2,60403339,,3,2,1,*,*,*,*,*,*,*,*,*,*,*,*,*,*,*,*,*,*,*,*,*,*,*,*,*,*,*,*,*,*,2,2,*,*,*,*,*,*,*,*,*,*,*,*,*,*,*
60403331,0,,,55,31,24,0,0,0,55,31,24,29,17,12,54,30,24,53,29,24,26,14,12,20,11,9,4,1,3,0,0,0,0,0,0,24,24,8,6,5,5,0,0,0,16,10,6,0,18,0,5,4
60403334,2,60403324,,4,2,2,*,*,*,*,*,*,*,*,*,*,*,*,*,*,*,*,*,*,*,*,*,*,*,*,*,*,*,*,*,*,3,3,*,*,*,*,*,*,*,*,*,*,*,*,*,*,*
60403335,0,,,73,35,38,13,7,6,60,28,32,43,22,21,58,26,32,58,26,32,17,6,11,7,2,5,0,0,0,0,0,0,0,0,0,22,22,3,5,4,5,3,1,1,19,14,5,3,13,0,3,2
60403336,0,,,951,454,497,104,54,50,847,400,447,480,240,240,816,388,428,795,380,415,367,160,207,195,78,117,51,18,33,0,0,0,0,0,0,359,359,83,113,78,45,25,8,7,276,216,60,24,242,1,57,61
60403337,0,,,149,76,73,14,7,7,132,68,64,72,41,31,129,65,64,128,65,63,60,27,33,34,17,17,10,6,4,1,1,0,0,0,0,65,65,23,17,17,5,0,1,2,42,32,10,8,40,2,9,13
60403338,0,,,245,121,124,20,11,9,225,110,115,111,59,52,220,105,115,219,104,115,114,51,63,58,21,37,20,3,17,1,0,1,0,0,0,78,78,6,30,19,6,9,3,5,72,39,33,7,67,0,5,15
60403339,1,,60403328;60403348,832,384,448,94,46,48,744,342,402,438,213,225,713,327,386,700,319,381,306,129,177,154,59,95,50,19,31,4,1,3,8,0,8,308,308,66,108,57,45,19,10,7,246,182,64,24,205,3,40,53
60403343,0,,,75,32,43,8,5,3,67,27,40,32,16,16,66,27,39,64,26,38,35,11,24,17,7,10,4,1,3,1,0,1,0,0,0,31,31,9,10,9,0,0,2,1,22,15,7,2,24,0,8,5
60403344,1,,60403354,122,63,59,7,6,1,116,58,58,60,35,25,114,57,57,111,55,56,56,23,33,27,7,20,13,4,9,1,1,0,0,0,0,48,48,15,14,7,10,1,1,1,34,22,12,0,40,0,14,5
60403345,0,,,33,14,19,2,0,2,31,14,17,11,6,5,31,14,17,31,14,17,20,8,12,11,4,7,5,2,3,0,0,0,0,0,0,14,14,4,4,3,3,0,0,0,10,7,3,1,12,0,4,3
60403346,0,,,360,165,195,42,23,19,318,142,176,172,93,79,310,137,173,307,135,172,146,49,97,93,21,72,49,9,40,8,1,7,0,0,0,119,118,32,41,18,12,8,5,2,86,70,16,7,59,2,15,17
60403347,0,,,123,59,64,7,5,2,115,53,62,68,31,37,110,50,60,107,49,58,47,22,25,17,8,9,2,1,1,0,0,0,1,0,1,44,44,10,12,11,4,4,2,1,33,24,9,1,33,0,4,6
60403348,2,60403339,,4,2,2,*,*,*,*,*,*,*,*,*,*,*,*,*,*,*,*,*,*,*,*,*,*,*,*,*,*,*,*,*,*,2,2,*,*,*,*,*,*,*,*,*,*,*,*,*,*,*
60403350,0,,,27,17,10,1,1,0,26,16,10,9,5,4,26,16,10,26,16,10,17,11,6,6,2,4,3,0,3,0,0,0,0,0,0,11,10,3,3,3,1,0,0,0,6,4,2,0,9,0,2,2
60403353,0,,,30,14,16,4,2,2,26,12,14,14,8,6,26,12,14,26,12,14,12,4,8,5,1,4,2,0,2,0,0,0,0,0,0,9,9,2,2,2,0,1,1,1,7,2,5,0,6,0,1,0
60403354,2,60403344,,1,1,0,*,*,*,*,*,*,*,*,*,*,*,*,*,*,*,*,*,*,*,*,*,*,*,*,*,*,*,*,*,*,1,1,*,*,*,*,*,*,*,*,*,*,*,*,*,*,*
60403355,0,,,31,14,17,1,1,0,30,13,17,18,9,9,29,12,17,27,11,16,12,4,8,6,2,4,3,1,2,1,0,1,0,0,0,9,9,0,1,5,1,2,0,0,9,3,6,1,6,0,0,0
60403356,0,,,150,67,83,10,7,3,140,60,80,53,29,24,140,60,80,139,60,79,87,31,56,52,14,38,33,5,28,3,0,3,0,0,0,48,47,8,15,11,9,1,1,2,39,20,19,1,38,0,6,7
60403357,0,,,38,15,23,0,0,0,38,15,23,14,6,8,38,15,23,37,15,22,24,9,15,11,3,8,6,0,6,1,0,1,0,0,0,15,15,2,7,3,2,1,0,0,13,8,5,0,14,0,2,5
60403358,0,,,16,6,10,3,1,2,13,5,8,5,2,3,13,5,8,13,5,8,8,3,5,5,1,4,2,0,2,0,0,0,0,0,0,5,5,1,2,0,0,1,1,0,4,2,2,1,5,0,1,1
60403359,0,,,64,35,29,2,0,2,62,35,27,29,19,10,60,34,26,59,33,26,33,16,17,17,6,11,14,5,9,0,0,0,0,0,0,22,22,4,7,5,2,3,0,1,17,12,5,0,19,0,3,4
60403362,0,,,13,4,9,0,0,0,13,4,9,7,3,4,13,4,9,13,4,9,6,1,5,4,0,4,1,0,1,0,0,0,0,0,0,5,5,2,0,1,2,0,0,0,3,1,2,0,5,0,2,0
60403363,0,,,51,26,25,7,4,3,44,22,22,26,12,14,43,21,22,43,21,22,18,10,8,10,6,4,3,2,1,0,0,0,0,0,0,20,20,5,8,2,3,1,0,1,15,9,6,0,13,0,3,4
60403366,0,,,136,64,72,11,6,5,125,58,67,65,33,32,124,58,66,124,58,66,60,25,35,34,12,22,12,4,8,1,0,1,0,0,0,44,44,4,15,9,10,3,1,2,40,24,16,2,40,0,4,9
60403368,0,,,371,182,189,33,18,15,338,164,174,168,93,75,331,162,169,329,160,169,170,71,99,91,34,57,29,8,21,2,0,2,0,0,0,136,136,36,38,23,18,14,4,3,100,60,40,5,114,0,27,18
60403371,0,,,52,26,26,0,0,0,52,26,26,26,15,11,51,25,26,50,25,25,26,11,15,18,7,11,5,1,4,1,0,1,0,0,0,16,16,2,2,5,5,1,1,0,14,7,7,0,16,0,2,1
60403372,0,,,117,49,68,5,4,1,112,45,67,45,18,27,111,45,66,111,45,66,67,27,40,34,10,24,16,3,13,0,0,0,0,0,0,47,47,10,20,8,4,4,0,1,37,24,13,1,45,0,9,10
60403375,0,,,27,15,12,3,2,1,24,13,11,14,9,5,24,13,11,24,13,11,10,4,6,6,2,4,3,2,1,0,0,0,0,0,0,7,7,1,2,0,2,1,0,1,6,2,4,1,7,0,1,0
60403376,0,,,40,20,20,5,2,3,35,18,17,23,14,9,34,17,17,34,17,17,12,4,8,8,3,5,4,2,2,0,0,0,0,0,0,14,14,3,4,4,2,0,0,1,11,7,4,0,9,0,1,2
60403378,0,,,65,34,31,4,4,0,61,30,31,21,10,11,60,30,30,59,30,29,40,20,20,19,10,9,12,6,6,0,0,0,0,0,0,22,22,4,8,3,3,2,1,1,18,9,9,1,20,0,2,7
60403379,0,,,9,4,5,0,0,0,9,4,5,4,2,2,9,4,5,8,4,4,5,2,3,3,1,2,1,0,1,0,0,0,0,0,0,4,4,2,0,1,1,0,0,0,2,0,2,0,4,0,2,0
60403381,0,,,46,17,29,2,0,2,44,17,27,19,7,12,44,17,27,44,17,27,25,10,15,16,7,9,4,0,4,0,0,0,0,0,0,18,18,4,6,6,0,0,2,0,14,10,4,1,15,0,3,4
60403391,0,,,9,4,5,0,0,0,9,4,5,4,1,3,9,4,5,9,4,5,5,3,2,3,2,1,2,2,0,0,0,0,0,0,0,5,5,2,2,1,0,0,0,0,3,3,0,0,3,0,0,1
60403400,0,,,227,103,124,19,8,11,208,95,113,116,58,58,205,92,113,203,91,112,92,37,55,52,14,38,12,3,9,0,0,0,0,0,0,83,83,13,32,16,12,6,4,0,70,52,18,7,64,0,10,15
60403401,0,,,65,32,33,1,1,0,64,31,33,35,18,17,62,30,32,60,29,31,29,13,16,16,6,10,4,1,3,0,0,0,0,0,0,21,21,0,9,6,3,2,0,1,20,14,6,1,17,0,0,5
60403402,1,,60403403,160,81,79,8,4,4,154,78,76,81,46,35,150,75,75,148,74,74,73,32,41,43,17,26,19,7,12,1,1,0,0,0,0,61,61,9,27,15,4,5,1,1,53,39,14,2,48,0,7,15
60403403,2,60403402,,2,1,1,*,*,*,*,*,*,*,*,*,*,*,*,*,*,*,*,*,*,*,*,*,*,*,*,*,*,*,*,*,*,1,1,*,*,*,*,*,*,*,*,*,*,*,*,*,*,*
60403404,0,,,38,18,20,3,0,3,35,18,17,16,8,8,33,17,16,33,17,16,19,10,9,9,5,4,0,0,0,0,0,0,0,0,0,14,14,2,6,3,0,3,0,0,12,9,3,1,11,0,2,4
60403405,0,,,1239,570,669,128,67,61,1104,499,605,663,314,349,1071,481,590,1055,473,582,441,185,256,213,84,129,58,18,40,6,1,5,5,3,2,525,525,152,179,101,57,23,9,4,372,299,73,32,302,6,85,72
60403406,0,,,648,300,348,65,27,38,576,270,306,331,170,161,566,265,301,563,264,299,245,100,145,114,47,67,39,15,24,0,0,0,0,0,0,276,274,79,99,53,27,11,4,1,194,168,26,11,152,1,41,48
60403410,0,,,59,25,34,8,6,2,51,19,32,30,12,18,49,18,31,49,18,31,21,7,14,11,4,7,4,1,3,0,0,0,0,0,0,16,16,1,5,2,4,1,0,3,15,8,7,2,13,0,1,2
60403411,0,,,225,100,125,21,12,9,204,88,116,114,52,62,196,84,112,191,83,108,90,36,54,45,18,27,16,3,13,1,0,1,0,0,0,70,70,13,19,15,7,7,4,5,57,28,29,4,59,0,10,10
60403412,0,,,19,9,10,4,2,2,15,7,8,10,5,5,15,7,8,15,7,8,5,2,3,3,2,1,1,0,1,0,0,0,0,0,0,5,5,0,1,0,3,1,0,0,5,3,2,1,2,0,0,1
60403413,0,,,382,177,205,28,14,14,353,162,191,186,99,87,341,154,187,336,152,184,167,63,104,105,34,71,44,18,26,3,0,3,0,0,0,155,155,32,65,32,15,6,3,2,122,94,28,8,109,1,21,29
60403414,0,,,2104,983,1121,201,106,95,1884,866,1018,1089,571,518,1829,833,996,1798,813,985,795,295,500,474,154,320,181,44,137,9,1,8,17,9,8,988,985,422,265,158,77,45,10,8,560,457,103,62,573,39,250,99
60403415,0,,,1947,919,1028,160,95,65,1762,809,953,1009,526,483,1715,783,932,1660,737,923,753,283,470,430,153,277,137,49,88,2,0,2,5,0,5,861,859,293,302,142,72,29,15,6,557,466,91,40,532,6,169,126
60403416,0,,,433,211,222,29,14,15,394,187,207,185,87,98,386,182,204,384,182,202,209,100,109,108,44,64,31,8,23,3,0,3,1,1,0,132,128,44,39,26,12,3,2,2,84,65,19,7,69,4,16,19
60403421,0,,,252,122,130,14,10,4,238,112,126,137,65,72,229,107,122,226,105,121,101,47,54,49,22,27,13,7,6,1,1,0,1,0,1,109,109,35,35,19,14,3,2,1,74,57,17,4,71,5,22,17
60403422,0,,,464,225,239,40,22,18,418,198,220,247,130,117,412,194,218,408,194,214,171,68,103,92,28,64,46,15,31,4,1,3,1,0,1,194,192,78,52,26,23,9,1,3,114,87,27,13,94,9,23,18
60403423,0,,,2302,1123,1179,266,149,117,2009,959,1050,1301,668,633,1945,925,1020,1913,908,1005,708,291,417,432,165,267,114,41,73,7,2,5,5,0,5,1009,1008,334,322,177,117,40,12,6,664,550,114,76,496,42,157,104
60403424,0,,,2765,1295,1470,260,139,121,2481,1139,1342,1381,707,674,2425,1117,1308,2388,1099,1289,1100,432,668,628,221,407,248,80,168,22,7,15,18,7,11,1369,1366,619,400,170,117,27,24,9,738,596,142,69,783,69,325,165
60403425,0,,,2640,1183,1457,263,134,129,2359,1036,1323,1382,672,710,2288,1002,1286,2250,981,1269,977,364,613,565,181,384,213,45,168,14,0,14,14,3,11,1218,1212,438,409,182,122,45,11,5,766,641,125,60,678,38,225,159
60403426,0,,,2418,1122,1296,298,153,145,2116,967,1149,1341,669,672,2053,928,1125,2023,918,1105,775,298,477,416,139,277,142,35,107,10,3,7,7,4,3,1064,1060,342,358,184,125,44,4,3,709,605,104,81,509,42,155,131
60403430,0,,,677,330,347,62,31,31,614,299,315,369,194,175,595,286,309,587,284,303,245,105,140,126,49,77,39,14,25,1,0,1,2,0,2,255,255,55,84,45,46,17,7,1,197,144,53,14,159,1,33,40
60403431,0,,,314,146,168,38,20,18,276,126,150,151,72,79,266,118,148,263,116,147,125,54,71,61,24,37,22,9,13,0,0,0,0,0,0,151,151,70,37,23,11,6,2,2,81,68,13,10,96,0,50,14
60403432,0,,,656,308,348,51,27,24,597,278,319,353,183,170,586,271,315,582,269,313,244,95,149,154,52,102,62,19,43,6,2,4,6,3,3,270,267,116,91,38,12,8,2,0,145,127,18,16,97,17,30,32
60403433,0,,,1536,754,782,157,81,76,1351,661,690,912,470,442,1308,631,677,1290,621,669,439,191,248,215,95,120,58,27,31,2,0,2,2,0,2,699,699,257,219,110,77,24,5,7,432,379,53,47,298,53,75,96
60403434,0,,,2372,1103,1269,196,100,96,2123,969,1154,1282,622,660,2077,947,1130,2034,936,1098,841,347,494,504,191,313,187,66,121,15,4,11,9,0,9,1157,1155,527,319,166,93,31,16,3,616,512,104,72,542,100,187,135
60403435,0,,,3480,1656,1824,425,206,219,3025,1428,1597,1988,993,995,2929,1376,1553,2880,1352,1528,1037,435,602,529,205,324,168,59,109,9,1,8,16,8,8,1535,1533,501,495,281,173,63,16,4,1021,880,141,111,703,60,206,193
60403436,0,,,1004,487,517,140,74,66,847,400,447,594,305,289,818,384,434,812,380,432,253,95,158,129,37,92,61,11,50,7,1,6,1,0,1,450,447,178,128,75,47,10,7,2,267,235,32,53,135,33,36,42
60403437,0,,,13,6,7,0,0,0,13,6,7,4,2,2,13,6,7,13,6,7,9,4,5,4,2,2,0,0,0,0,0,0,0,0,0,7,7,3,2,2,0,0,0,0,4,4,0,0,6,0,2,1
60403438,0,,,13,6,7,0,0,0,13,6,7,3,1,2,13,6,7,13,6,7,10,5,5,3,2,1,2,1,1,0,0,0,0,0,0,5,5,0,3,1,1,0,0,0,5,4,1,0,4,0,0,2
60403440,0,,,60,30,30,6,2,4,54,28,26,34,19,15,49,26,23,49,26,23,20,9,11,13,7,6,3,2,1,0,0,0,0,0,0,21,21,2,9,4,4,0,2,0,19,16,3,2,12,0,0,6
60403442,1,,60403461,102,44,58,5,3,2,104,43,61,57,27,30,100,41,59,98,41,57,47,16,31,30,9,21,18,5,13,2,1,1,0,0,0,40,40,10,16,6,4,4,1,1,32,19,13,1,35,0,8,7
60403443,0,,,778,381,397,90,47,43,678,329,349,464,244,220,661,319,342,651,313,338,214,85,129,118,40,78,36,12,24,2,0,2,1,0,1,349,349,144,85,54,40,17,6,3,204,162,42,25,153,30,46,36
60403444,0,,,1581,723,858,146,68,78,1381,616,765,842,401,441,1355,604,751,1323,596,727,539,215,324,263,85,178,89,25,64,5,1,4,19,4,15,772,768,363,192,104,77,23,7,2,396,321,75,36,363,60,121,72
60403445,0,,,3206,1505,1701,486,246,240,2670,1231,1439,1948,945,1003,2577,1188,1389,2531,1164,1367,722,286,436,409,143,266,144,42,102,13,4,9,16,5,11,1344,1342,429,403,229,196,72,9,4,900,791,109,146,460,50,118,129
60403446,0,,,612,252,360,76,42,34,536,210,326,273,137,136,520,202,318,513,197,316,263,73,190,197,42,155,120,19,101,19,0,19,1,1,0,170,168,36,44,37,34,11,4,2,131,101,30,13,78,1,20,14
60403447,0,,,433,207,226,44,20,24,389,187,202,215,108,107,372,175,197,366,174,192,174,79,95,80,33,47,30,11,19,3,1,2,0,0,0,165,165,32,62,36,19,8,5,3,133,104,29,15,108,0,21,32
60403448,0,,,142,72,70,8,4,4,134,68,66,81,47,34,130,65,65,129,64,65,53,21,32,31,10,21,13,6,7,0,0,0,1,0,1,46,46,8,10,13,8,2,2,3,38,18,20,2,37,0,6,3
60403453,0,,,264,124,140,24,14,10,240,110,130,128,60,68,239,109,130,238,108,130,112,50,62,59,23,36,21,5,16,0,0,0,0,0,0,103,103,18,41,23,14,4,2,1,84,64,20,3,73,0,13,20
60403454,0,,,1225,583,642,98,55,43,1112,515,597,597,297,300,1086,502,584,1075,496,579,515,218,297,263,98,165,90,29,61,6,1,5,27,0,27,554,553,219,154,89,60,19,7,5,328,250,78,30,335,38,114,71
60403455,0,,,762,367,395,57,21,36,705,346,359,379,196,183,685,338,347,678,336,342,326,150,176,160,72,88,45,16,29,6,2,4,0,0,0,293,293,64,99,63,40,16,6,5,229,164,65,13,208,0,44,53
60403456,0,,,1654,770,884,170,86,84,1482,683,799,825,408,417,1435,658,777,1411,647,764,657,275,382,347,123,224,126,40,86,10,1,9,2,0,2,666,666,187,214,119,89,30,17,10,478,368,110,47,460,1,146,106
60403457,0,,,861,375,486,63,33,30,798,342,456,353,194,159,785,335,450,773,328,445,445,148,297,288,80,208,154,32,122,27,4,23,0,0,0,282,281,68,92,65,26,17,7,6,212,153,59,21,198,4,45,42
60403458,0,,,128,60,68,14,6,8,114,54,60,62,32,30,113,54,59,112,54,58,52,22,30,27,12,15,8,4,4,1,0,1,0,0,0,47,47,8,16,11,7,4,0,1,39,28,11,3,32,0,5,5
60403461,2,60403442,,7,2,5,*,*,*,*,*,*,*,*,*,*,*,*,*,*,*,*,*,*,*,*,*,*,*,*,*,*,*,*,*,*,2,2,*,*,*,*,*,*,*,*,*,*,*,*,*,*,*
60403463,0,,,117,59,58,17,9,8,97,48,49,47,22,25,96,48,48,95,47,48,50,26,24,22,11,11,8,3,5,0,0,0,0,0,0,40,40,7,12,10,3,4,4,0,32,19,13,2,32,0,4,9
60403464,0,,,363,171,192,36,21,15,327,150,177,189,94,95,315,145,170,311,143,168,138,56,82,68,21,47,20,1,19,0,0,0,1,0,1,136,136,31,40,33,20,4,4,4,105,76,29,7,93,0,26,17
60403465,0,,,850,387,463,77,36,41,769,348,421,445,213,232,742,339,403,729,332,397,324,135,189,176,63,113,56,14,42,2,0,2,0,0,0,352,352,94,122,76,33,15,9,3,256,200,56,15,217,4,53,59
60403466,0,,,135,64,71,16,8,8,119,56,63,64,33,31,117,54,63,116,53,63,55,23,32,27,10,17,8,2,6,2,0,2,1,1,0,54,54,11,19,15,5,3,1,0,43,35,8,3,35,1,6,8
60403467,1,,60403468,182,82,100,24,12,12,166,73,93,93,46,47,161,72,89,160,71,89,73,27,46,37,14,23,13,5,8,1,1,0,1,0,1,56,56,8,13,15,9,7,2,4,50,25,25,5,47,0,7,3
60403468,2,60403467,,8,3,5,*,*,*,*,*,*,*,*,*,*,*,*,*,*,*,*,*,*,*,*,*,*,*,*,*,*,*,*,*,*,2,2,*,*,*,*,*,*,*,*,*,*,*,*,*,*,*
60403473,0,,,55,29,26,4,2,2,51,27,24,27,15,12,49,27,22,48,26,22,24,12,12,12,5,7,5,2,3,2,1,1,0,0,0,21,21,2,11,3,4,0,1,0,19,13,6,1,15,0,2,5
60403474,0,,,68,32,36,1,1,0,67,31,36,26,16,10,67,31,36,67,31,36,41,15,26,32,10,22,14,3,11,0,0,0,0,0,0,35,35,12,14,8,1,0,0,0,23,21,2,1,27,0,9,7
60403475,0,,,748,324,424,58,26,32,687,296,391,337,167,170,670,287,383,663,283,380,350,129,221,224,63,161,104,20,84,11,1,10,1,0,1,259,258,62,98,43,30,11,7,7,193,144,49,13,174,0,41,49
60403476,0,,,136,67,69,5,2,3,131,65,66,65,33,32,126,63,63,124,63,61,66,32,34,35,18,17,13,8,5,2,1,1,1,0,1,54,54,16,17,10,3,4,4,0,37,24,13,1,44,0,12,10
60403477,0,,,80,39,41,7,3,4,73,36,37,42,22,20,73,36,37,73,36,37,31,14,17,11,2,9,5,0,5,1,0,1,0,0,0,29,29,6,10,5,4,2,1,1,23,18,5,2,23,0,4,2
60403483,0,,,79,42,37,5,3,2,74,39,35,30,18,12,73,38,35,72,38,34,44,21,23,15,8,7,2,2,0,0,0,0,0,0,0,31,31,4,18,3,2,2,2,0,27,21,6,0,27,0,3,14
60403484,0,,,559,249,310,28,17,11,531,232,299,255,130,125,518,225,293,516,224,292,276,102,174,173,50,123,75,14,61,11,0,11,1,0,1,208,207,55,69,42,29,8,4,0,151,116,35,4,146,1,38,39
60403485,0,,,149,68,81,10,7,3,139,61,78,63,31,32,137,60,77,136,60,76,76,30,46,40,12,28,19,2,17,2,0,2,0,0,0,55,55,11,16,16,7,2,1,2,44,24,20,0,49,0,10,8
60403486,2,60403495,,6,4,2,*,*,*,*,*,*,*,*,*,*,*,*,*,*,*,*,*,*,*,*,*,*,*,*,*,*,*,*,*,*,3,3,*,*,*,*,*,*,*,*,*,*,*,*,*,*,*
60403494,0,,,652,306,346,57,28,29,595,278,317,316,164,152,578,269,309,566,262,304,279,114,165,156,59,97,51,15,36,4,1,3,1,1,0,260,260,68,86,62,20,12,6,6,192,146,46,9,185,0,52,36
60403495,1,,60403486,138,64,74,15,8,7,129,60,69,68,36,32,124,56,68,123,55,68,61,24,37,34,12,22,8,0,8,0,0,0,1,0,1,44,44,10,10,11,7,3,4,2,37,19,18,5,40,0,8,7
60403496,0,,,74,38,36,3,2,1,71,36,35,37,21,16,70,36,34,69,35,34,34,15,19,16,6,10,5,3,2,1,1,0,1,0,1,25,25,3,7,7,5,2,1,0,22,11,11,0,19,0,2,3
60403526,1,,60403529,18,7,11,1,0,1,19,8,11,11,5,6,18,7,11,17,7,10,8,3,5,7,2,5,4,2,2,0,0,0,0,0,0,6,6,1,1,4,0,1,0,0,6,2,4,0,7,0,1,1
60403529,2,60403526,,2,1,1,*,*,*,*,*,*,*,*,*,*,*,*,*,*,*,*,*,*,*,*,*,*,*,*,*,*,*,*,*,*,1,1,*,*,*,*,*,*,*,*,*,*,*,*,*,*,*
60403534,2,60403535,,2,1,1,*,*,*,*,*,*,*,*,*,*,*,*,*,*,*,*,*,*,*,*,*,*,*,*,*,*,*,*,*,*,1,1,*,*,*,*,*,*,*,*,*,*,*,*,*,*,*
60403535,1,,60403534,33,18,15,1,0,1,34,19,15,14,8,6,34,19,15,33,18,15,20,11,9,6,2,4,5,2,3,0,0,0,0,0,0,16,16,7,6,2,1,0,1,0,10,6,4,0,16,0,6,4
60403539,0,,,9,4,5,0,0,0,9,4,5,5,2,3,9,4,5,9,4,5,4,2,2,3,1,2,1,0,1,0,0,0,0,0,0,4,4,1,1,2,0,0,0,0,3,2,1,0,4,0,1,0
60403543,2,60403553,,3,2,1,*,*,*,*,*,*,*,*,*,*,*,*,*,*,*,*,*,*,*,*,*,*,*,*,*,*,*,*,*,*,1,1,*,*,*,*,*,*,*,*,*,*,*,*,*,*,*
60403544,2,60403545,,5,2,3,*,*,*,*,*,*,*,*,*,*,*,*,*,*,*,*,*,*,*,*,*,*,*,*,*,*,*,*,*,*,1,1,*,*,*,*,*,*,*,*,*,*,*,*,*,*,*
60403545,1,,60403544,77,36,41,4,2,2,78,36,42,29,14,15,78,36,42,78,36,42,49,22,27,28,11,17,11,4,7,1,0,1,0,0,0,34,34,10,13,6,3,2,1,0,25,19,6,1,33,0,9,8
60403551,0,,,20,9,11,0,0,0,20,9,11,10,7,3,19,8,11,19,8,11,10,2,8,6,1,5,3,1,2,0,0,0,0,0,0,10,10,4,3,2,1,0,0,0,6,4,2,0,8,0,2,0
60403552,0,,,57,26,31,3,3,0,54,23,31,28,11,17,52,23,29,50,23,27,26,12,14,16,7,9,3,1,2,0,0,0,0,0,0,20,20,2,8,4,4,1,1,0,17,11,6,1,17,0,2,5
60403553,1,,60403543,79,40,39,11,6,5,71,36,35,42,25,17,68,34,34,66,32,34,29,11,18,15,4,11,2,0,2,0,0,0,0,0,0,24,24,5,9,2,2,2,3,2,20,11,9,2,19,0,2,4
60403555,0,,,10,4,6,0,0,0,10,4,6,6,2,4,10,4,6,10,4,6,4,2,2,2,0,2,0,0,0,0,0,0,0,0,0,4,4,0,2,2,0,0,0,0,4,2,2,0,4,0,0,2
60403556,0,,,13,8,5,0,0,0,13,8,5,4,3,1,13,8,5,13,8,5,9,5,4,3,2,1,0,0,0,0,0,0,0,0,0,7,7,3,2,2,0,0,0,0,4,4,0,0,7,0,3,1
60403559,0,,,71,26,45,5,2,3,66,24,42,35,17,18,66,24,42,64,23,41,31,7,24,17,2,15,8,1,7,0,0,0,0,0,0,26,26,6,6,8,3,2,0,1,20,9,11,1,20,0,4,3
60403562,0,,,67,34,33,8,4,4,59,30,29,35,19,16,58,30,28,57,30,27,24,11,13,12,7,5,6,3,3,0,0,0,0,0,0,24,24,6,5,7,2,2,2,0,18,10,8,3,17,0,3,2
60403565,1,,60403575,30,17,13,0,0,0,33,18,15,14,10,4,33,18,15,33,18,15,19,8,11,8,3,5,2,0,2,0,0,0,0,0,0,14,14,7,4,3,1,1,0,0,9,8,1,0,14,0,5,2
60403566,0,,,14,8,6,0,0,0,14,8,6,7,4,3,14,8,6,14,8,6,7,4,3,5,2,3,0,0,0,0,0,0,0,0,0,5,5,1,0,3,1,0,0,0,4,3,1,0,5,0,1,0
60403569,0,,,101,51,50,5,3,2,96,48,48,48,25,23,94,47,47,93,47,46,48,23,25,24,9,15,9,3,6,0,0,0,1,0,1,31,31,1,12,7,6,1,3,1,30,19,11,1,27,0,1,9
60403575,2,60403565,,3,1,2,*,*,*,*,*,*,*,*,*,*,*,*,*,*,*,*,*,*,*,*,*,*,*,*,*,*,*,*,*,*,2,2,*,*,*,*,*,*,*,*,*,*,*,*,*,*,*
60403579,0,,,387,175,212,38,16,22,349,159,190,173,84,89,335,154,181,333,153,180,176,75,101,93,39,54,29,11,18,2,0,2,7,0,7,161,161,51,47,32,16,11,2,2,110,82,28,8,113,6,32,30
60403588,2,60403598,,5,2,3,*,*,*,*,*,*,*,*,*,*,*,*,*,*,*,*,*,*,*,*,*,*,*,*,*,*,*,*,*,*,2,2,*,*,*,*,*,*,*,*,*,*,*,*,*,*,*
60403589,0,,,783,351,432,73,37,36,710,314,396,406,194,212,680,298,382,667,292,375,304,120,184,185,70,115,65,21,44,5,0,5,16,3,13,344,342,103,131,57,32,9,6,4,238,192,46,14,202,15,58,55
60403598,1,,60403588,178,80,98,8,5,3,175,77,98,65,33,32,172,76,96,171,76,95,110,44,66,61,20,41,27,3,24,3,1,2,0,0,0,71,70,22,29,10,8,0,2,1,50,42,8,1,62,0,20,19
60403599,0,,,918,461,457,91,50,41,827,411,416,453,256,197,803,399,404,796,394,402,374,155,219,224,72,152,97,27,70,11,0,11,4,3,1,392,384,162,110,53,35,17,5,2,218,179,39,20,207,27,74,50
60403600,2,60403601,,6,3,3,*,*,*,*,*,*,*,*,*,*,*,*,*,*,*,*,*,*,*,*,*,*,*,*,*,*,*,*,*,*,2,2,*,*,*,*,*,*,*,*,*,*,*,*,*,*,*
60403601,1,,60403600,608,303,305,75,41,34,539,265,274,345,179,166,523,256,267,517,252,265,194,86,108,96,36,60,29,8,21,1,1,0,0,0,0,224,223,55,68,44,29,14,10,5,168,123,45,22,131,7,30,28
60403602,0,,,262,139,123,34,15,19,228,124,104,127,75,52,222,121,101,221,120,101,101,49,52,50,23,27,16,5,11,0,0,0,0,0,0,94,93,20,30,20,14,4,3,2,72,54,18,7,63,0,13,15
60403603,0,,,213,89,124,21,10,11,192,79,113,114,54,60,188,77,111,187,76,111,78,25,53,42,10,32,19,2,17,1,0,1,1,0,1,74,74,14,23,16,9,5,6,1,60,34,26,5,55,0,8,6
60403604,0,,,26,12,14,1,1,0,25,11,14,10,6,4,25,11,14,25,11,14,15,5,10,9,3,6,2,0,2,0,0,0,0,0,0,11,11,3,3,3,2,0,0,0,8,6,2,0,9,0,2,3
60403605,0,,,73,34,39,5,1,4,68,33,35,42,23,19,65,32,33,65,32,33,26,10,16,13,3,10,6,1,5,0,0,0,1,0,1,28,28,6,11,5,2,2,2,0,21,14,7,0,20,0,4,5
60403606,0,,,21,10,11,1,0,1,20,10,10,15,7,8,19,10,9,19,10,9,5,3,2,3,1,2,1,0,1,0,0,0,0,0,0,6,6,0,3,0,2,0,0,1,6,4,2,0,3,0,0,1
60403607,0,,,21,10,11,3,2,1,18,8,10,9,4,5,16,8,8,16,8,8,9,4,5,3,2,1,2,2,0,0,0,0,0,0,0,7,7,2,1,1,1,2,0,0,5,2,3,0,6,0,1,1
60403610,0,,,189,87,102,10,4,6,179,83,96,91,41,50,170,78,92,169,78,91,88,42,46,46,17,29,14,7,7,2,0,2,0,0,0,67,67,10,19,17,16,4,1,0,57,41,16,1,56,0,9,11
60403611,0,,,578,291,287,71,36,35,505,253,252,303,163,140,493,245,248,487,242,245,202,90,112,109,46,63,43,15,28,2,0,2,1,0,1,219,218,51,69,45,31,16,5,1,166,132,34,17,119,3,25,27
60403612,0,,,109,52,57,11,6,5,98,46,52,59,29,30,94,43,51,93,43,50,39,17,22,20,9,11,7,4,3,1,0,1,0,0,0,34,34,4,11,6,7,3,0,3,30,19,11,1,24,0,2,6
60403613,0,,,127,62,65,7,5,2,120,57,63,64,35,29,116,55,61,115,54,61,56,22,34,29,11,18,11,3,8,0,0,0,0,0,0,46,46,11,13,10,5,3,3,1,34,19,15,3,34,0,7,5
60403614,0,,,25,13,12,2,1,1,23,12,11,12,8,4,22,11,11,22,11,11,11,4,7,8,3,5,4,1,3,0,0,0,0,0,0,9,9,2,4,0,1,1,1,0,7,4,3,1,8,0,1,1
60403615,0,,,82,43,39,5,3,2,77,40,37,45,24,21,77,40,37,76,39,37,32,16,16,13,5,8,6,1,5,0,0,0,0,0,0,26,26,3,8,5,3,6,1,0,23,12,11,3,23,0,2,3
60403616,0,,,100,43,57,13,4,9,87,39,48,53,25,28,87,39,48,85,39,46,34,14,20,16,5,11,8,2,6,0,0,0,0,0,0,29,29,5,8,4,3,5,2,2,24,14,10,4,24,0,3,4
60403617,0,,,26,12,14,3,0,3,23,12,11,18,11,7,23,12,11,23,12,11,5,1,4,5,1,4,2,1,1,1,0,1,0,0,0,8,8,1,1,3,1,2,0,0,7,2,5,2,4,0,0,0
60403620,0,,,42,22,20,2,2,0,40,20,20,22,11,11,38,19,19,38,19,19,18,9,9,10,4,6,2,1,1,0,0,0,0,0,0,17,17,7,3,2,4,0,0,1,10,7,3,0,13,0,6,1
60403621,0,,,1419,667,752,139,66,73,1271,596,675,716,382,334,1231,571,660,1216,561,655,555,214,341,313,96,217,133,36,97,11,0,11,3,2,1,576,570,184,172,103,64,25,15,7,385,289,96,37,354,10,101,83
60403622,0,,,439,214,225,50,26,24,389,188,201,217,117,100,381,183,198,371,176,195,172,71,101,87,32,55,26,8,18,2,1,1,6,6,0,169,169,51,47,27,23,10,6,5,118,78,40,11,115,7,32,19
60403623,1,,60403624,282,80,202,7,2,5,284,83,201,85,42,43,282,81,201,279,81,198,199,41,158,176,30,146,109,15,94,18,3,15,1,0,1,51,46,12,10,10,9,1,4,2,36,15,21,1,38,1,8,5
60403624,2,60403623,,9,5,4,*,*,*,*,*,*,*,*,*,*,*,*,*,*,*,*,*,*,*,*,*,*,*,*,*,*,*,*,*,*,2,2,*,*,*,*,*,*,*,*,*,*,*,*,*,*,*
60403625,0,,,65,27,38,6,3,3,59,24,35,36,16,20,59,24,35,57,23,34,23,8,15,9,1,8,3,0,3,0,0,0,0,0,0,21,21,1,7,6,5,1,0,1,20,12,8,2,16,0,1,3
60403626,0,,,126,62,64,8,3,5,118,59,59,57,32,25,116,57,59,116,57,59,61,27,34,31,12,19,8,2,6,1,0,1,0,0,0,54,54,16,22,6,4,5,0,1,38,27,11,1,45,0,15,9
60403627,0,,,96,47,49,8,5,3,88,42,46,40,21,19,88,42,46,88,42,46,48,21,27,21,10,11,4,2,2,0,0,0,0,0,0,38,38,6,19,7,3,1,0,2,31,21,10,2,32,0,6,9
60403630,0,,,19,10,9,2,1,1,17,9,8,7,3,4,17,9,8,17,9,8,10,6,4,3,2,1,1,1,0,0,0,0,0,0,0,8,8,3,2,2,0,0,1,0,5,4,1,0,6,0,1,2
60403631,0,,,575,291,284,69,39,30,506,252,254,313,163,150,491,245,246,482,238,244,193,89,104,92,38,54,30,12,18,2,1,1,2,2,0,205,202,58,55,36,30,16,5,2,144,95,49,16,131,0,34,27
60403632,0,,,202,99,103,23,13,10,179,86,93,99,52,47,172,83,89,169,82,87,80,34,46,44,18,26,10,4,6,1,0,1,0,0,0,72,72,17,24,9,12,5,1,4,55,40,15,7,55,0,14,11
60403633,0,,,77,42,35,9,7,2,68,35,33,31,18,13,68,35,33,68,35,33,37,17,20,15,6,9,4,2,2,0,0,0,0,0,0,28,28,5,10,6,4,1,1,1,23,16,7,1,24,0,4,7
60403634,0,,,113,55,58,10,2,8,103,53,50,51,27,24,103,53,50,103,53,50,52,26,26,20,8,12,9,4,5,1,0,1,0,0,0,40,40,9,6,14,7,2,2,0,31,23,8,2,32,0,6,5
60403635,0,,,181,81,100,17,6,11,164,75,89,85,42,43,162,75,87,160,75,85,79,33,46,43,14,29,14,4,10,0,0,0,0,0,0,58,58,15,15,9,4,5,6,4,43,21,22,4,51,0,12,4
60403636,0,,,22,11,11,0,0,0,22,11,11,10,6,4,21,10,11,20,9,11,12,5,7,5,2,3,1,0,1,0,0,0,0,0,0,11,11,3,6,1,1,0,0,0,8,7,1,0,8,0,3,3
60403640,0,,,117,51,66,5,1,4,112,50,62,56,27,29,109,48,61,108,48,60,56,23,33,29,8,21,9,3,6,0,0,0,0,0,0,43,43,10,11,10,6,5,1,0,33,18,15,0,36,0,9,4
60403641,0,,,34,18,16,4,2,2,30,16,14,20,11,9,27,13,14,27,13,14,10,5,5,1,0,1,1,0,1,0,0,0,0,0,0,9,9,1,1,1,3,2,1,0,8,4,4,1,7,0,1,0
60403642,0,,,31,16,15,1,1,0,30,15,15,13,7,6,28,13,15,28,13,15,17,8,9,9,3,6,7,2,5,0,0,0,0,0,0,14,14,3,6,4,1,0,0,0,11,9,2,0,9,0,2,4
60403643,0,,,30,13,17,1,0,1,29,13,16,18,8,10,26,12,14,25,11,14,11,5,6,6,2,4,3,0,3,0,0,0,0,0,0,8,8,0,2,2,1,2,1,0,8,3,5,0,8,0,0,2
60403644,0,,,105,48,57,9,3,6,96,45,51,50,24,26,92,45,47,91,44,47,46,21,25,21,9,12,5,1,4,0,0,0,0,0,0,42,42,13,12,7,5,3,2,0,29,17,12,2,32,0,8,9
60403645,0,,,128,59,69,21,8,13,107,51,56,57,29,28,103,48,55,102,48,54,50,22,28,32,15,17,7,1,6,0,0,0,0,0,0,46,46,13,15,5,6,2,3,2,33,24,9,5,33,0,10,9
60403646,0,,,47,25,22,6,3,3,41,22,19,22,14,8,41,22,19,40,22,18,19,8,11,8,3,5,3,1,2,0,0,0,0,0,0,20,20,7,5,5,1,1,1,0,13,11,2,1,14,0,5,2
60403650,0,,,187,87,100,14,7,7,173,80,93,93,47,46,165,74,91,164,73,91,80,33,47,37,11,26,12,3,9,1,0,1,0,0,0,71,71,16,29,11,3,7,3,2,54,39,15,3,55,1,11,14
60403651,0,,,152,68,84,12,6,6,140,62,78,71,36,35,137,60,77,136,60,76,69,26,43,34,12,22,5,1,4,1,0,1,2,2,0,79,79,42,17,10,7,0,3,0,37,25,12,4,54,0,26,8
60403652,0,,,85,40,45,9,3,6,76,37,39,41,20,21,70,34,36,70,34,36,35,17,18,22,7,15,8,2,6,1,0,1,0,0,0,30,30,7,8,7,3,3,1,1,23,14,9,1,24,0,6,2
60403653,0,,,53,26,27,3,2,1,50,24,26,29,14,15,48,23,25,48,23,25,21,10,11,12,5,7,2,0,2,0,0,0,0,0,0,22,22,7,5,5,4,1,0,0,15,10,5,0,18,0,7,2
60403655,0,,,310,130,180,23,13,10,285,116,169,115,62,53,281,113,168,278,111,167,170,54,116,114,29,85,45,11,34,5,0,5,1,0,1,126,125,40,50,18,10,4,3,0,85,69,16,5,94,0,33,30
60403656,0,,,1143,529,614,110,54,56,1032,474,558,508,276,232,1015,464,551,1002,456,546,524,198,326,310,100,210,144,46,98,20,6,14,1,0,1,432,431,139,130,69,46,26,13,8,292,202,90,27,296,13,75,74
60403657,0,,,40,18,22,2,1,1,38,17,21,15,8,7,37,16,21,37,16,21,23,9,14,14,4,10,4,0,4,0,0,0,0,0,0,21,21,7,9,5,0,0,0,0,14,13,1,0,15,0,5,4
60403660,0,,,42,21,21,1,1,0,41,20,21,15,8,7,40,20,20,39,19,20,26,12,14,15,5,10,7,2,5,0,0,0,0,0,0,21,21,7,9,3,2,0,0,0,14,12,2,1,18,0,7,4
60403661,0,,,74,30,44,3,2,1,71,28,43,36,16,20,71,28,43,71,28,43,35,12,23,19,3,16,9,2,7,0,0,0,0,0,0,32,32,10,8,11,2,0,0,1,22,14,8,1,24,1,6,2
60403662,0,,,37,19,18,0,0,0,37,19,18,19,12,7,35,18,17,35,18,17,18,7,11,10,5,5,2,0,2,0,0,0,0,0,0,15,15,6,4,1,2,0,2,0,9,4,5,0,14,0,5,2
60403663,0,,,84,39,45,8,2,6,76,37,39,43,23,20,75,37,38,75,37,38,33,14,19,24,9,15,4,1,3,1,0,1,0,0,0,27,27,4,9,5,4,1,2,2,23,12,11,2,24,0,3,4
60403667,0,,,345,152,193,19,7,12,326,145,181,119,54,65,324,144,180,319,140,179,207,91,116,129,50,79,59,19,40,8,3,5,2,0,2,120,119,58,32,11,7,8,1,2,61,47,14,4,88,1,41,18
60403670,0,,,51,23,28,1,1,0,50,22,28,24,13,11,47,20,27,47,20,27,26,9,17,20,7,13,4,3,1,0,0,0,1,0,1,23,23,5,12,3,2,1,0,0,18,15,3,0,18,1,3,3
60403671,1,,60403682,99,42,57,7,2,5,95,42,53,55,27,28,95,42,53,92,41,51,40,15,25,25,7,18,13,5,8,1,0,1,0,0,0,44,44,13,19,7,5,2,0,0,33,27,6,3,32,0,10,5
60403672,0,,,14,7,7,1,0,1,13,7,6,7,4,3,13,7,6,13,7,6,6,3,3,4,2,2,1,0,1,0,0,0,0,0,0,4,4,0,1,2,0,0,1,0,4,2,2,1,3,0,0,0
60403676,0,,,18,8,10,0,0,0,18,8,10,8,4,4,17,7,10,17,7,10,10,4,6,3,1,2,1,1,0,0,0,0,0,0,0,6,6,1,3,0,0,1,1,0,5,3,2,0,6,0,1,3
60403677,0,,,11,6,5,0,0,0,11,6,5,3,2,1,11,6,5,11,6,5,8,4,4,7,3,4,3,1,2,0,0,0,0,0,0,4,4,0,1,3,0,0,0,0,4,2,2,0,4,0,0,1
60403680,0,,,21,12,9,1,0,1,20,12,8,11,6,5,19,12,7,19,12,7,9,6,3,5,3,2,2,2,0,0,0,0,0,0,0,6,6,1,1,1,1,1,1,0,5,2,3,1,6,0,1,1
60403681,0,,,18,9,9,0,0,0,18,9,9,10,6,4,18,9,9,18,9,9,8,3,5,4,1,3,1,0,1,0,0,0,0,0,0,6,6,1,1,2,1,1,0,0,5,3,2,0,5,0,0,1
60403682,2,60403671,,3,2,1,*,*,*,*,*,*,*,*,*,*,*,*,*,*,*,*,*,*,*,*,*,*,*,*,*,*,*,*,*,*,2,2,*,*,*,*,*,*,*,*,*,*,*,*,*,*,*
60403686,2,60403696,,8,4,4,*,*,*,*,*,*,*,*,*,*,*,*,*,*,*,*,*,*,*,*,*,*,*,*,*,*,*,*,*,*,3,3,*,*,*,*,*,*,*,*,*,*,*,*,*,*,*
60403690,0,,,147,68,79,1,0,1,146,68,78,50,33,17,145,68,77,144,67,77,96,35,61,58,17,41,16,5,11,0,0,0,0,0,0,105,105,68,32,5,0,0,0,0,36,32,4,0,76,0,46,15
60403691,0,,,16,7,9,0,0,0,16,7,9,6,2,4,16,7,9,16,7,9,10,5,5,5,2,3,1,0,1,0,0,0,0,0,0,6,6,0,3,2,1,0,0,0,6,4,2,0,6,0,0,3
60403692,0,,,30,14,16,0,0,0,30,14,16,16,9,7,30,14,16,30,14,16,14,5,9,10,3,7,6,2,4,1,0,1,0,0,0,9,9,1,2,2,1,3,0,0,8,2,6,0,9,0,1,1
60403696,1,,60403686,38,15,23,3,1,2,43,18,25,22,10,12,43,18,25,43,18,25,21,8,13,9,2,7,5,0,5,0,0,0,0,0,0,12,12,2,4,3,4,1,1,0,13,8,5,1,14,0,2,0
60404002,0,,,305,123,182,9,4,5,296,119,177,118,67,51,289,114,175,285,113,172,178,52,126,123,26,97,79,12,67,15,0,15,2,0,2,96,94,28,27,17,12,5,2,3,66,39,27,1,80,2,21,11
60404007,2,60404023,,7,3,4,*,*,*,*,*,*,*,*,*,*,*,*,*,*,*,*,*,*,*,*,*,*,*,*,*,*,*,*,*,*,3,3,*,*,*,*,*,*,*,*,*,*,*,*,*,*,*
60404012,0,,,177,77,100,10,3,7,167,74,93,88,43,45,161,71,90,160,71,89,79,31,48,45,17,28,22,6,16,0,0,0,0,0,0,69,69,17,22,14,10,3,2,1,52,36,16,3,52,0,15,9
60404013,2,60404023,,4,1,3,*,*,*,*,*,*,*,*,*,*,*,*,*,*,*,*,*,*,*,*,*,*,*,*,*,*,*,*,*,*,2,2,*,*,*,*,*,*,*,*,*,*,*,*,*,*,*
60404017,2,60404023,,1,1,0,*,*,*,*,*,*,*,*,*,*,*,*,*,*,*,*,*,*,*,*,*,*,*,*,*,*,*,*,*,*,1,1,*,*,*,*,*,*,*,*,*,*,*,*,*,*,*
60404021,2,60404022,,3,2,1,*,*,*,*,*,*,*,*,*,*,*,*,*,*,*,*,*,*,*,*,*,*,*,*,*,*,*,*,*,*,1,1,*,*,*,*,*,*,*,*,*,*,*,*,*,*,*
60404022,1,,60404021,53,26,27,0,0,0,56,28,28,26,17,9,56,28,28,56,28,28,30,11,19,18,7,11,3,1,2,0,0,0,0,0,0,27,27,10,10,6,2,0,0,0,18,12,6,0,19,0,3,7
60404023,1,,60404007;60404013;60404017,42,20,22,3,2,1,51,23,28,25,13,12,49,22,27,48,21,27,26,10,16,15,5,10,3,0,3,0,0,0,0,0,0,19,19,8,10,4,1,2,0,0,17,12,5,1,20,0,7,3
60404031,0,,,280,126,154,35,17,18,245,109,136,131,61,70,240,107,133,236,107,129,114,48,66,58,20,38,23,4,19,0,0,0,0,0,0,107,107,25,40,17,10,8,5,2,82,61,21,6,76,0,17,19
60404040,0,,,13,4,9,0,0,0,13,4,9,6,2,4,13,4,9,13,4,9,7,2,5,2,0,2,0,0,0,0,0,0,0,0,0,7,7,2,4,1,0,0,0,0,5,3,2,0,5,0,1,1
60404041,0,,,556,272,284,34,17,17,522,255,267,271,156,115,508,249,259,503,245,258,251,99,152,159,53,106,51,14,37,3,0,3,1,0,1,243,242,85,83,35,22,11,4,2,155,115,40,8,166,3,49,40
60404050,0,,,342,162,180,13,6,7,329,156,173,156,81,75,324,155,169,321,153,168,173,75,98,97,34,63,35,11,24,0,0,0,1,0,1,155,155,54,51,28,13,5,3,1,101,78,23,4,124,0,41,29
60404051,0,,,76,36,40,8,4,4,68,32,36,43,23,20,67,32,35,66,31,35,25,9,16,14,4,10,5,1,4,0,0,0,1,0,1,30,30,8,8,5,8,1,0,0,22,16,6,3,18,0,5,2
60404204,1,,60404215;60404225,40,22,18,2,1,1,46,26,20,17,10,7,45,26,19,45,26,19,29,16,13,16,7,9,6,3,3,0,0,0,0,0,0,18,18,9,5,5,2,0,1,0,13,9,4,0,21,0,9,3
60404215,2,60404204,,1,1,0,*,*,*,*,*,*,*,*,*,*,*,*,*,*,*,*,*,*,*,*,*,*,*,*,*,*,*,*,*,*,1,1,*,*,*,*,*,*,*,*,*,*,*,*,*,*,*
60404225,2,60404204,,7,4,3,*,*,*,*,*,*,*,*,*,*,*,*,*,*,*,*,*,*,*,*,*,*,*,*,*,*,*,*,*,*,3,3,*,*,*,*,*,*,*,*,*,*,*,*,*,*,*
60404306,0,,,53,27,26,3,2,1,50,25,25,18,10,8,50,25,25,49,25,24,32,15,17,22,8,14,5,3,2,1,0,1,0,0,0,24,24,9,8,4,1,1,0,1,15,11,4,1,23,0,8,5
60404307,2,60404317,,3,1,2,*,*,*,*,*,*,*,*,*,*,*,*,*,*,*,*,*,*,*,*,*,*,*,*,*,*,*,*,*,*,2,2,*,*,*,*,*,*,*,*,*,*,*,*,*,*,*
60404310,2,60404311,,5,3,2,*,*,*,*,*,*,*,*,*,*,*,*,*,*,*,*,*,*,*,*,*,*,*,*,*,*,*,*,*,*,2,2,*,*,*,*,*,*,*,*,*,*,*,*,*,*,*
60404311,1,,60404310;60404312,56,28,28,0,0,0,64,33,31,23,14,9,64,33,31,64,33,31,41,19,22,22,8,14,8,0,8,0,0,0,0,0,0,26,26,7,12,7,3,0,0,0,22,21,1,0,28,0,7,4
60404312,2,60404311,,3,2,1,*,*,*,*,*,*,*,*,*,*,*,*,*,*,*,*,*,*,*,*,*,*,*,*,*,*,*,*,*,*,1,1,*,*,*,*,*,*,*,*,*,*,*,*,*,*,*
60404317,1,,60404307,88,41,47,5,3,2,86,39,47,37,17,20,86,39,47,85,39,46,49,22,27,23,10,13,5,4,1,0,0,0,0,0,0,38,38,14,15,5,3,1,0,2,26,21,5,2,33,0,12,9
60404320,0,,,16,9,7,2,2,0,14,7,7,3,1,2,14,7,7,14,7,7,11,6,5,4,1,3,2,1,1,0,0,0,0,0,0,9,9,3,5,1,0,0,0,0,6,6,0,0,8,0,3,4
60404321,0,,,12,5,7,0,0,0,12,5,7,5,2,3,12,5,7,12,5,7,7,3,4,2,0,2,0,0,0,0,0,0,0,0,0,6,6,3,1,1,1,0,0,0,3,1,2,0,5,0,2,1
60404327,1,,60404345,72,33,39,3,2,1,79,34,45,35,18,17,79,34,45,79,34,45,44,16,28,28,11,17,9,5,4,0,0,0,0,0,0,32,32,14,13,3,4,1,2,0,23,14,9,0,30,0,10,5
60404331,0,,,25,14,11,0,0,0,25,14,11,13,8,5,24,14,10,24,14,10,12,6,6,8,5,3,0,0,0,0,0,0,0,0,0,8,8,1,3,2,0,1,0,1,7,4,3,0,7,0,0,2
60404337,0,,,45,19,26,1,1,0,43,17,26,20,10,10,42,16,26,42,16,26,23,7,16,14,3,11,6,1,5,0,0,0,0,0,0,19,19,6,5,6,0,1,1,0,13,9,4,0,16,0,4,1
60404345,2,60404327,,10,3,7,*,*,*,*,*,*,*,*,*,*,*,*,*,*,*,*,*,*,*,*,*,*,*,*,*,*,*,*,*,*,5,5,*,*,*,*,*,*,*,*,*,*,*,*,*,*,*
60404403,0,,,143,71,72,1,1,0,142,70,72,66,34,32,140,70,70,137,69,68,76,36,40,33,12,21,14,5,9,1,0,1,0,0,0,61,61,17,21,15,4,2,1,1,44,29,15,0,51,0,14,13
60404404,0,,,237,115,122,16,8,8,221,107,114,107,57,50,216,105,111,215,105,110,114,50,64,58,22,36,23,9,14,0,0,0,0,0,0,97,97,27,34,16,13,4,1,2,69,49,20,3,74,0,17,21
60404405,0,,,405,189,216,25,11,14,380,178,202,189,94,95,368,174,194,364,171,193,191,84,107,91,33,58,43,16,27,4,1,3,0,0,0,149,149,32,44,35,23,8,4,3,116,80,36,3,123,2,24,31
60404406,0,,,112,66,46,3,2,1,109,64,45,61,37,24,109,64,45,107,63,44,48,27,21,19,11,8,4,1,3,0,0,0,0,0,0,38,37,11,13,7,6,0,0,0,26,20,6,0,23,0,6,4
60404407,0,,,227,105,122,13,6,7,214,99,115,108,57,51,210,98,112,207,97,110,106,42,64,58,21,37,16,4,12,0,0,0,1,0,1,84,84,13,36,16,10,5,1,3,70,50,20,4,65,0,9,20
60404414,0,,,78,32,46,3,1,2,75,31,44,34,17,17,73,31,42,73,31,42,41,14,27,29,8,21,13,3,10,0,0,0,0,0,0,33,33,8,14,4,5,2,0,0,25,19,6,1,29,0,8,6
60404416,0,,,150,79,71,5,4,1,144,75,69,66,37,29,138,73,65,137,72,65,78,38,40,47,23,24,9,7,2,0,0,0,1,0,1,60,58,17,24,5,4,5,2,1,41,30,11,1,51,0,13,17
60404417,0,,,157,73,84,7,4,3,150,69,81,86,45,41,145,65,80,145,65,80,64,24,40,31,12,19,8,4,4,1,0,1,0,0,0,51,48,10,17,3,7,8,2,1,38,22,16,3,38,0,10,8
60404418,0,,,19,9,10,4,3,1,15,6,9,7,3,4,15,6,9,15,6,9,8,3,5,4,1,3,2,0,2,0,0,0,0,0,0,4,4,0,0,1,1,0,2,0,4,1,3,0,4,0,0,0
60404423,0,,,23,11,12,3,2,1,20,9,11,11,5,6,19,9,10,19,9,10,9,4,5,6,3,3,4,2,2,0,0,0,0,0,0,4,4,0,0,0,1,1,1,1,4,0,4,1,4,0,0,0
60404424,0,,,49,20,29,2,1,1,47,19,28,18,8,10,47,19,28,47,19,28,29,11,18,12,3,9,6,2,4,0,0,0,0,0,0,21,21,7,8,2,2,1,0,1,14,9,5,1,19,0,5,5
60404425,0,,,36,17,19,4,0,4,32,17,15,18,9,9,32,17,15,32,17,15,14,8,6,10,5,5,3,1,2,0,0,0,0,0,0,9,9,1,1,2,0,3,2,0,8,1,7,0,9,0,1,1
60404426,0,,,45,24,21,3,3,0,42,21,21,22,12,10,41,21,20,40,21,19,20,9,11,14,6,8,9,4,5,0,0,0,0,0,0,14,14,2,5,2,3,0,1,1,12,6,6,2,13,0,2,2
60404427,2,60404428,,6,3,3,*,*,*,*,*,*,*,*,*,*,*,*,*,*,*,*,*,*,*,*,*,*,*,*,*,*,*,*,*,*,2,2,*,*,*,*,*,*,*,*,*,*,*,*,*,*,*
60404428,1,,60404427,27,16,11,1,1,0,32,18,14,12,9,3,32,18,14,32,18,14,20,9,11,10,3,7,4,1,3,0,0,0,0,0,0,12,12,4,4,4,1,1,0,0,10,6,4,0,13,0,3,2
60404435,0,,,84,41,43,5,4,1,79,37,42,44,22,22,74,33,41,72,33,39,35,15,20,13,2,11,4,1,3,1,0,1,1,0,1,26,26,2,9,5,5,1,4,0,24,14,10,1,22,0,1,5
60404437,0,,,62,29,33,2,1,1,60,28,32,31,18,13,59,27,32,57,26,31,29,10,19,17,7,10,5,1,4,1,0,1,0,0,0,22,22,3,8,6,1,3,1,0,19,11,8,0,20,0,3,2
60404447,0,,,54,26,28,2,1,1,52,25,27,26,13,13,52,25,27,52,25,27,26,12,14,19,6,13,6,2,4,0,0,0,0,0,0,24,24,8,6,7,2,1,0,0,16,10,6,0,20,0,6,3
60404448,0,,,15,7,8,0,0,0,15,7,8,4,2,2,15,7,8,15,7,8,11,5,6,8,3,5,5,2,3,0,0,0,0,0,0,8,8,3,3,2,0,0,0,0,5,5,0,0,8,0,3,2
60404458,0,,,55,29,26,2,2,0,53,27,26,25,15,10,53,27,26,53,27,26,28,12,16,19,8,11,7,3,4,2,0,2,0,0,0,20,20,3,5,9,1,1,1,0,17,10,7,0,19,0,2,2
60404468,2,60404478,,8,4,4,*,*,*,*,*,*,*,*,*,*,*,*,*,*,*,*,*,*,*,*,*,*,*,*,*,*,*,*,*,*,2,2,*,*,*,*,*,*,*,*,*,*,*,*,*,*,*
60404478,1,,60404468,14,6,8,3,2,1,19,8,11,10,6,4,19,8,11,19,8,11,9,2,7,5,0,5,5,0,5,1,0,1,0,0,0,7,7,4,1,3,0,0,0,1,5,4,1,0,6,0,3,0
60404488,1,,60405408,78,37,41,5,2,3,77,36,41,36,21,15,76,36,40,76,36,40,41,15,26,28,8,20,9,2,7,0,0,0,0,0,0,38,38,17,13,5,2,2,1,0,23,17,6,1,32,0,14,4
60404508,0,,,392,186,206,25,16,9,367,170,197,228,114,114,356,162,194,350,158,192,139,56,83,81,29,52,27,7,20,1,0,1,2,0,2,195,195,67,82,29,12,4,1,0,128,111,17,8,105,3,29,28
60404509,0,,,269,130,139,30,16,14,239,114,125,150,79,71,232,110,122,225,106,119,89,35,54,51,17,34,15,5,10,1,0,1,0,0,0,112,112,28,37,27,14,6,0,0,84,69,15,11,63,2,18,14
60404517,2,60404518,,3,1,2,*,*,*,*,*,*,*,*,*,*,*,*,*,*,*,*,*,*,*,*,*,*,*,*,*,*,*,*,*,*,1,1,*,*,*,*,*,*,*,*,*,*,*,*,*,*,*
60404518,1,,60404517;60404528,51,23,28,4,1,3,54,24,30,20,8,12,54,24,30,54,24,30,34,16,18,15,5,10,7,3,4,0,0,0,0,0,0,25,25,13,11,3,0,0,0,2,16,13,3,2,24,0,10,7
60404528,2,60404518,,4,1,3,*,*,*,*,*,*,*,*,*,*,*,*,*,*,*,*,*,*,*,*,*,*,*,*,*,*,*,*,*,*,3,3,*,*,*,*,*,*,*,*,*,*,*,*,*,*,*
60404538,0,,,62,29,33,3,2,1,59,27,32,30,16,14,57,26,31,56,26,30,29,11,18,17,6,11,5,0,5,0,0,0,0,0,0,27,27,13,6,2,3,1,1,1,13,8,5,1,20,0,10,3
60404539,0,,,12,7,5,0,0,0,12,7,5,3,2,1,12,7,5,12,7,5,9,5,4,7,3,4,3,1,2,0,0,0,0,0,0,5,5,0,3,2,0,0,0,0,5,3,2,0,5,0,0,2
60404548,0,,,169,76,93,12,8,4,157,68,89,62,33,29,154,68,86,154,68,86,95,35,60,61,15,46,22,5,17,0,0,0,0,0,0,68,68,20,23,12,8,0,1,4,48,32,16,2,61,0,19,13
60404549,0,,,42,20,22,4,2,2,38,18,20,17,11,6,36,16,20,36,16,20,21,7,14,14,3,11,5,0,5,1,0,1,0,0,0,15,15,5,3,3,2,0,0,2,10,4,6,0,14,0,5,1
60404556,2,60404557,,7,5,2,*,*,*,*,*,*,*,*,*,*,*,*,*,*,*,*,*,*,*,*,*,*,*,*,*,*,*,*,*,*,4,4,*,*,*,*,*,*,*,*,*,*,*,*,*,*,*
60404557,1,,60404556,18,9,9,0,0,0,25,14,11,13,7,6,25,14,11,25,14,11,12,7,5,6,2,4,0,0,0,0,0,0,0,0,0,9,9,6,4,2,0,1,0,0,7,6,1,0,10,0,5,3
60404558,0,,,11,6,5,0,0,0,11,6,5,3,2,1,11,6,5,11,6,5,8,4,4,4,2,2,3,1,2,0,0,0,0,0,0,6,6,2,3,1,0,0,0,0,4,4,0,0,5,0,1,2
60404559,0,,,14,8,6,2,1,1,12,7,5,6,4,2,12,7,5,12,7,5,6,3,3,2,1,1,1,1,0,0,0,0,0,0,0,4,4,0,1,0,3,0,0,0,4,2,2,1,3,0,0,1
60404569,0,,,194,82,112,3,1,2,191,81,110,63,37,26,190,81,109,190,81,109,128,44,84,73,17,56,38,5,33,9,0,9,0,0,0,31,28,6,8,8,5,0,1,0,22,11,11,0,24,0,4,4
60404579,0,,,14,7,7,0,0,0,14,7,7,7,5,2,14,7,7,14,7,7,7,2,5,4,0,4,1,0,1,0,0,0,0,0,0,6,6,1,2,3,0,0,0,0,5,2,3,0,6,0,1,0
60404601,2,60404602,,2,1,1,*,*,*,*,*,*,*,*,*,*,*,*,*,*,*,*,*,*,*,*,*,*,*,*,*,*,*,*,*,*,1,1,*,*,*,*,*,*,*,*,*,*,*,*,*,*,*
60404602,1,,60404601,36,18,18,2,1,1,36,18,18,15,7,8,36,18,18,36,18,18,21,11,10,12,7,5,6,3,3,0,0,0,0,0,0,12,12,3,4,1,3,0,2,0,10,5,5,0,13,0,3,4
60404606,0,,,12,5,7,0,0,0,12,5,7,6,3,3,12,5,7,12,5,7,6,2,4,3,1,2,1,0,1,0,0,0,0,0,0,5,5,0,3,2,0,0,0,0,5,4,1,0,3,0,0,1
60404617,1,,60404627;60404649;60404679,12,7,5,4,3,1,22,13,9,12,9,3,22,13,9,22,13,9,10,4,6,6,2,4,1,0,1,0,0,0,0,0,0,5,5,3,5,1,1,0,1,0,8,6,2,1,8,0,1,1
60404622,1,,60404632;60404640,14,6,8,0,0,0,26,11,15,13,5,8,25,10,15,24,10,14,13,6,7,9,4,5,2,0,2,0,0,0,0,0,0,6,6,3,4,1,3,0,0,0,8,5,3,0,8,0,1,4
60404627,2,60404617,,9,6,3,*,*,*,*,*,*,*,*,*,*,*,*,*,*,*,*,*,*,*,*,*,*,*,*,*,*,*,*,*,*,3,3,*,*,*,*,*,*,*,*,*,*,*,*,*,*,*
60404632,2,60404622,,6,3,3,*,*,*,*,*,*,*,*,*,*,*,*,*,*,*,*,*,*,*,*,*,*,*,*,*,*,*,*,*,*,2,2,*,*,*,*,*,*,*,*,*,*,*,*,*,*,*
60404640,2,60404622,,6,2,4,*,*,*,*,*,*,*,*,*,*,*,*,*,*,*,*,*,*,*,*,*,*,*,*,*,*,*,*,*,*,3,3,*,*,*,*,*,*,*,*,*,*,*,*,*,*,*
60404649,2,60404617,,2,1,1,*,*,*,*,*,*,*,*,*,*,*,*,*,*,*,*,*,*,*,*,*,*,*,*,*,*,*,*,*,*,1,1,*,*,*,*,*,*,*,*,*,*,*,*,*,*,*
60404679,2,60404617,,3,2,1,*,*,*,*,*,*,*,*,*,*,*,*,*,*,*,*,*,*,*,*,*,*,*,*,*,*,*,*,*,*,2,2,*,*,*,*,*,*,*,*,*,*,*,*,*,*,*
60404724,2,60404734,,4,2,2,*,*,*,*,*,*,*,*,*,*,*,*,*,*,*,*,*,*,*,*,*,*,*,*,*,*,*,*,*,*,2,2,*,*,*,*,*,*,*,*,*,*,*,*,*,*,*
60404725,2,60404734,,2,2,0,*,*,*,*,*,*,*,*,*,*,*,*,*,*,*,*,*,*,*,*,*,*,*,*,*,*,*,*,*,*,2,2,*,*,*,*,*,*,*,*,*,*,*,*,*,*,*
60404734,1,,60404724;60404725,13,7,6,1,1,0,18,10,8,11,5,6,18,10,8,17,10,7,7,5,2,1,0,1,1,0,1,0,0,0,1,0,1,5,5,4,1,3,1,0,0,0,5,4,1,0,5,0,3,0
60404736,1,,60404746;60404747;60404758,11,6,5,0,0,0,28,15,13,15,8,7,27,14,13,26,13,13,13,7,6,5,2,3,2,0,2,1,0,1,0,0,0,4,4,2,2,1,1,3,0,0,7,3,4,0,7,0,2,0
60404740,1,,60404750;60404751,19,10,9,0,0,0,26,13,13,14,9,5,25,13,12,25,13,12,12,4,8,7,2,5,0,0,0,0,0,0,0,0,0,9,9,7,4,2,0,1,0,0,7,6,1,0,8,0,3,3
60404746,2,60404736,,4,1,3,*,*,*,*,*,*,*,*,*,*,*,*,*,*,*,*,*,*,*,*,*,*,*,*,*,*,*,*,*,*,1,1,*,*,*,*,*,*,*,*,*,*,*,*,*,*,*
60404747,2,60404736,,2,1,1,*,*,*,*,*,*,*,*,*,*,*,*,*,*,*,*,*,*,*,*,*,*,*,*,*,*,*,*,*,*,1,1,*,*,*,*,*,*,*,*,*,*,*,*,*,*,*
60404750,2,60404740,,3,1,2,*,*,*,*,*,*,*,*,*,*,*,*,*,*,*,*,*,*,*,*,*,*,*,*,*,*,*,*,*,*,2,2,*,*,*,*,*,*,*,*,*,*,*,*,*,*,*
60404751,2,60404740,,4,2,2,*,*,*,*,*,*,*,*,*,*,*,*,*,*,*,*,*,*,*,*,*,*,*,*,*,*,*,*,*,*,3,3,*,*,*,*,*,*,*,*,*,*,*,*,*,*,*
60404758,2,60404736,,11,7,4,*,*,*,*,*,*,*,*,*,*,*,*,*,*,*,*,*,*,*,*,*,*,*,*,*,*,*,*,*,*,3,3,*,*,*,*,*,*,*,*,*,*,*,*,*,*,*
60405408,2,60404488,,4,1,3,*,*,*,*,*,*,*,*,*,*,*,*,*,*,*,*,*,*,*,*,*,*,*,*,*,*,*,*,*,*,2,2,*,*,*,*,*,*,*,*,*,*,*,*,*,*,*
60405647,0,,,60,27,33,3,0,3,57,27,30,26,14,12,57,27,30,57,27,30,31,13,18,14,6,8,5,1,4,0,0,0,0,0,0,33,33,13,16,3,0,0,1,0,20,17,3,1,21,3,4,10
60405701,0,,,49,25,24,2,2,0,47,23,24,21,12,9,47,23,24,47,23,24,26,11,15,11,5,6,3,1,2,0,0,0,0,0,0,25,25,10,9,5,0,0,1,0,14,12,2,0,18,0,6,5
