KEY_CODE,HTKSYORI,HTKSAKI,GASSAN,T001100001,T001100002,T001100003,T001100004,T001100005,T001100006,T001100007,T001100008,T001100009,T001100010,T001100011,T001100012,T001100013,T001100014,T001100015,T001100016,T001100017,T001100018,T001100019,T001100020,T001100021,T001100022,T001100023,T001100024,T001100025,T001100026,T001100027,T001100028,T001100029,T001100030,T001100031,T001100032,T001100033,T001100034,T001100035,T001100036,T001100037,T001100038,T001100039,T001100040,T001100041,T001100042,T001100043,T001100044,T001100045,T001100046,T001100047,T001100048,T001100049,T001100050
,,,,Å@êlå˚ÅiëçêîÅj,Å@êlå˚ÅiëçêîÅjÅ@íj,Å@êlå˚ÅiëçêîÅjÅ@èó,Å@ÇOÅ`ÇPÇSçŒêlå˚Å@ëçêî,Å@ÇOÅ`ÇPÇSçŒêlå˚Å@íj,Å@ÇOÅ`ÇPÇSçŒêlå˚Å@èó,Å@ÇPÇTçŒà»è„êlå˚Å@ëçêî,Å@ÇPÇTçŒà»è„êlå˚Å@íj,Å@ÇPÇTçŒà»è„êlå˚Å@èó,Å@ÇPÇTÅ`ÇUÇSçŒêlå˚Å@ëçêî,Å@ÇPÇTÅ`ÇUÇSçŒêlå˚Å@íj,Å@ÇPÇTÅ`ÇUÇSçŒêlå˚Å@èó,Å@ÇPÇWçŒà»è„êlå˚Å@ëçêî,Å@ÇPÇWçŒà»è„êlå˚Å@íj,Å@ÇPÇWçŒà»è„êlå˚Å@èó,Å@ÇQÇOçŒà»è„êlå˚Å@ëçêî,Å@ÇQÇOçŒà»è„êlå˚Å@íj,Å@ÇQÇOçŒà»è„êlå˚Å@èó,Å@ÇUÇTçŒà»è„êlå˚Å@ëçêî,Å@ÇUÇTçŒà»è„êlå˚Å@íj,Å@ÇUÇTçŒà»è„êlå˚Å@èó,Å@ÇVÇTçŒà»è„êlå˚Å@ëçêî,Å@ÇVÇTçŒà»è„êlå˚Å@íj,Å@ÇVÇTçŒà»è„êlå˚Å@èó,Å@ÇWÇTçŒà»è„êlå˚Å@ëçêî,Å@ÇWÇTçŒà»è„êlå˚Å@íj,Å@ÇWÇTçŒà»è„êlå˚Å@èó,Å@ÇXÇTçŒà»è„êlå˚Å@ëçêî,Å@ÇXÇTçŒà»è„êlå˚Å@íj,Å@ÇXÇTçŒà»è„êlå˚Å@èó,Å@äOçëêlêlå˚Å@ëçêî,Å@äOçëêlêlå˚Å@íj,Å@äOçëêlêlå˚Å@èó,Å@ê¢ë—ëçêî,Å@àÍî ê¢ë—êî,Å@ÇPêlê¢ë—êîÅ@àÍî ê¢ë—êî,Å@ÇQêlê¢ë—êîÅ@àÍî ê¢ë—êî,Å@ÇRêlê¢ë—êîÅ@àÍî ê¢ë—êî,Å@ÇSêlê¢ë—êîÅ@àÍî ê¢ë—êî,Å@ÇTêlê¢ë—êîÅ@àÍî ê¢ë—êî,Å@ÇUêlê¢ë—êîÅ@àÍî ê¢ë—êî,Å@ÇVêlà»è„ê¢ë—êîÅ@àÍî ê¢ë—êî,Å@êeë∞ÇÃÇ›ÇÃê¢ë—êîÅ@àÍî ê¢ë—êî,Å@äjâ∆ë∞ê¢ë—êîÅ@àÍî ê¢ë—êî,Å@äjâ∆ë∞à»äOÇÃê¢ë—êîÅ@àÍî ê¢ë—êî,Å@ÇUçŒñ¢ñûê¢ë—àıÇÃÇ¢ÇÈê¢ë—êîÅ@àÍî ê¢ë—êî,Å@ÇUÇTçŒà»è„ê¢ë—àıÇÃÇ¢ÇÈê¢ë—êîÅ@àÍî ê¢ë—êî,Å@ê¢ë—éÂÇÃîNóÓÇ™ÇQÇOÅ`ÇQÇXçŒÇÃÇPêlê¢ë—êîÅ@àÍî ê¢ë—êî,Å@çÇóÓíPêgê¢ë—êîÅ@àÍî ê¢ë—êî,Å@çÇóÓïvïwê¢ë—êîÅ@àÍî ê¢ë—êî
55393215,0,,,4,4,0,0,0,0,4,4,0,4,4,0,4,4,0,4,4,0,0,0,0,0,0,0,0,0,0,0,0,0,0,0,0,4,4,4,0,0,0,0,0,0,0,0,0,0,0,0,0,0
55393220,2,55393270,,4,2,2,*,*,*,*,*,*,*,*,*,*,*,*,*,*,*,*,*,*,*,*,*,*,*,*,*,*,*,*,*,*,4,4,*,*,*,*,*,*,*,*,*,*,*,*,*,*,*
55393223,2,55393270,,3,2,1,*,*,*,*,*,*,*,*,*,*,*,*,*,*,*,*,*,*,*,*,*,*,*,*,*,*,*,*,*,*,3,2,*,*,*,*,*,*,*,*,*,*,*,*,*,*,*
55393240,2,55393270,,5,4,1,*,*,*,*,*,*,*,*,*,*,*,*,*,*,*,*,*,*,*,*,*,*,*,*,*,*,*,*,*,*,3,3,*,*,*,*,*,*,*,*,*,*,*,*,*,*,*
55393270,1,,55393220;55393223;55393240;55393284;55393287;55394129,8,5,3,0,0,0,28,17,11,20,12,8,28,17,11,28,17,11,8,5,3,0,0,0,0,0,0,0,0,0,0,0,0,3,3,11,4,1,0,1,0,0,5,5,0,0,5,0,2,1
55393284,2,55393270,,4,2,2,*,*,*,*,*,*,*,*,*,*,*,*,*,*,*,*,*,*,*,*,*,*,*,*,*,*,*,*,*,*,3,3,*,*,*,*,*,*,*,*,*,*,*,*,*,*,*
55393287,2,55393270,,2,1,1,*,*,*,*,*,*,*,*,*,*,*,*,*,*,*,*,*,*,*,*,*,*,*,*,*,*,*,*,*,*,1,1,*,*,*,*,*,*,*,*,*,*,*,*,*,*,*
55394129,2,55393270,,2,1,1,*,*,*,*,*,*,*,*,*,*,*,*,*,*,*,*,*,*,*,*,*,*,*,*,*,*,*,*,*,*,1,1,*,*,*,*,*,*,*,*,*,*,*,*,*,*,*
55394281,2,55394320,,2,1,1,*,*,*,*,*,*,*,*,*,*,*,*,*,*,*,*,*,*,*,*,*,*,*,*,*,*,*,*,*,*,1,1,*,*,*,*,*,*,*,*,*,*,*,*,*,*,*
55394310,0,,,38,18,20,9,3,6,29,15,14,21,11,10,29,15,14,29,15,14,8,4,4,5,3,2,2,2,0,0,0,0,0,0,0,16,16,6,3,2,5,0,0,0,10,9,1,2,5,0,1,1
55394320,1,,55394281,316,159,157,37,19,18,281,141,140,144,79,65,280,140,140,280,140,140,137,62,75,91,39,52,33,14,19,4,2,2,0,0,0,140,140,43,52,28,8,6,3,1,97,78,19,9,88,6,21,30
55394321,2,55394331,,8,3,5,*,*,*,*,*,*,*,*,*,*,*,*,*,*,*,*,*,*,*,*,*,*,*,*,*,*,*,*,*,*,4,4,*,*,*,*,*,*,*,*,*,*,*,*,*,*,*
55394331,1,,55394321;55394341,99,51,48,12,10,2,104,50,54,63,30,33,103,49,54,103,49,54,41,20,21,27,11,16,14,6,8,0,0,0,0,0,0,43,43,10,21,11,6,0,0,1,39,30,9,3,26,2,1,9
55394341,2,55394331,,9,6,3,*,*,*,*,*,*,*,*,*,*,*,*,*,*,*,*,*,*,*,*,*,*,*,*,*,*,*,*,*,*,2,2,*,*,*,*,*,*,*,*,*,*,*,*,*,*,*
55394378,1,,55394389;55394399,92,44,48,8,3,5,104,57,47,47,30,17,104,57,47,104,57,47,57,27,30,33,14,19,12,6,6,0,0,0,0,0,0,45,45,25,17,7,4,2,1,0,31,24,7,2,37,0,9,12
55394389,2,55394378,,8,7,1,*,*,*,*,*,*,*,*,*,*,*,*,*,*,*,*,*,*,*,*,*,*,*,*,*,*,*,*,*,*,5,5,*,*,*,*,*,*,*,*,*,*,*,*,*,*,*
55394399,2,55394378,,12,9,3,*,*,*,*,*,*,*,*,*,*,*,*,*,*,*,*,*,*,*,*,*,*,*,*,*,*,*,*,*,*,6,6,*,*,*,*,*,*,*,*,*,*,*,*,*,*,*
55394441,0,,,37,19,18,0,0,0,37,19,18,12,6,6,37,19,18,37,19,18,25,13,12,16,9,7,9,5,4,0,0,0,0,0,0,20,20,8,8,3,1,0,0,0,12,12,0,0,19,0,8,5
55394451,0,,,14,7,7,0,0,0,14,7,7,3,0,3,14,7,7,14,7,7,11,7,4,5,2,3,1,1,0,0,0,0,0,0,0,8,8,4,2,2,0,0,0,0,4,3,1,0,8,0,4,1
55394471,0,,,11,6,5,1,0,1,10,6,4,7,5,2,9,5,4,9,5,4,3,1,2,0,0,0,0,0,0,0,0,0,0,0,0,4,4,1,0,2,1,0,0,0,3,2,1,0,2,0,0,0
55394472,0,,,60,34,26,6,5,1,54,29,25,23,13,10,54,29,25,54,29,25,31,16,15,19,8,11,9,3,6,2,1,1,0,0,0,24,24,6,7,7,1,3,0,0,18,14,4,1,18,0,4,5
55394481,2,55394482,,3,2,1,*,*,*,*,*,*,*,*,*,*,*,*,*,*,*,*,*,*,*,*,*,*,*,*,*,*,*,*,*,*,2,2,*,*,*,*,*,*,*,*,*,*,*,*,*,*,*
55394482,1,,55394481,182,71,111,8,5,3,177,68,109,53,24,29,175,68,107,174,68,106,124,44,80,99,29,70,80,20,60,16,5,11,1,0,1,50,49,18,18,9,3,2,1,0,33,27,6,0,36,1,12,6
55394488,0,,,9,5,4,0,0,0,9,5,4,6,4,2,9,5,4,9,5,4,3,1,2,1,0,1,0,0,0,0,0,0,0,0,0,4,4,0,3,1,0,0,0,0,4,4,0,0,2,0,0,0
55394489,0,,,15,7,8,3,2,1,12,5,7,6,3,3,12,5,7,12,5,7,6,2,4,4,1,3,2,1,1,0,0,0,0,0,0,5,5,1,2,0,0,2,0,0,4,3,1,1,3,0,0,0
55394492,0,,,49,28,21,2,1,1,47,27,20,25,15,10,46,26,20,46,26,20,22,12,10,12,8,4,2,1,1,1,0,1,0,0,0,21,21,6,8,2,4,1,0,0,15,12,3,0,15,0,6,3
55394498,0,,,113,59,54,7,5,2,106,54,52,47,24,23,104,53,51,102,51,51,59,30,29,32,14,18,11,4,7,2,0,2,0,0,0,47,47,11,20,7,5,3,1,0,36,27,9,1,40,0,9,13
55394595,2,55395505,,7,4,3,*,*,*,*,*,*,*,*,*,*,*,*,*,*,*,*,*,*,*,*,*,*,*,*,*,*,*,*,*,*,4,4,*,*,*,*,*,*,*,*,*,*,*,*,*,*,*
55395309,1,,55395319,21,9,12,3,2,1,23,9,14,8,3,5,23,9,14,23,9,14,15,6,9,9,2,7,5,1,4,0,0,0,0,0,0,11,11,8,4,0,1,0,1,0,6,4,2,1,12,0,6,2
55395319,2,55395309,,5,2,3,*,*,*,*,*,*,*,*,*,*,*,*,*,*,*,*,*,*,*,*,*,*,*,*,*,*,*,*,*,*,3,3,*,*,*,*,*,*,*,*,*,*,*,*,*,*,*
55395326,2,55395336,,1,1,0,*,*,*,*,*,*,*,*,*,*,*,*,*,*,*,*,*,*,*,*,*,*,*,*,*,*,*,*,*,*,1,1,*,*,*,*,*,*,*,*,*,*,*,*,*,*,*
55395336,1,,55395326,121,52,69,9,2,7,113,51,62,45,23,22,112,51,61,112,51,61,68,28,40,42,16,26,19,8,11,1,0,1,0,0,0,48,48,11,20,9,4,3,1,1,38,23,15,1,46,0,10,13
55395349,0,,,13,8,5,0,0,0,13,8,5,9,6,3,13,8,5,13,8,5,4,2,2,3,1,2,1,1,0,0,0,0,0,0,0,6,6,2,3,0,0,1,0,0,4,3,1,0,3,0,1,0
55395357,0,,,57,27,30,4,3,1,53,24,29,21,9,12,52,23,29,52,23,29,32,15,17,18,9,9,5,2,3,0,0,0,2,0,2,21,21,2,8,7,3,0,1,0,19,11,8,0,19,0,2,7
55395369,0,,,39,20,19,2,1,1,37,19,18,16,9,7,35,18,17,35,18,17,21,10,11,7,1,6,4,1,3,0,0,0,0,0,0,16,16,4,7,2,1,1,1,0,12,8,4,1,15,1,3,5
55395379,0,,,35,17,18,2,1,1,33,16,17,13,9,4,32,15,17,31,14,17,20,7,13,14,5,9,4,1,3,0,0,0,0,0,0,20,20,8,10,1,1,0,0,0,12,12,0,0,14,0,6,6
55395402,0,,,22,12,10,2,0,2,20,12,8,12,9,3,19,11,8,17,9,8,8,3,5,6,2,4,2,0,2,0,0,0,0,0,0,9,9,2,4,1,1,1,0,0,7,5,2,0,5,0,1,1
55395403,1,,55395404,43,22,21,1,1,0,50,24,26,21,9,12,50,24,26,50,24,26,29,15,14,13,4,9,7,3,4,1,0,1,0,0,0,20,20,4,12,5,2,0,0,0,18,13,5,0,20,0,3,6
55395404,2,55395403,,8,3,5,*,*,*,*,*,*,*,*,*,*,*,*,*,*,*,*,*,*,*,*,*,*,*,*,*,*,*,*,*,*,3,3,*,*,*,*,*,*,*,*,*,*,*,*,*,*,*
55395405,0,,,58,27,31,7,3,4,51,24,27,28,13,15,49,23,26,49,23,26,23,11,12,5,1,4,2,1,1,0,0,0,0,0,0,22,22,4,10,3,2,2,0,1,18,12,6,1,16,0,2,4
55395407,1,,55395408,27,10,17,6,2,4,33,13,20,19,8,11,33,13,20,33,13,20,14,5,9,9,1,8,3,1,2,0,0,0,0,0,0,12,12,4,7,3,0,1,0,1,12,8,4,2,10,0,3,1
55395408,2,55395407,,12,5,7,*,*,*,*,*,*,*,*,*,*,*,*,*,*,*,*,*,*,*,*,*,*,*,*,*,*,*,*,*,*,4,4,*,*,*,*,*,*,*,*,*,*,*,*,*,*,*
55395412,0,,,105,52,53,10,5,5,95,47,48,47,26,21,93,45,48,92,44,48,48,21,27,31,12,19,8,2,6,0,0,0,1,1,0,48,48,15,19,7,4,3,0,0,33,26,7,2,30,1,7,11
55395415,0,,,37,17,20,2,1,1,35,16,19,19,11,8,35,16,19,35,16,19,16,5,11,12,4,8,5,1,4,0,0,0,0,0,0,21,21,9,8,4,0,0,0,0,12,10,2,0,14,0,8,2
55395416,0,,,132,67,65,7,3,4,125,64,61,62,36,26,122,62,60,121,61,60,63,28,35,35,12,23,19,5,14,3,1,2,1,0,1,50,50,10,13,17,7,2,0,1,39,24,15,1,41,1,7,8
55395417,0,,,107,51,56,3,1,2,104,50,54,54,29,25,102,50,52,101,50,51,50,21,29,31,11,20,12,3,9,1,0,1,0,0,0,48,48,13,20,9,3,3,0,0,35,26,9,0,34,0,7,10
55395421,0,,,36,18,18,2,0,2,34,18,16,18,9,9,33,18,15,33,18,15,16,9,7,11,5,6,6,3,3,0,0,0,0,0,0,17,17,5,7,3,2,0,0,0,12,9,3,1,12,0,2,3
55395427,0,,,10,5,5,0,0,0,10,5,5,6,3,3,10,5,5,10,5,5,4,2,2,3,1,2,3,1,2,0,0,0,0,0,0,5,5,1,3,1,0,0,0,0,4,3,1,0,4,0,1,0
55395428,0,,,82,44,38,5,4,1,77,40,37,48,26,22,76,39,37,74,37,37,29,14,15,18,9,9,9,3,6,2,1,1,1,0,1,29,29,7,9,5,3,3,1,1,22,13,9,1,18,0,3,3
55395431,0,,,68,36,32,0,0,0,68,36,32,22,14,8,67,35,32,66,35,31,46,22,24,30,16,14,11,6,5,1,1,0,1,0,1,31,31,6,17,4,4,0,0,0,25,19,6,0,28,0,5,12
55395438,0,,,63,31,32,0,0,0,63,31,32,32,16,16,62,31,31,62,31,31,31,15,16,7,4,3,1,1,0,0,0,0,2,1,1,30,30,6,16,7,1,0,0,0,24,22,2,0,19,2,1,11
55395440,0,,,17,8,9,0,0,0,17,8,9,7,3,4,17,8,9,17,8,9,10,5,5,5,3,2,2,1,1,0,0,0,0,0,0,9,9,3,4,2,0,0,0,0,6,6,0,0,6,0,2,2
55395480,0,,,59,32,27,10,7,3,49,25,24,21,12,9,47,23,24,47,23,24,28,13,15,15,8,7,3,1,2,0,0,0,0,0,0,23,23,10,5,3,1,1,1,2,13,6,7,1,20,0,7,5
55395481,0,,,35,18,17,2,0,2,33,18,15,8,6,2,33,18,15,33,18,15,25,12,13,13,7,6,6,4,2,0,0,0,0,0,0,16,16,4,9,1,1,0,1,0,12,10,2,1,15,0,3,7
55395490,0,,,15,7,8,0,0,0,15,7,8,5,3,2,14,7,7,14,7,7,10,4,6,7,2,5,5,1,4,0,0,0,0,0,0,8,8,4,2,1,1,0,0,0,4,3,1,0,7,0,3,1
55395491,0,,,130,59,71,12,5,7,118,54,64,51,23,28,117,53,64,117,53,64,67,31,36,40,17,23,19,8,11,1,1,0,0,0,0,49,49,12,16,9,7,0,4,1,36,20,16,2,42,0,9,11
55395505,1,,55394595,25,11,14,0,0,0,32,15,17,11,5,6,32,15,17,31,15,16,21,10,11,17,8,9,7,4,3,0,0,0,1,1,0,12,12,7,4,3,2,0,0,0,8,6,2,0,13,0,4,2
55395506,0,,,65,36,29,5,5,0,60,31,29,32,18,14,60,31,29,60,31,29,28,13,15,11,4,7,6,2,4,0,0,0,2,2,0,28,28,9,10,5,2,0,1,1,19,13,6,1,17,0,4,5
55395508,2,55395516,,3,2,1,*,*,*,*,*,*,*,*,*,*,*,*,*,*,*,*,*,*,*,*,*,*,*,*,*,*,*,*,*,*,2,2,*,*,*,*,*,*,*,*,*,*,*,*,*,*,*
55395516,1,,55395508,196,96,100,24,14,10,175,84,91,89,40,49,172,82,90,172,82,90,86,44,42,53,25,28,17,8,9,3,1,2,0,0,0,68,68,15,26,9,7,6,5,2,55,31,24,6,56,0,12,14
55395517,2,55395527,,3,1,2,*,*,*,*,*,*,*,*,*,*,*,*,*,*,*,*,*,*,*,*,*,*,*,*,*,*,*,*,*,*,2,2,*,*,*,*,*,*,*,*,*,*,*,*,*,*,*
55395527,1,,55395517;55395528,18,12,6,2,2,0,25,14,11,10,8,2,25,14,11,25,14,11,15,6,9,9,4,5,2,1,1,0,0,0,0,0,0,10,10,7,4,1,1,1,0,0,7,4,3,0,10,0,4,3
55395528,2,55395527,,6,3,3,*,*,*,*,*,*,*,*,*,*,*,*,*,*,*,*,*,*,*,*,*,*,*,*,*,*,*,*,*,*,2,2,*,*,*,*,*,*,*,*,*,*,*,*,*,*,*
55395537,0,,,62,29,33,0,0,0,62,29,33,23,13,10,62,29,33,62,29,33,39,16,23,21,8,13,10,3,7,1,0,1,0,0,0,27,27,7,9,7,4,0,0,0,20,13,7,0,24,0,6,5
55395547,0,,,77,43,34,10,9,1,67,34,33,37,18,19,67,34,33,66,33,33,30,16,14,12,6,6,4,1,3,1,1,0,0,0,0,29,29,8,8,5,4,2,2,0,21,11,10,0,20,0,6,2
55395557,0,,,146,69,77,15,6,9,131,63,68,70,36,34,130,62,68,127,60,67,61,27,34,36,13,23,12,3,9,0,0,0,2,0,2,52,52,10,15,15,4,6,0,2,42,25,17,2,43,0,9,3
55395568,0,,,35,14,21,3,0,3,32,14,18,15,6,9,32,14,18,32,14,18,17,8,9,8,2,6,2,0,2,0,0,0,0,0,0,16,16,5,7,1,2,1,0,0,11,10,1,0,13,0,5,4
55395577,0,,,17,7,10,1,1,0,16,6,10,10,4,6,16,6,10,16,6,10,6,2,4,5,2,3,3,2,1,0,0,0,0,0,0,7,7,3,1,0,3,0,0,0,4,1,3,0,4,0,1,0
55395578,0,,,100,58,42,8,6,2,92,52,40,51,32,19,92,52,40,91,51,40,41,20,21,27,12,15,12,5,7,1,1,0,11,8,3,48,48,23,10,6,6,3,0,0,25,19,6,1,28,2,9,5
55395587,0,,,69,32,37,9,5,4,60,27,33,40,18,22,58,26,32,57,26,31,20,9,11,14,5,9,4,1,3,1,0,1,0,0,0,17,17,0,3,4,3,4,2,1,17,9,8,2,12,0,0,3
55395588,0,,,443,214,229,41,23,18,402,191,211,208,106,102,389,184,205,381,181,200,194,85,109,91,32,59,32,9,23,4,1,3,4,2,2,177,177,39,74,33,14,9,1,7,137,103,34,8,120,1,23,36
55395589,0,,,28,16,12,3,1,2,25,15,10,16,9,7,22,13,9,22,13,9,9,6,3,4,3,1,0,0,0,0,0,0,0,0,0,11,11,4,2,1,3,1,0,0,7,6,1,0,7,0,3,1
55395597,0,,,22,10,12,2,2,0,20,8,12,10,5,5,19,7,12,18,7,11,10,3,7,3,0,3,1,0,1,0,0,0,0,0,0,9,9,3,4,0,0,1,1,0,6,4,2,0,7,0,2,2
55395598,0,,,68,32,36,3,1,2,65,31,34,35,21,14,63,31,32,62,30,32,30,10,20,18,5,13,6,1,5,1,0,1,0,0,0,26,26,7,8,6,3,0,1,1,19,11,8,0,21,0,5,3
55395599,0,,,266,143,123,13,9,4,253,134,119,130,72,58,248,130,118,247,130,117,123,62,61,65,31,34,25,12,13,1,1,0,0,0,0,98,98,18,36,24,7,7,3,3,80,55,25,5,77,0,12,26
55395683,1,,55395693;55395694,66,34,32,3,2,1,67,34,33,31,17,14,64,33,31,64,33,31,36,17,19,18,9,9,5,2,3,1,0,1,0,0,0,23,23,5,9,8,1,1,0,2,21,13,8,0,23,0,4,6
55395684,0,,,79,40,39,1,0,1,78,40,38,46,26,20,78,40,38,78,40,38,32,14,18,24,7,17,10,2,8,0,0,0,1,0,1,33,33,10,9,8,4,1,1,0,23,13,10,1,25,0,8,3
55395693,2,55395683,,2,1,1,*,*,*,*,*,*,*,*,*,*,*,*,*,*,*,*,*,*,*,*,*,*,*,*,*,*,*,*,*,*,1,1,*,*,*,*,*,*,*,*,*,*,*,*,*,*,*
55395694,2,55395683,,2,1,1,*,*,*,*,*,*,*,*,*,*,*,*,*,*,*,*,*,*,*,*,*,*,*,*,*,*,*,*,*,*,2,2,*,*,*,*,*,*,*,*,*,*,*,*,*,*,*
55396401,0,,,27,6,21,3,1,2,24,5,19,17,3,14,24,5,19,24,5,19,7,2,5,3,1,2,0,0,0,0,0,0,12,0,12,18,18,16,0,0,1,0,0,1,2,0,2,0,5,2,3,0
55396402,0,,,71,32,39,9,4,5,62,28,34,32,17,15,60,27,33,59,26,33,30,11,19,23,9,14,8,1,7,1,0,1,0,0,0,28,28,10,8,3,2,3,1,1,18,9,9,4,22,0,9,4
55396411,0,,,103,55,48,8,2,6,95,53,42,40,27,13,94,52,42,93,51,42,55,26,29,39,20,19,14,8,6,3,2,1,0,0,0,45,45,15,15,7,4,3,1,0,29,22,7,1,36,0,12,7
55396412,0,,,321,158,163,23,14,9,298,144,154,155,82,73,291,140,151,284,135,149,143,62,81,98,39,59,41,20,21,4,1,3,0,0,0,141,141,42,56,23,10,5,2,3,98,75,23,8,96,3,25,26
55396421,0,,,19,8,11,1,0,1,18,8,10,6,3,3,17,8,9,17,8,9,12,5,7,7,3,4,4,1,3,1,0,1,0,0,0,5,5,0,1,2,1,0,0,1,5,2,3,0,5,0,0,1
55396422,0,,,88,31,57,2,0,2,86,31,55,16,11,5,85,31,54,85,31,54,70,20,50,59,14,45,44,8,36,16,4,12,0,0,0,23,22,14,3,3,1,1,0,0,8,6,2,1,15,0,9,3
55396431,2,55396432,,5,2,3,*,*,*,*,*,*,*,*,*,*,*,*,*,*,*,*,*,*,*,*,*,*,*,*,*,*,*,*,*,*,2,2,*,*,*,*,*,*,*,*,*,*,*,*,*,*,*
55396432,1,,55396431,149,72,77,7,2,5,147,72,75,62,32,30,146,72,74,145,72,73,85,40,45,49,18,31,21,7,14,1,0,1,0,0,0,64,64,15,28,13,6,4,0,0,51,36,15,3,54,0,10,19
55396442,0,,,84,41,43,3,2,1,81,39,42,32,15,17,80,38,42,80,38,42,49,24,25,30,14,16,8,4,4,0,0,0,0,0,0,41,41,12,19,6,4,0,0,0,29,26,3,1,33,1,10,10
55396445,0,,,64,30,34,6,3,3,58,27,31,24,12,12,58,27,31,57,27,30,34,15,19,23,10,13,10,4,6,0,0,0,0,0,0,24,24,7,6,4,4,1,2,0,17,10,7,0,20,0,5,4
55396452,0,,,93,44,49,13,4,9,80,40,40,39,22,17,79,39,40,79,39,40,41,18,23,27,10,17,10,3,7,0,0,0,0,0,0,41,41,13,15,7,2,3,1,0,28,22,6,4,30,0,12,9
55396453,1,,55396454,8,4,4,0,0,0,13,6,7,5,3,2,13,6,7,13,6,7,8,3,5,3,1,2,1,0,1,0,0,0,0,0,0,5,5,2,4,1,0,0,0,0,5,4,1,0,5,0,1,3
55396454,2,55396453,,5,2,3,*,*,*,*,*,*,*,*,*,*,*,*,*,*,*,*,*,*,*,*,*,*,*,*,*,*,*,*,*,*,2,2,*,*,*,*,*,*,*,*,*,*,*,*,*,*,*
55396462,0,,,169,91,78,11,4,7,158,87,71,94,61,33,156,86,70,156,86,70,64,26,38,44,14,30,18,6,12,0,0,0,0,0,0,89,89,41,26,14,6,2,0,0,47,36,11,4,44,12,12,14
55396463,0,,,65,33,32,9,2,7,56,31,25,26,13,13,54,29,25,54,29,25,30,18,12,16,9,7,5,3,2,1,1,0,0,0,0,27,27,7,10,4,4,2,0,0,20,14,6,2,22,0,7,7
55396473,0,,,141,70,71,10,5,5,131,65,66,62,34,28,127,64,63,124,62,62,69,31,38,50,23,27,14,8,6,2,1,1,1,1,0,63,63,22,22,8,5,5,1,0,40,30,10,3,43,1,13,14
55396483,0,,,53,26,27,4,1,3,49,25,24,24,16,8,48,24,24,48,24,24,25,9,16,13,4,9,3,0,3,0,0,0,0,0,0,21,21,2,13,4,0,0,1,1,19,15,4,1,17,0,2,5
55396493,0,,,265,130,135,27,10,17,238,120,118,128,71,57,235,117,118,232,114,118,110,49,61,66,28,38,24,11,13,2,0,2,2,0,2,90,90,10,33,22,11,8,3,3,80,49,31,6,70,0,8,13
55396509,0,,,102,57,45,9,3,6,93,54,39,48,31,17,91,53,38,90,52,38,45,23,22,19,9,10,6,4,2,0,0,0,0,0,0,38,37,7,14,7,6,2,0,1,30,23,7,3,28,0,6,9
55396510,2,55396511,,4,2,2,*,*,*,*,*,*,*,*,*,*,*,*,*,*,*,*,*,*,*,*,*,*,*,*,*,*,*,*,*,*,2,2,*,*,*,*,*,*,*,*,*,*,*,*,*,*,*
55396511,1,,55396510;55396521,35,19,16,3,2,1,40,20,20,24,13,11,40,20,20,40,20,20,16,7,9,7,1,6,3,1,2,0,0,0,0,0,0,15,15,5,8,3,2,1,0,0,14,10,4,1,11,0,2,4
55396519,0,,,60,31,29,5,3,2,55,28,27,30,17,13,52,26,26,52,26,26,25,11,14,17,7,10,5,3,2,0,0,0,0,0,0,21,21,3,9,5,0,2,1,1,18,13,5,1,15,0,1,6
55396521,2,55396511,,4,1,3,*,*,*,*,*,*,*,*,*,*,*,*,*,*,*,*,*,*,*,*,*,*,*,*,*,*,*,*,*,*,2,2,*,*,*,*,*,*,*,*,*,*,*,*,*,*,*
55396522,0,,,237,113,124,17,8,9,220,105,115,107,55,52,214,104,110,211,102,109,113,50,63,55,20,35,25,6,19,1,0,1,0,0,0,100,100,27,41,14,9,5,3,1,72,53,19,4,78,0,22,22
55396529,0,,,50,24,26,5,3,2,45,21,24,26,15,11,43,20,23,43,20,23,19,6,13,8,2,6,5,0,5,1,0,1,0,0,0,17,17,3,4,7,2,0,0,1,14,8,6,1,13,0,2,2
55396532,0,,,60,33,27,8,6,2,52,27,25,25,13,12,50,27,23,50,27,23,27,14,13,17,9,8,4,1,3,0,0,0,1,0,1,23,23,7,8,3,2,0,2,1,16,10,6,0,20,0,6,3
55396533,0,,,30,14,16,2,0,2,28,14,14,14,8,6,28,14,14,27,14,13,14,6,8,9,3,6,2,0,2,0,0,0,0,0,0,10,10,2,3,2,1,1,0,1,8,5,3,1,9,0,1,2
55396534,0,,,55,24,31,2,1,1,53,23,30,28,15,13,52,23,29,52,23,29,25,8,17,19,5,14,7,2,5,0,0,0,0,0,0,28,28,12,11,1,2,2,0,0,16,13,3,1,19,0,9,5
55396535,0,,,139,68,71,6,2,4,133,66,67,52,28,24,130,65,65,128,64,64,81,38,43,56,24,32,23,14,9,1,0,1,2,0,2,63,63,20,26,9,2,4,2,0,43,35,8,1,55,0,19,17
55396536,2,55396546,,11,5,6,*,*,*,*,*,*,*,*,*,*,*,*,*,*,*,*,*,*,*,*,*,*,*,*,*,*,*,*,*,*,3,3,*,*,*,*,*,*,*,*,*,*,*,*,*,*,*
55396546,1,,55396536,53,24,29,4,2,2,60,27,33,29,16,13,60,27,33,59,26,33,31,11,20,21,6,15,11,2,9,2,0,2,0,0,0,22,22,7,6,6,4,1,1,0,18,7,11,2,20,0,5,3
55396547,0,,,124,63,61,13,8,5,111,55,56,67,37,30,110,54,56,108,52,56,44,18,26,31,12,19,16,6,10,1,1,0,1,0,1,43,43,8,11,11,6,5,2,0,35,19,16,4,31,0,8,7
55396548,0,,,144,72,72,8,3,5,136,69,67,71,36,35,131,67,64,129,65,64,65,33,32,33,15,18,15,6,9,1,1,0,0,0,0,57,57,15,20,10,6,3,1,2,42,28,14,3,46,0,14,15
55396549,0,,,141,74,67,13,8,5,128,66,62,50,31,19,127,65,62,126,64,62,78,35,43,33,14,19,16,5,11,1,1,0,0,0,0,54,54,11,25,6,7,0,1,4,43,27,16,1,47,0,9,14
55396569,0,,,47,25,22,2,1,1,45,24,21,21,14,7,45,24,21,44,23,21,24,10,14,15,4,11,7,2,5,1,0,1,0,0,0,16,16,0,6,7,2,0,1,0,16,11,5,1,14,0,0,2
55396579,0,,,22,9,13,1,0,1,21,9,12,8,3,5,20,8,12,19,8,11,13,6,7,7,4,3,0,0,0,0,0,0,0,0,0,10,10,2,6,1,0,1,0,0,8,6,2,1,8,0,1,4
55396610,0,,,146,73,73,14,5,9,128,65,63,64,33,31,123,61,62,122,61,61,64,32,32,33,14,19,17,5,12,3,2,1,0,0,0,50,48,13,16,7,5,2,2,3,33,19,14,1,41,0,12,9
55396613,1,,55396614,54,31,23,2,1,1,56,32,24,30,17,13,56,32,24,56,32,24,26,15,11,16,9,7,9,5,4,1,0,1,1,1,0,21,21,9,3,6,5,1,0,0,13,9,4,1,19,0,6,0
55396614,2,55396613,,4,2,2,*,*,*,*,*,*,*,*,*,*,*,*,*,*,*,*,*,*,*,*,*,*,*,*,*,*,*,*,*,*,3,3,*,*,*,*,*,*,*,*,*,*,*,*,*,*,*
55396620,0,,,81,40,41,4,2,2,77,38,39,43,22,21,74,36,38,73,36,37,34,16,18,24,10,14,7,5,2,1,0,1,2,1,1,29,29,1,18,4,2,1,2,1,27,22,5,1,22,0,1,10
55396621,2,55396631,,3,2,1,*,*,*,*,*,*,*,*,*,*,*,*,*,*,*,*,*,*,*,*,*,*,*,*,*,*,*,*,*,*,1,1,*,*,*,*,*,*,*,*,*,*,*,*,*,*,*
55396624,0,,,76,35,41,5,2,3,71,33,38,41,20,21,68,32,36,68,32,36,30,13,17,16,6,10,4,1,3,1,0,1,0,0,0,24,24,4,6,4,4,4,2,0,20,9,11,1,20,0,3,3
55396629,2,55396639,,8,4,4,*,*,*,*,*,*,*,*,*,*,*,*,*,*,*,*,*,*,*,*,*,*,*,*,*,*,*,*,*,*,3,3,*,*,*,*,*,*,*,*,*,*,*,*,*,*,*
55396630,0,,,129,68,61,13,8,5,116,60,56,69,38,31,114,60,54,114,60,54,47,22,25,28,12,16,15,6,9,2,1,1,0,0,0,48,48,10,18,9,5,3,1,2,38,28,10,4,32,0,8,6
55396631,1,,55396621,444,223,221,46,16,30,400,209,191,257,143,114,392,206,186,385,204,181,143,66,77,86,41,45,24,9,15,3,1,2,0,0,0,203,203,81,60,33,13,10,4,3,123,90,33,15,101,9,27,25
55396632,0,,,611,313,298,62,31,31,539,274,265,362,201,161,521,264,257,513,260,253,177,73,104,92,34,58,26,9,17,3,0,3,1,0,1,313,313,161,68,40,32,7,4,1,148,120,28,14,121,47,46,31
55396634,0,,,156,78,78,20,7,13,136,71,65,73,40,33,131,69,62,131,69,62,63,31,32,33,16,17,12,5,7,1,0,1,0,0,0,45,45,6,10,12,3,9,2,3,39,18,21,5,39,0,6,5
55396639,1,,55396629,104,56,48,9,4,5,103,56,47,52,30,22,98,52,46,97,51,46,51,26,25,21,8,13,7,0,7,0,0,0,0,0,0,36,36,8,13,8,4,2,2,2,31,18,13,0,33,0,7,6
55396640,0,,,332,156,176,39,23,16,293,133,160,153,85,68,285,128,157,282,127,155,140,48,92,90,24,66,52,11,41,14,0,14,0,0,0,106,105,31,33,15,11,5,4,6,74,53,21,6,63,1,17,12
55396641,0,,,1526,733,793,222,113,109,1294,614,680,820,429,391,1249,588,661,1234,582,652,474,185,289,288,98,190,111,30,81,10,0,10,4,1,3,649,647,254,165,91,82,29,19,7,393,313,80,57,307,34,96,77
55396642,0,,,1008,519,489,88,45,43,907,462,445,554,309,245,885,453,432,874,448,426,353,153,200,185,67,118,63,22,41,2,1,1,2,2,0,450,448,167,135,73,39,24,6,4,277,213,64,18,240,36,64,58
55396643,0,,,298,138,160,36,16,20,260,120,140,144,80,64,255,116,139,255,116,139,116,40,76,77,24,53,48,13,35,12,2,10,3,2,1,105,104,38,29,15,15,3,3,1,65,53,12,10,42,7,14,7
55396644,0,,,423,190,233,61,27,34,361,162,199,249,119,130,341,151,190,336,150,186,112,43,69,66,25,41,18,6,12,0,0,0,0,0,0,184,184,69,50,25,26,11,2,1,115,94,21,13,85,6,35,16
55396647,0,,,15,9,6,1,1,0,14,8,6,9,6,3,14,8,6,14,8,6,5,2,3,1,0,1,1,0,1,0,0,0,0,0,0,5,5,1,1,1,1,1,0,0,4,2,2,1,3,0,0,0
55396649,1,,55396659;55396669,25,13,12,3,1,2,32,18,14,14,8,6,32,18,14,32,18,14,18,10,8,14,7,7,6,4,2,0,0,0,0,0,0,9,9,3,4,3,2,0,0,1,10,9,1,0,11,0,2,3
55396650,0,,,126,67,59,14,8,6,112,59,53,50,27,23,108,56,52,105,54,51,62,32,30,31,13,18,10,3,7,2,1,1,1,0,1,47,47,13,13,8,6,4,2,1,34,22,12,2,38,0,11,6
55396651,0,,,97,47,50,11,6,5,86,41,45,47,25,22,83,38,45,82,37,45,39,16,23,19,8,11,6,2,4,1,0,1,1,0,1,39,39,15,9,5,4,4,1,1,24,15,9,4,29,0,12,5
55396652,0,,,46,25,21,0,0,0,46,25,21,29,14,15,45,24,21,45,24,21,17,11,6,6,5,1,2,1,1,0,0,0,0,0,0,21,21,8,4,7,1,1,0,0,13,12,1,0,12,0,4,2
55396653,0,,,61,30,31,3,2,1,58,28,30,32,17,15,55,25,30,55,25,30,26,11,15,10,4,6,3,1,2,1,1,0,0,0,0,27,27,11,6,4,4,2,0,0,16,12,4,0,17,0,6,3
55396654,0,,,566,280,286,73,37,36,492,242,250,314,164,150,475,232,243,470,229,241,178,78,100,92,37,55,35,13,22,3,1,2,2,0,2,234,233,70,71,42,33,10,5,2,162,131,31,22,119,5,29,37
55396655,1,,55396664,344,176,168,41,22,19,305,154,151,151,78,73,295,150,145,289,149,140,154,76,78,65,28,37,22,9,13,4,1,3,0,0,0,117,117,29,29,24,15,10,7,5,90,53,37,6,97,0,24,19
55396656,0,,,44,27,17,0,0,0,44,27,17,34,25,9,44,27,17,44,27,17,10,2,8,1,0,1,0,0,0,0,0,0,0,0,0,1,0,0,0,0,0,0,0,0,0,0,0,0,0,0,0,0
55396657,0,,,14,6,8,1,0,1,13,6,7,11,6,5,13,6,7,13,6,7,2,0,2,2,0,2,0,0,0,0,0,0,0,0,0,4,4,0,0,2,2,0,0,0,4,3,1,0,2,0,0,0
55396659,2,55396649,,6,3,3,*,*,*,*,*,*,*,*,*,*,*,*,*,*,*,*,*,*,*,*,*,*,*,*,*,*,*,*,*,*,3,3,*,*,*,*,*,*,*,*,*,*,*,*,*,*,*
55396660,1,,55396691,35,20,15,1,0,1,40,23,17,14,10,4,40,23,17,40,23,17,26,13,13,8,3,5,3,1,2,0,0,0,0,0,0,16,16,4,12,2,0,0,0,1,15,13,2,1,17,0,2,9
55396664,2,55396655,,2,0,2,*,*,*,*,*,*,*,*,*,*,*,*,*,*,*,*,*,*,*,*,*,*,*,*,*,*,*,*,*,*,2,2,*,*,*,*,*,*,*,*,*,*,*,*,*,*,*
55396665,0,,,26,11,15,1,0,1,25,11,14,8,4,4,25,11,14,25,11,14,17,7,10,10,5,5,3,1,2,0,0,0,0,0,0,11,11,4,3,2,1,0,1,0,7,5,2,1,10,0,4,2
55396666,0,,,69,35,34,4,2,2,65,33,32,38,20,18,63,33,30,62,33,29,27,13,14,17,7,10,3,1,2,0,0,0,0,0,0,25,25,5,8,5,4,2,0,1,20,12,8,1,19,0,4,1
55396667,1,,55396668,171,87,84,17,10,7,156,78,78,80,44,36,155,78,77,151,76,75,76,34,42,47,18,29,19,5,14,2,0,2,0,0,0,62,62,14,19,16,5,4,3,2,49,31,18,6,51,0,13,8
55396668,2,55396667,,2,1,1,*,*,*,*,*,*,*,*,*,*,*,*,*,*,*,*,*,*,*,*,*,*,*,*,*,*,*,*,*,*,1,1,*,*,*,*,*,*,*,*,*,*,*,*,*,*,*
55396669,2,55396649,,4,3,1,*,*,*,*,*,*,*,*,*,*,*,*,*,*,*,*,*,*,*,*,*,*,*,*,*,*,*,*,*,*,1,1,*,*,*,*,*,*,*,*,*,*,*,*,*,*,*
55396676,0,,,33,20,13,0,0,0,33,20,13,7,5,2,33,20,13,33,20,13,26,15,11,14,7,7,4,1,3,1,0,1,0,0,0,15,15,3,7,4,1,0,0,0,12,9,3,0,15,0,3,6
55396677,0,,,56,27,29,5,1,4,51,26,25,26,14,12,50,26,24,50,26,24,25,12,13,20,10,10,8,5,3,1,0,1,0,0,0,18,18,5,3,4,2,2,0,2,13,6,7,2,15,0,4,2
55396686,0,,,16,10,6,0,0,0,16,10,6,4,1,3,16,10,6,16,10,6,12,9,3,6,4,2,4,3,1,1,1,0,1,0,1,9,9,4,3,2,0,0,0,0,5,3,2,0,8,0,3,1
55396687,0,,,208,94,114,28,12,16,180,82,98,87,46,41,178,80,98,178,80,98,93,36,57,42,13,29,15,4,11,1,0,1,0,0,0,73,73,18,22,14,7,4,3,5,55,35,20,6,60,0,13,15
55396688,0,,,33,17,16,0,0,0,33,17,16,16,8,8,32,17,15,32,17,15,17,9,8,11,4,7,7,3,4,0,0,0,0,0,0,15,15,5,5,3,1,1,0,0,10,7,3,0,12,0,3,2
55396691,2,55396660,,6,3,3,*,*,*,*,*,*,*,*,*,*,*,*,*,*,*,*,*,*,*,*,*,*,*,*,*,*,*,*,*,*,3,3,*,*,*,*,*,*,*,*,*,*,*,*,*,*,*
55396697,0,,,103,56,47,4,2,2,99,54,45,46,24,22,98,53,45,95,51,44,53,30,23,32,16,16,12,8,4,0,0,0,0,0,0,40,39,9,15,9,2,1,2,1,30,22,8,1,33,1,7,9
55396698,0,,,118,54,64,10,9,1,108,45,63,63,30,33,106,44,62,102,43,59,45,15,30,20,3,17,12,1,11,1,0,1,1,0,1,42,42,11,9,10,5,5,0,2,31,19,12,3,32,0,7,3
55396699,0,,,329,134,195,20,7,13,309,127,182,126,66,60,306,126,180,300,124,176,183,61,122,142,40,102,87,17,70,25,5,20,2,0,2,94,92,24,33,11,6,5,8,5,67,33,34,6,70,0,16,11
55396720,1,,55396723,145,74,71,14,10,4,132,65,67,70,38,32,130,64,66,130,64,66,62,27,35,41,15,26,20,8,12,3,0,3,0,0,0,51,51,13,16,9,6,2,2,4,39,23,16,5,41,0,9,7
55396723,2,55396720,,1,1,0,*,*,*,*,*,*,*,*,*,*,*,*,*,*,*,*,*,*,*,*,*,*,*,*,*,*,*,*,*,*,1,1,*,*,*,*,*,*,*,*,*,*,*,*,*,*,*
55396740,1,,55396750,37,20,17,9,4,5,36,18,18,17,8,9,36,18,18,36,18,18,19,10,9,5,2,3,4,1,3,1,0,1,1,0,1,15,15,5,5,3,1,2,0,1,12,8,4,4,13,0,4,4
55396741,0,,,14,8,6,3,1,2,11,7,4,10,6,4,10,6,4,10,6,4,1,1,0,1,1,0,0,0,0,0,0,0,0,0,0,5,5,1,2,0,1,1,0,0,4,3,1,1,1,0,0,0
55396750,2,55396740,,8,2,6,*,*,*,*,*,*,*,*,*,*,*,*,*,*,*,*,*,*,*,*,*,*,*,*,*,*,*,*,*,*,2,2,*,*,*,*,*,*,*,*,*,*,*,*,*,*,*
55396751,0,,,11,6,5,0,0,0,11,6,5,4,2,2,11,6,5,11,6,5,7,4,3,3,1,2,1,0,1,0,0,0,0,0,0,5,5,1,2,2,0,0,0,0,4,4,0,0,5,0,1,1
55396752,1,,55396753,34,16,18,6,3,3,38,18,20,13,7,6,38,18,20,38,18,20,25,11,14,13,6,7,2,1,1,0,0,0,0,0,0,17,17,6,11,2,1,0,1,0,15,14,1,1,17,0,5,6
55396753,2,55396752,,10,5,5,*,*,*,*,*,*,*,*,*,*,*,*,*,*,*,*,*,*,*,*,*,*,*,*,*,*,*,*,*,*,4,4,*,*,*,*,*,*,*,*,*,*,*,*,*,*,*
55396761,0,,,17,9,8,0,0,0,17,9,8,6,4,2,17,9,8,17,9,8,11,5,6,8,4,4,3,0,3,0,0,0,0,0,0,8,8,2,4,1,1,0,0,0,6,5,1,0,7,0,2,4
55396771,0,,,99,54,45,6,3,3,93,51,42,44,28,16,92,50,42,90,48,42,49,23,26,28,13,15,7,1,6,0,0,0,1,0,1,36,36,7,11,9,4,3,2,0,29,19,10,2,33,0,7,7
55396781,0,,,94,43,51,5,2,3,89,41,48,37,19,18,86,41,45,86,41,45,52,22,30,31,13,18,14,6,8,2,1,1,0,0,0,38,38,10,13,9,2,2,1,1,28,14,14,1,34,0,7,8
55396789,2,55396799,,11,5,6,*,*,*,*,*,*,*,*,*,*,*,*,*,*,*,*,*,*,*,*,*,*,*,*,*,*,*,*,*,*,3,3,*,*,*,*,*,*,*,*,*,*,*,*,*,*,*
55396790,0,,,138,70,68,12,8,4,126,62,64,63,30,33,123,61,62,122,61,61,63,32,31,31,12,19,17,6,11,0,0,0,0,0,0,53,53,17,9,13,10,2,0,2,36,22,14,3,41,0,13,3
55396791,0,,,100,48,52,10,4,6,90,44,46,45,20,25,85,41,44,85,41,44,45,24,21,23,9,14,13,4,9,3,0,3,0,0,0,32,32,5,10,6,5,0,5,1,27,13,14,2,28,0,4,7
55396799,1,,55396789,15,10,5,0,0,0,26,15,11,12,8,4,26,15,11,26,15,11,14,7,7,9,3,6,6,2,4,0,0,0,0,0,0,7,7,1,6,1,1,0,1,0,9,6,3,0,10,0,1,1
55397259,0,,,88,39,49,8,4,4,80,35,45,41,21,20,76,33,43,74,31,43,39,14,25,23,6,17,15,4,11,1,1,0,0,0,0,31,31,7,9,7,3,1,3,1,24,12,12,1,27,0,6,4
55397268,0,,,124,60,64,12,9,3,112,51,61,60,31,29,106,47,59,103,47,56,52,20,32,35,11,24,15,5,10,0,0,0,1,0,1,58,58,27,11,12,4,2,1,1,31,25,6,2,42,2,20,4
55397269,0,,,325,158,167,31,15,16,294,143,151,141,78,63,284,138,146,281,138,143,153,65,88,97,39,58,33,15,18,5,1,4,0,0,0,134,134,40,42,27,13,6,5,1,93,69,24,8,99,0,28,24
55397277,0,,,88,43,45,7,5,2,81,38,43,39,23,16,78,37,41,76,35,41,42,15,27,27,10,17,11,3,8,0,0,0,1,0,1,27,27,3,7,8,4,2,0,3,23,9,14,1,24,0,2,4
55397278,0,,,221,110,111,22,13,9,199,97,102,95,50,45,196,96,100,193,94,99,104,47,57,49,18,31,18,4,14,2,1,1,0,0,0,81,81,19,27,12,12,6,3,2,61,37,24,7,66,0,15,14
55397283,0,,,27,18,9,0,0,0,27,18,9,14,12,2,27,18,9,27,18,9,13,6,7,9,4,5,4,1,3,1,0,1,0,0,0,16,16,10,2,3,1,0,0,0,6,5,1,0,9,4,4,0
55397286,0,,,56,31,25,1,1,0,55,30,25,24,14,10,53,29,24,52,28,24,31,16,15,16,5,11,6,3,3,0,0,0,0,0,0,22,22,5,7,5,4,0,1,0,16,10,6,0,21,0,5,5
55397287,0,,,49,24,25,5,2,3,44,22,22,30,18,12,42,20,22,41,20,21,14,4,10,8,1,7,2,0,2,1,0,1,0,0,0,20,20,5,7,4,2,2,0,0,15,12,3,2,11,0,2,3
55397296,0,,,22,10,12,0,0,0,22,10,12,9,5,4,22,10,12,22,10,12,13,5,8,7,2,5,2,0,2,0,0,0,0,0,0,13,13,6,5,2,0,0,0,0,7,6,1,0,8,0,3,3
55397301,2,55397321,,1,0,1,*,*,*,*,*,*,*,*,*,*,*,*,*,*,*,*,*,*,*,*,*,*,*,*,*,*,*,*,*,*,1,1,*,*,*,*,*,*,*,*,*,*,*,*,*,*,*
55397302,2,55397321,,6,2,4,*,*,*,*,*,*,*,*,*,*,*,*,*,*,*,*,*,*,*,*,*,*,*,*,*,*,*,*,*,*,3,3,*,*,*,*,*,*,*,*,*,*,*,*,*,*,*
55397306,2,55397326,,4,3,1,*,*,*,*,*,*,*,*,*,*,*,*,*,*,*,*,*,*,*,*,*,*,*,*,*,*,*,*,*,*,3,3,*,*,*,*,*,*,*,*,*,*,*,*,*,*,*
55397311,0,,,11,5,6,1,1,0,10,4,6,3,1,2,10,4,6,10,4,6,7,3,4,4,1,3,4,1,3,1,0,1,0,0,0,6,6,3,2,0,1,0,0,0,3,2,1,0,6,0,3,1
55397316,2,55397326,,1,0,1,*,*,*,*,*,*,*,*,*,*,*,*,*,*,*,*,*,*,*,*,*,*,*,*,*,*,*,*,*,*,1,1,*,*,*,*,*,*,*,*,*,*,*,*,*,*,*
55397320,0,,,26,11,15,1,1,0,25,10,15,7,5,2,25,10,15,25,10,15,18,5,13,13,3,10,7,3,4,0,0,0,0,0,0,13,13,7,2,2,1,1,0,0,5,2,3,0,12,0,6,0
55397321,1,,55397301;55397302,26,14,12,2,0,2,31,16,15,13,8,5,31,16,15,31,16,15,18,8,10,11,5,6,4,1,3,0,0,0,0,0,0,12,12,7,4,2,3,0,0,0,9,8,1,0,14,0,7,2
55397326,1,,55397306;55397316,11,4,7,0,0,0,16,7,9,8,3,5,15,7,8,15,7,8,8,4,4,7,3,4,4,1,3,0,0,0,0,0,0,5,5,5,2,1,1,0,0,0,4,3,1,0,8,0,5,0
55397336,2,55397337,,6,2,4,*,*,*,*,*,*,*,*,*,*,*,*,*,*,*,*,*,*,*,*,*,*,*,*,*,*,*,*,*,*,3,3,*,*,*,*,*,*,*,*,*,*,*,*,*,*,*
55397337,1,,55397336,11,7,4,2,2,0,15,7,8,7,3,4,14,7,7,14,7,7,8,4,4,3,2,1,1,0,1,0,0,0,0,0,0,4,4,2,3,1,0,0,1,0,5,4,1,0,5,0,2,2
55397339,0,,,97,44,53,6,2,4,91,42,49,45,19,26,85,40,45,80,38,42,46,23,23,29,13,16,7,4,3,2,1,1,0,0,0,36,36,9,12,8,1,2,2,2,27,19,8,1,29,0,6,8
55397347,0,,,38,21,17,3,3,0,35,18,17,13,7,6,35,18,17,35,18,17,22,11,11,14,6,8,8,3,5,2,1,1,0,0,0,17,17,7,5,2,2,0,0,1,10,7,3,0,13,0,5,3
55397348,0,,,13,6,7,0,0,0,13,6,7,5,2,3,13,6,7,12,6,6,8,4,4,7,3,4,1,0,1,0,0,0,0,0,0,6,6,0,5,1,0,0,0,0,6,6,0,0,4,0,0,3
55397349,0,,,30,15,15,2,1,1,28,14,14,11,7,4,28,14,14,28,14,14,17,7,10,9,3,6,3,1,2,0,0,0,0,0,0,14,14,6,3,3,1,1,0,0,8,4,4,1,13,0,5,2
55397350,2,55397360,,1,1,0,*,*,*,*,*,*,*,*,*,*,*,*,*,*,*,*,*,*,*,*,*,*,*,*,*,*,*,*,*,*,1,1,*,*,*,*,*,*,*,*,*,*,*,*,*,*,*
55397357,0,,,51,26,25,10,5,5,41,21,20,21,11,10,41,21,20,41,21,20,20,10,10,12,6,6,5,3,2,0,0,0,0,0,0,20,20,7,6,3,1,0,2,1,13,9,4,3,14,1,5,5
55397358,0,,,146,73,73,21,11,10,125,62,63,64,33,31,120,58,62,118,56,62,61,29,32,30,11,19,13,5,8,0,0,0,0,0,0,53,53,15,16,6,9,0,4,3,38,25,13,4,41,0,11,11
55397360,1,,55397350,132,46,86,7,3,4,126,44,82,38,16,22,124,44,80,124,44,80,88,28,60,73,19,54,46,7,39,12,1,11,1,0,1,35,34,9,13,5,7,1,0,0,26,21,5,2,24,0,7,6
55397361,0,,,119,44,75,2,2,0,117,42,75,25,12,13,117,42,75,116,41,75,92,30,62,84,24,60,63,19,44,19,3,16,0,0,0,21,19,5,6,3,3,2,0,0,14,9,5,0,16,0,5,3
55397363,0,,,16,8,8,1,0,1,15,8,7,6,3,3,15,8,7,15,8,7,9,5,4,6,4,2,2,2,0,0,0,0,0,0,0,7,7,2,3,1,0,1,0,0,5,4,1,0,6,0,2,1
55397365,0,,,89,44,45,8,4,4,81,40,41,44,26,18,80,40,40,80,40,40,37,14,23,25,8,17,12,3,9,2,1,1,0,0,0,28,28,4,7,6,7,1,2,1,24,11,13,3,24,0,3,5
55397366,1,,55397367,248,126,122,33,20,13,226,108,118,121,60,61,215,104,111,213,103,110,105,48,57,50,21,29,22,9,13,1,0,1,7,1,6,96,96,34,33,13,12,5,3,4,70,46,24,10,70,7,18,21
55397367,2,55397366,,11,2,9,*,*,*,*,*,*,*,*,*,*,*,*,*,*,*,*,*,*,*,*,*,*,*,*,*,*,*,*,*,*,8,8,*,*,*,*,*,*,*,*,*,*,*,*,*,*,*
55397370,0,,,23,10,13,1,0,1,22,10,12,11,4,7,22,10,12,21,10,11,11,6,5,7,4,3,3,2,1,0,0,0,0,0,0,7,7,3,1,0,0,1,1,1,4,1,3,0,7,0,3,1
55397371,2,55397372,,1,1,0,*,*,*,*,*,*,*,*,*,*,*,*,*,*,*,*,*,*,*,*,*,*,*,*,*,*,*,*,*,*,1,1,*,*,*,*,*,*,*,*,*,*,*,*,*,*,*
55397372,1,,55397371,58,25,33,8,2,6,51,24,27,25,13,12,49,22,27,48,21,27,26,11,15,12,5,7,6,2,4,0,0,0,1,0,1,18,18,4,5,3,4,0,2,1,15,6,9,2,17,0,3,4
55397373,0,,,29,13,16,1,0,1,28,13,15,9,4,5,28,13,15,28,13,15,19,9,10,11,4,7,6,3,3,0,0,0,0,0,0,12,12,2,6,2,1,1,0,0,10,7,3,0,12,0,2,5
55397374,0,,,54,24,30,12,6,6,42,18,24,22,10,12,41,17,24,41,17,24,20,8,12,14,6,8,6,3,3,0,0,0,0,0,0,15,15,3,2,2,3,2,2,1,12,4,8,3,10,0,1,2
55397375,0,,,218,107,111,28,14,14,190,93,97,98,50,48,184,91,93,184,91,93,92,43,49,57,27,30,20,9,11,3,2,1,1,0,1,89,89,30,23,17,11,4,2,2,59,43,16,8,61,1,21,12
55397376,0,,,90,45,45,7,5,2,83,40,43,34,26,8,82,39,43,81,38,43,49,14,35,36,7,29,26,3,23,4,0,4,12,12,0,31,29,15,3,3,4,1,0,3,14,5,9,1,16,11,2,2
55397386,0,,,42,21,21,4,2,2,38,19,19,16,9,7,38,19,19,38,19,19,22,10,12,13,4,9,7,2,5,0,0,0,0,0,0,17,17,3,9,0,4,1,0,0,14,12,2,1,13,0,3,6
55397387,0,,,29,12,17,3,0,3,26,12,14,12,5,7,25,12,13,24,12,12,14,7,7,8,4,4,6,3,3,1,0,1,0,0,0,10,10,0,6,2,0,1,1,0,10,7,3,0,8,0,0,2
55397397,0,,,17,8,9,0,0,0,17,8,9,11,6,5,16,8,8,16,8,8,6,2,4,3,0,3,2,0,2,0,0,0,0,0,0,8,8,3,3,0,2,0,0,0,4,2,2,0,5,0,2,0
55397399,0,,,14,6,8,0,0,0,14,6,8,9,4,5,14,6,8,14,6,8,5,2,3,4,1,3,1,1,0,0,0,0,0,0,0,5,5,2,0,2,0,0,1,0,3,1,2,0,4,0,1,0
55397403,0,,,18,10,8,0,0,0,18,10,8,4,4,0,18,10,8,18,10,8,14,6,8,7,2,5,2,0,2,1,0,1,0,0,0,9,9,3,3,3,0,0,0,0,6,5,1,0,7,0,1,2
55397412,0,,,17,9,8,2,2,0,15,7,8,8,3,5,13,7,6,13,7,6,7,4,3,4,2,2,2,1,1,1,0,1,0,0,0,5,5,1,1,1,0,1,1,0,4,2,2,0,5,0,1,1
55397413,0,,,110,53,57,6,4,2,104,49,55,59,31,28,103,49,54,102,48,54,45,18,27,37,16,21,14,7,7,0,0,0,0,0,0,48,48,13,21,6,5,2,0,1,35,25,10,1,31,2,7,10
55397422,0,,,203,82,121,18,8,10,185,74,111,77,40,37,167,67,100,167,67,100,108,34,74,82,18,64,64,12,52,16,1,15,1,0,1,54,52,14,18,9,4,2,1,4,37,27,10,2,38,0,10,11
55397423,0,,,34,17,17,3,2,1,31,15,16,13,7,6,30,14,16,30,14,16,18,8,10,10,5,5,2,1,1,1,0,1,0,0,0,12,12,3,4,2,0,1,2,0,9,4,5,1,11,0,3,2
55397430,0,,,246,124,122,17,9,8,229,115,114,126,66,60,222,111,111,217,106,111,103,49,54,55,23,32,24,7,17,1,0,1,0,0,0,88,88,17,26,21,12,8,2,2,71,44,27,2,68,0,13,16
55397431,0,,,106,49,57,11,4,7,95,45,50,40,19,21,95,45,50,95,45,50,55,26,29,33,14,19,11,3,8,1,0,1,0,0,0,46,46,14,19,3,7,1,2,0,32,22,10,2,38,0,12,12
55397432,0,,,31,16,15,4,3,1,27,13,14,12,6,6,27,13,14,27,13,14,15,7,8,13,6,7,5,2,3,0,0,0,0,0,0,15,15,5,8,0,0,2,0,0,10,8,2,2,10,0,3,4
55397440,0,,,12,7,5,0,0,0,12,7,5,4,2,2,12,7,5,12,7,5,8,5,3,3,2,1,1,0,1,0,0,0,0,0,0,6,6,2,3,0,1,0,0,0,4,3,1,0,6,0,2,2
55397441,0,,,20,10,10,1,1,0,19,9,10,9,5,4,19,9,10,19,9,10,10,4,6,4,1,3,1,0,1,0,0,0,1,0,1,10,10,4,4,1,0,1,0,0,6,4,2,1,8,0,2,2
55397498,2,55397499,,6,3,3,*,*,*,*,*,*,*,*,*,*,*,*,*,*,*,*,*,*,*,*,*,*,*,*,*,*,*,*,*,*,2,2,*,*,*,*,*,*,*,*,*,*,*,*,*,*,*
55397499,1,,55397498,319,144,175,30,15,15,295,132,163,147,77,70,288,130,158,282,127,155,148,55,93,114,35,79,82,24,58,18,6,12,0,0,0,136,134,65,39,14,10,7,0,1,69,58,11,11,64,8,28,15
55397512,2,55397550,,1,1,0,*,*,*,*,*,*,*,*,*,*,*,*,*,*,*,*,*,*,*,*,*,*,*,*,*,*,*,*,*,*,1,1,*,*,*,*,*,*,*,*,*,*,*,*,*,*,*
55397522,2,55397550,,3,2,1,*,*,*,*,*,*,*,*,*,*,*,*,*,*,*,*,*,*,*,*,*,*,*,*,*,*,*,*,*,*,2,2,*,*,*,*,*,*,*,*,*,*,*,*,*,*,*
55397550,1,,55397512;55397522,119,53,66,3,3,0,120,53,67,45,24,21,116,51,65,112,48,64,75,29,46,50,20,30,21,5,16,1,0,1,0,0,0,61,61,29,24,5,2,1,3,0,35,26,9,1,48,0,18,17
55397554,0,,,13,4,9,0,0,0,13,4,9,5,2,3,13,4,9,13,4,9,8,2,6,6,1,5,1,0,1,0,0,0,0,0,0,6,6,3,0,2,1,0,0,0,3,1,2,0,6,0,3,0
55397560,0,,,24,12,12,0,0,0,24,12,12,9,5,4,24,12,12,24,12,12,15,7,8,8,3,5,3,0,3,1,0,1,0,0,0,16,16,9,6,1,0,0,0,0,7,5,2,0,11,1,4,3
55397561,0,,,17,7,10,0,0,0,17,7,10,8,3,5,17,7,10,17,7,10,9,4,5,9,4,5,6,3,3,1,0,1,0,0,0,10,10,6,3,0,0,1,0,0,4,3,1,0,7,0,4,1
55397570,2,55397580,,1,0,1,*,*,*,*,*,*,*,*,*,*,*,*,*,*,*,*,*,*,*,*,*,*,*,*,*,*,*,*,*,*,1,1,*,*,*,*,*,*,*,*,*,*,*,*,*,*,*
55397572,1,,55397573,48,22,26,4,3,1,52,24,28,22,12,10,50,23,27,50,23,27,30,12,18,20,8,12,8,4,4,0,0,0,0,0,0,22,22,12,8,5,1,0,0,1,15,11,4,1,21,1,9,6
55397573,2,55397572,,8,5,3,*,*,*,*,*,*,*,*,*,*,*,*,*,*,*,*,*,*,*,*,*,*,*,*,*,*,*,*,*,*,5,5,*,*,*,*,*,*,*,*,*,*,*,*,*,*,*
55397580,1,,55397570;55397590,31,17,14,3,1,2,39,21,18,18,8,10,39,21,18,37,20,17,21,13,8,13,6,7,4,1,3,0,0,0,0,0,0,15,15,9,5,1,2,0,2,0,10,7,3,0,16,0,8,4
55397581,0,,,46,20,26,1,0,1,45,20,25,17,10,7,45,20,25,45,20,25,28,10,18,21,8,13,12,3,9,4,3,1,0,0,0,27,27,12,12,2,1,0,0,0,15,14,1,0,21,0,9,6
55397582,0,,,33,20,13,0,0,0,33,20,13,10,7,3,33,20,13,33,20,13,23,13,10,12,7,5,5,4,1,0,0,0,0,0,0,19,19,8,9,1,1,0,0,0,11,10,1,0,14,0,4,8
55397585,1,,55397595,26,13,13,0,0,0,35,20,15,16,13,3,35,20,15,35,20,15,19,7,12,8,2,6,5,1,4,0,0,0,1,0,1,12,12,3,5,3,1,0,0,0,9,7,2,0,10,0,2,3
55397590,2,55397580,,10,5,5,*,*,*,*,*,*,*,*,*,*,*,*,*,*,*,*,*,*,*,*,*,*,*,*,*,*,*,*,*,*,3,3,*,*,*,*,*,*,*,*,*,*,*,*,*,*,*
55397594,0,,,42,33,9,0,0,0,42,33,9,27,25,2,42,33,9,42,33,9,15,8,7,6,2,4,4,1,3,0,0,0,0,0,0,35,8,4,2,1,1,0,0,0,4,3,1,0,8,0,4,2
55397595,2,55397585,,9,7,2,*,*,*,*,*,*,*,*,*,*,*,*,*,*,*,*,*,*,*,*,*,*,*,*,*,*,*,*,*,*,9,0,*,*,*,*,*,*,*,*,*,*,*,*,*,*,*
55397600,2,55397602,,6,3,3,*,*,*,*,*,*,*,*,*,*,*,*,*,*,*,*,*,*,*,*,*,*,*,*,*,*,*,*,*,*,3,3,*,*,*,*,*,*,*,*,*,*,*,*,*,*,*
55397602,1,,55397600,21,10,11,0,0,0,27,13,14,5,3,2,27,13,14,27,13,14,22,10,12,16,7,9,6,1,5,1,0,1,0,0,0,10,10,3,7,2,1,0,0,0,10,8,2,0,12,0,2,7
55397603,1,,55397604,13,5,8,0,0,0,18,8,10,1,0,1,18,8,10,18,8,10,17,8,9,13,6,7,7,3,4,1,0,1,0,0,0,8,8,3,6,1,0,0,0,0,7,6,1,0,10,0,3,6
55397604,2,55397603,,5,3,2,*,*,*,*,*,*,*,*,*,*,*,*,*,*,*,*,*,*,*,*,*,*,*,*,*,*,*,*,*,*,2,2,*,*,*,*,*,*,*,*,*,*,*,*,*,*,*
55397608,0,,,140,68,72,17,10,7,123,58,65,75,37,38,118,57,61,115,55,60,48,21,27,28,11,17,10,2,8,1,0,1,1,0,1,54,54,12,19,12,5,2,4,0,42,34,8,5,33,0,10,7
55397609,0,,,557,259,298,54,32,22,503,227,276,244,128,116,489,220,269,483,216,267,259,99,160,174,55,119,106,27,79,20,2,18,2,0,2,184,183,38,65,34,23,16,6,1,143,110,33,10,128,0,29,34
55397614,0,,,25,13,12,0,0,0,25,13,12,10,5,5,24,13,11,24,13,11,15,8,7,12,5,7,4,3,1,1,1,0,0,0,0,9,9,2,2,1,4,0,0,0,7,3,4,0,9,0,2,1
55397617,0,,,22,14,8,0,0,0,22,14,8,15,11,4,21,13,8,20,12,8,7,3,4,3,2,1,0,0,0,0,0,0,0,0,0,7,7,2,1,2,1,0,0,1,5,3,2,0,5,0,2,1
55397618,0,,,107,55,52,4,1,3,103,54,49,49,29,20,100,52,48,99,51,48,54,25,29,42,15,27,21,6,15,0,0,0,0,0,0,43,43,11,14,11,2,3,2,0,32,19,13,0,37,0,11,5
55397619,0,,,348,169,179,41,23,18,307,146,161,199,95,104,290,138,152,283,133,150,108,51,57,50,20,30,16,5,11,1,1,0,3,1,2,144,144,38,57,23,15,4,3,4,105,82,23,3,77,0,25,18
55397625,0,,,45,26,19,2,2,0,43,24,19,15,10,5,43,24,19,43,24,19,28,14,14,20,11,9,6,3,3,0,0,0,0,0,0,18,18,5,7,2,2,1,0,1,13,10,3,0,16,0,3,6
55397627,0,,,74,39,35,3,1,2,71,38,33,35,20,15,71,38,33,70,37,33,36,18,18,22,9,13,9,6,3,2,2,0,0,0,0,32,32,8,15,4,2,2,1,0,24,15,9,0,26,0,4,6
55397634,0,,,17,11,6,0,0,0,17,11,6,7,5,2,17,11,6,17,11,6,10,6,4,9,5,4,3,2,1,0,0,0,0,0,0,8,8,3,3,0,2,0,0,0,5,2,3,0,8,0,3,1
55397647,0,,,12,6,6,1,1,0,11,5,6,7,4,3,9,4,5,9,4,5,4,1,3,2,0,2,0,0,0,0,0,0,0,0,0,4,4,2,0,0,1,0,1,0,2,0,2,0,4,0,2,0
55397657,1,,55397677,41,22,19,0,0,0,43,24,19,17,10,7,42,24,18,42,24,18,26,14,12,14,8,6,9,5,4,0,0,0,0,0,0,15,15,5,5,4,1,0,2,0,12,9,3,0,17,0,5,3
55397677,2,55397657,,2,2,0,*,*,*,*,*,*,*,*,*,*,*,*,*,*,*,*,*,*,*,*,*,*,*,*,*,*,*,*,*,*,2,2,*,*,*,*,*,*,*,*,*,*,*,*,*,*,*
55397698,0,,,33,16,17,3,2,1,30,14,16,16,7,9,30,14,16,30,14,16,14,7,7,7,3,4,4,1,3,1,0,1,0,0,0,11,11,1,6,1,0,2,0,1,10,7,3,1,8,0,1,3
55397700,0,,,21,14,7,2,2,0,19,12,7,10,5,5,18,12,6,18,12,6,9,7,2,4,3,1,1,1,0,1,1,0,0,0,0,8,8,1,3,3,0,1,0,0,7,4,3,0,6,0,0,2
55397701,2,55397710,,3,2,1,*,*,*,*,*,*,*,*,*,*,*,*,*,*,*,*,*,*,*,*,*,*,*,*,*,*,*,*,*,*,2,2,*,*,*,*,*,*,*,*,*,*,*,*,*,*,*
55397710,1,,55397701,226,119,107,35,14,21,194,107,87,101,57,44,193,106,87,191,106,85,93,50,43,49,22,27,19,8,11,3,1,2,0,0,0,90,90,28,32,12,7,8,3,2,64,49,15,7,60,1,18,17
55397711,0,,,135,69,66,12,7,5,123,62,61,61,33,28,120,61,59,119,60,59,62,29,33,39,17,22,17,6,11,0,0,0,0,0,0,49,49,14,10,9,10,3,2,1,34,16,18,1,41,0,10,7
55397712,0,,,23,13,10,0,0,0,23,13,10,9,5,4,23,13,10,23,13,10,14,8,6,5,2,3,2,2,0,0,0,0,0,0,0,11,11,0,10,1,0,0,0,0,11,11,0,0,10,0,0,4
55397715,2,55397724,,4,2,2,*,*,*,*,*,*,*,*,*,*,*,*,*,*,*,*,*,*,*,*,*,*,*,*,*,*,*,*,*,*,1,1,*,*,*,*,*,*,*,*,*,*,*,*,*,*,*
55397719,2,55397729,,6,2,4,*,*,*,*,*,*,*,*,*,*,*,*,*,*,*,*,*,*,*,*,*,*,*,*,*,*,*,*,*,*,2,2,*,*,*,*,*,*,*,*,*,*,*,*,*,*,*
55397720,0,,,16,7,9,3,1,2,13,6,7,13,6,7,11,5,6,11,5,6,0,0,0,0,0,0,0,0,0,0,0,0,0,0,0,5,5,1,0,2,1,1,0,0,4,4,0,0,0,0,0,0
55397721,1,,55397731,241,111,130,19,9,10,223,103,120,113,53,60,214,98,116,209,96,113,110,50,60,66,27,39,16,3,13,3,1,2,0,0,0,93,93,30,27,16,9,3,5,4,64,42,22,1,70,1,17,18
55397722,0,,,25,13,12,1,0,1,24,13,11,11,7,4,23,12,11,23,12,11,13,6,7,5,2,3,2,0,2,0,0,0,0,0,0,11,11,5,2,3,0,0,0,1,6,4,2,0,8,0,2,1
55397724,1,,55397715;55397743;55397744,13,7,6,4,1,3,26,15,11,14,8,6,26,15,11,26,15,11,12,7,5,9,5,4,4,2,2,0,0,0,0,0,0,7,7,5,2,2,1,1,1,0,7,4,3,0,9,0,4,1
55397729,1,,55397719,12,8,4,0,0,0,18,10,8,9,5,4,18,10,8,18,10,8,9,5,4,5,2,3,1,0,1,0,0,0,0,0,0,6,6,3,2,1,2,0,0,0,3,2,1,0,6,0,2,1
55397730,0,,,33,15,18,7,1,6,26,14,12,19,11,8,25,13,12,25,13,12,7,3,4,4,3,1,0,0,0,0,0,0,0,0,0,9,9,0,3,1,2,2,1,0,9,8,1,2,4,0,0,1
55397731,2,55397721,,1,1,0,*,*,*,*,*,*,*,*,*,*,*,*,*,*,*,*,*,*,*,*,*,*,*,*,*,*,*,*,*,*,1,1,*,*,*,*,*,*,*,*,*,*,*,*,*,*,*
55397732,0,,,59,30,29,4,2,2,55,28,27,24,14,10,53,26,27,53,26,27,31,14,17,18,7,11,8,3,5,3,1,2,0,0,0,21,21,6,5,5,2,1,0,2,15,7,8,0,19,0,4,5
55397738,0,,,11,5,6,0,0,0,11,5,6,4,2,2,11,5,6,11,5,6,7,3,4,5,2,3,2,1,1,0,0,0,0,0,0,6,6,3,1,2,0,0,0,0,3,1,2,0,6,0,3,0
55397739,0,,,105,50,55,8,4,4,97,46,51,41,23,18,97,46,51,97,46,51,56,23,33,31,10,21,19,6,13,3,1,2,0,0,0,45,45,14,14,10,5,0,1,1,31,21,10,2,38,0,12,8
55397742,0,,,67,35,32,3,3,0,64,32,32,28,16,12,61,30,31,60,30,30,36,16,20,17,8,9,4,0,4,1,0,1,0,0,0,27,27,8,8,7,1,0,3,0,19,13,6,1,24,0,7,4
55397743,2,55397724,,11,5,6,*,*,*,*,*,*,*,*,*,*,*,*,*,*,*,*,*,*,*,*,*,*,*,*,*,*,*,*,*,*,2,2,*,*,*,*,*,*,*,*,*,*,*,*,*,*,*
55397744,2,55397724,,2,2,0,*,*,*,*,*,*,*,*,*,*,*,*,*,*,*,*,*,*,*,*,*,*,*,*,*,*,*,*,*,*,2,2,*,*,*,*,*,*,*,*,*,*,*,*,*,*,*
55397746,0,,,18,10,8,0,0,0,18,10,8,8,4,4,18,10,8,18,10,8,10,6,4,5,3,2,2,1,1,0,0,0,0,0,0,7,7,0,3,4,0,0,0,0,7,6,1,0,6,0,0,2
55397747,0,,,36,19,17,6,1,5,30,18,12,14,9,5,30,18,12,30,18,12,16,9,7,9,5,4,2,1,1,0,0,0,0,0,0,11,11,3,5,0,0,0,0,3,8,4,4,2,10,0,2,3
55397750,0,,,29,13,16,0,0,0,29,13,16,15,9,6,28,12,16,28,12,16,14,4,10,7,2,5,3,0,3,0,0,0,0,0,0,13,13,2,7,3,1,0,0,0,11,9,2,0,10,0,2,2
55397751,0,,,13,6,7,0,0,0,13,6,7,5,3,2,13,6,7,13,6,7,8,3,5,5,2,3,3,1,2,0,0,0,0,0,0,6,6,1,4,0,1,0,0,0,5,4,1,0,5,0,1,2
55397752,0,,,251,132,119,25,11,14,226,121,105,144,86,58,218,116,102,215,114,101,82,35,47,40,14,26,13,3,10,1,0,1,1,0,1,112,111,52,21,19,8,4,4,3,59,36,23,7,58,5,12,11
55397761,0,,,126,64,62,14,8,6,112,56,56,61,29,32,109,55,54,105,52,53,51,27,24,26,13,13,6,2,4,1,0,1,2,1,1,44,44,8,18,6,3,5,2,2,36,27,9,4,31,1,5,10
55397762,1,,55397763,22,13,9,3,2,1,21,12,9,9,6,3,21,12,9,21,12,9,12,6,6,5,1,4,0,0,0,0,0,0,0,0,0,10,10,5,2,2,1,1,0,0,6,3,3,0,8,0,2,1
55397763,2,55397762,,2,1,1,*,*,*,*,*,*,*,*,*,*,*,*,*,*,*,*,*,*,*,*,*,*,*,*,*,*,*,*,*,*,1,1,*,*,*,*,*,*,*,*,*,*,*,*,*,*,*
55397764,0,,,166,87,79,16,11,5,150,76,74,89,48,41,148,75,73,147,75,72,61,28,33,34,11,23,16,4,12,0,0,0,0,0,0,57,57,15,17,4,10,4,4,3,41,24,17,0,43,0,9,5
55397771,0,,,40,18,22,3,2,1,37,16,21,16,9,7,37,16,21,37,16,21,21,7,14,11,3,8,3,1,2,0,0,0,0,0,0,17,17,4,8,1,3,1,0,0,13,11,2,1,13,0,4,5
55397772,0,,,67,37,30,9,7,2,58,30,28,32,16,16,57,30,27,57,30,27,26,14,12,17,8,9,3,1,2,0,0,0,0,0,0,21,21,4,4,5,3,3,1,1,17,11,6,2,16,0,3,1
55397792,0,,,31,15,16,1,0,1,30,15,15,14,7,7,30,15,15,30,15,15,16,8,8,9,4,5,6,2,4,0,0,0,0,0,0,10,10,0,3,3,4,0,0,0,10,3,7,0,9,0,0,1
55397793,0,,,31,13,18,3,0,3,28,13,15,16,7,9,28,13,15,27,13,14,12,6,6,6,2,4,5,1,4,0,0,0,0,0,0,13,13,5,4,1,1,1,1,0,8,5,3,0,9,0,2,1
55401357,2,55401367,,4,2,2,*,*,*,*,*,*,*,*,*,*,*,*,*,*,*,*,*,*,*,*,*,*,*,*,*,*,*,*,*,*,2,2,*,*,*,*,*,*,*,*,*,*,*,*,*,*,*
55401367,1,,55401357,56,27,29,5,3,2,55,26,29,21,14,7,55,26,29,55,26,29,34,12,22,10,1,9,6,0,6,0,0,0,0,0,0,22,22,3,14,5,0,0,1,1,21,17,4,2,22,0,3,7
55401377,0,,,53,22,31,6,2,4,47,20,27,24,11,13,47,20,27,46,19,27,23,9,14,14,4,10,5,1,4,0,0,0,0,0,0,17,17,4,4,1,6,1,0,1,13,5,8,2,16,0,4,4
55401384,1,,55401394,37,20,17,7,3,4,37,20,17,22,14,8,36,19,17,36,19,17,15,6,9,12,5,7,5,3,2,1,1,0,0,0,0,11,11,1,5,2,1,2,1,1,12,9,3,1,10,0,1,4
55401386,0,,,21,12,9,2,2,0,19,10,9,7,5,2,19,10,9,19,10,9,12,5,7,5,2,3,1,0,1,1,0,1,0,0,0,7,7,1,3,1,0,1,1,0,6,3,3,0,6,1,0,3
55401388,2,55401399,,6,4,2,*,*,*,*,*,*,*,*,*,*,*,*,*,*,*,*,*,*,*,*,*,*,*,*,*,*,*,*,*,*,4,4,*,*,*,*,*,*,*,*,*,*,*,*,*,*,*
55401394,2,55401384,,7,3,4,*,*,*,*,*,*,*,*,*,*,*,*,*,*,*,*,*,*,*,*,*,*,*,*,*,*,*,*,*,*,2,2,*,*,*,*,*,*,*,*,*,*,*,*,*,*,*
55401395,2,55401396,,11,6,5,*,*,*,*,*,*,*,*,*,*,*,*,*,*,*,*,*,*,*,*,*,*,*,*,*,*,*,*,*,*,2,2,*,*,*,*,*,*,*,*,*,*,*,*,*,*,*
55401396,1,,55401395,88,43,45,12,8,4,87,41,46,47,25,22,86,40,46,85,40,45,40,16,24,26,9,17,9,4,5,0,0,0,0,0,0,32,32,8,11,5,4,0,4,2,26,15,11,2,28,0,6,6
55401397,2,55401399,,1,1,0,*,*,*,*,*,*,*,*,*,*,*,*,*,*,*,*,*,*,*,*,*,*,*,*,*,*,*,*,*,*,1,1,*,*,*,*,*,*,*,*,*,*,*,*,*,*,*
55401398,2,55401399,,3,2,1,*,*,*,*,*,*,*,*,*,*,*,*,*,*,*,*,*,*,*,*,*,*,*,*,*,*,*,*,*,*,2,2,*,*,*,*,*,*,*,*,*,*,*,*,*,*,*
55401399,1,,55401388;55401397;55401398,7,4,3,0,0,0,17,11,6,6,4,2,17,11,6,17,11,6,11,7,4,7,5,2,1,0,1,0,0,0,0,0,0,2,2,4,3,1,1,0,0,0,5,4,1,0,8,0,3,2
55402268,1,,55402277,13,8,5,0,0,0,16,9,7,6,4,2,16,9,7,16,9,7,10,5,5,8,3,5,3,2,1,0,0,0,0,0,0,6,6,3,4,0,0,1,0,0,5,3,2,0,7,0,3,2
55402269,0,,,35,20,15,4,4,0,31,16,15,21,11,10,31,16,15,31,16,15,10,5,5,7,3,4,6,3,3,1,0,1,0,0,0,11,11,2,3,3,1,1,0,1,9,3,6,1,7,1,0,0
55402277,2,55402268,,3,1,2,*,*,*,*,*,*,*,*,*,*,*,*,*,*,*,*,*,*,*,*,*,*,*,*,*,*,*,*,*,*,2,2,*,*,*,*,*,*,*,*,*,*,*,*,*,*,*
55402278,2,55402279,,7,4,3,*,*,*,*,*,*,*,*,*,*,*,*,*,*,*,*,*,*,*,*,*,*,*,*,*,*,*,*,*,*,3,3,*,*,*,*,*,*,*,*,*,*,*,*,*,*,*
55402279,1,,55402278,19,11,8,0,0,0,26,15,11,10,6,4,26,15,11,26,15,11,16,9,7,5,4,1,3,2,1,0,0,0,0,0,0,6,6,0,5,3,0,0,0,1,9,7,2,0,9,0,0,5
55402288,0,,,15,5,10,0,0,0,15,5,10,9,3,6,15,5,10,15,5,10,6,2,4,3,1,2,2,1,1,0,0,0,0,0,0,6,6,2,0,3,1,0,0,0,4,1,3,0,4,0,0,0
55402289,1,,55402299,57,27,30,7,4,3,56,26,30,31,13,18,56,26,30,55,26,29,25,13,12,15,7,8,5,1,4,1,0,1,0,0,0,19,19,3,6,5,4,2,0,1,18,11,7,1,16,0,2,5
55402299,2,55402289,,6,3,3,*,*,*,*,*,*,*,*,*,*,*,*,*,*,*,*,*,*,*,*,*,*,*,*,*,*,*,*,*,*,2,2,*,*,*,*,*,*,*,*,*,*,*,*,*,*,*
55402300,0,,,37,19,18,0,0,0,37,19,18,17,8,9,36,19,17,36,19,17,20,11,9,10,7,3,3,2,1,0,0,0,0,0,0,16,16,4,6,3,3,0,0,0,12,8,4,0,13,0,3,5
55402303,2,55402313,,7,5,2,*,*,*,*,*,*,*,*,*,*,*,*,*,*,*,*,*,*,*,*,*,*,*,*,*,*,*,*,*,*,3,3,*,*,*,*,*,*,*,*,*,*,*,*,*,*,*
55402304,0,,,35,20,15,2,2,0,33,18,15,18,9,9,33,18,15,32,17,15,15,9,6,11,5,6,7,3,4,0,0,0,0,0,0,14,14,5,2,4,2,0,1,0,9,5,4,1,9,0,2,2
55402305,0,,,261,125,136,26,15,11,235,110,125,133,66,67,231,108,123,228,106,122,102,44,58,47,14,33,26,7,19,1,0,1,2,0,2,82,82,9,23,20,16,7,3,4,73,41,32,6,65,0,6,8
55402306,0,,,72,38,34,8,5,3,64,33,31,37,21,16,61,31,30,60,31,29,27,12,15,15,6,9,6,2,4,0,0,0,0,0,0,25,25,8,4,5,3,2,2,1,17,8,9,1,18,0,4,4
55402307,2,55402316,,5,2,3,*,*,*,*,*,*,*,*,*,*,*,*,*,*,*,*,*,*,*,*,*,*,*,*,*,*,*,*,*,*,2,2,*,*,*,*,*,*,*,*,*,*,*,*,*,*,*
55402308,2,55402316,,1,0,1,*,*,*,*,*,*,*,*,*,*,*,*,*,*,*,*,*,*,*,*,*,*,*,*,*,*,*,*,*,*,1,1,*,*,*,*,*,*,*,*,*,*,*,*,*,*,*
55402309,0,,,35,14,21,3,1,2,32,13,19,16,8,8,31,13,18,30,13,17,16,5,11,10,2,8,3,0,3,0,0,0,0,0,0,13,13,3,5,1,3,0,0,1,10,7,3,0,12,0,3,3
55402310,0,,,13,7,6,0,0,0,13,7,6,4,2,2,13,7,6,13,7,6,9,5,4,4,2,2,3,1,2,1,0,1,0,0,0,6,6,1,4,0,1,0,0,0,5,4,1,0,6,0,1,3
55402311,0,,,97,52,45,7,3,4,90,49,41,42,24,18,89,49,40,89,49,40,48,25,23,30,16,14,13,7,6,0,0,0,0,0,0,33,33,5,14,5,2,4,1,2,28,15,13,2,30,0,4,9
55402313,1,,55402303,18,9,9,2,1,1,23,13,10,14,6,8,22,13,9,22,13,9,9,7,2,3,2,1,1,1,0,1,1,0,0,0,0,8,8,2,6,2,0,1,0,0,9,8,1,1,7,0,2,3
55402314,2,55402315,,9,5,4,*,*,*,*,*,*,*,*,*,*,*,*,*,*,*,*,*,*,*,*,*,*,*,*,*,*,*,*,*,*,3,3,*,*,*,*,*,*,*,*,*,*,*,*,*,*,*
55402315,1,,55402314,3,1,2,0,0,0,12,6,6,6,3,3,12,6,6,12,6,6,6,3,3,2,1,1,1,0,1,0,0,0,0,0,0,1,1,0,1,2,1,0,0,0,4,2,2,0,4,0,0,1
55402316,1,,55402307;55402308;55402317,6,5,1,0,0,0,13,8,5,6,4,2,13,8,5,13,8,5,7,4,3,3,0,3,0,0,0,0,0,0,0,0,0,5,5,7,1,0,1,0,0,0,2,2,0,0,7,0,5,0
55402317,2,55402316,,1,1,0,*,*,*,*,*,*,*,*,*,*,*,*,*,*,*,*,*,*,*,*,*,*,*,*,*,*,*,*,*,*,1,1,*,*,*,*,*,*,*,*,*,*,*,*,*,*,*
55402320,0,,,81,41,40,11,6,5,70,35,35,38,19,19,69,34,35,68,33,35,32,16,16,17,7,10,7,2,5,0,0,0,0,0,0,28,28,9,8,4,2,1,0,4,19,11,8,1,21,0,4,6
55402321,0,,,32,15,17,3,1,2,29,14,15,13,6,7,29,14,15,29,14,15,16,8,8,7,3,4,2,0,2,0,0,0,0,0,0,15,15,6,5,2,1,0,1,0,9,8,1,1,12,0,5,2
55402322,0,,,192,97,95,19,9,10,173,88,85,109,61,48,168,86,82,166,85,81,64,27,37,34,12,22,16,6,10,3,1,2,1,0,1,67,67,13,18,16,12,4,2,2,54,37,17,4,43,1,7,4
55402323,0,,,35,16,19,8,2,6,27,14,13,21,11,10,25,13,12,25,13,12,6,3,3,2,2,0,1,1,0,0,0,0,0,0,0,8,8,0,3,1,0,0,2,2,8,3,5,2,4,0,0,1
55402324,0,,,333,161,172,66,29,37,267,132,135,159,76,83,260,129,131,257,126,131,108,56,52,67,36,31,8,3,5,1,0,1,3,1,2,131,131,33,47,15,22,11,3,0,97,87,10,24,68,0,20,34
55402325,0,,,16,9,7,6,4,2,10,5,5,8,4,4,10,5,5,10,5,5,2,1,1,2,1,1,1,1,0,0,0,0,0,0,0,4,4,0,0,1,2,1,0,0,4,3,1,2,1,0,0,0
55402326,2,55402336,,3,2,1,*,*,*,*,*,*,*,*,*,*,*,*,*,*,*,*,*,*,*,*,*,*,*,*,*,*,*,*,*,*,1,1,*,*,*,*,*,*,*,*,*,*,*,*,*,*,*
55402327,2,55402338,,3,2,1,*,*,*,*,*,*,*,*,*,*,*,*,*,*,*,*,*,*,*,*,*,*,*,*,*,*,*,*,*,*,1,1,*,*,*,*,*,*,*,*,*,*,*,*,*,*,*
55402328,2,55402338,,2,1,1,*,*,*,*,*,*,*,*,*,*,*,*,*,*,*,*,*,*,*,*,*,*,*,*,*,*,*,*,*,*,1,1,*,*,*,*,*,*,*,*,*,*,*,*,*,*,*
55402330,0,,,14,8,6,1,1,0,13,7,6,5,2,3,13,7,6,13,7,6,8,5,3,3,2,1,1,1,0,0,0,0,0,0,0,6,6,3,1,0,1,1,0,0,3,2,1,0,6,0,3,1
55402331,0,,,36,18,18,3,1,2,33,17,16,16,9,7,33,17,16,33,17,16,17,8,9,6,3,3,0,0,0,0,0,0,0,0,0,16,16,5,6,3,1,0,1,0,11,9,2,2,12,0,4,4
55402332,0,,,34,19,15,2,1,1,32,18,14,25,13,12,31,18,13,31,18,13,7,5,2,3,2,1,2,1,1,0,0,0,0,0,0,15,15,4,7,2,1,0,1,0,10,8,2,1,4,2,0,0
55402333,0,,,133,61,72,16,5,11,117,56,61,80,39,41,110,52,58,110,52,58,37,17,20,15,7,8,6,2,4,0,0,0,2,1,1,44,44,7,12,11,7,4,1,2,36,19,17,6,24,0,3,6
55402334,0,,,162,85,77,23,12,11,139,73,66,101,56,45,135,73,62,133,72,61,38,17,21,22,9,13,4,1,3,0,0,0,4,3,1,57,57,15,12,15,4,5,5,1,42,28,14,4,28,6,3,5
55402335,2,55402336,,8,5,3,*,*,*,*,*,*,*,*,*,*,*,*,*,*,*,*,*,*,*,*,*,*,*,*,*,*,*,*,*,*,2,2,*,*,*,*,*,*,*,*,*,*,*,*,*,*,*
55402336,1,,55402326;55402335,17,10,7,0,0,0,28,17,11,10,8,2,28,17,11,28,17,11,18,9,9,9,4,5,6,3,3,2,1,1,0,0,0,9,9,4,4,3,0,0,0,1,8,6,2,0,10,0,3,1
55402337,1,,55402347,71,33,38,5,1,4,68,33,35,40,20,20,66,33,33,66,33,33,28,13,15,12,4,8,7,2,5,0,0,0,0,0,0,19,19,1,2,7,6,2,1,1,19,7,12,1,16,0,1,1
55402338,1,,55402327;55402328,14,8,6,3,2,1,16,9,7,10,7,3,14,8,6,14,8,6,6,2,4,5,2,3,0,0,0,0,0,0,0,0,0,3,3,0,1,2,0,1,1,0,5,3,2,0,4,0,0,1
55402340,0,,,131,65,66,16,6,10,115,59,56,57,30,27,112,57,55,111,57,54,58,29,29,31,16,15,14,7,7,4,1,3,1,0,1,44,44,8,17,5,6,2,3,3,35,20,15,2,38,0,7,11
55402343,0,,,612,272,340,51,31,20,561,241,320,251,137,114,547,230,317,545,229,316,310,104,206,217,58,159,133,23,110,24,6,18,1,1,0,179,176,52,53,25,21,9,8,8,122,80,42,17,117,1,32,19
55402344,0,,,256,120,136,40,19,21,216,101,115,146,66,80,211,101,110,208,101,107,70,35,35,37,15,22,13,3,10,1,0,1,2,0,2,108,108,39,28,21,8,7,4,1,69,55,14,15,54,2,19,11
55402345,0,,,116,56,60,11,6,5,105,50,55,65,32,33,99,48,51,98,48,50,40,18,22,27,9,18,14,4,10,0,0,0,0,0,0,35,35,3,14,4,3,7,2,2,32,17,15,4,22,0,1,5
55402346,0,,,39,21,18,2,1,1,37,20,17,21,12,9,37,20,17,36,19,17,16,8,8,8,4,4,4,1,3,1,0,1,0,0,0,13,13,1,4,4,3,0,1,0,12,8,4,0,9,0,0,3
55402347,2,55402337,,2,1,1,*,*,*,*,*,*,*,*,*,*,*,*,*,*,*,*,*,*,*,*,*,*,*,*,*,*,*,*,*,*,1,1,*,*,*,*,*,*,*,*,*,*,*,*,*,*,*
55402350,0,,,47,20,27,2,0,2,45,20,25,23,10,13,42,17,25,42,17,25,22,10,12,8,4,4,3,1,2,0,0,0,0,0,0,18,18,6,4,5,0,0,3,0,12,7,5,0,14,0,4,2
55402353,0,,,528,249,279,69,27,42,459,222,237,275,140,135,445,213,232,439,211,228,184,82,102,91,33,58,38,11,27,4,0,4,3,1,2,186,186,29,75,32,19,17,8,6,156,113,43,19,119,0,22,32
55402354,0,,,80,33,47,10,5,5,70,28,42,44,19,25,67,27,40,65,27,38,26,9,17,15,5,10,4,1,3,0,0,0,0,0,0,30,30,9,9,4,4,1,2,1,21,14,7,2,20,0,6,5
55402356,1,,55402357,21,13,8,0,0,0,25,15,10,9,6,3,25,15,10,25,15,10,16,9,7,8,4,4,6,3,3,1,0,1,0,0,0,10,10,4,2,3,2,0,0,0,7,3,4,0,9,0,2,1
55402357,2,55402356,,4,2,2,*,*,*,*,*,*,*,*,*,*,*,*,*,*,*,*,*,*,*,*,*,*,*,*,*,*,*,*,*,*,1,1,*,*,*,*,*,*,*,*,*,*,*,*,*,*,*
55402358,2,55402369,,2,1,1,*,*,*,*,*,*,*,*,*,*,*,*,*,*,*,*,*,*,*,*,*,*,*,*,*,*,*,*,*,*,1,1,*,*,*,*,*,*,*,*,*,*,*,*,*,*,*
55402359,2,55402369,,4,2,2,*,*,*,*,*,*,*,*,*,*,*,*,*,*,*,*,*,*,*,*,*,*,*,*,*,*,*,*,*,*,2,2,*,*,*,*,*,*,*,*,*,*,*,*,*,*,*
55402360,0,,,37,18,19,0,0,0,37,18,19,18,9,9,37,18,19,36,17,19,19,9,10,14,6,8,7,5,2,0,0,0,0,0,0,12,12,1,4,4,0,2,1,0,11,7,4,0,12,0,1,4
55402361,2,55402371,,8,3,5,*,*,*,*,*,*,*,*,*,*,*,*,*,*,*,*,*,*,*,*,*,*,*,*,*,*,*,*,*,*,2,2,*,*,*,*,*,*,*,*,*,*,*,*,*,*,*
55402362,0,,,20,11,9,0,0,0,20,11,9,9,6,3,19,10,9,19,10,9,11,5,6,8,3,5,5,1,4,1,0,1,0,0,0,11,11,6,4,0,0,0,1,0,5,3,2,0,9,0,6,0
55402363,0,,,304,151,153,35,20,15,269,131,138,162,83,79,258,122,136,257,121,136,107,48,59,52,18,34,20,6,14,1,0,1,0,0,0,108,108,21,30,27,14,12,2,2,85,56,29,7,69,1,11,13
55402364,0,,,29,13,16,0,0,0,29,13,16,13,8,5,29,13,16,29,13,16,16,5,11,9,2,7,4,0,4,1,0,1,0,0,0,12,12,2,6,3,0,0,1,0,10,7,3,0,10,0,2,2
55402367,0,,,13,7,6,2,1,1,11,6,5,4,2,2,11,6,5,11,6,5,7,4,3,4,4,0,1,1,0,1,1,0,0,0,0,4,4,0,0,3,1,0,0,0,4,3,1,0,3,0,0,0
55402368,0,,,16,9,7,2,2,0,14,7,7,6,4,2,14,7,7,14,7,7,8,3,5,3,2,1,0,0,0,0,0,0,0,0,0,7,7,2,2,2,1,0,0,0,5,4,1,0,5,0,1,2
55402369,1,,55402358;55402359;55402379,32,15,17,2,1,1,42,21,21,16,9,7,42,21,21,42,21,21,26,12,14,16,9,7,6,3,3,0,0,0,1,0,1,14,14,6,9,2,2,0,1,0,14,10,4,0,16,0,3,6
55402370,2,55402371,,2,1,1,*,*,*,*,*,*,*,*,*,*,*,*,*,*,*,*,*,*,*,*,*,*,*,*,*,*,*,*,*,*,1,1,*,*,*,*,*,*,*,*,*,*,*,*,*,*,*
55402371,1,,55402361;55402370,12,6,6,0,0,0,22,10,12,9,4,5,21,10,11,21,10,11,13,6,7,5,2,3,4,1,3,0,0,0,0,0,0,4,4,0,3,1,2,1,0,0,7,4,3,0,5,0,0,1
55402372,0,,,101,51,50,19,9,10,82,42,40,52,27,25,80,41,39,79,40,39,30,15,15,15,7,8,5,2,3,0,0,0,0,0,0,29,29,3,9,4,5,3,3,2,26,16,10,7,21,0,3,5
55402373,0,,,307,147,160,33,15,18,274,132,142,147,78,69,266,129,137,261,128,133,127,54,73,59,21,38,23,5,18,3,0,3,1,0,1,106,106,22,32,21,14,5,8,4,84,51,33,8,80,0,17,16
55402374,0,,,71,33,38,16,8,8,55,25,30,32,16,16,55,25,30,53,23,30,23,9,14,13,5,8,5,1,4,1,0,1,0,0,0,19,19,4,3,4,2,2,1,3,15,7,8,4,16,0,4,2
55402375,0,,,25,15,10,1,1,0,24,14,10,12,7,5,21,14,7,20,13,7,12,7,5,8,3,5,6,3,3,0,0,0,0,0,0,10,10,3,3,2,1,0,1,0,7,5,2,0,7,0,1,1
55402376,0,,,26,12,14,4,0,4,22,12,10,10,6,4,22,12,10,22,12,10,12,6,6,8,5,3,4,2,2,0,0,0,0,0,0,10,10,3,4,1,0,1,0,1,7,5,2,1,8,0,2,2
55402377,0,,,8,4,4,0,0,0,8,4,4,4,2,2,8,4,4,8,4,4,4,2,2,2,1,1,1,1,0,0,0,0,0,0,0,4,4,0,4,0,0,0,0,0,4,4,0,0,3,0,0,1
55402378,0,,,10,6,4,0,0,0,10,6,4,3,2,1,10,6,4,10,6,4,7,4,3,4,2,2,2,1,1,0,0,0,0,0,0,4,4,1,1,1,1,0,0,0,3,3,0,0,4,0,1,1
55402379,2,55402369,,6,4,2,*,*,*,*,*,*,*,*,*,*,*,*,*,*,*,*,*,*,*,*,*,*,*,*,*,*,*,*,*,*,3,3,*,*,*,*,*,*,*,*,*,*,*,*,*,*,*
55402380,0,,,90,44,46,8,3,5,82,41,41,42,22,20,80,40,40,79,39,40,40,19,21,24,10,14,15,5,10,1,0,1,0,0,0,29,29,3,8,7,7,2,2,0,26,15,11,1,25,0,3,5
55402382,0,,,281,131,150,23,9,14,258,122,136,145,76,69,253,120,133,251,119,132,113,46,67,63,22,41,27,5,22,2,0,2,0,0,0,90,90,13,24,23,12,10,5,3,77,39,38,7,74,0,9,16
55402383,0,,,242,117,125,23,10,13,219,107,112,105,60,45,214,104,110,212,103,109,114,47,67,60,20,40,37,7,30,3,0,3,1,0,1,77,76,13,27,19,6,5,2,4,63,48,15,2,58,0,10,15
55402386,0,,,81,40,41,7,4,3,74,36,38,37,20,17,74,36,38,73,35,38,37,16,21,21,7,14,7,2,5,2,0,2,1,0,1,27,27,6,8,3,5,2,1,2,21,10,11,1,25,0,5,3
55402387,1,,55402397,10,4,6,1,1,0,14,6,8,8,3,5,14,6,8,14,6,8,6,3,3,2,1,1,2,1,1,1,1,0,2,0,2,4,4,2,1,1,2,0,0,0,4,2,2,0,4,0,1,0
55402388,2,55402389,,7,4,3,*,*,*,*,*,*,*,*,*,*,*,*,*,*,*,*,*,*,*,*,*,*,*,*,*,*,*,*,*,*,3,3,*,*,*,*,*,*,*,*,*,*,*,*,*,*,*
55402389,1,,55402388;55402398;55402399,24,15,9,1,1,0,38,23,15,18,12,6,37,22,15,36,21,15,20,11,9,10,4,6,5,2,3,0,0,0,0,0,0,8,8,5,8,0,1,1,0,1,11,9,2,0,13,0,3,5
55402392,0,,,87,41,46,7,3,4,80,38,42,49,24,25,75,35,40,75,35,40,31,14,17,12,4,8,3,1,2,1,0,1,5,0,5,34,34,12,9,4,5,0,3,1,22,15,7,3,22,3,5,2
55402393,1,,55402394,181,90,91,18,9,9,169,83,86,100,54,46,159,78,81,156,77,79,69,29,40,35,10,25,16,4,12,3,0,3,1,0,1,53,53,9,18,8,8,3,4,6,47,27,20,5,42,0,4,9
55402394,2,55402393,,6,2,4,*,*,*,*,*,*,*,*,*,*,*,*,*,*,*,*,*,*,*,*,*,*,*,*,*,*,*,*,*,*,3,3,*,*,*,*,*,*,*,*,*,*,*,*,*,*,*
55402396,0,,,25,14,11,3,2,1,22,12,10,9,4,5,22,12,10,22,12,10,13,8,5,1,1,0,1,1,0,1,1,0,0,0,0,11,11,1,8,1,0,1,0,0,10,10,0,1,10,0,1,5
55402397,2,55402387,,5,3,2,*,*,*,*,*,*,*,*,*,*,*,*,*,*,*,*,*,*,*,*,*,*,*,*,*,*,*,*,*,*,2,2,*,*,*,*,*,*,*,*,*,*,*,*,*,*,*
55402398,2,55402389,,3,2,1,*,*,*,*,*,*,*,*,*,*,*,*,*,*,*,*,*,*,*,*,*,*,*,*,*,*,*,*,*,*,2,2,*,*,*,*,*,*,*,*,*,*,*,*,*,*,*
55402399,2,55402389,,5,3,2,*,*,*,*,*,*,*,*,*,*,*,*,*,*,*,*,*,*,*,*,*,*,*,*,*,*,*,*,*,*,3,3,*,*,*,*,*,*,*,*,*,*,*,*,*,*,*
55402400,2,55402440,,4,3,1,*,*,*,*,*,*,*,*,*,*,*,*,*,*,*,*,*,*,*,*,*,*,*,*,*,*,*,*,*,*,2,2,*,*,*,*,*,*,*,*,*,*,*,*,*,*,*
55402430,2,55402440,,6,3,3,*,*,*,*,*,*,*,*,*,*,*,*,*,*,*,*,*,*,*,*,*,*,*,*,*,*,*,*,*,*,1,1,*,*,*,*,*,*,*,*,*,*,*,*,*,*,*
55402434,2,55402454,,1,1,0,*,*,*,*,*,*,*,*,*,*,*,*,*,*,*,*,*,*,*,*,*,*,*,*,*,*,*,*,*,*,1,1,*,*,*,*,*,*,*,*,*,*,*,*,*,*,*
55402440,1,,55402400;55402430,21,10,11,4,2,2,27,14,13,13,7,6,25,14,11,25,14,11,14,7,7,4,2,2,3,1,2,1,1,0,0,0,0,7,7,2,4,1,0,1,1,1,8,5,3,1,7,0,0,2
55402442,2,55402452,,3,1,2,*,*,*,*,*,*,*,*,*,*,*,*,*,*,*,*,*,*,*,*,*,*,*,*,*,*,*,*,*,*,2,2,*,*,*,*,*,*,*,*,*,*,*,*,*,*,*
55402443,0,,,24,15,9,1,1,0,23,14,9,14,10,4,23,14,9,22,13,9,9,4,5,4,2,2,1,1,0,0,0,0,0,0,0,8,8,0,2,4,2,0,0,0,8,6,2,1,6,0,0,0
55402444,0,,,11,5,6,0,0,0,11,5,6,4,2,2,11,5,6,11,5,6,7,3,4,5,2,3,4,2,2,0,0,0,0,0,0,4,4,1,0,2,1,0,0,0,3,2,1,0,3,0,0,0
55402445,2,55402454,,6,3,3,*,*,*,*,*,*,*,*,*,*,*,*,*,*,*,*,*,*,*,*,*,*,*,*,*,*,*,*,*,*,2,2,*,*,*,*,*,*,*,*,*,*,*,*,*,*,*
55402450,0,,,11,5,6,1,1,0,10,4,6,7,3,4,10,4,6,9,4,5,3,1,2,3,1,2,2,0,2,0,0,0,0,0,0,4,4,1,1,1,0,1,0,0,3,1,2,0,3,0,0,0
55402452,1,,55402442,9,5,4,0,0,0,12,6,6,3,2,1,12,6,6,12,6,6,9,4,5,8,3,5,0,0,0,0,0,0,0,0,0,4,4,2,3,0,1,0,0,0,4,3,1,0,6,0,2,2
55402453,0,,,11,4,7,0,0,0,11,4,7,7,3,4,11,4,7,11,4,7,4,1,3,2,0,2,0,0,0,0,0,0,0,0,0,4,4,1,0,2,1,0,0,0,3,2,1,0,3,0,1,0
55402454,1,,55402434;55402445;55402464;55402474;55402485,17,6,11,3,0,3,35,14,21,19,8,11,34,14,20,33,13,20,16,6,10,5,2,3,2,0,2,1,0,1,1,0,1,5,5,3,5,1,2,0,0,2,10,6,4,0,10,0,1,4
55402460,0,,,34,18,16,1,0,1,33,18,15,22,13,9,30,17,13,29,16,13,11,5,6,9,4,5,7,4,3,0,0,0,1,0,1,12,12,3,1,5,1,2,0,0,9,4,5,0,9,0,2,0
55402461,2,55402462,,5,2,3,*,*,*,*,*,*,*,*,*,*,*,*,*,*,*,*,*,*,*,*,*,*,*,*,*,*,*,*,*,*,3,3,*,*,*,*,*,*,*,*,*,*,*,*,*,*,*
55402462,1,,55402461;55402471;55402483;55402484,28,14,14,3,2,1,44,20,24,15,9,6,44,20,24,43,20,23,29,11,18,17,4,13,9,2,7,0,0,0,2,0,2,8,8,3,7,2,3,0,2,0,14,8,6,1,17,0,3,3
55402464,2,55402454,,4,1,3,*,*,*,*,*,*,*,*,*,*,*,*,*,*,*,*,*,*,*,*,*,*,*,*,*,*,*,*,*,*,2,2,*,*,*,*,*,*,*,*,*,*,*,*,*,*,*
55402471,2,55402462,,5,3,2,*,*,*,*,*,*,*,*,*,*,*,*,*,*,*,*,*,*,*,*,*,*,*,*,*,*,*,*,*,*,2,2,*,*,*,*,*,*,*,*,*,*,*,*,*,*,*
55402474,2,55402454,,7,2,5,*,*,*,*,*,*,*,*,*,*,*,*,*,*,*,*,*,*,*,*,*,*,*,*,*,*,*,*,*,*,1,1,*,*,*,*,*,*,*,*,*,*,*,*,*,*,*
55402480,1,,55402491;55402492,19,10,9,4,1,3,24,12,12,18,11,7,23,12,11,21,10,11,6,1,5,3,0,3,1,0,1,0,0,0,1,0,1,7,7,3,3,1,1,1,0,1,7,4,3,0,5,0,2,0
55402483,2,55402462,,5,1,4,*,*,*,*,*,*,*,*,*,*,*,*,*,*,*,*,*,*,*,*,*,*,*,*,*,*,*,*,*,*,3,3,*,*,*,*,*,*,*,*,*,*,*,*,*,*,*
55402484,2,55402462,,4,2,2,*,*,*,*,*,*,*,*,*,*,*,*,*,*,*,*,*,*,*,*,*,*,*,*,*,*,*,*,*,*,1,1,*,*,*,*,*,*,*,*,*,*,*,*,*,*,*
55402485,2,55402454,,3,1,2,*,*,*,*,*,*,*,*,*,*,*,*,*,*,*,*,*,*,*,*,*,*,*,*,*,*,*,*,*,*,2,2,*,*,*,*,*,*,*,*,*,*,*,*,*,*,*
55402491,2,55402480,,7,3,4,*,*,*,*,*,*,*,*,*,*,*,*,*,*,*,*,*,*,*,*,*,*,*,*,*,*,*,*,*,*,1,1,*,*,*,*,*,*,*,*,*,*,*,*,*,*,*
55402492,2,55402480,,2,0,2,*,*,*,*,*,*,*,*,*,*,*,*,*,*,*,*,*,*,*,*,*,*,*,*,*,*,*,*,*,*,2,2,*,*,*,*,*,*,*,*,*,*,*,*,*,*,*
55402557,0,,,42,26,16,3,3,0,39,23,16,23,17,6,39,23,16,37,21,16,16,6,10,11,4,7,9,3,6,2,0,2,0,0,0,14,14,3,2,5,1,2,1,0,11,6,5,1,10,0,2,1
55402558,0,,,10,5,5,0,0,0,10,5,5,4,3,1,10,5,5,10,5,5,6,2,4,3,0,3,1,0,1,0,0,0,0,0,0,7,7,4,3,0,0,0,0,0,3,3,0,0,5,0,2,1
55402559,0,,,495,257,238,27,14,13,468,243,225,254,148,106,449,233,216,443,232,211,214,95,119,112,46,66,35,12,23,0,0,0,2,1,1,212,212,67,70,35,24,10,5,1,144,104,40,4,160,0,50,25
55402567,0,,,46,23,23,1,1,0,45,22,23,25,13,12,43,21,22,43,21,22,20,9,11,14,6,8,3,0,3,1,0,1,0,0,0,19,19,4,6,6,3,0,0,0,15,10,5,0,14,0,3,2
55402568,0,,,112,53,59,13,6,7,99,47,52,50,22,28,98,46,52,96,45,51,49,25,24,26,10,16,15,8,7,1,0,1,0,0,0,40,40,8,14,8,5,0,3,2,32,21,11,4,31,0,6,6
55402569,0,,,703,342,361,82,42,40,621,300,321,362,186,176,594,285,309,586,281,305,259,114,145,126,52,74,43,9,34,6,1,5,0,0,0,259,257,55,80,59,39,18,4,2,202,169,33,13,155,1,29,39
55402577,0,,,102,44,58,6,2,4,96,42,54,44,20,24,94,42,52,93,42,51,52,22,30,29,13,16,12,4,8,2,0,2,0,0,0,38,38,11,6,13,3,3,1,1,26,16,10,2,31,0,8,3
55402578,0,,,521,248,273,54,26,28,467,222,245,249,122,127,456,214,242,449,213,236,218,100,118,82,34,48,15,6,9,1,1,0,1,0,1,200,200,41,73,41,25,13,4,3,159,127,32,7,142,0,31,40
55402579,0,,,1184,563,621,68,34,34,1116,529,587,530,282,248,1093,517,576,1080,510,570,586,247,339,320,117,203,158,38,120,25,3,22,2,0,2,412,410,87,153,91,45,18,9,7,321,254,67,18,286,3,52,79
55402587,0,,,17,8,9,2,1,1,15,7,8,9,4,5,15,7,8,15,7,8,6,3,3,3,1,2,1,0,1,0,0,0,0,0,0,7,7,2,1,3,1,0,0,0,5,5,0,1,4,0,1,1
55402588,0,,,381,189,192,41,21,20,340,168,172,185,99,86,328,165,163,325,164,161,155,69,86,84,30,54,27,6,21,2,0,2,0,0,0,161,161,51,50,26,25,5,2,2,110,89,21,12,113,0,38,29
55402589,0,,,214,112,102,13,11,2,201,101,100,119,64,55,196,101,95,191,98,93,82,37,45,41,13,28,19,6,13,0,0,0,1,1,0,85,85,24,25,17,9,7,3,0,61,40,21,5,60,0,17,8
55402598,0,,,188,85,103,16,8,8,172,77,95,103,51,52,166,75,91,162,74,88,69,26,43,34,11,23,12,3,9,2,0,2,0,0,0,67,67,10,22,14,16,2,3,0,57,40,17,6,49,0,8,11
55402599,0,,,75,32,43,5,3,2,70,29,41,44,21,23,69,29,40,69,29,40,26,8,18,15,3,12,3,1,2,0,0,0,0,0,0,37,37,14,12,8,2,1,0,0,23,18,5,3,20,0,7,3
55402622,2,55402623,,8,5,3,*,*,*,*,*,*,*,*,*,*,*,*,*,*,*,*,*,*,*,*,*,*,*,*,*,*,*,*,*,*,3,3,*,*,*,*,*,*,*,*,*,*,*,*,*,*,*
55402623,1,,55402622,69,32,37,5,3,2,72,34,38,37,18,19,70,33,37,68,32,36,35,16,19,21,9,12,7,4,3,2,1,1,0,0,0,25,25,2,13,8,2,1,2,0,26,19,7,1,23,0,1,7
55402632,0,,,13,6,7,0,0,0,13,6,7,5,4,1,13,6,7,13,6,7,8,2,6,7,1,6,4,1,3,1,0,1,0,0,0,7,7,3,2,2,0,0,0,0,4,4,0,0,7,0,3,0
55402633,0,,,105,52,53,3,1,2,102,51,51,56,32,24,102,51,51,102,51,51,46,19,27,30,11,19,17,8,9,1,0,1,0,0,0,46,46,13,18,6,7,2,0,0,32,25,7,0,32,0,11,7
55402642,0,,,17,8,9,0,0,0,17,8,9,6,2,4,17,8,9,17,8,9,11,6,5,7,4,3,2,1,1,0,0,0,0,0,0,10,10,5,3,2,0,0,0,0,5,5,0,0,8,0,3,2
55402643,0,,,38,21,17,2,1,1,36,20,16,20,12,8,34,18,16,34,18,16,16,8,8,9,5,4,1,1,0,0,0,0,0,0,0,17,17,5,7,2,2,1,0,0,12,9,3,0,10,0,3,3
55402650,0,,,48,26,22,0,0,0,48,26,22,22,12,10,47,25,22,45,24,21,26,14,12,18,10,8,2,0,2,0,0,0,0,0,0,22,22,6,11,2,1,2,0,0,16,13,3,0,18,0,5,6
55402651,0,,,19,9,10,3,0,3,16,9,7,7,5,2,16,9,7,16,9,7,9,4,5,5,2,3,1,0,1,0,0,0,0,0,0,6,6,1,2,1,1,0,0,1,5,3,2,0,6,0,1,2
55402652,0,,,665,318,347,75,38,37,590,280,310,404,188,216,569,270,299,559,264,295,186,92,94,94,47,47,25,11,14,2,2,0,7,1,6,278,278,83,89,48,37,14,7,0,193,167,26,23,120,10,32,40
55402653,0,,,813,382,431,63,34,29,750,348,402,426,209,217,729,335,394,717,330,387,324,139,185,185,72,113,65,18,47,9,2,7,2,0,2,356,355,112,123,64,37,14,4,1,241,196,45,20,217,4,60,52
55402660,0,,,1278,633,645,186,94,92,1092,539,553,684,355,329,1053,518,535,1037,511,526,408,184,224,191,70,121,59,19,40,3,0,3,5,1,4,563,563,223,145,82,65,33,12,3,337,280,57,60,303,11,126,64
55402661,0,,,1300,634,666,128,62,66,1172,572,600,714,368,346,1135,555,580,1111,546,565,458,204,254,231,91,140,65,17,48,3,0,3,1,0,1,536,536,150,161,115,81,19,9,1,384,316,68,33,323,7,92,82
55402662,0,,,1432,669,763,144,68,76,1288,601,687,779,386,393,1246,569,677,1225,561,664,509,215,294,261,101,160,75,24,51,5,1,4,35,1,34,604,603,195,175,128,69,19,11,6,406,345,61,36,342,32,103,91
55402663,0,,,622,299,323,92,48,44,530,251,279,322,155,167,515,244,271,505,239,266,208,96,112,101,45,56,29,11,18,1,0,1,0,0,0,252,252,69,86,43,27,20,6,1,183,155,28,32,138,2,36,41
55402670,0,,,2218,1074,1144,258,121,137,1960,953,1007,1249,622,627,1882,909,973,1838,882,956,711,331,380,366,160,206,126,53,73,6,2,4,10,5,5,870,870,213,294,159,117,61,19,7,652,544,108,68,478,15,123,136
55402671,0,,,1026,503,523,117,58,59,909,445,464,579,294,285,881,431,450,871,427,444,330,151,179,167,74,93,58,18,40,4,0,4,4,1,3,422,422,113,148,72,58,19,11,1,304,258,46,43,212,6,46,65
55402672,0,,,933,485,448,85,43,42,848,442,406,572,330,242,833,436,397,824,433,391,276,112,164,148,60,88,46,14,32,4,0,4,12,4,8,464,463,218,125,56,38,20,5,1,243,207,36,28,186,92,47,61
55402673,0,,,1068,526,542,144,81,63,924,445,479,547,279,268,904,431,473,893,427,466,377,166,211,192,76,116,75,25,50,6,3,3,5,2,3,447,446,134,149,76,55,23,7,2,310,256,54,45,245,3,76,62
55402674,0,,,32,19,13,3,2,1,29,17,12,23,14,9,29,17,12,29,17,12,6,3,3,1,0,1,0,0,0,0,0,0,1,1,0,22,22,15,4,3,0,0,0,0,5,5,0,1,5,1,3,0
55402680,0,,,232,116,116,16,8,8,216,108,108,108,58,50,211,105,106,208,103,105,108,50,58,55,23,32,18,7,11,2,0,2,0,0,0,93,93,20,40,15,9,4,4,1,73,56,17,3,69,0,13,20
55402681,0,,,406,192,214,52,25,27,354,167,187,213,104,109,342,163,179,337,163,174,141,63,78,76,32,44,22,9,13,0,0,0,0,0,0,153,153,31,51,30,27,10,3,1,120,95,25,11,95,2,20,28
55402682,0,,,1510,694,816,152,79,73,1358,615,743,744,394,350,1329,598,731,1308,586,722,614,221,393,367,105,262,186,36,150,36,3,33,5,2,3,575,571,190,167,109,65,26,11,3,375,322,53,45,293,18,92,70
55402683,0,,,2279,1141,1138,325,173,152,1954,968,986,1416,736,680,1865,919,946,1833,901,932,538,232,306,271,111,160,67,24,43,6,0,6,4,3,1,959,959,307,258,196,143,40,11,4,642,566,76,105,369,35,105,100
55402684,0,,,289,154,135,37,17,20,252,137,115,183,108,75,248,136,112,237,125,112,69,29,40,39,14,25,17,6,11,0,0,0,2,1,1,122,122,43,25,30,15,8,1,0,79,62,17,18,48,22,10,9
55402690,0,,,14,9,5,0,0,0,14,9,5,6,3,3,14,9,5,14,9,5,8,6,2,5,3,2,1,1,0,0,0,0,0,0,0,10,10,6,4,0,0,0,0,0,4,4,0,0,6,0,4,2
55402691,0,,,1017,515,502,111,60,51,906,455,451,561,298,263,880,437,443,862,428,434,345,157,188,201,78,123,85,25,60,16,2,14,4,4,0,404,401,119,132,75,47,17,6,5,279,243,36,34,197,14,46,60
55402692,0,,,1983,976,1007,262,123,139,1721,853,868,1124,572,552,1664,827,837,1642,816,826,597,281,316,288,129,159,64,27,37,8,3,5,24,11,13,860,860,288,253,158,109,38,9,5,564,502,62,79,413,26,136,119
55402693,0,,,1462,712,750,163,79,84,1299,633,666,826,423,403,1262,617,645,1238,607,631,473,210,263,273,112,161,98,32,66,7,2,5,10,2,8,627,624,208,187,125,71,19,8,6,409,353,56,46,313,13,100,73
55402694,0,,,1951,1015,936,265,146,119,1668,860,808,1190,639,551,1610,822,788,1581,808,773,478,221,257,266,111,155,61,24,37,4,2,2,6,4,2,862,862,323,222,152,119,32,9,5,530,463,67,87,344,22,120,84
55402695,0,,,14,7,7,0,0,0,14,7,7,8,3,5,14,7,7,14,7,7,6,4,2,3,2,1,0,0,0,0,0,0,1,0,1,6,6,0,4,2,0,0,0,0,6,5,1,0,4,0,0,3
55402696,1,,55402697,252,118,134,18,7,11,238,114,124,141,70,71,230,111,119,229,110,119,97,44,53,48,16,32,24,8,16,0,0,0,0,0,0,86,86,14,23,26,14,6,3,2,74,48,26,5,61,1,8,10
55402697,2,55402696,,4,3,1,*,*,*,*,*,*,*,*,*,*,*,*,*,*,*,*,*,*,*,*,*,*,*,*,*,*,*,*,*,*,2,2,*,*,*,*,*,*,*,*,*,*,*,*,*,*,*
55403279,0,,,32,17,15,6,4,2,26,13,13,16,9,7,26,13,13,26,13,13,10,4,6,4,0,4,1,0,1,0,0,0,0,0,0,9,9,1,1,4,1,1,0,1,8,4,4,1,7,0,1,0
55403282,1,,55403293,59,29,30,3,0,3,58,31,27,36,22,14,56,29,27,55,29,26,22,9,13,10,3,7,6,1,5,0,0,0,0,0,0,19,19,6,5,4,2,2,0,2,15,7,8,1,14,0,2,2
55403287,0,,,21,11,10,1,0,1,20,11,9,7,5,2,19,10,9,19,10,9,13,6,7,4,1,3,1,0,1,0,0,0,0,0,0,8,8,0,3,5,0,0,0,0,8,6,2,0,6,0,0,2
55403288,0,,,86,41,45,11,4,7,75,37,38,43,22,21,73,36,37,73,36,37,32,15,17,13,5,8,9,2,7,2,0,2,0,0,0,24,24,2,6,4,4,5,2,1,22,11,11,2,19,0,2,2
55403289,0,,,161,94,67,12,8,4,149,86,63,83,54,29,144,85,59,140,81,59,66,32,34,40,20,20,13,3,10,1,0,1,0,0,0,53,53,11,15,9,6,6,4,2,42,25,17,3,39,0,4,9
55403293,2,55403282,,2,2,0,*,*,*,*,*,*,*,*,*,*,*,*,*,*,*,*,*,*,*,*,*,*,*,*,*,*,*,*,*,*,2,2,*,*,*,*,*,*,*,*,*,*,*,*,*,*,*
55403295,0,,,124,67,57,17,12,5,107,55,52,66,37,29,99,48,51,98,47,51,41,18,23,17,7,10,8,2,6,1,0,1,0,0,0,28,28,3,3,6,5,1,5,5,25,8,17,0,21,0,0,3
55403296,0,,,9,5,4,0,0,0,9,5,4,5,3,2,9,5,4,9,5,4,4,2,2,3,1,2,2,1,1,0,0,0,0,0,0,4,4,2,0,1,1,0,0,0,2,1,1,0,3,0,2,0
55403297,0,,,50,24,26,6,2,4,44,22,22,26,16,10,42,20,22,42,20,22,18,6,12,13,4,9,4,1,3,0,0,0,0,0,0,16,16,4,3,3,1,4,0,1,12,4,8,1,12,0,2,2
55403298,0,,,10,6,4,0,0,0,10,6,4,6,4,2,10,6,4,10,6,4,4,2,2,3,2,1,1,1,0,0,0,0,0,0,0,4,4,0,2,2,0,0,0,0,4,4,0,0,2,0,0,1
55403299,0,,,77,38,39,8,4,4,69,34,35,38,20,18,68,33,35,65,32,33,31,14,17,20,7,13,6,2,4,0,0,0,0,0,0,19,19,0,8,2,3,0,3,3,19,8,11,2,16,0,0,3
55403302,0,,,84,43,41,11,5,6,73,38,35,49,26,23,70,36,34,69,35,34,24,12,12,10,5,5,4,1,3,0,0,0,0,0,0,27,27,5,7,4,7,1,1,2,22,13,9,1,17,0,2,2
55403303,0,,,78,36,42,7,2,5,71,34,37,38,19,19,67,34,33,67,34,33,33,15,18,15,6,9,5,1,4,0,0,0,0,0,0,24,24,0,9,6,4,4,1,0,24,12,12,3,20,0,0,5
55403304,0,,,34,13,21,7,2,5,27,11,16,14,7,7,27,11,16,27,11,16,13,4,9,7,1,6,2,0,2,0,0,0,0,0,0,11,11,4,2,1,1,0,2,1,7,2,5,2,10,0,3,2
55403305,0,,,21,12,9,3,3,0,18,9,9,12,5,7,15,8,7,15,8,7,6,4,2,2,1,1,1,1,0,0,0,0,0,0,0,7,7,3,1,0,0,2,1,0,4,2,2,0,5,0,2,1
55403306,1,,55403316,66,30,36,3,0,3,68,33,35,36,17,19,65,31,34,65,31,34,32,16,16,20,9,11,11,5,6,1,0,1,0,0,0,22,22,6,5,5,3,3,1,1,18,6,12,0,23,0,6,3
55403307,0,,,11,5,6,0,0,0,11,5,6,2,1,1,11,5,6,11,5,6,9,4,5,2,1,1,0,0,0,0,0,0,0,0,0,5,5,0,4,1,0,0,0,0,5,5,0,0,5,0,0,3
55403309,2,55403319,,6,3,3,*,*,*,*,*,*,*,*,*,*,*,*,*,*,*,*,*,*,*,*,*,*,*,*,*,*,*,*,*,*,3,3,*,*,*,*,*,*,*,*,*,*,*,*,*,*,*
55403312,0,,,102,52,50,4,2,2,98,50,48,41,23,18,96,48,48,95,47,48,57,27,30,25,10,15,4,1,3,0,0,0,0,0,0,40,40,7,18,6,7,0,1,1,33,23,10,1,34,0,7,10
55403313,0,,,68,39,29,6,5,1,62,34,28,33,20,13,61,33,28,60,33,27,29,14,15,12,5,7,6,2,4,0,0,0,1,0,1,24,24,9,5,0,6,1,1,2,15,4,11,2,20,0,6,2
55403315,0,,,119,64,55,10,4,6,109,60,49,58,33,25,108,59,49,108,59,49,51,27,24,28,14,14,12,6,6,0,0,0,0,0,0,39,39,5,13,9,4,4,3,1,34,20,14,2,29,0,1,6
55403316,2,55403306,,5,3,2,*,*,*,*,*,*,*,*,*,*,*,*,*,*,*,*,*,*,*,*,*,*,*,*,*,*,*,*,*,*,2,2,*,*,*,*,*,*,*,*,*,*,*,*,*,*,*
55403317,0,,,87,52,35,5,3,2,82,49,33,43,25,18,79,47,32,78,46,32,39,24,15,11,6,5,3,2,1,0,0,0,0,0,0,29,29,5,11,5,3,1,1,3,24,16,8,0,26,0,4,5
55403318,2,55403319,,1,1,0,*,*,*,*,*,*,*,*,*,*,*,*,*,*,*,*,*,*,*,*,*,*,*,*,*,*,*,*,*,*,1,1,*,*,*,*,*,*,*,*,*,*,*,*,*,*,*
55403319,1,,55403309;55403318,7,3,4,0,0,0,14,7,7,6,3,3,14,7,7,14,7,7,8,4,4,5,3,2,1,0,1,0,0,0,0,0,0,4,4,4,2,2,0,0,0,0,4,4,0,0,6,0,3,1
55403322,0,,,298,130,168,14,7,7,284,123,161,85,45,40,282,121,161,278,120,158,199,78,121,140,40,100,83,22,61,8,2,6,0,0,0,68,66,15,24,11,9,3,3,1,51,36,15,3,50,0,12,14
55403323,0,,,139,77,62,10,5,5,129,72,57,62,35,27,126,69,57,125,69,56,67,37,30,40,20,20,13,9,4,2,1,1,1,0,1,48,48,6,14,17,6,3,0,2,42,27,15,2,41,0,5,12
55403325,1,,55403334,287,138,149,27,16,11,264,124,140,149,73,76,257,119,138,255,118,137,115,51,64,68,26,42,28,9,19,2,1,1,1,0,1,99,99,19,32,20,16,7,4,3,82,48,34,6,77,0,14,17
55403328,1,,55403329;55403339,10,5,5,0,0,0,15,8,7,5,3,2,14,7,7,14,7,7,10,5,5,6,3,3,2,1,1,0,0,0,0,0,0,4,4,3,2,0,2,0,0,0,4,2,2,0,5,0,1,2
55403329,2,55403328,,3,2,1,*,*,*,*,*,*,*,*,*,*,*,*,*,*,*,*,*,*,*,*,*,*,*,*,*,*,*,*,*,*,2,2,*,*,*,*,*,*,*,*,*,*,*,*,*,*,*
55403332,0,,,204,104,100,23,12,11,181,92,89,123,64,59,176,89,87,174,87,87,58,28,30,39,17,22,13,6,7,1,0,1,0,0,0,70,70,11,22,13,13,9,1,1,59,40,19,6,39,0,6,7
55403333,0,,,431,217,214,59,29,30,367,185,182,236,127,109,352,176,176,345,171,174,131,58,73,48,19,29,15,4,11,4,0,4,8,2,6,172,172,52,51,33,18,8,5,5,118,91,27,16,88,2,25,19
55403334,2,55403325,,4,2,2,*,*,*,*,*,*,*,*,*,*,*,*,*,*,*,*,*,*,*,*,*,*,*,*,*,*,*,*,*,*,2,2,*,*,*,*,*,*,*,*,*,*,*,*,*,*,*
55403335,0,,,176,95,81,14,6,8,162,89,73,95,58,37,160,88,72,158,86,72,67,31,36,33,16,17,19,6,13,2,1,1,0,0,0,63,63,12,23,10,5,10,3,0,51,32,19,4,47,0,9,8
55403336,1,,55403337,40,19,21,2,0,2,42,20,22,20,10,10,39,19,20,38,18,20,22,10,12,11,4,7,6,2,4,1,0,1,0,0,0,14,14,3,4,4,2,0,1,1,12,6,6,1,13,0,2,2
55403337,2,55403336,,4,1,3,*,*,*,*,*,*,*,*,*,*,*,*,*,*,*,*,*,*,*,*,*,*,*,*,*,*,*,*,*,*,1,1,*,*,*,*,*,*,*,*,*,*,*,*,*,*,*
55403338,1,,55403348;55403349,36,21,15,1,1,0,39,23,16,17,10,7,39,23,16,37,22,15,22,13,9,11,5,6,4,1,3,0,0,0,0,0,0,16,16,8,4,5,1,1,0,0,11,9,2,0,16,0,6,2
55403339,2,55403328,,2,1,1,*,*,*,*,*,*,*,*,*,*,*,*,*,*,*,*,*,*,*,*,*,*,*,*,*,*,*,*,*,*,1,1,*,*,*,*,*,*,*,*,*,*,*,*,*,*,*
55403341,0,,,73,37,36,8,4,4,65,33,32,37,17,20,63,32,31,63,32,31,28,16,12,13,5,8,9,3,6,2,0,2,0,0,0,24,24,3,10,3,3,3,0,2,21,13,8,1,17,0,1,3
55403342,0,,,1313,642,671,199,119,80,1110,521,589,717,355,362,1071,502,569,1057,493,564,393,166,227,211,86,125,87,33,54,5,1,4,10,4,6,494,493,129,153,79,72,37,14,9,363,283,80,45,260,12,66,63
55403343,0,,,733,357,376,68,31,37,665,326,339,375,200,175,648,315,333,639,311,328,290,126,164,186,68,118,68,22,46,1,0,1,13,4,9,285,285,80,86,51,35,18,8,7,205,143,62,19,193,11,45,50
55403344,0,,,151,76,75,14,5,9,137,71,66,59,33,26,137,71,66,137,71,66,78,38,40,29,7,22,15,2,13,3,0,3,0,0,0,57,57,14,16,18,3,1,2,3,43,30,13,2,48,0,11,7
55403345,0,,,99,47,52,9,2,7,90,45,45,48,25,23,89,45,44,87,44,43,42,20,22,22,8,14,10,3,7,1,0,1,0,0,0,31,31,1,12,10,3,1,1,3,30,18,12,2,26,0,1,3
55403346,1,,55403347,24,14,10,1,1,0,29,17,12,18,11,7,28,17,11,28,17,11,11,6,5,4,2,2,1,0,1,0,0,0,0,0,0,11,11,5,6,3,1,0,0,0,10,9,1,0,8,0,3,3
55403347,2,55403346,,6,4,2,*,*,*,*,*,*,*,*,*,*,*,*,*,*,*,*,*,*,*,*,*,*,*,*,*,*,*,*,*,*,4,4,*,*,*,*,*,*,*,*,*,*,*,*,*,*,*
55403348,2,55403338,,3,2,1,*,*,*,*,*,*,*,*,*,*,*,*,*,*,*,*,*,*,*,*,*,*,*,*,*,*,*,*,*,*,2,2,*,*,*,*,*,*,*,*,*,*,*,*,*,*,*
55403349,2,55403338,,1,1,0,*,*,*,*,*,*,*,*,*,*,*,*,*,*,*,*,*,*,*,*,*,*,*,*,*,*,*,*,*,*,1,1,*,*,*,*,*,*,*,*,*,*,*,*,*,*,*
55403351,0,,,90,46,44,13,9,4,77,37,40,44,25,19,72,35,37,71,35,36,33,12,21,16,6,10,5,1,4,1,0,1,0,0,0,27,27,5,7,5,2,2,4,2,22,14,8,1,21,0,5,3
55403352,0,,,936,438,498,139,65,74,782,362,420,507,255,252,754,348,406,745,344,401,275,107,168,172,55,117,86,22,64,11,1,10,21,11,10,338,336,119,84,55,51,18,4,5,214,186,28,44,121,17,33,36
55403353,0,,,26,15,11,3,2,1,23,13,10,18,10,8,23,13,10,21,12,9,5,3,2,3,2,1,2,1,1,0,0,0,3,3,0,8,8,3,1,1,0,1,1,1,5,2,3,2,4,0,0,0
55403354,0,,,173,78,95,16,7,9,157,71,86,80,37,43,152,70,82,150,69,81,77,34,43,39,13,26,12,4,8,0,0,0,0,0,0,63,63,11,24,12,7,7,1,1,51,33,18,5,48,0,7,12
55403355,0,,,93,46,47,12,6,6,81,40,41,49,25,24,77,38,39,76,38,38,32,15,17,17,8,9,8,3,5,0,0,0,0,0,0,26,26,2,6,7,4,2,4,1,24,12,12,1,18,0,0,3
55403359,2,55403368,,7,4,3,*,*,*,*,*,*,*,*,*,*,*,*,*,*,*,*,*,*,*,*,*,*,*,*,*,*,*,*,*,*,3,3,*,*,*,*,*,*,*,*,*,*,*,*,*,*,*
55403361,0,,,92,48,44,11,5,6,81,43,38,45,28,17,78,42,36,77,41,36,36,15,21,22,9,13,11,3,8,1,0,1,0,0,0,25,25,6,3,3,3,5,2,3,19,4,15,3,23,0,5,2
55403362,0,,,163,83,80,18,12,6,144,70,74,76,37,39,141,68,73,141,68,73,68,33,35,35,15,20,11,4,7,0,0,0,0,0,0,56,56,10,12,18,9,4,2,1,46,25,21,4,42,0,5,8
55403363,0,,,12,5,7,0,0,0,10,4,6,8,2,6,9,4,5,9,4,5,2,2,0,0,0,0,0,0,0,0,0,0,0,0,0,5,5,1,2,1,1,0,0,0,3,3,0,0,2,0,0,1
55403364,0,,,213,110,103,16,9,7,197,101,96,114,63,51,195,99,96,193,98,95,83,38,45,43,16,27,21,8,13,2,1,1,5,1,4,68,68,5,27,14,12,3,3,4,63,39,24,4,52,0,5,11
55403365,0,,,86,43,43,7,5,2,79,38,41,47,25,22,78,37,41,76,35,41,32,13,19,19,6,13,7,2,5,0,0,0,0,0,0,29,29,5,7,6,7,3,1,0,24,14,10,2,22,0,4,4
55403368,1,,55403359,17,7,10,3,2,1,21,9,12,13,6,7,19,9,10,19,9,10,8,3,5,6,2,4,3,0,3,0,0,0,0,0,0,3,3,1,0,2,0,1,2,0,5,0,5,1,5,0,0,0
55403371,0,,,129,62,67,11,4,7,118,58,60,69,35,34,116,58,58,114,58,56,49,23,26,23,9,14,4,2,2,0,0,0,0,0,0,48,48,15,10,9,8,2,3,1,33,20,13,1,35,0,12,5
55403372,0,,,103,51,52,6,3,3,97,48,49,51,25,26,93,47,46,92,46,46,46,23,23,22,8,14,14,3,11,1,0,1,0,0,0,31,31,5,6,5,7,6,1,1,26,10,16,3,29,0,4,0
55403373,0,,,26,12,14,0,0,0,26,12,14,15,6,9,25,11,14,25,11,14,11,6,5,7,3,4,4,2,2,0,0,0,0,0,0,9,9,2,1,3,2,1,0,0,7,3,4,0,6,0,2,0
55403374,0,,,128,59,69,9,5,4,119,54,65,67,32,35,116,53,63,112,52,60,52,22,30,28,9,19,9,2,7,1,0,1,0,0,0,39,39,2,11,12,6,6,1,1,37,18,19,2,32,0,1,6
55403375,0,,,30,11,19,3,1,2,27,10,17,21,8,13,27,10,17,26,9,17,6,2,4,2,0,2,1,0,1,0,0,0,9,0,9,14,14,9,1,1,2,0,0,1,5,3,2,0,3,3,0,0
55403377,0,,,53,23,30,5,2,3,48,21,27,19,9,10,48,21,27,48,21,27,29,12,17,14,6,8,6,3,3,1,0,1,0,0,0,16,16,2,5,3,2,2,1,1,14,7,7,1,14,0,2,4
55403378,0,,,40,19,21,7,1,6,33,18,15,21,11,10,33,18,15,33,18,15,12,7,5,5,2,3,2,0,2,0,0,0,0,0,0,10,10,0,2,3,3,0,0,2,10,5,5,1,9,0,0,1
55403380,0,,,16,7,9,0,0,0,16,7,9,6,2,4,16,7,9,16,7,9,10,5,5,3,1,2,1,0,1,0,0,0,0,0,0,8,8,3,3,1,1,0,0,0,5,4,1,0,8,0,3,2
55403381,1,,55403392,265,128,137,30,14,16,242,117,125,148,71,77,233,113,120,229,113,116,94,46,48,37,19,18,17,7,10,2,1,1,0,0,0,76,76,10,19,19,12,5,4,9,67,32,35,4,63,0,5,9
55403382,0,,,56,29,27,3,3,0,53,26,27,24,12,12,53,26,27,52,26,26,29,14,15,14,6,8,7,4,3,1,0,1,0,0,0,21,21,5,7,1,7,0,1,0,16,9,7,0,16,0,3,2
55403383,0,,,9,5,4,0,0,0,9,5,4,5,2,3,9,5,4,9,5,4,4,3,1,1,0,1,0,0,0,0,0,0,0,0,0,4,4,1,2,0,1,0,0,0,3,3,0,0,4,0,1,1
55403384,0,,,112,53,59,10,6,4,102,47,55,62,32,30,98,46,52,92,44,48,40,15,25,21,8,13,9,2,7,0,0,0,0,0,0,32,32,4,9,6,6,2,1,4,27,15,12,2,25,0,3,4
55403385,0,,,73,35,38,7,4,3,66,31,35,36,21,15,65,30,35,65,30,35,30,10,20,15,4,11,8,0,8,1,0,1,0,0,0,19,19,2,3,5,3,2,1,3,17,6,11,1,16,0,1,0
55403388,0,,,84,46,38,9,7,2,75,39,36,38,22,16,74,38,36,74,38,36,37,17,20,19,6,13,5,1,4,0,0,0,0,0,0,27,27,4,11,2,4,3,0,3,23,14,9,2,25,0,4,8
55403389,0,,,40,17,23,6,2,4,34,15,19,23,10,13,32,15,17,32,15,17,11,5,6,4,2,2,0,0,0,0,0,0,0,0,0,15,15,5,3,2,2,3,0,0,10,5,5,1,8,0,3,2
55403390,0,,,224,111,113,36,22,14,188,89,99,125,65,60,183,86,97,181,84,97,63,24,39,33,9,24,15,3,12,0,0,0,1,0,1,67,67,8,16,18,11,7,3,4,59,41,18,12,42,0,4,7
55403391,0,,,322,152,170,34,12,22,288,140,148,174,89,85,274,133,141,269,130,139,114,51,63,58,24,34,28,8,20,4,0,4,1,0,1,112,112,33,23,16,22,7,6,5,79,46,33,6,77,3,17,14
55403392,2,55403381,,7,3,4,*,*,*,*,*,*,*,*,*,*,*,*,*,*,*,*,*,*,*,*,*,*,*,*,*,*,*,*,*,*,2,2,*,*,*,*,*,*,*,*,*,*,*,*,*,*,*
55403393,0,,,83,45,38,2,1,1,81,44,37,61,36,25,80,44,36,79,44,35,20,8,12,12,4,8,3,1,2,0,0,0,0,0,0,18,17,1,3,7,1,4,1,0,16,9,7,0,14,0,0,2
55403394,0,,,19,10,9,1,1,0,18,9,9,6,3,3,18,9,9,18,9,9,12,6,6,9,5,4,6,4,2,0,0,0,0,0,0,6,6,0,2,2,1,1,0,0,6,4,2,0,5,0,0,0
55403395,0,,,52,27,25,0,0,0,52,27,25,26,14,12,52,27,25,51,26,25,26,13,13,15,7,8,5,2,3,0,0,0,0,0,0,18,18,4,3,5,4,1,1,0,14,6,8,0,17,0,4,1
55403398,0,,,26,12,14,1,0,1,25,12,13,15,8,7,23,11,12,23,11,12,10,4,6,4,1,3,2,0,2,0,0,0,0,0,0,9,9,2,1,4,1,0,1,0,7,4,3,0,6,0,1,0
55403400,2,55403402,,7,4,3,*,*,*,*,*,*,*,*,*,*,*,*,*,*,*,*,*,*,*,*,*,*,*,*,*,*,*,*,*,*,2,2,*,*,*,*,*,*,*,*,*,*,*,*,*,*,*
55403401,2,55403402,,3,2,1,*,*,*,*,*,*,*,*,*,*,*,*,*,*,*,*,*,*,*,*,*,*,*,*,*,*,*,*,*,*,2,2,*,*,*,*,*,*,*,*,*,*,*,*,*,*,*
55403402,1,,55403400;55403401;55403421;55403430,42,17,25,9,4,5,50,22,28,20,8,12,49,21,28,49,21,28,30,14,16,16,7,9,4,1,3,0,0,0,0,0,0,18,18,6,10,3,2,2,1,0,18,14,4,1,19,0,5,6
55403403,0,,,19,9,10,2,1,1,17,8,9,8,5,3,16,8,8,16,8,8,9,3,6,5,1,4,3,1,2,0,0,0,0,0,0,8,8,4,2,1,0,0,0,1,4,3,1,0,7,0,3,1
55403404,2,55403413,,8,3,5,*,*,*,*,*,*,*,*,*,*,*,*,*,*,*,*,*,*,*,*,*,*,*,*,*,*,*,*,*,*,4,4,*,*,*,*,*,*,*,*,*,*,*,*,*,*,*
55403405,2,55403414,,4,2,2,*,*,*,*,*,*,*,*,*,*,*,*,*,*,*,*,*,*,*,*,*,*,*,*,*,*,*,*,*,*,2,2,*,*,*,*,*,*,*,*,*,*,*,*,*,*,*
55403412,2,55403413,,2,1,1,*,*,*,*,*,*,*,*,*,*,*,*,*,*,*,*,*,*,*,*,*,*,*,*,*,*,*,*,*,*,1,1,*,*,*,*,*,*,*,*,*,*,*,*,*,*,*
55403413,1,,55403404;55403412;55403422,15,8,7,2,1,1,25,13,12,13,7,6,25,13,12,25,13,12,12,6,6,6,2,4,3,1,2,0,0,0,2,1,1,5,5,2,4,3,2,0,0,0,9,6,3,1,9,0,2,1
55403414,1,,55403405;55403415,13,7,6,2,1,1,18,10,8,9,5,4,18,10,8,18,10,8,9,5,4,5,3,2,0,0,0,0,0,0,0,0,0,4,4,0,4,2,0,0,1,0,7,6,1,1,6,0,0,3
55403415,2,55403414,,3,2,1,*,*,*,*,*,*,*,*,*,*,*,*,*,*,*,*,*,*,*,*,*,*,*,*,*,*,*,*,*,*,1,1,*,*,*,*,*,*,*,*,*,*,*,*,*,*,*
55403421,2,55403402,,1,1,0,*,*,*,*,*,*,*,*,*,*,*,*,*,*,*,*,*,*,*,*,*,*,*,*,*,*,*,*,*,*,1,1,*,*,*,*,*,*,*,*,*,*,*,*,*,*,*
55403422,2,55403413,,2,2,0,*,*,*,*,*,*,*,*,*,*,*,*,*,*,*,*,*,*,*,*,*,*,*,*,*,*,*,*,*,*,1,1,*,*,*,*,*,*,*,*,*,*,*,*,*,*,*
55403423,1,,55403433,29,13,16,5,2,3,28,13,15,17,8,9,28,13,15,28,13,15,11,5,6,7,2,5,2,0,2,0,0,0,0,0,0,9,9,3,5,1,1,0,1,1,9,6,3,1,9,0,3,2
55403424,2,55403425,,8,4,4,*,*,*,*,*,*,*,*,*,*,*,*,*,*,*,*,*,*,*,*,*,*,*,*,*,*,*,*,*,*,2,2,*,*,*,*,*,*,*,*,*,*,*,*,*,*,*
55403425,1,,55403424;55403427,18,8,10,2,0,2,29,16,13,17,10,7,29,16,13,28,15,13,12,6,6,5,3,2,2,1,1,0,0,0,0,0,0,7,7,3,3,1,0,1,0,2,7,3,4,0,9,0,3,3
55403427,2,55403425,,5,4,1,*,*,*,*,*,*,*,*,*,*,*,*,*,*,*,*,*,*,*,*,*,*,*,*,*,*,*,*,*,*,1,1,*,*,*,*,*,*,*,*,*,*,*,*,*,*,*
55403430,2,55403402,,6,2,4,*,*,*,*,*,*,*,*,*,*,*,*,*,*,*,*,*,*,*,*,*,*,*,*,*,*,*,*,*,*,1,1,*,*,*,*,*,*,*,*,*,*,*,*,*,*,*
55403431,2,55403442,,6,3,3,*,*,*,*,*,*,*,*,*,*,*,*,*,*,*,*,*,*,*,*,*,*,*,*,*,*,*,*,*,*,3,3,*,*,*,*,*,*,*,*,*,*,*,*,*,*,*
55403433,2,55403423,,4,2,2,*,*,*,*,*,*,*,*,*,*,*,*,*,*,*,*,*,*,*,*,*,*,*,*,*,*,*,*,*,*,3,3,*,*,*,*,*,*,*,*,*,*,*,*,*,*,*
55403434,2,55403444,,14,8,6,*,*,*,*,*,*,*,*,*,*,*,*,*,*,*,*,*,*,*,*,*,*,*,*,*,*,*,*,*,*,3,3,*,*,*,*,*,*,*,*,*,*,*,*,*,*,*
55403435,2,55403444,,1,0,1,*,*,*,*,*,*,*,*,*,*,*,*,*,*,*,*,*,*,*,*,*,*,*,*,*,*,*,*,*,*,1,1,*,*,*,*,*,*,*,*,*,*,*,*,*,*,*
55403442,1,,55403431;55403451,9,4,5,0,0,0,18,8,10,12,5,7,16,8,8,15,7,8,6,3,3,5,2,3,2,1,1,0,0,0,0,0,0,3,3,1,3,1,2,0,0,0,6,5,1,0,4,0,0,2
55403443,0,,,21,9,12,0,0,0,21,9,12,10,5,5,21,9,12,20,9,11,11,4,7,6,2,4,3,1,2,1,1,0,0,0,0,10,10,4,2,3,1,0,0,0,6,5,1,0,8,0,3,0
55403444,1,,55403434;55403435,19,10,9,3,2,1,31,16,15,18,10,8,28,15,13,27,14,13,13,6,7,7,4,3,3,1,2,0,0,0,0,0,0,4,4,1,1,1,0,3,1,1,7,2,5,0,7,0,1,1
55403445,1,,55403446,23,11,12,0,0,0,26,12,14,12,6,6,25,12,13,25,12,13,14,6,8,10,3,7,6,1,5,1,0,1,0,0,0,8,8,2,0,4,3,0,0,0,7,1,6,0,9,0,2,0
55403446,2,55403445,,3,1,2,*,*,*,*,*,*,*,*,*,*,*,*,*,*,*,*,*,*,*,*,*,*,*,*,*,*,*,*,*,*,1,1,*,*,*,*,*,*,*,*,*,*,*,*,*,*,*
55403447,2,55403457,,10,5,5,*,*,*,*,*,*,*,*,*,*,*,*,*,*,*,*,*,*,*,*,*,*,*,*,*,*,*,*,*,*,3,3,*,*,*,*,*,*,*,*,*,*,*,*,*,*,*
55403451,2,55403442,,3,1,2,*,*,*,*,*,*,*,*,*,*,*,*,*,*,*,*,*,*,*,*,*,*,*,*,*,*,*,*,*,*,1,1,*,*,*,*,*,*,*,*,*,*,*,*,*,*,*
55403452,2,55403462,,4,2,2,*,*,*,*,*,*,*,*,*,*,*,*,*,*,*,*,*,*,*,*,*,*,*,*,*,*,*,*,*,*,2,2,*,*,*,*,*,*,*,*,*,*,*,*,*,*,*
55403453,1,,55403454,10,4,6,0,0,0,16,7,9,4,1,3,16,7,9,16,7,9,12,6,6,4,1,3,2,1,1,0,0,0,0,0,0,6,6,2,4,2,0,0,0,0,6,5,1,0,8,0,2,3
55403454,2,55403453,,6,3,3,*,*,*,*,*,*,*,*,*,*,*,*,*,*,*,*,*,*,*,*,*,*,*,*,*,*,*,*,*,*,2,2,*,*,*,*,*,*,*,*,*,*,*,*,*,*,*
55403455,1,,55403464;55403465;55403476;55403486,26,11,15,2,1,1,36,17,19,19,10,9,34,16,18,34,16,18,17,7,10,7,3,4,2,0,2,0,0,0,0,0,0,6,6,2,5,2,0,0,1,2,10,6,4,0,11,0,2,3
55403457,1,,55403447;55403459,3,2,1,3,2,1,15,8,7,5,3,2,15,8,7,15,8,7,10,5,5,6,3,3,2,0,2,0,0,0,0,0,0,2,2,2,4,1,0,1,0,0,6,5,1,0,6,0,1,3
55403459,2,55403457,,5,3,2,*,*,*,*,*,*,*,*,*,*,*,*,*,*,*,*,*,*,*,*,*,*,*,*,*,*,*,*,*,*,3,3,*,*,*,*,*,*,*,*,*,*,*,*,*,*,*
55403460,2,55403462,,1,1,0,*,*,*,*,*,*,*,*,*,*,*,*,*,*,*,*,*,*,*,*,*,*,*,*,*,*,*,*,*,*,1,1,*,*,*,*,*,*,*,*,*,*,*,*,*,*,*
55403461,1,,55403470;55403471,11,7,4,0,0,0,14,8,6,8,6,2,14,8,6,14,8,6,6,2,4,3,1,2,1,1,0,1,1,0,0,0,0,5,5,3,2,1,1,0,0,0,4,2,2,0,5,0,3,0
55403462,1,,55403452;55403460,17,9,8,0,0,0,22,12,10,7,6,1,22,12,10,22,12,10,15,6,9,12,3,9,6,1,5,1,0,1,0,0,0,9,9,6,3,2,1,0,0,0,6,4,2,0,11,0,5,1
55403463,0,,,21,9,12,4,1,3,17,8,9,11,7,4,17,8,9,17,8,9,6,1,5,3,0,3,3,0,3,1,0,1,0,0,0,5,5,0,2,0,1,0,1,1,5,1,4,0,5,0,0,0
55403464,2,55403455,,4,2,2,*,*,*,*,*,*,*,*,*,*,*,*,*,*,*,*,*,*,*,*,*,*,*,*,*,*,*,*,*,*,2,2,*,*,*,*,*,*,*,*,*,*,*,*,*,*,*
55403465,2,55403455,,2,1,1,*,*,*,*,*,*,*,*,*,*,*,*,*,*,*,*,*,*,*,*,*,*,*,*,*,*,*,*,*,*,1,1,*,*,*,*,*,*,*,*,*,*,*,*,*,*,*
55403470,2,55403461,,2,1,1,*,*,*,*,*,*,*,*,*,*,*,*,*,*,*,*,*,*,*,*,*,*,*,*,*,*,*,*,*,*,1,1,*,*,*,*,*,*,*,*,*,*,*,*,*,*,*
55403471,2,55403461,,1,0,1,*,*,*,*,*,*,*,*,*,*,*,*,*,*,*,*,*,*,*,*,*,*,*,*,*,*,*,*,*,*,1,1,*,*,*,*,*,*,*,*,*,*,*,*,*,*,*
55403472,2,55403481,,11,3,8,*,*,*,*,*,*,*,*,*,*,*,*,*,*,*,*,*,*,*,*,*,*,*,*,*,*,*,*,*,*,3,3,*,*,*,*,*,*,*,*,*,*,*,*,*,*,*
55403473,1,,55403474;55403475;55403483;55403484;55403485;55403493,13,4,9,1,0,1,35,17,18,18,8,10,34,17,17,33,17,16,17,9,8,8,4,4,4,1,3,0,0,0,0,0,0,4,4,5,4,1,1,2,1,0,9,4,5,1,10,0,2,3
55403474,2,55403473,,1,1,0,*,*,*,*,*,*,*,*,*,*,*,*,*,*,*,*,*,*,*,*,*,*,*,*,*,*,*,*,*,*,1,1,*,*,*,*,*,*,*,*,*,*,*,*,*,*,*
55403475,2,55403473,,5,2,3,*,*,*,*,*,*,*,*,*,*,*,*,*,*,*,*,*,*,*,*,*,*,*,*,*,*,*,*,*,*,1,1,*,*,*,*,*,*,*,*,*,*,*,*,*,*,*
55403476,2,55403455,,2,1,1,*,*,*,*,*,*,*,*,*,*,*,*,*,*,*,*,*,*,*,*,*,*,*,*,*,*,*,*,*,*,1,1,*,*,*,*,*,*,*,*,*,*,*,*,*,*,*
55403478,2,55403489,,1,0,1,*,*,*,*,*,*,*,*,*,*,*,*,*,*,*,*,*,*,*,*,*,*,*,*,*,*,*,*,*,*,1,1,*,*,*,*,*,*,*,*,*,*,*,*,*,*,*
55403479,2,55403489,,3,2,1,*,*,*,*,*,*,*,*,*,*,*,*,*,*,*,*,*,*,*,*,*,*,*,*,*,*,*,*,*,*,2,2,*,*,*,*,*,*,*,*,*,*,*,*,*,*,*
55403481,1,,55403472;55403492,1,1,0,3,0,3,14,6,8,5,2,3,14,6,8,14,6,8,9,4,5,6,3,3,0,0,0,0,0,0,0,0,0,1,1,2,2,1,0,0,0,1,4,2,2,0,6,0,2,2
55403483,2,55403473,,6,3,3,*,*,*,*,*,*,*,*,*,*,*,*,*,*,*,*,*,*,*,*,*,*,*,*,*,*,*,*,*,*,2,2,*,*,*,*,*,*,*,*,*,*,*,*,*,*,*
55403484,2,55403473,,4,3,1,*,*,*,*,*,*,*,*,*,*,*,*,*,*,*,*,*,*,*,*,*,*,*,*,*,*,*,*,*,*,3,3,*,*,*,*,*,*,*,*,*,*,*,*,*,*,*
55403485,2,55403473,,2,1,1,*,*,*,*,*,*,*,*,*,*,*,*,*,*,*,*,*,*,*,*,*,*,*,*,*,*,*,*,*,*,1,1,*,*,*,*,*,*,*,*,*,*,*,*,*,*,*
55403486,2,55403455,,4,3,1,*,*,*,*,*,*,*,*,*,*,*,*,*,*,*,*,*,*,*,*,*,*,*,*,*,*,*,*,*,*,2,2,*,*,*,*,*,*,*,*,*,*,*,*,*,*,*
55403487,2,55403488,,5,3,2,*,*,*,*,*,*,*,*,*,*,*,*,*,*,*,*,*,*,*,*,*,*,*,*,*,*,*,*,*,*,3,3,*,*,*,*,*,*,*,*,*,*,*,*,*,*,*
55403488,1,,55403487;55403496;55403497,14,5,9,2,0,2,24,11,13,10,4,6,24,11,13,24,11,13,14,7,7,4,2,2,1,0,1,0,0,0,0,0,0,4,4,2,5,1,1,0,0,1,8,7,1,0,8,0,2,3
55403489,1,,55403478;55403479;55403498;55403499,22,11,11,2,1,1,32,17,15,11,6,5,32,17,15,32,17,15,21,11,10,11,5,6,3,1,2,0,0,0,0,0,0,10,10,12,6,1,0,0,0,1,8,7,1,0,15,0,9,4
55403490,0,,,8,4,4,0,0,0,8,4,4,0,0,0,8,4,4,8,4,4,8,4,4,4,2,2,1,0,1,0,0,0,0,0,0,4,4,1,2,1,0,0,0,0,3,1,2,0,4,0,1,1
55403491,0,,,16,9,7,0,0,0,16,9,7,7,5,2,16,9,7,16,9,7,9,4,5,4,1,3,2,0,2,0,0,0,0,0,0,8,8,4,2,1,0,1,0,0,4,2,2,0,5,0,1,1
55403492,2,55403481,,5,2,3,*,*,*,*,*,*,*,*,*,*,*,*,*,*,*,*,*,*,*,*,*,*,*,*,*,*,*,*,*,*,2,2,*,*,*,*,*,*,*,*,*,*,*,*,*,*,*
55403493,2,55403473,,5,3,2,*,*,*,*,*,*,*,*,*,*,*,*,*,*,*,*,*,*,*,*,*,*,*,*,*,*,*,*,*,*,2,2,*,*,*,*,*,*,*,*,*,*,*,*,*,*,*
55403494,0,,,15,9,6,0,0,0,15,9,6,8,4,4,15,9,6,15,9,6,7,5,2,2,1,1,2,1,1,1,0,1,0,0,0,7,7,2,2,3,0,0,0,0,5,4,1,0,5,0,1,1
55403496,2,55403488,,4,2,2,*,*,*,*,*,*,*,*,*,*,*,*,*,*,*,*,*,*,*,*,*,*,*,*,*,*,*,*,*,*,1,1,*,*,*,*,*,*,*,*,*,*,*,*,*,*,*
55403497,2,55403488,,3,1,2,*,*,*,*,*,*,*,*,*,*,*,*,*,*,*,*,*,*,*,*,*,*,*,*,*,*,*,*,*,*,2,2,*,*,*,*,*,*,*,*,*,*,*,*,*,*,*
55403498,2,55403489,,1,1,0,*,*,*,*,*,*,*,*,*,*,*,*,*,*,*,*,*,*,*,*,*,*,*,*,*,*,*,*,*,*,1,1,*,*,*,*,*,*,*,*,*,*,*,*,*,*,*
55403499,2,55403489,,7,4,3,*,*,*,*,*,*,*,*,*,*,*,*,*,*,*,*,*,*,*,*,*,*,*,*,*,*,*,*,*,*,6,6,*,*,*,*,*,*,*,*,*,*,*,*,*,*,*
55403502,2,55403515,,7,3,4,*,*,*,*,*,*,*,*,*,*,*,*,*,*,*,*,*,*,*,*,*,*,*,*,*,*,*,*,*,*,3,3,*,*,*,*,*,*,*,*,*,*,*,*,*,*,*
55403505,1,,55403506;55403516,8,4,4,2,1,1,15,7,8,9,5,4,15,7,8,15,7,8,6,2,4,3,1,2,2,0,2,0,0,0,0,0,0,4,4,3,2,2,1,0,0,0,5,3,2,0,5,0,2,1
55403506,2,55403505,,2,0,2,*,*,*,*,*,*,*,*,*,*,*,*,*,*,*,*,*,*,*,*,*,*,*,*,*,*,*,*,*,*,2,2,*,*,*,*,*,*,*,*,*,*,*,*,*,*,*
55403508,0,,,50,26,24,2,2,0,48,24,24,21,11,10,48,24,24,47,23,24,27,13,14,17,7,10,6,3,3,2,2,0,0,0,0,22,22,5,9,5,3,0,0,0,17,13,4,1,18,0,5,6
55403509,0,,,362,184,178,39,23,16,323,161,162,190,102,88,313,156,157,303,153,150,133,59,74,71,27,44,28,13,15,0,0,0,2,0,2,136,136,27,48,28,18,10,2,3,109,87,22,7,88,0,22,25
55403512,2,55403532,,4,2,2,*,*,*,*,*,*,*,*,*,*,*,*,*,*,*,*,*,*,*,*,*,*,*,*,*,*,*,*,*,*,2,2,*,*,*,*,*,*,*,*,*,*,*,*,*,*,*
55403514,2,55403515,,3,1,2,*,*,*,*,*,*,*,*,*,*,*,*,*,*,*,*,*,*,*,*,*,*,*,*,*,*,*,*,*,*,1,1,*,*,*,*,*,*,*,*,*,*,*,*,*,*,*
55403515,1,,55403502;55403514;55403524;55403526,65,35,30,5,2,3,75,40,35,38,20,18,74,39,35,73,39,34,37,20,17,19,5,14,9,3,6,1,0,1,0,0,0,29,29,13,13,3,5,0,2,0,23,17,6,2,27,0,10,4
55403516,2,55403505,,7,4,3,*,*,*,*,*,*,*,*,*,*,*,*,*,*,*,*,*,*,*,*,*,*,*,*,*,*,*,*,*,*,2,2,*,*,*,*,*,*,*,*,*,*,*,*,*,*,*
55403518,0,,,24,13,11,1,0,1,23,13,10,5,2,3,23,13,10,23,13,10,18,11,7,11,7,4,3,2,1,0,0,0,1,0,1,13,13,4,7,2,0,0,0,0,9,7,2,0,12,0,4,5
55403519,0,,,906,453,453,89,45,44,817,408,409,591,302,289,780,391,389,769,389,380,226,106,120,109,49,60,26,9,17,0,0,0,2,1,1,343,343,59,133,64,57,23,5,2,281,247,34,21,158,2,21,53
55403523,2,55403532,,2,1,1,*,*,*,*,*,*,*,*,*,*,*,*,*,*,*,*,*,*,*,*,*,*,*,*,*,*,*,*,*,*,1,1,*,*,*,*,*,*,*,*,*,*,*,*,*,*,*
55403524,2,55403515,,4,3,1,*,*,*,*,*,*,*,*,*,*,*,*,*,*,*,*,*,*,*,*,*,*,*,*,*,*,*,*,*,*,2,2,*,*,*,*,*,*,*,*,*,*,*,*,*,*,*
55403525,0,,,10,5,5,0,0,0,10,5,5,2,1,1,10,5,5,10,5,5,8,4,4,3,1,2,2,1,1,0,0,0,0,0,0,5,5,1,3,1,0,0,0,0,4,3,1,0,5,0,1,2
55403526,2,55403515,,1,0,1,*,*,*,*,*,*,*,*,*,*,*,*,*,*,*,*,*,*,*,*,*,*,*,*,*,*,*,*,*,*,1,1,*,*,*,*,*,*,*,*,*,*,*,*,*,*,*
55403528,0,,,141,76,65,9,5,4,132,71,61,63,34,29,130,70,60,129,69,60,69,37,32,27,12,15,14,7,7,2,1,1,0,0,0,59,59,17,19,13,6,2,1,1,42,29,13,0,43,0,11,7
55403529,0,,,257,129,128,23,12,11,234,117,117,146,75,71,227,111,116,222,109,113,88,42,46,43,21,22,9,4,5,0,0,0,0,0,0,95,95,15,30,25,20,3,2,0,78,66,12,6,57,0,9,17
55403530,0,,,10,6,4,0,0,0,10,6,4,5,4,1,10,6,4,10,6,4,5,2,3,5,2,3,1,0,1,0,0,0,0,0,0,5,5,1,3,1,0,0,0,0,4,4,0,0,3,0,0,1
55403531,1,,55403541,32,13,19,1,0,1,34,13,21,18,7,11,33,13,20,31,13,18,16,6,10,12,4,8,4,1,3,1,0,1,0,0,0,10,10,0,4,4,1,1,1,0,11,6,5,0,11,0,0,3
55403532,1,,55403512;55403523;55403533,46,26,20,2,1,1,53,29,24,27,17,10,51,28,23,51,28,23,26,12,14,10,4,6,3,1,2,0,0,0,0,0,0,16,16,3,8,6,2,2,0,0,18,13,5,0,16,0,3,6
55403533,2,55403532,,3,1,2,*,*,*,*,*,*,*,*,*,*,*,*,*,*,*,*,*,*,*,*,*,*,*,*,*,*,*,*,*,*,2,2,*,*,*,*,*,*,*,*,*,*,*,*,*,*,*
55403534,0,,,17,8,9,0,0,0,17,8,9,11,6,5,16,7,9,16,7,9,6,2,4,5,2,3,3,1,2,0,0,0,0,0,0,10,10,6,2,1,1,0,0,0,4,3,1,0,5,0,2,1
55403535,0,,,61,31,30,4,3,1,57,28,29,19,11,8,57,28,29,57,28,29,38,17,21,20,8,12,10,3,7,1,0,1,0,0,0,24,24,4,11,3,4,2,0,0,20,12,8,0,22,0,3,7
55403536,0,,,10,5,5,0,0,0,10,5,5,4,2,2,9,5,4,9,5,4,6,3,3,1,0,1,0,0,0,0,0,0,0,0,0,5,5,2,2,0,1,0,0,0,3,2,1,0,4,0,1,2
55403537,0,,,40,22,18,1,1,0,39,21,18,25,16,9,39,21,18,39,21,18,14,5,9,7,2,5,4,1,3,0,0,0,0,0,0,15,15,4,2,5,3,1,0,0,11,6,5,0,10,0,1,0
55403538,0,,,11,7,4,2,2,0,9,5,4,3,2,1,9,5,4,9,5,4,6,3,3,3,2,1,3,2,1,0,0,0,1,0,1,6,6,3,2,0,1,0,0,0,3,3,0,1,5,0,3,1
55403539,0,,,12,8,4,2,2,0,10,6,4,7,4,3,10,6,4,10,6,4,3,2,1,2,1,1,1,1,0,0,0,0,0,0,0,4,4,0,2,0,2,0,0,0,4,3,1,1,2,0,0,0
55403541,2,55403531,,3,0,3,*,*,*,*,*,*,*,*,*,*,*,*,*,*,*,*,*,*,*,*,*,*,*,*,*,*,*,*,*,*,1,1,*,*,*,*,*,*,*,*,*,*,*,*,*,*,*
55403542,1,,55403550;55403551,15,7,8,1,0,1,19,9,10,9,4,5,19,9,10,19,9,10,10,5,5,6,2,4,2,1,1,0,0,0,0,0,0,5,5,1,2,2,1,1,0,0,6,3,3,0,6,0,0,2
55403543,1,,55403554,21,10,11,1,0,1,22,11,11,9,4,5,22,11,11,21,11,10,13,7,6,5,3,2,1,1,0,0,0,0,0,0,0,7,7,1,1,5,0,1,0,0,7,5,2,1,7,0,1,1
55403544,0,,,17,7,10,2,0,2,15,7,8,9,4,5,14,6,8,14,6,8,6,3,3,3,2,1,2,1,1,0,0,0,0,0,0,6,6,1,1,3,0,1,0,0,5,3,2,1,4,0,1,1
55403545,0,,,22,13,9,0,0,0,22,13,9,9,5,4,22,13,9,22,13,9,13,8,5,9,5,4,4,3,1,0,0,0,0,0,0,11,11,4,4,2,1,0,0,0,7,6,1,0,10,0,3,2
55403546,0,,,126,58,68,9,2,7,117,56,61,63,36,27,115,56,59,113,54,59,54,20,34,34,12,22,13,5,8,0,0,0,0,0,0,47,47,10,14,12,4,6,1,0,37,22,15,3,38,1,7,2
55403549,0,,,24,12,12,0,0,0,24,12,12,12,6,6,22,11,11,22,11,11,12,6,6,5,2,3,1,0,1,0,0,0,0,0,0,11,11,3,4,3,1,0,0,0,8,7,1,0,9,0,3,3
55403550,2,55403542,,3,1,2,*,*,*,*,*,*,*,*,*,*,*,*,*,*,*,*,*,*,*,*,*,*,*,*,*,*,*,*,*,*,1,1,*,*,*,*,*,*,*,*,*,*,*,*,*,*,*
55403551,2,55403542,,2,1,1,*,*,*,*,*,*,*,*,*,*,*,*,*,*,*,*,*,*,*,*,*,*,*,*,*,*,*,*,*,*,1,1,*,*,*,*,*,*,*,*,*,*,*,*,*,*,*
55403552,0,,,9,5,4,0,0,0,9,5,4,3,2,1,9,5,4,9,5,4,6,3,3,4,2,2,2,1,1,0,0,0,0,0,0,4,4,0,3,1,0,0,0,0,4,4,0,0,3,0,0,3
55403553,0,,,17,10,7,2,2,0,15,8,7,5,4,1,15,8,7,15,8,7,10,4,6,4,2,2,1,1,0,0,0,0,0,0,0,8,8,3,3,1,0,1,0,0,5,4,1,1,7,0,3,2
55403554,2,55403543,,2,1,1,*,*,*,*,*,*,*,*,*,*,*,*,*,*,*,*,*,*,*,*,*,*,*,*,*,*,*,*,*,*,1,1,*,*,*,*,*,*,*,*,*,*,*,*,*,*,*
55403555,0,,,58,30,28,8,6,2,50,24,26,22,10,12,48,24,24,48,24,24,28,14,14,12,7,5,5,1,4,2,0,2,0,0,0,19,19,6,4,3,3,1,0,2,13,8,5,2,15,0,4,2
55403556,0,,,93,45,48,2,1,1,91,44,47,47,25,22,89,43,46,88,43,45,44,19,25,26,11,15,6,2,4,2,0,2,0,0,0,40,40,9,17,7,6,1,0,0,31,25,6,0,31,0,6,10
55403559,0,,,52,27,25,3,1,2,49,26,23,29,16,13,47,24,23,45,22,23,20,10,10,6,3,3,2,1,1,0,0,0,0,0,0,19,19,2,9,3,2,3,0,0,17,14,3,0,14,0,2,4
55403561,1,,55403572,21,14,7,0,0,0,22,14,8,12,11,1,22,14,8,22,14,8,10,3,7,6,2,4,4,1,3,0,0,0,0,0,0,8,8,2,3,3,0,1,0,0,7,4,3,0,8,0,2,0
55403562,0,,,36,18,18,3,1,2,33,17,16,17,10,7,33,17,16,33,17,16,16,7,9,11,3,8,5,2,3,1,0,1,0,0,0,14,14,4,4,2,3,0,1,0,10,5,5,0,11,0,3,1
55403564,0,,,16,9,7,4,3,1,12,6,6,6,4,2,12,6,6,12,6,6,6,2,4,2,0,2,0,0,0,0,0,0,0,0,0,5,5,1,2,1,0,0,0,1,4,2,2,1,4,0,1,1
55403566,0,,,183,91,92,15,9,6,168,82,86,90,48,42,163,79,84,162,78,84,78,34,44,48,18,30,16,4,12,1,0,1,0,0,0,67,67,17,24,6,8,8,2,2,50,30,20,4,52,1,12,13
55403567,2,55403577,,8,3,5,*,*,*,*,*,*,*,*,*,*,*,*,*,*,*,*,*,*,*,*,*,*,*,*,*,*,*,*,*,*,3,3,*,*,*,*,*,*,*,*,*,*,*,*,*,*,*
55403569,0,,,34,23,11,2,2,0,32,21,11,12,8,4,32,21,11,32,21,11,20,13,7,10,7,3,3,2,1,1,1,0,0,0,0,13,13,1,5,5,2,0,0,0,12,7,5,1,10,0,0,2
55403572,2,55403561,,1,0,1,*,*,*,*,*,*,*,*,*,*,*,*,*,*,*,*,*,*,*,*,*,*,*,*,*,*,*,*,*,*,1,1,*,*,*,*,*,*,*,*,*,*,*,*,*,*,*
55403573,2,55403574,,9,6,3,*,*,*,*,*,*,*,*,*,*,*,*,*,*,*,*,*,*,*,*,*,*,*,*,*,*,*,*,*,*,4,4,*,*,*,*,*,*,*,*,*,*,*,*,*,*,*
55403574,1,,55403573;55403584,8,5,3,0,0,0,26,17,9,7,6,1,26,17,9,26,17,9,19,11,8,11,5,6,5,2,3,1,0,1,0,0,0,6,6,5,6,3,0,0,0,0,9,9,0,0,13,0,4,3
55403575,2,55403586,,4,2,2,*,*,*,*,*,*,*,*,*,*,*,*,*,*,*,*,*,*,*,*,*,*,*,*,*,*,*,*,*,*,2,2,*,*,*,*,*,*,*,*,*,*,*,*,*,*,*
55403576,0,,,30,18,12,4,2,2,26,16,10,12,8,4,26,16,10,26,16,10,14,8,6,7,3,4,3,2,1,0,0,0,0,0,0,13,13,3,8,0,1,0,0,1,10,7,3,1,10,0,3,3
55403577,1,,55403567,13,5,8,0,0,0,21,8,13,10,5,5,21,8,13,21,8,13,11,3,8,7,2,5,3,1,2,1,0,1,0,0,0,3,3,1,0,1,3,1,0,0,5,2,3,0,6,0,1,0
55403578,0,,,106,53,53,8,6,2,98,47,51,49,23,26,97,46,51,96,46,50,49,24,25,23,9,14,13,4,9,1,0,1,0,0,0,40,40,9,13,9,4,3,1,1,31,20,11,1,33,0,8,6
55403579,0,,,136,66,70,12,5,7,124,61,63,55,28,27,121,60,61,119,60,59,69,33,36,29,9,20,10,2,8,0,0,0,0,0,0,50,50,3,24,13,5,4,1,0,47,39,8,0,42,0,3,12
55403584,2,55403574,,9,6,3,*,*,*,*,*,*,*,*,*,*,*,*,*,*,*,*,*,*,*,*,*,*,*,*,*,*,*,*,*,*,4,4,*,*,*,*,*,*,*,*,*,*,*,*,*,*,*
55403585,2,55403586,,3,1,2,*,*,*,*,*,*,*,*,*,*,*,*,*,*,*,*,*,*,*,*,*,*,*,*,*,*,*,*,*,*,1,1,*,*,*,*,*,*,*,*,*,*,*,*,*,*,*
55403586,1,,55403575;55403585;55403587;55403595,51,24,27,1,0,1,70,31,39,23,13,10,68,31,37,68,31,37,47,18,29,20,6,14,7,0,7,0,0,0,0,0,0,24,24,8,15,7,3,0,0,0,25,18,7,0,30,0,7,10
55403587,2,55403586,,5,2,3,*,*,*,*,*,*,*,*,*,*,*,*,*,*,*,*,*,*,*,*,*,*,*,*,*,*,*,*,*,*,2,2,*,*,*,*,*,*,*,*,*,*,*,*,*,*,*
55403588,0,,,96,53,43,8,4,4,88,49,39,50,28,22,86,48,38,85,47,38,38,21,17,13,6,7,6,3,3,0,0,0,1,0,1,29,29,1,8,9,5,4,2,0,28,19,9,3,22,0,0,6
55403589,0,,,81,37,44,11,5,6,70,32,38,43,20,23,66,31,35,62,30,32,27,12,15,12,4,8,4,0,4,0,0,0,0,0,0,23,23,5,4,4,4,1,3,2,18,8,10,3,18,0,3,3
55403590,1,,55403591,10,6,4,0,0,0,16,8,8,6,4,2,16,8,8,16,8,8,10,4,6,9,3,6,3,2,1,0,0,0,0,0,0,7,7,6,5,0,0,0,0,0,5,5,0,0,7,0,3,3
55403591,2,55403590,,6,2,4,*,*,*,*,*,*,*,*,*,*,*,*,*,*,*,*,*,*,*,*,*,*,*,*,*,*,*,*,*,*,4,4,*,*,*,*,*,*,*,*,*,*,*,*,*,*,*
55403594,0,,,24,11,13,2,2,0,22,9,13,10,6,4,22,9,13,22,9,13,12,3,9,10,2,8,3,1,2,0,0,0,0,0,0,9,9,2,2,4,0,0,1,0,7,3,4,1,9,0,2,2
55403595,2,55403586,,8,2,6,*,*,*,*,*,*,*,*,*,*,*,*,*,*,*,*,*,*,*,*,*,*,*,*,*,*,*,*,*,*,4,4,*,*,*,*,*,*,*,*,*,*,*,*,*,*,*
55403596,0,,,22,11,11,0,0,0,22,11,11,10,4,6,21,11,10,21,11,10,12,7,5,3,2,1,3,2,1,1,1,0,0,0,0,8,8,1,2,4,0,1,0,0,7,6,1,0,7,0,1,1
55403597,2,55403598,,2,1,1,*,*,*,*,*,*,*,*,*,*,*,*,*,*,*,*,*,*,*,*,*,*,*,*,*,*,*,*,*,*,1,1,*,*,*,*,*,*,*,*,*,*,*,*,*,*,*
55403598,1,,55403597,253,131,122,16,11,5,239,121,118,150,80,70,229,115,114,223,112,111,89,41,48,34,11,23,12,1,11,1,0,1,0,0,0,95,95,22,28,23,12,6,5,0,73,60,13,4,59,0,16,10
55403599,0,,,169,95,74,18,11,7,151,84,67,90,52,38,149,82,67,147,81,66,61,32,29,22,12,10,8,3,5,0,0,0,0,0,0,64,64,18,17,13,9,4,0,3,46,30,16,3,41,0,10,10
55403600,0,,,76,40,36,9,4,5,67,36,31,49,28,21,64,33,31,60,32,28,18,8,10,6,2,4,1,0,1,0,0,0,0,0,0,29,29,7,9,5,4,4,0,0,22,19,3,2,12,1,2,2
55403601,0,,,420,208,212,35,21,14,385,187,198,240,115,125,376,185,191,367,179,188,145,72,73,63,31,32,12,6,6,0,0,0,0,0,0,167,167,37,64,31,22,8,2,3,129,109,20,7,94,4,17,29
55403602,0,,,2795,1392,1403,329,162,167,2466,1230,1236,1640,863,777,2372,1188,1184,2324,1164,1160,826,367,459,401,174,227,93,32,61,7,1,6,17,1,16,1282,1281,499,362,210,146,45,13,6,770,677,93,83,572,65,189,138
55403603,0,,,2661,1310,1351,310,163,147,2351,1147,1204,1460,761,699,2272,1101,1171,2228,1078,1150,891,386,505,499,201,298,138,50,88,12,1,11,14,5,9,1189,1187,458,315,203,136,54,15,6,722,609,113,85,596,48,190,153
55403604,0,,,2543,1266,1277,306,145,161,2203,1103,1100,1512,796,716,2121,1059,1062,2070,1034,1036,691,307,384,363,141,222,136,46,90,10,2,8,16,4,12,1131,1125,444,318,181,119,47,10,6,668,593,75,86,413,33,139,115
55403605,0,,,1270,636,634,115,59,56,1154,577,577,674,357,317,1118,557,561,1096,544,552,480,220,260,272,124,148,65,29,36,4,1,3,5,1,4,515,515,109,202,105,64,26,8,1,404,347,57,25,318,4,69,105
55403606,0,,,42,23,19,1,1,0,41,22,19,27,16,11,40,21,19,40,21,19,14,6,8,9,2,7,5,2,3,0,0,0,0,0,0,17,17,4,4,7,1,1,0,0,13,9,4,0,10,0,2,0
55403607,0,,,85,38,47,5,4,1,80,34,46,47,21,26,77,34,43,76,34,42,33,13,20,16,7,9,8,3,5,0,0,0,0,0,0,31,31,4,13,8,1,3,2,0,27,19,8,0,22,0,4,5
55403608,0,,,42,17,25,1,0,1,41,17,24,23,9,14,41,17,24,41,17,24,18,8,10,6,3,3,2,0,2,0,0,0,0,0,0,19,19,4,9,4,2,0,0,0,15,12,3,0,13,0,4,3
55403610,0,,,544,262,282,63,28,35,481,234,247,307,150,157,464,226,238,445,214,231,174,84,90,82,35,47,24,7,17,2,0,2,2,2,0,191,191,31,66,34,37,12,6,5,157,127,30,13,115,0,19,35
55403611,0,,,187,98,89,21,14,7,166,84,82,95,50,45,161,81,80,160,80,80,71,34,37,33,11,22,18,6,12,0,0,0,0,0,0,71,70,15,22,19,9,1,3,1,55,43,12,2,41,4,5,12
55403612,0,,,857,418,439,125,64,61,732,354,378,484,244,240,707,341,366,700,339,361,248,110,138,116,43,73,33,9,24,4,1,3,2,1,1,335,335,92,96,65,50,19,9,4,240,196,44,28,169,14,42,41
55403613,0,,,1068,499,569,134,73,61,929,424,505,579,298,281,894,407,487,870,394,476,350,126,224,231,77,154,92,19,73,13,0,13,1,1,0,400,398,110,115,75,72,20,4,2,285,248,37,24,195,6,61,49
55403614,0,,,389,192,197,68,34,34,321,158,163,251,128,123,309,153,156,302,146,156,70,30,40,38,13,25,13,3,10,0,0,0,2,0,2,160,160,47,49,23,31,9,1,0,110,96,14,16,52,6,13,12
55403615,0,,,2540,1269,1271,370,199,171,2157,1061,1096,1478,746,732,2083,1018,1065,2020,992,1028,679,315,364,320,148,172,86,40,46,4,1,3,13,6,7,955,954,195,315,196,163,51,25,9,754,667,87,106,443,20,91,159
55403616,0,,,1316,626,690,125,63,62,1191,563,628,670,340,330,1163,547,616,1141,536,605,521,223,298,299,121,178,104,27,77,18,1,17,3,0,3,480,478,84,186,102,67,28,7,4,393,318,75,32,296,3,60,96
55403617,0,,,8,4,4,0,0,0,8,4,4,6,3,3,8,4,4,8,4,4,2,1,1,0,0,0,0,0,0,0,0,0,0,0,0,4,4,1,2,1,0,0,0,0,3,3,0,0,1,0,0,1
55403619,0,,,12,4,8,0,0,0,11,4,7,6,2,4,11,4,7,11,4,7,5,2,3,1,0,1,1,0,1,0,0,0,0,0,0,6,6,2,2,2,0,0,0,0,4,4,0,0,4,0,1,1
55403620,0,,,128,67,61,9,6,3,119,61,58,74,41,33,117,60,57,116,59,57,45,20,25,17,9,8,6,3,3,0,0,0,0,0,0,47,47,7,20,8,7,2,2,1,39,32,7,1,28,0,4,8
55403621,0,,,102,49,53,10,5,5,92,44,48,53,27,26,84,38,46,81,37,44,39,17,22,20,9,11,11,5,6,0,0,0,0,0,0,37,37,8,12,4,7,6,0,0,29,23,6,2,25,1,6,9
55403622,0,,,194,100,94,10,3,7,184,97,87,108,66,42,178,93,85,177,92,85,76,31,45,40,17,23,9,1,8,1,0,1,2,1,1,72,71,25,22,14,7,3,0,0,45,39,6,2,47,3,16,13
55403623,0,,,264,132,132,19,11,8,245,121,124,104,54,50,240,116,124,236,115,121,141,67,74,88,39,49,27,7,20,4,1,3,0,0,0,96,95,29,34,16,6,7,2,1,65,54,11,9,64,0,19,18
55403624,0,,,98,51,47,5,4,1,93,47,46,45,23,22,89,45,44,87,43,44,48,24,24,28,12,16,7,2,5,2,1,1,0,0,0,37,37,6,14,10,3,2,2,0,31,24,7,0,28,0,3,10
55403625,0,,,30,17,13,1,1,0,27,15,12,18,9,9,27,15,12,27,15,12,9,6,3,4,2,2,0,0,0,0,0,0,0,0,0,15,15,6,4,4,1,0,0,0,9,9,0,1,6,0,2,3
55403626,1,,55403627,416,217,199,44,25,19,380,197,183,222,122,100,371,194,177,365,189,176,158,75,83,75,29,46,16,8,8,1,0,1,2,0,2,170,170,44,65,29,18,10,5,2,126,99,27,15,104,0,18,34
55403627,2,55403626,,11,6,5,*,*,*,*,*,*,*,*,*,*,*,*,*,*,*,*,*,*,*,*,*,*,*,*,*,*,*,*,*,*,3,3,*,*,*,*,*,*,*,*,*,*,*,*,*,*,*
55403628,0,,,610,305,305,81,41,40,518,260,258,349,186,163,505,257,248,500,253,247,169,74,95,94,32,62,42,7,35,4,0,4,12,6,6,251,249,76,76,51,32,9,4,1,164,136,28,36,101,11,26,25
55403629,0,,,626,302,324,80,37,43,523,255,268,396,202,194,513,248,265,508,244,264,127,53,74,65,19,46,21,5,16,0,0,0,11,7,4,287,287,122,65,56,27,9,5,3,163,136,27,28,92,19,23,19
55403630,0,,,267,129,138,24,10,14,243,119,124,171,86,85,232,114,118,223,110,113,72,33,39,27,14,13,7,4,3,0,0,0,3,1,2,96,96,18,30,20,15,9,4,0,77,62,15,5,48,0,10,16
55403631,0,,,586,286,300,62,37,25,524,249,275,327,161,166,510,244,266,499,240,259,197,88,109,89,34,55,36,10,26,6,1,5,0,0,0,215,214,45,76,41,29,13,6,4,166,131,35,17,117,1,24,35
55403633,0,,,90,42,48,15,8,7,75,34,41,50,24,26,72,33,39,71,33,38,25,10,15,13,6,7,3,2,1,0,0,0,0,0,0,26,26,4,6,5,3,3,3,2,22,15,7,4,16,1,2,3
55403635,1,,55403636,43,23,20,7,5,2,40,21,19,26,14,12,40,21,19,40,21,19,14,7,7,10,4,6,2,0,2,0,0,0,0,0,0,13,13,3,3,4,2,1,1,1,12,6,6,1,8,0,0,3
55403636,2,55403635,,4,3,1,*,*,*,*,*,*,*,*,*,*,*,*,*,*,*,*,*,*,*,*,*,*,*,*,*,*,*,*,*,*,2,2,*,*,*,*,*,*,*,*,*,*,*,*,*,*,*
55403637,0,,,3149,1589,1560,846,452,394,2231,1104,1127,1941,978,963,2088,1031,1057,2041,1007,1034,290,126,164,139,54,85,56,13,43,4,0,4,11,5,6,1008,1006,168,196,208,296,101,31,6,817,742,75,191,155,23,12,42
55403638,0,,,2594,1253,1341,447,220,227,2051,986,1065,1524,756,768,1968,944,1024,1930,926,1004,527,230,297,254,102,152,82,22,60,3,0,3,23,9,14,1059,1057,338,285,190,158,59,18,9,703,614,89,135,347,39,79,107
55403639,0,,,348,142,206,30,10,20,314,130,184,159,76,83,306,124,182,300,121,179,155,54,101,103,29,74,52,13,39,9,2,7,1,0,1,142,140,49,50,20,17,3,1,0,87,71,16,8,73,1,28,17
55403640,0,,,409,215,194,44,28,16,365,187,178,242,129,113,346,177,169,339,171,168,123,58,65,57,26,31,27,11,16,0,0,0,0,0,0,149,149,29,45,31,30,9,4,1,120,99,21,9,79,0,17,23
55403641,0,,,511,267,244,55,30,25,455,236,219,257,137,120,447,231,216,443,228,215,198,99,99,70,27,43,26,11,15,2,1,1,0,0,0,211,211,47,79,50,26,5,2,2,163,140,23,14,127,0,27,45
55403643,0,,,46,21,25,2,2,0,44,19,25,24,11,13,42,19,23,39,17,22,20,8,12,8,4,4,4,1,3,0,0,0,0,0,0,18,18,5,5,4,2,1,1,0,13,10,3,0,12,0,3,3
55403644,0,,,21,10,11,1,1,0,20,9,11,13,7,6,19,9,10,19,9,10,7,2,5,4,1,3,3,1,2,0,0,0,0,0,0,6,6,1,2,0,0,2,1,0,5,4,1,0,3,0,1,0
55403645,0,,,46,21,25,2,1,1,44,20,24,22,13,9,44,20,24,44,20,24,22,7,15,12,4,8,3,0,3,1,0,1,0,0,0,15,15,3,3,3,3,2,1,0,12,6,6,1,15,0,3,1
55403646,0,,,166,82,84,21,12,9,145,70,75,81,40,41,143,68,75,141,68,73,64,30,34,27,9,18,8,1,7,0,0,0,1,0,1,60,60,13,19,10,9,5,4,0,47,32,15,3,43,0,10,11
55403647,0,,,1989,994,995,265,145,120,1665,814,851,1187,592,595,1615,792,823,1585,782,803,478,222,256,223,90,133,70,24,46,9,2,7,9,5,4,874,874,312,256,138,116,30,17,5,544,458,86,84,328,45,87,89
55403648,0,,,4179,2051,2128,439,227,212,3578,1749,1829,2311,1209,1102,3483,1709,1774,3417,1681,1736,1267,540,727,636,238,398,206,54,152,15,3,12,38,17,21,1790,1787,620,535,343,200,63,20,6,1140,970,170,138,776,75,198,217
55403649,0,,,2765,1363,1402,366,182,184,2318,1143,1175,1570,820,750,2253,1103,1150,2225,1088,1137,748,323,425,410,157,253,148,46,102,8,2,6,50,13,37,1216,1213,463,319,220,131,57,18,5,727,628,99,134,482,93,145,114
55403650,0,,,209,103,106,14,8,6,195,95,100,102,53,49,193,94,99,188,92,96,93,42,51,43,18,25,12,6,6,1,0,1,0,0,0,82,82,17,35,16,3,5,5,1,65,47,18,0,61,0,13,16
55403654,0,,,71,37,34,5,3,2,66,34,32,33,18,15,65,33,32,64,33,31,33,16,17,17,9,8,8,6,2,0,0,0,0,0,0,24,24,2,8,7,4,2,1,0,22,16,6,1,19,0,2,8
55403655,0,,,81,39,42,4,0,4,77,39,38,44,22,22,75,39,36,75,39,36,33,17,16,16,7,9,6,2,4,1,0,1,0,0,0,27,27,2,12,3,5,4,1,0,23,13,10,2,23,0,2,6
55403656,1,,55403666,153,75,78,17,10,7,139,67,72,78,39,39,132,65,67,130,64,66,61,28,33,25,12,13,9,6,3,0,0,0,0,0,0,56,56,12,16,14,8,4,3,0,45,36,9,3,37,0,9,13
55403657,0,,,1366,680,686,211,112,99,1120,550,570,881,438,443,1067,522,545,1045,511,534,239,112,127,86,34,52,32,10,22,2,2,0,34,12,22,603,603,218,168,108,76,21,6,6,375,331,44,76,168,36,37,43
55403658,0,,,4688,2306,2382,636,329,307,3972,1942,2030,2826,1422,1404,3813,1860,1953,3721,1809,1912,1146,520,626,488,205,283,123,41,82,5,1,4,30,17,13,1849,1847,445,602,368,297,91,37,7,1389,1186,203,167,774,43,152,240
55403659,0,,,2119,1046,1073,443,223,220,1595,780,815,1283,642,641,1496,734,762,1452,709,743,312,138,174,136,53,83,48,16,32,2,1,1,4,0,4,715,715,123,191,145,151,69,26,10,570,487,83,111,202,16,32,66
55403660,0,,,39,19,20,1,0,1,38,19,19,19,9,10,37,19,18,36,18,18,19,10,9,14,7,7,3,2,1,0,0,0,0,0,0,13,13,2,4,4,1,1,0,1,11,8,3,0,11,0,2,3
55403663,0,,,43,23,20,3,1,2,40,22,18,20,9,11,39,21,18,39,21,18,20,13,7,7,3,4,5,2,3,0,0,0,0,0,0,15,15,0,6,6,2,1,0,0,15,11,4,2,12,0,0,4
55403664,0,,,93,43,50,11,5,6,82,38,44,51,24,27,81,37,44,79,36,43,31,14,17,16,4,12,5,1,4,0,0,0,0,0,0,29,29,4,5,10,4,3,3,0,25,17,8,2,19,0,3,1
55403666,2,55403656,,3,2,1,*,*,*,*,*,*,*,*,*,*,*,*,*,*,*,*,*,*,*,*,*,*,*,*,*,*,*,*,*,*,1,1,*,*,*,*,*,*,*,*,*,*,*,*,*,*,*
55403667,0,,,35,12,23,4,1,3,31,11,20,17,5,12,29,11,18,29,11,18,14,6,8,7,2,5,4,2,2,0,0,0,0,0,0,14,14,4,7,1,0,0,1,1,10,8,2,2,11,0,4,3
55403668,0,,,1691,800,891,208,107,101,1473,688,785,1113,555,558,1381,644,737,1325,616,709,360,133,227,179,50,129,78,9,69,16,2,14,1,1,0,558,557,74,176,129,121,39,13,5,476,409,67,39,187,4,29,55
55403669,0,,,857,395,462,108,57,51,696,313,383,415,218,197,677,306,371,664,298,366,281,95,186,152,40,112,97,17,80,22,1,21,6,3,3,338,335,138,81,53,43,14,4,2,186,165,21,43,108,33,28,38
55403670,1,,55403681,32,14,18,5,3,2,31,13,18,19,9,10,30,13,17,30,13,17,12,4,8,6,2,4,2,1,1,0,0,0,0,0,0,11,11,3,3,3,3,0,1,0,10,8,2,2,9,0,3,2
55403671,0,,,17,9,8,1,1,0,16,8,8,7,4,3,16,8,8,15,7,8,9,4,5,4,1,3,3,1,2,0,0,0,0,0,0,8,8,2,3,3,0,0,0,0,6,6,0,1,6,0,2,2
55403673,1,,55403684,74,39,35,7,5,2,69,35,34,37,20,17,67,34,33,64,34,30,32,15,17,19,10,9,1,0,1,0,0,0,0,0,0,26,26,6,9,3,2,7,0,0,21,14,7,2,22,0,4,6
55403674,0,,,46,19,27,5,1,4,41,18,23,21,10,11,40,18,22,40,18,22,20,8,12,10,4,6,4,1,3,0,0,0,0,0,0,20,20,6,7,3,3,1,0,0,14,13,1,2,14,0,5,4
55403676,0,,,20,12,8,1,1,0,19,11,8,13,8,5,19,11,8,18,10,8,6,3,3,4,3,1,2,2,0,0,0,0,0,0,0,9,9,2,3,4,0,0,0,0,7,5,2,0,5,0,0,1
55403677,0,,,348,160,188,52,28,24,296,132,164,179,84,95,289,129,160,286,127,159,117,48,69,65,23,42,21,5,16,1,0,1,0,0,0,124,124,19,47,24,17,10,4,3,103,80,23,15,79,0,14,21
55403678,0,,,905,443,462,125,65,60,778,378,400,466,233,233,750,367,383,738,361,377,312,145,167,133,55,78,34,14,20,2,1,1,7,2,5,337,337,73,105,69,55,21,9,5,262,208,54,34,205,4,49,55
55403679,0,,,168,82,86,20,10,10,146,71,75,91,52,39,144,70,74,141,67,74,55,19,36,29,7,22,10,1,9,0,0,0,0,0,0,62,62,15,19,7,14,4,3,0,45,35,10,8,37,2,6,5
55403680,1,,55403691,48,23,25,0,0,0,54,27,27,37,20,17,51,26,25,48,25,23,17,7,10,8,3,5,0,0,0,0,0,0,0,0,0,18,18,4,7,6,3,0,1,0,17,15,2,0,13,0,3,2
55403681,2,55403670,,4,2,2,*,*,*,*,*,*,*,*,*,*,*,*,*,*,*,*,*,*,*,*,*,*,*,*,*,*,*,*,*,*,2,2,*,*,*,*,*,*,*,*,*,*,*,*,*,*,*
55403683,0,,,36,18,18,4,3,1,32,15,17,17,8,9,28,15,13,27,14,13,15,7,8,6,3,3,3,2,1,0,0,0,0,0,0,12,12,1,5,3,2,0,0,1,11,6,5,0,8,0,1,3
55403684,2,55403673,,2,1,1,*,*,*,*,*,*,*,*,*,*,*,*,*,*,*,*,*,*,*,*,*,*,*,*,*,*,*,*,*,*,1,1,*,*,*,*,*,*,*,*,*,*,*,*,*,*,*
55403685,2,55403695,,8,5,3,*,*,*,*,*,*,*,*,*,*,*,*,*,*,*,*,*,*,*,*,*,*,*,*,*,*,*,*,*,*,3,3,*,*,*,*,*,*,*,*,*,*,*,*,*,*,*
55403686,0,,,104,53,51,10,5,5,94,48,46,46,25,21,90,46,44,89,45,44,48,23,25,22,9,13,12,3,9,2,0,2,0,0,0,38,38,6,15,7,4,5,1,0,32,23,9,3,30,0,4,9
55403687,0,,,1119,534,585,126,53,73,964,469,495,596,308,288,928,449,479,911,440,471,368,161,207,158,64,94,47,20,27,2,1,1,7,5,2,481,481,152,162,80,54,19,7,7,324,270,54,33,238,18,56,77
55403688,0,,,3018,1498,1520,414,237,177,2533,1227,1306,1768,900,868,2419,1161,1258,2376,1139,1237,765,327,438,364,145,219,130,44,86,10,1,9,23,7,16,1266,1264,421,363,231,164,54,22,9,830,736,94,104,499,44,141,140
55403689,0,,,1294,633,661,164,87,77,1103,533,570,760,380,380,1077,517,560,1058,511,547,343,153,190,169,67,102,54,16,38,2,0,2,2,0,2,547,546,167,165,110,66,27,11,0,367,305,62,53,242,22,62,53
55403691,2,55403680,,6,4,2,*,*,*,*,*,*,*,*,*,*,*,*,*,*,*,*,*,*,*,*,*,*,*,*,*,*,*,*,*,*,3,3,*,*,*,*,*,*,*,*,*,*,*,*,*,*,*
55403693,0,,,41,22,19,3,1,2,38,21,17,15,8,7,38,21,17,38,21,17,23,13,10,9,5,4,3,2,1,0,0,0,0,0,0,17,17,4,7,2,3,1,0,0,13,10,3,1,14,0,3,6
55403694,0,,,250,109,141,18,10,8,232,99,133,151,61,90,225,96,129,211,95,116,81,38,43,29,11,18,12,4,8,1,0,1,1,0,1,114,114,53,21,20,9,7,4,0,61,44,17,4,52,28,7,10
55403695,1,,55403685,707,332,375,67,31,36,640,304,336,366,187,179,613,288,325,603,285,318,274,117,157,140,52,88,47,15,32,4,1,3,7,3,4,296,296,99,92,46,34,14,12,2,193,156,37,17,182,6,51,45
55403696,0,,,2179,1044,1135,280,138,142,1884,898,986,1196,590,606,1830,872,958,1799,858,941,688,308,380,278,108,170,70,19,51,2,0,2,6,3,3,859,859,195,296,178,119,49,19,3,655,560,95,74,469,7,111,133
55403697,0,,,4227,2020,2207,474,241,233,3671,1742,1929,2175,1068,1107,3516,1656,1860,3444,1626,1818,1496,674,822,664,283,381,182,62,120,6,1,5,33,15,18,1837,1837,614,585,316,192,74,38,18,1210,1024,186,127,1034,27,325,300
55403698,0,,,3241,1564,1677,521,265,256,2615,1254,1361,1943,965,978,2527,1205,1322,2463,1165,1298,672,289,383,322,120,202,110,34,76,9,3,6,21,12,9,1379,1378,460,403,239,179,70,16,11,899,795,104,151,469,59,133,117
55403699,0,,,27,15,12,3,2,1,23,12,11,9,4,5,23,12,11,23,12,11,14,8,6,6,3,3,3,2,1,0,0,0,0,0,0,13,13,5,4,2,2,0,0,0,8,8,0,1,9,0,3,3
55403723,0,,,93,40,53,5,2,3,87,38,49,51,25,26,84,37,47,82,35,47,36,13,23,23,10,13,10,2,8,1,0,1,0,0,0,33,33,7,10,5,7,1,3,0,26,19,7,2,23,0,4,5
55403730,0,,,1245,618,627,153,71,82,1032,513,519,668,347,321,1005,499,506,980,486,494,364,166,198,175,67,108,41,14,27,5,1,4,6,3,3,583,583,262,151,65,62,27,11,5,309,252,57,41,269,11,105,57
55403731,0,,,827,418,409,92,47,45,703,354,349,459,241,218,686,349,337,679,346,333,244,113,131,119,48,71,30,11,19,2,0,2,1,1,0,386,386,170,99,57,33,14,7,6,210,168,42,34,168,25,52,38
55403732,0,,,1613,798,815,110,52,58,1437,713,724,818,451,367,1415,698,717,1399,690,709,619,262,357,369,148,221,110,35,75,8,1,7,16,7,9,767,766,323,235,104,57,33,11,3,434,354,80,34,428,27,135,100
55403733,0,,,2063,1029,1034,211,117,94,1819,893,926,1117,597,520,1781,869,912,1751,850,901,702,296,406,370,137,233,128,36,92,4,0,4,20,6,14,886,886,288,277,153,105,42,15,6,582,454,128,60,496,23,126,124
55403734,0,,,1109,575,534,127,70,57,941,479,462,618,323,295,910,462,448,889,450,439,323,156,167,160,74,86,33,11,22,2,0,2,7,5,2,518,517,212,146,83,53,13,6,4,297,254,43,52,225,19,78,57
55403740,0,,,3966,1951,2015,492,254,238,3355,1645,1710,2341,1225,1116,3256,1596,1660,3195,1563,1632,1014,420,594,495,169,326,179,41,138,17,2,15,11,2,9,1702,1701,601,468,318,213,71,23,7,1068,934,134,182,669,71,188,153
55403741,0,,,5628,2714,2914,744,373,371,4712,2262,2450,3314,1688,1626,4552,2191,2361,4469,2146,2323,1398,574,824,707,262,445,258,72,186,16,1,15,48,22,26,2450,2448,898,652,453,285,105,36,19,1506,1282,224,218,965,88,309,215
55403742,0,,,4791,2369,2422,641,330,311,4000,1968,2032,2709,1427,1282,3866,1896,1970,3793,1860,1933,1291,541,750,670,248,422,228,60,168,16,3,13,34,23,11,2088,2086,781,554,353,257,107,28,6,1263,1080,183,183,865,79,267,209
55403743,0,,,565,285,280,76,32,44,478,247,231,336,175,161,459,236,223,451,230,221,142,72,70,70,35,35,15,8,7,1,0,1,2,2,0,247,247,87,73,42,28,10,5,2,157,133,24,25,101,9,26,28
55403744,0,,,809,382,427,72,38,34,728,340,388,370,187,183,713,333,380,707,331,376,358,153,205,191,74,117,59,22,37,3,0,3,7,4,3,376,376,148,114,59,34,11,5,5,226,175,51,21,257,2,95,55
55403745,0,,,483,229,254,31,17,14,449,211,238,260,136,124,440,207,233,433,201,232,189,75,114,108,39,69,47,12,35,4,0,4,12,3,9,210,209,67,68,42,19,9,4,0,141,109,32,9,117,7,31,31
55403750,0,,,875,432,443,93,48,45,723,345,378,492,253,239,704,334,370,691,330,361,231,92,139,128,47,81,67,20,47,5,2,3,4,3,1,417,416,201,86,64,40,19,2,4,206,169,37,33,161,18,67,29
55403751,0,,,4876,2376,2500,655,344,311,4099,1969,2130,2789,1421,1368,3976,1911,2065,3885,1862,2023,1310,548,762,699,264,435,225,65,160,23,6,17,25,12,13,2096,2094,748,590,379,232,114,22,9,1315,1135,180,195,838,96,230,224
55403752,0,,,3700,1811,1889,519,261,258,3105,1510,1595,2205,1122,1083,3002,1461,1541,2947,1429,1518,900,388,512,480,191,289,153,50,103,12,2,10,35,6,29,1577,1574,546,430,309,199,63,17,10,1006,864,142,175,588,77,172,153
55403753,0,,,1041,504,537,77,40,37,953,458,495,635,298,337,921,451,470,898,439,459,318,160,158,132,58,74,37,14,23,1,0,1,0,0,0,384,384,52,146,93,59,24,8,2,327,265,62,14,217,1,28,72
55403754,0,,,1025,508,517,118,59,59,899,446,453,630,329,301,859,422,437,837,409,428,269,117,152,117,44,73,29,11,18,0,0,0,1,0,1,368,368,63,133,70,50,37,10,5,303,248,55,30,186,3,29,55
55403755,0,,,477,234,243,34,18,16,439,214,225,258,137,121,431,209,222,426,206,220,181,77,104,101,37,64,26,9,17,2,0,2,9,7,2,192,192,47,65,40,26,10,2,2,139,106,33,10,126,8,25,32
55403756,0,,,463,229,234,47,25,22,408,201,207,235,119,116,395,192,203,389,191,198,173,82,91,84,36,48,21,12,9,0,0,0,0,0,0,180,180,43,63,33,20,13,6,2,134,104,30,12,120,0,28,31
55403760,0,,,441,214,227,67,35,32,368,176,192,241,122,119,357,172,185,348,166,182,127,54,73,60,23,37,15,4,11,2,1,1,2,0,2,168,168,40,58,26,25,12,3,4,127,103,24,19,87,8,18,28
55403761,0,,,664,348,316,121,53,68,502,275,227,425,231,194,477,261,216,465,256,209,77,44,33,29,16,13,8,4,4,1,1,0,1,0,1,307,307,139,60,48,41,17,2,0,162,150,12,46,54,22,16,12
55403762,0,,,675,309,366,94,44,50,564,258,306,356,184,172,549,251,298,536,244,292,208,74,134,146,45,101,69,15,54,6,1,5,16,8,8,264,262,106,72,35,23,15,6,5,155,138,17,26,96,16,28,19
55403763,0,,,133,67,66,15,5,10,118,62,56,68,34,34,114,59,55,111,57,54,50,28,22,22,11,11,8,3,5,0,0,0,0,0,0,46,46,5,16,14,5,3,2,1,41,33,8,4,31,0,3,8
55403764,0,,,520,242,278,72,31,41,439,206,233,322,154,168,429,200,229,422,197,225,117,52,65,52,16,36,9,3,6,0,0,0,1,0,1,178,178,24,56,40,38,13,4,3,153,125,28,15,81,0,10,20
55403765,0,,,254,118,136,21,11,10,226,103,123,137,65,72,213,99,114,208,95,113,89,38,51,42,12,30,30,4,26,8,0,8,0,0,0,80,79,9,29,21,11,4,4,1,67,57,10,4,36,0,4,13
55403766,0,,,1351,641,710,101,50,51,1243,588,655,656,339,317,1217,574,643,1202,568,634,587,249,338,330,128,202,101,29,72,7,0,7,2,1,1,558,556,159,189,104,61,22,16,5,391,292,99,28,392,0,100,105
55403767,0,,,238,123,115,25,15,10,213,108,105,112,57,55,210,106,104,209,106,103,101,51,50,48,20,28,15,5,10,1,0,1,1,0,1,95,95,25,30,25,6,4,3,2,70,54,16,10,68,0,18,12
55403770,0,,,2184,1045,1139,248,119,129,1891,903,988,1252,623,629,1829,878,951,1800,869,931,639,280,359,335,133,202,113,40,73,10,1,9,20,1,19,880,876,286,257,178,97,35,15,8,575,467,108,82,391,37,91,102
55403771,0,,,3281,1583,1698,397,197,200,2808,1352,1456,2048,1013,1035,2703,1306,1397,2639,1277,1362,760,339,421,338,132,206,99,31,68,5,0,5,23,14,9,1467,1465,554,405,253,163,71,11,8,891,794,97,103,549,58,216,110
55403772,0,,,181,94,87,18,10,8,160,82,78,101,57,44,159,81,78,156,78,78,59,25,34,19,4,15,5,0,5,1,0,1,1,0,1,95,95,42,29,19,3,1,0,1,52,47,5,7,42,3,14,7
55403773,0,,,23,15,8,0,0,0,23,15,8,12,8,4,23,15,8,23,15,8,11,7,4,8,5,3,1,1,0,0,0,0,0,0,0,10,10,5,0,3,1,1,0,0,5,3,2,0,7,0,2,0
55403774,1,,55403775,14,7,7,1,1,0,21,12,9,11,7,4,21,12,9,21,12,9,10,5,5,5,2,3,3,1,2,0,0,0,0,0,0,7,7,1,5,2,0,1,0,0,8,7,1,1,6,0,1,2
55403775,2,55403774,,8,6,2,*,*,*,*,*,*,*,*,*,*,*,*,*,*,*,*,*,*,*,*,*,*,*,*,*,*,*,*,*,*,2,2,*,*,*,*,*,*,*,*,*,*,*,*,*,*,*
55403776,0,,,435,203,232,26,11,15,404,189,215,242,123,119,396,184,212,393,183,210,162,66,96,87,29,58,23,4,19,0,0,0,4,4,0,164,164,36,51,35,24,12,6,0,126,95,31,6,105,3,20,26
55403777,0,,,489,242,247,35,22,13,435,201,234,232,122,110,424,197,227,415,192,223,203,79,124,135,42,93,69,15,54,15,1,14,4,3,1,173,171,45,63,30,24,4,3,2,125,103,22,11,94,5,17,24
55403780,1,,55403790,2173,1050,1123,292,142,150,1850,892,958,1165,591,574,1790,859,931,1754,846,908,685,301,384,352,139,213,111,40,71,8,1,7,10,1,9,896,893,275,256,179,120,43,15,7,615,526,89,80,462,30,134,124
55403781,0,,,1675,794,881,196,99,97,1449,680,769,915,481,434,1409,657,752,1384,647,737,534,199,335,316,98,218,148,34,114,26,4,22,12,6,6,638,634,188,205,115,88,25,8,5,428,369,59,57,264,20,60,76
55403782,1,,55403791,2115,1014,1101,238,130,108,1839,865,974,1104,571,533,1804,846,958,1782,835,947,735,294,441,415,141,274,159,36,123,16,1,15,11,5,6,829,823,303,250,131,92,30,14,7,515,439,76,65,366,32,100,103
55403783,0,,,109,54,55,7,3,4,102,51,51,69,37,32,102,51,51,100,51,49,33,14,19,16,5,11,9,3,6,1,1,0,2,0,2,38,38,4,12,11,7,4,0,0,33,23,10,2,23,0,1,4
55403784,0,,,77,39,38,8,5,3,69,34,35,48,26,22,66,32,34,65,31,34,21,8,13,11,3,8,6,1,5,0,0,0,0,0,0,25,25,3,4,9,6,3,0,0,21,13,8,5,16,0,2,1
55403786,0,,,29,13,16,1,0,1,28,13,15,20,11,9,26,11,15,26,11,15,8,2,6,5,1,4,2,0,2,0,0,0,0,0,0,10,10,3,2,2,1,0,2,0,7,2,5,0,7,0,2,0
55403787,0,,,259,132,127,24,14,10,235,118,117,134,68,66,230,114,116,227,112,115,101,50,51,43,16,27,13,5,8,1,1,0,1,1,0,99,99,17,38,23,11,8,1,1,81,61,20,11,66,1,10,24
55403790,2,55403780,,7,5,2,*,*,*,*,*,*,*,*,*,*,*,*,*,*,*,*,*,*,*,*,*,*,*,*,*,*,*,*,*,*,2,2,*,*,*,*,*,*,*,*,*,*,*,*,*,*,*
55403791,2,55403782,,7,2,5,*,*,*,*,*,*,*,*,*,*,*,*,*,*,*,*,*,*,*,*,*,*,*,*,*,*,*,*,*,*,4,4,*,*,*,*,*,*,*,*,*,*,*,*,*,*,*
55403792,0,,,1299,624,675,133,71,62,1129,536,593,655,344,311,1093,519,574,1075,510,565,474,192,282,280,104,176,109,27,82,13,1,12,5,1,4,481,476,149,142,82,62,27,6,8,320,257,63,40,230,15,60,62
55403793,1,,55403794,229,117,112,13,8,5,220,111,109,142,73,69,218,109,109,215,107,108,78,38,40,30,12,18,11,3,8,3,1,2,0,0,0,98,98,23,41,22,10,4,1,0,77,65,12,6,49,1,8,17
55403794,2,55403793,,8,4,4,*,*,*,*,*,*,*,*,*,*,*,*,*,*,*,*,*,*,*,*,*,*,*,*,*,*,*,*,*,*,3,3,*,*,*,*,*,*,*,*,*,*,*,*,*,*,*
55403796,2,55403797,,7,2,5,*,*,*,*,*,*,*,*,*,*,*,*,*,*,*,*,*,*,*,*,*,*,*,*,*,*,*,*,*,*,4,4,*,*,*,*,*,*,*,*,*,*,*,*,*,*,*
55403797,1,,55403796,662,326,336,100,49,51,568,278,290,347,178,169,557,272,285,546,268,278,221,100,121,128,54,74,29,10,19,4,1,3,4,3,1,278,277,80,107,46,31,11,4,2,199,171,28,38,138,3,40,42
55403798,0,,,20,9,11,5,2,3,15,7,8,9,4,5,15,7,8,15,7,8,6,3,3,3,1,2,0,0,0,0,0,0,0,0,0,8,8,2,2,2,2,0,0,0,6,6,0,1,4,0,1,2
55404137,2,55404147,,6,3,3,*,*,*,*,*,*,*,*,*,*,*,*,*,*,*,*,*,*,*,*,*,*,*,*,*,*,*,*,*,*,2,2,*,*,*,*,*,*,*,*,*,*,*,*,*,*,*
55404146,2,55404147,,1,0,1,*,*,*,*,*,*,*,*,*,*,*,*,*,*,*,*,*,*,*,*,*,*,*,*,*,*,*,*,*,*,1,1,*,*,*,*,*,*,*,*,*,*,*,*,*,*,*
55404147,1,,55404137;55404146,41,22,19,4,2,2,44,23,21,21,12,9,41,21,20,41,21,20,23,11,12,10,4,6,5,1,4,0,0,0,0,0,0,13,13,3,6,2,2,0,2,1,13,9,4,0,14,0,3,4
55404156,1,,55404157;55404167,10,5,5,2,2,0,17,8,9,9,4,5,17,8,9,17,8,9,8,4,4,3,1,2,0,0,0,0,0,0,0,0,0,4,4,2,3,0,0,1,1,0,5,4,1,1,6,0,2,2
55404157,2,55404156,,6,3,3,*,*,*,*,*,*,*,*,*,*,*,*,*,*,*,*,*,*,*,*,*,*,*,*,*,*,*,*,*,*,1,1,*,*,*,*,*,*,*,*,*,*,*,*,*,*,*
55404158,0,,,32,15,17,4,1,3,28,14,14,15,8,7,28,14,14,28,14,14,13,6,7,8,2,6,4,1,3,0,0,0,0,0,0,10,10,3,1,0,3,3,0,0,7,1,6,2,9,0,3,0
55404165,2,55404166,,9,3,6,*,*,*,*,*,*,*,*,*,*,*,*,*,*,*,*,*,*,*,*,*,*,*,*,*,*,*,*,*,*,4,4,*,*,*,*,*,*,*,*,*,*,*,*,*,*,*
55404166,1,,55404165,16,8,8,3,1,2,22,10,12,9,4,5,22,10,12,22,10,12,13,6,7,7,2,5,3,1,2,0,0,0,0,0,0,8,8,5,4,1,1,1,0,0,7,7,0,1,10,0,5,2
55404167,2,55404156,,3,2,1,*,*,*,*,*,*,*,*,*,*,*,*,*,*,*,*,*,*,*,*,*,*,*,*,*,*,*,*,*,*,2,2,*,*,*,*,*,*,*,*,*,*,*,*,*,*,*
55404168,0,,,198,102,96,18,12,6,180,90,90,101,55,46,173,87,86,170,85,85,79,35,44,39,15,24,13,4,9,0,0,0,1,0,1,57,57,7,19,6,7,8,4,6,49,24,25,5,47,0,4,11
55404175,2,55404186,,6,4,2,*,*,*,*,*,*,*,*,*,*,*,*,*,*,*,*,*,*,*,*,*,*,*,*,*,*,*,*,*,*,2,2,*,*,*,*,*,*,*,*,*,*,*,*,*,*,*
55404176,2,55404177,,6,4,2,*,*,*,*,*,*,*,*,*,*,*,*,*,*,*,*,*,*,*,*,*,*,*,*,*,*,*,*,*,*,3,3,*,*,*,*,*,*,*,*,*,*,*,*,*,*,*
55404177,1,,55404176;55404187,13,7,6,1,0,1,27,16,11,12,8,4,26,16,10,26,16,10,15,8,7,2,1,1,1,0,1,0,0,0,0,0,0,7,7,5,2,5,1,0,0,0,8,7,1,1,9,0,3,1
55404178,1,,55404188,66,33,33,6,3,3,71,34,37,40,20,20,69,34,35,67,34,33,31,14,17,11,3,8,5,2,3,0,0,0,0,0,0,20,20,2,7,2,5,4,1,1,20,10,10,2,18,0,1,4
55404179,0,,,81,45,36,10,7,3,71,38,33,47,27,20,68,38,30,68,38,30,24,11,13,9,0,9,6,0,6,1,0,1,0,0,0,25,25,4,6,5,4,3,2,1,21,10,11,2,17,0,2,1
55404184,0,,,15,8,7,0,0,0,15,8,7,7,4,3,15,8,7,14,8,6,8,4,4,5,3,2,3,2,1,0,0,0,0,0,0,6,6,1,2,2,1,0,0,0,5,4,1,0,5,0,1,1
55404185,0,,,13,5,8,2,0,2,11,5,6,9,4,5,10,4,6,10,4,6,2,1,1,1,0,1,0,0,0,0,0,0,0,0,0,4,4,0,0,3,1,0,0,0,4,3,1,0,2,0,0,0
55404186,1,,55404175,11,6,5,0,0,0,17,10,7,10,7,3,17,10,7,17,10,7,7,3,4,5,2,3,4,2,2,0,0,0,0,0,0,4,4,0,3,1,2,0,0,0,6,4,2,0,4,0,0,0
55404187,2,55404177,,9,5,4,*,*,*,*,*,*,*,*,*,*,*,*,*,*,*,*,*,*,*,*,*,*,*,*,*,*,*,*,*,*,3,3,*,*,*,*,*,*,*,*,*,*,*,*,*,*,*
55404188,2,55404178,,11,4,7,*,*,*,*,*,*,*,*,*,*,*,*,*,*,*,*,*,*,*,*,*,*,*,*,*,*,*,*,*,*,2,2,*,*,*,*,*,*,*,*,*,*,*,*,*,*,*
55404189,1,,55404198,89,43,46,6,3,3,88,42,46,47,21,26,86,42,44,86,42,44,41,21,20,23,9,14,9,4,5,0,0,0,0,0,0,26,26,3,7,7,2,7,1,1,25,13,12,2,24,0,3,3
55404193,0,,,25,12,13,6,4,2,19,8,11,10,5,5,18,7,11,18,7,11,9,3,6,4,1,3,1,0,1,1,0,1,1,0,1,7,7,0,3,1,0,2,1,0,7,2,5,2,5,0,0,1
55404194,0,,,137,70,67,21,12,9,116,58,58,78,43,35,111,55,56,108,55,53,38,15,23,27,10,17,13,5,8,2,1,1,0,0,0,36,36,4,6,11,3,4,5,3,32,20,12,2,21,0,2,3
55404195,0,,,211,102,109,23,10,13,187,91,96,114,62,52,183,89,94,181,89,92,73,29,44,36,13,23,10,2,8,2,0,2,0,0,0,68,68,12,20,9,12,8,5,2,56,33,23,8,50,0,8,9
55404196,1,,55404197,25,15,10,3,1,2,27,14,13,19,11,8,27,14,13,25,12,13,8,3,5,5,1,4,3,1,2,0,0,0,0,0,0,7,7,4,2,2,2,1,1,0,7,5,2,1,7,0,4,0
55404197,2,55404196,,8,2,6,*,*,*,*,*,*,*,*,*,*,*,*,*,*,*,*,*,*,*,*,*,*,*,*,*,*,*,*,*,*,5,5,*,*,*,*,*,*,*,*,*,*,*,*,*,*,*
55404198,2,55404189,,5,2,3,*,*,*,*,*,*,*,*,*,*,*,*,*,*,*,*,*,*,*,*,*,*,*,*,*,*,*,*,*,*,2,2,*,*,*,*,*,*,*,*,*,*,*,*,*,*,*
55404205,0,,,111,53,58,14,8,6,97,45,52,62,27,35,88,42,46,85,41,44,35,18,17,14,5,9,7,2,5,0,0,0,1,1,0,32,32,4,7,8,4,3,4,2,28,15,13,0,25,0,3,5
55404206,0,,,32,18,14,2,1,1,30,17,13,15,9,6,30,17,13,29,16,13,15,8,7,9,4,5,4,2,2,0,0,0,0,0,0,11,11,3,2,3,1,1,0,1,8,5,3,0,9,0,2,1
55404209,0,,,116,64,52,11,9,2,105,55,50,62,36,26,104,54,50,102,53,49,43,19,24,24,10,14,11,3,8,2,0,2,0,0,0,32,32,2,10,7,5,3,1,4,30,16,14,4,26,0,2,4
55404216,0,,,86,43,43,5,5,0,81,38,43,49,25,24,79,37,42,77,35,42,32,13,19,16,3,13,3,1,2,0,0,0,0,0,0,24,24,1,5,8,5,1,3,1,23,10,13,1,23,0,1,5
55404217,0,,,125,56,69,15,5,10,110,51,59,58,29,29,105,49,56,101,46,55,52,22,30,24,8,16,14,5,9,0,0,0,0,0,0,34,34,1,11,8,6,2,4,2,33,19,14,2,29,0,1,8
55404218,0,,,23,11,12,1,1,0,22,10,12,11,5,6,22,10,12,21,9,12,11,5,6,4,1,3,2,1,1,0,0,0,0,0,0,8,8,1,1,4,2,0,0,0,7,3,4,0,6,0,0,0
55404219,0,,,35,16,19,5,1,4,30,15,15,21,12,9,30,15,15,30,15,15,9,3,6,7,2,5,4,1,3,0,0,0,0,0,0,9,9,1,2,3,0,0,0,3,8,3,5,2,6,0,0,0
55404227,0,,,67,31,36,7,2,5,60,29,31,34,15,19,56,28,28,55,28,27,26,14,12,15,8,7,2,1,1,0,0,0,0,0,0,15,15,0,4,1,3,3,1,3,15,5,10,1,15,0,0,1
55404228,0,,,151,67,84,13,5,8,138,62,76,76,37,39,130,58,72,130,58,72,62,25,37,32,9,23,15,2,13,3,1,2,0,0,0,47,47,9,7,12,12,3,1,3,38,18,20,2,39,0,7,4
55404232,0,,,27,15,12,6,3,3,21,12,9,11,8,3,21,12,9,21,12,9,10,4,6,4,1,3,1,0,1,0,0,0,0,0,0,7,7,2,0,3,0,0,0,2,5,2,3,2,6,0,2,0
55404238,0,,,74,41,33,12,8,4,62,33,29,40,23,17,57,29,28,55,28,27,22,10,12,8,4,4,4,1,3,0,0,0,0,0,0,18,18,1,1,7,4,1,1,3,16,6,10,1,15,0,1,0
55404239,0,,,364,185,179,38,20,18,324,163,161,209,113,96,314,160,154,308,156,152,115,50,65,53,22,31,16,3,13,1,0,1,2,0,2,141,141,41,39,25,20,7,8,1,99,72,27,12,76,4,16,20
55404242,0,,,30,16,14,0,0,0,30,16,14,14,7,7,30,16,14,30,16,14,16,9,7,9,5,4,2,0,2,0,0,0,0,0,0,13,13,4,5,1,2,1,0,0,8,7,1,0,12,0,3,3
55404244,0,,,20,12,8,2,1,1,18,11,7,9,6,3,17,10,7,17,10,7,9,5,4,3,1,2,1,0,1,0,0,0,0,0,0,8,8,3,0,3,2,0,0,0,5,3,2,1,7,0,3,0
55404245,1,,55404246,21,11,10,0,0,0,30,16,14,15,11,4,29,16,13,28,15,13,15,5,10,6,1,5,1,0,1,0,0,0,0,0,0,8,8,2,4,2,2,0,1,0,9,7,2,0,10,0,2,2
55404246,2,55404245,,9,5,4,*,*,*,*,*,*,*,*,*,*,*,*,*,*,*,*,*,*,*,*,*,*,*,*,*,*,*,*,*,*,3,3,*,*,*,*,*,*,*,*,*,*,*,*,*,*,*
55404247,0,,,67,34,33,10,4,6,57,30,27,31,16,15,54,27,27,52,26,26,26,14,12,12,5,7,10,5,5,0,0,0,1,1,0,15,15,2,2,3,1,2,1,4,12,3,9,3,14,0,2,1
55404248,0,,,31,20,11,2,2,0,29,18,11,18,12,6,28,17,11,28,17,11,11,6,5,2,1,1,2,1,1,0,0,0,0,0,0,12,12,3,2,5,1,1,0,0,9,7,2,0,6,0,1,1
55404249,1,,55404259,264,122,142,45,21,24,221,102,119,139,68,71,213,99,114,208,96,112,82,34,48,37,13,24,16,3,13,0,0,0,1,0,1,102,98,28,32,20,8,9,1,1,71,58,13,1,55,5,14,16
55404252,2,55404253,,6,4,2,*,*,*,*,*,*,*,*,*,*,*,*,*,*,*,*,*,*,*,*,*,*,*,*,*,*,*,*,*,*,2,2,*,*,*,*,*,*,*,*,*,*,*,*,*,*,*
55404253,1,,55404252,278,151,127,39,19,20,240,133,107,149,86,63,224,121,103,214,113,101,91,47,44,36,17,19,11,3,8,0,0,0,1,0,1,93,93,19,31,13,17,6,3,6,72,55,17,9,57,0,8,19
55404254,0,,,98,50,48,4,4,0,94,46,48,57,28,29,92,45,47,91,44,47,37,18,19,9,2,7,6,1,5,2,0,2,2,0,2,33,33,6,8,7,8,2,1,1,27,15,12,1,26,0,5,1
55404255,0,,,30,15,15,4,2,2,26,13,13,15,8,7,25,12,13,25,12,13,11,5,6,4,1,3,0,0,0,0,0,0,0,0,0,9,9,1,2,4,0,0,1,1,8,6,2,2,7,0,1,0
55404256,0,,,68,35,33,4,2,2,64,33,31,34,20,14,62,33,29,62,33,29,30,13,17,15,8,7,5,2,3,1,1,0,0,0,0,23,23,4,9,1,6,0,2,1,19,10,9,1,19,0,2,4
55404258,0,,,48,22,26,3,2,1,45,20,25,27,12,15,44,20,24,43,20,23,18,8,10,11,4,7,1,0,1,0,0,0,0,0,0,13,13,1,3,1,5,1,1,1,12,4,8,0,12,0,0,2
55404259,2,55404249,,2,1,1,*,*,*,*,*,*,*,*,*,*,*,*,*,*,*,*,*,*,*,*,*,*,*,*,*,*,*,*,*,*,1,1,*,*,*,*,*,*,*,*,*,*,*,*,*,*,*
55404261,0,,,25,10,15,3,2,1,22,8,14,14,6,8,20,7,13,20,7,13,8,2,6,4,1,3,2,0,2,0,0,0,0,0,0,7,7,0,0,5,1,0,1,0,7,2,5,1,5,0,0,0
55404262,0,,,79,39,40,6,3,3,73,36,37,54,29,25,70,35,35,69,34,35,19,7,12,7,1,6,4,1,3,0,0,0,0,0,0,24,24,4,4,5,7,1,2,1,20,11,9,1,15,0,2,1
55404263,0,,,884,435,449,124,57,67,760,378,382,483,249,234,730,367,363,720,361,359,277,129,148,142,58,84,50,21,29,2,0,2,5,1,4,308,306,74,84,51,48,21,17,11,230,166,64,29,187,1,49,41
55404264,0,,,380,196,184,46,25,21,334,171,163,218,112,106,327,166,161,322,163,159,116,59,57,49,19,30,16,2,14,4,0,4,4,0,4,119,119,21,34,25,14,6,11,8,98,60,38,11,74,0,10,14
55404265,0,,,207,103,104,27,12,15,180,91,89,107,62,45,175,87,88,172,86,86,73,29,44,37,13,24,19,5,14,1,0,1,0,0,0,71,71,17,16,15,9,9,3,2,54,38,16,7,51,0,13,7
55404266,0,,,104,51,53,13,7,6,91,44,47,50,27,23,90,43,47,86,42,44,41,17,24,22,9,13,6,3,3,1,0,1,0,0,0,26,26,3,3,7,2,4,5,2,23,8,15,5,23,0,1,2
55404267,0,,,252,123,129,41,15,26,211,108,103,127,64,63,202,105,97,200,104,96,84,44,40,31,12,19,21,8,13,1,0,1,1,0,1,67,67,8,16,12,8,5,11,7,59,28,31,9,55,0,6,6
55404268,0,,,206,99,107,15,5,10,191,94,97,112,60,52,183,91,92,176,89,87,79,34,45,38,14,24,10,2,8,3,1,2,0,0,0,66,66,12,17,13,6,12,5,1,54,29,25,4,50,0,8,9
55404269,0,,,476,243,233,91,46,45,385,197,188,285,153,132,361,183,178,354,181,173,100,44,56,44,17,27,16,7,9,1,0,1,1,0,1,140,140,15,33,34,23,19,9,7,125,92,33,21,67,0,10,12
55404270,0,,,88,44,44,7,4,3,81,40,41,47,23,24,81,40,41,81,40,41,34,17,17,15,6,9,8,3,5,1,1,0,0,0,0,23,23,1,5,4,6,3,2,2,22,9,13,5,19,0,0,2
55404271,0,,,144,65,79,14,3,11,130,62,68,80,41,39,125,59,66,124,59,65,50,21,29,32,12,20,15,4,11,1,1,0,0,0,0,44,44,7,11,8,6,7,3,2,37,19,18,3,32,0,6,7
55404272,0,,,390,203,187,50,27,23,340,176,164,206,111,95,331,170,161,327,167,160,134,65,69,59,24,35,23,7,16,2,1,1,0,0,0,123,123,19,36,27,16,8,7,10,104,64,40,7,83,0,13,18
55404273,0,,,461,223,238,67,41,26,394,182,212,238,114,124,383,176,207,376,174,202,156,68,88,83,34,49,32,11,21,0,0,0,2,0,2,150,150,28,37,32,23,16,8,6,120,74,46,17,96,0,17,22
55404274,0,,,228,105,123,40,19,21,188,86,102,133,61,72,180,85,95,173,79,94,55,25,30,28,10,18,13,6,7,1,0,1,1,0,1,71,71,11,15,17,13,8,6,1,60,43,17,8,38,1,7,6
55404275,0,,,146,80,66,12,7,5,134,73,61,81,45,36,130,69,61,128,68,60,53,28,25,32,16,16,16,7,9,0,0,0,0,0,0,44,44,9,10,12,3,3,3,4,35,20,15,4,35,1,6,4
55404276,0,,,43,21,22,3,2,1,40,19,21,25,12,13,40,19,21,40,19,21,15,7,8,8,3,5,4,2,2,0,0,0,0,0,0,10,10,0,2,3,1,0,2,2,10,4,6,1,10,0,0,1
55404277,0,,,135,68,67,24,14,10,111,54,57,69,36,33,108,51,57,105,48,57,42,18,24,14,5,9,9,3,6,2,1,1,0,0,0,30,30,2,5,2,7,2,6,6,28,9,19,7,24,0,1,2
55404278,0,,,33,18,15,1,1,0,32,17,15,17,10,7,31,16,15,30,15,15,15,7,8,8,3,5,5,2,3,0,0,0,0,0,0,10,10,0,3,3,3,0,1,0,10,5,5,0,10,0,0,2
55404279,0,,,58,38,20,7,2,5,51,36,15,46,35,11,48,34,14,47,33,14,5,1,4,1,0,1,1,0,1,0,0,0,12,12,0,30,30,20,2,3,1,3,1,0,10,8,2,1,3,14,0,0
55404280,0,,,27,14,13,3,1,2,24,13,11,13,8,5,23,12,11,23,12,11,11,5,6,5,2,3,1,0,1,0,0,0,0,0,0,11,11,3,3,2,3,0,0,0,8,6,2,0,7,0,2,2
55404281,0,,,275,143,132,28,19,9,247,124,123,165,81,84,240,121,119,236,119,117,82,43,39,41,19,22,9,4,5,1,0,1,0,0,0,105,105,21,39,18,16,9,1,1,83,66,17,9,53,0,10,16
55404282,0,,,148,71,77,8,3,5,140,68,72,91,48,43,134,65,69,130,62,68,49,20,29,29,8,21,13,1,12,0,0,0,5,5,0,56,56,16,14,14,4,3,4,1,40,25,15,4,35,3,7,8
55404283,0,,,101,47,54,17,8,9,84,39,45,50,25,25,79,37,42,78,37,41,34,14,20,15,4,11,4,2,2,0,0,0,0,0,0,25,25,2,5,6,4,2,1,5,23,11,12,4,20,0,1,3
55404284,0,,,152,74,78,12,8,4,140,66,74,73,38,35,136,63,73,135,62,73,67,28,39,38,12,26,18,5,13,4,0,4,1,0,1,43,43,6,6,9,11,7,2,2,37,13,24,1,40,0,6,5
55404285,0,,,88,47,41,3,1,2,85,46,39,42,26,16,84,45,39,83,44,39,43,20,23,26,12,14,10,4,6,1,1,0,0,0,0,28,28,3,8,7,6,2,1,1,25,12,13,0,23,0,1,5
55404286,0,,,120,44,76,2,2,0,118,42,76,14,8,6,118,42,76,118,42,76,104,34,70,93,28,65,73,22,51,19,2,17,0,0,0,10,9,2,1,3,1,1,1,0,7,4,3,0,8,0,2,0
55404287,0,,,140,73,67,19,9,10,121,64,57,73,41,32,119,62,57,116,61,55,48,23,25,23,9,14,12,4,8,2,0,2,0,0,0,34,34,2,9,4,7,2,4,6,32,11,21,4,29,0,1,5
55404288,2,55404289,,2,1,1,*,*,*,*,*,*,*,*,*,*,*,*,*,*,*,*,*,*,*,*,*,*,*,*,*,*,*,*,*,*,1,1,*,*,*,*,*,*,*,*,*,*,*,*,*,*,*
55404289,1,,55404288,363,180,183,54,29,25,311,152,159,190,100,90,297,142,155,290,139,151,121,52,69,50,13,37,24,2,22,1,0,1,1,0,1,93,93,9,16,24,15,6,12,12,84,38,46,12,72,1,7,3
55404290,0,,,109,49,60,17,10,7,92,39,53,55,27,28,90,38,52,88,36,52,37,12,25,23,7,16,5,0,5,1,0,1,0,0,0,35,35,7,8,5,8,4,2,1,28,16,12,1,24,0,3,3
55404291,0,,,92,47,45,12,7,5,80,40,40,45,24,21,77,37,40,77,37,40,35,16,19,17,6,11,5,3,2,0,0,0,0,0,0,31,31,4,12,8,3,3,0,1,26,19,7,1,24,0,3,3
55404292,0,,,178,95,83,13,9,4,165,86,79,98,57,41,162,84,78,160,83,77,67,29,38,37,11,26,19,4,15,1,0,1,5,5,0,62,62,13,17,16,5,5,4,2,48,28,20,3,42,3,6,7
55404294,0,,,37,20,17,2,1,1,35,19,16,22,13,9,34,18,16,33,18,15,13,6,7,7,3,4,4,1,3,0,0,0,0,0,0,10,10,0,3,3,0,2,2,0,10,5,5,0,9,0,0,2
55404295,0,,,53,25,28,4,1,3,49,24,25,27,14,13,49,24,25,48,23,25,22,10,12,11,4,7,8,3,5,0,0,0,0,0,0,16,16,3,4,2,3,2,1,1,13,8,5,2,12,0,3,2
55404297,0,,,144,61,83,17,5,12,127,56,71,66,27,39,123,55,68,119,55,64,61,29,32,24,8,16,11,1,10,1,0,1,1,0,1,41,41,6,10,8,6,3,4,4,35,16,19,3,35,0,5,7
55404298,0,,,76,42,34,11,8,3,65,34,31,45,22,23,62,32,30,61,31,30,20,12,8,9,5,4,3,1,2,0,0,0,0,0,0,20,20,1,7,3,3,1,2,3,19,14,5,2,12,0,1,5
55404300,0,,,33,15,18,3,0,3,30,15,15,17,10,7,28,14,14,27,13,14,13,5,8,7,1,6,3,0,3,1,0,1,0,0,0,8,8,1,1,1,2,0,2,1,7,2,5,0,7,0,1,0
55404301,0,,,372,164,208,37,15,22,332,148,184,208,96,112,317,144,173,310,138,172,124,52,72,61,23,38,25,8,17,1,0,1,1,0,1,129,129,25,37,25,22,12,6,2,103,68,35,10,82,0,17,15
55404303,2,55404314,,8,3,5,*,*,*,*,*,*,*,*,*,*,*,*,*,*,*,*,*,*,*,*,*,*,*,*,*,*,*,*,*,*,3,3,*,*,*,*,*,*,*,*,*,*,*,*,*,*,*
55404304,2,55404314,,5,2,3,*,*,*,*,*,*,*,*,*,*,*,*,*,*,*,*,*,*,*,*,*,*,*,*,*,*,*,*,*,*,2,2,*,*,*,*,*,*,*,*,*,*,*,*,*,*,*
55404307,0,,,9,5,4,0,0,0,9,5,4,6,3,3,9,5,4,9,5,4,3,2,1,0,0,0,0,0,0,0,0,0,0,0,0,4,4,1,1,2,0,0,0,0,3,3,0,0,2,0,0,1
55404308,0,,,14,7,7,0,0,0,14,7,7,10,4,6,14,7,7,14,7,7,4,3,1,2,1,1,1,1,0,0,0,0,0,0,0,4,4,0,1,2,0,0,1,0,4,3,1,0,3,0,0,1
55404309,0,,,36,19,17,3,1,2,33,18,15,14,9,5,32,17,15,31,17,14,19,9,10,5,2,3,3,0,3,0,0,0,0,0,0,16,16,6,6,2,0,0,2,0,10,7,3,0,12,0,3,4
55404310,0,,,32,14,18,6,1,5,26,13,13,18,8,10,26,13,13,26,13,13,8,5,3,7,4,3,1,1,0,0,0,0,0,0,0,6,6,0,1,0,0,3,1,1,6,1,5,2,4,0,0,0
55404311,0,,,175,91,84,14,9,5,161,82,79,93,51,42,158,81,77,156,80,76,68,31,37,36,16,20,17,4,13,0,0,0,1,1,0,56,56,13,12,12,7,4,4,4,42,22,20,5,45,1,9,6
55404314,1,,55404303;55404304;55404315,135,70,65,15,6,9,142,73,69,80,39,41,140,71,69,139,71,68,62,34,28,30,13,17,17,6,11,1,0,1,0,0,0,40,40,5,11,16,6,3,6,1,43,24,19,1,36,0,3,6
55404315,2,55404314,,9,4,5,*,*,*,*,*,*,*,*,*,*,*,*,*,*,*,*,*,*,*,*,*,*,*,*,*,*,*,*,*,*,3,3,*,*,*,*,*,*,*,*,*,*,*,*,*,*,*
55404316,1,,55404325,14,6,8,0,0,0,20,9,11,13,6,7,19,9,10,19,9,10,7,3,4,5,2,3,2,1,1,0,0,0,0,0,0,5,5,1,3,0,0,0,1,1,5,3,2,0,4,0,1,2
55404317,2,55404327,,3,1,2,*,*,*,*,*,*,*,*,*,*,*,*,*,*,*,*,*,*,*,*,*,*,*,*,*,*,*,*,*,*,1,1,*,*,*,*,*,*,*,*,*,*,*,*,*,*,*
55404318,0,,,12,6,6,0,0,0,12,6,6,7,4,3,11,6,5,11,6,5,5,2,3,2,0,2,0,0,0,0,0,0,0,0,0,5,5,1,2,1,1,0,0,0,4,3,1,0,4,0,0,0
55404319,0,,,13,6,7,0,0,0,13,6,7,7,3,4,13,6,7,13,6,7,6,3,3,6,3,3,0,0,0,0,0,0,0,0,0,5,5,0,3,1,1,0,0,0,5,3,2,0,3,0,0,2
55404320,0,,,634,297,337,65,31,34,564,264,300,347,188,159,550,257,293,542,251,291,217,76,141,156,43,113,89,21,68,16,1,15,8,4,4,224,223,73,70,25,28,13,10,4,149,109,40,23,97,20,14,27
55404321,0,,,615,273,342,57,30,27,545,236,309,308,151,157,529,231,298,522,230,292,237,85,152,152,46,106,84,18,66,15,1,14,3,1,2,228,227,81,73,27,19,17,6,4,145,109,36,16,115,2,37,27
55404322,2,55404332,,6,3,3,*,*,*,*,*,*,*,*,*,*,*,*,*,*,*,*,*,*,*,*,*,*,*,*,*,*,*,*,*,*,2,2,*,*,*,*,*,*,*,*,*,*,*,*,*,*,*
55404324,0,,,50,25,25,7,2,5,43,23,20,25,13,12,42,23,19,42,23,19,18,10,8,6,4,2,1,0,1,0,0,0,0,0,0,14,14,1,3,5,3,0,0,2,13,10,3,1,11,0,1,3
55404325,2,55404316,,6,3,3,*,*,*,*,*,*,*,*,*,*,*,*,*,*,*,*,*,*,*,*,*,*,*,*,*,*,*,*,*,*,1,1,*,*,*,*,*,*,*,*,*,*,*,*,*,*,*
55404326,2,55404327,,5,3,2,*,*,*,*,*,*,*,*,*,*,*,*,*,*,*,*,*,*,*,*,*,*,*,*,*,*,*,*,*,*,3,3,*,*,*,*,*,*,*,*,*,*,*,*,*,*,*
55404327,1,,55404317;55404326,16,7,9,2,0,2,22,11,11,9,6,3,22,11,11,22,11,11,13,5,8,7,2,5,4,1,3,0,0,0,0,0,0,5,5,2,3,3,0,0,0,1,7,4,3,0,8,0,1,1
55404328,0,,,16,10,6,0,0,0,16,10,6,7,5,2,16,10,6,16,10,6,9,5,4,3,1,2,2,1,1,0,0,0,0,0,0,8,8,4,1,2,1,0,0,0,4,3,1,0,6,0,3,1
55404329,1,,55404339,65,37,28,4,4,0,71,40,31,33,20,13,71,40,31,71,40,31,38,20,18,25,13,12,8,4,4,0,0,0,0,0,0,24,24,5,12,7,3,0,1,1,24,19,5,1,25,0,3,7
55404330,0,,,1658,812,846,217,112,105,1423,690,733,984,501,483,1372,668,704,1341,649,692,439,189,250,241,86,155,85,22,63,3,0,3,8,2,6,663,663,209,198,106,81,31,21,17,445,356,89,53,296,34,79,71
55404331,0,,,1296,628,668,172,92,80,1114,533,581,713,363,350,1061,502,559,1033,490,543,401,170,231,209,81,128,56,25,31,6,3,3,7,1,6,509,509,144,146,106,57,34,13,9,358,280,78,42,270,3,65,58
55404332,1,,55404322,91,49,42,11,8,3,86,44,42,50,23,27,85,43,42,85,43,42,36,21,15,18,11,7,2,2,0,0,0,0,0,0,0,32,32,3,15,5,7,3,1,0,31,23,8,2,23,0,2,9
55404333,2,55404344,,6,3,3,*,*,*,*,*,*,*,*,*,*,*,*,*,*,*,*,*,*,*,*,*,*,*,*,*,*,*,*,*,*,2,2,*,*,*,*,*,*,*,*,*,*,*,*,*,*,*
55404334,0,,,72,32,40,1,0,1,69,31,38,37,21,16,66,28,38,65,27,38,32,10,22,18,5,13,10,1,9,1,0,1,0,0,0,25,25,6,5,6,4,3,0,1,18,7,11,0,21,0,4,2
55404335,0,,,26,14,12,0,0,0,26,14,12,15,8,7,26,14,12,26,14,12,11,6,5,10,6,4,2,1,1,0,0,0,0,0,0,9,9,2,1,3,2,1,0,0,7,2,5,0,8,0,1,0
55404338,0,,,48,27,21,6,5,1,42,22,20,23,13,10,41,22,19,40,22,18,19,9,10,5,2,3,4,2,2,0,0,0,0,0,0,17,17,5,4,3,2,0,3,0,12,6,6,1,13,0,2,3
55404339,2,55404329,,10,7,3,*,*,*,*,*,*,*,*,*,*,*,*,*,*,*,*,*,*,*,*,*,*,*,*,*,*,*,*,*,*,5,5,*,*,*,*,*,*,*,*,*,*,*,*,*,*,*
55404340,0,,,1580,774,806,220,114,106,1332,643,689,883,447,436,1286,622,664,1262,611,651,449,196,253,229,88,141,76,24,52,3,0,3,7,2,5,651,651,210,197,110,73,34,11,16,427,340,87,78,304,32,76,76
55404341,0,,,701,347,354,87,43,44,614,304,310,408,210,198,597,299,298,582,287,295,206,94,112,101,39,62,54,18,36,10,0,10,5,3,2,257,254,59,77,60,40,10,6,2,194,163,31,23,105,10,19,27
55404344,1,,55404333,65,36,29,6,4,2,65,35,30,40,21,19,62,34,28,60,32,28,25,14,11,13,7,6,6,3,3,0,0,0,0,0,0,20,20,3,5,6,3,4,0,1,19,11,8,1,18,0,2,1
55404346,0,,,19,8,11,3,1,2,16,7,9,7,4,3,16,7,9,15,7,8,9,3,6,3,1,2,3,1,2,1,0,1,0,0,0,5,5,1,1,0,0,2,1,0,4,1,3,0,4,0,0,1
55404347,0,,,65,33,32,5,3,2,60,30,30,28,13,15,57,29,28,56,28,28,32,17,15,10,4,6,5,2,3,0,0,0,0,0,0,20,20,0,10,3,4,0,1,2,20,12,8,0,18,0,0,10
55404348,0,,,32,18,14,3,1,2,29,17,12,17,10,7,27,15,12,24,13,11,12,7,5,7,4,3,1,1,0,0,0,0,0,0,0,9,9,1,2,1,3,0,2,0,8,4,4,0,7,0,1,2
55404349,0,,,102,47,55,11,5,6,91,42,49,59,29,30,86,39,47,81,38,43,32,13,19,16,6,10,9,3,6,0,0,0,1,0,1,33,33,6,8,5,7,6,0,1,27,14,13,2,20,1,3,3
55404350,0,,,238,118,120,42,16,26,196,102,94,137,71,66,192,100,92,190,99,91,59,31,28,27,10,17,10,4,6,3,2,1,0,0,0,92,92,26,28,14,14,6,2,2,66,56,10,14,40,3,11,12
55404351,0,,,41,22,19,7,4,3,34,18,16,27,15,12,34,18,16,32,16,16,7,3,4,5,2,3,2,1,1,0,0,0,0,0,0,10,10,1,1,2,1,3,1,1,9,4,5,3,6,0,1,1
55404352,0,,,42,24,18,6,5,1,36,19,17,21,12,9,34,18,16,32,16,16,15,7,8,9,3,6,4,0,4,0,0,0,0,0,0,12,12,3,3,1,1,1,1,2,9,4,5,2,10,0,2,3
55404353,0,,,11,6,5,1,0,1,10,6,4,5,3,2,10,6,4,10,6,4,5,3,2,2,1,1,1,1,0,0,0,0,0,0,0,4,4,1,1,1,0,1,0,0,3,2,1,0,3,0,1,1
55404354,0,,,92,46,46,10,4,6,82,42,40,48,29,19,82,42,40,82,42,40,34,13,21,24,9,15,8,3,5,0,0,0,0,0,0,29,29,4,9,5,6,1,2,2,25,15,10,4,23,0,2,4
55404355,2,55404356,,9,3,6,*,*,*,*,*,*,*,*,*,*,*,*,*,*,*,*,*,*,*,*,*,*,*,*,*,*,*,*,*,*,2,2,*,*,*,*,*,*,*,*,*,*,*,*,*,*,*
55404356,1,,55404355,38,24,14,2,1,1,45,26,19,24,13,11,45,26,19,44,26,18,21,13,8,13,8,5,5,4,1,1,1,0,1,0,1,12,12,3,2,1,5,2,0,1,11,3,8,1,12,0,1,2
55404357,0,,,91,44,47,22,8,14,69,36,33,56,31,25,66,34,32,63,32,31,13,5,8,10,4,6,2,0,2,0,0,0,0,0,0,26,26,2,3,10,5,4,1,1,22,16,6,6,8,0,0,2
55404358,0,,,19,7,12,3,1,2,16,6,10,10,4,6,16,6,10,16,6,10,6,2,4,3,0,3,2,0,2,0,0,0,0,0,0,7,7,1,3,2,0,0,1,0,6,3,3,1,5,0,1,2
55404359,0,,,101,51,50,15,8,7,86,43,43,61,30,31,83,41,42,82,40,42,25,13,12,9,5,4,6,4,2,0,0,0,3,0,3,28,28,7,5,1,9,1,1,4,21,12,9,1,16,3,3,4
55404360,0,,,200,105,95,30,16,14,170,89,81,128,70,58,165,87,78,160,84,76,42,19,23,19,11,8,4,1,3,0,0,0,0,0,0,75,75,11,30,16,10,7,1,0,63,56,7,4,28,0,3,9
55404361,0,,,49,24,25,5,2,3,44,22,22,22,12,10,41,20,21,39,19,20,22,10,12,10,4,6,4,1,3,1,1,0,0,0,0,13,13,1,5,1,1,3,0,2,12,5,7,1,12,0,1,3
55404363,0,,,25,12,13,0,0,0,25,12,13,10,5,5,25,12,13,25,12,13,15,7,8,9,4,5,3,1,2,0,0,0,0,0,0,12,12,3,6,2,1,0,0,0,9,6,3,0,10,0,2,2
55404364,0,,,30,18,12,3,1,2,27,17,10,19,12,7,27,17,10,26,16,10,8,5,3,5,3,2,2,1,1,0,0,0,1,0,1,8,8,0,2,2,1,2,1,0,8,5,3,0,5,0,0,1
55404365,0,,,33,15,18,2,0,2,31,15,16,19,10,9,30,15,15,29,14,15,12,5,7,6,2,4,1,0,1,0,0,0,0,0,0,9,9,2,0,2,2,2,0,1,7,3,4,1,7,0,0,0
55404366,0,,,43,24,19,7,4,3,36,20,16,22,13,9,36,20,16,36,20,16,14,7,7,5,2,3,4,2,2,0,0,0,0,0,0,12,12,1,3,1,5,1,0,1,11,5,6,1,9,0,0,0
55404367,1,,55404368,95,49,46,16,11,5,81,39,42,52,26,26,78,36,42,78,36,42,29,13,16,14,4,10,9,2,7,0,0,0,0,0,0,23,23,1,6,5,2,4,3,3,23,9,14,4,18,0,0,3
55404368,2,55404367,,2,1,1,*,*,*,*,*,*,*,*,*,*,*,*,*,*,*,*,*,*,*,*,*,*,*,*,*,*,*,*,*,*,1,1,*,*,*,*,*,*,*,*,*,*,*,*,*,*,*
55404369,0,,,51,28,23,7,4,3,44,24,20,28,15,13,44,24,20,44,24,20,16,9,7,6,3,3,2,1,1,0,0,0,0,0,0,14,14,0,4,4,2,2,1,1,14,9,5,0,9,0,0,1
55404370,0,,,236,145,91,35,24,11,199,119,80,142,92,50,196,118,78,192,114,78,57,27,30,24,11,13,8,4,4,1,0,1,10,6,4,102,102,51,13,17,8,7,2,4,49,35,14,11,37,27,6,9
55404371,0,,,233,118,115,28,12,16,205,106,99,127,68,59,198,102,96,198,102,96,78,38,40,28,8,20,14,2,12,1,1,0,0,0,0,63,63,7,13,14,8,7,8,6,55,27,28,6,47,0,7,5
55404372,0,,,122,57,65,15,5,10,107,52,55,61,30,31,100,51,49,99,51,48,46,22,24,20,10,10,8,5,3,1,1,0,0,0,0,30,30,3,7,4,6,1,3,6,27,12,15,3,26,0,2,4
55404373,0,,,48,21,27,4,1,3,44,20,24,25,12,13,42,19,23,42,19,23,19,8,11,7,2,5,3,0,3,1,0,1,1,0,1,14,14,3,0,5,3,1,1,1,11,5,6,2,11,0,3,0
55404374,0,,,101,54,47,18,13,5,83,41,42,55,29,26,82,41,41,81,41,40,28,12,16,16,7,9,4,0,4,0,0,0,0,0,0,21,21,1,1,4,5,1,4,5,20,4,16,6,19,0,1,0
55404375,0,,,22,9,13,4,2,2,18,7,11,7,3,4,17,7,10,17,7,10,11,4,7,5,2,3,5,2,3,0,0,0,0,0,0,8,8,2,3,1,0,1,1,0,6,5,1,1,7,0,2,0
55404376,0,,,57,30,27,5,3,2,52,27,25,30,16,14,52,27,25,52,27,25,22,11,11,15,6,9,5,1,4,0,0,0,0,0,0,18,18,1,6,4,3,4,0,0,17,10,7,0,13,0,1,3
55404377,0,,,46,23,23,1,0,1,45,23,22,26,16,10,45,23,22,45,23,22,19,7,12,10,3,7,5,1,4,0,0,0,0,0,0,17,17,2,4,8,3,0,0,0,14,9,5,0,13,0,2,2
55404378,0,,,81,39,42,12,5,7,69,34,35,43,24,19,67,33,34,67,33,34,26,10,16,13,5,8,4,1,3,0,0,0,0,0,0,21,21,4,2,4,3,3,3,2,17,6,11,3,14,0,2,1
55404379,1,,55404389,61,33,28,12,8,4,58,28,30,30,14,16,55,28,27,53,27,26,28,14,14,9,4,5,4,1,3,0,0,0,0,0,0,20,20,4,7,3,2,1,0,4,17,11,6,2,19,0,4,5
55404381,0,,,63,33,30,7,3,4,56,30,26,30,16,14,54,29,25,54,29,25,26,14,12,19,9,10,7,3,4,0,0,0,0,0,0,16,16,1,4,5,1,1,1,3,15,8,7,2,15,0,0,3
55404382,0,,,451,226,225,78,44,34,372,182,190,259,128,131,355,173,182,342,166,176,113,54,59,61,28,33,17,8,9,0,0,0,2,0,2,150,150,34,30,31,29,12,11,3,116,83,33,20,72,1,17,8
55404383,0,,,233,120,113,23,11,12,208,108,100,115,56,59,204,105,99,202,103,99,93,52,41,50,26,24,14,7,7,0,0,0,2,0,2,85,85,22,26,14,12,4,1,6,62,41,21,5,58,2,9,14
55404384,0,,,83,43,40,11,6,5,72,37,35,45,26,19,71,36,35,70,36,34,27,11,16,18,6,12,8,3,5,0,0,0,1,0,1,21,21,1,4,6,2,3,4,1,20,8,12,2,16,0,1,1
55404385,0,,,53,27,26,9,5,4,44,22,22,24,13,11,44,22,22,43,22,21,20,9,11,10,3,7,5,1,4,0,0,0,0,0,0,17,17,5,3,4,0,1,3,1,12,6,6,1,14,0,5,3
55404386,1,,55404396,44,24,20,10,8,2,40,19,21,27,13,14,38,18,20,38,18,20,13,6,7,5,1,4,2,0,2,0,0,0,0,0,0,11,11,1,4,2,1,2,0,3,12,7,5,2,9,0,1,1
55404387,0,,,56,24,32,8,3,5,48,21,27,22,10,12,48,21,27,47,21,26,26,11,15,14,4,10,8,2,6,2,0,2,2,0,2,17,17,3,4,3,1,4,2,0,14,5,9,3,14,0,2,2
55404388,0,,,123,54,69,16,5,11,107,49,58,43,25,18,106,48,58,103,47,56,64,24,40,54,19,35,36,11,25,7,1,6,1,0,1,28,26,5,8,4,5,2,0,2,21,15,6,5,13,1,3,2
55404389,2,55404379,,9,3,6,*,*,*,*,*,*,*,*,*,*,*,*,*,*,*,*,*,*,*,*,*,*,*,*,*,*,*,*,*,*,1,1,*,*,*,*,*,*,*,*,*,*,*,*,*,*,*
55404390,0,,,133,66,67,15,8,7,118,58,60,75,36,39,112,57,55,110,56,54,43,22,21,18,9,9,6,2,4,2,1,1,1,0,1,38,38,3,12,3,11,4,2,3,35,19,16,1,25,0,2,7
55404391,0,,,101,55,46,14,9,5,87,46,41,40,20,20,85,45,40,82,42,40,47,26,21,17,9,8,5,2,3,0,0,0,0,0,0,33,33,5,13,6,3,0,2,4,28,16,12,5,28,0,4,9
55404392,0,,,994,459,535,102,51,51,892,408,484,523,261,262,859,391,468,838,382,456,369,147,222,220,70,150,102,18,84,19,1,18,3,0,3,336,335,73,101,71,53,20,11,6,262,200,62,18,203,0,55,52
55404393,0,,,1488,760,728,170,87,83,1309,668,641,806,442,364,1263,641,622,1243,630,613,503,226,277,243,100,143,80,21,59,7,0,7,5,3,2,580,580,172,160,110,73,28,27,10,405,291,114,30,331,30,78,68
55404394,0,,,20,9,11,0,0,0,20,9,11,11,5,6,20,9,11,19,9,10,9,4,5,6,2,4,3,0,3,0,0,0,0,0,0,9,9,1,6,1,1,0,0,0,8,7,1,0,6,0,1,2
55404395,0,,,37,20,17,4,3,1,33,17,16,17,9,8,33,17,16,33,17,16,16,8,8,9,4,5,4,2,2,0,0,0,0,0,0,12,12,2,6,1,0,1,0,2,10,6,4,0,10,0,2,1
55404396,2,55404386,,6,3,3,*,*,*,*,*,*,*,*,*,*,*,*,*,*,*,*,*,*,*,*,*,*,*,*,*,*,*,*,*,*,2,2,*,*,*,*,*,*,*,*,*,*,*,*,*,*,*
55404398,0,,,23,11,12,0,0,0,23,11,12,7,4,3,23,11,12,23,11,12,16,7,9,5,1,4,3,0,3,0,0,0,0,0,0,11,11,3,4,4,0,0,0,0,8,5,3,0,9,0,3,2
55404399,0,,,20,9,11,3,2,1,17,7,10,8,4,4,17,7,10,17,7,10,9,3,6,3,0,3,2,0,2,0,0,0,1,0,1,7,7,2,3,0,1,0,0,1,5,3,2,0,4,0,1,1
55404400,1,,55404401,21,12,9,0,0,0,27,15,12,14,8,6,27,15,12,27,15,12,13,7,6,9,5,4,2,1,1,0,0,0,0,0,0,7,7,0,4,3,1,0,1,0,9,6,3,0,8,0,0,3
55404401,2,55404400,,6,3,3,*,*,*,*,*,*,*,*,*,*,*,*,*,*,*,*,*,*,*,*,*,*,*,*,*,*,*,*,*,*,2,2,*,*,*,*,*,*,*,*,*,*,*,*,*,*,*
55404402,2,55404403,,6,3,3,*,*,*,*,*,*,*,*,*,*,*,*,*,*,*,*,*,*,*,*,*,*,*,*,*,*,*,*,*,*,2,2,*,*,*,*,*,*,*,*,*,*,*,*,*,*,*
55404403,1,,55404402,19,11,8,0,0,0,25,14,11,9,6,3,25,14,11,25,14,11,16,8,8,4,2,2,3,1,2,0,0,0,0,0,0,8,8,1,5,2,2,0,0,0,9,7,2,0,8,0,1,3
55404407,0,,,21,10,11,0,0,0,21,10,11,10,7,3,21,10,11,20,9,11,11,3,8,8,2,6,5,2,3,0,0,0,0,0,0,8,8,2,1,4,0,1,0,0,6,4,2,0,7,0,2,1
55404410,1,,55404411,32,18,14,0,0,0,35,20,15,19,13,6,32,18,14,32,18,14,16,7,9,4,1,3,2,0,2,1,0,1,0,0,0,12,12,1,6,4,1,0,1,0,12,10,2,0,9,0,1,3
55404411,2,55404410,,3,2,1,*,*,*,*,*,*,*,*,*,*,*,*,*,*,*,*,*,*,*,*,*,*,*,*,*,*,*,*,*,*,1,1,*,*,*,*,*,*,*,*,*,*,*,*,*,*,*
55404412,0,,,28,14,14,0,0,0,28,14,14,16,8,8,27,13,14,27,13,14,12,6,6,5,2,3,1,1,0,0,0,0,0,0,0,10,10,2,4,1,1,1,1,0,8,6,2,0,8,0,2,4
55404413,0,,,15,7,8,2,0,2,13,7,6,8,3,5,13,7,6,13,7,6,5,4,1,3,2,1,2,1,1,0,0,0,0,0,0,4,4,0,1,2,0,0,0,1,4,3,1,0,3,0,0,1
55404414,2,55404415,,4,2,2,*,*,*,*,*,*,*,*,*,*,*,*,*,*,*,*,*,*,*,*,*,*,*,*,*,*,*,*,*,*,1,1,*,*,*,*,*,*,*,*,*,*,*,*,*,*,*
55404415,1,,55404414,12,6,6,0,0,0,16,8,8,7,5,2,16,8,8,16,8,8,9,3,6,4,1,3,2,1,1,0,0,0,0,0,0,5,5,1,2,1,2,0,0,0,5,2,3,0,5,0,1,1
55404416,0,,,26,14,12,4,2,2,22,12,10,10,6,4,20,10,10,20,10,10,12,6,6,7,3,4,3,1,2,0,0,0,0,0,0,7,7,1,1,2,1,0,1,1,6,3,3,0,6,0,0,1
55404420,0,,,23,14,9,2,2,0,21,12,9,14,8,6,21,12,9,21,12,9,7,4,3,2,1,1,2,1,1,0,0,0,0,0,0,8,8,1,4,1,0,1,1,0,7,4,3,1,6,0,1,0
55404421,0,,,13,8,5,0,0,0,13,8,5,4,3,1,13,8,5,13,8,5,9,5,4,5,3,2,1,1,0,0,0,0,0,0,0,5,5,0,3,1,1,0,0,0,5,4,1,0,5,0,0,3
55404422,1,,55404432,10,6,4,0,0,0,14,8,6,8,5,3,14,8,6,14,8,6,6,3,3,2,1,1,2,1,1,0,0,0,0,0,0,4,4,0,2,2,1,0,0,0,5,4,1,0,4,0,0,1
55404423,0,,,12,6,6,0,0,0,12,6,6,7,3,4,12,6,6,12,6,6,5,3,2,3,1,2,0,0,0,0,0,0,0,0,0,4,4,0,1,2,1,0,0,0,4,2,2,0,4,0,0,1
55404425,1,,55404426,14,5,9,0,0,0,16,6,10,12,5,7,15,6,9,14,6,8,4,1,3,3,1,2,2,1,1,0,0,0,0,0,0,4,4,0,2,1,1,1,0,0,5,1,4,0,4,0,0,0
55404426,2,55404425,,2,1,1,*,*,*,*,*,*,*,*,*,*,*,*,*,*,*,*,*,*,*,*,*,*,*,*,*,*,*,*,*,*,1,1,*,*,*,*,*,*,*,*,*,*,*,*,*,*,*
55404428,2,55404449,,2,1,1,*,*,*,*,*,*,*,*,*,*,*,*,*,*,*,*,*,*,*,*,*,*,*,*,*,*,*,*,*,*,1,1,*,*,*,*,*,*,*,*,*,*,*,*,*,*,*
55404430,0,,,15,8,7,1,0,1,14,8,6,7,5,2,13,7,6,13,7,6,7,3,4,3,1,2,3,1,2,1,1,0,0,0,0,5,5,2,0,2,0,0,0,1,3,1,2,0,5,0,2,0
55404431,0,,,19,9,10,0,0,0,19,9,10,9,4,5,19,9,10,19,9,10,10,5,5,8,4,4,2,2,0,0,0,0,0,0,0,7,7,3,1,0,1,2,0,0,4,1,3,0,7,0,3,1
55404432,2,55404422,,4,2,2,*,*,*,*,*,*,*,*,*,*,*,*,*,*,*,*,*,*,*,*,*,*,*,*,*,*,*,*,*,*,1,1,*,*,*,*,*,*,*,*,*,*,*,*,*,*,*
55404433,1,,55404434,15,9,6,0,0,0,17,10,7,11,7,4,17,10,7,17,10,7,6,3,3,4,1,3,1,0,1,0,0,0,0,0,0,5,5,1,2,1,1,1,0,0,5,3,2,0,6,0,1,0
55404434,2,55404433,,2,1,1,*,*,*,*,*,*,*,*,*,*,*,*,*,*,*,*,*,*,*,*,*,*,*,*,*,*,*,*,*,*,1,1,*,*,*,*,*,*,*,*,*,*,*,*,*,*,*
55404437,2,55404438,,8,3,5,*,*,*,*,*,*,*,*,*,*,*,*,*,*,*,*,*,*,*,*,*,*,*,*,*,*,*,*,*,*,4,4,*,*,*,*,*,*,*,*,*,*,*,*,*,*,*
55404438,1,,55404437,2,1,1,0,0,0,10,4,6,5,2,3,10,4,6,9,4,5,5,2,3,5,2,3,2,0,2,0,0,0,0,0,0,1,1,3,1,0,0,1,0,0,2,1,1,0,5,0,3,0
55404440,0,,,128,61,67,12,5,7,116,56,60,57,29,28,114,55,59,111,54,57,59,27,32,36,18,18,9,5,4,0,0,0,1,0,1,59,59,24,18,5,8,3,1,0,35,25,10,3,40,1,14,12
55404441,0,,,27,17,10,2,1,1,25,16,9,12,7,5,24,15,9,23,14,9,13,9,4,7,5,2,1,1,0,0,0,0,0,0,0,9,9,3,2,1,1,0,1,1,6,3,3,0,9,0,3,1
55404442,0,,,31,15,16,4,2,2,27,13,14,15,8,7,24,11,13,24,11,13,12,5,7,5,1,4,1,0,1,0,0,0,0,0,0,11,11,4,3,1,0,0,3,0,7,3,4,0,8,0,2,2
55404443,1,,55404444;55404453;55404454,63,29,34,10,3,7,76,38,38,41,19,22,76,38,38,76,38,38,35,19,16,26,14,12,8,5,3,0,0,0,0,0,0,15,15,0,4,7,1,1,3,4,20,7,13,2,18,0,0,2
55404444,2,55404443,,3,2,1,*,*,*,*,*,*,*,*,*,*,*,*,*,*,*,*,*,*,*,*,*,*,*,*,*,*,*,*,*,*,1,1,*,*,*,*,*,*,*,*,*,*,*,*,*,*,*
55404446,2,55404466,,2,1,1,*,*,*,*,*,*,*,*,*,*,*,*,*,*,*,*,*,*,*,*,*,*,*,*,*,*,*,*,*,*,1,1,*,*,*,*,*,*,*,*,*,*,*,*,*,*,*
55404449,1,,55404428,71,35,36,5,4,1,68,32,36,33,16,17,67,32,35,66,32,34,35,16,19,15,7,8,8,3,5,2,0,2,1,0,1,22,22,0,11,5,3,2,0,2,23,13,10,1,21,0,0,4
55404450,0,,,179,93,86,18,12,6,161,81,80,93,48,45,158,80,78,156,78,78,68,33,35,42,17,25,23,10,13,0,0,0,8,0,8,78,78,29,24,9,9,4,2,1,49,38,11,6,46,2,14,11
55404451,1,,55404452,37,19,18,2,1,1,38,19,19,15,7,8,38,19,19,38,19,19,23,12,11,15,8,7,6,2,4,2,0,2,0,0,0,11,11,1,2,6,1,0,1,1,11,6,5,1,11,0,1,1
55404452,2,55404451,,3,1,2,*,*,*,*,*,*,*,*,*,*,*,*,*,*,*,*,*,*,*,*,*,*,*,*,*,*,*,*,*,*,1,1,*,*,*,*,*,*,*,*,*,*,*,*,*,*,*
55404453,2,55404443,,3,2,1,*,*,*,*,*,*,*,*,*,*,*,*,*,*,*,*,*,*,*,*,*,*,*,*,*,*,*,*,*,*,1,1,*,*,*,*,*,*,*,*,*,*,*,*,*,*,*
55404454,2,55404443,,17,8,9,*,*,*,*,*,*,*,*,*,*,*,*,*,*,*,*,*,*,*,*,*,*,*,*,*,*,*,*,*,*,3,3,*,*,*,*,*,*,*,*,*,*,*,*,*,*,*
55404455,1,,55404456,18,9,9,8,4,4,21,11,10,13,7,6,21,11,10,21,11,10,8,4,4,3,1,2,0,0,0,0,0,0,0,0,0,5,5,0,2,1,0,2,2,0,7,4,3,3,5,0,0,1
55404456,2,55404455,,11,6,5,*,*,*,*,*,*,*,*,*,*,*,*,*,*,*,*,*,*,*,*,*,*,*,*,*,*,*,*,*,*,2,2,*,*,*,*,*,*,*,*,*,*,*,*,*,*,*
55404459,0,,,17,9,8,0,0,0,17,9,8,7,4,3,17,9,8,17,9,8,10,5,5,8,4,4,3,2,1,0,0,0,0,0,0,7,7,1,4,0,2,0,0,0,6,4,2,0,7,0,1,3
55404460,0,,,65,35,30,11,5,6,54,30,24,37,23,14,53,29,24,53,29,24,17,7,10,6,2,4,3,1,2,0,0,0,0,0,0,25,25,6,9,4,4,0,1,1,19,16,3,2,14,0,5,1
55404462,0,,,71,39,32,8,5,3,63,34,29,39,22,17,58,31,27,57,31,26,24,12,12,18,8,10,5,1,4,0,0,0,0,0,0,18,18,0,5,2,3,6,1,1,18,9,9,2,15,0,0,3
55404466,1,,55404446,101,51,50,13,9,4,90,43,47,53,29,24,85,41,44,83,39,44,37,14,23,17,6,11,7,1,6,1,0,1,1,0,1,32,32,5,11,6,3,2,6,0,28,14,14,3,25,0,4,2
55404467,0,,,70,35,35,8,3,5,62,32,30,29,16,13,58,30,28,58,30,28,33,16,17,14,6,8,7,2,5,2,1,1,0,0,0,23,23,5,7,3,3,1,3,1,18,12,6,0,21,0,5,5
55404468,0,,,81,43,38,10,6,4,71,37,34,42,25,17,69,36,33,68,35,33,29,12,17,15,5,10,10,2,8,0,0,0,0,0,0,21,21,4,5,1,2,3,3,3,17,5,12,1,17,0,1,0
55404470,0,,,11,5,6,0,0,0,11,5,6,8,2,6,11,5,6,11,5,6,3,3,0,2,2,0,2,2,0,0,0,0,0,0,0,5,5,2,1,1,1,0,0,0,3,2,1,0,2,0,1,0
55404476,0,,,80,44,36,10,4,6,70,40,30,42,28,14,69,39,30,69,39,30,28,12,16,15,6,9,6,3,3,0,0,0,1,0,1,23,23,3,5,6,5,1,1,2,20,13,7,2,17,0,0,2
55404477,0,,,23,13,10,1,1,0,22,12,10,16,10,6,19,9,10,19,9,10,6,2,4,4,1,3,1,0,1,0,0,0,0,0,0,8,8,1,1,4,2,0,0,0,7,3,4,0,6,0,1,0
55404479,1,,55404488,16,6,10,2,0,2,17,7,10,9,4,5,17,7,10,17,7,10,8,3,5,4,1,3,2,0,2,0,0,0,0,0,0,5,5,0,2,3,0,0,1,0,6,2,4,0,6,0,0,2
55404480,0,,,78,42,36,12,7,5,66,35,31,34,20,14,60,30,30,60,30,30,32,15,17,15,8,7,4,1,3,0,0,0,0,0,0,21,21,2,7,0,4,4,2,2,19,9,10,2,18,0,0,5
55404481,0,,,25,12,13,2,1,1,23,11,12,17,8,9,22,10,12,22,10,12,6,3,3,4,2,2,0,0,0,0,0,0,0,0,0,5,5,0,0,0,2,1,2,0,5,2,3,1,4,0,0,0
55404483,2,55404494,,9,4,5,*,*,*,*,*,*,*,*,*,*,*,*,*,*,*,*,*,*,*,*,*,*,*,*,*,*,*,*,*,*,3,3,*,*,*,*,*,*,*,*,*,*,*,*,*,*,*
55404485,0,,,40,17,23,9,3,6,31,14,17,19,9,10,31,14,17,31,14,17,12,5,7,7,4,3,1,0,1,0,0,0,0,0,0,12,12,2,3,2,1,2,2,0,10,8,2,1,8,0,2,2
55404486,0,,,122,59,63,25,12,13,97,47,50,65,34,31,93,44,49,92,43,49,32,13,19,16,6,10,4,1,3,0,0,0,0,0,0,37,37,9,6,9,4,2,3,4,28,15,13,3,22,0,5,2
55404488,2,55404479,,3,1,2,*,*,*,*,*,*,*,*,*,*,*,*,*,*,*,*,*,*,*,*,*,*,*,*,*,*,*,*,*,*,1,1,*,*,*,*,*,*,*,*,*,*,*,*,*,*,*
55404489,0,,,17,8,9,3,1,2,14,7,7,8,4,4,14,7,7,14,7,7,6,3,3,2,1,1,1,1,0,0,0,0,0,0,0,4,4,0,0,2,0,1,1,0,4,2,2,0,4,0,0,0
55404490,0,,,11,5,6,0,0,0,11,5,6,8,3,5,10,5,5,10,5,5,3,2,1,1,1,0,1,1,0,0,0,0,0,0,0,4,4,2,1,0,0,0,0,1,2,1,1,0,2,0,0,1
55404491,0,,,131,71,60,17,12,5,114,59,55,68,33,35,113,58,55,111,57,54,46,26,20,20,12,8,5,3,2,0,0,0,1,0,1,36,36,3,10,6,5,5,5,2,33,20,13,0,27,0,2,5
55404494,1,,55404483,3,1,2,0,0,0,12,5,7,6,3,3,12,5,7,12,5,7,6,2,4,3,0,3,3,0,3,0,0,0,0,0,0,1,1,0,1,2,1,0,0,0,4,1,3,0,4,0,0,1
55404495,1,,55404496,71,35,36,15,7,8,61,31,30,36,20,16,58,29,29,58,29,29,25,11,14,14,6,8,8,3,5,1,1,0,0,0,0,25,25,11,6,3,2,3,1,2,17,10,7,2,18,0,10,3
55404496,2,55404495,,5,3,2,*,*,*,*,*,*,*,*,*,*,*,*,*,*,*,*,*,*,*,*,*,*,*,*,*,*,*,*,*,*,3,3,*,*,*,*,*,*,*,*,*,*,*,*,*,*,*
55404497,1,,55404498,59,31,28,6,3,3,61,32,29,43,22,21,58,30,28,57,29,28,18,10,8,10,4,6,4,2,2,0,0,0,0,0,0,16,16,1,5,2,4,3,2,1,17,10,7,1,15,0,1,3
55404498,2,55404497,,8,4,4,*,*,*,*,*,*,*,*,*,*,*,*,*,*,*,*,*,*,*,*,*,*,*,*,*,*,*,*,*,*,2,2,*,*,*,*,*,*,*,*,*,*,*,*,*,*,*
55404506,0,,,33,16,17,3,2,1,30,14,16,16,9,7,30,14,16,30,14,16,14,5,9,6,3,3,1,0,1,0,0,0,0,0,0,12,12,2,5,1,2,2,0,0,10,8,2,0,8,0,2,3
55404507,0,,,17,8,9,0,0,0,17,8,9,5,2,3,17,8,9,17,8,9,12,6,6,2,2,0,1,1,0,0,0,0,0,0,0,7,7,2,2,2,0,1,0,0,5,4,1,0,7,0,2,1
55404508,0,,,256,128,128,31,14,17,225,114,111,129,67,62,223,114,109,220,112,108,96,47,49,37,15,22,13,4,9,2,0,2,0,0,0,101,101,28,32,18,10,9,3,1,73,54,19,6,67,0,17,11
55404509,0,,,484,241,243,68,37,31,414,204,210,258,130,128,403,199,204,401,198,203,156,74,82,65,28,37,24,8,16,1,1,0,1,1,0,175,175,30,63,32,27,16,5,2,144,114,30,9,105,0,19,30
55404513,1,,55404514,17,9,8,3,0,3,21,12,9,11,7,4,19,11,8,19,11,8,10,5,5,4,2,2,2,1,1,0,0,0,1,0,1,8,8,4,3,1,1,0,0,1,6,4,2,0,6,0,2,2
55404514,2,55404513,,7,3,4,*,*,*,*,*,*,*,*,*,*,*,*,*,*,*,*,*,*,*,*,*,*,*,*,*,*,*,*,*,*,2,2,*,*,*,*,*,*,*,*,*,*,*,*,*,*,*
55404515,0,,,37,16,21,4,0,4,33,16,17,25,13,12,30,15,15,30,15,15,8,3,5,5,2,3,2,1,1,0,0,0,0,0,0,12,12,0,5,1,6,0,0,0,12,10,2,0,6,0,0,1
55404516,0,,,48,24,24,6,3,3,42,21,21,24,15,9,41,20,21,39,20,19,18,6,12,10,2,8,7,2,5,0,0,0,0,0,0,14,14,2,3,2,2,4,1,0,12,6,6,1,11,0,1,1
55404517,0,,,19,8,11,2,0,2,17,8,9,12,5,7,15,7,8,15,7,8,5,3,2,2,1,1,0,0,0,0,0,0,0,0,0,5,5,1,1,1,0,0,1,1,4,1,3,0,4,0,1,1
55404518,0,,,161,85,76,25,14,11,136,71,65,87,51,36,130,68,62,130,68,62,49,20,29,24,7,17,9,4,5,0,0,0,8,8,0,62,62,21,13,12,6,6,4,0,41,29,12,7,33,3,8,7
55404519,0,,,305,148,157,18,10,8,286,138,148,157,80,77,280,136,144,279,136,143,129,58,71,60,20,40,23,10,13,2,1,1,1,1,0,90,89,24,24,23,9,4,3,2,65,47,18,2,61,1,17,12
55404522,2,55404523,,6,4,2,*,*,*,*,*,*,*,*,*,*,*,*,*,*,*,*,*,*,*,*,*,*,*,*,*,*,*,*,*,*,3,3,*,*,*,*,*,*,*,*,*,*,*,*,*,*,*
55404523,1,,55404522,7,3,4,0,0,0,13,7,6,5,3,2,13,7,6,13,7,6,8,4,4,2,0,2,1,0,1,0,0,0,0,0,0,2,2,1,1,2,1,0,0,0,4,1,3,0,5,0,1,0
55404525,0,,,25,12,13,1,1,0,24,11,13,14,7,7,24,11,13,24,11,13,10,4,6,3,0,3,1,0,1,0,0,0,0,0,0,8,8,2,2,1,1,0,2,0,6,2,4,1,7,0,1,0
55404526,0,,,93,42,51,3,2,1,90,40,50,46,24,22,90,40,50,86,40,46,44,16,28,25,8,17,4,2,2,0,0,0,0,0,0,40,40,12,14,6,6,1,1,0,27,18,9,0,31,0,8,5
55404528,0,,,98,45,53,7,4,3,91,41,50,50,26,24,87,38,49,84,35,49,41,15,26,21,6,15,6,1,5,0,0,0,0,0,0,34,34,5,10,9,6,2,2,0,29,17,12,1,26,0,3,6
55404532,2,55404541,,4,2,2,*,*,*,*,*,*,*,*,*,*,*,*,*,*,*,*,*,*,*,*,*,*,*,*,*,*,*,*,*,*,2,2,*,*,*,*,*,*,*,*,*,*,*,*,*,*,*
55404534,2,55404535,,5,3,2,*,*,*,*,*,*,*,*,*,*,*,*,*,*,*,*,*,*,*,*,*,*,*,*,*,*,*,*,*,*,3,3,*,*,*,*,*,*,*,*,*,*,*,*,*,*,*
55404535,1,,55404534,16,9,7,0,0,0,21,12,9,12,8,4,21,12,9,21,12,9,9,4,5,3,1,2,0,0,0,0,0,0,0,0,0,8,8,3,6,2,0,0,0,0,8,7,1,0,8,0,2,1
55404536,0,,,42,20,22,10,6,4,32,14,18,22,10,12,31,14,17,31,14,17,10,4,6,4,0,4,3,0,3,0,0,0,0,0,0,12,12,0,4,3,1,3,1,0,12,10,2,1,7,0,0,2
55404537,0,,,76,38,38,7,3,4,69,35,34,36,22,14,68,34,34,67,34,33,33,13,20,20,6,14,10,3,7,0,0,0,0,0,0,31,31,6,14,6,3,1,0,1,25,20,5,2,22,0,4,6
55404538,0,,,98,53,45,4,1,3,94,52,42,58,36,22,92,50,42,92,50,42,36,16,20,13,7,6,4,2,2,1,0,1,0,0,0,23,22,4,11,1,2,2,2,0,17,10,7,2,17,0,2,7
55404539,0,,,56,28,28,7,5,2,49,23,26,21,11,10,49,23,26,49,23,26,28,12,16,13,7,6,5,1,4,0,0,0,0,0,0,18,18,3,5,4,3,1,1,1,15,9,6,1,16,0,3,2
55404540,0,,,24,13,11,0,0,0,24,13,11,12,8,4,24,13,11,24,13,11,12,5,7,4,1,3,1,0,1,0,0,0,0,0,0,10,10,2,3,4,1,0,0,0,8,6,2,0,7,0,2,2
55404541,1,,55404532,20,8,12,1,1,0,23,9,14,14,7,7,23,9,14,23,9,14,9,2,7,7,1,6,5,1,4,0,0,0,0,0,0,8,8,2,4,2,2,0,0,0,8,4,4,0,7,0,2,0
55404544,2,55404565,,1,1,0,*,*,*,*,*,*,*,*,*,*,*,*,*,*,*,*,*,*,*,*,*,*,*,*,*,*,*,*,*,*,1,1,*,*,*,*,*,*,*,*,*,*,*,*,*,*,*
55404545,0,,,10,6,4,0,0,0,10,6,4,1,1,0,10,6,4,10,6,4,9,5,4,2,1,1,1,0,1,0,0,0,0,0,0,5,5,2,1,2,0,0,0,0,3,2,1,0,5,0,2,1
55404546,0,,,262,138,124,22,15,7,238,122,116,127,68,59,236,121,115,234,119,115,111,54,57,53,23,30,21,10,11,0,0,0,0,0,0,97,97,21,40,11,12,5,3,5,74,53,21,6,70,1,15,21
55404547,0,,,44,18,26,2,1,1,42,17,25,22,11,11,40,16,24,40,16,24,20,6,14,9,0,9,6,0,6,1,0,1,0,0,0,16,16,5,4,3,2,0,0,2,11,7,4,0,12,0,3,1
55404548,0,,,52,27,25,4,3,1,48,24,24,29,14,15,46,23,23,46,23,23,19,10,9,9,4,5,3,2,1,0,0,0,0,0,0,16,16,4,1,5,2,1,3,0,12,5,7,1,14,0,3,1
55404549,0,,,73,38,35,8,2,6,65,36,29,35,20,15,64,35,29,64,35,29,30,16,14,14,5,9,8,4,4,0,0,0,0,0,0,24,24,5,8,2,3,4,0,2,19,12,7,1,18,1,4,3
55404553,2,55404575,,5,3,2,*,*,*,*,*,*,*,*,*,*,*,*,*,*,*,*,*,*,*,*,*,*,*,*,*,*,*,*,*,*,4,4,*,*,*,*,*,*,*,*,*,*,*,*,*,*,*
55404555,0,,,90,47,43,6,4,2,84,43,41,38,26,12,81,40,41,81,40,41,46,17,29,28,10,18,9,3,6,2,0,2,0,0,0,31,31,9,5,5,8,1,2,1,22,9,13,0,28,0,6,5
55404556,0,,,61,30,31,1,0,1,60,30,30,35,20,15,57,28,29,55,27,28,25,10,15,13,4,9,6,2,4,1,0,1,1,0,1,23,23,7,6,4,3,1,1,1,16,8,8,0,16,2,2,4
55404557,0,,,55,27,28,5,1,4,50,26,24,25,13,12,50,26,24,49,25,24,25,13,12,11,5,6,5,3,2,0,0,0,0,0,0,20,20,4,7,3,3,2,1,0,16,11,5,1,14,0,3,3
55404558,0,,,88,45,43,10,2,8,78,43,35,36,24,12,77,42,35,77,42,35,42,19,23,19,7,12,9,3,6,0,0,0,0,0,0,29,29,6,8,5,5,1,2,2,23,18,5,3,25,0,3,3
55404563,2,55404574,,3,2,1,*,*,*,*,*,*,*,*,*,*,*,*,*,*,*,*,*,*,*,*,*,*,*,*,*,*,*,*,*,*,2,2,*,*,*,*,*,*,*,*,*,*,*,*,*,*,*
55404565,1,,55404544,129,65,64,17,6,11,113,60,53,70,37,33,108,57,51,108,57,51,43,23,20,23,11,12,9,3,6,2,0,2,1,1,0,43,43,9,9,13,7,3,0,3,35,23,12,6,29,0,4,3
55404566,1,,55404576,91,45,46,8,4,4,87,44,43,42,21,21,85,44,41,84,43,41,45,23,22,17,5,12,10,2,8,0,0,0,0,0,0,38,38,12,13,9,3,1,1,1,27,21,6,0,31,0,9,5
55404567,0,,,19,12,7,1,1,0,18,11,7,10,7,3,18,11,7,18,11,7,8,4,4,3,1,2,1,1,0,0,0,0,0,0,0,7,7,3,1,1,0,1,1,0,4,2,2,0,7,0,3,0
55404574,1,,55404563,101,48,53,5,3,2,99,47,52,48,25,23,99,47,52,99,47,52,51,22,29,26,11,15,13,3,10,2,0,2,0,0,0,39,39,7,17,10,4,2,0,1,33,21,12,2,34,0,5,6
55404575,1,,55404553,30,8,22,2,2,0,33,9,24,11,3,8,33,9,24,33,9,24,22,6,16,16,4,12,8,1,7,2,0,2,6,0,6,16,15,13,5,0,0,0,1,0,6,5,1,1,11,4,5,5
55404576,2,55404566,,4,3,1,*,*,*,*,*,*,*,*,*,*,*,*,*,*,*,*,*,*,*,*,*,*,*,*,*,*,*,*,*,*,2,2,*,*,*,*,*,*,*,*,*,*,*,*,*,*,*
55404584,0,,,26,14,12,2,1,1,24,13,11,12,6,6,24,13,11,24,13,11,12,7,5,7,3,4,6,3,3,0,0,0,0,0,0,9,9,3,2,1,0,2,1,0,6,2,4,0,9,0,3,2
55404600,0,,,164,78,86,11,6,5,153,72,81,84,40,44,149,69,80,145,68,77,69,32,37,32,14,18,11,4,7,1,0,1,0,0,0,60,60,7,26,15,5,5,0,2,53,39,14,2,42,0,5,13
55404601,0,,,36,19,17,4,4,0,32,15,17,15,7,8,31,14,17,30,14,16,17,8,9,8,4,4,4,1,3,0,0,0,0,0,0,13,13,1,6,4,1,0,0,1,12,11,1,1,10,0,1,3
55404602,0,,,99,27,72,0,0,0,99,27,72,10,6,4,97,25,72,97,25,72,89,21,68,82,16,66,52,7,45,9,1,8,1,0,1,7,6,1,3,1,0,1,0,0,5,3,2,0,4,0,0,1
55404603,0,,,37,15,22,1,1,0,36,14,22,19,6,13,35,14,21,35,14,21,17,8,9,8,4,4,3,1,2,0,0,0,0,0,0,15,15,4,4,5,0,2,0,0,11,7,4,1,10,1,2,2
55404604,0,,,27,14,13,0,0,0,26,14,12,13,7,6,26,14,12,26,14,12,13,7,6,2,1,1,1,0,1,0,0,0,0,0,0,13,13,6,1,5,1,0,0,0,7,5,2,0,9,0,3,1
55404605,0,,,338,133,205,14,6,8,320,125,195,105,53,52,315,121,194,315,121,194,215,72,143,146,36,110,100,22,78,13,4,9,4,1,3,85,84,26,25,13,12,3,1,4,56,35,21,4,65,1,22,9
55404606,0,,,1652,793,859,148,83,65,1494,705,789,910,450,460,1461,691,770,1439,680,759,584,255,329,249,85,164,93,20,73,5,1,4,8,2,6,681,681,167,237,150,88,29,6,4,506,416,90,41,403,6,104,123
55404607,0,,,2283,1045,1238,181,87,94,2048,936,1112,1042,524,518,1995,913,1082,1975,901,1074,1006,412,594,556,194,362,208,51,157,21,1,20,12,2,10,968,965,345,302,160,115,27,9,7,606,499,107,43,602,21,200,139
55404608,0,,,1713,832,881,171,90,81,1487,717,770,901,480,421,1441,692,749,1419,683,736,586,237,349,298,104,194,85,19,66,3,1,2,18,11,7,838,837,379,217,140,60,25,10,6,454,377,77,52,427,30,173,88
55404609,0,,,626,312,314,92,45,47,514,257,257,389,198,191,486,241,245,473,235,238,125,59,66,42,14,28,18,5,13,3,0,3,2,1,1,263,263,86,71,49,38,15,4,0,171,145,26,18,86,10,20,22
55404610,0,,,262,124,138,27,11,16,235,113,122,165,82,83,223,109,114,218,108,110,70,31,39,25,7,18,9,1,8,0,0,0,0,0,0,94,94,16,37,16,13,5,4,3,78,57,21,9,52,0,10,11
55404611,0,,,125,67,58,17,8,9,106,58,48,71,41,30,102,55,47,101,54,47,35,17,18,11,4,7,3,1,2,1,0,1,0,0,0,49,49,12,19,7,5,3,2,1,36,31,5,3,24,0,6,5
55404612,0,,,70,40,30,10,6,4,60,34,26,35,21,14,54,30,24,52,29,23,25,13,12,11,5,6,4,2,2,0,0,0,0,0,0,19,19,0,7,3,5,1,0,3,19,12,7,3,16,0,0,3
55404613,0,,,32,19,13,2,2,0,30,17,13,20,12,8,29,16,13,28,15,13,10,5,5,5,2,3,1,0,1,0,0,0,0,0,0,11,11,1,4,4,0,1,1,0,10,6,4,1,8,0,1,2
55404614,0,,,46,23,23,0,0,0,46,23,23,14,8,6,46,23,23,46,23,23,32,15,17,24,11,13,10,3,7,1,0,1,0,0,0,11,8,1,4,3,0,0,0,0,7,7,0,0,4,0,0,3
55404615,0,,,137,71,66,6,3,3,131,68,63,62,37,25,129,67,62,127,66,61,69,31,38,32,11,21,12,4,8,1,1,0,1,0,1,60,60,16,26,8,6,3,1,0,43,33,10,1,48,0,15,9
55404616,0,,,1295,625,670,136,64,72,1141,551,590,659,331,328,1119,541,578,1105,534,571,482,220,262,217,87,130,82,25,57,9,1,8,2,0,2,554,554,174,171,112,65,15,12,5,379,309,70,43,325,5,91,82
55404617,0,,,1388,637,751,116,67,49,1256,563,693,652,324,328,1232,548,684,1219,541,678,604,239,365,341,114,227,121,28,93,13,1,12,15,3,12,570,566,189,194,84,65,19,7,8,373,294,79,30,353,15,112,93
55404618,0,,,1358,569,789,139,72,67,1200,491,709,623,267,356,1163,475,688,1143,467,676,577,224,353,251,72,179,75,18,57,5,2,3,1,0,1,719,719,342,220,91,42,16,3,5,373,340,33,29,457,3,234,92
55404619,0,,,381,197,184,55,27,28,319,167,152,233,123,110,314,164,150,310,164,146,86,44,42,41,21,20,10,5,5,0,0,0,1,0,1,179,179,77,47,24,21,7,2,1,98,87,11,15,64,4,23,14
55404620,0,,,56,25,31,9,2,7,47,23,24,28,14,14,47,23,24,46,22,24,19,9,10,10,4,6,0,0,0,0,0,0,0,0,0,19,19,4,7,2,2,2,0,2,15,11,4,1,13,0,1,4
55404621,0,,,57,31,26,7,5,2,50,26,24,28,15,13,50,26,24,50,26,24,22,11,11,3,0,3,1,0,1,0,0,0,0,0,0,21,21,3,8,5,4,0,0,1,18,17,1,3,15,0,2,4
55404622,0,,,14,7,7,2,1,1,12,6,6,8,5,3,12,6,6,11,5,6,4,1,3,4,1,3,2,0,2,0,0,0,0,0,0,5,5,1,1,2,0,1,0,0,4,2,2,0,3,0,0,1
55404625,0,,,44,20,24,0,0,0,44,20,24,21,10,11,44,20,24,44,20,24,23,10,13,10,4,6,0,0,0,0,0,0,0,0,0,17,17,2,7,4,4,0,0,0,14,11,3,0,15,0,2,2
55404626,2,55404627,,3,1,2,*,*,*,*,*,*,*,*,*,*,*,*,*,*,*,*,*,*,*,*,*,*,*,*,*,*,*,*,*,*,2,2,*,*,*,*,*,*,*,*,*,*,*,*,*,*,*
55404627,1,,55404626,1072,536,536,119,73,46,944,460,484,577,308,269,915,446,469,900,434,466,367,152,215,173,52,121,54,7,47,10,0,10,2,1,1,475,474,176,151,66,56,16,11,0,299,249,50,31,244,29,78,55
55404628,0,,,312,153,159,27,13,14,284,140,144,159,80,79,276,136,140,272,135,137,125,60,65,55,24,31,18,4,14,3,0,3,0,0,0,130,130,36,45,24,18,3,1,3,93,76,17,9,84,5,20,22
55404629,0,,,1146,560,586,176,93,83,953,461,492,662,326,336,917,446,471,896,428,468,291,135,156,128,55,73,32,9,23,1,0,1,4,2,2,400,400,56,141,85,67,30,15,6,340,279,61,43,186,1,29,67
55404630,1,,55404631,189,99,90,14,9,5,175,92,83,101,56,45,173,90,83,171,88,83,74,36,38,38,18,20,13,6,7,0,0,0,0,0,0,69,69,18,16,16,13,7,1,0,52,36,16,5,47,0,12,8
55404631,2,55404630,,2,2,0,*,*,*,*,*,*,*,*,*,*,*,*,*,*,*,*,*,*,*,*,*,*,*,*,*,*,*,*,*,*,2,2,*,*,*,*,*,*,*,*,*,*,*,*,*,*,*
55404634,2,55404635,,8,5,3,*,*,*,*,*,*,*,*,*,*,*,*,*,*,*,*,*,*,*,*,*,*,*,*,*,*,*,*,*,*,2,2,*,*,*,*,*,*,*,*,*,*,*,*,*,*,*
55404635,1,,55404634,146,78,68,6,4,2,142,76,66,63,36,27,139,74,65,138,73,65,79,40,39,31,14,17,12,6,6,1,0,1,0,0,0,75,75,32,28,8,5,2,2,0,42,37,5,2,58,0,24,16
55404636,0,,,353,176,177,21,12,9,329,161,168,166,89,77,325,160,165,322,157,165,163,72,91,79,31,48,30,10,20,0,0,0,1,0,1,159,159,54,60,22,11,6,4,2,102,81,21,8,118,1,42,24
55404637,0,,,552,269,283,37,19,18,500,244,256,276,132,144,487,236,251,483,235,248,224,112,112,95,41,54,31,10,21,0,0,0,2,1,1,265,265,97,91,45,26,3,2,1,166,139,27,15,160,2,55,41
55404638,0,,,781,368,413,83,46,37,681,314,367,414,206,208,659,305,354,644,299,345,267,108,159,125,39,86,39,9,30,3,2,1,3,1,2,365,365,150,99,63,31,15,5,2,212,175,37,27,201,6,74,41
55404643,2,55404644,,2,1,1,*,*,*,*,*,*,*,*,*,*,*,*,*,*,*,*,*,*,*,*,*,*,*,*,*,*,*,*,*,*,1,1,*,*,*,*,*,*,*,*,*,*,*,*,*,*,*
55404644,1,,55404643,181,85,96,8,3,5,172,81,91,111,57,54,167,80,87,166,80,86,61,24,37,24,8,16,4,1,3,0,0,0,0,0,0,70,70,14,22,23,6,4,2,0,56,42,14,3,41,0,7,8
55404645,0,,,81,42,39,10,8,2,71,34,37,43,24,19,68,31,37,67,30,37,28,10,18,16,3,13,7,0,7,0,0,0,1,0,1,29,29,4,9,7,7,2,0,0,25,19,6,4,18,0,3,4
55404646,0,,,205,103,102,22,14,8,178,84,94,120,62,58,171,82,89,169,81,88,58,22,36,32,11,21,14,2,12,1,1,0,0,0,0,85,85,31,16,20,10,6,2,0,54,39,15,7,43,1,15,6
55404647,0,,,2659,1279,1380,270,137,133,2346,1119,1227,1406,715,691,2277,1082,1195,2239,1058,1181,940,404,536,428,155,273,146,37,109,12,3,9,15,5,10,1131,1129,348,390,196,126,45,15,9,769,653,116,64,664,4,212,157
55404648,0,,,3070,1479,1591,308,172,136,2672,1264,1408,1704,852,852,2597,1228,1369,2558,1205,1353,968,412,556,505,185,320,173,55,118,14,0,14,13,6,7,1354,1351,465,414,245,150,54,19,4,866,730,136,81,657,41,196,158
55404649,0,,,799,375,424,58,28,30,708,327,381,422,217,205,697,321,376,690,317,373,286,110,176,177,56,121,92,15,77,18,1,17,2,0,2,388,387,202,96,48,29,10,1,1,184,162,22,15,155,41,59,34
55404652,0,,,13,7,6,0,0,0,13,7,6,6,5,1,13,7,6,13,7,6,7,2,5,4,1,3,1,0,1,0,0,0,0,0,0,6,6,0,5,1,0,0,0,0,6,4,2,0,5,0,0,1
55404653,0,,,270,124,146,36,16,20,234,108,126,163,78,85,227,108,119,222,106,116,71,30,41,23,5,18,13,2,11,3,0,3,0,0,0,94,94,15,33,15,17,8,6,0,78,63,15,6,52,0,9,11
55404654,0,,,312,197,115,21,8,13,289,188,101,187,132,55,284,185,99,281,183,98,102,56,46,37,16,21,8,3,5,0,0,0,4,3,1,173,96,22,39,10,21,3,1,0,73,66,7,5,61,0,16,23
55404655,0,,,78,32,46,11,1,10,67,31,36,34,16,18,65,30,35,64,30,34,33,15,18,19,9,10,6,3,3,0,0,0,0,0,0,27,27,6,8,4,5,2,0,2,21,16,5,0,21,0,6,4
55404656,0,,,956,459,497,113,61,52,839,396,443,471,243,228,821,388,433,811,384,427,368,153,215,167,64,103,54,15,39,0,0,0,2,1,1,399,399,117,133,63,61,18,1,6,277,224,53,33,260,0,82,67
55404657,0,,,2091,1000,1091,248,129,119,1836,866,970,1062,536,526,1781,839,942,1750,826,924,774,330,444,399,150,249,141,42,99,15,3,12,3,0,3,796,795,205,252,162,104,39,27,6,587,481,106,61,490,7,148,110
55404658,0,,,4095,1976,2119,472,239,233,3525,1689,1836,2230,1151,1079,3405,1630,1775,3347,1608,1739,1295,538,757,697,269,428,224,77,147,16,1,15,30,5,25,1812,1810,661,528,299,206,79,27,10,1132,950,182,126,893,54,294,211
55404659,0,,,3223,1601,1622,403,205,198,2670,1323,1347,1841,977,864,2595,1277,1318,2537,1249,1288,829,346,483,416,149,267,134,24,110,14,2,12,29,13,16,1626,1623,837,366,200,145,61,11,3,771,675,96,131,565,135,227,117
55404662,0,,,31,15,16,2,2,0,29,13,16,18,8,10,27,12,15,26,11,15,11,5,6,4,2,2,0,0,0,0,0,0,0,0,0,12,12,3,2,4,3,0,0,0,9,9,0,0,8,0,3,1
55404663,0,,,607,309,298,63,32,31,544,277,267,376,197,179,530,273,257,517,263,254,168,80,88,57,23,34,15,6,9,2,0,2,1,0,1,220,220,29,80,59,29,16,5,2,188,158,30,12,107,0,15,35
55404664,0,,,92,46,46,7,4,3,85,42,43,61,33,28,79,40,39,77,39,38,24,9,15,16,4,12,5,1,4,0,0,0,0,0,0,31,31,4,10,6,7,3,0,1,27,20,7,0,16,0,2,4
55404665,0,,,11,6,5,1,1,0,10,5,5,5,2,3,9,5,4,9,5,4,5,3,2,2,1,1,1,1,0,0,0,0,0,0,0,5,5,1,3,0,1,0,0,0,4,4,0,0,3,0,1,2
55404666,0,,,113,56,57,5,2,3,108,54,54,61,34,27,107,54,53,106,53,53,47,20,27,13,4,9,1,0,1,0,0,0,1,0,1,49,49,16,15,8,8,1,1,0,33,25,8,2,34,0,12,7
55404667,0,,,286,135,151,30,19,11,249,112,137,129,56,73,246,111,135,242,109,133,120,56,64,46,19,27,17,4,13,1,0,1,2,2,0,118,118,33,43,15,18,6,1,2,85,68,17,5,75,0,19,27
55404668,0,,,809,438,371,104,56,48,684,368,316,487,275,212,662,352,310,646,343,303,197,93,104,78,34,44,19,8,11,2,2,0,11,5,6,342,342,116,92,59,51,18,4,2,219,195,24,26,140,13,35,37
55404669,0,,,2693,1366,1327,302,162,140,2269,1141,1128,1587,837,750,2209,1109,1100,2171,1092,1079,682,304,378,354,141,213,110,42,68,8,1,7,12,3,9,1294,1292,578,323,200,131,47,11,2,696,599,97,94,461,76,151,120
55404672,2,55404673,,2,1,1,*,*,*,*,*,*,*,*,*,*,*,*,*,*,*,*,*,*,*,*,*,*,*,*,*,*,*,*,*,*,2,2,*,*,*,*,*,*,*,*,*,*,*,*,*,*,*
55404673,1,,55404672,21,11,10,3,2,1,20,10,10,9,5,4,20,10,10,20,10,10,11,5,6,5,1,4,4,1,3,0,0,0,0,0,0,9,9,7,1,1,0,1,1,0,4,2,2,0,10,0,6,0
55404674,0,,,152,74,78,19,9,10,133,65,68,95,46,49,126,62,64,118,57,61,38,19,19,19,9,10,3,2,1,0,0,0,0,0,0,55,55,12,15,14,8,2,2,2,43,37,6,5,25,1,5,10
55404675,2,55404676,,3,1,2,*,*,*,*,*,*,*,*,*,*,*,*,*,*,*,*,*,*,*,*,*,*,*,*,*,*,*,*,*,*,2,2,*,*,*,*,*,*,*,*,*,*,*,*,*,*,*
55404676,1,,55404675,283,141,142,18,11,7,264,129,135,130,67,63,253,123,130,252,123,129,134,62,72,55,24,31,19,6,13,0,0,0,2,1,1,122,122,48,32,19,15,5,3,2,73,50,23,5,96,0,40,18
55404677,0,,,850,440,410,92,53,39,747,381,366,502,276,226,730,371,359,718,363,355,245,105,140,124,42,82,41,7,34,4,0,4,11,9,2,361,361,117,104,75,37,18,8,2,239,187,52,24,177,12,48,34
55404678,0,,,2690,1293,1397,312,148,164,2245,1072,1173,1508,762,746,2166,1037,1129,2124,1018,1106,737,310,427,336,119,217,107,36,71,6,2,4,25,14,11,1281,1280,559,340,200,119,37,17,8,701,604,97,92,506,43,183,134
55404679,0,,,2955,1431,1524,372,176,196,2488,1202,1286,1693,856,837,2397,1160,1237,2355,1143,1212,795,346,449,303,116,187,95,25,70,6,1,5,49,26,23,1389,1386,583,394,193,143,53,20,0,792,695,97,102,529,105,167,144
55404683,0,,,23,12,11,0,0,0,23,12,11,15,9,6,23,12,11,23,12,11,8,3,5,4,2,2,1,1,0,0,0,0,0,0,0,8,8,0,2,5,1,0,0,0,8,6,2,0,5,0,0,1
55404684,0,,,64,34,30,7,4,3,57,30,27,25,14,11,56,30,26,56,30,26,32,16,16,12,6,6,1,1,0,0,0,0,0,0,0,28,28,6,14,4,3,0,1,0,22,17,5,1,19,1,4,9
55404685,0,,,142,80,62,9,6,3,132,73,59,61,38,23,128,71,57,126,70,56,71,35,36,32,13,19,10,1,9,1,0,1,0,0,0,74,74,34,24,10,3,2,0,1,40,34,6,2,54,1,24,9
55404686,1,,55404696,632,315,317,32,19,13,596,294,302,325,179,146,589,290,299,581,285,296,271,115,156,144,54,90,46,12,34,4,0,4,2,1,1,294,294,107,99,53,23,9,1,4,187,142,45,9,195,1,66,29
55404687,0,,,948,443,505,101,53,48,826,379,447,466,243,223,794,365,429,779,357,422,360,136,224,213,61,152,96,23,73,12,5,7,3,3,0,359,358,113,105,56,59,14,5,6,242,193,49,24,205,6,58,46
55404688,0,,,391,195,196,61,31,30,330,164,166,205,100,105,319,155,164,312,151,161,125,64,61,61,28,33,21,8,13,1,0,1,3,3,0,158,158,41,58,23,24,7,3,2,117,101,16,15,89,4,26,24
55404689,0,,,157,79,78,24,12,12,133,67,66,75,40,35,133,67,66,133,67,66,58,27,31,31,12,19,11,4,7,1,1,0,0,0,0,61,61,13,20,15,8,3,2,0,48,37,11,5,39,0,8,8
55404692,2,55404693,,8,3,5,*,*,*,*,*,*,*,*,*,*,*,*,*,*,*,*,*,*,*,*,*,*,*,*,*,*,*,*,*,*,3,3,*,*,*,*,*,*,*,*,*,*,*,*,*,*,*
55404693,1,,55404692,35,13,22,3,0,3,40,16,24,25,11,14,38,15,23,37,15,22,15,5,10,8,3,5,2,0,2,0,0,0,0,0,0,12,12,3,4,2,5,0,1,0,12,7,5,2,10,0,1,2
55404694,0,,,341,171,170,30,16,14,308,153,155,170,88,82,300,150,150,295,148,147,138,65,73,60,25,35,21,6,15,5,1,4,0,0,0,131,131,25,46,33,16,5,6,0,106,88,18,6,89,0,13,25
55404695,0,,,150,77,73,5,3,2,145,74,71,61,34,27,143,72,71,142,72,70,84,40,44,36,14,22,11,3,8,0,0,0,0,0,0,71,71,26,21,16,7,0,1,0,44,34,10,2,55,0,17,11
55404696,2,55404686,,3,2,1,*,*,*,*,*,*,*,*,*,*,*,*,*,*,*,*,*,*,*,*,*,*,*,*,*,*,*,*,*,*,2,2,*,*,*,*,*,*,*,*,*,*,*,*,*,*,*
55404698,0,,,80,39,41,4,1,3,76,38,38,43,24,19,73,38,35,73,38,35,33,14,19,20,9,11,6,2,4,0,0,0,2,2,0,32,32,7,11,10,2,1,0,1,25,19,6,2,23,0,4,5
55404699,0,,,1069,539,530,116,54,62,925,468,457,619,331,288,898,455,443,882,445,437,306,137,169,137,56,81,33,8,25,3,2,1,2,1,1,451,450,133,153,79,52,23,6,4,311,266,45,31,204,10,50,61
55404700,0,,,28,12,16,4,3,1,24,9,15,13,4,9,23,9,14,23,9,14,11,5,6,3,1,2,1,0,1,0,0,0,0,0,0,8,8,2,2,0,0,2,2,0,6,2,4,2,7,0,2,1
55404701,0,,,50,24,26,1,0,1,49,24,25,28,14,14,47,23,24,47,23,24,21,10,11,12,5,7,2,0,2,0,0,0,0,0,0,20,20,3,10,2,4,1,0,0,16,13,3,0,15,0,3,3
55404702,0,,,542,259,283,51,24,27,485,232,253,287,143,144,471,224,247,467,223,244,198,89,109,87,36,51,24,5,19,3,1,2,0,0,0,229,229,66,75,45,29,10,3,1,161,139,22,9,136,1,38,38
55404703,0,,,4023,1992,2031,384,201,183,3616,1775,1841,2533,1244,1289,3513,1723,1790,3451,1686,1765,1083,531,552,394,166,228,125,44,81,10,1,9,25,16,9,1660,1660,388,623,353,201,62,20,13,1268,1100,168,100,740,137,108,265
55404704,0,,,2350,1123,1227,271,133,138,2063,982,1081,1645,800,845,1964,937,1027,1925,918,1007,418,182,236,198,73,125,53,13,40,2,0,2,1,0,1,830,830,77,312,217,149,57,12,6,747,638,109,64,284,1,37,89
55404705,2,55404715,,8,4,4,*,*,*,*,*,*,*,*,*,*,*,*,*,*,*,*,*,*,*,*,*,*,*,*,*,*,*,*,*,*,2,2,*,*,*,*,*,*,*,*,*,*,*,*,*,*,*
55404707,0,,,354,173,181,74,39,35,279,133,146,200,97,103,264,126,138,258,122,136,79,36,43,34,12,22,13,2,11,1,0,1,0,0,0,134,134,43,30,23,22,6,7,3,91,72,19,18,59,2,23,9
55404708,0,,,109,54,55,22,12,10,87,42,45,57,29,28,84,41,43,84,41,43,30,13,17,16,6,10,5,2,3,0,0,0,0,0,0,35,35,4,9,6,12,3,1,0,31,23,8,5,16,0,2,3
55404710,2,55404711,,7,2,5,*,*,*,*,*,*,*,*,*,*,*,*,*,*,*,*,*,*,*,*,*,*,*,*,*,*,*,*,*,*,4,4,*,*,*,*,*,*,*,*,*,*,*,*,*,*,*
55404711,1,,55404710,199,88,111,22,8,14,183,82,101,103,52,51,180,81,99,178,79,99,80,30,50,36,12,24,10,2,8,1,0,1,1,0,1,82,82,22,27,22,12,2,1,0,64,54,10,2,55,1,13,13
55404712,0,,,1041,507,534,101,50,51,936,455,481,616,296,320,899,438,461,882,426,456,320,159,161,114,53,61,27,10,17,1,0,1,4,1,3,425,422,99,169,71,55,16,9,3,322,286,36,25,210,1,46,75
55404713,0,,,1261,628,633,120,64,56,1137,561,576,742,373,369,1067,520,547,1034,500,534,395,188,207,175,78,97,66,25,41,9,2,7,3,0,3,487,487,95,180,102,73,21,10,6,391,337,54,16,265,0,66,97
55404714,0,,,1788,897,891,433,236,197,1336,652,684,1125,556,569,1222,592,630,1184,575,609,211,96,115,79,35,44,35,13,22,2,2,0,9,6,3,554,554,51,106,149,187,40,17,4,500,439,61,61,131,5,11,31
55404715,1,,55404705,56,30,26,0,0,0,64,34,30,32,18,14,63,34,29,62,33,29,32,16,16,14,6,8,7,4,3,0,0,0,0,0,0,19,19,3,4,6,6,1,1,0,18,8,10,0,20,0,3,3
55404716,2,55404726,,7,4,3,*,*,*,*,*,*,*,*,*,*,*,*,*,*,*,*,*,*,*,*,*,*,*,*,*,*,*,*,*,*,3,3,*,*,*,*,*,*,*,*,*,*,*,*,*,*,*
55404717,0,,,1009,524,485,99,54,45,897,463,434,576,321,255,878,452,426,859,439,420,321,142,179,157,64,93,56,21,35,2,1,1,5,2,3,409,409,127,127,62,47,30,9,7,280,221,59,33,218,4,56,48
55404718,0,,,68,33,35,8,6,2,58,26,32,28,14,14,57,25,32,57,25,32,30,12,18,18,7,11,8,2,6,0,0,0,0,0,0,25,25,5,9,4,3,3,1,0,19,12,7,3,19,0,3,5
55404720,0,,,123,29,94,0,0,0,123,29,94,10,3,7,123,29,94,123,29,94,113,26,87,104,22,82,80,13,67,13,3,10,0,0,0,7,5,0,1,3,0,0,1,0,5,3,2,0,5,0,0,0
55404721,0,,,1473,693,780,150,75,75,1301,611,690,709,360,349,1271,594,677,1251,585,666,592,251,341,325,129,196,100,29,71,7,2,5,3,1,2,602,601,159,216,123,67,25,6,5,435,376,59,41,360,7,92,122
55404722,0,,,3839,1827,2012,356,184,172,3327,1572,1755,1947,957,990,3233,1521,1712,3163,1490,1673,1380,615,765,615,272,343,135,41,94,7,2,5,23,8,15,1867,1866,769,573,284,168,53,14,5,1095,958,137,89,910,155,244,317
55404723,0,,,329,162,167,42,20,22,277,137,140,246,125,121,257,124,133,247,120,127,31,12,19,20,7,13,7,1,6,0,0,0,9,6,3,149,149,64,31,26,21,3,3,1,85,77,8,11,21,22,5,7
55404724,0,,,85,47,38,10,5,5,73,41,32,31,19,12,73,41,32,72,40,32,42,22,20,14,6,8,6,3,3,0,0,0,0,0,0,29,29,6,9,6,3,2,1,2,23,16,7,3,25,0,4,7
55404725,0,,,100,48,52,12,6,6,88,42,46,48,26,22,86,41,45,85,40,45,40,16,24,17,5,12,9,3,6,2,1,1,0,0,0,32,32,6,9,6,5,1,3,2,26,12,14,2,24,0,3,4
55404726,1,,55404716,185,83,102,30,11,19,162,76,86,99,48,51,161,76,85,159,75,84,63,28,35,30,13,17,7,2,5,1,0,1,0,0,0,54,54,6,14,13,11,7,2,4,51,30,21,7,38,0,2,4
55404727,0,,,1392,694,698,193,90,103,1135,572,563,816,425,391,1095,549,546,1075,544,531,319,147,172,121,49,72,35,8,27,3,1,2,35,33,2,567,567,191,134,107,83,38,9,5,367,299,68,52,209,42,37,57
55404730,0,,,32,17,15,3,2,1,29,15,14,15,9,6,28,14,14,28,14,14,14,6,8,3,1,2,2,1,1,0,0,0,0,0,0,15,15,4,7,3,0,1,0,0,11,10,1,1,10,0,3,3
55404731,0,,,2136,1136,1000,183,95,88,1824,972,852,1279,737,542,1684,879,805,1569,811,758,545,235,310,273,106,167,94,31,63,4,2,2,23,10,13,1057,1053,570,246,132,71,21,10,3,476,418,58,52,380,74,122,102
55404732,0,,,4465,2221,2244,424,221,203,3785,1872,1913,2387,1260,1127,3686,1825,1861,3566,1766,1800,1398,612,786,795,340,455,184,69,115,7,2,5,30,20,10,2246,2245,1089,534,319,207,71,19,6,1144,986,158,119,919,230,236,287
55404733,0,,,1811,850,961,354,173,181,1436,666,770,1169,552,617,1305,604,701,1249,575,674,267,114,153,127,48,79,33,8,25,4,0,4,1,0,1,571,571,70,128,140,145,62,12,14,495,425,70,54,175,5,22,39
55404734,0,,,96,45,51,8,3,5,88,42,46,45,25,20,83,39,44,82,38,44,43,17,26,26,10,16,8,2,6,2,0,2,0,0,0,33,33,5,8,10,6,3,1,0,27,19,8,3,27,1,4,4
55404735,0,,,125,65,60,18,10,8,107,55,52,57,34,23,106,54,52,104,53,51,50,21,29,19,10,9,5,1,4,0,0,0,0,0,0,38,38,3,13,7,8,3,2,2,34,26,8,6,29,0,3,9
55404736,0,,,625,313,312,46,27,19,576,283,293,327,169,158,560,277,283,555,274,281,249,114,135,117,51,66,41,15,26,2,1,1,1,1,0,226,226,40,75,55,26,18,8,4,186,133,53,12,158,0,28,39
55404737,0,,,323,142,181,27,7,20,294,133,161,119,57,62,288,133,155,285,132,153,175,76,99,98,35,63,40,9,31,4,0,4,0,0,0,83,82,17,25,15,11,8,4,2,65,47,18,4,56,0,9,16
55404740,0,,,1715,854,861,222,114,108,1401,694,707,1061,544,517,1350,664,686,1326,654,672,340,150,190,157,61,96,37,11,26,3,0,3,14,7,7,856,856,407,213,117,76,32,10,1,435,386,49,57,241,53,73,66
55404741,0,,,2342,1173,1169,206,102,104,1990,999,991,1255,703,552,1947,978,969,1923,967,956,735,296,439,416,138,278,203,54,149,25,3,22,30,8,22,1141,1136,623,242,145,88,26,8,4,498,417,81,67,376,92,131,87
55404742,0,,,3527,1701,1826,444,233,211,2913,1389,1524,1990,1023,967,2808,1337,1471,2751,1301,1450,923,366,557,572,205,367,206,61,145,11,2,9,20,3,17,1550,1547,584,441,251,178,62,23,8,948,828,120,130,572,52,157,171
55404743,0,,,635,328,307,91,49,42,527,269,258,342,187,155,512,258,254,501,251,250,185,82,103,97,37,60,29,9,20,3,0,3,3,0,3,248,248,68,76,37,45,13,7,2,179,145,34,34,120,8,19,37
55404744,0,,,169,86,83,17,13,4,152,73,79,79,38,41,146,71,75,143,69,74,73,35,38,30,10,20,13,3,10,1,0,1,0,0,0,51,51,10,8,12,12,3,1,5,41,22,19,7,45,0,8,5
55404745,0,,,28,15,13,5,2,3,23,13,10,12,7,5,23,13,10,23,13,10,11,6,5,5,4,1,2,1,1,0,0,0,0,0,0,10,10,2,2,4,1,0,1,0,8,6,2,3,6,0,1,1
55404746,0,,,47,21,26,6,4,2,41,17,24,25,11,14,41,17,24,41,17,24,16,6,10,10,2,8,1,0,1,0,0,0,0,0,0,18,18,1,10,4,1,2,0,0,17,14,3,1,12,0,1,5
55404747,0,,,386,176,210,15,7,8,371,169,202,154,81,73,364,167,197,361,167,194,217,88,129,140,48,92,70,16,54,12,2,10,0,0,0,45,42,7,9,16,4,4,1,1,35,25,10,4,26,0,3,5
55404750,0,,,2740,1395,1345,326,179,147,2310,1168,1142,1716,915,801,2215,1110,1105,2173,1090,1083,594,253,341,299,99,200,101,26,75,4,0,4,29,4,25,1293,1291,557,342,197,125,52,15,3,713,633,80,91,402,89,110,105
55404751,0,,,2797,1409,1388,232,128,104,2384,1184,1200,1605,889,716,2317,1147,1170,2288,1135,1153,779,295,484,461,159,302,194,51,143,25,3,22,24,8,16,1473,1469,769,375,183,105,28,5,4,688,617,71,69,458,94,138,134
55404752,0,,,3390,1699,1691,340,159,181,2845,1423,1422,1982,1069,913,2759,1392,1367,2704,1367,1337,863,354,509,459,163,296,142,42,100,9,1,8,60,21,39,1800,1797,966,416,211,136,49,13,6,808,717,91,94,603,124,238,146
55404753,0,,,57,28,29,2,2,0,55,26,29,29,13,16,52,24,28,51,24,27,26,13,13,9,4,5,5,2,3,1,0,1,0,0,0,23,23,5,7,6,5,0,0,0,18,16,2,0,15,0,4,4
55404754,0,,,70,32,38,3,1,2,67,31,36,38,18,20,65,31,34,65,31,34,29,13,16,13,5,8,8,4,4,0,0,0,0,0,0,21,21,2,3,9,3,2,1,1,19,10,9,0,19,0,2,3
55404755,0,,,121,63,58,15,8,7,106,55,51,54,30,24,105,55,50,103,53,50,52,25,27,18,7,11,7,4,3,0,0,0,0,0,0,41,41,6,14,8,7,2,3,1,35,22,13,4,34,0,5,7
55404756,0,,,397,193,204,50,28,22,346,164,182,201,100,101,335,161,174,334,160,174,145,64,81,74,27,47,23,7,16,3,0,3,0,0,0,132,132,18,44,25,26,7,8,4,114,83,31,10,94,0,11,30
55404757,0,,,201,95,106,22,9,13,178,86,92,100,50,50,173,84,89,172,84,88,78,36,42,38,15,23,18,7,11,1,0,1,0,0,0,81,81,23,26,16,8,4,3,1,58,43,15,5,49,0,9,14
55404760,0,,,2620,1285,1335,279,135,144,2157,1052,1105,1424,746,678,2105,1026,1079,2075,1010,1065,733,306,427,379,139,240,136,37,99,13,1,12,32,16,16,1255,1249,590,339,172,103,32,7,6,636,558,78,89,434,68,139,117
55404761,0,,,4191,2104,2087,370,190,180,3483,1736,1747,2417,1299,1118,3400,1692,1708,3361,1671,1690,1066,437,629,535,187,348,178,55,123,16,2,14,136,69,67,2339,2337,1284,580,258,155,47,9,4,1003,908,95,107,769,129,333,171
55404762,0,,,4282,2218,2064,453,233,220,3592,1855,1737,2591,1444,1147,3496,1805,1691,3330,1674,1656,1001,411,590,524,186,338,177,49,128,13,1,12,205,112,93,2310,2308,1288,504,279,164,45,22,6,994,881,113,152,663,292,247,164
55404763,0,,,3312,1639,1673,376,183,193,2759,1368,1391,1914,1029,885,2674,1328,1346,2622,1299,1323,845,339,506,361,142,219,110,35,75,12,1,11,50,20,30,1652,1651,770,439,234,136,44,18,10,855,754,101,125,615,99,224,141
55404764,0,,,93,49,44,8,6,2,85,43,42,52,26,26,83,41,42,82,40,42,33,17,16,17,10,7,4,2,2,0,0,0,0,0,0,33,33,7,10,8,4,1,1,2,26,18,8,1,22,0,4,7
55404765,0,,,472,192,280,40,19,21,409,162,247,150,79,71,401,159,242,397,158,239,259,83,176,190,49,141,121,23,98,25,4,21,1,1,0,120,117,39,23,22,22,5,3,3,77,52,25,8,56,1,9,10
55404766,0,,,229,111,118,36,18,18,192,92,100,122,62,60,188,89,99,187,88,99,70,30,40,39,15,24,11,4,7,2,0,2,1,0,1,73,73,16,21,8,11,7,5,5,57,36,21,10,50,0,12,11
55404767,0,,,89,44,45,6,2,4,83,42,41,56,31,25,79,39,40,74,37,37,27,11,16,14,3,11,3,1,2,2,0,2,1,0,1,31,31,10,7,5,1,5,1,2,21,12,9,2,19,0,5,2
55404770,0,,,3114,1560,1554,337,166,171,2663,1331,1332,1729,926,803,2588,1297,1291,2547,1274,1273,934,405,529,485,195,290,146,52,94,9,3,6,47,23,24,1487,1486,645,401,219,147,47,19,8,824,725,99,96,658,63,225,180
55404771,0,,,3912,1969,1943,383,203,180,3229,1615,1614,2237,1197,1040,3100,1552,1548,3044,1523,1521,992,418,574,513,181,332,184,49,135,17,1,16,54,18,36,2006,2003,1022,458,252,192,58,13,8,951,847,104,102,711,86,267,168
55404772,0,,,1209,631,578,110,68,42,1079,555,524,759,425,334,972,461,511,919,433,486,320,130,190,121,43,78,43,12,31,5,0,5,24,11,13,507,505,174,178,81,49,16,5,2,321,289,32,22,228,7,78,61
55404773,0,,,487,256,231,45,23,22,411,214,197,268,150,118,397,207,190,389,203,186,143,64,79,67,27,40,20,4,16,3,0,3,9,7,2,238,238,114,54,39,17,8,4,2,121,98,23,15,94,14,24,24
55404774,0,,,3214,1597,1617,417,215,202,2623,1283,1340,1859,971,888,2539,1245,1294,2495,1220,1275,764,312,452,434,163,271,122,36,86,9,1,8,23,11,12,1479,1474,620,386,221,160,64,18,5,831,731,100,133,515,37,172,125
55404775,0,,,1427,711,716,170,93,77,1209,592,617,788,399,389,1170,574,596,1152,568,584,421,193,228,210,90,120,54,24,30,6,3,3,2,1,1,601,601,185,183,114,81,25,8,5,407,344,63,49,293,10,77,70
55404776,0,,,258,132,126,25,11,14,225,113,112,125,69,56,218,111,107,213,109,104,100,44,56,51,19,32,20,4,16,1,0,1,0,0,0,104,104,29,36,19,7,8,3,2,75,61,14,4,61,1,5,21
55404777,0,,,162,84,78,17,8,9,145,76,69,76,45,31,144,76,68,141,75,66,69,31,38,29,13,16,7,1,6,0,0,0,0,0,0,54,54,9,15,17,6,1,2,4,45,32,13,5,45,0,8,11
55404780,0,,,879,419,460,98,45,53,760,362,398,478,228,250,741,353,388,722,347,375,282,134,148,143,62,81,41,17,24,3,1,2,3,3,0,372,370,119,115,70,37,17,7,5,247,205,42,27,188,11,51,50
55404781,0,,,370,186,184,37,17,20,330,168,162,182,100,82,321,162,159,314,158,156,148,68,80,76,34,42,20,8,12,4,1,3,0,0,0,139,139,31,43,29,24,7,2,3,106,85,21,11,94,1,20,26
55404782,0,,,577,257,320,101,51,50,476,206,270,304,136,168,454,195,259,435,186,249,172,70,102,82,32,50,25,11,14,0,0,0,1,0,1,228,228,62,72,39,30,18,5,2,164,145,19,24,120,0,40,32
55404783,0,,,219,96,123,26,13,13,193,83,110,108,52,56,187,80,107,183,78,105,85,31,54,43,12,31,27,4,23,3,0,3,0,0,0,87,87,21,28,17,15,5,1,0,66,53,13,4,55,0,15,12
55404784,0,,,245,117,128,34,15,19,211,102,109,126,70,56,205,98,107,201,95,106,85,32,53,39,15,24,11,2,9,0,0,0,0,0,0,87,87,19,24,21,8,11,1,3,68,51,17,9,57,0,11,12
55404785,0,,,3379,1686,1693,406,201,205,2850,1414,1436,1855,964,891,2757,1370,1387,2706,1342,1364,995,450,545,477,203,274,132,49,83,9,2,7,21,10,11,1445,1445,483,415,270,177,70,16,14,940,790,150,116,655,40,155,189
55404786,0,,,1862,930,932,242,125,117,1548,765,783,1092,555,537,1496,735,761,1461,716,745,456,210,246,215,80,135,81,27,54,6,1,5,14,2,12,807,804,302,214,130,101,37,16,4,493,428,65,73,302,28,72,81
55404787,0,,,112,56,56,6,5,1,105,50,55,59,31,28,104,50,54,103,49,54,46,19,27,17,4,13,9,2,7,2,0,2,0,0,0,42,42,9,12,11,7,2,0,1,33,23,10,1,29,0,4,7
55404790,0,,,2799,1405,1394,312,166,146,2386,1182,1204,1537,810,727,2314,1151,1163,2272,1125,1147,849,372,477,404,167,237,111,35,76,6,1,5,12,3,9,1221,1217,413,356,239,135,53,14,7,789,660,129,72,565,37,135,156
55404791,0,,,616,305,311,60,31,29,555,274,281,309,159,150,545,267,278,535,260,275,246,115,131,107,45,62,31,10,21,1,0,1,1,0,1,243,243,39,102,59,27,10,4,2,203,175,28,9,158,1,19,59
55404792,0,,,708,337,371,105,55,50,595,279,316,366,174,192,585,274,311,578,269,309,229,105,124,98,42,56,25,6,19,2,0,2,2,0,2,268,268,53,104,47,30,20,12,2,213,178,35,28,152,0,39,52
55404793,0,,,393,145,248,9,5,4,384,140,244,56,31,25,384,140,244,383,139,244,328,109,219,279,86,193,178,42,136,25,3,22,0,0,0,46,43,3,21,8,7,2,0,2,39,30,9,2,34,0,2,11
55404794,0,,,131,67,64,15,10,5,116,57,59,61,34,27,116,57,59,115,56,59,55,23,32,31,10,21,10,1,9,1,0,1,1,0,1,48,48,11,15,11,6,2,1,2,37,25,12,4,39,0,7,7
55404795,0,,,405,204,201,35,19,16,370,185,185,190,101,89,362,181,181,361,181,180,180,84,96,90,41,49,27,7,20,2,0,2,3,0,3,149,149,26,52,35,20,8,6,2,123,93,30,10,113,0,18,31
55404796,0,,,600,305,295,72,41,31,517,258,259,316,163,153,506,251,255,503,249,254,201,95,106,109,45,64,31,11,20,1,1,0,0,0,0,233,233,56,79,40,39,9,6,4,177,138,39,19,137,4,28,41
55404797,0,,,509,260,249,60,31,29,449,229,220,277,147,130,427,218,209,412,209,203,172,82,90,83,37,46,28,11,17,3,0,3,0,0,0,136,135,15,42,29,20,12,7,10,120,77,43,14,103,0,9,29
55404798,0,,,47,24,23,1,1,0,46,23,23,26,14,12,46,23,23,44,22,22,20,9,11,11,4,7,5,1,4,0,0,0,0,0,0,16,16,3,4,3,4,1,1,0,13,5,8,0,13,0,2,1
55405039,0,,,35,16,19,1,1,0,34,15,19,20,10,10,33,15,18,33,15,18,14,5,9,8,4,4,3,1,2,1,0,1,0,0,0,13,13,4,3,2,2,1,1,0,9,5,4,0,9,0,3,2
55405049,0,,,50,23,27,5,3,2,45,20,25,24,11,13,45,20,25,45,20,25,21,9,12,6,2,4,1,1,0,0,0,0,3,0,3,19,19,5,4,5,4,0,1,0,13,11,2,2,14,0,4,3
55405055,2,55405085,,3,2,1,*,*,*,*,*,*,*,*,*,*,*,*,*,*,*,*,*,*,*,*,*,*,*,*,*,*,*,*,*,*,1,1,*,*,*,*,*,*,*,*,*,*,*,*,*,*,*
55405057,2,55405066,,9,6,3,*,*,*,*,*,*,*,*,*,*,*,*,*,*,*,*,*,*,*,*,*,*,*,*,*,*,*,*,*,*,3,3,*,*,*,*,*,*,*,*,*,*,*,*,*,*,*
55405058,2,55405069,,10,6,4,*,*,*,*,*,*,*,*,*,*,*,*,*,*,*,*,*,*,*,*,*,*,*,*,*,*,*,*,*,*,3,3,*,*,*,*,*,*,*,*,*,*,*,*,*,*,*
55405059,0,,,214,113,101,12,7,5,202,106,96,87,49,38,197,104,93,195,103,92,115,57,58,60,28,32,13,8,5,0,0,0,1,0,1,52,51,16,12,7,9,5,0,2,35,22,13,5,34,0,8,6
55405064,1,,55405065,13,6,7,0,0,0,22,11,11,11,6,5,21,10,11,21,10,11,11,5,6,6,2,4,4,1,3,0,0,0,0,0,0,6,6,4,1,3,0,0,0,1,5,2,3,0,8,0,3,1
55405065,2,55405064,,9,5,4,*,*,*,*,*,*,*,*,*,*,*,*,*,*,*,*,*,*,*,*,*,*,*,*,*,*,*,*,*,*,3,3,*,*,*,*,*,*,*,*,*,*,*,*,*,*,*
55405066,1,,55405057,8,4,4,0,0,0,17,10,7,9,6,3,16,9,7,16,9,7,8,4,4,4,1,3,4,1,3,0,0,0,0,0,0,3,3,1,1,2,2,0,0,0,5,2,3,0,6,0,1,0
55405068,0,,,38,20,18,1,0,1,37,20,17,15,8,7,36,19,17,36,19,17,22,12,10,11,5,6,4,1,3,1,0,1,0,0,0,16,16,5,5,4,1,0,0,1,11,9,2,0,12,0,2,3
55405069,1,,55405058,628,327,301,19,11,8,619,322,297,284,173,111,605,315,290,591,304,287,335,149,186,153,50,103,72,16,56,7,1,6,1,0,1,27,20,8,4,4,4,2,1,0,15,8,7,1,15,0,4,0
55405077,0,,,31,17,14,0,0,0,31,17,14,13,9,4,31,17,14,31,17,14,18,8,10,8,2,6,5,1,4,1,0,1,0,0,0,14,14,5,5,0,4,0,0,0,9,5,4,0,12,0,3,4
55405078,1,,55405079,194,99,95,16,8,8,257,132,125,153,85,68,251,130,121,245,124,121,104,47,57,44,18,26,17,3,14,1,0,1,0,0,0,68,68,8,24,21,9,4,1,2,61,43,18,4,55,0,8,14
55405079,2,55405078,,79,41,38,*,*,*,*,*,*,*,*,*,*,*,*,*,*,*,*,*,*,*,*,*,*,*,*,*,*,*,*,*,*,2,1,*,*,*,*,*,*,*,*,*,*,*,*,*,*,*
55405085,1,,55405055,10,5,5,0,0,0,13,7,6,9,5,4,11,6,5,11,6,5,4,2,2,3,1,2,0,0,0,0,0,0,0,0,0,3,3,0,2,1,0,0,1,0,4,3,1,0,2,0,0,1
55405086,2,55405087,,6,2,4,*,*,*,*,*,*,*,*,*,*,*,*,*,*,*,*,*,*,*,*,*,*,*,*,*,*,*,*,*,*,2,2,*,*,*,*,*,*,*,*,*,*,*,*,*,*,*
55405087,1,,55405086,46,19,27,3,1,2,49,20,29,28,11,17,49,20,29,48,19,29,21,9,12,10,5,5,3,2,1,2,2,0,0,0,0,20,20,6,8,5,1,1,1,0,16,13,3,1,15,0,4,3
55405088,0,,,86,38,48,1,0,1,85,38,47,49,23,26,84,38,46,83,38,45,36,15,21,20,8,12,6,1,5,2,0,2,5,4,1,40,40,15,13,5,6,0,1,0,23,17,6,0,23,3,7,7
55405089,0,,,23,15,8,3,2,1,20,13,7,15,9,6,20,13,7,20,13,7,5,4,1,2,1,1,1,0,1,1,0,1,0,0,0,8,8,2,2,1,1,2,0,0,6,4,2,1,4,0,2,0
55405096,0,,,25,14,11,0,0,0,25,14,11,19,12,7,23,12,11,23,12,11,6,2,4,4,0,4,3,0,3,0,0,0,0,0,0,8,8,2,1,2,1,1,1,0,6,1,5,0,5,0,1,0
55405097,0,,,104,51,53,13,5,8,91,46,45,56,28,28,89,45,44,88,44,44,35,18,17,16,6,10,7,2,5,0,0,0,0,0,0,39,39,7,15,7,5,4,1,0,29,20,9,3,24,0,4,6
55405098,0,,,110,57,53,8,3,5,102,54,48,52,31,21,100,52,48,98,50,48,50,23,27,22,8,14,6,1,5,0,0,0,0,0,0,46,46,11,20,7,4,2,2,0,34,30,4,3,33,0,9,9
55405099,0,,,236,117,119,17,8,9,219,109,110,131,69,62,212,106,106,206,103,103,88,40,48,37,13,24,16,1,15,0,0,0,2,1,1,82,82,18,20,16,17,5,5,1,64,46,18,1,61,0,12,7
55405102,0,,,30,17,13,2,2,0,28,15,13,13,7,6,28,15,13,28,15,13,15,8,7,4,1,3,3,1,2,0,0,0,0,0,0,11,11,3,2,4,0,1,1,0,8,2,6,0,9,0,2,0
55405103,2,55405104,,5,2,3,*,*,*,*,*,*,*,*,*,*,*,*,*,*,*,*,*,*,*,*,*,*,*,*,*,*,*,*,*,*,3,3,*,*,*,*,*,*,*,*,*,*,*,*,*,*,*
55405104,1,,55405103,100,51,49,3,1,2,99,50,49,53,29,24,99,50,49,98,50,48,46,21,25,22,10,12,6,2,4,0,0,0,1,1,0,40,40,8,19,10,5,0,0,1,33,27,6,0,31,1,6,10
55405105,1,,55405106,460,233,227,74,34,40,391,202,189,336,175,161,372,189,183,363,187,176,55,27,28,22,11,11,3,2,1,0,0,0,4,4,0,155,155,22,40,43,30,18,4,0,134,117,17,19,40,4,6,11
55405106,2,55405105,,5,3,2,*,*,*,*,*,*,*,*,*,*,*,*,*,*,*,*,*,*,*,*,*,*,*,*,*,*,*,*,*,*,2,2,*,*,*,*,*,*,*,*,*,*,*,*,*,*,*
55405107,1,,55405108,16,8,8,0,0,0,130,37,93,17,9,8,129,37,92,129,37,92,113,28,85,105,22,83,69,7,62,15,1,14,0,0,0,6,6,0,3,4,1,0,0,0,8,6,2,0,4,0,0,1
55405108,2,55405107,,114,29,85,*,*,*,*,*,*,*,*,*,*,*,*,*,*,*,*,*,*,*,*,*,*,*,*,*,*,*,*,*,*,3,2,*,*,*,*,*,*,*,*,*,*,*,*,*,*,*
55405109,0,,,60,32,28,10,6,4,50,26,24,34,17,17,48,24,24,46,23,23,16,9,7,7,3,4,2,0,2,0,0,0,0,0,0,20,20,3,6,4,2,5,0,0,17,13,4,1,12,0,3,3
55405112,0,,,22,11,11,0,0,0,22,11,11,12,6,6,22,11,11,21,10,11,10,5,5,7,3,4,0,0,0,0,0,0,0,0,0,8,8,0,4,2,2,0,0,0,8,7,1,0,6,0,0,4
55405113,0,,,65,39,26,3,3,0,62,36,26,36,23,13,60,34,26,58,32,26,26,13,13,17,9,8,3,1,2,1,0,1,0,0,0,27,27,9,10,3,0,3,2,0,18,13,5,1,18,0,5,5
55405114,0,,,492,222,270,47,21,26,439,197,242,305,142,163,416,185,231,406,183,223,134,55,79,69,25,44,18,3,15,0,0,0,17,1,16,196,196,53,55,49,18,17,3,1,141,117,24,11,98,5,30,19
55405115,0,,,695,351,344,77,38,39,610,308,302,405,214,191,599,304,295,593,303,290,205,94,111,88,37,51,27,11,16,1,1,0,1,1,0,272,271,72,82,50,45,13,6,3,197,153,44,28,137,10,24,38
55405116,0,,,91,49,42,21,12,9,69,36,33,53,29,24,68,35,33,67,35,32,16,7,9,10,5,5,2,1,1,0,0,0,0,0,0,29,29,3,8,6,8,2,2,0,26,24,2,6,11,0,2,3
55405117,0,,,485,237,248,70,27,43,410,208,202,301,156,145,393,202,191,386,196,190,109,52,57,42,19,23,15,4,11,1,0,1,9,3,6,176,176,30,63,34,34,8,3,4,142,118,24,27,72,1,8,21
55405118,0,,,251,123,128,17,10,7,233,112,121,132,70,62,230,111,119,229,110,119,101,42,59,48,24,24,10,3,7,2,0,2,0,0,0,101,101,25,31,23,16,5,1,0,75,52,23,3,65,1,12,19
55405119,0,,,567,268,299,99,40,59,463,225,238,339,169,170,434,211,223,425,204,221,124,56,68,48,18,30,13,2,11,0,0,0,3,1,2,193,193,38,50,42,31,21,6,5,155,118,37,20,88,2,16,17
55405121,0,,,149,83,66,12,7,5,137,76,61,99,61,38,136,75,61,135,75,60,38,15,23,17,5,12,8,2,6,1,0,1,0,0,0,22,21,2,5,3,6,2,2,1,19,8,11,4,15,0,2,2
55405122,0,,,445,214,231,77,38,39,362,173,189,282,141,141,352,170,182,347,167,180,80,32,48,41,15,26,8,2,6,0,0,0,1,0,1,154,154,20,57,33,24,10,6,4,133,114,19,24,56,1,11,18
55405123,0,,,846,463,383,85,35,50,760,427,333,555,323,232,737,415,322,720,404,316,205,104,101,68,34,34,9,2,7,0,0,0,5,1,4,388,388,162,98,61,42,16,6,3,220,186,34,22,138,57,24,37
55405124,0,,,213,120,93,19,14,5,189,104,85,134,78,56,185,101,84,181,97,84,55,26,29,18,9,9,5,2,3,0,0,0,1,0,1,97,97,35,28,20,8,6,0,0,61,55,6,6,37,6,5,10
55405125,0,,,2269,1117,1152,336,159,177,1892,935,957,1401,708,693,1816,898,918,1772,875,897,491,227,264,249,109,140,75,30,45,8,1,7,19,6,13,895,893,207,302,181,146,44,8,5,677,611,66,86,303,20,53,125
55405126,0,,,1196,601,595,153,79,74,1037,518,519,719,368,351,989,496,493,970,480,490,318,150,168,114,47,67,37,16,21,3,1,2,3,0,3,474,474,101,169,100,74,22,5,3,368,330,38,40,214,2,53,71
55405127,0,,,818,427,391,72,30,42,704,364,340,489,262,227,692,361,331,680,357,323,215,102,113,85,34,51,22,3,19,2,0,2,12,7,5,426,426,211,108,61,31,10,2,3,209,184,25,26,148,22,39,44
55405128,0,,,562,274,288,49,19,30,508,252,256,351,181,170,492,242,250,478,234,244,157,71,86,74,31,43,24,10,14,0,0,0,2,2,0,238,238,77,73,39,34,9,2,4,156,124,32,18,109,12,26,25
55405129,0,,,471,278,193,45,27,18,420,248,172,302,192,110,411,243,168,383,218,165,118,56,62,59,25,34,18,3,15,1,0,1,1,0,1,247,247,137,53,23,21,7,4,2,110,86,24,15,77,52,22,21
55405130,0,,,134,65,69,16,5,11,118,60,58,74,38,36,113,60,53,111,60,51,44,22,22,14,10,4,4,2,2,1,1,0,5,0,5,46,46,11,12,10,4,5,2,2,35,23,12,5,32,0,10,5
55405131,0,,,228,107,121,15,5,10,213,102,111,127,63,64,208,99,109,205,98,107,86,39,47,41,16,25,13,4,9,2,1,1,0,0,0,83,83,9,33,22,11,5,3,0,74,58,16,3,54,0,7,10
55405132,0,,,1372,709,663,215,107,108,1121,576,545,833,448,385,1074,552,522,1047,535,512,288,128,160,126,48,78,39,7,32,4,0,4,18,10,8,569,568,203,140,100,76,32,13,4,353,302,51,54,179,36,34,52
55405133,0,,,235,141,94,22,11,11,187,114,73,149,96,53,186,113,73,184,112,72,38,18,20,18,8,10,7,2,5,1,0,1,3,1,2,131,131,78,23,16,8,5,1,0,52,46,6,6,27,4,7,8
55405134,0,,,1414,734,680,196,107,89,1205,620,585,978,514,464,1164,599,565,1139,587,552,227,106,121,95,41,54,29,10,19,2,0,2,11,3,8,604,604,200,169,116,82,27,8,2,400,354,46,64,158,36,35,51
55405135,0,,,1745,893,852,221,112,109,1461,734,727,1115,576,539,1394,698,696,1357,682,675,346,158,188,133,53,80,41,12,29,3,0,3,24,5,19,806,806,335,212,123,84,36,12,4,461,407,54,69,233,64,45,91
55405136,0,,,869,402,467,109,59,50,745,335,410,482,239,243,719,319,400,711,313,398,263,96,167,121,40,81,27,7,20,1,0,1,9,3,6,419,419,170,132,59,38,16,2,2,247,216,31,32,194,16,80,43
55405137,0,,,674,331,343,91,54,37,582,276,306,435,209,226,552,259,293,530,253,277,147,67,80,49,20,29,13,8,5,2,1,1,15,6,9,292,292,94,96,46,38,12,4,2,195,180,15,25,110,10,37,23
55405138,0,,,551,277,274,83,44,39,460,227,233,323,166,157,448,223,225,442,219,223,137,61,76,52,19,33,13,2,11,1,0,1,3,1,2,246,246,97,63,37,34,10,4,1,148,135,13,26,96,8,30,24
55405139,0,,,117,62,55,8,4,4,109,58,51,71,41,30,105,54,51,103,53,50,38,17,21,18,5,13,9,2,7,0,0,0,0,0,0,40,40,6,14,8,5,4,2,1,33,21,12,2,27,0,5,5
55405140,0,,,515,270,245,63,37,26,445,229,216,303,156,147,424,217,207,416,213,203,142,73,69,49,24,25,12,5,7,1,0,1,5,3,2,193,192,45,61,40,25,10,5,6,146,120,26,19,89,2,14,29
55405141,0,,,573,273,300,55,25,30,516,247,269,294,158,136,510,244,266,502,238,264,222,89,133,131,46,85,74,20,54,7,2,5,2,2,0,207,206,72,61,30,26,10,5,2,132,106,26,11,88,14,20,27
55405142,0,,,714,359,355,91,49,42,618,308,310,423,217,206,599,301,298,592,299,293,195,91,104,84,35,49,29,8,21,1,0,1,19,11,8,273,273,61,95,49,39,16,11,2,209,169,40,26,128,12,20,33
55405143,0,,,1232,651,581,173,91,82,1027,541,486,813,450,363,984,517,467,956,503,453,214,91,123,95,28,67,32,5,27,1,0,1,5,1,4,552,552,242,106,88,82,23,9,2,303,246,57,56,160,43,55,26
55405144,0,,,1249,682,567,149,80,69,1043,560,483,832,465,367,1004,540,464,984,533,451,211,95,116,85,33,52,22,6,16,1,0,1,35,17,18,672,672,367,139,93,48,19,5,1,296,271,25,51,151,67,45,36
55405145,0,,,3379,1830,1549,421,224,197,2740,1488,1252,2169,1224,945,2635,1439,1196,2578,1408,1170,571,264,307,278,112,166,110,39,71,4,0,4,44,22,22,1803,1801,992,367,223,152,48,13,6,788,703,85,145,392,116,114,106
55405146,0,,,2331,1127,1204,275,132,143,2039,985,1054,1243,645,598,1973,942,1031,1941,924,1017,796,340,456,396,151,245,125,37,88,9,3,6,17,3,14,974,973,296,303,171,132,50,16,5,666,548,118,72,539,26,135,139
55405147,0,,,2850,1334,1516,365,192,173,2466,1131,1335,1503,748,755,2388,1090,1298,2338,1065,1273,963,383,580,513,187,326,196,58,138,16,2,14,34,11,23,1225,1224,411,367,221,145,52,19,9,804,679,125,87,665,28,229,157
55405148,0,,,1844,915,929,289,147,142,1525,751,774,1134,574,560,1460,722,738,1435,709,726,391,177,214,171,76,95,55,17,38,2,1,1,29,7,22,800,800,297,212,132,100,39,10,10,494,426,68,81,272,59,76,66
55405149,0,,,704,361,343,127,63,64,570,293,277,424,230,194,555,287,268,546,281,265,146,63,83,63,25,38,14,3,11,1,0,1,4,4,0,256,256,52,72,56,55,13,5,3,201,174,27,41,99,10,21,29
55405150,0,,,131,63,68,21,12,9,110,51,59,78,36,42,109,51,58,106,50,56,32,15,17,14,6,8,6,3,3,1,1,0,7,3,4,54,53,19,16,7,5,4,1,1,32,26,6,6,23,6,7,6
55405151,0,,,375,193,182,87,49,38,288,144,144,237,122,115,271,134,137,265,130,135,51,22,29,15,6,9,2,0,2,0,0,0,3,2,1,120,120,15,23,32,36,11,2,1,103,91,12,22,34,1,6,7
55405152,0,,,545,269,276,99,51,48,442,214,228,362,176,186,417,202,215,405,197,208,80,38,42,39,17,22,15,7,8,0,0,0,3,0,3,193,193,44,52,30,38,23,3,3,149,131,18,25,53,11,5,15
55405153,0,,,532,292,240,69,38,31,450,248,202,336,192,144,440,244,196,432,239,193,114,56,58,52,24,28,16,7,9,0,0,0,22,18,4,256,256,122,57,34,25,15,2,1,130,109,21,24,75,26,15,19
55405154,0,,,1292,702,590,148,77,71,1042,562,480,775,439,336,1006,541,465,987,536,451,267,123,144,135,58,77,38,13,25,5,3,2,43,19,24,656,653,354,128,79,62,18,8,4,292,250,42,44,184,62,48,44
55405155,0,,,2762,1395,1367,336,181,155,2339,1161,1178,1735,896,839,2239,1110,1129,2196,1092,1104,604,265,339,307,124,183,106,41,65,7,1,6,30,14,16,1320,1317,576,339,217,114,61,6,4,724,629,95,95,420,102,125,101
55405156,0,,,3428,1642,1786,335,141,194,3015,1463,1552,1854,984,870,2932,1416,1516,2878,1384,1494,1161,479,682,683,255,428,290,99,191,20,7,13,36,13,23,1598,1596,652,461,250,157,45,23,8,928,778,150,96,786,96,248,184
55405157,0,,,2261,1068,1193,219,107,112,2006,939,1067,1177,599,578,1959,917,1042,1928,906,1022,829,340,489,476,172,304,179,54,125,12,3,9,26,5,21,1029,1027,410,300,157,102,36,15,7,605,478,127,67,544,45,172,128
55405158,0,,,47,24,23,7,4,3,39,19,20,35,17,18,39,19,20,38,19,19,4,2,2,0,0,0,0,0,0,0,0,0,1,0,1,21,21,4,10,5,2,0,0,0,17,17,0,5,2,0,0,0
55405159,0,,,796,396,400,119,62,57,669,329,340,507,257,250,651,321,330,633,313,320,162,72,90,69,27,42,27,6,21,1,0,1,25,19,6,337,337,115,94,56,49,14,5,4,213,178,35,44,105,31,24,28
55405160,0,,,44,22,22,7,2,5,37,20,17,24,15,9,34,18,16,34,18,16,13,5,8,7,2,5,2,1,1,0,0,0,0,0,0,13,13,2,3,2,4,1,0,1,11,6,5,2,10,0,2,1
55405161,0,,,835,414,421,119,58,61,716,356,360,488,248,240,690,344,346,671,334,337,228,108,120,92,44,48,31,12,19,0,0,0,0,0,0,299,299,49,96,73,52,15,8,6,248,198,50,35,157,1,24,42
55405162,0,,,1730,851,879,256,127,129,1469,721,748,1087,532,555,1408,690,718,1371,673,698,382,189,193,152,66,86,40,13,27,0,0,0,9,2,7,649,648,151,185,133,121,35,17,6,491,405,86,70,269,15,55,70
55405163,0,,,633,317,316,69,35,34,550,275,275,423,216,207,532,267,265,517,259,258,127,59,68,56,21,35,13,4,9,0,0,0,17,14,3,289,289,119,71,54,25,13,4,3,164,144,20,20,92,26,22,28
55405164,0,,,1150,590,560,242,134,108,889,441,448,697,350,347,858,430,428,841,418,423,192,91,101,80,31,49,29,9,20,2,0,2,3,1,2,439,439,143,95,74,76,29,10,12,292,244,48,68,132,23,33,28
55405165,0,,,781,405,376,103,51,52,654,339,315,507,274,233,637,328,309,625,321,304,147,65,82,78,29,49,26,8,18,0,0,0,3,0,3,400,400,207,82,61,32,9,9,0,187,158,29,31,102,48,26,28
55405166,0,,,1122,571,551,128,66,62,956,482,474,684,364,320,922,461,461,910,456,454,272,118,154,135,60,75,33,11,22,1,0,1,15,7,8,543,543,247,133,90,45,15,9,4,290,247,43,46,202,35,76,35
55405167,0,,,930,488,442,81,39,42,819,429,390,470,272,198,805,423,382,786,411,375,349,157,192,177,71,106,71,23,48,7,1,6,15,7,8,435,434,187,112,73,41,11,7,3,245,196,49,28,208,51,48,60
55405168,0,,,198,94,104,19,9,10,177,83,94,103,50,53,173,80,93,165,79,86,74,33,41,41,15,26,10,4,6,0,0,0,0,0,0,80,80,27,24,11,8,5,3,2,53,40,13,5,52,0,14,15
55405169,0,,,91,49,42,5,3,2,86,46,40,50,28,22,84,45,39,82,44,38,36,18,18,13,8,5,4,1,3,0,0,0,0,0,0,35,35,7,13,6,7,0,2,0,28,22,6,1,26,0,6,5
55405170,0,,,173,84,89,8,4,4,165,80,85,115,59,56,160,77,83,156,75,81,50,21,29,26,9,17,7,1,6,1,0,1,0,0,0,64,64,10,24,15,8,6,0,1,54,38,16,3,35,0,5,9
55405171,0,,,410,209,201,61,35,26,349,174,175,243,124,119,338,168,170,329,160,169,106,50,56,43,17,26,11,1,10,1,0,1,1,0,1,123,123,18,34,25,18,7,10,11,103,67,36,14,72,0,9,11
55405172,0,,,551,292,259,126,71,55,415,215,200,343,182,161,401,204,197,388,197,191,72,33,39,24,9,15,5,1,4,0,0,0,4,2,2,240,240,98,52,45,22,15,5,3,141,129,12,40,58,28,28,11
55405173,2,55405174,,2,1,1,*,*,*,*,*,*,*,*,*,*,*,*,*,*,*,*,*,*,*,*,*,*,*,*,*,*,*,*,*,*,1,1,*,*,*,*,*,*,*,*,*,*,*,*,*,*,*
55405174,1,,55405173,397,199,198,69,41,28,330,159,171,229,111,118,317,153,164,308,148,160,101,48,53,42,21,21,13,3,10,0,0,0,4,0,4,134,134,26,39,23,25,12,7,3,108,82,26,16,70,1,13,11
55405175,0,,,189,101,88,16,9,7,173,92,81,97,57,40,170,89,81,166,87,79,76,35,41,34,14,20,14,3,11,1,0,1,0,0,0,61,61,8,20,11,11,7,2,2,53,33,20,3,47,0,6,13
55405176,0,,,130,61,69,11,3,8,119,58,61,52,26,26,118,58,60,117,57,60,67,32,35,30,15,15,8,4,4,0,0,0,0,0,0,54,54,13,21,9,7,4,0,0,40,32,8,4,43,0,11,14
55405177,0,,,240,127,113,17,11,6,211,107,104,122,61,61,211,107,104,209,106,103,89,46,43,42,20,22,15,5,10,0,0,0,6,5,1,108,108,46,27,19,6,4,3,3,61,45,16,9,55,13,11,13
55405178,0,,,61,36,25,4,4,0,57,32,25,34,21,13,54,29,25,52,27,25,23,11,12,11,6,5,3,2,1,0,0,0,0,0,0,19,19,1,8,2,3,4,1,0,18,13,5,1,13,0,1,7
55405179,0,,,575,270,305,61,36,25,511,232,279,285,145,140,496,223,273,491,223,268,226,87,139,124,37,87,78,17,61,11,0,11,3,2,1,189,187,42,63,35,26,7,10,4,142,110,32,17,104,5,21,29
55405180,0,,,34,17,17,3,2,1,31,15,16,26,14,12,30,15,15,30,15,15,5,1,4,5,1,4,2,1,1,0,0,0,1,0,1,14,14,4,3,4,3,0,0,0,10,8,2,1,4,0,1,0
55405181,0,,,86,39,47,14,6,8,72,33,39,46,24,22,69,31,38,67,31,36,26,9,17,12,3,9,4,0,4,0,0,0,0,0,0,26,26,6,2,6,7,2,2,1,19,8,11,2,19,0,4,2
55405182,0,,,117,54,63,13,4,9,104,50,54,67,34,33,101,49,52,101,49,52,37,16,21,17,6,11,7,2,5,0,0,0,0,0,0,35,35,6,6,8,6,4,4,1,29,14,15,1,25,0,5,1
55405183,0,,,196,92,104,33,14,19,163,78,85,105,52,53,159,76,83,156,75,81,58,26,32,25,10,15,5,2,3,0,0,0,0,0,0,54,54,6,11,9,12,7,6,3,48,25,23,11,35,0,3,7
55405184,0,,,125,64,61,7,4,3,118,60,58,69,37,32,115,59,56,113,58,55,49,23,26,19,6,13,6,2,4,0,0,0,0,0,0,41,41,3,15,13,5,1,2,2,38,26,12,1,30,0,2,8
55405186,2,55405187,,3,2,1,*,*,*,*,*,*,*,*,*,*,*,*,*,*,*,*,*,*,*,*,*,*,*,*,*,*,*,*,*,*,1,1,*,*,*,*,*,*,*,*,*,*,*,*,*,*,*
55405187,1,,55405186;55405188,71,33,38,8,3,5,72,34,38,50,25,25,66,31,35,64,31,33,22,9,13,11,3,8,6,1,5,0,0,0,0,0,0,26,26,10,4,5,4,5,1,0,19,13,6,1,14,5,3,2
55405188,2,55405187,,6,2,4,*,*,*,*,*,*,*,*,*,*,*,*,*,*,*,*,*,*,*,*,*,*,*,*,*,*,*,*,*,*,2,2,*,*,*,*,*,*,*,*,*,*,*,*,*,*,*
55405189,0,,,93,50,43,11,7,4,82,43,39,43,26,17,77,39,38,76,38,38,39,17,22,19,8,11,11,3,8,0,0,0,2,2,0,32,32,8,11,5,1,2,2,3,24,16,8,1,24,2,5,7
55405190,0,,,56,27,29,8,5,3,48,22,26,32,16,16,45,20,25,44,19,25,16,6,10,9,2,7,4,0,4,0,0,0,4,2,2,16,16,3,2,5,2,1,1,2,13,7,6,3,12,0,2,1
55405192,0,,,53,24,29,14,6,8,39,18,21,32,16,16,34,15,19,30,13,17,7,2,5,4,1,3,1,0,1,0,0,0,0,0,0,18,18,1,5,8,2,2,0,0,16,16,0,3,5,0,1,1
55405193,0,,,346,174,172,37,17,20,309,157,152,176,96,80,295,148,147,287,146,141,133,61,72,55,24,31,12,4,8,1,0,1,1,0,1,132,132,20,60,23,18,8,1,2,112,97,15,9,80,0,15,36
55405194,0,,,96,52,44,16,9,7,80,43,37,49,29,20,79,43,36,77,42,35,31,14,17,11,5,6,4,1,3,1,0,1,0,0,0,27,27,5,5,3,3,7,3,1,22,12,10,4,19,0,2,3
55405196,1,,55405197,12,6,6,1,1,0,16,8,8,9,5,4,15,7,8,15,7,8,7,3,4,5,3,2,0,0,0,0,0,0,0,0,0,4,4,1,2,1,1,1,0,0,5,4,1,0,4,0,1,2
55405197,2,55405196,,5,3,2,*,*,*,*,*,*,*,*,*,*,*,*,*,*,*,*,*,*,*,*,*,*,*,*,*,*,*,*,*,*,2,2,*,*,*,*,*,*,*,*,*,*,*,*,*,*,*
55405198,2,55405199,,8,4,4,*,*,*,*,*,*,*,*,*,*,*,*,*,*,*,*,*,*,*,*,*,*,*,*,*,*,*,*,*,*,3,3,*,*,*,*,*,*,*,*,*,*,*,*,*,*,*
55405199,1,,55405198,74,31,43,7,2,5,75,33,42,44,19,25,71,32,39,70,32,38,31,14,17,14,5,9,7,3,4,0,0,0,0,0,0,24,24,5,7,4,8,1,1,1,22,13,9,1,22,0,4,3
55405200,0,,,230,116,114,26,13,13,204,103,101,133,70,63,198,101,97,196,99,97,71,33,38,23,10,13,5,1,4,0,0,0,1,0,1,83,83,14,33,16,10,3,4,3,68,53,15,6,44,0,7,13
55405201,0,,,233,121,112,24,15,9,209,106,103,131,75,56,197,97,100,194,94,100,78,31,47,38,14,24,15,3,12,3,1,2,1,0,1,79,79,11,23,23,9,9,3,1,68,48,20,5,51,0,10,9
55405202,0,,,96,54,42,5,4,1,91,50,41,48,29,19,87,46,41,86,46,40,43,21,22,18,9,9,8,2,6,0,0,0,0,0,0,30,30,3,7,7,9,3,0,1,27,16,11,1,25,0,3,4
55405204,0,,,21,11,10,1,1,0,20,10,10,11,7,4,20,10,10,20,10,10,9,3,6,3,1,2,2,1,1,0,0,0,0,0,0,5,5,1,0,0,1,2,1,0,4,0,4,0,5,0,1,0
55405206,0,,,145,73,72,17,11,6,128,62,66,84,41,43,124,61,63,120,59,61,44,21,23,21,9,12,11,3,8,1,0,1,0,0,0,31,31,2,2,2,11,3,7,4,29,5,24,2,26,0,1,1
55405207,0,,,25,14,11,4,3,1,21,11,10,14,7,7,18,10,8,17,9,8,7,4,3,3,1,2,2,1,1,0,0,0,0,0,0,7,7,1,3,0,1,0,1,1,6,4,2,0,5,0,1,1
55405208,0,,,19,9,10,3,1,2,16,8,8,5,3,2,16,8,8,16,8,8,11,5,6,2,1,1,2,1,1,0,0,0,1,0,1,9,9,4,2,2,0,1,0,0,5,3,2,0,7,0,3,2
55405209,0,,,30,15,15,4,2,2,26,13,13,13,7,6,26,13,13,25,12,13,13,6,7,7,3,4,3,1,2,0,0,0,0,0,0,6,6,0,0,1,2,1,1,1,6,2,4,0,6,0,0,0
55405210,1,,55405220,399,168,231,29,11,18,365,155,210,171,89,82,356,150,206,351,147,204,194,66,128,133,36,97,88,22,66,9,0,9,5,5,0,115,113,39,24,26,14,4,5,2,73,51,22,10,50,7,4,11
55405211,1,,55405212,27,12,15,2,2,0,36,16,20,25,12,13,36,16,20,36,16,20,11,4,7,2,0,2,2,0,2,0,0,0,0,0,0,8,8,1,2,3,2,2,1,0,9,6,3,0,9,0,1,0
55405212,2,55405211,,11,6,5,*,*,*,*,*,*,*,*,*,*,*,*,*,*,*,*,*,*,*,*,*,*,*,*,*,*,*,*,*,*,3,3,*,*,*,*,*,*,*,*,*,*,*,*,*,*,*
55405214,0,,,42,20,22,2,2,0,40,18,22,26,12,14,35,16,19,34,16,18,14,6,8,9,4,5,3,0,3,0,0,0,0,0,0,10,10,0,4,1,0,1,3,1,10,4,6,0,9,0,0,1
55405215,0,,,170,83,87,11,4,7,159,79,80,94,44,50,158,79,79,155,78,77,65,35,30,37,19,18,7,4,3,3,2,1,0,0,0,45,45,4,7,11,9,8,1,5,41,19,22,4,38,0,3,5
55405216,0,,,102,48,54,12,8,4,90,40,50,60,28,32,84,38,46,82,37,45,30,12,18,15,6,9,5,1,4,0,0,0,0,0,0,27,27,5,4,3,6,3,2,4,22,9,13,3,19,1,2,1
55405217,0,,,286,143,143,27,13,14,259,130,129,160,76,84,247,126,121,243,124,119,99,54,45,49,21,28,17,7,10,1,1,0,2,1,1,80,80,7,23,12,15,10,7,6,73,38,35,6,61,0,5,13
55405218,0,,,74,33,41,8,5,3,64,27,37,38,18,20,64,27,37,60,26,34,26,9,17,11,5,6,2,0,2,0,0,0,1,1,0,27,27,8,8,3,5,1,0,2,19,13,6,1,17,0,4,3
55405219,0,,,114,53,61,9,4,5,105,49,56,62,31,31,102,48,54,102,48,54,43,18,25,24,10,14,9,4,5,0,0,0,3,0,3,31,31,4,6,4,9,4,2,2,27,7,20,2,25,0,2,4
55405220,2,55405210,,2,2,0,*,*,*,*,*,*,*,*,*,*,*,*,*,*,*,*,*,*,*,*,*,*,*,*,*,*,*,*,*,*,1,1,*,*,*,*,*,*,*,*,*,*,*,*,*,*,*
55405222,2,55405232,,2,1,1,*,*,*,*,*,*,*,*,*,*,*,*,*,*,*,*,*,*,*,*,*,*,*,*,*,*,*,*,*,*,1,1,*,*,*,*,*,*,*,*,*,*,*,*,*,*,*
55405223,1,,55405224,38,16,22,9,6,3,47,20,27,28,12,16,46,20,26,43,19,24,19,8,11,10,3,7,4,1,3,0,0,0,0,0,0,10,10,1,2,2,2,0,5,1,12,3,9,1,11,0,1,1
55405224,2,55405223,,18,10,8,*,*,*,*,*,*,*,*,*,*,*,*,*,*,*,*,*,*,*,*,*,*,*,*,*,*,*,*,*,*,3,3,*,*,*,*,*,*,*,*,*,*,*,*,*,*,*
55405226,0,,,142,58,84,13,1,12,129,57,72,82,40,42,123,55,68,121,54,67,47,17,30,26,7,19,8,1,7,1,0,1,0,0,0,41,41,5,7,10,9,6,1,3,36,18,18,4,30,1,4,2
55405227,0,,,290,146,144,31,15,16,258,130,128,165,83,82,247,121,126,242,119,123,93,47,46,47,22,25,17,6,11,0,0,0,0,0,0,114,114,31,34,24,14,7,2,2,80,57,23,10,59,8,14,14
55405228,0,,,144,77,67,18,6,12,120,68,52,87,50,37,116,67,49,112,65,47,33,18,15,15,8,7,5,3,2,2,0,2,0,0,0,47,47,7,13,9,10,5,2,1,38,31,7,3,19,2,1,7
55405229,0,,,40,19,21,4,2,2,36,17,19,19,10,9,33,15,18,32,15,17,17,7,10,10,3,7,4,1,3,0,0,0,0,0,0,13,13,1,5,2,2,3,0,0,12,9,3,1,11,0,1,4
55405230,0,,,319,163,156,25,12,13,294,151,143,175,99,76,287,149,138,284,147,137,119,52,67,57,22,35,21,8,13,2,0,2,5,0,5,106,106,22,31,18,15,9,4,7,83,51,32,8,79,4,12,10
55405231,0,,,109,51,58,17,9,8,92,42,50,53,24,29,89,41,48,88,41,47,39,18,21,19,7,12,13,4,9,2,0,2,0,0,0,33,33,4,8,8,6,5,0,2,29,15,14,6,22,0,3,3
55405232,1,,55405222,143,77,66,16,8,8,129,70,59,79,47,32,123,64,59,123,64,59,50,23,27,22,9,13,8,3,5,0,0,0,0,0,0,43,43,3,15,7,12,3,2,2,41,29,12,2,31,1,2,10
55405233,0,,,223,111,112,20,11,9,203,100,103,116,61,55,191,93,98,188,91,97,87,39,48,32,13,19,10,3,7,1,1,0,0,0,0,67,67,6,18,18,11,6,4,4,61,31,30,5,53,0,6,10
55405234,0,,,62,32,30,6,6,0,56,26,30,28,15,13,56,26,30,55,26,29,28,11,17,12,4,8,7,2,5,0,0,0,0,0,0,19,19,1,3,8,5,1,1,0,17,9,8,0,13,0,1,2
55405235,0,,,139,72,67,10,6,4,129,66,63,77,44,33,125,64,61,122,62,60,52,22,30,27,11,16,10,4,6,2,0,2,0,0,0,36,36,1,8,10,9,2,2,4,35,15,20,3,31,0,0,4
55405236,0,,,371,186,185,45,21,24,326,165,161,196,105,91,308,156,152,304,152,152,130,60,70,48,19,29,26,10,16,2,0,2,0,0,0,111,111,7,36,18,28,11,6,5,103,62,41,14,78,0,6,20
55405237,0,,,400,210,190,54,32,22,346,178,168,238,130,108,336,172,164,328,167,161,108,48,60,36,15,21,2,1,1,0,0,0,16,12,4,156,156,48,32,38,25,7,3,3,108,82,26,17,79,6,23,11
55405238,0,,,731,373,358,99,56,43,632,317,315,432,229,203,602,301,301,590,292,298,200,88,112,96,33,63,45,11,34,2,0,2,21,14,7,256,255,54,79,41,53,13,9,6,200,155,45,24,122,13,19,30
55405239,0,,,170,79,91,17,6,11,153,73,80,111,55,56,140,66,74,134,63,71,42,18,24,19,7,12,10,2,8,0,0,0,0,0,0,60,60,12,14,15,12,5,2,0,48,39,9,0,28,1,6,4
55405240,0,,,72,38,34,9,5,4,61,32,29,37,22,15,57,28,29,57,28,29,24,10,14,9,4,5,5,2,3,0,0,0,0,0,0,20,20,4,4,4,2,1,2,3,16,7,9,2,15,0,1,1
55405242,0,,,272,128,144,34,19,15,238,109,129,126,60,66,231,107,124,227,104,123,112,49,63,51,19,32,22,7,15,3,0,3,0,0,0,82,82,7,24,21,9,10,9,2,75,47,28,9,62,0,6,16
55405243,0,,,373,180,193,31,7,24,342,173,169,188,106,82,334,169,165,330,165,165,154,67,87,67,27,40,24,7,17,2,0,2,1,0,1,113,112,14,33,34,9,7,9,6,98,65,33,7,80,0,10,17
55405244,0,,,22,12,10,1,0,1,21,12,9,11,7,4,20,11,9,20,11,9,10,5,5,2,1,1,1,0,1,0,0,0,0,0,0,8,8,1,3,2,1,1,0,0,7,6,1,0,6,0,1,3
55405245,0,,,23,14,9,8,6,2,15,8,7,12,6,6,15,8,7,15,8,7,3,2,1,0,0,0,0,0,0,0,0,0,0,0,0,4,4,0,0,0,1,1,0,2,4,1,3,1,2,0,0,0
55405247,0,,,135,66,69,23,12,11,112,54,58,65,30,35,108,53,55,106,51,55,47,24,23,34,16,18,11,6,5,1,0,1,1,1,0,46,46,7,16,12,4,1,4,2,38,30,8,7,28,0,5,6
55405248,0,,,185,95,90,17,8,9,168,87,81,97,57,40,164,85,79,162,83,79,71,30,41,30,9,21,13,3,10,0,0,0,5,5,0,65,65,13,21,12,6,8,5,0,52,29,23,6,45,5,4,8
55405249,0,,,140,77,63,14,9,5,126,68,58,79,43,36,121,64,57,117,61,56,47,25,22,25,12,13,7,4,3,0,0,0,0,0,0,42,42,10,7,5,9,4,5,2,32,16,16,3,33,0,8,4
55405250,0,,,148,80,68,28,19,9,112,57,55,93,48,45,109,55,54,108,54,54,19,9,10,8,4,4,2,0,2,0,0,0,0,0,0,69,69,31,17,11,5,2,1,2,36,33,3,12,13,7,2,2
55405251,0,,,1135,539,596,153,77,76,976,459,517,680,340,340,933,442,491,918,429,489,296,119,177,132,49,83,43,7,36,2,1,1,13,7,6,408,408,95,112,82,66,33,7,13,309,226,83,47,196,14,37,42
55405252,1,,55405262,71,37,34,12,4,8,65,36,29,53,30,23,62,35,27,59,33,26,12,6,6,6,3,3,1,1,0,0,0,0,7,7,0,26,26,10,6,2,7,2,2,0,19,15,4,3,10,5,2,3
55405253,0,,,94,51,43,15,11,4,79,40,39,56,32,24,79,40,39,76,39,37,23,8,15,16,5,11,5,0,5,0,0,0,1,1,0,27,27,1,9,4,5,5,3,0,26,17,9,2,17,0,0,4
55405254,0,,,80,41,39,8,4,4,72,37,35,46,23,23,71,36,35,69,34,35,26,14,12,15,7,8,4,2,2,0,0,0,0,0,0,22,22,1,8,2,3,3,5,0,21,9,12,1,19,0,1,3
55405255,0,,,150,77,73,11,4,7,139,73,66,87,47,40,135,71,64,132,68,64,52,26,26,25,11,14,9,3,6,0,0,0,0,0,0,48,48,8,12,10,9,4,4,1,40,26,14,1,35,0,6,8
55405256,0,,,301,148,153,37,14,23,264,134,130,169,90,79,259,129,130,256,128,128,95,44,51,52,18,34,30,9,21,2,0,2,0,0,0,92,92,15,22,18,20,6,4,7,77,43,34,9,63,0,10,8
55405257,0,,,525,255,270,90,45,45,435,210,225,306,148,158,419,201,218,410,194,216,129,62,67,55,23,32,23,10,13,1,0,1,0,0,0,160,160,23,41,36,24,14,15,7,136,97,39,23,84,0,12,14
55405258,0,,,208,101,107,16,8,8,192,93,99,110,60,50,188,91,97,186,90,96,82,33,49,39,13,26,19,6,13,1,0,1,0,0,0,63,63,11,15,13,8,7,4,5,52,26,26,5,50,0,7,6
55405259,0,,,167,86,81,16,5,11,151,81,70,86,49,37,146,78,68,143,76,67,65,32,33,31,14,17,10,4,6,0,0,0,0,0,0,50,50,8,14,7,8,6,2,5,42,23,19,4,41,0,5,11
55405260,0,,,459,223,236,50,24,26,408,198,210,261,130,131,391,188,203,385,184,201,147,68,79,79,34,45,31,10,21,3,1,2,0,0,0,141,140,25,27,31,33,16,4,4,114,72,42,13,85,2,12,11
55405261,0,,,232,118,114,33,21,12,199,97,102,128,67,61,192,93,99,188,90,98,71,30,41,39,14,25,13,4,9,1,0,1,1,0,1,76,76,16,18,16,11,9,2,4,60,36,24,8,49,0,10,6
55405262,2,55405252,,7,4,3,*,*,*,*,*,*,*,*,*,*,*,*,*,*,*,*,*,*,*,*,*,*,*,*,*,*,*,*,*,*,3,3,*,*,*,*,*,*,*,*,*,*,*,*,*,*,*
55405263,0,,,21,8,13,4,0,4,17,8,9,10,5,5,16,8,8,15,8,7,7,3,4,3,2,1,1,1,0,1,1,0,0,0,0,7,7,1,3,1,0,1,1,0,6,5,1,1,5,0,1,1
55405264,0,,,112,61,51,12,9,3,100,52,48,65,33,32,94,51,43,90,48,42,35,19,16,14,8,6,3,1,2,0,0,0,0,0,0,37,37,7,7,8,10,3,2,0,30,18,12,4,23,0,3,4
55405265,0,,,686,341,345,80,30,50,606,311,295,407,219,188,581,301,280,569,294,275,199,92,107,94,36,58,45,15,30,3,1,2,1,0,1,224,224,30,67,50,40,20,11,6,194,140,54,15,127,0,18,29
55405266,0,,,261,127,134,36,19,17,225,108,117,158,80,78,221,106,115,215,104,111,67,28,39,33,10,23,14,3,11,1,0,1,13,0,13,86,86,14,23,21,16,3,5,4,71,47,24,9,47,1,11,3
55405267,0,,,449,218,231,52,24,28,397,194,203,254,127,127,384,186,198,376,180,196,143,67,76,67,25,42,31,10,21,0,0,0,0,0,0,133,133,18,31,29,24,12,10,9,114,61,53,17,89,0,13,9
55405268,0,,,118,56,62,14,7,7,104,49,55,59,30,29,102,49,53,102,49,53,45,19,26,22,7,15,5,1,4,0,0,0,0,0,0,38,38,6,8,9,9,3,3,0,32,19,13,2,28,0,4,3
55405269,0,,,18,10,8,1,0,1,17,10,7,13,8,5,16,10,6,16,10,6,4,2,2,4,2,2,1,0,1,1,0,1,0,0,0,7,7,2,2,1,1,1,0,0,5,3,2,1,2,0,0,0
55405270,0,,,91,47,44,7,4,3,84,43,41,44,23,21,82,41,41,81,40,41,40,20,20,19,9,10,6,4,2,0,0,0,1,0,1,41,41,12,18,6,1,3,1,0,28,25,3,0,29,0,8,11
55405273,2,55405282,,6,2,4,*,*,*,*,*,*,*,*,*,*,*,*,*,*,*,*,*,*,*,*,*,*,*,*,*,*,*,*,*,*,2,2,*,*,*,*,*,*,*,*,*,*,*,*,*,*,*
55405274,0,,,411,195,216,36,11,25,375,184,191,227,110,117,364,180,184,357,177,180,148,74,74,67,33,34,24,10,14,1,0,1,10,0,10,143,143,35,31,32,23,12,6,4,107,69,38,8,93,9,16,16
55405275,0,,,659,322,337,101,54,47,558,268,290,374,182,192,538,263,275,532,259,273,184,86,98,74,36,38,17,5,12,0,0,0,14,3,11,253,253,62,85,51,22,22,3,8,188,162,26,29,123,11,31,37
55405276,0,,,143,68,75,25,11,14,118,57,61,79,38,41,117,57,60,115,56,59,39,19,20,17,6,11,6,2,4,0,0,0,0,0,0,52,52,12,18,8,5,5,2,2,40,30,10,6,31,0,9,6
55405277,0,,,931,472,459,146,72,74,785,400,385,606,321,285,753,383,370,735,370,365,179,79,100,77,30,47,34,12,22,1,1,0,10,6,4,325,325,77,78,63,61,30,7,9,247,195,52,45,127,5,36,14
55405278,0,,,243,126,117,29,10,19,214,116,98,136,80,56,205,112,93,200,108,92,78,36,42,42,15,27,15,3,12,2,0,2,14,14,0,92,92,35,17,15,10,7,3,5,56,31,25,5,49,15,12,8
55405279,0,,,96,48,48,12,7,5,84,41,43,61,29,32,80,40,40,77,37,40,23,12,11,10,6,4,3,2,1,0,0,0,1,1,0,22,22,2,3,3,4,3,3,4,20,9,11,2,16,0,2,2
55405280,0,,,36,19,17,5,3,2,31,16,15,17,9,8,31,16,15,31,16,15,14,7,7,5,3,2,4,2,2,0,0,0,0,0,0,13,13,4,4,2,1,0,1,1,9,5,4,1,9,0,2,2
55405282,1,,55405273,90,43,47,14,7,7,82,38,44,54,29,25,75,34,41,73,32,41,28,9,19,11,1,10,7,1,6,0,0,0,0,0,0,19,19,2,2,4,2,3,4,4,19,4,15,3,17,0,1,1
55405283,0,,,646,319,327,110,66,44,536,253,283,350,171,179,517,242,275,501,237,264,186,82,104,87,36,51,26,10,16,2,1,1,13,6,7,233,233,52,64,41,51,13,10,2,180,145,35,28,116,11,25,30
55405284,0,,,237,122,115,26,17,9,211,105,106,125,66,59,203,100,103,199,98,101,86,39,47,39,22,17,10,5,5,0,0,0,2,0,2,81,81,13,30,15,9,6,5,3,68,50,18,8,53,1,9,20
55405285,0,,,33,18,15,5,4,1,28,14,14,17,8,9,25,13,12,24,12,12,11,6,5,3,2,1,2,2,0,0,0,0,0,0,0,10,10,0,4,1,3,2,0,0,10,7,3,2,7,0,0,2
55405286,0,,,158,87,71,27,17,10,131,70,61,75,43,32,127,67,60,126,67,59,56,27,29,24,9,15,10,2,8,0,0,0,0,0,0,45,45,9,9,6,7,5,4,5,36,13,23,3,36,0,4,5
55405287,0,,,232,117,115,27,15,12,205,102,103,122,63,59,200,100,100,196,98,98,83,39,44,34,13,21,14,4,10,2,2,0,0,0,0,73,73,7,26,11,14,10,2,3,66,41,25,7,54,0,4,11
55405288,0,,,660,292,368,69,26,43,591,266,325,346,184,162,572,255,317,559,250,309,245,82,163,153,38,115,76,8,68,18,2,16,0,0,0,190,189,28,60,37,25,20,13,6,160,113,47,14,106,2,13,23
55405289,0,,,414,206,208,36,17,19,378,189,189,229,118,111,365,184,181,358,181,177,149,71,78,70,27,43,30,12,18,7,2,5,5,4,1,126,126,15,31,28,24,16,9,3,111,64,47,8,89,4,9,17
55405290,0,,,157,74,83,6,3,3,151,71,80,79,41,38,146,68,78,142,67,75,72,30,42,38,13,25,11,4,7,2,0,2,0,0,0,51,51,8,15,11,8,3,3,3,43,23,20,1,43,0,5,8
55405291,0,,,151,71,80,15,6,9,136,65,71,73,38,35,134,64,70,134,64,70,63,27,36,31,11,20,11,0,11,1,0,1,0,0,0,49,49,8,15,8,8,5,4,1,41,23,18,4,39,0,5,10
55405292,0,,,52,24,28,5,0,5,47,24,23,28,15,13,46,24,22,46,24,22,19,9,10,11,4,7,3,0,3,0,0,0,0,0,0,16,16,1,6,3,1,4,1,0,15,10,5,0,12,0,1,3
55405293,0,,,566,277,289,55,25,30,511,252,259,330,170,160,499,244,255,488,241,247,181,82,99,92,34,58,44,11,33,6,1,5,37,24,13,228,226,82,63,41,20,10,8,2,143,114,29,16,102,24,28,29
55405294,0,,,402,203,199,57,27,30,345,176,169,201,109,92,334,168,166,327,166,161,144,67,77,71,32,39,18,8,10,1,1,0,1,0,1,145,145,24,54,26,24,10,4,3,121,102,19,11,90,3,17,36
55405295,0,,,123,52,71,5,2,3,118,50,68,49,26,23,117,49,68,117,49,68,69,24,45,50,15,35,27,5,22,4,0,4,1,0,1,31,30,4,6,9,7,2,0,2,25,15,10,1,23,0,3,4
55405296,0,,,29,19,10,2,2,0,27,17,10,14,10,4,27,17,10,26,16,10,13,7,6,7,3,4,3,1,2,0,0,0,0,0,0,9,9,1,0,6,0,2,0,0,8,3,5,1,7,0,0,0
55405297,0,,,91,44,47,12,6,6,79,38,41,54,30,24,76,36,40,74,35,39,25,8,17,12,3,9,9,1,8,0,0,0,0,0,0,23,23,2,3,7,3,3,2,3,21,9,12,4,17,0,2,0
55405298,0,,,284,139,145,49,31,18,235,108,127,155,76,79,228,103,125,224,100,124,80,32,48,32,10,22,12,0,12,0,0,0,6,5,1,99,99,23,24,24,11,10,5,2,76,57,19,11,51,4,11,11
55405299,0,,,110,51,59,17,8,9,93,43,50,64,30,34,88,39,49,86,38,48,29,13,16,16,6,10,6,1,5,0,0,0,0,0,0,31,31,6,4,4,8,5,2,2,25,12,13,7,18,0,4,3
55405300,2,55405301,,2,1,1,*,*,*,*,*,*,*,*,*,*,*,*,*,*,*,*,*,*,*,*,*,*,*,*,*,*,*,*,*,*,1,1,*,*,*,*,*,*,*,*,*,*,*,*,*,*,*
55405301,1,,55405300,141,72,69,11,7,4,132,66,66,78,41,37,127,65,62,125,63,62,54,25,29,30,12,18,15,7,8,0,0,0,1,0,1,37,37,2,8,7,8,9,2,2,36,14,22,3,34,0,2,1
55405302,0,,,324,164,160,55,26,29,269,138,131,196,106,90,253,127,126,245,122,123,73,32,41,35,14,21,11,3,8,0,0,0,0,0,0,123,123,39,27,17,24,14,0,2,82,69,13,18,56,2,24,6
55405303,0,,,240,119,121,35,17,18,190,95,95,127,66,61,176,88,88,170,87,83,63,29,34,30,12,18,9,3,6,0,0,0,1,0,1,94,94,37,19,16,7,5,6,4,57,35,22,13,42,6,6,9
55405304,0,,,37,21,16,2,1,1,35,20,15,24,15,9,33,19,14,32,18,14,11,5,6,4,2,2,1,0,1,0,0,0,0,0,0,14,14,6,2,2,0,3,1,0,8,4,4,1,8,0,3,0
55405305,0,,,82,44,38,9,5,4,73,39,34,47,26,21,65,35,30,64,34,30,26,13,13,11,3,8,5,1,4,0,0,0,0,0,0,22,22,4,3,3,5,3,1,3,18,10,8,2,17,0,4,1
55405306,0,,,141,76,65,9,6,3,132,70,62,75,42,33,130,69,61,128,69,59,57,28,29,35,15,20,14,6,8,2,1,1,0,0,0,42,42,7,10,8,6,5,3,3,35,17,18,2,32,0,2,4
55405307,0,,,64,36,28,2,2,0,62,34,28,35,21,14,59,33,26,56,30,26,27,13,14,9,5,4,1,0,1,0,0,0,0,0,0,19,19,0,7,6,2,2,0,2,18,10,8,0,16,0,0,4
55405308,0,,,68,34,34,6,4,2,62,30,32,38,18,20,61,30,31,61,30,31,24,12,12,10,4,6,4,3,1,1,1,0,1,0,1,21,21,4,5,3,4,1,4,0,17,7,10,2,17,0,2,2
55405309,0,,,13,7,6,0,0,0,13,7,6,5,3,2,12,6,6,12,6,6,8,4,4,2,1,1,1,1,0,0,0,0,0,0,0,5,5,1,2,1,0,1,0,0,4,3,1,0,5,0,1,1
55405310,0,,,40,20,20,3,3,0,37,17,20,21,11,10,36,17,19,35,17,18,16,6,10,9,2,7,3,0,3,0,0,0,0,0,0,12,12,1,1,7,0,2,1,0,11,5,6,0,11,0,1,0
55405311,0,,,27,14,13,4,2,2,23,12,11,14,7,7,23,12,11,23,12,11,9,5,4,6,4,2,3,1,2,0,0,0,0,0,0,6,6,1,0,0,1,2,2,0,5,0,5,0,5,0,1,0
55405312,0,,,245,124,121,28,15,13,217,109,108,136,71,65,211,106,105,207,104,103,81,38,43,32,13,19,12,4,8,0,0,0,0,0,0,78,78,11,22,18,11,7,6,3,66,43,23,7,51,0,7,13
55405313,0,,,100,54,46,10,7,3,90,47,43,70,36,34,87,44,43,82,42,40,20,11,9,13,6,7,3,1,2,0,0,0,0,0,0,31,31,3,7,6,11,3,1,0,28,23,5,3,14,0,2,3
55405314,0,,,27,13,14,3,1,2,24,12,12,12,5,7,23,12,11,23,12,11,12,7,5,4,2,2,1,0,1,0,0,0,0,0,0,10,10,4,0,3,1,2,0,0,6,2,4,0,8,0,3,0
55405315,0,,,63,30,33,5,3,2,58,27,31,29,15,14,56,25,31,56,25,31,29,12,17,14,3,11,5,0,5,0,0,0,5,0,5,24,24,6,8,4,3,2,0,1,18,9,9,1,16,4,1,3
55405316,0,,,102,50,52,13,4,9,89,46,43,53,28,25,83,42,41,80,41,39,36,18,18,25,11,14,11,5,6,0,0,0,0,0,0,27,27,3,7,3,5,3,4,2,24,10,14,2,21,0,1,4
55405317,0,,,32,17,15,2,0,2,30,17,13,20,11,9,30,17,13,30,17,13,10,6,4,6,4,2,1,1,0,0,0,0,0,0,0,12,12,1,6,3,1,0,1,0,11,7,4,1,8,0,1,1
55405318,0,,,52,27,25,2,1,1,50,26,24,26,15,11,50,26,24,50,26,24,24,11,13,13,4,9,4,1,3,1,0,1,0,0,0,21,21,6,7,5,0,1,2,0,15,9,6,1,18,0,5,2
55405319,0,,,82,45,37,5,4,1,77,41,36,33,15,18,77,41,36,77,41,36,44,26,18,24,13,11,15,7,8,1,0,1,1,0,1,26,26,2,7,9,3,3,2,0,24,12,12,1,23,0,1,4
55405320,0,,,153,72,81,21,10,11,132,62,70,97,49,48,124,56,68,117,52,65,35,13,22,13,2,11,7,0,7,0,0,0,4,2,2,54,54,8,17,14,9,4,1,1,46,38,8,4,23,0,4,5
55405321,0,,,139,74,65,17,10,7,122,64,58,68,38,30,119,62,57,118,62,56,54,26,28,27,13,14,12,6,6,2,1,1,1,0,1,45,45,7,12,13,5,3,3,2,38,27,11,5,33,0,7,8
55405322,0,,,88,40,48,10,4,6,78,36,42,36,19,17,76,35,41,75,34,41,42,17,25,27,9,18,14,2,12,2,0,2,0,0,0,28,28,7,9,4,2,1,2,3,20,9,11,2,25,0,5,4
55405323,0,,,294,147,147,19,10,9,275,137,138,158,81,77,262,129,133,257,126,131,117,56,61,55,22,33,8,2,6,2,0,2,0,0,0,97,97,17,26,25,8,11,8,2,80,47,33,2,73,0,14,17
55405324,0,,,14,7,7,0,0,0,14,7,7,7,4,3,14,7,7,14,7,7,7,3,4,4,1,3,4,1,3,1,0,1,0,0,0,6,6,2,2,0,2,0,0,0,4,3,1,0,5,0,2,0
55405325,0,,,69,32,37,4,0,4,65,32,33,34,17,17,63,31,32,63,31,32,31,15,16,16,8,8,4,1,3,1,0,1,0,0,0,26,26,6,6,11,1,0,1,1,20,14,6,1,18,0,3,3
55405326,0,,,59,33,26,1,1,0,58,32,26,34,23,11,55,31,24,53,30,23,24,9,15,14,3,11,8,0,8,2,0,2,0,0,0,23,23,8,4,4,5,1,1,0,15,7,8,0,20,0,7,0
55405327,0,,,62,33,29,8,5,3,54,28,26,31,17,14,52,26,26,49,25,24,23,11,12,15,7,8,4,3,1,0,0,0,0,0,0,16,16,3,2,1,4,2,2,2,13,2,11,2,15,0,2,2
55405328,0,,,87,46,41,9,6,3,78,40,38,40,21,19,78,40,38,78,40,38,38,19,19,20,9,11,7,2,5,0,0,0,0,0,0,25,25,2,9,4,4,3,1,2,23,10,13,3,22,1,0,2
55405329,0,,,19,11,8,1,1,0,18,10,8,8,4,4,18,10,8,18,10,8,10,6,4,5,2,3,0,0,0,0,0,0,0,0,0,7,7,1,3,1,1,1,0,0,6,4,2,1,7,0,1,3
55405330,0,,,140,72,68,17,6,11,123,66,57,79,42,37,117,61,56,116,61,55,44,24,20,22,10,12,7,2,5,0,0,0,5,4,1,49,49,17,11,5,6,3,2,5,31,20,11,3,30,2,11,4
55405331,0,,,40,19,21,1,0,1,39,19,20,17,9,8,38,18,20,37,18,19,22,10,12,11,5,6,3,1,2,0,0,0,0,0,0,19,19,6,8,4,0,0,1,0,13,9,4,0,13,0,2,4
55405332,0,,,72,39,33,2,2,0,70,37,33,39,24,15,69,36,33,68,35,33,31,13,18,24,10,14,3,2,1,0,0,0,0,0,0,22,22,3,7,2,5,2,2,1,19,8,11,1,20,0,2,3
55405333,0,,,107,60,47,2,1,1,105,59,46,66,43,23,98,52,46,98,52,46,39,16,23,26,8,18,10,3,7,1,0,1,0,0,0,31,31,5,7,3,8,3,3,2,26,11,15,0,27,0,4,3
55405334,0,,,42,24,18,4,4,0,38,20,18,20,13,7,38,20,18,38,20,18,18,7,11,10,3,7,3,0,3,0,0,0,0,0,0,14,14,3,3,4,1,1,2,0,11,6,5,0,11,0,2,1
55405335,0,,,58,34,24,9,6,3,49,28,21,25,16,9,48,28,20,48,28,20,24,12,12,10,5,5,3,1,2,1,0,1,0,0,0,15,15,2,2,4,2,2,0,3,12,5,7,1,12,0,1,1
55405336,0,,,15,8,7,2,1,1,13,7,6,5,4,1,13,7,6,13,7,6,8,3,5,3,1,2,1,0,1,0,0,0,0,0,0,6,6,1,2,2,1,0,0,0,5,4,1,0,4,0,0,1
55405337,0,,,142,53,89,7,5,2,135,48,87,32,19,13,132,45,87,130,44,86,103,29,74,85,17,68,62,9,53,14,1,13,1,0,1,21,20,2,9,4,0,1,3,1,18,10,8,2,16,0,1,4
55405338,0,,,34,17,17,3,1,2,31,16,15,14,8,6,28,13,15,28,13,15,17,8,9,6,3,3,4,2,2,0,0,0,0,0,0,12,12,6,1,1,2,0,1,1,6,1,5,0,9,1,4,0
55405339,2,55405349,,5,3,2,*,*,*,*,*,*,*,*,*,*,*,*,*,*,*,*,*,*,*,*,*,*,*,*,*,*,*,*,*,*,2,2,*,*,*,*,*,*,*,*,*,*,*,*,*,*,*
55405340,0,,,75,41,34,7,6,1,68,35,33,40,21,19,68,35,33,67,34,33,28,14,14,14,5,9,7,2,5,2,0,2,0,0,0,25,25,4,4,11,3,1,1,1,21,11,10,2,18,0,1,1
55405341,0,,,152,78,74,10,6,4,142,72,70,83,47,36,133,66,67,129,66,63,59,25,34,26,12,14,7,3,4,1,0,1,0,0,0,42,42,6,6,10,7,7,2,4,36,15,21,1,33,0,3,4
55405342,0,,,80,46,34,7,5,2,73,41,32,40,26,14,71,39,32,70,38,32,33,15,18,12,2,10,5,1,4,0,0,0,0,0,0,30,30,5,12,6,3,3,1,0,25,15,10,0,22,0,3,6
55405343,0,,,139,80,59,15,11,4,124,69,55,69,44,25,117,63,54,115,62,53,55,25,30,22,7,15,11,3,8,2,0,2,0,0,0,42,42,8,8,11,6,3,1,5,34,18,16,3,31,0,4,4
55405344,0,,,48,25,23,2,1,1,46,24,22,21,13,8,45,24,21,45,24,21,25,11,14,11,5,6,6,3,3,0,0,0,0,0,0,15,15,2,3,5,1,3,1,0,13,7,6,1,13,0,1,2
55405345,0,,,165,133,32,6,5,1,159,128,31,139,120,19,81,53,28,54,26,28,20,8,12,8,1,7,6,0,6,1,0,1,0,0,0,23,22,4,5,6,4,2,1,0,18,12,6,1,14,0,2,2
55405346,0,,,36,18,18,1,1,0,35,17,18,19,11,8,35,17,18,34,17,17,16,6,10,10,3,7,1,0,1,0,0,0,0,0,0,13,13,2,4,3,3,1,0,0,11,5,6,1,11,0,2,3
55405347,0,,,25,14,11,4,3,1,21,11,10,9,4,5,20,10,10,20,10,10,12,7,5,1,0,1,1,0,1,0,0,0,0,0,0,9,9,2,4,1,0,0,2,0,7,4,3,1,7,0,2,3
55405348,0,,,35,15,20,4,2,2,31,13,18,18,7,11,30,13,17,29,13,16,13,6,7,9,4,5,7,2,5,0,0,0,0,0,0,9,9,1,2,1,2,1,1,1,8,4,4,1,8,0,1,1
55405349,1,,55405339,41,22,19,3,2,1,43,23,20,21,13,8,42,22,20,41,21,20,22,10,12,7,3,4,2,0,2,1,0,1,0,0,0,13,13,2,4,3,3,3,0,0,13,8,5,0,12,0,1,2
55405350,0,,,63,30,33,6,3,3,57,27,30,33,17,16,56,27,29,56,27,29,24,10,14,10,2,8,7,2,5,0,0,0,0,0,0,22,22,4,5,8,3,0,1,1,18,9,9,2,17,0,3,3
55405351,0,,,68,35,33,6,2,4,62,33,29,35,21,14,59,30,29,57,30,27,27,12,15,13,5,8,4,1,3,2,0,2,0,0,0,19,19,2,5,4,3,2,1,2,17,10,7,2,16,0,2,3
55405352,0,,,36,18,18,1,1,0,35,17,18,21,12,9,34,16,18,33,15,18,14,5,9,7,2,5,1,1,0,0,0,0,1,0,1,11,11,2,2,2,3,1,0,1,9,5,4,0,9,0,2,2
55405353,0,,,95,47,48,12,5,7,83,42,41,42,26,16,82,41,41,80,39,41,41,16,25,22,7,15,11,3,8,1,0,1,0,0,0,35,35,11,7,8,3,3,2,1,24,15,9,3,26,0,8,4
55405354,0,,,33,13,20,5,1,4,28,12,16,20,10,10,24,11,13,23,11,12,8,2,6,4,1,3,3,0,3,1,0,1,0,0,0,7,7,0,0,1,2,2,2,0,7,2,5,0,5,0,0,0
55405355,0,,,62,34,28,5,3,2,57,31,26,34,18,16,55,30,25,54,29,25,23,13,10,3,1,2,3,1,2,0,0,0,0,0,0,19,19,0,6,7,4,0,1,1,19,14,5,2,13,0,0,2
55405356,0,,,49,23,26,7,3,4,42,20,22,20,10,10,42,20,22,39,19,20,22,10,12,11,5,6,2,0,2,0,0,0,0,0,0,12,12,0,5,1,1,0,3,2,12,5,7,0,12,0,0,4
55405357,0,,,17,9,8,0,0,0,17,9,8,7,5,2,17,9,8,17,9,8,10,4,6,4,1,3,2,0,2,0,0,0,0,0,0,5,5,0,0,3,2,0,0,0,5,3,2,0,5,0,0,0
55405358,0,,,46,21,25,4,2,2,42,19,23,25,10,15,42,19,23,42,19,23,17,9,8,11,4,7,5,1,4,0,0,0,0,0,0,13,13,2,0,4,4,2,1,0,11,1,10,2,11,0,2,0
55405359,0,,,155,78,77,6,3,3,149,75,74,77,44,33,145,74,71,144,74,70,72,31,41,35,13,22,11,2,9,2,0,2,0,0,0,60,60,11,21,18,6,3,0,1,49,32,17,1,45,0,5,10
55405360,0,,,184,95,89,23,11,12,161,84,77,93,56,37,161,84,77,160,83,77,68,28,40,32,11,21,16,6,10,2,0,2,0,0,0,59,59,12,13,12,11,4,4,3,47,25,22,5,46,0,8,3
55405361,0,,,323,145,178,29,18,11,292,126,166,118,59,59,283,123,160,275,120,155,174,67,107,131,40,91,97,24,73,23,3,20,0,0,0,71,70,8,19,15,13,5,7,3,62,42,20,3,48,2,3,15
55405362,0,,,83,37,46,10,3,7,73,34,39,33,15,18,70,34,36,70,34,36,40,19,21,17,6,11,11,4,7,3,1,2,0,0,0,27,27,3,7,8,5,2,2,0,24,11,13,2,23,0,2,5
55405363,0,,,104,53,51,16,9,7,88,44,44,51,29,22,86,43,43,86,43,43,37,15,22,22,8,14,8,3,5,1,0,1,0,0,0,28,28,4,5,5,4,7,0,3,24,11,13,5,21,0,2,3
55405364,0,,,244,131,113,25,15,10,219,116,103,153,87,66,198,104,94,196,103,93,66,29,37,29,10,19,15,4,11,2,0,2,0,0,0,56,54,11,16,6,11,7,2,1,43,26,17,2,41,0,8,9
55405365,0,,,607,292,315,69,36,33,538,256,282,317,160,157,526,247,279,509,238,271,221,96,125,140,52,88,45,16,29,2,0,2,9,0,9,256,256,74,90,42,34,7,7,2,182,142,40,19,153,3,39,37
55405366,0,,,127,59,68,15,8,7,112,51,61,69,35,34,107,47,60,106,46,60,43,16,27,24,7,17,10,1,9,1,0,1,1,0,1,48,48,16,11,4,10,6,0,1,32,21,11,5,29,0,11,2
55405367,0,,,94,46,48,11,7,4,83,39,44,43,23,20,80,38,42,79,38,41,40,16,24,22,4,18,9,0,9,2,0,2,0,0,0,30,30,6,6,11,2,2,0,3,24,9,15,3,28,0,5,4
55405368,0,,,32,17,15,5,3,2,27,14,13,10,5,5,27,14,13,27,14,13,17,9,8,7,4,3,4,3,1,0,0,0,0,0,0,10,10,1,3,4,0,0,1,1,9,3,6,1,10,0,1,1
55405369,0,,,263,177,86,43,33,10,220,144,76,166,119,47,149,75,74,133,60,73,54,25,29,23,9,14,6,2,4,1,0,1,0,0,0,62,61,15,17,11,10,6,0,2,46,33,13,8,34,0,6,7
55405370,2,55405380,,1,1,0,*,*,*,*,*,*,*,*,*,*,*,*,*,*,*,*,*,*,*,*,*,*,*,*,*,*,*,*,*,*,1,1,*,*,*,*,*,*,*,*,*,*,*,*,*,*,*
55405371,0,,,190,99,91,19,10,9,171,89,82,89,44,45,168,87,81,164,86,78,82,45,37,30,16,14,14,6,8,3,3,0,0,0,0,57,57,7,17,14,3,7,6,3,50,28,22,6,50,0,6,12
55405372,0,,,138,70,68,12,3,9,126,67,59,68,38,30,123,66,57,122,66,56,58,29,29,33,13,20,15,5,10,0,0,0,0,0,0,45,45,7,11,9,11,4,3,0,36,19,17,2,36,0,6,6
55405373,0,,,154,77,77,15,10,5,139,67,72,85,43,42,133,63,70,131,63,68,54,24,30,26,9,17,16,5,11,2,0,2,0,0,0,40,40,3,5,12,7,7,2,4,36,11,25,2,32,0,0,1
55405374,0,,,32,14,18,0,0,0,32,14,18,22,10,12,28,13,15,26,12,14,10,4,6,4,0,4,3,0,3,0,0,0,0,0,0,8,8,0,2,1,3,0,1,1,8,3,5,0,7,0,0,1
55405375,0,,,688,341,347,46,24,22,634,309,325,352,185,167,620,302,318,613,300,313,282,124,158,151,55,96,64,21,43,8,2,6,9,7,2,317,317,131,96,37,33,7,5,8,184,133,51,9,187,12,57,43
55405376,0,,,1289,598,691,121,60,61,1162,533,629,660,332,328,1135,523,612,1126,516,610,502,201,301,277,85,192,108,19,89,10,0,10,11,4,7,534,533,180,162,97,45,28,9,12,351,262,89,34,334,11,90,70
55405377,0,,,880,416,464,104,53,51,771,359,412,495,237,258,744,347,397,734,342,392,276,122,154,142,63,79,35,15,20,0,0,0,19,3,16,355,355,104,102,77,38,22,7,5,250,198,52,22,180,8,28,44
55405378,0,,,180,83,97,9,2,7,167,78,89,90,43,47,162,75,87,159,74,85,77,35,42,32,13,19,14,5,9,1,1,0,0,0,0,71,71,19,21,14,10,5,2,0,51,36,15,0,47,2,8,12
55405379,0,,,55,25,30,9,4,5,46,21,25,33,16,17,45,21,24,43,20,23,13,5,8,5,2,3,1,0,1,0,0,0,0,0,0,16,16,1,6,1,4,2,1,1,15,9,6,1,11,0,1,1
55405380,1,,55405370,100,51,49,11,6,5,90,46,44,50,28,22,87,45,42,86,44,42,40,18,22,18,6,12,11,3,8,0,0,0,0,0,0,24,24,3,3,6,4,1,3,5,22,6,16,1,23,0,2,2
55405381,0,,,156,74,82,13,6,7,143,68,75,83,44,39,140,65,75,139,64,75,60,24,36,29,9,20,12,1,11,0,0,0,0,0,0,44,44,2,9,16,6,4,5,2,42,18,24,6,37,0,2,7
55405382,0,,,86,46,40,2,2,0,84,44,40,49,26,23,78,42,36,75,40,35,35,18,17,18,9,9,5,1,4,0,0,0,1,0,1,26,26,3,6,8,3,3,1,2,22,12,10,0,21,0,3,2
55405383,0,,,99,51,48,6,5,1,93,46,47,54,25,29,90,45,45,88,43,45,39,21,18,18,8,10,10,4,6,0,0,0,0,0,0,31,31,4,8,9,5,2,1,2,27,13,14,2,23,0,2,4
55405384,0,,,58,33,25,3,2,1,55,31,24,28,19,9,54,31,23,53,30,23,27,12,15,10,5,5,4,1,3,0,0,0,0,0,0,20,20,2,8,5,3,1,0,1,18,14,4,1,16,0,1,5
55405385,0,,,426,205,221,70,26,44,355,178,177,239,119,120,347,175,172,335,168,167,116,59,57,48,24,24,8,3,5,0,0,0,0,0,0,147,147,24,51,30,22,8,9,3,122,97,25,19,74,2,9,22
55405386,0,,,1020,478,542,90,40,50,919,432,487,578,287,291,859,403,456,839,397,442,341,145,196,178,68,110,54,16,38,2,0,2,8,7,1,436,432,147,144,69,42,20,8,2,281,226,55,22,235,10,68,49
55405387,0,,,228,110,118,25,15,10,203,95,108,144,69,75,191,91,100,185,89,96,59,26,33,32,15,17,13,4,9,0,0,0,0,0,0,78,78,8,31,15,12,8,3,1,69,51,18,5,42,0,3,10
55405388,0,,,24,13,11,3,0,3,18,11,7,11,8,3,18,11,7,18,11,7,7,3,4,3,1,2,1,0,1,0,0,0,0,0,0,13,13,6,5,1,0,1,0,0,7,6,1,2,6,0,1,1
55405389,0,,,59,27,32,3,2,1,56,25,31,29,14,15,53,24,29,53,24,29,27,11,16,14,4,10,9,2,7,0,0,0,1,0,1,19,19,0,9,4,2,3,1,0,19,11,8,0,17,0,0,3
55405390,0,,,129,64,65,15,8,7,114,56,58,73,38,35,112,55,57,109,54,55,41,18,23,15,5,10,8,1,7,0,0,0,0,0,0,38,38,5,10,7,8,2,3,3,33,16,17,1,24,1,1,4
55405391,0,,,173,91,82,32,19,13,141,72,69,85,43,42,138,71,67,135,70,65,56,29,27,29,15,14,10,6,4,0,0,0,0,0,0,47,47,5,10,9,4,12,4,3,41,22,19,10,37,0,4,4
55405392,0,,,33,20,13,2,0,2,31,20,11,17,12,5,30,19,11,30,19,11,14,8,6,8,4,4,4,2,2,0,0,0,0,0,0,12,12,3,1,5,2,1,0,0,9,8,1,1,8,0,2,0
55405393,0,,,111,56,55,13,6,7,98,50,48,61,36,25,95,48,47,93,46,47,37,14,23,20,7,13,8,3,5,2,0,2,0,0,0,30,30,5,4,5,7,3,3,3,24,9,15,2,23,0,4,2
55405394,0,,,115,62,53,8,4,4,107,58,49,51,31,20,107,58,49,107,58,49,56,27,29,34,14,20,17,6,11,0,0,0,0,0,0,37,36,10,8,9,7,1,0,1,26,19,7,2,23,0,8,3
55405395,0,,,702,379,323,89,53,36,605,321,284,438,239,199,587,313,274,576,305,271,167,82,85,63,30,33,15,6,9,0,0,0,5,1,4,275,274,88,84,44,35,14,4,5,184,149,35,27,112,5,26,34
55405397,0,,,197,101,96,22,13,9,174,87,87,104,51,53,171,86,85,167,84,83,70,36,34,41,22,19,14,7,7,0,0,0,2,0,2,67,67,12,20,13,10,10,0,2,55,38,17,6,45,1,4,13
55405398,0,,,32,14,18,2,0,2,25,10,15,6,5,1,25,10,15,25,10,15,19,5,14,12,2,10,11,2,9,2,0,2,0,0,0,10,4,1,2,0,1,0,0,0,1,1,0,0,1,1,0,0
55405399,0,,,22,12,10,2,2,0,20,10,10,14,8,6,20,10,10,20,10,10,6,2,4,3,0,3,2,0,2,0,0,0,0,0,0,6,6,0,1,3,1,0,0,1,6,3,3,0,4,0,0,0
55405400,0,,,27,13,14,6,3,3,21,10,11,14,8,6,21,10,11,21,10,11,7,2,5,3,1,2,2,0,2,0,0,0,0,0,0,6,6,0,0,2,1,1,2,0,6,2,4,1,3,0,0,0
55405401,0,,,146,66,80,17,6,11,129,60,69,74,39,35,123,56,67,118,54,64,55,21,34,34,13,21,11,5,6,0,0,0,0,0,0,47,47,9,13,7,7,5,5,1,38,26,12,4,37,0,9,4
55405402,0,,,104,50,54,7,4,3,97,46,51,51,22,29,94,45,49,94,45,49,46,24,22,23,11,12,12,5,7,1,0,1,0,0,0,32,32,6,6,8,5,4,1,2,26,13,13,2,27,0,6,3
55405403,0,,,55,27,28,4,3,1,51,24,27,34,16,18,50,24,26,49,24,25,17,8,9,13,6,7,4,3,1,0,0,0,0,0,0,17,17,1,6,2,4,4,0,0,16,11,5,1,10,0,0,4
55405404,0,,,554,256,298,59,25,34,495,231,264,274,149,125,484,225,259,476,222,254,221,82,139,139,42,97,68,15,53,9,2,7,6,3,3,192,191,44,69,32,24,12,5,5,145,110,35,16,111,9,21,24
55405405,0,,,86,47,39,6,4,2,80,43,37,45,27,18,76,40,36,75,40,35,35,16,19,14,5,9,9,4,5,1,0,1,0,0,0,31,31,12,5,6,1,3,1,3,19,8,11,2,24,2,5,4
55405406,0,,,12,7,5,1,0,1,11,7,4,8,5,3,11,7,4,11,7,4,3,2,1,0,0,0,0,0,0,0,0,0,0,0,0,5,5,1,1,3,0,0,0,0,4,4,0,1,2,0,0,1
55405407,0,,,49,26,23,4,2,2,45,24,21,24,11,13,45,24,21,45,24,21,21,13,8,11,6,5,5,2,3,0,0,0,0,0,0,14,14,2,2,4,2,2,1,1,12,6,6,1,14,0,2,0
55405408,0,,,23,8,15,6,2,4,17,6,11,15,6,9,17,6,11,17,6,11,2,0,2,1,0,1,1,0,1,0,0,0,0,0,0,5,5,0,1,1,1,0,0,2,5,2,3,1,1,0,0,0
55405410,0,,,59,29,30,9,4,5,50,25,25,26,14,12,48,23,25,48,23,25,24,11,13,12,4,8,4,1,3,0,0,0,0,0,0,19,19,2,8,4,1,1,1,2,17,12,5,1,14,0,2,3
55405411,0,,,89,41,48,10,2,8,79,39,40,44,24,20,78,38,40,77,37,40,35,15,20,20,8,12,7,1,6,0,0,0,0,0,0,24,24,4,2,8,3,2,3,2,20,8,12,1,21,0,3,1
55405412,0,,,154,77,77,14,10,4,140,67,73,77,38,39,139,67,72,138,66,72,63,29,34,32,11,21,19,7,12,0,0,0,1,0,1,53,53,8,15,18,4,5,1,2,44,27,17,3,40,0,6,7
55405413,0,,,387,201,186,46,27,19,341,174,167,191,106,85,333,171,162,330,170,160,150,68,82,91,39,52,32,16,16,1,0,1,1,0,1,128,128,20,44,26,13,8,12,5,107,67,40,10,100,0,13,19
55405414,0,,,305,140,165,39,14,25,266,126,140,168,80,88,259,122,137,251,121,130,98,46,52,46,17,29,21,9,12,3,1,2,6,5,1,109,109,23,35,25,8,9,5,4,85,58,27,5,65,2,12,13
55405415,0,,,54,30,24,4,3,1,50,27,23,25,15,10,50,27,23,50,27,23,25,12,13,9,4,5,3,0,3,0,0,0,0,0,0,20,20,4,4,9,1,1,1,0,16,11,5,0,16,0,3,2
55405416,2,55405417,,1,0,1,*,*,*,*,*,*,*,*,*,*,*,*,*,*,*,*,*,*,*,*,*,*,*,*,*,*,*,*,*,*,1,1,*,*,*,*,*,*,*,*,*,*,*,*,*,*,*
55405417,1,,55405416,27,12,15,0,0,0,28,12,16,17,9,8,28,12,16,28,12,16,11,3,8,8,1,7,6,0,6,1,0,1,0,0,0,12,12,5,4,2,1,1,0,0,8,5,3,0,8,0,2,0
55405418,0,,,32,18,14,3,1,2,29,17,12,14,9,5,29,17,12,29,17,12,15,8,7,5,2,3,3,1,2,1,0,1,2,0,2,12,12,3,2,6,0,0,0,1,9,6,3,0,10,0,1,0
55405419,2,55405428,,10,8,2,*,*,*,*,*,*,*,*,*,*,*,*,*,*,*,*,*,*,*,*,*,*,*,*,*,*,*,*,*,*,4,4,*,*,*,*,*,*,*,*,*,*,*,*,*,*,*
55405420,0,,,93,47,46,3,3,0,90,44,46,45,25,20,89,44,45,89,44,45,45,19,26,23,9,14,10,3,7,1,0,1,0,0,0,33,33,5,10,12,3,0,1,2,28,16,12,0,25,0,3,3
55405422,1,,55405432,69,37,32,6,3,3,73,41,32,50,30,20,73,41,32,70,39,31,23,11,12,14,6,8,8,5,3,0,0,0,0,0,0,21,21,4,7,5,3,4,1,1,21,11,10,2,17,0,2,1
55405423,0,,,32,15,17,11,5,6,21,10,11,20,9,11,18,9,9,18,9,9,1,1,0,0,0,0,0,0,0,0,0,0,0,0,0,9,9,1,1,2,2,3,0,0,8,7,1,1,1,0,1,0
55405424,2,55405425,,10,5,5,*,*,*,*,*,*,*,*,*,*,*,*,*,*,*,*,*,*,*,*,*,*,*,*,*,*,*,*,*,*,2,2,*,*,*,*,*,*,*,*,*,*,*,*,*,*,*
55405425,1,,55405424,91,47,44,9,3,6,92,49,43,52,31,21,90,48,42,89,47,42,40,18,22,23,7,16,14,3,11,1,0,1,0,0,0,28,28,6,5,8,4,2,1,4,24,8,16,3,26,0,4,1
55405426,0,,,13,6,7,0,0,0,13,6,7,10,5,5,12,5,7,10,4,6,3,1,2,0,0,0,0,0,0,0,0,0,0,0,0,4,4,1,1,0,1,0,1,0,3,2,1,0,2,0,1,0
55405427,0,,,36,20,16,6,3,3,30,17,13,23,14,9,29,16,13,29,16,13,7,3,4,2,1,1,1,0,1,0,0,0,0,0,0,9,9,1,1,3,0,1,2,1,8,4,4,0,5,0,1,0
55405428,1,,55405419;55405429,9,4,5,2,2,0,25,13,12,10,5,5,25,13,12,25,13,12,15,8,7,4,1,3,3,1,2,0,0,0,1,0,1,4,4,2,4,4,0,1,0,0,9,7,2,0,9,0,2,2
55405429,2,55405428,,8,3,5,*,*,*,*,*,*,*,*,*,*,*,*,*,*,*,*,*,*,*,*,*,*,*,*,*,*,*,*,*,*,3,3,*,*,*,*,*,*,*,*,*,*,*,*,*,*,*
55405430,0,,,110,57,53,12,8,4,98,49,49,59,32,27,93,48,45,92,47,45,39,17,22,20,7,13,10,5,5,0,0,0,0,0,0,29,29,1,8,5,6,3,4,2,28,12,16,4,26,0,1,2
55405432,2,55405422,,10,7,3,*,*,*,*,*,*,*,*,*,*,*,*,*,*,*,*,*,*,*,*,*,*,*,*,*,*,*,*,*,*,4,4,*,*,*,*,*,*,*,*,*,*,*,*,*,*,*
55405435,0,,,78,36,42,8,4,4,70,32,38,41,17,24,67,31,36,67,31,36,29,15,14,18,10,8,4,2,2,0,0,0,6,0,6,26,26,9,2,5,5,1,3,1,17,6,11,0,20,1,4,2
55405436,0,,,44,25,19,2,0,2,42,25,17,25,17,8,42,25,17,41,24,17,17,8,9,10,4,6,3,1,2,1,0,1,0,0,0,13,13,1,4,2,3,2,0,1,12,5,7,0,10,0,0,3
55405437,0,,,36,14,22,6,2,4,30,12,18,17,7,10,29,12,17,28,11,17,13,5,8,6,2,4,4,1,3,0,0,0,0,0,0,11,11,2,2,4,0,2,0,1,9,4,5,1,10,0,2,0
55405438,2,55405439,,31,12,19,*,*,*,*,*,*,*,*,*,*,*,*,*,*,*,*,*,*,*,*,*,*,*,*,*,*,*,*,*,*,4,3,*,*,*,*,*,*,*,*,*,*,*,*,*,*,*
55405439,1,,55405438;55405449,12,6,6,0,0,0,50,23,27,15,10,5,50,23,27,50,23,27,35,13,22,26,9,17,18,6,12,2,0,2,0,0,0,5,5,1,3,4,2,0,0,0,9,6,3,0,9,0,1,2
55405440,0,,,179,92,87,16,11,5,163,81,82,86,46,40,156,78,78,151,76,75,77,35,42,45,19,26,15,4,11,2,1,1,1,0,1,52,52,2,19,10,9,4,4,4,50,32,18,4,42,0,2,12
55405442,0,,,24,15,9,0,0,0,24,15,9,16,11,5,24,15,9,24,15,9,8,4,4,3,1,2,2,0,2,0,0,0,0,0,0,9,9,2,3,1,2,1,0,0,7,5,2,0,5,0,0,1
55405444,0,,,29,14,15,4,2,2,25,12,13,16,8,8,23,10,13,23,10,13,9,4,5,6,2,4,1,0,1,0,0,0,0,0,0,8,8,3,0,1,0,1,3,0,5,0,5,0,6,0,1,0
55405445,0,,,87,41,46,7,4,3,80,37,43,32,18,14,80,37,43,79,37,42,48,19,29,26,8,18,14,4,10,0,0,0,1,0,1,32,32,4,16,3,7,1,0,1,28,20,8,1,30,0,4,6
55405446,0,,,18,11,7,0,0,0,18,11,7,6,5,1,18,11,7,18,11,7,12,6,6,9,4,5,2,1,1,0,0,0,0,0,0,7,7,1,2,3,1,0,0,0,6,5,1,0,7,0,1,1
55405447,0,,,43,19,24,3,1,2,40,18,22,16,6,10,36,17,19,36,17,19,24,12,12,11,4,7,5,1,4,0,0,0,1,0,1,15,15,4,4,2,2,2,0,1,11,4,7,1,15,0,4,2
55405448,0,,,24,13,11,0,0,0,24,13,11,15,9,6,24,13,11,24,13,11,9,4,5,7,2,5,3,1,2,0,0,0,0,0,0,10,10,3,3,1,3,0,0,0,7,5,2,0,6,0,2,0
55405449,2,55405439,,7,5,2,*,*,*,*,*,*,*,*,*,*,*,*,*,*,*,*,*,*,*,*,*,*,*,*,*,*,*,*,*,*,2,2,*,*,*,*,*,*,*,*,*,*,*,*,*,*,*
55405450,1,,55405461,11,7,4,0,0,0,17,9,8,7,4,3,17,9,8,17,9,8,10,5,5,5,2,3,1,0,1,0,0,0,0,0,0,4,4,1,1,3,0,1,0,0,5,2,3,0,6,0,1,0
55405453,2,55405462,,6,3,3,*,*,*,*,*,*,*,*,*,*,*,*,*,*,*,*,*,*,*,*,*,*,*,*,*,*,*,*,*,*,3,3,*,*,*,*,*,*,*,*,*,*,*,*,*,*,*
55405455,0,,,37,18,19,2,0,2,35,18,17,24,13,11,32,16,16,32,16,16,11,5,6,4,2,2,3,1,2,0,0,0,3,0,3,15,15,4,6,2,1,1,1,0,11,9,2,0,8,0,1,2
55405456,0,,,64,29,35,8,6,2,56,23,33,32,11,21,53,23,30,52,22,30,24,12,12,13,7,6,4,1,3,2,1,1,6,0,6,23,23,7,6,2,4,1,3,0,16,8,8,0,15,2,2,3
55405457,1,,55405458,46,19,27,8,3,5,48,17,31,31,9,22,46,17,29,42,17,25,17,8,9,9,3,6,5,3,2,0,0,0,11,0,11,14,14,11,4,3,2,0,2,1,12,4,8,0,12,5,1,0
55405458,2,55405457,,10,1,9,*,*,*,*,*,*,*,*,*,*,*,*,*,*,*,*,*,*,*,*,*,*,*,*,*,*,*,*,*,*,9,9,*,*,*,*,*,*,*,*,*,*,*,*,*,*,*
55405459,2,55405468,,2,1,1,*,*,*,*,*,*,*,*,*,*,*,*,*,*,*,*,*,*,*,*,*,*,*,*,*,*,*,*,*,*,1,1,*,*,*,*,*,*,*,*,*,*,*,*,*,*,*
55405460,0,,,28,15,13,0,0,0,28,15,13,17,9,8,28,15,13,27,15,12,11,6,5,4,1,3,0,0,0,0,0,0,0,0,0,12,12,3,5,2,1,1,0,0,9,6,3,0,8,0,1,2
55405461,2,55405450,,6,2,4,*,*,*,*,*,*,*,*,*,*,*,*,*,*,*,*,*,*,*,*,*,*,*,*,*,*,*,*,*,*,2,2,*,*,*,*,*,*,*,*,*,*,*,*,*,*,*
55405462,1,,55405453,20,10,10,0,0,0,26,13,13,16,8,8,25,13,12,25,13,12,10,5,5,6,3,3,3,1,2,0,0,0,1,0,1,8,8,3,3,3,2,0,0,0,8,6,2,0,6,0,0,2
55405463,0,,,16,5,11,1,0,1,15,5,10,8,2,6,15,5,10,15,5,10,7,3,4,4,1,3,3,0,3,0,0,0,0,0,0,7,7,2,2,2,1,0,0,0,5,2,3,0,4,0,1,0
55405464,2,55405465,,4,2,2,*,*,*,*,*,*,*,*,*,*,*,*,*,*,*,*,*,*,*,*,*,*,*,*,*,*,*,*,*,*,2,2,*,*,*,*,*,*,*,*,*,*,*,*,*,*,*
55405465,1,,55405464,33,13,20,4,1,3,33,14,19,16,6,10,32,13,19,32,13,19,17,8,9,8,3,5,6,2,4,0,0,0,2,0,2,11,11,3,5,2,0,1,1,1,10,7,3,0,10,0,1,2
55405466,0,,,15,7,8,0,0,0,15,7,8,5,3,2,15,7,8,15,7,8,10,4,6,6,2,4,4,2,2,0,0,0,1,0,1,8,8,3,3,2,0,0,0,0,5,5,0,0,6,0,2,3
55405467,0,,,43,21,22,3,1,2,40,20,20,23,9,14,39,20,19,39,20,19,17,11,6,10,5,5,5,3,2,1,0,1,0,0,0,13,13,3,2,2,2,2,2,0,10,1,9,0,12,0,3,0
55405468,1,,55405459,31,12,19,2,0,2,31,13,18,22,10,12,27,11,16,27,11,16,9,3,6,6,1,5,3,1,2,0,0,0,0,0,0,10,10,4,3,1,0,1,1,1,7,4,3,1,7,0,2,1
55405470,1,,55405471,81,48,33,7,4,3,78,44,34,43,23,20,78,44,34,77,44,33,35,21,14,14,8,6,8,5,3,0,0,0,0,0,0,27,27,7,7,4,7,3,0,1,22,12,10,2,24,0,5,5
55405471,2,55405470,,4,0,4,*,*,*,*,*,*,*,*,*,*,*,*,*,*,*,*,*,*,*,*,*,*,*,*,*,*,*,*,*,*,2,2,*,*,*,*,*,*,*,*,*,*,*,*,*,*,*
55405472,0,,,21,11,10,1,1,0,20,10,10,13,6,7,18,10,8,17,10,7,7,4,3,2,0,2,1,0,1,1,0,1,0,0,0,7,7,2,2,0,1,1,1,0,5,2,3,1,5,0,1,1
55405473,0,,,38,16,22,3,1,2,35,15,20,19,10,9,35,15,20,35,15,20,16,5,11,8,1,7,4,0,4,0,0,0,0,0,0,15,15,3,6,3,1,2,0,0,11,9,2,1,10,0,2,3
55405474,0,,,13,5,8,0,0,0,13,5,8,2,0,2,13,5,8,13,5,8,11,5,6,3,0,3,2,0,2,1,0,1,0,0,0,7,7,2,4,1,0,0,0,0,5,5,0,0,7,0,2,4
55405475,0,,,31,18,13,3,2,1,28,16,12,17,11,6,28,16,12,27,15,12,11,5,6,10,4,6,3,1,2,0,0,0,0,0,0,8,8,0,2,1,3,0,2,0,8,3,5,1,7,0,0,1
55405476,0,,,19,7,12,1,1,0,18,6,12,5,3,2,18,6,12,18,6,12,13,3,10,8,1,7,5,1,4,1,0,1,0,0,0,10,10,5,2,2,1,0,0,0,5,4,1,0,8,0,4,1
55405477,0,,,13,6,7,0,0,0,13,6,7,6,2,4,13,6,7,12,6,6,7,4,3,1,0,1,1,0,1,0,0,0,0,0,0,5,5,0,3,1,1,0,0,0,5,4,1,0,5,0,0,3
55405478,0,,,12,4,8,0,0,0,12,4,8,4,2,2,12,4,8,12,4,8,8,2,6,3,0,3,3,0,3,0,0,0,0,0,0,5,5,0,3,2,0,0,0,0,5,3,2,0,4,0,0,0
55405479,1,,55405489;55405499,9,5,4,0,0,0,17,10,7,7,5,2,17,10,7,17,10,7,10,5,5,3,2,1,2,1,1,0,0,0,0,0,0,4,4,2,4,1,1,0,0,0,6,5,1,0,6,0,0,2
55405480,0,,,73,32,41,5,1,4,68,31,37,35,19,16,68,31,37,68,31,37,33,12,21,16,3,13,7,0,7,0,0,0,0,0,0,23,23,5,2,8,4,1,2,1,18,6,12,3,21,0,3,0
55405481,0,,,61,33,28,2,2,0,59,31,28,32,17,15,59,31,28,56,29,27,27,14,13,15,7,8,3,2,1,0,0,0,1,0,1,25,25,5,10,6,2,2,0,0,20,14,6,1,19,0,3,7
55405482,0,,,51,24,27,9,7,2,42,17,25,24,10,14,42,17,25,42,17,25,18,7,11,6,1,5,1,0,1,0,0,0,0,0,0,15,15,1,5,2,3,2,2,0,14,8,6,1,12,0,1,3
55405483,0,,,33,15,18,4,1,3,29,14,15,18,9,9,26,14,12,25,14,11,11,5,6,8,4,4,2,1,1,0,0,0,0,0,0,13,13,5,3,3,0,0,1,1,8,7,1,2,7,0,2,2
55405484,0,,,52,26,26,4,3,1,48,23,25,22,11,11,46,22,24,45,22,23,26,12,14,14,6,8,7,2,5,0,0,0,0,0,0,15,15,3,4,2,1,1,2,2,12,5,7,0,14,0,3,2
55405485,0,,,46,28,18,6,3,3,40,25,15,23,15,8,40,25,15,40,25,15,17,10,7,7,4,3,3,2,1,0,0,0,1,0,1,16,16,4,4,4,1,1,1,1,12,7,5,2,11,0,1,2
55405486,0,,,24,11,13,0,0,0,24,11,13,8,3,5,24,11,13,24,11,13,16,8,8,6,1,5,2,0,2,0,0,0,0,0,0,10,10,3,3,3,0,0,1,0,7,3,4,0,9,0,2,3
55405487,2,55405497,,5,3,2,*,*,*,*,*,*,*,*,*,*,*,*,*,*,*,*,*,*,*,*,*,*,*,*,*,*,*,*,*,*,3,3,*,*,*,*,*,*,*,*,*,*,*,*,*,*,*
55405489,2,55405479,,6,4,2,*,*,*,*,*,*,*,*,*,*,*,*,*,*,*,*,*,*,*,*,*,*,*,*,*,*,*,*,*,*,3,3,*,*,*,*,*,*,*,*,*,*,*,*,*,*,*
55405490,0,,,62,34,28,9,6,3,53,28,25,31,17,14,50,26,24,50,26,24,22,11,11,13,5,8,10,3,7,0,0,0,0,0,0,17,17,2,5,3,1,3,1,2,15,8,7,3,16,0,2,1
55405491,0,,,29,13,16,2,1,1,27,12,15,14,8,6,27,12,15,26,12,14,13,4,9,9,3,6,3,0,3,0,0,0,0,0,0,10,10,1,4,1,3,1,0,0,9,5,4,0,8,0,0,3
55405492,0,,,38,18,20,1,0,1,37,18,19,20,10,10,36,18,18,36,18,18,17,8,9,9,5,4,4,1,3,1,1,0,0,0,0,15,15,3,5,4,2,1,0,0,12,9,3,0,11,0,3,1
55405493,0,,,33,17,16,2,2,0,31,15,16,19,8,11,31,15,16,30,14,16,12,7,5,5,3,2,3,1,2,0,0,0,0,0,0,9,9,0,2,2,3,1,1,0,9,5,4,1,7,0,0,1
55405494,0,,,34,15,19,1,0,1,33,15,18,14,8,6,33,15,18,33,15,18,19,7,12,11,4,7,2,0,2,2,0,2,1,0,1,13,13,1,5,5,2,0,0,0,12,8,4,0,12,0,1,3
55405495,0,,,24,12,12,1,1,0,23,11,12,9,4,5,23,11,12,23,11,12,14,7,7,8,3,5,5,1,4,0,0,0,0,0,0,8,8,3,1,1,0,2,1,0,5,1,4,0,8,0,3,0
55405497,1,,55405487,35,18,17,3,2,1,37,19,18,14,9,5,37,19,18,36,18,18,23,10,13,7,2,5,3,0,3,1,0,1,1,1,0,16,16,9,4,4,0,1,1,0,10,6,4,0,16,0,7,2
55405498,0,,,22,12,10,0,0,0,22,12,10,10,6,4,22,12,10,22,12,10,12,6,6,7,3,4,4,1,3,0,0,0,0,0,0,7,7,0,2,2,3,0,0,0,7,4,3,0,7,0,0,2
55405499,2,55405479,,2,1,1,*,*,*,*,*,*,*,*,*,*,*,*,*,*,*,*,*,*,*,*,*,*,*,*,*,*,*,*,*,*,1,1,*,*,*,*,*,*,*,*,*,*,*,*,*,*,*
55405500,2,55405552,,1,0,1,*,*,*,*,*,*,*,*,*,*,*,*,*,*,*,*,*,*,*,*,*,*,*,*,*,*,*,*,*,*,1,1,*,*,*,*,*,*,*,*,*,*,*,*,*,*,*
55405501,1,,55405510,12,7,5,0,0,0,20,11,9,10,5,5,20,11,9,19,11,8,10,6,4,6,4,2,4,2,2,0,0,0,0,0,0,5,5,3,2,1,0,2,0,0,5,2,3,0,7,0,3,0
55405502,1,,55405512;55405522,13,6,7,0,0,0,22,10,12,10,7,3,22,10,12,22,10,12,12,3,9,8,2,6,2,0,2,0,0,0,0,0,0,5,5,2,3,3,0,1,0,0,7,5,2,0,9,0,2,1
55405510,2,55405501,,8,4,4,*,*,*,*,*,*,*,*,*,*,*,*,*,*,*,*,*,*,*,*,*,*,*,*,*,*,*,*,*,*,3,3,*,*,*,*,*,*,*,*,*,*,*,*,*,*,*
55405512,2,55405502,,6,3,3,*,*,*,*,*,*,*,*,*,*,*,*,*,*,*,*,*,*,*,*,*,*,*,*,*,*,*,*,*,*,2,2,*,*,*,*,*,*,*,*,*,*,*,*,*,*,*
55405513,2,55405524,,3,2,1,*,*,*,*,*,*,*,*,*,*,*,*,*,*,*,*,*,*,*,*,*,*,*,*,*,*,*,*,*,*,2,2,*,*,*,*,*,*,*,*,*,*,*,*,*,*,*
55405520,1,,55405521;55405541,8,4,4,0,0,0,16,8,8,5,3,2,16,8,8,16,8,8,11,5,6,6,3,3,4,2,2,0,0,0,0,0,0,4,4,4,3,2,0,0,0,0,5,5,0,0,8,0,4,1
55405521,2,55405520,,5,2,3,*,*,*,*,*,*,*,*,*,*,*,*,*,*,*,*,*,*,*,*,*,*,*,*,*,*,*,*,*,*,3,3,*,*,*,*,*,*,*,*,*,*,*,*,*,*,*
55405522,2,55405502,,3,1,2,*,*,*,*,*,*,*,*,*,*,*,*,*,*,*,*,*,*,*,*,*,*,*,*,*,*,*,*,*,*,2,2,*,*,*,*,*,*,*,*,*,*,*,*,*,*,*
55405524,1,,55405513;55405532;55405533,9,3,6,0,0,0,16,7,9,4,1,3,16,7,9,16,7,9,12,6,6,7,2,5,5,2,3,0,0,0,0,0,0,4,4,1,6,1,0,0,0,0,7,7,0,0,8,0,1,3
55405532,2,55405524,,2,1,1,*,*,*,*,*,*,*,*,*,*,*,*,*,*,*,*,*,*,*,*,*,*,*,*,*,*,*,*,*,*,1,1,*,*,*,*,*,*,*,*,*,*,*,*,*,*,*
55405533,2,55405524,,2,1,1,*,*,*,*,*,*,*,*,*,*,*,*,*,*,*,*,*,*,*,*,*,*,*,*,*,*,*,*,*,*,1,1,*,*,*,*,*,*,*,*,*,*,*,*,*,*,*
55405538,0,,,54,27,27,8,6,2,46,21,25,28,13,15,44,21,23,44,21,23,18,8,10,9,4,5,4,2,2,0,0,0,0,0,0,16,16,2,4,3,3,1,3,0,14,7,7,2,12,0,1,2
55405539,0,,,17,10,7,2,1,1,15,9,6,5,3,2,15,9,6,15,9,6,10,6,4,6,3,3,1,0,1,0,0,0,0,0,0,9,9,4,3,1,1,0,0,0,5,5,0,1,7,0,3,2
55405541,2,55405520,,3,2,1,*,*,*,*,*,*,*,*,*,*,*,*,*,*,*,*,*,*,*,*,*,*,*,*,*,*,*,*,*,*,2,2,*,*,*,*,*,*,*,*,*,*,*,*,*,*,*
55405542,2,55405552,,9,3,6,*,*,*,*,*,*,*,*,*,*,*,*,*,*,*,*,*,*,*,*,*,*,*,*,*,*,*,*,*,*,7,7,*,*,*,*,*,*,*,*,*,*,*,*,*,*,*
55405543,2,55405552,,2,1,1,*,*,*,*,*,*,*,*,*,*,*,*,*,*,*,*,*,*,*,*,*,*,*,*,*,*,*,*,*,*,1,1,*,*,*,*,*,*,*,*,*,*,*,*,*,*,*
55405547,0,,,16,6,10,3,1,2,13,5,8,5,2,3,13,5,8,13,5,8,8,3,5,4,1,3,1,0,1,0,0,0,0,0,0,5,5,1,1,1,1,0,1,0,4,1,3,1,5,0,1,1
55405548,0,,,61,31,30,6,2,4,55,29,26,37,20,17,54,28,26,54,28,26,18,9,9,10,5,5,3,0,3,0,0,0,0,0,0,19,19,1,6,7,1,2,1,1,18,12,6,3,13,0,1,3
55405549,0,,,88,43,45,4,4,0,84,39,45,36,18,18,84,39,45,82,37,45,48,21,27,33,12,21,8,1,7,1,0,1,0,0,0,33,32,3,16,9,3,1,0,0,29,27,2,2,23,0,1,11
55405551,2,55405561,,5,3,2,*,*,*,*,*,*,*,*,*,*,*,*,*,*,*,*,*,*,*,*,*,*,*,*,*,*,*,*,*,*,3,3,*,*,*,*,*,*,*,*,*,*,*,*,*,*,*
55405552,1,,55405500;55405542;55405543,6,3,3,0,0,0,18,7,11,6,3,3,18,7,11,18,7,11,12,4,8,7,2,5,4,1,3,0,0,0,0,0,0,3,3,7,4,1,0,0,0,0,5,5,0,0,9,0,6,2
55405553,0,,,11,5,6,0,0,0,11,5,6,4,2,2,11,5,6,11,5,6,7,3,4,3,1,2,0,0,0,0,0,0,0,0,0,6,6,2,3,1,0,0,0,0,4,4,0,0,5,0,2,2
55405555,2,55405566,,1,0,1,*,*,*,*,*,*,*,*,*,*,*,*,*,*,*,*,*,*,*,*,*,*,*,*,*,*,*,*,*,*,1,1,*,*,*,*,*,*,*,*,*,*,*,*,*,*,*
55405556,2,55405566,,8,3,5,*,*,*,*,*,*,*,*,*,*,*,*,*,*,*,*,*,*,*,*,*,*,*,*,*,*,*,*,*,*,3,3,*,*,*,*,*,*,*,*,*,*,*,*,*,*,*
55405557,0,,,75,37,38,4,1,3,71,36,35,36,21,15,69,35,34,68,34,34,35,15,20,16,6,10,3,0,3,0,0,0,0,0,0,26,26,4,10,7,0,3,0,2,22,13,9,1,23,0,4,4
55405558,0,,,42,18,24,3,2,1,39,16,23,15,6,9,39,16,23,39,16,23,24,10,14,20,6,14,12,5,7,0,0,0,0,0,0,12,10,0,6,1,3,0,0,0,9,7,2,2,6,0,0,2
55405561,1,,55405551;55405570,19,10,9,0,0,0,26,13,13,11,4,7,26,13,13,26,13,13,15,9,6,7,4,3,2,0,2,0,0,0,3,0,3,9,9,7,2,5,0,0,0,0,7,5,2,0,10,1,4,2
55405563,2,55405564,,2,1,1,*,*,*,*,*,*,*,*,*,*,*,*,*,*,*,*,*,*,*,*,*,*,*,*,*,*,*,*,*,*,1,1,*,*,*,*,*,*,*,*,*,*,*,*,*,*,*
55405564,1,,55405563,41,16,25,1,0,1,42,17,25,21,10,11,40,17,23,38,17,21,21,7,14,10,4,6,3,1,2,0,0,0,0,0,0,16,16,4,8,1,2,1,0,1,13,7,6,0,15,0,4,4
55405565,0,,,51,28,23,0,0,0,51,28,23,27,18,9,48,25,23,47,25,22,24,10,14,14,6,8,5,3,2,1,1,0,0,0,0,17,17,3,2,7,3,1,1,0,14,10,4,0,14,0,3,2
55405566,1,,55405555;55405556,73,35,38,10,5,5,72,33,39,43,21,22,66,30,36,65,29,36,29,12,17,14,5,9,8,3,5,1,1,0,0,0,0,24,24,6,8,5,3,4,1,1,22,12,10,1,19,0,4,5
55405567,0,,,25,14,11,0,0,0,25,14,11,14,9,5,24,13,11,23,12,11,11,5,6,7,4,3,2,0,2,0,0,0,0,0,0,7,7,1,1,1,3,0,0,1,6,2,4,0,7,0,1,1
55405570,2,55405561,,2,0,2,*,*,*,*,*,*,*,*,*,*,*,*,*,*,*,*,*,*,*,*,*,*,*,*,*,*,*,*,*,*,2,2,*,*,*,*,*,*,*,*,*,*,*,*,*,*,*
55405573,0,,,9,5,4,0,0,0,9,5,4,3,2,1,9,5,4,9,5,4,6,3,3,4,3,1,1,1,0,0,0,0,0,0,0,4,4,0,3,1,0,0,0,0,4,4,0,0,4,0,0,2
55405574,0,,,98,46,52,1,1,0,97,45,52,40,20,20,97,45,52,96,45,51,57,25,32,31,12,19,12,4,8,0,0,0,0,0,0,42,42,10,18,7,5,1,1,0,31,21,10,1,36,1,7,12
55405575,0,,,39,19,20,4,3,1,35,16,19,18,9,9,33,15,18,31,14,17,17,7,10,7,3,4,3,2,1,1,0,1,0,0,0,15,15,4,4,3,3,0,1,0,11,8,3,0,10,0,3,4
55405579,2,55405589,,3,2,1,*,*,*,*,*,*,*,*,*,*,*,*,*,*,*,*,*,*,*,*,*,*,*,*,*,*,*,*,*,*,1,1,*,*,*,*,*,*,*,*,*,*,*,*,*,*,*
55405580,2,55405590,,7,3,4,*,*,*,*,*,*,*,*,*,*,*,*,*,*,*,*,*,*,*,*,*,*,*,*,*,*,*,*,*,*,3,3,*,*,*,*,*,*,*,*,*,*,*,*,*,*,*
55405582,2,55405583,,3,1,2,*,*,*,*,*,*,*,*,*,*,*,*,*,*,*,*,*,*,*,*,*,*,*,*,*,*,*,*,*,*,1,1,*,*,*,*,*,*,*,*,*,*,*,*,*,*,*
55405583,1,,55405582,50,19,31,5,2,3,48,18,30,19,9,10,46,18,28,46,18,28,29,9,20,17,4,13,6,1,5,0,0,0,0,0,0,21,21,6,10,3,1,0,0,2,16,12,4,1,20,0,6,7
55405585,1,,55405594;55405595,13,7,6,2,1,1,16,9,7,5,3,2,16,9,7,16,9,7,11,6,5,7,3,4,3,2,1,0,0,0,0,0,0,4,4,2,3,0,1,0,1,0,5,3,2,0,6,0,1,2
55405588,2,55405589,,10,5,5,*,*,*,*,*,*,*,*,*,*,*,*,*,*,*,*,*,*,*,*,*,*,*,*,*,*,*,*,*,*,3,3,*,*,*,*,*,*,*,*,*,*,*,*,*,*,*
55405589,1,,55405579;55405588,51,28,23,3,2,1,61,33,28,26,16,10,58,30,28,58,30,28,35,17,18,18,7,11,10,4,6,3,1,2,0,0,0,20,20,6,8,4,2,2,2,0,18,15,3,0,21,0,5,5
55405590,1,,55405580,3,1,2,1,0,1,9,4,5,6,2,4,9,4,5,9,4,5,3,2,1,1,0,1,1,0,1,0,0,0,1,0,1,1,1,1,0,3,0,0,0,0,3,2,1,0,2,1,0,0
55405594,2,55405585,,3,2,1,*,*,*,*,*,*,*,*,*,*,*,*,*,*,*,*,*,*,*,*,*,*,*,*,*,*,*,*,*,*,2,2,*,*,*,*,*,*,*,*,*,*,*,*,*,*,*
55405595,2,55405585,,2,1,1,*,*,*,*,*,*,*,*,*,*,*,*,*,*,*,*,*,*,*,*,*,*,*,*,*,*,*,*,*,*,1,1,*,*,*,*,*,*,*,*,*,*,*,*,*,*,*
55405596,0,,,11,6,5,0,0,0,11,6,5,4,2,2,11,6,5,11,6,5,7,4,3,5,2,3,2,0,2,0,0,0,0,0,0,4,4,1,1,0,2,0,0,0,3,1,2,0,4,0,1,1
55405602,0,,,43,25,18,1,1,0,42,24,18,22,14,8,42,24,18,42,24,18,20,10,10,6,3,3,2,1,1,0,0,0,0,0,0,18,18,5,6,3,3,1,0,0,13,10,3,0,14,0,4,3
55405603,0,,,26,12,14,3,2,1,23,10,13,15,7,8,23,10,13,23,10,13,8,3,5,3,0,3,1,0,1,0,0,0,0,0,0,11,11,3,3,4,0,1,0,0,8,4,4,0,7,0,2,1
55405604,2,55405605,,3,1,2,*,*,*,*,*,*,*,*,*,*,*,*,*,*,*,*,*,*,*,*,*,*,*,*,*,*,*,*,*,*,2,2,*,*,*,*,*,*,*,*,*,*,*,*,*,*,*
55405605,1,,55405604,26,15,11,1,1,0,28,15,13,15,8,7,28,15,13,28,15,13,13,7,6,6,4,2,2,1,1,0,0,0,1,0,1,13,13,4,8,3,0,0,0,0,11,10,1,0,8,0,3,2
55405606,0,,,25,11,14,0,0,0,25,11,14,15,7,8,24,11,13,22,10,12,10,4,6,5,1,4,2,1,1,0,0,0,0,0,0,10,10,2,4,2,1,1,0,0,8,6,2,0,8,0,2,2
55405607,1,,55405616,220,116,104,21,12,9,206,107,99,102,56,46,201,104,97,198,102,96,104,51,53,43,17,26,14,4,10,1,0,1,9,8,1,103,103,43,28,18,12,3,2,0,62,45,17,2,74,7,25,15
55405608,0,,,2085,1013,1072,284,133,151,1777,862,915,1235,604,631,1709,823,886,1670,800,870,542,258,284,234,96,138,70,20,50,6,0,6,24,20,4,821,819,200,267,157,132,48,9,6,612,539,73,72,366,24,85,104
55405609,0,,,1229,612,617,181,92,89,1017,502,515,721,372,349,985,482,503,970,474,496,296,130,166,119,38,81,54,14,40,8,1,7,12,8,4,504,503,148,149,101,72,20,8,5,351,301,50,57,196,27,41,47
55405611,2,55405621,,5,2,3,*,*,*,*,*,*,*,*,*,*,*,*,*,*,*,*,*,*,*,*,*,*,*,*,*,*,*,*,*,*,2,2,*,*,*,*,*,*,*,*,*,*,*,*,*,*,*
55405612,0,,,57,26,31,0,0,0,57,26,31,31,13,18,56,26,30,56,26,30,26,13,13,12,5,7,5,1,4,0,0,0,0,0,0,22,22,4,8,6,2,1,1,0,18,11,7,0,20,0,3,2
55405616,2,55405607,,8,4,4,*,*,*,*,*,*,*,*,*,*,*,*,*,*,*,*,*,*,*,*,*,*,*,*,*,*,*,*,*,*,3,3,*,*,*,*,*,*,*,*,*,*,*,*,*,*,*
55405617,0,,,61,32,29,3,1,2,58,31,27,35,21,14,56,29,27,54,29,25,23,10,13,9,3,6,3,0,3,1,0,1,3,3,0,24,24,6,11,2,1,3,0,1,18,13,5,0,14,3,2,7
55405618,0,,,159,77,82,13,7,6,146,70,76,80,41,39,142,68,74,138,67,71,66,29,37,29,10,19,8,3,5,0,0,0,0,0,0,59,59,9,20,14,13,2,1,0,50,40,10,3,41,0,8,10
55405619,0,,,251,122,129,12,7,5,239,115,124,128,67,61,231,112,119,229,111,118,111,48,63,64,26,38,26,10,16,2,1,1,0,0,0,100,100,22,37,20,12,7,2,0,78,56,22,2,72,1,11,17
55405621,1,,55405611;55405632,76,44,32,9,7,2,75,40,35,34,19,15,75,40,35,75,40,35,41,21,20,17,7,10,6,1,5,3,0,3,0,0,0,23,23,2,7,9,4,2,0,2,24,14,10,4,24,0,2,2
55405622,0,,,19,8,11,3,1,2,16,7,9,11,4,7,16,7,9,15,7,8,5,3,2,1,1,0,0,0,0,0,0,0,0,0,0,6,6,1,1,3,0,0,0,1,5,4,1,1,3,0,0,1
55405626,1,,55405635,26,13,13,1,1,0,26,13,13,19,12,7,26,13,13,26,13,13,7,1,6,5,0,5,3,0,3,0,0,0,1,0,1,12,12,3,7,2,1,0,0,0,10,9,1,0,6,0,2,0
55405627,0,,,79,38,41,9,3,6,70,35,35,38,19,19,68,34,34,68,34,34,32,16,16,19,9,10,9,4,5,0,0,0,0,0,0,27,27,2,10,8,3,3,1,0,25,18,7,3,21,0,2,4
55405628,0,,,135,70,65,16,10,6,119,60,59,74,37,37,119,60,59,118,60,58,45,23,22,15,6,9,5,1,4,0,0,0,0,0,0,45,45,10,7,13,6,7,1,1,35,20,15,4,34,0,6,5
55405629,0,,,187,66,121,7,3,4,180,63,117,52,24,28,178,61,117,177,61,116,128,39,89,93,20,73,53,7,46,15,1,14,1,0,1,38,37,3,14,10,7,0,3,0,32,22,10,1,30,0,3,6
55405630,1,,55405631;55405640;55405641,98,52,46,2,2,0,110,58,52,58,31,27,108,58,50,106,56,50,52,27,25,23,9,14,12,5,7,1,0,1,0,0,0,35,35,10,11,7,7,5,1,0,31,21,10,0,33,0,7,4
55405631,2,55405630,,10,6,4,*,*,*,*,*,*,*,*,*,*,*,*,*,*,*,*,*,*,*,*,*,*,*,*,*,*,*,*,*,*,3,3,*,*,*,*,*,*,*,*,*,*,*,*,*,*,*
55405632,2,55405621,,3,1,2,*,*,*,*,*,*,*,*,*,*,*,*,*,*,*,*,*,*,*,*,*,*,*,*,*,*,*,*,*,*,1,1,*,*,*,*,*,*,*,*,*,*,*,*,*,*,*
55405635,2,55405626,,1,1,0,*,*,*,*,*,*,*,*,*,*,*,*,*,*,*,*,*,*,*,*,*,*,*,*,*,*,*,*,*,*,1,1,*,*,*,*,*,*,*,*,*,*,*,*,*,*,*
55405636,0,,,35,18,17,0,0,0,35,18,17,18,12,6,35,18,17,35,18,17,17,6,11,11,3,8,4,1,3,1,0,1,0,0,0,13,13,1,5,4,3,0,0,0,12,9,3,0,12,0,1,2
55405637,2,55405638,,11,4,7,*,*,*,*,*,*,*,*,*,*,*,*,*,*,*,*,*,*,*,*,*,*,*,*,*,*,*,*,*,*,2,2,*,*,*,*,*,*,*,*,*,*,*,*,*,*,*
55405638,1,,55405637,171,78,93,24,9,15,158,73,85,92,50,42,152,70,82,151,70,81,66,23,43,36,9,27,13,3,10,2,0,2,0,0,0,57,57,5,22,15,6,6,1,4,54,37,17,5,42,0,4,12
55405639,0,,,253,118,135,13,6,7,239,111,128,132,67,65,231,108,123,224,104,120,107,44,63,58,21,37,18,6,12,1,0,1,0,0,0,86,86,12,33,14,12,9,4,2,74,47,27,3,70,0,9,19
55405640,2,55405630,,3,1,2,*,*,*,*,*,*,*,*,*,*,*,*,*,*,*,*,*,*,*,*,*,*,*,*,*,*,*,*,*,*,2,2,*,*,*,*,*,*,*,*,*,*,*,*,*,*,*
55405641,2,55405630,,1,1,0,*,*,*,*,*,*,*,*,*,*,*,*,*,*,*,*,*,*,*,*,*,*,*,*,*,*,*,*,*,*,1,1,*,*,*,*,*,*,*,*,*,*,*,*,*,*,*
55405646,0,,,23,10,13,3,0,3,20,10,10,12,6,6,19,9,10,18,8,10,8,4,4,0,0,0,0,0,0,0,0,0,0,0,0,6,6,1,0,2,0,2,1,0,5,2,3,0,4,0,0,0
55405647,0,,,154,90,64,19,12,7,135,78,57,90,56,34,131,76,55,128,74,54,45,22,23,23,13,10,3,1,2,0,0,0,0,0,0,55,55,7,21,13,7,4,3,0,48,41,7,5,28,1,4,8
55405648,0,,,558,274,284,80,45,35,465,224,241,285,150,135,448,213,235,443,209,234,180,74,106,80,27,53,36,6,30,2,0,2,5,2,3,218,217,58,69,37,32,14,3,4,156,128,28,18,125,0,37,29
55405649,0,,,281,134,147,27,18,9,247,113,134,126,59,67,241,111,130,239,111,128,121,54,67,57,21,36,16,4,12,1,0,1,0,0,0,97,97,17,31,20,16,6,3,4,78,46,32,6,79,0,14,16
55405650,0,,,14,10,4,0,0,0,14,10,4,11,9,2,14,10,4,12,8,4,3,1,2,1,0,1,1,0,1,0,0,0,0,0,0,6,6,2,2,0,2,0,0,0,4,4,0,0,2,0,0,1
55405651,1,,55405652,20,9,11,2,0,2,23,11,12,11,6,5,23,11,12,23,11,12,12,5,7,7,3,4,2,2,0,0,0,0,0,0,0,9,9,2,3,4,0,1,0,0,8,6,2,1,8,0,2,1
55405652,2,55405651,,5,2,3,*,*,*,*,*,*,*,*,*,*,*,*,*,*,*,*,*,*,*,*,*,*,*,*,*,*,*,*,*,*,1,1,*,*,*,*,*,*,*,*,*,*,*,*,*,*,*
55405653,2,55405654,,1,0,1,*,*,*,*,*,*,*,*,*,*,*,*,*,*,*,*,*,*,*,*,*,*,*,*,*,*,*,*,*,*,1,1,*,*,*,*,*,*,*,*,*,*,*,*,*,*,*
55405654,1,,55405653,19,11,8,2,1,1,18,10,8,9,5,4,18,10,8,18,10,8,9,5,4,8,4,4,3,3,0,0,0,0,0,0,0,5,5,2,0,1,2,0,0,1,4,1,3,1,6,0,2,0
55405656,0,,,20,11,9,1,1,0,19,10,9,12,6,6,19,10,9,19,10,9,7,4,3,3,1,2,1,0,1,1,0,1,0,0,0,5,5,1,1,0,0,2,0,1,4,0,4,1,4,0,0,0
55405657,0,,,876,439,437,95,40,55,781,399,382,470,248,222,751,379,372,735,366,369,311,151,160,130,53,77,41,12,29,7,2,5,1,0,1,315,315,63,102,67,44,15,17,7,248,184,64,21,205,0,44,45
55405658,0,,,991,463,528,98,47,51,866,399,467,511,252,259,839,387,452,821,380,441,355,147,208,181,63,118,65,20,45,6,2,4,1,0,1,377,375,97,126,62,46,22,14,8,270,205,65,27,232,1,58,52
55405659,0,,,250,122,128,26,15,11,214,101,113,133,67,66,206,97,109,202,95,107,81,34,47,41,16,25,16,4,12,2,0,2,20,2,18,105,105,37,29,18,12,3,4,2,67,53,14,6,54,11,11,13
55405660,0,,,32,12,20,1,0,1,31,12,19,17,8,9,29,11,18,28,11,17,14,4,10,9,2,7,5,0,5,1,0,1,0,0,0,12,12,2,3,4,3,0,0,0,9,5,4,0,9,0,2,0
55405661,1,,55405671,64,29,35,4,0,4,64,30,34,37,14,23,61,29,32,59,29,30,27,16,11,16,8,8,5,2,3,2,2,0,0,0,0,30,30,12,13,4,2,2,0,0,21,18,3,0,21,0,8,5
55405662,1,,55405672,18,9,9,3,1,2,23,11,12,15,8,7,23,11,12,23,11,12,8,3,5,4,1,3,1,0,1,0,0,0,0,0,0,6,6,2,2,1,3,1,0,0,7,5,2,0,5,0,1,1
55405664,1,,55405674,21,12,9,4,3,1,22,12,10,12,7,5,22,12,10,22,12,10,10,5,5,5,2,3,2,1,1,0,0,0,0,0,0,6,6,3,3,1,0,1,0,1,6,4,2,2,7,0,3,1
55405667,0,,,269,122,147,24,11,13,245,111,134,137,68,69,239,109,130,234,108,126,108,43,65,63,26,37,24,7,17,5,0,5,0,0,0,95,94,16,34,21,10,8,2,3,77,57,20,7,63,0,12,17
55405668,0,,,977,455,522,133,75,58,833,375,458,427,208,219,806,364,442,797,361,436,406,167,239,212,70,142,114,28,86,14,2,12,1,0,1,322,320,61,117,64,40,19,12,7,253,189,64,29,216,0,37,57
55405669,0,,,472,240,232,54,33,21,418,207,211,275,142,133,405,201,204,393,198,195,143,65,78,67,26,41,25,8,17,3,2,1,0,0,0,164,164,21,63,32,24,14,8,2,143,111,32,12,89,1,9,27
55405670,0,,,73,36,37,4,2,2,69,34,35,33,16,17,67,33,34,64,32,32,36,18,18,16,8,8,7,3,4,1,0,1,1,0,1,27,27,4,10,6,4,3,0,0,23,18,5,1,21,0,3,6
55405671,2,55405661,,4,1,3,*,*,*,*,*,*,*,*,*,*,*,*,*,*,*,*,*,*,*,*,*,*,*,*,*,*,*,*,*,*,3,3,*,*,*,*,*,*,*,*,*,*,*,*,*,*,*
55405672,2,55405662,,8,3,5,*,*,*,*,*,*,*,*,*,*,*,*,*,*,*,*,*,*,*,*,*,*,*,*,*,*,*,*,*,*,3,3,*,*,*,*,*,*,*,*,*,*,*,*,*,*,*
55405674,2,55405664,,5,3,2,*,*,*,*,*,*,*,*,*,*,*,*,*,*,*,*,*,*,*,*,*,*,*,*,*,*,*,*,*,*,3,3,*,*,*,*,*,*,*,*,*,*,*,*,*,*,*
55405676,1,,55405686;55405696,138,65,73,7,2,5,141,67,74,81,42,39,139,67,72,139,67,72,60,25,35,30,9,21,15,4,11,0,0,0,0,0,0,54,54,13,16,17,9,2,1,0,45,31,14,3,44,0,10,6
55405677,0,,,121,59,62,13,8,5,108,51,57,62,30,32,105,49,56,105,49,56,46,21,25,23,11,12,6,3,3,0,0,0,0,0,0,43,43,10,10,15,3,1,3,1,32,23,9,2,30,0,8,4
55405678,0,,,296,143,153,21,9,12,267,130,137,152,77,75,256,125,131,251,123,128,115,53,62,53,21,32,12,3,9,2,1,1,0,0,0,120,120,29,43,24,16,6,0,2,87,66,21,5,74,0,17,20
55405679,0,,,29,17,12,3,1,2,26,16,10,13,9,4,26,16,10,26,16,10,13,7,6,11,6,5,3,2,1,0,0,0,0,0,0,12,12,3,5,2,1,0,1,0,9,9,0,2,8,0,3,3
55405680,0,,,71,37,34,11,8,3,60,29,31,33,16,17,57,27,30,57,27,30,27,13,14,9,5,4,2,1,1,1,0,1,0,0,0,21,21,1,5,8,2,2,3,0,20,14,6,4,14,0,1,4
55405681,2,55405690,,6,3,3,*,*,*,*,*,*,*,*,*,*,*,*,*,*,*,*,*,*,*,*,*,*,*,*,*,*,*,*,*,*,3,3,*,*,*,*,*,*,*,*,*,*,*,*,*,*,*
55405682,0,,,8,4,4,0,0,0,8,4,4,6,3,3,8,4,4,8,4,4,2,1,1,0,0,0,0,0,0,0,0,0,0,0,0,4,4,1,2,1,0,0,0,0,3,3,0,0,1,0,0,1
55405686,2,55405676,,5,1,4,*,*,*,*,*,*,*,*,*,*,*,*,*,*,*,*,*,*,*,*,*,*,*,*,*,*,*,*,*,*,2,2,*,*,*,*,*,*,*,*,*,*,*,*,*,*,*
55405688,0,,,89,43,46,3,3,0,86,40,46,47,24,23,84,39,45,84,39,45,39,16,23,14,6,8,4,3,1,1,1,0,0,0,0,44,44,14,19,7,4,0,0,0,30,27,3,1,27,0,9,11
55405689,1,,55405699,116,60,56,21,10,11,97,52,45,62,32,30,92,50,42,92,50,42,35,20,15,9,7,2,1,0,1,0,0,0,0,0,0,39,39,3,14,10,9,3,1,0,37,32,5,6,20,1,1,7
55405690,1,,55405681,11,5,6,2,1,1,15,7,8,3,1,2,15,7,8,15,7,8,12,6,6,5,2,3,3,1,2,0,0,0,0,0,0,4,4,1,5,0,0,0,1,0,6,5,1,1,7,0,1,4
55405692,0,,,55,25,30,4,3,1,51,22,29,33,15,18,50,22,28,49,22,27,18,7,11,12,3,9,7,3,4,0,0,0,1,1,0,18,18,4,3,4,4,1,2,0,14,7,7,2,14,0,3,1
55405696,2,55405676,,5,3,2,*,*,*,*,*,*,*,*,*,*,*,*,*,*,*,*,*,*,*,*,*,*,*,*,*,*,*,*,*,*,2,2,*,*,*,*,*,*,*,*,*,*,*,*,*,*,*
55405698,0,,,37,18,19,6,3,3,31,15,16,18,9,9,31,15,16,31,15,16,13,6,7,6,3,3,1,0,1,0,0,0,0,0,0,14,14,2,7,2,2,0,0,1,12,11,1,1,9,0,2,4
55405699,2,55405689,,2,2,0,*,*,*,*,*,*,*,*,*,*,*,*,*,*,*,*,*,*,*,*,*,*,*,*,*,*,*,*,*,*,1,1,*,*,*,*,*,*,*,*,*,*,*,*,*,*,*
55405700,1,,55405701,1298,618,680,132,70,62,1204,568,636,732,365,367,1158,548,610,1147,543,604,472,203,269,231,93,138,72,22,50,1,0,1,13,10,3,544,542,166,184,108,52,30,3,1,375,324,51,32,287,9,79,93
55405701,2,55405700,,65,33,32,*,*,*,*,*,*,*,*,*,*,*,*,*,*,*,*,*,*,*,*,*,*,*,*,*,*,*,*,*,*,5,2,*,*,*,*,*,*,*,*,*,*,*,*,*,*,*
55405702,0,,,38,20,18,8,5,3,30,15,15,21,10,11,30,15,15,30,15,15,9,5,4,3,1,2,2,0,2,0,0,0,0,0,0,13,13,2,3,3,4,1,0,0,11,7,4,2,6,0,0,1
55405703,0,,,11,7,4,0,0,0,11,7,4,8,6,2,11,7,4,11,7,4,3,1,2,3,1,2,3,1,2,0,0,0,0,0,0,6,6,1,5,0,0,0,0,0,5,4,1,0,3,0,1,0
55405704,0,,,29,15,14,2,2,0,27,13,14,14,6,8,27,13,14,26,13,13,13,7,6,6,2,4,2,1,1,0,0,0,0,0,0,12,12,2,6,2,1,1,0,0,10,8,2,0,9,0,1,6
55405705,0,,,168,93,75,25,17,8,138,72,66,80,44,36,135,71,64,135,71,64,58,28,30,29,16,13,13,7,6,3,2,1,0,0,0,51,51,7,14,10,9,5,1,5,43,23,20,6,38,0,5,5
55405706,0,,,205,101,104,26,12,14,179,89,90,101,50,51,175,87,88,170,86,84,78,39,39,36,14,22,12,4,8,2,1,1,0,0,0,67,67,11,20,13,9,7,5,2,56,34,22,6,49,0,8,10
55405707,0,,,754,336,418,51,31,20,700,302,398,276,144,132,690,299,391,685,298,387,424,158,266,252,75,177,130,27,103,14,2,12,0,0,0,203,197,44,73,31,22,16,8,3,152,108,44,12,151,0,28,33
55405708,0,,,217,77,140,6,2,4,211,75,136,64,35,29,209,74,135,209,74,135,147,40,107,124,29,95,86,16,70,17,2,15,1,1,0,47,46,9,17,15,5,0,0,0,36,32,4,3,28,0,8,10
55405710,1,,55405711,197,93,104,23,14,9,312,160,152,185,98,87,305,155,150,301,152,149,127,62,65,57,20,37,28,11,17,2,0,2,0,0,0,76,75,19,28,16,7,5,0,1,56,41,15,5,54,0,12,16
55405711,2,55405710,,140,82,58,*,*,*,*,*,*,*,*,*,*,*,*,*,*,*,*,*,*,*,*,*,*,*,*,*,*,*,*,*,*,5,1,*,*,*,*,*,*,*,*,*,*,*,*,*,*,*
55405713,2,55405714,,4,2,2,*,*,*,*,*,*,*,*,*,*,*,*,*,*,*,*,*,*,*,*,*,*,*,*,*,*,*,*,*,*,1,1,*,*,*,*,*,*,*,*,*,*,*,*,*,*,*
55405714,1,,55405713,181,84,97,17,10,7,168,76,92,101,46,55,154,72,82,148,70,78,67,30,37,40,17,23,15,6,9,2,1,1,0,0,0,53,53,10,12,8,8,5,8,3,44,25,19,1,41,0,8,8
55405715,0,,,86,45,41,2,1,1,84,44,40,34,22,12,83,43,40,81,41,40,50,22,28,27,13,14,10,3,7,2,1,1,0,0,0,36,36,7,17,8,2,1,0,1,29,22,7,1,28,0,2,13
55405716,0,,,188,99,89,19,11,8,169,88,81,93,53,40,164,85,79,163,85,78,76,35,41,40,18,22,21,11,10,2,1,1,0,0,0,73,73,20,24,12,8,4,3,2,53,39,14,2,51,0,11,12
55405717,0,,,643,325,318,82,44,38,545,274,271,353,180,173,533,268,265,520,259,261,192,94,98,74,31,43,26,8,18,3,0,3,2,0,2,254,254,72,79,46,33,10,9,5,176,135,41,23,137,7,34,33
55405718,0,,,2803,1405,1398,298,170,128,2452,1207,1245,1549,811,738,2387,1178,1209,2353,1159,1194,903,396,507,465,168,297,165,46,119,12,0,12,3,1,2,1187,1185,372,376,230,116,57,22,12,799,656,143,108,621,21,159,142
55405720,0,,,87,49,38,7,6,1,80,43,37,46,28,18,77,41,36,76,41,35,34,15,19,19,8,11,6,2,4,0,0,0,0,0,0,34,34,6,15,5,5,2,1,0,27,20,7,1,22,0,5,4
55405722,2,55405732,,2,1,1,*,*,*,*,*,*,*,*,*,*,*,*,*,*,*,*,*,*,*,*,*,*,*,*,*,*,*,*,*,*,1,1,*,*,*,*,*,*,*,*,*,*,*,*,*,*,*
55405724,0,,,69,31,38,11,5,6,58,26,32,40,19,21,58,26,32,58,26,32,18,7,11,14,5,9,8,2,6,0,0,0,0,0,0,18,18,0,4,4,4,3,3,0,18,10,8,3,14,0,0,1
55405725,0,,,63,27,36,1,1,0,62,26,36,31,17,14,60,25,35,60,25,35,31,9,22,16,4,12,6,1,5,1,0,1,0,0,0,24,24,5,7,5,6,1,0,0,19,10,9,0,21,0,3,3
55405726,0,,,111,64,47,5,4,1,106,60,46,60,37,23,100,56,44,97,53,44,46,23,23,22,8,14,9,3,6,2,0,2,2,2,0,45,45,13,14,8,5,4,1,0,32,24,8,1,29,1,7,7
55405727,0,,,517,264,253,40,23,17,459,233,226,280,153,127,448,227,221,441,222,219,179,80,99,99,36,63,38,11,27,1,0,1,3,1,2,218,218,75,56,50,21,7,5,4,142,101,41,11,116,7,23,23
55405728,0,,,3615,1725,1890,389,193,196,3106,1468,1638,1853,921,932,3032,1432,1600,2999,1414,1585,1253,547,706,639,252,387,205,70,135,11,4,7,24,11,13,1611,1607,586,466,276,186,68,19,6,995,817,178,118,860,38,280,208
55405729,0,,,531,270,261,61,33,28,442,225,217,286,149,137,427,217,210,420,212,208,156,76,80,74,35,39,17,7,10,2,1,1,5,4,1,245,245,99,73,33,22,12,3,3,143,119,24,16,102,8,23,37
55405731,0,,,28,13,15,4,2,2,24,11,13,14,8,6,24,11,13,24,11,13,10,3,7,5,3,2,1,0,1,0,0,0,0,0,0,12,12,5,1,4,1,1,0,0,7,6,1,1,7,0,3,1
55405732,1,,55405722,183,88,95,21,9,12,164,80,84,93,47,46,159,78,81,157,76,81,71,33,38,40,16,24,13,5,8,2,1,1,0,0,0,60,60,8,19,15,9,4,4,2,52,33,19,4,46,0,6,8
55405733,0,,,176,91,85,9,3,6,167,88,79,94,57,37,161,83,78,157,81,76,73,31,42,42,15,27,20,7,13,2,1,1,0,0,0,71,71,20,25,10,7,7,1,1,51,38,13,0,48,0,14,10
55405734,0,,,159,87,72,11,6,5,148,81,67,80,45,35,142,77,65,136,75,61,68,36,32,40,20,20,9,4,5,0,0,0,0,0,0,57,57,13,18,11,5,6,2,2,43,31,12,2,41,0,6,14
55405735,0,,,210,104,106,13,4,9,197,100,97,117,60,57,192,97,95,187,94,93,80,40,40,43,17,26,21,8,13,3,2,1,0,0,0,76,76,18,23,14,9,6,4,2,58,38,20,1,54,0,10,10
55405736,0,,,121,68,53,6,3,3,115,65,50,63,42,21,113,63,50,113,63,50,52,23,29,23,7,16,6,1,5,1,0,1,0,0,0,42,42,9,12,10,4,2,3,2,32,16,16,3,31,0,4,5
55405737,0,,,86,41,45,9,3,6,77,38,39,43,23,20,75,38,37,74,37,37,34,15,19,16,3,13,7,1,6,0,0,0,0,0,0,31,31,6,12,4,4,2,3,0,25,16,9,2,22,0,3,5
55405738,0,,,1533,726,807,213,113,100,1319,613,706,886,428,458,1276,593,683,1255,584,671,433,185,248,225,84,141,67,17,50,5,3,2,24,14,10,621,620,180,186,121,78,36,13,6,438,358,80,60,309,20,86,69
55405739,0,,,990,481,509,78,35,43,908,443,465,481,252,229,891,434,457,877,424,453,427,191,236,235,95,140,67,21,46,6,2,4,6,3,3,425,422,128,150,65,51,18,7,3,292,235,57,26,289,5,83,69
55405741,0,,,70,30,40,2,0,2,68,30,38,40,20,20,65,29,36,65,29,36,28,10,18,16,5,11,8,2,6,0,0,0,2,1,1,25,25,4,9,5,3,3,1,0,21,11,10,0,18,0,2,4
55405742,0,,,54,27,27,5,3,2,49,24,25,25,14,11,48,23,25,46,22,24,24,10,14,12,4,8,4,0,4,0,0,0,1,1,0,18,18,2,6,6,2,0,1,1,16,10,6,2,15,0,1,4
55405743,2,55405744,,8,3,5,*,*,*,*,*,*,*,*,*,*,*,*,*,*,*,*,*,*,*,*,*,*,*,*,*,*,*,*,*,*,3,3,*,*,*,*,*,*,*,*,*,*,*,*,*,*,*
55405744,1,,55405743,66,30,36,7,2,5,66,31,35,36,19,17,65,31,34,65,31,34,30,12,18,17,5,12,6,2,4,0,0,0,0,0,0,31,31,12,12,5,2,3,0,0,21,17,4,0,23,0,7,3
55405745,0,,,158,75,83,4,3,1,149,68,81,84,41,43,146,67,79,142,64,78,65,27,38,39,12,27,13,2,11,0,0,0,0,0,0,58,58,13,16,14,9,3,2,1,44,26,18,1,44,0,7,8
55405746,0,,,43,27,16,0,0,0,40,24,16,27,17,10,40,24,16,38,22,16,13,7,6,9,4,5,5,3,2,0,0,0,0,0,0,17,17,6,3,3,3,2,0,0,11,6,5,0,9,0,1,1
55405747,0,,,10,5,5,0,0,0,10,5,5,7,4,3,10,5,5,10,5,5,3,1,2,3,1,2,2,1,1,0,0,0,0,0,0,4,4,2,0,1,0,1,0,0,2,0,2,0,3,0,1,0
55405748,0,,,37,19,18,2,1,1,35,18,17,19,9,10,34,18,16,34,18,16,16,9,7,8,3,5,1,0,1,0,0,0,0,0,0,14,14,2,5,4,2,1,0,0,12,9,3,1,10,0,2,2
55405749,0,,,104,57,47,10,5,5,94,52,42,47,26,21,92,51,41,90,50,40,47,26,21,25,14,11,8,5,3,0,0,0,1,1,0,41,41,10,16,7,2,3,3,0,31,22,9,5,31,0,5,12
55405751,0,,,12,7,5,0,0,0,12,7,5,4,3,1,12,7,5,12,7,5,8,4,4,2,1,1,1,0,1,1,0,1,0,0,0,5,5,1,1,3,0,0,0,0,4,2,2,0,4,0,1,1
55405752,0,,,59,27,32,2,1,1,57,26,31,21,10,11,56,25,31,56,25,31,36,16,20,14,6,8,8,2,6,1,0,1,1,1,0,23,23,4,7,9,1,2,0,0,19,14,5,0,21,1,3,5
55405753,0,,,8,4,4,0,0,0,8,4,4,2,1,1,8,4,4,8,4,4,6,3,3,4,2,2,1,1,0,0,0,0,0,0,0,4,4,1,2,1,0,0,0,0,3,3,0,0,4,0,1,1
55405754,0,,,99,47,52,9,4,5,90,43,47,50,25,25,90,43,47,89,42,47,40,18,22,19,7,12,6,0,6,1,0,1,0,0,0,41,41,16,9,9,3,2,1,1,25,19,6,2,29,0,8,4
55405756,0,,,54,28,26,4,2,2,50,26,24,27,14,13,48,25,23,47,24,23,23,12,11,13,6,7,5,3,2,0,0,0,0,0,0,19,19,3,7,5,1,2,0,1,16,12,4,1,14,0,2,3
55405759,0,,,43,21,22,4,2,2,39,19,20,21,11,10,39,19,20,38,19,19,18,8,10,8,3,5,1,0,1,0,0,0,2,2,0,17,17,5,5,3,3,0,0,1,12,7,5,1,11,0,1,4
55405760,0,,,22,11,11,0,0,0,22,11,11,13,6,7,22,11,11,21,11,10,9,5,4,4,2,2,0,0,0,0,0,0,0,0,0,8,8,1,3,2,1,1,0,0,7,7,0,0,5,0,1,2
55405761,1,,55405772,52,25,27,4,1,3,56,27,29,32,17,15,55,26,29,54,25,29,24,10,14,10,4,6,3,0,3,0,0,0,1,0,1,22,22,9,5,5,4,2,0,0,16,8,8,2,17,0,6,2
55405762,0,,,36,18,18,0,0,0,36,18,18,21,12,9,36,18,18,36,18,18,15,6,9,6,1,5,3,0,3,0,0,0,0,0,0,16,16,5,5,3,3,0,0,0,11,9,2,0,11,0,2,1
55405767,0,,,62,35,27,7,5,2,55,30,25,30,15,15,54,30,24,54,30,24,25,15,10,8,5,3,3,1,2,0,0,0,0,0,0,27,27,8,11,5,2,0,0,1,19,15,4,2,17,0,4,8
55405768,0,,,136,69,67,17,8,9,119,61,58,65,37,28,116,59,57,116,59,57,54,24,30,31,13,18,9,2,7,2,1,1,0,0,0,49,49,7,23,7,5,3,3,1,42,34,8,4,35,0,3,11
55405769,0,,,750,438,312,53,31,22,689,401,288,465,305,160,674,391,283,668,389,279,224,96,128,104,31,73,37,9,28,5,0,5,1,0,1,365,365,187,71,43,36,21,6,1,177,137,40,13,165,10,51,35
55405770,0,,,49,21,28,4,2,2,44,19,25,27,13,14,43,18,25,43,18,25,17,6,11,9,3,6,0,0,0,0,0,0,0,0,0,20,20,2,12,3,2,0,1,0,18,15,3,1,11,0,1,4
55405772,2,55405761,,8,3,5,*,*,*,*,*,*,*,*,*,*,*,*,*,*,*,*,*,*,*,*,*,*,*,*,*,*,*,*,*,*,3,3,*,*,*,*,*,*,*,*,*,*,*,*,*,*,*
55405777,0,,,83,39,44,9,3,6,74,36,38,45,22,23,73,36,37,69,34,35,29,14,15,15,6,9,5,1,4,1,0,1,0,0,0,25,25,2,7,9,2,2,1,2,23,16,7,2,18,0,1,2
55405778,0,,,108,54,54,8,3,5,99,51,48,50,28,22,96,49,47,95,48,47,49,23,26,26,12,14,9,1,8,1,0,1,0,0,0,44,44,11,16,10,4,1,0,2,33,28,5,3,34,0,8,12
55405779,0,,,1704,857,847,184,91,93,1499,753,746,931,489,442,1471,737,734,1447,725,722,568,264,304,270,98,172,110,29,81,9,3,6,3,2,1,758,757,281,226,120,77,33,15,5,474,385,89,47,404,10,137,97
55405785,0,,,28,15,13,2,2,0,26,13,13,13,7,6,25,13,12,25,13,12,13,6,7,2,1,1,2,1,1,0,0,0,0,0,0,11,11,1,6,1,3,0,0,0,10,8,2,1,8,0,1,3
55405787,0,,,11,5,6,2,1,1,9,4,5,8,4,4,9,4,5,9,4,5,1,0,1,1,0,1,0,0,0,0,0,0,0,0,0,4,4,1,0,2,1,0,0,0,3,2,1,1,1,0,0,0
55405788,0,,,139,69,70,4,3,1,135,66,69,75,39,36,132,65,67,132,65,67,60,27,33,24,6,18,11,3,8,0,0,0,0,0,0,56,56,12,20,16,3,3,2,0,44,35,9,0,41,0,7,9
55405789,1,,55405799,224,166,58,11,6,5,203,149,54,148,114,34,201,149,52,198,148,50,55,35,20,30,17,13,8,4,4,1,0,1,1,1,0,142,142,108,13,8,8,3,2,1,34,25,9,4,41,2,18,8
55405794,0,,,15,6,9,2,1,1,13,5,8,7,3,4,13,5,8,13,5,8,6,2,4,5,2,3,0,0,0,0,0,0,0,0,0,5,5,0,2,2,0,1,0,0,4,3,1,0,4,0,0,2
55405795,0,,,51,24,27,4,3,1,47,21,26,24,9,15,45,20,25,44,20,24,23,12,11,13,6,7,2,1,1,0,0,0,0,0,0,19,19,6,7,1,1,3,0,1,13,9,4,1,16,0,6,5
55405797,0,,,118,64,54,11,7,4,107,57,50,57,35,22,105,56,49,105,56,49,50,22,28,20,8,12,5,0,5,0,0,0,0,0,0,45,45,12,12,10,7,1,2,1,33,23,10,3,34,0,9,6
55405798,0,,,17,8,9,0,0,0,17,8,9,7,2,5,17,8,9,17,8,9,10,6,4,5,3,2,0,0,0,0,0,0,0,0,0,8,8,3,4,0,0,0,1,0,5,4,1,0,6,0,2,3
55405799,2,55405789,,1,0,1,*,*,*,*,*,*,*,*,*,*,*,*,*,*,*,*,*,*,*,*,*,*,*,*,*,*,*,*,*,*,1,1,*,*,*,*,*,*,*,*,*,*,*,*,*,*,*
55406003,2,55406005,,6,4,2,*,*,*,*,*,*,*,*,*,*,*,*,*,*,*,*,*,*,*,*,*,*,*,*,*,*,*,*,*,*,2,2,*,*,*,*,*,*,*,*,*,*,*,*,*,*,*
55406004,2,55406014,,9,6,3,*,*,*,*,*,*,*,*,*,*,*,*,*,*,*,*,*,*,*,*,*,*,*,*,*,*,*,*,*,*,4,4,*,*,*,*,*,*,*,*,*,*,*,*,*,*,*
55406005,1,,55406003,22,10,12,3,2,1,25,12,13,8,5,3,25,12,13,25,12,13,17,7,10,11,4,7,4,2,2,0,0,0,0,0,0,11,11,5,4,2,1,1,0,0,8,6,2,1,11,0,4,4
55406006,1,,55406017,15,9,6,0,0,0,19,10,9,9,5,4,18,10,8,18,10,8,10,5,5,3,1,2,2,0,2,0,0,0,0,0,0,7,7,2,2,3,1,0,0,0,6,5,1,0,7,0,2,1
55406008,2,55406009,,13,6,7,*,*,*,*,*,*,*,*,*,*,*,*,*,*,*,*,*,*,*,*,*,*,*,*,*,*,*,*,*,*,3,3,*,*,*,*,*,*,*,*,*,*,*,*,*,*,*
55406009,1,,55406008,9,5,4,5,3,2,17,8,9,12,6,6,17,8,9,17,8,9,5,2,3,0,0,0,0,0,0,0,0,0,0,0,0,2,2,0,1,1,1,1,0,1,5,3,2,2,3,0,0,1
55406014,1,,55406004,19,8,11,0,0,0,27,13,14,16,8,8,27,13,14,27,13,14,11,5,6,6,2,4,1,1,0,0,0,0,0,0,0,7,7,3,2,3,3,0,0,0,7,3,4,0,7,0,1,0
55406015,1,,55406048,17,10,7,0,0,0,18,10,8,7,4,3,17,9,8,17,9,8,11,6,5,6,3,3,3,2,1,0,0,0,0,0,0,10,10,5,5,1,0,0,0,0,6,6,0,0,7,0,3,4
55406017,2,55406006,,4,1,3,*,*,*,*,*,*,*,*,*,*,*,*,*,*,*,*,*,*,*,*,*,*,*,*,*,*,*,*,*,*,1,1,*,*,*,*,*,*,*,*,*,*,*,*,*,*,*
55406048,2,55406015,,1,0,1,*,*,*,*,*,*,*,*,*,*,*,*,*,*,*,*,*,*,*,*,*,*,*,*,*,*,*,*,*,*,1,1,*,*,*,*,*,*,*,*,*,*,*,*,*,*,*
55406049,1,,55406058,15,7,8,4,3,1,19,8,11,14,6,8,18,7,11,17,7,10,5,2,3,3,1,2,1,0,1,0,0,0,0,0,0,5,5,1,2,2,0,1,0,1,6,2,4,1,4,0,0,1
55406058,2,55406049,,8,4,4,*,*,*,*,*,*,*,*,*,*,*,*,*,*,*,*,*,*,*,*,*,*,*,*,*,*,*,*,*,*,2,2,*,*,*,*,*,*,*,*,*,*,*,*,*,*,*
55406074,2,55406093,,1,1,0,*,*,*,*,*,*,*,*,*,*,*,*,*,*,*,*,*,*,*,*,*,*,*,*,*,*,*,*,*,*,1,1,*,*,*,*,*,*,*,*,*,*,*,*,*,*,*
55406082,1,,55406083;55406084,20,10,10,3,0,3,37,20,17,15,10,5,37,20,17,35,18,17,22,10,12,8,4,4,1,0,1,0,0,0,1,0,1,12,12,12,10,1,0,1,0,0,12,12,0,1,14,2,6,7
55406083,2,55406082,,12,3,9,*,*,*,*,*,*,*,*,*,*,*,*,*,*,*,*,*,*,*,*,*,*,*,*,*,*,*,*,*,*,6,6,*,*,*,*,*,*,*,*,*,*,*,*,*,*,*
55406084,2,55406082,,8,7,1,*,*,*,*,*,*,*,*,*,*,*,*,*,*,*,*,*,*,*,*,*,*,*,*,*,*,*,*,*,*,6,6,*,*,*,*,*,*,*,*,*,*,*,*,*,*,*
55406093,1,,55406074,36,20,16,0,0,0,37,21,16,11,6,5,37,21,16,36,20,16,26,15,11,11,6,5,4,3,1,0,0,0,1,1,0,24,24,13,12,0,0,0,0,0,12,12,0,0,16,6,5,11
55406100,2,55406111,,11,7,4,*,*,*,*,*,*,*,*,*,*,*,*,*,*,*,*,*,*,*,*,*,*,*,*,*,*,*,*,*,*,4,4,*,*,*,*,*,*,*,*,*,*,*,*,*,*,*
55406102,1,,55406113,82,39,43,15,7,8,77,36,41,47,22,25,75,36,39,75,36,39,30,14,16,8,2,6,2,0,2,0,0,0,0,0,0,27,27,3,9,9,2,3,1,2,25,20,5,5,20,0,3,4
55406103,0,,,212,110,102,30,12,18,182,98,84,108,59,49,176,94,82,170,90,80,74,39,35,20,8,12,14,3,11,1,0,1,3,1,2,75,75,11,28,15,12,5,3,1,62,49,13,7,45,0,7,13
55406106,0,,,49,26,23,7,4,3,42,22,20,24,12,12,40,21,19,40,21,19,18,10,8,3,1,2,2,1,1,0,0,0,0,0,0,12,12,0,2,3,3,2,0,2,12,5,7,2,10,0,0,2
55406107,0,,,22,11,11,1,0,1,21,11,10,14,9,5,21,11,10,21,11,10,7,2,5,3,0,3,1,0,1,1,0,1,0,0,0,10,10,4,3,1,1,1,0,0,6,3,3,1,4,0,1,1
55406109,0,,,29,14,15,1,1,0,28,13,15,22,12,10,25,11,14,24,10,14,6,1,5,5,1,4,2,1,1,0,0,0,1,0,1,10,10,2,2,3,1,2,0,0,8,5,3,0,5,0,1,0
55406111,1,,55406100,6,4,2,3,2,1,14,9,5,10,6,4,13,8,5,13,8,5,4,3,1,0,0,0,0,0,0,0,0,0,0,0,0,3,3,3,2,1,0,0,0,1,4,3,1,1,3,0,1,1
55406112,0,,,92,48,44,10,5,5,82,43,39,52,30,22,78,40,38,75,37,38,30,13,17,12,3,9,5,1,4,0,0,0,0,0,0,30,30,3,8,7,8,4,0,0,27,18,9,2,19,0,1,6
55406113,2,55406102,,10,4,6,*,*,*,*,*,*,*,*,*,*,*,*,*,*,*,*,*,*,*,*,*,*,*,*,*,*,*,*,*,*,2,2,*,*,*,*,*,*,*,*,*,*,*,*,*,*,*
55406115,0,,,13,6,7,3,1,2,10,5,5,8,4,4,10,5,5,10,5,5,2,1,1,0,0,0,0,0,0,0,0,0,0,0,0,4,4,1,1,0,0,2,0,0,3,2,1,1,1,0,0,0
55406116,0,,,15,6,9,2,2,0,13,4,9,10,4,6,13,4,9,13,4,9,3,0,3,2,0,2,0,0,0,0,0,0,0,0,0,4,4,0,1,0,2,1,0,0,4,1,3,0,3,0,0,0
55406117,1,,55406118,141,69,72,20,14,6,126,58,68,81,38,43,116,52,64,114,51,63,45,20,25,20,10,10,2,0,2,0,0,0,2,2,0,51,51,10,17,10,7,4,4,0,41,35,6,6,28,0,8,8
55406118,2,55406117,,5,3,2,*,*,*,*,*,*,*,*,*,*,*,*,*,*,*,*,*,*,*,*,*,*,*,*,*,*,*,*,*,*,1,1,*,*,*,*,*,*,*,*,*,*,*,*,*,*,*
55406120,0,,,66,36,30,11,4,7,55,32,23,32,21,11,54,32,22,53,31,22,23,11,12,13,7,6,6,3,3,0,0,0,1,0,1,15,15,0,1,5,4,0,3,2,15,7,8,3,13,0,0,1
55406121,1,,55406132;55406133,67,35,32,5,2,3,69,36,33,38,22,16,66,34,32,66,34,32,31,14,17,13,6,7,8,3,5,1,1,0,0,0,0,24,24,7,10,5,3,1,0,2,21,14,7,2,22,0,7,3
55406124,0,,,23,9,14,0,0,0,23,9,14,14,6,8,23,9,14,23,9,14,9,3,6,4,0,4,3,0,3,0,0,0,0,0,0,7,7,2,0,2,1,1,1,0,5,2,3,0,6,0,2,0
55406125,0,,,16,9,7,0,0,0,16,9,7,5,2,3,16,9,7,16,9,7,11,7,4,3,2,1,2,1,1,0,0,0,0,0,0,7,7,2,2,2,1,0,0,0,5,3,2,0,6,0,2,2
55406126,0,,,42,22,20,2,2,0,40,20,20,22,11,11,40,20,20,39,19,20,18,9,9,6,3,3,3,1,2,0,0,0,0,0,0,13,13,3,2,4,1,1,1,1,10,5,5,0,10,0,1,1
55406127,0,,,93,53,40,9,5,4,84,48,36,57,34,23,79,45,34,79,45,34,27,14,13,14,6,8,2,1,1,0,0,0,4,2,2,34,34,8,13,4,1,5,3,0,24,17,7,2,19,1,4,7
55406128,0,,,22,10,12,3,2,1,19,8,11,13,5,8,18,8,10,18,8,10,6,3,3,2,0,2,2,0,2,1,0,1,0,0,0,6,6,0,1,1,3,1,0,0,6,4,2,0,4,0,0,0
55406130,0,,,48,20,28,1,0,1,47,20,27,29,12,17,46,20,26,45,19,26,18,8,10,6,1,5,3,0,3,0,0,0,0,0,0,16,16,4,5,1,3,1,1,1,11,4,7,0,12,0,1,3
55406132,2,55406121,,5,2,3,*,*,*,*,*,*,*,*,*,*,*,*,*,*,*,*,*,*,*,*,*,*,*,*,*,*,*,*,*,*,3,3,*,*,*,*,*,*,*,*,*,*,*,*,*,*,*
55406133,2,55406121,,2,1,1,*,*,*,*,*,*,*,*,*,*,*,*,*,*,*,*,*,*,*,*,*,*,*,*,*,*,*,*,*,*,1,1,*,*,*,*,*,*,*,*,*,*,*,*,*,*,*
55406135,1,,55406136,39,20,19,0,0,0,42,22,20,21,11,10,42,22,20,41,22,19,21,11,10,14,7,7,4,1,3,0,0,0,0,0,0,14,14,2,5,4,2,2,0,0,12,6,6,0,12,0,1,2
55406136,2,55406135,,3,2,1,*,*,*,*,*,*,*,*,*,*,*,*,*,*,*,*,*,*,*,*,*,*,*,*,*,*,*,*,*,*,1,1,*,*,*,*,*,*,*,*,*,*,*,*,*,*,*
55406137,2,55406138,,8,4,4,*,*,*,*,*,*,*,*,*,*,*,*,*,*,*,*,*,*,*,*,*,*,*,*,*,*,*,*,*,*,2,2,*,*,*,*,*,*,*,*,*,*,*,*,*,*,*
55406138,1,,55406137,251,119,132,44,22,22,215,101,114,151,69,82,203,96,107,196,93,103,64,32,32,22,9,13,9,3,6,1,0,1,3,1,2,88,88,14,29,17,21,6,1,2,76,65,11,8,37,0,7,10
55406139,0,,,86,38,48,13,5,8,73,33,40,45,22,23,72,33,39,71,33,38,28,11,17,12,3,9,8,2,6,0,0,0,1,0,1,23,23,0,7,6,4,1,3,2,23,14,9,2,16,0,0,4
55406144,0,,,26,12,14,4,1,3,22,11,11,10,5,5,22,11,11,22,11,11,12,6,6,5,1,4,3,0,3,0,0,0,1,0,1,7,7,1,0,2,2,1,1,0,6,2,4,0,6,0,1,0
55406145,1,,55406154,41,20,21,4,2,2,40,20,20,16,8,8,39,20,19,39,20,19,24,12,12,11,4,7,4,1,3,1,0,1,0,0,0,14,14,1,5,4,4,1,0,0,14,10,4,1,12,0,1,4
55406148,0,,,12,5,7,0,0,0,12,5,7,8,3,5,12,5,7,11,5,6,4,2,2,2,1,1,0,0,0,0,0,0,0,0,0,4,4,0,1,2,1,0,0,0,4,4,0,0,3,0,0,0
55406149,0,,,468,215,253,45,28,17,423,187,236,231,113,118,415,183,232,401,175,226,192,74,118,135,42,93,84,22,62,15,3,12,2,0,2,132,124,15,44,23,22,9,3,8,109,78,31,14,69,0,13,16
55406154,2,55406145,,3,2,1,*,*,*,*,*,*,*,*,*,*,*,*,*,*,*,*,*,*,*,*,*,*,*,*,*,*,*,*,*,*,1,1,*,*,*,*,*,*,*,*,*,*,*,*,*,*,*
55406155,2,55406156,,5,2,3,*,*,*,*,*,*,*,*,*,*,*,*,*,*,*,*,*,*,*,*,*,*,*,*,*,*,*,*,*,*,1,1,*,*,*,*,*,*,*,*,*,*,*,*,*,*,*
55406156,1,,55406155,98,50,48,9,4,5,94,48,46,58,29,29,92,48,44,90,46,44,36,19,17,19,9,10,7,3,4,0,0,0,0,0,0,29,29,3,4,11,3,8,0,1,27,12,15,2,22,0,2,3
55406157,0,,,44,26,18,12,6,6,32,20,12,24,15,9,31,19,12,30,18,12,8,5,3,5,2,3,2,0,2,0,0,0,0,0,0,11,11,1,2,0,3,4,0,1,10,6,4,3,6,0,0,1
55406158,0,,,230,113,117,34,18,16,196,95,101,128,64,64,184,89,95,174,83,91,68,31,37,29,10,19,7,1,6,1,0,1,0,0,0,56,56,2,12,15,5,5,8,9,53,27,26,7,42,0,0,5
55406159,0,,,82,44,38,13,8,5,69,36,33,38,22,16,66,34,32,65,33,32,31,14,17,16,6,10,6,1,5,0,0,0,0,0,0,22,22,5,2,6,1,2,3,3,17,6,11,1,19,0,4,1
55406165,0,,,39,21,18,3,2,1,36,19,17,23,14,9,35,19,16,35,19,16,13,5,8,8,3,5,3,2,1,0,0,0,0,0,0,10,10,1,2,2,1,1,2,1,9,4,5,0,10,0,1,1
55406166,0,,,143,76,67,9,6,3,134,70,64,77,38,39,132,69,63,132,69,63,57,32,25,34,21,13,9,7,2,0,0,0,1,0,1,48,48,10,15,5,7,8,2,1,38,24,14,3,35,0,4,12
55406167,0,,,121,58,63,13,6,7,108,52,56,67,33,34,104,49,55,103,49,54,41,19,22,17,6,11,8,1,7,1,0,1,0,0,0,27,27,1,5,5,2,5,4,5,26,10,16,3,23,0,1,3
55406168,0,,,30,18,12,5,4,1,25,14,11,11,6,5,24,13,11,24,13,11,14,8,6,4,3,1,2,1,1,0,0,0,0,0,0,9,9,2,2,0,3,1,0,1,7,6,1,0,7,0,2,2
55406169,0,,,16,6,10,1,1,0,15,5,10,10,3,7,12,5,7,12,5,7,5,2,3,1,1,0,0,0,0,0,0,0,0,0,0,4,4,0,0,1,2,1,0,0,4,1,3,0,3,0,0,0
55406174,0,,,32,20,12,4,4,0,28,16,12,18,10,8,28,16,12,28,16,12,10,6,4,5,2,3,3,1,2,1,0,1,0,0,0,12,12,3,5,0,3,0,0,1,9,6,3,0,8,0,2,2
55406175,0,,,27,15,12,0,0,0,27,15,12,12,7,5,27,15,12,27,15,12,15,8,7,8,4,4,2,1,1,1,0,1,0,0,0,10,10,2,4,1,1,2,0,0,8,4,4,0,9,0,1,1
55406179,0,,,93,45,48,2,2,0,91,43,48,48,25,23,88,41,47,87,41,46,43,18,25,23,7,16,9,3,6,0,0,0,0,0,0,30,30,4,7,8,6,3,2,0,26,14,12,1,27,0,3,2
55406181,2,55406182,,10,6,4,*,*,*,*,*,*,*,*,*,*,*,*,*,*,*,*,*,*,*,*,*,*,*,*,*,*,*,*,*,*,2,2,*,*,*,*,*,*,*,*,*,*,*,*,*,*,*
55406182,1,,55406181,69,38,31,1,0,1,78,44,34,44,25,19,73,42,31,70,39,31,34,19,15,15,6,9,7,2,5,0,0,0,0,0,0,20,20,5,1,6,2,4,2,2,17,5,12,0,21,0,5,1
55406183,0,,,30,16,14,0,0,0,30,16,14,21,13,8,29,15,14,29,15,14,9,3,6,5,0,5,3,0,3,1,0,1,0,0,0,9,9,3,1,1,1,1,1,1,5,0,5,0,8,1,2,0
55406184,0,,,83,38,45,7,3,4,76,35,41,49,25,24,73,34,39,73,34,39,27,10,17,15,4,11,11,2,9,2,0,2,0,0,0,22,22,3,6,1,4,2,3,3,19,8,11,2,16,0,2,1
55406188,0,,,16,5,11,1,0,1,15,5,10,6,2,4,14,5,9,14,5,9,9,3,6,6,2,4,2,0,2,1,0,1,0,0,0,5,5,0,3,0,1,0,1,0,5,3,2,0,5,0,0,2
55406189,0,,,321,161,160,44,21,23,277,140,137,191,101,90,254,125,129,248,120,128,86,39,47,44,16,28,25,10,15,1,0,1,2,0,2,88,88,8,17,19,23,8,5,8,80,46,34,12,52,2,3,5
55406195,0,,,26,14,12,0,0,0,26,14,12,10,8,2,26,14,12,26,14,12,16,6,10,10,3,7,4,0,4,0,0,0,0,0,0,9,9,0,5,0,4,0,0,0,9,7,2,0,9,0,0,2
55406198,0,,,135,67,68,11,4,7,124,63,61,67,36,31,116,59,57,114,58,56,57,27,30,24,12,12,7,3,4,1,0,1,0,0,0,34,34,1,10,8,4,3,3,5,33,17,16,4,29,0,0,6
55406199,0,,,50,24,26,7,3,4,43,21,22,26,13,13,43,21,22,41,20,21,17,8,9,4,1,3,2,0,2,0,0,0,0,0,0,11,11,0,2,2,1,2,2,2,11,6,5,3,8,0,0,0
55406201,0,,,140,77,63,15,14,1,125,63,62,64,33,31,123,61,62,123,61,62,61,30,31,27,11,16,14,7,7,2,0,2,0,0,0,41,41,7,6,10,7,6,2,3,34,15,19,3,37,0,6,4
55406202,1,,55406211,300,149,151,40,18,22,315,147,168,175,91,84,310,144,166,304,141,163,140,56,84,90,29,61,48,9,39,6,2,4,0,0,0,92,92,14,20,25,18,7,7,4,81,47,34,9,59,0,8,7
55406203,0,,,54,27,27,8,5,3,46,22,24,45,21,24,46,22,24,46,22,24,1,1,0,0,0,0,0,0,0,0,0,0,14,5,9,32,32,19,7,4,1,1,0,0,11,9,2,2,1,10,0,0
55406204,0,,,49,28,21,2,1,1,47,27,20,22,12,10,47,27,20,46,26,20,25,15,10,10,5,5,6,2,4,0,0,0,2,1,1,19,19,6,3,7,1,1,0,1,13,8,5,0,15,2,3,1
55406205,0,,,197,92,105,28,15,13,169,77,92,105,54,51,164,73,91,162,73,89,64,23,41,32,10,22,10,1,9,0,0,0,2,0,2,51,51,5,7,9,13,9,3,5,45,18,27,6,35,0,4,2
55406206,2,55406215,,13,3,10,*,*,*,*,*,*,*,*,*,*,*,*,*,*,*,*,*,*,*,*,*,*,*,*,*,*,*,*,*,*,3,3,*,*,*,*,*,*,*,*,*,*,*,*,*,*,*
55406207,0,,,170,83,87,21,9,12,149,74,75,92,46,46,149,74,75,149,74,75,57,28,29,30,11,19,13,4,9,1,0,1,1,1,0,48,48,4,14,10,8,2,6,4,43,21,22,7,37,0,2,5
55406208,0,,,342,170,172,40,19,21,302,151,151,180,96,84,293,149,144,289,147,142,122,55,67,60,24,36,27,8,19,5,2,3,1,1,0,111,111,24,33,12,17,10,10,5,86,50,36,11,81,0,15,13
55406209,0,,,97,51,46,5,3,2,92,48,44,42,26,16,91,47,44,91,47,44,50,22,28,23,8,15,12,3,9,0,0,0,0,0,0,28,28,1,8,6,8,3,1,1,27,10,17,3,25,0,0,3
55406211,2,55406202,,55,16,39,*,*,*,*,*,*,*,*,*,*,*,*,*,*,*,*,*,*,*,*,*,*,*,*,*,*,*,*,*,*,4,3,*,*,*,*,*,*,*,*,*,*,*,*,*,*,*
55406212,0,,,71,36,35,5,2,3,66,34,32,46,25,21,65,34,31,63,33,30,20,9,11,9,3,6,6,1,5,0,0,0,2,2,0,22,22,5,5,4,2,2,2,2,17,7,10,2,15,2,2,2
55406213,0,,,264,128,136,44,22,22,220,106,114,147,75,72,203,96,107,197,94,103,73,31,42,35,11,24,9,2,7,0,0,0,4,0,4,65,65,9,8,13,7,9,10,9,55,17,38,8,46,1,5,3
55406214,0,,,118,60,58,16,7,9,102,53,49,68,36,32,101,52,49,98,51,47,34,17,17,13,4,9,5,1,4,0,0,0,2,0,2,36,36,8,5,8,7,4,1,3,28,17,11,6,25,0,5,2
55406215,1,,55406206,99,49,50,16,7,9,96,45,51,61,31,30,95,44,51,92,43,49,35,14,21,18,8,10,4,0,4,0,0,0,1,0,1,29,29,4,5,5,12,3,1,2,28,15,13,3,23,0,2,2
55406216,0,,,116,60,56,20,14,6,96,46,50,64,34,30,94,45,49,92,44,48,32,12,20,19,9,10,6,2,4,0,0,0,0,0,0,31,31,4,5,10,0,4,6,2,27,11,16,6,22,1,3,3
55406217,0,,,248,125,123,33,13,20,215,112,103,136,74,62,203,106,97,196,101,95,79,38,41,39,16,23,9,2,7,2,0,2,0,0,0,70,70,13,10,11,15,11,4,6,57,30,27,6,48,0,7,6
55406218,0,,,275,134,141,30,11,19,245,123,122,153,82,71,240,121,119,233,117,116,92,41,51,44,17,27,20,7,13,2,1,1,0,0,0,71,71,3,17,10,17,7,14,3,68,31,37,11,55,0,2,7
55406221,0,,,11,5,6,0,0,0,11,5,6,5,3,2,11,5,6,11,5,6,6,2,4,3,1,2,2,1,1,0,0,0,0,0,0,5,5,1,3,0,1,0,0,0,4,2,2,0,4,0,1,1
55406222,0,,,24,13,11,5,3,2,19,10,9,13,6,7,18,10,8,18,10,8,6,4,2,4,2,2,1,1,0,0,0,0,0,0,0,5,5,1,0,1,0,1,0,2,4,1,3,0,4,0,0,0
55406223,0,,,101,52,49,13,9,4,88,43,45,55,27,28,83,42,41,81,40,41,33,16,17,9,3,6,5,1,4,1,0,1,0,0,0,29,29,5,4,6,7,1,5,1,24,9,15,4,23,0,5,1
55406224,0,,,157,76,81,15,6,9,142,70,72,87,43,44,141,70,71,139,69,70,55,27,28,28,10,18,9,1,8,1,0,1,0,0,0,44,44,1,11,14,6,7,3,2,43,20,23,3,38,0,1,6
55406225,0,,,74,36,38,7,5,2,67,31,36,44,21,23,65,30,35,61,28,33,23,10,13,12,3,9,6,1,5,0,0,0,1,0,1,26,26,4,10,5,3,3,0,1,22,18,4,1,16,0,4,4
55406226,0,,,360,176,184,41,18,23,319,158,161,200,105,95,312,152,160,305,149,156,119,53,66,52,26,26,10,4,6,1,1,0,1,1,0,123,123,18,43,24,19,10,6,3,105,78,27,10,74,1,12,20
55406227,0,,,612,289,323,64,32,32,547,257,290,342,176,166,532,248,284,521,244,277,205,81,124,117,42,75,59,14,45,13,1,12,0,0,0,166,161,30,51,27,33,10,8,2,129,94,35,22,81,1,12,27
55406228,0,,,34,18,16,1,1,0,33,17,16,18,10,8,32,17,15,31,16,15,15,7,8,10,5,5,6,3,3,0,0,0,0,0,0,14,14,5,2,3,4,0,0,0,9,5,4,0,12,0,5,0
55406229,0,,,131,64,67,12,2,10,119,62,57,76,41,35,113,60,53,110,59,51,43,21,22,23,8,15,8,0,8,0,0,0,0,0,0,33,33,2,4,11,4,5,5,2,31,12,19,2,26,0,2,1
55406231,0,,,36,19,17,0,0,0,36,19,17,16,10,6,36,19,17,36,19,17,20,9,11,11,6,5,2,1,1,0,0,0,0,0,0,12,12,2,3,3,2,1,1,0,10,6,4,0,12,0,2,2
55406232,0,,,175,89,86,25,13,12,150,76,74,108,57,51,143,72,71,134,65,69,42,19,23,24,12,12,11,4,7,1,0,1,0,0,0,45,45,5,7,7,10,8,3,5,39,22,17,4,25,0,2,2
55406233,0,,,71,36,35,11,6,5,60,30,30,35,20,15,59,29,30,54,28,26,25,10,15,11,5,6,3,1,2,1,0,1,0,0,0,19,19,4,3,3,2,3,1,3,14,6,8,2,17,0,3,2
55406234,0,,,149,79,70,21,14,7,128,65,63,94,48,46,123,63,60,119,62,57,34,17,17,12,5,7,3,1,2,0,0,0,0,0,0,39,39,3,6,12,5,5,4,4,36,20,16,4,21,0,2,1
55406235,0,,,1021,540,481,109,57,52,912,483,429,613,346,267,878,468,410,857,453,404,299,137,162,142,62,80,43,15,28,2,0,2,22,16,6,424,422,150,118,62,50,28,6,8,266,210,56,29,198,31,45,50
55406236,0,,,2062,1048,1014,314,163,151,1748,885,863,1261,672,589,1669,837,832,1636,819,817,487,213,274,241,95,146,81,18,63,6,0,6,24,12,12,781,776,204,217,168,113,48,16,10,560,464,96,99,301,35,55,82
55406237,0,,,243,131,112,29,16,13,214,115,99,182,102,80,210,114,96,162,81,81,32,13,19,16,7,9,1,1,0,0,0,0,0,0,0,65,63,15,17,9,14,3,5,0,48,38,10,12,22,1,5,5
55406238,0,,,90,50,40,14,8,6,76,42,34,49,26,23,72,39,33,72,39,33,27,16,11,11,5,6,5,1,4,1,0,1,0,0,0,24,24,3,3,6,3,6,1,2,21,8,13,4,16,0,1,3
55406239,0,,,259,126,133,36,19,17,223,107,116,147,72,75,214,103,111,210,102,108,76,35,41,39,15,24,12,4,8,1,0,1,2,0,2,84,84,18,21,16,10,10,3,6,66,44,22,8,48,0,11,11
55406240,0,,,192,95,97,29,16,13,163,79,84,94,49,45,154,75,79,150,72,78,69,30,39,28,10,18,18,5,13,0,0,0,1,0,1,49,49,5,10,7,10,7,4,6,44,19,25,4,39,0,3,6
55406241,0,,,169,89,80,11,5,6,158,84,74,97,54,43,155,82,73,151,80,71,61,30,31,23,9,14,11,3,8,0,0,0,0,0,0,53,53,14,7,11,9,4,4,4,39,20,19,5,39,2,5,3
55406242,0,,,237,113,124,34,16,18,203,97,106,137,68,69,189,92,97,186,90,96,66,29,37,40,17,23,9,3,6,0,0,0,3,1,2,74,74,18,16,12,9,11,1,7,56,37,19,8,45,0,12,9
55406243,0,,,102,51,51,8,5,3,94,46,48,57,31,26,88,45,43,87,44,43,37,15,22,19,9,10,6,2,4,1,0,1,0,0,0,28,28,5,3,6,5,4,3,2,23,9,14,3,23,0,3,2
55406244,0,,,246,119,127,8,4,4,238,115,123,96,54,42,236,114,122,236,114,122,142,61,81,82,25,57,39,7,32,5,0,5,1,0,1,45,43,9,13,11,6,0,1,3,34,23,11,4,30,0,6,6
55406245,0,,,1207,627,580,123,65,58,1084,562,522,725,401,324,1049,540,509,1028,527,501,359,161,198,173,69,104,39,12,27,2,0,2,25,20,5,554,553,236,154,67,51,31,6,8,307,251,56,40,260,49,91,57
55406246,0,,,2721,1344,1377,325,159,166,2394,1185,1209,1539,811,728,2326,1148,1178,2280,1121,1159,855,374,481,423,167,256,133,37,96,12,4,8,47,23,24,1149,1142,410,316,185,136,57,23,15,723,576,147,89,587,54,179,127
55406247,0,,,1013,525,488,182,103,79,831,422,409,609,316,293,801,403,398,779,393,386,222,106,116,79,36,43,21,9,12,0,0,0,7,3,4,366,365,77,98,86,63,24,15,2,284,240,44,49,149,16,24,40
55406248,0,,,139,68,71,15,7,8,124,61,63,78,42,36,120,60,60,117,58,59,46,19,27,21,6,15,8,0,8,3,0,3,1,0,1,46,46,10,12,9,6,2,6,1,36,27,9,3,29,0,8,6
55406249,0,,,12,5,7,2,1,1,10,4,6,6,3,3,10,4,6,10,4,6,4,1,3,2,1,1,1,0,1,0,0,0,0,0,0,5,5,2,2,0,0,0,1,0,3,2,1,0,2,0,0,1
55406250,0,,,147,77,70,10,7,3,137,70,67,82,41,41,137,70,67,135,69,66,55,29,26,29,14,15,12,4,8,0,0,0,9,2,7,42,42,1,15,9,7,6,1,3,40,23,17,3,33,0,0,5
55406251,0,,,75,40,35,6,3,3,69,37,32,35,20,15,67,36,31,66,35,31,34,17,17,19,7,12,10,3,7,0,0,0,1,0,1,21,21,3,4,3,8,0,1,2,18,8,10,1,19,0,3,3
55406252,0,,,140,75,65,19,8,11,121,67,54,87,47,40,115,64,51,114,63,51,34,20,14,13,6,7,5,2,3,1,1,0,1,0,1,48,48,8,15,11,8,2,2,2,40,30,10,6,24,0,6,5
55406253,2,55406263,,4,2,2,*,*,*,*,*,*,*,*,*,*,*,*,*,*,*,*,*,*,*,*,*,*,*,*,*,*,*,*,*,*,2,2,*,*,*,*,*,*,*,*,*,*,*,*,*,*,*
55406254,0,,,53,28,25,6,3,3,47,25,22,27,17,10,46,24,22,46,24,22,20,8,12,8,3,5,4,2,2,0,0,0,0,0,0,19,19,5,5,4,2,0,3,0,14,8,6,1,14,0,3,1
55406255,0,,,355,174,181,21,13,8,334,161,173,142,89,53,334,161,173,329,159,170,192,72,120,130,40,90,70,15,55,11,0,11,3,2,1,70,66,33,11,14,1,4,2,1,33,25,8,5,20,6,5,2
55406256,0,,,1787,832,955,236,105,131,1551,727,824,993,495,498,1493,705,788,1453,687,766,558,232,326,280,98,182,103,30,73,8,1,7,17,8,9,668,663,187,170,157,95,32,15,7,471,379,92,76,331,27,83,67
55406257,0,,,236,110,126,28,15,13,208,95,113,153,69,84,199,91,108,191,90,101,55,26,29,23,12,11,8,5,3,1,1,0,1,0,1,73,73,7,15,21,21,5,1,3,66,49,17,5,33,0,5,5
55406258,0,,,25,13,12,3,2,1,22,11,11,11,6,5,22,11,11,22,11,11,11,5,6,6,3,3,1,0,1,0,0,0,0,0,0,10,10,1,5,3,0,1,0,0,9,8,1,1,6,0,1,2
55406259,0,,,102,50,52,8,5,3,94,45,49,51,26,25,90,43,47,90,43,47,43,19,24,18,6,12,6,0,6,2,0,2,0,0,0,29,29,6,6,3,5,3,3,3,23,10,13,1,22,0,3,3
55406260,0,,,76,37,39,11,3,8,65,34,31,36,18,18,65,34,31,65,34,31,29,16,13,10,4,6,8,4,4,1,0,1,0,0,0,18,18,1,5,2,3,3,0,4,17,7,10,4,15,0,0,3
55406261,0,,,23,15,8,5,4,1,18,11,7,16,10,6,17,10,7,17,10,7,2,1,1,1,0,1,1,0,1,0,0,0,0,0,0,5,5,0,1,1,1,1,0,1,5,3,2,1,1,0,0,0
55406262,0,,,41,15,26,5,2,3,36,13,23,21,7,14,36,13,23,35,13,22,15,6,9,8,2,6,0,0,0,0,0,0,0,0,0,12,12,0,5,1,3,2,1,0,12,7,5,3,10,0,0,2
55406263,1,,55406253;55406264,172,93,79,21,12,9,162,87,75,96,59,37,157,83,74,152,80,72,66,28,38,29,11,18,18,5,13,1,0,1,2,0,2,42,42,2,11,12,10,1,3,8,45,20,25,5,39,0,1,4
55406264,2,55406263,,7,4,3,*,*,*,*,*,*,*,*,*,*,*,*,*,*,*,*,*,*,*,*,*,*,*,*,*,*,*,*,*,*,3,3,*,*,*,*,*,*,*,*,*,*,*,*,*,*,*
55406265,0,,,240,128,112,28,15,13,212,113,99,125,69,56,205,111,94,203,109,94,87,44,43,34,15,19,11,5,6,2,1,1,0,0,0,95,95,27,30,18,12,3,2,3,68,58,10,6,62,0,18,14
55406266,0,,,121,62,59,7,3,4,114,59,55,69,38,31,109,55,54,106,53,53,45,21,24,19,8,11,7,2,5,1,0,1,0,0,0,46,46,12,11,12,5,5,1,0,33,23,10,3,29,0,5,8
55406267,0,,,48,24,24,5,3,2,43,21,22,20,11,9,41,20,21,41,20,21,23,10,13,9,3,6,5,1,4,1,0,1,0,0,0,16,16,0,7,5,2,1,1,0,16,10,6,1,14,0,0,3
55406268,0,,,64,35,29,3,3,0,61,32,29,28,17,11,59,30,29,59,30,29,33,15,18,15,7,8,9,4,5,1,0,1,1,1,0,21,21,4,5,4,4,2,2,0,17,9,8,0,17,0,2,3
55406269,0,,,47,25,22,9,4,5,38,21,17,30,16,14,37,20,17,37,20,17,8,5,3,4,3,1,1,1,0,0,0,0,0,0,0,11,11,1,4,0,1,2,1,2,10,5,5,2,6,0,1,0
55406270,0,,,96,45,51,15,10,5,81,35,46,49,21,28,80,34,46,78,33,45,32,14,18,12,2,10,8,1,7,0,0,0,0,0,0,23,23,2,5,4,3,1,3,5,21,7,14,5,20,0,1,3
55406271,0,,,51,27,24,2,1,1,49,26,23,33,18,15,48,25,23,47,25,22,16,8,8,5,2,3,1,0,1,0,0,0,0,0,0,13,13,4,1,0,2,1,3,2,9,4,5,1,9,0,2,0
55406272,0,,,16,10,6,1,1,0,15,9,6,9,6,3,15,9,6,14,8,6,6,3,3,3,2,1,1,0,1,0,0,0,0,0,0,5,5,2,0,1,0,1,1,0,3,0,3,0,4,0,1,0
55406274,0,,,143,72,71,6,1,5,137,71,66,68,41,27,136,70,66,134,69,65,69,30,39,26,10,16,12,4,8,1,0,1,1,0,1,51,51,6,18,15,7,3,1,1,44,27,17,1,39,0,1,13
55406275,0,,,93,49,44,5,2,3,88,47,41,55,32,23,85,46,39,84,45,39,33,15,18,19,7,12,5,2,3,0,0,0,0,0,0,35,35,9,8,10,5,1,1,1,26,17,9,1,25,0,6,4
55406276,0,,,390,198,192,54,30,24,336,168,168,212,111,101,327,164,163,322,160,162,124,57,67,69,27,42,23,7,16,1,0,1,1,0,1,116,116,15,27,34,10,12,12,6,101,52,49,14,80,1,8,13
55406277,0,,,42,24,18,7,5,2,35,19,16,23,13,10,34,19,15,34,19,15,12,6,6,5,1,4,0,0,0,0,0,0,0,0,0,11,11,3,3,1,0,1,0,3,8,4,4,1,9,0,2,2
55406278,0,,,61,33,28,9,6,3,52,27,25,35,19,16,51,27,24,51,27,24,17,8,9,7,2,5,7,2,5,0,0,0,0,0,0,17,17,2,3,4,3,2,2,1,15,8,7,3,13,0,2,1
55406279,0,,,221,106,115,13,6,7,208,100,108,135,66,69,206,99,107,199,95,104,73,34,39,36,14,22,14,4,10,1,0,1,1,0,1,65,65,7,17,16,9,8,4,4,58,36,22,3,46,0,4,10
55406280,0,,,31,18,13,5,4,1,26,14,12,20,11,9,26,14,12,26,14,12,6,3,3,2,1,1,0,0,0,0,0,0,0,0,0,8,8,0,1,4,0,2,0,1,8,5,3,3,4,0,0,0
55406281,0,,,49,22,27,8,2,6,41,20,21,22,10,12,39,19,20,38,18,20,19,10,9,9,5,4,5,2,3,0,0,0,0,0,0,10,10,0,2,2,2,0,0,4,10,4,6,1,9,0,0,1
55406282,0,,,269,147,122,41,23,18,228,124,104,160,93,67,224,123,101,214,116,98,68,31,37,40,17,23,14,5,9,2,2,0,11,11,0,101,101,48,12,13,8,9,6,5,53,27,26,11,44,17,9,5
55406283,0,,,62,32,30,1,1,0,61,31,30,43,25,18,60,30,30,58,28,30,18,6,12,14,4,10,8,1,7,2,0,2,2,0,2,22,22,5,6,4,4,1,2,0,17,9,8,1,14,1,3,0
55406284,0,,,180,88,92,12,8,4,168,80,88,101,50,51,156,71,85,153,70,83,67,30,37,24,9,15,10,2,8,1,0,1,1,0,1,47,47,3,12,10,5,5,9,3,44,20,24,2,39,0,2,4
55406285,0,,,47,23,24,4,2,2,43,21,22,25,13,12,42,21,21,41,21,20,18,8,10,6,2,4,1,0,1,0,0,0,0,0,0,13,13,0,2,5,3,2,1,0,13,7,6,1,10,0,0,2
55406286,0,,,119,58,61,9,6,3,110,52,58,75,40,35,108,51,57,106,49,57,35,12,23,23,7,16,3,0,3,0,0,0,0,0,0,37,37,5,11,9,6,1,2,3,32,19,13,3,24,0,3,4
55406287,0,,,278,133,145,41,18,23,237,115,122,138,71,67,226,110,116,223,108,115,99,44,55,46,21,25,8,1,7,0,0,0,0,0,0,96,96,16,35,12,17,11,3,2,80,62,18,12,62,0,12,21
55406288,0,,,178,93,85,17,10,7,161,83,78,87,47,40,157,80,77,154,78,76,74,36,38,29,13,16,14,6,8,2,0,2,2,0,2,55,55,6,18,14,5,5,3,4,47,31,16,2,40,0,4,10
55406289,0,,,146,72,74,6,2,4,140,70,70,78,40,38,134,65,69,130,63,67,62,30,32,28,13,15,8,3,5,0,0,0,1,0,1,50,50,7,18,11,6,3,4,1,43,29,14,0,37,0,5,7
55406291,0,,,104,51,53,9,4,5,95,47,48,57,27,30,93,47,46,91,47,44,38,20,18,9,3,6,5,1,4,0,0,0,0,0,0,34,34,7,8,9,5,0,2,3,27,16,11,0,27,0,5,4
55406292,0,,,347,138,209,40,17,23,307,121,186,150,70,80,298,119,179,297,118,179,157,51,106,116,27,89,82,17,65,22,2,20,0,0,0,88,86,18,23,21,10,5,6,3,68,47,21,10,37,6,4,8
55406293,0,,,885,459,426,104,53,51,781,406,375,541,299,242,763,396,367,746,385,361,240,107,133,93,34,59,28,10,18,0,0,0,16,15,1,335,335,76,99,80,44,23,11,2,258,205,53,27,161,14,27,46
55406294,0,,,160,84,76,24,15,9,136,69,67,83,42,41,133,69,64,131,68,63,53,27,26,29,13,16,10,5,5,1,0,1,0,0,0,39,39,3,8,7,8,2,5,6,36,18,18,4,28,0,2,3
55406296,0,,,742,384,358,123,66,57,619,318,301,495,261,234,592,305,287,575,295,280,124,57,67,57,25,32,14,4,10,1,0,1,2,1,1,285,285,79,69,60,52,18,4,3,201,177,24,26,84,15,17,22
55406297,0,,,2631,1295,1336,427,230,197,2203,1065,1138,1565,780,785,2131,1034,1097,2092,1016,1076,638,285,353,295,123,172,100,30,70,7,1,6,13,1,12,966,966,235,247,205,167,68,31,13,727,584,143,136,426,36,92,87
55406298,0,,,234,112,122,34,21,13,200,91,109,141,62,79,191,87,104,184,83,101,59,29,30,32,13,19,13,7,6,1,1,0,4,2,2,87,87,15,31,19,12,8,2,0,72,60,12,7,37,0,3,12
55406299,0,,,47,26,21,4,2,2,43,24,19,25,16,9,43,24,19,43,24,19,18,8,10,5,1,4,4,0,4,1,0,1,0,0,0,16,16,5,2,5,0,1,3,0,11,5,6,2,10,0,3,1
55406300,0,,,105,52,53,18,8,10,87,44,43,60,29,31,85,43,42,84,43,41,27,15,12,15,5,10,7,2,5,0,0,0,0,0,0,25,25,4,4,3,3,3,2,6,21,10,11,5,21,0,3,2
55406301,0,,,88,45,43,12,8,4,76,37,39,43,23,20,72,34,38,71,33,38,33,14,19,17,7,10,6,2,4,0,0,0,0,0,0,26,26,4,5,8,2,5,0,2,22,10,12,2,20,0,2,4
55406302,0,,,215,107,108,22,12,10,193,95,98,120,63,57,184,90,94,180,88,92,73,32,41,38,13,25,18,4,14,1,0,1,1,1,0,57,57,6,10,13,12,6,5,5,50,24,26,3,47,0,4,5
55406303,0,,,252,114,138,23,9,14,229,105,124,137,66,71,223,100,123,218,96,122,92,39,53,51,19,32,19,6,13,2,1,1,0,0,0,80,80,12,20,20,14,5,6,3,68,42,26,4,60,0,9,10
55406304,0,,,347,173,174,50,26,24,297,147,150,175,89,86,284,143,141,277,139,138,122,58,64,48,22,26,12,3,9,0,0,0,4,4,0,116,116,22,33,24,19,3,10,5,93,61,32,10,73,2,9,15
55406305,0,,,320,176,144,36,22,14,284,154,130,184,105,79,277,149,128,272,146,126,100,49,51,33,12,21,14,4,10,0,0,0,10,10,0,133,133,42,41,21,17,9,1,2,90,72,18,6,68,12,15,20
55406306,0,,,31,15,16,1,0,1,30,15,15,13,7,6,30,15,15,29,15,14,17,8,9,11,4,7,3,1,2,0,0,0,0,0,0,13,13,5,2,3,2,1,0,0,8,5,3,0,11,0,4,1
55406307,0,,,217,106,111,13,5,8,201,98,103,100,50,50,193,94,99,190,94,96,101,48,53,48,20,28,24,7,17,1,0,1,1,0,1,84,81,19,26,17,8,6,5,0,62,42,20,3,65,1,11,13
55406308,0,,,70,39,31,5,2,3,63,35,28,34,17,17,62,35,27,62,35,27,29,18,11,19,11,8,6,5,1,0,0,0,0,0,0,28,26,9,2,9,4,1,0,1,17,10,7,2,22,0,8,0
55406309,0,,,13,6,7,0,0,0,13,6,7,5,3,2,13,6,7,13,6,7,8,3,5,5,2,3,2,1,1,0,0,0,0,0,0,4,4,0,1,2,0,1,0,0,4,2,2,0,4,0,0,1
55406310,2,55406311,,10,6,4,*,*,*,*,*,*,*,*,*,*,*,*,*,*,*,*,*,*,*,*,*,*,*,*,*,*,*,*,*,*,3,3,*,*,*,*,*,*,*,*,*,*,*,*,*,*,*
55406311,1,,55406310,51,27,24,4,3,1,57,30,27,37,19,18,55,29,26,55,29,26,20,11,9,12,5,7,5,2,3,0,0,0,0,0,0,12,12,1,2,4,3,2,1,2,14,4,10,2,13,0,1,1
55406312,0,,,114,51,63,14,6,8,100,45,55,55,27,28,100,45,55,99,45,54,45,18,27,28,9,19,10,2,8,0,0,0,0,0,0,34,34,2,11,9,5,2,3,2,32,17,15,3,28,0,2,6
55406313,0,,,482,243,239,61,32,29,416,209,207,264,133,131,395,195,200,387,192,195,152,76,76,67,32,35,28,14,14,3,1,2,0,0,0,168,168,31,53,36,24,11,8,5,134,99,35,12,98,2,15,20
55406314,0,,,128,67,61,10,8,2,118,59,59,61,33,28,115,57,58,115,57,58,57,26,31,29,12,17,11,5,6,2,0,2,1,0,1,52,52,18,15,7,7,2,1,2,34,21,13,1,35,4,7,7
55406315,1,,55406316,151,65,86,20,10,10,138,57,81,80,33,47,132,55,77,127,54,73,58,24,34,32,11,21,12,3,9,1,0,1,9,0,9,52,52,12,18,7,7,4,2,4,42,28,14,3,36,1,4,6
55406316,2,55406315,,7,2,5,*,*,*,*,*,*,*,*,*,*,*,*,*,*,*,*,*,*,*,*,*,*,*,*,*,*,*,*,*,*,2,2,*,*,*,*,*,*,*,*,*,*,*,*,*,*,*
55406317,0,,,112,47,65,5,2,3,100,41,59,70,28,42,98,39,59,85,31,54,30,13,17,13,5,8,3,1,2,0,0,0,8,0,8,77,77,58,11,4,2,1,0,1,19,16,3,1,16,22,3,8
55406318,1,,55406329,56,30,26,5,1,4,55,30,25,27,15,12,55,30,25,55,30,25,28,15,13,15,7,8,6,3,3,0,0,0,1,0,1,19,19,3,7,3,3,2,2,0,17,10,7,1,17,0,1,3
55406319,0,,,22,14,8,1,1,0,21,13,8,12,8,4,21,13,8,21,13,8,9,5,4,7,4,3,3,3,0,0,0,0,0,0,0,5,5,1,0,1,0,1,1,1,4,1,3,0,5,0,1,0
55406320,0,,,85,45,40,11,6,5,74,39,35,43,22,21,74,39,35,73,38,35,31,17,14,18,9,9,5,1,4,0,0,0,0,0,0,30,30,7,8,8,3,2,0,2,23,13,10,2,21,0,4,3
55406321,0,,,83,43,40,17,8,9,66,35,31,35,21,14,65,34,31,63,32,31,31,14,17,14,5,9,8,3,5,0,0,0,2,2,0,20,20,3,5,1,2,3,1,5,17,5,12,4,17,2,1,3
55406322,0,,,53,24,29,5,3,2,48,21,27,29,12,17,44,20,24,44,20,24,19,9,10,9,3,6,3,0,3,0,0,0,1,0,1,16,16,4,4,2,1,2,2,1,12,5,7,2,13,0,3,2
55406323,0,,,221,114,107,25,16,9,196,98,98,135,69,66,191,96,95,186,94,92,61,29,32,31,13,18,12,3,9,2,0,2,0,0,0,70,70,4,23,21,12,4,4,2,65,50,15,5,38,0,1,9
55406324,0,,,39,18,21,4,1,3,35,17,18,21,10,11,35,17,18,35,17,18,14,7,7,8,3,5,2,0,2,0,0,0,0,0,0,12,12,1,5,1,1,3,1,0,11,6,5,1,9,0,0,2
55406325,0,,,153,76,77,16,8,8,137,68,69,70,38,32,134,66,68,129,65,64,67,30,37,30,13,17,12,6,6,0,0,0,1,0,1,47,47,5,16,8,9,5,2,2,42,25,17,2,36,0,4,10
55406326,0,,,38,24,14,5,4,1,33,20,13,18,13,5,32,19,13,31,18,13,15,7,8,6,3,3,4,1,3,0,0,0,0,0,0,10,10,1,3,2,0,1,1,2,9,5,4,2,8,0,0,3
55406327,0,,,83,41,42,3,2,1,80,39,41,36,19,17,79,38,41,78,38,40,44,20,24,21,8,13,7,2,5,0,0,0,1,0,1,32,32,7,12,6,4,0,3,0,25,15,10,1,28,0,4,10
55406328,0,,,28,15,13,2,1,1,26,14,12,18,9,9,26,14,12,26,14,12,8,5,3,5,2,3,4,2,2,1,0,1,0,0,0,8,8,0,1,5,0,1,1,0,8,3,5,1,6,0,0,0
55406329,2,55406318,,4,1,3,*,*,*,*,*,*,*,*,*,*,*,*,*,*,*,*,*,*,*,*,*,*,*,*,*,*,*,*,*,*,1,1,*,*,*,*,*,*,*,*,*,*,*,*,*,*,*
55406330,0,,,210,97,113,29,12,17,181,85,96,106,51,55,177,82,95,177,82,95,75,34,41,42,19,23,12,5,7,0,0,0,1,0,1,62,62,6,17,14,11,6,4,4,56,34,22,8,45,0,5,8
55406331,0,,,119,64,55,7,3,4,112,61,51,62,37,25,107,56,51,106,55,51,50,24,26,26,11,15,5,2,3,1,0,1,0,0,0,39,39,8,9,6,9,4,2,1,31,16,15,2,33,0,7,6
55406332,0,,,453,235,218,64,34,30,389,201,188,254,136,118,376,193,183,371,189,182,135,65,70,57,26,31,22,6,16,0,0,0,0,0,0,129,129,11,31,25,30,15,11,6,117,73,44,13,85,0,7,14
55406333,0,,,288,140,148,21,10,11,267,130,137,156,81,75,255,123,132,248,118,130,111,49,62,50,19,31,19,6,13,2,0,2,0,0,0,89,89,8,24,22,18,10,5,2,81,45,36,6,66,0,5,10
55406334,0,,,54,28,26,8,4,4,46,24,22,28,16,12,45,23,22,43,21,22,18,8,10,5,1,4,3,0,3,1,0,1,1,0,1,13,13,2,1,3,3,1,0,3,11,6,5,2,10,0,2,1
55406335,0,,,37,16,21,3,0,3,34,16,18,21,11,10,34,16,18,34,16,18,13,5,8,6,2,4,1,0,1,0,0,0,0,0,0,11,11,1,2,4,2,1,0,1,10,7,3,0,8,0,1,2
55406336,0,,,119,60,59,9,6,3,110,54,56,57,27,30,109,54,55,107,54,53,53,27,26,30,12,18,14,6,8,1,0,1,1,1,0,33,33,2,7,9,8,0,5,2,31,14,17,3,31,0,2,2
55406337,0,,,72,36,36,3,1,2,69,35,34,33,19,14,68,34,34,66,33,33,36,16,20,14,5,9,5,1,4,0,0,0,0,0,0,25,25,1,10,7,5,2,0,0,24,13,11,1,21,0,1,6
55406338,0,,,44,24,20,3,2,1,41,22,19,25,17,8,38,21,17,38,21,17,16,5,11,9,2,7,5,2,3,0,0,0,0,0,0,18,13,2,4,1,4,2,0,0,11,6,5,0,10,0,2,2
55406339,2,55406349,,11,5,6,*,*,*,*,*,*,*,*,*,*,*,*,*,*,*,*,*,*,*,*,*,*,*,*,*,*,*,*,*,*,3,3,*,*,*,*,*,*,*,*,*,*,*,*,*,*,*
55406340,0,,,185,91,94,35,19,16,150,72,78,101,51,50,141,68,73,139,67,72,49,21,28,26,13,13,9,4,5,3,1,2,0,0,0,56,56,8,15,9,11,6,3,4,48,35,13,10,31,0,7,7
55406341,0,,,27,17,10,6,5,1,21,12,9,17,9,8,21,12,9,20,12,8,4,3,1,1,1,0,0,0,0,0,0,0,0,0,0,7,7,1,2,1,0,0,2,1,6,3,3,1,3,0,1,0
55406342,0,,,434,222,212,57,34,23,375,186,189,269,139,130,366,181,185,358,179,179,106,47,59,52,18,34,22,8,14,1,0,1,11,10,1,159,159,45,34,33,28,10,5,4,113,82,31,21,69,10,7,11
55406343,0,,,51,29,22,5,2,3,45,26,19,29,17,12,45,26,19,45,26,19,16,9,7,8,5,3,4,2,2,0,0,0,3,2,1,23,23,13,2,2,3,2,1,0,9,4,5,1,10,5,2,2
55406344,0,,,114,54,60,12,5,7,102,49,53,63,35,28,94,43,51,90,40,50,39,14,25,19,5,14,10,1,9,0,0,0,2,0,2,32,32,6,4,6,8,2,2,4,26,11,15,1,27,0,6,2
55406345,0,,,99,49,50,5,2,3,94,47,47,59,30,29,91,45,46,88,44,44,35,17,18,20,10,10,5,2,3,1,0,1,1,0,1,26,26,1,3,8,7,4,1,2,25,11,14,1,22,0,0,2
55406346,0,,,169,82,87,19,11,8,150,71,79,88,47,41,145,68,77,145,68,77,62,24,38,34,12,22,16,4,12,0,0,0,2,0,2,50,50,3,11,18,8,6,2,2,47,28,19,3,39,0,2,6
55406347,0,,,77,31,46,8,3,5,69,28,41,48,20,28,67,27,40,65,27,38,21,8,13,8,1,7,5,0,5,0,0,0,0,0,0,21,21,1,4,7,3,3,2,1,20,9,11,3,13,0,1,1
55406348,0,,,45,24,21,5,3,2,40,21,19,22,14,8,36,18,18,36,18,18,18,7,11,7,1,6,5,1,4,1,0,1,0,0,0,13,13,3,2,3,1,1,1,2,10,3,7,0,9,0,1,0
55406349,1,,55406339,19,11,8,4,2,2,26,14,12,18,9,9,25,14,11,25,14,11,8,5,3,1,0,1,1,0,1,0,0,0,0,0,0,7,7,0,4,4,1,0,1,0,10,6,4,1,7,0,0,1
55406350,0,,,396,193,203,36,20,16,360,173,187,198,102,96,350,169,181,344,165,179,162,71,91,73,23,50,38,8,30,3,0,3,0,0,0,107,107,10,24,20,26,10,6,11,97,40,57,8,95,0,8,16
55406351,0,,,41,19,22,5,1,4,36,18,18,18,11,7,35,18,17,34,18,16,18,7,11,8,3,5,2,0,2,0,0,0,0,0,0,12,12,2,2,4,2,0,0,2,9,5,4,1,10,0,1,0
55406352,0,,,918,435,483,109,50,59,805,383,422,476,252,224,784,369,415,768,362,406,329,131,198,179,58,121,88,17,71,21,2,19,4,4,0,278,277,58,59,62,46,24,12,16,217,143,74,26,170,13,27,25
55406353,0,,,220,110,110,18,8,10,201,101,100,118,62,56,195,98,97,193,97,96,83,39,44,46,24,22,16,8,8,1,0,1,4,1,3,72,72,14,20,11,14,7,3,3,58,35,23,3,47,4,3,10
55406354,0,,,39,20,19,6,3,3,33,17,16,23,12,11,32,16,16,31,16,15,10,5,5,6,3,3,2,2,0,0,0,0,1,0,1,11,11,1,2,4,1,1,1,1,10,7,3,1,7,0,0,1
55406355,0,,,178,92,86,13,7,6,165,85,80,101,55,46,159,80,79,157,79,78,64,30,34,34,14,20,14,8,6,0,0,0,2,0,2,63,63,16,18,9,10,3,5,2,47,30,17,5,40,0,10,6
55406356,0,,,304,158,146,58,34,24,246,124,122,172,87,85,237,119,118,232,116,116,74,37,37,37,16,21,15,8,7,0,0,0,2,0,2,87,87,12,20,16,15,9,9,6,75,46,29,19,47,1,6,5
55406357,0,,,92,45,47,9,7,2,83,38,45,48,25,23,82,37,45,81,36,45,35,13,22,18,6,12,9,2,7,1,0,1,1,0,1,26,26,2,7,6,4,2,3,2,24,14,10,4,19,0,0,3
55406358,1,,55406368,80,32,48,16,5,11,68,29,39,43,16,27,64,28,36,61,28,33,25,13,12,10,4,6,3,0,3,0,0,0,0,0,0,16,16,0,5,1,3,3,1,5,18,8,10,3,16,0,0,3
55406359,0,,,21,11,10,3,3,0,18,8,10,10,5,5,18,8,10,18,8,10,8,3,5,6,2,4,2,0,2,2,0,2,0,0,0,6,6,0,2,0,3,1,0,0,6,3,3,2,4,0,0,1
55406360,0,,,55,31,24,1,0,1,54,31,23,31,19,12,53,31,22,52,30,22,23,12,11,10,5,5,3,2,1,0,0,0,0,0,0,22,22,4,8,6,3,1,0,0,18,13,5,0,16,0,3,2
55406361,0,,,26,13,13,3,1,2,23,12,11,13,6,7,22,12,10,22,12,10,10,6,4,7,4,3,4,2,2,1,0,1,0,0,0,6,6,0,1,1,2,0,1,1,6,1,5,0,6,0,0,0
55406362,0,,,463,248,215,54,22,32,409,226,183,269,158,111,396,216,180,390,214,176,140,68,72,53,23,30,17,6,11,0,0,0,12,10,2,153,153,37,23,42,24,12,9,6,115,72,43,16,88,13,10,10
55406364,2,55406375,,6,4,2,*,*,*,*,*,*,*,*,*,*,*,*,*,*,*,*,*,*,*,*,*,*,*,*,*,*,*,*,*,*,2,2,*,*,*,*,*,*,*,*,*,*,*,*,*,*,*
55406365,0,,,196,95,101,16,10,6,180,85,95,117,63,54,176,84,92,172,81,91,63,22,41,37,11,26,17,4,13,0,0,0,0,0,0,48,48,2,8,14,8,3,6,7,45,20,25,6,42,0,2,1
55406366,0,,,124,64,60,11,5,6,113,59,54,55,29,26,109,58,51,107,57,50,58,30,28,25,11,14,8,2,6,1,0,1,0,0,0,37,37,9,6,5,6,5,4,2,28,9,19,1,33,0,7,3
55406367,1,,55406378,63,33,30,7,5,2,59,30,29,36,17,19,54,28,26,51,26,25,23,13,10,12,6,6,6,3,3,0,0,0,0,0,0,14,14,2,3,3,2,1,1,4,14,8,6,2,13,0,2,2
55406368,2,55406358,,4,2,2,*,*,*,*,*,*,*,*,*,*,*,*,*,*,*,*,*,*,*,*,*,*,*,*,*,*,*,*,*,*,2,2,*,*,*,*,*,*,*,*,*,*,*,*,*,*,*
55406369,1,,55406379,18,10,8,17,9,8,32,21,11,18,14,4,26,15,11,25,14,11,14,7,7,7,4,3,3,1,2,1,0,1,0,0,0,6,6,2,4,1,3,0,0,0,8,6,2,0,9,0,2,3
55406370,0,,,163,82,81,14,6,8,149,76,73,91,49,42,146,76,70,143,74,69,58,27,31,22,10,12,6,3,3,0,0,0,0,0,0,52,52,10,16,8,6,5,2,5,42,25,17,4,35,0,6,7
55406371,2,55406381,,9,5,4,*,*,*,*,*,*,*,*,*,*,*,*,*,*,*,*,*,*,*,*,*,*,*,*,*,*,*,*,*,*,2,2,*,*,*,*,*,*,*,*,*,*,*,*,*,*,*
55406372,0,,,551,267,284,96,45,51,455,222,233,330,157,173,428,207,221,413,201,212,125,65,60,43,23,20,17,8,9,1,0,1,6,2,4,200,200,48,54,46,25,16,3,8,151,125,26,20,84,2,25,14
55406373,0,,,103,51,52,14,6,8,89,45,44,67,36,31,85,42,43,81,40,41,22,9,13,12,4,8,3,0,3,0,0,0,0,0,0,30,30,4,5,5,11,2,2,1,26,20,6,1,14,0,0,2
55406375,1,,55406364,111,54,57,10,4,6,107,54,53,70,37,33,103,52,51,101,51,50,37,17,20,21,11,10,9,5,4,1,1,0,0,0,0,31,31,3,8,7,7,2,3,3,29,16,13,3,24,0,3,3
55406376,0,,,71,31,40,8,4,4,63,27,36,36,15,21,62,27,35,62,27,35,27,12,15,18,5,13,8,2,6,0,0,0,2,2,0,21,21,4,4,4,4,2,1,2,17,8,9,4,16,2,1,2
55406377,1,,55406387;55406388,17,9,8,0,0,0,24,11,13,16,8,8,23,10,13,23,10,13,8,3,5,1,0,1,1,0,1,0,0,0,0,0,0,4,4,1,2,1,1,1,0,1,6,4,2,0,4,0,0,0
55406378,2,55406367,,3,2,1,*,*,*,*,*,*,*,*,*,*,*,*,*,*,*,*,*,*,*,*,*,*,*,*,*,*,*,*,*,*,2,2,*,*,*,*,*,*,*,*,*,*,*,*,*,*,*
55406379,2,55406369,,31,20,11,*,*,*,*,*,*,*,*,*,*,*,*,*,*,*,*,*,*,*,*,*,*,*,*,*,*,*,*,*,*,5,4,*,*,*,*,*,*,*,*,*,*,*,*,*,*,*
55406380,0,,,320,165,155,35,18,17,285,147,138,176,103,73,270,137,133,265,134,131,109,44,65,46,17,29,18,5,13,1,0,1,0,0,0,91,91,14,21,12,18,10,9,7,77,36,41,7,68,0,8,8
55406381,1,,55406371,364,187,177,47,24,23,326,168,158,196,107,89,319,163,156,315,163,152,130,61,69,48,19,29,14,4,10,1,0,1,3,3,0,112,112,24,29,18,15,5,13,10,89,53,36,14,80,1,10,18
55406382,1,,55406392;55406393,118,59,59,17,11,6,111,53,58,70,39,31,106,49,57,105,49,56,41,14,27,16,5,11,6,2,4,1,1,0,0,0,0,36,36,7,7,8,11,5,1,1,33,21,12,1,27,0,5,2
55406383,0,,,31,13,18,10,3,7,21,10,11,15,7,8,20,9,11,20,9,11,6,3,3,2,0,2,2,0,2,0,0,0,0,0,0,9,9,0,2,3,2,2,0,0,9,7,2,4,3,0,0,1
55406384,0,,,39,22,17,3,2,1,36,20,16,21,14,7,35,20,15,34,19,15,15,6,9,6,1,5,4,1,3,0,0,0,0,0,0,11,11,1,1,6,1,0,1,1,10,3,7,1,8,0,1,0
55406385,0,,,187,90,97,23,15,8,164,75,89,99,49,50,157,73,84,155,73,82,65,26,39,38,15,23,9,1,8,1,0,1,1,0,1,50,50,7,9,15,3,5,4,7,43,20,23,7,40,0,5,4
55406386,0,,,124,65,59,8,3,5,116,62,54,58,37,21,113,60,53,113,60,53,58,25,33,27,9,18,12,2,10,1,0,1,0,0,0,39,39,5,11,10,4,6,1,2,34,18,16,2,35,0,5,2
55406387,2,55406377,,2,0,2,*,*,*,*,*,*,*,*,*,*,*,*,*,*,*,*,*,*,*,*,*,*,*,*,*,*,*,*,*,*,1,1,*,*,*,*,*,*,*,*,*,*,*,*,*,*,*
55406388,2,55406377,,5,2,3,*,*,*,*,*,*,*,*,*,*,*,*,*,*,*,*,*,*,*,*,*,*,*,*,*,*,*,*,*,*,2,2,*,*,*,*,*,*,*,*,*,*,*,*,*,*,*
55406389,0,,,75,39,36,9,7,2,66,32,34,41,21,20,64,31,33,63,31,32,25,11,14,16,6,10,4,0,4,0,0,0,0,0,0,21,21,2,7,3,3,3,0,3,18,9,9,3,19,0,2,2
55406390,0,,,99,52,47,14,8,6,85,44,41,60,35,25,84,44,40,80,43,37,25,9,16,12,3,9,5,0,5,0,0,0,0,0,0,26,26,1,4,8,7,3,0,3,25,14,11,3,16,0,0,2
55406391,0,,,84,44,40,12,5,7,72,39,33,47,26,21,69,37,32,69,37,32,25,13,12,8,3,5,4,2,2,1,1,0,11,11,0,33,33,17,4,3,2,3,2,2,16,7,9,4,17,12,5,3
55406392,2,55406382,,1,0,1,*,*,*,*,*,*,*,*,*,*,*,*,*,*,*,*,*,*,*,*,*,*,*,*,*,*,*,*,*,*,1,1,*,*,*,*,*,*,*,*,*,*,*,*,*,*,*
55406393,2,55406382,,9,5,4,*,*,*,*,*,*,*,*,*,*,*,*,*,*,*,*,*,*,*,*,*,*,*,*,*,*,*,*,*,*,3,3,*,*,*,*,*,*,*,*,*,*,*,*,*,*,*
55406394,0,,,29,13,16,4,3,1,25,10,15,13,5,8,24,10,14,24,10,14,12,5,7,7,3,4,3,1,2,0,0,0,0,0,0,7,7,0,1,2,1,1,2,0,7,2,5,0,6,0,0,1
55406395,0,,,228,117,111,25,14,11,203,103,100,130,72,58,195,100,95,190,97,93,73,31,42,35,13,22,8,3,5,0,0,0,0,0,0,58,58,3,17,8,10,5,7,8,55,24,31,6,49,1,2,3
55406396,0,,,117,60,57,9,4,5,106,55,51,69,37,32,102,52,50,99,51,48,37,18,19,17,8,9,7,3,4,0,0,0,0,0,0,31,31,4,5,4,9,3,3,3,25,12,13,2,22,0,1,2
55406397,0,,,22,10,12,4,1,3,18,9,9,8,4,4,18,9,9,18,9,9,10,5,5,7,3,4,1,1,0,0,0,0,0,0,0,10,10,3,3,3,1,0,0,0,7,6,1,2,7,0,3,3
55406399,0,,,16,9,7,0,0,0,16,9,7,10,6,4,16,9,7,16,9,7,6,3,3,4,1,3,2,0,2,0,0,0,0,0,0,6,6,3,1,0,1,0,0,1,3,2,1,0,4,0,1,0
55406400,1,,55406401,30,16,14,2,0,2,34,19,15,21,13,8,32,17,15,32,17,15,13,6,7,5,0,5,2,0,2,0,0,0,0,0,0,10,10,2,4,2,2,1,0,1,10,6,4,0,11,0,2,2
55406401,2,55406400,,6,3,3,*,*,*,*,*,*,*,*,*,*,*,*,*,*,*,*,*,*,*,*,*,*,*,*,*,*,*,*,*,*,2,2,*,*,*,*,*,*,*,*,*,*,*,*,*,*,*
55406402,0,,,23,11,12,1,1,0,22,10,12,13,6,7,22,10,12,22,10,12,9,4,5,6,3,3,0,0,0,0,0,0,0,0,0,8,8,2,2,1,2,0,1,0,6,5,1,1,6,0,1,2
55406403,0,,,76,36,40,5,1,4,71,35,36,34,17,17,66,33,33,66,33,33,37,18,19,20,10,10,7,3,4,1,1,0,0,0,0,27,27,5,7,10,2,1,0,2,22,13,9,0,23,0,4,5
55406404,0,,,51,24,27,5,3,2,46,21,25,21,11,10,45,21,24,45,21,24,25,10,15,12,4,8,6,1,5,2,1,1,1,0,1,15,15,0,5,7,0,1,0,2,15,9,6,2,12,0,0,3
55406405,0,,,72,34,38,12,7,5,60,27,33,39,20,19,60,27,33,58,27,31,21,7,14,14,4,10,4,1,3,0,0,0,0,0,0,19,19,2,5,3,3,1,3,2,17,8,9,2,15,0,2,1
55406406,0,,,88,43,45,10,5,5,78,38,40,48,24,24,75,36,39,75,36,39,30,14,16,15,6,9,5,1,4,0,0,0,0,0,0,29,29,3,10,6,4,5,1,0,26,16,10,4,22,0,3,4
55406407,0,,,30,14,16,2,1,1,28,13,15,17,10,7,28,13,15,28,13,15,11,3,8,7,0,7,2,0,2,0,0,0,0,0,0,11,11,1,5,4,0,0,0,1,10,7,3,0,9,0,1,0
55406408,1,,55406418,13,6,7,1,0,1,17,7,10,9,5,4,17,7,10,17,7,10,8,2,6,3,0,3,1,0,1,1,0,1,0,0,0,7,7,4,3,0,2,0,0,0,5,3,2,1,7,0,3,0
55406409,0,,,49,19,30,2,0,2,47,19,28,23,9,14,45,19,26,43,19,24,24,10,14,15,5,10,1,0,1,0,0,0,0,0,0,16,16,3,3,6,1,1,1,1,13,7,6,0,16,0,3,3
55406410,2,55406420,,6,5,1,*,*,*,*,*,*,*,*,*,*,*,*,*,*,*,*,*,*,*,*,*,*,*,*,*,*,*,*,*,*,3,3,*,*,*,*,*,*,*,*,*,*,*,*,*,*,*
55406411,2,55406421,,15,8,7,*,*,*,*,*,*,*,*,*,*,*,*,*,*,*,*,*,*,*,*,*,*,*,*,*,*,*,*,*,*,3,3,*,*,*,*,*,*,*,*,*,*,*,*,*,*,*
55406412,0,,,63,36,27,4,2,2,59,34,25,31,19,12,54,32,22,53,31,22,28,15,13,15,7,8,3,1,2,0,0,0,0,0,0,20,20,3,4,7,2,2,1,1,17,12,5,0,17,0,3,2
55406413,0,,,84,44,40,4,2,2,80,42,38,45,25,20,78,40,38,76,40,36,35,17,18,15,7,8,8,3,5,1,0,1,0,0,0,26,26,3,8,7,2,3,1,2,23,11,12,0,21,0,2,5
55406414,0,,,94,50,44,4,2,2,90,48,42,51,30,21,88,47,41,87,47,40,39,18,21,18,6,12,9,4,5,0,0,0,0,0,0,31,31,5,9,8,2,5,0,2,26,15,11,2,25,0,4,5
55406415,0,,,110,58,52,26,18,8,84,40,44,66,31,35,82,39,43,78,38,40,18,9,9,5,3,2,0,0,0,0,0,0,0,0,0,38,38,8,9,8,7,4,2,0,30,26,4,6,13,1,5,1
55406416,0,,,39,22,17,9,5,4,30,17,13,17,9,8,29,16,13,29,16,13,13,8,5,6,4,2,4,2,2,0,0,0,2,1,1,13,13,3,3,3,2,0,1,1,10,7,3,2,8,0,2,2
55406417,0,,,76,41,35,8,4,4,68,37,31,42,23,19,66,35,31,64,33,31,26,14,12,16,8,8,4,2,2,1,1,0,3,3,0,25,25,9,3,3,4,3,1,2,16,3,13,0,16,3,2,1
55406418,2,55406408,,5,1,4,*,*,*,*,*,*,*,*,*,*,*,*,*,*,*,*,*,*,*,*,*,*,*,*,*,*,*,*,*,*,2,2,*,*,*,*,*,*,*,*,*,*,*,*,*,*,*
55406419,0,,,25,12,13,0,0,0,25,12,13,8,5,3,24,12,12,24,12,12,17,7,10,8,3,5,1,0,1,0,0,0,0,0,0,12,12,3,7,1,0,1,0,0,9,8,1,0,11,0,2,4
55406420,1,,55406410;55406430,18,11,7,0,0,0,31,19,12,19,13,6,31,19,12,31,19,12,12,6,6,8,4,4,2,1,1,0,0,0,0,0,0,4,4,1,2,2,2,0,2,0,8,4,4,0,8,0,0,0
55406421,1,,55406411,55,29,26,5,1,4,65,36,29,40,25,15,62,35,27,61,34,27,25,11,14,16,6,10,5,1,4,1,0,1,0,0,0,20,20,5,9,2,1,3,0,3,18,7,11,1,17,0,2,3
55406422,0,,,45,23,22,3,1,2,42,22,20,22,10,12,39,21,18,39,21,18,20,12,8,10,5,5,4,2,2,0,0,0,0,0,0,14,14,0,6,4,1,1,2,0,14,7,7,1,12,0,0,2
55406423,0,,,30,16,14,0,0,0,30,16,14,18,10,8,30,16,14,30,16,14,12,6,6,9,3,6,4,1,3,0,0,0,0,0,0,13,13,4,4,3,1,1,0,0,9,6,3,0,10,0,3,1
55406424,0,,,112,58,54,6,3,3,106,55,51,69,38,31,103,54,49,99,52,47,37,17,20,15,6,9,7,1,6,0,0,0,0,0,0,39,39,9,7,12,4,6,0,1,30,19,11,1,24,0,5,5
55406425,0,,,290,141,149,32,16,16,258,125,133,168,85,83,249,119,130,246,118,128,90,40,50,37,17,20,16,8,8,2,2,0,0,0,0,103,103,28,23,24,11,10,2,5,74,46,28,7,62,1,15,5
55406426,0,,,120,60,60,10,4,6,110,56,54,60,34,26,107,54,53,105,54,51,50,22,28,31,13,18,12,5,7,0,0,0,0,0,0,39,39,6,15,5,4,5,2,2,33,21,12,3,31,0,2,8
55406427,0,,,40,20,20,2,1,1,38,19,19,23,13,10,38,19,19,38,19,19,15,6,9,12,5,7,1,0,1,0,0,0,2,0,2,13,13,2,4,2,3,0,2,0,11,7,4,1,9,0,2,2
55406428,0,,,17,9,8,1,1,0,16,8,8,9,5,4,16,8,8,15,7,8,7,3,4,5,3,2,1,1,0,0,0,0,0,0,0,5,5,1,1,1,1,0,0,1,4,2,2,0,4,0,1,0
55406429,0,,,111,53,58,10,6,4,101,47,54,52,24,28,98,45,53,97,45,52,49,23,26,29,9,20,17,7,10,0,0,0,0,0,0,38,38,6,16,7,3,2,1,3,32,17,15,2,33,0,6,8
55406430,2,55406420,,7,3,4,*,*,*,*,*,*,*,*,*,*,*,*,*,*,*,*,*,*,*,*,*,*,*,*,*,*,*,*,*,*,2,2,*,*,*,*,*,*,*,*,*,*,*,*,*,*,*
55406431,0,,,30,13,17,0,0,0,30,13,17,15,8,7,30,13,17,30,13,17,15,5,10,8,1,7,2,0,2,0,0,0,0,0,0,12,12,1,4,7,0,0,0,0,11,5,6,0,10,0,0,3
55406432,0,,,34,19,15,1,1,0,33,18,15,21,11,10,32,18,14,32,18,14,12,7,5,5,2,3,2,1,1,0,0,0,0,0,0,11,11,2,3,2,2,0,2,0,9,6,3,1,8,0,2,1
55406433,0,,,45,24,21,2,1,1,43,23,20,25,15,10,42,22,20,41,22,19,18,8,10,6,1,5,3,1,2,0,0,0,0,0,0,19,19,4,9,2,3,1,0,0,15,11,4,0,13,0,3,3
55406434,0,,,59,32,27,7,4,3,52,28,24,26,15,11,52,28,24,52,28,24,26,13,13,14,6,8,3,1,2,0,0,0,0,0,0,19,19,5,5,4,1,2,1,1,14,8,6,1,17,0,4,4
55406435,0,,,80,39,41,6,5,1,74,34,40,44,23,21,72,34,38,70,34,36,30,11,19,16,5,11,6,1,5,0,0,0,0,0,0,24,24,3,5,9,2,0,3,2,21,12,9,1,18,0,3,2
55406436,1,,55406437,33,18,15,4,0,4,35,20,15,21,14,7,35,20,15,33,18,15,14,6,8,10,4,6,3,1,2,1,1,0,2,1,1,12,12,4,4,3,3,0,1,0,11,6,5,1,9,0,2,0
55406437,2,55406436,,6,2,4,*,*,*,*,*,*,*,*,*,*,*,*,*,*,*,*,*,*,*,*,*,*,*,*,*,*,*,*,*,*,3,3,*,*,*,*,*,*,*,*,*,*,*,*,*,*,*
55406438,2,55406448,,11,6,5,*,*,*,*,*,*,*,*,*,*,*,*,*,*,*,*,*,*,*,*,*,*,*,*,*,*,*,*,*,*,3,3,*,*,*,*,*,*,*,*,*,*,*,*,*,*,*
55406439,0,,,34,18,16,0,0,0,34,18,16,21,12,9,32,17,15,32,17,15,13,6,7,7,3,4,2,1,1,0,0,0,0,0,0,11,11,2,2,2,3,2,0,0,9,6,3,0,9,0,2,0
55406440,0,,,15,7,8,1,0,1,14,7,7,7,4,3,13,6,7,12,6,6,7,3,4,3,1,2,0,0,0,0,0,0,0,0,0,5,5,0,3,1,0,0,1,0,5,3,2,0,4,0,0,1
55406441,1,,55406451,29,15,14,6,3,3,30,15,15,23,12,11,29,15,14,28,14,14,7,3,4,3,1,2,1,0,1,1,0,1,0,0,0,11,11,4,2,2,0,3,0,1,8,4,4,1,4,0,0,0
55406442,0,,,57,32,25,3,2,1,54,30,24,41,24,17,51,29,22,47,25,22,13,6,7,5,1,4,3,0,3,1,0,1,0,0,0,13,13,2,1,2,1,0,6,1,11,2,9,0,9,0,1,1
55406443,1,,55406453,101,54,47,10,5,5,136,91,45,89,66,23,134,90,44,132,89,43,47,25,22,18,9,9,9,4,5,0,0,0,40,40,0,34,34,49,7,10,2,5,1,2,27,15,12,2,31,39,7,3
55406444,0,,,52,23,29,5,3,2,47,20,27,33,14,19,46,19,27,45,18,27,14,6,8,6,2,4,2,1,1,0,0,0,6,0,6,20,20,7,3,5,2,2,1,0,13,8,5,1,11,2,1,1
55406445,0,,,14,6,8,0,0,0,14,6,8,9,5,4,14,6,8,14,6,8,5,1,4,2,0,2,1,0,1,0,0,0,2,0,2,8,8,4,2,2,0,0,0,0,4,4,0,0,5,0,2,0
55406446,0,,,49,25,24,3,2,1,46,23,23,28,15,13,45,23,22,43,21,22,18,8,10,6,2,4,1,0,1,1,0,1,0,0,0,14,14,1,5,3,2,1,1,1,13,8,5,1,11,0,1,3
55406447,0,,,48,29,19,3,2,1,45,27,18,22,15,7,44,27,17,44,27,17,23,12,11,12,5,7,5,3,2,1,1,0,0,0,0,16,16,1,8,4,1,0,1,1,15,11,4,1,14,0,0,3
55406448,1,,55406438,21,15,6,2,2,0,30,19,11,15,11,4,30,19,11,30,19,11,15,8,7,4,2,2,2,1,1,1,1,0,0,0,0,8,8,1,5,3,1,0,0,1,10,7,3,1,10,0,1,3
55406449,0,,,17,8,9,1,0,1,16,8,8,10,5,5,16,8,8,15,7,8,6,3,3,2,1,1,1,0,1,0,0,0,0,0,0,4,4,0,1,1,0,0,2,0,4,2,2,1,3,0,0,0
55406450,0,,,11,7,4,0,0,0,11,7,4,6,5,1,11,7,4,11,7,4,5,2,3,3,1,2,1,1,0,0,0,0,0,0,0,4,4,1,1,1,0,1,0,0,3,2,1,0,3,0,0,0
55406451,2,55406441,,7,3,4,*,*,*,*,*,*,*,*,*,*,*,*,*,*,*,*,*,*,*,*,*,*,*,*,*,*,*,*,*,*,1,1,*,*,*,*,*,*,*,*,*,*,*,*,*,*,*
55406452,0,,,64,31,33,8,3,5,56,28,28,36,16,20,55,28,27,55,28,27,20,12,8,10,4,6,6,3,3,0,0,0,3,3,0,24,24,8,6,3,3,3,0,1,16,10,6,2,15,3,5,2
55406453,2,55406443,,45,42,3,*,*,*,*,*,*,*,*,*,*,*,*,*,*,*,*,*,*,*,*,*,*,*,*,*,*,*,*,*,*,42,42,*,*,*,*,*,*,*,*,*,*,*,*,*,*,*
55406454,0,,,62,29,33,5,3,2,57,26,31,38,19,19,57,26,31,57,26,31,19,7,12,10,1,9,3,0,3,1,0,1,0,0,0,17,17,0,4,7,1,2,2,1,17,7,10,0,13,0,0,0
55406455,0,,,147,73,74,27,14,13,120,59,61,83,44,39,116,57,59,114,56,58,37,15,22,18,3,15,7,1,6,0,0,0,0,0,0,43,43,6,13,8,5,4,1,6,35,21,14,4,25,0,4,4
55406456,0,,,74,40,34,12,7,5,62,33,29,38,21,17,61,33,28,60,32,28,24,12,12,9,4,5,4,1,3,1,0,1,0,0,0,20,20,4,4,2,3,1,3,3,15,6,9,2,16,0,2,1
55406457,0,,,34,16,18,4,1,3,30,15,15,19,10,9,29,14,15,28,14,14,11,5,6,1,0,1,1,0,1,0,0,0,0,0,0,10,10,0,4,2,2,0,2,0,10,6,4,0,7,0,0,2
55406458,2,55406459,,12,5,7,*,*,*,*,*,*,*,*,*,*,*,*,*,*,*,*,*,*,*,*,*,*,*,*,*,*,*,*,*,*,3,3,*,*,*,*,*,*,*,*,*,*,*,*,*,*,*
55406459,1,,55406458,43,18,25,9,4,5,46,19,27,27,11,16,45,19,26,45,19,26,19,8,11,7,2,5,2,0,2,0,0,0,1,0,1,16,16,4,7,3,2,0,2,1,15,12,3,2,13,0,2,3
55406460,0,,,13,5,8,0,0,0,13,5,8,4,1,3,13,5,8,13,5,8,9,4,5,4,1,3,2,0,2,2,0,2,0,0,0,4,4,1,0,1,1,1,0,0,3,0,3,0,4,0,1,0
55406461,0,,,28,14,14,4,2,2,24,12,12,14,8,6,24,12,12,24,12,12,10,4,6,4,1,3,2,1,1,0,0,0,0,0,0,10,10,2,2,3,2,1,0,0,8,5,3,0,7,0,1,1
55406462,0,,,38,20,18,4,2,2,34,18,16,18,11,7,32,17,15,32,17,15,16,7,9,3,0,3,2,0,2,0,0,0,4,3,1,14,14,4,3,4,1,1,0,1,10,5,5,1,7,3,0,2
55406463,0,,,106,57,49,9,5,4,97,52,45,67,37,30,93,50,43,92,49,43,30,15,15,14,6,8,7,2,5,0,0,0,0,0,0,32,32,5,9,5,4,5,2,2,27,11,16,2,22,0,2,2
55406464,0,,,45,24,21,6,5,1,39,19,20,27,13,14,37,17,20,37,17,20,12,6,6,6,1,5,3,1,2,0,0,0,0,0,0,12,12,1,4,3,1,0,1,2,11,5,6,2,9,0,1,2
55406465,0,,,236,90,146,34,12,22,202,78,124,108,51,57,194,74,120,191,73,118,94,27,67,60,10,50,45,6,39,9,0,9,0,0,0,65,64,17,16,8,12,5,3,3,47,32,15,7,34,0,8,5
55406466,0,,,84,39,45,14,6,8,70,33,37,50,24,26,63,28,35,62,28,34,20,9,11,4,2,2,1,0,1,0,0,0,21,7,14,28,28,5,8,6,5,2,1,1,23,17,6,4,10,0,1,4
55406467,0,,,65,38,27,6,1,5,59,37,22,42,29,13,57,35,22,56,35,21,17,8,9,6,2,4,3,2,1,0,0,0,0,0,0,25,25,6,8,7,2,1,0,1,18,15,3,0,12,0,1,2
55406468,0,,,46,24,22,6,4,2,40,20,20,25,14,11,39,20,19,39,20,19,15,6,9,9,2,7,3,1,2,0,0,0,0,0,0,14,14,2,4,2,1,4,1,0,12,7,5,1,11,0,2,1
55406469,0,,,29,17,12,4,3,1,25,14,11,18,11,7,25,14,11,24,13,11,7,3,4,7,3,4,2,2,0,0,0,0,0,0,0,7,7,0,2,1,1,1,1,1,7,4,3,2,4,0,0,1
55406470,0,,,21,13,8,0,0,0,21,13,8,13,7,6,21,13,8,19,12,7,8,6,2,2,2,0,1,1,0,0,0,0,1,0,1,8,8,2,2,2,1,1,0,0,6,5,1,0,7,0,1,1
55406471,0,,,36,17,19,2,0,2,34,17,17,20,12,8,34,17,17,34,17,17,14,5,9,10,3,7,3,0,3,0,0,0,0,0,0,13,13,1,6,4,1,0,0,1,12,7,5,1,11,0,1,2
55406473,0,,,40,18,22,6,3,3,34,15,19,21,9,12,34,15,19,32,15,17,13,6,7,9,4,5,3,2,1,0,0,0,0,0,0,10,10,0,1,4,1,2,2,0,10,5,5,1,7,0,0,0
55406474,0,,,93,44,49,13,6,7,80,38,42,51,25,26,77,38,39,77,38,39,29,13,16,11,2,9,2,0,2,0,0,0,0,0,0,29,29,4,6,10,5,0,1,3,25,16,9,0,22,0,3,1
55406475,0,,,88,39,49,17,9,8,71,30,41,61,27,34,70,30,40,70,30,40,10,3,7,3,0,3,1,0,1,0,0,0,6,0,6,38,38,17,7,5,5,3,0,1,21,17,4,7,8,1,3,2
55406476,0,,,76,39,37,7,2,5,69,37,32,44,27,17,68,36,32,66,35,31,25,10,15,15,5,10,3,0,3,0,0,0,1,0,1,25,25,1,12,4,4,1,3,0,24,15,9,2,17,0,0,3
55406477,0,,,19,9,10,1,0,1,18,9,9,13,6,7,18,9,9,18,9,9,5,3,2,3,1,2,1,0,1,0,0,0,0,0,0,6,6,1,2,1,1,0,0,1,5,3,2,1,5,0,1,0
55406478,0,,,77,41,36,5,2,3,72,39,33,44,26,18,72,39,33,71,38,33,28,13,15,16,6,10,10,3,7,0,0,0,0,0,0,25,25,5,5,6,4,2,3,0,20,11,9,2,20,0,5,1
55406479,0,,,69,38,31,7,4,3,62,34,28,34,20,14,61,34,27,61,34,27,28,14,14,14,7,7,8,2,6,1,0,1,0,0,0,19,19,4,3,3,3,1,3,2,15,4,11,2,15,0,1,2
55406480,1,,55406491,12,8,4,0,0,0,18,11,7,10,7,3,17,10,7,17,10,7,8,4,4,3,1,2,0,0,0,0,0,0,0,0,0,6,6,4,5,0,1,0,0,0,6,5,1,0,6,0,1,2
55406482,0,,,11,5,6,0,0,0,11,5,6,6,3,3,11,5,6,10,5,5,5,2,3,1,0,1,1,0,1,0,0,0,0,0,0,4,4,0,2,1,1,0,0,0,4,3,1,0,3,0,0,1
55406483,0,,,54,29,25,3,2,1,51,27,24,30,19,11,51,27,24,51,27,24,21,8,13,16,6,10,5,2,3,1,0,1,0,0,0,19,19,4,5,5,3,1,0,1,15,9,6,1,16,0,3,2
55406484,0,,,122,59,63,14,6,8,108,53,55,74,39,35,107,52,55,104,52,52,34,14,20,11,5,6,1,0,1,0,0,0,0,0,0,38,38,6,9,7,7,6,2,1,32,23,9,1,27,0,6,4
55406485,0,,,640,304,336,75,39,36,565,265,300,381,188,193,545,253,292,533,249,284,184,77,107,70,20,50,19,2,17,0,0,0,12,7,5,247,247,71,66,51,33,12,8,6,175,124,51,19,131,4,36,17
55406486,0,,,34,20,14,3,2,1,31,18,13,17,11,6,30,17,13,29,17,12,14,7,7,8,4,4,0,0,0,0,0,0,0,0,0,14,14,4,6,1,1,1,1,0,10,8,2,0,11,0,2,3
55406487,0,,,40,18,22,0,0,0,40,18,22,27,10,17,39,18,21,37,17,20,13,8,5,4,2,2,0,0,0,0,0,0,1,0,1,13,13,0,5,5,1,1,1,0,13,6,7,0,10,0,0,2
55406488,2,55406489,,9,6,3,*,*,*,*,*,*,*,*,*,*,*,*,*,*,*,*,*,*,*,*,*,*,*,*,*,*,*,*,*,*,2,2,*,*,*,*,*,*,*,*,*,*,*,*,*,*,*
55406489,1,,55406488,26,12,14,4,3,1,31,15,16,19,11,8,31,15,16,31,15,16,12,4,8,8,4,4,3,2,1,0,0,0,0,0,0,9,9,2,2,4,0,1,2,0,9,4,5,1,9,0,1,1
55406491,2,55406480,,6,3,3,*,*,*,*,*,*,*,*,*,*,*,*,*,*,*,*,*,*,*,*,*,*,*,*,*,*,*,*,*,*,4,4,*,*,*,*,*,*,*,*,*,*,*,*,*,*,*
55406492,0,,,83,43,40,13,5,8,70,38,32,49,27,22,68,38,30,68,38,30,21,11,10,13,5,8,3,1,2,0,0,0,0,0,0,24,24,2,6,7,3,3,1,2,22,12,10,2,14,0,0,2
55406493,0,,,41,21,20,7,3,4,34,18,16,18,10,8,33,18,15,33,18,15,16,8,8,8,3,5,3,2,1,0,0,0,0,0,0,14,14,5,2,2,2,2,0,1,9,4,5,2,8,1,1,0
55406494,0,,,84,44,40,8,5,3,76,39,37,52,27,25,74,37,37,74,37,37,24,12,12,13,5,8,6,3,3,1,1,0,0,0,0,34,34,10,8,8,6,2,0,0,24,21,3,4,14,2,3,0
55406495,0,,,408,156,252,27,17,10,378,136,242,141,65,76,375,134,241,370,131,239,237,71,166,190,50,140,143,34,109,20,4,16,8,0,8,100,98,37,26,16,10,3,4,2,61,44,17,3,43,10,6,11
55406496,0,,,37,21,16,2,2,0,35,19,16,19,12,7,33,18,15,33,18,15,16,7,9,7,3,4,3,2,1,0,0,0,0,0,0,12,12,0,8,2,0,1,0,1,12,8,4,0,11,0,0,3
55406497,0,,,34,16,18,0,0,0,34,16,18,22,10,12,33,16,17,33,16,17,12,6,6,7,3,4,3,2,1,0,0,0,0,0,0,11,11,1,2,4,3,1,0,0,9,5,4,0,8,0,1,1
55406498,0,,,24,12,12,0,0,0,24,12,12,10,6,4,23,11,12,23,11,12,14,6,8,11,5,6,0,0,0,0,0,0,0,0,0,12,12,4,6,1,0,1,0,0,8,6,2,0,9,0,3,4
55406499,0,,,10,5,5,0,0,0,10,5,5,4,2,2,10,5,5,10,5,5,6,3,3,1,0,1,0,0,0,0,0,0,0,0,0,5,5,1,3,1,0,0,0,0,4,3,1,0,4,0,1,2
55406500,2,55406510,,4,1,3,*,*,*,*,*,*,*,*,*,*,*,*,*,*,*,*,*,*,*,*,*,*,*,*,*,*,*,*,*,*,2,2,*,*,*,*,*,*,*,*,*,*,*,*,*,*,*
55406501,2,55406510,,3,2,1,*,*,*,*,*,*,*,*,*,*,*,*,*,*,*,*,*,*,*,*,*,*,*,*,*,*,*,*,*,*,2,2,*,*,*,*,*,*,*,*,*,*,*,*,*,*,*
55406502,2,55406510,,3,1,2,*,*,*,*,*,*,*,*,*,*,*,*,*,*,*,*,*,*,*,*,*,*,*,*,*,*,*,*,*,*,1,1,*,*,*,*,*,*,*,*,*,*,*,*,*,*,*
55406505,2,55406517,,7,3,4,*,*,*,*,*,*,*,*,*,*,*,*,*,*,*,*,*,*,*,*,*,*,*,*,*,*,*,*,*,*,3,3,*,*,*,*,*,*,*,*,*,*,*,*,*,*,*
55406508,2,55406517,,3,2,1,*,*,*,*,*,*,*,*,*,*,*,*,*,*,*,*,*,*,*,*,*,*,*,*,*,*,*,*,*,*,1,1,*,*,*,*,*,*,*,*,*,*,*,*,*,*,*
55406510,1,,55406500;55406501;55406502,17,9,8,1,0,1,26,13,13,11,6,5,26,13,13,25,13,12,15,7,8,8,3,5,5,2,3,0,0,0,0,0,0,6,6,3,2,4,2,0,0,0,8,5,3,0,10,0,3,1
55406511,1,,55406512,23,9,14,5,1,4,20,9,11,11,5,6,20,9,11,20,9,11,9,4,5,7,3,4,4,1,3,1,1,0,0,0,0,6,6,0,3,1,2,0,0,1,7,4,3,1,6,0,0,2
55406512,2,55406511,,2,1,1,*,*,*,*,*,*,*,*,*,*,*,*,*,*,*,*,*,*,*,*,*,*,*,*,*,*,*,*,*,*,1,1,*,*,*,*,*,*,*,*,*,*,*,*,*,*,*
55406515,2,55406517,,4,1,3,*,*,*,*,*,*,*,*,*,*,*,*,*,*,*,*,*,*,*,*,*,*,*,*,*,*,*,*,*,*,2,2,*,*,*,*,*,*,*,*,*,*,*,*,*,*,*
55406516,2,55406517,,3,2,1,*,*,*,*,*,*,*,*,*,*,*,*,*,*,*,*,*,*,*,*,*,*,*,*,*,*,*,*,*,*,1,1,*,*,*,*,*,*,*,*,*,*,*,*,*,*,*
55406517,1,,55406505;55406508;55406515;55406516,28,17,11,0,0,0,45,25,20,13,9,4,45,25,20,45,25,20,32,16,16,17,7,10,11,4,7,0,0,0,0,0,0,12,12,5,4,8,2,0,0,0,14,11,3,0,19,0,5,4
55406520,2,55406530,,13,3,10,*,*,*,*,*,*,*,*,*,*,*,*,*,*,*,*,*,*,*,*,*,*,*,*,*,*,*,*,*,*,5,5,*,*,*,*,*,*,*,*,*,*,*,*,*,*,*
55406521,0,,,44,22,22,3,3,0,41,19,22,19,10,9,40,19,21,40,19,21,22,9,13,11,4,7,3,0,3,0,0,0,0,0,0,14,14,3,4,2,2,0,2,1,11,4,7,0,13,0,2,2
55406527,0,,,28,14,14,5,3,2,23,11,12,7,3,4,23,11,12,23,11,12,16,8,8,8,4,4,4,1,3,0,0,0,0,0,0,10,10,3,4,1,0,0,0,2,7,4,3,1,10,0,3,3
55406528,1,,55406538,17,7,10,3,0,3,16,8,8,9,4,5,15,8,7,13,7,6,7,4,3,3,2,1,0,0,0,0,0,0,0,0,0,4,4,0,3,0,0,0,1,1,5,3,2,1,4,0,0,3
55406530,1,,55406520,76,40,36,4,2,2,85,41,44,42,23,19,84,40,44,84,40,44,43,18,25,18,6,12,6,2,4,0,0,0,0,0,0,30,30,8,13,7,1,6,0,0,26,17,9,1,29,0,7,4
55406531,0,,,40,20,20,4,2,2,36,18,18,21,13,8,34,17,17,34,17,17,15,5,10,7,2,5,3,1,2,0,0,0,0,0,0,13,13,1,5,3,2,0,2,0,12,7,5,0,10,0,0,3
55406533,2,55406542,,7,5,2,*,*,*,*,*,*,*,*,*,*,*,*,*,*,*,*,*,*,*,*,*,*,*,*,*,*,*,*,*,*,2,2,*,*,*,*,*,*,*,*,*,*,*,*,*,*,*
55406534,2,55406552,,2,1,1,*,*,*,*,*,*,*,*,*,*,*,*,*,*,*,*,*,*,*,*,*,*,*,*,*,*,*,*,*,*,1,1,*,*,*,*,*,*,*,*,*,*,*,*,*,*,*
55406535,2,55406544,,8,4,4,*,*,*,*,*,*,*,*,*,*,*,*,*,*,*,*,*,*,*,*,*,*,*,*,*,*,*,*,*,*,3,3,*,*,*,*,*,*,*,*,*,*,*,*,*,*,*
55406537,1,,55406547,69,37,32,13,7,6,63,34,29,36,23,13,60,32,28,60,32,28,27,11,16,15,6,9,9,3,6,0,0,0,0,0,0,19,19,3,5,4,4,4,1,1,19,11,8,3,16,0,2,2
55406538,2,55406528,,2,1,1,*,*,*,*,*,*,*,*,*,*,*,*,*,*,*,*,*,*,*,*,*,*,*,*,*,*,*,*,*,*,1,1,*,*,*,*,*,*,*,*,*,*,*,*,*,*,*
55406540,0,,,36,19,17,3,1,2,33,18,15,18,11,7,33,18,15,32,18,14,15,7,8,9,3,6,4,2,2,0,0,0,2,2,0,13,13,2,3,4,4,0,0,0,11,7,4,0,8,0,0,3
55406541,0,,,38,19,19,6,3,3,32,16,16,16,11,5,31,15,16,31,15,16,16,5,11,8,2,6,3,1,2,0,0,0,0,0,0,11,11,1,4,2,0,1,3,0,10,5,5,0,11,0,1,2
55406542,1,,55406533,34,15,19,1,1,0,40,19,21,26,13,13,37,18,19,36,17,19,14,6,8,10,3,7,5,1,4,0,0,0,0,0,0,13,13,5,4,2,0,2,2,0,10,6,4,1,11,0,3,1
55406543,0,,,36,18,18,0,0,0,36,18,18,21,12,9,36,18,18,35,17,18,15,6,9,7,1,6,3,0,3,0,0,0,0,0,0,11,11,1,3,2,3,1,1,0,10,5,5,0,10,0,1,1
55406544,1,,55406535,30,18,12,2,1,1,36,21,15,20,13,7,35,21,14,34,20,14,16,8,8,7,3,4,2,0,2,1,0,1,0,0,0,13,13,8,1,3,2,1,1,0,8,3,5,0,11,0,4,1
55406547,2,55406537,,7,4,3,*,*,*,*,*,*,*,*,*,*,*,*,*,*,*,*,*,*,*,*,*,*,*,*,*,*,*,*,*,*,3,3,*,*,*,*,*,*,*,*,*,*,*,*,*,*,*
55406549,0,,,34,17,17,0,0,0,34,17,17,9,7,2,34,17,17,34,17,17,25,10,15,12,4,8,2,1,1,0,0,0,0,0,0,19,19,10,4,4,1,0,0,0,9,8,1,0,18,0,10,4
55406550,0,,,15,8,7,2,1,1,13,7,6,7,4,3,13,7,6,13,7,6,6,3,3,5,2,3,1,1,0,0,0,0,1,1,0,8,8,3,4,0,1,0,0,0,5,5,0,0,4,0,0,2
55406551,0,,,27,14,13,2,2,0,25,12,13,12,7,5,24,11,13,24,11,13,13,5,8,10,3,7,4,1,3,2,0,2,0,0,0,7,7,0,1,1,3,2,0,0,7,3,4,0,6,0,0,0
55406552,1,,55406534,27,12,15,0,0,0,29,13,16,10,3,7,29,13,16,29,13,16,19,10,9,8,3,5,3,1,2,0,0,0,0,0,0,12,12,4,5,2,1,1,0,0,8,6,2,0,12,0,4,4
55406553,0,,,13,7,6,0,0,0,13,7,6,5,3,2,13,7,6,13,7,6,8,4,4,6,3,3,3,2,1,1,1,0,0,0,0,6,6,1,3,2,0,0,0,0,5,3,2,0,6,0,1,2
55406554,0,,,16,9,7,1,0,1,15,9,6,9,7,2,14,8,6,14,8,6,6,2,4,4,1,3,0,0,0,0,0,0,0,0,0,6,6,2,1,1,1,1,0,0,4,2,2,0,5,0,1,0
55406555,0,,,10,6,4,0,0,0,10,6,4,3,2,1,10,6,4,10,6,4,7,4,3,5,2,3,1,0,1,0,0,0,0,0,0,5,5,1,3,1,0,0,0,0,4,3,1,0,4,0,1,2
55406558,0,,,42,21,21,0,0,0,42,21,21,19,12,7,42,21,21,42,21,21,23,9,14,16,4,12,8,2,6,0,0,0,0,0,0,20,20,7,6,5,2,0,0,0,13,11,2,0,16,0,5,4
55406559,0,,,23,9,14,1,1,0,22,8,14,12,4,8,22,8,14,22,8,14,10,4,6,6,1,5,2,0,2,0,0,0,0,0,0,9,9,1,6,0,0,2,0,0,8,6,2,0,8,0,1,3
55406560,0,,,68,41,27,3,2,1,65,39,26,38,25,13,62,38,24,61,37,24,27,14,13,13,5,8,5,2,3,1,0,1,0,0,0,27,27,9,6,6,4,1,0,1,18,13,5,1,19,1,3,2
55406561,2,55406570,,6,4,2,*,*,*,*,*,*,*,*,*,*,*,*,*,*,*,*,*,*,*,*,*,*,*,*,*,*,*,*,*,*,1,1,*,*,*,*,*,*,*,*,*,*,*,*,*,*,*
55406562,1,,55406571;55406572,19,9,10,0,0,0,25,12,13,9,7,2,25,12,13,25,12,13,16,5,11,10,2,8,3,0,3,0,0,0,0,0,0,8,8,0,9,1,1,0,0,0,11,8,3,0,11,0,0,3
55406563,2,55406564,,7,3,4,*,*,*,*,*,*,*,*,*,*,*,*,*,*,*,*,*,*,*,*,*,*,*,*,*,*,*,*,*,*,2,2,*,*,*,*,*,*,*,*,*,*,*,*,*,*,*
55406564,1,,55406563,8,2,6,1,0,1,14,5,9,5,1,4,13,5,8,13,5,8,9,4,5,5,2,3,2,1,1,0,0,0,0,0,0,3,3,0,2,2,0,1,0,0,5,3,2,1,5,0,0,1
55406565,0,,,16,8,8,0,0,0,16,8,8,5,3,2,16,8,8,16,8,8,11,5,6,5,3,2,2,1,1,0,0,0,0,0,0,5,5,1,1,1,1,0,1,0,4,1,3,0,5,0,1,1
55406566,2,55406576,,2,1,1,*,*,*,*,*,*,*,*,*,*,*,*,*,*,*,*,*,*,*,*,*,*,*,*,*,*,*,*,*,*,1,1,*,*,*,*,*,*,*,*,*,*,*,*,*,*,*
55406567,2,55406576,,8,6,2,*,*,*,*,*,*,*,*,*,*,*,*,*,*,*,*,*,*,*,*,*,*,*,*,*,*,*,*,*,*,3,3,*,*,*,*,*,*,*,*,*,*,*,*,*,*,*
55406570,1,,55406561,33,15,18,3,2,1,36,17,19,16,7,9,34,16,18,34,16,18,20,10,10,8,4,4,2,0,2,0,0,0,0,0,0,14,14,3,7,2,0,2,1,0,12,9,3,1,11,0,1,6
55406571,2,55406562,,4,2,2,*,*,*,*,*,*,*,*,*,*,*,*,*,*,*,*,*,*,*,*,*,*,*,*,*,*,*,*,*,*,2,2,*,*,*,*,*,*,*,*,*,*,*,*,*,*,*
55406572,2,55406562,,2,1,1,*,*,*,*,*,*,*,*,*,*,*,*,*,*,*,*,*,*,*,*,*,*,*,*,*,*,*,*,*,*,1,1,*,*,*,*,*,*,*,*,*,*,*,*,*,*,*
55406576,1,,55406566;55406567;55406587,20,11,9,0,0,0,35,20,15,17,10,7,35,20,15,35,20,15,18,10,8,13,7,6,2,2,0,0,0,0,0,0,0,6,6,0,5,4,2,1,0,0,12,9,3,0,11,0,0,3
55406578,2,55406597,,4,2,2,*,*,*,*,*,*,*,*,*,*,*,*,*,*,*,*,*,*,*,*,*,*,*,*,*,*,*,*,*,*,1,1,*,*,*,*,*,*,*,*,*,*,*,*,*,*,*
55406580,0,,,65,36,29,5,3,2,60,33,27,38,21,17,58,32,26,56,32,24,22,12,10,12,6,6,3,1,2,1,1,0,0,0,0,19,19,4,4,3,3,1,2,2,15,4,11,2,14,0,3,1
55406581,0,,,14,7,7,0,0,0,14,7,7,8,4,4,13,7,6,13,7,6,6,3,3,4,2,2,0,0,0,0,0,0,0,0,0,6,6,1,2,3,0,0,0,0,5,4,1,0,4,0,1,1
55406582,0,,,21,9,12,0,0,0,21,9,12,7,3,4,21,9,12,21,9,12,14,6,8,5,1,4,5,1,4,0,0,0,0,0,0,10,10,3,4,2,1,0,0,0,7,5,2,0,9,0,2,4
55406583,2,55406592,,15,6,9,*,*,*,*,*,*,*,*,*,*,*,*,*,*,*,*,*,*,*,*,*,*,*,*,*,*,*,*,*,*,2,2,*,*,*,*,*,*,*,*,*,*,*,*,*,*,*
55406584,2,55406585,,3,2,1,*,*,*,*,*,*,*,*,*,*,*,*,*,*,*,*,*,*,*,*,*,*,*,*,*,*,*,*,*,*,3,3,*,*,*,*,*,*,*,*,*,*,*,*,*,*,*
55406585,1,,55406584,26,11,15,0,0,0,29,13,16,15,8,7,27,11,16,27,11,16,14,5,9,7,2,5,3,0,3,0,0,0,0,0,0,11,11,8,3,1,0,0,2,0,6,4,2,0,10,0,4,3
55406586,0,,,13,4,9,0,0,0,13,4,9,5,2,3,13,4,9,13,4,9,8,2,6,4,0,4,2,0,2,1,0,1,0,0,0,7,7,2,4,1,0,0,0,0,5,4,1,0,5,0,1,1
55406587,2,55406576,,5,2,3,*,*,*,*,*,*,*,*,*,*,*,*,*,*,*,*,*,*,*,*,*,*,*,*,*,*,*,*,*,*,2,2,*,*,*,*,*,*,*,*,*,*,*,*,*,*,*
55406588,0,,,18,10,8,0,0,0,18,10,8,6,4,2,18,10,8,18,10,8,12,6,6,7,4,3,2,1,1,0,0,0,0,0,0,8,8,2,2,4,0,0,0,0,6,3,3,0,7,0,1,1
55406590,0,,,29,16,13,4,2,2,25,14,11,13,7,6,22,12,10,22,12,10,12,7,5,5,2,3,0,0,0,0,0,0,0,0,0,10,10,1,5,1,1,1,1,0,9,6,3,0,9,0,1,3
55406591,0,,,21,11,10,0,0,0,21,11,10,6,3,3,21,11,10,21,11,10,15,8,7,7,3,4,0,0,0,0,0,0,0,0,0,9,9,2,3,3,1,0,0,0,7,6,1,0,9,0,2,2
55406592,1,,55406583,31,17,14,5,2,3,41,21,20,23,11,12,41,21,20,41,21,20,18,10,8,12,6,6,4,2,2,0,0,0,0,0,0,13,13,4,4,2,2,1,1,1,11,7,4,2,12,0,3,3
55406593,0,,,106,58,48,12,9,3,94,49,45,55,33,22,93,48,45,91,46,45,39,16,23,24,10,14,8,2,6,1,0,1,1,0,1,32,32,8,4,3,11,2,1,3,24,12,12,2,29,0,7,1
55406594,0,,,25,13,12,4,2,2,21,11,10,13,7,6,21,11,10,20,10,10,8,4,4,3,1,2,1,0,1,0,0,0,0,0,0,8,8,1,1,3,2,1,0,0,7,5,2,2,5,0,0,0
55406595,0,,,16,9,7,2,1,1,14,8,6,11,7,4,14,8,6,14,8,6,3,1,2,2,0,2,1,0,1,0,0,0,0,0,0,6,6,2,2,1,0,0,0,1,4,3,1,1,3,0,0,1
55406597,1,,55406578,39,19,20,0,0,0,43,21,22,18,9,9,43,21,22,43,21,22,25,12,13,15,7,8,4,1,3,0,0,0,0,0,0,23,23,9,12,2,1,0,0,0,15,13,2,0,19,0,4,3
55406598,1,,55406599,50,22,28,1,1,0,52,23,29,27,10,17,49,22,27,48,22,26,25,13,12,14,7,7,8,4,4,0,0,0,0,0,0,15,15,1,5,4,4,0,1,1,15,10,5,0,13,0,1,3
55406599,2,55406598,,3,2,1,*,*,*,*,*,*,*,*,*,*,*,*,*,*,*,*,*,*,*,*,*,*,*,*,*,*,*,*,*,*,1,1,*,*,*,*,*,*,*,*,*,*,*,*,*,*,*
55406601,2,55406624,,1,1,0,*,*,*,*,*,*,*,*,*,*,*,*,*,*,*,*,*,*,*,*,*,*,*,*,*,*,*,*,*,*,1,1,*,*,*,*,*,*,*,*,*,*,*,*,*,*,*
55406602,2,55406624,,2,1,1,*,*,*,*,*,*,*,*,*,*,*,*,*,*,*,*,*,*,*,*,*,*,*,*,*,*,*,*,*,*,1,1,*,*,*,*,*,*,*,*,*,*,*,*,*,*,*
55406606,2,55406616,,5,3,2,*,*,*,*,*,*,*,*,*,*,*,*,*,*,*,*,*,*,*,*,*,*,*,*,*,*,*,*,*,*,3,3,*,*,*,*,*,*,*,*,*,*,*,*,*,*,*
55406607,0,,,11,5,6,0,0,0,11,5,6,7,4,3,11,5,6,11,5,6,4,1,3,3,0,3,2,0,2,0,0,0,0,0,0,5,5,1,2,2,0,0,0,0,4,3,1,0,3,0,1,0
55406608,0,,,29,13,16,0,0,0,29,13,16,12,5,7,28,13,15,28,13,15,17,8,9,8,2,6,7,2,5,0,0,0,0,0,0,11,11,1,3,6,1,0,0,0,10,8,2,0,10,0,1,2
55406615,2,55406625,,7,3,4,*,*,*,*,*,*,*,*,*,*,*,*,*,*,*,*,*,*,*,*,*,*,*,*,*,*,*,*,*,*,3,3,*,*,*,*,*,*,*,*,*,*,*,*,*,*,*
55406616,1,,55406606,41,19,22,0,0,0,46,22,24,22,11,11,45,21,24,44,21,23,24,11,13,11,3,8,9,3,6,0,0,0,1,0,1,20,20,8,8,6,1,0,0,0,15,9,6,0,18,0,7,3
55406623,2,55406624,,8,5,3,*,*,*,*,*,*,*,*,*,*,*,*,*,*,*,*,*,*,*,*,*,*,*,*,*,*,*,*,*,*,5,5,*,*,*,*,*,*,*,*,*,*,*,*,*,*,*
55406624,1,,55406601;55406602;55406623,19,12,7,1,1,0,29,18,11,16,11,5,28,17,11,28,17,11,13,7,6,5,3,2,1,0,1,0,0,0,0,0,0,5,5,4,5,0,1,1,0,1,8,5,3,0,9,0,2,3
55406625,1,,55406615,6,2,4,2,1,1,11,4,7,8,3,5,11,4,7,11,4,7,3,1,2,1,0,1,1,0,1,0,0,0,0,0,0,2,2,3,0,0,0,2,0,0,2,1,1,1,3,0,1,0
55406627,0,,,19,9,10,1,0,1,18,9,9,12,7,5,18,9,9,18,9,9,6,2,4,2,1,1,0,0,0,0,0,0,0,0,0,7,7,2,0,3,2,0,0,0,4,4,0,1,5,0,2,0
55406640,1,,55406641;55406660;55406662,95,42,53,2,2,0,99,42,57,53,25,28,97,42,55,95,41,54,46,17,29,31,9,22,16,4,12,0,0,0,4,0,4,46,46,23,12,12,2,2,0,0,28,25,3,0,34,0,13,6
55406641,2,55406640,,3,0,3,*,*,*,*,*,*,*,*,*,*,*,*,*,*,*,*,*,*,*,*,*,*,*,*,*,*,*,*,*,*,3,3,*,*,*,*,*,*,*,*,*,*,*,*,*,*,*
55406660,2,55406640,,2,1,1,*,*,*,*,*,*,*,*,*,*,*,*,*,*,*,*,*,*,*,*,*,*,*,*,*,*,*,*,*,*,1,1,*,*,*,*,*,*,*,*,*,*,*,*,*,*,*
55406662,2,55406640,,1,1,0,*,*,*,*,*,*,*,*,*,*,*,*,*,*,*,*,*,*,*,*,*,*,*,*,*,*,*,*,*,*,1,1,*,*,*,*,*,*,*,*,*,*,*,*,*,*,*
55406663,1,,55406687;55406697;55406698,18,9,9,2,1,1,27,15,12,12,6,6,27,15,12,27,15,12,15,9,6,6,3,3,3,1,2,0,0,0,0,0,0,7,7,4,1,5,2,0,0,0,8,5,3,0,11,0,4,0
55406670,2,55406671,,7,5,2,*,*,*,*,*,*,*,*,*,*,*,*,*,*,*,*,*,*,*,*,*,*,*,*,*,*,*,*,*,*,4,4,*,*,*,*,*,*,*,*,*,*,*,*,*,*,*
55406671,1,,55406670;55406681;55406690;55406691,9,5,4,0,0,0,25,17,8,9,7,2,25,17,8,25,17,8,16,10,6,7,4,3,2,2,0,0,0,0,0,0,0,5,5,8,4,3,0,0,0,0,7,6,1,0,12,0,6,2
55406681,2,55406671,,4,3,1,*,*,*,*,*,*,*,*,*,*,*,*,*,*,*,*,*,*,*,*,*,*,*,*,*,*,*,*,*,*,3,3,*,*,*,*,*,*,*,*,*,*,*,*,*,*,*
55406687,2,55406663,,2,1,1,*,*,*,*,*,*,*,*,*,*,*,*,*,*,*,*,*,*,*,*,*,*,*,*,*,*,*,*,*,*,1,1,*,*,*,*,*,*,*,*,*,*,*,*,*,*,*
55406690,2,55406671,,2,2,0,*,*,*,*,*,*,*,*,*,*,*,*,*,*,*,*,*,*,*,*,*,*,*,*,*,*,*,*,*,*,2,2,*,*,*,*,*,*,*,*,*,*,*,*,*,*,*
55406691,2,55406671,,3,2,1,*,*,*,*,*,*,*,*,*,*,*,*,*,*,*,*,*,*,*,*,*,*,*,*,*,*,*,*,*,*,1,1,*,*,*,*,*,*,*,*,*,*,*,*,*,*,*
55406697,2,55406663,,6,4,2,*,*,*,*,*,*,*,*,*,*,*,*,*,*,*,*,*,*,*,*,*,*,*,*,*,*,*,*,*,*,3,3,*,*,*,*,*,*,*,*,*,*,*,*,*,*,*
55406698,2,55406663,,3,2,1,*,*,*,*,*,*,*,*,*,*,*,*,*,*,*,*,*,*,*,*,*,*,*,*,*,*,*,*,*,*,1,1,*,*,*,*,*,*,*,*,*,*,*,*,*,*,*
55406705,0,,,63,28,35,4,2,2,59,26,33,34,14,20,58,25,33,57,24,33,25,12,13,10,5,5,3,1,2,0,0,0,0,0,0,26,26,9,8,3,3,2,0,1,17,12,5,1,17,0,6,6
55406706,0,,,93,53,40,8,6,2,85,47,38,53,31,22,84,46,38,83,46,37,32,16,16,18,7,11,7,2,5,0,0,0,0,0,0,32,32,4,11,6,8,1,2,0,28,20,8,0,20,0,3,7
55406707,1,,55406717,142,78,64,20,11,9,134,76,58,90,56,34,133,75,58,131,75,56,44,20,24,20,9,11,4,2,2,0,0,0,3,3,0,59,59,21,22,12,7,5,0,0,45,41,4,5,31,2,7,5
55406709,0,,,227,89,138,16,8,8,209,80,129,58,30,28,205,78,127,204,78,126,151,50,101,112,31,81,68,10,58,17,0,17,1,0,1,62,57,17,18,10,8,4,0,0,40,36,4,4,39,1,10,14
55406715,0,,,77,36,41,4,1,3,73,35,38,41,19,22,71,35,36,71,35,36,32,16,16,13,5,8,3,1,2,0,0,0,0,0,0,29,29,5,11,7,2,3,1,0,23,17,6,1,19,0,1,6
55406716,0,,,72,39,33,3,0,3,68,38,30,40,25,15,67,38,29,67,38,29,28,13,15,11,3,8,5,1,4,0,0,0,0,0,0,31,31,9,10,8,2,1,1,0,22,19,3,1,21,0,6,4
55406717,2,55406707,,12,9,3,*,*,*,*,*,*,*,*,*,*,*,*,*,*,*,*,*,*,*,*,*,*,*,*,*,*,*,*,*,*,8,8,*,*,*,*,*,*,*,*,*,*,*,*,*,*,*
55406718,0,,,46,26,20,4,2,2,42,24,18,19,12,7,42,24,18,42,24,18,23,12,11,12,6,6,5,4,1,0,0,0,1,0,1,19,19,3,8,5,3,0,0,0,16,15,1,0,16,0,3,3
55406719,0,,,149,118,31,1,1,0,102,71,31,61,48,13,102,71,31,102,71,31,41,23,18,17,7,10,4,1,3,0,0,0,0,0,0,113,113,94,10,3,4,2,0,0,19,13,6,0,29,0,13,7
55406725,0,,,27,18,9,1,0,1,26,18,8,16,14,2,26,18,8,25,17,8,10,4,6,4,2,2,0,0,0,0,0,0,0,0,0,16,16,11,2,2,0,0,1,0,5,4,1,0,6,0,2,2
55406726,0,,,31,20,11,1,1,0,28,17,11,15,10,5,27,17,10,27,17,10,13,7,6,6,4,2,2,2,0,0,0,0,0,0,0,17,17,8,5,3,1,0,0,0,9,7,2,1,9,0,3,2
55406729,0,,,159,152,7,0,0,0,48,41,7,38,36,2,48,41,7,48,41,7,10,5,5,5,2,3,1,0,1,0,0,0,0,0,0,153,153,148,4,1,0,0,0,0,5,5,0,0,7,2,4,2
55406736,0,,,91,43,48,5,2,3,86,41,45,50,26,24,84,39,45,83,39,44,36,15,21,21,6,15,9,2,7,0,0,0,0,0,0,30,30,5,8,10,1,1,4,1,25,11,14,0,25,0,4,3
55406737,0,,,110,63,47,7,4,3,103,59,44,63,40,23,102,58,44,102,58,44,40,19,21,13,3,10,7,2,5,0,0,0,0,0,0,45,45,17,9,8,5,5,1,0,26,16,10,3,26,1,4,7
55406738,2,55406748,,9,7,2,*,*,*,*,*,*,*,*,*,*,*,*,*,*,*,*,*,*,*,*,*,*,*,*,*,*,*,*,*,*,6,6,*,*,*,*,*,*,*,*,*,*,*,*,*,*,*
55406739,0,,,199,105,94,17,11,6,181,93,88,114,57,57,178,90,88,173,88,85,67,36,31,34,18,16,6,3,3,1,1,0,1,0,1,72,72,10,26,19,10,4,2,1,62,48,14,9,42,0,7,14
55406745,2,55406746,,4,2,2,*,*,*,*,*,*,*,*,*,*,*,*,*,*,*,*,*,*,*,*,*,*,*,*,*,*,*,*,*,*,3,3,*,*,*,*,*,*,*,*,*,*,*,*,*,*,*
55406746,1,,55406745,43,24,19,4,2,2,43,24,19,25,15,10,41,23,18,41,23,18,18,9,9,9,5,4,3,2,1,0,0,0,0,0,0,15,15,5,4,4,3,2,0,0,13,10,3,0,10,0,1,2
55406747,1,,55406757,53,26,27,6,3,3,50,25,25,25,10,15,49,25,24,48,25,23,25,15,10,7,4,3,2,0,2,0,0,0,0,0,0,17,17,2,6,4,2,2,2,0,16,13,3,0,16,0,2,4
55406748,1,,55406738,79,42,37,9,5,4,78,43,35,51,28,23,77,43,34,74,42,32,27,15,12,12,5,7,4,2,2,0,0,0,0,0,0,28,28,11,6,8,5,3,1,0,22,16,6,3,18,0,4,3
55406749,0,,,374,185,189,24,9,15,331,158,173,181,94,87,328,156,172,323,155,168,150,64,86,73,33,40,25,8,17,1,0,1,1,0,1,182,180,79,55,21,17,6,1,1,100,78,22,7,98,4,30,24
55406755,2,55406766,,3,2,1,*,*,*,*,*,*,*,*,*,*,*,*,*,*,*,*,*,*,*,*,*,*,*,*,*,*,*,*,*,*,2,2,*,*,*,*,*,*,*,*,*,*,*,*,*,*,*
55406757,2,55406747,,3,2,1,*,*,*,*,*,*,*,*,*,*,*,*,*,*,*,*,*,*,*,*,*,*,*,*,*,*,*,*,*,*,1,1,*,*,*,*,*,*,*,*,*,*,*,*,*,*,*
55406758,0,,,151,69,82,17,7,10,134,62,72,74,36,38,133,61,72,131,61,70,60,26,34,19,6,13,9,2,7,1,0,1,1,0,1,62,62,16,20,15,8,2,0,1,46,41,5,5,41,0,14,11
55406759,0,,,922,472,450,126,68,58,795,403,392,518,279,239,735,370,365,712,362,350,277,124,153,126,50,76,35,13,22,1,0,1,24,14,10,378,376,144,104,68,36,13,8,3,231,195,36,23,186,19,56,52
55406766,1,,55406755,20,12,8,0,0,0,22,13,9,18,12,6,22,13,9,22,13,9,4,1,3,3,0,3,2,0,2,0,0,0,0,0,0,14,14,12,3,0,0,1,0,0,4,3,1,0,4,1,2,0
55406767,0,,,336,235,101,11,6,5,311,215,96,226,171,55,308,213,95,307,212,95,85,44,41,25,7,18,10,2,8,0,0,0,5,5,0,215,215,154,28,13,14,5,1,0,61,47,14,3,60,2,23,13
55406768,0,,,130,82,48,4,1,3,123,78,45,82,58,24,120,76,44,117,75,42,41,20,21,18,8,10,5,1,4,1,0,1,1,1,0,83,83,60,12,4,3,3,0,1,23,19,4,1,29,3,15,8
55406769,0,,,18,12,6,2,2,0,15,9,6,10,7,3,14,9,5,14,9,5,5,2,3,2,1,1,0,0,0,0,0,0,0,0,0,8,8,4,0,3,0,1,0,0,4,3,1,0,3,0,0,0
55406776,0,,,11,7,4,0,0,0,11,7,4,5,4,1,11,7,4,11,7,4,6,3,3,4,2,2,1,1,0,0,0,0,0,0,0,5,5,2,2,0,0,1,0,0,3,2,1,0,4,0,1,1
55406777,0,,,65,39,26,13,9,4,48,26,22,36,20,16,46,25,21,45,25,20,12,6,6,4,2,2,1,0,1,0,0,0,0,0,0,26,26,9,9,1,4,1,1,1,17,16,1,2,8,1,1,2
55406778,0,,,97,46,51,9,5,4,88,41,47,48,23,25,85,40,45,83,39,44,40,18,22,11,4,7,5,1,4,0,0,0,1,0,1,40,40,11,14,7,4,3,1,0,29,24,5,2,27,0,8,6
55406779,0,,,437,283,154,32,15,17,375,239,136,259,181,78,372,238,134,368,234,134,116,58,58,45,23,22,9,5,4,0,0,0,15,15,0,255,255,154,53,25,16,4,3,0,101,86,15,7,77,13,20,29
55406782,0,,,10,6,4,0,0,0,10,6,4,3,1,2,10,6,4,10,6,4,7,5,2,2,1,1,2,1,1,0,0,0,0,0,0,6,6,3,2,1,0,0,0,0,3,3,0,0,6,0,3,0
55406787,0,,,17,12,5,0,0,0,17,12,5,11,8,3,17,12,5,17,12,5,6,4,2,3,2,1,1,0,1,0,0,0,0,0,0,12,12,8,3,1,0,0,0,0,4,3,1,0,5,1,2,2
55406788,0,,,29,29,0,0,0,0,29,29,0,29,29,0,29,29,0,29,29,0,0,0,0,0,0,0,0,0,0,0,0,0,0,0,0,29,29,29,0,0,0,0,0,0,0,0,0,0,0,3,0,0
55406789,1,,55406799,151,143,8,0,0,0,86,77,9,71,64,7,86,77,9,86,77,9,15,13,2,1,0,1,1,0,1,0,0,0,10,10,0,148,148,146,1,2,0,0,0,0,3,2,1,0,15,8,12,0
55406797,0,,,14,7,7,0,0,0,14,7,7,2,1,1,14,7,7,14,7,7,12,6,6,1,1,0,0,0,0,0,0,0,0,0,0,7,7,0,7,0,0,0,0,0,6,6,0,0,6,0,0,5
55406799,2,55406789,,3,1,2,*,*,*,*,*,*,*,*,*,*,*,*,*,*,*,*,*,*,*,*,*,*,*,*,*,*,*,*,*,*,1,1,*,*,*,*,*,*,*,*,*,*,*,*,*,*,*
55407001,2,55407003,,2,1,1,*,*,*,*,*,*,*,*,*,*,*,*,*,*,*,*,*,*,*,*,*,*,*,*,*,*,*,*,*,*,2,2,*,*,*,*,*,*,*,*,*,*,*,*,*,*,*
55407002,2,55407003,,9,3,6,*,*,*,*,*,*,*,*,*,*,*,*,*,*,*,*,*,*,*,*,*,*,*,*,*,*,*,*,*,*,8,8,*,*,*,*,*,*,*,*,*,*,*,*,*,*,*
55407003,1,,55407001;55407002;55407014,18,7,11,0,0,0,36,13,23,32,11,21,36,13,23,36,13,23,4,2,2,3,1,2,1,1,0,0,0,0,17,7,10,18,18,34,1,0,0,0,0,0,1,1,0,0,3,10,2,1
55407014,2,55407003,,7,2,5,*,*,*,*,*,*,*,*,*,*,*,*,*,*,*,*,*,*,*,*,*,*,*,*,*,*,*,*,*,*,7,7,*,*,*,*,*,*,*,*,*,*,*,*,*,*,*
55407020,2,55407030,,10,6,4,*,*,*,*,*,*,*,*,*,*,*,*,*,*,*,*,*,*,*,*,*,*,*,*,*,*,*,*,*,*,3,3,*,*,*,*,*,*,*,*,*,*,*,*,*,*,*
55407021,2,55407022,,2,1,1,*,*,*,*,*,*,*,*,*,*,*,*,*,*,*,*,*,*,*,*,*,*,*,*,*,*,*,*,*,*,2,2,*,*,*,*,*,*,*,*,*,*,*,*,*,*,*
55407022,1,,55407021;55407023,41,22,19,0,0,0,45,24,21,15,9,6,45,24,21,45,24,21,30,15,15,17,7,10,10,4,6,1,1,0,0,0,0,18,18,6,8,5,2,0,0,0,15,9,6,0,19,0,4,5
55407023,2,55407022,,2,1,1,*,*,*,*,*,*,*,*,*,*,*,*,*,*,*,*,*,*,*,*,*,*,*,*,*,*,*,*,*,*,1,1,*,*,*,*,*,*,*,*,*,*,*,*,*,*,*
55407030,1,,55407020,49,22,27,4,4,0,55,24,31,22,12,10,55,24,31,54,24,30,33,12,21,12,4,8,9,3,6,0,0,0,0,0,0,21,21,9,6,4,2,1,1,1,15,5,10,0,19,1,5,3
55407031,0,,,25,11,14,0,0,0,25,11,14,4,3,1,25,11,14,25,11,14,21,8,13,14,6,8,5,1,4,1,0,1,0,0,0,14,14,8,2,3,1,0,0,0,6,4,2,0,13,0,7,2
55407034,1,,55407035;55407044;55407054,68,29,39,5,2,3,72,32,40,27,12,15,71,32,39,71,32,39,45,20,25,21,8,13,9,2,7,1,0,1,1,0,1,22,22,5,8,7,5,3,0,0,22,14,8,1,26,0,4,6
55407035,2,55407034,,5,2,3,*,*,*,*,*,*,*,*,*,*,*,*,*,*,*,*,*,*,*,*,*,*,*,*,*,*,*,*,*,*,4,4,*,*,*,*,*,*,*,*,*,*,*,*,*,*,*
55407044,2,55407034,,3,2,1,*,*,*,*,*,*,*,*,*,*,*,*,*,*,*,*,*,*,*,*,*,*,*,*,*,*,*,*,*,*,1,1,*,*,*,*,*,*,*,*,*,*,*,*,*,*,*
55407054,2,55407034,,1,1,0,*,*,*,*,*,*,*,*,*,*,*,*,*,*,*,*,*,*,*,*,*,*,*,*,*,*,*,*,*,*,1,1,*,*,*,*,*,*,*,*,*,*,*,*,*,*,*
55407055,1,,55407064;55407073,17,8,9,0,0,0,20,8,12,3,2,1,20,8,12,20,8,12,17,6,11,13,5,8,6,1,5,0,0,0,0,0,0,11,11,10,2,2,0,0,0,0,4,3,1,0,14,0,10,2
55407064,2,55407055,,2,0,2,*,*,*,*,*,*,*,*,*,*,*,*,*,*,*,*,*,*,*,*,*,*,*,*,*,*,*,*,*,*,2,2,*,*,*,*,*,*,*,*,*,*,*,*,*,*,*
55407073,2,55407055,,1,0,1,*,*,*,*,*,*,*,*,*,*,*,*,*,*,*,*,*,*,*,*,*,*,*,*,*,*,*,*,*,*,1,1,*,*,*,*,*,*,*,*,*,*,*,*,*,*,*
55407103,0,,,28,11,17,0,0,0,28,11,17,14,5,9,27,11,16,27,11,16,14,6,8,9,3,6,3,0,3,0,0,0,0,0,0,8,8,0,3,1,2,1,1,0,8,3,5,0,7,0,0,2
55407104,2,55407115,,2,1,1,*,*,*,*,*,*,*,*,*,*,*,*,*,*,*,*,*,*,*,*,*,*,*,*,*,*,*,*,*,*,1,1,*,*,*,*,*,*,*,*,*,*,*,*,*,*,*
55407105,2,55407115,,15,8,7,*,*,*,*,*,*,*,*,*,*,*,*,*,*,*,*,*,*,*,*,*,*,*,*,*,*,*,*,*,*,3,3,*,*,*,*,*,*,*,*,*,*,*,*,*,*,*
55407106,2,55407116,,5,2,3,*,*,*,*,*,*,*,*,*,*,*,*,*,*,*,*,*,*,*,*,*,*,*,*,*,*,*,*,*,*,3,3,*,*,*,*,*,*,*,*,*,*,*,*,*,*,*
55407107,0,,,33,17,16,4,3,1,29,14,15,17,7,10,29,14,15,29,14,15,12,7,5,6,3,3,1,0,1,0,0,0,0,0,0,8,8,0,0,6,0,0,0,2,8,5,3,0,7,0,0,0
55407108,0,,,152,80,72,24,15,9,128,65,63,80,42,38,124,63,61,121,61,60,48,23,25,20,6,14,7,1,6,1,0,1,0,0,0,38,38,2,8,9,2,10,4,3,36,14,22,4,29,0,1,3
55407109,1,,55407119,237,118,119,22,13,9,226,109,117,114,56,58,220,104,116,219,103,116,112,53,59,48,18,30,19,6,13,3,0,3,3,0,3,73,73,13,18,16,10,7,5,6,62,30,32,4,65,0,9,11
55407114,0,,,50,27,23,8,7,1,42,20,22,26,12,14,39,19,20,39,19,20,16,8,8,9,3,6,1,0,1,0,0,0,0,0,0,11,11,0,2,2,3,0,0,4,11,2,9,2,9,0,0,0
55407115,1,,55407104;55407105,229,121,108,23,11,12,223,119,104,130,72,58,214,111,103,208,109,99,93,47,46,40,16,24,15,7,8,2,0,2,0,0,0,74,74,13,27,9,13,4,7,5,65,34,31,3,57,0,10,10
55407116,1,,55407106,138,61,77,7,4,3,136,59,77,81,34,47,132,58,74,126,56,70,55,25,30,15,6,9,4,0,4,0,0,0,0,0,0,40,40,3,16,11,3,2,4,4,40,24,16,3,34,0,1,7
55407117,0,,,118,56,62,12,6,6,106,50,56,56,27,29,104,49,55,102,48,54,50,23,27,22,9,13,8,1,7,2,0,2,0,0,0,30,30,0,7,8,6,3,3,3,30,14,16,4,28,0,0,5
55407119,2,55407109,,11,4,7,*,*,*,*,*,*,*,*,*,*,*,*,*,*,*,*,*,*,*,*,*,*,*,*,*,*,*,*,*,*,2,2,*,*,*,*,*,*,*,*,*,*,*,*,*,*,*
55407122,0,,,26,12,14,0,0,0,26,12,14,10,5,5,26,12,14,26,12,14,16,7,9,11,4,7,4,1,3,1,0,1,0,0,0,8,8,0,1,4,3,0,0,0,8,3,5,0,8,0,0,0
55407123,0,,,63,37,26,3,3,0,60,34,26,28,18,10,58,32,26,58,32,26,32,16,16,17,6,11,8,2,6,0,0,0,0,0,0,20,20,2,8,3,2,3,1,1,18,7,11,1,19,0,1,3
55407124,1,,55407125,137,64,73,22,11,11,124,56,68,71,32,39,123,56,67,120,53,67,53,24,29,21,7,14,11,4,7,0,0,0,0,0,0,36,36,3,6,10,8,3,4,4,35,11,24,6,34,0,2,4
55407125,2,55407124,,9,3,6,*,*,*,*,*,*,*,*,*,*,*,*,*,*,*,*,*,*,*,*,*,*,*,*,*,*,*,*,*,*,2,2,*,*,*,*,*,*,*,*,*,*,*,*,*,*,*
55407128,0,,,45,21,24,2,0,2,43,21,22,23,11,12,41,20,21,41,20,21,20,10,10,8,4,4,3,1,2,1,1,0,0,0,0,10,10,0,1,2,2,2,2,1,10,2,8,1,10,0,0,1
55407129,0,,,34,17,17,0,0,0,34,17,17,14,7,7,33,17,16,32,17,15,20,10,10,8,3,5,2,0,2,0,0,0,1,0,1,14,14,2,8,2,1,0,1,0,12,8,4,0,11,0,2,5
55407132,0,,,73,35,38,3,2,1,70,33,37,46,24,22,70,33,37,70,33,37,24,9,15,12,3,9,4,0,4,0,0,0,0,0,0,23,23,4,7,3,4,3,0,2,18,11,7,0,15,2,0,3
55407133,0,,,207,104,103,32,16,16,175,88,87,107,58,49,167,86,81,164,83,81,68,30,38,32,10,22,15,3,12,0,0,0,1,0,1,53,53,10,5,10,9,8,2,9,43,16,27,5,41,0,8,4
55407134,2,55407144,,13,7,6,*,*,*,*,*,*,*,*,*,*,*,*,*,*,*,*,*,*,*,*,*,*,*,*,*,*,*,*,*,*,3,3,*,*,*,*,*,*,*,*,*,*,*,*,*,*,*
55407135,0,,,14,6,8,1,0,1,13,6,7,4,1,3,13,6,7,13,6,7,9,5,4,5,2,3,2,0,2,0,0,0,0,0,0,5,5,1,1,1,2,0,0,0,4,2,2,0,5,0,1,0
55407137,0,,,15,7,8,5,3,2,10,4,6,9,4,5,9,4,5,8,4,4,1,0,1,1,0,1,1,0,1,0,0,0,0,0,0,5,5,2,1,0,0,1,1,0,3,3,0,1,1,0,1,0
55407138,0,,,50,24,26,8,4,4,42,20,22,23,11,12,42,20,22,42,20,22,19,9,10,8,3,5,1,1,0,0,0,0,0,0,0,13,13,0,2,3,5,1,2,0,13,6,7,1,11,0,0,1
55407139,0,,,117,53,64,11,5,6,106,48,58,55,23,32,100,48,52,99,48,51,51,25,26,17,6,11,9,2,7,0,0,0,0,0,0,35,35,2,13,7,5,2,5,1,33,21,12,3,27,0,1,8
55407143,0,,,62,28,34,1,0,1,61,28,33,33,16,17,59,27,32,58,27,31,28,12,16,10,3,7,6,2,4,0,0,0,0,0,0,22,22,6,3,6,4,2,1,0,16,8,8,0,19,0,5,1
55407144,1,,55407134,88,36,52,13,4,9,88,39,49,53,24,29,85,38,47,84,38,46,35,15,20,18,4,14,7,0,7,1,0,1,0,0,0,24,24,2,9,6,0,3,3,4,25,13,12,3,23,0,1,3
55407145,1,,55407155,92,49,43,8,4,4,95,50,45,52,30,22,91,47,44,90,46,44,43,20,23,21,9,12,12,5,7,2,1,1,0,0,0,27,27,3,12,2,4,4,3,2,27,13,14,1,27,0,2,4
55407146,0,,,197,105,92,19,10,9,178,95,83,96,58,38,170,89,81,164,85,79,82,37,45,41,16,25,15,3,12,3,1,2,0,0,0,58,58,7,16,7,15,6,3,4,51,29,22,2,44,0,4,9
55407147,0,,,466,230,236,38,21,17,416,203,213,226,123,103,407,198,209,405,197,208,190,80,110,95,34,61,34,11,23,1,0,1,0,0,0,172,172,34,60,36,20,14,4,4,136,95,41,13,123,2,18,25
55407148,0,,,70,38,32,6,5,1,64,33,31,43,23,20,62,33,29,61,32,29,21,10,11,16,7,9,7,5,2,0,0,0,0,0,0,17,17,4,2,1,2,1,4,3,13,3,10,2,16,0,3,0
55407149,0,,,157,86,71,23,15,8,134,71,63,85,46,39,126,66,60,121,64,57,49,25,24,27,12,15,12,7,5,0,0,0,0,0,0,35,35,2,9,6,2,4,5,7,33,17,16,6,31,0,2,2
55407153,0,,,127,68,59,10,8,2,117,60,57,57,32,25,115,58,57,112,56,56,60,28,32,30,13,17,16,5,11,1,1,0,0,0,0,39,39,4,13,8,5,4,4,1,35,15,20,2,36,0,3,7
55407155,2,55407145,,11,5,6,*,*,*,*,*,*,*,*,*,*,*,*,*,*,*,*,*,*,*,*,*,*,*,*,*,*,*,*,*,*,3,3,*,*,*,*,*,*,*,*,*,*,*,*,*,*,*
55407156,0,,,99,48,51,18,13,5,81,35,46,50,21,29,81,35,46,79,35,44,31,14,17,15,6,9,3,0,3,0,0,0,0,0,0,29,29,6,7,6,2,1,3,4,23,14,9,6,18,0,4,1
55407157,0,,,239,122,117,15,7,8,224,115,109,125,70,55,217,112,105,212,108,104,99,45,54,49,21,28,17,6,11,2,0,2,0,0,0,77,77,14,24,15,4,10,5,5,63,37,26,4,63,0,10,10
55407158,0,,,82,45,37,11,7,4,71,38,33,52,28,24,67,36,31,63,34,29,19,10,9,10,4,6,3,0,3,0,0,0,0,0,0,21,21,2,4,5,5,0,1,4,19,13,6,2,14,0,2,2
55407159,0,,,147,53,94,9,4,5,137,48,89,53,31,22,132,43,89,132,43,89,84,17,67,67,9,58,50,4,46,9,0,9,0,0,0,34,33,10,6,8,3,2,3,1,23,11,12,1,28,0,9,1
55407166,1,,55407167,107,48,59,7,2,5,104,48,56,64,34,30,102,47,55,99,45,54,40,14,26,18,4,14,8,1,7,1,0,1,0,0,0,40,40,8,16,6,7,0,3,1,33,24,9,2,27,0,3,6
55407167,2,55407166,,4,2,2,*,*,*,*,*,*,*,*,*,*,*,*,*,*,*,*,*,*,*,*,*,*,*,*,*,*,*,*,*,*,1,1,*,*,*,*,*,*,*,*,*,*,*,*,*,*,*
55407168,1,,55407169;55407179,25,14,11,2,1,1,29,15,14,15,10,5,29,15,14,29,15,14,14,5,9,6,2,4,2,1,1,0,0,0,0,0,0,6,6,2,1,2,2,0,1,1,7,1,6,0,9,0,2,0
55407169,2,55407168,,1,0,1,*,*,*,*,*,*,*,*,*,*,*,*,*,*,*,*,*,*,*,*,*,*,*,*,*,*,*,*,*,*,1,1,*,*,*,*,*,*,*,*,*,*,*,*,*,*,*
55407170,0,,,15,6,9,0,0,0,15,6,9,4,2,2,15,6,9,15,6,9,11,4,7,5,1,4,3,1,2,0,0,0,0,0,0,9,9,5,2,2,0,0,0,0,4,3,1,0,7,0,4,1
55407171,0,,,13,7,6,2,1,1,11,6,5,5,2,3,11,6,5,11,6,5,6,4,2,1,1,0,0,0,0,0,0,0,0,0,0,7,7,4,1,1,1,0,0,0,3,3,0,0,5,0,3,0
55407175,2,55407176,,3,1,2,*,*,*,*,*,*,*,*,*,*,*,*,*,*,*,*,*,*,*,*,*,*,*,*,*,*,*,*,*,*,1,1,*,*,*,*,*,*,*,*,*,*,*,*,*,*,*
55407176,1,,55407175,133,64,69,12,3,9,124,62,62,68,38,30,123,61,62,122,61,61,56,24,32,32,12,20,18,7,11,2,1,1,0,0,0,42,42,8,8,11,8,3,4,1,35,15,20,1,37,0,7,3
55407177,0,,,85,42,43,6,3,3,79,39,40,39,20,19,74,36,38,74,36,38,40,19,21,16,6,10,4,1,3,0,0,0,0,0,0,29,29,7,8,4,5,3,0,2,22,15,7,1,23,0,6,7
55407178,0,,,108,58,50,5,4,1,103,54,49,56,31,25,98,54,44,97,53,44,47,23,24,21,10,11,8,4,4,0,0,0,0,0,0,36,36,7,10,7,4,6,0,2,29,17,12,1,31,0,7,5
55407179,2,55407168,,5,2,3,*,*,*,*,*,*,*,*,*,*,*,*,*,*,*,*,*,*,*,*,*,*,*,*,*,*,*,*,*,*,2,2,*,*,*,*,*,*,*,*,*,*,*,*,*,*,*
55407186,0,,,137,71,66,18,10,8,119,61,58,64,38,26,114,58,56,112,56,56,55,23,32,22,7,15,5,0,5,2,0,2,0,0,0,38,38,4,10,9,6,2,2,5,34,20,14,2,30,0,3,5
55407187,0,,,22,14,8,1,0,1,21,14,7,10,7,3,21,14,7,21,14,7,11,7,4,2,2,0,1,1,0,0,0,0,0,0,0,9,9,3,2,2,1,1,0,0,6,4,2,1,6,0,2,2
55407188,0,,,160,75,85,5,2,3,155,73,82,91,45,46,154,73,81,152,71,81,64,28,36,41,18,23,12,4,8,1,0,1,0,0,0,58,58,15,14,15,3,8,2,1,43,22,21,1,46,0,9,8
55407189,0,,,175,77,98,4,2,2,171,75,96,95,46,49,165,72,93,161,70,91,76,29,47,40,9,31,10,1,9,1,0,1,0,0,0,61,61,9,17,21,7,5,0,2,52,28,24,0,55,0,7,8
55407198,0,,,191,97,94,8,5,3,183,92,91,109,59,50,179,89,90,178,89,89,74,33,41,38,14,24,10,3,7,2,0,2,0,0,0,60,60,8,20,5,15,7,2,3,52,27,25,3,48,0,6,8
55407199,0,,,172,81,91,23,15,8,149,66,83,82,38,44,139,61,78,135,60,75,67,28,39,32,11,21,14,4,10,0,0,0,0,0,0,44,44,5,11,4,5,9,3,7,38,17,21,2,34,0,2,6
55407200,0,,,169,89,80,19,12,7,150,77,73,92,47,45,147,77,70,145,75,70,58,30,28,24,9,15,7,2,5,0,0,0,0,0,0,50,50,9,10,8,8,11,1,3,41,19,22,4,37,0,6,5
55407201,0,,,101,50,51,7,4,3,94,46,48,63,34,29,92,46,46,90,45,45,31,12,19,21,6,15,6,0,6,0,0,0,0,0,0,29,29,7,4,0,9,4,5,0,22,5,17,2,23,0,5,0
55407202,0,,,38,18,20,5,3,2,33,15,18,23,10,13,32,15,17,30,15,15,10,5,5,4,1,3,2,1,1,0,0,0,0,0,0,7,7,0,1,0,1,2,1,2,7,1,6,1,6,0,0,0
55407203,0,,,175,97,78,29,16,13,146,81,65,84,51,33,142,77,65,140,76,64,62,30,32,23,11,12,12,5,7,2,1,1,1,0,1,46,46,6,10,6,10,5,3,6,39,22,17,7,36,0,4,4
55407204,0,,,321,170,151,32,19,13,289,151,138,173,96,77,278,145,133,275,143,132,116,55,61,50,19,31,27,8,19,0,0,0,0,0,0,100,100,20,24,18,14,12,5,7,80,44,36,9,76,0,17,12
55407205,0,,,196,93,103,19,8,11,177,85,92,104,53,51,172,81,91,170,81,89,73,32,41,35,15,20,9,2,7,2,0,2,1,0,1,60,60,8,15,12,11,9,3,2,51,29,22,4,46,0,5,7
55407206,0,,,1138,531,607,186,90,96,951,441,510,710,336,374,889,414,475,863,405,458,241,105,136,102,42,60,31,6,25,3,0,3,2,0,2,397,397,71,111,87,83,25,13,7,326,265,61,46,167,9,29,36
55407207,0,,,3075,1523,1552,410,218,192,2665,1305,1360,1821,941,880,2547,1247,1300,2486,1211,1275,844,364,480,377,140,237,102,29,73,6,1,5,15,9,6,1221,1216,368,331,219,174,75,34,15,840,685,155,116,561,47,132,145
55407208,0,,,132,67,65,8,5,3,124,62,62,84,46,38,121,60,61,119,59,60,40,16,24,21,8,13,1,0,1,0,0,0,0,0,0,46,46,13,11,8,5,4,3,2,33,19,14,1,26,2,2,4
55407209,0,,,168,58,110,6,2,4,162,56,106,54,30,24,150,46,104,145,42,103,108,26,82,93,16,77,70,11,59,18,2,16,0,0,0,18,16,2,3,1,3,3,2,2,14,4,10,2,12,0,1,1
55407210,2,55407220,,12,7,5,*,*,*,*,*,*,*,*,*,*,*,*,*,*,*,*,*,*,*,*,*,*,*,*,*,*,*,*,*,*,3,3,*,*,*,*,*,*,*,*,*,*,*,*,*,*,*
55407211,0,,,55,23,32,2,2,0,53,21,32,31,10,21,53,21,32,52,21,31,22,11,11,7,3,4,2,1,1,1,0,1,0,0,0,16,16,2,1,6,4,1,2,0,14,8,6,1,14,0,2,1
55407212,0,,,231,118,113,16,9,7,215,109,106,122,65,57,206,106,100,196,99,97,93,44,49,47,19,28,21,5,16,1,1,0,0,0,0,67,67,10,16,17,8,5,3,8,57,26,31,2,56,0,5,7
55407214,0,,,12,6,6,2,1,1,10,5,5,4,2,2,10,5,5,10,5,5,6,3,3,0,0,0,0,0,0,0,0,0,0,0,0,4,4,0,1,2,1,0,0,0,4,4,0,1,3,0,0,1
55407215,0,,,545,261,284,53,29,24,492,232,260,336,160,176,480,224,256,467,219,248,156,72,84,62,27,35,14,5,9,1,0,1,0,0,0,185,185,30,60,37,28,16,8,6,154,113,41,16,103,0,15,25
55407216,0,,,421,203,218,32,13,19,389,190,199,256,128,128,373,186,187,364,182,182,133,62,71,53,23,30,13,3,10,1,0,1,0,0,0,139,139,13,48,42,7,19,7,3,126,94,32,5,87,0,8,16
55407217,0,,,340,159,181,62,28,34,278,131,147,209,107,102,270,129,141,262,124,138,69,24,45,39,10,29,20,3,17,1,1,0,5,5,0,122,121,33,35,20,16,11,1,5,86,71,15,14,36,8,6,3
55407218,0,,,979,486,493,124,64,60,855,422,433,567,301,266,828,405,423,812,398,414,288,121,167,134,44,90,50,8,42,5,0,5,3,0,3,326,325,62,86,69,57,25,18,8,261,192,69,37,177,2,31,42
55407219,0,,,14,8,6,2,1,1,12,7,5,9,6,3,11,6,5,11,6,5,3,1,2,3,1,2,0,0,0,0,0,0,0,0,0,4,4,0,1,1,1,1,0,0,4,3,1,0,2,0,0,0
55407220,1,,55407210,219,119,100,12,7,5,219,119,100,122,76,46,212,115,97,205,111,94,97,43,54,47,17,30,20,7,13,0,0,0,0,0,0,60,60,11,8,10,12,9,11,2,52,18,34,4,57,0,10,3
55407221,0,,,349,170,179,31,13,18,318,157,161,195,102,93,308,151,157,302,149,153,123,55,68,65,29,36,17,8,9,1,1,0,0,0,0,98,98,15,20,17,15,16,8,7,82,39,43,10,77,0,7,13
55407222,0,,,181,97,84,23,14,9,158,83,75,100,56,44,156,81,75,154,81,73,58,27,31,26,11,15,8,3,5,0,0,0,0,0,0,51,51,6,14,11,5,7,1,7,45,24,21,2,36,0,3,3
55407223,0,,,228,109,119,23,7,16,205,102,103,126,68,58,201,100,101,196,98,98,79,34,45,34,9,25,15,3,12,1,0,1,1,0,1,61,61,5,18,12,7,6,4,9,56,31,25,7,49,0,1,6
55407224,0,,,117,59,58,11,6,5,106,53,53,76,40,36,103,51,52,101,49,52,30,13,17,16,8,8,7,3,4,1,0,1,0,0,0,30,30,1,8,8,2,7,1,3,29,15,14,4,17,0,1,3
55407225,0,,,423,205,218,61,23,38,361,181,180,259,132,127,352,177,175,344,171,173,102,49,53,34,16,18,8,3,5,0,0,0,0,0,0,134,134,23,33,27,23,13,10,5,110,75,35,13,73,0,15,12
55407226,0,,,292,160,132,43,27,16,249,133,116,172,96,76,243,130,113,238,128,110,77,37,40,32,13,19,20,5,15,1,1,0,1,0,1,84,84,12,15,23,13,10,4,7,69,42,27,14,50,0,10,7
55407227,2,55407228,,56,10,46,*,*,*,*,*,*,*,*,*,*,*,*,*,*,*,*,*,*,*,*,*,*,*,*,*,*,*,*,*,*,4,3,*,*,*,*,*,*,*,*,*,*,*,*,*,*,*
55407228,1,,55407227,493,226,267,50,27,23,494,209,285,272,131,141,490,206,284,480,202,278,222,78,144,138,41,97,57,9,48,6,0,6,1,0,1,194,194,48,71,36,20,14,5,3,145,110,35,11,119,7,23,35
55407229,0,,,81,43,38,6,4,2,75,39,36,50,28,22,73,39,34,72,38,34,25,11,14,13,6,7,4,1,3,0,0,0,0,0,0,28,28,5,9,7,1,3,3,0,22,14,8,2,19,0,3,3
55407230,0,,,482,243,239,40,19,21,440,222,218,282,148,134,424,216,208,409,208,201,158,74,84,81,34,47,31,7,24,3,0,3,1,1,0,150,150,33,27,27,29,18,9,7,117,62,55,11,101,0,19,10
55407231,0,,,195,94,101,17,7,10,178,87,91,94,48,46,173,85,88,173,85,88,84,39,45,42,14,28,26,8,18,0,0,0,1,0,1,54,53,8,14,11,4,7,4,5,45,22,23,4,42,1,5,8
55407232,0,,,291,143,148,37,13,24,254,130,124,189,101,88,246,125,121,239,122,117,65,29,36,28,11,17,5,1,4,1,0,1,3,3,0,90,90,16,17,20,19,8,6,4,74,45,29,9,44,0,2,9
55407233,0,,,378,189,189,46,21,25,332,168,164,220,118,102,322,162,160,314,160,154,112,50,62,46,23,23,16,6,10,0,0,0,5,0,5,137,137,24,45,35,18,7,5,3,113,94,19,10,68,1,9,20
55407234,0,,,150,76,74,20,11,9,130,65,65,89,46,43,122,60,62,121,59,62,41,19,22,16,7,9,4,2,2,0,0,0,0,0,0,46,46,6,15,8,9,1,3,4,40,26,14,5,27,0,4,6
55407235,0,,,189,101,88,17,11,6,172,90,82,113,64,49,163,84,79,161,82,79,59,26,33,29,12,17,9,3,6,1,0,1,0,0,0,65,65,8,22,18,9,5,2,1,57,39,18,5,41,0,5,8
55407236,0,,,421,181,240,33,15,18,388,166,222,173,95,78,381,163,218,378,163,215,215,71,144,141,34,107,93,15,78,20,1,19,3,0,3,99,98,12,29,18,15,12,7,5,86,45,41,7,74,0,9,10
55407237,0,,,56,29,27,9,3,6,47,26,21,31,19,12,46,25,21,46,25,21,16,7,9,9,5,4,3,2,1,0,0,0,0,0,0,16,16,2,5,2,1,2,4,0,14,6,8,4,11,0,1,2
55407238,0,,,1006,505,501,135,78,57,863,421,442,599,300,299,823,403,420,799,388,411,264,121,143,76,27,49,28,6,22,4,0,4,5,4,1,358,358,58,112,84,68,20,12,4,297,240,57,42,175,6,30,57
55407239,0,,,2739,1320,1419,366,184,182,2345,1116,1229,1574,784,790,2275,1079,1196,2229,1053,1176,771,332,439,359,130,229,136,35,101,7,0,7,33,9,24,1107,1107,303,351,227,125,67,22,12,784,656,128,115,526,30,123,136
55407240,0,,,43,24,19,6,4,2,37,20,17,20,13,7,35,19,16,34,18,16,17,7,10,6,1,5,3,0,3,0,0,0,0,0,0,13,13,5,0,2,2,2,0,2,8,3,5,0,12,0,5,0
55407241,0,,,57,29,28,2,2,0,55,27,28,29,16,13,53,25,28,53,25,28,26,11,15,17,7,10,5,1,4,1,0,1,0,0,0,16,16,0,4,5,2,4,1,0,16,5,11,1,16,0,0,3
55407242,0,,,128,62,66,16,7,9,112,55,57,74,37,37,108,53,55,107,52,55,38,18,20,16,6,10,7,2,5,0,0,0,0,0,0,33,33,3,5,7,8,4,3,3,30,13,17,3,22,0,0,1
55407243,0,,,150,70,80,17,9,8,133,61,72,81,37,44,131,61,70,128,59,69,52,24,28,27,12,15,6,4,2,0,0,0,0,0,0,38,38,7,6,6,4,6,1,8,31,9,22,3,32,0,5,5
55407244,0,,,38,21,17,5,3,2,33,18,15,23,12,11,32,17,15,31,17,14,10,6,4,7,4,3,2,1,1,0,0,0,0,0,0,11,11,0,5,2,0,2,2,0,11,5,6,1,6,0,0,1
55407245,0,,,37,18,19,5,1,4,32,17,15,19,9,10,32,17,15,32,17,15,13,8,5,4,2,2,1,0,1,0,0,0,0,0,0,14,14,5,4,2,1,0,0,2,9,5,4,2,10,0,3,3
55407246,0,,,151,79,72,16,4,12,113,64,49,79,46,33,110,63,47,107,61,46,34,18,16,14,8,6,3,2,1,0,0,0,0,0,0,76,76,41,18,6,4,2,5,0,35,30,5,4,21,5,2,9
55407247,0,,,77,39,38,10,8,2,67,31,36,45,22,23,66,30,36,66,30,36,22,9,13,10,2,8,6,1,5,0,0,0,0,0,0,23,23,3,5,4,6,3,1,1,20,13,7,1,16,0,3,2
55407248,0,,,2139,1081,1058,296,170,126,1741,855,886,1336,673,663,1679,830,849,1641,812,829,405,182,223,152,64,88,37,10,27,1,0,1,54,22,32,978,978,429,221,154,105,41,16,12,528,443,85,105,282,56,79,49
55407249,0,,,2445,1162,1283,283,130,153,2135,1017,1118,1298,646,652,2079,992,1087,2044,975,1069,837,371,466,444,181,263,167,63,104,9,5,4,52,26,26,1049,1048,373,291,179,116,58,25,6,660,529,131,85,582,42,177,123
55407250,0,,,69,35,34,6,1,5,63,34,29,39,21,18,61,33,28,60,32,28,24,13,11,13,8,5,4,3,1,0,0,0,0,0,0,18,18,3,2,4,2,1,5,1,15,5,10,0,14,0,2,2
55407251,0,,,487,244,243,64,35,29,423,209,214,313,159,154,411,203,208,395,193,202,110,50,60,45,18,27,10,3,7,1,0,1,2,0,2,171,171,27,57,40,25,15,2,5,142,119,23,22,73,1,16,18
55407252,0,,,319,165,154,28,12,16,287,149,138,187,95,92,280,145,135,276,143,133,100,54,46,42,19,23,15,8,7,1,0,1,0,0,0,114,114,15,49,25,13,0,6,6,99,75,24,9,66,0,7,19
55407253,0,,,117,59,58,21,13,8,96,46,50,64,33,31,91,44,47,90,44,46,32,13,19,9,4,5,4,0,4,1,0,1,0,0,0,32,32,3,7,9,5,2,2,4,29,19,10,4,20,0,1,4
55407254,0,,,33,17,16,5,3,2,28,14,14,18,10,8,27,13,14,25,12,13,10,4,6,4,1,3,1,0,1,0,0,0,0,0,0,7,7,1,0,1,2,0,2,1,6,1,5,1,6,0,1,0
55407255,0,,,308,159,149,32,15,17,276,144,132,195,106,89,266,142,124,261,140,121,81,38,43,26,10,16,9,1,8,0,0,0,2,1,1,104,104,16,33,23,16,8,4,4,87,62,25,11,51,1,4,13
55407256,0,,,82,38,44,10,5,5,72,33,39,45,20,25,70,31,39,69,30,39,27,13,14,11,3,8,5,1,4,0,0,0,0,0,0,28,28,6,6,8,3,2,3,0,22,13,9,4,20,0,6,4
55407257,2,55407258,,9,6,3,*,*,*,*,*,*,*,*,*,*,*,*,*,*,*,*,*,*,*,*,*,*,*,*,*,*,*,*,*,*,3,3,*,*,*,*,*,*,*,*,*,*,*,*,*,*,*
55407258,1,,55407257,3080,1472,1608,514,235,279,2533,1218,1315,1845,918,927,2441,1175,1266,2390,1151,1239,688,300,388,306,110,196,120,35,85,11,0,11,11,3,8,1168,1165,325,300,227,202,72,28,14,833,703,130,143,442,47,111,116
55407259,0,,,2558,1255,1303,307,154,153,2157,1047,1110,1473,758,715,2082,1010,1072,2054,995,1059,684,289,395,333,124,209,110,36,74,8,3,5,9,1,8,1177,1175,495,299,184,127,42,18,10,670,555,115,81,467,56,130,109
55407260,0,,,122,65,57,7,3,4,115,62,53,74,40,34,114,62,52,113,61,52,41,22,19,19,7,12,9,5,4,2,1,1,0,0,0,31,31,3,5,4,9,4,2,4,28,11,17,3,25,1,1,2
55407261,0,,,108,54,54,3,1,2,105,53,52,56,30,26,98,51,47,97,51,46,49,23,26,20,7,13,10,3,7,1,0,1,0,0,0,31,31,2,10,7,2,5,3,2,29,16,13,1,27,0,1,6
55407262,0,,,130,57,73,14,5,9,116,52,64,68,33,35,112,51,61,112,51,61,48,19,29,25,8,17,10,2,8,1,0,1,0,0,0,36,36,7,6,7,5,2,5,4,29,9,20,4,32,0,7,3
55407263,0,,,90,49,41,15,8,7,75,41,34,45,26,19,73,39,34,72,38,34,30,15,15,16,8,8,2,0,2,1,0,1,0,0,0,25,25,3,4,7,5,2,2,2,22,14,8,2,18,0,2,4
55407264,0,,,45,21,24,3,1,2,42,20,22,24,11,13,42,20,22,41,20,21,18,9,9,9,5,4,2,1,1,0,0,0,1,0,1,13,13,0,6,0,4,1,2,0,13,7,6,0,10,0,0,4
55407265,0,,,37,22,15,3,2,1,34,20,14,18,12,6,34,20,14,33,19,14,16,8,8,3,2,1,1,1,0,0,0,0,0,0,0,13,13,2,4,3,3,0,1,0,11,7,4,1,9,0,1,2
55407266,0,,,146,68,78,16,7,9,130,61,69,73,37,36,123,55,68,119,53,66,57,24,33,23,6,17,9,1,8,0,0,0,0,0,0,46,46,7,11,13,6,3,4,2,39,24,15,3,36,0,5,6
55407267,0,,,343,151,192,20,14,6,323,137,186,144,80,64,318,135,183,307,130,177,179,57,122,105,21,84,61,9,52,14,0,14,0,0,0,88,87,17,19,23,13,7,5,3,70,47,23,6,66,0,13,13
55407268,0,,,2163,1073,1090,335,161,174,1784,886,898,1347,684,663,1712,850,862,1665,816,849,437,202,235,166,73,93,35,11,24,2,0,2,8,1,7,884,884,274,239,175,131,38,18,9,606,524,82,109,289,38,63,84
55407269,0,,,3537,1702,1835,463,236,227,2987,1418,1569,2008,1001,1007,2895,1374,1521,2842,1351,1491,979,417,562,488,186,302,169,53,116,9,0,9,12,3,9,1419,1416,452,385,271,186,74,30,18,944,775,169,140,598,60,141,150
55407270,2,55407280,,5,3,2,*,*,*,*,*,*,*,*,*,*,*,*,*,*,*,*,*,*,*,*,*,*,*,*,*,*,*,*,*,*,3,3,*,*,*,*,*,*,*,*,*,*,*,*,*,*,*
55407271,0,,,68,33,35,10,4,6,58,29,29,38,21,17,55,27,28,54,26,28,20,8,12,9,2,7,5,1,4,0,0,0,0,0,0,18,18,2,6,2,3,0,1,4,16,8,8,1,15,0,1,1
55407272,0,,,224,101,123,12,3,9,212,98,114,77,47,30,210,96,114,208,95,113,135,51,84,106,35,71,70,19,51,11,1,10,0,0,0,37,35,2,14,5,6,3,1,4,33,18,15,4,25,0,2,7
55407273,0,,,196,89,107,23,7,16,173,82,91,100,51,49,168,78,90,166,77,89,73,31,42,31,12,19,16,6,10,0,0,0,2,0,2,63,63,13,17,14,6,4,3,6,50,26,24,1,50,2,6,9
55407274,0,,,115,57,58,6,2,4,109,55,54,70,38,32,107,55,52,104,53,51,39,17,22,21,7,14,5,2,3,0,0,0,0,0,0,34,34,6,7,5,6,5,4,1,27,11,16,1,24,0,2,3
55407275,0,,,198,99,99,20,12,8,178,87,91,107,55,52,170,83,87,167,82,85,71,32,39,37,18,19,16,7,9,3,1,2,2,0,2,58,58,6,14,14,10,7,4,3,52,25,27,3,43,0,5,3
55407276,0,,,209,111,98,18,11,7,191,100,91,119,68,51,182,95,87,180,93,87,72,32,40,38,12,26,19,6,13,1,0,1,0,0,0,60,60,4,18,11,14,5,4,4,56,30,26,2,50,0,4,9
55407277,0,,,105,54,51,17,12,5,88,42,46,45,26,19,85,40,45,85,40,45,43,16,27,20,5,15,10,1,9,1,0,1,0,0,0,29,29,1,9,7,5,2,3,2,28,16,12,4,26,0,0,4
55407278,0,,,1395,691,704,205,108,97,1172,573,599,848,437,411,1128,551,577,1112,539,573,324,136,188,159,55,104,54,15,39,4,1,3,12,10,2,524,522,149,125,113,79,32,17,7,361,287,74,67,212,23,60,40
55407279,0,,,2842,1405,1437,497,253,244,2274,1105,1169,1812,916,896,2151,1039,1112,2075,1007,1068,462,189,273,217,82,135,62,18,44,4,0,4,24,19,5,1121,1118,332,288,223,180,61,26,8,777,688,89,141,302,69,54,70
55407280,1,,55407270,137,72,65,15,8,7,127,67,60,78,46,32,124,66,58,123,66,57,49,21,28,20,9,11,5,2,3,0,0,0,0,0,0,40,40,8,10,8,6,5,2,4,35,17,18,4,33,0,7,2
55407281,0,,,251,123,128,32,19,13,219,104,115,128,66,62,214,101,113,212,100,112,91,38,53,37,10,27,18,5,13,1,0,1,0,0,0,70,70,10,19,10,10,6,5,10,60,26,34,8,57,0,9,7
55407282,0,,,158,89,69,18,11,7,140,78,62,87,49,38,133,75,58,132,74,58,53,29,24,26,13,13,10,6,4,2,1,1,0,0,0,45,45,5,12,10,6,3,5,4,40,18,22,4,36,0,4,1
55407283,0,,,53,26,27,4,2,2,49,24,25,31,16,15,48,23,25,48,23,25,18,8,10,11,5,6,2,0,2,0,0,0,0,0,0,19,19,5,5,4,1,2,2,0,14,10,4,2,12,0,3,2
55407284,0,,,34,20,14,4,3,1,30,17,13,18,11,7,30,17,13,30,17,13,12,6,6,8,4,4,1,0,1,0,0,0,0,0,0,8,8,1,0,2,2,1,1,1,7,3,4,1,7,0,1,0
55407285,0,,,27,16,11,3,3,0,24,13,11,17,10,7,22,12,10,21,11,10,7,3,4,4,2,2,2,0,2,0,0,0,0,0,0,6,6,1,1,0,1,1,1,1,5,0,5,0,5,0,1,0
55407286,0,,,122,60,62,20,12,8,102,48,54,66,32,34,99,48,51,97,46,51,36,16,20,17,6,11,4,1,3,0,0,0,0,0,0,30,30,1,8,3,6,4,4,4,28,14,14,3,23,0,0,4
55407288,0,,,485,252,233,65,34,31,418,217,201,301,162,139,398,201,197,393,199,194,117,55,62,50,21,29,15,6,9,0,0,0,5,3,2,165,165,29,51,27,35,11,7,5,135,98,37,18,73,3,8,27
55407289,0,,,1704,853,851,466,253,213,1238,600,638,1047,517,530,1152,557,595,1120,539,581,191,83,108,61,24,37,18,5,13,0,0,0,7,4,3,506,506,45,92,121,154,71,20,3,456,390,66,106,132,1,20,26
55407290,0,,,139,64,75,15,6,9,124,58,66,85,41,44,116,54,62,115,53,62,39,17,22,20,5,15,10,1,9,1,0,1,0,0,0,35,35,2,6,10,3,6,3,5,33,16,17,8,25,0,2,2
55407291,0,,,379,188,191,39,19,20,340,169,171,203,113,90,331,164,167,325,158,167,137,56,81,68,24,44,30,10,20,2,1,1,0,0,0,113,113,17,25,28,16,10,9,8,95,41,54,6,86,0,9,7
55407292,0,,,19,9,10,2,0,2,17,9,8,8,4,4,17,9,8,17,9,8,9,5,4,8,4,4,4,2,2,0,0,0,0,0,0,5,5,0,1,2,0,1,1,0,5,3,2,1,4,0,0,1
55407293,0,,,257,125,132,27,12,15,230,113,117,137,71,66,226,111,115,225,110,115,93,42,51,43,15,28,16,3,13,0,0,0,0,0,0,64,64,4,11,13,15,10,3,8,60,22,38,9,54,0,2,3
55407294,0,,,92,45,47,8,4,4,84,41,43,51,28,23,83,40,43,81,38,43,33,13,20,19,5,14,10,2,8,0,0,0,0,0,0,28,28,3,7,9,2,3,3,1,25,11,14,3,21,0,1,4
55407295,0,,,513,246,267,52,30,22,461,216,245,288,144,144,446,209,237,436,203,233,173,72,101,101,36,65,37,4,33,3,0,3,1,0,1,143,143,21,33,31,12,12,17,17,121,52,69,15,105,0,12,11
55407296,0,,,338,174,164,31,19,12,307,155,152,176,96,80,299,152,147,294,148,146,131,59,72,64,25,39,22,6,16,2,0,2,0,0,0,93,93,7,26,13,19,12,9,7,86,45,41,8,78,0,5,10
55407297,0,,,33,17,16,5,5,0,28,12,16,19,9,10,28,12,16,27,12,15,9,3,6,3,0,3,1,0,1,1,0,1,0,0,0,10,10,2,3,1,1,1,1,1,8,5,3,1,6,0,1,1
55407298,0,,,92,49,43,9,5,4,83,44,39,50,28,22,81,43,38,80,42,38,33,16,17,12,5,7,4,1,3,0,0,0,1,0,1,27,26,3,9,3,4,2,3,2,23,14,9,2,21,0,2,6
55407299,0,,,667,302,365,70,37,33,595,263,332,260,128,132,582,258,324,573,254,319,335,135,200,212,75,137,112,27,85,15,1,14,0,0,0,117,112,10,26,22,26,11,9,8,100,57,43,15,73,0,7,18
55407300,0,,,68,36,32,3,2,1,65,34,31,32,18,14,64,34,30,63,34,29,33,16,17,10,5,5,6,2,4,0,0,0,0,0,0,24,24,4,9,5,2,2,1,1,20,13,7,1,20,0,3,3
55407301,0,,,302,141,161,25,12,13,276,128,148,153,76,77,271,125,146,270,124,146,123,52,71,62,19,43,25,7,18,1,1,0,0,0,0,100,100,21,28,17,16,9,3,6,79,47,32,6,82,0,15,8
55407302,0,,,177,90,87,13,3,10,164,87,77,97,53,44,162,87,75,157,83,74,67,34,33,36,16,20,13,4,9,1,0,1,1,0,1,51,51,9,8,11,11,4,4,4,42,14,28,3,40,0,5,3
55407303,0,,,151,74,77,17,9,8,134,65,69,86,45,41,131,63,68,127,62,65,48,20,28,21,8,13,6,1,5,1,1,0,0,0,0,42,42,4,12,5,8,6,4,3,38,23,15,5,30,0,1,5
55407304,0,,,223,110,113,26,12,14,197,98,99,130,66,64,192,96,96,187,93,94,67,32,35,29,12,17,13,4,9,1,0,1,1,0,1,64,64,7,17,14,8,7,5,6,57,32,25,8,43,0,4,11
55407305,0,,,266,130,136,24,11,13,241,118,123,143,70,73,232,113,119,223,108,115,98,48,50,41,18,23,9,1,8,2,0,2,0,0,0,72,72,7,14,19,11,9,5,7,65,41,24,6,54,0,3,11
55407306,0,,,49,25,24,5,2,3,44,23,21,20,12,8,43,23,20,43,23,20,24,11,13,9,4,5,6,2,4,1,0,1,0,0,0,14,14,1,2,4,5,0,2,0,13,4,9,1,12,0,0,1
55407307,0,,,32,15,17,3,2,1,29,13,16,20,10,10,29,13,16,27,12,15,9,3,6,5,1,4,1,0,1,1,0,1,0,0,0,10,10,1,2,3,2,2,0,0,9,5,4,0,7,0,1,1
55407309,1,,55407319,20,10,10,2,2,0,27,14,13,15,8,7,27,14,13,26,13,13,12,6,6,6,2,4,2,0,2,0,0,0,0,0,0,8,8,1,5,2,0,1,0,1,9,6,3,0,8,0,0,2
55407310,0,,,64,31,33,6,1,5,58,30,28,33,19,14,57,29,28,57,29,28,25,11,14,11,5,6,3,1,2,0,0,0,0,0,0,24,24,6,5,7,4,1,1,0,18,13,5,2,18,0,4,1
55407311,0,,,757,373,384,67,33,34,690,340,350,501,252,249,653,322,331,636,314,322,189,88,101,75,32,43,20,7,13,0,0,0,0,0,0,248,248,29,82,53,43,25,7,9,219,166,53,10,120,0,18,25
55407312,0,,,185,91,94,16,10,6,169,81,88,93,49,44,165,80,85,155,73,82,76,32,44,40,16,24,10,2,8,0,0,0,3,0,3,54,54,8,15,10,9,2,4,6,44,26,18,1,48,0,8,7
55407313,0,,,441,209,232,63,27,36,378,182,196,242,124,118,360,169,191,348,163,185,136,58,78,51,19,32,18,5,13,3,0,3,0,0,0,130,130,19,25,33,24,12,6,11,111,74,37,11,88,0,17,16
55407314,0,,,194,100,94,31,16,15,163,84,79,102,54,48,158,81,77,156,80,76,61,30,31,23,11,12,10,4,6,0,0,0,0,0,0,55,55,7,10,12,13,5,4,4,47,29,18,6,36,0,3,5
55407315,0,,,135,65,70,17,5,12,118,60,58,64,34,30,113,57,56,109,56,53,54,26,28,24,10,14,13,3,10,2,1,1,0,0,0,34,34,2,6,8,9,1,4,4,32,13,19,3,29,0,1,3
55407316,0,,,60,30,30,3,2,1,57,28,29,40,19,21,54,27,27,53,27,26,17,9,8,13,5,8,2,1,1,0,0,0,0,0,0,16,16,2,2,3,3,5,0,1,14,7,7,1,12,0,1,1
55407317,1,,55407318,29,18,11,4,2,2,34,22,12,24,15,9,34,22,12,34,22,12,10,7,3,7,5,2,3,1,2,0,0,0,1,0,1,10,10,4,4,2,3,0,0,1,10,5,5,0,9,0,3,0
55407318,2,55407317,,9,6,3,*,*,*,*,*,*,*,*,*,*,*,*,*,*,*,*,*,*,*,*,*,*,*,*,*,*,*,*,*,*,4,4,*,*,*,*,*,*,*,*,*,*,*,*,*,*,*
55407319,2,55407309,,9,6,3,*,*,*,*,*,*,*,*,*,*,*,*,*,*,*,*,*,*,*,*,*,*,*,*,*,*,*,*,*,*,2,2,*,*,*,*,*,*,*,*,*,*,*,*,*,*,*
55407320,0,,,651,300,351,41,25,16,467,242,225,277,155,122,458,236,222,448,231,217,190,87,103,84,37,47,27,8,19,2,0,2,8,2,6,213,207,81,51,31,21,14,6,3,125,92,33,13,133,1,55,19
55407321,0,,,95,50,45,10,5,5,85,45,40,63,35,28,76,38,38,72,38,34,22,10,12,9,4,5,4,2,2,0,0,0,0,0,0,33,33,4,9,9,9,2,0,0,29,23,6,1,14,0,1,2
55407322,0,,,933,457,476,98,53,45,835,404,431,497,257,240,823,395,428,809,386,423,338,147,191,151,55,96,50,11,39,4,1,3,0,0,0,330,327,72,98,63,52,20,14,8,254,179,75,21,219,1,52,42
55407323,0,,,360,185,175,42,25,17,318,160,158,191,98,93,313,158,155,304,153,151,127,62,65,53,28,25,14,7,7,0,0,0,0,0,0,120,120,19,38,24,20,9,5,5,100,68,32,9,78,0,9,23
55407324,0,,,130,61,69,11,5,6,119,56,63,76,40,36,113,53,60,110,50,60,43,16,27,23,9,14,5,2,3,1,0,1,1,0,1,38,38,5,11,7,6,3,2,4,33,16,17,2,26,0,1,6
55407325,0,,,110,54,56,13,8,5,97,46,51,46,24,22,92,44,48,92,44,48,51,22,29,22,7,15,13,4,9,0,0,0,0,0,0,33,33,4,7,7,10,2,1,2,29,16,13,3,26,0,2,4
55407326,0,,,147,77,70,14,8,6,133,69,64,80,48,32,130,68,62,128,67,61,53,21,32,29,8,21,11,1,10,1,0,1,1,0,1,47,47,8,16,7,5,5,2,4,39,24,15,6,35,0,3,3
55407327,1,,55407328;55407338,28,15,13,5,3,2,37,21,16,21,13,8,36,20,16,34,18,16,16,8,8,5,3,2,3,2,1,0,0,0,0,0,0,8,8,3,1,2,1,2,0,2,8,3,5,1,9,0,3,1
55407328,2,55407327,,12,8,4,*,*,*,*,*,*,*,*,*,*,*,*,*,*,*,*,*,*,*,*,*,*,*,*,*,*,*,*,*,*,2,2,*,*,*,*,*,*,*,*,*,*,*,*,*,*,*
55407329,1,,55407339,10,5,5,0,0,0,14,7,7,7,4,3,14,7,7,13,6,7,7,3,4,5,2,3,3,1,2,0,0,0,0,0,0,5,5,3,1,3,0,0,0,0,4,2,2,0,6,0,3,1
55407330,0,,,3058,1410,1648,455,221,234,2527,1151,1376,1760,827,933,2407,1096,1311,2353,1078,1275,767,324,443,405,158,247,126,48,78,12,3,9,10,6,4,1192,1188,307,379,240,159,62,29,12,859,731,128,144,503,40,127,124
55407331,0,,,1516,732,784,183,97,86,1330,634,696,880,439,441,1276,609,667,1240,596,644,450,195,255,202,76,126,68,18,50,8,2,6,5,3,2,566,566,123,182,117,81,38,18,7,442,356,86,43,298,8,61,73
55407332,0,,,180,94,86,9,2,7,171,92,79,107,61,46,167,89,78,165,88,77,64,31,33,34,16,18,15,6,9,1,0,1,0,0,0,53,53,6,16,9,7,7,5,3,47,24,23,3,41,0,1,6
55407333,0,,,127,67,60,9,6,3,118,61,57,62,38,24,111,55,56,109,53,56,56,23,33,28,9,19,13,3,10,1,0,1,0,0,0,36,36,5,8,9,6,2,1,5,31,14,17,0,33,0,4,5
55407334,0,,,61,29,32,2,2,0,59,27,32,35,17,18,57,26,31,56,26,30,24,10,14,11,3,8,5,0,5,0,0,0,0,0,0,24,24,8,4,6,4,1,1,0,16,9,7,0,18,0,6,0
55407335,0,,,185,80,105,4,3,1,181,77,104,87,48,39,179,76,103,178,76,102,94,29,65,71,16,55,41,6,35,3,1,2,0,0,0,26,24,2,5,8,4,3,0,2,22,11,11,1,22,0,2,3
55407336,1,,55407337,141,65,76,3,1,2,143,67,76,82,46,36,137,64,73,135,62,73,61,21,40,30,8,22,11,1,10,1,0,1,0,0,0,44,44,7,11,11,7,6,1,3,39,18,21,1,39,0,3,2
55407337,2,55407336,,6,4,2,*,*,*,*,*,*,*,*,*,*,*,*,*,*,*,*,*,*,*,*,*,*,*,*,*,*,*,*,*,*,2,2,*,*,*,*,*,*,*,*,*,*,*,*,*,*,*
55407338,2,55407327,,2,1,1,*,*,*,*,*,*,*,*,*,*,*,*,*,*,*,*,*,*,*,*,*,*,*,*,*,*,*,*,*,*,1,1,*,*,*,*,*,*,*,*,*,*,*,*,*,*,*
55407339,2,55407329,,4,2,2,*,*,*,*,*,*,*,*,*,*,*,*,*,*,*,*,*,*,*,*,*,*,*,*,*,*,*,*,*,*,2,2,*,*,*,*,*,*,*,*,*,*,*,*,*,*,*
55407340,0,,,2992,1481,1511,301,176,125,2620,1261,1359,1635,847,788,2545,1217,1328,2505,1192,1313,985,414,571,510,193,317,198,70,128,19,4,15,21,8,13,1308,1305,522,379,194,131,52,17,10,768,622,146,80,668,54,207,163
55407341,0,,,2698,1290,1408,300,144,156,2373,1129,1244,1509,740,769,2292,1083,1209,2246,1060,1186,864,389,475,437,182,255,125,41,84,7,1,6,5,3,2,1090,1090,298,360,214,122,52,25,19,782,649,133,69,588,18,151,154
55407342,0,,,302,149,153,27,14,13,275,135,140,151,76,75,270,133,137,266,130,136,124,59,65,59,25,34,23,6,17,4,1,3,1,0,1,90,90,8,23,26,15,6,8,4,82,39,43,5,74,0,4,12
55407343,0,,,123,62,61,10,7,3,113,55,58,61,31,30,113,55,58,112,55,57,52,24,28,24,11,13,10,3,7,1,0,1,0,0,0,47,47,9,16,11,8,2,0,1,38,28,10,5,35,0,7,7
55407344,0,,,182,92,90,21,13,8,161,79,82,102,51,51,158,76,82,155,74,81,59,28,31,29,14,15,9,4,5,0,0,0,1,0,1,52,52,5,17,10,6,4,4,6,46,26,20,3,40,0,4,7
55407345,0,,,76,40,36,2,1,1,74,39,35,36,16,20,71,38,33,68,37,31,38,23,15,19,11,8,3,1,2,0,0,0,0,0,0,28,28,6,10,6,2,2,0,2,22,13,9,0,25,0,4,4
55407346,1,,55407347;55407356,33,12,21,4,2,2,43,17,26,20,7,13,43,17,26,43,17,26,23,10,13,12,4,8,3,1,2,0,0,0,0,0,0,11,11,3,4,6,1,1,0,1,13,8,5,1,15,0,2,2
55407347,2,55407346,,8,4,4,*,*,*,*,*,*,*,*,*,*,*,*,*,*,*,*,*,*,*,*,*,*,*,*,*,*,*,*,*,*,3,3,*,*,*,*,*,*,*,*,*,*,*,*,*,*,*
55407348,1,,55407349;55407358,10,6,4,1,1,0,16,7,9,9,5,4,16,7,9,16,7,9,7,2,5,4,1,3,0,0,0,0,0,0,0,0,0,4,4,1,4,0,2,0,0,0,6,3,3,0,6,0,1,0
55407349,2,55407348,,2,1,1,*,*,*,*,*,*,*,*,*,*,*,*,*,*,*,*,*,*,*,*,*,*,*,*,*,*,*,*,*,*,1,1,*,*,*,*,*,*,*,*,*,*,*,*,*,*,*
55407350,0,,,2650,1297,1353,349,172,177,2240,1085,1155,1599,794,805,2173,1048,1125,2126,1022,1104,641,291,350,322,148,174,89,41,48,8,3,5,17,5,12,1173,1171,453,299,209,130,50,20,10,708,596,112,118,441,78,128,87
55407351,0,,,1406,688,718,210,101,109,1178,577,601,873,438,435,1136,557,579,1114,550,564,305,139,166,120,47,73,24,8,16,1,1,0,4,2,2,543,543,143,151,117,78,34,12,8,393,326,67,60,219,19,56,44
55407352,2,55407362,,5,3,2,*,*,*,*,*,*,*,*,*,*,*,*,*,*,*,*,*,*,*,*,*,*,*,*,*,*,*,*,*,*,1,1,*,*,*,*,*,*,*,*,*,*,*,*,*,*,*
55407353,0,,,101,51,50,6,3,3,95,48,47,48,28,20,93,47,46,92,47,45,47,20,27,18,6,12,6,1,5,0,0,0,5,5,0,41,41,13,13,6,5,2,0,2,28,20,8,1,30,5,6,5
55407354,0,,,124,62,62,7,3,4,117,59,58,69,37,32,114,56,58,112,56,56,48,22,26,22,10,12,7,1,6,1,0,1,0,0,0,42,42,4,13,17,0,5,3,0,38,27,11,0,31,0,2,5
55407355,0,,,74,37,37,8,5,3,66,32,34,40,21,19,63,31,32,62,30,32,26,11,15,11,2,9,5,1,4,1,0,1,0,0,0,23,23,3,5,5,6,2,2,0,20,11,9,2,16,0,2,3
55407356,2,55407346,,6,3,3,*,*,*,*,*,*,*,*,*,*,*,*,*,*,*,*,*,*,*,*,*,*,*,*,*,*,*,*,*,*,2,2,*,*,*,*,*,*,*,*,*,*,*,*,*,*,*
55407358,2,55407348,,5,1,4,*,*,*,*,*,*,*,*,*,*,*,*,*,*,*,*,*,*,*,*,*,*,*,*,*,*,*,*,*,*,2,2,*,*,*,*,*,*,*,*,*,*,*,*,*,*,*
55407359,0,,,23,9,14,0,0,0,23,9,14,9,5,4,23,9,14,23,9,14,14,4,10,8,1,7,4,0,4,1,0,1,0,0,0,11,11,4,4,1,2,0,0,0,7,4,3,0,11,0,4,0
55407360,0,,,593,321,272,94,55,39,467,250,217,395,210,185,457,246,211,443,238,205,72,40,32,24,10,14,7,2,5,0,0,0,5,4,1,280,280,131,56,50,25,12,3,3,145,127,18,35,56,30,9,15
55407361,0,,,214,103,111,22,9,13,192,94,98,104,53,51,187,94,93,182,92,90,88,41,47,32,12,20,11,2,9,1,0,1,0,0,0,58,58,5,15,10,10,6,5,7,53,26,27,6,51,0,5,8
55407362,1,,55407352,197,95,102,9,0,9,193,98,95,106,59,47,190,96,94,188,96,92,87,39,48,43,16,27,18,5,13,0,0,0,0,0,0,66,66,9,23,13,8,9,4,1,56,35,21,1,53,0,6,15
55407363,0,,,81,47,34,8,4,4,73,43,30,39,24,15,69,39,30,68,38,30,34,19,15,16,7,9,4,2,2,0,0,0,0,0,0,27,27,6,7,5,5,1,1,2,21,13,8,2,23,0,4,6
55407364,0,,,84,42,42,9,4,5,75,38,37,42,21,21,72,37,35,70,37,33,33,17,16,19,9,10,8,5,3,0,0,0,0,0,0,23,23,1,7,4,5,3,1,2,22,12,10,1,20,0,1,5
55407365,0,,,55,27,28,3,2,1,52,25,27,26,16,10,50,23,27,49,22,27,26,9,17,12,4,8,8,2,6,1,0,1,0,0,0,18,18,2,5,7,2,0,1,1,15,8,7,1,15,0,1,3
55407367,0,,,17,7,10,0,0,0,17,7,10,10,3,7,17,7,10,17,7,10,7,4,3,0,0,0,0,0,0,0,0,0,0,0,0,6,6,1,1,2,2,0,0,0,5,4,1,0,5,0,1,1
55407368,2,55407369,,7,3,4,*,*,*,*,*,*,*,*,*,*,*,*,*,*,*,*,*,*,*,*,*,*,*,*,*,*,*,*,*,*,4,4,*,*,*,*,*,*,*,*,*,*,*,*,*,*,*
55407369,1,,55407368,121,62,59,7,3,4,121,62,59,62,37,25,118,61,57,116,61,55,59,25,34,28,6,22,16,3,13,3,2,1,0,0,0,46,46,15,15,10,4,2,3,1,35,22,13,0,40,0,12,4
55407370,0,,,1559,757,802,326,147,179,1214,599,615,1050,525,525,1118,555,563,1082,542,540,164,74,90,66,28,38,16,6,10,5,1,4,6,3,3,488,488,63,105,111,134,48,18,9,423,358,65,75,106,14,8,20
55407371,0,,,259,130,129,77,38,39,177,89,88,154,77,77,170,86,84,166,84,82,23,12,11,6,3,3,1,1,0,0,0,0,0,0,0,77,77,4,17,20,29,3,1,3,71,60,11,32,14,1,1,4
55407372,0,,,214,101,113,23,10,13,191,91,100,108,53,55,186,88,98,181,87,94,83,38,45,40,17,23,19,6,13,0,0,0,0,0,0,63,63,4,19,15,12,5,4,4,57,37,20,4,52,0,4,9
55407373,0,,,221,108,113,21,12,9,200,96,104,121,56,65,193,95,98,188,91,97,79,40,39,38,19,19,12,6,6,0,0,0,5,2,3,72,72,14,20,17,2,12,2,5,58,34,24,3,56,0,13,9
55407374,0,,,124,65,59,15,9,6,109,56,53,63,33,30,106,54,52,106,54,52,46,23,23,23,11,12,10,3,7,1,1,0,0,0,0,40,40,5,17,4,7,2,3,2,35,24,11,2,29,0,4,10
55407375,0,,,167,82,85,10,4,6,157,78,79,96,51,45,153,75,78,151,73,78,61,27,34,37,12,25,16,4,12,3,1,2,0,0,0,56,56,7,14,18,10,4,3,0,49,30,19,1,39,0,4,5
55407376,0,,,152,74,78,14,10,4,138,64,74,78,36,42,136,63,73,134,62,72,60,28,32,27,11,16,10,4,6,0,0,0,1,0,1,52,52,11,12,14,8,3,2,2,40,21,19,7,39,0,7,8
55407377,0,,,52,27,25,6,4,2,46,23,23,22,11,11,42,20,22,42,20,22,24,12,12,11,4,7,5,1,4,1,0,1,0,0,0,17,17,5,2,2,5,1,2,0,12,5,7,1,15,0,5,1
55407378,0,,,76,36,40,3,0,3,73,36,37,32,19,13,72,35,37,71,35,36,41,17,24,25,10,15,7,3,4,0,0,0,0,0,0,28,28,7,8,7,2,2,1,1,21,12,9,1,25,0,5,6
55407379,0,,,34,19,15,1,0,1,33,19,14,12,6,6,33,19,14,33,19,14,21,13,8,12,7,5,6,3,3,0,0,0,0,0,0,15,15,6,6,0,1,0,2,0,9,6,3,0,14,0,5,6
55407380,0,,,1294,658,636,217,116,101,1068,534,534,869,439,430,1011,511,500,988,500,488,199,95,104,61,28,33,11,3,8,1,0,1,2,0,2,432,432,57,127,107,82,34,16,9,371,321,50,59,129,3,17,35
55407381,0,,,155,82,73,10,6,4,145,76,69,94,52,42,142,75,67,141,75,66,51,24,27,32,15,17,6,3,3,2,1,1,0,0,0,46,46,9,12,5,5,5,8,2,36,20,16,3,32,0,6,3
55407382,0,,,281,118,163,18,10,8,263,108,155,110,57,53,259,107,152,256,105,151,153,51,102,109,30,79,52,8,44,10,1,9,0,0,0,73,72,13,21,16,10,7,1,4,58,38,20,6,54,0,10,10
55407383,0,,,180,90,90,24,12,12,153,77,76,89,47,42,149,73,76,149,73,76,64,30,34,34,12,22,14,5,9,0,0,0,0,0,0,54,54,12,12,8,10,3,4,5,41,18,23,6,43,0,9,5
55407384,0,,,193,99,94,12,7,5,181,92,89,104,58,46,176,91,85,174,90,84,77,34,43,38,15,23,16,4,12,0,0,0,0,0,0,69,69,13,24,17,8,1,2,4,55,36,19,1,48,0,6,11
55407385,0,,,109,57,52,9,5,4,100,52,48,60,36,24,96,49,47,96,49,47,40,16,24,19,5,14,10,1,9,1,0,1,1,0,1,37,37,2,15,11,5,2,1,1,35,28,7,1,25,0,2,6
55407386,0,,,59,30,29,11,6,5,48,24,24,23,9,14,47,24,23,47,24,23,25,15,10,8,5,3,3,2,1,0,0,0,0,0,0,18,18,1,5,5,4,2,0,1,17,11,6,4,14,0,0,4
55407387,2,55407397,,8,4,4,*,*,*,*,*,*,*,*,*,*,*,*,*,*,*,*,*,*,*,*,*,*,*,*,*,*,*,*,*,*,2,2,*,*,*,*,*,*,*,*,*,*,*,*,*,*,*
55407388,0,,,40,16,24,0,0,0,40,16,24,16,5,11,39,15,24,38,15,23,24,11,13,11,4,7,3,0,3,0,0,0,0,0,0,14,14,0,8,2,3,0,1,0,14,10,4,0,14,0,0,3
55407389,1,,55407398,122,57,65,10,1,9,120,59,61,67,34,33,117,58,59,116,58,58,53,25,28,30,13,17,7,1,6,2,1,1,0,0,0,42,42,12,11,12,3,3,2,3,32,18,14,3,38,0,8,5
55407390,0,,,99,47,52,10,5,5,89,42,47,57,26,31,87,42,45,87,42,45,32,16,16,16,5,11,10,2,8,0,0,0,0,0,0,25,25,4,2,5,5,3,3,3,21,8,13,2,18,0,2,0
55407391,0,,,146,74,72,11,5,6,135,69,66,85,49,36,127,63,64,121,61,60,50,20,30,23,8,15,7,1,6,2,0,2,0,0,0,48,48,8,13,11,7,7,0,2,40,29,11,2,34,0,5,6
55407392,0,,,1283,622,661,121,59,62,1129,547,582,718,360,358,1104,533,571,1088,525,563,411,187,224,168,73,95,55,20,35,5,3,2,15,1,14,493,493,106,172,105,63,28,13,6,378,293,85,28,271,19,40,74
55407393,0,,,231,119,112,17,7,10,214,112,102,113,66,47,209,108,101,206,105,101,101,46,55,50,22,28,14,3,11,2,0,2,3,1,2,75,75,10,25,10,17,7,4,2,65,35,30,3,60,2,6,13
55407394,0,,,81,46,35,3,3,0,78,43,35,45,25,20,76,43,33,76,43,33,33,18,15,18,8,10,6,1,5,0,0,0,0,0,0,28,28,7,4,9,3,4,0,1,21,12,9,1,22,0,5,2
55407395,0,,,101,55,46,9,3,6,92,52,40,60,36,24,92,52,40,89,50,39,32,16,16,16,7,9,8,2,6,0,0,0,0,0,0,34,34,5,10,10,4,2,2,1,29,22,7,3,20,0,2,5
55407396,0,,,111,53,58,9,4,5,102,49,53,52,26,26,101,49,52,101,49,52,50,23,27,18,7,11,8,3,5,1,0,1,1,1,0,38,38,3,13,14,4,1,2,1,35,26,9,2,30,0,2,8
55407397,1,,55407387,50,23,27,3,0,3,55,27,28,29,17,12,53,25,28,51,24,27,26,10,16,13,5,8,7,2,5,0,0,0,0,0,0,17,17,1,6,7,1,4,0,0,18,11,7,1,14,0,1,3
55407398,2,55407389,,8,3,5,*,*,*,*,*,*,*,*,*,*,*,*,*,*,*,*,*,*,*,*,*,*,*,*,*,*,*,*,*,*,4,4,*,*,*,*,*,*,*,*,*,*,*,*,*,*,*
55407399,0,,,33,18,15,0,0,0,33,18,15,22,12,10,33,18,15,33,18,15,11,6,5,8,4,4,4,2,2,0,0,0,0,0,0,13,13,1,6,4,2,0,0,0,12,10,2,0,7,0,0,3
55407402,0,,,41,21,20,5,1,4,36,20,16,21,13,8,36,20,16,36,20,16,15,7,8,6,1,5,3,0,3,0,0,0,0,0,0,13,13,3,4,1,1,3,0,1,10,6,4,3,11,0,3,2
55407403,2,55407404,,5,2,3,*,*,*,*,*,*,*,*,*,*,*,*,*,*,*,*,*,*,*,*,*,*,*,*,*,*,*,*,*,*,3,3,*,*,*,*,*,*,*,*,*,*,*,*,*,*,*
55407404,1,,55407403,127,69,58,10,5,5,119,63,56,69,39,30,115,61,54,114,60,54,50,24,26,18,7,11,5,1,4,0,0,0,0,0,0,45,45,10,18,8,5,3,2,2,38,24,14,1,31,0,5,8
55407405,1,,55407406,72,36,36,2,2,0,75,37,38,38,23,15,74,37,37,73,37,36,37,14,23,28,9,19,16,4,12,4,0,4,0,0,0,24,23,7,4,8,3,2,0,0,17,10,7,1,18,0,4,1
55407406,2,55407405,,5,3,2,*,*,*,*,*,*,*,*,*,*,*,*,*,*,*,*,*,*,*,*,*,*,*,*,*,*,*,*,*,*,1,1,*,*,*,*,*,*,*,*,*,*,*,*,*,*,*
55407408,2,55407418,,3,1,2,*,*,*,*,*,*,*,*,*,*,*,*,*,*,*,*,*,*,*,*,*,*,*,*,*,*,*,*,*,*,1,1,*,*,*,*,*,*,*,*,*,*,*,*,*,*,*
55407409,2,55407418,,13,5,8,*,*,*,*,*,*,*,*,*,*,*,*,*,*,*,*,*,*,*,*,*,*,*,*,*,*,*,*,*,*,3,3,*,*,*,*,*,*,*,*,*,*,*,*,*,*,*
55407411,2,55407430,,2,1,1,*,*,*,*,*,*,*,*,*,*,*,*,*,*,*,*,*,*,*,*,*,*,*,*,*,*,*,*,*,*,2,2,*,*,*,*,*,*,*,*,*,*,*,*,*,*,*
55407413,2,55407414,,9,4,5,*,*,*,*,*,*,*,*,*,*,*,*,*,*,*,*,*,*,*,*,*,*,*,*,*,*,*,*,*,*,2,2,*,*,*,*,*,*,*,*,*,*,*,*,*,*,*
55407414,1,,55407413,104,55,49,16,8,8,97,51,46,71,41,30,93,47,46,92,47,45,26,10,16,10,1,9,5,0,5,1,0,1,1,0,1,27,27,3,3,3,11,4,4,1,26,12,14,1,17,0,2,0
55407415,0,,,39,19,20,1,1,0,38,18,20,25,12,13,36,18,18,36,18,18,13,6,7,7,3,4,3,0,3,0,0,0,1,0,1,13,13,1,3,5,3,1,0,0,12,7,5,1,8,0,0,1
55407416,0,,,41,18,23,2,0,2,39,18,21,23,12,11,38,18,20,37,17,20,16,6,10,8,2,6,1,0,1,0,0,0,0,0,0,13,13,1,3,3,5,1,0,0,12,9,3,0,10,0,1,2
55407417,0,,,13,4,9,0,0,0,13,4,9,9,4,5,12,4,8,11,4,7,4,0,4,2,0,2,0,0,0,0,0,0,0,0,0,5,5,1,2,1,0,1,0,0,4,2,2,0,4,0,1,0
55407418,1,,55407408;55407409,101,49,52,9,3,6,108,52,56,61,32,29,107,52,55,105,50,55,47,20,27,22,7,15,12,1,11,1,0,1,1,0,1,31,31,3,11,8,6,2,3,2,32,15,17,2,30,0,2,5
55407419,1,,55407429,79,41,38,6,2,4,74,40,34,40,23,17,73,39,34,71,37,34,34,17,17,14,7,7,7,3,4,0,0,0,0,0,0,24,24,5,6,4,4,3,2,1,20,9,11,1,20,0,3,3
55407420,2,55407430,,3,1,2,*,*,*,*,*,*,*,*,*,*,*,*,*,*,*,*,*,*,*,*,*,*,*,*,*,*,*,*,*,*,2,2,*,*,*,*,*,*,*,*,*,*,*,*,*,*,*
55407421,2,55407430,,6,4,2,*,*,*,*,*,*,*,*,*,*,*,*,*,*,*,*,*,*,*,*,*,*,*,*,*,*,*,*,*,*,4,4,*,*,*,*,*,*,*,*,*,*,*,*,*,*,*
55407423,0,,,17,11,6,0,0,0,17,11,6,8,6,2,17,11,6,17,11,6,9,5,4,4,2,2,2,1,1,0,0,0,0,0,0,6,6,2,1,2,0,0,0,1,4,2,2,0,5,0,1,1
55407424,0,,,38,23,15,10,7,3,28,16,12,21,12,9,28,16,12,28,16,12,7,4,3,2,1,1,1,0,1,0,0,0,0,0,0,15,15,4,7,2,0,1,0,1,9,8,1,4,4,2,1,1
55407425,1,,55407435,13,7,6,0,0,0,20,11,9,10,6,4,20,11,9,20,11,9,10,5,5,6,2,4,2,1,1,1,0,1,0,0,0,6,6,3,1,1,3,0,0,0,5,3,2,0,7,0,2,0
55407426,0,,,44,21,23,1,1,0,43,20,23,20,11,9,42,20,22,41,20,21,23,9,14,8,3,5,3,0,3,1,0,1,0,0,0,16,16,3,5,3,4,0,1,0,13,8,5,0,14,0,1,4
55407427,0,,,30,16,14,3,1,2,27,15,12,16,11,5,27,15,12,27,15,12,11,4,7,8,3,5,3,0,3,0,0,0,1,0,1,10,10,2,3,2,1,0,2,0,8,3,5,1,8,0,2,2
55407428,0,,,19,9,10,1,0,1,18,9,9,8,4,4,18,9,9,18,9,9,10,5,5,7,4,3,2,1,1,0,0,0,0,0,0,7,7,0,4,2,0,1,0,0,7,6,1,0,6,0,0,2
55407429,2,55407419,,1,1,0,*,*,*,*,*,*,*,*,*,*,*,*,*,*,*,*,*,*,*,*,*,*,*,*,*,*,*,*,*,*,1,1,*,*,*,*,*,*,*,*,*,*,*,*,*,*,*
55407430,1,,55407411;55407420;55407421,43,21,22,7,2,5,47,25,22,26,17,9,47,25,22,47,25,22,21,8,13,10,2,8,6,1,5,1,0,1,0,0,0,13,13,7,7,1,3,2,0,1,14,8,6,2,14,0,2,3
55407431,0,,,28,15,13,3,1,2,25,14,11,12,8,4,25,14,11,25,14,11,13,6,7,9,3,6,5,1,4,0,0,0,0,0,0,8,8,0,3,1,3,0,0,1,8,4,4,1,8,0,0,2
55407432,0,,,9,5,4,1,1,0,8,4,4,3,2,1,8,4,4,8,4,4,5,2,3,2,1,1,0,0,0,0,0,0,0,0,0,4,4,2,1,0,0,1,0,0,2,1,1,1,4,0,2,0
55407433,0,,,23,10,13,3,3,0,20,7,13,13,4,9,18,6,12,17,6,11,7,3,4,1,0,1,0,0,0,0,0,0,0,0,0,7,7,2,1,1,0,2,1,0,5,3,2,1,4,0,1,1
55407434,2,55407445,,12,7,5,*,*,*,*,*,*,*,*,*,*,*,*,*,*,*,*,*,*,*,*,*,*,*,*,*,*,*,*,*,*,2,2,*,*,*,*,*,*,*,*,*,*,*,*,*,*,*
55407435,2,55407425,,7,4,3,*,*,*,*,*,*,*,*,*,*,*,*,*,*,*,*,*,*,*,*,*,*,*,*,*,*,*,*,*,*,2,2,*,*,*,*,*,*,*,*,*,*,*,*,*,*,*
55407436,0,,,32,16,16,0,0,0,32,16,16,22,13,9,31,16,15,31,16,15,10,3,7,6,1,5,4,1,3,0,0,0,0,0,0,12,12,2,4,4,1,0,1,0,10,6,4,0,7,0,2,0
55407437,0,,,59,34,25,1,0,1,58,34,24,29,18,11,58,34,24,57,33,24,29,16,13,15,7,8,10,3,7,1,1,0,0,0,0,22,22,3,6,8,5,0,0,0,19,10,9,0,18,0,3,2
55407438,0,,,128,64,64,9,4,5,119,60,59,56,34,22,116,57,59,114,56,58,63,26,37,28,9,19,15,3,12,2,0,2,0,0,0,45,45,7,16,13,3,1,2,3,38,22,16,2,39,0,6,7
55407439,0,,,238,116,122,40,16,24,198,100,98,121,63,58,189,94,95,187,93,94,77,37,40,28,13,15,9,6,3,1,1,0,0,0,0,78,78,12,26,11,13,11,3,2,66,47,19,8,50,0,9,13
55407440,0,,,13,7,6,0,0,0,13,7,6,10,6,4,13,7,6,13,7,6,3,1,2,2,0,2,1,0,1,1,0,1,0,0,0,6,6,2,2,1,1,0,0,0,4,3,1,0,2,0,0,0
55407442,0,,,38,18,20,4,3,1,34,15,19,21,9,12,31,14,17,30,14,16,13,6,7,7,4,3,3,2,1,1,1,0,0,0,0,11,11,3,1,2,3,0,0,2,8,4,4,0,9,0,2,0
55407443,0,,,20,7,13,5,1,4,15,6,9,9,4,5,15,6,9,15,6,9,6,2,4,2,0,2,2,0,2,1,0,1,0,0,0,5,5,0,1,2,0,1,0,1,5,0,5,1,4,0,0,0
55407445,1,,55407434,14,6,8,3,1,2,23,12,11,16,10,6,23,12,11,22,12,10,7,2,5,5,2,3,2,0,2,0,0,0,0,0,0,4,4,0,1,1,2,1,0,1,6,3,3,1,5,0,0,0
55407446,0,,,20,12,8,5,4,1,15,8,7,9,5,4,15,8,7,15,8,7,6,3,3,2,1,1,0,0,0,0,0,0,0,0,0,5,5,0,1,1,1,1,1,0,5,3,2,1,3,0,0,1
55407447,0,,,109,54,55,20,12,8,89,42,47,61,30,31,84,40,44,81,39,42,28,12,16,14,5,9,3,2,1,0,0,0,0,0,0,29,29,3,4,6,7,4,3,2,26,13,13,4,18,0,1,1
55407448,0,,,136,72,64,22,12,10,114,60,54,72,39,33,109,57,52,105,55,50,42,21,21,17,7,10,4,1,3,0,0,0,0,0,0,40,40,7,9,7,6,5,5,1,33,18,15,6,29,0,5,4
55407449,0,,,575,279,296,39,18,21,536,261,275,327,163,164,526,256,270,516,252,264,209,98,111,97,39,58,39,10,29,2,0,2,14,0,14,238,237,78,70,41,27,11,4,6,155,118,37,12,144,8,35,32
55407450,2,55407460,,1,1,0,*,*,*,*,*,*,*,*,*,*,*,*,*,*,*,*,*,*,*,*,*,*,*,*,*,*,*,*,*,*,1,1,*,*,*,*,*,*,*,*,*,*,*,*,*,*,*
55407451,0,,,18,9,9,2,1,1,16,8,8,10,5,5,16,8,8,16,8,8,6,3,3,1,0,1,1,0,1,1,0,1,0,0,0,6,6,1,3,0,0,1,1,0,5,3,2,0,3,0,0,1
55407452,0,,,35,22,13,2,2,0,33,20,13,18,12,6,32,19,13,32,19,13,15,8,7,3,2,1,0,0,0,0,0,0,0,0,0,11,11,0,4,4,2,0,0,1,11,8,3,0,9,0,0,3
55407453,0,,,85,41,44,8,4,4,77,37,40,41,23,18,76,36,40,75,35,40,36,14,22,12,4,8,6,3,3,0,0,0,1,0,1,31,31,9,3,12,4,0,3,0,22,14,8,2,23,0,7,1
55407455,0,,,21,8,13,5,2,3,16,6,10,11,5,6,15,6,9,15,6,9,5,1,4,4,1,3,0,0,0,0,0,0,0,0,0,5,5,1,1,0,0,2,0,1,4,1,3,2,4,0,1,0
55407456,0,,,101,51,50,16,9,7,85,42,43,57,29,28,81,41,40,80,41,39,28,13,15,16,8,8,7,3,4,0,0,0,0,0,0,30,30,4,10,5,2,5,1,3,26,18,8,4,16,0,2,5
55407457,0,,,37,17,20,2,1,1,35,16,19,22,10,12,35,16,19,34,16,18,13,6,7,8,4,4,1,1,0,0,0,0,1,0,1,14,14,4,4,2,2,1,1,0,10,7,3,0,10,0,3,1
55407458,0,,,48,22,26,3,1,2,45,21,24,29,12,17,44,20,24,43,20,23,16,9,7,8,5,3,5,2,3,2,0,2,4,0,4,20,20,7,3,5,5,0,0,0,13,8,5,0,11,1,2,1
55407459,0,,,449,201,248,38,22,16,407,176,231,208,108,100,396,171,225,392,168,224,199,68,131,117,26,91,78,10,68,21,1,20,3,2,1,160,158,64,40,23,11,10,3,7,94,66,28,8,84,14,18,21
55407460,1,,55407450;55407461,76,38,38,5,3,2,75,38,37,35,21,14,72,36,36,71,36,35,40,17,23,26,11,15,10,2,8,1,0,1,0,0,0,27,27,6,9,8,2,1,2,1,23,15,8,1,25,0,4,6
55407461,2,55407460,,3,2,1,*,*,*,*,*,*,*,*,*,*,*,*,*,*,*,*,*,*,*,*,*,*,*,*,*,*,*,*,*,*,1,1,*,*,*,*,*,*,*,*,*,*,*,*,*,*,*
55407462,2,55407463,,10,7,3,*,*,*,*,*,*,*,*,*,*,*,*,*,*,*,*,*,*,*,*,*,*,*,*,*,*,*,*,*,*,4,4,*,*,*,*,*,*,*,*,*,*,*,*,*,*,*
55407463,1,,55407462,66,38,28,2,2,0,74,43,31,37,24,13,73,42,31,73,42,31,37,19,18,19,9,10,9,3,6,0,0,0,0,0,0,22,22,6,6,7,2,2,2,1,20,11,9,2,21,0,4,5
55407464,0,,,16,8,8,0,0,0,16,8,8,7,4,3,16,8,8,16,8,8,9,4,5,5,2,3,1,0,1,0,0,0,0,0,0,6,6,0,3,2,1,0,0,0,6,4,2,0,6,0,0,1
55407465,1,,55407475,56,30,26,5,2,3,54,30,24,29,17,12,52,28,24,52,28,24,25,13,12,17,9,8,5,4,1,1,1,0,0,0,0,15,15,2,2,5,2,4,0,1,14,5,9,1,15,0,1,1
55407466,0,,,12,8,4,0,0,0,12,8,4,9,6,3,12,8,4,12,8,4,3,2,1,2,1,1,1,0,1,0,0,0,0,0,0,4,4,0,2,1,0,1,0,0,4,3,1,0,2,0,0,0
55407467,0,,,132,68,64,14,7,7,118,61,57,75,44,31,117,61,56,116,61,55,43,17,26,20,4,16,6,1,5,0,0,0,0,0,0,42,42,6,11,8,10,2,5,0,36,24,12,5,33,0,4,5
55407468,0,,,44,24,20,5,5,0,39,19,20,23,12,11,38,18,20,38,18,20,16,7,9,8,3,5,3,1,2,0,0,0,0,0,0,12,12,0,3,3,4,0,1,1,12,6,6,2,9,0,0,2
55407469,0,,,238,132,106,24,15,9,200,109,91,143,80,63,196,109,87,189,105,84,57,29,28,31,16,15,6,2,4,1,0,1,5,3,2,99,99,39,24,15,11,1,6,3,59,43,16,6,39,9,6,4
55407470,0,,,44,24,20,3,1,2,41,23,18,19,12,7,40,22,18,40,22,18,22,11,11,12,5,7,5,1,4,0,0,0,0,0,0,13,13,1,4,3,2,0,3,0,12,5,7,0,10,0,0,2
55407471,2,55407481,,6,3,3,*,*,*,*,*,*,*,*,*,*,*,*,*,*,*,*,*,*,*,*,*,*,*,*,*,*,*,*,*,*,3,3,*,*,*,*,*,*,*,*,*,*,*,*,*,*,*
55407472,0,,,100,57,43,6,5,1,94,52,42,54,31,23,90,48,42,89,47,42,40,21,19,16,5,11,8,2,6,0,0,0,1,0,1,27,27,3,5,6,4,4,2,3,24,10,14,2,26,0,3,3
55407473,0,,,39,18,21,3,1,2,36,17,19,21,10,11,36,17,19,35,16,19,15,7,8,4,0,4,2,0,2,0,0,0,0,0,0,12,12,2,1,4,3,1,1,0,10,2,8,1,10,0,1,0
55407475,2,55407465,,3,2,1,*,*,*,*,*,*,*,*,*,*,*,*,*,*,*,*,*,*,*,*,*,*,*,*,*,*,*,*,*,*,1,1,*,*,*,*,*,*,*,*,*,*,*,*,*,*,*
55407476,2,55407477,,1,0,1,*,*,*,*,*,*,*,*,*,*,*,*,*,*,*,*,*,*,*,*,*,*,*,*,*,*,*,*,*,*,1,1,*,*,*,*,*,*,*,*,*,*,*,*,*,*,*
55407477,1,,55407476,106,55,51,7,4,3,100,51,49,55,29,26,98,49,49,97,48,49,45,22,23,22,10,12,8,3,5,1,0,1,0,0,0,35,35,6,10,10,4,3,2,1,30,20,10,0,28,0,2,5
55407478,0,,,148,75,73,22,12,10,126,63,63,68,37,31,123,61,62,121,60,61,58,26,32,28,11,17,11,2,9,1,0,1,0,0,0,47,47,9,12,11,6,2,3,4,38,20,18,4,37,0,8,5
55407479,0,,,168,95,73,14,9,5,149,82,67,95,56,39,144,80,64,143,80,63,54,26,28,22,10,12,9,4,5,0,0,0,9,6,3,77,77,31,22,11,8,2,3,0,46,34,12,5,33,5,4,10
55407480,0,,,24,12,12,2,1,1,22,11,11,15,7,8,21,11,10,20,11,9,7,4,3,5,2,3,2,0,2,0,0,0,0,0,0,5,5,1,0,0,2,0,0,2,4,2,2,0,4,0,1,0
55407481,1,,55407471;55407491,21,11,10,0,0,0,37,20,17,17,10,7,37,20,17,37,20,17,20,10,10,13,6,7,6,3,3,0,0,0,0,0,0,7,7,0,6,5,1,0,1,0,13,8,5,0,12,0,0,4
55407482,0,,,26,18,8,0,0,0,26,18,8,12,8,4,26,18,8,26,18,8,14,10,4,5,4,1,1,1,0,0,0,0,0,0,0,10,10,1,5,2,1,1,0,0,9,7,2,0,10,0,1,3
55407484,1,,55407485,11,6,5,0,0,0,18,10,8,11,6,5,18,10,8,18,10,8,7,4,3,5,3,2,2,2,0,0,0,0,0,0,0,4,4,1,0,2,1,0,0,1,4,3,1,0,4,0,1,0
55407485,2,55407484,,7,4,3,*,*,*,*,*,*,*,*,*,*,*,*,*,*,*,*,*,*,*,*,*,*,*,*,*,*,*,*,*,*,1,1,*,*,*,*,*,*,*,*,*,*,*,*,*,*,*
55407486,0,,,20,13,7,3,2,1,17,11,6,8,5,3,17,11,6,17,11,6,9,6,3,4,2,2,0,0,0,0,0,0,0,0,0,7,7,2,1,1,2,1,0,0,5,4,1,1,6,0,2,1
55407487,0,,,30,16,14,0,0,0,30,16,14,19,10,9,30,16,14,30,16,14,11,6,5,5,2,3,2,1,1,0,0,0,0,0,0,11,11,2,4,2,2,0,1,0,9,7,2,0,8,0,1,2
55407488,0,,,12,6,6,0,0,0,12,6,6,8,4,4,12,6,6,12,6,6,4,2,2,3,2,1,0,0,0,0,0,0,0,0,0,5,5,1,2,1,1,0,0,0,4,2,2,0,3,0,1,0
55407489,0,,,65,32,33,4,0,4,61,32,29,40,22,18,58,31,27,55,30,25,21,10,11,13,5,8,6,3,3,0,0,0,1,0,1,18,18,1,4,4,3,5,0,1,17,10,7,1,14,0,1,1
55407491,2,55407481,,10,6,4,*,*,*,*,*,*,*,*,*,*,*,*,*,*,*,*,*,*,*,*,*,*,*,*,*,*,*,*,*,*,3,3,*,*,*,*,*,*,*,*,*,*,*,*,*,*,*
55407492,0,,,10,6,4,0,0,0,10,6,4,5,3,2,10,6,4,10,6,4,5,3,2,2,2,0,1,1,0,0,0,0,0,0,0,5,5,1,3,1,0,0,0,0,4,4,0,0,3,0,1,1
55407494,0,,,21,10,11,3,1,2,18,9,9,10,6,4,18,9,9,17,8,9,8,3,5,3,1,2,1,0,1,0,0,0,0,0,0,6,6,0,2,1,1,2,0,0,6,3,3,0,5,0,0,1
55407495,0,,,15,6,9,4,2,2,11,4,7,7,2,5,11,4,7,11,4,7,4,2,2,1,0,1,0,0,0,0,0,0,0,0,0,4,4,1,1,0,0,1,0,1,3,1,2,1,3,0,1,1
55407496,0,,,32,17,15,0,0,0,32,17,15,18,11,7,30,16,14,29,15,14,14,6,8,8,3,5,3,2,1,1,0,1,0,0,0,9,9,1,2,3,1,0,1,1,8,4,4,0,7,0,1,1
55407497,0,,,91,46,45,9,2,7,82,44,38,46,26,20,78,41,37,78,41,37,36,18,18,19,9,10,8,4,4,1,1,0,0,0,0,27,27,2,7,6,7,3,1,1,24,14,10,2,22,0,2,5
55407498,0,,,80,36,44,10,4,6,70,32,38,43,21,22,66,31,35,65,30,35,27,11,16,19,8,11,7,3,4,0,0,0,0,0,0,24,24,3,9,4,1,2,2,3,21,9,12,1,19,0,3,4
55407499,0,,,53,23,30,3,1,2,50,22,28,30,15,15,49,21,28,47,19,28,20,7,13,10,2,8,4,0,4,1,0,1,0,0,0,16,16,2,4,3,4,0,3,0,14,5,9,1,13,0,2,1
55407500,0,,,13,7,6,2,1,1,11,6,5,8,3,5,11,6,5,11,6,5,3,3,0,2,2,0,0,0,0,0,0,0,0,0,0,6,6,1,4,0,1,0,0,0,5,4,1,0,3,0,0,0
55407501,0,,,44,25,19,6,4,2,38,21,17,17,9,8,38,21,17,38,21,17,21,12,9,7,4,3,2,1,1,1,0,1,0,0,0,18,18,5,6,3,2,2,0,0,13,10,3,1,14,0,3,4
55407502,0,,,133,64,69,10,8,2,123,56,67,79,38,41,118,54,64,117,53,64,44,18,26,31,10,21,14,4,10,1,0,1,0,0,0,42,42,8,9,8,8,4,4,1,34,17,17,5,31,0,5,4
55407503,0,,,119,62,57,13,8,5,106,54,52,59,33,26,101,53,48,97,51,46,47,21,26,26,8,18,14,6,8,2,0,2,0,0,0,38,38,9,10,8,1,4,1,5,29,16,13,3,27,0,6,2
55407504,0,,,19,8,11,4,1,3,15,7,8,9,5,4,14,7,7,14,7,7,6,2,4,2,0,2,1,0,1,0,0,0,0,0,0,4,4,0,1,1,0,0,1,1,4,1,3,0,4,0,0,0
55407505,2,55407515,,8,4,4,*,*,*,*,*,*,*,*,*,*,*,*,*,*,*,*,*,*,*,*,*,*,*,*,*,*,*,*,*,*,3,3,*,*,*,*,*,*,*,*,*,*,*,*,*,*,*
55407506,0,,,30,17,13,2,1,1,28,16,12,18,12,6,28,16,12,28,16,12,10,4,6,5,1,4,2,0,2,0,0,0,0,0,0,11,11,2,2,5,1,1,0,0,9,5,4,0,7,0,1,1
55407507,0,,,38,20,18,0,0,0,38,20,18,13,9,4,38,20,18,38,20,18,25,11,14,20,9,11,7,3,4,0,0,0,0,0,0,19,19,9,5,2,2,1,0,0,10,6,4,0,16,0,6,5
55407508,1,,55407509,30,16,14,3,2,1,29,15,14,16,9,7,27,14,13,27,14,13,13,6,7,7,2,5,7,2,5,1,0,1,0,0,0,10,10,1,4,4,0,1,1,0,10,8,2,0,9,0,0,1
55407509,2,55407508,,2,1,1,*,*,*,*,*,*,*,*,*,*,*,*,*,*,*,*,*,*,*,*,*,*,*,*,*,*,*,*,*,*,1,1,*,*,*,*,*,*,*,*,*,*,*,*,*,*,*
55407510,0,,,46,23,23,8,4,4,38,19,19,28,15,13,38,19,19,38,19,19,10,4,6,5,1,4,3,0,3,0,0,0,0,0,0,14,14,1,5,3,3,0,1,1,13,10,3,3,6,0,1,2
55407511,0,,,30,14,16,2,0,2,28,14,14,14,7,7,28,14,14,28,14,14,14,7,7,9,3,6,5,2,3,1,0,1,1,0,1,10,10,2,3,2,1,1,0,1,8,6,2,1,9,0,1,2
55407512,0,,,90,45,45,12,6,6,78,39,39,45,21,24,75,37,38,73,36,37,33,18,15,18,11,7,10,6,4,3,1,2,0,0,0,24,24,5,5,2,5,1,2,4,19,7,12,0,21,0,4,2
55407513,0,,,34,16,18,3,1,2,31,15,16,20,9,11,30,14,16,29,14,15,11,6,5,5,1,4,1,0,1,1,0,1,0,0,0,10,10,2,2,3,0,1,1,1,8,5,3,0,8,0,1,1
55407514,0,,,31,14,17,0,0,0,31,14,17,19,9,10,31,14,17,31,14,17,12,5,7,8,3,5,2,1,1,0,0,0,0,0,0,11,11,2,4,3,1,0,0,1,9,5,4,0,9,0,2,1
55407515,1,,55407505,43,22,21,1,1,0,50,25,25,25,17,8,50,25,25,48,23,25,25,8,17,9,2,7,6,2,4,0,0,0,0,0,0,15,15,3,5,5,2,3,0,0,15,8,7,0,17,0,2,3
55407516,1,,55407517,18,7,11,1,0,1,23,10,13,11,5,6,23,10,13,23,10,13,12,5,7,3,1,2,2,0,2,0,0,0,1,0,1,8,8,1,7,3,0,0,0,0,10,9,1,0,7,0,1,4
55407517,2,55407516,,6,3,3,*,*,*,*,*,*,*,*,*,*,*,*,*,*,*,*,*,*,*,*,*,*,*,*,*,*,*,*,*,*,3,3,*,*,*,*,*,*,*,*,*,*,*,*,*,*,*
55407518,2,55407527,,3,2,1,*,*,*,*,*,*,*,*,*,*,*,*,*,*,*,*,*,*,*,*,*,*,*,*,*,*,*,*,*,*,2,2,*,*,*,*,*,*,*,*,*,*,*,*,*,*,*
55407520,0,,,523,250,273,64,39,25,459,211,248,290,141,149,436,201,235,426,197,229,169,70,99,104,42,62,49,14,35,3,1,2,3,1,2,176,175,35,54,38,20,11,12,5,139,104,35,12,97,0,22,25
55407521,1,,55407522,169,81,88,20,9,11,155,72,83,106,52,54,142,66,76,138,66,72,49,20,29,24,9,15,10,3,7,1,0,1,0,0,0,62,62,20,18,15,7,3,2,3,46,36,10,4,32,2,9,7
55407522,2,55407521,,10,2,8,*,*,*,*,*,*,*,*,*,*,*,*,*,*,*,*,*,*,*,*,*,*,*,*,*,*,*,*,*,*,6,6,*,*,*,*,*,*,*,*,*,*,*,*,*,*,*
55407523,0,,,58,25,33,6,2,4,52,23,29,29,13,16,51,22,29,49,22,27,23,10,13,10,3,7,5,1,4,0,0,0,1,0,1,16,16,2,3,4,3,2,0,2,14,6,8,1,15,0,2,1
55407524,0,,,24,11,13,5,3,2,19,8,11,7,3,4,19,8,11,19,8,11,12,5,7,3,0,3,2,0,2,0,0,0,0,0,0,7,7,1,2,1,1,1,0,1,6,3,3,1,7,0,1,1
55407525,2,55407535,,3,2,1,*,*,*,*,*,*,*,*,*,*,*,*,*,*,*,*,*,*,*,*,*,*,*,*,*,*,*,*,*,*,2,2,*,*,*,*,*,*,*,*,*,*,*,*,*,*,*
55407526,0,,,9,4,5,0,0,0,9,4,5,2,1,1,9,4,5,9,4,5,7,3,4,3,1,2,2,1,1,0,0,0,0,0,0,4,4,1,1,2,0,0,0,0,3,1,2,0,4,0,1,0
55407527,1,,55407518;55407528,10,6,4,0,0,0,22,14,8,8,7,1,22,14,8,22,14,8,14,7,7,7,4,3,1,1,0,0,0,0,0,0,0,4,4,3,3,3,1,0,0,0,7,5,2,0,8,0,1,2
55407528,2,55407527,,9,6,3,*,*,*,*,*,*,*,*,*,*,*,*,*,*,*,*,*,*,*,*,*,*,*,*,*,*,*,*,*,*,4,4,*,*,*,*,*,*,*,*,*,*,*,*,*,*,*
55407530,0,,,1348,644,704,166,80,86,1174,560,614,732,378,354,1131,534,597,1112,521,591,442,182,260,246,91,155,84,21,63,10,1,9,42,31,11,567,567,219,138,85,65,34,17,9,345,254,91,41,305,28,94,59
55407531,0,,,52,29,23,4,4,0,48,25,23,30,16,14,44,24,20,43,23,20,18,9,9,9,4,5,3,1,2,1,0,1,0,0,0,20,20,6,4,5,3,1,1,0,14,11,3,0,11,0,4,3
55407533,1,,55407534;55407543,38,17,21,1,1,0,51,23,28,31,14,17,51,23,28,48,22,26,20,9,11,14,5,9,7,3,4,2,0,2,0,0,0,12,12,3,3,3,3,2,2,0,13,3,10,0,14,0,2,1
55407534,2,55407533,,3,1,2,*,*,*,*,*,*,*,*,*,*,*,*,*,*,*,*,*,*,*,*,*,*,*,*,*,*,*,*,*,*,1,1,*,*,*,*,*,*,*,*,*,*,*,*,*,*,*
55407535,1,,55407525,9,4,5,1,0,1,11,6,5,7,4,3,10,5,5,9,5,4,4,2,2,3,2,1,1,1,0,0,0,0,0,0,0,2,2,1,1,0,1,1,0,0,3,2,1,0,3,0,1,0
55407540,0,,,1236,576,660,135,64,71,1094,509,585,644,319,325,1065,493,572,1050,482,568,450,190,260,275,104,171,121,35,86,18,4,14,20,13,7,460,457,125,142,89,59,27,9,6,327,264,63,40,245,9,65,59
55407541,0,,,193,111,82,11,5,6,180,105,75,120,78,42,178,104,74,171,99,72,60,27,33,34,14,20,16,8,8,1,0,1,30,30,0,97,97,49,21,14,9,2,1,1,48,38,10,3,38,27,7,8
55407542,0,,,17,8,9,0,0,0,17,8,9,10,5,5,16,7,9,15,7,8,7,3,4,6,3,3,1,0,1,0,0,0,0,0,0,5,5,0,1,3,0,0,1,0,5,3,2,0,4,0,0,0
55407543,2,55407533,,11,6,5,*,*,*,*,*,*,*,*,*,*,*,*,*,*,*,*,*,*,*,*,*,*,*,*,*,*,*,*,*,*,3,3,*,*,*,*,*,*,*,*,*,*,*,*,*,*,*
55407546,2,55407556,,6,4,2,*,*,*,*,*,*,*,*,*,*,*,*,*,*,*,*,*,*,*,*,*,*,*,*,*,*,*,*,*,*,2,2,*,*,*,*,*,*,*,*,*,*,*,*,*,*,*
55407547,2,55407556,,6,4,2,*,*,*,*,*,*,*,*,*,*,*,*,*,*,*,*,*,*,*,*,*,*,*,*,*,*,*,*,*,*,2,2,*,*,*,*,*,*,*,*,*,*,*,*,*,*,*
55407548,2,55407558,,10,7,3,*,*,*,*,*,*,*,*,*,*,*,*,*,*,*,*,*,*,*,*,*,*,*,*,*,*,*,*,*,*,2,2,*,*,*,*,*,*,*,*,*,*,*,*,*,*,*
55407550,0,,,77,36,41,8,5,3,69,31,38,49,24,25,65,31,34,63,30,33,20,7,13,11,4,7,5,1,4,0,0,0,0,0,0,25,25,5,4,6,6,3,0,1,19,12,7,1,12,0,3,2
55407551,0,,,77,43,34,6,3,3,71,40,31,42,28,14,66,37,29,65,36,29,29,12,17,15,5,10,5,1,4,0,0,0,0,0,0,19,19,0,2,5,5,4,3,0,19,9,10,1,16,0,0,0
55407552,0,,,131,72,59,21,14,7,110,58,52,63,32,31,108,57,51,106,56,50,47,26,21,20,7,13,11,3,8,0,0,0,6,6,0,46,46,13,8,10,8,5,0,2,33,19,14,4,32,0,6,3
55407553,0,,,18,7,11,0,0,0,18,7,11,10,5,5,18,7,11,18,7,11,8,2,6,5,0,5,3,0,3,0,0,0,0,0,0,7,7,2,2,0,3,0,0,0,5,2,3,0,6,0,1,1
55407554,2,55407563,,12,4,8,*,*,*,*,*,*,*,*,*,*,*,*,*,*,*,*,*,*,*,*,*,*,*,*,*,*,*,*,*,*,3,3,*,*,*,*,*,*,*,*,*,*,*,*,*,*,*
55407555,2,55407556,,6,3,3,*,*,*,*,*,*,*,*,*,*,*,*,*,*,*,*,*,*,*,*,*,*,*,*,*,*,*,*,*,*,3,3,*,*,*,*,*,*,*,*,*,*,*,*,*,*,*
55407556,1,,55407546;55407547;55407555,43,22,21,1,1,0,60,32,28,38,23,15,58,31,27,57,30,27,22,9,13,11,4,7,7,4,3,0,0,0,1,0,1,15,15,4,8,3,4,2,1,0,18,12,6,0,15,0,3,1
55407557,0,,,15,8,7,0,0,0,15,8,7,9,6,3,15,8,7,15,8,7,6,2,4,4,2,2,2,1,1,0,0,0,0,0,0,8,8,4,2,1,1,0,0,0,4,2,2,0,5,0,2,1
55407558,1,,55407548,26,14,12,2,1,1,34,20,14,25,16,9,33,19,14,30,17,13,9,4,5,3,1,2,2,0,2,0,0,0,0,0,0,8,8,2,2,0,3,1,1,1,8,3,5,0,7,0,2,1
55407561,0,,,114,73,41,10,6,4,104,67,37,79,54,25,102,66,36,102,66,36,25,13,12,9,2,7,2,1,1,1,0,1,7,7,0,57,57,35,7,5,5,1,3,1,21,11,10,4,20,5,6,3
55407562,0,,,149,88,61,13,7,6,136,81,55,100,66,34,128,76,52,125,73,52,36,15,21,15,6,9,6,2,4,1,1,0,21,21,0,69,69,38,10,6,9,3,0,3,31,23,8,1,25,19,8,2
55407563,1,,55407554,41,14,27,6,1,5,47,17,30,27,10,17,41,15,26,41,15,26,20,7,13,7,1,6,5,0,5,0,0,0,0,0,0,12,12,2,3,2,3,3,2,0,13,7,6,1,11,0,1,1
55407566,1,,55407576,35,18,17,1,0,1,44,21,23,28,17,11,44,21,23,44,21,23,16,4,12,12,1,11,8,1,7,0,0,0,0,0,0,14,14,6,6,3,2,2,0,0,13,5,8,0,14,0,3,1
55407567,0,,,12,7,5,0,0,0,12,7,5,4,2,2,12,7,5,12,7,5,8,5,3,3,2,1,2,1,1,0,0,0,0,0,0,5,5,0,3,2,0,0,0,0,5,4,1,0,5,0,0,2
55407568,0,,,19,11,8,2,1,1,17,10,7,11,7,4,17,10,7,17,10,7,6,3,3,4,2,2,1,1,0,1,1,0,1,0,1,7,7,2,3,0,1,0,0,1,5,3,2,0,4,0,1,0
55407570,0,,,40,19,21,1,1,0,39,18,21,24,13,11,38,17,21,38,17,21,15,5,10,9,2,7,3,1,2,3,1,2,3,0,3,13,13,3,2,3,1,4,0,0,10,4,6,0,9,3,0,0
55407572,1,,55407573,148,71,77,7,4,3,144,68,76,88,43,45,141,67,74,138,65,73,56,25,31,33,13,20,11,5,6,3,0,3,0,0,0,47,47,7,11,12,9,5,3,1,40,18,22,1,35,0,3,5
55407573,2,55407572,,3,1,2,*,*,*,*,*,*,*,*,*,*,*,*,*,*,*,*,*,*,*,*,*,*,*,*,*,*,*,*,*,*,1,1,*,*,*,*,*,*,*,*,*,*,*,*,*,*,*
55407576,2,55407566,,10,3,7,*,*,*,*,*,*,*,*,*,*,*,*,*,*,*,*,*,*,*,*,*,*,*,*,*,*,*,*,*,*,5,5,*,*,*,*,*,*,*,*,*,*,*,*,*,*,*
55407580,0,,,59,32,27,0,0,0,59,32,27,27,18,9,59,32,27,57,30,27,32,14,18,14,5,9,4,1,3,0,0,0,0,0,0,18,18,2,2,7,5,0,2,0,16,10,6,0,17,0,1,2
55407581,0,,,14,7,7,0,0,0,14,7,7,8,5,3,14,7,7,14,7,7,6,2,4,3,1,2,2,1,1,0,0,0,0,0,0,4,4,0,1,2,0,0,1,0,4,2,2,0,4,0,0,1
55407582,1,,55407583,742,355,387,74,34,40,669,321,348,410,209,201,650,310,340,640,306,334,259,112,147,131,52,79,52,17,35,3,0,3,14,1,13,277,277,82,70,49,40,21,6,10,195,135,60,18,175,2,42,28
55407583,2,55407582,,1,0,1,*,*,*,*,*,*,*,*,*,*,*,*,*,*,*,*,*,*,*,*,*,*,*,*,*,*,*,*,*,*,1,1,*,*,*,*,*,*,*,*,*,*,*,*,*,*,*
55407586,1,,55407597,22,9,13,2,1,1,22,9,13,11,4,7,21,8,13,20,8,12,11,5,6,4,2,2,0,0,0,0,0,0,0,0,0,6,6,0,3,1,1,1,1,0,7,4,3,0,6,0,0,2
55407590,0,,,18,10,8,1,0,1,17,10,7,12,7,5,16,9,7,15,9,6,5,3,2,2,1,1,1,0,1,0,0,0,0,0,0,6,6,1,1,3,0,0,1,0,5,4,1,0,4,0,1,1
55407592,0,,,464,234,230,40,26,14,424,208,216,251,126,125,408,199,209,401,196,205,173,82,91,85,37,48,33,14,19,2,1,1,14,0,14,172,172,43,55,30,19,13,5,7,129,86,43,9,116,0,24,29
55407593,0,,,466,234,232,49,29,20,417,205,212,273,131,142,398,199,199,389,193,196,144,74,70,81,36,45,21,11,10,4,0,4,0,0,0,161,161,33,39,33,36,12,5,3,128,87,41,10,92,0,17,19
55407594,0,,,145,50,95,2,1,1,143,49,94,29,16,13,143,49,94,143,49,94,114,33,81,99,22,77,74,16,58,15,2,13,0,0,0,17,16,3,4,2,2,5,0,0,12,4,8,1,13,0,3,1
55407595,0,,,114,59,55,15,8,7,99,51,48,66,37,29,99,51,48,98,51,47,33,14,19,19,7,12,10,3,7,0,0,0,0,0,0,39,39,11,7,9,6,1,3,2,27,16,11,6,25,0,6,1
55407596,0,,,10,4,6,0,0,0,10,4,6,4,1,3,10,4,6,10,4,6,6,3,3,3,2,1,1,0,1,0,0,0,0,0,0,4,4,0,2,2,0,0,0,0,4,3,1,0,3,0,0,1
55407597,2,55407586,,2,1,1,*,*,*,*,*,*,*,*,*,*,*,*,*,*,*,*,*,*,*,*,*,*,*,*,*,*,*,*,*,*,1,1,*,*,*,*,*,*,*,*,*,*,*,*,*,*,*
55407601,2,55407611,,5,2,3,*,*,*,*,*,*,*,*,*,*,*,*,*,*,*,*,*,*,*,*,*,*,*,*,*,*,*,*,*,*,3,3,*,*,*,*,*,*,*,*,*,*,*,*,*,*,*
55407602,2,55407611,,6,3,3,*,*,*,*,*,*,*,*,*,*,*,*,*,*,*,*,*,*,*,*,*,*,*,*,*,*,*,*,*,*,2,2,*,*,*,*,*,*,*,*,*,*,*,*,*,*,*
55407603,2,55407611,,4,1,3,*,*,*,*,*,*,*,*,*,*,*,*,*,*,*,*,*,*,*,*,*,*,*,*,*,*,*,*,*,*,2,2,*,*,*,*,*,*,*,*,*,*,*,*,*,*,*
55407611,1,,55407601;55407602;55407603;55407622,24,11,13,0,0,0,42,19,23,19,10,9,41,18,23,40,17,23,23,9,14,16,5,11,7,3,4,0,0,0,0,0,0,9,9,5,6,4,2,1,0,0,13,10,3,0,14,0,4,6
55407614,2,55407647,,2,1,1,*,*,*,*,*,*,*,*,*,*,*,*,*,*,*,*,*,*,*,*,*,*,*,*,*,*,*,*,*,*,1,1,*,*,*,*,*,*,*,*,*,*,*,*,*,*,*
55407618,2,55407647,,3,1,2,*,*,*,*,*,*,*,*,*,*,*,*,*,*,*,*,*,*,*,*,*,*,*,*,*,*,*,*,*,*,2,2,*,*,*,*,*,*,*,*,*,*,*,*,*,*,*
55407621,1,,55407631;55407632,10,4,6,0,0,0,13,7,6,6,4,2,13,7,6,13,7,6,7,3,4,3,0,3,0,0,0,0,0,0,0,0,0,7,7,7,3,0,0,0,0,0,3,3,0,0,6,0,3,2
55407622,2,55407611,,3,2,1,*,*,*,*,*,*,*,*,*,*,*,*,*,*,*,*,*,*,*,*,*,*,*,*,*,*,*,*,*,*,2,2,*,*,*,*,*,*,*,*,*,*,*,*,*,*,*
55407625,2,55407647,,4,1,3,*,*,*,*,*,*,*,*,*,*,*,*,*,*,*,*,*,*,*,*,*,*,*,*,*,*,*,*,*,*,1,1,*,*,*,*,*,*,*,*,*,*,*,*,*,*,*
55407626,1,,55407636,16,6,10,2,1,1,19,8,11,11,5,6,19,8,11,19,8,11,8,3,5,4,1,3,4,1,3,0,0,0,0,0,0,5,5,1,1,1,1,1,1,0,5,1,4,2,6,0,1,1
55407631,2,55407621,,2,2,0,*,*,*,*,*,*,*,*,*,*,*,*,*,*,*,*,*,*,*,*,*,*,*,*,*,*,*,*,*,*,2,2,*,*,*,*,*,*,*,*,*,*,*,*,*,*,*
55407632,2,55407621,,1,1,0,*,*,*,*,*,*,*,*,*,*,*,*,*,*,*,*,*,*,*,*,*,*,*,*,*,*,*,*,*,*,1,1,*,*,*,*,*,*,*,*,*,*,*,*,*,*,*
55407636,2,55407626,,5,3,2,*,*,*,*,*,*,*,*,*,*,*,*,*,*,*,*,*,*,*,*,*,*,*,*,*,*,*,*,*,*,1,1,*,*,*,*,*,*,*,*,*,*,*,*,*,*,*
55407638,2,55407647,,5,2,3,*,*,*,*,*,*,*,*,*,*,*,*,*,*,*,*,*,*,*,*,*,*,*,*,*,*,*,*,*,*,3,3,*,*,*,*,*,*,*,*,*,*,*,*,*,*,*
55407640,0,,,10,6,4,0,0,0,10,6,4,3,2,1,10,6,4,10,6,4,7,4,3,3,2,1,1,1,0,0,0,0,0,0,0,5,5,2,1,2,0,0,0,0,3,2,1,0,5,0,2,1
55407645,2,55407647,,3,2,1,*,*,*,*,*,*,*,*,*,*,*,*,*,*,*,*,*,*,*,*,*,*,*,*,*,*,*,*,*,*,2,2,*,*,*,*,*,*,*,*,*,*,*,*,*,*,*
55407646,1,,55407655,15,6,9,0,0,0,18,8,10,4,0,4,18,8,10,18,8,10,14,8,6,8,5,3,1,0,1,0,0,0,0,0,0,7,7,1,7,1,0,0,0,0,8,6,2,0,9,0,1,5
55407647,1,,55407614;55407618;55407625;55407638;55407645;55407656,21,11,10,0,0,0,43,22,21,13,7,6,43,22,21,43,22,21,30,15,15,13,7,6,5,3,2,0,0,0,0,0,0,9,9,8,10,1,3,0,0,0,14,11,3,0,18,0,6,7
55407650,0,,,22,10,12,1,0,1,21,10,11,14,7,7,20,9,11,20,9,11,7,3,4,4,1,3,2,1,1,1,0,1,0,0,0,6,6,1,0,2,1,1,1,0,5,1,4,0,4,0,0,0
55407655,2,55407646,,3,2,1,*,*,*,*,*,*,*,*,*,*,*,*,*,*,*,*,*,*,*,*,*,*,*,*,*,*,*,*,*,*,2,2,*,*,*,*,*,*,*,*,*,*,*,*,*,*,*
55407656,2,55407647,,5,4,1,*,*,*,*,*,*,*,*,*,*,*,*,*,*,*,*,*,*,*,*,*,*,*,*,*,*,*,*,*,*,4,4,*,*,*,*,*,*,*,*,*,*,*,*,*,*,*
55407657,2,55407667,,1,1,0,*,*,*,*,*,*,*,*,*,*,*,*,*,*,*,*,*,*,*,*,*,*,*,*,*,*,*,*,*,*,1,1,*,*,*,*,*,*,*,*,*,*,*,*,*,*,*
55407660,0,,,14,6,8,0,0,0,14,6,8,9,3,6,13,6,7,13,6,7,5,3,2,3,1,2,3,1,2,0,0,0,1,0,1,5,5,0,1,4,0,0,0,0,5,4,1,0,3,0,0,1
55407661,0,,,19,8,11,0,0,0,19,8,11,11,5,6,19,8,11,18,8,10,8,3,5,7,3,4,5,2,3,1,0,1,0,0,0,10,10,5,2,2,1,0,0,0,5,3,2,0,7,0,4,0
55407665,2,55407676,,4,2,2,*,*,*,*,*,*,*,*,*,*,*,*,*,*,*,*,*,*,*,*,*,*,*,*,*,*,*,*,*,*,1,1,*,*,*,*,*,*,*,*,*,*,*,*,*,*,*
55407667,1,,55407657,20,12,8,0,0,0,21,13,8,8,6,2,21,13,8,21,13,8,13,7,6,9,4,5,2,1,1,0,0,0,1,0,1,12,12,6,6,1,0,0,0,0,7,6,1,0,10,0,4,3
55407670,2,55407671,,2,1,1,*,*,*,*,*,*,*,*,*,*,*,*,*,*,*,*,*,*,*,*,*,*,*,*,*,*,*,*,*,*,1,1,*,*,*,*,*,*,*,*,*,*,*,*,*,*,*
55407671,1,,55407670,45,22,23,3,2,1,43,21,22,17,10,7,43,21,22,43,21,22,26,11,15,16,6,10,9,3,6,0,0,0,1,0,1,22,22,8,10,3,0,2,0,0,15,12,3,1,18,0,6,6
55407676,1,,55407665,62,33,29,3,3,0,63,32,31,16,8,8,63,32,31,63,32,31,47,24,23,27,13,14,10,5,5,0,0,0,0,0,0,27,27,5,14,5,2,2,0,0,23,16,7,1,27,0,5,11
55407677,0,,,86,40,46,2,1,1,84,39,45,29,9,20,84,39,45,84,39,45,55,30,25,23,9,14,13,4,9,2,0,2,0,0,0,37,37,4,20,10,3,0,0,0,32,23,9,1,33,0,3,13
55407682,0,,,38,19,19,0,0,0,38,19,19,17,9,8,38,19,19,38,19,19,21,10,11,14,6,8,7,3,4,1,1,0,0,0,0,16,16,3,7,3,3,0,0,0,13,6,7,0,15,0,3,4
55407684,2,55407695,,2,1,1,*,*,*,*,*,*,*,*,*,*,*,*,*,*,*,*,*,*,*,*,*,*,*,*,*,*,*,*,*,*,1,1,*,*,*,*,*,*,*,*,*,*,*,*,*,*,*
55407686,0,,,40,20,20,0,0,0,40,20,20,27,14,13,40,20,20,40,20,20,13,6,7,8,2,6,4,2,2,0,0,0,0,0,0,20,20,8,5,6,1,0,0,0,12,8,4,0,8,1,0,3
55407687,0,,,31,15,16,0,0,0,31,15,16,10,6,4,31,15,16,31,15,16,21,9,12,9,4,5,5,2,3,0,0,0,0,0,0,13,13,2,5,5,1,0,0,0,11,8,3,0,13,0,2,4
55407692,0,,,13,6,7,0,0,0,13,6,7,4,2,2,13,6,7,13,6,7,9,4,5,3,1,2,1,0,1,0,0,0,1,0,1,6,6,0,5,1,0,0,0,0,6,6,0,0,5,0,0,3
55407693,0,,,12,5,7,0,0,0,11,5,6,2,0,2,11,5,6,11,5,6,9,5,4,2,1,1,1,1,0,0,0,0,0,0,0,6,6,1,4,1,0,0,0,0,5,4,1,0,5,0,0,3
55407694,2,55407695,,6,4,2,*,*,*,*,*,*,*,*,*,*,*,*,*,*,*,*,*,*,*,*,*,*,*,*,*,*,*,*,*,*,4,4,*,*,*,*,*,*,*,*,*,*,*,*,*,*,*
55407695,1,,55407684;55407694,230,128,102,42,23,19,190,104,86,122,67,55,187,103,84,187,103,84,68,37,31,33,17,16,16,6,10,1,0,1,2,0,2,130,130,76,37,7,9,5,1,0,58,52,6,11,52,2,27,12
55407696,0,,,199,95,104,16,4,12,182,91,91,94,51,43,179,90,89,179,90,89,88,40,48,51,20,31,22,9,13,2,0,2,0,0,0,99,99,39,37,11,7,5,0,0,60,47,13,4,63,1,23,16
55407697,0,,,10,6,4,0,0,0,10,6,4,1,1,0,10,6,4,10,6,4,9,5,4,2,1,1,1,0,1,0,0,0,0,0,0,5,5,1,3,1,0,0,0,0,4,4,0,0,5,0,1,2
55407707,0,,,14,7,7,1,1,0,13,6,7,11,6,5,12,6,6,12,6,6,2,0,2,2,0,2,1,0,1,0,0,0,0,0,0,5,5,1,0,3,1,0,0,0,4,2,2,1,2,0,0,0
55407709,0,,,166,92,74,8,2,6,158,90,68,82,55,27,155,87,68,155,87,68,76,35,41,39,17,22,16,9,7,2,2,0,0,0,0,86,86,38,27,12,7,2,0,0,48,39,9,1,47,6,10,16
55407719,0,,,471,252,219,45,24,21,426,228,198,241,136,105,422,226,196,417,223,194,185,92,93,96,40,56,31,10,21,2,1,1,2,1,1,230,230,102,59,39,18,10,2,0,127,99,28,14,130,5,40,36
55407726,2,55407736,,10,6,4,*,*,*,*,*,*,*,*,*,*,*,*,*,*,*,*,*,*,*,*,*,*,*,*,*,*,*,*,*,*,5,5,*,*,*,*,*,*,*,*,*,*,*,*,*,*,*
55407727,2,55407737,,7,4,3,*,*,*,*,*,*,*,*,*,*,*,*,*,*,*,*,*,*,*,*,*,*,*,*,*,*,*,*,*,*,2,2,*,*,*,*,*,*,*,*,*,*,*,*,*,*,*
55407728,0,,,74,38,36,2,1,1,72,37,35,35,21,14,72,37,35,71,37,34,37,16,21,25,9,16,6,1,5,0,0,0,0,0,0,29,29,7,11,4,4,2,0,1,22,14,8,1,25,0,6,6
55407729,0,,,121,63,58,10,4,6,111,59,52,60,35,25,108,57,51,105,57,48,51,24,27,27,12,15,8,3,5,1,0,1,0,0,0,59,59,26,18,7,4,3,0,1,33,28,5,2,31,2,7,15
55407731,2,55407736,,2,2,0,*,*,*,*,*,*,*,*,*,*,*,*,*,*,*,*,*,*,*,*,*,*,*,*,*,*,*,*,*,*,1,1,*,*,*,*,*,*,*,*,*,*,*,*,*,*,*
55407735,2,55407736,,1,1,0,*,*,*,*,*,*,*,*,*,*,*,*,*,*,*,*,*,*,*,*,*,*,*,*,*,*,*,*,*,*,1,1,*,*,*,*,*,*,*,*,*,*,*,*,*,*,*
55407736,1,,55407726;55407731;55407735;55407790,15,8,7,5,2,3,29,18,11,12,10,2,29,18,11,29,18,11,17,8,9,13,5,8,5,2,3,0,0,0,0,0,0,6,6,4,10,1,0,0,0,1,12,10,2,2,11,0,2,5
55407737,1,,55407727,55,31,24,0,0,0,62,35,27,31,19,12,62,35,27,62,35,27,31,16,15,19,8,11,10,3,7,0,0,0,0,0,0,23,23,4,10,8,1,2,0,0,20,12,8,0,21,0,3,5
55407738,0,,,143,82,61,13,3,10,120,69,51,82,48,34,120,69,51,120,69,51,38,21,17,18,10,8,4,1,3,1,0,1,0,0,0,82,74,37,27,4,3,1,0,2,37,30,7,4,25,4,2,16
55407739,0,,,576,305,271,60,34,26,513,268,245,282,166,116,501,261,240,498,261,237,231,102,129,131,48,83,34,10,24,2,1,1,7,7,0,289,289,124,96,34,22,8,5,0,163,145,18,16,159,14,57,49
55407748,0,,,36,31,5,3,2,1,20,16,4,16,14,2,20,16,4,20,16,4,4,2,2,0,0,0,0,0,0,0,0,0,1,1,0,29,4,1,0,2,1,0,0,0,3,2,1,1,2,1,0,0
55407749,0,,,175,98,77,7,2,5,156,84,72,82,47,35,155,84,71,154,83,71,74,37,37,34,13,21,13,4,9,0,0,0,3,3,0,106,106,65,27,4,8,0,2,0,41,34,7,2,53,4,25,13
55407758,0,,,52,25,27,4,1,3,47,23,24,25,12,13,46,23,23,46,23,23,22,11,11,5,2,3,2,1,1,0,0,0,1,0,1,24,22,3,13,4,1,1,0,0,18,16,2,2,14,0,1,8
55407759,0,,,198,124,74,16,11,5,180,111,69,116,75,41,178,111,67,176,110,66,64,36,28,16,8,8,4,2,2,0,0,0,1,0,1,114,95,45,30,13,3,1,3,0,50,45,5,4,44,5,15,14
55407767,0,,,51,29,22,7,4,3,44,25,19,27,16,11,44,25,19,44,25,19,17,9,8,9,4,5,3,1,2,0,0,0,0,0,0,20,20,4,8,3,4,0,1,0,16,11,5,2,12,0,2,4
55407768,0,,,36,18,18,4,1,3,32,17,15,17,9,8,32,17,15,32,17,15,15,8,7,9,5,4,3,1,2,0,0,0,0,0,0,14,14,4,3,3,3,1,0,0,10,7,3,2,8,0,1,1
55407769,0,,,22,12,10,0,0,0,22,12,10,14,9,5,22,12,10,22,12,10,8,3,5,6,2,4,2,0,2,0,0,0,0,0,0,11,11,3,6,1,1,0,0,0,8,7,1,0,6,0,1,1
55407777,1,,55407788;55407797,36,21,15,2,1,1,37,23,14,18,13,5,36,22,14,36,22,14,19,10,9,14,7,7,7,3,4,0,0,0,0,0,0,17,17,7,8,1,2,1,0,0,12,8,4,0,15,0,4,3
55407778,1,,55407789,26,13,13,0,0,0,29,14,15,11,3,8,29,14,15,28,14,14,18,11,7,5,3,2,2,1,1,0,0,0,0,0,0,12,12,2,9,3,0,0,0,0,12,12,0,0,12,0,2,8
55407788,2,55407777,,1,1,0,*,*,*,*,*,*,*,*,*,*,*,*,*,*,*,*,*,*,*,*,*,*,*,*,*,*,*,*,*,*,1,1,*,*,*,*,*,*,*,*,*,*,*,*,*,*,*
55407789,2,55407778,,3,1,2,*,*,*,*,*,*,*,*,*,*,*,*,*,*,*,*,*,*,*,*,*,*,*,*,*,*,*,*,*,*,2,2,*,*,*,*,*,*,*,*,*,*,*,*,*,*,*
55407790,2,55407736,,6,3,3,*,*,*,*,*,*,*,*,*,*,*,*,*,*,*,*,*,*,*,*,*,*,*,*,*,*,*,*,*,*,3,3,*,*,*,*,*,*,*,*,*,*,*,*,*,*,*
55407797,2,55407777,,2,2,0,*,*,*,*,*,*,*,*,*,*,*,*,*,*,*,*,*,*,*,*,*,*,*,*,*,*,*,*,*,*,1,1,*,*,*,*,*,*,*,*,*,*,*,*,*,*,*
55407798,2,55407799,,9,7,2,*,*,*,*,*,*,*,*,*,*,*,*,*,*,*,*,*,*,*,*,*,*,*,*,*,*,*,*,*,*,6,5,*,*,*,*,*,*,*,*,*,*,*,*,*,*,*
55407799,1,,55407798,27,13,14,0,0,0,36,20,16,16,11,5,36,20,16,36,20,16,20,9,11,8,3,5,3,1,2,0,0,0,0,0,0,14,14,6,10,3,0,0,0,0,13,12,1,0,12,1,2,6
55415070,0,,,109,57,52,10,3,7,99,54,45,59,36,23,98,53,45,96,52,44,40,18,22,19,8,11,5,1,4,0,0,0,0,0,0,47,47,13,17,11,1,5,0,0,34,26,8,4,26,0,4,4
55416020,2,55416030,,4,2,2,*,*,*,*,*,*,*,*,*,*,*,*,*,*,*,*,*,*,*,*,*,*,*,*,*,*,*,*,*,*,1,1,*,*,*,*,*,*,*,*,*,*,*,*,*,*,*
55416030,1,,55416020,13,7,6,2,1,1,15,8,7,9,6,3,14,7,7,14,7,7,6,2,4,2,1,1,1,0,1,0,0,0,0,0,0,6,5,2,1,1,1,1,0,0,4,3,1,0,4,0,1,1
55416040,0,,,34,21,13,0,0,0,31,19,12,23,16,7,30,19,11,30,19,11,8,3,5,5,1,4,3,0,3,0,0,0,0,0,0,16,16,9,3,1,1,1,0,1,7,5,2,0,6,1,2,1
55416050,0,,,483,311,172,40,24,16,384,231,153,285,186,99,323,196,127,302,182,120,99,45,54,44,13,31,14,0,14,2,0,2,2,2,0,263,261,192,33,21,11,2,2,0,69,57,12,7,75,17,37,12
55416060,0,,,808,521,287,31,14,17,663,399,264,398,287,111,648,392,256,641,389,252,265,112,153,151,51,100,88,20,68,16,0,16,10,7,3,452,443,335,55,24,19,5,4,1,104,89,15,6,110,39,46,30
55416070,0,,,499,322,177,18,5,13,399,239,160,282,183,99,387,234,153,381,230,151,117,56,61,41,15,26,10,2,8,2,0,2,4,1,3,311,309,202,61,25,16,3,1,1,107,95,12,4,78,16,20,23
55416080,0,,,30,17,13,6,5,1,24,12,12,16,6,10,24,12,12,24,12,12,8,6,2,3,2,1,2,1,1,0,0,0,0,0,0,9,9,1,2,1,3,2,0,0,8,3,5,2,5,0,1,0
55416090,0,,,51,26,25,0,0,0,51,26,25,24,14,10,51,26,25,51,26,25,27,12,15,16,7,9,6,1,5,0,0,0,0,0,0,25,25,7,12,4,2,0,0,0,18,15,3,0,19,0,3,4
55417000,0,,,139,72,67,9,6,3,130,66,64,68,35,33,130,66,64,130,66,64,62,31,31,28,11,17,11,5,6,0,0,0,0,0,0,58,58,13,22,16,4,1,1,1,45,36,9,2,45,0,9,12
55417010,0,,,172,100,72,8,5,3,164,95,69,88,59,29,162,93,69,161,93,68,76,36,40,39,18,21,11,4,7,1,0,1,0,0,0,85,85,32,33,11,6,1,2,0,52,44,8,2,46,2,8,18
55417020,0,,,164,103,61,9,4,5,151,95,56,103,68,35,146,92,54,144,91,53,48,27,21,22,13,9,1,1,0,0,0,0,0,0,0,90,90,44,31,8,3,2,2,0,46,43,3,3,30,4,4,16
55417021,0,,,88,32,56,5,1,4,83,31,52,17,9,8,82,30,52,82,30,52,66,22,44,58,20,38,42,11,31,7,2,5,0,0,0,13,12,2,4,1,4,1,0,0,10,7,3,2,9,0,2,4
55417030,0,,,403,291,112,14,11,3,373,264,109,293,228,65,370,263,107,369,262,107,80,36,44,47,16,31,12,2,10,1,0,1,5,2,3,302,302,234,49,10,4,5,0,0,67,59,8,7,60,52,22,21
55417031,0,,,23,12,11,1,1,0,22,11,11,16,8,8,21,10,11,21,10,11,6,3,3,5,2,3,2,0,2,0,0,0,0,0,0,9,9,1,4,2,2,0,0,0,8,6,2,1,4,0,0,0
55417040,0,,,153,88,65,14,7,7,137,79,58,90,55,35,135,78,57,135,78,57,47,24,23,21,8,13,8,2,6,1,0,1,2,0,2,84,84,43,24,9,6,1,1,0,40,35,5,6,35,1,16,8
55417041,0,,,22,14,8,1,1,0,21,13,8,14,8,6,20,12,8,20,12,8,7,5,2,2,1,1,1,0,1,1,0,1,0,0,0,9,9,3,2,2,1,1,0,0,6,5,1,0,5,0,2,1
55417050,0,,,133,99,34,6,2,4,124,94,30,88,73,15,123,94,29,122,94,28,36,21,15,15,7,8,7,5,2,0,0,0,0,0,0,91,91,66,15,5,3,2,0,0,24,21,3,0,21,13,4,9
55417051,1,,55417061,19,10,9,5,1,4,34,25,9,26,20,6,34,25,9,34,25,9,8,5,3,1,0,1,0,0,0,0,0,0,0,0,0,9,9,15,4,4,1,0,0,0,9,8,1,3,6,2,4,1
55417060,0,,,10,5,5,0,0,0,10,5,5,1,1,0,10,5,5,10,5,5,9,4,5,3,1,2,1,1,0,0,0,0,0,0,0,5,5,1,3,1,0,0,0,0,4,3,1,0,5,0,1,2
55417061,2,55417051,,20,16,4,*,*,*,*,*,*,*,*,*,*,*,*,*,*,*,*,*,*,*,*,*,*,*,*,*,*,*,*,*,*,15,15,*,*,*,*,*,*,*,*,*,*,*,*,*,*,*
55417070,0,,,4,4,0,0,0,0,4,4,0,3,3,0,4,4,0,4,4,0,1,1,0,0,0,0,0,0,0,0,0,0,0,0,0,4,4,4,0,0,0,0,0,0,0,0,0,0,1,1,1,0
55417071,0,,,5,5,0,0,0,0,4,4,0,4,4,0,4,4,0,4,4,0,0,0,0,0,0,0,0,0,0,0,0,0,0,0,0,5,5,5,0,0,0,0,0,0,0,0,0,0,0,0,0,0
55417080,0,,,23,17,6,0,0,0,19,13,6,12,8,4,19,13,6,19,13,6,7,5,2,1,0,1,1,0,1,0,0,0,1,0,1,15,15,9,4,2,0,0,0,0,6,6,0,0,5,0,2,1
55417090,0,,,93,55,38,4,0,4,89,55,34,59,37,22,89,55,34,89,55,34,30,18,12,17,10,7,4,1,3,0,0,0,0,0,0,54,54,25,20,8,1,0,0,0,29,24,5,1,21,0,3,8
55417091,0,,,122,103,19,0,0,0,119,101,18,105,92,13,119,101,18,118,100,18,14,9,5,3,1,2,2,1,1,0,0,0,0,0,0,110,110,98,12,0,0,0,0,0,10,9,1,0,11,22,7,3
56390204,0,,,27,14,13,2,2,0,25,12,13,13,7,6,25,12,13,25,12,13,12,5,7,8,4,4,3,1,2,0,0,0,0,0,0,12,12,5,4,0,1,2,0,0,7,4,3,0,8,0,2,2
56390205,0,,,30,17,13,5,3,2,25,14,11,15,8,7,25,14,11,24,14,10,10,6,4,7,4,3,2,2,0,0,0,0,0,0,0,10,10,2,5,1,0,0,1,1,8,6,2,1,7,0,1,2
56390206,0,,,25,13,12,0,0,0,25,13,12,17,8,9,23,12,11,23,12,11,8,5,3,4,2,2,2,0,2,0,0,0,0,0,0,10,10,3,1,4,2,0,0,0,7,6,1,0,6,0,2,0
56390214,0,,,84,41,43,6,4,2,78,37,41,39,19,20,76,37,39,76,37,39,39,18,21,23,9,14,11,5,6,0,0,0,0,0,0,36,36,8,18,3,5,1,1,0,28,21,7,1,25,0,7,8
56390215,0,,,578,316,262,54,31,23,524,285,239,289,180,109,489,261,228,479,254,225,235,105,130,139,64,75,59,26,33,4,3,1,2,1,1,257,256,99,91,29,18,10,6,3,157,128,29,11,156,20,42,52
56390225,0,,,276,127,149,21,12,9,254,114,140,127,58,69,251,112,139,248,112,136,127,56,71,74,36,38,22,8,14,1,0,1,2,0,2,133,133,49,46,21,15,1,0,1,82,63,19,10,80,10,23,27
56390232,2,56390233,,1,1,0,*,*,*,*,*,*,*,*,*,*,*,*,*,*,*,*,*,*,*,*,*,*,*,*,*,*,*,*,*,*,1,1,*,*,*,*,*,*,*,*,*,*,*,*,*,*,*
56390233,1,,56390232;56390234,28,11,17,1,0,1,30,13,17,12,5,7,30,13,17,30,13,17,18,8,10,12,5,7,5,1,4,0,0,0,0,0,0,13,13,3,9,2,1,0,0,0,12,9,3,1,11,0,2,3
56390234,2,56390233,,2,1,1,*,*,*,*,*,*,*,*,*,*,*,*,*,*,*,*,*,*,*,*,*,*,*,*,*,*,*,*,*,*,1,1,*,*,*,*,*,*,*,*,*,*,*,*,*,*,*
56390235,0,,,35,17,18,2,0,2,33,17,16,21,11,10,32,17,15,31,16,15,12,6,6,10,5,5,3,2,1,0,0,0,0,0,0,14,14,4,3,5,1,0,1,0,10,6,4,0,8,0,1,2
56390245,1,,56390255,75,32,43,3,1,2,77,35,42,33,17,16,77,35,42,77,35,42,44,18,26,30,12,18,14,3,11,2,0,2,0,0,0,37,37,15,14,4,2,2,0,1,23,19,4,2,28,0,10,8
56390255,2,56390245,,5,4,1,*,*,*,*,*,*,*,*,*,*,*,*,*,*,*,*,*,*,*,*,*,*,*,*,*,*,*,*,*,*,1,1,*,*,*,*,*,*,*,*,*,*,*,*,*,*,*
56390256,0,,,83,39,44,6,3,3,77,36,41,31,16,15,75,35,40,75,35,40,46,20,26,28,12,16,12,4,8,0,0,0,1,0,1,37,37,10,17,5,2,2,1,0,27,17,10,1,33,0,10,7
56390257,0,,,79,38,41,4,1,3,75,37,38,37,24,13,74,36,38,73,35,38,38,13,25,23,7,16,10,3,7,0,0,0,0,0,0,37,37,13,14,6,2,0,2,0,23,18,5,2,27,0,10,5
56390267,1,,56390268,20,11,9,2,0,2,25,15,10,14,9,5,25,15,10,25,15,10,11,6,5,8,5,3,2,1,1,1,0,1,0,0,0,5,5,1,1,4,1,0,0,1,7,3,4,1,7,0,1,0
56390268,2,56390267,,7,4,3,*,*,*,*,*,*,*,*,*,*,*,*,*,*,*,*,*,*,*,*,*,*,*,*,*,*,*,*,*,*,3,3,*,*,*,*,*,*,*,*,*,*,*,*,*,*,*
56390278,1,,56390279,40,21,19,2,1,1,48,27,21,14,8,6,48,27,21,48,27,21,34,19,15,16,10,6,4,1,3,0,0,0,0,0,0,18,18,9,7,5,1,0,0,1,14,11,3,0,21,0,8,7
56390279,2,56390278,,10,7,3,*,*,*,*,*,*,*,*,*,*,*,*,*,*,*,*,*,*,*,*,*,*,*,*,*,*,*,*,*,*,5,5,*,*,*,*,*,*,*,*,*,*,*,*,*,*,*
56390307,0,,,11,4,7,0,0,0,11,4,7,7,2,5,11,4,7,10,4,6,4,2,2,1,1,0,0,0,0,0,0,0,0,0,0,4,4,1,1,0,2,0,0,0,2,2,0,0,2,0,0,0
56390308,0,,,47,28,19,2,1,1,45,27,18,18,11,7,45,27,18,45,27,18,27,16,11,19,10,9,5,2,3,1,0,1,1,0,1,24,24,9,10,4,0,0,1,0,15,14,1,0,18,0,5,7
56390309,1,,56390319,20,11,9,0,0,0,24,13,11,10,7,3,24,13,11,24,13,11,14,6,8,7,2,5,6,1,5,0,0,0,0,0,0,11,11,4,5,2,1,0,0,0,8,5,3,0,8,0,1,3
56390318,0,,,19,9,10,2,2,0,17,7,10,11,4,7,17,7,10,17,7,10,6,3,3,3,1,2,1,0,1,0,0,0,0,0,0,8,8,4,1,0,2,1,0,0,4,3,1,0,5,0,2,1
56390319,2,56390309,,4,2,2,*,*,*,*,*,*,*,*,*,*,*,*,*,*,*,*,*,*,*,*,*,*,*,*,*,*,*,*,*,*,1,1,*,*,*,*,*,*,*,*,*,*,*,*,*,*,*
56390326,0,,,10,4,6,0,0,0,10,4,6,3,1,2,10,4,6,10,4,6,7,3,4,3,1,2,0,0,0,0,0,0,0,0,0,5,5,1,3,1,0,0,0,0,4,3,1,0,4,0,0,3
56390335,0,,,23,11,12,0,0,0,23,11,12,6,3,3,23,11,12,23,11,12,17,8,9,9,3,6,5,1,4,0,0,0,0,0,0,13,13,6,4,3,0,0,0,0,7,5,2,0,11,0,4,3
56390345,0,,,19,11,8,1,1,0,18,10,8,7,4,3,18,10,8,18,10,8,11,6,5,9,5,4,5,2,3,0,0,0,0,0,0,8,8,2,3,1,2,0,0,0,6,4,2,0,8,0,2,2
56390362,2,56390372,,5,2,3,*,*,*,*,*,*,*,*,*,*,*,*,*,*,*,*,*,*,*,*,*,*,*,*,*,*,*,*,*,*,4,4,*,*,*,*,*,*,*,*,*,*,*,*,*,*,*
56390364,0,,,44,23,21,1,1,0,43,22,21,19,11,8,43,22,21,43,22,21,24,11,13,16,6,10,4,2,2,0,0,0,0,0,0,23,23,11,7,2,2,1,0,0,12,10,2,0,16,1,7,5
56390371,0,,,21,12,9,0,0,0,21,12,9,7,5,2,20,11,9,20,11,9,14,7,7,7,3,4,3,1,2,0,0,0,0,0,0,11,11,5,4,1,0,1,0,0,6,4,2,0,10,0,4,3
56390372,1,,56390362,85,40,45,2,2,0,88,40,48,27,13,14,88,40,48,88,40,48,61,27,34,37,14,23,19,6,13,1,0,1,4,3,1,48,48,22,23,6,1,0,0,0,30,28,2,1,45,0,20,12
56390373,0,,,100,51,49,0,0,0,100,51,49,34,19,15,99,50,49,99,50,49,66,32,34,42,21,21,21,10,11,1,1,0,0,0,0,52,52,19,22,8,2,1,0,0,33,29,4,0,43,0,16,13
56390374,0,,,101,52,49,9,4,5,92,48,44,43,26,17,92,48,44,92,48,44,49,22,27,30,13,17,11,4,7,2,0,2,2,0,2,53,53,21,20,8,4,0,0,0,31,26,5,3,30,3,7,12
56390375,0,,,110,59,51,10,8,2,100,51,49,44,25,19,100,51,49,98,49,49,56,26,30,29,13,16,10,5,5,1,1,0,0,0,0,52,52,17,22,5,6,2,0,0,35,30,5,1,43,0,15,13
56390376,0,,,33,13,20,2,0,2,31,13,18,15,5,10,31,13,18,31,13,18,16,8,8,7,1,6,3,0,3,0,0,0,0,0,0,17,17,6,7,3,1,0,0,0,11,8,3,0,15,0,6,2
56390377,1,,56390387,40,19,21,6,3,3,41,18,23,12,6,6,41,18,23,41,18,23,29,12,17,16,6,10,4,1,3,1,0,1,0,0,0,17,17,7,11,2,0,1,0,1,15,12,3,2,18,0,7,7
56390387,2,56390377,,7,2,5,*,*,*,*,*,*,*,*,*,*,*,*,*,*,*,*,*,*,*,*,*,*,*,*,*,*,*,*,*,*,5,5,*,*,*,*,*,*,*,*,*,*,*,*,*,*,*
56390408,1,,56390409,143,70,73,9,4,5,141,70,71,61,34,27,140,69,71,139,69,70,80,36,44,55,23,32,23,11,12,4,3,1,1,0,1,71,71,29,22,14,6,1,1,0,43,32,11,5,53,0,19,17
56390409,2,56390408,,7,4,3,*,*,*,*,*,*,*,*,*,*,*,*,*,*,*,*,*,*,*,*,*,*,*,*,*,*,*,*,*,*,2,2,*,*,*,*,*,*,*,*,*,*,*,*,*,*,*
56390417,0,,,27,16,11,1,0,1,26,16,10,15,11,4,25,15,10,25,15,10,11,5,6,5,2,3,3,0,3,0,0,0,0,0,0,12,12,4,3,4,0,1,0,0,8,6,2,0,6,0,1,2
56390418,0,,,42,22,20,0,0,0,42,22,20,10,4,6,42,22,20,42,22,20,32,18,14,17,9,8,8,4,4,0,0,0,1,0,1,25,25,9,15,1,0,0,0,0,16,14,2,0,21,0,6,12
56390426,1,,56390427,85,42,43,2,1,1,89,44,45,19,13,6,89,44,45,89,44,45,70,31,39,49,20,29,20,8,12,2,1,1,0,0,0,48,48,22,23,4,1,0,0,1,28,24,4,0,46,0,19,15
56390427,2,56390426,,6,3,3,*,*,*,*,*,*,*,*,*,*,*,*,*,*,*,*,*,*,*,*,*,*,*,*,*,*,*,*,*,*,3,3,*,*,*,*,*,*,*,*,*,*,*,*,*,*,*
56390435,0,,,86,46,40,6,3,3,80,43,37,24,13,11,80,43,37,79,43,36,56,30,26,30,14,16,12,3,9,2,2,0,1,0,1,41,41,15,16,6,1,2,0,1,26,16,10,1,37,0,13,12
56390436,0,,,9,4,5,1,0,1,8,4,4,5,4,1,8,4,4,8,4,4,3,0,3,3,0,3,3,0,3,0,0,0,0,0,0,6,6,4,1,1,0,0,0,0,2,2,0,1,3,1,2,0
56390444,1,,56390454,40,23,17,0,0,0,42,24,18,13,8,5,42,24,18,41,23,18,29,16,13,12,6,6,4,2,2,1,0,1,0,0,0,19,19,5,11,1,3,0,0,0,15,10,5,0,16,1,3,6
56390454,2,56390444,,2,1,1,*,*,*,*,*,*,*,*,*,*,*,*,*,*,*,*,*,*,*,*,*,*,*,*,*,*,*,*,*,*,1,1,*,*,*,*,*,*,*,*,*,*,*,*,*,*,*
56390478,2,56390479,,4,2,2,*,*,*,*,*,*,*,*,*,*,*,*,*,*,*,*,*,*,*,*,*,*,*,*,*,*,*,*,*,*,2,2,*,*,*,*,*,*,*,*,*,*,*,*,*,*,*
56390479,1,,56390478,18,9,9,0,0,0,22,11,11,3,2,1,22,11,11,22,11,11,19,9,10,9,3,6,4,1,3,0,0,0,0,0,0,10,10,4,6,2,0,0,0,0,8,7,1,0,12,0,4,4
56390484,0,,,37,20,17,0,0,0,37,20,17,7,3,4,36,19,17,36,19,17,30,17,13,19,8,11,14,6,8,3,1,2,0,0,0,18,18,6,6,5,1,0,0,0,12,9,3,0,18,0,6,5
56390489,0,,,30,18,12,3,2,1,27,16,11,14,10,4,27,16,11,26,15,11,13,6,7,9,3,6,4,1,3,0,0,0,0,0,0,13,13,8,2,0,1,0,0,2,5,3,2,1,10,0,5,1
56390493,1,,56390494,29,17,12,2,2,0,32,18,14,11,7,4,32,18,14,32,18,14,21,11,10,10,5,5,3,0,3,0,0,0,0,0,0,15,15,8,6,3,0,1,0,0,10,7,3,0,14,0,5,3
56390494,2,56390493,,5,3,2,*,*,*,*,*,*,*,*,*,*,*,*,*,*,*,*,*,*,*,*,*,*,*,*,*,*,*,*,*,*,3,3,*,*,*,*,*,*,*,*,*,*,*,*,*,*,*
56390503,0,,,19,11,8,2,1,1,17,10,7,6,4,2,17,10,7,17,10,7,11,6,5,6,3,3,2,1,1,0,0,0,0,0,0,7,7,2,2,2,0,0,0,1,5,3,2,0,6,0,2,1
56390513,0,,,24,13,11,4,3,1,20,10,10,10,6,4,20,10,10,20,10,10,10,4,6,8,3,5,3,2,1,0,0,0,0,0,0,9,9,3,1,2,2,1,0,0,6,4,2,1,6,0,2,1
56390523,0,,,10,6,4,0,0,0,10,6,4,6,4,2,10,6,4,10,6,4,4,2,2,2,2,0,1,1,0,1,1,0,0,0,0,4,4,0,3,0,1,0,0,0,4,3,1,0,3,0,0,1
56390553,0,,,10,6,4,0,0,0,10,6,4,4,2,2,10,6,4,10,6,4,6,4,2,0,0,0,0,0,0,0,0,0,0,0,0,4,4,1,0,3,0,0,0,0,3,3,0,0,4,0,1,0
56390554,1,,56390564,40,20,20,1,0,1,42,22,20,21,11,10,41,21,20,41,21,20,21,11,10,13,5,8,4,2,2,1,1,0,2,0,2,17,17,7,5,4,2,0,1,0,12,6,6,0,16,0,5,3
56390564,2,56390554,,3,2,1,*,*,*,*,*,*,*,*,*,*,*,*,*,*,*,*,*,*,*,*,*,*,*,*,*,*,*,*,*,*,2,2,*,*,*,*,*,*,*,*,*,*,*,*,*,*,*
56390578,1,,56390598,12,5,7,0,0,0,16,8,8,5,4,1,16,8,8,16,8,8,11,4,7,9,2,7,3,0,3,0,0,0,0,0,0,7,7,4,3,2,0,0,0,0,5,4,1,0,9,0,4,2
56390585,0,,,35,17,18,6,3,3,29,14,15,10,5,5,29,14,15,29,14,15,19,9,10,7,4,3,5,2,3,0,0,0,1,0,1,13,13,3,6,2,1,0,0,1,10,6,4,1,13,0,3,4
56390586,0,,,43,20,23,3,0,3,40,20,20,13,8,5,40,20,20,40,20,20,27,12,15,17,9,8,7,4,3,0,0,0,0,0,0,19,19,6,7,3,2,0,1,0,13,10,3,0,16,0,5,5
56390595,0,,,21,10,11,0,0,0,21,10,11,6,3,3,21,10,11,21,10,11,15,7,8,8,3,5,3,0,3,1,0,1,0,0,0,9,9,1,6,1,0,1,0,0,8,7,1,0,9,0,1,4
56390598,2,56390578,,4,3,1,*,*,*,*,*,*,*,*,*,*,*,*,*,*,*,*,*,*,*,*,*,*,*,*,*,*,*,*,*,*,2,2,*,*,*,*,*,*,*,*,*,*,*,*,*,*,*
56390608,0,,,74,31,43,14,6,8,60,25,35,36,13,23,58,25,33,58,25,33,24,12,12,11,5,6,5,2,3,0,0,0,0,0,0,20,20,5,1,3,4,3,2,2,15,3,12,5,17,0,3,1
56390609,0,,,36,18,18,4,2,2,32,16,16,15,8,7,32,16,16,32,16,16,17,8,9,10,5,5,7,3,4,2,1,1,0,0,0,10,10,1,2,2,2,2,0,1,9,5,4,0,9,0,1,1
56390614,2,56390624,,6,3,3,*,*,*,*,*,*,*,*,*,*,*,*,*,*,*,*,*,*,*,*,*,*,*,*,*,*,*,*,*,*,2,2,*,*,*,*,*,*,*,*,*,*,*,*,*,*,*
56390624,1,,56390614,14,9,5,0,0,0,20,12,8,5,3,2,20,12,8,20,12,8,15,9,6,3,2,1,2,1,1,1,0,1,0,0,0,8,8,2,7,0,1,0,0,0,8,7,1,0,9,0,2,4
56390634,0,,,9,4,5,0,0,0,9,4,5,1,1,0,9,4,5,9,4,5,8,3,5,5,1,4,1,0,1,0,0,0,0,0,0,7,7,5,2,0,0,0,0,0,2,2,0,0,6,0,4,2
56390654,2,56390665,,5,2,3,*,*,*,*,*,*,*,*,*,*,*,*,*,*,*,*,*,*,*,*,*,*,*,*,*,*,*,*,*,*,2,2,*,*,*,*,*,*,*,*,*,*,*,*,*,*,*
56390655,0,,,26,14,12,2,2,0,24,12,12,11,6,5,23,12,11,23,12,11,13,6,7,5,2,3,3,1,2,0,0,0,0,0,0,7,7,1,3,0,0,1,0,2,6,3,3,1,7,0,1,3
56390656,1,,56390657,18,10,8,1,1,0,23,12,11,12,7,5,23,12,11,23,12,11,11,5,6,7,3,4,2,2,0,0,0,0,0,0,0,8,8,4,4,2,0,0,1,0,7,5,2,1,8,0,3,1
56390657,2,56390656,,6,3,3,*,*,*,*,*,*,*,*,*,*,*,*,*,*,*,*,*,*,*,*,*,*,*,*,*,*,*,*,*,*,3,3,*,*,*,*,*,*,*,*,*,*,*,*,*,*,*
56390663,0,,,32,18,14,1,0,1,31,18,13,13,8,5,31,18,13,31,18,13,18,10,8,11,6,5,4,1,3,0,0,0,0,0,0,11,11,2,4,1,2,1,1,0,9,5,4,0,10,0,1,3
56390665,1,,56390654,58,28,30,2,0,2,61,30,31,30,16,14,61,30,31,60,30,30,31,14,17,16,6,10,4,2,2,0,0,0,1,0,1,25,25,7,10,5,4,1,0,0,19,12,7,0,20,0,4,5
56390668,1,,56390669,9,5,4,0,0,0,17,9,8,9,6,3,17,9,8,17,9,8,8,3,5,4,1,3,2,1,1,0,0,0,0,0,0,4,4,0,5,1,1,0,0,0,7,5,2,0,5,0,0,2
56390669,2,56390668,,8,4,4,*,*,*,*,*,*,*,*,*,*,*,*,*,*,*,*,*,*,*,*,*,*,*,*,*,*,*,*,*,*,3,3,*,*,*,*,*,*,*,*,*,*,*,*,*,*,*
56390673,0,,,47,22,25,3,2,1,44,20,24,27,14,13,44,20,24,42,18,24,17,6,11,10,3,7,4,0,4,0,0,0,0,0,0,18,18,2,8,5,2,0,1,0,16,12,4,1,14,0,2,2
56390675,1,,56390685,31,15,16,1,1,0,34,16,18,16,10,6,34,16,18,34,16,18,18,6,12,8,1,7,3,0,3,0,0,0,0,0,0,14,14,5,6,2,3,0,0,0,11,9,2,0,15,0,5,3
56390678,0,,,19,8,11,0,0,0,19,8,11,10,4,6,18,7,11,16,6,10,9,4,5,6,3,3,2,1,1,0,0,0,0,0,0,7,7,3,1,1,1,0,0,1,4,2,2,0,5,0,1,1
56390683,0,,,37,20,17,0,0,0,37,20,17,16,10,6,36,19,17,35,18,17,21,10,11,12,5,7,7,3,4,0,0,0,0,0,0,12,12,2,4,2,0,3,1,0,10,5,5,0,12,0,2,3
56390684,0,,,32,13,19,2,1,1,30,12,18,15,8,7,30,12,18,30,12,18,15,4,11,8,2,6,3,0,3,0,0,0,0,0,0,14,14,6,4,2,0,1,0,1,8,5,3,2,13,0,6,3
56390685,2,56390675,,4,2,2,*,*,*,*,*,*,*,*,*,*,*,*,*,*,*,*,*,*,*,*,*,*,*,*,*,*,*,*,*,*,2,2,*,*,*,*,*,*,*,*,*,*,*,*,*,*,*
56390688,2,56390698,,4,3,1,*,*,*,*,*,*,*,*,*,*,*,*,*,*,*,*,*,*,*,*,*,*,*,*,*,*,*,*,*,*,2,2,*,*,*,*,*,*,*,*,*,*,*,*,*,*,*
56390693,0,,,12,5,7,1,1,0,11,4,7,2,0,2,11,4,7,11,4,7,9,4,5,3,1,2,1,0,1,0,0,0,0,0,0,5,5,1,2,1,1,0,0,0,4,2,2,0,5,0,1,2
56390694,0,,,20,10,10,1,1,0,19,9,10,9,5,4,18,8,10,17,7,10,10,4,6,3,2,1,0,0,0,0,0,0,0,0,0,7,7,1,3,0,2,1,0,0,5,3,2,0,6,0,1,2
56390695,2,56390696,,8,4,4,*,*,*,*,*,*,*,*,*,*,*,*,*,*,*,*,*,*,*,*,*,*,*,*,*,*,*,*,*,*,1,1,*,*,*,*,*,*,*,*,*,*,*,*,*,*,*
56390696,1,,56390695;56390697,77,45,32,19,15,4,71,37,34,41,23,18,69,35,34,69,35,34,30,14,16,21,9,12,9,4,5,0,0,0,0,0,0,20,20,6,2,3,2,2,2,5,16,5,11,6,18,0,4,1
56390697,2,56390696,,5,3,2,*,*,*,*,*,*,*,*,*,*,*,*,*,*,*,*,*,*,*,*,*,*,*,*,*,*,*,*,*,*,1,1,*,*,*,*,*,*,*,*,*,*,*,*,*,*,*
56390698,1,,56390688,23,13,10,0,0,0,26,15,11,9,7,2,26,15,11,26,15,11,17,8,9,8,3,5,1,0,1,0,0,0,0,0,0,9,9,3,4,1,2,1,0,0,8,4,4,0,9,0,1,3
56390699,0,,,135,66,69,16,7,9,119,59,60,63,37,26,118,58,60,118,58,60,56,22,34,38,13,25,15,4,11,1,0,1,1,0,1,41,41,6,13,7,6,4,0,5,34,18,16,4,35,0,5,4
56390703,0,,,46,25,21,2,2,0,44,23,21,21,12,9,43,22,21,43,22,21,23,11,12,15,6,9,2,0,2,1,0,1,0,0,0,18,18,4,6,3,4,1,0,0,14,8,6,0,16,0,3,5
56390713,0,,,16,8,8,0,0,0,16,8,8,5,2,3,16,8,8,16,8,8,11,6,5,7,3,4,1,0,1,0,0,0,0,0,0,7,7,1,3,3,0,0,0,0,6,3,3,0,7,0,1,3
56390723,0,,,15,6,9,0,0,0,15,6,9,5,1,4,15,6,9,15,6,9,10,5,5,6,3,3,2,1,1,0,0,0,0,0,0,8,8,2,5,1,0,0,0,0,6,5,1,0,6,0,1,5
56390732,0,,,245,90,155,15,9,6,230,81,149,78,40,38,226,78,148,225,78,147,152,41,111,118,24,94,63,8,55,12,0,12,0,0,0,53,51,8,20,11,5,3,3,1,43,31,12,3,39,0,7,10
56390733,0,,,63,26,37,2,2,0,57,22,35,15,9,6,57,22,35,56,22,34,42,13,29,32,8,24,16,3,13,2,0,2,0,0,0,22,21,16,3,1,0,0,1,0,5,5,0,0,9,2,5,2
56390737,0,,,26,13,13,0,0,0,26,13,13,7,4,3,26,13,13,26,13,13,19,9,10,5,3,2,2,1,1,1,0,1,0,0,0,12,12,3,6,1,2,0,0,0,9,7,2,0,11,0,2,5
56390742,0,,,51,37,14,1,1,0,46,32,14,29,21,8,45,31,14,45,31,14,17,11,6,8,4,4,5,2,3,0,0,0,0,0,0,41,41,33,6,2,0,0,0,0,8,6,2,0,14,1,9,2
56390743,1,,56390744,58,26,32,6,5,1,64,28,36,32,16,16,59,25,34,59,25,34,32,12,20,14,5,9,8,3,5,0,0,0,0,0,0,22,22,6,10,2,2,2,2,1,19,10,9,0,19,0,2,5
56390744,2,56390743,,12,7,5,*,*,*,*,*,*,*,*,*,*,*,*,*,*,*,*,*,*,*,*,*,*,*,*,*,*,*,*,*,*,3,3,*,*,*,*,*,*,*,*,*,*,*,*,*,*,*
56390747,0,,,44,20,24,1,0,1,43,20,23,24,12,12,42,19,23,42,19,23,19,8,11,10,3,7,2,0,2,0,0,0,0,0,0,20,20,5,9,4,1,1,0,0,15,10,5,1,15,0,3,5
56390753,0,,,65,34,31,4,3,1,61,31,30,35,18,17,54,27,27,52,26,26,26,13,13,8,4,4,3,1,2,0,0,0,0,0,0,16,16,1,4,1,3,3,2,2,14,9,5,0,13,0,0,4
56390754,0,,,36,17,19,6,4,2,30,13,17,12,6,6,29,12,17,29,12,17,18,7,11,8,2,6,5,1,4,1,0,1,0,0,0,12,12,1,5,3,1,0,2,0,11,7,4,0,11,0,1,4
56390756,1,,56390799,11,5,6,0,0,0,19,9,10,11,5,6,19,9,10,19,9,10,8,4,4,4,2,2,1,0,1,0,0,0,0,0,0,5,5,1,3,2,0,0,1,0,5,4,1,0,5,0,0,2
56390763,0,,,34,18,16,2,1,1,32,17,15,18,11,7,31,16,15,30,15,15,14,6,8,9,3,6,4,1,3,0,0,0,0,0,0,12,12,3,2,4,1,1,1,0,9,5,4,1,9,0,2,0
56390764,0,,,186,88,98,27,14,13,159,74,85,87,41,46,148,69,79,147,69,78,72,33,39,34,13,21,7,3,4,0,0,0,0,0,0,45,42,7,16,13,3,2,1,0,35,22,13,1,34,0,5,8
56390774,1,,56390785;56390787,271,127,144,16,7,9,269,124,145,135,72,63,267,122,145,264,120,144,134,52,82,74,27,47,41,9,32,2,1,1,1,0,1,102,102,19,37,24,13,5,6,1,85,47,38,4,84,0,11,19
56390782,0,,,59,30,29,11,7,4,48,23,25,26,12,14,47,23,24,47,23,24,22,11,11,10,4,6,4,1,3,0,0,0,0,0,0,13,13,0,4,0,2,2,3,2,13,3,10,3,12,0,0,1
56390783,0,,,56,29,27,5,2,3,51,27,24,29,15,14,50,27,23,48,27,21,22,12,10,11,8,3,3,3,0,0,0,0,0,0,0,16,16,3,3,3,2,2,1,2,12,4,8,0,14,0,2,1
56390784,0,,,71,36,35,5,2,3,66,34,32,25,15,10,66,34,32,66,34,32,41,19,22,19,9,10,4,1,3,0,0,0,0,0,0,28,28,5,12,7,1,2,0,1,23,16,7,2,25,0,4,8
56390785,2,56390774,,3,0,3,*,*,*,*,*,*,*,*,*,*,*,*,*,*,*,*,*,*,*,*,*,*,*,*,*,*,*,*,*,*,1,1,*,*,*,*,*,*,*,*,*,*,*,*,*,*,*
56390787,2,56390774,,11,4,7,*,*,*,*,*,*,*,*,*,*,*,*,*,*,*,*,*,*,*,*,*,*,*,*,*,*,*,*,*,*,2,2,*,*,*,*,*,*,*,*,*,*,*,*,*,*,*
56390790,2,56390792,,10,5,5,*,*,*,*,*,*,*,*,*,*,*,*,*,*,*,*,*,*,*,*,*,*,*,*,*,*,*,*,*,*,3,3,*,*,*,*,*,*,*,*,*,*,*,*,*,*,*
56390792,1,,56390790,56,28,28,7,5,2,59,28,31,32,17,15,58,27,31,58,27,31,27,11,16,15,5,10,5,0,5,1,0,1,0,0,0,14,14,2,2,5,2,2,1,3,15,5,10,2,16,0,2,1
56390793,0,,,96,46,50,9,4,5,87,42,45,46,21,25,80,40,40,80,40,40,41,21,20,17,9,8,3,2,1,1,0,1,0,0,0,33,32,6,13,4,3,2,4,0,26,16,10,1,26,0,4,6
56390799,2,56390756,,8,4,4,*,*,*,*,*,*,*,*,*,*,*,*,*,*,*,*,*,*,*,*,*,*,*,*,*,*,*,*,*,*,2,2,*,*,*,*,*,*,*,*,*,*,*,*,*,*,*
56391318,1,,56391328,31,14,17,2,1,1,34,15,19,13,5,8,32,14,18,31,14,17,21,10,11,12,5,7,2,0,2,0,0,0,0,0,0,14,14,5,7,2,0,1,1,0,11,8,3,1,14,0,5,5
56391328,2,56391318,,5,2,3,*,*,*,*,*,*,*,*,*,*,*,*,*,*,*,*,*,*,*,*,*,*,*,*,*,*,*,*,*,*,2,2,*,*,*,*,*,*,*,*,*,*,*,*,*,*,*
56391339,0,,,88,39,49,3,1,2,85,38,47,22,11,11,85,38,47,85,38,47,63,27,36,42,17,25,16,6,10,1,1,0,0,0,0,48,48,21,16,9,2,0,0,0,27,24,3,2,44,0,20,12
56391403,0,,,70,30,40,3,2,1,67,28,39,16,7,9,67,28,39,67,28,39,51,21,30,33,10,23,17,5,12,4,1,3,0,0,0,39,39,20,11,5,2,1,0,0,19,14,5,0,36,0,18,7
56391413,0,,,13,7,6,1,0,1,12,7,5,4,3,1,12,7,5,12,7,5,8,4,4,4,2,2,0,0,0,0,0,0,0,0,0,5,5,1,1,2,1,0,0,0,4,3,1,0,4,0,0,1
56391422,0,,,59,34,25,0,0,0,59,34,25,24,16,8,58,33,25,58,33,25,35,18,17,25,10,15,15,7,8,0,0,0,0,0,0,29,29,8,15,3,3,0,0,0,21,18,3,0,24,0,5,6
56391424,2,56391425,,8,3,5,*,*,*,*,*,*,*,*,*,*,*,*,*,*,*,*,*,*,*,*,*,*,*,*,*,*,*,*,*,*,5,5,*,*,*,*,*,*,*,*,*,*,*,*,*,*,*
56391425,1,,56391424,4,3,1,0,0,0,12,6,6,4,3,1,12,6,6,12,6,6,8,3,5,7,2,5,3,0,3,0,0,0,0,0,0,2,2,2,5,0,0,0,0,0,5,5,0,0,6,0,2,1
56391430,0,,,143,76,67,4,1,3,139,75,64,39,29,10,138,74,64,137,73,64,100,46,54,69,32,37,27,14,13,3,1,2,0,0,0,69,69,24,25,16,1,2,0,1,44,37,7,0,62,0,19,19
56391436,0,,,45,22,23,1,0,1,44,22,22,11,7,4,44,22,22,44,22,22,33,15,18,23,11,12,12,6,6,2,0,2,0,0,0,25,25,10,11,3,1,0,0,0,15,13,2,0,21,0,7,7
56391437,1,,56391446,11,6,5,0,0,0,18,10,8,4,4,0,18,10,8,18,10,8,14,6,8,9,4,5,4,2,2,0,0,0,0,0,0,8,8,6,6,0,0,0,0,0,6,6,0,0,10,0,4,4
56391441,0,,,198,104,94,19,13,6,179,91,88,80,43,37,177,90,87,177,90,87,99,48,51,55,22,33,21,8,13,2,0,2,0,0,0,96,96,38,30,19,6,0,2,1,58,45,13,8,66,6,20,21
56391442,0,,,36,19,17,0,0,0,36,19,17,31,16,15,17,11,6,11,8,3,5,3,2,3,1,2,1,0,1,0,0,0,0,0,0,6,5,2,1,2,0,0,0,0,3,2,1,0,4,0,1,0
56391446,2,56391437,,7,4,3,*,*,*,*,*,*,*,*,*,*,*,*,*,*,*,*,*,*,*,*,*,*,*,*,*,*,*,*,*,*,4,4,*,*,*,*,*,*,*,*,*,*,*,*,*,*,*
56391452,0,,,86,41,45,4,2,2,82,39,43,45,24,21,71,37,34,68,36,32,37,15,22,27,8,19,9,1,8,1,0,1,0,0,0,34,33,15,7,4,3,2,0,2,18,10,8,1,26,0,11,3
56391456,2,56391466,,3,2,1,*,*,*,*,*,*,*,*,*,*,*,*,*,*,*,*,*,*,*,*,*,*,*,*,*,*,*,*,*,*,2,2,*,*,*,*,*,*,*,*,*,*,*,*,*,*,*
56391457,1,,56391467,25,11,14,0,0,0,26,11,15,9,5,4,26,11,15,25,10,15,17,6,11,11,3,8,8,2,6,0,0,0,0,0,0,14,14,7,6,1,1,0,0,0,8,7,1,0,11,0,5,3
56391458,0,,,23,12,11,0,0,0,23,12,11,9,5,4,23,12,11,23,12,11,14,7,7,9,4,5,4,3,1,0,0,0,0,0,0,13,13,6,5,1,1,0,0,0,7,4,3,0,10,0,6,1
56391462,0,,,172,63,109,8,7,1,163,56,107,42,19,23,161,56,105,161,56,105,121,37,84,103,28,75,78,17,61,25,5,20,5,1,4,48,47,24,11,7,3,2,0,0,23,18,5,3,23,12,7,5
56391464,0,,,13,6,7,0,0,0,13,6,7,3,2,1,13,6,7,13,6,7,10,4,6,9,3,6,4,2,2,1,0,1,0,0,0,10,10,7,3,0,0,0,0,0,3,3,0,0,9,0,7,1
56391466,1,,56391456,8,5,3,0,0,0,11,7,4,5,3,2,11,7,4,11,7,4,6,4,2,1,1,0,0,0,0,0,0,0,0,0,0,4,4,2,3,1,0,0,0,0,4,4,0,0,4,0,2,1
56391467,2,56391457,,1,0,1,*,*,*,*,*,*,*,*,*,*,*,*,*,*,*,*,*,*,*,*,*,*,*,*,*,*,*,*,*,*,1,1,*,*,*,*,*,*,*,*,*,*,*,*,*,*,*
56391472,0,,,69,29,40,4,3,1,65,26,39,22,7,15,64,25,39,63,25,38,43,19,24,27,9,18,18,5,13,3,0,3,0,0,0,28,27,9,10,5,1,1,0,1,18,15,3,0,21,2,7,6
56391473,0,,,11,5,6,0,0,0,11,5,6,1,1,0,11,5,6,11,5,6,10,4,6,7,3,4,2,1,1,0,0,0,0,0,0,6,6,2,3,1,0,0,0,0,4,4,0,0,6,0,2,3
56391474,0,,,61,28,33,4,2,2,57,26,31,20,9,11,55,24,31,55,24,31,37,17,20,25,11,14,10,7,3,0,0,0,0,0,0,25,25,6,10,4,3,1,1,0,19,14,5,2,25,0,6,8
56391475,0,,,17,8,9,0,0,0,17,8,9,5,4,1,17,8,9,17,8,9,12,4,8,8,3,5,2,0,2,0,0,0,0,0,0,10,10,4,5,1,0,0,0,0,6,5,1,0,8,0,2,3
56391476,0,,,21,12,9,1,1,0,20,11,9,6,4,2,19,11,8,19,11,8,14,7,7,10,5,5,2,1,1,1,0,1,0,0,0,8,8,1,3,3,0,1,0,0,7,2,5,1,8,0,1,1
56391485,0,,,11,6,5,2,2,0,9,4,5,6,2,4,9,4,5,9,4,5,3,2,1,0,0,0,0,0,0,0,0,0,0,0,0,5,5,1,3,0,1,0,0,0,4,4,0,1,2,0,0,1
56391501,0,,,31,14,17,0,0,0,31,14,17,11,5,6,31,14,17,31,14,17,20,9,11,6,2,4,4,1,3,0,0,0,0,0,0,17,17,6,9,1,1,0,0,0,11,11,0,0,15,0,4,4
56391508,0,,,29,17,12,0,0,0,29,17,12,9,8,1,29,17,12,29,17,12,20,9,11,16,7,9,6,2,4,1,0,1,0,0,0,17,17,6,10,1,0,0,0,0,11,11,0,0,14,0,4,5
56391514,0,,,29,14,15,0,0,0,29,14,15,8,6,2,29,14,15,29,14,15,21,8,13,20,8,12,8,4,4,2,2,0,0,0,0,15,15,7,3,4,1,0,0,0,8,6,2,0,15,0,7,2
56391518,0,,,16,7,9,1,1,0,15,6,9,3,1,2,15,6,9,15,6,9,12,5,7,9,3,6,4,1,3,0,0,0,0,0,0,9,9,4,4,0,1,0,0,0,5,4,1,0,9,0,4,3
56391524,0,,,51,23,28,5,1,4,46,22,24,12,5,7,45,22,23,45,22,23,34,17,17,18,9,9,6,3,3,1,0,1,0,0,0,19,19,4,9,4,0,0,0,2,15,11,4,1,18,0,3,8
56391527,0,,,37,18,19,2,0,2,35,18,17,13,8,5,35,18,17,35,18,17,22,10,12,17,8,9,8,5,3,0,0,0,0,0,0,14,14,3,3,5,2,1,0,0,11,8,3,0,13,0,2,3
56391532,1,,56391542,49,26,23,1,1,0,51,26,25,19,10,9,51,26,25,51,26,25,32,16,16,15,7,8,9,3,6,0,0,0,0,0,0,23,23,10,9,2,3,0,1,0,14,10,4,0,22,0,8,5
56391534,0,,,52,25,27,8,6,2,44,19,25,20,10,10,40,18,22,38,17,21,24,9,15,11,4,7,7,2,5,0,0,0,0,0,0,14,14,3,3,3,0,1,0,4,11,5,6,1,14,0,3,3
56391535,0,,,73,33,40,6,1,5,67,32,35,35,18,17,66,32,34,64,32,32,32,14,18,20,7,13,13,6,7,0,0,0,0,0,0,25,25,4,8,6,4,2,0,1,21,13,8,1,19,0,1,4
56391536,0,,,13,5,8,3,1,2,10,4,6,3,2,1,9,3,6,9,3,6,7,2,5,1,0,1,1,0,1,0,0,0,0,0,0,4,4,2,0,1,0,0,0,1,2,0,2,0,4,0,2,0
56391537,0,,,11,7,4,0,0,0,11,7,4,5,4,1,11,7,4,11,7,4,6,3,3,4,2,2,1,0,1,0,0,0,0,0,0,5,5,2,2,0,0,1,0,0,3,2,1,0,4,0,1,1
56391541,0,,,17,10,7,0,0,0,17,10,7,7,4,3,17,10,7,17,10,7,10,6,4,5,2,3,2,1,1,0,0,0,0,0,0,11,11,5,6,0,0,0,0,0,6,5,1,0,9,0,3,2
56391542,2,56391532,,3,1,2,*,*,*,*,*,*,*,*,*,*,*,*,*,*,*,*,*,*,*,*,*,*,*,*,*,*,*,*,*,*,2,2,*,*,*,*,*,*,*,*,*,*,*,*,*,*,*
56391545,0,,,23,13,10,8,6,2,15,7,8,9,4,5,15,7,8,15,7,8,6,3,3,3,1,2,1,0,1,0,0,0,0,0,0,9,9,6,0,0,0,1,2,0,3,2,1,2,5,0,4,0
56391546,0,,,36,17,19,5,3,2,31,14,17,19,10,9,28,12,16,26,12,14,12,4,8,9,3,6,2,0,2,1,0,1,0,0,0,11,11,5,1,1,1,1,1,1,6,3,3,1,9,0,4,1
56391547,0,,,58,36,22,1,1,0,57,35,22,20,15,5,56,34,22,55,34,21,37,20,17,23,11,12,10,5,5,1,0,1,0,0,0,24,24,6,10,4,2,0,2,0,18,15,3,1,24,0,6,6
56391550,2,56391560,,2,1,1,*,*,*,*,*,*,*,*,*,*,*,*,*,*,*,*,*,*,*,*,*,*,*,*,*,*,*,*,*,*,1,1,*,*,*,*,*,*,*,*,*,*,*,*,*,*,*
56391551,0,,,60,31,29,13,7,6,47,24,23,29,15,14,44,23,21,44,23,21,18,9,9,11,5,6,6,3,3,0,0,0,4,2,2,25,25,9,8,1,6,0,0,1,16,15,1,5,14,1,8,2
56391555,0,,,49,25,24,0,0,0,49,25,24,17,10,7,49,25,24,48,24,24,32,15,17,19,7,12,9,3,6,1,1,0,0,0,0,22,22,5,10,4,3,0,0,0,17,13,4,0,19,0,4,3
56391557,0,,,11,5,6,0,0,0,11,5,6,4,3,1,11,5,6,11,5,6,7,2,5,7,2,5,2,0,2,0,0,0,0,0,0,6,6,3,1,2,0,0,0,0,3,3,0,0,5,0,3,1
56391560,1,,56391550,35,16,19,0,0,0,37,17,20,9,5,4,36,16,20,36,16,20,28,12,16,15,7,8,10,3,7,0,0,0,0,0,0,18,18,4,13,1,1,0,0,0,15,14,1,0,18,0,4,8
56391561,1,,56391571,437,202,235,45,21,24,394,182,212,200,109,91,384,177,207,377,175,202,194,73,121,135,45,90,74,19,55,12,1,11,1,1,0,180,177,80,51,17,18,6,3,3,97,83,14,14,89,18,29,28
56391562,0,,,58,27,31,4,3,1,54,24,30,22,11,11,53,23,30,53,23,30,32,13,19,17,5,12,11,3,8,1,0,1,1,0,1,26,26,7,12,3,3,0,1,0,19,15,4,2,20,1,5,5
56391567,0,,,10,5,5,0,0,0,10,5,5,2,1,1,10,5,5,10,5,5,8,4,4,4,1,3,4,1,3,0,0,0,0,0,0,5,5,1,3,1,0,0,0,0,4,3,1,0,5,0,1,2
56391571,2,56391561,,2,1,1,*,*,*,*,*,*,*,*,*,*,*,*,*,*,*,*,*,*,*,*,*,*,*,*,*,*,*,*,*,*,1,1,*,*,*,*,*,*,*,*,*,*,*,*,*,*,*
56391572,0,,,78,41,37,2,0,2,76,41,35,33,21,12,74,40,34,74,40,34,43,20,23,24,9,15,8,2,6,1,0,1,1,0,1,41,41,20,12,6,2,0,0,1,21,14,7,1,32,1,13,5
56391573,0,,,53,29,24,4,3,1,49,26,23,23,15,8,48,25,23,48,25,23,26,11,15,16,6,10,5,1,4,0,0,0,0,0,0,25,25,12,5,3,3,2,0,0,13,9,4,2,19,0,9,3
56391579,0,,,16,6,10,0,0,0,16,6,10,8,3,5,15,6,9,15,6,9,8,3,5,8,3,5,3,2,1,0,0,0,0,0,0,7,7,2,2,2,1,0,0,0,5,3,2,0,5,0,1,1
56391580,0,,,21,11,10,0,0,0,21,11,10,6,4,2,21,11,10,21,11,10,15,7,8,6,2,4,3,2,1,0,0,0,0,0,0,10,10,2,6,1,1,0,0,0,8,8,0,0,9,0,1,5
56391581,0,,,87,44,43,3,2,1,84,42,42,25,14,11,83,42,41,82,41,41,59,28,31,31,13,18,8,1,7,1,0,1,0,0,0,37,37,8,14,12,1,1,1,0,29,20,9,1,36,0,7,11
56391582,0,,,91,42,49,3,0,3,88,42,46,36,19,17,84,39,45,84,39,45,52,23,29,29,10,19,14,4,10,3,1,2,1,0,1,41,41,17,12,4,3,4,1,0,24,17,7,0,36,0,15,7
56391583,0,,,17,8,9,0,0,0,17,8,9,3,2,1,17,8,9,17,8,9,14,6,8,9,4,5,1,1,0,0,0,0,0,0,0,9,9,3,5,0,1,0,0,0,6,6,0,0,9,0,3,4
56391584,1,,56391594,83,41,42,4,3,1,81,39,42,26,11,15,81,39,42,78,38,40,55,28,27,23,10,13,15,7,8,0,0,0,0,0,0,36,36,11,15,7,1,0,2,1,26,19,7,2,35,0,9,13
56391585,0,,,109,57,52,10,7,3,99,50,49,48,27,21,99,50,49,99,50,49,51,23,28,29,15,14,8,5,3,1,1,0,0,0,0,40,40,8,15,7,4,2,4,0,32,21,11,2,32,0,6,9
56391589,0,,,12,8,4,0,0,0,12,8,4,8,6,2,12,8,4,11,7,4,4,2,2,1,0,1,1,0,1,0,0,0,0,0,0,4,4,1,2,0,0,0,0,1,3,2,1,0,3,0,1,1
56391592,0,,,104,52,52,4,3,1,100,49,51,35,19,16,98,48,50,95,47,48,65,30,35,38,15,23,15,7,8,0,0,0,0,0,0,43,43,13,16,8,1,2,2,1,30,19,11,0,39,0,10,11
56391593,0,,,15,8,7,0,0,0,15,8,7,6,5,1,13,6,7,13,6,7,9,3,6,5,1,4,0,0,0,0,0,0,0,0,0,6,6,1,2,2,1,0,0,0,5,3,2,0,6,0,1,1
56391594,2,56391584,,2,1,1,*,*,*,*,*,*,*,*,*,*,*,*,*,*,*,*,*,*,*,*,*,*,*,*,*,*,*,*,*,*,1,1,*,*,*,*,*,*,*,*,*,*,*,*,*,*,*
56391595,0,,,41,21,20,2,1,1,39,20,19,19,12,7,39,20,19,39,20,19,20,8,12,10,4,6,2,2,0,0,0,0,0,0,0,18,18,6,6,4,1,0,0,1,11,10,1,1,14,0,5,2
56391596,0,,,13,6,7,2,1,1,11,5,6,4,2,2,11,5,6,11,5,6,7,3,4,1,0,1,1,0,1,0,0,0,0,0,0,4,4,0,1,1,2,0,0,0,4,3,1,0,3,0,0,1
56391603,0,,,24,13,11,3,3,0,21,10,11,9,4,5,20,10,10,20,10,10,12,6,6,10,5,5,1,0,1,0,0,0,0,0,0,9,9,3,1,3,1,0,1,0,6,3,3,1,8,0,3,1
56391604,0,,,9,4,5,0,0,0,9,4,5,2,1,1,9,4,5,9,4,5,7,3,4,2,0,2,2,0,2,0,0,0,0,0,0,6,6,3,3,0,0,0,0,0,3,3,0,0,6,0,3,2
56391606,0,,,42,22,20,2,1,1,40,21,19,16,8,8,40,21,19,40,21,19,24,13,11,15,6,9,5,2,3,0,0,0,0,0,0,16,16,3,5,6,1,0,0,1,13,7,6,1,15,0,3,4
56391607,0,,,235,101,134,26,11,15,209,90,119,114,52,62,204,88,116,199,87,112,95,38,57,51,19,32,24,4,20,1,0,1,0,0,0,68,68,14,13,13,6,9,5,8,54,20,34,9,58,0,9,5
56391608,0,,,27,13,14,3,3,0,24,10,14,13,4,9,23,10,13,23,10,13,11,6,5,8,4,4,2,2,0,0,0,0,0,0,0,8,8,3,2,0,0,1,1,1,5,2,3,1,7,0,2,2
56391613,0,,,69,36,33,6,4,2,63,32,31,33,18,15,60,29,31,59,29,30,30,14,16,7,2,5,4,0,4,0,0,0,0,0,0,22,22,3,8,3,3,3,1,1,19,10,9,1,19,0,3,4
56391614,0,,,254,120,134,26,10,16,227,109,118,106,54,52,222,108,114,219,107,112,121,55,66,62,25,37,20,6,14,0,0,0,0,0,0,92,92,26,28,16,5,6,7,4,65,38,27,11,78,0,18,17
56391615,0,,,52,30,22,4,3,1,48,27,21,24,15,9,47,26,21,45,25,20,24,12,12,15,6,9,5,2,3,1,0,1,0,0,0,19,19,5,7,1,3,1,1,1,14,11,3,1,15,0,4,5
56391616,0,,,203,101,102,18,8,10,185,93,92,107,57,50,175,86,89,173,84,89,78,36,42,41,16,25,21,7,14,1,0,1,0,0,0,56,56,7,11,12,10,5,7,4,47,21,26,4,49,0,4,7
56391617,0,,,44,21,23,6,2,4,38,19,19,21,10,11,37,18,19,37,18,19,17,9,8,10,6,4,5,3,2,0,0,0,0,0,0,14,14,3,2,3,5,0,0,1,11,7,4,1,11,0,2,1
56391619,0,,,141,71,70,10,3,7,124,64,60,63,37,26,123,63,60,123,63,60,61,27,34,30,11,19,13,4,9,0,0,0,0,0,0,48,48,7,19,9,3,5,3,2,38,24,14,2,37,0,6,11
56391624,0,,,74,35,39,3,1,2,71,34,37,40,21,19,70,34,36,70,34,36,31,13,18,11,3,8,4,1,3,1,0,1,0,0,0,25,25,4,7,6,5,1,1,1,21,12,9,1,21,0,3,3
56391625,0,,,245,116,129,16,6,10,229,110,119,123,66,57,219,107,112,218,107,111,106,44,62,58,21,37,27,5,22,1,1,0,0,0,0,82,82,13,25,18,10,9,6,1,69,43,26,2,68,0,9,16
56391626,0,,,151,75,76,11,5,6,139,69,70,65,32,33,137,68,69,135,68,67,74,37,37,39,16,23,17,6,11,0,0,0,0,0,0,61,61,15,22,12,7,3,1,1,45,32,13,3,46,0,12,12
56391627,0,,,57,26,31,4,1,3,53,25,28,27,13,14,53,25,28,52,25,27,26,12,14,11,4,7,6,3,3,1,0,1,0,0,0,19,19,4,6,2,4,0,2,1,15,8,7,2,17,0,3,2
56391628,0,,,180,83,97,19,8,11,159,73,86,87,41,46,156,72,84,153,71,82,72,32,40,43,17,26,15,4,11,1,0,1,0,0,0,49,49,2,17,8,7,6,3,6,46,20,26,3,45,0,2,8
56391629,0,,,70,34,36,1,1,0,66,31,35,37,19,18,63,29,34,62,29,33,29,12,17,17,6,11,10,4,6,1,0,1,0,0,0,25,25,4,8,6,5,1,0,1,20,12,8,1,20,0,3,3
56391633,0,,,12,5,7,0,0,0,12,5,7,4,2,2,12,5,7,12,5,7,8,3,5,5,2,3,3,1,2,0,0,0,0,0,0,5,5,1,1,3,0,0,0,0,4,3,1,0,5,0,1,1
56391634,0,,,145,73,72,12,6,6,133,67,66,71,38,33,129,65,64,127,65,62,62,29,33,26,11,15,11,3,8,1,0,1,0,0,0,46,46,9,10,12,8,1,2,4,37,21,16,6,37,0,6,5
56391635,0,,,96,44,52,12,4,8,84,40,44,47,26,21,83,40,43,82,40,42,37,14,23,19,7,12,9,4,5,0,0,0,2,1,1,34,34,7,10,6,7,2,1,1,26,18,8,3,24,0,4,5
56391636,0,,,936,455,481,97,55,42,834,397,437,497,254,243,803,384,419,792,378,414,337,143,194,180,62,118,67,19,48,8,3,5,1,0,1,332,332,69,94,79,43,27,8,12,260,178,82,19,225,1,42,42
56391637,0,,,176,83,93,25,9,16,147,72,75,81,40,41,143,71,72,142,71,71,66,32,34,34,16,18,14,7,7,2,1,1,0,0,0,53,53,7,15,10,9,5,2,5,45,26,19,7,41,0,5,11
56391638,0,,,165,83,82,6,4,2,159,79,80,81,38,43,157,78,79,155,77,78,78,41,37,35,16,19,16,5,11,1,0,1,0,0,0,57,57,7,20,17,4,6,2,1,50,33,17,2,47,0,7,14
56391639,0,,,97,48,49,15,7,8,82,41,41,46,24,22,82,41,41,81,40,41,36,17,19,17,7,10,6,2,4,0,0,0,0,0,0,27,27,1,8,5,5,5,1,2,26,10,16,5,22,0,1,4
56391643,1,,56391661,55,26,29,3,2,1,54,26,28,26,14,12,51,24,27,50,23,27,28,12,16,13,4,9,7,2,5,1,1,0,0,0,0,17,17,4,5,4,4,0,1,1,15,6,9,1,17,0,4,2
56391644,1,,56391662,211,63,148,4,2,2,209,62,147,9,6,3,208,61,147,208,61,147,200,56,144,177,44,133,132,30,102,24,4,20,1,0,1,14,11,5,5,1,0,2,0,0,7,5,2,1,12,0,5,2
56391645,0,,,66,38,28,4,3,1,62,35,27,30,17,13,61,34,27,60,33,27,32,18,14,22,11,11,7,5,2,0,0,0,0,0,0,25,25,8,6,6,1,2,1,1,17,9,8,1,24,0,8,4
56391646,0,,,775,371,404,78,35,43,686,329,357,411,205,206,669,321,348,666,320,346,275,124,151,144,53,91,68,19,49,3,1,2,2,0,2,291,291,72,85,62,34,20,16,2,217,159,58,23,184,10,36,33
56391647,0,,,802,370,432,69,40,29,731,329,402,404,194,210,708,317,391,697,312,385,327,135,192,195,68,127,84,27,57,8,2,6,8,0,8,284,283,63,83,64,35,15,15,8,219,144,75,12,204,3,47,43
56391648,0,,,147,72,75,19,9,10,128,63,65,72,35,37,125,61,64,124,60,64,56,28,28,28,14,14,8,3,5,0,0,0,0,0,0,44,44,1,13,16,5,4,3,2,41,24,17,3,37,0,0,9
56391649,0,,,131,68,63,12,7,5,119,61,58,57,32,25,116,60,56,116,60,56,62,29,33,27,9,18,9,2,7,2,0,2,0,0,0,40,40,8,7,12,4,2,3,4,32,10,22,2,38,0,7,4
56391654,1,,56391672,153,70,83,22,11,11,135,61,74,81,38,43,133,60,73,129,58,71,54,23,31,27,8,19,14,3,11,2,0,2,0,0,0,40,40,4,9,6,9,9,1,4,38,14,24,5,35,0,4,3
56391655,0,,,137,70,67,5,3,2,132,67,65,69,39,30,130,66,64,126,64,62,63,28,35,29,11,18,16,6,10,2,0,2,0,0,0,52,52,10,18,16,1,3,4,0,41,29,12,1,43,0,7,8
56391656,0,,,570,284,286,57,34,23,503,245,258,309,160,149,488,235,253,485,235,250,194,85,109,105,40,65,35,7,28,2,0,2,2,1,1,250,250,97,68,37,27,11,7,3,152,109,43,15,145,0,51,28
56391657,0,,,1698,828,870,152,82,70,1528,736,792,856,440,416,1484,711,773,1457,693,764,672,296,376,351,136,215,135,49,86,18,3,15,3,0,3,656,655,201,189,111,77,40,26,11,446,308,138,34,440,7,131,71
56391658,0,,,70,37,33,1,1,0,69,36,33,37,21,16,68,36,32,65,35,30,32,15,17,18,7,11,9,2,7,0,0,0,0,0,0,23,23,2,4,11,4,1,1,0,21,11,10,0,19,0,2,1
56391659,0,,,94,47,47,9,6,3,85,41,44,44,24,20,81,39,42,79,39,40,41,17,24,21,7,14,3,0,3,1,0,1,0,0,0,25,25,0,7,7,3,3,3,2,25,13,12,1,22,0,0,4
56391661,2,56391643,,2,2,0,*,*,*,*,*,*,*,*,*,*,*,*,*,*,*,*,*,*,*,*,*,*,*,*,*,*,*,*,*,*,2,2,*,*,*,*,*,*,*,*,*,*,*,*,*,*,*
56391662,2,56391644,,2,1,1,*,*,*,*,*,*,*,*,*,*,*,*,*,*,*,*,*,*,*,*,*,*,*,*,*,*,*,*,*,*,2,2,*,*,*,*,*,*,*,*,*,*,*,*,*,*,*
56391665,0,,,208,107,101,12,5,7,196,102,94,98,52,46,191,101,90,190,101,89,98,50,48,48,21,27,27,8,19,2,1,1,0,0,0,72,72,13,23,10,19,1,4,2,59,38,21,6,61,0,9,18
56391667,0,,,1007,443,564,93,49,44,905,390,515,461,235,226,881,376,505,871,372,499,444,155,289,287,82,205,144,29,115,30,1,29,4,3,1,338,336,72,126,59,34,24,16,5,258,186,72,29,219,1,47,54
56391668,0,,,429,212,217,51,25,26,378,187,191,233,124,109,360,174,186,353,171,182,145,63,82,73,30,43,25,8,17,2,1,1,0,0,0,143,143,21,49,29,20,9,10,5,121,83,38,12,91,0,13,22
56391669,0,,,178,88,90,12,7,5,166,81,85,91,50,41,159,78,81,157,77,80,75,31,44,39,14,25,22,8,14,1,0,1,0,0,0,57,57,7,19,14,6,5,2,4,50,25,25,3,47,0,4,9
56391672,2,56391654,,4,2,2,*,*,*,*,*,*,*,*,*,*,*,*,*,*,*,*,*,*,*,*,*,*,*,*,*,*,*,*,*,*,2,2,*,*,*,*,*,*,*,*,*,*,*,*,*,*,*
56391675,0,,,195,98,97,29,14,15,166,84,82,90,49,41,161,81,80,159,79,80,76,35,41,29,12,17,14,4,10,3,0,3,1,0,1,52,52,6,16,7,6,2,5,10,46,22,24,5,46,0,6,6
56391676,0,,,113,54,59,4,2,2,109,52,57,58,31,27,108,51,57,106,51,55,51,21,30,26,11,15,10,3,7,2,0,2,0,0,0,37,37,4,12,8,6,5,2,0,33,21,12,1,30,0,3,5
56391677,0,,,74,35,39,10,4,6,64,31,33,38,21,17,61,30,31,59,28,31,26,10,16,14,4,10,4,0,4,0,0,0,0,0,0,21,21,3,7,2,2,2,2,3,18,10,8,1,19,0,3,3
56391678,0,,,113,52,61,10,3,7,103,49,54,59,31,28,100,47,53,98,46,52,44,18,26,23,7,16,13,4,9,0,0,0,1,0,1,32,32,2,8,4,11,4,2,1,30,11,19,2,25,0,1,2
56391679,0,,,143,73,70,19,11,8,124,62,62,66,34,32,120,59,61,118,58,60,58,28,30,27,10,17,11,2,9,2,0,2,0,0,0,41,41,5,9,10,6,4,4,3,36,19,17,2,35,0,5,3
56391685,0,,,273,138,135,18,11,7,255,127,128,122,67,55,250,124,126,249,124,125,133,60,73,56,18,38,27,6,21,4,0,4,0,0,0,86,86,11,24,16,19,8,7,1,75,35,40,7,78,0,8,17
56391687,0,,,295,139,156,29,11,18,263,127,136,126,69,57,256,123,133,255,123,132,137,58,79,66,25,41,28,8,20,1,1,0,0,0,0,95,95,17,25,14,23,6,6,4,76,39,37,5,78,0,11,15
56391688,0,,,201,96,105,15,9,6,186,87,99,102,49,53,183,86,97,177,83,94,84,38,46,41,15,26,14,5,9,1,1,0,0,0,0,61,61,8,19,11,9,4,6,4,53,27,26,3,50,0,5,11
56391689,0,,,61,29,32,2,0,2,59,29,30,28,12,16,57,29,28,57,29,28,31,17,14,16,8,8,6,3,3,1,1,0,0,0,0,22,22,3,8,7,1,2,0,1,19,15,4,2,17,0,1,4
56391695,0,,,180,89,91,15,7,8,165,82,83,91,49,42,161,80,81,159,79,80,74,33,41,35,14,21,16,5,11,3,0,3,0,0,0,51,51,4,14,12,7,5,4,5,47,19,28,5,44,0,3,6
56391696,0,,,58,29,29,3,1,2,55,28,27,34,19,15,53,27,26,53,27,26,21,9,12,11,4,7,3,1,2,0,0,0,0,0,0,16,16,3,4,1,3,0,3,2,13,5,8,2,13,0,2,2
56391697,0,,,71,32,39,12,6,6,59,26,33,34,15,19,53,23,30,53,23,30,25,11,14,9,2,7,5,0,5,0,0,0,0,0,0,16,16,1,2,5,1,1,2,4,15,6,9,3,15,0,1,2
56391698,0,,,130,71,59,12,8,4,118,63,55,59,31,28,115,62,53,112,61,51,59,32,27,26,12,14,8,4,4,0,0,0,0,0,0,40,40,6,13,7,6,2,3,3,34,22,12,4,34,0,5,10
56391699,0,,,201,90,111,16,9,7,181,80,101,101,44,57,177,79,98,175,79,96,80,36,44,45,19,26,14,3,11,1,0,1,1,0,1,66,66,8,21,18,8,5,3,3,57,30,27,5,49,0,5,12
56391702,0,,,63,30,33,5,1,4,58,29,29,29,16,13,56,28,28,54,27,27,29,13,16,13,6,7,5,2,3,0,0,0,1,0,1,20,20,4,4,3,6,1,1,1,15,6,9,1,17,0,2,2
56391703,0,,,71,29,42,1,0,1,70,29,41,26,14,12,70,29,41,70,29,41,44,15,29,27,9,18,5,0,5,0,0,0,0,0,0,31,31,8,12,6,4,1,0,0,23,13,10,0,28,1,6,10
56391708,2,56391714,,1,1,0,*,*,*,*,*,*,*,*,*,*,*,*,*,*,*,*,*,*,*,*,*,*,*,*,*,*,*,*,*,*,1,1,*,*,*,*,*,*,*,*,*,*,*,*,*,*,*
56391710,1,,56391711,228,112,116,21,9,12,211,106,105,116,61,55,206,105,101,203,102,101,95,45,50,42,18,24,20,4,16,0,0,0,0,0,0,70,70,13,22,14,4,9,5,6,58,29,29,8,56,0,5,10
56391711,2,56391710,,5,4,1,*,*,*,*,*,*,*,*,*,*,*,*,*,*,*,*,*,*,*,*,*,*,*,*,*,*,*,*,*,*,3,3,*,*,*,*,*,*,*,*,*,*,*,*,*,*,*
56391712,0,,,100,51,49,8,5,3,92,46,46,41,21,20,91,45,46,91,45,46,51,25,26,18,6,12,8,3,5,1,0,1,0,0,0,32,32,3,8,14,2,1,2,2,29,13,16,1,32,0,3,5
56391713,0,,,67,29,38,5,2,3,60,27,33,29,16,13,58,25,33,57,25,32,31,11,20,19,6,13,9,3,6,0,0,0,0,0,0,26,26,5,11,5,3,0,1,1,20,13,7,0,20,0,3,4
56391714,1,,56391708;56391724,25,11,14,1,1,0,27,12,15,11,6,5,27,12,15,27,12,15,16,6,10,9,3,6,4,1,3,0,0,0,0,0,0,9,9,6,3,0,1,1,0,1,6,3,3,1,10,0,4,3
56391720,2,56391730,,5,2,3,*,*,*,*,*,*,*,*,*,*,*,*,*,*,*,*,*,*,*,*,*,*,*,*,*,*,*,*,*,*,2,2,*,*,*,*,*,*,*,*,*,*,*,*,*,*,*
56391721,0,,,59,30,29,7,5,2,52,25,27,37,18,19,51,25,26,51,25,26,15,7,8,8,2,6,3,1,2,1,0,1,0,0,0,17,17,4,2,2,5,0,3,1,13,4,9,2,12,0,2,2
56391722,2,56391731,,85,21,64,*,*,*,*,*,*,*,*,*,*,*,*,*,*,*,*,*,*,*,*,*,*,*,*,*,*,*,*,*,*,2,1,*,*,*,*,*,*,*,*,*,*,*,*,*,*,*
56391723,0,,,219,105,114,15,7,8,202,97,105,105,56,49,196,93,103,194,92,102,97,41,56,56,23,33,23,9,14,1,0,1,3,3,0,74,74,9,27,17,11,2,6,2,64,40,24,2,61,0,9,16
56391724,2,56391714,,2,1,1,*,*,*,*,*,*,*,*,*,*,*,*,*,*,*,*,*,*,*,*,*,*,*,*,*,*,*,*,*,*,2,2,*,*,*,*,*,*,*,*,*,*,*,*,*,*,*
56391730,1,,56391720,408,197,211,39,22,17,374,177,197,230,115,115,359,173,186,353,170,183,144,62,82,77,30,47,22,5,17,1,0,1,0,0,0,120,120,15,33,22,22,14,9,7,106,55,51,7,93,1,10,14
56391731,1,,56391722,224,108,116,23,10,13,285,118,167,128,67,61,280,117,163,278,116,162,157,51,106,111,29,82,68,15,53,14,3,11,0,0,0,74,74,14,20,16,11,5,6,3,61,40,21,5,50,0,8,8
56391732,0,,,14,7,7,2,0,2,12,7,5,4,3,1,12,7,5,12,7,5,8,4,4,3,2,1,2,1,1,0,0,0,0,0,0,5,5,0,2,2,1,0,0,0,5,5,0,0,4,0,0,2
56391733,0,,,189,88,101,13,6,7,175,81,94,99,47,52,170,80,90,168,79,89,76,34,42,40,18,22,13,4,9,2,1,1,0,0,0,70,70,21,15,12,14,4,3,1,49,27,22,3,53,0,15,6
56391740,0,,,819,379,440,92,47,45,727,332,395,451,223,228,703,323,380,691,314,377,276,109,167,167,51,116,77,13,64,5,0,5,0,0,0,279,278,49,86,63,47,25,4,4,228,168,60,20,162,0,29,38
56391741,0,,,2155,1009,1146,256,123,133,1861,866,995,1176,577,599,1797,832,965,1767,817,950,685,289,396,350,124,226,115,25,90,9,1,8,5,1,4,856,856,255,247,150,118,48,26,12,588,442,146,64,477,13,126,99
56391742,0,,,215,108,107,16,8,8,185,92,93,125,65,60,180,88,92,177,86,91,60,27,33,30,14,16,4,1,3,0,0,0,0,0,0,90,90,29,26,18,10,3,3,1,59,47,12,5,41,1,9,10
56391743,0,,,313,150,163,40,24,16,269,125,144,164,81,83,263,120,143,258,118,140,105,44,61,50,16,34,19,7,12,2,1,1,0,0,0,99,99,15,23,23,21,8,6,3,83,46,37,8,73,0,9,10
56391744,0,,,93,50,43,2,2,0,91,48,43,47,25,22,89,47,42,87,47,40,44,23,21,19,8,11,6,3,3,1,0,1,0,0,0,37,37,8,13,8,5,3,0,0,29,20,9,0,27,0,4,8
56391750,0,,,93,46,47,10,8,2,83,38,45,54,26,28,76,35,41,73,34,39,29,12,17,9,3,6,4,1,3,0,0,0,0,0,0,26,26,6,3,5,5,1,2,4,20,6,14,1,21,0,4,1
56391751,0,,,312,148,164,32,15,17,279,133,146,172,87,85,273,129,144,268,127,141,107,46,61,49,18,31,16,5,11,0,0,0,0,0,0,105,105,21,29,22,14,10,6,3,83,60,23,14,73,0,12,13
56391752,0,,,64,32,32,4,2,2,59,29,30,46,22,24,57,28,29,57,28,29,13,7,6,5,3,2,2,1,1,0,0,0,0,0,0,26,26,5,11,6,1,3,0,0,21,18,3,3,7,0,0,4
56391753,0,,,782,384,398,81,43,38,701,341,360,398,196,202,682,330,352,661,317,344,303,145,158,173,76,97,56,19,37,6,3,3,2,1,1,258,257,50,79,49,39,17,14,9,206,143,63,21,169,1,35,35
56391754,0,,,408,193,215,50,23,27,358,170,188,195,91,104,350,166,184,344,164,180,163,79,84,70,26,44,29,7,22,3,0,3,1,0,1,134,134,23,46,20,16,12,10,7,111,65,46,14,107,0,18,23
56391760,0,,,173,94,79,18,10,8,155,84,71,98,54,44,151,82,69,149,82,67,57,30,27,31,12,19,8,3,5,0,0,0,0,0,0,52,52,7,15,8,9,7,3,3,45,26,19,3,38,0,3,7
56391761,0,,,697,291,406,39,19,20,658,272,386,230,116,114,651,269,382,646,267,379,428,156,272,315,91,224,207,44,163,42,4,38,0,0,0,98,90,14,25,19,14,7,3,8,76,45,31,8,61,0,6,8
56391762,0,,,2688,1330,1358,322,168,154,2323,1143,1180,1833,922,911,2235,1096,1139,2169,1059,1110,490,221,269,175,66,109,47,13,34,1,0,1,12,4,8,1046,1045,275,306,217,147,64,21,15,755,624,131,93,348,56,60,74
56391763,0,,,2337,1099,1238,350,167,183,1951,910,1041,1314,634,680,1882,875,1007,1845,855,990,637,276,361,322,126,196,109,30,79,11,3,8,10,3,7,865,860,237,237,153,112,64,34,23,609,464,145,80,416,14,100,96
56391764,0,,,3482,1643,1839,564,278,286,2869,1346,1523,1987,983,1004,2754,1284,1470,2690,1258,1432,882,363,519,430,160,270,140,38,102,19,3,16,9,3,6,1351,1348,367,413,248,192,77,37,14,965,810,155,165,538,36,113,147
56391765,0,,,23,8,15,2,0,2,21,8,13,14,6,8,21,8,13,20,8,12,7,2,5,4,1,3,2,0,2,0,0,0,0,0,0,11,11,3,5,2,1,0,0,0,8,8,0,0,5,0,3,1
56391766,2,56391767,,3,1,2,*,*,*,*,*,*,*,*,*,*,*,*,*,*,*,*,*,*,*,*,*,*,*,*,*,*,*,*,*,*,2,2,*,*,*,*,*,*,*,*,*,*,*,*,*,*,*
56391767,1,,56391766,10,6,4,0,0,0,13,7,6,4,3,1,13,7,6,13,7,6,9,4,5,5,1,4,3,1,2,0,0,0,0,0,0,7,7,6,2,1,0,0,0,0,3,3,0,0,7,0,5,1
56391770,0,,,195,88,107,16,6,10,179,82,97,103,48,55,174,80,94,171,79,92,76,34,42,37,14,23,14,5,9,1,0,1,0,0,0,54,54,7,15,8,7,5,6,6,47,20,27,5,47,1,4,9
56391771,0,,,519,260,259,94,52,42,424,208,216,290,148,142,393,190,203,383,184,199,134,60,74,51,22,29,13,2,11,0,0,0,1,0,1,179,179,30,61,26,35,18,5,4,149,127,22,12,85,0,17,35
56391772,0,,,4935,2358,2577,787,393,394,4077,1934,2143,3034,1479,1555,3896,1840,2056,3804,1795,2009,1043,455,588,427,158,269,110,38,72,8,2,6,14,6,8,1892,1889,476,535,383,320,124,37,14,1389,1156,233,204,710,55,142,168
56391773,0,,,5275,2444,2831,704,356,348,4496,2048,2448,2959,1409,1550,4317,1970,2347,4232,1919,2313,1537,639,898,770,279,491,224,67,157,19,4,15,26,11,15,2298,2294,837,682,367,233,121,36,18,1429,1247,182,188,1058,83,395,268
56391774,0,,,4520,2138,2382,543,263,280,3916,1846,2070,2587,1292,1295,3780,1769,2011,3712,1733,1979,1329,554,775,684,254,430,216,77,139,16,3,13,17,2,15,1960,1957,654,602,342,241,78,26,14,1279,1068,211,142,910,89,244,246
56391775,0,,,1321,625,696,191,95,96,1123,526,597,697,336,361,1081,505,576,1056,494,562,426,190,236,210,89,121,54,14,40,9,3,6,4,1,3,556,555,169,187,99,47,34,16,3,380,330,50,54,300,13,99,65
56391776,0,,,268,110,158,17,5,12,250,104,146,138,63,75,244,101,143,239,100,139,112,41,71,63,22,41,18,4,14,3,0,3,2,0,2,126,126,52,35,21,11,5,0,2,73,51,22,1,80,6,27,17
56391777,0,,,36,16,20,2,1,1,31,14,17,20,8,12,29,13,16,26,12,14,11,6,5,3,1,2,1,0,1,0,0,0,0,0,0,18,18,7,6,3,2,0,0,0,11,10,1,0,9,0,2,3
56391780,0,,,132,64,68,17,7,10,115,57,58,65,35,30,109,53,56,109,53,56,50,22,28,28,13,15,13,5,8,0,0,0,0,0,0,35,35,5,2,10,6,7,3,2,30,10,20,2,30,0,5,1
56391781,0,,,16,7,9,1,0,1,15,7,8,6,2,4,15,7,8,15,7,8,9,5,4,4,2,2,2,1,1,0,0,0,0,0,0,6,6,1,2,1,2,0,0,0,5,4,1,1,5,0,0,2
56391782,0,,,4376,2083,2293,622,319,303,3707,1743,1964,2438,1214,1224,3575,1677,1898,3514,1646,1868,1269,529,740,661,244,417,227,72,155,9,0,9,12,3,9,1774,1773,553,505,304,240,127,27,17,1203,968,235,173,896,50,281,189
56391783,0,,,4727,2159,2568,565,299,266,4064,1812,2252,2624,1250,1374,3931,1741,2190,3851,1703,2148,1440,562,878,785,273,512,297,97,200,20,4,16,38,6,32,2190,2186,895,625,339,204,78,33,12,1281,1086,195,143,1037,114,390,216
56391784,0,,,2680,1242,1438,283,152,131,2332,1053,1279,1428,702,726,2272,1020,1252,2235,1007,1228,904,351,553,503,161,342,194,50,144,25,5,20,17,8,9,1328,1324,645,340,188,88,42,14,7,670,571,99,90,634,70,278,123
56391785,0,,,3559,1693,1866,341,170,171,3136,1480,1656,1893,992,901,3066,1439,1627,3019,1414,1605,1243,488,755,724,252,472,263,72,191,29,6,23,14,6,8,1616,1613,673,454,259,138,61,16,12,923,755,168,106,776,61,268,176
56391786,0,,,630,293,337,70,36,34,547,251,296,341,170,171,533,244,289,525,239,286,206,81,125,105,28,77,43,9,34,2,0,2,2,0,2,262,262,93,78,37,29,10,7,8,166,116,50,21,148,7,42,19
56391790,0,,,147,70,77,11,5,6,136,65,71,71,37,34,133,65,68,130,64,66,65,28,37,28,11,17,8,2,6,1,0,1,0,0,0,46,46,4,18,7,9,3,2,3,42,27,15,3,36,0,1,8
56391791,0,,,124,62,62,12,6,6,112,56,56,65,35,30,107,53,54,106,53,53,47,21,26,20,8,12,7,2,5,2,1,1,0,0,0,45,45,9,16,6,11,1,1,1,36,28,8,4,31,0,6,8
56391792,0,,,1865,885,980,198,102,96,1634,764,870,980,482,498,1583,737,846,1553,725,828,654,282,372,365,147,218,116,42,74,10,4,6,12,3,9,830,830,295,254,136,93,35,12,5,530,429,101,48,460,38,140,112
56391793,0,,,5573,2605,2968,625,316,309,4814,2220,2594,2964,1470,1494,4662,2146,2516,4586,2110,2476,1850,750,1100,1051,367,684,372,112,260,34,7,27,31,10,21,2539,2528,1013,735,398,236,90,36,20,1487,1256,231,172,1248,103,450,291
56391794,0,,,3922,1844,2078,318,162,156,3481,1615,1866,2137,1105,1032,3381,1560,1821,3335,1538,1797,1344,510,834,775,255,520,276,74,202,28,4,24,27,7,20,1974,1968,970,512,272,139,49,16,10,978,800,178,90,886,93,322,194
56391795,0,,,5220,2476,2744,584,296,288,4516,2112,2404,2969,1472,1497,4341,2029,2312,4262,1987,2275,1547,640,907,772,279,493,295,78,217,31,5,26,46,24,22,2369,2355,917,711,359,226,98,32,12,1413,1203,210,146,1007,126,295,270
56391796,0,,,394,195,199,24,15,9,356,175,181,210,112,98,345,168,177,342,165,177,146,63,83,78,31,47,23,9,14,1,0,1,0,0,0,191,191,77,63,26,17,5,1,2,109,90,19,7,100,11,29,28
56391799,0,,,86,46,40,9,6,3,77,40,37,47,25,22,73,37,36,73,37,36,30,15,15,16,7,9,6,2,4,0,0,0,2,1,1,26,26,3,10,4,3,0,4,2,23,13,10,2,20,0,2,4
56392469,0,,,61,34,27,4,3,1,57,31,26,28,16,12,57,31,26,57,31,26,29,15,14,19,8,11,8,5,3,0,0,0,0,0,0,25,25,8,9,2,2,3,1,0,17,11,6,1,20,0,4,4
56392487,0,,,84,39,45,10,5,5,74,34,40,41,21,20,73,33,40,72,33,39,33,13,20,12,2,10,7,0,7,2,0,2,0,0,0,32,32,8,11,4,5,2,2,0,24,16,8,2,23,0,5,5
56392488,0,,,31,12,19,1,0,1,30,12,18,10,4,6,30,12,18,29,12,17,20,8,12,6,2,4,1,0,1,1,0,1,3,1,2,13,13,3,6,1,2,1,0,0,9,6,3,1,12,0,3,5
56392499,0,,,27,13,14,2,0,2,25,13,12,13,8,5,24,13,11,24,13,11,12,5,7,6,3,3,1,0,1,0,0,0,0,0,0,9,9,0,5,1,1,2,0,0,9,4,5,0,8,0,0,2
56392504,0,,,45,24,21,6,2,4,39,22,17,18,9,9,39,22,17,39,22,17,21,13,8,10,5,5,3,1,2,0,0,0,0,0,0,15,15,3,3,3,3,3,0,0,12,6,6,1,15,0,3,2
56392506,1,,56392515,66,32,34,2,1,1,67,33,34,23,16,7,67,33,34,67,33,34,44,17,27,28,7,21,16,3,13,0,0,0,0,0,0,21,20,5,11,3,0,2,1,0,17,14,3,1,19,0,3,5
56392507,0,,,100,48,52,10,4,6,90,44,46,47,27,20,87,41,46,85,40,45,43,17,26,18,7,11,8,1,7,1,0,1,0,0,0,35,35,7,11,7,4,4,1,1,27,11,16,3,29,0,3,4
56392508,0,,,42,20,22,8,5,3,34,15,19,14,9,5,34,15,19,34,15,19,20,6,14,9,2,7,6,0,6,2,0,2,0,0,0,13,13,4,1,4,1,0,1,2,9,3,6,2,12,0,3,0
56392509,1,,56392519,14,8,6,2,2,0,19,9,10,10,6,4,18,9,9,18,9,9,9,3,6,4,1,3,2,0,2,0,0,0,0,0,0,5,5,1,2,2,1,0,1,0,6,4,2,0,6,0,1,1
56392512,1,,56392513;56392520,31,17,14,1,1,0,40,19,21,11,6,5,38,19,19,38,19,19,29,13,16,21,9,12,10,3,7,1,0,1,0,0,0,16,16,8,6,4,1,1,0,0,12,8,4,0,20,0,8,4
56392513,2,56392512,,2,0,2,*,*,*,*,*,*,*,*,*,*,*,*,*,*,*,*,*,*,*,*,*,*,*,*,*,*,*,*,*,*,2,2,*,*,*,*,*,*,*,*,*,*,*,*,*,*,*
56392515,2,56392506,,3,2,1,*,*,*,*,*,*,*,*,*,*,*,*,*,*,*,*,*,*,*,*,*,*,*,*,*,*,*,*,*,*,2,2,*,*,*,*,*,*,*,*,*,*,*,*,*,*,*
56392516,0,,,36,17,19,0,0,0,36,17,19,14,6,8,36,17,19,36,17,19,22,11,11,10,6,4,3,2,1,0,0,0,0,0,0,15,15,2,8,3,1,1,0,0,13,9,4,0,14,1,1,7
56392517,0,,,49,21,28,6,3,3,43,18,25,27,14,13,40,17,23,40,17,23,16,4,12,8,1,7,3,1,2,0,0,0,0,0,0,15,15,1,5,4,2,1,1,1,14,9,5,1,13,0,1,2
56392518,0,,,28,13,15,6,2,4,22,11,11,13,5,8,22,11,11,22,11,11,9,6,3,5,3,2,0,0,0,0,0,0,0,0,0,8,8,1,3,1,1,0,0,2,7,4,3,1,6,0,1,1
56392519,2,56392509,,7,3,4,*,*,*,*,*,*,*,*,*,*,*,*,*,*,*,*,*,*,*,*,*,*,*,*,*,*,*,*,*,*,2,2,*,*,*,*,*,*,*,*,*,*,*,*,*,*,*
56392520,2,56392512,,8,3,5,*,*,*,*,*,*,*,*,*,*,*,*,*,*,*,*,*,*,*,*,*,*,*,*,*,*,*,*,*,*,2,2,*,*,*,*,*,*,*,*,*,*,*,*,*,*,*
56392522,0,,,30,15,15,2,0,2,28,15,13,9,4,5,28,15,13,28,15,13,19,11,8,11,5,6,4,1,3,0,0,0,1,1,0,14,14,5,5,3,0,0,1,0,9,7,2,0,14,0,5,3
56392526,1,,56392536,253,99,154,19,10,9,242,93,149,84,43,41,236,91,145,234,90,144,158,50,108,119,28,91,91,13,78,23,2,21,0,0,0,67,60,21,12,11,7,4,2,6,42,19,23,5,48,2,10,5
56392527,0,,,85,48,37,12,9,3,73,39,34,40,24,16,71,38,33,69,36,33,33,15,18,16,6,10,5,2,3,0,0,0,0,0,0,29,29,7,7,7,2,2,3,1,22,18,4,3,20,1,4,4
56392529,0,,,13,7,6,0,0,0,13,7,6,6,4,2,13,7,6,13,7,6,7,3,4,3,1,2,3,1,2,1,0,1,0,0,0,6,6,2,3,0,0,1,0,0,4,3,1,0,4,0,2,0
56392533,1,,56392534,13,6,7,0,0,0,18,8,10,4,1,3,18,8,10,18,8,10,14,7,7,9,4,5,6,2,4,1,1,0,0,0,0,7,7,3,6,1,0,0,0,0,7,5,2,0,9,0,3,3
56392534,2,56392533,,5,2,3,*,*,*,*,*,*,*,*,*,*,*,*,*,*,*,*,*,*,*,*,*,*,*,*,*,*,*,*,*,*,3,3,*,*,*,*,*,*,*,*,*,*,*,*,*,*,*
56392536,2,56392526,,8,4,4,*,*,*,*,*,*,*,*,*,*,*,*,*,*,*,*,*,*,*,*,*,*,*,*,*,*,*,*,*,*,3,3,*,*,*,*,*,*,*,*,*,*,*,*,*,*,*
56392537,0,,,265,135,130,29,18,11,236,117,119,126,69,57,230,115,115,226,114,112,110,48,62,65,24,41,27,12,15,2,0,2,1,1,0,100,100,31,23,24,7,6,5,4,69,42,27,7,76,1,22,9
56392538,0,,,205,103,102,19,12,7,186,91,95,88,50,38,181,88,93,181,88,93,98,41,57,60,22,38,22,5,17,5,0,5,0,0,0,80,80,27,17,17,9,4,5,1,53,32,21,6,67,0,20,9
56392543,2,56392553,,8,4,4,*,*,*,*,*,*,*,*,*,*,*,*,*,*,*,*,*,*,*,*,*,*,*,*,*,*,*,*,*,*,2,2,*,*,*,*,*,*,*,*,*,*,*,*,*,*,*
56392547,0,,,407,196,211,51,24,27,356,172,184,226,112,114,344,164,180,342,163,179,130,60,70,68,28,40,20,8,12,0,0,0,1,0,1,184,184,66,61,32,12,5,6,2,114,95,19,15,96,2,36,19
56392548,0,,,14,5,9,0,0,0,14,5,9,11,4,7,13,4,9,12,4,8,3,1,2,1,0,1,0,0,0,0,0,0,0,0,0,4,4,1,0,0,2,1,0,0,3,2,1,0,2,0,1,0
56392553,1,,56392543,54,28,26,3,0,3,59,32,27,23,15,8,59,32,27,59,32,27,36,17,19,19,6,13,12,4,8,2,1,1,1,1,0,20,20,2,11,3,3,2,0,1,20,16,4,2,20,0,2,5
56392554,0,,,12,7,5,0,0,0,12,7,5,3,2,1,12,7,5,12,7,5,9,5,4,5,2,3,2,0,2,0,0,0,0,0,0,7,7,2,5,0,0,0,0,0,5,5,0,0,7,0,2,2
56392557,0,,,55,24,31,13,5,8,42,19,23,26,15,11,41,19,22,41,19,22,16,4,12,11,2,9,1,0,1,1,0,1,0,0,0,18,18,4,3,4,3,3,1,0,14,9,5,4,12,0,3,2
56392558,0,,,215,102,113,32,15,17,183,87,96,122,60,62,172,82,90,168,80,88,61,27,34,29,11,18,12,4,8,2,0,2,0,0,0,67,67,8,14,18,15,9,2,1,58,41,17,6,38,0,5,5
56392559,0,,,100,47,53,14,8,6,86,39,47,52,26,26,79,34,45,78,34,44,34,13,21,13,3,10,7,2,5,0,0,0,1,0,1,26,26,3,6,6,3,2,3,3,23,8,15,3,22,0,3,1
56392563,0,,,11,5,6,0,0,0,11,5,6,4,2,2,11,5,6,11,5,6,7,3,4,6,2,4,2,0,2,1,0,1,0,0,0,4,4,0,1,3,0,0,0,0,4,2,2,0,4,0,0,1
56392564,0,,,14,9,5,1,1,0,13,8,5,4,4,0,13,8,5,13,8,5,9,4,5,6,2,4,4,1,3,1,0,1,0,0,0,7,7,4,0,2,1,0,0,0,3,1,2,0,5,0,2,0
56392566,0,,,58,29,29,2,1,1,56,28,28,22,12,10,56,28,28,56,28,28,34,16,18,19,10,9,7,4,3,3,1,2,0,0,0,24,24,5,7,9,3,0,0,0,19,14,5,0,18,0,3,6
56392568,0,,,12,4,8,1,0,1,11,4,7,5,1,4,10,4,6,10,4,6,6,3,3,1,0,1,0,0,0,0,0,0,0,0,0,4,4,1,1,1,0,0,1,0,3,2,1,0,4,0,1,1
56392569,0,,,162,85,77,15,11,4,147,74,73,85,44,41,140,68,72,137,67,70,62,30,32,37,15,22,15,5,10,3,1,2,1,0,1,44,44,5,11,7,7,6,2,6,38,16,22,3,39,0,3,5
56392570,2,56392580,,3,1,2,*,*,*,*,*,*,*,*,*,*,*,*,*,*,*,*,*,*,*,*,*,*,*,*,*,*,*,*,*,*,1,1,*,*,*,*,*,*,*,*,*,*,*,*,*,*,*
56392572,0,,,15,9,6,2,1,1,13,8,5,4,3,1,13,8,5,13,8,5,9,5,4,3,2,1,2,1,1,0,0,0,0,0,0,6,6,2,2,1,0,0,1,0,4,2,2,0,5,0,1,1
56392573,0,,,53,27,26,8,2,6,45,25,20,29,16,13,45,25,20,45,25,20,16,9,7,10,5,5,4,1,3,0,0,0,0,0,0,17,17,3,4,5,1,2,1,1,14,8,6,3,12,0,3,2
56392580,1,,56392570,32,13,19,0,0,0,35,14,21,16,7,9,34,14,20,34,14,20,19,7,12,7,1,6,5,0,5,0,0,0,0,0,0,13,13,1,6,6,1,0,0,0,13,9,4,0,13,0,1,2
56392581,0,,,16,10,6,0,0,0,16,10,6,8,5,3,16,10,6,16,10,6,8,5,3,1,0,1,0,0,0,0,0,0,0,0,0,6,6,0,3,2,1,0,0,0,6,6,0,0,5,0,0,3
56392582,0,,,12,7,5,0,0,0,12,7,5,5,4,1,12,7,5,12,7,5,7,3,4,5,3,2,1,0,1,1,0,1,0,0,0,4,4,1,0,1,2,0,0,0,3,1,2,0,3,0,0,0
56392583,0,,,81,41,40,8,4,4,73,37,36,46,24,22,73,37,36,73,37,36,27,13,14,13,6,7,6,4,2,0,0,0,0,0,0,30,30,9,10,1,6,1,2,1,21,11,10,3,18,0,3,2
56392584,0,,,15,7,8,0,0,0,15,7,8,6,4,2,15,7,8,15,7,8,9,3,6,7,2,5,1,0,1,1,0,1,0,0,0,5,5,0,2,2,0,1,0,0,5,3,2,0,5,0,0,2
56392585,0,,,12,5,7,0,0,0,12,5,7,3,1,2,12,5,7,12,5,7,9,4,5,4,1,3,3,1,2,1,0,1,0,0,0,4,4,0,1,2,1,0,0,0,4,1,3,0,4,0,0,1
56392589,0,,,43,19,24,3,0,3,40,19,21,18,10,8,38,19,19,37,19,18,22,9,13,14,5,9,3,0,3,0,0,0,0,0,0,16,16,3,8,2,0,2,0,1,13,9,4,0,14,0,1,5
56392590,0,,,17,8,9,1,0,1,16,8,8,8,5,3,15,8,7,14,7,7,8,3,5,5,2,3,2,1,1,0,0,0,0,0,0,7,7,2,2,2,0,1,0,0,5,2,3,0,7,0,2,1
56392591,0,,,44,19,25,4,2,2,40,17,23,23,11,12,37,15,22,37,15,22,17,6,11,12,3,9,9,2,7,1,0,1,1,0,1,16,16,3,8,0,3,0,1,1,13,8,5,1,12,0,3,1
56392592,0,,,162,73,89,10,4,6,152,69,83,86,45,41,149,68,81,149,68,81,66,24,42,38,10,28,11,1,10,0,0,0,0,0,0,71,71,31,16,10,6,4,3,1,40,26,14,5,49,0,19,5
56392597,0,,,15,7,8,0,0,0,15,7,8,6,3,3,15,7,8,15,7,8,9,4,5,8,3,5,2,1,1,0,0,0,0,0,0,6,6,2,1,2,0,1,0,0,4,2,2,0,6,0,2,1
56392599,0,,,128,66,62,15,9,6,113,57,56,59,32,27,112,57,55,112,57,55,54,25,29,30,11,19,11,2,9,2,0,2,0,0,0,37,37,6,10,8,3,3,2,5,31,18,13,3,32,0,6,3
56392600,2,56392610,,10,7,3,*,*,*,*,*,*,*,*,*,*,*,*,*,*,*,*,*,*,*,*,*,*,*,*,*,*,*,*,*,*,5,5,*,*,*,*,*,*,*,*,*,*,*,*,*,*,*
56392601,0,,,10,5,5,0,0,0,10,5,5,5,3,2,9,5,4,8,4,4,5,2,3,5,2,3,0,0,0,0,0,0,0,0,0,5,5,3,1,0,0,1,0,0,2,1,1,0,4,0,2,1
56392604,0,,,206,93,113,28,12,16,178,81,97,103,51,52,172,76,96,171,76,95,75,30,45,37,12,25,17,4,13,0,0,0,1,0,1,57,57,8,11,13,8,6,5,6,49,16,33,6,50,0,5,7
56392605,0,,,173,84,89,19,10,9,154,74,80,95,49,46,145,67,78,141,64,77,59,25,34,24,7,17,9,2,7,0,0,0,1,0,1,52,52,9,13,9,8,5,3,5,42,27,15,4,41,0,9,7
56392606,0,,,229,110,119,33,14,19,196,96,100,116,59,57,189,94,95,187,94,93,80,37,43,40,15,25,15,4,11,0,0,0,0,0,0,57,57,5,11,11,11,5,4,10,52,20,32,11,50,0,4,8
56392607,0,,,215,109,106,14,6,8,201,103,98,121,68,53,195,100,95,191,97,94,80,35,45,34,12,22,15,4,11,0,0,0,0,0,0,64,64,10,14,13,10,6,9,2,54,25,29,4,49,0,4,8
56392608,0,,,32,16,16,2,1,1,30,15,15,17,8,9,30,15,15,27,14,13,13,7,6,2,1,1,0,0,0,0,0,0,0,0,0,10,10,0,4,3,1,1,1,0,10,8,2,0,8,0,0,4
56392609,0,,,267,128,139,22,10,12,245,118,127,145,81,64,239,114,125,234,110,124,100,37,63,64,20,44,25,7,18,4,1,3,0,0,0,95,95,23,26,18,13,9,3,3,72,47,25,6,69,0,17,12
56392610,1,,56392600,54,29,25,10,8,2,54,28,26,25,14,11,54,28,26,54,28,26,29,14,15,12,6,6,2,1,1,0,0,0,0,0,0,18,18,8,4,6,0,0,5,0,15,9,6,3,20,0,7,3
56392614,0,,,48,24,24,0,0,0,48,24,24,37,20,17,48,24,24,48,24,24,11,4,7,2,0,2,0,0,0,0,0,0,0,0,0,1,0,0,0,0,0,0,0,0,0,0,0,0,0,0,0,0
56392615,0,,,248,121,127,43,21,22,196,97,99,145,74,71,179,86,93,171,80,91,51,23,28,23,9,14,3,0,3,0,0,0,0,0,0,80,80,13,19,17,19,6,3,3,65,49,16,10,32,1,5,8
56392616,0,,,261,126,135,42,26,16,215,98,117,116,57,59,210,96,114,209,95,114,99,41,58,55,18,37,31,9,22,0,0,0,0,0,0,83,83,16,19,17,13,8,7,3,66,37,29,5,63,0,14,6
56392617,0,,,101,45,56,18,4,14,83,41,42,42,21,21,81,40,41,81,40,41,41,20,21,14,8,6,5,2,3,0,0,0,0,0,0,28,28,4,8,3,3,4,4,2,24,9,15,4,25,0,4,6
56392618,0,,,182,90,92,24,10,14,158,80,78,84,42,42,151,77,74,150,77,73,74,38,36,39,17,22,19,10,9,1,1,0,1,0,1,49,49,5,9,13,8,3,5,6,44,18,26,7,45,0,5,5
56392619,0,,,274,130,144,26,11,15,248,119,129,114,62,52,241,115,126,237,112,125,134,57,77,50,20,30,27,8,19,2,1,1,0,0,0,93,93,11,38,19,12,3,5,5,82,53,29,5,81,0,9,23
56392623,1,,56392624,61,29,32,11,4,7,58,29,29,28,15,13,55,29,26,55,29,26,30,14,16,7,2,5,3,1,2,1,0,1,0,0,0,17,17,3,6,2,3,2,2,2,17,9,8,0,17,0,2,3
56392624,2,56392623,,8,4,4,*,*,*,*,*,*,*,*,*,*,*,*,*,*,*,*,*,*,*,*,*,*,*,*,*,*,*,*,*,*,3,3,*,*,*,*,*,*,*,*,*,*,*,*,*,*,*
56392625,0,,,356,171,185,47,21,26,309,150,159,164,86,78,299,144,155,293,141,152,145,64,81,63,24,39,29,8,21,1,0,1,1,0,1,109,109,16,32,21,14,9,9,8,93,48,45,11,89,0,13,13
56392626,0,,,448,226,222,55,30,25,392,195,197,205,110,95,382,191,191,379,189,190,187,85,102,110,45,65,58,19,39,9,2,7,2,1,1,140,139,31,40,24,17,9,9,9,108,69,39,17,103,0,22,18
56392627,0,,,59,28,31,12,7,5,47,21,26,26,10,16,46,21,25,46,21,25,21,11,10,8,4,4,4,2,2,0,0,0,0,0,0,18,18,6,3,0,3,2,3,1,12,6,6,1,15,0,6,1
56392628,0,,,266,136,130,32,20,12,234,116,118,124,61,63,224,111,113,221,109,112,110,55,55,48,21,27,19,7,12,0,0,0,0,0,0,75,75,11,17,16,9,8,6,8,64,30,34,5,68,0,10,12
56392629,0,,,798,403,395,95,51,44,688,345,343,496,257,239,665,336,329,652,327,325,192,88,104,79,31,48,29,8,21,1,1,0,2,0,2,301,298,75,97,50,38,22,13,3,214,164,50,31,127,5,22,33
56392633,0,,,49,24,25,2,1,1,47,23,24,27,15,12,46,23,23,46,23,23,20,8,12,13,4,9,3,0,3,0,0,0,1,0,1,19,19,5,7,2,3,0,2,0,14,8,6,1,15,0,2,2
56392634,0,,,174,95,79,8,7,1,166,88,78,80,46,34,163,85,78,163,85,78,86,42,44,38,15,23,16,5,11,1,0,1,0,0,0,54,54,5,13,15,14,2,4,1,49,28,21,1,53,0,5,11
56392635,0,,,112,53,59,7,2,5,105,51,54,64,32,32,100,50,50,96,48,48,41,19,22,18,7,11,8,4,4,0,0,0,0,0,0,36,36,10,5,6,7,3,4,1,25,13,12,2,26,0,3,3
56392636,0,,,199,103,96,28,21,7,171,82,89,94,48,46,163,77,86,160,75,85,77,34,43,32,14,18,9,3,6,0,0,0,0,0,0,56,56,12,11,8,5,7,7,6,44,17,27,3,45,1,7,8
56392637,0,,,75,34,41,3,2,1,72,32,40,38,18,20,69,31,38,67,30,37,34,14,20,17,6,11,6,2,4,0,0,0,0,0,0,24,24,2,10,4,5,0,0,3,22,14,8,0,20,0,2,4
56392638,0,,,168,82,86,20,11,9,148,71,77,82,40,42,144,68,76,141,66,75,66,31,35,25,10,15,10,2,8,2,0,2,0,0,0,47,47,3,10,11,13,5,2,3,44,20,24,5,40,0,2,4
56392639,0,,,103,61,42,10,5,5,92,55,37,62,35,27,90,54,36,89,54,35,30,20,10,17,11,6,10,5,5,1,0,1,1,0,1,39,37,13,14,4,1,2,2,1,24,16,8,4,11,2,4,3
56392643,0,,,252,129,123,20,11,9,232,118,114,127,69,58,225,113,112,218,108,110,105,49,56,52,20,32,14,1,13,2,0,2,0,0,0,79,79,12,24,17,8,8,5,5,67,40,27,5,65,0,9,10
56392645,0,,,133,64,69,16,11,5,117,53,64,70,34,36,114,51,63,114,51,63,47,19,28,20,4,16,12,2,10,0,0,0,0,0,0,39,39,3,13,6,7,4,4,2,35,22,13,6,28,0,1,6
56392646,0,,,239,115,124,30,14,16,209,101,108,120,63,57,200,97,103,200,97,103,89,38,51,46,18,28,17,6,11,0,0,0,1,0,1,68,68,10,16,15,8,6,6,7,58,27,31,7,55,2,6,7
56392647,0,,,45,22,23,7,4,3,38,18,20,24,12,12,34,16,18,34,16,18,14,6,8,8,3,5,0,0,0,0,0,0,0,0,0,10,10,1,1,2,1,1,1,3,9,3,6,0,9,0,1,1
56392648,1,,56392649,244,119,125,22,10,12,223,110,113,127,66,61,213,104,109,211,103,108,96,44,52,47,17,30,21,5,16,2,1,1,0,0,0,72,72,10,17,17,14,6,5,4,63,27,36,7,64,0,8,8
56392649,2,56392648,,1,1,0,*,*,*,*,*,*,*,*,*,*,*,*,*,*,*,*,*,*,*,*,*,*,*,*,*,*,*,*,*,*,1,1,*,*,*,*,*,*,*,*,*,*,*,*,*,*,*
56392653,0,,,30,13,17,1,1,0,29,12,17,14,5,9,28,12,16,27,11,16,15,7,8,5,1,4,0,0,0,0,0,0,0,0,0,12,12,2,7,0,2,0,1,0,10,8,2,0,11,0,2,5
56392654,0,,,342,167,175,26,11,15,316,156,160,167,87,80,308,152,156,304,150,154,149,69,80,81,29,52,33,8,25,4,0,4,0,0,0,113,113,26,21,29,16,9,6,6,87,39,48,9,99,0,20,11
56392655,0,,,135,67,68,8,5,3,127,62,65,66,36,30,126,62,64,125,61,64,61,26,35,28,9,19,9,2,7,0,0,0,0,0,0,47,47,8,20,5,6,4,1,3,38,25,13,4,38,0,5,7
56392656,0,,,35,18,17,5,4,1,30,14,16,15,6,9,30,14,16,30,14,16,15,8,7,5,1,4,2,0,2,1,0,1,0,0,0,10,10,2,3,0,2,0,2,1,8,4,4,3,10,0,2,3
56392657,0,,,199,98,101,22,15,7,177,83,94,88,44,44,174,81,93,170,79,91,89,39,50,38,14,24,19,6,13,1,0,1,3,0,3,56,56,10,10,9,8,7,10,2,46,14,32,6,50,0,8,7
56392658,0,,,69,37,32,8,6,2,61,31,30,33,18,15,59,31,28,59,31,28,28,13,15,7,2,5,5,1,4,0,0,0,0,0,0,20,20,1,7,5,2,1,2,2,19,11,8,2,18,0,1,6
56392659,0,,,203,99,104,28,17,11,175,82,93,100,52,48,167,75,92,164,75,89,75,30,45,39,12,27,18,5,13,2,1,1,0,0,0,63,63,10,19,11,9,7,1,6,53,33,20,8,48,0,8,7
56392660,0,,,146,73,73,11,5,6,135,68,67,71,35,36,128,66,62,125,65,60,64,33,31,27,11,16,15,4,11,3,0,3,0,0,0,46,46,7,15,7,9,2,3,3,39,23,16,2,37,0,4,8
56392661,0,,,74,37,37,5,3,2,69,34,35,39,21,18,66,32,34,65,31,34,30,13,17,18,8,10,9,3,6,1,1,0,0,0,0,20,20,4,1,7,1,2,3,2,16,4,12,1,18,0,2,1
56392663,0,,,16,8,8,2,2,0,14,6,8,10,5,5,14,6,8,14,6,8,4,1,3,2,0,2,1,0,1,0,0,0,0,0,0,4,4,0,1,0,1,2,0,0,4,1,3,0,4,0,0,0
56392664,0,,,140,68,72,14,6,8,126,62,64,70,37,33,125,62,63,123,62,61,56,25,31,25,9,16,12,3,9,0,0,0,0,0,0,50,50,11,16,10,4,7,0,2,39,28,11,3,35,5,3,6
56392665,0,,,1003,481,522,141,67,74,854,409,445,586,285,301,820,388,432,804,382,422,268,124,144,142,54,88,44,13,31,4,1,3,36,15,21,407,407,116,123,80,57,19,8,4,287,238,49,43,175,15,35,49
56392666,0,,,993,498,495,165,85,80,828,413,415,560,302,258,787,390,397,772,383,389,268,111,157,147,52,95,48,11,37,5,0,5,0,0,0,334,333,85,68,61,60,38,8,13,245,184,61,38,183,2,57,25
56392667,0,,,211,100,111,16,9,7,195,91,104,107,51,56,186,87,99,181,85,96,88,40,48,47,17,30,21,8,13,2,0,2,0,0,0,58,57,9,15,3,13,10,3,4,48,27,21,2,46,0,7,5
56392668,0,,,218,104,114,17,10,7,201,94,107,108,55,53,199,93,106,194,90,104,93,39,54,45,15,30,23,7,16,3,1,2,1,0,1,69,69,14,12,20,11,4,2,6,55,25,30,6,59,0,11,7
56392669,0,,,272,131,141,26,20,6,246,111,135,147,75,72,237,110,127,232,106,126,99,36,63,63,18,45,34,7,27,4,1,3,0,0,0,80,79,12,17,23,14,9,1,3,67,47,20,7,46,0,8,9
56392670,0,,,24,13,11,2,1,1,22,12,10,13,8,5,22,12,10,22,12,10,9,4,5,2,0,2,1,0,1,0,0,0,3,3,0,11,11,5,2,1,3,0,0,0,6,4,2,1,6,1,1,1
56392671,0,,,73,33,40,2,0,2,71,33,38,45,24,21,69,32,37,68,31,37,26,9,17,15,4,11,6,2,4,0,0,0,0,0,0,20,20,1,4,5,5,3,1,1,19,9,10,1,18,0,0,0
56392672,2,56392682,,4,1,3,*,*,*,*,*,*,*,*,*,*,*,*,*,*,*,*,*,*,*,*,*,*,*,*,*,*,*,*,*,*,1,1,*,*,*,*,*,*,*,*,*,*,*,*,*,*,*
56392674,0,,,1024,486,538,145,78,67,877,407,470,629,305,324,837,388,449,823,382,441,248,102,146,102,38,64,33,9,24,1,1,0,4,1,3,395,395,77,132,103,53,22,6,2,312,265,47,35,171,8,37,41
56392675,0,,,3023,1435,1588,311,154,157,2696,1269,1427,1601,827,774,2614,1233,1381,2573,1208,1365,1095,442,653,622,219,403,282,78,204,32,7,25,32,21,11,1240,1237,386,399,226,122,66,28,10,842,670,172,80,685,20,198,148
56392676,0,,,1237,592,645,159,85,74,1078,507,571,671,346,325,1037,484,553,1018,473,545,407,161,246,260,81,179,134,36,98,25,1,24,15,6,9,448,446,134,118,87,59,25,14,9,308,234,74,45,220,11,41,47
56392677,0,,,280,139,141,33,13,20,247,126,121,148,77,71,235,116,119,232,115,117,99,49,50,43,18,25,14,5,9,1,0,1,0,0,0,89,89,14,19,27,13,5,7,4,74,43,31,9,61,1,5,11
56392678,0,,,87,43,44,14,9,5,73,34,39,47,20,27,72,33,39,70,33,37,26,14,12,7,3,4,5,2,3,0,0,0,0,0,0,21,21,2,5,3,2,3,0,6,19,9,10,4,16,0,1,2
56392679,0,,,232,105,127,26,12,14,206,93,113,118,54,64,193,87,106,185,83,102,88,39,49,47,20,27,19,8,11,4,1,3,0,0,0,66,66,10,16,12,6,9,6,7,56,27,29,9,54,0,5,9
56392680,0,,,33,14,19,2,2,0,31,12,19,18,7,11,26,10,16,26,10,16,13,5,8,6,1,5,5,1,4,0,0,0,0,0,0,10,10,2,2,2,1,1,2,0,8,2,6,0,9,0,2,1
56392681,0,,,130,60,70,7,5,2,123,55,68,51,24,27,121,55,66,119,54,65,72,31,41,38,11,27,19,5,14,2,0,2,0,0,0,51,51,15,14,11,5,3,2,1,36,17,19,2,47,0,14,6
56392682,1,,56392672,35,17,18,0,0,0,39,18,21,21,9,12,37,18,19,35,16,19,18,9,9,10,5,5,4,1,3,1,0,1,0,0,0,13,13,2,4,4,3,1,0,0,12,6,6,0,12,0,2,1
56392683,0,,,234,120,114,15,9,6,219,111,108,114,60,54,214,109,105,210,108,102,105,51,54,56,21,35,22,6,16,1,0,1,0,0,0,90,90,24,25,22,10,3,4,2,66,45,21,4,72,0,21,16
56392684,0,,,454,220,234,51,27,24,403,193,210,239,117,122,390,188,202,386,185,201,164,76,88,84,30,54,31,7,24,5,1,4,5,3,2,158,156,39,47,25,18,13,5,9,116,72,44,11,100,8,19,18
56392685,0,,,283,137,146,18,10,8,265,127,138,164,82,82,263,125,138,258,123,135,101,45,56,42,15,27,23,6,17,1,1,0,21,6,15,122,122,52,26,21,11,5,3,4,70,44,26,6,63,12,14,13
56392686,0,,,191,85,106,16,5,11,175,80,95,91,46,45,170,76,94,169,75,94,84,34,50,47,16,31,19,6,13,1,1,0,1,0,1,61,61,5,25,13,6,5,2,5,55,33,22,2,51,0,4,13
56392687,0,,,198,93,105,13,6,7,185,87,98,102,50,52,177,83,94,170,81,89,83,37,46,39,16,23,13,3,10,2,1,1,0,0,0,59,59,9,12,17,6,3,9,3,50,22,28,4,51,0,5,6
56392688,0,,,124,61,63,13,5,8,111,56,55,61,34,27,109,54,55,108,53,55,50,22,28,24,8,16,9,2,7,3,0,3,0,0,0,37,37,5,8,11,5,2,3,3,32,16,16,3,31,0,4,5
56392689,0,,,288,145,143,40,25,15,248,120,128,144,73,71,244,119,125,243,119,124,104,47,57,40,15,25,16,3,13,1,0,1,0,0,0,78,78,6,18,21,11,5,8,9,72,33,39,11,63,2,1,9
56392690,0,,,45,24,21,3,2,1,42,22,20,21,13,8,42,22,20,41,22,19,21,9,12,10,3,7,6,2,4,1,0,1,0,0,0,15,15,2,7,1,1,2,2,0,13,8,5,1,13,0,1,4
56392691,0,,,203,101,102,14,6,8,189,95,94,100,59,41,188,95,93,188,95,93,89,36,53,42,14,28,14,3,11,3,1,2,1,0,1,67,67,12,22,12,10,4,4,3,55,30,25,2,56,1,8,10
56392693,0,,,50,23,27,11,5,6,39,18,21,28,13,15,38,17,21,38,17,21,11,5,6,5,2,3,3,1,2,1,0,1,0,0,0,15,15,2,5,1,2,3,2,0,13,8,5,3,6,0,0,1
56392694,0,,,144,48,96,2,1,1,142,47,95,33,15,18,141,47,94,139,47,92,109,32,77,90,19,71,69,10,59,15,1,14,0,0,0,26,23,3,9,6,2,2,0,1,19,13,6,1,17,0,2,4
56392695,0,,,116,52,64,13,4,9,103,48,55,65,33,32,101,47,54,100,47,53,38,15,23,19,5,14,7,1,6,0,0,0,0,0,0,32,32,4,4,8,6,7,1,2,27,10,17,4,24,0,4,1
56392696,0,,,117,57,60,16,5,11,101,52,49,55,30,25,99,51,48,98,50,48,46,22,24,23,10,13,10,4,6,2,0,2,0,0,0,30,30,1,7,8,4,3,3,4,29,14,15,4,27,0,1,4
56392697,1,,56392698,133,70,63,13,10,3,128,64,64,65,36,29,125,61,64,123,60,63,63,28,35,32,13,19,14,3,11,1,0,1,0,0,0,39,39,3,11,8,9,6,2,2,37,18,19,5,37,0,3,8
56392698,2,56392697,,8,4,4,*,*,*,*,*,*,*,*,*,*,*,*,*,*,*,*,*,*,*,*,*,*,*,*,*,*,*,*,*,*,2,2,*,*,*,*,*,*,*,*,*,*,*,*,*,*,*
56392700,0,,,157,81,76,13,5,8,144,76,68,72,40,32,140,75,65,138,74,64,72,36,36,37,17,20,12,3,9,0,0,0,2,2,0,57,57,15,15,11,8,5,0,3,42,23,19,2,49,1,11,9
56392701,0,,,175,86,89,18,7,11,157,79,78,84,45,39,151,76,75,149,74,75,73,34,39,39,15,24,15,7,8,0,0,0,0,0,0,61,61,11,20,13,6,7,3,1,50,33,17,6,46,0,5,8
56392702,0,,,1171,559,612,109,57,52,1041,490,551,667,341,326,1008,475,533,982,469,513,374,149,225,211,66,145,77,18,59,4,0,4,9,0,9,456,453,142,134,80,51,29,9,8,303,228,75,28,225,16,48,51
56392703,0,,,5746,2715,3031,609,299,310,4994,2342,2652,3058,1531,1527,4865,2276,2589,4787,2238,2549,1936,811,1125,1065,399,666,389,123,266,33,5,28,35,10,25,2571,2569,958,770,427,255,100,42,17,1590,1307,283,178,1303,90,389,336
56392704,0,,,4954,2311,2643,499,253,246,4278,1975,2303,2686,1343,1343,4155,1910,2245,4083,1873,2210,1592,632,960,861,275,586,357,96,261,31,7,24,40,17,23,2417,2409,1116,633,346,213,66,17,18,1270,1058,212,136,1071,102,390,233
56392705,0,,,4998,2443,2555,602,315,287,4201,2025,2176,2932,1468,1464,4046,1954,2092,3910,1891,2019,1269,557,712,610,251,359,177,58,119,18,5,13,36,15,21,2412,2408,1112,594,332,225,101,27,17,1271,1076,195,159,880,221,272,221
56392706,0,,,1285,620,665,145,79,66,1130,537,593,718,352,366,1090,516,574,1067,505,562,412,185,227,184,64,120,67,19,48,8,2,6,2,0,2,537,537,172,163,99,57,24,15,7,358,293,65,37,274,12,70,78
56392709,0,,,16,7,9,0,0,0,16,7,9,9,4,5,16,7,9,16,7,9,7,3,4,6,2,4,2,1,1,0,0,0,0,0,0,5,5,0,1,2,2,0,0,0,5,3,2,0,5,0,0,1
56392710,0,,,868,425,443,152,77,75,701,340,361,533,267,266,671,324,347,658,318,340,168,73,95,81,30,51,33,10,23,0,0,0,4,3,1,310,309,54,104,63,53,21,10,4,252,216,36,53,103,11,10,34
56392711,0,,,125,59,66,16,8,8,109,51,58,62,34,28,107,50,57,107,50,57,47,17,30,26,8,18,12,2,10,1,0,1,0,0,0,35,35,5,6,10,4,2,4,4,30,12,18,3,30,0,2,2
56392712,0,,,220,109,111,16,10,6,199,97,102,120,59,61,189,90,99,184,88,96,79,38,41,46,23,23,20,7,13,0,0,0,6,2,4,74,74,9,24,19,8,10,4,0,63,38,25,5,52,0,6,13
56392713,0,,,344,156,188,30,14,16,314,142,172,178,83,95,304,139,165,297,136,161,136,59,77,59,18,41,31,4,27,1,1,0,6,4,2,125,124,32,36,21,17,11,4,3,91,63,28,6,83,1,20,17
56392714,0,,,4141,2091,2050,484,256,228,3514,1750,1764,2452,1312,1140,3384,1682,1702,3290,1622,1668,1062,438,624,520,201,319,153,40,113,11,1,10,42,23,19,1924,1922,833,503,268,193,82,26,17,1059,877,182,143,692,240,164,183
56392715,0,,,4470,2251,2219,592,315,277,3666,1828,1838,2816,1446,1370,3530,1758,1772,3357,1672,1685,850,382,468,337,131,206,89,27,62,8,4,4,62,21,41,2183,2178,1093,455,303,196,86,33,12,1055,905,150,188,585,321,172,143
56392716,0,,,1579,801,778,261,139,122,1277,639,638,943,484,459,1232,617,615,1187,590,597,334,155,179,112,46,66,32,9,23,1,0,1,8,6,2,663,663,230,177,112,87,42,7,8,424,361,63,80,227,43,51,68
56392718,0,,,54,24,30,7,4,3,47,20,27,22,9,13,47,20,27,47,20,27,25,11,14,12,3,9,5,0,5,0,0,0,0,0,0,18,18,5,5,2,4,0,0,2,13,8,5,1,17,0,5,2
56392719,0,,,79,43,36,6,2,4,73,41,32,39,22,17,72,40,32,72,40,32,34,19,15,17,7,10,5,3,2,0,0,0,2,0,2,25,25,3,8,5,4,3,1,1,22,14,8,3,23,0,2,3
56392720,0,,,794,362,432,122,66,56,657,289,368,449,217,232,633,275,358,621,272,349,208,72,136,136,34,102,76,12,64,11,1,10,2,0,2,263,261,58,78,53,46,19,7,0,197,170,27,29,74,8,10,22
56392721,0,,,283,142,141,15,5,10,266,136,130,144,80,64,257,129,128,252,124,128,122,56,66,61,25,36,26,7,19,3,0,3,0,0,0,94,94,15,27,24,11,7,9,1,78,40,38,4,69,0,6,14
56392722,0,,,287,142,145,45,25,20,241,116,125,139,75,64,233,111,122,229,108,121,102,41,61,44,16,28,22,5,17,2,0,2,0,0,0,96,96,20,26,18,16,5,8,3,76,52,24,11,62,0,13,10
56392723,0,,,268,119,149,33,12,21,233,107,126,139,68,71,225,105,120,221,104,117,94,39,55,35,14,21,13,3,10,1,0,1,0,0,0,94,94,27,19,18,14,6,7,3,67,36,31,12,60,1,13,4
56392724,0,,,1068,583,485,85,37,48,952,528,424,642,384,258,930,519,411,891,485,406,310,144,166,144,66,78,50,19,31,3,0,3,5,3,2,514,514,234,133,66,51,16,12,2,274,214,60,24,202,95,39,51
56392725,0,,,2395,1125,1270,220,116,104,2111,969,1142,1244,632,612,2032,935,1097,1966,898,1068,867,337,530,500,172,328,162,45,117,18,2,16,16,11,5,1116,1109,509,318,137,83,31,24,7,595,499,96,53,527,129,169,145
56392726,0,,,929,381,548,71,31,40,856,350,506,339,162,177,841,344,497,824,337,487,517,188,329,373,114,259,195,41,154,33,2,31,16,1,15,276,271,92,89,42,23,17,4,4,179,148,31,15,161,12,48,49
56392727,0,,,50,25,25,9,6,3,41,19,22,23,9,14,41,19,22,41,19,22,18,10,8,10,4,6,6,2,4,1,0,1,0,0,0,18,18,7,2,5,1,0,1,2,10,5,5,2,14,0,7,1
56392729,1,,56392739,23,11,12,5,3,2,23,10,13,12,6,6,23,10,13,23,10,13,11,4,7,6,1,5,4,0,4,1,0,1,0,0,0,8,8,3,4,0,1,0,1,1,7,4,3,2,9,0,2,2
56392730,0,,,139,68,71,12,6,6,122,59,63,56,31,25,121,58,63,121,58,63,66,28,38,36,14,22,13,3,10,1,0,1,0,0,0,45,45,6,13,13,5,3,2,3,37,21,16,3,41,0,5,9
56392731,0,,,116,54,62,8,1,7,108,53,55,64,33,31,107,53,54,106,52,54,44,20,24,20,9,11,3,1,2,0,0,0,1,0,1,20,17,3,3,4,2,1,1,3,14,5,9,3,15,0,3,2
56392732,0,,,224,112,112,22,8,14,201,103,98,117,66,51,195,100,95,193,98,95,84,37,47,40,16,24,13,4,9,3,0,3,0,0,0,74,74,13,19,21,6,8,5,2,60,38,22,4,51,3,4,11
56392733,0,,,86,44,42,6,3,3,80,41,39,35,21,14,77,38,39,76,38,38,45,20,25,20,9,11,10,3,7,0,0,0,0,0,0,26,26,3,7,6,4,2,3,1,23,12,11,2,24,0,3,5
56392734,0,,,283,143,140,32,15,17,251,128,123,148,82,66,245,125,120,243,124,119,103,46,57,45,13,32,20,3,17,2,0,2,1,1,0,92,92,21,24,15,11,9,7,5,70,39,31,6,68,1,10,9
56392735,0,,,308,164,144,25,16,9,276,145,131,187,105,82,270,141,129,246,125,121,89,40,49,47,21,26,16,6,10,2,0,2,17,11,6,91,90,24,22,14,11,5,10,4,65,35,30,4,55,3,2,12
56392736,0,,,2447,1137,1310,304,154,150,2127,974,1153,1488,716,772,2044,935,1109,2000,914,1086,639,258,381,343,99,244,172,28,144,23,0,23,86,52,34,886,879,196,316,163,128,48,25,3,676,606,70,61,303,8,71,108
56392737,0,,,315,166,149,39,28,11,271,136,135,235,117,118,257,129,128,246,121,125,36,19,17,11,5,6,4,1,3,0,0,0,4,1,3,103,103,11,25,30,22,14,1,0,91,80,11,8,25,0,3,6
56392738,0,,,40,23,17,1,1,0,39,22,17,24,14,10,35,21,14,35,21,14,15,8,7,10,5,5,2,1,1,0,0,0,0,0,0,14,14,3,3,4,2,1,1,0,11,7,4,0,9,0,1,0
56392739,2,56392729,,5,2,3,*,*,*,*,*,*,*,*,*,*,*,*,*,*,*,*,*,*,*,*,*,*,*,*,*,*,*,*,*,*,2,2,*,*,*,*,*,*,*,*,*,*,*,*,*,*,*
56392740,0,,,259,129,130,36,18,18,223,111,112,123,68,55,218,107,111,216,107,109,100,43,57,57,21,36,22,6,16,2,1,1,1,0,1,74,74,11,17,17,9,5,8,7,63,33,30,9,62,0,9,9
56392741,0,,,61,25,36,3,1,2,58,24,34,30,14,16,55,23,32,54,22,32,28,10,18,16,6,10,3,1,2,0,0,0,0,0,0,19,19,5,4,2,3,1,3,1,14,6,8,0,17,0,5,2
56392742,0,,,147,70,77,14,8,6,133,62,71,68,34,34,129,61,68,127,60,67,65,28,37,28,11,17,12,3,9,1,0,1,0,0,0,45,45,2,13,18,4,1,6,1,43,27,16,3,39,0,2,8
56392743,0,,,82,42,40,7,5,2,75,37,38,43,27,16,72,35,37,72,35,37,32,10,22,20,4,16,11,1,10,1,0,1,0,0,0,24,24,4,7,4,3,1,0,5,19,10,9,1,19,0,4,2
56392744,0,,,103,55,48,12,8,4,91,47,44,57,32,25,87,45,42,86,45,41,34,15,19,19,8,11,7,3,4,0,0,0,0,0,0,31,31,4,8,4,7,5,3,0,27,17,10,2,24,0,4,4
56392745,0,,,375,179,196,38,23,15,337,156,181,217,109,108,329,152,177,328,151,177,120,47,73,68,21,47,26,4,22,4,0,4,0,0,0,114,114,13,27,31,21,10,6,6,101,54,47,11,81,0,7,8
56392746,0,,,57,28,29,3,1,2,54,27,27,25,16,9,52,25,27,52,25,27,29,11,18,26,9,17,13,4,9,2,0,2,0,0,0,13,12,2,3,1,4,2,0,0,10,6,4,2,8,0,2,0
56392747,0,,,94,45,49,5,4,1,89,41,48,52,26,26,88,40,48,86,39,47,37,15,22,22,8,14,10,4,6,0,0,0,1,0,1,37,37,9,12,9,4,0,3,0,28,18,10,0,28,0,6,2
56392748,0,,,50,23,27,8,4,4,42,19,23,33,17,16,40,17,23,40,17,23,9,2,7,4,0,4,1,0,1,0,0,0,0,0,0,10,10,0,1,0,3,2,3,1,10,1,9,4,7,0,0,0
56392749,0,,,23,14,9,1,1,0,22,13,9,12,7,5,21,12,9,20,11,9,10,6,4,5,2,3,2,1,1,0,0,0,0,0,0,9,9,4,1,1,1,2,0,0,5,3,2,0,8,0,4,0
56392750,0,,,66,33,33,7,5,2,59,28,31,37,17,20,56,26,30,54,25,29,22,11,11,9,4,5,0,0,0,0,0,0,1,0,1,21,21,5,2,5,5,2,2,0,16,9,7,3,16,0,5,0
56392751,0,,,254,123,131,33,14,19,221,109,112,125,68,57,216,105,111,214,104,110,96,41,55,48,20,28,18,5,13,1,0,1,2,0,2,77,77,9,24,13,10,11,7,3,68,35,33,6,61,0,5,8
56392752,0,,,107,54,53,12,9,3,95,45,50,56,29,27,94,45,49,92,44,48,39,16,23,19,7,12,7,2,5,1,0,1,0,0,0,36,36,5,10,10,6,2,3,0,31,22,9,1,24,0,2,6
56392753,0,,,258,130,128,30,17,13,228,113,115,130,66,64,225,111,114,219,107,112,98,47,51,43,17,26,17,6,11,1,0,1,0,0,0,76,76,7,21,22,6,9,7,4,69,41,28,9,59,0,7,9
56392754,0,,,1325,639,686,170,94,76,1151,544,607,745,374,371,1127,534,593,1106,522,584,406,170,236,202,80,122,68,21,47,5,0,5,1,0,1,457,455,78,141,102,70,36,14,14,371,267,104,40,276,6,41,62
56392755,0,,,138,70,68,17,6,11,120,63,57,69,36,33,117,63,54,116,63,53,51,27,24,25,12,13,8,3,5,0,0,0,0,0,0,38,38,4,7,8,7,6,4,2,33,17,16,6,32,0,3,5
56392756,0,,,55,25,30,8,5,3,47,20,27,29,13,16,45,19,26,45,19,26,18,7,11,10,2,8,6,0,6,0,0,0,0,0,0,14,14,1,4,3,1,1,1,3,12,6,6,2,12,0,1,1
56392757,0,,,146,72,74,23,9,14,123,63,60,73,41,32,121,62,59,120,61,59,50,22,28,25,11,14,8,2,6,0,0,0,0,0,0,38,38,4,7,7,4,9,3,4,34,16,18,4,30,0,3,4
56392758,0,,,147,72,75,12,9,3,135,63,72,71,37,34,129,61,68,129,61,68,64,26,38,41,17,24,20,6,14,3,0,3,0,0,0,47,47,7,11,14,5,5,4,1,40,20,20,4,41,0,7,7
56392759,0,,,38,18,20,0,0,0,38,18,20,22,11,11,37,17,20,37,17,20,16,7,9,6,2,4,1,0,1,0,0,0,0,0,0,13,13,2,4,3,1,3,0,0,11,5,6,0,12,0,2,3
56392760,0,,,105,52,53,16,8,8,89,44,45,44,21,23,87,42,45,87,42,45,45,23,22,19,9,10,5,2,3,0,0,0,0,0,0,37,37,11,10,4,5,2,3,2,26,15,11,3,30,0,10,6
56392761,0,,,164,81,83,25,11,14,139,70,69,89,47,42,132,66,66,130,64,66,50,23,27,18,5,13,9,2,7,2,0,2,0,0,0,51,51,7,15,9,9,5,3,3,44,30,14,10,34,0,6,7
56392762,0,,,286,134,152,31,20,11,255,114,141,140,64,76,246,111,135,241,109,132,115,50,65,58,21,37,19,5,14,0,0,0,3,0,3,91,90,17,23,25,6,7,4,8,73,36,37,5,69,0,10,15
56392763,0,,,64,27,37,3,0,3,61,27,34,33,15,18,60,27,33,60,27,33,28,12,16,14,4,10,7,2,5,2,0,2,0,0,0,24,24,4,8,8,1,2,1,0,20,15,5,0,17,0,3,5
56392764,0,,,1000,484,516,149,72,77,851,412,439,554,275,279,815,398,417,797,388,409,297,137,160,141,50,91,50,13,37,2,0,2,7,4,3,331,330,53,95,67,62,33,11,9,274,202,72,43,188,7,35,38
56392765,0,,,1136,550,586,148,80,68,975,463,512,664,332,332,935,446,489,916,436,480,311,131,180,150,53,97,42,9,33,2,0,2,7,4,3,442,442,111,132,102,57,22,12,6,326,255,71,44,218,13,55,45
56392766,0,,,220,118,102,31,17,14,189,101,88,113,61,52,182,99,83,178,98,80,76,40,36,35,17,18,12,6,6,1,1,0,1,0,1,66,66,8,22,10,11,2,8,5,58,36,22,4,46,0,4,11
56392767,0,,,82,42,40,6,5,1,74,35,39,42,22,20,71,34,37,67,33,34,32,13,19,15,5,10,6,2,4,0,0,0,0,0,0,24,24,3,6,5,4,2,3,1,21,7,14,4,18,0,1,3
56392768,0,,,371,164,207,35,17,18,336,147,189,158,82,76,327,143,184,323,141,182,178,65,113,130,37,93,86,24,62,18,3,15,0,0,0,119,118,34,37,27,9,5,4,2,84,62,22,9,70,1,24,10
56392769,0,,,75,39,36,5,4,1,70,35,35,33,21,12,70,35,35,70,35,35,37,14,23,26,8,18,12,3,9,1,0,1,0,0,0,35,35,14,10,6,2,3,0,0,21,14,7,2,27,0,10,4
56392770,0,,,241,111,130,41,23,18,200,88,112,128,60,68,195,87,108,192,85,107,72,28,44,38,11,27,17,3,14,2,0,2,2,0,2,75,75,9,22,16,12,8,6,2,65,40,25,17,48,0,7,10
56392771,0,,,286,137,149,51,30,21,235,107,128,144,70,74,226,102,124,223,102,121,91,37,54,47,16,31,13,4,9,1,0,1,0,0,0,87,87,5,26,21,16,15,2,2,82,54,28,14,56,1,4,18
56392772,0,,,162,88,74,16,11,5,146,77,69,70,36,34,139,74,65,138,73,65,76,41,35,34,17,17,8,4,4,1,0,1,0,0,0,51,51,6,17,11,7,3,4,3,44,25,19,3,45,0,6,10
56392773,0,,,298,140,158,31,15,16,267,125,142,144,69,75,256,120,136,254,119,135,123,56,67,49,21,28,17,5,12,0,0,0,1,0,1,95,95,18,26,23,9,4,6,9,77,40,37,7,78,0,16,13
56392774,0,,,144,65,79,11,8,3,133,57,76,82,39,43,129,57,72,124,55,69,51,18,33,23,2,21,8,0,8,0,0,0,0,0,0,39,39,3,9,8,7,6,3,3,36,15,21,1,36,0,3,3
56392775,0,,,154,79,75,20,9,11,134,70,64,87,47,40,131,68,63,129,68,61,47,23,24,25,9,16,9,1,8,1,0,1,0,0,0,51,51,12,14,6,6,6,7,0,39,20,19,3,34,0,4,3
56392776,0,,,13,7,6,0,0,0,13,7,6,4,2,2,13,7,6,13,7,6,9,5,4,4,2,2,1,0,1,0,0,0,0,0,0,5,5,0,2,3,0,0,0,0,5,4,1,0,5,0,0,2
56392777,0,,,121,61,60,6,3,3,115,58,57,63,31,32,114,57,57,114,57,57,52,27,25,34,15,19,17,8,9,1,0,1,0,0,0,35,35,2,10,7,7,6,1,2,33,16,17,1,31,0,2,3
56392778,0,,,87,39,48,7,1,6,80,38,42,40,23,17,77,36,41,75,35,40,40,15,25,25,9,16,10,3,7,0,0,0,0,0,0,35,35,10,13,5,2,3,1,1,25,18,7,2,27,0,6,7
56392779,0,,,785,380,405,84,50,34,701,330,371,416,209,207,674,319,355,657,311,346,285,121,164,168,70,98,59,17,42,6,1,5,4,2,2,263,263,53,69,57,32,25,21,6,208,132,76,24,187,1,43,28
56392780,0,,,124,60,64,17,10,7,107,50,57,62,31,31,102,46,56,102,46,56,45,19,26,22,7,15,15,5,10,3,1,2,1,0,1,41,41,8,11,10,6,2,1,3,33,21,12,3,26,0,4,6
56392781,0,,,214,102,112,22,14,8,192,88,104,101,50,51,190,87,103,189,86,103,91,38,53,39,11,28,20,4,16,4,1,3,1,0,1,73,73,11,24,17,9,6,4,2,62,39,23,5,59,0,7,11
56392782,0,,,98,50,48,14,7,7,84,43,41,48,26,22,83,42,41,80,40,40,36,17,19,19,9,10,9,2,7,2,0,2,0,0,0,30,30,4,11,5,2,3,1,4,26,15,11,4,25,0,4,6
56392783,0,,,189,85,104,14,8,6,175,77,98,95,42,53,170,74,96,168,73,95,80,35,45,38,15,23,10,2,8,0,0,0,1,0,1,57,57,7,14,14,9,4,7,2,50,26,24,4,49,0,5,10
56392784,0,,,104,49,55,9,6,3,95,43,52,47,20,27,93,43,50,93,43,50,48,23,25,19,5,14,12,3,9,3,0,3,1,0,1,28,28,0,8,6,8,2,1,3,28,11,17,3,24,0,0,4
56392785,0,,,333,162,171,36,15,21,297,147,150,173,93,80,290,143,147,289,143,146,124,54,70,51,17,34,23,6,17,2,0,2,0,0,0,110,110,13,40,23,15,8,7,4,97,68,29,9,76,0,10,24
56392786,0,,,152,77,75,19,11,8,133,66,67,80,45,35,130,65,65,128,64,64,53,21,32,26,8,18,12,3,9,0,0,0,0,0,0,47,47,7,8,17,7,2,3,3,40,21,19,4,35,2,4,3
56392787,1,,56392797,112,52,60,31,12,19,82,41,41,58,32,26,77,38,39,76,37,39,24,9,15,14,3,11,4,1,3,1,0,1,0,0,0,33,33,7,5,6,7,5,3,1,27,20,7,8,18,0,5,1
56392788,0,,,44,20,24,5,2,3,39,18,21,28,12,16,37,17,20,36,17,19,11,6,5,4,2,2,0,0,0,0,0,0,0,0,0,10,10,1,2,1,1,2,1,2,9,3,6,2,8,0,1,0
56392789,0,,,82,38,44,11,5,6,71,33,38,44,23,21,69,32,37,68,32,36,27,10,17,12,2,10,8,1,7,1,0,1,0,0,0,21,21,3,4,1,4,4,3,2,18,6,12,5,18,0,2,0
56392790,0,,,50,25,25,2,1,1,48,24,24,27,16,11,47,23,24,46,23,23,21,8,13,15,6,9,3,1,2,0,0,0,0,0,0,16,16,3,2,5,3,2,1,0,13,6,7,0,14,1,2,1
56392791,0,,,148,66,82,32,17,15,116,49,67,81,34,47,109,46,63,107,45,62,35,15,20,20,7,13,7,3,4,0,0,0,0,0,0,51,51,11,16,8,5,7,2,2,40,32,8,5,23,1,6,5
56392792,0,,,295,145,150,21,10,11,274,135,139,166,87,79,265,130,135,262,129,133,108,48,60,59,21,38,25,7,18,2,0,2,2,0,2,88,87,11,24,15,14,14,4,5,76,38,38,6,69,0,6,4
56392793,0,,,205,101,104,35,19,16,170,82,88,111,57,54,166,79,87,163,76,87,59,25,34,27,9,18,11,3,8,2,0,2,1,0,1,59,59,9,11,15,7,3,12,2,50,23,27,5,42,0,5,2
56392794,0,,,23,11,12,2,0,2,21,11,10,12,6,6,20,10,10,19,10,9,9,5,4,3,1,2,2,1,1,0,0,0,0,0,0,7,7,0,3,0,3,1,0,0,7,4,3,0,5,0,0,2
56392795,0,,,286,140,146,38,19,19,248,121,127,148,80,68,235,113,122,229,111,118,100,41,59,43,15,28,17,4,13,3,0,3,0,0,0,89,89,16,21,20,10,13,4,5,71,39,32,7,65,0,11,9
56392796,0,,,64,31,33,7,3,4,57,28,29,31,17,14,57,28,29,57,28,29,26,11,15,11,5,6,5,3,2,1,0,1,0,0,0,19,19,0,8,5,2,2,0,2,19,10,9,4,15,0,0,3
56392797,2,56392787,,1,1,0,*,*,*,*,*,*,*,*,*,*,*,*,*,*,*,*,*,*,*,*,*,*,*,*,*,*,*,*,*,*,1,1,*,*,*,*,*,*,*,*,*,*,*,*,*,*,*
56393409,2,56393426,,2,1,1,*,*,*,*,*,*,*,*,*,*,*,*,*,*,*,*,*,*,*,*,*,*,*,*,*,*,*,*,*,*,1,1,*,*,*,*,*,*,*,*,*,*,*,*,*,*,*
56393418,2,56393436,,1,0,1,*,*,*,*,*,*,*,*,*,*,*,*,*,*,*,*,*,*,*,*,*,*,*,*,*,*,*,*,*,*,1,1,*,*,*,*,*,*,*,*,*,*,*,*,*,*,*
56393426,1,,56393409,38,20,18,4,2,2,36,19,17,15,10,5,36,19,17,36,19,17,21,9,12,6,1,5,4,0,4,0,0,0,0,0,0,15,15,3,6,6,0,0,0,1,13,10,3,1,14,0,3,2
56393436,1,,56393418,27,11,16,4,1,3,24,10,14,10,2,8,24,10,14,24,10,14,14,8,6,7,2,5,2,0,2,0,0,0,0,0,0,10,10,4,3,0,2,2,0,0,7,4,3,1,10,0,4,2
56393446,0,,,22,9,13,0,0,0,22,9,13,6,3,3,22,9,13,22,9,13,16,6,10,9,2,7,6,2,4,1,0,1,0,0,0,12,12,4,6,2,0,0,0,0,8,7,1,0,11,0,4,2
56393459,0,,,129,59,70,16,5,11,113,54,59,50,25,25,110,53,57,109,52,57,63,29,34,34,13,21,15,5,10,1,0,1,1,0,1,48,48,17,13,7,0,5,2,4,31,16,15,4,42,0,14,9
56393467,1,,56393468,34,15,19,3,2,1,33,14,19,12,7,5,33,14,19,33,14,19,21,7,14,14,4,10,6,0,6,1,0,1,0,0,0,17,17,7,7,2,1,1,0,0,11,8,3,0,14,0,4,4
56393468,2,56393467,,2,1,1,*,*,*,*,*,*,*,*,*,*,*,*,*,*,*,*,*,*,*,*,*,*,*,*,*,*,*,*,*,*,1,1,*,*,*,*,*,*,*,*,*,*,*,*,*,*,*
56393487,0,,,85,39,46,7,5,2,78,34,44,43,23,20,75,32,43,74,31,43,35,11,24,22,5,17,11,2,9,0,0,0,0,0,0,30,30,8,10,5,3,0,1,3,21,13,8,2,23,0,5,5
56393497,1,,56393498,12,5,7,1,0,1,18,9,9,8,6,2,18,9,9,18,9,9,10,3,7,7,2,5,4,1,3,0,0,0,0,0,0,6,6,3,5,2,0,0,0,0,7,7,0,1,8,0,3,1
56393498,2,56393497,,7,4,3,*,*,*,*,*,*,*,*,*,*,*,*,*,*,*,*,*,*,*,*,*,*,*,*,*,*,*,*,*,*,4,4,*,*,*,*,*,*,*,*,*,*,*,*,*,*,*
56393500,0,,,290,144,146,21,12,9,269,132,137,137,78,59,266,130,136,264,129,135,132,54,78,82,24,58,40,10,30,4,0,4,0,0,0,106,105,27,33,22,12,5,4,2,77,52,25,6,74,0,16,15
56393501,0,,,1198,569,629,116,61,55,1080,506,574,584,304,280,1045,492,553,1032,484,548,496,202,294,287,95,192,127,33,94,10,0,10,3,1,2,488,484,139,164,79,58,29,12,3,343,257,86,35,329,5,85,80
56393502,0,,,315,151,164,33,18,15,282,133,149,160,79,81,270,128,142,264,125,139,122,54,68,63,24,39,23,6,17,1,0,1,0,0,0,124,124,40,27,23,21,10,3,0,84,56,28,7,89,0,30,13
56393503,0,,,93,45,48,4,3,1,89,42,47,42,23,19,89,42,47,89,42,47,47,19,28,30,12,18,8,2,6,1,0,1,0,0,0,31,31,4,10,7,5,3,1,1,27,14,13,2,30,0,4,7
56393509,2,56393518,,1,1,0,*,*,*,*,*,*,*,*,*,*,*,*,*,*,*,*,*,*,*,*,*,*,*,*,*,*,*,*,*,*,1,1,*,*,*,*,*,*,*,*,*,*,*,*,*,*,*
56393510,0,,,62,31,31,6,4,2,56,27,29,30,14,16,55,27,28,54,27,27,26,13,13,10,5,5,5,1,4,2,1,1,1,1,0,23,23,5,7,4,5,1,1,0,18,12,6,2,14,1,0,3
56393511,0,,,112,40,72,4,2,2,108,38,70,17,11,6,108,38,70,107,38,69,91,27,64,81,23,58,61,13,48,16,3,13,0,0,0,13,10,2,3,2,1,1,1,0,8,5,3,1,8,0,2,0
56393512,0,,,144,71,73,18,10,8,126,61,65,92,46,46,122,59,63,121,58,63,34,15,19,13,3,10,3,0,3,1,0,1,5,1,4,60,57,14,20,12,5,5,1,0,42,33,9,7,21,2,3,5
56393513,0,,,177,91,86,26,12,14,151,79,72,80,41,39,147,78,69,146,77,69,71,38,33,31,14,17,13,5,8,1,0,1,1,0,1,61,60,12,20,11,5,6,2,4,46,25,21,4,45,0,9,10
56393518,1,,56393509,37,20,17,1,1,0,37,20,17,19,12,7,36,19,17,35,19,16,18,8,10,10,3,7,2,0,2,0,0,0,0,0,0,14,14,3,6,4,0,1,1,0,12,10,2,0,13,0,3,4
56393520,0,,,41,18,23,3,1,2,38,17,21,20,9,11,38,17,21,37,17,20,18,8,10,13,5,8,3,2,1,0,0,0,1,0,1,12,12,1,2,3,3,3,0,0,11,3,8,0,12,0,1,1
56393521,0,,,40,22,18,0,0,0,40,22,18,14,8,6,40,22,18,40,22,18,26,14,12,11,7,4,5,3,2,0,0,0,0,0,0,17,17,3,9,2,2,1,0,0,14,9,5,0,14,0,1,6
56393522,0,,,305,148,157,46,18,28,259,130,129,185,90,95,246,125,121,241,120,121,74,40,34,40,18,22,17,6,11,3,1,2,12,0,12,122,122,47,21,22,19,6,5,2,74,59,15,10,48,8,13,6
56393523,0,,,158,82,76,18,10,8,140,72,68,74,41,33,137,70,67,134,69,65,66,31,35,38,15,23,21,7,14,0,0,0,0,0,0,51,51,12,10,13,4,6,2,4,39,19,20,3,44,0,10,5
56393524,2,56393534,,6,4,2,*,*,*,*,*,*,*,*,*,*,*,*,*,*,*,*,*,*,*,*,*,*,*,*,*,*,*,*,*,*,2,2,*,*,*,*,*,*,*,*,*,*,*,*,*,*,*
56393528,0,,,33,18,15,3,3,0,30,15,15,14,6,8,30,15,15,29,14,15,16,9,7,7,4,3,3,2,1,1,1,0,0,0,0,9,9,1,2,2,1,1,1,1,8,4,4,0,8,0,0,2
56393529,0,,,102,44,58,12,7,5,90,37,53,45,19,26,89,36,53,88,36,52,45,18,27,24,6,18,16,2,14,0,0,0,0,0,0,30,30,6,6,7,4,2,1,4,24,7,17,2,26,0,4,4
56393530,0,,,63,31,32,8,4,4,55,27,28,34,16,18,54,26,28,54,26,28,21,11,10,13,6,7,5,2,3,0,0,0,0,0,0,22,22,4,7,3,4,4,0,0,18,10,8,2,16,0,4,1
56393533,0,,,15,6,9,2,1,1,13,5,8,7,3,4,12,5,7,12,5,7,6,2,4,3,1,2,2,1,1,1,0,1,0,0,0,6,6,1,3,1,0,1,0,0,5,4,1,0,4,0,1,1
56393534,1,,56393524,10,5,5,0,0,0,16,9,7,9,6,3,16,9,7,16,9,7,7,3,4,6,2,4,2,1,1,1,0,1,0,0,0,3,3,0,2,1,1,1,0,0,5,2,3,0,5,0,0,0
56393535,0,,,83,41,42,4,3,1,79,38,41,30,17,13,78,38,40,77,38,39,49,21,28,27,10,17,13,5,8,2,1,1,1,0,1,30,30,5,9,13,0,0,1,2,25,18,7,0,30,0,5,6
56393536,0,,,10,5,5,0,0,0,10,5,5,3,2,1,10,5,5,10,5,5,7,3,4,5,3,2,1,1,0,0,0,0,0,0,0,5,5,1,3,1,0,0,0,0,4,4,0,0,4,0,0,3
56393537,0,,,163,75,88,20,10,10,143,65,78,76,38,38,138,62,76,136,62,74,67,27,40,39,12,27,15,3,12,1,0,1,0,0,0,60,60,14,18,13,8,2,4,1,46,28,18,5,46,0,11,8
56393538,0,,,60,31,29,6,4,2,54,27,27,24,12,12,52,26,26,52,26,26,30,15,15,18,8,10,4,2,2,0,0,0,0,0,0,22,22,5,8,3,2,3,0,1,17,12,5,1,18,0,4,6
56393539,0,,,41,20,21,4,2,2,37,18,19,23,13,10,36,17,19,35,17,18,14,5,9,10,4,6,4,1,3,0,0,0,0,0,0,10,10,0,3,1,3,0,2,1,10,6,4,1,8,0,0,0
56393540,1,,56393551,171,78,93,16,4,12,163,79,84,68,39,29,161,77,84,161,77,84,95,40,55,59,22,37,33,11,22,0,0,0,1,1,0,78,78,25,36,10,6,4,0,1,57,45,12,5,67,0,22,22
56393543,0,,,24,12,12,5,1,4,19,11,8,7,4,3,19,11,8,19,11,8,12,7,5,8,4,4,4,2,2,0,0,0,0,0,0,10,10,4,2,2,1,0,1,0,6,3,3,2,9,0,4,0
56393545,0,,,49,24,25,4,4,0,45,20,25,22,13,9,43,18,25,43,18,25,23,7,16,16,4,12,5,1,4,1,0,1,0,0,0,21,21,9,5,4,0,2,0,1,12,5,7,1,17,0,7,1
56393546,1,,56393556,21,11,10,3,3,0,23,9,14,10,4,6,22,8,14,22,8,14,13,5,8,7,2,5,1,0,1,0,0,0,0,0,0,7,7,5,3,1,0,0,2,0,6,4,2,1,10,0,4,2
56393547,0,,,74,34,40,6,3,3,68,31,37,25,12,13,68,31,37,67,31,36,43,19,24,26,10,16,11,3,8,0,0,0,1,0,1,34,34,13,11,4,4,1,1,0,21,13,8,1,29,0,10,8
56393548,1,,56393558,59,27,32,5,3,2,60,28,32,25,12,13,59,27,32,59,27,32,35,16,19,20,6,14,8,2,6,1,1,0,1,0,1,21,21,6,10,5,1,1,0,2,18,11,7,0,24,0,5,4
56393550,0,,,275,138,137,10,4,6,265,134,131,129,71,58,259,130,129,256,129,127,136,63,73,84,37,47,38,13,25,4,1,3,2,0,2,119,119,42,37,18,12,5,4,1,76,50,26,2,86,6,21,18
56393551,2,56393540,,8,5,3,*,*,*,*,*,*,*,*,*,*,*,*,*,*,*,*,*,*,*,*,*,*,*,*,*,*,*,*,*,*,4,4,*,*,*,*,*,*,*,*,*,*,*,*,*,*,*
56393555,0,,,17,8,9,0,0,0,17,8,9,9,5,4,17,8,9,17,8,9,8,3,5,4,1,3,3,1,2,0,0,0,0,0,0,6,6,2,1,0,2,1,0,0,4,2,2,0,5,0,2,0
56393556,2,56393546,,5,1,4,*,*,*,*,*,*,*,*,*,*,*,*,*,*,*,*,*,*,*,*,*,*,*,*,*,*,*,*,*,*,4,4,*,*,*,*,*,*,*,*,*,*,*,*,*,*,*
56393557,0,,,19,10,9,0,0,0,19,10,9,11,7,4,19,10,9,19,10,9,8,3,5,6,2,4,3,1,2,0,0,0,0,0,0,6,6,1,1,2,1,0,1,0,5,3,2,0,5,0,1,0
56393558,2,56393548,,6,4,2,*,*,*,*,*,*,*,*,*,*,*,*,*,*,*,*,*,*,*,*,*,*,*,*,*,*,*,*,*,*,4,4,*,*,*,*,*,*,*,*,*,*,*,*,*,*,*
56393559,0,,,14,6,8,0,0,0,14,6,8,6,2,4,14,6,8,14,6,8,8,4,4,6,3,3,1,0,1,0,0,0,0,0,0,5,5,0,3,1,0,1,0,0,5,3,2,0,4,0,0,2
56393560,0,,,54,26,28,5,2,3,49,24,25,24,14,10,48,23,25,47,22,25,25,10,15,14,2,12,10,1,9,0,0,0,1,0,1,26,26,9,12,3,1,0,0,1,17,11,6,2,20,0,6,4
56393561,0,,,48,26,22,2,2,0,46,24,22,21,13,8,46,24,22,45,24,21,25,11,14,17,7,10,10,5,5,1,0,1,0,0,0,24,24,10,7,4,3,0,0,0,14,11,3,1,18,0,8,2
56393562,1,,56393563,24,13,11,0,0,0,31,17,14,12,6,6,30,17,13,30,17,13,19,11,8,13,6,7,2,1,1,0,0,0,0,0,0,14,14,8,8,1,1,0,0,0,10,7,3,0,14,0,7,3
56393563,2,56393562,,7,4,3,*,*,*,*,*,*,*,*,*,*,*,*,*,*,*,*,*,*,*,*,*,*,*,*,*,*,*,*,*,*,4,4,*,*,*,*,*,*,*,*,*,*,*,*,*,*,*
56393565,2,56393566,,5,3,2,*,*,*,*,*,*,*,*,*,*,*,*,*,*,*,*,*,*,*,*,*,*,*,*,*,*,*,*,*,*,2,2,*,*,*,*,*,*,*,*,*,*,*,*,*,*,*
56393566,1,,56393565;56393567,40,22,18,5,3,2,46,25,21,21,14,7,45,24,21,45,24,21,25,11,14,14,5,9,3,0,3,0,0,0,0,0,0,13,13,2,7,2,3,2,0,1,15,9,6,2,17,0,2,5
56393567,2,56393566,,6,3,3,*,*,*,*,*,*,*,*,*,*,*,*,*,*,*,*,*,*,*,*,*,*,*,*,*,*,*,*,*,*,2,2,*,*,*,*,*,*,*,*,*,*,*,*,*,*,*
56393568,0,,,32,13,19,0,0,0,32,13,19,18,9,9,32,13,19,32,13,19,14,4,10,8,2,6,3,0,3,0,0,0,0,0,0,14,14,3,6,4,0,1,0,0,11,9,2,0,10,0,1,1
56393570,0,,,19,11,8,0,0,0,19,11,8,7,6,1,18,10,8,18,10,8,12,5,7,5,2,3,1,0,1,0,0,0,0,0,0,7,7,1,2,3,0,1,0,0,6,4,2,0,7,0,1,1
56393573,0,,,63,32,31,0,0,0,63,32,31,19,9,10,61,32,29,61,32,29,44,23,21,26,11,15,6,2,4,2,0,2,0,0,0,32,32,11,14,4,3,0,0,0,20,16,4,0,29,0,10,11
56393574,0,,,23,12,11,1,0,1,22,12,10,7,5,2,22,12,10,22,12,10,15,7,8,9,5,4,6,3,3,0,0,0,0,0,0,8,8,2,2,1,1,2,0,0,6,4,2,1,8,0,2,0
56393575,0,,,13,8,5,0,0,0,13,8,5,4,3,1,13,8,5,13,8,5,9,5,4,2,1,1,1,0,1,0,0,0,1,0,1,8,8,4,3,1,0,0,0,0,4,4,0,0,7,1,3,1
56393577,0,,,40,21,19,0,0,0,40,21,19,19,12,7,40,21,19,40,21,19,21,9,12,14,6,8,5,1,4,0,0,0,0,0,0,14,14,3,4,3,2,0,2,0,11,8,3,0,12,0,2,3
56393578,1,,56393589,22,8,14,1,0,1,23,9,14,12,5,7,22,8,14,21,8,13,11,4,7,7,2,5,3,0,3,0,0,0,0,0,0,8,8,2,4,3,0,1,0,0,8,5,3,0,7,0,2,2
56393584,0,,,44,25,19,0,0,0,44,25,19,16,10,6,44,25,19,44,25,19,28,15,13,22,10,12,6,3,3,0,0,0,0,0,0,18,18,6,4,5,1,1,1,0,12,7,5,0,16,0,4,2
56393585,0,,,21,11,10,3,0,3,18,11,7,10,5,5,18,11,7,18,11,7,8,6,2,3,3,0,1,1,0,0,0,0,0,0,0,8,8,3,0,4,0,0,1,0,5,4,1,1,6,0,3,0
56393587,1,,56393588,21,13,8,0,0,0,22,13,9,8,6,2,22,13,9,22,13,9,14,7,7,6,2,4,2,0,2,1,0,1,0,0,0,9,9,3,4,1,2,0,0,0,7,6,1,0,8,0,1,3
56393588,2,56393587,,1,0,1,*,*,*,*,*,*,*,*,*,*,*,*,*,*,*,*,*,*,*,*,*,*,*,*,*,*,*,*,*,*,1,1,*,*,*,*,*,*,*,*,*,*,*,*,*,*,*
56393589,2,56393578,,2,1,1,*,*,*,*,*,*,*,*,*,*,*,*,*,*,*,*,*,*,*,*,*,*,*,*,*,*,*,*,*,*,2,2,*,*,*,*,*,*,*,*,*,*,*,*,*,*,*
56393595,0,,,58,31,27,2,1,1,56,30,26,24,15,9,56,30,26,55,29,26,32,15,17,17,8,9,6,2,4,1,0,1,0,0,0,22,22,3,9,6,2,1,1,0,19,16,3,0,21,0,3,5
56393596,2,56393597,,12,6,6,*,*,*,*,*,*,*,*,*,*,*,*,*,*,*,*,*,*,*,*,*,*,*,*,*,*,*,*,*,*,3,3,*,*,*,*,*,*,*,*,*,*,*,*,*,*,*
56393597,1,,56393596,3,1,2,2,1,1,13,6,7,8,3,5,12,6,6,12,6,6,5,3,2,1,0,1,0,0,0,0,0,0,0,0,0,1,1,1,1,1,0,0,0,1,3,2,1,0,2,0,1,0
56393598,0,,,18,9,9,0,0,0,18,9,9,9,6,3,18,9,9,18,9,9,9,3,6,5,1,4,2,0,2,0,0,0,0,0,0,10,10,6,1,2,1,0,0,0,4,3,1,0,7,0,4,1
56393599,0,,,12,8,4,0,0,0,12,8,4,3,2,1,12,8,4,12,8,4,9,6,3,5,3,2,4,2,2,1,1,0,0,0,0,8,8,5,2,1,0,0,0,0,3,2,1,0,7,0,4,2
56393600,0,,,18,12,6,2,2,0,16,10,6,7,5,2,15,9,6,15,9,6,9,5,4,2,1,1,0,0,0,0,0,0,0,0,0,6,6,1,2,2,0,0,0,1,5,4,1,0,5,0,1,2
56393601,0,,,64,31,33,6,3,3,58,28,30,30,18,12,57,27,30,57,27,30,28,10,18,12,3,9,6,0,6,0,0,0,0,0,0,21,21,3,7,4,3,2,1,1,18,11,7,2,17,0,2,4
56393604,0,,,225,102,123,29,15,14,196,87,109,111,51,60,194,86,108,190,84,106,85,36,49,39,12,27,24,5,19,5,2,3,0,0,0,61,60,6,15,9,14,5,6,5,53,22,31,11,50,0,5,8
56393605,0,,,18,9,9,1,0,1,17,9,8,7,3,4,17,9,8,17,9,8,10,6,4,3,2,1,0,0,0,0,0,0,0,0,0,8,8,2,3,2,1,0,0,0,6,5,1,1,7,0,1,2
56393606,0,,,395,187,208,33,13,20,362,174,188,186,97,89,351,169,182,347,168,179,176,77,99,99,38,61,40,9,31,1,0,1,2,0,2,129,129,22,37,31,14,10,10,5,107,66,41,9,109,0,16,19
56393607,0,,,230,115,115,26,16,10,204,99,105,117,57,60,194,94,100,190,91,99,87,42,45,35,14,21,11,2,9,1,0,1,0,0,0,76,76,13,25,15,8,3,10,2,62,31,31,5,59,0,9,9
56393608,0,,,181,85,96,12,8,4,169,77,92,92,45,47,166,76,90,166,76,90,77,32,45,49,15,34,19,8,11,0,0,0,0,0,0,59,59,8,19,11,11,6,1,3,50,31,19,0,52,0,6,8
56393609,0,,,73,36,37,4,1,3,69,35,34,40,24,16,67,34,33,65,32,33,29,11,18,17,5,12,4,0,4,0,0,0,0,0,0,25,25,4,7,7,3,3,0,1,21,13,8,1,19,0,2,3
56393610,0,,,32,17,15,2,1,1,30,16,14,19,11,8,29,16,13,29,16,13,11,5,6,6,2,4,3,1,2,0,0,0,0,0,0,10,10,0,1,7,1,1,0,0,10,8,2,0,7,0,0,0
56393611,1,,56393612,209,99,110,14,4,10,199,97,102,115,55,60,189,91,98,186,89,97,84,42,42,44,16,28,20,4,16,3,0,3,0,0,0,62,62,7,15,16,13,6,4,3,57,27,30,1,52,0,5,8
56393612,2,56393611,,4,2,2,*,*,*,*,*,*,*,*,*,*,*,*,*,*,*,*,*,*,*,*,*,*,*,*,*,*,*,*,*,*,2,2,*,*,*,*,*,*,*,*,*,*,*,*,*,*,*
56393614,0,,,30,13,17,6,3,3,24,10,14,11,4,7,23,10,13,23,10,13,13,6,7,2,0,2,1,0,1,0,0,0,0,0,0,9,9,1,4,0,1,1,2,0,8,4,4,1,9,0,1,3
56393615,0,,,113,59,54,3,3,0,110,56,54,58,32,26,108,54,54,108,54,54,52,24,28,31,12,19,15,6,9,3,0,3,1,0,1,36,36,6,6,13,3,5,2,1,30,16,14,0,33,0,5,3
56393616,0,,,113,53,60,9,3,6,104,50,54,57,31,26,99,48,51,98,48,50,47,19,28,25,10,15,9,2,7,0,0,0,0,0,0,41,41,9,15,6,3,6,0,2,32,23,9,2,29,0,6,11
56393619,0,,,88,40,48,6,3,3,82,37,45,39,19,20,81,37,44,81,37,44,43,18,25,21,7,14,9,2,7,0,0,0,2,0,2,33,33,6,11,8,5,2,1,0,27,17,10,2,29,0,3,7
56393620,0,,,135,69,66,7,2,5,128,67,61,75,43,32,122,65,57,121,65,56,53,24,29,30,11,19,13,5,8,0,0,0,0,0,0,40,40,6,6,10,9,5,2,2,34,16,18,2,35,0,4,4
56393624,0,,,113,51,62,12,6,6,101,45,56,58,27,31,99,45,54,98,44,54,43,18,25,20,4,16,12,1,11,1,0,1,0,0,0,32,32,5,9,6,1,5,1,5,27,13,14,3,28,0,5,6
56393625,0,,,73,31,42,12,5,7,61,26,35,29,12,17,60,26,34,60,26,34,32,14,18,14,6,8,6,2,4,0,0,0,0,0,0,20,20,3,5,3,3,2,0,4,17,7,10,4,20,0,3,2
56393627,0,,,106,51,55,17,8,9,89,43,46,51,24,27,87,41,46,83,40,43,38,19,19,14,5,9,4,0,4,0,0,0,0,0,0,31,31,4,8,5,6,4,2,2,27,17,10,1,25,0,3,4
56393628,0,,,292,140,152,31,14,17,261,126,135,150,70,80,252,122,130,249,119,130,111,56,55,53,23,30,21,8,13,1,1,0,0,0,0,95,95,19,29,13,16,6,3,9,76,43,33,7,70,0,12,16
56393629,0,,,294,139,155,22,13,9,272,126,146,144,72,72,265,124,141,260,124,136,128,54,74,68,24,44,29,9,20,3,0,3,2,0,2,94,94,19,22,19,13,12,3,6,75,40,35,7,80,0,17,12
56393630,1,,56393631,179,82,97,21,9,12,162,75,87,93,43,50,156,71,85,155,71,84,69,32,37,38,14,24,17,7,10,2,1,1,1,0,1,51,51,5,15,10,12,6,3,3,49,27,22,6,43,0,4,9
56393631,2,56393630,,4,2,2,*,*,*,*,*,*,*,*,*,*,*,*,*,*,*,*,*,*,*,*,*,*,*,*,*,*,*,*,*,*,3,3,*,*,*,*,*,*,*,*,*,*,*,*,*,*,*
56393634,0,,,65,33,32,6,1,5,59,32,27,31,17,14,58,31,27,58,31,27,28,15,13,15,7,8,8,2,6,0,0,0,0,0,0,22,22,5,6,3,5,0,2,1,17,10,7,2,19,0,5,4
56393635,0,,,99,49,50,7,5,2,92,44,48,40,18,22,89,44,45,88,44,44,52,26,26,23,9,14,9,4,5,3,1,2,0,0,0,33,33,3,15,6,4,1,2,2,30,17,13,2,31,0,2,9
56393636,0,,,23,10,13,0,0,0,23,10,13,14,6,8,23,10,13,23,10,13,9,4,5,5,2,3,2,0,2,1,0,1,0,0,0,7,7,0,2,2,2,1,0,0,7,5,2,0,5,0,0,0
56393637,0,,,219,106,113,14,7,7,205,99,106,125,61,64,194,92,102,190,91,99,80,38,42,41,14,27,15,4,11,2,1,1,0,0,0,60,60,10,11,10,10,6,8,5,50,23,27,4,47,0,6,8
56393638,0,,,200,110,90,19,14,5,181,96,85,96,54,42,178,93,85,177,92,85,85,42,43,41,17,24,19,7,12,3,0,3,0,0,0,65,65,17,13,12,9,7,3,4,48,23,25,5,50,0,11,7
56393639,0,,,74,36,38,2,1,1,72,35,37,38,21,17,68,32,36,66,30,36,34,14,20,19,8,11,14,6,8,1,0,1,0,0,0,21,21,2,5,5,3,3,2,1,19,8,11,0,20,0,2,2
56393640,0,,,53,22,31,6,3,3,47,19,28,24,11,13,46,18,28,45,18,27,23,8,15,13,4,9,3,0,3,1,0,1,0,0,0,20,20,5,7,1,4,3,0,0,15,11,4,2,17,0,4,3
56393641,0,,,107,52,55,13,5,8,94,47,47,55,29,26,89,45,44,87,44,43,39,18,21,19,7,12,5,0,5,0,0,0,0,0,0,36,36,5,13,8,4,1,4,1,31,19,12,2,28,1,1,7
56393642,0,,,29,15,14,0,0,0,29,15,14,14,8,6,29,15,14,29,15,14,15,7,8,5,2,3,2,1,1,0,0,0,0,0,0,13,13,2,8,1,2,0,0,0,11,9,2,0,11,0,2,5
56393643,0,,,166,75,91,7,3,4,159,72,87,89,43,46,152,68,84,150,68,82,70,29,41,41,17,24,16,4,12,1,0,1,0,0,0,63,63,18,17,11,9,4,3,1,45,28,17,2,49,0,15,7
56393646,0,,,109,47,62,12,6,6,97,41,56,45,20,25,95,40,55,95,40,55,52,21,31,35,13,22,11,2,9,0,0,0,2,1,1,37,37,10,9,6,6,0,3,3,27,12,15,4,33,0,9,7
56393647,0,,,114,53,61,13,4,9,101,49,52,53,27,26,98,48,50,96,47,49,48,22,26,32,15,17,9,3,6,0,0,0,0,0,0,35,35,5,12,5,2,5,5,1,30,15,15,3,31,0,4,8
56393648,0,,,104,52,52,14,9,5,90,43,47,52,28,24,88,41,47,87,40,47,38,15,23,21,6,15,10,3,7,1,0,1,0,0,0,31,31,5,8,6,5,2,2,3,25,12,13,1,24,0,4,2
56393649,0,,,169,81,88,11,7,4,158,74,84,74,31,43,151,70,81,150,70,80,84,43,41,42,19,23,16,6,10,1,1,0,0,0,0,55,55,9,14,15,9,4,0,4,45,22,23,2,48,0,6,10
56393650,0,,,136,63,73,17,5,12,119,58,61,68,35,33,116,56,60,114,54,60,51,23,28,23,8,15,9,3,6,0,0,0,0,0,0,41,41,4,12,7,9,5,2,2,37,21,16,6,34,0,4,6
56393651,0,,,64,31,33,12,7,5,52,24,28,31,16,15,49,22,27,48,22,26,21,8,13,11,3,8,6,1,5,0,0,0,0,0,0,16,16,4,2,1,1,3,3,2,11,3,8,3,14,0,3,2
56393652,0,,,37,20,17,5,5,0,32,15,17,21,11,10,32,15,17,31,14,17,11,4,7,7,2,5,4,1,3,1,0,1,0,0,0,11,11,2,2,4,0,1,1,1,9,4,5,2,8,0,1,1
56393653,0,,,26,13,13,3,2,1,23,11,12,11,5,6,22,11,11,22,11,11,12,6,6,3,2,1,2,1,1,0,0,0,0,0,0,8,8,0,4,1,2,0,0,1,8,5,3,0,8,0,0,3
56393654,0,,,19,12,7,0,0,0,19,12,7,11,8,3,19,12,7,19,12,7,8,4,4,1,0,1,1,0,1,0,0,0,0,0,0,7,7,0,4,1,2,0,0,0,7,5,2,0,5,0,0,2
56393656,0,,,71,33,38,11,7,4,60,26,34,28,13,15,58,24,34,57,23,34,32,13,19,17,5,12,10,3,7,1,0,1,0,0,0,21,21,3,4,7,2,2,1,2,18,6,12,1,19,0,3,1
56393657,0,,,41,20,21,8,3,5,33,17,16,17,9,8,32,16,16,32,16,16,16,8,8,11,5,6,5,3,2,0,0,0,0,0,0,13,13,4,2,2,1,2,1,1,9,2,7,1,12,0,3,2
56393658,0,,,131,61,70,6,4,2,125,57,68,69,36,33,124,56,68,124,56,68,56,21,35,34,11,23,14,6,8,1,1,0,1,0,1,43,43,8,10,13,4,3,3,2,35,15,20,2,39,0,7,3
56393659,0,,,492,225,267,58,25,33,434,200,234,291,135,156,411,186,225,402,182,220,143,65,78,66,27,39,25,11,14,0,0,0,1,0,1,182,182,51,48,35,23,14,3,8,129,94,35,10,109,0,39,11
56393660,0,,,210,107,103,9,5,4,201,102,99,104,53,51,199,101,98,196,100,96,97,49,48,46,20,26,18,6,12,0,0,0,2,0,2,82,82,18,30,14,12,6,2,0,63,47,16,2,64,0,14,13
56393661,0,,,333,152,181,50,21,29,283,131,152,170,80,90,263,121,142,255,117,138,113,51,62,57,18,39,30,11,19,5,4,1,1,0,1,133,133,32,44,31,16,6,3,1,101,85,16,8,78,0,26,17
56393662,0,,,94,43,51,7,4,3,87,39,48,52,25,27,86,39,47,84,38,46,35,14,21,23,7,16,15,3,12,2,1,1,1,0,1,32,32,6,8,11,3,0,2,2,25,11,14,1,24,1,2,3
56393663,0,,,39,22,17,6,3,3,33,19,14,19,12,7,33,19,14,33,19,14,14,7,7,6,3,3,4,2,2,0,0,0,0,0,0,16,16,4,7,1,2,2,0,0,12,9,3,2,10,0,2,2
56393664,0,,,36,17,19,3,2,1,33,15,18,21,12,9,33,15,18,31,13,18,12,3,9,8,2,6,3,0,3,0,0,0,0,0,0,13,13,3,4,1,3,2,0,0,10,7,3,0,9,0,2,2
56393666,0,,,227,107,120,13,8,5,214,99,115,109,57,52,205,92,113,204,92,112,105,42,63,64,26,38,20,5,15,2,1,1,0,0,0,83,83,17,26,21,8,4,6,1,66,39,27,1,70,0,14,14
56393667,0,,,68,35,33,5,3,2,63,32,31,29,19,10,62,31,31,62,31,31,34,13,21,18,4,14,7,1,6,1,0,1,0,0,0,27,27,9,6,8,0,2,1,1,18,11,7,1,24,0,8,1
56393668,0,,,230,116,114,19,12,7,211,104,107,118,63,55,201,101,100,198,101,97,93,41,52,51,21,30,20,6,14,2,0,2,0,0,0,73,73,10,18,18,13,9,2,3,62,34,28,3,56,0,8,8
56393669,0,,,685,333,352,97,49,48,588,284,304,360,184,176,574,275,299,567,271,296,228,100,128,114,45,69,25,7,18,2,0,2,14,8,6,276,276,82,86,49,32,13,10,4,194,150,44,21,164,1,44,27
56393670,0,,,26,11,15,0,0,0,26,11,15,12,5,7,26,11,15,25,11,14,14,6,8,7,2,5,1,0,1,0,0,0,1,0,1,12,12,4,5,1,1,1,0,0,8,6,2,0,10,0,2,2
56393671,0,,,367,179,188,26,11,15,341,168,173,185,106,79,331,163,168,324,159,165,156,62,94,100,34,66,42,13,29,2,0,2,2,1,1,142,141,41,41,27,15,10,4,3,100,60,40,5,113,0,29,17
56393672,0,,,26,12,14,4,1,3,22,11,11,11,6,5,22,11,11,22,11,11,11,5,6,4,1,3,2,0,2,1,0,1,0,0,0,9,9,3,2,2,0,1,0,1,6,4,2,1,8,0,3,0
56393673,0,,,39,20,19,2,1,1,37,19,18,13,7,6,37,19,18,37,19,18,24,12,12,14,6,8,6,2,4,2,0,2,0,0,0,17,17,6,5,3,2,0,1,0,11,7,4,1,14,0,4,3
56393674,1,,56393683;56393684,17,10,7,1,1,0,24,14,10,13,8,5,23,13,10,21,11,10,11,6,5,9,4,5,3,2,1,0,0,0,0,0,0,6,6,5,1,1,1,1,1,0,5,3,2,0,9,0,5,1
56393677,0,,,58,30,28,3,2,1,55,28,27,28,14,14,53,27,26,53,27,26,27,14,13,13,6,7,2,0,2,0,0,0,1,0,1,19,19,3,6,4,1,3,2,0,16,10,6,0,16,0,2,4
56393678,0,,,926,455,471,110,51,59,816,404,412,557,284,273,788,385,403,779,380,399,259,120,139,139,64,75,47,22,25,4,2,2,8,2,6,374,374,105,125,70,38,16,13,7,263,208,55,43,173,14,40,40
56393679,0,,,2389,1122,1267,260,124,136,2129,998,1131,1274,654,620,2077,975,1102,2048,961,1087,855,344,511,545,188,357,252,63,189,44,6,38,24,10,14,1025,1023,402,282,161,106,39,24,9,614,488,126,77,523,62,170,101
56393681,0,,,96,47,49,7,7,0,89,40,49,41,21,20,89,40,49,88,39,49,48,19,29,22,7,15,10,1,9,1,0,1,1,0,1,45,45,16,15,9,3,1,1,0,29,24,5,1,35,0,13,8
56393682,1,,56393694,228,80,148,8,5,3,227,79,148,58,27,31,222,77,145,222,77,145,169,52,117,137,31,106,105,17,88,32,3,29,1,0,1,46,43,16,11,8,3,3,4,0,29,17,12,2,34,0,12,5
56393683,2,56393674,,7,4,3,*,*,*,*,*,*,*,*,*,*,*,*,*,*,*,*,*,*,*,*,*,*,*,*,*,*,*,*,*,*,3,3,*,*,*,*,*,*,*,*,*,*,*,*,*,*,*
56393684,2,56393674,,1,1,0,*,*,*,*,*,*,*,*,*,*,*,*,*,*,*,*,*,*,*,*,*,*,*,*,*,*,*,*,*,*,1,1,*,*,*,*,*,*,*,*,*,*,*,*,*,*,*
56393687,0,,,104,48,56,16,7,9,88,41,47,51,24,27,86,40,46,84,40,44,37,17,20,20,8,12,7,3,4,1,0,1,1,0,1,27,27,5,2,3,8,4,2,3,22,6,16,3,22,0,4,1
56393688,0,,,528,255,273,86,49,37,442,206,236,293,144,149,426,199,227,419,195,224,149,62,87,66,21,45,29,9,20,1,0,1,5,2,3,165,164,31,43,34,34,11,7,4,132,97,35,33,79,2,12,18
56393689,0,,,2480,1163,1317,262,146,116,2217,1016,1201,1281,641,640,2148,986,1162,2114,969,1145,936,375,561,530,187,343,194,61,133,25,5,20,12,0,12,1078,1077,384,325,180,101,46,31,10,687,535,152,66,655,31,217,133
56393690,0,,,50,26,24,3,2,1,47,24,23,24,11,13,47,24,23,47,24,23,23,13,10,14,7,7,7,3,4,2,1,1,0,0,0,21,21,5,8,4,3,1,0,0,16,10,6,1,16,0,3,5
56393692,0,,,70,32,38,6,3,3,64,29,35,38,18,20,62,29,33,62,29,33,26,11,15,15,6,9,4,1,3,0,0,0,0,0,0,17,17,2,1,4,2,4,3,1,15,3,12,2,16,0,2,0
56393694,2,56393682,,7,4,3,*,*,*,*,*,*,*,*,*,*,*,*,*,*,*,*,*,*,*,*,*,*,*,*,*,*,*,*,*,*,2,2,*,*,*,*,*,*,*,*,*,*,*,*,*,*,*
56393697,0,,,20,9,11,0,0,0,20,9,11,12,6,6,19,9,10,19,9,10,8,3,5,5,1,4,3,1,2,0,0,0,0,0,0,6,6,0,3,1,0,1,1,0,6,3,3,0,6,0,0,1
56393698,0,,,134,67,67,6,3,3,128,64,64,68,37,31,124,62,62,123,62,61,60,27,33,34,13,21,10,2,8,0,0,0,0,0,0,47,47,10,13,12,5,2,3,2,37,21,16,3,39,0,8,7
56393699,0,,,2448,1163,1285,348,158,190,2100,1005,1095,1474,746,728,2017,971,1046,1969,950,1019,626,259,367,317,114,203,87,26,61,3,0,3,10,3,7,980,980,302,264,183,139,51,31,10,671,543,128,99,438,49,114,107
56393700,0,,,210,102,108,17,9,8,193,93,100,109,52,57,187,90,97,184,88,96,84,41,43,47,20,27,21,7,14,3,1,2,2,0,2,80,80,22,22,11,19,4,1,1,58,38,20,5,57,0,12,10
56393701,0,,,553,263,290,87,45,42,466,218,248,341,168,173,439,205,234,431,199,232,125,50,75,63,23,40,25,7,18,2,1,1,1,0,1,210,209,63,51,38,32,17,4,4,145,122,23,23,79,5,26,12
56393702,0,,,242,121,121,25,14,11,217,107,110,118,63,55,210,103,107,208,103,105,99,44,55,42,14,28,19,4,15,2,1,1,0,0,0,83,83,20,23,15,10,5,5,5,62,36,26,2,62,0,16,9
56393703,0,,,10,6,4,1,1,0,9,5,4,6,4,2,9,5,4,9,5,4,3,1,2,2,1,1,0,0,0,0,0,0,0,0,0,4,4,1,1,1,1,0,0,0,3,1,2,0,3,0,0,0
56393705,0,,,21,12,9,4,4,0,17,8,9,12,6,6,15,7,8,14,6,8,5,2,3,1,0,1,0,0,0,0,0,0,1,1,0,5,5,0,1,1,1,1,0,1,5,3,2,2,3,0,0,1
56393706,2,56393716,,5,4,1,*,*,*,*,*,*,*,*,*,*,*,*,*,*,*,*,*,*,*,*,*,*,*,*,*,*,*,*,*,*,2,2,*,*,*,*,*,*,*,*,*,*,*,*,*,*,*
56393710,0,,,1789,852,937,436,206,230,1353,646,707,1105,536,569,1294,619,675,1265,600,665,248,110,138,112,44,68,38,13,25,7,3,4,2,0,2,600,599,94,162,131,136,49,17,10,499,437,62,143,161,9,33,39
56393711,0,,,1591,773,818,178,93,85,1413,680,733,836,439,397,1385,660,725,1371,653,718,577,241,336,339,122,217,137,29,108,13,4,9,5,0,5,619,618,184,199,111,74,28,14,8,428,330,98,50,326,25,71,90
56393712,0,,,130,71,59,11,7,4,119,64,55,62,38,24,114,61,53,114,61,53,57,26,31,28,16,12,8,3,5,1,1,0,0,0,0,37,37,7,5,8,5,7,3,2,30,12,18,3,31,0,4,5
56393713,0,,,86,41,45,14,6,8,72,35,37,41,20,21,72,35,37,72,35,37,31,15,16,12,4,8,6,1,5,0,0,0,0,0,0,24,24,4,8,2,2,2,2,4,20,10,10,4,18,0,1,5
56393714,2,56393723,,4,2,2,*,*,*,*,*,*,*,*,*,*,*,*,*,*,*,*,*,*,*,*,*,*,*,*,*,*,*,*,*,*,2,2,*,*,*,*,*,*,*,*,*,*,*,*,*,*,*
56393715,0,,,50,27,23,1,1,0,49,26,23,24,13,11,48,26,22,48,26,22,25,13,12,13,6,7,3,0,3,0,0,0,1,0,1,23,23,6,9,6,2,0,0,0,17,12,5,0,17,0,5,6
56393716,1,,56393706,26,14,12,2,0,2,29,18,11,15,10,5,29,18,11,29,18,11,14,8,6,9,4,5,6,3,3,0,0,0,0,0,0,9,9,4,1,2,3,0,0,1,7,3,4,1,10,0,4,1
56393720,0,,,410,203,207,68,37,31,342,166,176,228,117,111,331,157,174,312,141,171,114,49,65,53,19,34,20,5,15,2,1,1,2,1,1,146,145,33,49,29,14,9,6,5,112,89,23,18,79,0,23,18
56393721,1,,56393722,830,365,465,97,47,50,742,324,418,396,206,190,718,311,407,715,309,406,346,118,228,222,61,161,121,20,101,21,2,19,1,1,0,263,261,77,71,35,46,15,12,9,186,132,54,24,153,7,41,27
56393722,2,56393721,,9,6,3,*,*,*,*,*,*,*,*,*,*,*,*,*,*,*,*,*,*,*,*,*,*,*,*,*,*,*,*,*,*,4,4,*,*,*,*,*,*,*,*,*,*,*,*,*,*,*
56393723,1,,56393714,212,105,107,18,8,10,198,99,99,107,53,54,194,96,98,192,95,97,91,46,45,45,21,24,15,5,10,2,0,2,1,0,1,71,71,14,23,13,11,3,5,4,58,32,26,6,56,0,10,15
56393724,0,,,43,25,18,4,3,1,39,22,17,22,14,8,37,20,17,37,20,17,17,8,9,6,2,4,4,1,3,0,0,0,0,0,0,16,16,5,3,4,1,2,1,0,11,7,4,2,13,1,4,1
56393725,1,,56393726,41,22,19,4,1,3,47,26,21,22,12,10,46,26,20,46,26,20,25,14,11,9,4,5,3,1,2,0,0,0,0,0,0,20,20,7,8,4,4,0,0,0,16,14,2,2,18,0,7,4
56393726,2,56393725,,10,5,5,*,*,*,*,*,*,*,*,*,*,*,*,*,*,*,*,*,*,*,*,*,*,*,*,*,*,*,*,*,*,3,3,*,*,*,*,*,*,*,*,*,*,*,*,*,*,*
56393730,0,,,185,82,103,14,8,6,171,74,97,85,38,47,165,71,94,163,71,92,86,36,50,39,11,28,16,4,12,1,0,1,0,0,0,55,55,8,13,16,4,5,4,5,47,23,24,4,47,0,5,8
56393731,0,,,319,149,170,39,18,21,280,131,149,170,79,91,272,129,143,270,129,141,110,52,58,46,20,26,15,4,11,0,0,0,1,0,1,101,101,13,31,25,10,10,6,6,88,52,36,15,74,1,10,13
56393732,0,,,225,107,118,11,5,6,214,102,112,118,59,59,209,99,110,206,97,109,96,43,53,43,15,28,22,7,15,0,0,0,1,0,1,78,78,13,24,19,13,4,2,3,65,41,24,4,63,0,8,5
56393733,0,,,206,100,106,24,11,13,182,89,93,94,52,42,175,85,90,171,82,89,88,37,51,45,14,31,20,7,13,2,0,2,0,0,0,63,63,8,20,11,9,5,6,4,55,31,24,6,54,0,8,8
56393734,0,,,69,34,35,5,2,3,64,32,32,35,19,16,60,30,30,58,29,29,29,13,16,17,8,9,8,3,5,0,0,0,1,0,1,24,24,6,7,5,2,1,1,2,18,12,6,2,18,0,6,2
56393735,0,,,21,9,12,2,1,1,19,8,11,8,4,4,18,8,10,18,8,10,11,4,7,4,1,3,2,0,2,0,0,0,0,0,0,8,8,4,0,2,1,0,0,1,4,2,2,0,8,0,4,0
56393736,0,,,12,5,7,1,0,1,11,5,6,6,3,3,11,5,6,11,5,6,5,2,3,4,1,3,2,0,2,0,0,0,0,0,0,5,5,1,2,1,1,0,0,0,4,2,2,0,4,0,1,0
56393740,0,,,206,104,102,29,17,12,177,87,90,107,53,54,170,84,86,166,80,86,70,34,36,31,14,17,15,7,8,0,0,0,0,0,0,62,62,7,18,15,9,2,7,4,54,33,21,9,42,0,4,8
56393741,0,,,164,73,91,19,6,13,145,67,78,81,42,39,138,63,75,136,63,73,64,25,39,31,13,18,11,2,9,0,0,0,0,0,0,55,55,15,13,10,6,4,1,6,39,22,17,7,42,0,12,3
56393742,0,,,50,29,21,3,2,1,47,27,20,26,18,8,47,27,20,45,25,20,21,9,12,15,7,8,3,1,2,0,0,0,0,0,0,14,14,1,1,6,3,1,2,0,12,5,7,0,13,0,1,0
56393743,0,,,68,36,32,0,0,0,68,36,32,31,18,13,67,36,31,67,36,31,37,18,19,13,3,10,5,1,4,1,0,1,0,0,0,23,23,2,7,9,1,3,1,0,21,15,6,0,22,0,2,3
56393744,0,,,114,55,59,12,10,2,102,45,57,49,22,27,100,44,56,98,42,56,53,23,30,28,9,19,11,3,8,1,0,1,1,0,1,37,37,6,13,5,8,2,0,3,31,18,13,1,34,0,6,10
56393745,0,,,196,101,95,25,15,10,171,86,85,107,53,54,168,85,83,168,85,83,64,33,31,28,12,16,14,6,8,1,1,0,1,0,1,54,54,9,12,7,7,10,2,7,45,21,24,6,40,0,8,6
56393746,1,,56393757,37,17,20,8,4,4,31,14,17,17,8,9,29,14,15,29,14,15,14,6,8,5,0,5,3,0,3,0,0,0,1,0,1,9,9,0,5,1,1,0,1,2,10,6,4,0,10,0,0,1
56393750,0,,,430,202,228,45,24,21,385,178,207,220,101,119,376,173,203,370,172,198,165,77,88,76,30,46,32,12,20,2,1,1,0,0,0,166,166,43,52,33,21,7,5,5,123,82,41,13,117,0,30,22
56393751,0,,,277,138,139,37,16,21,240,122,118,149,78,71,230,117,113,227,115,112,91,44,47,31,12,19,11,2,9,3,0,3,2,0,2,92,92,21,21,21,10,10,5,4,70,41,29,11,58,0,10,8
56393752,0,,,190,91,99,19,9,10,171,82,89,102,53,49,167,80,87,165,80,85,69,29,40,33,11,22,9,3,6,2,1,1,1,0,1,52,52,6,7,10,15,7,4,3,46,18,28,6,43,0,4,2
56393753,0,,,187,102,85,9,5,4,178,97,81,105,62,43,177,96,81,172,93,79,73,35,38,39,15,24,17,4,13,1,0,1,0,0,0,60,60,12,11,12,14,7,2,2,48,27,21,3,46,0,7,7
56393754,0,,,104,57,47,9,6,3,95,51,44,52,29,23,95,51,44,95,51,44,43,22,21,22,10,12,4,2,2,0,0,0,0,0,0,34,34,4,13,6,3,6,0,2,30,16,14,3,28,0,4,4
56393755,0,,,18,12,6,5,4,1,13,8,5,9,6,3,12,7,5,12,7,5,4,2,2,0,0,0,0,0,0,0,0,0,0,0,0,5,5,2,1,0,0,0,0,2,3,1,2,0,3,0,0,0
56393756,0,,,19,10,9,0,0,0,19,10,9,8,5,3,19,10,9,19,10,9,11,5,6,5,2,3,3,2,1,0,0,0,0,0,0,6,6,0,2,2,1,1,0,0,6,5,1,0,6,0,0,2
56393757,2,56393746,,2,1,1,*,*,*,*,*,*,*,*,*,*,*,*,*,*,*,*,*,*,*,*,*,*,*,*,*,*,*,*,*,*,1,1,*,*,*,*,*,*,*,*,*,*,*,*,*,*,*
56393760,0,,,460,216,244,51,23,28,409,193,216,256,128,128,401,188,213,391,184,207,153,65,88,88,38,50,19,8,11,1,1,0,5,2,3,178,178,39,68,34,18,9,4,6,138,112,26,10,105,4,18,28
56393761,0,,,295,140,155,25,12,13,270,128,142,170,87,83,264,126,138,260,124,136,100,41,59,46,15,31,17,4,13,0,0,0,0,0,0,97,97,18,22,25,16,8,3,5,79,47,32,7,67,1,8,6
56393762,0,,,134,63,71,18,7,11,116,56,60,70,34,36,111,52,59,109,51,58,46,22,24,23,9,14,12,5,7,1,0,1,0,0,0,36,36,5,6,9,4,5,1,6,31,13,18,5,26,0,3,3
56393763,0,,,302,151,151,29,13,16,273,138,135,169,89,80,265,134,131,259,129,130,104,49,55,53,21,32,17,6,11,1,1,0,2,0,2,94,94,17,19,24,11,15,2,6,76,43,33,4,70,0,8,13
56393764,0,,,116,52,64,6,4,2,110,48,62,58,27,31,109,47,62,106,46,60,52,21,31,22,6,16,9,1,8,0,0,0,1,0,1,42,42,7,12,12,8,1,2,0,35,20,15,4,32,0,4,2
56393765,0,,,43,19,24,4,2,2,39,17,22,27,13,14,38,17,21,36,17,19,12,4,8,7,1,6,2,0,2,0,0,0,0,0,0,14,14,1,4,4,4,0,1,0,13,9,4,2,8,0,0,1
56393766,2,56393775,,10,5,5,*,*,*,*,*,*,*,*,*,*,*,*,*,*,*,*,*,*,*,*,*,*,*,*,*,*,*,*,*,*,2,2,*,*,*,*,*,*,*,*,*,*,*,*,*,*,*
56393770,0,,,1950,949,1001,243,132,111,1707,817,890,1122,567,555,1644,782,862,1614,773,841,585,250,335,308,121,187,122,43,79,13,4,9,19,10,9,748,746,210,239,124,99,47,12,15,531,420,111,55,347,31,81,75
56393771,0,,,562,259,303,53,30,23,509,229,280,330,158,172,484,218,266,480,217,263,179,71,108,84,24,60,29,8,21,0,0,0,2,0,2,250,250,105,60,39,28,8,4,6,142,106,36,14,128,4,51,18
56393772,0,,,254,129,125,25,12,13,229,117,112,128,68,60,223,113,110,222,112,110,101,49,52,45,18,27,17,5,12,0,0,0,1,1,0,84,84,13,24,17,19,4,4,3,71,45,26,9,65,0,10,10
56393773,0,,,138,62,76,20,9,11,118,53,65,68,31,37,114,52,62,111,51,60,50,22,28,26,11,15,9,3,6,1,0,1,0,0,0,47,47,9,15,9,7,1,4,2,37,23,14,2,36,0,7,9
56393774,0,,,237,102,135,15,7,8,222,95,127,124,51,73,217,94,123,214,93,121,98,44,54,57,23,34,23,8,15,1,0,1,1,0,1,83,83,11,34,16,9,8,3,2,72,43,29,5,67,1,9,18
56393775,1,,56393766,70,35,35,10,3,7,70,37,33,42,24,18,68,36,32,67,36,31,28,13,15,17,7,10,8,2,6,1,0,1,0,0,0,20,20,1,8,4,3,1,2,3,21,12,9,3,18,0,1,1
56393776,2,56393786,,6,2,4,*,*,*,*,*,*,*,*,*,*,*,*,*,*,*,*,*,*,*,*,*,*,*,*,*,*,*,*,*,*,2,2,*,*,*,*,*,*,*,*,*,*,*,*,*,*,*
56393780,0,,,2197,1027,1170,186,98,88,2011,929,1082,1154,588,566,1952,901,1051,1915,883,1032,857,341,516,491,157,334,245,53,192,28,5,23,27,18,9,876,872,305,250,162,72,56,18,9,559,432,127,54,501,24,154,103
56393781,0,,,588,279,309,64,34,30,524,245,279,329,159,170,512,238,274,504,235,269,195,86,109,90,30,60,31,9,22,2,0,2,1,0,1,209,209,44,68,33,40,8,7,9,163,110,53,13,132,2,21,31
56393782,0,,,545,263,282,45,25,20,500,238,262,355,177,178,480,223,257,470,219,251,145,61,84,66,23,43,19,7,12,2,1,1,9,0,9,192,192,30,63,46,28,15,7,3,158,114,44,10,104,0,12,18
56393783,0,,,240,118,122,22,10,12,218,108,110,113,57,56,211,104,107,208,102,106,105,51,54,52,26,26,16,8,8,0,0,0,1,0,1,76,76,14,23,13,5,12,5,4,62,35,27,4,65,0,13,15
56393784,0,,,652,326,326,113,58,55,539,268,271,328,169,159,517,251,266,508,245,263,211,99,112,94,36,58,26,7,19,1,0,1,3,0,3,214,214,27,75,41,28,27,9,7,186,131,55,21,133,0,16,34
56393785,0,,,90,43,47,17,9,8,73,34,39,33,17,16,71,33,38,70,32,38,40,17,23,17,6,11,12,3,9,1,1,0,0,0,0,27,26,4,10,3,4,0,3,2,22,16,6,4,19,0,4,8
56393786,1,,56393776,36,19,17,4,3,1,38,18,20,22,10,12,37,18,19,36,17,19,16,8,8,5,2,3,2,0,2,0,0,0,0,0,0,12,12,1,6,3,3,0,0,1,13,9,4,1,10,0,1,3
56393787,2,56393797,,6,3,3,*,*,*,*,*,*,*,*,*,*,*,*,*,*,*,*,*,*,*,*,*,*,*,*,*,*,*,*,*,*,2,2,*,*,*,*,*,*,*,*,*,*,*,*,*,*,*
56393790,0,,,1425,683,742,187,98,89,1238,585,653,790,412,378,1187,559,628,1158,545,613,448,173,275,264,81,183,123,25,98,20,3,17,7,2,5,509,508,140,147,87,72,29,19,14,366,275,91,50,254,14,67,57
56393791,0,,,209,109,100,24,13,11,185,96,89,101,60,41,179,93,86,174,90,84,84,36,48,42,19,23,20,7,13,1,0,1,1,0,1,65,65,7,23,12,10,3,7,3,57,36,21,5,50,0,7,13
56393792,0,,,342,169,173,37,21,16,305,148,157,196,101,95,292,139,153,290,139,151,109,47,62,49,22,27,18,6,12,1,1,0,1,0,1,120,120,23,34,30,17,6,7,3,96,65,31,9,71,1,10,15
56393793,0,,,289,137,152,38,19,19,251,118,133,164,86,78,246,116,130,236,112,124,87,32,55,43,7,36,21,1,20,0,0,0,0,0,0,88,87,12,20,26,16,8,1,4,74,54,20,7,47,1,6,6
56393794,0,,,24,7,17,6,3,3,18,4,14,9,4,5,18,4,14,18,4,14,9,0,9,6,0,6,6,0,6,0,0,0,0,0,0,7,6,1,2,1,2,0,0,0,5,5,0,1,1,0,1,0
56393797,1,,56393787,82,45,37,4,2,2,84,46,38,44,27,17,84,46,38,84,46,38,40,19,21,21,7,14,10,3,7,2,1,1,0,0,0,31,31,8,10,6,6,1,1,1,25,15,10,1,24,0,4,6
56394408,0,,,53,25,28,4,4,0,49,21,28,19,12,7,49,21,28,49,21,28,30,9,21,23,6,17,9,3,6,1,0,1,0,0,0,26,26,14,5,3,2,1,0,1,12,4,8,1,22,0,12,3
56394409,1,,56394419,18,6,12,0,0,0,21,7,14,9,2,7,21,7,14,21,7,14,12,5,7,8,3,5,4,1,3,0,0,0,0,0,0,12,12,9,4,0,1,0,0,0,5,3,2,0,9,0,5,3
56394419,2,56394409,,3,1,2,*,*,*,*,*,*,*,*,*,*,*,*,*,*,*,*,*,*,*,*,*,*,*,*,*,*,*,*,*,*,2,2,*,*,*,*,*,*,*,*,*,*,*,*,*,*,*
56394501,0,,,43,19,24,2,2,0,41,17,24,14,7,7,41,17,24,41,17,24,27,10,17,19,5,14,9,1,8,0,0,0,0,0,0,24,24,12,7,3,2,0,0,0,12,10,2,0,22,0,12,5
56394509,0,,,22,11,11,0,0,0,22,11,11,9,7,2,22,11,11,22,11,11,13,4,9,6,1,5,2,0,2,0,0,0,0,0,0,10,10,1,6,3,0,0,0,0,9,6,3,0,9,0,1,3
56394511,0,,,66,34,32,7,6,1,59,28,31,28,16,12,59,28,31,58,28,30,31,12,19,19,8,11,8,2,6,1,0,1,0,0,0,26,26,7,11,2,4,0,1,1,19,14,5,3,22,0,7,8
56394512,1,,56394522,87,43,44,3,1,2,92,45,47,30,20,10,92,45,47,91,44,47,62,25,37,40,13,27,20,5,15,1,0,1,0,0,0,46,46,23,19,5,2,1,1,0,28,23,5,1,42,1,16,12
56394514,1,,56394515;56394525,19,8,11,1,0,1,23,10,13,10,3,7,23,10,13,23,10,13,13,7,6,6,4,2,2,1,1,0,0,0,0,0,0,8,8,3,7,1,1,0,0,0,9,8,1,1,10,1,2,2
56394515,2,56394514,,3,1,2,*,*,*,*,*,*,*,*,*,*,*,*,*,*,*,*,*,*,*,*,*,*,*,*,*,*,*,*,*,*,3,3,*,*,*,*,*,*,*,*,*,*,*,*,*,*,*
56394516,2,56394537,,3,1,2,*,*,*,*,*,*,*,*,*,*,*,*,*,*,*,*,*,*,*,*,*,*,*,*,*,*,*,*,*,*,1,1,*,*,*,*,*,*,*,*,*,*,*,*,*,*,*
56394521,2,56394531,,3,2,1,*,*,*,*,*,*,*,*,*,*,*,*,*,*,*,*,*,*,*,*,*,*,*,*,*,*,*,*,*,*,2,2,*,*,*,*,*,*,*,*,*,*,*,*,*,*,*
56394522,2,56394512,,8,3,5,*,*,*,*,*,*,*,*,*,*,*,*,*,*,*,*,*,*,*,*,*,*,*,*,*,*,*,*,*,*,5,5,*,*,*,*,*,*,*,*,*,*,*,*,*,*,*
56394523,1,,56394532,67,32,35,0,0,0,68,32,36,22,11,11,67,32,35,67,32,35,46,21,25,25,11,14,8,4,4,0,0,0,1,0,1,36,36,14,15,8,0,0,0,0,23,21,2,0,31,0,12,8
56394524,0,,,26,11,15,1,0,1,25,11,14,9,4,5,25,11,14,25,11,14,16,7,9,7,3,4,2,1,1,1,0,1,0,0,0,11,11,2,5,2,2,0,0,0,9,6,3,1,8,0,0,4
56394525,2,56394514,,2,1,1,*,*,*,*,*,*,*,*,*,*,*,*,*,*,*,*,*,*,*,*,*,*,*,*,*,*,*,*,*,*,1,1,*,*,*,*,*,*,*,*,*,*,*,*,*,*,*
56394526,2,56394537,,2,1,1,*,*,*,*,*,*,*,*,*,*,*,*,*,*,*,*,*,*,*,*,*,*,*,*,*,*,*,*,*,*,1,1,*,*,*,*,*,*,*,*,*,*,*,*,*,*,*
56394530,0,,,11,7,4,0,0,0,11,7,4,2,2,0,11,7,4,11,7,4,9,5,4,8,4,4,3,2,1,0,0,0,0,0,0,7,7,4,2,1,0,0,0,0,3,3,0,0,6,0,3,2
56394531,1,,56394521,26,13,13,0,0,0,29,15,14,8,4,4,29,15,14,29,15,14,21,11,10,16,7,9,6,3,3,1,1,0,0,0,0,14,14,5,10,0,1,0,0,0,11,10,1,0,13,1,2,7
56394532,2,56394523,,1,0,1,*,*,*,*,*,*,*,*,*,*,*,*,*,*,*,*,*,*,*,*,*,*,*,*,*,*,*,*,*,*,1,1,*,*,*,*,*,*,*,*,*,*,*,*,*,*,*
56394533,0,,,10,4,6,0,0,0,10,4,6,1,1,0,10,4,6,10,4,6,9,3,6,3,0,3,2,0,2,0,0,0,0,0,0,6,6,2,4,0,0,0,0,0,4,4,0,0,5,0,1,2
56394534,0,,,12,5,7,0,0,0,12,5,7,3,2,1,12,5,7,12,5,7,9,3,6,6,2,4,3,1,2,1,0,1,0,0,0,5,5,1,2,1,1,0,0,0,4,2,2,0,5,0,1,1
56394537,1,,56394516;56394526,37,19,18,0,0,0,42,21,21,12,7,5,42,21,21,42,21,21,30,14,16,24,9,15,12,5,7,0,0,0,0,0,0,23,23,14,7,2,2,0,0,0,11,7,4,0,23,0,12,6
56394540,0,,,13,8,5,0,0,0,13,8,5,1,1,0,13,8,5,13,8,5,12,7,5,10,5,5,1,0,1,0,0,0,0,0,0,10,10,7,3,0,0,0,0,0,3,3,0,0,9,0,6,3
56394541,0,,,30,15,15,2,0,2,28,15,13,6,4,2,28,15,13,28,15,13,22,11,11,16,7,9,8,4,4,0,0,0,0,0,0,14,14,2,9,2,1,0,0,0,12,12,0,1,13,0,2,6
56394542,0,,,20,9,11,3,0,3,17,9,8,9,4,5,17,9,8,17,9,8,8,5,3,6,3,3,2,0,2,0,0,0,0,0,0,9,9,5,2,0,1,0,0,1,4,2,2,1,6,0,4,0
56394544,0,,,9,5,4,0,0,0,9,5,4,2,2,0,9,5,4,9,5,4,7,3,4,6,3,3,2,1,1,0,0,0,0,0,0,4,4,1,1,2,0,0,0,0,3,3,0,0,4,0,1,1
56394555,1,,56394585,41,18,23,0,0,0,43,18,25,13,4,9,43,18,25,43,18,25,30,14,16,19,5,14,7,1,6,0,0,0,1,0,1,22,22,8,14,1,1,0,0,0,16,14,2,0,22,0,8,8
56394585,2,56394555,,2,0,2,*,*,*,*,*,*,*,*,*,*,*,*,*,*,*,*,*,*,*,*,*,*,*,*,*,*,*,*,*,*,2,2,*,*,*,*,*,*,*,*,*,*,*,*,*,*,*
56394601,0,,,26,12,14,5,3,2,21,9,12,13,6,7,21,9,12,21,9,12,8,3,5,2,0,2,2,0,2,1,0,1,0,0,0,7,7,3,1,1,0,0,0,2,4,1,3,1,6,0,3,1
56394602,1,,56394611,57,32,25,2,0,2,61,35,26,27,18,9,61,35,26,61,35,26,34,17,17,17,6,11,7,2,5,1,0,1,0,0,0,25,25,9,9,4,2,2,1,0,18,11,7,1,22,0,7,3
56394603,2,56394613,,2,1,1,*,*,*,*,*,*,*,*,*,*,*,*,*,*,*,*,*,*,*,*,*,*,*,*,*,*,*,*,*,*,1,1,*,*,*,*,*,*,*,*,*,*,*,*,*,*,*
56394604,0,,,33,19,14,2,1,1,31,18,13,16,10,6,31,18,13,30,18,12,15,8,7,8,3,5,4,1,3,0,0,0,0,0,0,10,10,3,0,3,2,0,1,1,7,3,4,1,8,0,2,0
56394607,0,,,168,87,81,19,5,14,149,82,67,75,47,28,147,81,66,147,81,66,74,35,39,36,14,22,20,5,15,2,0,2,0,0,0,48,48,7,12,10,5,5,4,5,41,19,22,5,41,0,4,5
56394608,0,,,60,27,33,2,0,2,58,27,31,30,15,15,57,27,30,56,27,29,28,12,16,18,7,11,8,3,5,0,0,0,0,0,0,25,25,6,12,2,2,2,1,0,19,14,5,1,18,0,4,6
56394609,0,,,1682,812,870,255,141,114,1427,671,756,961,476,485,1365,639,726,1334,624,710,466,195,271,259,94,165,98,30,68,11,1,10,4,0,4,605,604,141,178,117,89,40,23,16,456,352,104,74,309,10,71,66
56394611,2,56394602,,6,3,3,*,*,*,*,*,*,*,*,*,*,*,*,*,*,*,*,*,*,*,*,*,*,*,*,*,*,*,*,*,*,2,2,*,*,*,*,*,*,*,*,*,*,*,*,*,*,*
56394612,0,,,14,8,6,2,1,1,12,7,5,8,4,4,12,7,5,12,7,5,4,3,1,3,2,1,1,1,0,0,0,0,0,0,0,4,4,1,1,0,0,1,1,0,3,1,2,1,3,1,0,1
56394613,1,,56394603,158,65,93,14,7,7,146,59,87,42,20,22,144,57,87,141,56,85,104,39,65,65,17,48,39,4,35,8,0,8,0,0,0,47,46,11,15,9,4,3,3,2,36,19,17,1,46,0,11,12
56394617,0,,,53,25,28,1,0,1,52,25,27,28,16,12,51,25,26,51,25,26,24,9,15,12,3,9,4,0,4,0,0,0,0,0,0,21,21,4,7,7,1,2,0,0,17,9,8,0,18,0,3,4
56394618,0,,,72,36,36,5,3,2,67,33,34,34,20,14,65,32,33,65,32,33,33,13,20,21,6,15,7,2,5,1,0,1,0,0,0,27,27,6,10,7,1,0,1,2,21,12,9,2,21,0,4,5
56394619,0,,,1132,546,586,45,25,20,1087,521,566,410,241,169,1075,513,562,1062,505,557,677,280,397,471,168,303,242,61,181,41,13,28,1,0,1,230,224,75,62,30,30,17,7,3,148,94,54,7,145,10,36,23
56394622,2,56394623,,6,2,4,*,*,*,*,*,*,*,*,*,*,*,*,*,*,*,*,*,*,*,*,*,*,*,*,*,*,*,*,*,*,2,2,*,*,*,*,*,*,*,*,*,*,*,*,*,*,*
56394623,1,,56394622,12,5,7,0,0,0,18,7,11,12,4,8,18,7,11,18,7,11,6,3,3,4,1,3,2,0,2,0,0,0,0,0,0,5,5,1,3,1,2,0,0,0,6,5,1,0,5,0,1,2
56394624,0,,,22,9,13,3,1,2,19,8,11,11,4,7,17,8,9,17,8,9,8,4,4,2,0,2,2,0,2,0,0,0,0,0,0,7,7,3,1,0,1,0,1,1,4,1,3,0,6,0,2,0
56394626,2,56394627,,3,2,1,*,*,*,*,*,*,*,*,*,*,*,*,*,*,*,*,*,*,*,*,*,*,*,*,*,*,*,*,*,*,1,1,*,*,*,*,*,*,*,*,*,*,*,*,*,*,*
56394627,1,,56394626,140,67,73,14,8,6,129,61,68,71,35,36,127,60,67,124,59,65,58,26,32,20,10,10,9,3,6,1,0,1,0,0,0,44,44,6,12,12,5,6,1,3,39,27,12,4,34,0,4,6
56394628,0,,,70,32,38,8,3,5,62,29,33,29,15,14,60,29,31,59,28,31,33,14,19,16,5,11,5,0,5,0,0,0,0,0,0,25,25,7,7,6,1,2,1,1,18,11,7,2,23,0,6,6
56394629,0,,,648,271,377,25,17,8,623,254,369,227,117,110,614,251,363,605,247,358,396,137,259,269,73,196,166,36,130,33,6,27,3,0,3,179,176,39,64,31,24,5,8,5,135,88,47,9,144,0,32,28
56394630,0,,,30,16,14,0,0,0,30,16,14,11,7,4,30,16,14,30,16,14,19,9,10,13,4,9,2,0,2,0,0,0,0,0,0,15,15,5,7,1,2,0,0,0,10,8,2,0,13,0,4,4
56394631,1,,56394632,33,14,19,0,0,0,35,15,20,16,9,7,35,15,20,35,15,20,19,6,13,15,5,10,7,3,4,0,0,0,0,0,0,14,14,2,7,5,1,0,0,0,13,7,6,0,12,0,1,3
56394632,2,56394631,,2,1,1,*,*,*,*,*,*,*,*,*,*,*,*,*,*,*,*,*,*,*,*,*,*,*,*,*,*,*,*,*,*,1,1,*,*,*,*,*,*,*,*,*,*,*,*,*,*,*
56394633,0,,,12,6,6,2,1,1,10,5,5,1,1,0,10,5,5,10,5,5,9,4,5,5,2,3,3,1,2,1,1,0,0,0,0,5,5,2,1,1,0,1,0,0,3,2,1,0,5,0,2,1
56394634,0,,,31,17,14,0,0,0,31,17,14,11,7,4,31,17,14,31,17,14,20,10,10,9,3,6,6,2,4,1,0,1,0,0,0,12,12,2,6,1,1,2,0,0,10,4,6,0,10,1,1,3
56394637,0,,,127,66,61,11,6,5,116,60,56,69,39,30,107,55,52,105,54,51,47,21,26,26,11,15,12,5,7,0,0,0,0,0,0,34,34,5,3,13,3,4,2,4,29,12,17,0,27,1,2,1
56394638,0,,,150,76,74,10,5,5,140,71,69,71,42,29,136,69,67,135,69,66,69,29,40,32,11,21,10,1,9,2,0,2,1,1,0,52,52,10,13,16,6,4,0,3,41,28,13,2,43,0,7,6
56394639,0,,,184,89,95,18,10,8,166,79,87,101,53,48,159,75,84,158,74,84,65,26,39,35,11,24,13,3,10,1,0,1,0,0,0,54,54,8,15,10,4,9,3,5,46,18,28,4,42,0,6,6
56394642,0,,,32,15,17,0,0,0,32,15,17,17,10,7,32,15,17,32,15,17,15,5,10,8,2,6,4,1,3,1,0,1,0,0,0,14,14,7,1,2,3,1,0,0,7,3,4,0,11,0,5,0
56394643,2,56394644,,8,3,5,*,*,*,*,*,*,*,*,*,*,*,*,*,*,*,*,*,*,*,*,*,*,*,*,*,*,*,*,*,*,3,3,*,*,*,*,*,*,*,*,*,*,*,*,*,*,*
56394644,1,,56394643,5,2,3,0,0,0,13,5,8,5,1,4,13,5,8,13,5,8,8,4,4,5,2,3,3,1,2,0,0,0,0,0,0,4,4,4,2,0,0,1,0,0,3,1,2,0,6,0,4,1
56394647,0,,,87,47,40,9,7,2,78,40,38,41,23,18,73,36,37,71,35,36,37,17,20,17,5,12,10,1,9,0,0,0,0,0,0,26,26,5,7,3,5,1,3,2,21,10,11,2,22,0,2,2
56394648,0,,,110,49,61,9,3,6,101,46,55,54,24,30,100,46,54,99,45,54,47,22,25,25,10,15,10,4,6,0,0,0,0,0,0,34,34,7,12,3,3,1,6,2,26,15,11,3,29,0,4,8
56394649,0,,,33,14,19,2,0,2,31,14,17,9,6,3,31,14,17,31,14,17,22,8,14,13,4,9,5,0,5,0,0,0,1,0,1,15,15,6,5,0,3,1,0,0,9,6,3,0,14,0,5,4
56394652,0,,,21,12,9,0,0,0,21,12,9,8,3,5,21,12,9,21,12,9,13,9,4,5,3,2,3,2,1,1,1,0,0,0,0,11,11,4,5,1,1,0,0,0,7,6,1,0,10,0,3,2
56394653,0,,,19,8,11,1,0,1,18,8,10,8,4,4,17,7,10,17,7,10,10,4,6,9,4,5,6,3,3,0,0,0,0,0,0,7,7,2,2,0,2,1,0,0,5,2,3,0,7,0,2,1
56394657,0,,,177,83,94,19,5,14,158,78,80,85,47,38,155,77,78,154,76,78,73,31,42,35,13,22,17,6,11,1,0,1,0,0,0,60,60,10,22,11,6,3,5,3,49,28,21,7,48,0,5,11
56394658,0,,,157,80,77,19,17,2,138,63,75,78,39,39,135,61,74,133,61,72,60,24,36,36,12,24,16,6,10,4,1,3,0,0,0,47,47,9,8,14,3,6,3,4,38,17,21,6,39,0,8,4
56394659,0,,,104,48,56,8,4,4,96,44,52,63,29,34,89,41,48,83,38,45,33,15,18,11,4,7,3,1,2,0,0,0,1,0,1,31,31,7,7,4,3,2,7,1,24,12,12,1,24,0,5,2
56394662,0,,,64,31,33,0,0,0,64,31,33,22,11,11,64,31,33,63,30,33,42,20,22,22,9,13,8,3,5,1,0,1,0,0,0,30,30,8,12,8,2,0,0,0,21,18,3,0,28,0,8,8
56394667,0,,,28,15,13,0,0,0,28,15,13,11,6,5,28,15,13,28,15,13,17,9,8,11,4,7,4,1,3,1,0,1,0,0,0,11,11,1,6,1,3,0,0,0,10,8,2,0,9,0,0,3
56394668,0,,,138,66,72,19,7,12,119,59,60,68,36,32,116,58,58,113,55,58,51,23,28,22,5,17,5,0,5,0,0,0,0,0,0,43,43,5,13,11,4,5,2,3,38,21,17,2,32,0,3,6
56394669,0,,,133,68,65,11,7,4,122,61,61,64,36,28,120,60,60,118,60,58,58,25,33,37,15,22,12,4,8,0,0,0,0,0,0,48,48,10,16,9,5,6,0,2,37,25,12,2,37,0,7,8
56394672,0,,,59,27,32,0,0,0,59,27,32,14,9,5,58,26,32,58,26,32,45,18,27,39,17,22,11,4,7,1,0,1,0,0,0,33,33,14,15,3,0,0,1,0,19,16,3,0,31,0,12,12
56394674,1,,56394675,19,11,8,0,0,0,22,12,10,5,3,2,22,12,10,22,12,10,17,9,8,9,5,4,4,2,2,0,0,0,0,0,0,8,8,2,5,2,1,0,0,0,8,6,2,0,10,0,2,5
56394675,2,56394674,,3,1,2,*,*,*,*,*,*,*,*,*,*,*,*,*,*,*,*,*,*,*,*,*,*,*,*,*,*,*,*,*,*,2,2,*,*,*,*,*,*,*,*,*,*,*,*,*,*,*
56394676,2,56394677,,3,2,1,*,*,*,*,*,*,*,*,*,*,*,*,*,*,*,*,*,*,*,*,*,*,*,*,*,*,*,*,*,*,2,2,*,*,*,*,*,*,*,*,*,*,*,*,*,*,*
56394677,1,,56394676,9,4,5,1,1,0,11,5,6,5,2,3,11,5,6,10,5,5,6,3,3,4,2,2,0,0,0,0,0,0,0,0,0,3,3,1,3,0,0,1,0,0,4,3,1,0,4,0,0,3
56394678,0,,,88,46,42,7,5,2,81,41,40,39,21,18,80,41,39,78,41,37,42,20,22,23,10,13,11,5,6,0,0,0,0,0,0,31,31,5,13,6,3,2,0,2,26,18,8,1,27,0,4,6
56394679,0,,,48,22,26,4,2,2,44,20,24,26,13,13,43,19,24,42,19,23,18,7,11,12,3,9,4,0,4,1,0,1,0,0,0,15,15,2,2,5,5,0,0,1,13,7,6,1,13,0,2,1
56394700,0,,,246,127,119,26,14,12,220,113,107,138,75,63,213,108,105,208,106,102,82,38,44,46,19,27,21,6,15,1,1,0,0,0,0,78,78,14,18,18,13,6,4,5,64,42,22,4,54,0,10,7
56394701,0,,,182,91,91,13,5,8,169,86,83,96,51,45,162,84,78,159,81,78,73,35,38,30,14,16,7,3,4,1,1,0,1,0,1,64,64,10,20,16,10,6,0,2,54,40,14,2,47,0,4,9
56394702,0,,,60,30,30,3,3,0,57,27,30,32,16,16,57,27,30,56,26,30,25,11,14,11,4,7,4,2,2,2,1,1,0,0,0,19,19,2,5,4,6,1,0,1,17,8,9,1,15,0,2,3
56394703,1,,56394713,81,38,43,14,3,11,69,36,33,47,23,24,67,34,33,65,33,32,22,13,9,10,5,5,2,0,2,0,0,0,0,0,0,22,22,3,5,4,7,2,1,2,20,13,7,5,18,0,3,2
56394707,0,,,54,26,28,2,2,0,52,24,28,21,11,10,52,24,28,52,24,28,31,13,18,16,5,11,6,1,5,0,0,0,0,0,0,18,18,3,7,3,2,0,2,1,15,8,7,1,18,0,3,6
56394708,0,,,214,123,91,17,10,7,197,113,84,112,72,40,194,110,84,191,107,84,85,41,44,42,15,27,15,5,10,1,0,1,0,0,0,70,69,15,24,11,8,6,3,2,54,31,23,6,54,0,10,12
56394709,0,,,39,15,24,2,1,1,37,14,23,14,3,11,37,14,23,37,14,23,23,11,12,10,3,7,5,1,4,0,0,0,0,0,0,15,15,3,3,8,0,0,1,0,12,7,5,0,14,0,2,2
56394710,0,,,115,62,53,6,5,1,109,57,52,59,37,22,108,57,51,105,54,51,50,20,30,33,8,25,21,4,17,1,0,1,0,0,0,39,38,11,11,6,5,2,1,2,27,16,11,2,26,0,7,3
56394711,0,,,185,93,92,19,7,12,166,86,80,98,57,41,160,84,76,159,83,76,68,29,39,35,11,24,19,4,15,1,0,1,1,0,1,55,55,6,18,12,4,8,2,5,49,26,23,4,42,0,3,6
56394712,0,,,38,22,16,7,5,2,31,17,14,16,9,7,31,17,14,31,17,14,15,8,7,7,4,3,3,1,2,0,0,0,0,0,0,13,13,5,1,3,1,2,0,1,8,5,3,2,9,0,3,0
56394713,2,56394703,,2,1,1,*,*,*,*,*,*,*,*,*,*,*,*,*,*,*,*,*,*,*,*,*,*,*,*,*,*,*,*,*,*,2,2,*,*,*,*,*,*,*,*,*,*,*,*,*,*,*
56394717,1,,56394725,45,25,20,1,0,1,46,26,20,26,16,10,46,26,20,46,26,20,20,10,10,10,5,5,6,4,2,0,0,0,0,0,0,15,15,4,3,5,3,2,0,0,13,5,8,0,14,0,2,1
56394720,0,,,197,99,98,19,13,6,178,86,92,103,50,53,175,85,90,171,84,87,75,36,39,30,9,21,11,2,9,1,0,1,0,0,0,64,64,11,13,15,18,4,1,2,53,31,22,6,49,0,7,6
56394721,1,,56394731,162,48,114,1,0,1,170,53,117,31,18,13,168,52,116,167,51,116,139,35,104,119,24,95,86,13,73,18,0,18,0,0,0,18,17,4,8,3,3,1,1,0,16,12,4,0,17,0,4,4
56394722,0,,,59,29,30,6,4,2,53,25,28,30,15,15,51,25,26,51,25,26,23,10,13,11,4,7,8,3,5,0,0,0,0,0,0,16,16,1,5,3,3,1,0,3,15,8,7,0,13,0,0,2
56394725,2,56394717,,2,1,1,*,*,*,*,*,*,*,*,*,*,*,*,*,*,*,*,*,*,*,*,*,*,*,*,*,*,*,*,*,*,2,2,*,*,*,*,*,*,*,*,*,*,*,*,*,*,*
56394730,0,,,96,42,54,7,3,4,89,39,50,56,28,28,85,39,46,83,38,45,33,11,22,20,6,14,11,2,9,0,0,0,1,0,1,28,28,2,6,8,5,5,1,1,26,12,14,0,23,0,2,1
56394731,2,56394721,,9,5,4,*,*,*,*,*,*,*,*,*,*,*,*,*,*,*,*,*,*,*,*,*,*,*,*,*,*,*,*,*,*,3,3,*,*,*,*,*,*,*,*,*,*,*,*,*,*,*
56394733,2,56394743,,3,2,1,*,*,*,*,*,*,*,*,*,*,*,*,*,*,*,*,*,*,*,*,*,*,*,*,*,*,*,*,*,*,1,1,*,*,*,*,*,*,*,*,*,*,*,*,*,*,*
56394735,2,56394743,,3,1,2,*,*,*,*,*,*,*,*,*,*,*,*,*,*,*,*,*,*,*,*,*,*,*,*,*,*,*,*,*,*,2,2,*,*,*,*,*,*,*,*,*,*,*,*,*,*,*
56394740,2,56394750,,2,1,1,*,*,*,*,*,*,*,*,*,*,*,*,*,*,*,*,*,*,*,*,*,*,*,*,*,*,*,*,*,*,1,1,*,*,*,*,*,*,*,*,*,*,*,*,*,*,*
56394741,0,,,12,6,6,0,0,0,12,6,6,6,2,4,12,6,6,12,6,6,6,4,2,4,3,1,0,0,0,0,0,0,0,0,0,4,4,0,2,0,2,0,0,0,4,1,3,0,4,0,0,1
56394742,0,,,57,29,28,5,3,2,52,26,26,31,17,14,51,26,25,51,26,25,21,9,12,13,5,8,5,1,4,0,0,0,1,0,1,17,17,3,2,6,4,0,0,2,14,7,7,1,13,0,1,0
56394743,1,,56394733;56394735;56394744,143,65,78,19,8,11,132,61,71,69,33,36,128,59,69,127,59,68,63,28,35,37,16,21,13,5,8,3,0,3,0,0,0,47,47,8,19,12,2,3,4,3,43,27,16,6,39,0,6,8
56394744,2,56394743,,2,1,1,*,*,*,*,*,*,*,*,*,*,*,*,*,*,*,*,*,*,*,*,*,*,*,*,*,*,*,*,*,*,1,1,*,*,*,*,*,*,*,*,*,*,*,*,*,*,*
56394750,1,,56394740,121,60,61,13,7,6,110,54,56,58,28,30,107,53,54,105,52,53,52,26,26,24,9,15,12,6,6,2,1,1,0,0,0,39,39,9,13,2,8,3,2,3,31,17,14,1,32,0,6,4
56394751,0,,,44,19,25,9,5,4,35,14,21,16,6,10,33,14,19,32,13,19,19,8,11,10,4,6,1,0,1,0,0,0,0,0,0,16,16,5,6,2,0,1,0,2,11,8,3,2,13,0,4,4
56394753,1,,56394764,101,50,51,6,4,2,99,48,51,42,22,20,98,47,51,97,47,50,57,26,31,34,15,19,17,7,10,1,0,1,0,0,0,39,39,12,13,9,3,2,3,0,30,21,9,0,37,0,9,10
56394760,0,,,285,145,140,28,13,15,257,132,125,143,75,68,253,129,124,251,127,124,114,57,57,37,16,21,13,6,7,1,1,0,3,1,2,102,102,18,41,16,12,4,8,3,84,54,30,7,79,0,12,21
56394761,0,,,14,6,8,0,0,0,14,6,8,7,4,3,14,6,8,14,6,8,7,2,5,4,0,4,4,0,4,0,0,0,1,0,1,6,6,1,2,3,0,0,0,0,5,3,2,0,5,0,1,0
56394764,2,56394753,,4,2,2,*,*,*,*,*,*,*,*,*,*,*,*,*,*,*,*,*,*,*,*,*,*,*,*,*,*,*,*,*,*,3,3,*,*,*,*,*,*,*,*,*,*,*,*,*,*,*
56394770,0,,,147,74,73,10,5,5,137,69,68,66,36,30,135,67,68,135,67,68,71,33,38,37,16,21,12,5,7,0,0,0,2,1,1,58,58,19,20,5,7,2,3,2,39,25,14,1,50,1,15,8
56394776,0,,,11,7,4,0,0,0,11,7,4,8,5,3,11,7,4,11,7,4,3,2,1,3,2,1,2,1,1,0,0,0,0,0,0,4,4,0,2,1,1,0,0,0,4,3,1,0,3,0,0,0
56394780,1,,56394790,82,40,42,10,4,6,75,38,37,34,18,16,74,38,36,73,37,36,41,20,21,25,11,14,7,2,5,0,0,0,0,0,0,30,30,13,5,9,1,0,1,3,19,10,9,2,28,0,11,3
56394781,0,,,30,15,15,6,4,2,24,11,13,9,4,5,24,11,13,24,11,13,15,7,8,8,2,6,5,1,4,2,0,2,0,0,0,9,9,3,2,0,2,0,0,2,6,2,4,2,8,0,2,1
56394790,2,56394780,,3,2,1,*,*,*,*,*,*,*,*,*,*,*,*,*,*,*,*,*,*,*,*,*,*,*,*,*,*,*,*,*,*,2,2,*,*,*,*,*,*,*,*,*,*,*,*,*,*,*
56394791,0,,,152,84,68,14,9,5,138,75,63,71,44,27,135,74,61,132,71,61,67,31,36,31,12,19,19,5,14,1,0,1,0,0,0,62,62,22,15,13,4,3,5,0,40,23,17,4,46,0,12,7
56394792,0,,,18,8,10,2,1,1,16,7,9,12,6,6,15,6,9,14,6,8,4,1,3,1,0,1,0,0,0,0,0,0,1,0,1,6,6,2,1,1,1,0,0,1,4,3,1,1,4,0,2,0
56395507,0,,,19,8,11,0,0,0,19,8,11,6,5,1,19,8,11,19,8,11,13,3,10,12,3,9,6,2,4,0,0,0,0,0,0,13,13,7,6,0,0,0,0,0,6,6,0,0,11,0,6,2
56395609,2,56395617,,6,3,3,*,*,*,*,*,*,*,*,*,*,*,*,*,*,*,*,*,*,*,*,*,*,*,*,*,*,*,*,*,*,3,3,*,*,*,*,*,*,*,*,*,*,*,*,*,*,*
56395610,2,56395617,,4,2,2,*,*,*,*,*,*,*,*,*,*,*,*,*,*,*,*,*,*,*,*,*,*,*,*,*,*,*,*,*,*,3,3,*,*,*,*,*,*,*,*,*,*,*,*,*,*,*
56395617,1,,56395609;56395610;56395625;56395627;56395637;56395642,8,4,4,0,0,0,28,14,14,4,3,1,28,14,14,28,14,14,24,11,13,19,8,11,9,5,4,1,0,1,0,0,0,4,4,8,7,2,0,0,0,0,8,8,0,0,16,0,7,5
56395625,2,56395617,,3,2,1,*,*,*,*,*,*,*,*,*,*,*,*,*,*,*,*,*,*,*,*,*,*,*,*,*,*,*,*,*,*,2,2,*,*,*,*,*,*,*,*,*,*,*,*,*,*,*
56395627,2,56395617,,3,1,2,*,*,*,*,*,*,*,*,*,*,*,*,*,*,*,*,*,*,*,*,*,*,*,*,*,*,*,*,*,*,3,3,*,*,*,*,*,*,*,*,*,*,*,*,*,*,*
56395637,2,56395617,,2,1,1,*,*,*,*,*,*,*,*,*,*,*,*,*,*,*,*,*,*,*,*,*,*,*,*,*,*,*,*,*,*,1,1,*,*,*,*,*,*,*,*,*,*,*,*,*,*,*
56395642,2,56395617,,2,1,1,*,*,*,*,*,*,*,*,*,*,*,*,*,*,*,*,*,*,*,*,*,*,*,*,*,*,*,*,*,*,1,1,*,*,*,*,*,*,*,*,*,*,*,*,*,*,*
56395700,1,,56395710,20,10,10,1,1,0,23,11,12,6,3,3,21,11,10,21,11,10,17,8,9,12,6,6,4,2,2,0,0,0,0,0,0,8,8,5,2,3,0,0,1,0,6,4,2,0,10,0,4,2
56395710,2,56395700,,4,2,2,*,*,*,*,*,*,*,*,*,*,*,*,*,*,*,*,*,*,*,*,*,*,*,*,*,*,*,*,*,*,3,3,*,*,*,*,*,*,*,*,*,*,*,*,*,*,*
56400019,2,56400038,,8,5,3,*,*,*,*,*,*,*,*,*,*,*,*,*,*,*,*,*,*,*,*,*,*,*,*,*,*,*,*,*,*,2,2,*,*,*,*,*,*,*,*,*,*,*,*,*,*,*
56400036,0,,,23,13,10,0,0,0,23,13,10,6,5,1,23,13,10,23,13,10,17,8,9,8,5,3,6,4,2,0,0,0,0,0,0,11,11,4,5,1,0,0,1,0,7,5,2,0,10,0,4,3
56400038,1,,56400019,11,5,6,0,0,0,19,10,9,8,5,3,18,9,9,18,9,9,11,5,6,5,3,2,3,1,2,0,0,0,0,0,0,3,3,0,1,1,2,0,1,0,5,2,3,0,5,0,0,1
56400039,0,,,60,27,33,7,5,2,53,22,31,30,11,19,48,21,27,48,21,27,23,11,12,10,3,7,5,2,3,0,0,0,0,0,0,18,18,2,6,5,1,1,1,2,16,8,8,1,14,0,2,3
56400046,0,,,33,16,17,0,0,0,33,16,17,19,9,10,32,15,17,32,15,17,14,7,7,13,6,7,4,1,3,0,0,0,0,0,0,13,13,2,6,2,2,1,0,0,11,6,5,0,10,0,1,3
56400048,0,,,17,9,8,0,0,0,17,9,8,5,3,2,17,9,8,17,9,8,12,6,6,6,3,3,4,2,2,0,0,0,0,0,0,8,8,3,2,2,1,0,0,0,5,3,2,0,7,0,2,2
56400049,0,,,10,6,4,0,0,0,10,6,4,5,3,2,10,6,4,10,6,4,5,3,2,4,2,2,1,1,0,0,0,0,0,0,0,4,4,1,1,1,1,0,0,0,3,2,1,0,3,0,1,0
56400054,2,56400055,,5,2,3,*,*,*,*,*,*,*,*,*,*,*,*,*,*,*,*,*,*,*,*,*,*,*,*,*,*,*,*,*,*,1,1,*,*,*,*,*,*,*,*,*,*,*,*,*,*,*
56400055,1,,56400054,35,17,18,0,0,0,40,19,21,10,6,4,40,19,21,40,19,21,30,13,17,14,6,8,4,1,3,0,0,0,0,0,0,18,18,4,11,3,0,1,0,0,15,13,2,0,19,0,4,9
56400056,0,,,70,38,32,3,1,2,67,37,30,29,17,12,67,37,30,65,35,30,38,20,18,18,8,10,4,2,2,0,0,0,0,0,0,25,25,6,8,2,5,2,2,0,19,11,8,1,22,0,5,6
56400058,2,56400059,,1,1,0,*,*,*,*,*,*,*,*,*,*,*,*,*,*,*,*,*,*,*,*,*,*,*,*,*,*,*,*,*,*,1,1,*,*,*,*,*,*,*,*,*,*,*,*,*,*,*
56400059,1,,56400058,229,106,123,15,5,10,215,102,113,93,52,41,212,101,111,211,100,111,122,50,72,74,24,50,33,11,22,2,1,1,0,0,0,93,93,27,36,12,10,4,1,4,67,40,27,3,83,0,25,14
56400065,0,,,31,15,16,4,2,2,27,13,14,17,9,8,24,12,12,24,12,12,10,4,6,5,2,3,1,1,0,0,0,0,1,0,1,7,7,0,0,1,3,2,1,0,7,2,5,1,6,0,0,0
56400066,0,,,35,19,16,6,5,1,29,14,15,15,7,8,28,14,14,28,14,14,14,7,7,9,4,5,6,3,3,1,0,1,0,0,0,10,10,1,2,4,1,0,1,1,9,4,5,0,10,0,1,0
56400067,0,,,125,61,64,19,12,7,106,49,57,50,22,28,101,48,53,101,48,53,56,27,29,21,7,14,9,3,6,0,0,0,0,0,0,54,54,21,17,6,3,4,2,1,33,24,9,5,41,1,15,12
56400073,1,,56400083,15,9,6,1,1,0,20,11,9,3,2,1,20,11,9,20,11,9,17,9,8,10,5,5,7,3,4,0,0,0,0,0,0,6,6,3,5,1,0,1,0,0,7,6,1,1,10,0,3,3
56400075,0,,,42,22,20,6,4,2,36,18,18,14,5,9,36,18,18,36,18,18,22,13,9,6,3,3,2,1,1,0,0,0,0,0,0,13,13,1,4,6,0,0,0,2,12,8,4,1,13,0,1,3
56400076,0,,,186,92,94,11,7,4,175,85,90,69,39,30,169,82,87,168,81,87,106,46,60,59,22,37,32,12,20,2,0,2,1,1,0,80,80,20,37,12,5,4,0,2,60,49,11,5,65,0,16,25
56400077,0,,,71,31,40,1,0,1,70,31,39,30,17,13,70,31,39,69,30,39,40,14,26,28,10,18,13,4,9,2,0,2,0,0,0,30,30,10,7,6,6,1,0,0,20,10,10,1,24,0,6,5
56400079,2,56400089,,7,3,4,*,*,*,*,*,*,*,*,*,*,*,*,*,*,*,*,*,*,*,*,*,*,*,*,*,*,*,*,*,*,3,3,*,*,*,*,*,*,*,*,*,*,*,*,*,*,*
56400083,2,56400073,,6,3,3,*,*,*,*,*,*,*,*,*,*,*,*,*,*,*,*,*,*,*,*,*,*,*,*,*,*,*,*,*,*,4,4,*,*,*,*,*,*,*,*,*,*,*,*,*,*,*
56400085,0,,,211,97,114,14,6,8,197,91,106,83,40,43,192,90,102,192,90,102,114,51,63,61,23,38,21,7,14,1,0,1,0,0,0,82,82,23,25,18,8,2,3,3,59,34,25,3,72,0,17,17
56400086,2,56400096,,5,2,3,*,*,*,*,*,*,*,*,*,*,*,*,*,*,*,*,*,*,*,*,*,*,*,*,*,*,*,*,*,*,2,2,*,*,*,*,*,*,*,*,*,*,*,*,*,*,*
56400087,0,,,78,39,39,7,3,4,71,36,35,36,17,19,70,36,34,69,36,33,35,19,16,21,10,11,6,4,2,2,1,1,1,0,1,25,25,5,5,7,3,2,2,1,20,12,8,3,23,0,5,3
56400089,1,,56400079,6,5,1,0,0,0,13,8,5,7,5,2,13,8,5,13,8,5,6,3,3,4,3,1,1,1,0,1,1,0,0,0,0,2,2,1,2,1,0,1,0,0,4,3,1,0,4,0,1,2
56400093,2,56400095,,10,6,4,*,*,*,*,*,*,*,*,*,*,*,*,*,*,*,*,*,*,*,*,*,*,*,*,*,*,*,*,*,*,2,2,*,*,*,*,*,*,*,*,*,*,*,*,*,*,*
56400095,1,,56400093,19,9,10,3,2,1,26,13,13,11,6,5,25,13,12,25,13,12,15,7,8,7,3,4,1,0,1,0,0,0,0,0,0,7,7,1,3,2,1,0,2,0,8,4,4,0,9,0,1,2
56400096,1,,56400086;56400097,89,42,47,3,1,2,98,47,51,36,19,17,97,46,51,97,46,51,62,28,34,36,14,22,10,2,8,2,0,2,0,0,0,35,35,5,17,14,2,0,2,0,35,19,16,2,36,0,4,14
56400097,2,56400096,,7,4,3,*,*,*,*,*,*,*,*,*,*,*,*,*,*,*,*,*,*,*,*,*,*,*,*,*,*,*,*,*,*,3,3,*,*,*,*,*,*,*,*,*,*,*,*,*,*,*
56400098,0,,,14,6,8,2,1,1,12,5,7,3,1,2,12,5,7,12,5,7,9,4,5,3,1,2,2,0,2,0,0,0,0,0,0,5,5,1,2,1,0,0,1,0,4,2,2,1,5,0,1,2
56400099,0,,,83,37,46,4,4,0,79,33,46,19,10,9,77,32,45,77,32,45,60,23,37,42,14,28,26,7,19,2,0,2,0,0,0,31,30,15,9,3,1,0,1,1,14,10,4,1,26,0,13,5
56400107,0,,,17,9,8,1,0,1,16,9,7,12,8,4,16,9,7,16,9,7,4,1,3,4,1,3,1,0,1,0,0,0,0,0,0,4,4,0,0,2,1,0,0,1,4,2,2,0,3,0,0,0
56400108,0,,,43,22,21,7,4,3,36,18,18,20,10,10,36,18,18,35,17,18,16,8,8,7,3,4,3,0,3,0,0,0,0,0,0,12,12,0,4,4,0,2,1,1,12,7,5,1,10,0,0,1
56400109,0,,,137,65,72,15,5,10,122,60,62,79,37,42,118,57,61,117,56,61,43,23,20,20,10,10,7,2,5,0,0,0,0,0,0,42,42,7,12,6,6,4,5,2,35,21,14,5,29,0,4,4
56400119,0,,,9,4,5,0,0,0,9,4,5,6,3,3,9,4,5,9,4,5,3,1,2,1,0,1,0,0,0,0,0,0,0,0,0,5,5,2,2,1,0,0,0,0,3,3,0,0,3,0,2,0
56400129,0,,,19,12,7,0,0,0,19,12,7,10,7,3,19,12,7,19,12,7,9,5,4,7,4,3,4,2,2,0,0,0,0,0,0,7,7,1,4,0,1,0,1,0,6,4,2,0,6,0,0,2
56400131,2,56400151,,2,1,1,*,*,*,*,*,*,*,*,*,*,*,*,*,*,*,*,*,*,*,*,*,*,*,*,*,*,*,*,*,*,1,1,*,*,*,*,*,*,*,*,*,*,*,*,*,*,*
56400139,0,,,59,34,25,6,2,4,53,32,21,28,18,10,53,32,21,53,32,21,25,14,11,11,5,6,5,1,4,1,0,1,0,0,0,25,25,11,6,2,1,4,1,0,14,7,7,1,18,0,7,3
56400141,2,56400151,,2,1,1,*,*,*,*,*,*,*,*,*,*,*,*,*,*,*,*,*,*,*,*,*,*,*,*,*,*,*,*,*,*,1,1,*,*,*,*,*,*,*,*,*,*,*,*,*,*,*
56400150,0,,,23,11,12,1,0,1,22,11,11,10,6,4,21,11,10,21,11,10,12,5,7,5,1,4,4,0,4,1,0,1,0,0,0,10,10,1,6,2,1,0,0,0,9,7,2,0,8,0,0,2
56400151,1,,56400131;56400141,94,46,48,6,3,3,92,45,47,41,22,19,91,45,46,88,45,43,51,23,28,30,10,20,13,4,9,3,0,3,0,0,0,30,30,5,9,10,2,3,0,3,27,15,12,1,31,0,5,5
56400160,0,,,19,7,12,0,0,0,19,7,12,6,3,3,19,7,12,19,7,12,13,4,9,7,2,5,3,0,3,0,0,0,0,0,0,9,9,3,2,4,0,0,0,0,6,3,3,0,8,0,2,0
56400161,0,,,9,5,4,0,0,0,9,5,4,4,3,1,9,5,4,9,5,4,5,2,3,3,2,1,0,0,0,0,0,0,0,0,0,5,5,3,1,0,1,0,0,0,2,2,0,0,3,0,1,1
56400167,0,,,14,9,5,0,0,0,14,9,5,10,7,3,14,9,5,14,9,5,4,2,2,4,2,2,2,1,1,0,0,0,0,0,0,5,5,1,1,2,0,1,0,0,4,3,1,0,3,0,1,0
56400168,0,,,97,47,50,16,8,8,81,39,42,54,26,28,79,38,41,77,37,40,27,13,14,13,6,7,5,2,3,1,1,0,1,0,1,36,36,4,15,7,8,2,0,0,32,28,4,4,18,0,3,8
56400169,0,,,39,19,20,4,2,2,35,17,18,22,11,11,34,17,17,33,17,16,13,6,7,3,3,0,1,1,0,0,0,0,0,0,0,14,14,3,3,5,1,1,1,0,11,9,2,2,10,0,2,2
56400170,1,,56400171,384,184,200,24,11,13,365,175,190,153,78,75,360,173,187,355,172,183,212,97,115,126,54,72,46,18,28,2,0,2,0,0,0,145,145,33,53,30,14,6,6,5,114,77,37,3,129,0,27,32
56400171,2,56400170,,5,2,3,*,*,*,*,*,*,*,*,*,*,*,*,*,*,*,*,*,*,*,*,*,*,*,*,*,*,*,*,*,*,2,2,*,*,*,*,*,*,*,*,*,*,*,*,*,*,*
56400178,0,,,101,50,51,11,7,4,90,43,47,50,26,24,89,42,47,89,42,47,40,17,23,21,6,15,8,0,8,1,0,1,1,1,0,40,40,12,12,8,4,3,0,1,28,21,7,3,28,0,8,4
56400179,0,,,360,174,186,53,26,27,307,148,159,195,98,97,300,146,154,296,145,151,112,50,62,57,20,37,30,6,24,6,0,6,1,0,1,112,111,12,33,31,23,8,1,3,99,80,19,10,51,1,6,13
56400180,0,,,68,30,38,6,2,4,62,28,34,22,10,12,61,28,33,60,27,33,40,18,22,23,7,16,6,1,5,0,0,0,0,0,0,25,25,6,7,6,4,0,1,1,19,12,7,1,24,0,6,6
56400189,0,,,70,33,37,14,5,9,56,28,28,36,20,16,53,28,25,51,26,25,20,8,12,5,1,4,3,0,3,0,0,0,0,0,0,19,19,2,7,2,2,3,0,3,17,12,5,5,13,0,2,5
56400190,0,,,230,116,114,17,7,10,213,109,104,99,53,46,209,107,102,206,107,99,114,56,58,54,21,33,17,2,15,1,0,1,0,0,0,86,86,19,31,16,9,5,3,3,67,39,28,4,71,0,14,18
56400191,0,,,83,37,46,2,1,1,81,36,45,39,17,22,78,35,43,78,35,43,42,19,23,24,10,14,10,3,7,0,0,0,0,0,0,34,34,7,13,9,4,0,0,1,27,16,11,0,32,0,6,9
56400197,0,,,92,44,48,6,2,4,86,42,44,46,24,22,86,42,44,85,42,43,40,18,22,20,8,12,9,3,6,1,0,1,1,0,1,29,29,1,11,7,5,3,1,1,28,18,10,1,25,0,1,5
56400198,0,,,160,78,82,24,11,13,136,67,69,86,46,40,133,65,68,132,64,68,50,21,29,22,6,16,11,4,7,0,0,0,0,0,0,42,42,1,9,13,7,7,2,3,40,21,19,7,32,0,1,3
56400199,0,,,59,27,32,2,1,1,57,26,31,32,15,17,54,25,29,53,24,29,25,11,14,12,4,8,3,0,3,1,0,1,0,0,0,22,22,4,8,6,2,0,1,1,18,11,7,1,17,0,2,3
56400200,0,,,202,104,98,20,12,8,182,92,90,107,57,50,180,91,89,176,91,85,75,35,40,41,15,26,17,6,11,2,0,2,1,0,1,61,61,5,23,11,8,4,5,5,55,36,19,2,47,0,3,8
56400201,2,56400211,,8,5,3,*,*,*,*,*,*,*,*,*,*,*,*,*,*,*,*,*,*,*,*,*,*,*,*,*,*,*,*,*,*,2,2,*,*,*,*,*,*,*,*,*,*,*,*,*,*,*
56400202,0,,,74,20,54,2,2,0,72,18,54,9,5,4,72,18,54,72,18,54,63,13,50,55,8,47,40,4,36,12,0,12,0,0,0,5,4,0,2,1,0,0,0,1,4,3,1,1,4,0,0,1
56400203,2,56400213,,10,7,3,*,*,*,*,*,*,*,*,*,*,*,*,*,*,*,*,*,*,*,*,*,*,*,*,*,*,*,*,*,*,5,5,*,*,*,*,*,*,*,*,*,*,*,*,*,*,*
56400204,0,,,77,42,35,3,3,0,73,39,34,49,27,22,72,38,34,71,37,34,24,12,12,13,7,6,6,4,2,0,0,0,0,0,0,24,24,3,5,7,5,1,3,0,21,14,7,0,16,0,1,2
56400205,0,,,25,11,14,4,2,2,21,9,12,11,4,7,19,9,10,18,9,9,10,5,5,4,3,1,1,1,0,0,0,0,0,0,0,6,6,1,1,0,1,0,3,0,5,1,4,0,5,0,0,1
56400206,0,,,445,223,222,80,37,43,364,185,179,325,166,159,344,177,167,331,169,162,39,19,20,11,5,6,1,0,1,0,0,0,2,0,2,148,148,19,36,42,33,13,4,1,129,116,13,14,29,0,5,4
56400207,0,,,2619,1285,1334,354,178,176,2261,1105,1156,1706,842,864,2166,1059,1107,2107,1024,1083,555,263,292,187,87,100,53,22,31,1,0,1,8,4,4,945,945,122,335,242,158,67,15,6,818,707,111,96,377,1,53,133
56400208,0,,,405,204,201,37,24,13,368,180,188,228,119,109,358,177,181,349,174,175,140,61,79,72,29,43,19,2,17,1,0,1,0,0,0,136,136,18,46,31,20,10,6,5,114,85,29,11,92,0,13,20
56400209,0,,,222,110,112,20,10,10,202,100,102,123,63,60,195,98,97,193,96,97,79,37,42,35,12,23,6,1,5,1,0,1,0,0,0,66,66,13,13,17,8,3,5,7,53,29,24,6,49,0,10,5
56400210,0,,,53,18,35,3,1,2,50,17,33,21,7,14,50,17,33,49,17,32,29,10,19,12,4,8,1,0,1,0,0,0,0,0,0,19,19,5,7,2,0,3,1,1,13,8,5,1,19,0,5,5
56400211,1,,56400201,249,126,123,30,16,14,226,114,112,114,64,50,222,111,111,219,109,110,112,50,62,54,20,34,27,7,20,3,0,3,0,0,0,79,78,17,20,17,10,6,4,6,62,38,24,10,62,0,11,12
56400212,0,,,174,89,85,14,11,3,160,78,82,89,45,44,150,72,78,146,71,75,71,33,38,27,9,18,11,3,8,2,0,2,0,0,0,50,50,5,11,15,4,8,4,3,45,24,21,1,40,0,5,6
56400213,1,,56400203,90,41,49,9,5,4,91,43,48,51,24,27,89,42,47,86,40,46,40,19,21,20,6,14,9,1,8,0,0,0,0,0,0,24,24,4,9,3,4,3,4,2,23,9,14,2,25,0,3,4
56400214,0,,,144,68,76,12,3,9,132,65,67,85,48,37,130,63,67,128,61,67,47,17,30,23,5,18,12,1,11,1,0,1,0,0,0,41,41,5,8,10,6,7,2,3,35,19,16,3,31,0,4,3
56400215,0,,,208,110,98,24,16,8,182,92,90,108,55,53,178,92,86,175,90,85,74,37,37,29,14,15,15,6,9,3,1,2,0,0,0,62,62,8,14,15,12,5,2,6,54,29,25,5,44,0,6,6
56400216,0,,,243,130,113,20,10,10,223,120,103,124,76,48,216,114,102,210,109,101,99,44,55,45,19,26,14,4,10,0,0,0,0,0,0,71,71,6,23,14,11,8,2,7,64,38,26,4,56,0,1,15
56400217,0,,,1381,676,705,120,59,61,1260,616,644,817,426,391,1219,597,622,1196,584,612,443,190,253,215,93,122,55,19,36,2,0,2,2,0,2,511,509,91,192,109,73,30,9,5,414,339,75,35,296,1,59,93
56400218,0,,,2311,1089,1222,217,122,95,2053,938,1115,1083,555,528,2003,913,1090,1969,894,1075,970,383,587,544,182,362,226,46,180,28,1,27,14,10,4,824,815,183,280,176,113,37,17,9,625,513,112,66,482,19,79,157
56400219,0,,,1089,525,564,57,29,28,1019,487,532,473,261,212,995,474,521,981,466,515,546,226,320,332,103,229,158,27,131,19,1,18,1,1,0,252,244,93,59,41,29,15,6,1,149,107,42,18,117,11,22,34
56400220,0,,,50,23,27,4,1,3,46,22,24,30,16,14,45,22,23,45,22,23,16,6,10,9,2,7,3,0,3,0,0,0,0,0,0,16,16,1,5,5,3,0,2,0,15,10,5,0,11,0,1,0
56400221,0,,,221,106,115,31,13,18,189,92,97,103,51,52,178,85,93,174,83,91,86,41,45,27,11,16,12,5,7,0,0,0,0,0,0,64,64,11,17,10,9,3,7,7,53,25,28,5,51,0,8,11
56400222,0,,,199,95,104,19,7,12,178,87,91,100,47,53,176,86,90,173,86,87,78,40,38,40,21,19,9,4,5,0,0,0,0,0,0,65,65,14,16,12,12,3,4,4,51,29,22,2,52,0,11,11
56400223,0,,,189,99,90,25,14,11,164,85,79,103,59,44,156,78,78,156,78,78,61,26,35,34,11,23,24,10,14,0,0,0,0,0,0,50,50,6,11,9,8,5,4,7,44,19,25,5,42,0,5,2
56400224,0,,,103,57,46,10,6,4,93,51,42,61,37,24,90,49,41,88,48,40,32,14,18,14,6,8,4,1,3,0,0,0,0,0,0,31,31,7,5,7,5,1,3,3,24,11,13,2,17,0,2,2
56400225,0,,,23,9,14,2,0,2,21,9,12,14,5,9,20,9,11,18,9,9,7,4,3,3,2,1,0,0,0,0,0,0,0,0,0,9,9,3,2,1,2,1,0,0,6,4,2,1,4,0,1,1
56400226,0,,,2037,977,1060,561,277,284,1473,699,774,1279,623,656,1348,632,716,1294,607,687,194,76,118,76,28,48,27,5,22,5,1,4,2,0,2,574,573,39,103,118,195,82,29,7,530,466,64,108,119,0,10,24
56400227,0,,,466,231,235,100,51,49,365,179,186,272,136,136,339,169,170,328,161,167,93,43,50,34,14,20,9,3,6,0,0,0,2,1,1,146,146,18,31,37,45,7,1,7,128,105,23,19,64,0,13,15
56400228,0,,,3856,1897,1959,481,260,221,3279,1570,1709,2280,1153,1127,3165,1518,1647,3089,1480,1609,999,417,582,482,184,298,169,42,127,22,6,16,61,33,28,1635,1617,585,450,288,199,58,24,13,1014,890,124,150,585,126,139,166
56400229,0,,,1585,829,756,124,68,56,1405,723,682,945,524,421,1362,692,670,1309,653,656,460,199,261,235,88,147,85,25,60,10,2,8,45,8,37,814,809,435,188,94,66,17,5,4,366,318,48,49,280,102,87,68
56400230,0,,,48,28,20,4,2,2,44,26,18,26,16,10,42,24,18,42,24,18,18,10,8,7,3,4,1,0,1,0,0,0,1,1,0,23,23,10,7,3,1,1,1,0,12,9,3,0,13,1,5,2
56400231,0,,,39,20,19,0,0,0,39,20,19,18,10,8,38,19,19,37,19,18,21,10,11,5,2,3,2,0,2,0,0,0,0,0,0,17,17,6,4,4,2,1,0,0,11,9,2,0,15,0,6,3
56400232,0,,,146,72,74,11,6,5,135,66,69,81,42,39,131,64,67,127,61,66,54,24,30,30,11,19,9,4,5,1,1,0,0,0,0,41,41,6,7,7,8,6,6,1,35,15,20,3,33,0,2,2
56400233,0,,,160,83,77,15,8,7,145,75,70,78,46,32,142,73,69,140,72,68,67,29,38,39,16,23,14,7,7,1,1,0,0,0,0,50,50,8,15,7,10,3,4,3,42,27,15,4,43,0,7,9
56400234,0,,,254,122,132,30,16,14,224,106,118,120,57,63,219,104,115,217,102,115,104,49,55,50,20,30,23,7,16,1,1,0,1,0,1,77,77,12,18,14,15,11,2,5,65,36,29,9,62,0,9,9
56400235,0,,,549,262,287,43,26,17,506,236,270,293,148,145,496,233,263,490,228,262,213,88,125,111,42,69,40,14,26,5,2,3,0,0,0,167,167,20,47,33,31,17,7,12,147,76,71,12,132,0,12,24
56400236,0,,,365,184,181,36,17,19,329,167,162,174,92,82,316,159,157,309,154,155,155,75,80,70,30,40,13,5,8,0,0,0,2,0,2,120,120,21,40,19,16,6,13,5,99,65,34,4,98,0,17,25
56400237,0,,,382,181,201,69,31,38,313,150,163,200,108,92,304,144,160,297,141,156,113,42,71,81,27,54,47,14,33,3,0,3,1,0,1,114,109,19,15,38,24,8,3,2,90,74,16,39,40,1,7,8
56400238,0,,,3526,1648,1878,448,209,239,3009,1396,1613,2028,998,1030,2920,1352,1568,2855,1316,1539,981,398,583,488,181,307,155,41,114,8,2,6,37,21,16,1532,1528,526,454,284,172,63,21,8,985,861,124,131,650,81,188,173
56400239,0,,,2715,1378,1337,303,150,153,2325,1166,1159,1726,910,816,2235,1116,1119,2162,1070,1092,599,256,343,303,126,177,75,25,50,9,0,9,38,21,17,1262,1262,542,308,184,166,39,16,7,702,610,92,94,408,115,101,108
56400240,0,,,39,19,20,6,4,2,33,15,18,19,10,9,33,15,18,33,15,18,14,5,9,9,3,6,3,1,2,0,0,0,2,2,0,11,11,3,4,0,0,1,0,3,8,3,5,2,8,2,1,0
56400241,0,,,151,81,70,18,9,9,133,72,61,76,44,32,129,68,61,128,67,61,57,28,29,35,17,18,12,6,6,1,0,1,0,0,0,39,39,5,8,8,2,8,4,4,34,13,21,4,33,0,2,5
56400242,0,,,78,38,40,6,3,3,72,35,37,46,25,21,70,34,36,68,32,36,26,10,16,9,3,6,4,0,4,1,0,1,0,0,0,22,22,2,2,10,3,3,1,1,20,10,10,1,15,0,1,2
56400243,0,,,114,51,63,15,9,6,99,42,57,61,26,35,95,42,53,92,42,50,38,16,22,9,3,6,6,2,4,0,0,0,0,0,0,31,31,3,8,5,5,3,5,2,28,12,16,1,25,0,3,4
56400244,0,,,132,56,76,12,0,12,120,56,64,73,36,37,115,55,60,114,54,60,47,20,27,18,5,13,6,0,6,0,0,0,0,0,0,39,39,6,6,10,9,3,3,2,33,19,14,3,27,1,2,2
56400245,0,,,65,31,34,2,0,2,63,31,32,33,18,15,62,30,32,61,30,31,30,13,17,17,6,11,5,0,5,0,0,0,0,0,0,22,22,5,5,4,5,1,1,1,17,10,7,0,19,0,5,2
56400246,0,,,693,300,393,83,40,43,609,259,350,407,177,230,568,239,329,542,225,317,202,82,120,89,38,51,29,10,19,2,1,1,4,2,2,298,298,87,99,65,28,15,2,2,209,181,28,18,145,3,55,35
56400247,0,,,1064,534,530,131,71,60,902,447,455,593,303,290,868,433,435,847,420,427,309,144,165,103,49,54,31,8,23,2,0,2,4,0,4,414,413,101,134,84,57,24,10,3,301,264,37,42,189,4,29,65
56400248,0,,,4924,2383,2541,567,301,266,4276,2033,2243,2872,1421,1451,4141,1972,2169,4053,1927,2126,1404,612,792,632,273,359,174,60,114,10,1,9,29,16,13,2088,2085,615,690,397,249,96,34,4,1447,1280,167,166,917,74,228,283
56400249,0,,,3688,1814,1874,501,249,252,3062,1490,1572,2399,1199,1200,2944,1437,1507,2883,1405,1478,663,291,372,300,119,181,108,35,73,5,2,3,19,10,9,1582,1581,559,415,275,233,70,18,11,999,854,145,146,450,83,95,102
56400250,0,,,44,22,22,0,0,0,44,22,22,20,12,8,44,22,22,44,22,22,24,10,14,11,5,6,4,2,2,0,0,0,0,0,0,16,16,1,5,7,3,0,0,0,15,12,3,0,14,0,1,1
56400251,0,,,58,32,26,6,4,2,52,28,24,33,17,16,51,27,24,51,27,24,19,11,8,8,4,4,3,1,2,0,0,0,0,0,0,19,19,5,4,4,2,0,3,1,14,9,5,3,14,0,3,1
56400252,2,56400253,,6,4,2,*,*,*,*,*,*,*,*,*,*,*,*,*,*,*,*,*,*,*,*,*,*,*,*,*,*,*,*,*,*,1,1,*,*,*,*,*,*,*,*,*,*,*,*,*,*,*
56400253,1,,56400252,153,72,81,18,9,9,141,67,74,82,43,39,135,63,72,133,62,71,59,24,35,37,11,26,12,3,9,0,0,0,0,0,0,45,45,4,17,7,5,5,3,5,41,20,21,3,38,0,2,5
56400254,0,,,437,255,182,23,15,8,414,240,174,308,187,121,288,153,135,255,125,130,106,53,53,45,18,27,14,5,9,0,0,0,1,0,1,92,90,13,20,25,12,13,5,2,77,44,33,5,71,2,9,10
56400255,0,,,178,84,94,21,9,12,157,75,82,90,46,44,153,72,81,150,70,80,67,29,38,29,11,18,9,1,8,0,0,0,0,0,0,57,57,9,18,9,9,6,2,4,48,31,17,4,41,0,5,10
56400256,0,,,4154,2002,2152,610,306,304,3508,1677,1831,2464,1206,1258,3344,1592,1752,3257,1546,1711,1044,471,573,427,184,243,82,20,62,6,1,5,14,3,11,1532,1532,264,529,323,266,112,30,8,1243,1084,159,150,683,13,126,217
56400257,0,,,7192,3429,3763,1001,512,489,6112,2865,3247,4302,2068,2234,5861,2732,3129,5708,2662,3046,1810,797,1013,773,326,447,197,60,137,11,3,8,59,28,31,2946,2944,802,962,562,400,163,36,19,2110,1872,238,251,1259,55,367,356
56400258,0,,,6191,2994,3197,789,426,363,5287,2493,2794,3678,1798,1880,5115,2412,2703,5006,2366,2640,1609,695,914,748,299,449,206,77,129,9,2,7,41,21,20,2666,2666,827,849,510,331,106,28,15,1809,1607,202,284,1090,82,273,327
56400259,0,,,4716,2289,2427,512,241,271,4106,1992,2114,2714,1391,1323,4003,1938,2065,3930,1899,2031,1392,601,791,789,313,476,333,111,222,41,9,32,31,14,17,2111,2095,877,562,326,232,59,29,10,1199,1035,164,140,786,116,239,205
56400260,0,,,39,21,18,1,1,0,38,20,18,22,11,11,36,19,17,35,19,16,16,9,7,8,5,3,1,1,0,0,0,0,0,0,0,13,13,2,2,6,1,1,1,0,11,7,4,0,10,0,1,1
56400261,0,,,43,26,17,0,0,0,43,26,17,23,15,8,43,26,17,42,25,17,20,11,9,5,3,2,2,1,1,0,0,0,0,0,0,15,15,4,3,4,1,2,0,1,11,8,3,0,11,0,2,1
56400262,0,,,122,64,58,6,4,2,116,60,56,60,34,26,111,55,56,110,55,55,56,26,30,20,6,14,9,1,8,4,0,4,0,0,0,43,43,5,16,10,8,2,1,1,38,27,11,1,34,0,4,8
56400263,0,,,314,160,154,24,17,7,290,143,147,157,84,73,275,132,143,269,129,140,133,59,74,54,20,34,20,3,17,1,0,1,1,0,1,101,101,10,36,23,14,7,6,5,91,59,32,5,82,0,8,20
56400264,0,,,205,102,103,15,5,10,190,97,93,109,61,48,184,93,91,182,92,90,81,36,45,38,13,25,9,1,8,1,0,1,0,0,0,67,67,9,19,17,11,5,5,1,58,35,23,1,53,0,5,9
56400265,0,,,2801,1381,1420,420,206,214,2361,1162,1199,1561,804,757,2275,1111,1164,2230,1087,1143,800,358,442,379,157,222,97,31,66,5,1,4,15,8,7,1032,1031,221,317,223,156,66,32,16,802,653,149,118,529,12,110,131
56400266,0,,,5561,2699,2862,835,407,428,4627,2224,2403,3281,1620,1661,4443,2142,2301,4355,2099,2256,1346,604,742,666,288,378,207,83,124,18,4,14,22,14,8,2223,2213,602,669,459,314,122,38,9,1584,1405,179,252,867,79,195,286
56400267,0,,,6304,3068,3236,759,392,367,5505,2648,2857,3789,1909,1880,5350,2567,2783,5233,2503,2730,1716,739,977,834,338,496,242,86,156,14,4,10,45,27,18,2470,2465,651,797,508,354,116,27,12,1779,1585,194,211,1047,51,252,297
56400268,0,,,6723,3192,3531,761,392,369,5819,2708,3111,3989,1944,2045,5641,2620,3021,5541,2574,2967,1830,764,1066,965,362,603,345,118,227,26,6,20,42,18,24,3098,3096,1161,954,520,342,86,26,7,1908,1715,193,217,1240,129,391,326
56400269,0,,,6112,2968,3144,699,340,359,5266,2533,2733,3612,1816,1796,5096,2448,2648,5008,2399,2609,1654,717,937,838,308,530,308,93,215,19,5,14,47,33,14,2885,2878,1161,827,468,306,80,27,9,1689,1493,196,230,1145,126,389,300
56400270,0,,,140,68,72,10,3,7,130,65,65,78,44,34,128,64,64,126,63,63,52,21,31,28,9,19,9,4,5,1,0,1,0,0,0,46,46,9,15,10,5,1,0,6,37,24,13,3,32,0,5,6
56400271,0,,,604,291,313,48,25,23,556,266,290,310,158,152,537,257,280,528,254,274,246,108,138,139,54,85,46,16,30,6,2,4,0,0,0,208,208,42,69,31,30,20,7,9,166,104,62,12,157,1,28,34
56400272,0,,,209,102,107,15,7,8,194,95,99,108,57,51,188,92,96,186,91,95,86,38,48,42,14,28,9,2,7,1,0,1,0,0,0,75,75,19,18,18,9,7,3,1,56,32,24,5,57,0,14,9
56400273,0,,,197,103,94,10,4,6,187,99,88,101,59,42,186,99,87,186,99,87,86,40,46,41,17,24,12,4,8,0,0,0,0,0,0,62,62,8,11,19,13,8,3,0,52,30,22,2,51,0,5,6
56400274,0,,,335,140,195,17,7,10,311,129,182,125,71,54,303,125,178,302,124,178,186,58,128,125,25,100,75,11,64,19,0,19,0,0,0,100,97,36,25,17,13,3,2,1,61,42,19,6,53,4,10,12
56400275,0,,,5244,2470,2774,644,294,350,4541,2136,2405,3028,1477,1551,4398,2062,2336,4298,2005,2293,1513,659,854,726,293,433,217,74,143,14,4,10,67,29,38,2128,2124,563,698,414,295,100,43,11,1537,1316,221,186,1020,48,252,279
56400276,0,,,4817,2410,2407,574,272,302,4164,2088,2076,2978,1558,1420,4044,2027,2017,3956,1975,1981,1186,530,656,501,198,303,152,39,113,20,2,18,29,9,20,1961,1954,641,600,376,226,69,31,11,1283,1139,144,157,751,71,179,226
56400277,0,,,4895,2366,2529,583,304,279,4190,1984,2206,2912,1450,1462,4059,1916,2143,3993,1888,2105,1278,534,744,715,264,451,277,87,190,25,7,18,34,14,20,2304,2301,968,648,359,212,74,28,12,1302,1161,141,170,852,139,271,227
56400278,0,,,3919,1879,2040,384,201,183,3393,1597,1796,2441,1180,1261,3287,1553,1734,3178,1527,1651,952,417,535,470,181,289,180,62,118,11,3,8,36,19,17,2050,2048,1073,513,236,145,56,16,9,959,844,115,105,670,158,247,176
56400279,0,,,5222,2582,2640,618,330,288,4430,2142,2288,3233,1647,1586,4292,2064,2228,4213,2025,2188,1197,495,702,615,223,392,216,66,150,24,6,18,57,36,21,2545,2543,1081,727,381,260,70,20,4,1423,1275,148,157,850,130,281,222
56400280,0,,,166,85,81,12,6,6,153,78,75,90,50,40,152,78,74,151,78,73,63,28,35,34,10,24,23,6,17,1,0,1,0,0,0,51,51,6,9,16,10,9,0,1,45,30,15,3,40,0,5,2
56400281,0,,,157,67,90,8,2,6,149,65,84,90,43,47,145,63,82,143,63,80,59,22,37,35,11,24,15,3,12,0,0,0,0,0,0,49,49,4,17,11,8,5,1,3,44,30,14,2,35,0,2,7
56400282,0,,,51,26,25,3,1,2,48,25,23,24,15,9,48,25,23,46,23,23,24,10,14,10,5,5,4,1,3,0,0,0,0,0,0,17,17,4,5,2,3,0,2,1,13,9,4,1,13,0,2,4
56400283,0,,,101,53,48,10,6,4,91,47,44,57,32,25,88,44,44,87,44,43,34,15,19,16,6,10,9,2,7,0,0,0,0,0,0,33,33,6,10,7,3,3,1,3,27,18,9,3,24,0,3,2
56400284,0,,,219,115,104,14,9,5,205,106,99,127,66,61,195,103,92,189,100,89,78,40,38,38,16,22,17,8,9,1,1,0,3,3,0,72,72,9,23,13,15,8,3,1,62,40,22,2,50,0,7,8
56400285,0,,,700,360,340,132,58,74,565,300,265,444,249,195,545,294,251,537,287,250,121,51,70,48,19,29,14,3,11,1,0,1,2,0,2,275,275,86,65,46,52,19,6,1,186,160,26,42,77,19,14,14
56400286,0,,,5258,2536,2722,628,314,314,4535,2165,2370,3125,1520,1605,4388,2098,2290,4287,2052,2235,1410,645,765,574,245,329,132,41,91,7,0,7,77,32,45,2279,2278,765,702,407,250,100,35,19,1485,1274,211,196,969,81,267,274
56400287,0,,,6258,3035,3223,675,338,337,5434,2599,2835,3825,1927,1898,5248,2498,2750,5123,2428,2695,1609,672,937,738,289,449,221,79,142,11,4,7,57,27,30,2906,2906,1170,806,473,309,97,31,20,1700,1503,197,183,1155,157,426,280
56400288,0,,,5186,2546,2640,492,246,246,4457,2155,2302,3279,1640,1639,4338,2108,2230,4265,2064,2201,1178,515,663,565,228,337,187,71,116,18,6,12,45,22,23,2825,2823,1489,711,367,190,44,15,7,1307,1185,122,149,825,212,312,196
56400289,0,,,5995,2892,3103,731,391,340,5074,2388,2686,3610,1760,1850,4919,2310,2609,4811,2259,2552,1464,628,836,746,298,448,272,83,189,21,0,21,46,19,27,2832,2827,1193,762,471,282,91,17,11,1612,1447,165,225,948,177,266,286
56400290,0,,,20,9,11,3,1,2,17,8,9,13,6,7,16,7,9,16,7,9,4,2,2,1,0,1,1,0,1,0,0,0,0,0,0,6,6,1,1,2,0,1,1,0,5,3,2,0,3,0,0,0
56400291,0,,,12,7,5,0,0,0,12,7,5,7,5,2,12,7,5,12,7,5,5,2,3,2,1,1,1,0,1,0,0,0,0,0,0,4,4,0,1,2,1,0,0,0,4,3,1,0,3,0,0,1
56400292,0,,,85,50,35,12,9,3,73,41,32,43,25,18,69,39,30,68,39,29,30,16,14,13,6,7,7,3,4,1,0,1,0,0,0,27,27,4,9,3,7,0,3,1,23,15,8,3,17,0,3,3
56400293,0,,,158,73,85,11,8,3,146,64,82,92,38,54,142,64,78,140,63,77,54,26,28,26,8,18,10,4,6,1,0,1,0,0,0,49,49,5,13,14,8,2,6,1,44,27,17,3,37,0,1,2
56400294,0,,,149,75,74,5,2,3,143,72,71,81,43,38,139,70,69,137,68,69,62,29,33,30,12,18,14,4,10,1,1,0,1,0,1,55,55,11,17,13,6,7,1,0,44,31,13,1,37,0,5,6
56400295,0,,,139,70,69,9,5,4,130,65,65,85,45,40,123,59,64,119,57,62,45,20,25,19,7,12,5,1,4,2,1,1,0,0,0,42,42,7,12,5,6,6,4,2,35,20,15,4,30,0,7,6
56400296,0,,,4645,2269,2376,642,337,305,3978,1915,2063,2646,1307,1339,3849,1851,1998,3798,1828,1970,1332,608,724,620,277,343,156,58,98,8,0,8,36,9,27,1831,1828,421,630,385,239,106,28,19,1382,1218,164,192,873,28,186,282
56400297,0,,,6472,3040,3432,694,386,308,5666,2584,3082,3778,1809,1969,5478,2493,2985,5353,2439,2914,1888,775,1113,932,356,576,322,97,225,34,3,31,76,34,42,2791,2784,944,865,522,318,97,28,10,1810,1613,197,209,1176,96,370,317
56400298,0,,,5872,2891,2981,709,345,364,4914,2404,2510,3679,1865,1814,4747,2313,2434,4652,2265,2387,1235,539,696,546,210,336,165,53,112,13,3,10,52,24,28,2761,2759,1175,716,430,308,90,26,14,1536,1366,170,205,832,176,203,242
56400299,0,,,4791,2328,2463,530,262,268,4080,1958,2122,2984,1488,1496,3958,1900,2058,3856,1854,2002,1096,470,626,569,213,356,187,53,134,15,2,13,27,12,15,2224,2218,928,587,356,253,73,15,6,1266,1126,140,157,698,152,190,192
56400300,0,,,63,34,29,1,0,1,62,34,28,31,21,10,61,33,28,60,32,28,31,13,18,12,6,6,3,2,1,0,0,0,1,0,1,26,26,3,13,8,0,2,0,0,23,19,4,0,19,0,1,6
56400301,0,,,315,158,157,18,9,9,297,149,148,169,90,79,287,140,147,278,136,142,128,59,69,56,25,31,16,7,9,2,1,1,0,0,0,103,103,13,29,32,11,11,3,4,90,61,29,5,81,0,12,15
56400302,0,,,429,212,217,43,25,18,386,187,199,236,117,119,375,182,193,368,176,192,150,70,80,60,22,38,18,6,12,0,0,0,5,0,5,149,149,33,36,31,29,12,3,5,115,66,49,10,99,4,13,17
56400303,0,,,1653,824,829,423,214,209,1216,599,617,1044,523,521,1119,551,568,1072,524,548,172,76,96,72,28,44,19,6,13,2,0,2,3,1,2,474,474,38,89,101,147,65,20,14,429,358,71,97,114,0,7,24
56400304,1,,56400305,112,61,51,15,12,3,109,56,53,60,36,24,106,54,52,103,53,50,49,20,29,21,7,14,8,1,7,0,0,0,0,0,0,37,37,7,12,6,8,1,4,2,33,20,13,4,30,0,6,7
56400305,2,56400304,,12,7,5,*,*,*,*,*,*,*,*,*,*,*,*,*,*,*,*,*,*,*,*,*,*,*,*,*,*,*,*,*,*,3,3,*,*,*,*,*,*,*,*,*,*,*,*,*,*,*
56400306,2,56400307,,2,1,1,*,*,*,*,*,*,*,*,*,*,*,*,*,*,*,*,*,*,*,*,*,*,*,*,*,*,*,*,*,*,1,1,*,*,*,*,*,*,*,*,*,*,*,*,*,*,*
56400307,1,,56400306,50,27,23,2,1,1,50,27,23,28,17,11,49,26,23,49,26,23,22,10,12,12,3,9,7,2,5,1,0,1,0,0,0,16,16,2,5,2,6,2,0,0,15,9,6,1,13,0,2,2
56400308,0,,,45,21,24,0,0,0,45,21,24,28,14,14,44,21,23,42,21,21,17,7,10,9,3,6,3,1,2,0,0,0,0,0,0,12,12,2,1,3,2,2,0,2,10,5,5,0,11,0,1,0
56400309,0,,,128,51,77,13,6,7,115,45,70,73,29,44,112,45,67,112,45,67,42,16,26,27,7,20,10,1,9,0,0,0,0,0,0,38,38,5,10,8,5,6,1,3,33,16,17,6,32,0,4,4
56400310,0,,,518,261,257,52,24,28,465,236,229,277,142,135,456,232,224,447,229,218,188,94,94,102,48,54,32,12,20,3,2,1,2,0,2,165,165,31,43,31,21,20,12,7,134,74,60,12,116,1,14,19
56400311,0,,,111,58,53,5,3,2,106,55,51,61,33,28,103,53,50,98,50,48,45,22,23,25,13,12,8,2,6,0,0,0,0,0,0,37,37,7,15,3,5,3,1,3,30,19,11,1,31,0,5,7
56400312,0,,,221,118,103,13,7,6,208,111,97,126,71,55,199,107,92,192,105,87,82,40,42,33,17,16,9,2,7,1,1,0,0,0,0,77,77,17,24,12,13,1,7,3,60,39,21,3,53,0,7,12
56400313,0,,,88,43,45,8,2,6,80,41,39,45,23,22,78,41,37,74,38,36,35,18,17,14,7,7,8,4,4,0,0,0,0,0,0,26,26,0,10,5,6,2,2,1,26,19,7,2,20,0,0,7
56400314,0,,,127,59,68,11,5,6,116,54,62,70,34,36,111,53,58,109,52,57,46,20,26,24,8,16,10,3,7,0,0,0,0,0,0,37,37,6,8,7,7,3,3,3,31,16,15,3,31,0,5,4
56400315,0,,,68,33,35,6,3,3,62,30,32,39,20,19,60,28,32,59,28,31,23,10,13,13,3,10,7,2,5,0,0,0,0,0,0,19,19,3,2,4,7,0,1,2,15,7,8,2,15,0,3,0
56400317,0,,,36,18,18,0,0,0,36,18,18,16,9,7,36,18,18,36,18,18,20,9,11,8,2,6,5,1,4,1,1,0,0,0,0,12,12,2,3,3,2,1,1,0,10,5,5,0,10,0,1,1
56400318,0,,,52,27,25,5,3,2,47,24,23,30,15,15,47,24,23,47,24,23,17,9,8,5,0,5,2,0,2,0,0,0,0,0,0,17,17,5,2,4,2,3,0,1,12,4,8,1,15,0,5,2
56400319,0,,,119,64,55,10,5,5,109,59,50,59,37,22,105,56,49,102,54,48,50,22,28,18,8,10,5,1,4,0,0,0,0,0,0,39,39,8,11,9,2,2,6,1,31,19,12,0,30,0,6,9
56400320,0,,,1835,1167,668,112,57,55,1481,957,524,1195,811,384,1453,942,511,1321,826,495,286,146,140,130,55,75,36,10,26,1,0,1,14,10,4,1247,1245,951,136,83,39,25,8,3,285,240,45,50,206,336,86,36
56400321,0,,,215,106,109,9,6,3,206,100,106,108,53,55,202,98,104,200,98,102,98,47,51,53,24,29,24,10,14,1,1,0,0,0,0,68,68,7,22,14,10,8,7,0,61,33,28,2,57,0,5,11
56400322,0,,,951,476,475,141,72,69,810,404,406,498,267,231,789,391,398,774,381,393,312,137,175,153,72,81,33,13,20,1,1,0,1,1,0,334,334,51,115,71,56,23,12,6,283,235,48,34,197,1,33,64
56400323,0,,,195,100,95,9,6,3,186,94,92,98,53,45,184,93,91,181,92,89,88,41,47,46,21,25,17,6,11,0,0,0,0,0,0,63,63,5,25,14,8,5,3,3,58,41,17,2,52,0,3,16
56400325,2,56400335,,4,2,2,*,*,*,*,*,*,*,*,*,*,*,*,*,*,*,*,*,*,*,*,*,*,*,*,*,*,*,*,*,*,2,2,*,*,*,*,*,*,*,*,*,*,*,*,*,*,*
56400326,0,,,23,12,11,6,4,2,17,8,9,11,5,6,17,8,9,17,8,9,6,3,3,2,1,1,0,0,0,0,0,0,0,0,0,6,6,0,1,2,1,1,1,0,6,4,2,2,3,0,0,1
56400328,0,,,165,87,78,7,7,0,155,78,77,86,49,37,153,77,76,151,76,75,69,29,40,46,17,29,18,6,12,2,1,1,0,0,0,57,56,12,19,10,9,1,1,4,43,26,17,1,39,0,8,10
56400329,0,,,110,57,53,13,9,4,97,48,49,55,28,27,96,48,48,94,47,47,42,20,22,22,9,13,7,1,6,1,0,1,1,1,0,35,35,8,10,7,0,4,3,3,27,13,14,3,27,0,7,4
56400330,0,,,2816,1835,981,180,86,94,2204,1455,749,1794,1268,526,2140,1407,733,1874,1175,699,410,187,223,182,76,106,54,20,34,5,1,4,32,26,6,1983,1983,1552,201,118,71,28,8,5,416,348,68,53,285,598,91,66
56400331,0,,,3061,1775,1286,330,160,170,2408,1380,1028,1773,1086,687,2351,1352,999,2163,1191,972,635,294,341,275,114,161,76,22,54,5,1,4,48,21,27,1652,1651,1028,249,160,129,48,20,17,606,495,111,101,431,327,115,104
56400332,0,,,1010,482,528,128,63,65,882,419,463,521,254,267,863,407,456,850,399,451,361,165,196,177,76,101,50,22,28,2,1,1,5,2,3,354,354,54,111,82,66,28,8,5,299,234,65,40,233,1,39,65
56400333,0,,,164,78,86,15,8,7,149,70,79,80,41,39,145,68,77,143,67,76,69,29,40,30,9,21,15,3,12,1,1,0,0,0,0,49,49,4,15,10,10,5,3,2,45,22,23,4,40,0,4,9
56400334,2,56400344,,7,2,5,*,*,*,*,*,*,*,*,*,*,*,*,*,*,*,*,*,*,*,*,*,*,*,*,*,*,*,*,*,*,3,3,*,*,*,*,*,*,*,*,*,*,*,*,*,*,*
56400335,1,,56400325,188,93,95,15,6,9,177,89,88,100,53,47,171,87,84,168,85,83,77,36,41,42,16,26,13,5,8,1,0,1,0,0,0,58,58,10,16,11,11,5,3,4,50,29,21,4,45,0,6,9
56400336,0,,,171,89,82,13,9,4,158,80,78,89,46,43,153,78,75,150,76,74,69,34,35,30,10,20,10,1,9,0,0,0,0,0,0,58,58,10,15,16,10,3,0,4,47,33,14,1,44,0,6,6
56400337,0,,,187,92,95,21,11,10,166,81,85,97,47,50,161,79,82,159,79,80,69,34,35,34,14,20,15,5,10,4,3,1,0,0,0,59,59,8,12,17,14,4,0,4,51,28,23,4,44,0,4,6
56400338,0,,,107,54,53,6,2,4,101,52,49,56,33,23,95,48,47,91,44,47,45,19,26,23,10,13,6,1,5,1,0,1,0,0,0,32,32,5,10,5,4,2,3,3,27,17,10,0,28,0,4,4
56400339,0,,,110,54,56,6,3,3,104,51,53,61,34,27,103,50,53,101,49,52,43,17,26,27,8,19,15,4,11,1,0,1,0,0,0,34,34,7,7,4,9,3,2,2,26,11,15,2,28,0,6,1
56400340,0,,,2042,1129,913,263,147,116,1649,897,752,1305,731,574,1602,875,727,1558,851,707,344,166,178,158,64,94,54,21,33,5,1,4,9,4,5,1037,1037,560,188,131,102,41,7,8,464,387,77,102,249,138,69,52
56400341,0,,,904,529,375,92,56,36,743,426,317,567,344,223,726,418,308,688,388,300,176,82,94,78,33,45,18,6,12,0,0,0,26,23,3,496,495,291,94,55,36,12,4,3,196,169,27,29,112,84,25,33
56400342,0,,,350,164,186,32,12,20,318,152,166,146,70,76,313,150,163,309,149,160,172,82,90,59,26,33,13,5,8,1,1,0,2,2,0,134,134,17,60,31,15,8,2,1,117,97,20,4,107,0,15,39
56400343,0,,,434,212,222,35,17,18,399,195,204,213,106,107,386,190,196,380,187,193,186,89,97,105,53,52,27,10,17,1,0,1,3,3,0,163,163,42,55,27,16,11,6,6,120,80,40,6,118,3,29,35
56400344,1,,56400334,351,165,186,30,10,20,328,157,171,168,85,83,314,151,163,308,148,160,160,72,88,81,29,52,45,13,32,4,0,4,0,0,0,115,114,23,32,28,14,11,4,5,90,66,24,5,89,0,17,21
56400345,0,,,227,115,112,20,10,10,207,105,102,117,65,52,201,102,99,199,100,99,90,40,50,41,16,25,13,3,10,0,0,0,0,0,0,73,73,11,23,15,8,9,2,5,62,41,21,4,54,0,6,15
56400346,0,,,134,72,62,13,7,6,121,65,56,70,38,32,121,65,56,121,65,56,51,27,24,22,12,10,7,5,2,0,0,0,0,0,0,45,45,10,14,10,1,2,6,2,34,21,13,4,36,0,6,7
56400347,0,,,85,48,37,11,7,4,74,41,33,41,23,18,73,40,33,73,40,33,33,18,15,23,11,12,4,2,2,1,0,1,1,0,1,24,24,2,3,10,3,1,5,0,22,14,8,0,21,0,2,1
56400349,0,,,22,11,11,0,0,0,22,11,11,8,3,5,22,11,11,22,11,11,14,8,6,4,2,2,2,1,1,0,0,0,0,0,0,9,9,1,4,3,1,0,0,0,8,7,1,0,8,0,1,3
56400350,0,,,5404,2715,2689,646,312,334,4539,2255,2284,3403,1758,1645,4388,2181,2207,4282,2116,2166,1136,497,639,534,204,330,205,60,145,10,2,8,52,32,20,2644,2639,1240,620,412,243,80,28,16,1358,1190,168,208,780,221,238,177
56400351,0,,,862,449,413,100,56,44,722,368,354,508,278,230,690,349,341,674,341,333,214,90,124,97,38,59,29,11,18,3,0,3,15,8,7,400,400,180,97,54,37,21,6,5,214,176,38,31,148,37,42,34
56400352,0,,,484,230,254,48,23,25,428,203,225,268,128,140,416,201,215,403,196,207,160,75,85,69,33,36,21,8,13,0,0,0,0,0,0,174,174,37,51,30,36,13,5,2,136,105,31,9,96,1,11,28
56400353,0,,,393,188,205,35,19,16,358,169,189,212,106,106,351,168,183,342,161,181,146,63,83,57,17,40,28,7,21,1,0,1,1,0,1,119,119,16,27,31,21,13,5,6,103,60,43,10,93,0,11,14
56400354,0,,,2887,1402,1485,274,157,117,2601,1236,1365,1726,801,925,2531,1200,1331,2480,1166,1314,875,435,440,323,152,171,87,38,49,6,2,4,5,0,5,1107,1106,152,448,294,139,50,14,9,949,828,121,63,580,3,82,224
56400355,0,,,1342,639,703,223,113,110,1118,525,593,879,406,473,1048,485,563,1009,460,549,239,119,120,84,39,45,26,10,16,1,0,1,9,3,6,471,471,67,148,114,91,37,10,4,403,362,41,43,163,0,31,57
56400356,0,,,43,19,24,5,1,4,38,18,20,20,11,9,38,18,20,37,18,19,18,7,11,5,2,3,4,1,3,1,0,1,1,0,1,11,11,0,3,3,1,2,1,1,11,4,7,1,8,0,0,1
56400357,0,,,53,24,29,5,3,2,48,21,27,26,13,13,47,20,27,47,20,27,22,8,14,12,4,8,5,1,4,0,0,0,0,0,0,15,15,2,5,3,1,1,0,3,13,7,6,1,15,0,2,1
56400358,0,,,85,42,43,16,9,7,69,33,36,45,25,20,65,30,35,65,30,35,24,8,16,12,3,9,3,0,3,0,0,0,0,0,0,23,23,4,4,3,5,2,3,2,19,9,10,4,17,0,2,1
56400359,0,,,39,21,18,1,0,1,38,21,17,19,11,8,38,21,17,37,21,16,19,10,9,9,5,4,4,2,2,0,0,0,0,0,0,13,13,2,5,1,2,2,1,0,11,5,6,1,11,0,1,3
56400360,0,,,5369,2654,2715,550,297,253,4598,2227,2371,3237,1657,1580,4475,2156,2319,4384,2101,2283,1361,570,791,631,232,399,236,67,169,10,5,5,64,24,40,2755,2754,1353,711,365,236,52,28,9,1377,1219,158,166,950,174,337,232
56400361,0,,,4486,2258,2228,484,249,235,3797,1879,1918,2777,1423,1354,3679,1822,1857,3593,1769,1824,1020,456,564,461,178,283,145,40,105,10,2,8,95,21,74,2274,2272,1132,526,311,210,70,16,7,1115,970,145,154,693,251,194,182
56400362,0,,,1576,802,774,179,93,86,1343,678,665,874,471,403,1308,662,646,1267,634,633,469,207,262,232,91,141,59,20,39,3,0,3,3,2,1,677,676,251,184,105,84,32,14,6,416,343,73,46,320,29,90,89
56400363,0,,,303,108,195,9,5,4,294,103,191,96,48,48,289,100,189,286,98,188,198,55,143,157,35,122,93,14,79,24,3,21,0,0,0,64,62,12,22,10,11,4,2,1,50,33,17,2,48,0,9,10
56400364,0,,,2460,1183,1277,405,197,208,2051,982,1069,1746,862,884,1868,884,984,1784,839,945,305,120,185,130,55,75,31,9,22,2,1,1,8,4,4,797,797,82,199,220,198,70,20,8,707,622,85,54,202,0,25,50
56400365,0,,,802,354,448,141,75,66,660,278,382,461,218,243,611,255,356,592,248,344,199,60,139,144,36,108,84,13,71,10,2,8,0,0,0,234,230,33,54,52,62,19,9,1,195,169,26,18,72,0,15,15
56400366,0,,,14,7,7,0,0,0,14,7,7,10,5,5,14,7,7,14,7,7,4,2,2,3,2,1,0,0,0,0,0,0,0,0,0,8,8,4,2,2,0,0,0,0,4,4,0,0,2,0,0,1
56400367,0,,,32,15,17,2,2,0,30,13,17,20,9,11,30,13,17,30,13,17,10,4,6,8,3,5,4,2,2,0,0,0,0,0,0,10,10,1,4,2,1,0,1,1,9,7,2,0,6,0,0,1
56400368,0,,,54,24,30,10,6,4,44,18,26,27,12,15,41,17,24,40,17,23,17,6,11,10,2,8,0,0,0,0,0,0,0,0,0,14,14,2,3,0,3,3,2,1,12,3,9,2,13,0,1,0
56400369,0,,,150,80,70,22,11,11,128,69,59,87,47,40,124,66,58,120,64,56,41,22,19,17,9,8,4,2,2,0,0,0,0,0,0,49,49,8,17,7,9,2,2,4,41,30,11,4,27,0,4,6
56400370,0,,,4873,2495,2378,389,202,187,4243,2129,2114,2871,1573,1298,4161,2096,2065,4078,2051,2027,1372,556,816,739,271,468,257,86,171,17,2,15,54,20,34,2819,2816,1667,637,276,164,53,12,7,1133,990,143,132,959,301,380,231
56400371,0,,,3187,1575,1612,355,168,187,2686,1315,1371,2044,1042,1002,2598,1278,1320,2537,1248,1289,642,273,369,293,117,176,82,28,54,5,1,4,40,21,19,1633,1633,801,408,212,153,40,12,7,809,730,79,94,445,168,135,127
56400372,0,,,3050,1514,1536,417,213,204,2547,1253,1294,1815,931,884,2447,1207,1240,2386,1170,1216,732,322,410,393,152,241,154,52,102,14,2,12,14,5,9,1276,1269,485,303,217,184,55,16,9,770,683,87,113,421,68,121,101
56400373,0,,,1297,612,685,142,77,65,1152,534,618,662,321,341,1117,519,598,1098,510,588,490,213,277,265,97,168,84,28,56,9,1,8,4,1,3,453,452,69,165,101,71,32,9,5,381,326,55,40,278,1,44,94
56400374,0,,,133,65,68,11,4,7,122,61,61,78,41,37,119,59,60,115,56,59,44,20,24,17,5,12,2,0,2,0,0,0,0,0,0,45,45,8,16,8,3,6,1,3,37,21,16,2,31,0,5,8
56400375,0,,,77,34,43,10,3,7,67,31,36,44,22,22,66,30,36,66,30,36,23,9,14,11,3,8,4,0,4,0,0,0,0,0,0,19,19,1,2,3,7,2,3,1,18,8,10,1,16,0,1,2
56400376,0,,,225,114,111,22,14,8,203,100,103,110,60,50,196,96,100,191,93,98,93,40,53,36,12,24,17,3,14,2,0,2,0,0,0,62,62,4,21,9,8,9,5,6,58,34,24,2,53,0,4,10
56400377,0,,,33,15,18,0,0,0,33,15,18,18,9,9,31,14,17,30,14,16,15,6,9,9,3,6,5,2,3,0,0,0,0,0,0,10,10,1,2,2,3,2,0,0,9,5,4,0,10,0,1,2
56400378,0,,,57,26,31,2,0,2,55,26,29,28,11,17,54,26,28,54,26,28,27,15,12,14,6,8,7,3,4,2,0,2,0,0,0,22,22,6,6,4,3,3,0,0,16,11,5,1,18,0,5,4
56400379,0,,,105,51,54,13,4,9,92,47,45,54,27,27,91,46,45,91,46,45,38,20,18,19,9,10,12,6,6,1,0,1,0,0,0,34,34,4,11,6,8,3,1,1,30,17,13,2,22,0,3,5
56400380,0,,,6393,3178,3215,615,324,291,5442,2673,2769,3862,2034,1828,5299,2595,2704,5213,2549,2664,1580,639,941,808,273,535,313,90,223,29,5,24,71,36,35,3468,3465,1959,737,384,271,75,23,16,1480,1280,200,181,1104,355,432,208
56400381,0,,,2743,1403,1340,244,115,129,2266,1150,1116,1738,921,817,2226,1132,1094,2196,1118,1078,528,229,299,237,94,143,66,25,41,3,1,2,81,46,35,1547,1543,902,334,181,80,30,9,7,618,545,73,98,393,142,148,91
56400382,0,,,1020,518,502,127,66,61,809,400,409,658,326,332,792,391,401,779,384,395,151,74,77,64,28,36,19,9,10,1,0,1,8,4,4,508,508,251,124,60,43,17,8,5,248,212,36,59,109,51,37,22
56400383,0,,,256,122,134,26,17,9,230,105,125,122,59,63,221,100,121,214,97,117,108,46,62,51,17,34,20,6,14,2,0,2,0,0,0,83,83,12,30,12,13,5,6,5,71,48,23,3,66,0,12,11
56400384,0,,,129,64,65,5,2,3,123,61,62,69,36,33,122,60,62,122,60,62,54,25,29,28,14,14,11,5,6,0,0,0,1,0,1,48,48,13,14,8,7,4,0,2,35,23,12,1,38,0,8,5
56400385,0,,,162,82,80,17,7,10,145,75,70,81,42,39,138,73,65,134,71,63,64,33,31,28,13,15,8,2,6,0,0,0,1,0,1,47,47,5,12,10,7,8,0,5,42,19,23,5,41,0,4,6
56400386,0,,,120,59,61,16,7,9,104,52,52,62,31,31,101,50,51,100,49,51,42,21,21,20,7,13,14,5,9,2,0,2,0,0,0,34,34,4,7,8,7,2,4,2,30,14,16,5,29,0,4,5
56400387,0,,,76,39,37,8,4,4,68,35,33,48,21,27,65,34,31,64,33,31,20,14,6,10,6,4,4,3,1,0,0,0,1,0,1,21,21,1,4,4,7,3,2,0,20,10,10,4,15,0,1,2
56400389,0,,,49,30,19,3,2,1,46,28,18,30,18,12,46,28,18,44,27,17,16,10,6,11,6,5,3,2,1,1,1,0,1,0,1,15,15,4,2,3,1,2,3,0,11,5,6,0,11,0,3,0
56400390,0,,,4364,2169,2195,514,256,258,3674,1792,1882,2591,1332,1259,3578,1745,1833,3509,1704,1805,1083,460,623,556,200,356,215,70,145,13,4,9,59,22,37,2169,2164,1075,489,287,220,68,16,9,1069,915,154,163,728,271,223,168
56400391,0,,,4617,2262,2355,553,292,261,3917,1884,2033,2848,1405,1443,3794,1826,1968,3716,1785,1931,1069,479,590,465,186,279,148,49,99,6,1,5,49,32,17,2065,2061,778,572,330,277,69,25,10,1235,1073,162,206,733,101,223,169
56400392,0,,,1770,902,868,294,159,135,1408,698,710,1133,573,560,1355,673,682,1328,656,672,275,125,150,97,37,60,29,10,19,1,0,1,11,7,4,717,717,228,178,143,107,44,12,5,473,407,66,100,189,50,38,45
56400393,0,,,340,176,164,37,21,16,303,155,148,190,98,92,296,153,143,289,149,140,113,57,56,45,18,27,14,5,9,0,0,0,1,1,0,121,121,20,37,26,27,7,3,1,99,80,19,14,73,0,11,19
56400394,0,,,1246,616,630,95,49,46,1149,565,584,619,315,304,1124,553,571,1116,547,569,530,250,280,202,88,114,53,19,34,5,2,3,5,0,5,491,490,105,179,117,51,16,13,9,384,310,74,24,353,0,81,97
56400395,0,,,125,66,59,9,6,3,116,60,56,63,36,27,113,59,54,112,58,54,53,24,29,33,12,21,14,4,10,2,0,2,0,0,0,40,40,3,12,11,8,4,1,1,37,20,17,2,31,0,2,6
56400396,0,,,122,61,61,9,3,6,111,56,55,66,35,31,108,53,55,108,53,55,45,21,24,18,6,12,6,2,4,0,0,0,0,0,0,41,41,9,12,7,4,4,3,2,32,21,11,3,28,0,5,4
56400397,0,,,60,27,33,6,2,4,54,25,29,34,15,19,52,25,27,50,23,27,20,10,10,9,4,5,5,2,3,2,1,1,0,0,0,14,14,0,2,5,2,2,1,2,14,6,8,3,10,0,0,0
56400398,0,,,30,15,15,6,3,3,24,12,12,14,7,7,24,12,12,24,12,12,10,5,5,6,3,3,3,1,2,0,0,0,0,0,0,7,7,0,2,1,0,2,1,1,7,4,3,1,5,0,0,1
56400399,0,,,94,52,42,8,5,3,86,47,39,49,27,22,79,44,35,78,44,34,37,20,17,21,11,10,9,4,5,0,0,0,2,0,2,29,29,1,8,11,3,4,2,0,28,15,13,2,22,0,0,4
56400400,0,,,105,55,50,10,4,6,95,51,44,58,34,24,91,48,43,88,46,42,37,17,20,17,7,10,6,3,3,1,1,0,0,0,0,26,26,2,5,8,1,1,4,5,24,11,13,1,21,0,1,3
56400401,2,56400402,,1,1,0,*,*,*,*,*,*,*,*,*,*,*,*,*,*,*,*,*,*,*,*,*,*,*,*,*,*,*,*,*,*,1,1,*,*,*,*,*,*,*,*,*,*,*,*,*,*,*
56400402,1,,56400401,40,23,17,0,0,0,41,24,17,24,17,7,41,24,17,41,24,17,17,7,10,10,2,8,5,1,4,0,0,0,0,0,0,18,18,6,7,3,3,0,0,0,13,11,2,0,13,0,3,0
56400403,0,,,18,9,9,2,1,1,16,8,8,11,6,5,16,8,8,16,8,8,5,2,3,3,1,2,0,0,0,0,0,0,0,0,0,6,6,1,1,2,1,1,0,0,5,2,3,0,4,0,1,0
56400404,0,,,84,47,37,4,3,1,80,44,36,41,22,19,79,44,35,79,44,35,39,22,17,16,9,7,8,3,5,0,0,0,1,0,1,32,32,7,10,9,1,4,1,0,25,14,11,2,25,0,5,4
56400405,0,,,152,71,81,15,10,5,136,60,76,84,40,44,131,58,73,126,55,71,52,20,32,22,7,15,10,2,8,1,0,1,0,0,0,43,43,2,15,11,4,4,2,5,40,25,15,3,31,0,0,7
56400406,0,,,29,16,13,9,6,3,20,10,10,14,6,8,19,10,9,19,10,9,6,4,2,1,1,0,0,0,0,0,0,0,0,0,0,8,8,1,3,0,1,2,0,1,7,6,1,3,4,0,1,2
56400407,0,,,16,10,6,0,0,0,16,10,6,9,7,2,16,10,6,16,10,6,7,3,4,3,0,3,2,0,2,0,0,0,0,0,0,5,5,1,0,2,1,1,0,0,4,2,2,0,4,0,0,0
56400408,1,,56400409,12,5,7,4,1,3,9,5,4,6,2,4,9,5,4,9,5,4,3,3,0,0,0,0,0,0,0,0,0,0,0,0,0,4,4,1,3,0,0,0,1,0,4,4,0,1,3,0,1,2
56400409,2,56400408,,1,1,0,*,*,*,*,*,*,*,*,*,*,*,*,*,*,*,*,*,*,*,*,*,*,*,*,*,*,*,*,*,*,1,1,*,*,*,*,*,*,*,*,*,*,*,*,*,*,*
56400410,0,,,78,40,38,5,2,3,73,38,35,33,22,11,72,37,35,69,34,35,40,16,24,19,4,15,7,1,6,1,0,1,0,0,0,24,24,2,8,5,4,2,2,1,22,11,11,1,23,0,2,1
56400411,0,,,11,7,4,0,0,0,11,7,4,4,4,0,11,7,4,11,7,4,7,3,4,2,2,0,0,0,0,0,0,0,0,0,0,4,4,1,1,1,0,1,0,0,3,2,1,0,3,0,0,1
56400412,0,,,15,8,7,0,0,0,15,8,7,5,3,2,15,8,7,15,8,7,10,5,5,7,2,5,4,0,4,0,0,0,0,0,0,9,9,5,3,0,1,0,0,0,4,2,2,0,9,0,5,1
56400413,0,,,11,6,5,0,0,0,11,6,5,9,5,4,11,6,5,11,6,5,2,1,1,1,0,1,1,0,1,0,0,0,0,0,0,4,4,1,1,1,0,1,0,0,3,2,1,0,2,0,0,0
56400414,0,,,158,85,73,16,6,10,142,79,63,86,51,35,135,73,62,131,69,62,56,28,28,26,11,15,9,3,6,0,0,0,1,0,1,51,51,7,19,8,5,7,3,2,44,31,13,3,36,0,5,11
56400415,0,,,60,28,32,2,1,1,58,27,31,32,14,18,55,27,28,54,26,28,26,13,13,12,5,7,5,3,2,2,1,1,0,0,0,19,19,2,6,6,1,2,1,1,17,11,6,1,15,0,2,4
56400416,0,,,22,10,12,6,2,4,16,8,8,8,5,3,16,8,8,16,8,8,8,3,5,4,2,2,1,0,1,0,0,0,0,0,0,6,6,2,1,1,0,0,0,2,4,2,2,2,5,0,1,0
56400420,0,,,123,56,67,20,7,13,103,49,54,67,32,35,99,47,52,96,45,51,36,17,19,18,8,10,8,4,4,0,0,0,1,1,0,34,34,4,10,3,9,1,3,4,30,16,14,5,28,1,2,2
56400421,0,,,91,42,49,3,2,1,88,40,48,47,22,25,87,39,48,87,39,48,41,18,23,25,9,16,15,5,10,2,0,2,0,0,0,33,33,6,14,5,2,3,2,1,27,18,9,2,26,0,4,4
56400422,0,,,48,25,23,2,1,1,46,24,22,23,15,8,44,23,21,44,23,21,23,9,14,8,5,3,1,0,1,0,0,0,2,1,1,17,17,4,3,4,4,2,0,0,13,10,3,0,15,0,4,1
56400423,1,,56400433,52,30,22,6,4,2,55,32,23,32,20,12,51,29,22,50,29,21,23,12,11,12,6,6,4,2,2,1,1,0,0,0,0,16,16,4,3,3,2,2,4,0,14,7,7,1,15,0,2,1
56400424,0,,,78,36,42,11,5,6,67,31,36,42,22,20,66,31,35,65,31,34,25,9,16,13,2,11,3,0,3,0,0,0,0,0,0,25,25,5,6,7,2,2,1,2,20,13,7,3,19,0,5,2
56400425,1,,56400435;56400436,13,6,7,5,1,4,20,10,10,12,7,5,20,10,10,20,10,10,8,3,5,5,1,4,3,0,3,0,0,0,0,0,0,4,4,2,3,0,1,1,0,1,6,3,3,2,6,0,2,2
56400428,0,,,20,9,11,3,2,1,17,7,10,9,3,6,17,7,10,17,7,10,8,4,4,3,1,2,0,0,0,0,0,0,0,0,0,7,7,1,4,0,0,1,1,0,6,4,2,1,6,0,1,2
56400429,0,,,61,31,30,4,2,2,57,29,28,34,21,13,55,28,27,54,27,27,23,8,15,17,5,12,2,0,2,1,0,1,0,0,0,18,18,3,5,2,3,2,2,1,15,5,10,0,17,0,2,2
56400430,0,,,81,41,40,8,3,5,73,38,35,36,22,14,71,36,35,71,36,35,37,16,21,19,7,12,6,3,3,0,0,0,0,0,0,32,32,6,14,8,1,1,0,2,25,19,6,0,25,0,5,7
56400431,0,,,185,97,88,14,7,7,170,89,81,90,53,37,167,88,79,166,87,79,80,36,44,44,15,29,17,5,12,3,2,1,0,0,0,67,67,12,18,23,7,3,3,1,55,30,25,3,57,0,9,9
56400432,1,,56400443,152,80,72,17,6,11,141,77,64,68,36,32,140,77,63,139,76,63,73,41,32,39,20,19,21,12,9,1,1,0,1,0,1,55,55,9,18,15,8,3,0,3,47,32,15,4,44,0,7,10
56400433,2,56400423,,9,6,3,*,*,*,*,*,*,*,*,*,*,*,*,*,*,*,*,*,*,*,*,*,*,*,*,*,*,*,*,*,*,2,2,*,*,*,*,*,*,*,*,*,*,*,*,*,*,*
56400435,2,56400425,,11,5,6,*,*,*,*,*,*,*,*,*,*,*,*,*,*,*,*,*,*,*,*,*,*,*,*,*,*,*,*,*,*,3,3,*,*,*,*,*,*,*,*,*,*,*,*,*,*,*
56400436,2,56400425,,1,0,1,*,*,*,*,*,*,*,*,*,*,*,*,*,*,*,*,*,*,*,*,*,*,*,*,*,*,*,*,*,*,1,1,*,*,*,*,*,*,*,*,*,*,*,*,*,*,*
56400437,0,,,62,30,32,5,0,5,57,30,27,34,21,13,55,29,26,54,28,26,23,9,14,14,4,10,4,1,3,1,0,1,0,0,0,19,19,5,4,3,1,3,2,1,14,5,9,1,18,0,5,3
56400438,0,,,220,111,109,15,10,5,205,101,104,112,62,50,205,101,104,202,100,102,93,39,54,60,21,39,16,4,12,2,1,1,0,0,0,63,63,11,12,10,11,9,5,5,52,22,30,4,56,0,10,5
56400439,0,,,95,48,47,14,7,7,81,41,40,44,25,19,81,41,40,79,39,40,37,16,21,15,6,9,7,3,4,0,0,0,0,0,0,25,25,1,6,5,6,2,3,2,24,14,10,2,20,0,1,5
56400440,0,,,100,55,45,11,6,5,89,49,40,45,28,17,89,49,40,88,48,40,44,21,23,34,16,18,9,3,6,0,0,0,0,0,0,35,35,7,12,4,7,1,4,0,28,19,9,1,28,0,6,6
56400441,0,,,47,23,24,2,2,0,45,21,24,24,11,13,44,21,23,43,20,23,21,10,11,12,5,7,7,2,5,1,0,1,2,1,1,17,17,3,5,4,3,2,0,0,14,10,4,1,13,0,2,3
56400442,0,,,88,41,47,4,0,4,84,41,43,45,23,22,84,41,43,82,41,41,39,18,21,22,9,13,9,3,6,0,0,0,0,0,0,29,29,1,13,4,7,3,1,0,28,18,10,2,23,0,0,5
56400443,2,56400432,,7,4,3,*,*,*,*,*,*,*,*,*,*,*,*,*,*,*,*,*,*,*,*,*,*,*,*,*,*,*,*,*,*,1,1,*,*,*,*,*,*,*,*,*,*,*,*,*,*,*
56400446,0,,,22,13,9,0,0,0,22,13,9,8,5,3,22,13,9,22,13,9,14,8,6,7,4,3,0,0,0,0,0,0,0,0,0,10,10,2,4,4,0,0,0,0,8,7,1,0,9,0,2,4
56400447,0,,,60,29,31,3,1,2,57,28,29,26,13,13,57,28,29,56,28,28,31,15,16,17,8,9,8,4,4,2,1,1,0,0,0,19,19,2,6,4,4,1,1,1,17,9,8,1,17,0,1,4
56400448,0,,,40,19,21,1,0,1,39,19,20,24,12,12,38,18,20,38,18,20,15,7,8,8,3,5,6,2,4,0,0,0,0,0,0,14,14,3,6,0,2,1,2,0,11,7,4,1,11,0,2,3
56400449,1,,56400459,81,39,42,3,1,2,87,43,44,46,22,24,84,42,42,83,42,41,41,21,20,22,11,11,10,5,5,1,0,1,0,0,0,24,24,3,6,8,4,3,2,1,24,11,13,1,24,0,2,3
56400450,0,,,146,72,74,15,5,10,131,67,64,82,45,37,127,65,62,123,63,60,49,22,27,29,10,19,10,3,7,1,0,1,1,0,1,44,44,5,14,7,7,4,5,2,39,23,16,2,34,0,3,6
56400451,0,,,101,53,48,2,1,1,99,52,47,50,27,23,98,52,46,96,51,45,49,25,24,24,12,12,9,5,4,2,1,1,0,0,0,33,33,3,14,5,6,1,2,2,30,21,9,1,29,0,3,9
56400452,0,,,67,37,30,3,2,1,64,35,29,40,24,16,60,32,28,58,30,28,24,11,13,14,7,7,7,2,5,0,0,0,0,0,0,19,19,2,5,3,2,4,3,0,17,9,8,1,15,0,1,4
56400453,2,56400463,,12,8,4,*,*,*,*,*,*,*,*,*,*,*,*,*,*,*,*,*,*,*,*,*,*,*,*,*,*,*,*,*,*,3,3,*,*,*,*,*,*,*,*,*,*,*,*,*,*,*
56400454,2,56400463,,3,1,2,*,*,*,*,*,*,*,*,*,*,*,*,*,*,*,*,*,*,*,*,*,*,*,*,*,*,*,*,*,*,1,1,*,*,*,*,*,*,*,*,*,*,*,*,*,*,*
56400455,0,,,36,18,18,2,1,1,34,17,17,21,13,8,33,17,16,31,15,16,13,4,9,10,3,7,3,1,2,0,0,0,0,0,0,10,10,0,2,2,4,2,0,0,10,3,7,1,8,0,0,1
56400456,0,,,41,23,18,2,1,1,39,22,17,19,12,7,38,21,17,38,21,17,20,10,10,11,6,5,1,0,1,0,0,0,0,0,0,13,13,2,4,3,0,2,2,0,11,7,4,1,11,0,2,3
56400457,0,,,71,35,36,8,3,5,63,32,31,23,13,10,62,32,30,61,31,30,40,19,21,17,4,13,9,3,6,2,1,1,0,0,0,25,25,5,7,7,2,2,1,1,19,11,8,4,23,0,5,3
56400459,2,56400449,,9,5,4,*,*,*,*,*,*,*,*,*,*,*,*,*,*,*,*,*,*,*,*,*,*,*,*,*,*,*,*,*,*,3,3,*,*,*,*,*,*,*,*,*,*,*,*,*,*,*
56400460,0,,,55,29,26,1,1,0,54,28,26,24,14,10,54,28,26,54,28,26,30,14,16,19,8,11,7,2,5,0,0,0,0,0,0,20,20,4,5,6,3,1,1,0,16,12,4,1,18,0,3,2
56400461,0,,,83,40,43,2,2,0,81,38,43,43,18,25,79,38,41,79,38,41,38,20,18,22,10,12,9,5,4,0,0,0,0,0,0,33,33,9,11,5,4,3,1,0,24,17,7,0,26,0,7,6
56400462,0,,,70,38,32,1,0,1,69,38,31,38,23,15,69,38,31,69,38,31,31,15,16,17,9,8,6,2,4,0,0,0,0,0,0,28,28,9,9,3,3,3,0,1,19,13,6,1,23,0,5,6
56400463,1,,56400453;56400454,35,19,16,7,5,2,43,23,20,24,14,10,42,22,20,42,22,20,19,9,10,12,6,6,6,3,3,0,0,0,0,0,0,8,8,0,3,4,1,1,1,2,12,6,6,1,11,0,0,1
56400464,0,,,182,97,85,25,13,12,157,84,73,97,50,47,155,84,71,151,82,69,60,34,26,30,14,16,11,6,5,1,1,0,0,0,0,47,47,6,9,6,8,7,5,6,40,17,23,7,41,0,4,4
56400465,0,,,133,65,68,12,5,7,121,60,61,77,40,37,116,57,59,112,55,57,44,20,24,26,8,18,9,1,8,3,0,3,2,0,2,33,33,2,7,7,6,1,6,4,31,11,20,2,27,0,1,3
56400466,0,,,81,39,42,12,3,9,69,36,33,38,20,18,67,34,33,67,34,33,31,16,15,13,5,8,8,3,5,0,0,0,0,0,0,24,24,3,10,3,1,1,3,3,21,12,9,0,19,0,2,6
56400467,0,,,199,94,105,12,5,7,187,89,98,107,55,52,187,89,98,185,88,97,80,34,46,49,18,31,19,7,12,0,0,0,1,0,1,63,63,10,15,14,10,9,3,2,53,27,26,4,53,0,8,5
56400468,0,,,49,26,23,3,0,3,46,26,20,26,15,11,44,24,20,42,23,19,20,11,9,10,5,5,9,5,4,0,0,0,0,0,0,16,16,3,3,4,4,1,0,1,13,8,5,1,12,0,2,2
56400469,0,,,26,15,11,0,0,0,26,15,11,14,10,4,24,13,11,23,12,11,12,5,7,5,3,2,0,0,0,0,0,0,0,0,0,11,11,3,3,4,0,1,0,0,8,7,1,0,7,0,2,3
56400470,0,,,90,47,43,11,4,7,79,43,36,51,26,25,75,41,34,74,41,33,28,17,11,14,6,8,3,1,2,0,0,0,1,0,1,24,24,4,6,2,4,4,0,4,20,10,10,2,19,0,4,1
56400471,0,,,12,7,5,0,0,0,12,7,5,5,2,3,12,7,5,12,7,5,7,5,2,3,2,1,2,1,1,0,0,0,0,0,0,7,7,3,3,1,0,0,0,0,4,4,0,0,6,0,3,1
56400472,0,,,51,27,24,7,4,3,44,23,21,25,13,12,44,23,21,44,23,21,19,10,9,11,4,7,5,2,3,0,0,0,0,0,0,14,14,2,2,3,4,0,1,2,12,6,6,3,13,0,2,1
56400473,0,,,82,39,43,4,1,3,78,38,40,46,23,23,73,35,38,71,34,37,32,15,17,12,5,7,8,3,5,1,1,0,1,0,1,24,24,1,10,5,2,2,1,3,23,15,8,0,19,0,0,3
56400474,0,,,106,58,48,5,3,2,101,55,46,59,32,27,96,52,44,92,50,42,42,23,19,26,13,13,9,4,5,0,0,0,0,0,0,32,32,6,7,4,8,3,2,2,26,12,14,2,26,0,3,3
56400475,0,,,242,125,117,32,17,15,210,108,102,132,74,58,205,105,100,201,103,98,78,34,44,51,19,32,12,3,9,2,0,2,0,0,0,58,58,4,13,7,7,8,14,5,53,23,30,8,47,0,4,7
56400476,0,,,102,53,49,11,7,4,91,46,45,51,29,22,87,45,42,87,45,42,40,17,23,19,6,13,6,1,5,1,1,0,0,0,0,30,30,4,9,3,7,1,4,2,26,14,12,1,24,0,4,5
56400477,0,,,101,48,53,8,4,4,93,44,49,52,27,25,92,44,48,92,44,48,41,17,24,20,7,13,9,2,7,0,0,0,2,0,2,38,38,10,10,7,7,2,2,0,28,16,12,3,30,0,8,4
56400478,0,,,128,61,67,11,7,4,117,54,63,62,25,37,113,54,59,112,54,58,55,29,26,28,12,16,7,2,5,2,1,1,2,0,2,43,43,8,14,9,4,1,5,2,35,20,15,4,36,0,6,11
56400479,0,,,207,101,106,6,3,3,201,98,103,102,49,53,198,96,102,197,95,102,99,49,50,51,22,29,20,8,12,0,0,0,12,0,12,87,87,27,22,22,11,4,1,0,60,38,22,0,63,0,11,11
56400480,0,,,36,20,16,3,2,1,33,18,15,17,10,7,32,17,15,31,16,15,16,8,8,7,3,4,0,0,0,0,0,0,0,0,0,11,11,2,3,2,1,2,0,1,9,5,4,0,9,0,1,2
56400481,0,,,38,19,19,5,5,0,33,14,19,22,9,13,31,14,17,31,14,17,11,5,6,3,0,3,2,0,2,1,0,1,1,0,1,12,12,3,4,1,0,1,2,1,9,5,4,3,9,0,3,2
56400482,0,,,57,29,28,4,2,2,53,27,26,30,15,15,51,26,25,50,26,24,23,12,11,8,3,5,1,1,0,0,0,0,0,0,0,20,20,4,5,6,3,0,1,1,16,12,4,2,17,0,3,3
56400483,0,,,68,38,30,4,3,1,64,35,29,30,17,13,62,34,28,61,33,28,34,18,16,20,8,12,9,3,6,2,1,1,0,0,0,26,26,6,9,7,2,0,0,2,20,13,7,0,21,0,4,4
56400484,0,,,170,85,85,22,11,11,148,74,74,88,46,42,142,69,73,140,67,73,60,28,32,23,9,14,7,3,4,0,0,0,1,1,0,53,53,10,16,7,8,3,5,4,43,23,20,5,42,0,8,11
56400485,0,,,93,46,47,6,3,3,87,43,44,47,27,20,85,42,43,85,42,43,40,16,24,20,5,15,9,3,6,1,0,1,0,0,0,31,31,7,4,11,3,4,1,1,24,11,13,3,24,0,4,2
56400486,0,,,43,25,18,5,2,3,37,23,14,29,18,11,37,23,14,35,21,14,8,5,3,2,1,1,1,1,0,0,0,0,0,0,0,13,13,3,1,3,3,1,2,0,10,5,5,1,6,0,2,0
56400487,0,,,157,74,83,23,8,15,134,66,68,86,44,42,131,63,68,127,61,66,48,22,26,28,12,16,14,6,8,0,0,0,0,0,0,43,43,6,10,9,7,3,4,4,37,17,20,4,32,0,6,3
56400488,0,,,94,52,42,17,13,4,77,39,38,42,22,20,73,37,36,72,37,35,35,17,18,21,10,11,6,3,3,0,0,0,0,0,0,24,24,2,7,4,3,3,3,2,21,10,11,2,21,0,1,3
56400489,0,,,244,120,124,11,2,9,233,118,115,128,70,58,226,115,111,223,112,111,105,48,57,48,18,30,21,8,13,1,0,1,1,0,1,79,79,14,20,16,18,3,5,3,65,35,30,2,69,0,10,12
56400490,0,,,20,7,13,1,0,1,19,7,12,12,4,8,19,7,12,19,7,12,7,3,4,3,2,1,0,0,0,0,0,0,0,0,0,7,7,1,1,4,0,1,0,0,6,5,1,1,5,0,1,0
56400491,0,,,85,41,44,11,7,4,74,34,40,44,21,23,73,34,39,72,33,39,30,13,17,13,2,11,6,1,5,0,0,0,0,0,0,28,28,3,11,4,3,6,1,0,25,18,7,2,22,0,2,5
56400492,0,,,107,55,52,5,4,1,102,51,51,57,31,26,99,48,51,98,47,51,45,20,25,17,6,11,11,5,6,0,0,0,0,0,0,35,35,6,11,4,7,4,2,1,29,15,14,1,28,0,3,3
56400493,0,,,154,75,79,16,8,8,138,67,71,82,39,43,138,67,71,136,67,69,56,28,28,23,8,15,10,3,7,1,0,1,1,0,1,46,46,5,12,13,4,7,1,4,41,23,18,6,34,0,2,5
56400494,0,,,51,27,24,5,4,1,46,23,23,27,15,12,46,23,23,45,22,23,19,8,11,10,4,6,4,2,2,0,0,0,0,0,0,16,16,4,3,4,1,2,1,1,12,6,6,2,14,0,3,1
56400495,0,,,44,21,23,4,1,3,40,20,20,20,10,10,39,20,19,37,19,18,20,10,10,17,8,9,2,0,2,1,0,1,0,0,0,17,17,5,5,2,3,1,1,0,12,7,5,1,12,0,3,4
56400496,0,,,103,55,48,8,6,2,95,49,46,54,29,25,93,48,45,91,47,44,41,20,21,21,9,12,11,5,6,0,0,0,0,0,0,32,32,4,9,6,9,1,1,2,28,15,13,2,24,0,1,6
56400497,0,,,78,36,42,4,1,3,74,35,39,40,21,19,69,32,37,69,32,37,34,14,20,14,4,10,5,1,4,0,0,0,0,0,0,26,26,2,9,5,8,1,1,0,24,15,9,0,21,0,2,5
56400498,0,,,148,72,76,13,5,8,135,67,68,80,42,38,130,65,65,127,62,65,55,25,30,30,11,19,14,4,10,0,0,0,1,0,1,54,54,13,15,13,5,4,2,2,41,27,14,5,37,0,9,5
56400499,0,,,49,24,25,4,3,1,45,21,24,27,14,13,43,20,23,43,20,23,18,7,11,6,1,5,4,1,3,0,0,0,0,0,0,17,17,3,6,3,1,3,1,0,14,10,4,1,13,0,3,4
56400500,0,,,13,7,6,0,0,0,13,7,6,8,5,3,13,7,6,13,7,6,5,2,3,4,1,3,2,1,1,0,0,0,0,0,0,5,5,2,1,0,1,1,0,0,3,1,2,0,4,0,1,0
56400502,0,,,113,54,59,14,8,6,99,46,53,55,30,25,95,43,52,94,42,52,44,16,28,18,7,11,7,1,6,1,0,1,0,0,0,35,35,5,10,7,4,4,4,1,30,20,10,5,28,0,4,7
56400503,0,,,37,13,24,5,1,4,32,12,20,20,9,11,32,12,20,31,12,19,12,3,9,9,2,7,4,1,3,0,0,0,0,0,0,12,12,2,5,1,2,0,0,2,10,6,4,2,9,0,2,2
56400504,2,56400505,,10,3,7,*,*,*,*,*,*,*,*,*,*,*,*,*,*,*,*,*,*,*,*,*,*,*,*,*,*,*,*,*,*,4,4,*,*,*,*,*,*,*,*,*,*,*,*,*,*,*
56400505,1,,56400504,21,8,13,4,2,2,27,9,18,18,5,13,25,9,16,25,9,16,9,4,5,2,0,2,1,0,1,0,0,0,0,0,0,6,6,2,3,3,1,0,0,1,8,5,3,0,6,0,1,1
56400510,0,,,19,11,8,1,1,0,18,10,8,9,5,4,15,8,7,15,8,7,9,5,4,8,4,4,1,1,0,0,0,0,0,0,0,5,5,0,2,1,0,0,2,0,5,3,2,0,5,0,0,1
56400511,0,,,100,53,47,6,3,3,94,50,44,52,31,21,89,46,43,88,46,42,42,19,23,21,7,14,11,3,8,1,1,0,0,0,0,35,35,10,8,8,3,2,1,3,25,13,12,1,25,0,4,4
56400512,0,,,117,53,64,11,6,5,106,47,59,56,25,31,105,47,58,103,46,57,50,22,28,23,8,15,12,2,10,1,0,1,0,0,0,34,34,6,8,5,5,4,3,3,28,13,15,3,28,0,4,7
56400520,0,,,136,66,70,15,7,8,121,59,62,65,30,35,118,58,60,116,58,58,56,29,27,22,8,14,13,5,8,1,0,1,0,0,0,44,44,8,14,11,3,1,2,5,36,21,15,4,35,0,6,6
56400521,0,,,545,249,296,39,21,18,506,228,278,261,130,131,493,222,271,483,214,269,245,98,147,165,56,109,100,32,68,15,3,12,0,0,0,152,151,28,44,25,26,16,8,4,123,79,44,8,98,0,19,17
56400522,0,,,244,110,134,33,13,20,211,97,114,129,61,68,206,95,111,203,95,108,82,36,46,44,18,26,16,6,10,0,0,0,0,0,0,67,67,3,25,9,12,7,2,9,64,35,29,7,50,0,0,13
56400524,1,,56400526,20,10,10,0,0,0,92,79,13,83,75,8,91,78,13,87,74,13,9,4,5,4,1,3,2,1,1,0,0,0,0,0,0,7,7,0,3,3,0,1,0,0,7,4,3,0,6,0,0,3
56400526,2,56400524,,72,69,3,*,*,*,*,*,*,*,*,*,*,*,*,*,*,*,*,*,*,*,*,*,*,*,*,*,*,*,*,*,*,1,0,*,*,*,*,*,*,*,*,*,*,*,*,*,*,*
56400531,0,,,71,32,39,9,4,5,62,28,34,38,20,18,61,28,33,60,27,33,24,8,16,16,4,12,9,2,7,0,0,0,0,0,0,21,21,2,6,4,4,3,0,2,19,7,12,3,18,0,2,2
56400534,1,,56400544,18,8,10,1,0,1,22,11,11,10,5,5,21,11,10,21,11,10,12,6,6,8,3,5,5,1,4,2,1,1,0,0,0,6,6,4,2,3,0,0,1,0,6,2,4,0,10,0,4,0
56400539,2,56400549,,4,2,2,*,*,*,*,*,*,*,*,*,*,*,*,*,*,*,*,*,*,*,*,*,*,*,*,*,*,*,*,*,*,2,2,*,*,*,*,*,*,*,*,*,*,*,*,*,*,*
56400540,0,,,280,145,135,38,13,25,238,128,110,155,88,67,233,124,109,230,123,107,83,40,43,37,16,21,15,5,10,1,0,1,0,0,0,102,101,32,19,21,13,9,1,6,69,50,19,11,46,1,5,10
56400541,0,,,426,203,223,53,27,26,373,176,197,230,113,117,361,171,190,355,167,188,143,63,80,80,32,48,18,6,12,0,0,0,11,0,11,151,151,38,42,23,27,10,5,6,113,79,34,13,97,2,18,20
56400542,0,,,38,19,19,6,4,2,32,15,17,21,10,11,30,14,16,30,14,16,11,5,6,7,3,4,3,2,1,0,0,0,0,0,0,11,11,1,3,3,0,2,2,0,10,5,5,2,7,0,1,2
56400544,2,56400534,,5,3,2,*,*,*,*,*,*,*,*,*,*,*,*,*,*,*,*,*,*,*,*,*,*,*,*,*,*,*,*,*,*,4,4,*,*,*,*,*,*,*,*,*,*,*,*,*,*,*
56400548,0,,,13,7,6,0,0,0,13,7,6,5,2,3,13,7,6,13,7,6,8,5,3,5,2,3,1,0,1,0,0,0,0,0,0,6,6,1,4,0,1,0,0,0,5,4,1,0,5,0,1,2
56400549,1,,56400539,18,10,8,0,0,0,22,12,10,12,6,6,21,12,9,21,12,9,10,6,4,6,3,3,3,1,2,0,0,0,0,0,0,8,8,1,6,3,0,0,0,0,9,7,2,0,8,0,1,2
56400550,0,,,587,278,309,62,33,29,525,245,280,312,159,153,510,238,272,496,233,263,213,86,127,131,51,80,44,16,28,3,0,3,2,0,2,212,212,45,72,33,35,15,5,7,167,124,43,9,143,1,26,36
56400551,0,,,213,108,105,22,12,10,191,96,95,109,59,50,186,93,93,184,91,93,82,37,45,53,19,34,18,6,12,2,0,2,2,0,2,65,65,9,18,17,6,5,3,7,56,32,24,4,51,0,6,11
56400553,1,,56400554,69,35,34,4,1,3,68,36,32,40,22,18,67,36,31,66,36,30,28,14,14,17,6,11,10,4,6,0,0,0,1,0,1,23,23,7,3,6,3,2,2,1,17,11,6,1,18,0,4,2
56400554,2,56400553,,3,2,1,*,*,*,*,*,*,*,*,*,*,*,*,*,*,*,*,*,*,*,*,*,*,*,*,*,*,*,*,*,*,1,1,*,*,*,*,*,*,*,*,*,*,*,*,*,*,*
56400557,2,56400567,,10,5,5,*,*,*,*,*,*,*,*,*,*,*,*,*,*,*,*,*,*,*,*,*,*,*,*,*,*,*,*,*,*,3,3,*,*,*,*,*,*,*,*,*,*,*,*,*,*,*
56400558,2,56400568,,9,4,5,*,*,*,*,*,*,*,*,*,*,*,*,*,*,*,*,*,*,*,*,*,*,*,*,*,*,*,*,*,*,2,2,*,*,*,*,*,*,*,*,*,*,*,*,*,*,*
56400559,0,,,49,23,26,1,1,0,48,22,26,18,7,11,48,22,26,48,22,26,30,15,15,13,7,6,7,3,4,0,0,0,1,0,1,22,22,7,5,9,0,1,0,0,15,11,4,0,19,0,4,4
56400560,0,,,545,265,280,60,30,30,485,235,250,263,128,135,473,228,245,465,223,242,222,107,115,130,54,76,51,21,30,3,2,1,1,1,0,190,190,45,54,35,27,9,10,10,143,85,58,16,137,1,29,32
56400561,0,,,32,15,17,0,0,0,32,15,17,21,10,11,31,15,16,30,15,15,11,5,6,6,2,4,4,2,2,0,0,0,0,0,0,11,11,1,5,2,2,0,0,1,10,8,2,0,6,0,0,2
56400562,2,56400571,,6,3,3,*,*,*,*,*,*,*,*,*,*,*,*,*,*,*,*,*,*,*,*,*,*,*,*,*,*,*,*,*,*,2,2,*,*,*,*,*,*,*,*,*,*,*,*,*,*,*
56400563,0,,,76,36,40,5,3,2,71,33,38,43,22,21,69,32,37,69,32,37,28,11,17,12,4,8,5,1,4,1,1,0,2,0,2,23,23,5,5,3,4,3,1,2,18,9,9,1,19,0,4,2
56400564,0,,,41,21,20,6,3,3,35,18,17,19,10,9,34,18,16,33,18,15,16,8,8,9,5,4,2,1,1,0,0,0,1,0,1,10,10,1,2,2,1,1,1,2,9,4,5,1,10,0,1,1
56400565,2,56400575,,1,1,0,*,*,*,*,*,*,*,*,*,*,*,*,*,*,*,*,*,*,*,*,*,*,*,*,*,*,*,*,*,*,1,1,*,*,*,*,*,*,*,*,*,*,*,*,*,*,*
56400566,0,,,15,8,7,0,0,0,15,8,7,11,6,5,14,7,7,14,7,7,4,2,2,2,1,1,0,0,0,0,0,0,0,0,0,8,8,2,5,1,0,0,0,0,6,6,0,0,3,0,1,1
56400567,1,,56400557,4,2,2,1,0,1,13,7,6,8,5,3,11,6,5,11,6,5,5,2,3,2,1,1,1,0,1,0,0,0,0,0,0,2,2,2,1,1,0,0,0,1,3,2,1,0,3,0,1,1
56400568,1,,56400558;56400578,71,32,39,5,2,3,79,36,43,46,23,23,77,35,42,76,34,42,33,13,20,19,7,12,3,1,2,0,0,0,2,1,1,28,28,3,17,6,3,2,0,1,29,25,4,1,21,0,3,7
56400569,0,,,16,9,7,0,0,0,15,9,6,8,7,1,15,9,6,15,9,6,7,2,5,1,0,1,0,0,0,0,0,0,1,1,0,8,8,4,1,2,1,0,0,0,4,3,1,0,5,0,1,0
56400570,0,,,136,69,67,14,9,5,122,60,62,74,38,36,117,58,59,115,58,57,48,22,26,29,12,17,8,3,5,1,1,0,5,0,5,55,55,20,14,8,6,4,2,1,35,26,9,2,33,0,10,5
56400571,1,,56400562,13,6,7,1,1,0,18,8,10,11,5,6,18,8,10,17,8,9,7,3,4,3,1,2,2,1,1,0,0,0,0,0,0,4,4,2,1,0,1,1,1,0,4,2,2,0,5,0,2,1
56400572,0,,,24,13,11,0,0,0,24,13,11,17,9,8,23,12,11,22,11,11,7,4,3,3,2,1,0,0,0,0,0,0,1,0,1,6,6,0,2,0,1,2,1,0,6,2,4,0,5,0,0,0
56400573,0,,,41,19,22,5,4,1,36,15,21,19,7,12,36,15,21,36,15,21,17,8,9,10,4,6,3,0,3,1,0,1,0,0,0,15,15,4,3,5,1,1,0,1,11,7,4,0,11,0,3,1
56400574,0,,,36,15,21,5,1,4,31,14,17,23,12,11,29,13,16,29,13,16,8,2,6,4,0,4,1,0,1,0,0,0,0,0,0,10,10,3,1,2,1,1,0,2,7,3,4,0,7,0,1,0
56400575,1,,56400565,44,23,21,4,3,1,41,21,20,25,14,11,41,21,20,41,21,20,16,7,9,8,2,6,4,1,3,0,0,0,0,0,0,13,13,3,2,4,2,1,1,1,11,4,7,1,12,0,1,1
56400576,0,,,11,6,5,2,1,1,9,5,4,3,2,1,9,5,4,9,5,4,6,3,3,1,1,0,0,0,0,0,0,0,0,0,0,4,4,1,1,1,0,1,0,0,3,2,1,0,4,0,1,1
56400578,2,56400568,,4,2,2,*,*,*,*,*,*,*,*,*,*,*,*,*,*,*,*,*,*,*,*,*,*,*,*,*,*,*,*,*,*,2,2,*,*,*,*,*,*,*,*,*,*,*,*,*,*,*
56400580,1,,56400590,165,86,79,16,10,6,151,77,74,86,45,41,144,72,72,139,70,69,65,32,33,37,12,25,13,4,9,2,0,2,3,0,3,49,49,5,14,9,10,7,3,2,45,22,23,4,42,0,5,6
56400581,0,,,19,12,7,0,0,0,19,12,7,10,7,3,19,12,7,19,12,7,9,5,4,3,1,2,2,1,1,0,0,0,0,0,0,6,6,1,2,1,0,1,1,0,5,3,2,0,5,0,1,1
56400582,0,,,62,30,32,7,4,3,55,26,29,29,15,14,55,26,29,55,26,29,26,11,15,12,3,9,6,2,4,1,0,1,0,0,0,18,18,2,6,3,2,1,2,2,16,10,6,1,16,0,1,2
56400584,0,,,22,9,13,3,1,2,19,8,11,12,5,7,17,7,10,16,7,9,7,3,4,3,1,2,2,0,2,0,0,0,0,0,0,6,6,1,2,0,0,1,2,0,5,3,2,0,5,0,1,2
56400585,0,,,117,62,55,7,4,3,110,58,52,64,33,31,109,57,52,108,56,52,46,25,21,29,13,16,17,6,11,1,1,0,0,0,0,30,30,1,7,2,11,4,3,2,28,10,18,1,26,0,1,4
56400590,2,56400580,,2,1,1,*,*,*,*,*,*,*,*,*,*,*,*,*,*,*,*,*,*,*,*,*,*,*,*,*,*,*,*,*,*,1,1,*,*,*,*,*,*,*,*,*,*,*,*,*,*,*
56400591,0,,,23,14,9,2,1,1,21,13,8,15,9,6,21,13,8,21,13,8,6,4,2,3,2,1,1,1,0,0,0,0,0,0,0,6,6,2,0,0,2,0,1,1,4,1,3,2,5,0,2,0
56400592,0,,,52,25,27,2,0,2,50,25,25,30,18,12,49,24,25,48,23,25,20,7,13,12,3,9,5,3,2,0,0,0,0,0,0,19,19,4,7,2,3,2,1,0,15,8,7,0,14,0,2,3
56400593,0,,,125,59,66,12,3,9,113,56,57,70,37,33,108,53,55,105,53,52,43,19,24,27,11,16,11,4,7,0,0,0,2,0,2,32,32,2,6,6,7,5,3,3,30,8,22,2,26,0,2,3
56400594,0,,,60,29,31,6,3,3,54,26,28,32,16,16,52,26,26,49,24,25,22,10,12,8,2,6,2,0,2,0,0,0,0,0,0,15,15,1,4,3,2,0,2,3,14,5,9,0,12,0,1,2
56400595,0,,,35,15,20,1,1,0,34,14,20,24,10,14,33,13,20,32,13,19,10,4,6,4,1,3,1,0,1,0,0,0,7,0,7,8,8,1,1,2,0,2,1,1,6,2,4,1,6,0,0,1
56400596,0,,,84,37,47,7,2,5,77,35,42,51,24,27,71,32,39,69,31,38,26,11,15,14,6,8,8,2,6,2,0,2,0,0,0,19,19,0,3,1,7,5,0,3,19,8,11,0,15,0,0,1
56400603,2,56400604,,5,3,2,*,*,*,*,*,*,*,*,*,*,*,*,*,*,*,*,*,*,*,*,*,*,*,*,*,*,*,*,*,*,3,3,*,*,*,*,*,*,*,*,*,*,*,*,*,*,*
56400604,1,,56400603,80,38,42,3,1,2,79,39,40,34,21,13,79,39,40,78,38,40,45,18,27,28,12,16,11,4,7,1,1,0,0,0,0,39,39,12,23,1,6,0,0,0,29,25,4,1,30,0,5,14
56400607,1,,56400609,54,25,29,3,2,1,57,28,29,19,15,4,56,28,28,56,28,28,38,13,25,25,10,15,12,4,8,1,0,1,0,0,0,25,24,9,10,3,2,0,1,0,16,16,0,1,20,0,7,7
56400609,2,56400607,,6,5,1,*,*,*,*,*,*,*,*,*,*,*,*,*,*,*,*,*,*,*,*,*,*,*,*,*,*,*,*,*,*,1,1,*,*,*,*,*,*,*,*,*,*,*,*,*,*,*
56400613,0,,,41,20,21,3,1,2,38,19,19,17,12,5,38,19,19,37,19,18,21,7,14,11,4,7,4,0,4,1,0,1,0,0,0,15,15,4,4,4,1,0,1,1,11,6,5,0,15,0,4,2
56400614,0,,,202,102,100,16,9,7,153,77,76,79,46,33,153,77,76,153,77,76,74,31,43,41,14,27,16,5,11,1,0,1,4,1,3,114,114,66,27,9,7,3,2,0,48,38,10,5,47,5,10,14
56400617,2,56400618,,3,0,3,*,*,*,*,*,*,*,*,*,*,*,*,*,*,*,*,*,*,*,*,*,*,*,*,*,*,*,*,*,*,3,3,*,*,*,*,*,*,*,*,*,*,*,*,*,*,*
56400618,1,,56400617;56400619,2,0,2,0,0,0,8,0,8,8,0,8,8,0,8,8,0,8,0,0,0,0,0,0,0,0,0,0,0,0,8,0,8,2,2,8,0,0,0,0,0,0,0,0,0,0,0,4,0,0
56400619,2,56400618,,3,0,3,*,*,*,*,*,*,*,*,*,*,*,*,*,*,*,*,*,*,*,*,*,*,*,*,*,*,*,*,*,*,3,3,*,*,*,*,*,*,*,*,*,*,*,*,*,*,*
56400623,0,,,38,16,22,0,0,0,38,16,22,13,5,8,37,16,21,37,16,21,25,11,14,11,4,7,5,2,3,0,0,0,0,0,0,16,16,1,10,4,0,1,0,0,15,12,3,0,13,0,1,7
56400624,0,,,106,52,54,7,5,2,99,47,52,48,25,23,97,46,51,97,46,51,51,22,29,24,8,16,11,5,6,1,1,0,1,0,1,43,43,10,11,16,5,0,1,0,32,21,11,3,31,0,7,6
56400630,2,56400640,,3,1,2,*,*,*,*,*,*,*,*,*,*,*,*,*,*,*,*,*,*,*,*,*,*,*,*,*,*,*,*,*,*,1,1,*,*,*,*,*,*,*,*,*,*,*,*,*,*,*
56400631,0,,,10,5,5,2,1,1,8,4,4,4,3,1,8,4,4,8,4,4,4,1,3,1,0,1,1,0,1,0,0,0,0,0,0,4,4,1,1,1,1,0,0,0,3,2,1,0,2,0,0,1
56400633,1,,56400643;56400644,42,23,19,2,2,0,39,22,17,12,6,6,39,22,17,39,22,17,27,16,11,15,8,7,2,2,0,0,0,0,2,0,2,23,23,21,8,1,3,0,0,0,12,9,3,1,18,2,6,6
56400640,1,,56400630,30,17,13,1,1,0,32,17,15,12,6,6,32,17,15,32,17,15,20,11,9,9,5,4,3,1,2,0,0,0,0,0,0,13,13,3,5,4,2,0,0,0,11,9,2,1,11,0,2,3
56400642,2,56400652,,10,5,5,*,*,*,*,*,*,*,*,*,*,*,*,*,*,*,*,*,*,*,*,*,*,*,*,*,*,*,*,*,*,10,10,*,*,*,*,*,*,*,*,*,*,*,*,*,*,*
56400643,2,56400633,,8,4,4,*,*,*,*,*,*,*,*,*,*,*,*,*,*,*,*,*,*,*,*,*,*,*,*,*,*,*,*,*,*,8,8,*,*,*,*,*,*,*,*,*,*,*,*,*,*,*
56400644,2,56400633,,2,2,0,*,*,*,*,*,*,*,*,*,*,*,*,*,*,*,*,*,*,*,*,*,*,*,*,*,*,*,*,*,*,2,2,*,*,*,*,*,*,*,*,*,*,*,*,*,*,*
56400649,0,,,15,5,10,2,0,2,13,5,8,7,2,5,13,5,8,13,5,8,6,3,3,3,1,2,1,0,1,1,0,1,0,0,0,6,6,3,1,0,1,0,1,0,3,1,2,0,4,0,1,1
56400650,1,,56400651,46,26,20,0,0,0,42,23,19,28,16,12,42,23,19,42,23,19,14,7,7,8,4,4,4,3,1,0,0,0,7,0,7,31,31,21,8,2,1,0,0,0,11,8,3,0,11,7,3,1
56400651,2,56400650,,1,0,1,*,*,*,*,*,*,*,*,*,*,*,*,*,*,*,*,*,*,*,*,*,*,*,*,*,*,*,*,*,*,1,1,*,*,*,*,*,*,*,*,*,*,*,*,*,*,*
56400652,1,,56400642,74,21,53,0,0,0,76,22,54,4,3,1,76,22,54,76,22,54,72,19,53,69,18,51,54,12,42,18,4,14,0,0,0,1,0,10,0,0,0,0,0,0,0,0,0,0,0,1,0,0
56400659,1,,56400669;56400689,12,6,6,0,0,0,15,8,7,2,1,1,15,8,7,15,8,7,13,7,6,6,3,3,2,1,1,0,0,0,0,0,0,6,6,3,3,2,0,0,0,0,5,3,2,0,8,0,3,3
56400660,0,,,17,6,11,0,0,0,16,6,10,12,5,7,16,6,10,16,6,10,4,1,3,2,0,2,0,0,0,0,0,0,0,0,0,7,7,3,0,2,2,0,0,0,4,3,1,0,4,0,1,0
56400661,1,,56400670;56400671,14,6,8,1,0,1,20,8,12,7,3,4,20,8,12,20,8,12,13,5,8,9,3,6,4,1,3,0,0,0,0,0,0,6,6,2,4,2,0,1,0,0,6,4,2,0,8,0,2,2
56400662,1,,56400672;56400681;56400682,23,13,10,0,0,0,36,19,17,13,9,4,36,19,17,36,19,17,23,10,13,10,4,6,8,2,6,1,0,1,0,0,0,10,10,4,3,5,0,1,1,0,10,4,6,0,13,0,4,1
56400663,2,56400673,,9,4,5,*,*,*,*,*,*,*,*,*,*,*,*,*,*,*,*,*,*,*,*,*,*,*,*,*,*,*,*,*,*,2,2,*,*,*,*,*,*,*,*,*,*,*,*,*,*,*
56400666,0,,,12,6,6,0,0,0,12,6,6,4,2,2,12,6,6,12,6,6,8,4,4,4,1,3,4,1,3,1,0,1,0,0,0,5,5,1,2,1,1,0,0,0,4,2,2,0,5,0,1,0
56400669,2,56400659,,2,1,1,*,*,*,*,*,*,*,*,*,*,*,*,*,*,*,*,*,*,*,*,*,*,*,*,*,*,*,*,*,*,1,1,*,*,*,*,*,*,*,*,*,*,*,*,*,*,*
56400670,2,56400661,,1,0,1,*,*,*,*,*,*,*,*,*,*,*,*,*,*,*,*,*,*,*,*,*,*,*,*,*,*,*,*,*,*,1,1,*,*,*,*,*,*,*,*,*,*,*,*,*,*,*
56400671,2,56400661,,6,2,4,*,*,*,*,*,*,*,*,*,*,*,*,*,*,*,*,*,*,*,*,*,*,*,*,*,*,*,*,*,*,2,2,*,*,*,*,*,*,*,*,*,*,*,*,*,*,*
56400672,2,56400662,,6,3,3,*,*,*,*,*,*,*,*,*,*,*,*,*,*,*,*,*,*,*,*,*,*,*,*,*,*,*,*,*,*,2,2,*,*,*,*,*,*,*,*,*,*,*,*,*,*,*
56400673,1,,56400663,23,10,13,0,0,0,32,14,18,15,8,7,31,14,17,31,14,17,17,6,11,8,2,6,3,0,3,0,0,0,0,0,0,10,10,1,5,4,1,1,0,0,10,5,5,0,11,0,1,2
56400674,1,,56400684,41,21,20,3,2,1,41,20,21,23,11,12,38,19,19,37,18,19,18,9,9,8,3,5,6,1,5,0,0,0,0,0,0,12,12,3,5,2,1,0,0,3,11,6,5,1,12,0,3,1
56400675,0,,,18,11,7,0,0,0,18,11,7,5,3,2,18,11,7,18,11,7,13,8,5,5,3,2,1,0,1,0,0,0,0,0,0,10,9,3,5,0,1,0,0,0,6,6,0,0,7,0,2,3
56400680,0,,,30,16,14,1,0,1,29,16,13,10,4,6,27,16,11,26,16,10,19,12,7,7,4,3,4,2,2,0,0,0,1,0,1,13,13,4,3,4,2,0,0,0,9,8,1,0,10,0,3,3
56400681,2,56400662,,6,2,4,*,*,*,*,*,*,*,*,*,*,*,*,*,*,*,*,*,*,*,*,*,*,*,*,*,*,*,*,*,*,1,1,*,*,*,*,*,*,*,*,*,*,*,*,*,*,*
56400682,2,56400662,,1,1,0,*,*,*,*,*,*,*,*,*,*,*,*,*,*,*,*,*,*,*,*,*,*,*,*,*,*,*,*,*,*,1,1,*,*,*,*,*,*,*,*,*,*,*,*,*,*,*
56400684,2,56400674,,3,1,2,*,*,*,*,*,*,*,*,*,*,*,*,*,*,*,*,*,*,*,*,*,*,*,*,*,*,*,*,*,*,2,2,*,*,*,*,*,*,*,*,*,*,*,*,*,*,*
56400685,1,,56400695,19,10,9,0,0,0,22,11,11,10,5,5,21,11,10,21,11,10,12,6,6,7,2,5,4,1,3,1,0,1,1,0,1,7,7,2,3,3,0,1,0,0,7,5,2,0,8,0,1,1
56400687,2,56400696,,5,2,3,*,*,*,*,*,*,*,*,*,*,*,*,*,*,*,*,*,*,*,*,*,*,*,*,*,*,*,*,*,*,2,2,*,*,*,*,*,*,*,*,*,*,*,*,*,*,*
56400689,2,56400659,,1,1,0,*,*,*,*,*,*,*,*,*,*,*,*,*,*,*,*,*,*,*,*,*,*,*,*,*,*,*,*,*,*,1,1,*,*,*,*,*,*,*,*,*,*,*,*,*,*,*
56400691,0,,,30,15,15,2,1,1,28,14,14,19,10,9,28,14,14,26,12,14,9,4,5,7,3,4,2,1,1,0,0,0,0,0,0,12,12,3,3,4,1,1,0,0,9,7,2,1,6,0,1,2
56400692,0,,,11,4,7,0,0,0,11,4,7,6,2,4,11,4,7,11,4,7,5,2,3,2,0,2,2,0,2,0,0,0,0,0,0,5,5,1,2,2,0,0,0,0,4,2,2,0,5,0,1,2
56400693,0,,,22,16,6,5,5,0,17,11,6,10,7,3,17,11,6,16,10,6,7,4,3,4,2,2,4,2,2,0,0,0,1,0,1,7,7,2,1,1,2,0,0,1,5,2,3,1,5,0,1,1
56400695,2,56400685,,3,1,2,*,*,*,*,*,*,*,*,*,*,*,*,*,*,*,*,*,*,*,*,*,*,*,*,*,*,*,*,*,*,2,2,*,*,*,*,*,*,*,*,*,*,*,*,*,*,*
56400696,1,,56400687;56400697,36,19,17,4,3,1,41,20,21,17,9,8,40,20,20,40,20,20,24,11,13,12,3,9,3,0,3,1,0,1,0,0,0,14,14,6,7,3,1,1,0,1,13,9,4,1,17,0,4,4
56400697,2,56400696,,4,2,2,*,*,*,*,*,*,*,*,*,*,*,*,*,*,*,*,*,*,*,*,*,*,*,*,*,*,*,*,*,*,3,3,*,*,*,*,*,*,*,*,*,*,*,*,*,*,*
56400702,2,56400740,,3,2,1,*,*,*,*,*,*,*,*,*,*,*,*,*,*,*,*,*,*,*,*,*,*,*,*,*,*,*,*,*,*,1,1,*,*,*,*,*,*,*,*,*,*,*,*,*,*,*
56400706,0,,,10,10,0,0,0,0,10,10,0,9,9,0,10,10,0,10,10,0,1,1,0,0,0,0,0,0,0,0,0,0,1,1,0,10,10,10,0,0,0,0,0,0,0,0,0,0,1,0,1,0
56400707,2,56400728,,9,7,2,*,*,*,*,*,*,*,*,*,*,*,*,*,*,*,*,*,*,*,*,*,*,*,*,*,*,*,*,*,*,6,6,*,*,*,*,*,*,*,*,*,*,*,*,*,*,*
56400709,0,,,21,14,7,0,0,0,16,9,7,8,5,3,16,9,7,16,9,7,8,4,4,3,1,2,1,0,1,0,0,0,0,0,0,16,16,12,3,1,0,0,0,0,4,4,0,0,6,3,2,2
56400718,2,56400728,,24,22,2,*,*,*,*,*,*,*,*,*,*,*,*,*,*,*,*,*,*,*,*,*,*,*,*,*,*,*,*,*,*,22,22,*,*,*,*,*,*,*,*,*,*,*,*,*,*,*
56400719,0,,,31,21,10,2,1,1,29,20,9,21,16,5,29,20,9,29,20,9,8,4,4,4,2,2,0,0,0,0,0,0,0,0,0,22,22,15,5,2,0,0,0,0,6,6,0,0,5,3,1,3
56400728,1,,56400707;56400718,21,10,11,1,0,1,53,39,14,29,25,4,52,39,13,52,39,13,24,14,10,9,2,7,4,0,4,1,0,1,0,0,0,11,11,26,12,0,1,0,0,0,13,12,1,1,17,3,7,5
56400729,0,,,76,54,22,6,2,4,61,43,18,46,33,13,60,42,18,59,42,17,15,10,5,8,5,3,3,3,0,0,0,0,0,0,0,47,47,31,8,4,3,1,0,0,15,14,1,2,11,1,3,3
56400731,2,56400740,,2,2,0,*,*,*,*,*,*,*,*,*,*,*,*,*,*,*,*,*,*,*,*,*,*,*,*,*,*,*,*,*,*,2,2,*,*,*,*,*,*,*,*,*,*,*,*,*,*,*
56400736,2,56400746,,4,2,2,*,*,*,*,*,*,*,*,*,*,*,*,*,*,*,*,*,*,*,*,*,*,*,*,*,*,*,*,*,*,1,1,*,*,*,*,*,*,*,*,*,*,*,*,*,*,*
56400737,0,,,16,10,6,0,0,0,15,9,6,10,7,3,15,9,6,15,9,6,5,2,3,4,2,2,0,0,0,0,0,0,0,0,0,7,7,2,2,2,1,0,0,0,5,3,2,0,3,0,0,1
56400738,0,,,45,30,15,0,0,0,43,28,15,27,20,7,43,28,15,43,28,15,16,8,8,8,3,5,4,1,3,0,0,0,1,0,1,25,25,13,8,1,2,1,0,0,12,9,3,0,10,0,2,3
56400739,0,,,84,58,26,6,2,4,73,54,19,58,46,12,73,54,19,73,54,19,15,8,7,7,5,2,4,3,1,0,0,0,0,0,0,58,58,42,10,4,1,0,1,0,13,11,2,1,12,2,6,3
56400740,1,,56400702;56400731;56400741,21,11,10,1,1,0,28,16,12,12,7,5,27,15,12,27,15,12,16,9,7,5,2,3,3,1,2,0,0,0,0,0,0,8,8,4,3,5,1,0,0,0,9,7,2,0,10,0,3,3
56400741,2,56400740,,3,2,1,*,*,*,*,*,*,*,*,*,*,*,*,*,*,*,*,*,*,*,*,*,*,*,*,*,*,*,*,*,*,2,2,*,*,*,*,*,*,*,*,*,*,*,*,*,*,*
56400746,1,,56400736,30,15,15,0,0,0,28,14,14,10,6,4,28,14,14,28,14,14,18,8,10,10,3,7,4,0,4,0,0,0,0,0,0,18,18,10,5,2,2,0,0,0,9,7,2,0,11,0,2,2
56400747,1,,56400748,14,7,7,0,0,0,12,6,6,6,4,2,12,6,6,12,6,6,6,2,4,5,2,3,1,0,1,0,0,0,0,0,0,10,10,11,2,1,0,0,0,0,3,3,0,0,4,0,2,1
56400748,2,56400747,,4,3,1,*,*,*,*,*,*,*,*,*,*,*,*,*,*,*,*,*,*,*,*,*,*,*,*,*,*,*,*,*,*,4,4,*,*,*,*,*,*,*,*,*,*,*,*,*,*,*
56400749,1,,56400758,22,16,6,2,1,1,20,15,5,17,13,4,20,15,5,20,15,5,3,2,1,3,2,1,1,0,1,0,0,0,0,0,0,16,16,12,3,2,0,0,0,0,4,4,0,2,3,0,2,0
56400756,0,,,39,20,19,0,0,0,39,20,19,21,15,6,39,20,19,39,20,19,18,5,13,14,4,10,6,1,5,0,0,0,0,0,0,26,25,22,2,0,1,0,0,0,3,3,0,0,6,3,3,2
56400757,0,,,101,63,38,1,1,0,100,62,38,52,34,18,99,61,38,99,61,38,48,28,20,17,11,6,5,2,3,1,1,0,0,0,0,80,80,61,17,2,0,0,0,0,19,18,1,0,41,8,28,9
56400758,2,56400749,,2,1,1,*,*,*,*,*,*,*,*,*,*,*,*,*,*,*,*,*,*,*,*,*,*,*,*,*,*,*,*,*,*,1,1,*,*,*,*,*,*,*,*,*,*,*,*,*,*,*
56400766,0,,,439,410,29,0,0,0,436,407,29,418,395,23,436,407,29,430,403,27,18,12,6,4,3,1,1,1,0,0,0,0,0,0,0,429,429,421,6,2,0,0,0,0,8,7,1,0,13,89,7,4
56400767,1,,56400776,272,262,10,0,0,0,275,262,13,266,255,11,275,262,13,269,256,13,9,7,2,4,2,2,1,1,0,0,0,0,1,1,0,268,268,265,3,2,0,0,0,0,5,3,2,0,8,64,5,1
56400776,2,56400767,,5,2,3,*,*,*,*,*,*,*,*,*,*,*,*,*,*,*,*,*,*,*,*,*,*,*,*,*,*,*,*,*,*,2,2,*,*,*,*,*,*,*,*,*,*,*,*,*,*,*
56401003,2,56401023,,5,3,2,*,*,*,*,*,*,*,*,*,*,*,*,*,*,*,*,*,*,*,*,*,*,*,*,*,*,*,*,*,*,1,1,*,*,*,*,*,*,*,*,*,*,*,*,*,*,*
56401006,1,,56401009;56401015,88,43,45,9,2,7,91,48,43,38,18,20,91,48,43,91,48,43,53,30,23,24,13,11,8,4,4,2,1,1,0,0,0,34,34,10,13,8,8,0,0,1,30,20,10,2,33,0,8,8
56401009,2,56401006,,9,5,4,*,*,*,*,*,*,*,*,*,*,*,*,*,*,*,*,*,*,*,*,*,*,*,*,*,*,*,*,*,*,4,4,*,*,*,*,*,*,*,*,*,*,*,*,*,*,*
56401015,2,56401006,,3,2,1,*,*,*,*,*,*,*,*,*,*,*,*,*,*,*,*,*,*,*,*,*,*,*,*,*,*,*,*,*,*,2,2,*,*,*,*,*,*,*,*,*,*,*,*,*,*,*
56401021,0,,,50,22,28,6,2,4,44,20,24,20,11,9,44,20,24,44,20,24,24,9,15,8,4,4,2,1,1,0,0,0,0,0,0,16,16,4,5,2,1,1,1,2,12,6,6,1,16,0,4,4
56401023,1,,56401003,66,31,35,5,2,3,66,32,34,36,19,17,66,32,34,65,32,33,30,13,17,21,6,15,13,3,10,0,0,0,0,0,0,23,23,3,9,4,4,2,2,0,21,11,10,2,23,0,3,4
56401031,0,,,199,102,97,22,16,6,177,86,91,96,51,45,172,84,88,169,81,88,81,35,46,40,13,27,20,7,13,0,0,0,0,0,0,64,64,13,17,10,12,4,2,6,51,24,27,5,53,0,10,10
56401033,0,,,48,20,28,4,2,2,44,18,26,16,8,8,44,18,26,44,18,26,28,10,18,17,3,14,9,2,7,1,0,1,0,0,0,19,19,5,7,2,4,0,0,1,14,7,7,2,19,0,5,4
56401041,0,,,64,27,37,7,2,5,57,25,32,31,13,18,55,24,31,54,23,31,26,12,14,14,4,10,7,2,5,1,0,1,0,0,0,19,19,2,7,5,1,1,0,3,17,9,8,1,16,0,2,2
56401043,0,,,127,67,60,10,6,4,117,61,56,55,28,27,115,60,55,111,57,54,62,33,29,38,16,22,17,7,10,1,1,0,0,0,0,37,37,2,10,8,8,7,1,1,35,17,18,3,35,0,2,7
56401050,0,,,111,60,51,14,8,6,97,52,45,50,26,24,96,52,44,96,52,44,47,26,21,31,16,15,12,6,6,0,0,0,0,0,0,38,38,5,13,8,7,3,1,1,33,23,10,3,28,0,3,11
56401052,0,,,60,27,33,6,3,3,54,24,30,28,16,12,54,24,30,52,23,29,26,8,18,16,4,12,6,2,4,0,0,0,0,0,0,18,18,2,4,5,2,3,2,0,16,5,11,1,17,0,2,1
56401053,0,,,25,11,14,2,1,1,23,10,13,13,6,7,23,10,13,22,10,12,10,4,6,6,2,4,4,2,2,0,0,0,0,0,0,7,7,1,2,0,2,1,0,1,6,2,4,0,6,0,1,1
56401060,0,,,237,92,145,18,9,9,219,83,136,77,39,38,213,79,134,210,78,132,142,44,98,107,23,84,69,8,61,13,1,12,0,0,0,48,42,2,12,8,6,5,6,3,40,19,21,4,36,0,1,7
56401062,0,,,41,19,22,4,1,3,37,18,19,15,8,7,37,18,19,36,18,18,22,10,12,11,4,7,5,1,4,0,0,0,0,0,0,14,14,1,6,3,2,1,1,0,13,8,5,0,13,0,0,4
56401063,0,,,43,23,20,10,5,5,33,18,15,21,12,9,32,17,15,31,16,15,12,6,6,3,1,2,0,0,0,0,0,0,0,0,0,10,10,1,2,2,0,2,1,2,9,2,7,2,9,0,1,1
56401070,0,,,85,44,41,4,2,2,81,42,39,34,17,17,80,41,39,80,41,39,47,25,22,25,11,14,9,3,6,1,0,1,0,0,0,29,29,6,9,5,2,5,1,1,23,13,10,0,27,0,6,5
56401071,2,56401072,,8,4,4,*,*,*,*,*,*,*,*,*,*,*,*,*,*,*,*,*,*,*,*,*,*,*,*,*,*,*,*,*,*,3,3,*,*,*,*,*,*,*,*,*,*,*,*,*,*,*
56401072,1,,56401071;56401081,34,18,16,3,1,2,45,24,21,20,14,6,44,23,21,43,22,21,25,10,15,15,5,10,5,1,4,1,0,1,0,0,0,11,11,2,4,5,3,1,1,0,14,7,7,0,14,0,1,3
56401080,1,,56401091,35,19,16,3,1,2,41,23,18,17,9,8,40,22,18,40,22,18,24,14,10,10,3,7,7,3,4,0,0,0,0,0,0,16,16,7,7,1,2,1,0,1,12,6,6,1,16,0,6,2
56401081,2,56401072,,6,3,3,*,*,*,*,*,*,*,*,*,*,*,*,*,*,*,*,*,*,*,*,*,*,*,*,*,*,*,*,*,*,2,2,*,*,*,*,*,*,*,*,*,*,*,*,*,*,*
56401090,0,,,87,35,52,9,5,4,78,30,48,42,19,23,77,30,47,77,30,47,36,11,25,19,2,17,12,1,11,0,0,0,0,0,0,28,28,3,11,6,3,1,1,3,25,14,11,4,24,0,3,3
56401091,2,56401080,,9,5,4,*,*,*,*,*,*,*,*,*,*,*,*,*,*,*,*,*,*,*,*,*,*,*,*,*,*,*,*,*,*,3,3,*,*,*,*,*,*,*,*,*,*,*,*,*,*,*
56401100,0,,,25,13,12,0,0,0,25,13,12,12,6,6,25,13,12,25,13,12,13,7,6,6,2,4,4,1,3,1,1,0,0,0,0,11,11,3,4,2,2,0,0,0,8,6,2,0,9,0,2,3
56401101,1,,56401111,185,87,98,7,3,4,182,86,96,86,41,45,177,84,93,174,82,92,96,45,51,40,13,27,19,3,16,1,0,1,0,0,0,64,64,14,18,12,11,4,3,3,51,23,28,1,60,0,12,12
56401107,1,,56401108,19,8,11,4,0,4,24,12,12,16,8,8,20,10,10,20,10,10,8,4,4,4,2,2,2,0,2,0,0,0,0,0,0,6,6,1,2,0,2,3,0,0,7,5,2,1,5,0,1,1
56401108,2,56401107,,9,4,5,*,*,*,*,*,*,*,*,*,*,*,*,*,*,*,*,*,*,*,*,*,*,*,*,*,*,*,*,*,*,2,2,*,*,*,*,*,*,*,*,*,*,*,*,*,*,*
56401111,2,56401101,,4,2,2,*,*,*,*,*,*,*,*,*,*,*,*,*,*,*,*,*,*,*,*,*,*,*,*,*,*,*,*,*,*,1,1,*,*,*,*,*,*,*,*,*,*,*,*,*,*,*
56401121,1,,56401132,59,35,24,4,2,2,67,36,31,33,19,14,65,35,30,65,35,30,34,17,17,13,5,8,7,3,4,1,1,0,0,0,0,21,21,5,6,9,1,3,0,1,20,11,9,1,22,0,4,4
56401122,0,,,31,14,17,1,1,0,29,13,16,14,4,10,29,13,16,29,13,16,15,9,6,4,2,2,1,0,1,0,0,0,0,0,0,14,14,5,3,5,0,1,0,0,9,6,3,1,11,0,3,2
56401127,0,,,28,11,17,4,1,3,24,10,14,18,7,11,24,10,14,24,10,14,6,3,3,2,0,2,0,0,0,0,0,0,0,0,0,8,8,1,0,3,2,2,0,0,7,3,4,1,5,0,0,0
56401132,2,56401121,,12,3,9,*,*,*,*,*,*,*,*,*,*,*,*,*,*,*,*,*,*,*,*,*,*,*,*,*,*,*,*,*,*,4,4,*,*,*,*,*,*,*,*,*,*,*,*,*,*,*
56401142,2,56401152,,4,1,3,*,*,*,*,*,*,*,*,*,*,*,*,*,*,*,*,*,*,*,*,*,*,*,*,*,*,*,*,*,*,3,3,*,*,*,*,*,*,*,*,*,*,*,*,*,*,*
56401152,1,,56401142;56401162,15,5,10,1,0,1,17,5,12,7,3,4,17,5,12,17,5,12,10,2,8,6,2,4,3,1,2,0,0,0,0,0,0,12,12,12,2,2,0,0,0,0,4,4,0,1,8,0,6,0
56401159,2,56401186,,9,6,3,*,*,*,*,*,*,*,*,*,*,*,*,*,*,*,*,*,*,*,*,*,*,*,*,*,*,*,*,*,*,3,3,*,*,*,*,*,*,*,*,*,*,*,*,*,*,*
56401162,2,56401152,,3,1,2,*,*,*,*,*,*,*,*,*,*,*,*,*,*,*,*,*,*,*,*,*,*,*,*,*,*,*,*,*,*,1,1,*,*,*,*,*,*,*,*,*,*,*,*,*,*,*
56401173,0,,,119,56,63,10,1,9,109,55,54,58,30,28,104,52,52,100,50,50,51,25,26,28,12,16,11,2,9,1,0,1,0,0,0,36,36,7,9,8,4,2,1,5,29,13,16,2,32,0,5,4
56401182,1,,56401192,92,49,43,6,4,2,94,49,45,52,32,20,91,48,43,89,47,42,42,17,25,18,8,10,5,3,2,0,0,0,0,0,0,32,32,5,10,7,9,1,1,1,29,18,11,1,28,0,4,3
56401183,0,,,110,49,61,8,2,6,102,47,55,59,29,30,98,45,53,93,43,50,43,18,25,24,8,16,8,1,7,1,0,1,1,0,1,34,34,8,7,8,3,3,1,4,26,13,13,1,29,0,6,3
56401184,0,,,28,13,15,5,2,3,23,11,12,15,7,8,23,11,12,23,11,12,8,4,4,4,2,2,3,1,2,0,0,0,0,0,0,8,8,2,2,0,1,1,1,1,6,1,5,1,5,0,0,0
56401185,0,,,15,7,8,0,0,0,15,7,8,7,3,4,15,7,8,15,7,8,8,4,4,1,0,1,0,0,0,0,0,0,0,0,0,7,7,2,3,1,1,0,0,0,5,3,2,0,6,0,2,1
56401186,1,,56401159;56401196,2,1,1,1,1,0,21,13,8,11,8,3,21,13,8,20,12,8,10,5,5,6,3,3,1,0,1,0,0,0,0,0,0,1,1,0,1,4,2,0,0,0,7,4,3,0,5,0,0,1
56401187,2,56401197,,7,5,2,*,*,*,*,*,*,*,*,*,*,*,*,*,*,*,*,*,*,*,*,*,*,*,*,*,*,*,*,*,*,1,1,*,*,*,*,*,*,*,*,*,*,*,*,*,*,*
56401192,2,56401182,,8,4,4,*,*,*,*,*,*,*,*,*,*,*,*,*,*,*,*,*,*,*,*,*,*,*,*,*,*,*,*,*,*,2,2,*,*,*,*,*,*,*,*,*,*,*,*,*,*,*
56401196,2,56401186,,11,7,4,*,*,*,*,*,*,*,*,*,*,*,*,*,*,*,*,*,*,*,*,*,*,*,*,*,*,*,*,*,*,3,3,*,*,*,*,*,*,*,*,*,*,*,*,*,*,*
56401197,1,,56401187,156,87,69,16,12,4,147,80,67,78,48,30,145,78,67,143,76,67,69,32,37,38,19,19,20,7,13,1,0,1,0,0,0,54,54,14,15,5,9,7,3,2,41,23,18,6,45,0,9,7
56401198,1,,56401199,28,12,16,0,0,0,30,13,17,11,5,6,30,13,17,30,13,17,19,8,11,10,4,6,4,1,3,0,0,0,0,0,0,16,16,9,5,1,2,0,0,0,8,7,1,0,14,0,8,4
56401199,2,56401198,,2,1,1,*,*,*,*,*,*,*,*,*,*,*,*,*,*,*,*,*,*,*,*,*,*,*,*,*,*,*,*,*,*,1,1,*,*,*,*,*,*,*,*,*,*,*,*,*,*,*
56401200,0,,,19,8,11,4,1,3,15,7,8,8,4,4,15,7,8,15,7,8,7,3,4,7,3,4,1,0,1,0,0,0,0,0,0,5,5,1,1,1,0,0,1,1,4,2,2,0,4,0,1,1
56401201,0,,,391,189,202,31,16,15,360,173,187,208,104,104,357,170,187,353,169,184,152,69,83,54,16,38,25,6,19,2,1,1,0,0,0,127,127,17,34,37,19,8,6,6,110,67,43,3,97,0,8,8
56401202,0,,,31,16,15,8,4,4,23,12,11,15,8,7,22,11,11,22,11,11,8,4,4,3,1,2,1,0,1,0,0,0,0,0,0,7,7,0,2,0,2,0,2,1,7,3,4,1,5,0,0,0
56401203,0,,,88,43,45,8,3,5,80,40,40,44,21,23,74,39,35,72,38,34,36,19,17,11,6,5,5,3,2,0,0,0,0,0,0,22,22,3,4,5,4,0,0,6,19,9,10,0,21,0,3,2
56401204,0,,,863,420,443,114,57,57,749,363,386,501,258,243,715,348,367,699,338,361,248,105,143,124,46,78,62,17,45,2,1,1,1,0,1,257,257,35,55,51,57,32,15,12,222,144,78,30,152,0,20,22
56401205,0,,,295,139,156,30,14,16,265,125,140,160,83,77,252,120,132,247,117,130,105,42,63,62,23,39,13,2,11,0,0,0,1,0,1,104,103,20,33,18,18,9,3,2,83,62,21,7,67,0,13,15
56401206,0,,,1498,729,769,282,151,131,1194,566,628,888,437,451,1153,545,608,1125,535,590,306,129,177,140,45,95,65,14,51,11,3,8,3,0,3,484,483,79,134,94,106,41,19,10,393,323,70,80,161,6,19,48
56401207,0,,,5137,2521,2616,762,366,396,4229,2067,2162,3200,1588,1612,4085,1995,2090,3992,1948,2044,1029,479,550,383,170,213,90,27,63,4,1,3,53,6,47,2150,2149,675,604,422,311,96,28,13,1451,1282,169,248,685,109,130,194
56401208,0,,,5621,2833,2788,836,444,392,4645,2295,2350,3598,1820,1778,4485,2212,2273,4380,2157,2223,1047,475,572,443,182,261,132,45,87,13,3,10,25,10,15,2466,2462,953,599,437,328,99,28,18,1472,1312,160,264,685,178,163,181
56401209,0,,,3419,1749,1670,466,228,238,2782,1418,1364,2280,1195,1085,2709,1380,1329,2645,1344,1301,502,223,279,228,90,138,65,15,50,3,1,2,17,6,11,1735,1734,847,400,233,210,35,7,2,866,796,70,170,346,216,101,101
56401211,1,,56401220,45,27,18,2,1,1,45,27,18,18,14,4,45,27,18,45,27,18,27,13,14,10,5,5,6,1,5,1,1,0,0,0,0,18,18,6,5,4,2,1,1,0,13,8,5,1,17,0,5,3
56401213,0,,,63,32,31,2,1,1,61,31,30,41,23,18,56,29,27,55,29,26,20,8,12,8,2,6,4,1,3,0,0,0,2,1,1,24,24,5,7,6,5,0,1,0,19,16,3,1,14,0,5,4
56401214,0,,,123,63,60,17,9,8,106,54,52,72,38,34,104,52,52,103,51,52,34,16,18,19,7,12,11,4,7,0,0,0,1,0,1,34,34,4,6,9,3,7,3,2,30,16,14,6,23,0,3,4
56401215,0,,,140,69,71,8,4,4,132,65,67,71,37,34,129,64,65,125,61,64,61,28,33,28,11,17,9,3,6,0,0,0,0,0,0,42,42,5,12,11,3,5,2,4,37,20,17,2,37,0,4,7
56401216,0,,,1425,740,685,168,83,85,1247,650,597,877,467,410,1209,630,579,1180,613,567,370,183,187,127,63,64,28,10,18,2,0,2,11,10,1,555,555,135,174,114,85,32,7,8,417,346,71,55,242,21,28,80
56401217,0,,,3481,1743,1738,506,248,258,2941,1473,1468,1941,1022,919,2830,1404,1426,2791,1384,1407,1000,451,549,435,186,249,111,29,82,5,1,4,29,21,8,1334,1331,315,438,275,179,82,33,9,998,856,142,141,642,38,113,201
56401218,0,,,5786,2815,2971,1150,595,555,4531,2156,2375,3479,1696,1783,4368,2070,2298,4286,2029,2257,1052,460,592,541,210,331,211,58,153,23,4,19,38,8,30,2187,2178,563,622,423,381,143,36,10,1564,1408,156,381,616,88,126,175
56401219,0,,,5000,2543,2457,938,484,454,3821,1904,1917,3443,1748,1695,3621,1793,1828,3524,1742,1782,378,156,222,153,53,100,55,17,38,6,0,6,17,11,6,2175,2172,866,478,364,329,104,25,6,1259,1165,94,284,250,168,51,60
56401220,2,56401211,,2,1,1,*,*,*,*,*,*,*,*,*,*,*,*,*,*,*,*,*,*,*,*,*,*,*,*,*,*,*,*,*,*,1,1,*,*,*,*,*,*,*,*,*,*,*,*,*,*,*
56401222,2,56401233,,3,1,2,*,*,*,*,*,*,*,*,*,*,*,*,*,*,*,*,*,*,*,*,*,*,*,*,*,*,*,*,*,*,1,1,*,*,*,*,*,*,*,*,*,*,*,*,*,*,*
56401223,0,,,71,39,32,3,2,1,67,36,31,39,22,17,65,35,30,65,35,30,28,14,14,14,5,9,3,0,3,0,0,0,2,0,2,23,23,4,7,5,2,1,3,1,19,13,6,1,18,0,2,3
56401224,0,,,108,55,53,13,6,7,95,49,46,56,32,24,91,46,45,90,45,45,39,17,22,15,4,11,8,2,6,1,0,1,0,0,0,34,34,6,8,8,5,3,1,3,27,17,10,3,26,0,5,4
56401225,0,,,522,205,317,9,6,3,513,199,314,131,78,53,511,198,313,508,195,313,382,121,261,283,69,214,173,35,138,33,2,31,0,0,0,38,30,6,8,6,4,3,2,1,24,15,9,1,24,0,2,6
56401226,0,,,434,217,217,49,28,21,379,185,194,263,134,129,370,180,190,363,176,187,116,51,65,58,21,37,20,2,18,1,0,1,4,4,0,158,158,32,54,30,20,12,8,2,125,95,30,13,74,6,11,20
56401227,0,,,547,290,257,77,44,33,453,233,220,346,191,155,434,225,209,425,219,206,107,42,65,55,13,42,30,4,26,5,0,5,12,11,1,233,232,94,51,42,28,11,3,3,132,110,22,29,55,30,7,15
56401228,0,,,1260,614,646,379,184,195,868,424,444,775,381,394,821,400,421,805,390,415,93,43,50,33,13,20,13,5,8,0,0,0,7,3,4,389,389,40,83,82,130,42,8,4,343,315,28,108,62,5,7,11
56401229,0,,,204,100,104,20,10,10,184,90,94,113,61,52,181,88,93,179,87,92,71,29,42,34,11,23,11,3,8,0,0,0,0,0,0,64,64,9,16,15,15,3,3,3,54,34,20,5,46,0,6,6
56401230,0,,,48,26,22,5,2,3,43,24,19,22,15,7,43,24,19,43,24,19,21,9,12,10,3,7,4,1,3,2,0,2,0,0,0,17,17,3,5,5,2,0,2,0,14,9,5,1,13,0,2,2
56401231,0,,,20,11,9,2,1,1,18,10,8,12,8,4,18,10,8,18,10,8,6,2,4,4,1,3,1,0,1,0,0,0,0,0,0,4,4,0,0,1,1,0,1,1,4,1,3,1,4,0,0,0
56401232,0,,,39,22,17,6,5,1,33,17,16,17,9,8,33,17,16,33,17,16,16,8,8,9,5,4,4,3,1,0,0,0,0,0,0,9,9,1,1,3,2,0,0,2,8,5,3,1,7,0,1,1
56401233,1,,56401222,41,19,22,1,0,1,43,20,23,24,12,12,43,20,23,40,20,20,19,8,11,7,3,4,1,0,1,0,0,0,0,0,0,12,12,2,2,5,1,1,1,1,11,4,7,0,11,1,1,1
56401235,0,,,82,42,40,2,2,0,80,40,40,45,23,22,78,40,38,75,39,36,35,17,18,23,10,13,7,2,5,0,0,0,0,0,0,26,26,5,6,6,2,4,2,1,21,11,10,0,22,0,3,3
56401236,0,,,257,127,130,18,10,8,237,116,121,141,74,67,227,111,116,223,107,116,96,42,54,41,15,26,16,4,12,1,0,1,1,0,1,95,95,21,30,20,12,6,4,2,71,46,25,5,63,4,11,12
56401237,0,,,309,150,159,24,13,11,284,136,148,160,84,76,277,132,145,272,130,142,124,52,72,62,22,40,19,3,16,3,0,3,0,0,0,117,117,30,36,22,16,7,2,4,85,58,27,6,76,3,14,21
56401238,0,,,156,70,86,10,4,6,146,66,80,89,42,47,142,64,78,139,64,75,57,24,33,28,8,20,12,3,9,2,0,2,0,0,0,46,46,6,8,13,9,5,2,3,40,18,22,1,37,0,4,5
56401239,0,,,187,95,92,12,5,7,175,90,85,105,59,46,169,88,81,167,87,80,70,31,39,39,15,24,18,7,11,2,0,2,0,0,0,62,62,9,18,16,7,8,3,1,53,27,26,0,45,0,3,10
56401241,0,,,29,16,13,1,0,1,28,16,12,11,7,4,27,15,12,27,15,12,17,9,8,8,5,3,1,1,0,0,0,0,0,0,0,11,11,2,4,2,2,1,0,0,9,6,3,0,9,0,1,4
56401242,0,,,157,79,78,4,1,3,153,78,75,85,47,38,151,77,74,149,76,73,68,31,37,35,13,22,11,3,8,0,0,0,3,1,2,54,54,8,15,15,10,3,2,1,45,28,17,4,44,0,6,8
56401243,0,,,139,67,72,7,3,4,131,63,68,67,38,29,130,62,68,129,61,68,64,25,39,33,11,22,16,5,11,1,0,1,0,0,0,51,51,6,20,12,9,3,1,0,45,31,14,3,40,0,4,13
56401244,0,,,131,62,69,2,1,1,129,61,68,73,40,33,125,59,66,121,59,62,56,21,35,30,9,21,13,0,13,0,0,0,0,0,0,47,47,17,7,8,5,6,2,2,30,12,18,1,40,0,14,3
56401245,0,,,159,75,84,18,11,7,141,64,77,79,36,43,137,62,75,137,62,75,62,28,34,25,6,19,9,4,5,0,0,0,0,0,0,48,48,7,9,14,6,6,5,1,41,20,21,6,39,0,6,5
56401246,0,,,609,280,329,70,32,38,536,246,290,342,160,182,519,238,281,507,233,274,194,86,108,86,30,56,32,9,23,4,0,4,2,1,1,231,231,64,65,40,37,12,5,8,164,121,43,16,123,5,25,26
56401247,0,,,1442,697,745,161,81,80,1260,603,657,816,427,389,1232,589,643,1199,572,627,444,176,268,211,77,134,73,18,55,7,0,7,11,4,7,586,586,196,157,98,73,39,14,9,380,283,97,45,297,30,72,62
56401248,0,,,187,95,92,16,12,4,171,83,88,103,54,49,168,81,87,166,80,86,68,29,39,28,11,17,10,3,7,1,0,1,0,0,0,59,59,11,15,14,4,9,2,4,48,29,19,4,44,0,7,9
56401249,0,,,223,111,112,21,8,13,202,103,99,122,66,56,195,98,97,191,97,94,80,37,43,29,10,19,12,3,9,0,0,0,1,1,0,66,66,9,14,12,16,8,3,4,57,33,24,6,47,0,3,7
56401250,2,56401271,,2,0,2,*,*,*,*,*,*,*,*,*,*,*,*,*,*,*,*,*,*,*,*,*,*,*,*,*,*,*,*,*,*,1,1,*,*,*,*,*,*,*,*,*,*,*,*,*,*,*
56401253,0,,,32,18,14,4,3,1,28,15,13,15,9,6,26,13,13,26,13,13,13,6,7,4,2,2,2,1,1,1,0,1,0,0,0,8,8,1,3,0,1,0,1,2,7,4,3,0,5,0,0,2
56401254,0,,,53,26,27,3,1,2,50,25,25,25,13,12,48,24,24,47,23,24,25,12,13,14,6,8,3,2,1,0,0,0,0,0,0,18,18,3,6,4,2,1,1,1,14,7,7,1,17,0,2,4
56401255,0,,,138,69,69,12,8,4,126,61,65,65,35,30,123,60,63,122,59,63,61,26,35,37,12,25,19,6,13,1,0,1,0,0,0,42,42,8,12,7,4,4,4,3,34,16,18,4,39,0,7,7
56401256,0,,,163,88,75,7,6,1,156,82,74,83,46,37,147,76,71,143,75,68,73,36,37,32,11,21,12,4,8,2,0,2,0,0,0,54,54,10,11,16,9,3,3,2,44,23,21,2,44,0,7,7
56401257,0,,,126,60,66,7,3,4,119,57,62,71,32,39,116,55,61,113,54,59,48,25,23,21,9,12,8,4,4,0,0,0,1,1,0,37,37,4,9,8,5,7,3,1,33,16,17,3,31,0,4,4
56401258,0,,,126,61,65,15,8,7,111,53,58,56,31,25,109,52,57,109,52,57,55,22,33,25,9,16,12,3,9,1,0,1,0,0,0,36,36,5,10,6,5,3,2,5,31,14,17,3,33,0,4,8
56401259,0,,,124,67,57,12,12,0,112,55,57,74,38,36,106,52,54,104,50,54,38,17,21,16,5,11,3,2,1,0,0,0,0,0,0,37,37,3,10,8,7,6,2,1,33,22,11,1,24,0,1,5
56401262,2,56401272,,5,2,3,*,*,*,*,*,*,*,*,*,*,*,*,*,*,*,*,*,*,*,*,*,*,*,*,*,*,*,*,*,*,1,1,*,*,*,*,*,*,*,*,*,*,*,*,*,*,*
56401263,0,,,78,36,42,7,4,3,71,32,39,50,24,26,69,31,38,67,30,37,21,8,13,11,4,7,4,1,3,0,0,0,0,0,0,20,20,0,4,5,5,3,2,1,20,10,10,3,14,0,0,2
56401264,0,,,378,189,189,28,17,11,350,172,178,184,89,95,341,170,171,337,168,169,166,83,83,76,37,39,24,7,17,0,0,0,1,0,1,124,124,19,39,24,20,13,3,6,103,64,39,7,97,0,12,23
56401265,0,,,58,28,30,3,0,3,54,27,27,33,17,16,54,27,27,54,27,27,21,10,11,9,3,6,2,1,1,0,0,0,0,0,0,21,21,2,11,3,3,1,0,1,19,14,5,1,14,0,0,3
56401266,0,,,87,46,41,8,5,3,79,41,38,55,30,25,78,40,38,77,39,38,24,11,13,12,3,9,2,2,0,0,0,0,0,0,0,26,26,4,6,4,5,4,2,1,22,12,10,4,19,0,3,3
56401267,0,,,105,57,48,14,7,7,91,50,41,51,30,21,90,49,41,89,49,40,40,20,20,28,12,16,12,5,7,0,0,0,0,0,0,31,31,4,9,4,7,3,1,3,27,15,12,3,23,0,1,5
56401268,0,,,213,106,107,32,14,18,181,92,89,114,62,52,179,91,88,176,89,87,67,30,37,36,16,20,13,4,9,0,0,0,0,0,0,53,53,5,9,17,3,7,6,6,46,18,28,4,41,0,4,4
56401269,0,,,141,64,77,27,16,11,114,48,66,73,31,42,111,46,65,110,45,65,41,17,24,10,2,8,8,1,7,1,0,1,0,0,0,36,36,2,6,13,5,3,2,5,34,18,16,7,27,0,1,3
56401271,1,,56401250,471,205,266,45,17,28,419,184,235,225,107,118,408,177,231,401,176,225,194,77,117,97,34,63,36,5,31,3,0,3,7,3,4,234,234,117,58,32,11,11,2,4,114,86,28,9,145,12,65,27
56401272,1,,56401262,632,214,418,26,12,14,609,202,407,169,90,79,600,198,402,594,195,399,440,112,328,348,67,281,223,29,194,49,1,48,2,1,1,152,150,52,55,19,13,6,2,4,98,75,23,5,104,6,31,29
56401273,0,,,235,88,147,22,11,11,213,77,136,80,36,44,208,74,134,205,73,132,133,41,92,90,20,70,58,10,48,12,3,9,1,0,1,48,47,5,15,6,7,7,5,2,42,24,18,6,39,0,3,9
56401274,0,,,518,247,271,55,28,27,462,219,243,249,133,116,450,211,239,446,208,238,213,86,127,124,38,86,50,9,41,7,3,4,0,0,0,160,159,26,43,36,22,14,8,10,131,71,60,13,126,0,17,17
56401275,0,,,13,6,7,1,0,1,12,6,6,7,4,3,12,6,6,12,6,6,5,2,3,2,1,1,1,0,1,0,0,0,0,0,0,5,5,0,2,3,0,0,0,0,5,5,0,1,3,0,0,0
56401276,0,,,276,136,140,26,12,14,250,124,126,153,81,72,242,118,124,236,114,122,97,43,54,47,16,31,18,5,13,0,0,0,0,0,0,86,86,10,26,17,20,4,3,6,75,51,24,11,63,0,7,12
56401277,0,,,489,231,258,46,31,15,443,200,243,225,117,108,429,192,237,418,187,231,218,83,135,130,37,93,71,14,57,15,3,12,1,0,1,137,136,19,34,30,32,9,5,7,116,66,50,11,101,0,16,17
56401278,0,,,185,92,93,33,16,17,152,76,76,112,58,54,145,73,72,142,72,70,40,18,22,15,7,8,6,4,2,0,0,0,1,1,0,69,69,16,22,13,8,7,2,1,51,42,9,8,26,3,4,5
56401279,0,,,107,52,55,13,7,6,94,45,49,64,32,32,92,45,47,91,44,47,30,13,17,11,3,8,1,0,1,0,0,0,0,0,0,32,32,4,8,8,5,3,2,2,28,18,10,5,20,0,3,2
56401280,0,,,94,37,57,2,2,0,88,34,54,62,21,41,87,34,53,81,33,48,26,13,13,14,6,8,6,2,4,0,0,0,3,0,3,59,59,40,8,7,3,1,0,0,19,16,3,0,19,14,6,3
56401281,0,,,449,202,247,33,17,16,414,184,230,205,92,113,406,180,226,400,177,223,209,92,117,140,56,84,57,19,38,5,0,5,6,1,5,142,141,55,36,22,20,5,1,2,86,70,16,8,73,11,24,15
56401282,0,,,222,107,115,17,10,7,203,96,107,111,58,53,196,92,104,192,89,103,92,38,54,47,17,30,16,5,11,0,0,0,0,0,0,89,89,21,30,19,14,3,1,1,68,57,11,5,56,0,10,17
56401283,0,,,59,32,27,2,1,1,57,31,26,29,18,11,57,31,26,57,31,26,28,13,15,15,7,8,5,2,3,0,0,0,0,0,0,25,25,6,10,6,1,1,1,0,19,15,4,1,18,0,3,6
56401284,0,,,70,41,29,10,5,5,60,36,24,32,19,13,58,35,23,56,33,23,28,17,11,15,9,6,3,1,2,0,0,0,0,0,0,25,25,9,6,2,3,2,1,2,16,7,9,2,17,0,5,3
56401285,0,,,13,6,7,1,1,0,12,5,7,10,5,5,11,5,6,11,5,6,2,0,2,2,0,2,1,0,1,0,0,0,0,0,0,7,7,4,1,1,1,0,0,0,3,3,0,0,2,0,2,0
56401286,0,,,48,29,19,5,3,2,43,26,17,27,18,9,43,26,17,42,25,17,16,8,8,5,2,3,2,1,1,0,0,0,0,0,0,13,13,2,1,4,1,3,1,1,11,6,5,3,11,0,1,0
56401287,0,,,125,70,55,23,12,11,102,58,44,66,43,23,100,56,44,99,55,44,36,15,21,19,5,14,10,4,6,4,2,2,1,0,1,33,33,5,7,2,7,6,1,5,28,15,13,6,23,0,3,1
56401288,0,,,2117,1075,1042,596,305,291,1521,770,751,1384,704,680,1389,702,687,1332,669,663,137,66,71,38,18,20,9,6,3,0,0,0,8,2,6,617,617,52,106,133,217,81,20,8,560,502,58,116,95,0,5,20
56401289,0,,,507,261,246,54,31,23,453,230,223,335,174,161,437,222,215,422,219,203,118,56,62,48,19,29,16,6,10,2,0,2,9,5,4,221,221,92,46,35,27,17,3,1,126,95,31,16,77,26,13,13
56401290,0,,,46,23,23,4,3,1,42,20,22,17,9,8,42,20,22,42,20,22,25,11,14,12,5,7,4,1,3,0,0,0,0,0,0,19,19,4,7,4,4,0,0,0,15,11,4,2,16,0,3,5
56401292,0,,,207,102,105,22,11,11,185,91,94,105,60,45,183,90,93,181,90,91,80,31,49,43,11,32,17,3,14,1,0,1,0,0,0,71,71,20,16,14,6,8,2,5,51,27,24,6,57,0,15,5
56401293,0,,,32,15,17,2,1,1,30,14,16,20,10,10,30,14,16,29,14,15,10,4,6,6,2,4,4,2,2,0,0,0,0,0,0,11,11,3,4,0,1,2,0,1,8,6,2,0,8,0,3,0
56401296,0,,,24,12,12,3,1,2,21,11,10,13,6,7,21,11,10,21,11,10,8,5,3,1,1,0,1,1,0,0,0,0,0,0,0,6,6,0,2,2,0,0,1,1,5,3,2,0,5,0,0,0
56401297,0,,,47,23,24,6,2,4,41,21,20,30,16,14,39,20,19,38,19,19,11,5,6,6,2,4,5,1,4,0,0,0,0,0,0,12,12,1,3,2,2,1,1,2,11,5,6,2,8,0,1,0
56401298,0,,,31,16,15,5,2,3,26,14,12,17,10,7,24,13,11,22,11,11,9,4,5,1,0,1,1,0,1,0,0,0,0,0,0,8,8,1,1,0,4,0,2,0,7,3,4,1,4,0,0,0
56401299,0,,,146,77,69,16,7,9,130,70,60,80,45,35,128,68,60,124,67,57,50,25,25,24,12,12,10,5,5,1,1,0,2,1,1,40,40,4,9,8,6,6,5,2,36,19,17,5,32,0,2,5
56401300,0,,,4518,2226,2292,452,232,220,3826,1848,1978,2634,1336,1298,3723,1795,1928,3647,1756,1891,1192,512,680,634,247,387,250,83,167,25,6,19,64,12,52,2124,2116,981,530,290,199,79,27,10,1106,950,156,143,695,251,162,213
56401301,0,,,3674,1785,1889,422,214,208,3096,1484,1612,2135,1081,1054,3002,1436,1566,2960,1420,1540,961,403,558,504,181,323,166,58,108,5,2,3,14,6,8,1597,1596,582,439,277,177,69,40,12,982,825,157,126,656,73,151,151
56401302,0,,,2081,1051,1030,250,134,116,1744,867,877,1268,656,612,1687,836,851,1648,816,832,476,211,265,193,78,115,48,17,31,5,0,5,32,30,2,910,909,323,253,165,113,36,12,7,566,481,85,82,322,61,77,84
56401303,0,,,883,446,437,78,47,31,805,399,406,525,267,258,781,383,398,766,373,393,280,132,148,100,36,64,31,11,20,2,0,2,2,1,1,322,322,48,122,73,41,24,10,4,273,218,55,19,190,1,27,50
56401304,0,,,1567,788,779,153,83,70,1413,705,708,847,432,415,1381,684,697,1365,678,687,566,273,293,219,90,129,70,20,50,6,3,3,2,0,2,548,546,107,189,116,71,32,20,11,437,342,95,45,341,1,71,89
56401305,0,,,845,420,425,115,63,52,730,357,373,490,250,240,706,347,359,694,341,353,240,107,133,112,45,67,36,13,23,0,0,0,3,2,1,281,281,35,92,61,50,22,15,6,246,182,64,35,158,0,23,38
56401306,0,,,283,139,144,31,17,14,252,122,130,163,79,84,241,115,126,236,114,122,89,43,46,35,13,22,15,6,9,0,0,0,0,0,0,90,90,11,29,20,11,9,7,3,79,49,30,5,56,0,5,13
56401307,0,,,45,23,22,6,4,2,39,19,20,28,13,15,38,19,19,37,18,19,11,6,5,3,1,2,2,1,1,0,0,0,0,0,0,13,13,0,4,5,1,1,1,1,13,10,3,3,6,0,0,0
56401308,0,,,167,76,91,29,13,16,134,62,72,83,40,43,130,60,70,126,58,68,51,22,29,22,11,11,11,3,8,1,0,1,0,0,0,49,49,4,15,7,12,5,4,2,44,31,13,4,33,0,4,9
56401309,0,,,51,28,23,2,1,1,49,27,22,21,14,7,48,26,22,47,25,22,28,13,15,15,6,9,3,0,3,0,0,0,0,0,0,17,17,2,6,3,5,0,0,1,14,10,4,0,14,0,1,3
56401310,0,,,3215,1590,1625,447,233,214,2623,1274,1349,2033,1008,1025,2526,1221,1305,2461,1189,1272,590,266,324,282,110,172,117,30,87,21,1,20,11,4,7,1417,1414,577,329,239,193,52,18,6,823,726,97,145,346,107,67,89
56401311,0,,,2058,1051,1007,221,123,98,1770,894,876,1214,649,565,1722,866,856,1694,847,847,556,245,311,261,105,156,69,17,52,10,0,10,6,1,5,875,875,285,247,167,123,35,15,3,583,488,95,75,366,23,69,100
56401312,0,,,52,29,23,5,3,2,47,26,21,30,17,13,45,26,19,45,26,19,17,9,8,9,4,5,0,0,0,0,0,0,0,0,0,15,15,1,1,5,6,2,0,0,14,12,2,0,9,0,1,1
56401313,0,,,159,84,75,10,7,3,149,77,72,79,42,37,140,72,68,138,72,66,70,35,35,32,13,19,10,3,7,0,0,0,0,0,0,63,63,17,24,6,8,4,4,0,46,34,12,4,52,0,16,12
56401314,0,,,795,390,405,167,78,89,628,312,316,497,256,241,604,299,305,593,291,302,131,56,75,61,25,36,12,2,10,0,0,0,1,0,1,253,253,30,64,65,49,33,8,4,222,187,35,43,96,0,14,20
56401315,0,,,889,439,450,132,75,57,757,364,393,482,237,245,720,347,373,709,338,371,275,127,148,133,56,77,65,25,40,7,2,5,3,1,2,265,264,27,81,65,47,29,10,5,235,187,48,34,132,0,14,35
56401316,0,,,400,200,200,32,21,11,368,179,189,234,119,115,357,173,184,352,169,183,134,60,74,71,26,45,21,5,16,2,1,1,0,0,0,134,134,18,40,34,22,13,4,3,115,79,36,8,87,0,12,17
56401317,0,,,161,84,77,21,9,12,140,75,65,81,42,39,138,73,65,134,72,62,59,33,26,29,16,13,11,9,2,0,0,0,0,0,0,47,47,7,9,9,11,6,2,3,40,23,17,8,35,0,5,5
56401318,0,,,277,142,135,21,13,8,256,129,127,153,77,76,246,122,124,242,121,121,103,52,51,50,20,30,21,5,16,1,0,1,0,0,0,86,86,10,27,19,14,5,6,5,76,40,36,6,66,0,6,11
56401319,0,,,216,111,105,22,11,11,188,96,92,142,73,69,180,90,90,176,88,88,46,23,23,22,10,12,4,2,2,0,0,0,2,1,1,90,90,35,21,12,12,5,5,0,52,41,11,5,33,4,10,6
56401320,0,,,2494,1280,1214,395,220,175,2034,1020,1014,1606,832,774,1943,973,970,1896,949,947,428,188,240,210,77,133,86,21,65,15,3,12,16,13,3,991,990,326,231,202,143,59,20,9,643,553,90,132,254,70,37,60
56401321,0,,,1455,749,706,232,127,105,1174,595,579,945,489,456,1145,576,569,1127,568,559,229,106,123,95,38,57,36,11,25,4,2,2,5,3,2,628,628,225,166,115,79,26,14,3,392,342,50,85,152,44,37,39
56401322,0,,,166,92,74,10,8,2,156,84,72,106,58,48,156,84,72,156,84,72,50,26,24,18,9,9,2,1,1,0,0,0,1,0,1,31,30,3,10,4,10,1,1,1,26,18,8,5,24,0,3,7
56401323,0,,,110,56,54,5,4,1,105,52,53,68,36,32,103,51,52,103,51,52,37,16,21,18,5,13,7,1,6,0,0,0,0,0,0,36,36,5,11,9,4,3,3,1,30,15,15,2,24,1,3,4
56401324,0,,,128,64,64,6,1,5,122,63,59,58,32,26,121,63,58,121,63,58,64,31,33,31,15,16,14,6,8,0,0,0,1,1,0,51,51,13,17,8,9,3,1,0,38,27,11,2,42,0,10,10
56401325,0,,,165,78,87,22,9,13,143,69,74,102,51,51,137,65,72,132,62,70,41,18,23,19,7,12,4,1,3,1,0,1,0,0,0,48,48,3,13,11,9,7,3,2,45,30,15,4,28,0,2,3
56401326,0,,,75,40,35,9,6,3,66,34,32,46,23,23,65,33,32,65,33,32,20,11,9,8,3,5,3,0,3,0,0,0,6,2,4,24,24,3,6,6,5,2,2,0,21,14,7,3,14,0,1,3
56401327,0,,,185,102,83,6,5,1,179,97,82,96,58,38,174,92,82,172,91,81,83,39,44,39,16,23,15,6,9,2,0,2,0,0,0,77,77,23,26,13,7,6,1,1,53,40,13,2,59,0,19,11
56401328,0,,,835,391,444,47,22,25,787,368,419,425,215,210,763,357,406,753,355,398,362,153,209,216,85,131,76,28,48,8,0,8,1,0,1,313,312,62,109,72,40,16,9,4,248,176,72,9,226,2,43,48
56401329,0,,,1045,496,549,114,57,57,913,428,485,526,261,265,885,417,468,868,407,461,387,167,220,215,83,132,77,27,50,3,0,3,1,0,1,461,461,166,138,76,48,19,10,4,288,239,49,38,280,5,105,73
56401330,0,,,1561,781,780,228,129,99,1289,627,662,1011,512,499,1245,605,640,1220,593,627,278,115,163,146,53,93,62,20,42,2,0,2,9,7,2,657,656,234,160,133,81,36,8,4,408,346,62,92,180,44,44,27
56401331,0,,,1675,806,869,186,97,89,1479,704,775,875,445,430,1440,685,755,1417,677,740,604,259,345,349,139,210,129,42,87,5,1,4,4,2,2,634,634,147,188,146,90,34,23,6,484,369,115,55,392,8,76,91
56401332,0,,,259,132,127,21,14,7,238,118,120,131,68,63,231,116,115,227,114,113,107,50,57,44,18,26,14,4,10,1,0,1,0,0,0,82,82,16,18,18,14,5,6,5,65,37,28,5,69,0,15,11
56401333,0,,,69,38,31,4,2,2,65,36,29,35,22,13,65,36,29,65,36,29,30,14,16,12,4,8,4,2,2,0,0,0,0,0,0,23,23,4,7,6,3,1,0,2,19,13,6,1,19,0,4,3
56401334,0,,,263,133,130,40,23,17,223,110,113,139,75,64,217,106,111,212,104,108,84,35,49,34,12,22,9,1,8,2,0,2,16,16,0,97,97,32,19,19,10,9,5,3,65,45,20,10,54,6,11,9
56401335,0,,,153,76,77,16,7,9,137,69,68,75,40,35,133,67,66,133,67,66,62,29,33,30,12,18,10,3,7,0,0,0,1,0,1,51,51,11,16,8,6,3,3,4,40,25,15,1,39,0,9,9
56401336,0,,,194,95,99,10,4,6,183,90,93,109,56,53,180,89,91,176,88,88,74,34,40,39,12,27,16,4,12,1,0,1,0,0,0,57,57,9,14,8,9,6,10,1,48,22,26,2,48,0,6,6
56401337,0,,,430,212,218,37,26,11,393,186,207,254,125,129,380,181,199,376,178,198,139,61,78,60,25,35,17,5,12,1,0,1,1,0,1,158,158,30,53,31,31,7,2,4,128,104,24,13,99,0,19,23
56401338,0,,,1996,996,1000,251,127,124,1722,853,869,1130,581,549,1616,776,840,1577,747,830,592,272,320,249,100,149,76,32,44,10,4,6,7,3,4,751,749,189,221,162,102,41,22,12,551,444,107,70,396,6,85,104
56401339,0,,,1084,485,599,85,37,48,998,447,551,458,242,216,976,435,541,969,433,536,540,205,335,341,118,223,171,48,123,22,2,20,7,0,7,417,414,152,123,68,37,24,8,2,261,214,47,18,270,6,95,60
56401340,0,,,434,205,229,54,21,33,369,177,192,224,117,107,354,167,187,348,165,183,145,60,85,67,23,44,19,4,15,1,0,1,1,0,1,172,172,50,50,30,27,9,4,2,120,93,27,15,97,3,21,23
56401341,0,,,782,372,410,79,40,39,694,325,369,406,200,206,673,311,362,666,309,357,288,125,163,156,65,91,58,22,36,7,4,3,6,4,2,306,305,79,105,57,36,14,7,7,224,178,46,15,184,7,46,46
56401342,0,,,98,49,49,6,4,2,92,45,47,52,28,24,90,43,47,88,43,45,40,17,23,21,7,14,8,2,6,1,0,1,2,0,2,35,35,3,11,13,7,0,1,0,32,24,8,2,25,0,2,7
56401343,0,,,216,82,134,3,1,2,213,81,132,75,37,38,210,79,131,210,79,131,138,44,94,95,23,72,58,8,50,7,2,5,1,0,1,28,25,6,9,4,1,4,1,0,18,12,6,2,17,0,5,2
56401344,0,,,374,185,189,31,16,15,343,169,174,216,109,107,334,165,169,326,163,163,127,60,67,67,27,40,23,7,16,1,0,1,1,0,1,119,119,18,36,24,18,8,8,7,101,63,38,7,79,0,10,13
56401345,0,,,235,117,118,18,11,7,216,105,111,107,54,53,213,104,109,211,102,109,109,51,58,52,21,31,15,4,11,1,0,1,1,0,1,82,82,13,28,14,17,6,2,2,69,41,28,5,65,0,8,16
56401346,0,,,113,60,53,7,5,2,106,55,51,69,36,33,102,54,48,100,52,48,37,19,18,17,7,10,7,2,5,1,0,1,0,0,0,31,31,4,5,8,6,1,3,4,27,16,11,4,23,0,2,3
56401347,0,,,100,47,53,8,4,4,92,43,49,49,22,27,92,43,49,90,42,48,43,21,22,23,10,13,13,5,8,1,0,1,0,0,0,33,33,2,14,9,3,3,0,2,31,18,13,2,27,0,2,8
56401348,0,,,685,332,353,71,35,36,582,285,297,357,178,179,558,271,287,542,263,279,225,107,118,108,48,60,35,13,22,2,0,2,0,0,0,280,279,90,79,47,39,15,7,2,182,153,29,20,145,3,46,42
56401349,0,,,49,25,24,1,0,1,48,25,23,29,17,12,48,25,23,48,25,23,19,8,11,10,5,5,3,1,2,0,0,0,0,0,0,24,24,9,7,7,0,1,0,0,14,10,4,0,12,0,1,3
56401350,0,,,472,235,237,57,27,30,414,207,207,312,165,147,393,193,200,375,184,191,102,42,60,41,14,27,13,2,11,0,0,0,0,0,0,158,158,27,41,33,34,13,8,2,131,99,32,14,68,3,9,10
56401351,0,,,105,56,49,5,2,3,100,54,46,52,29,23,98,52,46,96,52,44,48,25,23,21,12,9,8,5,3,1,1,0,0,0,0,33,33,4,8,8,9,2,0,2,29,16,13,3,27,0,3,4
56401352,0,,,89,44,45,10,6,4,79,38,41,36,20,16,78,38,40,75,37,38,43,18,25,18,6,12,4,0,4,1,0,1,2,2,0,29,29,6,9,5,3,2,1,3,23,10,13,2,26,1,4,7
56401353,0,,,169,81,88,17,10,7,149,70,79,89,45,44,146,69,77,143,68,75,60,25,35,34,14,20,14,6,8,0,0,0,0,0,0,52,52,1,21,14,7,3,2,4,49,34,15,5,39,0,1,7
56401354,0,,,184,91,93,21,11,10,163,80,83,117,58,59,154,77,77,149,76,73,46,22,24,22,9,13,6,3,3,0,0,0,0,0,0,62,62,14,16,7,11,11,3,0,48,36,12,5,33,0,9,8
56401355,0,,,223,100,123,20,8,12,198,90,108,114,55,59,194,87,107,191,87,104,84,35,49,39,11,28,23,7,16,1,1,0,7,0,7,69,68,11,19,14,11,6,2,5,55,34,21,4,46,1,3,7
56401356,0,,,171,85,86,21,11,10,150,74,76,96,49,47,144,72,72,144,72,72,54,25,29,37,17,20,12,5,7,0,0,0,0,0,0,45,45,3,7,13,8,6,6,2,42,22,20,6,33,0,0,4
56401357,0,,,88,43,45,5,1,4,83,42,41,42,20,22,82,42,40,80,41,39,41,22,19,23,12,11,7,3,4,0,0,0,0,0,0,32,32,5,13,7,3,1,2,1,27,19,8,2,27,0,3,6
56401358,0,,,234,122,112,29,18,11,205,104,101,138,70,68,198,100,98,193,98,95,67,34,33,22,12,10,13,9,4,1,1,0,0,0,0,69,69,5,19,15,16,7,3,4,63,46,17,7,38,1,3,9
56401359,0,,,95,49,46,11,5,6,84,44,40,55,30,25,79,40,39,75,40,35,29,14,15,8,4,4,3,0,3,1,0,1,0,0,0,28,28,4,6,5,7,3,2,1,24,14,10,1,18,0,2,2
56401360,0,,,46,19,27,8,3,5,38,16,22,26,12,14,37,16,21,34,14,20,12,4,8,3,0,3,2,0,2,0,0,0,0,0,0,14,14,1,5,4,2,0,0,2,13,9,4,1,7,0,1,1
56401361,0,,,120,58,62,10,3,7,109,54,55,79,40,39,107,52,55,103,51,52,30,14,16,17,5,12,10,4,6,1,1,0,0,0,0,31,31,4,4,6,5,5,5,2,27,9,18,2,22,0,2,1
56401362,0,,,76,37,39,6,3,3,67,33,34,38,18,20,65,33,32,65,33,32,29,15,14,14,6,8,4,1,3,0,0,0,0,0,0,22,22,1,7,7,1,1,4,1,20,11,9,2,18,0,0,4
56401363,0,,,204,105,99,8,5,3,196,100,96,110,61,49,191,98,93,184,92,92,86,39,47,45,20,25,23,7,16,1,1,0,4,2,2,70,70,10,24,13,15,4,2,2,60,33,27,3,53,0,10,8
56401364,0,,,65,31,34,5,1,4,60,30,30,37,21,16,58,29,29,58,29,29,23,9,14,17,6,11,3,1,2,0,0,0,0,0,0,18,18,1,5,4,2,3,2,1,17,8,9,2,14,0,1,3
56401365,0,,,164,91,73,16,10,6,148,81,67,85,49,36,142,78,64,140,77,63,63,32,31,31,15,16,13,5,8,1,0,1,1,0,1,55,55,8,21,11,5,4,3,3,47,34,13,3,42,0,5,8
56401366,0,,,78,38,40,6,4,2,72,34,38,41,21,20,71,34,37,70,33,37,31,13,18,15,4,11,7,1,6,0,0,0,0,0,0,22,22,1,5,9,4,0,0,3,21,11,10,2,19,0,0,3
56401367,0,,,106,50,56,5,2,3,101,48,53,62,32,30,94,45,49,91,43,48,39,16,23,17,6,11,8,1,7,1,0,1,0,0,0,31,31,3,9,7,5,3,1,3,27,14,13,1,24,0,3,1
56401368,0,,,145,77,68,20,12,8,125,65,60,74,41,33,124,64,60,122,64,58,51,24,27,21,10,11,5,3,2,2,2,0,0,0,0,47,47,5,18,10,6,3,1,4,41,30,11,8,33,0,4,9
56401369,0,,,205,106,99,27,18,9,178,88,90,102,58,44,172,84,88,169,81,88,76,30,46,45,14,31,24,9,15,2,0,2,0,0,0,58,58,8,16,7,8,9,5,5,50,22,28,3,48,0,5,5
56401370,0,,,28,13,15,1,1,0,27,12,15,11,5,6,27,12,15,27,12,15,16,7,9,3,1,2,0,0,0,0,0,0,0,0,0,11,11,1,6,2,1,1,0,0,10,9,1,1,10,0,1,4
56401371,0,,,585,267,318,62,30,32,520,235,285,320,153,167,493,221,272,481,214,267,200,82,118,86,26,60,38,8,30,2,1,1,2,0,2,211,211,58,59,34,24,16,11,9,150,102,48,10,143,0,40,22
56401372,0,,,112,54,58,5,4,1,107,50,57,61,30,31,106,49,57,105,49,56,46,20,26,26,9,17,9,3,6,1,0,1,2,1,1,33,33,3,8,9,4,6,1,2,30,17,13,4,29,0,3,3
56401373,0,,,161,80,81,19,12,7,142,68,74,83,39,44,137,67,70,133,67,66,59,29,30,24,12,12,6,2,4,0,0,0,1,0,1,53,53,6,19,12,5,6,4,1,47,33,14,6,35,0,3,11
56401374,0,,,74,39,35,11,6,5,63,33,30,32,18,14,61,31,30,61,31,30,31,15,16,12,6,6,4,1,3,0,0,0,1,0,1,27,27,8,9,3,3,1,0,3,19,14,5,0,21,0,7,3
56401375,0,,,77,37,40,7,4,3,70,33,37,42,20,22,69,32,37,68,32,36,28,13,15,13,5,8,5,2,3,0,0,0,0,0,0,25,25,1,10,7,3,2,1,1,23,14,9,0,18,0,0,3
56401376,0,,,89,47,42,5,2,3,84,45,39,53,32,21,84,45,39,83,44,39,31,13,18,16,4,12,7,0,7,0,0,0,3,1,2,26,26,3,5,7,6,1,2,2,23,13,10,2,19,0,3,0
56401377,0,,,158,74,84,7,5,2,151,69,82,80,41,39,148,69,79,146,68,78,71,28,43,48,18,30,13,5,8,1,0,1,0,0,0,52,52,10,12,11,8,8,2,1,41,22,19,2,45,0,8,4
56401378,0,,,45,22,23,7,5,2,38,17,21,25,11,14,37,16,21,37,16,21,13,6,7,6,2,4,2,0,2,0,0,0,0,0,0,15,15,2,4,5,0,4,0,0,13,11,2,1,11,0,1,1
56401379,0,,,108,52,56,10,4,6,98,48,50,50,26,24,96,47,49,93,47,46,48,22,26,19,6,13,11,4,7,0,0,0,2,0,2,33,33,1,12,5,11,3,0,1,32,17,15,2,28,0,1,5
56401380,0,,,549,282,267,68,40,28,481,242,239,333,173,160,474,239,235,464,235,229,148,69,79,82,35,47,19,10,9,1,0,1,14,8,6,206,206,51,57,48,27,14,5,4,153,112,41,28,92,13,7,23
56401381,0,,,152,77,75,11,6,5,141,71,70,73,42,31,140,70,70,138,69,69,68,29,39,36,14,22,13,2,11,2,2,0,0,0,0,60,60,18,17,9,12,2,1,1,41,27,14,5,44,1,11,9
56401382,0,,,135,66,69,19,11,8,116,55,61,85,42,43,115,54,61,111,53,58,31,13,18,12,4,8,6,1,5,0,0,0,0,0,0,43,43,2,18,8,6,5,4,0,41,31,10,5,22,0,1,7
56401383,0,,,165,78,87,20,8,12,145,70,75,85,44,41,143,69,74,141,68,73,60,26,34,29,10,19,10,2,8,1,0,1,0,0,0,42,42,2,8,10,7,7,3,5,40,20,20,3,36,0,2,6
56401384,0,,,841,409,432,85,48,37,756,361,395,594,293,301,727,347,380,708,337,371,162,68,94,79,29,50,22,5,17,1,0,1,0,0,0,264,264,25,76,64,53,26,12,8,235,182,53,20,112,1,16,17
56401385,0,,,140,80,60,17,8,9,123,72,51,77,47,30,118,68,50,113,65,48,46,25,21,20,11,9,9,3,6,0,0,0,0,0,0,41,41,4,14,6,6,5,3,3,36,24,12,2,33,0,4,4
56401386,0,,,190,97,93,15,11,4,175,86,89,98,52,46,168,82,86,164,81,83,77,34,43,35,15,20,16,6,10,3,0,3,1,0,1,54,54,10,10,9,11,5,3,6,44,20,24,7,44,0,8,5
56401387,0,,,69,31,38,9,1,8,60,30,30,30,15,15,59,30,29,58,29,29,30,15,15,12,4,8,7,2,5,1,1,0,0,0,0,21,21,2,7,5,3,0,2,2,19,9,10,2,16,0,2,3
56401388,0,,,105,59,46,4,2,2,101,57,44,54,34,20,101,57,44,98,54,44,47,23,24,31,12,19,14,6,8,1,0,1,0,0,0,30,30,2,10,3,6,4,5,0,28,15,13,1,29,0,2,4
56401389,0,,,116,52,64,5,3,2,111,49,62,76,39,37,102,43,59,100,42,58,35,10,25,21,4,17,10,1,9,0,0,0,1,0,1,35,35,6,5,9,7,4,3,1,29,8,21,1,28,0,4,0
56401390,0,,,534,253,281,71,38,33,463,215,248,323,153,170,449,210,239,442,208,234,140,62,78,66,25,41,21,7,14,2,0,2,9,1,8,196,196,59,41,39,28,14,13,2,137,95,42,14,95,14,14,19
56401391,0,,,877,436,441,117,59,58,760,377,383,546,290,256,736,362,374,721,351,370,214,87,127,119,44,75,41,12,29,4,0,4,9,8,1,335,334,102,91,63,33,28,8,9,228,174,54,32,136,16,31,25
56401392,0,,,951,493,458,120,74,46,826,416,410,526,280,246,811,409,402,795,398,397,300,136,164,131,49,82,51,12,39,3,2,1,14,10,4,374,374,127,87,61,56,25,9,9,245,175,70,32,199,19,35,49
56401393,0,,,169,80,89,17,8,9,152,72,80,85,40,45,146,70,76,142,69,73,67,32,35,36,15,21,23,8,15,1,0,1,1,0,1,45,45,4,12,6,8,6,4,5,41,15,26,2,40,0,3,5
56401394,0,,,315,146,169,30,17,13,285,129,156,187,94,93,282,128,154,273,126,147,98,35,63,58,18,40,34,7,27,4,0,4,0,0,0,97,96,17,26,20,17,3,8,5,79,53,26,5,48,0,4,11
56401395,0,,,102,51,51,11,7,4,91,44,47,69,37,32,88,42,46,87,41,46,22,7,15,8,2,6,5,1,4,1,0,1,2,1,1,34,34,4,11,9,4,3,3,0,29,20,9,2,15,0,2,2
56401396,0,,,134,69,65,12,7,5,122,62,60,87,44,43,118,59,59,116,57,59,35,18,17,14,7,7,4,3,1,1,0,1,0,0,0,44,44,6,13,9,10,3,2,1,38,27,11,5,22,0,3,5
56401397,0,,,136,68,68,12,6,6,124,62,62,79,40,39,117,59,58,116,58,58,45,22,23,24,11,13,7,2,5,1,0,1,1,0,1,40,40,5,10,8,5,7,3,2,35,20,15,1,30,0,4,4
56401398,0,,,97,51,46,14,9,5,83,42,41,44,23,21,80,40,40,79,40,39,39,19,20,25,12,13,7,5,2,0,0,0,1,0,1,26,26,1,7,9,2,0,4,3,25,14,11,3,23,0,1,4
56401399,0,,,44,24,20,2,2,0,42,22,20,23,12,11,42,22,20,41,21,20,19,10,9,10,6,4,4,2,2,0,0,0,0,0,0,15,15,1,4,5,5,0,0,0,14,8,6,1,12,0,1,2
56401400,0,,,67,30,37,3,1,2,64,29,35,34,15,19,61,28,33,61,28,33,30,14,16,16,6,10,9,2,7,0,0,0,0,0,0,21,21,5,2,6,4,1,2,1,16,5,11,0,18,0,3,0
56401401,0,,,59,28,31,4,2,2,55,26,29,36,17,19,55,26,29,54,25,29,19,9,10,9,3,6,4,1,3,0,0,0,1,0,1,20,20,3,5,6,4,1,0,1,17,11,6,3,15,2,1,3
56401402,0,,,107,56,51,11,8,3,96,48,48,53,26,27,90,46,44,86,44,42,43,22,21,22,9,13,9,4,5,0,0,0,0,0,0,34,34,4,11,8,3,5,1,2,30,22,8,0,30,0,4,8
56401403,0,,,77,39,38,12,5,7,65,34,31,39,21,18,64,33,31,63,33,30,26,13,13,16,7,9,4,1,3,1,0,1,0,0,0,20,20,1,7,2,3,2,2,3,19,10,9,2,16,0,0,5
56401404,0,,,64,32,32,7,2,5,57,30,27,41,21,20,53,28,25,52,28,24,16,9,7,9,3,6,6,2,4,0,0,0,0,0,0,20,20,3,5,5,3,2,0,2,17,10,7,0,11,0,0,1
56401405,0,,,43,19,24,5,2,3,38,17,21,25,12,13,38,17,21,36,16,20,13,5,8,6,1,5,1,0,1,0,0,0,0,0,0,14,14,3,3,4,1,1,1,1,11,7,4,1,9,0,1,1
56401406,0,,,95,52,43,5,3,2,90,49,41,51,30,21,89,48,41,88,47,41,39,19,20,24,8,16,9,3,6,0,0,0,0,0,0,30,30,5,6,9,4,2,3,1,25,11,14,1,26,0,3,2
56401407,0,,,121,61,60,10,5,5,111,56,55,66,34,32,107,53,54,106,53,53,45,22,23,23,10,13,9,5,4,1,0,1,0,0,0,37,37,4,10,10,4,4,4,1,33,19,14,2,30,0,4,4
56401408,0,,,260,125,135,14,2,12,246,123,123,127,71,56,241,120,121,238,119,119,119,52,67,73,27,46,29,10,19,2,1,1,0,0,0,98,98,21,28,23,19,4,3,0,77,52,25,4,74,0,12,16
56401409,0,,,33,16,17,3,1,2,30,15,15,19,11,8,29,14,15,28,14,14,11,4,7,7,2,5,4,1,3,0,0,0,0,0,0,6,6,0,0,1,1,0,2,2,6,1,5,0,5,0,0,0
56401410,0,,,84,40,44,8,4,4,76,36,40,49,24,25,73,35,38,67,33,34,27,12,15,6,3,3,0,0,0,0,0,0,0,0,0,28,28,3,12,4,4,3,1,1,25,20,5,1,18,0,3,5
56401411,0,,,26,14,12,0,0,0,26,14,12,12,6,6,25,14,11,24,14,10,14,8,6,6,3,3,2,1,1,0,0,0,0,0,0,8,8,1,2,3,0,0,2,0,6,3,3,0,8,0,1,1
56401413,0,,,73,40,33,5,4,1,68,36,32,42,22,20,67,36,31,66,35,31,26,14,12,16,6,10,4,0,4,0,0,0,0,0,0,25,25,5,6,7,4,0,2,1,20,14,6,2,18,0,3,3
56401414,0,,,96,47,49,16,7,9,80,40,40,48,27,21,78,38,40,78,38,40,32,13,19,13,5,8,2,1,1,0,0,0,0,0,0,28,28,1,10,5,7,2,1,2,27,19,8,3,22,0,0,4
56401416,0,,,113,54,59,3,0,3,110,54,56,61,29,32,108,52,56,104,51,53,49,25,24,30,14,16,11,6,5,2,1,1,0,0,0,33,33,2,10,7,7,2,3,2,31,16,15,0,28,0,2,5
56401417,0,,,344,164,180,40,16,24,295,143,152,163,93,70,288,140,148,286,139,147,132,50,82,76,24,52,35,10,25,5,3,2,1,1,0,116,114,31,27,25,17,5,4,5,82,55,27,11,68,2,11,11
56401418,0,,,63,30,33,2,0,2,61,30,31,35,18,17,57,28,29,56,28,28,26,12,14,11,5,6,3,2,1,0,0,0,1,1,0,23,23,3,9,7,1,1,2,0,20,13,7,0,15,0,1,5
56401419,0,,,18,11,7,3,2,1,15,9,6,10,6,4,15,9,6,15,9,6,5,3,2,2,1,1,0,0,0,0,0,0,0,0,0,6,6,1,2,2,0,0,0,1,5,4,1,1,4,0,0,0
56401420,0,,,476,251,225,60,35,25,415,215,200,283,152,131,406,210,196,400,209,191,132,63,69,69,31,38,21,12,9,2,1,1,13,12,1,177,177,45,48,30,36,12,4,2,130,98,32,18,95,4,18,22
56401421,0,,,46,25,21,3,1,2,43,24,19,24,16,8,43,24,19,43,24,19,19,8,11,9,3,6,3,1,2,0,0,0,0,0,0,16,16,3,4,5,1,2,1,0,13,9,4,0,13,0,1,1
56401422,0,,,49,23,26,16,7,9,33,16,17,18,8,10,32,15,17,32,15,17,15,8,7,5,2,3,3,1,2,0,0,0,0,0,0,13,13,0,4,3,1,3,1,1,13,9,4,3,7,0,0,1
56401423,0,,,101,50,51,4,3,1,97,47,50,51,25,26,95,46,49,94,45,49,46,22,24,28,12,16,10,3,7,2,1,1,1,0,1,31,31,1,11,7,6,4,1,1,30,17,13,2,25,0,1,6
56401424,0,,,302,136,166,40,13,27,262,123,139,153,75,78,255,119,136,254,119,135,109,48,61,59,25,34,12,3,9,2,1,1,1,0,1,94,94,12,28,20,16,6,8,4,82,53,29,7,68,1,8,18
56401425,0,,,1707,839,868,217,109,108,1473,722,751,1008,520,488,1419,690,729,1388,675,713,465,202,263,242,93,149,83,34,49,4,1,3,6,5,1,699,699,248,175,126,73,41,24,12,443,354,89,63,322,25,97,60
56401426,0,,,2761,1342,1419,471,239,232,2269,1087,1182,1673,840,833,2162,1022,1140,2120,993,1127,596,247,349,320,127,193,111,40,71,4,2,2,20,6,14,1026,1025,276,250,209,162,85,29,14,745,593,152,120,408,41,100,81
56401427,0,,,549,281,268,90,42,48,435,225,210,357,188,169,412,214,198,405,209,196,78,37,41,41,16,25,13,4,9,0,0,0,8,2,6,239,237,110,35,42,23,20,2,5,127,103,24,26,53,28,7,12
56401428,0,,,43,24,19,5,5,0,38,19,19,20,10,10,37,19,18,35,18,17,18,9,9,8,4,4,2,1,1,0,0,0,0,0,0,14,14,5,1,2,2,2,2,0,9,2,7,2,11,0,3,0
56401429,0,,,228,110,118,20,10,10,208,100,108,128,65,63,195,92,103,189,89,100,80,35,45,43,17,26,16,4,12,3,0,3,1,0,1,61,61,7,15,7,11,9,6,6,52,23,29,5,51,0,2,6
56401430,1,,56401440,229,123,106,20,11,9,202,106,96,121,71,50,198,103,95,195,101,94,81,35,46,43,15,28,20,6,14,1,1,0,1,0,1,87,86,35,21,17,4,7,4,3,52,33,19,7,46,9,7,10
56401431,0,,,278,157,121,25,15,10,235,124,111,148,86,62,232,122,110,231,121,110,87,38,49,60,24,36,33,12,21,6,1,5,0,0,0,121,120,54,31,14,12,5,3,1,65,48,17,10,41,4,4,13
56401432,0,,,140,66,74,8,4,4,132,62,70,78,42,36,130,61,69,128,60,68,54,20,34,32,11,21,7,1,6,3,1,2,0,0,0,42,42,6,8,10,8,6,3,1,36,16,20,3,38,0,4,4
56401433,0,,,131,69,62,13,9,4,118,60,58,68,36,32,118,60,58,117,59,58,50,24,26,27,11,16,11,4,7,0,0,0,0,0,0,34,34,3,5,6,8,5,6,1,31,13,18,1,27,0,1,3
56401434,0,,,227,116,111,18,9,9,207,105,102,138,72,66,200,102,98,198,100,98,69,33,36,37,14,23,15,4,11,0,0,0,1,0,1,61,60,15,12,13,10,4,4,2,45,25,20,5,42,1,6,4
56401435,0,,,1321,596,725,127,66,61,1185,523,662,666,348,318,1165,514,651,1146,503,643,519,175,344,364,100,264,224,46,178,44,6,38,22,16,6,485,476,186,132,76,36,29,11,6,286,233,53,46,200,31,60,39
56401436,0,,,2029,999,1030,320,162,158,1651,802,849,1231,612,619,1592,771,821,1557,751,806,420,190,230,204,88,116,69,18,51,3,1,2,41,10,31,853,852,323,209,134,106,47,19,14,517,434,83,96,276,48,53,72
56401437,0,,,177,96,81,26,17,9,150,79,71,116,65,51,148,78,70,145,77,68,34,14,20,14,5,9,4,0,4,0,0,0,1,0,1,35,34,7,5,5,5,3,3,6,27,12,15,8,17,0,1,3
56401438,0,,,139,65,74,11,4,7,128,61,67,74,36,38,125,60,65,122,60,62,54,25,29,28,12,16,10,5,5,0,0,0,0,0,0,37,37,5,7,6,8,3,4,4,32,10,22,4,32,0,4,2
56401439,0,,,351,165,186,52,20,32,299,145,154,205,103,102,290,140,150,280,134,146,94,42,52,48,22,26,16,7,9,0,0,0,0,0,0,113,113,18,32,16,25,15,5,2,95,68,27,15,62,0,15,17
56401440,2,56401430,,5,5,0,*,*,*,*,*,*,*,*,*,*,*,*,*,*,*,*,*,*,*,*,*,*,*,*,*,*,*,*,*,*,5,5,*,*,*,*,*,*,*,*,*,*,*,*,*,*,*
56401441,0,,,169,90,79,15,10,5,153,79,74,84,47,37,150,77,73,150,77,73,69,32,37,31,13,18,14,6,8,0,0,0,0,0,0,49,49,6,16,8,6,4,5,4,42,25,17,5,40,0,3,9
56401442,0,,,159,72,87,12,2,10,147,70,77,82,45,37,143,67,76,141,65,76,65,25,40,39,12,27,20,7,13,3,0,3,2,0,2,52,52,8,14,14,7,4,3,2,44,28,16,3,43,0,7,7
56401443,0,,,115,51,64,15,10,5,100,41,59,55,21,34,99,41,58,99,41,58,45,20,25,24,7,17,15,5,10,2,0,2,0,0,0,35,35,7,6,10,5,1,2,4,28,11,17,3,29,0,6,3
56401444,0,,,227,117,110,25,13,12,202,104,98,121,63,58,198,103,95,195,101,94,81,41,40,43,20,23,14,4,10,1,1,0,0,0,0,69,69,11,18,7,15,12,3,3,57,30,27,6,52,0,7,8
56401445,0,,,325,171,154,31,19,12,294,152,142,178,99,79,283,145,138,277,143,134,116,53,63,61,23,38,24,8,16,3,1,2,0,0,0,110,110,26,22,27,17,9,4,5,83,50,33,10,79,0,18,9
56401446,0,,,471,190,281,54,21,33,407,162,245,216,111,105,392,156,236,384,152,232,191,51,140,150,30,120,102,15,87,21,1,20,0,0,0,122,120,31,24,26,20,9,4,6,88,61,27,16,50,4,6,6
56401447,0,,,43,22,21,3,0,3,40,22,18,26,17,9,38,20,18,36,18,18,14,5,9,9,3,6,3,0,3,1,0,1,3,0,3,16,16,4,5,3,2,0,2,0,12,6,6,1,9,1,0,2
56401448,0,,,103,47,56,17,8,9,86,39,47,53,26,27,86,39,47,85,38,47,33,13,20,17,6,11,5,0,5,1,0,1,0,0,0,28,28,0,10,4,8,2,1,3,27,17,10,5,21,0,0,5
56401449,0,,,75,38,37,10,5,5,65,33,32,36,20,16,64,33,31,64,33,31,29,13,16,14,4,10,6,1,5,1,0,1,0,0,0,25,25,4,7,6,3,3,2,0,21,10,11,2,17,0,2,1
56401450,0,,,60,31,29,2,2,0,58,29,29,30,15,15,57,28,29,57,28,29,28,14,14,14,6,8,7,3,4,0,0,0,1,0,1,20,20,2,9,3,1,3,2,0,18,11,7,0,18,0,1,8
56401451,0,,,46,25,21,3,1,2,43,24,19,25,15,10,42,23,19,40,21,19,18,9,9,11,5,6,1,1,0,0,0,0,0,0,0,13,13,0,6,2,0,3,1,1,13,7,6,1,10,0,0,4
56401452,0,,,125,62,63,8,4,4,117,58,59,61,30,31,115,57,58,115,57,58,56,28,28,20,7,13,11,4,7,2,1,1,0,0,0,45,45,12,13,10,2,1,5,2,33,19,14,4,35,0,7,8
56401453,0,,,32,16,16,0,0,0,32,16,16,18,9,9,32,16,16,32,16,16,14,7,7,10,4,6,1,0,1,0,0,0,0,0,0,10,10,1,3,3,1,1,0,1,9,5,4,0,9,0,1,2
56401454,0,,,192,102,90,16,8,8,176,94,82,106,57,49,171,91,80,167,89,78,70,37,33,26,12,14,10,3,7,0,0,0,0,0,0,52,52,1,14,11,11,8,3,4,51,31,20,3,41,0,0,8
56401455,0,,,115,58,57,13,7,6,102,51,51,68,35,33,98,48,50,98,48,50,34,16,18,16,6,10,3,1,2,1,0,1,6,0,6,34,34,9,6,6,4,2,4,3,25,15,10,3,22,0,3,2
56401456,0,,,181,86,95,21,7,14,160,79,81,98,54,44,156,78,78,152,76,76,62,25,37,28,9,19,12,3,9,2,0,2,0,0,0,48,48,8,10,7,6,5,5,7,40,18,22,8,38,0,6,3
56401457,0,,,42,20,22,0,0,0,42,20,22,25,12,13,40,19,21,39,18,21,17,8,9,11,4,7,7,2,5,1,0,1,0,0,0,15,15,2,3,6,4,0,0,0,12,6,6,0,12,0,2,2
56401458,1,,56401468,129,59,70,13,4,9,119,55,64,65,30,35,116,54,62,113,53,60,54,25,29,26,10,16,10,2,8,0,0,0,5,0,5,43,43,14,9,10,5,3,1,4,31,16,15,3,32,4,8,6
56401459,0,,,94,44,50,7,2,5,87,42,45,42,20,22,87,42,45,87,42,45,45,22,23,26,9,17,11,3,8,3,1,2,0,0,0,28,28,4,6,4,10,2,0,2,24,9,15,3,26,0,4,3
56401460,0,,,36,17,19,3,1,2,33,16,17,19,8,11,32,16,16,30,15,15,14,8,6,8,3,5,2,1,1,0,0,0,1,0,1,11,11,3,2,3,0,0,1,2,8,4,4,1,10,0,2,1
56401461,1,,56401471,120,64,56,10,7,3,113,58,55,63,37,26,110,58,52,110,58,52,50,21,29,24,8,16,10,5,5,0,0,0,0,0,0,40,40,6,11,14,5,3,3,0,36,21,15,3,37,0,5,4
56401462,0,,,144,71,73,10,4,6,134,67,67,76,39,37,132,66,66,129,64,65,58,28,30,41,19,22,21,10,11,0,0,0,1,0,1,48,48,7,18,4,10,6,2,1,41,23,18,3,36,0,7,8
56401463,0,,,59,28,31,6,2,4,53,26,27,28,14,14,50,25,25,49,24,25,25,12,13,13,7,6,4,1,3,0,0,0,1,0,1,18,18,2,6,4,2,2,0,2,16,9,7,1,16,0,2,4
56401464,0,,,61,32,29,6,3,3,55,29,26,35,21,14,53,27,26,52,26,26,20,8,12,13,5,8,5,2,3,0,0,0,0,0,0,16,16,2,4,1,2,2,5,0,14,5,9,0,14,0,1,0
56401465,0,,,65,32,33,1,0,1,64,32,32,31,17,14,63,31,32,63,31,32,33,15,18,26,11,15,8,5,3,0,0,0,0,0,0,27,27,5,12,6,2,2,0,0,22,17,5,0,20,0,3,7
56401466,0,,,68,36,32,9,5,4,59,31,28,37,21,16,55,29,26,54,28,26,22,10,12,8,3,5,3,0,3,0,0,0,1,0,1,19,19,3,4,3,3,3,1,2,16,9,7,2,12,0,1,3
56401467,0,,,85,47,38,7,6,1,78,41,37,31,18,13,75,39,36,75,39,36,47,23,24,18,8,10,6,2,4,2,1,1,0,0,0,26,26,4,8,5,2,3,2,2,22,13,9,2,25,0,3,7
56401468,2,56401458,,3,0,3,*,*,*,*,*,*,*,*,*,*,*,*,*,*,*,*,*,*,*,*,*,*,*,*,*,*,*,*,*,*,3,3,*,*,*,*,*,*,*,*,*,*,*,*,*,*,*
56401470,0,,,162,83,79,19,9,10,143,74,69,82,45,37,143,74,69,140,72,68,61,29,32,35,15,20,14,6,8,1,0,1,3,1,2,47,47,6,13,9,9,2,6,2,41,25,16,3,37,0,4,5
56401471,2,56401461,,3,1,2,*,*,*,*,*,*,*,*,*,*,*,*,*,*,*,*,*,*,*,*,*,*,*,*,*,*,*,*,*,*,2,2,*,*,*,*,*,*,*,*,*,*,*,*,*,*,*
56401472,0,,,29,17,12,1,1,0,28,16,12,18,10,8,25,15,10,25,15,10,10,6,4,2,1,1,1,0,1,0,0,0,0,0,0,9,9,0,3,2,3,1,0,0,9,7,2,0,6,0,0,1
56401473,0,,,185,93,92,10,8,2,175,85,90,106,52,54,168,83,85,163,79,84,69,33,36,30,9,21,17,5,12,1,0,1,0,0,0,47,47,3,9,9,7,9,8,2,44,16,28,3,38,0,2,5
56401474,2,56401475,,4,2,2,*,*,*,*,*,*,*,*,*,*,*,*,*,*,*,*,*,*,*,*,*,*,*,*,*,*,*,*,*,*,1,1,*,*,*,*,*,*,*,*,*,*,*,*,*,*,*
56401475,1,,56401474,136,68,68,11,8,3,129,62,67,78,38,40,125,59,66,123,58,65,51,24,27,34,14,20,20,9,11,2,2,0,0,0,0,38,38,4,10,6,9,4,1,5,35,17,18,2,31,0,3,5
56401476,0,,,101,47,54,7,3,4,94,44,50,58,27,31,91,43,48,90,42,48,36,17,19,19,7,12,9,3,6,1,1,0,1,0,1,32,32,6,10,5,4,2,2,3,26,13,13,2,25,0,3,5
56401477,0,,,155,76,79,20,10,10,135,66,69,81,38,43,131,65,66,126,60,66,54,28,26,23,8,15,12,2,10,0,0,0,1,0,1,45,45,11,7,7,6,7,2,5,34,15,19,3,36,0,7,3
56401480,0,,,96,44,52,17,9,8,79,35,44,53,24,29,77,34,43,76,34,42,26,11,15,11,2,9,7,1,6,0,0,0,1,0,1,23,23,1,4,6,4,2,1,5,22,8,14,6,17,0,0,1
56401481,0,,,67,38,29,6,6,0,61,32,29,41,20,21,59,30,29,57,29,28,20,12,8,9,5,4,3,2,1,2,2,0,3,0,3,20,20,1,8,4,2,1,3,1,18,11,7,1,13,0,0,3
56401482,0,,,132,67,65,13,6,7,119,61,58,62,34,28,118,61,57,116,61,55,57,27,30,33,14,19,11,5,6,1,1,0,0,0,0,43,43,10,9,10,5,4,2,3,33,21,12,3,36,0,7,5
56401483,0,,,123,63,60,5,2,3,118,61,57,76,43,33,113,59,54,112,58,54,42,18,24,24,8,16,11,4,7,1,1,0,1,0,1,39,39,7,9,10,5,4,2,2,32,18,14,0,29,0,5,1
56401484,0,,,68,31,37,6,1,5,62,30,32,35,20,15,62,30,32,62,30,32,27,10,17,14,4,10,7,0,7,2,0,2,0,0,0,19,19,3,2,5,4,2,1,2,16,9,7,2,14,0,2,0
56401485,0,,,191,93,98,13,6,7,178,87,91,95,45,50,171,84,87,171,84,87,83,42,41,41,20,21,17,6,11,0,0,0,3,1,2,63,63,10,21,12,8,5,3,4,51,28,23,5,49,0,5,13
56401486,0,,,130,64,66,10,4,6,120,60,60,67,37,30,118,58,60,116,58,58,53,23,30,35,14,21,15,5,10,0,0,0,1,0,1,44,43,8,12,8,10,2,1,2,35,22,13,2,33,0,6,4
56401487,0,,,117,54,63,10,3,7,107,51,56,64,36,28,104,51,53,100,50,50,43,15,28,26,7,19,6,0,6,2,0,2,0,0,0,36,36,7,5,12,6,3,0,3,29,13,16,1,25,0,2,1
56401490,0,,,54,27,27,7,2,5,47,25,22,26,14,12,43,25,18,42,24,18,21,11,10,7,4,3,5,3,2,0,0,0,0,0,0,14,14,2,3,2,3,0,1,3,12,6,6,1,11,0,2,2
56401491,0,,,21,12,9,2,2,0,19,10,9,11,6,5,17,8,9,15,7,8,8,4,4,5,2,3,3,1,2,0,0,0,0,0,0,6,6,2,1,0,1,1,0,1,4,2,2,0,4,0,1,1
56401492,0,,,54,31,23,3,2,1,51,29,22,20,13,7,50,28,22,49,27,22,31,16,15,16,8,8,6,3,3,2,2,0,0,0,0,18,18,3,4,6,3,0,1,1,15,10,5,1,18,0,3,3
56401493,0,,,118,57,61,16,8,8,102,49,53,62,30,32,98,47,51,94,44,50,40,19,21,15,5,10,8,2,6,3,0,3,0,0,0,36,36,5,9,5,11,3,1,2,31,21,10,3,23,0,3,5
56401494,0,,,80,41,39,13,6,7,67,35,32,32,18,14,63,32,31,62,32,30,35,17,18,15,7,8,7,3,4,0,0,0,0,0,0,21,21,1,7,3,3,2,2,3,20,12,8,4,18,0,1,5
56401495,0,,,39,20,19,4,4,0,35,16,19,16,9,7,35,16,19,35,16,19,19,7,12,12,4,8,8,2,6,2,1,1,0,0,0,11,11,1,2,1,6,0,0,1,10,4,6,2,10,0,1,2
56401496,0,,,149,70,79,9,4,5,140,66,74,76,39,37,137,64,73,136,63,73,64,27,37,38,14,24,14,5,9,1,1,0,1,0,1,56,56,13,16,14,7,2,4,0,43,27,16,3,45,0,9,8
56401497,1,,56401499,65,31,34,6,2,4,64,31,33,34,20,14,62,30,32,61,30,31,30,11,19,16,4,12,4,1,3,0,0,0,0,0,0,24,24,5,8,3,6,2,1,0,20,14,6,1,20,0,4,3
56401499,2,56401497,,5,2,3,*,*,*,*,*,*,*,*,*,*,*,*,*,*,*,*,*,*,*,*,*,*,*,*,*,*,*,*,*,*,1,1,*,*,*,*,*,*,*,*,*,*,*,*,*,*,*
56401500,0,,,56,26,30,3,1,2,53,25,28,22,13,9,52,25,27,52,25,27,31,12,19,14,5,9,3,1,2,1,0,1,0,0,0,17,17,1,6,3,3,3,0,1,16,6,10,1,17,0,1,5
56401501,0,,,52,26,26,2,2,0,50,24,26,33,17,16,49,24,25,48,24,24,17,7,10,12,4,8,6,1,5,0,0,0,0,0,0,15,15,1,4,2,6,1,0,1,13,6,7,1,12,0,1,1
56401502,0,,,50,26,24,4,3,1,46,23,23,24,14,10,44,22,22,43,21,22,22,9,13,15,6,9,12,6,6,0,0,0,0,0,0,17,17,4,5,3,3,0,0,2,13,8,5,0,16,0,3,3
56401503,0,,,16,11,5,2,2,0,14,9,5,6,4,2,14,9,5,14,9,5,8,5,3,5,3,2,1,1,0,0,0,0,0,0,0,6,6,2,2,1,0,0,0,1,4,3,1,1,5,0,1,1
56401504,0,,,64,32,32,0,0,0,64,32,32,40,20,20,61,31,30,61,31,30,24,12,12,14,6,8,4,2,2,0,0,0,0,0,0,21,21,2,7,7,2,0,2,1,19,14,5,0,17,0,1,2
56401505,0,,,21,9,12,2,0,2,19,9,10,9,5,4,19,9,10,19,9,10,10,4,6,2,1,1,0,0,0,0,0,0,0,0,0,9,9,5,1,1,0,1,1,0,4,1,3,0,8,0,4,0
56401506,1,,56401515,53,27,26,9,5,4,49,24,25,30,14,16,47,24,23,46,23,23,19,10,9,10,5,5,2,0,2,0,0,0,0,0,0,13,13,1,1,3,3,3,2,1,13,5,8,2,11,0,1,1
56401508,0,,,13,7,6,1,1,0,12,6,6,6,4,2,11,5,6,11,5,6,6,2,4,3,0,3,2,0,2,1,0,1,0,0,0,5,5,2,0,2,0,1,0,0,3,1,2,0,4,0,1,0
56401510,0,,,31,16,15,5,3,2,26,13,13,16,9,7,25,12,13,25,12,13,10,4,6,3,1,2,2,1,1,0,0,0,0,0,0,7,7,1,1,1,1,1,0,2,6,3,3,1,6,0,1,1
56401511,1,,56401512,27,8,19,3,1,2,29,9,20,13,3,10,28,9,19,28,9,19,16,6,10,6,1,5,4,0,4,0,0,0,0,0,0,10,10,1,6,4,0,0,0,1,11,10,1,1,10,0,1,4
56401512,2,56401511,,5,2,3,*,*,*,*,*,*,*,*,*,*,*,*,*,*,*,*,*,*,*,*,*,*,*,*,*,*,*,*,*,*,2,2,*,*,*,*,*,*,*,*,*,*,*,*,*,*,*
56401513,2,56401522,,4,2,2,*,*,*,*,*,*,*,*,*,*,*,*,*,*,*,*,*,*,*,*,*,*,*,*,*,*,*,*,*,*,3,3,*,*,*,*,*,*,*,*,*,*,*,*,*,*,*
56401514,2,56401523,,5,2,3,*,*,*,*,*,*,*,*,*,*,*,*,*,*,*,*,*,*,*,*,*,*,*,*,*,*,*,*,*,*,3,3,*,*,*,*,*,*,*,*,*,*,*,*,*,*,*
56401515,2,56401506,,5,2,3,*,*,*,*,*,*,*,*,*,*,*,*,*,*,*,*,*,*,*,*,*,*,*,*,*,*,*,*,*,*,1,1,*,*,*,*,*,*,*,*,*,*,*,*,*,*,*
56401516,0,,,17,7,10,1,1,0,16,6,10,8,3,5,14,6,8,14,6,8,8,3,5,4,2,2,2,0,2,1,0,1,1,0,1,6,6,1,3,0,1,0,1,0,5,3,2,0,5,0,1,1
56401518,1,,56401528,12,7,5,1,0,1,20,12,8,12,8,4,19,11,8,18,10,8,8,4,4,1,0,1,1,0,1,0,0,0,1,0,1,4,4,2,0,2,0,0,1,1,4,2,2,1,5,0,2,0
56401519,1,,56401529,22,12,10,0,0,0,28,16,12,10,7,3,28,16,12,27,15,12,18,9,9,11,5,6,3,1,2,0,0,0,0,0,0,11,11,3,6,1,1,0,1,0,9,7,2,0,10,0,2,4
56401520,0,,,400,193,207,55,33,22,345,160,185,180,92,88,338,156,182,335,155,180,165,68,97,93,36,57,38,8,30,3,1,2,1,0,1,127,124,25,30,28,22,9,4,6,98,65,33,13,90,0,17,19
56401521,0,,,982,477,505,78,41,37,903,435,468,501,262,239,875,427,448,857,417,440,402,173,229,238,93,145,119,39,80,16,4,12,31,26,5,366,365,114,112,52,40,30,7,10,250,170,80,17,236,31,54,45
56401522,1,,56401513,186,104,82,24,10,14,153,87,66,93,55,38,150,86,64,147,84,63,60,32,28,31,14,17,14,4,10,1,0,1,0,0,0,87,87,44,15,19,7,2,1,2,46,34,12,8,41,0,14,8
56401523,1,,56401514,26,13,13,6,5,1,25,10,15,15,7,8,24,10,14,23,10,13,10,3,7,6,1,5,3,0,3,0,0,0,0,0,0,6,6,4,0,2,0,1,0,2,5,1,4,1,7,0,2,0
56401524,0,,,15,8,7,2,1,1,13,7,6,8,4,4,13,7,6,13,7,6,5,3,2,3,2,1,1,1,0,0,0,0,0,0,0,6,6,1,4,0,0,0,1,0,5,4,1,0,4,0,0,1
56401525,1,,56401535,42,23,19,4,3,1,45,23,22,24,13,11,45,23,22,45,23,22,21,10,11,12,3,9,5,1,4,0,0,0,0,0,0,14,14,4,5,2,3,1,2,0,13,4,9,1,15,0,4,3
56401527,2,56401537,,7,4,3,*,*,*,*,*,*,*,*,*,*,*,*,*,*,*,*,*,*,*,*,*,*,*,*,*,*,*,*,*,*,3,3,*,*,*,*,*,*,*,*,*,*,*,*,*,*,*
56401528,2,56401518,,9,5,4,*,*,*,*,*,*,*,*,*,*,*,*,*,*,*,*,*,*,*,*,*,*,*,*,*,*,*,*,*,*,2,2,*,*,*,*,*,*,*,*,*,*,*,*,*,*,*
56401529,2,56401519,,6,4,2,*,*,*,*,*,*,*,*,*,*,*,*,*,*,*,*,*,*,*,*,*,*,*,*,*,*,*,*,*,*,1,1,*,*,*,*,*,*,*,*,*,*,*,*,*,*,*
56401530,0,,,72,35,37,4,1,3,68,34,34,36,19,17,66,32,34,66,32,34,32,15,17,13,3,10,7,1,6,0,0,0,0,0,0,26,26,6,8,7,0,3,1,1,20,11,9,0,19,0,1,4
56401531,0,,,241,114,127,31,16,15,210,98,112,122,56,66,199,95,104,197,94,103,88,42,46,34,16,18,9,5,4,0,0,0,2,0,2,94,94,19,36,18,14,2,5,0,75,61,14,8,55,0,10,15
56401532,0,,,31,14,17,6,2,4,25,12,13,17,8,9,25,12,13,23,11,12,8,4,4,1,1,0,0,0,0,0,0,0,0,0,0,10,10,3,1,2,1,2,1,0,7,5,2,0,6,0,3,0
56401533,0,,,24,13,11,0,0,0,24,13,11,10,6,4,22,12,10,22,12,10,14,7,7,2,1,1,2,1,1,1,1,0,0,0,0,9,9,2,4,1,0,1,1,0,7,5,2,0,7,0,2,3
56401534,0,,,44,24,20,4,3,1,40,21,19,22,13,9,39,20,19,37,18,19,18,8,10,8,3,5,4,1,3,0,0,0,0,0,0,12,12,1,1,5,3,0,1,1,11,5,6,1,11,0,0,1
56401535,2,56401525,,7,3,4,*,*,*,*,*,*,*,*,*,*,*,*,*,*,*,*,*,*,*,*,*,*,*,*,*,*,*,*,*,*,3,3,*,*,*,*,*,*,*,*,*,*,*,*,*,*,*
56401537,1,,56401527,65,36,29,3,1,2,69,39,30,34,21,13,69,39,30,69,39,30,35,18,17,27,11,16,5,1,4,0,0,0,0,0,0,24,24,7,7,7,3,1,1,1,20,13,7,0,24,0,5,5
56401539,2,56401548,,8,5,3,*,*,*,*,*,*,*,*,*,*,*,*,*,*,*,*,*,*,*,*,*,*,*,*,*,*,*,*,*,*,3,3,*,*,*,*,*,*,*,*,*,*,*,*,*,*,*
56401540,0,,,31,18,13,6,5,1,25,13,12,17,10,7,24,13,11,24,13,11,8,3,5,4,1,3,0,0,0,0,0,0,0,0,0,10,10,2,2,1,3,2,0,0,7,4,3,1,5,0,1,1
56401541,0,,,89,49,40,9,5,4,80,44,36,43,24,19,78,43,35,78,43,35,37,20,17,16,6,10,5,1,4,0,0,0,1,0,1,32,32,5,11,9,2,3,2,0,27,18,9,1,27,0,5,6
56401542,0,,,63,29,34,8,4,4,55,25,30,28,14,14,52,23,29,52,23,29,27,11,16,15,4,11,7,1,6,1,0,1,0,0,0,18,18,1,4,6,3,2,0,2,16,9,7,1,16,0,1,3
56401543,0,,,28,16,12,2,1,1,26,15,11,17,10,7,24,13,11,22,12,10,9,5,4,5,2,3,2,1,1,0,0,0,0,0,0,9,9,3,1,1,2,0,2,0,6,1,5,1,6,0,1,0
56401544,1,,56401554,53,27,26,4,0,4,52,29,23,22,12,10,51,28,23,50,27,23,30,17,13,11,5,6,2,0,2,1,0,1,1,0,1,21,21,4,13,2,2,1,0,1,17,13,4,1,20,0,4,7
56401545,0,,,20,10,10,3,3,0,17,7,10,10,5,5,16,6,10,16,6,10,7,2,5,3,1,2,1,0,1,0,0,0,0,0,0,7,7,2,3,1,0,0,0,1,5,4,1,1,5,0,2,0
56401546,1,,56401556,26,12,14,0,0,0,30,13,17,14,10,4,30,13,17,30,13,17,16,3,13,13,2,11,7,1,6,0,0,0,0,0,0,11,11,6,2,1,3,1,0,0,7,2,5,0,13,0,6,0
56401547,0,,,48,28,20,0,0,0,48,28,20,26,16,10,48,28,20,48,28,20,22,12,10,8,4,4,3,1,2,0,0,0,0,0,0,18,18,3,5,6,3,1,0,0,15,13,2,0,13,0,2,3
56401548,1,,56401539,72,38,34,6,5,1,74,38,36,34,20,14,72,38,34,72,38,34,40,18,22,26,11,15,10,4,6,0,0,0,0,0,0,32,32,15,9,6,2,0,2,1,20,13,7,2,30,0,12,5
56401549,2,56401558,,7,5,2,*,*,*,*,*,*,*,*,*,*,*,*,*,*,*,*,*,*,*,*,*,*,*,*,*,*,*,*,*,*,4,4,*,*,*,*,*,*,*,*,*,*,*,*,*,*,*
56401550,0,,,38,19,19,0,0,0,38,19,19,22,12,10,37,18,19,37,18,19,16,7,9,9,4,5,1,0,1,0,0,0,0,0,0,12,12,3,2,1,3,2,1,0,9,4,5,0,10,0,2,0
56401551,0,,,79,34,45,10,1,9,69,33,36,32,17,15,66,31,35,65,30,35,37,16,21,19,4,15,13,2,11,1,0,1,0,0,0,23,23,3,4,9,3,1,1,2,20,8,12,2,22,0,3,2
56401552,0,,,20,11,9,1,0,1,19,11,8,8,5,3,18,11,7,18,11,7,11,6,5,6,3,3,2,2,0,0,0,0,0,0,0,9,9,4,2,1,1,1,0,0,5,3,2,0,8,0,3,1
56401553,0,,,62,34,28,11,6,5,51,28,23,22,13,9,51,28,23,51,28,23,29,15,14,12,6,6,4,1,3,0,0,0,0,0,0,23,23,4,12,3,2,0,0,2,19,14,5,2,20,0,4,7
56401554,2,56401544,,3,2,1,*,*,*,*,*,*,*,*,*,*,*,*,*,*,*,*,*,*,*,*,*,*,*,*,*,*,*,*,*,*,2,2,*,*,*,*,*,*,*,*,*,*,*,*,*,*,*
56401556,2,56401546,,4,1,3,*,*,*,*,*,*,*,*,*,*,*,*,*,*,*,*,*,*,*,*,*,*,*,*,*,*,*,*,*,*,2,2,*,*,*,*,*,*,*,*,*,*,*,*,*,*,*
56401557,0,,,22,12,10,0,0,0,22,12,10,14,9,5,22,12,10,22,12,10,8,3,5,6,2,4,2,0,2,1,0,1,0,0,0,10,10,5,1,1,3,0,0,0,5,1,4,0,8,0,4,0
56401558,1,,56401549;56401569,82,42,40,5,2,3,93,51,42,48,26,22,91,50,41,91,50,41,45,25,20,27,12,15,6,2,4,0,0,0,1,0,1,31,31,11,15,7,3,1,2,1,28,21,7,2,30,0,9,8
56401559,0,,,95,48,47,4,3,1,91,45,46,56,29,27,83,43,40,81,41,40,35,16,19,24,11,13,9,2,7,0,0,0,0,0,0,36,36,11,9,6,5,2,3,0,25,18,7,0,25,0,9,3
56401561,0,,,36,17,19,1,1,0,35,16,19,17,9,8,35,16,19,35,16,19,18,7,11,9,2,7,2,0,2,0,0,0,0,0,0,14,14,3,5,2,3,1,0,0,11,6,5,0,13,0,3,4
56401563,1,,56401564,31,17,14,1,0,1,32,18,14,17,9,8,32,18,14,32,18,14,15,9,6,6,3,3,1,0,1,1,0,1,0,0,0,13,13,3,8,1,1,0,0,1,10,9,1,1,10,0,2,2
56401564,2,56401563,,2,1,1,*,*,*,*,*,*,*,*,*,*,*,*,*,*,*,*,*,*,*,*,*,*,*,*,*,*,*,*,*,*,1,1,*,*,*,*,*,*,*,*,*,*,*,*,*,*,*
56401567,0,,,69,35,34,2,0,2,67,35,32,23,12,11,65,35,30,65,35,30,44,23,21,22,9,13,12,4,8,0,0,0,0,0,0,26,26,5,8,8,3,1,0,1,21,13,8,0,23,0,2,6
56401568,0,,,28,19,9,3,3,0,25,16,9,16,11,5,25,16,9,24,15,9,9,5,4,3,1,2,0,0,0,0,0,0,0,0,0,9,9,0,4,3,1,0,0,1,9,7,2,0,6,0,0,2
56401569,2,56401558,,9,6,3,*,*,*,*,*,*,*,*,*,*,*,*,*,*,*,*,*,*,*,*,*,*,*,*,*,*,*,*,*,*,5,5,*,*,*,*,*,*,*,*,*,*,*,*,*,*,*
56401571,0,,,25,16,9,1,1,0,24,15,9,16,11,5,23,14,9,22,13,9,8,4,4,2,0,2,1,0,1,0,0,0,0,0,0,9,9,2,3,3,0,0,0,1,7,4,3,0,7,0,2,0
56401572,0,,,21,11,10,2,1,1,19,10,9,10,4,6,17,10,7,17,10,7,9,6,3,4,3,1,1,1,0,0,0,0,0,0,0,7,7,1,2,1,2,1,0,0,6,3,3,1,6,0,1,1
56401574,0,,,25,14,11,0,0,0,25,14,11,9,5,4,25,14,11,25,14,11,16,9,7,3,2,1,1,1,0,0,0,0,0,0,0,10,10,0,6,3,1,0,0,0,10,10,0,0,10,0,0,5
56401575,0,,,22,12,10,0,0,0,22,12,10,11,8,3,22,12,10,22,12,10,11,4,7,7,1,6,5,1,4,0,0,0,0,0,0,10,10,3,4,2,0,1,0,0,7,6,1,0,9,0,3,1
56401578,1,,56401599,43,26,17,6,4,2,47,27,20,26,14,12,47,27,20,47,27,20,21,13,8,14,7,7,8,6,2,1,1,0,1,0,1,20,20,7,8,2,1,2,0,1,13,9,4,0,13,0,3,4
56401580,2,56401591,,5,3,2,*,*,*,*,*,*,*,*,*,*,*,*,*,*,*,*,*,*,*,*,*,*,*,*,*,*,*,*,*,*,2,2,*,*,*,*,*,*,*,*,*,*,*,*,*,*,*
56401581,2,56401582,,8,2,6,*,*,*,*,*,*,*,*,*,*,*,*,*,*,*,*,*,*,*,*,*,*,*,*,*,*,*,*,*,*,3,3,*,*,*,*,*,*,*,*,*,*,*,*,*,*,*
56401582,1,,56401581,57,33,24,4,2,2,61,33,28,32,21,11,61,33,28,60,33,27,29,12,17,13,3,10,5,0,5,0,0,0,0,0,0,22,22,8,6,5,3,1,1,1,17,10,7,1,21,0,4,1
56401585,1,,56401586,62,28,34,1,0,1,66,30,36,32,16,16,64,29,35,62,28,34,34,14,20,16,6,10,6,2,4,1,0,1,0,0,0,23,23,5,8,5,5,1,1,0,19,11,8,1,23,0,4,5
56401586,2,56401585,,5,2,3,*,*,*,*,*,*,*,*,*,*,*,*,*,*,*,*,*,*,*,*,*,*,*,*,*,*,*,*,*,*,2,2,*,*,*,*,*,*,*,*,*,*,*,*,*,*,*
56401590,0,,,23,11,12,0,0,0,23,11,12,16,8,8,22,10,12,22,10,12,7,3,4,6,2,4,2,1,1,0,0,0,1,0,1,8,8,1,2,2,3,0,0,0,6,4,2,0,5,0,1,0
56401591,1,,56401580,75,37,38,10,7,3,70,33,37,39,21,18,69,32,37,68,32,36,31,12,19,17,7,10,8,2,6,0,0,0,0,0,0,22,22,2,11,2,2,2,4,1,22,13,9,4,20,0,2,3
56401592,0,,,73,45,28,2,2,0,71,43,28,40,27,13,70,43,27,67,40,27,31,16,15,13,6,7,7,4,3,1,1,0,1,1,0,23,23,1,8,7,1,5,1,0,22,14,8,0,21,0,1,4
56401593,0,,,34,18,16,1,1,0,33,17,16,19,11,8,32,16,16,31,16,15,14,6,8,6,3,3,0,0,0,0,0,0,1,0,1,13,13,0,6,6,1,0,0,0,13,12,1,0,11,0,0,3
56401594,0,,,22,11,11,2,1,1,20,10,10,6,2,4,20,10,10,20,10,10,14,8,6,8,3,5,3,2,1,0,0,0,0,0,0,10,10,5,2,1,1,0,1,0,5,2,3,0,10,0,5,1
56401595,0,,,18,11,7,2,0,2,16,11,5,8,5,3,15,10,5,15,10,5,8,6,2,4,2,2,3,1,2,0,0,0,0,0,0,7,7,3,2,0,1,0,0,1,4,2,2,0,7,0,3,0
56401596,0,,,19,10,9,0,0,0,19,10,9,10,5,5,19,10,9,19,10,9,9,5,4,3,2,1,1,0,1,0,0,0,0,0,0,9,9,3,3,2,1,0,0,0,6,5,1,0,6,0,1,2
56401599,2,56401578,,10,5,5,*,*,*,*,*,*,*,*,*,*,*,*,*,*,*,*,*,*,*,*,*,*,*,*,*,*,*,*,*,*,1,1,*,*,*,*,*,*,*,*,*,*,*,*,*,*,*
56401602,2,56401603,,5,3,2,*,*,*,*,*,*,*,*,*,*,*,*,*,*,*,*,*,*,*,*,*,*,*,*,*,*,*,*,*,*,2,2,*,*,*,*,*,*,*,*,*,*,*,*,*,*,*
56401603,1,,56401602,7,3,4,0,0,0,12,6,6,7,4,3,12,6,6,12,6,6,5,2,3,4,1,3,2,0,2,0,0,0,0,0,0,4,4,3,1,1,1,0,0,0,3,2,1,0,5,0,2,1
56401605,1,,56401606,39,17,22,3,0,3,44,21,23,25,12,13,42,20,22,42,20,22,19,9,10,14,5,9,2,0,2,1,0,1,0,0,0,12,12,2,3,6,2,0,1,1,13,7,6,0,13,0,2,1
56401606,2,56401605,,8,4,4,*,*,*,*,*,*,*,*,*,*,*,*,*,*,*,*,*,*,*,*,*,*,*,*,*,*,*,*,*,*,3,3,*,*,*,*,*,*,*,*,*,*,*,*,*,*,*
56401610,0,,,24,13,11,0,0,0,24,13,11,9,5,4,24,13,11,24,13,11,15,8,7,7,3,4,2,0,2,0,0,0,0,0,0,11,11,3,6,0,1,1,0,0,8,6,2,0,10,0,2,4
56401611,1,,56401621,15,7,8,1,0,1,19,10,9,8,5,3,19,10,9,19,10,9,11,5,6,6,2,4,3,0,3,0,0,0,0,0,0,7,7,2,6,2,0,0,0,0,8,8,0,0,8,0,2,2
56401612,0,,,32,18,14,2,0,2,30,18,12,17,10,7,29,17,12,29,17,12,13,8,5,6,2,4,3,1,2,0,0,0,0,0,0,12,12,2,6,1,2,0,0,1,10,7,3,0,11,0,2,1
56401613,0,,,44,24,20,2,0,2,42,24,18,20,12,8,41,24,17,41,24,17,22,12,10,10,5,5,3,2,1,0,0,0,0,0,0,23,23,10,9,2,1,0,1,0,13,12,1,1,16,0,8,5
56401614,0,,,22,8,14,0,0,0,22,8,14,11,6,5,21,8,13,21,8,13,11,2,9,7,0,7,3,0,3,1,0,1,0,0,0,9,9,1,4,3,1,0,0,0,8,3,5,0,9,0,1,1
56401615,1,,56401626;56401636,16,7,9,0,0,0,19,10,9,11,5,6,18,10,8,18,10,8,8,5,3,4,2,2,1,1,0,0,0,0,1,0,1,5,5,3,1,3,0,1,0,0,5,3,2,0,5,0,1,1
56401620,1,,56401630,12,6,6,0,0,0,14,7,7,6,4,2,14,7,7,14,7,7,8,3,5,6,2,4,5,2,3,0,0,0,0,0,0,5,5,1,3,1,1,0,0,0,5,5,0,0,5,0,0,1
56401621,2,56401611,,5,3,2,*,*,*,*,*,*,*,*,*,*,*,*,*,*,*,*,*,*,*,*,*,*,*,*,*,*,*,*,*,*,3,3,*,*,*,*,*,*,*,*,*,*,*,*,*,*,*
56401623,0,,,341,161,180,27,12,15,314,149,165,142,82,60,297,138,159,294,136,158,172,67,105,112,35,77,63,14,49,12,1,11,0,0,0,107,106,28,31,22,10,7,5,3,78,52,26,3,80,0,20,14
56401624,1,,56401625,23,11,12,0,0,0,25,12,13,8,6,2,25,12,13,25,12,13,17,6,11,11,3,8,6,1,5,1,0,1,0,0,0,10,10,3,4,2,2,0,0,0,8,5,3,0,10,0,3,3
56401625,2,56401624,,2,1,1,*,*,*,*,*,*,*,*,*,*,*,*,*,*,*,*,*,*,*,*,*,*,*,*,*,*,*,*,*,*,1,1,*,*,*,*,*,*,*,*,*,*,*,*,*,*,*
56401626,2,56401615,,1,1,0,*,*,*,*,*,*,*,*,*,*,*,*,*,*,*,*,*,*,*,*,*,*,*,*,*,*,*,*,*,*,1,1,*,*,*,*,*,*,*,*,*,*,*,*,*,*,*
56401630,2,56401620,,2,1,1,*,*,*,*,*,*,*,*,*,*,*,*,*,*,*,*,*,*,*,*,*,*,*,*,*,*,*,*,*,*,1,1,*,*,*,*,*,*,*,*,*,*,*,*,*,*,*
56401631,0,,,36,15,21,5,2,3,31,13,18,18,8,10,30,13,17,30,13,17,13,5,8,7,3,4,2,0,2,1,0,1,0,0,0,9,9,1,3,1,1,0,1,2,8,4,4,1,8,0,1,2
56401632,0,,,34,15,19,2,0,2,32,15,17,18,9,9,30,14,16,30,14,16,14,6,8,7,3,4,1,0,1,0,0,0,0,0,0,13,13,3,5,2,2,0,0,1,10,6,4,0,9,0,1,3
56401633,2,56401634,,10,4,6,*,*,*,*,*,*,*,*,*,*,*,*,*,*,*,*,*,*,*,*,*,*,*,*,*,*,*,*,*,*,3,3,*,*,*,*,*,*,*,*,*,*,*,*,*,*,*
56401634,1,,56401633;56401644,24,10,14,2,1,1,37,16,21,20,10,10,37,16,21,37,16,21,17,6,11,8,2,6,4,0,4,0,0,0,1,1,0,11,11,5,5,3,2,0,0,1,11,8,3,1,13,0,4,3
56401636,2,56401615,,2,2,0,*,*,*,*,*,*,*,*,*,*,*,*,*,*,*,*,*,*,*,*,*,*,*,*,*,*,*,*,*,*,2,2,*,*,*,*,*,*,*,*,*,*,*,*,*,*,*
56401640,1,,56401660,52,27,25,3,1,2,60,35,25,38,25,13,60,35,25,59,35,24,22,10,12,16,5,11,10,4,6,1,0,1,0,0,0,23,23,14,11,4,1,1,1,0,17,13,4,2,15,0,1,2
56401641,1,,56401642,83,51,32,5,4,1,85,51,34,48,34,14,83,50,33,83,50,33,37,17,20,18,8,10,8,3,5,1,0,1,0,0,0,42,42,23,10,3,5,1,1,1,21,13,8,1,20,5,4,5
56401642,2,56401641,,7,4,3,*,*,*,*,*,*,*,*,*,*,*,*,*,*,*,*,*,*,*,*,*,*,*,*,*,*,*,*,*,*,2,2,*,*,*,*,*,*,*,*,*,*,*,*,*,*,*
56401643,1,,56401655;56401665,33,18,15,3,0,3,33,21,12,16,11,5,32,21,11,32,21,11,17,10,7,8,4,4,4,1,3,0,0,0,0,0,0,12,12,4,5,1,2,1,1,0,10,7,3,1,11,0,2,2
56401644,2,56401634,,5,3,2,*,*,*,*,*,*,*,*,*,*,*,*,*,*,*,*,*,*,*,*,*,*,*,*,*,*,*,*,*,*,2,2,*,*,*,*,*,*,*,*,*,*,*,*,*,*,*
56401650,0,,,15,15,0,0,0,0,15,15,0,13,13,0,15,15,0,15,15,0,2,2,0,0,0,0,0,0,0,0,0,0,0,0,0,15,15,15,0,0,0,0,0,0,0,0,0,0,2,0,2,0
56401655,2,56401643,,2,2,0,*,*,*,*,*,*,*,*,*,*,*,*,*,*,*,*,*,*,*,*,*,*,*,*,*,*,*,*,*,*,1,1,*,*,*,*,*,*,*,*,*,*,*,*,*,*,*
56401660,2,56401640,,11,9,2,*,*,*,*,*,*,*,*,*,*,*,*,*,*,*,*,*,*,*,*,*,*,*,*,*,*,*,*,*,*,9,9,*,*,*,*,*,*,*,*,*,*,*,*,*,*,*
56401665,2,56401643,,1,1,0,*,*,*,*,*,*,*,*,*,*,*,*,*,*,*,*,*,*,*,*,*,*,*,*,*,*,*,*,*,*,1,1,*,*,*,*,*,*,*,*,*,*,*,*,*,*,*
56401670,2,56401691,,4,2,2,*,*,*,*,*,*,*,*,*,*,*,*,*,*,*,*,*,*,*,*,*,*,*,*,*,*,*,*,*,*,2,2,*,*,*,*,*,*,*,*,*,*,*,*,*,*,*
56401674,1,,56401675;56401693;56401694;56401695,8,4,4,0,0,0,20,12,8,8,5,3,20,12,8,20,12,8,12,7,5,6,4,2,3,2,1,0,0,0,0,0,0,4,4,3,4,3,0,0,0,0,7,6,1,0,7,0,2,2
56401675,2,56401674,,2,1,1,*,*,*,*,*,*,*,*,*,*,*,*,*,*,*,*,*,*,*,*,*,*,*,*,*,*,*,*,*,*,1,1,*,*,*,*,*,*,*,*,*,*,*,*,*,*,*
56401680,2,56401691,,2,1,1,*,*,*,*,*,*,*,*,*,*,*,*,*,*,*,*,*,*,*,*,*,*,*,*,*,*,*,*,*,*,1,1,*,*,*,*,*,*,*,*,*,*,*,*,*,*,*
56401681,0,,,14,10,4,0,0,0,14,10,4,10,8,2,13,9,4,13,9,4,4,2,2,1,1,0,1,1,0,0,0,0,0,0,0,6,6,3,0,1,2,0,0,0,3,1,2,0,2,0,0,0
56401690,2,56401691,,2,1,1,*,*,*,*,*,*,*,*,*,*,*,*,*,*,*,*,*,*,*,*,*,*,*,*,*,*,*,*,*,*,1,1,*,*,*,*,*,*,*,*,*,*,*,*,*,*,*
56401691,1,,56401670;56401680;56401690;56401692,46,22,24,12,5,7,44,22,22,34,18,16,40,19,21,40,19,21,10,4,6,8,3,5,2,0,2,0,0,0,0,0,0,13,13,2,7,2,4,0,3,0,16,15,1,5,6,0,0,3
56401692,2,56401691,,2,1,1,*,*,*,*,*,*,*,*,*,*,*,*,*,*,*,*,*,*,*,*,*,*,*,*,*,*,*,*,*,*,1,1,*,*,*,*,*,*,*,*,*,*,*,*,*,*,*
56401693,2,56401674,,3,2,1,*,*,*,*,*,*,*,*,*,*,*,*,*,*,*,*,*,*,*,*,*,*,*,*,*,*,*,*,*,*,1,1,*,*,*,*,*,*,*,*,*,*,*,*,*,*,*
56401694,2,56401674,,3,2,1,*,*,*,*,*,*,*,*,*,*,*,*,*,*,*,*,*,*,*,*,*,*,*,*,*,*,*,*,*,*,2,2,*,*,*,*,*,*,*,*,*,*,*,*,*,*,*
56401695,2,56401674,,4,3,1,*,*,*,*,*,*,*,*,*,*,*,*,*,*,*,*,*,*,*,*,*,*,*,*,*,*,*,*,*,*,2,2,*,*,*,*,*,*,*,*,*,*,*,*,*,*,*
56401767,2,56401799,,1,1,0,*,*,*,*,*,*,*,*,*,*,*,*,*,*,*,*,*,*,*,*,*,*,*,*,*,*,*,*,*,*,1,1,*,*,*,*,*,*,*,*,*,*,*,*,*,*,*
56401776,2,56401798,,1,0,1,*,*,*,*,*,*,*,*,*,*,*,*,*,*,*,*,*,*,*,*,*,*,*,*,*,*,*,*,*,*,1,1,*,*,*,*,*,*,*,*,*,*,*,*,*,*,*
56401777,0,,,12,8,4,0,0,0,12,8,4,10,6,4,12,8,4,12,8,4,2,2,0,0,0,0,0,0,0,0,0,0,0,0,0,7,7,4,2,0,1,0,0,0,3,3,0,0,2,0,1,1
56401779,2,56401789,,7,4,3,*,*,*,*,*,*,*,*,*,*,*,*,*,*,*,*,*,*,*,*,*,*,*,*,*,*,*,*,*,*,6,6,*,*,*,*,*,*,*,*,*,*,*,*,*,*,*
56401785,2,56401797,,2,1,1,*,*,*,*,*,*,*,*,*,*,*,*,*,*,*,*,*,*,*,*,*,*,*,*,*,*,*,*,*,*,2,2,*,*,*,*,*,*,*,*,*,*,*,*,*,*,*
56401786,0,,,24,14,10,0,0,0,18,10,8,10,6,4,18,10,8,18,10,8,8,4,4,1,0,1,0,0,0,0,0,0,0,0,0,11,11,4,3,3,0,1,0,0,6,6,0,0,5,0,1,3
56401787,0,,,38,24,14,0,0,0,33,19,14,15,8,7,33,19,14,33,19,14,18,11,7,10,4,6,1,1,0,0,0,0,0,0,0,23,23,11,9,3,0,0,0,0,10,10,0,0,13,0,6,7
56401788,0,,,41,22,19,3,2,1,36,18,18,20,10,10,36,18,18,36,18,18,16,8,8,5,2,3,3,1,2,0,0,0,0,0,0,22,22,9,10,2,0,0,1,0,13,11,2,0,10,1,2,5
56401789,1,,56401779,155,105,50,6,3,3,115,75,40,89,60,29,115,75,40,115,75,40,26,15,11,14,8,6,4,3,1,0,0,0,1,1,0,114,114,96,14,4,4,2,0,0,22,20,2,3,17,7,6,5
56401796,0,,,14,8,6,3,1,2,10,6,4,7,3,4,10,6,4,10,6,4,3,3,0,0,0,0,0,0,0,0,0,0,0,0,0,9,9,7,0,1,1,0,0,0,2,2,0,0,3,0,2,0
56401797,1,,56401785,62,37,25,4,3,1,59,34,25,32,18,14,59,34,25,59,34,25,27,16,11,18,10,8,2,1,1,0,0,0,0,0,0,32,32,17,8,5,4,0,0,0,17,13,4,1,19,2,8,2
56401798,1,,56401776,214,160,54,5,3,2,156,116,40,114,91,23,156,116,40,155,115,40,42,25,17,17,9,8,3,2,1,0,0,0,1,0,1,168,168,137,22,7,2,1,0,0,27,23,4,2,30,10,14,8
56401799,1,,56401767,396,317,79,7,5,2,352,286,66,281,239,42,352,286,66,351,285,66,71,47,24,25,12,13,12,6,6,0,0,0,1,1,0,338,338,300,28,5,4,2,0,0,37,33,4,4,54,25,33,12
56402001,0,,,47,22,25,3,1,2,44,21,23,16,9,7,44,21,23,43,21,22,28,12,16,14,4,10,11,3,8,1,0,1,0,0,0,19,19,7,5,3,1,1,2,0,12,6,6,0,16,0,5,3
56402010,0,,,18,10,8,0,0,0,18,10,8,7,4,3,17,10,7,17,10,7,11,6,5,4,2,2,3,1,2,1,1,0,0,0,0,7,7,2,2,1,1,1,0,0,5,2,3,0,7,0,2,1
56402011,0,,,15,7,8,2,1,1,13,6,7,7,4,3,13,6,7,13,6,7,6,2,4,2,0,2,2,0,2,0,0,0,0,0,0,5,5,1,2,1,0,0,0,1,4,3,1,1,4,0,1,1
56402019,0,,,22,10,12,3,2,1,19,8,11,6,2,4,19,8,11,19,8,11,13,6,7,6,3,3,4,2,2,1,0,1,0,0,0,7,7,0,4,2,0,0,0,1,7,5,2,0,5,0,0,2
56402020,0,,,16,10,6,0,0,0,16,10,6,11,8,3,16,10,6,15,9,6,5,2,3,3,1,2,1,0,1,1,0,1,0,0,0,6,6,2,1,0,3,0,0,0,4,3,1,0,2,0,0,1
56402021,0,,,27,9,18,0,0,0,27,9,18,13,6,7,25,9,16,25,9,16,14,3,11,11,2,9,3,0,3,0,0,0,0,0,0,10,10,2,3,3,1,0,1,0,8,3,5,0,10,0,2,2
56402022,1,,56402031,78,34,44,8,5,3,72,30,42,40,16,24,71,30,41,68,30,38,32,14,18,16,4,12,6,1,5,0,0,0,0,0,0,22,22,3,6,2,6,2,3,1,20,9,11,2,19,0,2,4
56402023,0,,,15,6,9,3,2,1,12,4,8,7,3,4,12,4,8,12,4,8,5,1,4,3,1,2,1,0,1,0,0,0,0,0,0,7,7,3,2,1,0,1,0,0,4,3,1,1,4,0,1,1
56402029,0,,,108,50,58,13,6,7,95,44,51,60,29,31,90,42,48,89,41,48,35,15,20,20,5,15,9,2,7,0,0,0,0,0,0,31,31,4,7,6,7,1,4,2,26,12,14,4,25,0,3,1
56402031,2,56402022,,2,1,1,*,*,*,*,*,*,*,*,*,*,*,*,*,*,*,*,*,*,*,*,*,*,*,*,*,*,*,*,*,*,1,1,*,*,*,*,*,*,*,*,*,*,*,*,*,*,*
56402032,2,56402043,,6,3,3,*,*,*,*,*,*,*,*,*,*,*,*,*,*,*,*,*,*,*,*,*,*,*,*,*,*,*,*,*,*,1,1,*,*,*,*,*,*,*,*,*,*,*,*,*,*,*
56402034,0,,,33,15,18,1,0,1,32,15,17,13,7,6,30,14,16,29,13,16,19,8,11,11,4,7,5,2,3,1,0,1,0,0,0,9,9,0,3,3,1,1,0,1,9,3,6,0,8,0,0,2
56402039,0,,,131,65,66,11,7,4,120,58,62,61,31,30,117,56,61,114,54,60,59,27,32,24,8,16,11,3,8,2,0,2,0,0,0,39,39,2,16,6,5,5,1,4,37,18,19,2,36,0,2,7
56402040,2,56402051,,4,2,2,*,*,*,*,*,*,*,*,*,*,*,*,*,*,*,*,*,*,*,*,*,*,*,*,*,*,*,*,*,*,2,2,*,*,*,*,*,*,*,*,*,*,*,*,*,*,*
56402042,2,56402043,,5,3,2,*,*,*,*,*,*,*,*,*,*,*,*,*,*,*,*,*,*,*,*,*,*,*,*,*,*,*,*,*,*,1,1,*,*,*,*,*,*,*,*,*,*,*,*,*,*,*
56402043,1,,56402032;56402042,27,14,13,7,4,3,31,16,15,21,12,9,29,15,14,28,14,14,10,4,6,3,0,3,2,0,2,0,0,0,1,1,0,6,6,1,1,0,1,2,2,1,6,2,4,2,5,0,1,0
56402044,0,,,178,95,83,27,18,9,151,77,74,87,49,38,147,75,72,144,73,71,64,28,36,25,9,16,10,3,7,2,0,2,0,0,0,47,47,6,10,8,8,3,6,6,41,19,22,8,38,0,4,3
56402045,1,,56402055,126,65,61,23,13,10,113,59,54,65,35,30,111,57,54,110,56,54,48,24,24,16,8,8,6,2,4,0,0,0,1,0,1,38,38,13,12,7,4,2,2,5,32,18,14,3,31,0,10,4
56402046,0,,,101,50,51,10,3,7,91,47,44,45,26,19,88,44,44,87,43,44,46,21,25,23,11,12,11,4,7,1,0,1,0,0,0,27,27,3,8,5,3,1,3,4,23,12,11,3,23,0,2,4
56402047,0,,,124,64,60,13,6,7,111,58,53,53,31,22,111,58,53,111,58,53,58,27,31,28,10,18,13,4,9,0,0,0,0,0,0,31,31,2,7,6,6,3,2,5,29,9,20,2,30,0,2,4
56402048,0,,,221,110,111,21,14,7,200,96,104,98,50,48,195,94,101,190,91,99,102,46,56,51,22,29,14,6,8,1,0,1,2,1,1,64,64,5,18,17,8,7,4,5,59,34,25,2,58,0,4,11
56402049,0,,,32,16,16,1,0,1,31,16,15,19,11,8,30,15,15,29,14,15,12,5,7,8,3,5,2,1,1,0,0,0,0,0,0,9,9,0,3,2,1,2,1,0,9,5,4,1,7,0,0,3
56402051,1,,56402040,66,32,34,14,5,9,56,29,27,28,15,13,56,29,27,56,29,27,28,14,14,9,5,4,4,2,2,0,0,0,0,0,0,16,16,1,5,4,2,2,1,3,17,8,9,3,16,0,0,5
56402052,0,,,35,19,16,3,2,1,32,17,15,21,11,10,31,16,15,30,15,15,11,6,5,7,4,3,2,2,0,0,0,0,0,0,0,13,13,2,4,4,2,1,0,0,11,8,3,0,7,0,1,2
56402053,0,,,35,17,18,5,2,3,30,15,15,17,8,9,29,15,14,27,15,12,13,7,6,7,3,4,2,1,1,0,0,0,0,0,0,7,7,1,0,1,1,1,1,2,6,1,5,1,7,0,1,0
56402054,0,,,52,26,26,3,2,1,49,24,25,26,14,12,49,24,25,49,24,25,23,10,13,15,6,9,4,1,3,1,0,1,0,0,0,21,21,4,7,6,4,0,0,0,17,12,5,1,14,0,1,3
56402055,2,56402045,,10,7,3,*,*,*,*,*,*,*,*,*,*,*,*,*,*,*,*,*,*,*,*,*,*,*,*,*,*,*,*,*,*,7,7,*,*,*,*,*,*,*,*,*,*,*,*,*,*,*
56402056,0,,,145,72,73,12,11,1,133,61,72,67,36,31,129,59,70,126,58,68,66,25,41,34,10,24,11,2,9,1,0,1,1,1,0,41,41,5,10,9,7,4,1,5,36,13,23,4,39,0,5,5
56402057,0,,,236,112,124,23,9,14,213,103,110,127,64,63,200,97,103,198,95,103,86,39,47,43,15,28,17,6,11,2,1,1,0,0,0,67,67,13,13,13,10,5,4,9,54,25,29,7,50,1,6,4
56402058,0,,,818,370,448,83,45,38,731,323,408,463,212,251,697,307,390,679,293,386,268,111,157,146,53,93,53,17,36,4,0,4,1,0,1,321,321,99,92,54,42,13,12,9,218,161,57,15,179,10,47,35
56402059,0,,,43,22,21,5,3,2,38,19,19,18,9,9,38,19,19,37,19,18,20,10,10,11,6,5,6,4,2,2,2,0,0,0,0,11,11,1,2,3,2,1,0,2,10,3,7,1,11,0,1,0
56402060,0,,,142,75,67,19,10,9,123,65,58,63,34,29,121,65,56,118,63,55,60,31,29,25,10,15,12,4,8,1,0,1,1,1,0,47,47,14,12,6,5,0,6,4,33,20,13,4,39,0,11,6
56402061,0,,,11,5,6,0,0,0,11,5,6,6,4,2,11,5,6,11,5,6,5,1,4,2,0,2,0,0,0,0,0,0,0,0,0,5,5,2,0,3,0,0,0,0,3,1,2,0,4,0,1,0
56402062,0,,,54,31,23,3,2,1,51,29,22,26,16,10,51,29,22,51,29,22,25,13,12,12,6,6,6,3,3,0,0,0,0,0,0,21,21,5,3,11,0,2,0,0,16,9,7,2,17,0,4,1
56402063,0,,,94,50,44,5,4,1,89,46,43,63,35,28,88,45,43,86,44,42,26,11,15,13,3,10,4,1,3,0,0,0,0,0,0,27,27,4,3,8,5,4,1,2,23,9,14,2,20,0,1,1
56402064,0,,,135,69,66,8,6,2,126,62,64,69,36,33,124,61,63,121,60,61,57,26,31,33,10,23,8,3,5,0,0,0,2,0,2,46,46,9,14,8,7,4,2,2,37,19,18,3,38,0,7,9
56402065,0,,,253,147,106,29,19,10,224,128,96,161,100,61,212,122,90,202,115,87,63,28,35,25,8,17,13,4,9,0,0,0,0,0,0,44,42,3,10,7,5,8,6,3,39,16,23,6,35,0,1,4
56402066,0,,,30,17,13,2,1,1,28,16,12,15,9,6,24,13,11,23,12,11,13,7,6,4,2,2,0,0,0,0,0,0,0,0,0,8,8,1,3,1,0,1,0,2,7,5,2,1,8,0,1,2
56402067,0,,,123,63,60,11,4,7,112,59,53,61,35,26,110,59,51,108,57,51,51,24,27,21,8,13,9,3,6,0,0,0,0,0,0,42,42,9,10,10,5,4,4,0,33,19,14,4,28,0,3,3
56402068,0,,,1427,693,734,161,86,75,1254,600,654,825,433,392,1213,578,635,1190,563,627,429,167,262,252,85,167,123,33,90,22,1,21,20,10,10,580,569,225,142,91,61,26,16,8,336,265,71,47,228,49,64,48
56402069,0,,,24,14,10,4,2,2,20,12,8,12,8,4,20,12,8,20,12,8,8,4,4,2,1,1,2,1,1,0,0,0,0,0,0,7,7,1,2,2,0,1,0,1,6,4,2,0,4,0,0,1
56402070,0,,,316,143,173,62,28,34,254,115,139,148,76,72,249,113,136,245,109,136,106,39,67,50,11,39,25,3,22,4,0,4,2,1,1,102,101,19,22,27,18,7,5,3,82,60,22,17,58,1,12,8
56402071,0,,,116,60,56,16,7,9,100,53,47,66,37,29,96,51,45,95,51,44,34,16,18,15,5,10,5,1,4,1,0,1,0,0,0,39,39,11,7,4,11,3,1,2,28,18,10,5,25,0,6,2
56402072,1,,56402082,31,16,15,3,0,3,34,18,16,22,10,12,33,18,15,33,18,15,12,8,4,3,2,1,0,0,0,0,0,0,0,0,0,13,13,4,4,3,0,2,1,0,10,6,4,2,8,0,2,1
56402073,0,,,45,19,26,5,3,2,40,16,24,26,11,15,36,14,22,36,14,22,14,5,9,10,3,7,8,2,6,0,0,0,0,0,0,10,10,2,0,1,2,1,2,2,8,2,6,3,7,0,1,0
56402074,0,,,60,28,32,11,4,7,48,24,24,29,16,13,47,24,23,46,23,23,19,8,11,6,1,5,2,0,2,1,0,1,1,1,0,24,24,6,10,2,4,1,0,1,17,13,4,4,14,0,3,1
56402075,0,,,85,44,41,10,2,8,75,42,33,47,25,22,74,41,33,73,40,33,28,17,11,10,7,3,5,3,2,0,0,0,0,0,0,35,35,10,12,5,5,2,1,0,25,23,2,4,18,1,6,6
56402076,0,,,103,51,52,6,3,3,97,48,49,55,30,25,94,46,48,93,45,48,42,18,24,21,9,12,11,4,7,0,0,0,1,1,0,33,33,7,8,6,5,2,3,2,26,15,11,3,24,2,2,4
56402077,0,,,330,164,166,60,34,26,269,130,139,173,84,89,263,128,135,260,127,133,96,46,50,55,23,32,16,7,9,1,0,1,2,0,2,128,128,39,34,26,15,7,3,4,88,72,16,15,66,1,24,12
56402078,0,,,1615,775,840,181,85,96,1431,688,743,780,403,377,1397,675,722,1381,671,710,651,285,366,360,139,221,143,47,96,12,2,10,2,0,2,631,627,193,200,101,65,31,19,18,429,326,103,49,407,14,102,97
56402079,0,,,487,235,252,69,33,36,418,202,216,247,131,116,405,194,211,396,190,206,171,71,100,97,35,62,31,9,22,1,0,1,1,0,1,175,173,54,43,30,17,11,10,8,118,74,44,17,117,6,33,12
56402080,0,,,27,14,13,0,0,0,27,14,13,7,5,2,27,14,13,26,13,13,20,9,11,8,3,5,2,0,2,0,0,0,0,0,0,14,14,4,7,3,0,0,0,0,10,10,0,0,12,0,4,7
56402081,0,,,71,40,31,5,3,2,66,37,29,34,22,12,65,36,29,64,35,29,32,15,17,16,6,10,6,1,5,0,0,0,0,0,0,24,24,4,7,7,2,1,2,1,20,11,9,3,18,0,2,4
56402082,2,56402072,,6,2,4,*,*,*,*,*,*,*,*,*,*,*,*,*,*,*,*,*,*,*,*,*,*,*,*,*,*,*,*,*,*,1,1,*,*,*,*,*,*,*,*,*,*,*,*,*,*,*
56402083,0,,,101,46,55,26,10,16,75,36,39,58,27,31,71,34,37,70,33,37,17,9,8,6,3,3,3,1,2,0,0,0,1,0,1,37,37,6,12,9,6,4,0,0,31,29,2,6,12,0,3,6
56402084,0,,,54,27,27,6,3,3,47,23,24,28,15,13,44,22,22,44,22,22,19,8,11,7,2,5,2,0,2,0,0,0,1,0,1,19,19,4,8,1,4,0,0,2,15,10,5,1,12,0,2,3
56402086,0,,,17,8,9,1,0,1,16,8,8,11,5,6,15,8,7,15,8,7,5,3,2,0,0,0,0,0,0,0,0,0,0,0,0,7,7,1,3,2,1,0,0,0,5,5,0,0,3,0,0,2
56402087,0,,,40,19,21,3,1,2,37,18,19,16,10,6,36,18,18,36,18,18,21,8,13,13,3,10,4,1,3,2,0,2,0,0,0,19,19,8,7,0,2,2,0,0,11,8,3,0,13,1,4,3
56402088,0,,,136,68,68,20,14,6,116,54,62,57,28,29,109,49,60,108,49,59,59,26,33,24,9,15,10,3,7,1,1,0,0,0,0,48,48,11,17,8,4,1,3,4,36,20,16,4,39,1,8,8
56402089,0,,,473,181,292,64,34,30,409,147,262,210,93,117,393,137,256,388,135,253,199,54,145,137,34,103,84,13,71,20,1,19,0,0,0,173,172,64,57,19,19,7,4,2,106,94,12,10,87,4,40,17
56402098,0,,,91,43,48,15,5,10,76,38,38,50,27,23,71,37,34,69,36,33,26,11,15,14,5,9,4,1,3,0,0,0,0,0,0,21,21,1,5,2,2,5,3,3,20,9,11,2,17,0,1,2
56402099,0,,,94,50,44,11,6,5,83,44,39,53,28,25,81,43,38,77,41,36,30,16,14,12,6,6,7,3,4,1,0,1,0,0,0,27,27,2,7,8,2,4,2,2,25,16,9,4,17,0,1,4
56402101,0,,,132,63,69,11,4,7,121,59,62,68,32,36,119,59,60,119,59,60,53,27,26,24,10,14,14,5,9,1,0,1,0,0,0,42,42,7,10,9,9,3,1,3,35,18,17,5,33,0,5,4
56402102,0,,,29,14,15,4,1,3,25,13,12,15,9,6,25,13,12,25,13,12,10,4,6,4,2,2,1,1,0,0,0,0,0,0,0,11,11,3,3,2,1,2,0,0,8,5,3,1,8,0,3,1
56402110,0,,,57,27,30,3,1,2,54,26,28,31,17,14,52,25,27,50,23,27,23,9,14,13,4,9,7,1,6,0,0,0,0,0,0,18,18,2,8,3,1,2,1,1,16,10,6,1,15,0,1,4
56402111,0,,,130,67,63,12,7,5,118,60,58,60,32,28,115,58,57,114,58,56,58,28,30,31,12,19,13,5,8,1,1,0,0,0,0,44,44,8,14,8,7,3,2,2,36,22,14,2,35,0,5,7
56402120,0,,,152,68,84,9,6,3,143,62,81,69,30,39,141,60,81,139,59,80,74,32,42,41,15,26,15,5,10,4,0,4,0,0,0,47,47,7,12,6,11,8,2,1,40,17,23,1,41,0,3,5
56402121,0,,,149,75,74,18,11,7,131,64,67,79,42,37,126,63,63,123,62,61,52,22,30,27,9,18,11,1,10,2,1,1,0,0,0,41,41,4,8,9,9,5,2,4,37,13,24,2,33,0,2,4
56402130,0,,,46,24,22,2,2,0,44,22,22,20,10,10,44,22,22,44,22,22,24,12,12,12,5,7,6,2,4,1,0,1,0,0,0,18,18,4,6,3,4,1,0,0,14,10,4,0,14,0,4,3
56402131,0,,,15,8,7,0,0,0,15,8,7,8,5,3,15,8,7,15,8,7,7,3,4,2,1,1,1,1,0,0,0,0,0,0,0,6,6,1,2,2,1,0,0,0,5,3,2,0,6,0,1,1
56402140,0,,,363,181,182,41,19,22,319,162,157,197,105,92,309,156,153,301,153,148,122,57,65,68,30,38,15,5,10,0,0,0,8,3,5,120,120,33,26,23,7,15,8,8,86,49,37,11,78,2,17,10
56402141,0,,,725,344,381,50,23,27,655,306,349,303,160,143,641,298,343,631,293,338,352,146,206,220,76,144,122,34,88,19,2,17,6,1,5,275,274,104,78,39,26,14,8,5,169,118,51,16,171,17,39,39
56402150,0,,,281,131,150,49,26,23,232,105,127,139,67,72,226,101,125,223,100,123,93,38,55,42,9,33,17,3,14,3,1,2,0,0,0,86,86,18,18,20,10,8,3,9,68,37,31,11,60,1,12,9
56402151,0,,,150,76,74,8,4,4,142,72,70,74,40,34,137,68,69,135,66,69,68,32,36,29,13,16,13,6,7,0,0,0,0,0,0,59,59,17,22,7,2,7,3,1,42,25,17,1,45,0,11,10
56402160,0,,,71,34,37,4,2,2,67,32,35,31,16,15,64,31,33,63,30,33,36,16,20,21,8,13,11,5,6,0,0,0,1,0,1,22,22,2,8,5,2,2,1,2,20,12,8,0,20,0,2,5
56402161,0,,,53,25,28,2,1,1,51,24,27,18,8,10,51,24,27,51,24,27,33,16,17,22,9,13,7,3,4,3,1,2,1,0,1,21,21,7,5,4,2,2,1,0,14,7,7,1,19,0,7,4
56402170,0,,,135,64,71,16,8,8,119,56,63,59,29,30,117,54,63,116,53,63,60,27,33,32,11,21,19,7,12,0,0,0,0,0,0,41,41,5,10,11,7,3,2,3,36,21,15,6,36,0,4,6
56402171,0,,,88,21,67,2,1,1,86,20,66,4,3,1,86,20,66,86,20,66,82,17,65,75,15,60,57,6,51,18,0,18,0,0,0,5,4,1,2,0,1,0,0,0,3,3,0,1,2,0,0,2
56402180,0,,,9,5,4,0,0,0,9,5,4,2,0,2,9,5,4,9,5,4,7,5,2,6,4,2,4,3,1,0,0,0,0,0,0,4,4,0,3,1,0,0,0,0,4,3,1,0,4,0,0,2
56402181,0,,,68,31,37,7,2,5,61,29,32,28,13,15,60,29,31,59,29,30,33,16,17,16,6,10,11,4,7,3,1,2,0,0,0,22,22,3,6,6,2,3,2,0,19,11,8,1,19,0,2,4
56402190,0,,,119,63,56,14,8,6,105,55,50,50,29,21,105,55,50,103,54,49,55,26,29,23,11,12,11,4,7,1,1,0,1,0,1,38,38,5,11,9,6,3,2,2,32,17,15,1,32,0,2,5
56402191,0,,,56,24,32,4,1,3,52,23,29,23,10,13,52,23,29,51,23,28,29,13,16,12,4,8,8,2,6,3,0,3,0,0,0,16,16,1,5,5,1,1,1,2,15,7,8,1,15,0,1,3
56402201,2,56402202,,8,4,4,*,*,*,*,*,*,*,*,*,*,*,*,*,*,*,*,*,*,*,*,*,*,*,*,*,*,*,*,*,*,4,4,*,*,*,*,*,*,*,*,*,*,*,*,*,*,*
56402202,1,,56402201,93,46,47,6,3,3,95,47,48,47,22,25,95,47,48,94,47,47,48,25,23,28,12,16,9,3,6,1,0,1,0,0,0,33,33,8,12,4,10,1,2,0,29,17,12,1,30,0,7,6
56402206,1,,56402207,13,7,6,3,2,1,11,5,6,4,2,2,11,5,6,11,5,6,7,3,4,4,2,2,2,2,0,0,0,0,0,0,0,5,5,4,0,0,1,0,1,0,2,0,2,1,5,0,3,0
56402207,2,56402206,,1,0,1,*,*,*,*,*,*,*,*,*,*,*,*,*,*,*,*,*,*,*,*,*,*,*,*,*,*,*,*,*,*,1,1,*,*,*,*,*,*,*,*,*,*,*,*,*,*,*
56402209,1,,56402219,114,54,60,9,2,7,117,58,59,70,39,31,112,55,57,111,54,57,47,19,28,24,10,14,9,4,5,0,0,0,0,0,0,32,32,1,9,10,3,4,4,3,32,16,16,1,32,0,1,5
56402211,0,,,13,5,8,0,0,0,13,5,8,5,1,4,13,5,8,13,5,8,8,4,4,3,3,0,0,0,0,0,0,0,0,0,0,5,5,1,3,0,0,0,1,0,4,3,1,0,5,0,1,2
56402214,2,56402224,,3,1,2,*,*,*,*,*,*,*,*,*,*,*,*,*,*,*,*,*,*,*,*,*,*,*,*,*,*,*,*,*,*,2,2,*,*,*,*,*,*,*,*,*,*,*,*,*,*,*
56402215,2,56402216,,3,2,1,*,*,*,*,*,*,*,*,*,*,*,*,*,*,*,*,*,*,*,*,*,*,*,*,*,*,*,*,*,*,2,2,*,*,*,*,*,*,*,*,*,*,*,*,*,*,*
56402216,1,,56402215,40,20,20,3,0,3,40,22,18,24,15,9,38,21,17,37,20,17,16,7,9,4,2,2,1,0,1,0,0,0,0,0,0,10,10,1,3,3,0,3,2,0,11,7,4,0,9,0,0,2
56402219,2,56402209,,12,6,6,*,*,*,*,*,*,*,*,*,*,*,*,*,*,*,*,*,*,*,*,*,*,*,*,*,*,*,*,*,*,2,2,*,*,*,*,*,*,*,*,*,*,*,*,*,*,*
56402221,1,,56402222,9,4,5,0,0,0,11,5,6,7,4,3,11,5,6,11,5,6,4,1,3,3,1,2,1,1,0,0,0,0,0,0,0,4,4,1,3,0,1,0,0,0,4,3,1,0,3,0,0,0
56402222,2,56402221,,2,1,1,*,*,*,*,*,*,*,*,*,*,*,*,*,*,*,*,*,*,*,*,*,*,*,*,*,*,*,*,*,*,1,1,*,*,*,*,*,*,*,*,*,*,*,*,*,*,*
56402223,2,56402224,,3,2,1,*,*,*,*,*,*,*,*,*,*,*,*,*,*,*,*,*,*,*,*,*,*,*,*,*,*,*,*,*,*,2,2,*,*,*,*,*,*,*,*,*,*,*,*,*,*,*
56402224,1,,56402214;56402223;56402234,32,15,17,7,4,3,38,17,21,20,9,11,37,17,20,36,16,20,18,8,10,8,2,6,5,1,4,0,0,0,0,0,0,7,7,7,6,1,0,0,0,3,9,5,4,0,12,0,4,3
56402226,0,,,19,10,9,0,0,0,19,10,9,11,6,5,19,10,9,19,10,9,8,4,4,3,2,1,0,0,0,0,0,0,0,0,0,5,5,0,1,2,1,0,0,1,5,3,2,0,4,0,0,1
56402228,0,,,22,11,11,4,3,1,18,8,10,12,4,8,17,8,9,17,8,9,6,4,2,0,0,0,0,0,0,0,0,0,0,0,0,7,7,0,3,1,2,1,0,0,7,7,0,2,4,0,0,3
56402229,0,,,155,73,82,18,8,10,136,65,71,79,36,43,129,63,66,126,61,65,57,29,28,29,14,15,8,3,5,1,1,0,0,0,0,45,45,5,10,13,6,5,2,4,40,26,14,7,34,0,3,7
56402230,2,56402231,,5,4,1,*,*,*,*,*,*,*,*,*,*,*,*,*,*,*,*,*,*,*,*,*,*,*,*,*,*,*,*,*,*,3,3,*,*,*,*,*,*,*,*,*,*,*,*,*,*,*
56402231,1,,56402230,211,99,112,17,8,9,199,95,104,107,53,54,193,93,100,188,90,98,92,42,50,46,20,26,17,6,11,2,0,2,3,1,2,63,63,9,20,13,9,6,3,6,56,35,21,0,52,0,6,13
56402234,2,56402224,,7,3,4,*,*,*,*,*,*,*,*,*,*,*,*,*,*,*,*,*,*,*,*,*,*,*,*,*,*,*,*,*,*,6,6,*,*,*,*,*,*,*,*,*,*,*,*,*,*,*
56402236,0,,,49,24,25,4,1,3,45,23,22,22,11,11,45,23,22,45,23,22,23,12,11,10,3,7,4,1,3,0,0,0,0,0,0,20,20,6,6,5,1,1,0,1,14,10,4,1,16,0,6,4
56402237,0,,,11,5,6,1,0,1,10,5,5,9,5,4,8,4,4,8,4,4,1,0,1,1,0,1,1,0,1,0,0,0,0,0,0,5,5,2,1,1,1,0,0,0,2,2,0,0,1,0,1,0
56402238,0,,,339,163,176,60,23,37,279,140,139,186,96,90,273,136,137,268,133,135,93,44,49,40,15,25,20,5,15,2,0,2,1,0,1,108,108,12,27,26,29,7,5,2,96,70,26,14,54,0,6,10
56402239,0,,,1267,622,645,185,101,84,1082,521,561,703,363,340,1041,495,546,1020,483,537,379,158,221,231,74,157,123,34,89,17,1,16,11,10,1,405,403,86,98,82,66,41,19,11,315,216,99,44,199,15,32,34
56402240,0,,,33,17,16,0,0,0,33,17,16,18,11,7,32,16,16,31,15,16,15,6,9,8,3,5,1,1,0,0,0,0,0,0,0,13,13,2,5,3,3,0,0,0,11,7,4,0,9,0,1,2
56402241,0,,,172,90,82,14,9,5,158,81,77,91,49,42,153,78,75,152,78,74,67,32,35,29,13,16,11,5,6,1,0,1,1,0,1,53,53,3,17,11,14,4,2,2,48,26,22,1,42,0,3,8
56402244,2,56402246,,4,2,2,*,*,*,*,*,*,*,*,*,*,*,*,*,*,*,*,*,*,*,*,*,*,*,*,*,*,*,*,*,*,3,3,*,*,*,*,*,*,*,*,*,*,*,*,*,*,*
56402246,1,,56402244,142,73,69,21,16,5,125,59,66,65,34,31,121,57,64,119,55,64,60,25,35,24,6,18,11,1,10,1,0,1,3,2,1,35,35,5,10,5,4,4,4,6,33,17,16,4,33,1,3,7
56402247,0,,,63,35,28,6,2,4,57,33,24,39,24,15,55,32,23,54,32,22,18,9,9,9,2,7,5,1,4,0,0,0,11,11,0,29,29,13,7,4,2,2,1,0,16,11,5,1,12,9,1,1
56402248,0,,,174,85,89,27,15,12,147,70,77,84,41,43,142,68,74,140,66,74,63,29,34,22,7,15,12,2,10,0,0,0,0,0,0,46,46,4,10,10,5,10,2,5,42,21,21,4,34,0,2,5
56402249,0,,,1130,562,568,203,99,104,925,462,463,682,349,333,904,445,459,887,435,452,243,113,130,104,42,62,35,10,25,3,2,1,1,0,1,365,365,61,88,83,69,35,15,14,299,221,78,77,157,9,19,30
56402250,0,,,20,10,10,2,2,0,18,8,10,11,5,6,18,8,10,18,8,10,7,3,4,1,0,1,0,0,0,0,0,0,0,0,0,7,7,1,3,0,2,1,0,0,6,6,0,1,5,0,1,2
56402255,0,,,19,8,11,1,0,1,18,8,10,8,5,3,18,8,10,17,7,10,10,3,7,4,1,3,3,0,3,1,0,1,0,0,0,6,6,0,2,2,1,1,0,0,6,3,3,1,5,0,0,1
56402256,0,,,100,55,45,9,6,3,91,49,42,56,33,23,90,48,42,88,46,42,35,16,19,19,7,12,11,4,7,0,0,0,8,4,4,25,25,2,4,6,5,2,2,4,23,8,15,4,20,2,0,2
56402257,0,,,215,109,106,23,8,15,192,101,91,106,59,47,187,97,90,185,96,89,86,42,44,33,12,21,14,3,11,2,1,1,0,0,0,56,56,4,14,12,10,5,3,8,52,24,28,6,49,0,2,9
56402258,0,,,230,112,118,29,13,16,201,99,102,136,69,67,193,98,95,189,95,94,65,30,35,29,9,20,13,4,9,0,0,0,0,0,0,57,57,7,8,10,13,6,3,10,50,24,26,7,40,0,4,3
56402259,0,,,245,125,120,22,16,6,223,109,114,135,69,66,217,108,109,215,108,107,88,40,48,48,19,29,15,4,11,2,1,1,0,0,0,74,74,13,16,13,15,8,5,4,61,33,28,5,55,0,9,7
56402260,0,,,20,12,8,2,1,1,18,11,7,14,9,5,17,11,6,16,10,6,4,2,2,2,0,2,0,0,0,0,0,0,0,0,0,8,8,3,2,1,1,0,1,0,5,2,3,0,3,0,1,0
56402265,0,,,18,10,8,5,3,2,13,7,6,7,3,4,13,7,6,13,7,6,6,4,2,2,1,1,0,0,0,0,0,0,0,0,0,7,7,3,2,0,1,0,0,1,4,3,1,2,5,0,3,1
56402266,0,,,22,12,10,1,1,0,21,11,10,11,6,5,20,10,10,20,10,10,10,5,5,5,2,3,2,0,2,0,0,0,0,0,0,9,9,4,1,1,2,1,0,0,4,1,3,0,7,0,4,0
56402267,0,,,116,51,65,12,5,7,104,46,58,73,34,39,98,45,53,97,45,52,31,12,19,15,6,9,0,0,0,0,0,0,0,0,0,29,29,2,4,6,6,4,6,1,27,13,14,2,22,0,1,2
56402268,0,,,250,127,123,24,10,14,226,117,109,142,79,63,216,112,104,209,109,100,84,38,46,30,14,16,15,6,9,3,2,1,0,0,0,77,77,13,17,17,14,8,2,6,64,37,27,5,51,0,7,10
56402269,0,,,149,82,67,15,11,4,134,71,63,89,49,40,132,70,62,128,67,61,45,22,23,17,7,10,4,2,2,0,0,0,0,0,0,49,49,4,15,10,17,1,2,0,44,38,6,3,29,0,2,9
56402276,0,,,77,36,41,6,2,4,71,34,37,47,24,23,69,34,35,67,32,35,24,10,14,13,5,8,10,4,6,1,1,0,0,0,0,22,22,2,4,7,4,1,3,1,20,9,11,2,17,0,2,2
56402277,0,,,193,100,93,19,9,10,172,90,82,89,46,43,172,90,82,170,89,81,83,44,39,30,12,18,6,2,4,0,0,0,1,0,1,92,92,38,28,11,10,4,1,0,54,44,10,5,58,1,23,12
56402278,0,,,83,38,45,14,6,8,67,30,37,39,16,23,64,29,35,61,29,32,28,14,14,11,6,5,3,1,2,0,0,0,1,1,0,30,30,9,7,4,6,1,2,1,21,15,6,3,17,0,4,4
56402286,0,,,59,26,33,7,4,3,52,22,30,36,14,22,52,22,30,51,22,29,16,8,8,7,2,5,4,1,3,0,0,0,0,0,0,18,18,2,5,4,3,2,1,1,16,8,8,1,11,0,1,2
56402287,0,,,86,44,42,8,5,3,78,39,39,47,23,24,76,37,39,74,37,37,31,16,15,8,4,4,4,1,3,3,1,2,1,0,1,29,29,4,11,4,5,3,1,1,24,20,4,3,20,0,2,7
56402288,0,,,57,33,24,5,3,2,52,30,22,26,14,12,52,30,22,52,30,22,26,16,10,12,9,3,2,1,1,0,0,0,0,0,0,26,26,8,13,1,2,1,0,1,17,13,4,2,19,0,5,6
56402289,1,,56402299,15,8,7,2,1,1,16,9,7,11,6,5,16,9,7,16,9,7,5,3,2,0,0,0,0,0,0,0,0,0,0,0,0,5,5,1,1,2,1,1,0,0,5,4,1,1,3,0,0,1
56402296,0,,,30,16,14,2,2,0,28,14,14,14,8,6,28,14,14,27,13,14,14,6,8,2,2,0,0,0,0,0,0,0,0,0,0,13,13,2,8,1,1,1,0,0,11,8,3,1,9,0,1,5
56402297,0,,,78,38,40,5,3,2,69,34,35,39,19,20,69,34,35,69,34,35,30,15,15,8,3,5,1,0,1,0,0,0,0,0,0,37,37,10,18,4,5,0,0,0,25,22,3,1,21,0,6,8
56402298,0,,,97,49,48,12,6,6,84,42,42,52,26,26,82,41,41,82,41,41,32,16,16,12,4,8,8,3,5,0,0,0,0,0,0,41,41,14,10,9,5,2,1,0,27,22,5,4,24,0,11,4
56402299,2,56402289,,3,2,1,*,*,*,*,*,*,*,*,*,*,*,*,*,*,*,*,*,*,*,*,*,*,*,*,*,*,*,*,*,*,1,1,*,*,*,*,*,*,*,*,*,*,*,*,*,*,*
56402300,0,,,206,110,96,25,9,16,181,101,80,119,69,50,175,97,78,173,97,76,62,32,30,28,13,15,6,5,1,0,0,0,3,3,0,74,74,20,22,12,10,4,2,4,53,38,15,8,41,4,9,8
56402301,0,,,2249,1156,1093,232,125,107,2016,1030,986,1298,705,593,1952,993,959,1916,971,945,718,325,393,346,144,202,140,44,96,16,3,13,20,6,14,844,842,299,215,140,113,44,24,7,538,447,91,67,375,35,100,75
56402302,1,,56402303,947,483,464,103,59,44,848,426,422,555,296,259,827,413,414,811,405,406,293,130,163,129,47,82,50,13,37,4,0,4,3,1,2,400,400,159,95,62,46,24,9,8,243,180,63,27,200,16,56,37
56402303,2,56402302,,5,3,2,*,*,*,*,*,*,*,*,*,*,*,*,*,*,*,*,*,*,*,*,*,*,*,*,*,*,*,*,*,*,3,3,*,*,*,*,*,*,*,*,*,*,*,*,*,*,*
56402304,0,,,397,203,194,40,19,21,357,184,173,230,126,104,346,176,170,341,173,168,127,58,69,59,22,37,28,9,19,2,1,1,0,0,0,128,128,23,30,29,26,6,9,5,104,60,44,8,76,3,8,10
56402305,0,,,214,102,112,29,15,14,185,87,98,126,62,64,171,82,89,166,81,85,59,25,34,23,6,17,9,0,9,0,0,0,10,5,5,76,76,17,18,20,11,5,4,1,58,42,16,9,36,6,5,7
56402306,0,,,188,101,87,19,13,6,169,88,81,119,63,56,161,85,76,158,85,73,50,25,25,25,10,15,9,2,7,2,1,1,0,0,0,64,64,14,15,16,10,4,2,3,50,33,17,4,33,0,7,4
56402307,0,,,444,209,235,46,21,25,398,188,210,248,126,122,376,178,198,365,173,192,150,62,88,82,27,55,40,9,31,2,0,2,2,1,1,129,129,20,32,25,18,8,15,11,107,55,52,8,99,0,16,13
56402308,0,,,124,56,68,12,5,7,112,51,61,68,32,36,110,49,61,107,48,59,44,19,25,27,10,17,12,5,7,3,1,2,1,0,1,33,33,5,4,7,7,3,4,3,28,13,15,2,29,0,4,2
56402309,0,,,170,84,86,13,5,8,157,79,78,89,47,42,149,76,73,148,75,73,68,32,36,37,15,22,21,8,13,0,0,0,0,0,0,50,50,5,12,13,9,4,3,4,45,23,22,3,45,0,4,7
56402310,0,,,414,208,206,52,26,26,362,182,180,268,140,128,350,178,172,333,172,161,94,42,52,44,17,27,9,2,7,0,0,0,0,0,0,140,140,33,27,37,22,9,7,5,106,77,29,16,61,4,6,14
56402311,0,,,2796,1387,1409,405,210,195,2390,1177,1213,1759,903,856,2301,1134,1167,2252,1109,1143,631,274,357,328,127,201,122,39,83,10,1,9,9,4,5,1103,1100,335,285,217,167,65,21,10,755,635,120,124,395,58,87,97
56402312,0,,,2114,1006,1108,215,112,103,1899,894,1005,1134,570,564,1856,873,983,1825,854,971,765,324,441,462,174,288,179,58,121,32,6,26,26,7,19,766,764,202,223,153,91,51,26,18,558,410,148,60,436,25,83,92
56402313,0,,,582,297,285,76,38,38,506,259,247,371,189,182,487,247,240,476,241,235,135,70,65,52,28,24,9,2,7,0,0,0,5,4,1,206,206,39,63,43,36,13,7,5,165,133,32,22,92,1,15,28
56402314,0,,,268,135,133,28,17,11,240,118,122,172,85,87,227,113,114,224,110,114,68,33,35,31,14,17,9,4,5,0,0,0,3,0,3,76,76,8,24,7,14,12,5,6,68,42,26,5,41,0,1,8
56402315,0,,,144,71,73,12,6,6,132,65,67,77,39,38,131,65,66,130,65,65,55,26,29,24,9,15,10,4,6,1,1,0,1,1,0,50,50,9,17,8,10,2,2,2,41,26,15,4,35,2,4,4
56402316,0,,,90,45,45,18,9,9,72,36,36,55,27,28,70,36,34,70,36,34,17,9,8,7,3,4,3,1,2,0,0,0,1,0,1,25,25,6,1,4,5,5,3,1,19,9,10,5,10,0,2,0
56402317,0,,,144,73,71,21,12,9,123,61,62,79,43,36,118,56,62,116,56,60,44,18,26,22,8,14,7,2,5,0,0,0,1,0,1,36,36,4,7,6,5,5,4,5,32,15,17,7,28,0,3,2
56402318,0,,,110,57,53,10,5,5,100,52,48,64,36,28,96,50,46,95,49,46,36,16,20,18,7,11,6,2,4,0,0,0,1,0,1,36,36,6,10,8,4,5,2,1,30,18,12,2,24,0,3,4
56402319,0,,,85,45,40,6,5,1,79,40,39,44,24,20,76,37,39,75,36,39,35,16,19,14,4,10,12,3,9,2,1,1,0,0,0,23,23,2,5,5,4,4,0,3,21,8,13,2,21,0,2,1
56402320,0,,,277,139,138,27,12,15,250,127,123,163,90,73,243,123,120,235,117,118,87,37,50,33,10,23,6,0,6,0,0,0,0,0,0,95,95,24,23,15,18,7,4,4,71,45,26,5,55,6,8,11
56402321,0,,,2150,1037,1113,258,135,123,1889,901,988,1267,646,621,1833,878,955,1798,856,942,622,255,367,333,114,219,141,41,100,21,3,18,14,6,8,825,823,266,207,155,122,39,24,10,552,445,107,78,338,45,65,70
56402322,0,,,1878,949,929,240,127,113,1638,822,816,1029,550,479,1589,794,795,1566,781,785,609,272,337,329,140,189,97,37,60,7,2,5,5,0,5,698,698,180,175,156,109,44,19,15,514,391,123,69,390,25,76,87
56402323,0,,,918,471,447,91,45,46,827,426,401,566,302,264,800,410,390,783,399,384,261,124,137,99,42,57,29,8,21,0,0,0,2,1,1,340,340,49,141,66,48,26,4,6,288,246,42,21,174,1,29,57
56402324,0,,,239,107,132,23,13,10,216,94,122,74,43,31,214,94,120,213,94,119,142,51,91,112,34,78,82,22,60,20,3,17,0,0,0,38,35,5,3,6,8,7,3,3,30,14,16,6,26,0,4,1
56402325,0,,,205,96,109,28,12,16,177,84,93,108,49,59,170,79,91,168,77,91,69,35,34,35,14,21,11,4,7,0,0,0,2,0,2,70,70,12,19,13,18,6,0,2,58,39,19,9,46,0,11,7
56402326,0,,,114,57,57,4,4,0,110,53,57,54,31,23,109,53,56,107,52,55,56,22,34,28,9,19,11,2,9,1,0,1,0,0,0,37,37,5,10,10,6,2,3,1,32,18,14,2,34,0,5,5
56402327,0,,,176,77,99,25,10,15,151,67,84,83,38,45,148,66,82,146,64,82,68,29,39,35,15,20,17,3,14,2,0,2,0,0,0,48,48,1,15,10,11,2,5,4,46,24,22,8,40,0,0,6
56402328,0,,,233,111,122,40,23,17,193,88,105,124,60,64,181,84,97,180,84,96,69,28,41,31,9,22,15,3,12,0,0,0,0,0,0,54,54,4,10,6,10,9,5,10,50,18,32,7,45,0,4,2
56402329,0,,,117,53,64,14,7,7,103,46,57,68,33,35,100,44,56,97,41,56,35,13,22,15,6,9,6,1,5,0,0,0,0,0,0,29,29,3,5,3,8,3,3,4,26,12,14,3,22,0,2,0
56402330,0,,,82,39,43,15,6,9,67,33,34,44,22,22,64,30,34,64,30,34,23,11,12,5,1,4,2,0,2,0,0,0,0,0,0,29,29,11,5,6,2,0,2,3,18,11,7,4,14,0,3,3
56402331,0,,,561,264,297,91,46,45,470,218,252,349,167,182,457,214,243,447,212,235,121,51,70,57,19,38,19,4,15,1,0,1,1,0,1,209,209,59,49,32,43,21,4,1,148,113,35,29,86,4,20,11
56402332,0,,,595,291,304,77,34,43,516,256,260,379,193,186,503,248,255,488,242,246,137,63,74,68,25,43,21,6,15,2,1,1,1,0,1,237,237,68,67,42,44,9,5,2,167,138,29,22,96,8,25,18
56402333,0,,,38,20,18,6,5,1,32,15,17,22,11,11,32,15,17,32,15,17,10,4,6,8,3,5,4,1,3,0,0,0,0,0,0,8,8,1,0,0,2,3,1,1,7,2,5,1,7,0,1,0
56402334,0,,,74,37,37,8,4,4,66,33,33,38,18,20,63,32,31,62,31,31,28,15,13,17,8,9,7,2,5,0,0,0,0,0,0,18,18,1,3,5,2,3,1,3,17,6,11,2,17,0,1,2
56402335,0,,,219,111,108,17,11,6,202,100,102,115,61,54,194,97,97,191,95,96,87,39,48,51,22,29,20,8,12,1,0,1,0,0,0,75,75,12,26,12,15,6,2,2,63,42,21,5,53,0,6,11
56402336,0,,,74,34,40,8,3,5,66,31,35,44,23,21,64,31,33,64,31,33,22,8,14,12,3,9,6,3,3,0,0,0,0,0,0,21,21,3,4,3,6,4,0,1,18,9,9,3,17,0,2,2
56402337,0,,,47,21,26,7,2,5,40,19,21,28,13,15,36,18,18,35,18,17,12,6,6,7,3,4,1,1,0,0,0,0,0,0,0,11,11,1,0,4,1,2,2,1,10,4,6,2,8,0,0,0
56402338,0,,,45,27,18,4,3,1,41,24,17,22,13,9,41,24,17,41,24,17,19,11,8,9,6,3,5,4,1,1,1,0,0,0,0,17,17,6,4,2,3,0,1,1,11,5,6,1,11,0,3,2
56402339,0,,,77,40,37,1,1,0,76,39,37,47,26,21,69,34,35,66,33,33,29,13,16,12,5,7,4,2,2,1,0,1,0,0,0,22,22,3,6,1,5,3,4,0,19,8,11,0,18,0,2,4
56402340,0,,,318,154,164,40,19,21,277,134,143,190,95,95,268,128,140,260,126,134,87,39,48,38,16,22,14,5,9,0,0,0,1,1,0,113,113,28,29,25,13,9,6,3,84,56,28,13,53,6,5,8
56402341,0,,,378,183,195,81,37,44,290,142,148,213,106,107,285,138,147,275,134,141,77,36,41,30,10,20,12,4,8,1,0,1,1,0,1,121,121,24,25,28,20,11,10,3,95,67,28,26,48,7,6,4
56402342,0,,,328,168,160,32,16,16,292,150,142,210,109,101,284,145,139,280,143,137,82,41,41,32,14,18,11,3,8,0,0,0,3,0,3,122,122,24,43,23,20,8,2,2,96,77,19,10,54,3,8,12
56402343,0,,,46,21,25,10,4,6,36,17,19,25,12,13,35,16,19,33,15,18,11,5,6,4,2,2,0,0,0,0,0,0,0,0,0,10,10,0,2,1,0,5,0,2,10,3,7,3,7,0,0,0
56402344,0,,,33,18,15,0,0,0,33,18,15,18,11,7,32,17,15,31,17,14,15,7,8,9,3,6,0,0,0,0,0,0,1,0,1,12,12,3,4,2,0,2,1,0,9,5,4,0,10,0,2,1
56402345,0,,,103,46,57,12,2,10,91,44,47,53,28,25,89,44,45,85,42,43,38,16,22,17,6,11,7,2,5,0,0,0,0,0,0,24,24,1,6,4,1,6,2,4,21,5,16,3,21,0,1,3
56402346,0,,,102,45,57,13,9,4,89,36,53,57,24,33,86,36,50,82,35,47,32,12,20,11,2,9,5,0,5,0,0,0,0,0,0,27,27,7,4,3,2,3,3,5,20,5,15,4,23,0,4,3
56402347,0,,,103,55,48,7,4,3,96,51,45,59,32,27,92,48,44,91,47,44,37,19,18,18,7,11,8,3,5,0,0,0,0,0,0,29,29,0,6,11,7,2,2,1,29,13,16,3,24,0,0,4
56402348,0,,,76,38,38,6,4,2,70,34,36,40,20,20,68,33,35,68,33,35,30,14,16,15,5,10,7,2,5,2,0,2,1,0,1,26,26,2,8,11,3,1,0,1,24,15,9,3,20,0,2,5
56402349,0,,,151,81,70,10,7,3,141,74,67,84,46,38,140,73,67,140,73,67,57,28,29,21,8,13,7,2,5,0,0,0,0,0,0,47,47,2,20,7,6,8,4,0,45,29,16,3,37,0,0,10
56402350,0,,,942,476,466,179,84,95,758,389,369,568,301,267,733,373,360,720,368,352,190,88,102,76,32,44,25,6,19,2,0,2,0,0,0,298,298,41,67,80,61,27,12,10,255,199,56,55,121,3,19,24
56402351,0,,,265,128,137,63,33,30,200,94,106,150,70,80,192,88,104,188,88,100,50,24,26,28,13,15,14,6,8,1,0,1,0,0,0,90,90,18,18,23,19,7,4,1,72,57,15,24,34,2,9,3
56402352,0,,,487,246,241,75,41,34,410,204,206,313,161,152,397,199,198,391,195,196,97,43,54,48,16,32,17,5,12,0,0,0,2,0,2,175,175,36,47,47,21,15,6,3,136,101,35,25,70,5,13,9
56402353,0,,,82,41,41,6,4,2,76,37,39,38,21,17,74,36,38,74,36,38,38,16,22,19,5,14,6,1,5,0,0,0,1,0,1,26,26,4,11,3,2,3,1,2,21,12,9,1,23,0,3,6
56402354,0,,,55,30,25,10,7,3,45,23,22,25,12,13,42,20,22,41,20,21,20,11,9,8,4,4,2,0,2,0,0,0,0,0,0,13,13,2,1,3,1,1,3,2,11,3,8,2,12,0,2,0
56402355,0,,,75,40,35,5,4,1,70,36,34,45,27,18,66,32,34,63,30,33,25,9,16,12,3,9,6,1,5,1,0,1,0,0,0,20,20,3,3,4,4,2,1,3,15,4,11,1,17,0,1,1
56402356,0,,,102,55,47,15,11,4,87,44,43,48,25,23,86,43,43,84,43,41,39,19,20,22,11,11,3,2,1,0,0,0,0,0,0,30,30,4,5,6,7,6,2,0,26,14,12,3,25,0,4,2
56402357,0,,,97,51,46,5,3,2,92,48,44,58,31,27,86,47,39,83,47,36,34,17,17,17,8,9,8,2,6,1,0,1,0,0,0,30,30,4,8,7,5,4,0,2,26,18,8,1,23,0,3,3
56402358,0,,,61,33,28,8,5,3,53,28,25,31,17,14,51,27,24,51,27,24,22,11,11,13,5,8,5,3,2,1,1,0,0,0,0,17,17,1,5,5,0,3,1,2,16,9,7,2,13,0,0,4
56402359,0,,,30,16,14,2,2,0,28,14,14,17,9,8,28,14,14,28,14,14,11,5,6,5,2,3,1,0,1,1,0,1,0,0,0,10,10,0,4,4,1,0,1,0,10,8,2,0,6,0,0,2
56402360,0,,,173,90,83,9,4,5,164,86,78,101,54,47,159,83,76,154,79,75,63,32,31,33,15,18,18,8,10,1,0,1,0,0,0,58,58,9,18,11,9,8,2,1,49,27,22,2,41,0,8,6
56402361,0,,,167,77,90,32,15,17,135,62,73,106,52,54,127,59,68,125,58,67,29,10,19,13,3,10,7,2,5,0,0,0,0,0,0,41,40,3,2,15,11,8,1,0,37,29,8,7,15,0,2,2
56402362,0,,,255,120,135,15,6,9,240,114,126,113,56,57,237,114,123,235,113,122,127,58,69,95,38,57,50,14,36,7,1,6,1,0,1,60,58,6,14,18,11,6,1,2,52,32,20,3,45,0,6,8
56402363,0,,,341,169,172,40,23,17,301,146,155,179,85,94,293,141,152,285,137,148,122,61,61,54,24,30,20,10,10,2,0,2,1,0,1,116,116,15,37,29,18,11,4,2,101,74,27,12,75,0,11,15
56402364,0,,,279,136,143,38,20,18,241,116,125,180,92,88,230,110,120,223,107,116,61,24,37,17,2,15,4,0,4,0,0,0,0,0,0,84,84,6,23,24,17,6,3,5,77,55,22,9,42,0,4,8
56402365,0,,,81,40,41,8,4,4,73,36,37,34,18,16,73,36,37,72,35,37,39,18,21,17,6,11,8,3,5,1,0,1,0,0,0,26,26,5,6,5,6,2,0,2,21,11,10,0,23,0,4,3
56402366,0,,,240,117,123,25,17,8,215,100,115,136,67,69,206,96,110,198,94,104,79,33,46,38,12,26,18,5,13,1,0,1,0,0,0,67,67,4,18,14,13,7,7,4,62,32,30,5,51,0,2,7
56402367,0,,,133,68,65,8,4,4,125,64,61,77,45,32,124,63,61,124,63,61,48,19,29,29,9,20,11,1,10,1,0,1,0,0,0,43,43,7,12,9,7,3,3,2,36,16,20,1,33,0,4,5
56402368,0,,,69,28,41,2,0,2,67,28,39,33,13,20,64,26,38,63,26,37,34,15,19,15,5,10,8,2,6,1,1,0,0,0,0,24,24,3,8,6,3,4,0,0,21,14,7,0,19,0,2,5
56402369,0,,,69,37,32,5,2,3,64,35,29,30,16,14,61,33,28,61,33,28,34,19,15,19,11,8,7,5,2,1,0,1,0,0,0,24,24,8,5,5,0,2,2,2,16,9,7,0,22,0,7,4
56402370,0,,,135,63,72,17,2,15,118,61,57,69,37,32,115,60,55,113,59,54,49,24,25,27,11,16,6,2,4,0,0,0,0,0,0,38,38,5,4,10,10,4,3,2,33,20,13,4,31,0,5,1
56402371,0,,,290,145,145,32,16,16,258,129,129,151,76,75,248,125,123,244,122,122,107,53,54,40,21,19,13,7,6,0,0,0,2,0,2,86,86,11,17,22,19,6,7,4,74,41,33,9,68,0,8,11
56402372,0,,,455,211,244,59,24,35,392,184,208,251,127,124,378,175,203,371,173,198,141,57,84,84,30,54,33,6,27,4,0,4,0,0,0,153,152,29,50,30,21,9,4,9,120,83,37,19,79,1,10,19
56402373,0,,,1140,573,567,122,74,48,1016,499,517,674,338,336,978,481,497,957,470,487,342,161,181,147,64,83,55,15,40,5,0,5,8,1,7,394,393,76,114,81,71,27,16,8,313,241,72,35,214,4,37,39
56402374,0,,,197,94,103,17,7,10,180,87,93,121,59,62,173,83,90,166,80,86,59,28,31,35,18,17,11,6,5,0,0,0,0,0,0,55,55,4,16,14,6,1,9,5,51,29,22,3,35,0,3,6
56402375,0,,,139,68,71,14,7,7,125,61,64,82,43,39,121,58,63,120,58,62,43,18,25,24,6,18,8,1,7,0,0,0,0,0,0,41,41,6,8,12,6,4,1,4,35,18,17,1,30,0,3,3
56402376,0,,,278,141,137,26,14,12,252,127,125,142,77,65,246,122,124,240,120,120,110,50,60,55,19,36,21,6,15,3,1,2,0,0,0,86,86,12,25,17,14,7,5,6,74,44,30,7,71,0,10,10
56402377,0,,,181,89,92,21,9,12,160,80,80,104,51,53,153,76,77,147,74,73,56,29,27,26,10,16,8,3,5,3,2,1,2,0,2,49,49,5,13,11,6,4,4,6,43,25,18,4,35,0,3,3
56402378,0,,,116,49,67,10,6,4,106,43,63,64,25,39,100,41,59,100,41,59,42,18,24,22,6,16,11,4,7,0,0,0,4,1,3,34,34,4,11,6,5,3,1,4,29,12,17,1,29,0,3,3
56402379,0,,,199,86,113,8,4,4,191,82,109,65,36,29,189,81,108,189,81,108,126,46,80,89,21,68,58,11,47,10,0,10,2,0,2,38,37,4,9,10,3,6,2,3,33,14,19,1,34,0,3,5
56402380,0,,,219,109,110,25,9,16,194,100,94,114,59,55,191,99,92,188,98,90,80,41,39,41,18,23,12,4,8,1,0,1,0,0,0,57,57,7,8,12,8,12,5,5,50,17,33,3,50,0,5,3
56402381,0,,,161,80,81,18,8,10,143,72,71,86,43,43,133,68,65,131,67,64,57,29,28,23,13,10,7,5,2,0,0,0,0,0,0,47,47,3,19,7,4,4,7,3,44,27,17,6,35,0,3,12
56402382,0,,,67,29,38,14,4,10,51,25,26,32,15,17,49,24,25,48,24,24,19,10,9,3,2,1,0,0,0,0,0,0,0,0,0,24,24,3,9,5,4,3,0,0,20,18,2,2,12,0,2,5
56402383,0,,,972,500,472,135,74,61,833,424,409,570,291,279,803,406,397,785,398,387,263,133,130,83,37,46,25,9,16,4,1,3,2,1,1,353,353,75,114,66,49,31,10,8,273,228,45,32,175,3,32,46
56402384,0,,,105,51,54,7,2,5,98,49,49,56,31,25,95,48,47,93,48,45,42,18,24,22,7,15,9,2,7,0,0,0,0,0,0,42,42,19,5,7,5,3,1,2,22,11,11,1,29,1,9,4
56402385,0,,,38,16,22,5,1,4,33,15,18,19,10,9,33,15,18,32,14,18,14,5,9,7,2,5,2,0,2,1,0,1,0,0,0,8,8,0,2,1,1,1,1,2,8,2,6,2,7,0,0,0
56402386,0,,,513,248,265,62,29,33,451,219,232,302,146,156,428,209,219,421,207,214,149,73,76,68,29,39,16,5,11,0,0,0,2,0,2,166,166,17,57,36,28,16,8,4,148,109,39,17,98,0,14,25
56402387,0,,,274,136,138,28,15,13,246,121,125,147,79,68,233,114,119,223,108,115,99,42,57,41,17,24,13,2,11,2,0,2,0,0,0,79,79,5,17,24,17,4,9,3,72,45,27,6,58,0,4,12
56402388,0,,,162,86,76,15,11,4,147,75,72,93,47,46,141,72,69,138,70,68,54,28,26,13,6,7,4,3,1,0,0,0,0,0,0,53,53,7,16,13,7,8,0,2,46,34,12,3,32,0,5,8
56402389,0,,,110,50,60,9,2,7,101,48,53,51,26,25,99,48,51,98,47,51,50,22,28,19,7,12,8,2,6,0,0,0,0,0,0,37,37,4,11,10,8,2,2,0,33,21,12,1,30,0,3,4
56402390,0,,,119,57,62,9,3,6,110,54,56,68,31,37,109,54,55,106,54,52,42,23,19,20,12,8,6,3,3,0,0,0,0,0,0,36,36,5,8,8,6,6,1,2,30,16,14,3,28,0,2,5
56402391,0,,,322,142,180,44,20,24,278,122,156,181,81,100,266,119,147,259,116,143,97,41,56,43,17,26,11,2,9,2,0,2,5,1,4,110,110,20,35,20,25,1,3,6,89,68,21,10,63,0,15,12
56402392,0,,,130,68,62,10,3,7,120,65,55,75,45,30,118,63,55,114,59,55,45,20,25,20,10,10,7,2,5,0,0,0,0,0,0,44,44,10,9,8,9,6,2,0,34,20,14,2,30,0,4,4
56402393,0,,,1058,527,531,118,63,55,929,456,473,655,333,322,901,442,459,878,427,451,274,123,151,133,55,78,36,10,26,4,1,3,4,0,4,423,423,125,118,85,58,19,11,7,294,243,51,41,189,10,45,37
56402394,0,,,489,260,229,57,32,25,430,228,202,292,166,126,417,222,195,407,216,191,138,62,76,52,24,28,13,6,7,0,0,0,3,1,2,176,176,41,48,41,24,8,7,7,131,98,33,15,83,3,8,19
56402395,0,,,43,20,23,6,4,2,37,16,21,25,10,15,35,16,19,34,16,18,12,6,6,4,1,3,2,1,1,1,1,0,0,0,0,15,15,3,6,3,0,1,1,1,12,7,5,2,9,0,2,3
56402396,0,,,228,120,108,30,15,15,194,101,93,123,65,58,188,98,90,186,96,90,71,36,35,29,14,15,12,4,8,1,1,0,6,4,2,77,77,14,20,23,6,8,3,3,63,46,17,10,47,0,7,9
56402397,0,,,328,163,165,39,22,17,289,141,148,183,94,89,279,134,145,275,130,145,106,47,59,41,12,29,18,3,15,4,0,4,1,0,1,103,103,17,29,20,14,9,8,6,86,53,33,6,69,0,10,18
56402398,0,,,155,82,73,17,9,8,138,73,65,77,46,31,133,70,63,131,69,62,61,27,34,29,11,18,8,2,6,2,0,2,0,0,0,47,47,8,14,7,5,4,7,2,39,24,15,5,38,0,7,6
56402399,0,,,97,52,45,14,6,8,83,46,37,52,30,22,80,43,37,80,43,37,31,16,15,10,4,6,3,1,2,0,0,0,0,0,0,28,28,4,8,4,2,5,3,2,24,13,11,3,21,0,2,4
56402400,0,,,53,24,29,2,2,0,51,22,29,24,10,14,51,22,29,51,22,29,27,12,15,17,7,10,8,2,6,1,0,1,0,0,0,18,18,2,8,2,3,2,0,1,16,9,7,0,17,0,2,5
56402401,2,56402402,,12,5,7,*,*,*,*,*,*,*,*,*,*,*,*,*,*,*,*,*,*,*,*,*,*,*,*,*,*,*,*,*,*,3,3,*,*,*,*,*,*,*,*,*,*,*,*,*,*,*
56402402,1,,56402401,44,21,23,5,3,2,51,23,28,28,14,14,50,22,28,50,22,28,23,9,14,14,5,9,2,1,1,0,0,0,0,0,0,13,13,3,2,4,4,0,2,1,13,5,8,2,15,0,2,0
56402403,0,,,55,26,29,6,2,4,49,24,25,28,14,14,48,24,24,48,24,24,21,10,11,10,4,6,4,2,2,0,0,0,0,0,0,17,17,2,7,3,1,1,1,2,15,7,8,1,13,0,2,1
56402404,0,,,47,20,27,4,3,1,43,17,26,21,9,12,41,17,24,40,17,23,22,8,14,12,2,10,7,1,6,0,0,0,0,0,0,19,19,8,4,1,3,2,1,0,11,4,7,1,16,0,6,2
56402405,0,,,65,36,29,2,2,0,63,34,29,29,18,11,62,33,29,60,32,28,34,16,18,22,7,15,13,4,9,1,0,1,0,0,0,27,27,11,6,3,3,3,1,0,16,10,6,0,22,0,9,2
56402406,0,,,127,62,65,5,4,1,122,58,64,60,31,29,119,56,63,113,52,61,62,27,35,37,13,24,15,5,10,3,2,1,0,0,0,40,40,5,12,7,10,2,1,3,35,18,17,2,37,0,4,6
56402407,0,,,68,32,36,4,3,1,64,29,35,36,19,17,61,28,33,59,26,33,28,10,18,19,6,13,8,2,6,0,0,0,0,0,0,24,24,4,9,4,3,3,0,1,20,13,7,1,19,0,2,3
56402408,0,,,135,63,72,11,5,6,124,58,66,66,33,33,120,57,63,118,56,62,58,25,33,32,10,22,16,4,12,2,0,2,0,0,0,45,45,8,12,12,7,1,2,3,37,22,15,2,37,0,7,6
56402409,0,,,90,46,44,2,2,0,88,44,44,44,25,19,87,44,43,85,43,42,44,19,25,26,11,15,13,6,7,1,1,0,2,0,2,36,36,7,14,9,4,0,2,0,28,19,9,0,28,0,5,7
56402410,0,,,11,6,5,0,0,0,11,6,5,10,5,5,11,6,5,11,6,5,1,1,0,0,0,0,0,0,0,0,0,0,0,0,0,5,5,0,4,1,0,0,0,0,5,4,1,0,1,0,0,1
56402411,0,,,25,12,13,0,0,0,25,12,13,11,6,5,25,12,13,25,12,13,14,6,8,9,4,5,4,2,2,0,0,0,0,0,0,10,10,1,5,2,2,0,0,0,9,7,2,0,8,0,1,2
56402412,0,,,31,16,15,1,1,0,30,15,15,20,9,11,27,14,13,26,14,12,10,6,4,2,2,0,1,1,0,0,0,0,0,0,0,8,8,1,1,2,1,2,0,1,7,3,4,0,6,0,0,1
56402413,0,,,43,20,23,4,3,1,39,17,22,16,6,10,39,17,22,39,17,22,23,11,12,10,3,7,5,1,4,1,0,1,0,0,0,12,12,1,4,2,1,2,1,1,11,6,5,0,11,0,1,2
56402414,0,,,13,8,5,0,0,0,13,8,5,7,5,2,13,8,5,13,8,5,6,3,3,3,0,3,1,0,1,0,0,0,0,0,0,7,7,5,0,0,2,0,0,0,2,2,0,0,5,0,4,0
56402415,0,,,150,80,70,12,8,4,138,72,66,71,44,27,133,69,64,129,66,63,67,28,39,30,10,20,10,3,7,2,0,2,0,0,0,49,49,10,14,9,7,2,4,3,39,21,18,3,42,0,7,10
56402416,0,,,144,70,74,14,9,5,130,61,69,65,36,29,126,59,67,126,59,67,65,25,40,36,13,23,16,4,12,0,0,0,0,0,0,49,49,9,16,9,7,3,2,3,40,26,14,2,38,0,7,8
56402417,0,,,53,25,28,5,1,4,48,24,24,30,16,14,46,24,22,43,22,21,18,8,10,10,3,7,6,3,3,1,0,1,1,0,1,15,15,1,4,4,3,0,1,2,14,8,6,1,11,0,1,0
56402418,0,,,30,16,14,0,0,0,30,16,14,16,9,7,30,16,14,30,16,14,14,7,7,6,2,4,2,0,2,0,0,0,0,0,0,10,10,1,3,2,3,1,0,0,9,5,4,0,8,0,1,3
56402419,0,,,46,23,23,0,0,0,46,23,23,19,10,9,46,23,23,46,23,23,27,13,14,14,5,9,7,2,5,3,1,2,0,0,0,17,17,4,4,5,1,3,0,0,13,6,7,0,15,0,3,2
56402420,0,,,24,11,13,0,0,0,24,11,13,14,8,6,24,11,13,23,10,13,10,3,7,3,0,3,2,0,2,0,0,0,0,0,0,8,8,1,1,4,1,1,0,0,7,3,4,0,8,0,1,1
56402421,0,,,35,15,20,5,2,3,30,13,17,15,5,10,29,13,16,28,13,15,15,8,7,6,3,3,1,0,1,0,0,0,0,0,0,11,11,1,4,2,2,1,0,1,10,6,4,0,9,0,1,3
56402422,0,,,12,4,8,0,0,0,12,4,8,7,2,5,11,3,8,11,3,8,5,2,3,4,1,3,0,0,0,0,0,0,0,0,0,4,4,0,2,1,0,1,0,0,3,2,1,0,4,0,0,0
56402423,0,,,22,13,9,0,0,0,22,13,9,12,9,3,22,13,9,22,13,9,10,4,6,5,1,4,0,0,0,0,0,0,0,0,0,9,9,3,2,2,1,1,0,0,6,5,1,0,7,0,2,2
56402424,0,,,61,31,30,8,5,3,53,26,27,34,18,16,51,25,26,51,25,26,19,8,11,13,3,10,4,1,3,0,0,0,1,0,1,18,18,3,3,3,5,1,3,0,15,8,7,2,14,0,1,1
56402425,0,,,37,21,16,1,1,0,36,20,16,22,12,10,32,18,14,32,18,14,14,8,6,9,5,4,3,1,2,1,0,1,0,0,0,10,10,2,1,2,0,3,2,0,7,1,6,0,7,0,1,0
56402426,0,,,39,21,18,0,0,0,39,21,18,26,13,13,37,20,17,35,20,15,13,8,5,9,5,4,5,3,2,1,0,1,0,0,0,14,14,2,5,4,0,3,0,0,12,7,5,0,10,0,0,1
56402427,0,,,48,24,24,5,2,3,43,22,21,27,13,14,42,21,21,42,21,21,16,9,7,9,5,4,5,4,1,0,0,0,0,0,0,15,15,3,3,3,1,4,1,0,12,6,6,1,10,0,2,2
56402428,0,,,38,19,19,1,1,0,37,18,19,14,7,7,36,17,19,36,17,19,23,11,12,10,2,8,5,2,3,0,0,0,0,0,0,17,17,4,8,4,0,0,1,0,13,11,2,0,16,0,4,5
56402429,0,,,11,6,5,1,0,1,10,6,4,5,4,1,10,6,4,10,6,4,5,2,3,4,2,2,0,0,0,0,0,0,0,0,0,4,4,0,2,1,1,0,0,0,4,4,0,1,3,0,0,1
56402430,0,,,76,40,36,10,3,7,66,37,29,53,29,24,63,35,28,61,34,27,13,8,5,4,2,2,1,0,1,0,0,0,1,0,1,22,22,4,4,2,6,4,1,1,18,9,9,2,12,0,3,1
56402431,0,,,16,7,9,4,3,1,12,4,8,8,2,6,10,4,6,9,4,5,4,2,2,4,2,2,1,0,1,0,0,0,0,0,0,4,4,0,1,0,1,2,0,0,4,3,1,0,3,0,0,0
56402433,0,,,25,12,13,1,0,1,24,12,12,18,10,8,21,10,11,20,9,11,6,2,4,4,1,3,1,1,0,1,1,0,0,0,0,7,7,2,1,1,0,1,1,1,5,2,3,0,5,0,1,0
56402434,0,,,87,45,42,3,2,1,84,43,41,46,26,20,84,43,41,83,42,41,38,17,21,18,7,11,9,3,6,0,0,0,0,0,0,30,30,5,10,6,5,1,2,1,25,15,10,1,25,0,5,2
56402435,0,,,43,24,19,4,2,2,39,22,17,18,10,8,38,21,17,38,21,17,21,12,9,4,1,3,2,0,2,1,0,1,1,1,0,14,14,5,1,4,0,1,2,1,9,3,6,1,13,0,4,0
56402436,0,,,68,35,33,3,2,1,65,33,32,42,22,20,61,31,30,60,30,30,23,11,12,14,5,9,6,2,4,0,0,0,1,0,1,23,23,4,7,5,4,0,2,1,19,10,9,1,17,0,4,0
56402437,0,,,91,44,47,7,2,5,84,42,42,42,21,21,84,42,42,83,42,41,42,21,21,14,7,7,6,1,5,0,0,0,1,1,0,28,28,1,9,7,6,4,0,1,27,14,13,1,26,0,1,4
56402438,0,,,95,50,45,3,2,1,92,48,44,43,26,17,89,47,42,89,47,42,49,22,27,25,11,14,11,3,8,0,0,0,0,0,0,38,38,6,16,10,3,3,0,0,32,21,11,0,36,0,5,9
56402439,0,,,74,34,40,3,2,1,71,32,39,29,15,14,71,32,39,70,31,39,42,17,25,23,7,16,16,3,13,1,0,1,1,0,1,31,30,11,10,4,2,1,2,0,19,12,7,1,25,0,8,5
56402440,0,,,67,34,33,4,2,2,63,32,31,31,14,17,61,32,29,60,31,29,32,18,14,14,7,7,7,5,2,0,0,0,0,0,0,21,21,3,7,6,1,1,1,2,18,11,7,2,20,0,2,2
56402441,0,,,21,10,11,1,0,1,20,10,10,11,6,5,20,10,10,20,10,10,9,4,5,4,1,3,2,0,2,0,0,0,1,0,1,7,7,2,0,3,1,0,1,0,5,2,3,0,5,0,1,0
56402442,0,,,16,9,7,2,0,2,14,9,5,7,5,2,14,9,5,14,9,5,7,4,3,1,1,0,1,1,0,0,0,0,0,0,0,6,6,1,3,0,1,1,0,0,5,2,3,0,3,0,0,2
56402443,0,,,18,9,9,0,0,0,18,9,9,9,5,4,18,9,9,18,9,9,9,4,5,5,3,2,1,0,1,0,0,0,0,0,0,7,7,1,2,3,1,0,0,0,6,4,2,0,6,0,1,2
56402444,0,,,182,88,94,13,6,7,169,82,87,104,51,53,163,81,82,162,81,81,65,31,34,30,11,19,9,3,6,1,0,1,0,0,0,60,60,9,15,17,8,7,3,1,51,32,19,3,45,0,7,5
56402445,0,,,92,49,43,5,4,1,87,45,42,46,25,21,84,42,42,84,42,42,41,20,21,19,8,11,9,4,5,0,0,0,0,0,0,36,36,8,14,7,1,5,1,0,28,18,10,1,26,0,4,7
56402446,0,,,48,27,21,2,1,1,46,26,20,23,14,9,42,22,20,42,22,20,23,12,11,11,6,5,3,1,2,0,0,0,0,0,0,19,19,4,10,1,2,1,0,1,15,11,4,0,15,0,4,5
56402447,0,,,76,40,36,5,2,3,71,38,33,40,22,18,70,38,32,70,38,32,31,16,15,17,6,11,12,3,9,0,0,0,0,0,0,26,26,6,6,7,3,1,1,2,20,8,12,2,20,0,4,3
56402448,0,,,40,19,21,1,0,1,39,19,20,19,11,8,39,19,20,39,19,20,20,8,12,11,4,7,4,2,2,0,0,0,0,0,0,15,15,3,4,5,1,2,0,0,12,6,6,0,14,0,3,1
56402449,0,,,114,63,51,13,10,3,101,53,48,57,31,26,96,48,48,96,48,48,44,22,22,23,9,14,9,2,7,2,1,1,0,0,0,36,36,6,8,11,4,2,2,3,30,16,14,2,29,0,3,6
56402450,0,,,75,39,36,6,5,1,69,34,35,44,23,21,68,34,34,67,34,33,25,11,14,14,4,10,3,0,3,0,0,0,0,0,0,26,26,4,9,6,2,3,2,0,22,17,5,3,18,0,2,3
56402451,0,,,97,43,54,8,4,4,89,39,50,58,26,32,86,39,47,85,39,46,31,13,18,12,5,7,4,1,3,0,0,0,1,0,1,29,29,4,8,6,4,2,3,2,25,14,11,1,20,0,1,4
56402452,0,,,41,22,19,6,3,3,35,19,16,18,10,8,35,19,16,35,19,16,17,9,8,4,3,1,1,1,0,0,0,0,2,1,1,11,11,1,1,4,2,1,1,1,10,5,5,1,10,0,1,1
56402453,0,,,24,14,10,4,2,2,20,12,8,8,6,2,20,12,8,20,12,8,12,6,6,6,3,3,3,2,1,1,1,0,0,0,0,8,8,3,1,2,0,1,0,1,5,3,2,1,7,0,2,0
56402454,0,,,56,33,23,1,0,1,55,33,22,24,16,8,53,31,22,53,31,22,31,17,14,13,7,6,4,3,1,0,0,0,1,0,1,20,20,1,12,2,3,0,1,1,19,15,4,1,18,0,1,7
56402455,0,,,56,30,26,3,1,2,53,29,24,27,15,12,52,29,23,50,27,23,26,14,12,16,9,7,6,3,3,0,0,0,0,0,0,20,20,6,3,6,1,2,2,0,14,6,8,0,16,0,3,3
56402456,0,,,57,26,31,0,0,0,57,26,31,29,15,14,54,24,30,54,24,30,28,11,17,14,5,9,9,4,5,0,0,0,0,0,0,22,22,2,9,9,1,0,1,0,20,16,4,0,17,0,2,5
56402457,0,,,55,28,27,2,2,0,53,26,27,25,12,13,52,26,26,51,26,25,28,14,14,17,9,8,13,8,5,0,0,0,0,0,0,17,17,1,6,4,2,2,2,0,16,9,7,0,17,0,1,5
56402458,1,,56402459,40,19,21,1,1,0,44,21,23,21,12,9,41,19,22,39,17,22,23,9,14,6,3,3,3,1,2,0,0,0,0,0,0,13,13,3,5,1,4,0,1,1,12,5,7,0,13,0,2,2
56402459,2,56402458,,5,3,2,*,*,*,*,*,*,*,*,*,*,*,*,*,*,*,*,*,*,*,*,*,*,*,*,*,*,*,*,*,*,2,2,*,*,*,*,*,*,*,*,*,*,*,*,*,*,*
56402460,0,,,497,234,263,51,22,29,446,212,234,232,119,113,436,204,232,431,200,231,214,93,121,96,35,61,33,10,23,2,0,2,1,0,1,183,182,39,56,44,21,11,8,3,142,100,42,8,134,0,24,29
56402461,0,,,290,148,142,37,23,14,253,125,128,168,85,83,243,121,122,238,119,119,85,40,45,33,11,22,11,6,5,0,0,0,5,5,0,105,105,27,28,20,16,7,2,5,78,55,23,8,59,5,13,9
56402462,0,,,63,32,31,3,2,1,60,30,30,35,19,16,58,29,29,58,29,29,25,11,14,11,3,8,6,1,5,0,0,0,0,0,0,20,20,5,3,3,4,3,2,0,15,4,11,1,16,0,3,0
56402463,0,,,50,27,23,4,2,2,46,25,21,21,11,10,45,24,21,45,24,21,25,14,11,8,3,5,6,2,4,0,0,0,0,0,0,19,19,2,10,3,2,1,1,0,17,13,4,1,14,0,2,3
56402464,0,,,29,14,15,5,3,2,24,11,13,12,5,7,22,11,11,21,11,10,12,6,6,5,2,3,2,0,2,0,0,0,0,0,0,7,7,1,2,0,0,1,2,1,6,2,4,2,6,0,0,1
56402465,0,,,62,30,32,3,2,1,59,28,31,31,14,17,58,28,30,57,27,30,28,14,14,16,7,9,7,3,4,1,0,1,1,0,1,20,20,3,7,2,4,1,3,0,17,8,9,0,17,0,2,3
56402466,0,,,77,39,38,12,6,6,65,33,32,31,18,13,64,32,32,63,31,32,34,15,19,21,9,12,5,3,2,0,0,0,0,0,0,25,25,4,11,2,1,2,4,1,21,16,5,0,22,0,4,7
56402467,0,,,39,20,19,5,3,2,34,17,17,17,9,8,34,17,17,34,17,17,17,8,9,7,3,4,4,2,2,0,0,0,1,0,1,16,16,3,7,4,0,2,0,0,13,11,2,2,11,0,1,4
56402468,0,,,40,20,20,2,1,1,38,19,19,20,11,9,38,19,19,37,19,18,18,8,10,15,5,10,9,4,5,0,0,0,0,0,0,15,15,3,5,2,4,1,0,0,12,6,6,0,13,0,3,3
56402469,0,,,11,7,4,0,0,0,11,7,4,4,3,1,11,7,4,11,7,4,7,4,3,2,2,0,1,1,0,0,0,0,0,0,0,6,6,1,5,0,0,0,0,0,5,5,0,0,4,0,0,3
56402470,0,,,497,229,268,59,26,33,438,203,235,250,122,128,422,195,227,416,192,224,188,81,107,106,40,66,40,10,30,4,1,3,1,0,1,162,162,35,47,24,17,19,12,8,127,68,59,8,127,0,23,22
56402471,0,,,54,27,27,1,1,0,53,26,27,24,12,12,52,25,27,50,24,26,29,14,15,19,8,11,3,2,1,0,0,0,0,0,0,22,22,5,8,5,2,2,0,0,17,11,6,0,19,0,4,5
56402472,1,,56402482,53,30,23,1,0,1,55,33,22,23,14,9,53,31,22,53,31,22,32,19,13,13,4,9,7,2,5,0,0,0,0,0,0,21,21,11,4,3,4,1,0,1,12,7,5,0,20,0,7,4
56402473,0,,,19,9,10,1,0,1,18,9,9,12,4,8,18,9,9,18,9,9,6,5,1,2,1,1,2,1,1,1,1,0,1,0,1,7,7,0,3,3,1,0,0,0,7,4,3,1,5,0,0,2
56402474,0,,,30,15,15,0,0,0,30,15,15,16,9,7,29,14,15,29,14,15,14,6,8,6,2,4,5,1,4,0,0,0,0,0,0,10,10,1,3,2,3,1,0,0,9,6,3,0,8,0,1,0
56402475,0,,,92,45,47,9,5,4,83,40,43,45,24,21,83,40,43,83,40,43,38,16,22,19,4,15,9,2,7,1,0,1,1,0,1,29,29,7,6,6,3,3,2,2,22,9,13,2,26,0,6,2
56402476,0,,,99,50,49,9,5,4,90,45,45,56,32,24,85,43,42,84,42,42,34,13,21,19,6,13,7,2,5,0,0,0,1,0,1,28,28,7,2,6,4,4,3,2,21,9,12,2,19,0,3,2
56402477,0,,,82,40,42,5,2,3,77,38,39,40,22,18,76,37,39,76,37,39,37,16,21,20,7,13,8,3,5,0,0,0,0,0,0,29,29,6,9,3,8,2,0,1,23,13,10,0,26,0,5,3
56402478,0,,,82,42,40,5,3,2,77,39,38,36,18,18,77,39,38,77,39,38,41,21,20,25,11,14,16,9,7,1,1,0,2,0,2,31,31,10,6,8,4,1,0,2,21,10,11,1,26,0,6,1
56402480,0,,,110,52,58,13,6,7,97,46,51,57,28,29,96,46,50,94,46,48,40,18,22,18,6,12,12,4,8,0,0,0,0,0,0,34,34,6,10,3,9,2,0,4,28,18,10,3,24,0,4,6
56402481,0,,,50,22,28,6,5,1,44,17,27,21,8,13,43,17,26,43,17,26,23,9,14,8,1,7,4,0,4,0,0,0,0,0,0,17,17,3,5,4,3,0,1,1,14,8,6,0,15,0,2,3
56402482,2,56402472,,3,3,0,*,*,*,*,*,*,*,*,*,*,*,*,*,*,*,*,*,*,*,*,*,*,*,*,*,*,*,*,*,*,3,3,*,*,*,*,*,*,*,*,*,*,*,*,*,*,*
56402483,2,56402484,,2,1,1,*,*,*,*,*,*,*,*,*,*,*,*,*,*,*,*,*,*,*,*,*,*,*,*,*,*,*,*,*,*,2,2,*,*,*,*,*,*,*,*,*,*,*,*,*,*,*
56402484,1,,56402483,49,23,26,5,1,4,46,23,23,25,14,11,44,22,22,42,21,21,21,9,12,11,3,8,4,1,3,1,0,1,0,0,0,15,15,4,4,5,1,0,1,2,13,10,3,2,13,0,4,2
56402485,0,,,82,41,41,8,4,4,74,37,37,28,14,14,74,37,37,74,37,37,46,23,23,22,11,11,11,6,5,1,1,0,0,0,0,26,26,2,12,4,3,2,1,2,24,14,10,2,23,0,1,6
56402486,0,,,162,81,81,14,8,6,148,73,75,81,39,42,143,71,72,141,71,70,67,34,33,35,12,23,13,4,9,2,0,2,4,1,3,55,55,10,13,13,12,4,2,1,45,28,17,4,40,0,7,7
56402487,0,,,91,43,48,8,3,5,83,40,43,46,24,22,82,40,42,81,40,41,37,16,21,21,7,14,12,3,9,1,0,1,2,0,2,30,30,9,4,4,6,4,3,0,21,7,14,1,23,0,6,3
56402488,0,,,29,14,15,4,2,2,25,12,13,15,7,8,24,11,13,23,11,12,10,5,5,4,1,3,0,0,0,0,0,0,0,0,0,8,8,2,1,1,1,1,1,1,6,2,4,0,7,0,1,1
56402490,0,,,90,44,46,6,3,3,84,41,43,42,21,21,83,41,42,83,41,42,42,20,22,17,6,11,4,2,2,0,0,0,1,0,1,30,30,7,9,4,4,2,1,3,23,12,11,1,25,0,5,6
56402491,0,,,109,53,56,11,5,6,98,48,50,62,31,31,93,45,48,90,44,46,36,17,19,18,7,11,4,1,3,1,0,1,0,0,0,34,34,3,8,12,5,3,2,1,31,20,11,2,25,0,2,2
56402492,0,,,82,40,42,8,5,3,74,35,39,43,20,23,72,34,38,70,34,36,31,15,16,16,7,9,7,2,5,0,0,0,3,0,3,21,21,2,5,2,5,2,2,3,19,8,11,1,19,0,2,2
56402493,0,,,94,50,44,9,5,4,85,45,40,41,23,18,85,45,40,84,45,39,44,22,22,23,10,13,8,4,4,0,0,0,0,0,0,30,30,4,11,5,1,7,1,1,25,16,9,4,26,0,2,7
56402494,0,,,48,23,25,1,0,1,47,23,24,32,15,17,43,21,22,40,20,20,15,8,7,5,2,3,0,0,0,0,0,0,1,0,1,14,14,2,3,2,4,1,1,1,12,8,4,0,11,0,1,2
56402495,0,,,109,54,55,9,4,5,100,50,50,51,26,25,100,50,50,97,49,48,49,24,25,32,12,20,11,4,7,2,0,2,0,0,0,34,34,6,11,6,3,2,4,2,28,13,15,3,29,0,4,5
56402496,0,,,79,42,37,3,2,1,76,40,36,33,17,16,75,39,36,73,38,35,43,23,20,19,9,10,9,4,5,3,2,1,1,0,1,25,25,3,9,6,1,2,3,1,22,12,10,1,24,0,3,6
56402497,0,,,52,25,27,2,2,0,50,23,27,26,11,15,50,23,27,48,21,27,24,12,12,14,6,8,5,2,3,0,0,0,2,0,2,16,16,0,6,3,4,3,0,0,16,8,8,0,13,0,0,6
56402498,1,,56402499,141,69,72,10,4,6,134,67,67,79,40,39,132,65,67,128,62,66,55,27,28,24,8,16,11,2,9,1,0,1,7,1,6,44,44,7,11,15,3,3,2,4,38,22,16,4,36,0,4,8
56402499,2,56402498,,3,2,1,*,*,*,*,*,*,*,*,*,*,*,*,*,*,*,*,*,*,*,*,*,*,*,*,*,*,*,*,*,*,1,1,*,*,*,*,*,*,*,*,*,*,*,*,*,*,*
56402500,0,,,139,69,70,13,6,7,126,63,63,75,38,37,121,60,61,118,59,59,51,25,26,27,10,17,11,3,8,0,0,0,0,0,0,43,43,8,10,8,8,4,1,4,35,19,16,1,38,0,7,3
56402501,0,,,62,29,33,2,1,1,60,28,32,35,16,19,60,28,32,59,28,31,25,12,13,16,8,8,7,3,4,0,0,0,0,0,0,20,20,3,5,5,4,1,1,1,17,9,8,0,17,0,3,2
56402502,0,,,19,6,13,1,1,0,18,5,13,11,4,7,18,5,13,18,5,13,7,1,6,5,0,5,3,0,3,0,0,0,1,0,1,8,8,1,3,4,0,0,0,0,7,5,2,1,7,0,1,0
56402503,0,,,46,24,22,1,0,1,45,24,21,27,16,11,45,24,21,44,24,20,18,8,10,9,4,5,3,0,3,0,0,0,0,0,0,12,12,2,2,1,2,3,1,1,10,4,6,0,11,0,1,2
56402506,1,,56402516,8,4,4,0,0,0,10,5,5,4,2,2,10,5,5,10,5,5,6,3,3,2,0,2,0,0,0,0,0,0,0,0,0,4,4,0,5,0,0,0,0,0,5,5,0,0,5,0,0,3
56402507,0,,,12,6,6,0,0,0,12,6,6,5,3,2,12,6,6,12,6,6,7,3,4,2,1,1,1,0,1,0,0,0,0,0,0,5,5,2,1,1,0,1,0,0,3,2,1,0,5,0,2,1
56402508,1,,56402518,9,4,5,0,0,0,12,6,6,5,3,2,12,6,6,12,6,6,7,3,4,3,1,2,1,0,1,0,0,0,0,0,0,5,5,3,3,1,0,0,0,0,4,3,1,0,5,0,2,1
56402509,0,,,26,15,11,1,0,1,25,15,10,10,6,4,25,15,10,25,15,10,15,9,6,7,3,4,1,0,1,0,0,0,1,0,1,13,13,5,4,3,1,0,0,0,8,5,3,0,12,0,5,2
56402510,0,,,126,60,66,8,3,5,118,57,61,64,31,33,116,57,59,116,57,59,54,26,28,26,12,14,9,4,5,0,0,0,0,0,0,46,46,10,15,9,7,2,1,2,36,25,11,1,37,0,7,10
56402511,0,,,148,60,88,15,3,12,133,57,76,71,32,39,130,55,75,128,54,74,62,25,37,33,11,22,19,6,13,4,1,3,0,0,0,45,45,9,10,10,7,3,2,4,36,20,16,5,35,0,6,5
56402512,0,,,208,106,102,13,8,5,195,98,97,98,52,46,193,98,95,188,94,94,97,46,51,56,24,32,20,7,13,2,1,1,1,0,1,76,76,19,25,12,12,2,3,3,57,34,23,3,63,0,14,11
56402513,0,,,44,24,20,4,1,3,40,23,17,27,17,10,38,22,16,38,22,16,13,6,7,11,5,6,4,2,2,0,0,0,0,0,0,14,14,2,1,6,3,2,0,0,12,5,7,1,11,0,1,0
56402514,1,,56402515,38,21,17,3,0,3,36,22,14,20,13,7,36,22,14,36,22,14,16,9,7,8,3,5,3,1,2,0,0,0,1,0,1,13,13,3,5,0,4,2,0,0,9,6,3,1,11,0,3,2
56402515,2,56402514,,1,1,0,*,*,*,*,*,*,*,*,*,*,*,*,*,*,*,*,*,*,*,*,*,*,*,*,*,*,*,*,*,*,1,1,*,*,*,*,*,*,*,*,*,*,*,*,*,*,*
56402516,2,56402506,,2,1,1,*,*,*,*,*,*,*,*,*,*,*,*,*,*,*,*,*,*,*,*,*,*,*,*,*,*,*,*,*,*,1,1,*,*,*,*,*,*,*,*,*,*,*,*,*,*,*
56402517,0,,,26,14,12,1,0,1,25,14,11,12,6,6,24,14,10,23,13,10,13,8,5,6,3,3,4,3,1,0,0,0,0,0,0,10,10,2,4,2,1,0,1,0,8,5,3,0,8,0,2,2
56402518,2,56402508,,3,2,1,*,*,*,*,*,*,*,*,*,*,*,*,*,*,*,*,*,*,*,*,*,*,*,*,*,*,*,*,*,*,2,2,*,*,*,*,*,*,*,*,*,*,*,*,*,*,*
56402520,0,,,65,35,30,6,1,5,59,34,25,35,21,14,56,32,24,54,31,23,24,13,11,12,4,8,8,4,4,0,0,0,0,0,0,19,19,2,5,6,1,1,2,2,17,10,7,1,17,0,2,2
56402521,0,,,69,45,24,2,2,0,67,43,24,35,22,13,67,43,24,67,43,24,32,21,11,17,11,6,8,4,4,3,2,1,0,0,0,25,25,5,7,7,3,1,2,0,20,13,7,0,20,0,2,5
56402522,0,,,42,24,18,5,4,1,37,20,17,25,14,11,37,20,17,37,20,17,12,6,6,6,2,4,2,0,2,0,0,0,1,0,1,16,16,6,4,2,1,1,1,1,10,7,3,2,10,0,3,2
56402523,0,,,37,19,18,3,2,1,34,17,17,14,7,7,33,16,17,32,16,16,20,10,10,12,6,6,4,2,2,0,0,0,0,0,0,11,11,1,4,2,0,2,2,0,10,6,4,2,11,0,1,4
56402524,1,,56402533;56402534;56402536,38,25,13,1,0,1,50,33,17,20,14,6,50,33,17,50,33,17,30,19,11,12,5,7,5,0,5,0,0,0,0,0,0,15,15,9,6,4,2,2,0,0,14,10,4,0,21,0,8,4
56402529,1,,56402539,37,20,17,0,0,0,40,21,19,12,7,5,40,21,19,40,21,19,28,14,14,11,4,7,4,1,3,2,1,1,3,3,0,19,19,9,6,5,1,0,0,0,12,9,3,0,18,3,6,3
56402530,0,,,43,19,24,2,1,1,41,18,23,20,8,12,38,18,20,37,18,19,21,10,11,9,4,5,3,0,3,0,0,0,0,0,0,14,14,2,5,3,1,1,1,1,12,6,6,0,13,0,2,2
56402531,0,,,28,14,14,1,0,1,27,14,13,17,9,8,27,14,13,27,14,13,10,5,5,5,2,3,1,0,1,0,0,0,0,0,0,12,12,2,6,2,2,0,0,0,10,7,3,1,8,0,2,2
56402533,2,56402524,,7,3,4,*,*,*,*,*,*,*,*,*,*,*,*,*,*,*,*,*,*,*,*,*,*,*,*,*,*,*,*,*,*,4,4,*,*,*,*,*,*,*,*,*,*,*,*,*,*,*
56402534,2,56402524,,4,3,1,*,*,*,*,*,*,*,*,*,*,*,*,*,*,*,*,*,*,*,*,*,*,*,*,*,*,*,*,*,*,2,2,*,*,*,*,*,*,*,*,*,*,*,*,*,*,*
56402536,2,56402524,,2,2,0,*,*,*,*,*,*,*,*,*,*,*,*,*,*,*,*,*,*,*,*,*,*,*,*,*,*,*,*,*,*,2,2,*,*,*,*,*,*,*,*,*,*,*,*,*,*,*
56402537,0,,,9,4,5,0,0,0,9,4,5,5,2,3,9,4,5,9,4,5,4,2,2,4,2,2,1,0,1,0,0,0,0,0,0,4,4,1,1,2,0,0,0,0,3,2,1,0,4,0,1,1
56402538,0,,,9,4,5,0,0,0,9,4,5,3,2,1,9,4,5,9,4,5,6,2,4,2,0,2,2,0,2,0,0,0,0,0,0,4,4,1,2,0,1,0,0,0,3,2,1,0,4,0,1,1
56402539,2,56402529,,3,1,2,*,*,*,*,*,*,*,*,*,*,*,*,*,*,*,*,*,*,*,*,*,*,*,*,*,*,*,*,*,*,2,2,*,*,*,*,*,*,*,*,*,*,*,*,*,*,*
56402540,0,,,38,18,20,2,1,1,36,17,19,23,10,13,35,16,19,33,16,17,13,7,6,8,3,5,2,0,2,0,0,0,0,0,0,11,11,2,1,4,1,2,0,1,9,4,5,0,10,0,1,0
56402541,1,,56402542,47,17,30,1,0,1,54,21,33,22,10,12,54,21,33,53,21,32,32,11,21,19,5,14,7,1,6,1,0,1,0,0,0,16,16,1,6,5,3,3,0,0,17,7,10,1,18,0,1,5
56402542,2,56402541,,8,4,4,*,*,*,*,*,*,*,*,*,*,*,*,*,*,*,*,*,*,*,*,*,*,*,*,*,*,*,*,*,*,2,2,*,*,*,*,*,*,*,*,*,*,*,*,*,*,*
56402546,2,56402547,,4,3,1,*,*,*,*,*,*,*,*,*,*,*,*,*,*,*,*,*,*,*,*,*,*,*,*,*,*,*,*,*,*,2,2,*,*,*,*,*,*,*,*,*,*,*,*,*,*,*
56402547,1,,56402546,6,3,3,0,0,0,10,6,4,4,3,1,10,6,4,10,6,4,6,3,3,4,2,2,2,1,1,0,0,0,0,0,0,2,2,1,1,1,1,0,0,0,3,2,1,0,3,0,0,1
56402550,1,,56402560,44,22,22,3,2,1,42,20,22,20,9,11,40,20,20,40,20,20,22,11,11,11,5,6,4,1,3,0,0,0,1,0,1,18,18,5,9,2,1,1,0,1,14,11,3,0,15,0,3,6
56402551,0,,,38,19,19,7,3,4,31,16,15,13,6,7,30,16,14,30,16,14,18,10,8,6,2,4,4,1,3,0,0,0,0,0,0,15,15,4,5,3,0,3,0,0,11,8,3,0,11,0,3,4
56402552,1,,56402553,10,5,5,0,0,0,17,8,9,6,1,5,17,8,9,17,8,9,11,7,4,6,2,4,3,1,2,0,0,0,5,0,5,6,6,10,2,1,0,0,0,0,3,3,0,0,9,0,6,0
56402553,2,56402552,,7,3,4,*,*,*,*,*,*,*,*,*,*,*,*,*,*,*,*,*,*,*,*,*,*,*,*,*,*,*,*,*,*,7,7,*,*,*,*,*,*,*,*,*,*,*,*,*,*,*
56402560,2,56402550,,1,0,1,*,*,*,*,*,*,*,*,*,*,*,*,*,*,*,*,*,*,*,*,*,*,*,*,*,*,*,*,*,*,1,1,*,*,*,*,*,*,*,*,*,*,*,*,*,*,*
56402561,0,,,137,66,71,7,3,4,130,63,67,76,41,35,121,59,62,119,57,62,54,22,32,27,9,18,12,3,9,1,1,0,0,0,0,49,49,13,14,6,7,5,3,1,36,20,16,1,37,0,9,7
56402562,0,,,68,34,34,6,4,2,62,30,32,34,18,16,62,30,32,61,29,32,28,12,16,14,5,9,8,2,6,2,0,2,0,0,0,21,21,4,5,3,5,2,0,2,16,7,9,2,18,0,3,1
56402563,1,,56402565,18,8,10,2,1,1,17,8,9,10,5,5,17,8,9,17,8,9,7,3,4,6,2,4,2,1,1,0,0,0,0,0,0,7,7,3,2,1,1,1,0,0,5,3,2,0,6,0,2,1
56402565,2,56402563,,1,1,0,*,*,*,*,*,*,*,*,*,*,*,*,*,*,*,*,*,*,*,*,*,*,*,*,*,*,*,*,*,*,1,1,*,*,*,*,*,*,*,*,*,*,*,*,*,*,*
56402571,0,,,28,14,14,2,1,1,26,13,13,14,8,6,26,13,13,26,13,13,12,5,7,8,3,5,6,2,4,0,0,0,0,0,0,8,8,1,3,1,0,2,0,1,7,3,4,0,6,0,0,2
56402572,0,,,78,36,42,4,3,1,74,33,41,32,13,19,71,31,40,70,30,40,42,20,22,16,5,11,11,3,8,0,0,0,2,0,2,29,29,5,9,10,2,1,2,0,24,16,8,0,25,0,4,8
56402573,0,,,12,6,6,1,0,1,11,6,5,6,4,2,11,6,5,10,5,5,5,2,3,3,1,2,2,1,1,0,0,0,0,0,0,5,5,2,2,0,0,0,1,0,3,2,1,0,3,0,1,1
56402574,1,,56402575,17,10,7,0,0,0,21,12,9,6,3,3,21,12,9,21,12,9,15,9,6,6,3,3,4,2,2,0,0,0,0,0,0,8,8,1,7,2,0,0,0,0,9,9,0,0,8,0,0,6
56402575,2,56402574,,4,2,2,*,*,*,*,*,*,*,*,*,*,*,*,*,*,*,*,*,*,*,*,*,*,*,*,*,*,*,*,*,*,2,2,*,*,*,*,*,*,*,*,*,*,*,*,*,*,*
56402581,0,,,21,11,10,2,1,1,19,10,9,13,6,7,19,10,9,19,10,9,6,4,2,2,2,0,2,2,0,0,0,0,0,0,0,7,7,1,2,2,1,0,1,0,6,3,3,0,5,0,1,0
56402582,0,,,17,10,7,1,0,1,16,10,6,9,7,2,16,10,6,16,10,6,7,3,4,3,1,2,0,0,0,0,0,0,0,0,0,5,5,1,0,2,1,0,1,0,4,2,2,0,5,0,1,0
56402585,0,,,17,10,7,0,0,0,17,10,7,12,8,4,17,10,7,17,10,7,5,2,3,2,1,1,2,1,1,0,0,0,0,0,0,6,6,1,1,3,0,1,0,0,5,5,0,0,4,0,1,0
56402591,2,56402592,,5,3,2,*,*,*,*,*,*,*,*,*,*,*,*,*,*,*,*,*,*,*,*,*,*,*,*,*,*,*,*,*,*,2,2,*,*,*,*,*,*,*,*,*,*,*,*,*,*,*
56402592,1,,56402591,13,7,6,1,0,1,17,10,7,11,7,4,17,10,7,16,9,7,6,3,3,5,2,3,1,1,0,0,0,0,0,0,0,3,3,0,2,2,0,0,0,1,5,3,2,0,4,0,0,1
56402593,0,,,61,31,30,7,5,2,54,26,28,24,10,14,52,26,26,51,26,25,30,16,14,12,6,6,9,5,4,0,0,0,0,0,0,17,17,1,4,5,4,0,1,2,16,6,10,1,17,0,1,2
56402594,0,,,26,12,14,1,0,1,25,12,13,19,9,10,25,12,13,23,11,12,6,3,3,4,2,2,2,1,1,0,0,0,11,6,5,15,15,11,2,0,1,0,0,1,4,2,2,0,3,6,0,1
56402595,0,,,10,6,4,0,0,0,10,6,4,5,4,1,10,6,4,10,6,4,5,2,3,5,2,3,0,0,0,0,0,0,0,0,0,6,6,3,2,1,0,0,0,0,3,2,1,0,3,0,0,2
56402600,1,,56402622,63,39,24,1,0,1,63,40,23,31,21,10,63,40,23,63,40,23,32,19,13,16,8,8,9,5,4,1,1,0,0,0,0,41,41,26,10,6,0,0,0,0,16,14,2,1,22,4,9,7
56402601,1,,56402602;56402603;56402611;56402612,25,17,8,1,1,0,55,37,18,32,23,9,53,36,17,52,35,17,23,14,9,12,7,5,5,3,2,0,0,0,0,0,0,22,22,25,9,1,0,2,0,0,12,12,0,1,18,2,11,6
56402602,2,56402601,,14,11,3,*,*,*,*,*,*,*,*,*,*,*,*,*,*,*,*,*,*,*,*,*,*,*,*,*,*,*,*,*,*,7,7,*,*,*,*,*,*,*,*,*,*,*,*,*,*,*
56402603,2,56402601,,4,2,2,*,*,*,*,*,*,*,*,*,*,*,*,*,*,*,*,*,*,*,*,*,*,*,*,*,*,*,*,*,*,2,2,*,*,*,*,*,*,*,*,*,*,*,*,*,*,*
56402604,2,56402615,,15,8,7,*,*,*,*,*,*,*,*,*,*,*,*,*,*,*,*,*,*,*,*,*,*,*,*,*,*,*,*,*,*,3,3,*,*,*,*,*,*,*,*,*,*,*,*,*,*,*
56402605,2,56402615,,3,2,1,*,*,*,*,*,*,*,*,*,*,*,*,*,*,*,*,*,*,*,*,*,*,*,*,*,*,*,*,*,*,1,1,*,*,*,*,*,*,*,*,*,*,*,*,*,*,*
56402610,2,56402620,,5,3,2,*,*,*,*,*,*,*,*,*,*,*,*,*,*,*,*,*,*,*,*,*,*,*,*,*,*,*,*,*,*,2,2,*,*,*,*,*,*,*,*,*,*,*,*,*,*,*
56402611,2,56402601,,4,2,2,*,*,*,*,*,*,*,*,*,*,*,*,*,*,*,*,*,*,*,*,*,*,*,*,*,*,*,*,*,*,2,2,*,*,*,*,*,*,*,*,*,*,*,*,*,*,*
56402612,2,56402601,,9,6,3,*,*,*,*,*,*,*,*,*,*,*,*,*,*,*,*,*,*,*,*,*,*,*,*,*,*,*,*,*,*,4,4,*,*,*,*,*,*,*,*,*,*,*,*,*,*,*
56402613,2,56402615,,1,1,0,*,*,*,*,*,*,*,*,*,*,*,*,*,*,*,*,*,*,*,*,*,*,*,*,*,*,*,*,*,*,1,1,*,*,*,*,*,*,*,*,*,*,*,*,*,*,*
56402615,1,,56402604;56402605;56402613,8,4,4,4,2,2,23,13,10,12,5,7,22,12,10,22,12,10,11,8,3,4,3,1,1,1,0,0,0,0,0,0,0,3,3,2,2,3,0,0,0,1,6,5,1,1,8,0,2,2
56402620,1,,56402610;56402631;56402642,6,3,3,0,0,0,14,8,6,4,2,2,14,8,6,14,8,6,10,6,4,6,4,2,1,1,0,0,0,0,0,0,0,2,2,1,2,3,0,0,0,0,5,4,1,0,5,0,0,1
56402622,2,56402600,,1,1,0,*,*,*,*,*,*,*,*,*,*,*,*,*,*,*,*,*,*,*,*,*,*,*,*,*,*,*,*,*,*,1,1,*,*,*,*,*,*,*,*,*,*,*,*,*,*,*
56402631,2,56402620,,2,1,1,*,*,*,*,*,*,*,*,*,*,*,*,*,*,*,*,*,*,*,*,*,*,*,*,*,*,*,*,*,*,1,1,*,*,*,*,*,*,*,*,*,*,*,*,*,*,*
56402642,2,56402620,,1,1,0,*,*,*,*,*,*,*,*,*,*,*,*,*,*,*,*,*,*,*,*,*,*,*,*,*,*,*,*,*,*,1,1,*,*,*,*,*,*,*,*,*,*,*,*,*,*,*
56402706,1,,56402714,28,13,15,0,0,0,29,14,15,12,6,6,29,14,15,28,14,14,17,8,9,7,3,4,4,1,3,0,0,0,0,0,0,12,12,3,5,4,1,0,0,0,10,8,2,0,10,0,1,4
56402707,0,,,19,9,10,0,0,0,19,9,10,8,4,4,19,9,10,19,9,10,11,5,6,7,4,3,1,0,1,0,0,0,0,0,0,8,8,2,4,1,0,0,1,0,6,5,1,0,6,0,1,3
56402708,0,,,24,13,11,0,0,0,23,12,11,8,5,3,23,12,11,23,12,11,15,7,8,9,4,5,3,0,3,1,0,1,0,0,0,13,13,6,4,2,1,0,0,0,7,4,3,0,8,0,3,3
56402709,0,,,55,40,15,0,0,0,46,32,14,28,22,6,46,32,14,46,32,14,18,10,8,6,3,3,2,1,1,0,0,0,0,0,0,38,38,27,6,4,1,0,0,0,11,10,1,0,11,0,3,2
56402714,2,56402706,,1,1,0,*,*,*,*,*,*,*,*,*,*,*,*,*,*,*,*,*,*,*,*,*,*,*,*,*,*,*,*,*,*,1,1,*,*,*,*,*,*,*,*,*,*,*,*,*,*,*
56402715,1,,56402724,10,5,5,0,0,0,11,5,6,4,2,2,11,5,6,11,5,6,7,3,4,2,1,1,1,1,0,1,1,0,0,0,0,4,4,1,2,2,0,0,0,0,4,3,1,0,4,0,1,0
56402716,0,,,15,10,5,0,0,0,14,9,5,6,4,2,14,9,5,14,9,5,8,5,3,0,0,0,0,0,0,0,0,0,0,0,0,10,10,5,5,0,0,0,0,0,5,5,0,0,5,0,1,3
56402717,1,,56402726,31,22,9,0,0,0,29,18,11,14,9,5,29,18,11,28,18,10,15,9,6,0,0,0,0,0,0,0,0,0,0,0,0,20,20,12,7,3,0,0,0,0,10,9,1,0,10,0,3,4
56402718,1,,56402727,27,14,13,1,0,1,25,13,12,8,4,4,25,13,12,25,13,12,17,9,8,9,5,4,3,2,1,0,0,0,0,0,0,14,14,8,3,5,0,0,0,0,8,6,2,0,11,1,4,3
56402724,2,56402715,,1,0,1,*,*,*,*,*,*,*,*,*,*,*,*,*,*,*,*,*,*,*,*,*,*,*,*,*,*,*,*,*,*,1,1,*,*,*,*,*,*,*,*,*,*,*,*,*,*,*
56402726,2,56402717,,4,2,2,*,*,*,*,*,*,*,*,*,*,*,*,*,*,*,*,*,*,*,*,*,*,*,*,*,*,*,*,*,*,2,2,*,*,*,*,*,*,*,*,*,*,*,*,*,*,*
56402727,2,56402718,,2,1,1,*,*,*,*,*,*,*,*,*,*,*,*,*,*,*,*,*,*,*,*,*,*,*,*,*,*,*,*,*,*,2,2,*,*,*,*,*,*,*,*,*,*,*,*,*,*,*
56402728,1,,56402736;56402737,30,15,15,0,0,0,41,22,19,14,10,4,41,22,19,41,22,19,27,12,15,19,8,11,6,2,4,0,0,0,0,0,0,13,13,2,9,7,0,0,0,0,16,12,4,0,16,0,1,7
56402729,0,,,38,21,17,1,0,1,31,15,16,14,7,7,31,15,16,31,15,16,17,8,9,8,2,6,7,2,5,0,0,0,0,0,0,19,19,7,8,3,0,0,1,0,12,10,2,1,9,0,0,5
56402733,2,56402755,,4,1,3,*,*,*,*,*,*,*,*,*,*,*,*,*,*,*,*,*,*,*,*,*,*,*,*,*,*,*,*,*,*,1,1,*,*,*,*,*,*,*,*,*,*,*,*,*,*,*
56402735,2,56402755,,4,2,2,*,*,*,*,*,*,*,*,*,*,*,*,*,*,*,*,*,*,*,*,*,*,*,*,*,*,*,*,*,*,1,1,*,*,*,*,*,*,*,*,*,*,*,*,*,*,*
56402736,2,56402728,,3,2,1,*,*,*,*,*,*,*,*,*,*,*,*,*,*,*,*,*,*,*,*,*,*,*,*,*,*,*,*,*,*,1,1,*,*,*,*,*,*,*,*,*,*,*,*,*,*,*
56402737,2,56402728,,8,5,3,*,*,*,*,*,*,*,*,*,*,*,*,*,*,*,*,*,*,*,*,*,*,*,*,*,*,*,*,*,*,4,4,*,*,*,*,*,*,*,*,*,*,*,*,*,*,*
56402738,0,,,40,20,20,2,0,2,38,20,18,17,10,7,36,18,18,35,17,18,21,10,11,10,4,6,2,0,2,0,0,0,0,0,0,14,14,1,7,4,0,0,1,1,13,8,5,1,13,0,1,4
56402739,0,,,30,16,14,0,0,0,28,14,14,8,4,4,27,13,14,27,13,14,20,10,10,10,4,6,5,2,3,0,0,0,0,0,0,14,14,4,6,3,0,1,0,0,10,8,2,0,11,0,1,5
56402743,2,56402755,,4,1,3,*,*,*,*,*,*,*,*,*,*,*,*,*,*,*,*,*,*,*,*,*,*,*,*,*,*,*,*,*,*,2,2,*,*,*,*,*,*,*,*,*,*,*,*,*,*,*
56402744,0,,,18,9,9,0,0,0,18,9,9,5,3,2,18,9,9,18,9,9,13,6,7,7,4,3,4,1,3,0,0,0,0,0,0,9,9,2,5,2,0,0,0,0,7,5,2,0,7,0,1,4
56402745,2,56402754,,8,5,3,*,*,*,*,*,*,*,*,*,*,*,*,*,*,*,*,*,*,*,*,*,*,*,*,*,*,*,*,*,*,4,4,*,*,*,*,*,*,*,*,*,*,*,*,*,*,*
56402746,2,56402755,,2,1,1,*,*,*,*,*,*,*,*,*,*,*,*,*,*,*,*,*,*,*,*,*,*,*,*,*,*,*,*,*,*,1,1,*,*,*,*,*,*,*,*,*,*,*,*,*,*,*
56402747,2,56402757,,4,2,2,*,*,*,*,*,*,*,*,*,*,*,*,*,*,*,*,*,*,*,*,*,*,*,*,*,*,*,*,*,*,1,1,*,*,*,*,*,*,*,*,*,*,*,*,*,*,*
56402748,2,56402758,,10,6,4,*,*,*,*,*,*,*,*,*,*,*,*,*,*,*,*,*,*,*,*,*,*,*,*,*,*,*,*,*,*,6,6,*,*,*,*,*,*,*,*,*,*,*,*,*,*,*
56402749,2,56402759,,9,4,5,*,*,*,*,*,*,*,*,*,*,*,*,*,*,*,*,*,*,*,*,*,*,*,*,*,*,*,*,*,*,2,2,*,*,*,*,*,*,*,*,*,*,*,*,*,*,*
56402754,1,,56402745,11,6,5,0,0,0,19,11,8,9,5,4,19,11,8,19,11,8,10,6,4,6,3,3,4,2,2,0,0,0,0,0,0,5,5,2,4,3,0,0,0,0,7,6,1,0,8,0,2,2
56402755,1,,56402733;56402735;56402743;56402746,66,32,34,1,0,1,79,37,42,38,21,17,78,36,42,78,36,42,41,16,25,20,5,15,11,2,9,0,0,0,1,1,0,29,29,11,8,8,6,1,0,0,22,13,9,0,25,0,6,3
56402756,0,,,16,10,6,0,0,0,16,10,6,8,6,2,16,10,6,16,10,6,8,4,4,4,1,3,1,0,1,1,0,1,0,0,0,10,10,5,4,1,0,0,0,0,5,3,2,0,5,0,2,2
56402757,1,,56402747,68,39,29,1,0,1,71,41,30,28,17,11,71,41,30,69,41,28,43,24,19,25,14,11,7,5,2,1,0,1,0,0,0,37,37,14,17,5,1,1,0,0,24,21,3,0,28,0,8,12
56402758,1,,56402748,15,8,7,0,0,0,23,13,10,9,5,4,23,13,10,23,13,10,14,8,6,5,3,2,0,0,0,0,0,0,1,1,0,8,8,5,7,2,0,0,0,0,8,7,1,0,9,0,3,3
56402759,1,,56402749,50,24,26,2,0,2,57,28,29,24,10,14,56,28,28,56,28,28,33,18,15,15,8,7,4,2,2,0,0,0,0,0,0,18,18,0,10,5,3,1,0,1,20,14,6,1,18,0,0,9
56402763,2,56402764,,8,3,5,*,*,*,*,*,*,*,*,*,*,*,*,*,*,*,*,*,*,*,*,*,*,*,*,*,*,*,*,*,*,3,3,*,*,*,*,*,*,*,*,*,*,*,*,*,*,*
56402764,1,,56402763;56402773,18,10,8,0,0,0,29,15,14,15,8,7,29,15,14,29,15,14,14,7,7,9,5,4,3,2,1,0,0,0,0,0,0,8,8,1,5,6,0,0,0,0,10,9,1,0,8,0,1,3
56402765,0,,,22,13,9,0,0,0,22,13,9,8,5,3,22,13,9,22,13,9,14,8,6,5,3,2,4,2,2,0,0,0,0,0,0,12,12,5,5,1,1,0,0,0,7,6,1,0,8,0,2,4
56402766,0,,,48,27,21,1,1,0,47,26,21,19,11,8,47,26,21,47,26,21,28,15,13,14,7,7,3,1,2,0,0,0,0,0,0,25,25,8,11,6,0,0,0,0,17,14,3,1,18,0,5,8
56402767,0,,,85,46,39,3,1,2,82,45,37,55,31,24,78,45,33,77,44,33,27,14,13,17,6,11,6,2,4,1,0,1,1,0,1,32,32,8,7,8,7,1,1,0,23,14,9,0,19,0,2,3
56402768,0,,,95,55,40,7,6,1,87,48,39,53,31,22,87,48,39,84,46,38,34,17,17,16,8,8,4,2,2,0,0,0,5,5,0,40,40,9,20,4,4,0,3,0,31,24,7,2,20,0,2,7
56402769,0,,,176,89,87,9,5,4,166,83,83,74,40,34,164,82,82,162,80,82,92,43,49,42,17,25,17,5,12,1,0,1,3,1,2,90,90,33,39,10,6,1,1,0,56,47,9,2,64,0,23,21
56402773,2,56402764,,3,2,1,*,*,*,*,*,*,*,*,*,*,*,*,*,*,*,*,*,*,*,*,*,*,*,*,*,*,*,*,*,*,1,1,*,*,*,*,*,*,*,*,*,*,*,*,*,*,*
56402774,2,56402784,,10,8,2,*,*,*,*,*,*,*,*,*,*,*,*,*,*,*,*,*,*,*,*,*,*,*,*,*,*,*,*,*,*,7,7,*,*,*,*,*,*,*,*,*,*,*,*,*,*,*
56402775,0,,,22,10,12,0,0,0,22,10,12,8,4,4,22,10,12,22,10,12,14,6,8,5,2,3,3,1,2,0,0,0,0,0,0,10,10,2,4,4,0,0,0,0,8,7,1,0,8,0,2,0
56402776,0,,,33,18,15,0,0,0,33,18,15,10,6,4,33,18,15,32,18,14,23,12,11,8,5,3,1,0,1,0,0,0,0,0,0,15,15,3,8,2,2,0,0,0,12,11,1,0,14,0,2,8
56402777,0,,,76,41,35,3,0,3,63,31,32,31,16,15,62,30,32,62,30,32,32,15,17,13,6,7,4,1,3,0,0,0,0,0,0,33,32,11,10,4,4,2,1,0,19,13,6,1,20,0,4,7
56402778,0,,,424,230,194,31,15,16,378,200,178,217,125,92,369,193,176,368,193,175,161,75,86,84,31,53,28,9,19,2,0,2,1,0,1,213,213,92,66,30,17,7,0,1,121,99,22,14,112,4,36,31
56402779,0,,,749,397,352,25,9,16,695,362,333,356,207,149,690,359,331,687,357,330,339,155,184,191,78,113,61,23,38,2,1,1,4,1,3,379,379,161,116,64,29,7,1,1,215,170,45,9,229,17,65,66
56402784,1,,56402774;56402793,32,17,15,1,1,0,47,26,21,20,11,9,47,26,21,47,26,21,27,15,12,13,6,7,4,2,2,0,0,0,0,0,0,13,13,9,9,3,3,0,0,0,15,12,3,1,17,2,4,6
56402785,0,,,19,11,8,0,0,0,19,11,8,7,5,2,19,11,8,19,11,8,12,6,6,6,3,3,2,0,2,0,0,0,0,0,0,9,9,2,4,3,0,0,0,0,7,4,3,0,6,0,1,2
56402786,0,,,16,7,9,0,0,0,16,7,9,8,5,3,16,7,9,16,7,9,8,2,6,3,0,3,2,0,2,0,0,0,0,0,0,7,7,2,2,2,1,0,0,0,4,1,3,0,4,1,0,0
56402787,0,,,114,61,53,0,0,0,114,61,53,57,35,22,112,59,53,112,59,53,57,26,31,28,13,15,4,1,3,0,0,0,0,0,0,47,47,10,19,8,8,2,0,0,36,27,9,0,35,0,8,11
56402788,0,,,242,122,120,20,9,11,222,113,109,130,68,62,219,112,107,215,111,104,92,45,47,47,21,26,13,6,7,0,0,0,1,0,1,94,94,17,40,22,3,8,2,2,76,60,16,3,58,0,8,17
56402789,0,,,206,106,100,8,4,4,195,99,96,79,54,25,194,98,96,194,98,96,116,45,71,81,25,56,41,11,30,6,2,4,0,0,0,78,76,24,22,17,10,1,2,0,51,37,14,2,52,4,9,16
56402793,2,56402784,,6,2,4,*,*,*,*,*,*,*,*,*,*,*,*,*,*,*,*,*,*,*,*,*,*,*,*,*,*,*,*,*,*,4,4,*,*,*,*,*,*,*,*,*,*,*,*,*,*,*
56402794,0,,,12,8,4,0,0,0,12,8,4,5,4,1,12,8,4,11,7,4,7,4,3,5,3,2,0,0,0,0,0,0,0,0,0,5,5,1,2,1,1,0,0,0,4,3,1,0,4,0,0,1
56402795,0,,,25,12,13,2,2,0,23,10,13,13,6,7,23,10,13,23,10,13,10,4,6,5,1,4,2,1,1,0,0,0,0,0,0,9,9,1,3,2,3,0,0,0,8,3,5,0,6,0,1,1
56402796,0,,,16,11,5,0,0,0,16,11,5,2,2,0,16,11,5,16,11,5,14,9,5,4,3,1,2,2,0,0,0,0,0,0,0,7,7,2,2,2,1,0,0,0,5,3,2,0,7,0,2,2
56402797,0,,,95,45,50,6,3,3,89,42,47,44,25,19,87,41,46,84,40,44,45,17,28,25,10,15,8,1,7,3,1,2,0,0,0,36,36,6,13,9,6,1,0,1,29,19,10,2,24,0,1,7
56402798,0,,,9,4,5,0,0,0,9,4,5,2,1,1,9,4,5,9,4,5,7,3,4,3,1,2,3,1,2,0,0,0,0,0,0,5,5,2,2,1,0,0,0,0,3,2,1,0,5,0,2,1
56402799,0,,,10,5,5,0,0,0,10,5,5,5,3,2,10,5,5,9,4,5,5,2,3,2,1,1,1,0,1,0,0,0,0,0,0,4,4,2,0,1,0,1,0,0,2,0,2,0,2,0,0,0
56403009,0,,,33,12,21,5,1,4,28,11,17,12,5,7,28,11,17,28,11,17,16,6,10,6,2,4,2,0,2,0,0,0,0,0,0,14,14,4,5,4,0,0,0,1,10,8,2,1,10,0,2,5
56403019,0,,,22,8,14,5,0,5,17,8,9,12,5,7,17,8,9,17,8,9,5,3,2,2,1,1,1,1,0,0,0,0,0,0,0,6,6,0,1,4,0,0,0,1,6,2,4,2,4,0,0,0
56403029,0,,,21,7,14,3,1,2,18,6,12,10,4,6,18,6,12,18,6,12,8,2,6,4,0,4,3,0,3,0,0,0,0,0,0,7,7,3,0,1,2,0,0,1,4,1,3,1,7,0,3,0
56403039,0,,,47,26,21,4,1,3,43,25,18,22,13,9,40,22,18,40,22,18,21,12,9,13,7,6,6,3,3,1,1,0,1,1,0,11,11,1,3,1,2,0,2,2,9,3,6,1,11,0,1,2
56403068,0,,,36,21,15,1,0,1,35,21,14,17,11,6,34,21,13,34,21,13,18,10,8,12,8,4,1,1,0,0,0,0,0,0,0,15,15,5,3,4,2,1,0,0,10,8,2,0,13,0,4,1
56403077,2,56403078,,6,3,3,*,*,*,*,*,*,*,*,*,*,*,*,*,*,*,*,*,*,*,*,*,*,*,*,*,*,*,*,*,*,2,2,*,*,*,*,*,*,*,*,*,*,*,*,*,*,*
56403078,1,,56403077,17,6,11,3,0,3,20,9,11,13,5,8,20,9,11,20,9,11,7,4,3,4,2,2,2,1,1,0,0,0,0,0,0,5,5,2,1,1,0,2,1,0,5,1,4,0,5,0,1,0
56403086,0,,,133,74,59,8,6,2,124,67,57,111,61,50,123,66,57,120,65,55,13,6,7,4,1,3,2,1,1,0,0,0,23,12,11,100,100,81,12,2,3,2,0,0,19,18,1,3,8,51,2,4
56403087,0,,,112,60,52,4,2,2,108,58,50,66,38,28,103,55,48,102,54,48,42,20,22,19,7,12,8,2,6,1,0,1,2,0,2,47,47,16,12,10,4,4,1,0,31,20,11,1,26,5,4,6
56403088,0,,,92,46,46,9,5,4,83,41,42,45,25,20,81,40,41,80,39,41,38,16,22,16,5,11,8,2,6,2,0,2,0,0,0,34,34,9,11,6,4,0,1,3,25,17,8,2,25,0,5,6
56403093,0,,,21,10,11,2,2,0,19,8,11,12,6,6,18,7,11,16,6,10,7,2,5,7,2,5,5,1,4,0,0,0,0,0,0,10,10,5,3,0,0,2,0,0,5,4,1,0,5,0,3,2
56403096,0,,,196,99,97,17,13,4,179,86,93,112,52,60,173,83,90,162,78,84,67,34,33,30,11,19,8,4,4,1,0,1,2,0,2,87,87,29,25,17,14,2,0,0,58,48,10,3,43,8,10,11
56403097,1,,56403098,36,25,11,0,0,0,37,26,11,29,21,8,37,26,11,35,24,11,8,5,3,1,1,0,0,0,0,0,0,0,0,0,0,27,27,21,6,0,1,0,0,0,6,6,0,0,5,8,2,2
56403098,2,56403097,,1,1,0,*,*,*,*,*,*,*,*,*,*,*,*,*,*,*,*,*,*,*,*,*,*,*,*,*,*,*,*,*,*,1,1,*,*,*,*,*,*,*,*,*,*,*,*,*,*,*
56403100,0,,,29,15,14,8,5,3,21,10,11,12,6,6,21,10,11,21,10,11,9,4,5,6,2,4,2,1,1,0,0,0,0,0,0,7,7,1,1,0,3,0,1,1,6,2,4,2,6,0,1,1
56403101,2,56403111,,6,3,3,*,*,*,*,*,*,*,*,*,*,*,*,*,*,*,*,*,*,*,*,*,*,*,*,*,*,*,*,*,*,2,2,*,*,*,*,*,*,*,*,*,*,*,*,*,*,*
56403107,1,,56403119,32,21,11,3,2,1,31,21,10,16,13,3,29,19,10,28,19,9,15,8,7,7,4,3,2,1,1,0,0,0,3,3,0,12,12,4,5,4,0,0,0,1,10,7,3,0,11,2,2,1
56403110,0,,,135,66,69,15,7,8,120,59,61,56,28,28,119,58,61,117,57,60,64,31,33,29,11,18,8,0,8,1,0,1,0,0,0,48,48,9,17,9,6,4,1,2,39,26,13,3,38,0,8,11
56403111,1,,56403101,148,75,73,13,9,4,141,69,72,86,46,40,138,67,71,136,66,70,55,23,32,40,13,27,14,4,10,2,0,2,0,0,0,41,41,5,8,9,9,5,4,3,38,16,22,6,34,0,5,3
56403117,0,,,72,31,41,8,4,4,64,27,37,38,20,18,63,27,36,63,27,36,26,7,19,22,5,17,9,1,8,0,0,0,2,2,0,34,34,16,6,8,2,1,0,1,18,13,5,1,21,2,7,3
56403119,2,56403107,,2,2,0,*,*,*,*,*,*,*,*,*,*,*,*,*,*,*,*,*,*,*,*,*,*,*,*,*,*,*,*,*,*,2,2,*,*,*,*,*,*,*,*,*,*,*,*,*,*,*
56403120,0,,,227,113,114,20,13,7,207,100,107,122,61,61,205,99,106,199,96,103,85,39,46,41,14,27,18,6,12,0,0,0,2,0,2,80,80,14,24,23,7,6,4,2,66,41,25,4,57,1,9,12
56403121,0,,,108,48,60,5,2,3,103,46,57,36,19,17,102,45,57,100,44,56,67,27,40,42,13,29,23,5,18,3,0,3,0,0,0,32,31,8,13,3,1,4,2,0,23,16,7,0,25,0,5,7
56403122,0,,,271,141,130,23,18,5,248,123,125,122,71,51,241,120,121,238,118,120,126,52,74,67,21,46,30,9,21,4,0,4,0,0,0,87,87,15,27,21,8,2,5,9,72,43,29,7,75,0,12,12
56403131,0,,,99,45,54,12,6,6,87,39,48,44,21,23,84,37,47,83,37,46,43,18,25,14,3,11,9,2,7,0,0,0,0,0,0,33,33,7,10,5,4,2,4,1,25,13,12,2,28,0,4,5
56403136,0,,,62,27,35,6,1,5,56,26,30,28,14,14,56,26,30,56,26,30,28,12,16,12,2,10,3,0,3,0,0,0,0,0,0,23,23,7,5,6,2,1,0,2,16,11,5,3,20,0,6,2
56403137,1,,56403138,45,21,24,3,1,2,47,23,24,14,8,6,47,23,24,47,23,24,33,15,18,21,8,13,14,4,10,3,1,2,0,0,0,16,15,7,6,2,2,0,0,0,10,8,2,0,11,0,4,1
56403138,2,56403137,,5,3,2,*,*,*,*,*,*,*,*,*,*,*,*,*,*,*,*,*,*,*,*,*,*,*,*,*,*,*,*,*,*,2,2,*,*,*,*,*,*,*,*,*,*,*,*,*,*,*
56403141,2,56403142,,6,3,3,*,*,*,*,*,*,*,*,*,*,*,*,*,*,*,*,*,*,*,*,*,*,*,*,*,*,*,*,*,*,2,2,*,*,*,*,*,*,*,*,*,*,*,*,*,*,*
56403142,1,,56403141;56403143;56403152,218,110,108,25,18,7,202,97,105,107,58,49,198,96,102,196,95,101,95,39,56,48,16,32,20,4,16,4,0,4,1,0,1,63,63,11,13,16,12,4,5,6,56,23,33,6,58,0,8,9
56403143,2,56403142,,1,1,0,*,*,*,*,*,*,*,*,*,*,*,*,*,*,*,*,*,*,*,*,*,*,*,*,*,*,*,*,*,*,1,1,*,*,*,*,*,*,*,*,*,*,*,*,*,*,*
56403145,0,,,104,52,52,7,4,3,97,48,49,43,26,17,94,47,47,92,47,45,54,22,32,27,8,19,10,1,9,0,0,0,0,0,0,39,39,9,14,6,5,3,1,1,30,18,12,3,33,0,6,7
56403146,0,,,148,71,77,6,3,3,142,68,74,69,33,36,140,67,73,139,67,72,73,35,38,37,14,23,16,5,11,1,0,1,1,0,1,65,65,23,22,10,5,1,3,1,42,32,10,1,49,1,15,9
56403147,0,,,8,4,4,0,0,0,8,4,4,2,1,1,8,4,4,8,4,4,6,3,3,3,1,2,0,0,0,0,0,0,0,0,0,6,6,4,2,0,0,0,0,0,2,2,0,0,4,0,2,2
56403148,0,,,12,6,6,0,0,0,12,6,6,8,4,4,11,5,6,11,5,6,4,2,2,3,2,1,2,1,1,0,0,0,0,0,0,6,6,1,4,1,0,0,0,0,5,5,0,0,2,0,0,2
56403152,2,56403142,,2,1,1,*,*,*,*,*,*,*,*,*,*,*,*,*,*,*,*,*,*,*,*,*,*,*,*,*,*,*,*,*,*,1,1,*,*,*,*,*,*,*,*,*,*,*,*,*,*,*
56403156,0,,,17,7,10,3,2,1,13,5,8,13,5,8,13,5,8,11,5,6,0,0,0,0,0,0,0,0,0,0,0,0,0,0,0,13,13,12,0,0,0,1,0,0,1,1,0,1,0,4,0,0
56403157,0,,,26,10,16,0,0,0,26,10,16,9,3,6,26,10,16,25,10,15,17,7,10,10,3,7,3,0,3,0,0,0,0,0,0,12,12,4,3,4,1,0,0,0,8,4,4,0,11,0,3,1
56403173,1,,56403182;56403185;56403195,84,39,45,6,2,4,88,43,45,44,21,23,88,43,45,88,43,45,44,22,22,27,11,16,7,2,5,1,0,1,0,0,0,35,35,12,10,10,4,2,1,0,26,19,7,1,29,0,10,7
56403177,1,,56404129,38,15,23,1,0,1,42,17,25,24,10,14,41,17,24,40,17,23,18,7,11,10,3,7,5,0,5,2,0,2,0,0,0,13,13,6,1,1,5,0,2,0,9,2,7,1,13,0,5,0
56403182,2,56403173,,1,1,0,*,*,*,*,*,*,*,*,*,*,*,*,*,*,*,*,*,*,*,*,*,*,*,*,*,*,*,*,*,*,1,1,*,*,*,*,*,*,*,*,*,*,*,*,*,*,*
56403183,0,,,9,4,5,0,0,0,9,4,5,2,1,1,9,4,5,8,3,5,7,3,4,6,2,4,3,1,2,0,0,0,0,0,0,5,5,2,2,1,0,0,0,0,3,2,1,0,5,0,2,2
56403185,2,56403173,,7,4,3,*,*,*,*,*,*,*,*,*,*,*,*,*,*,*,*,*,*,*,*,*,*,*,*,*,*,*,*,*,*,2,2,*,*,*,*,*,*,*,*,*,*,*,*,*,*,*
56403195,2,56403173,,2,1,1,*,*,*,*,*,*,*,*,*,*,*,*,*,*,*,*,*,*,*,*,*,*,*,*,*,*,*,*,*,*,1,1,*,*,*,*,*,*,*,*,*,*,*,*,*,*,*
56403206,2,56403208,,10,7,3,*,*,*,*,*,*,*,*,*,*,*,*,*,*,*,*,*,*,*,*,*,*,*,*,*,*,*,*,*,*,8,8,*,*,*,*,*,*,*,*,*,*,*,*,*,*,*
56403208,1,,56403206;56403209,65,41,24,7,5,2,74,47,27,40,23,17,72,45,27,71,44,27,34,24,10,18,12,6,9,6,3,1,0,1,0,0,0,24,24,12,10,7,2,1,0,2,22,16,6,2,25,0,9,5
56403209,2,56403208,,6,4,2,*,*,*,*,*,*,*,*,*,*,*,*,*,*,*,*,*,*,*,*,*,*,*,*,*,*,*,*,*,*,2,2,*,*,*,*,*,*,*,*,*,*,*,*,*,*,*
56403218,0,,,91,47,44,9,3,6,80,43,37,40,24,16,78,42,36,78,42,36,40,19,21,23,7,16,6,2,4,0,0,0,0,0,0,36,36,12,11,4,4,2,2,1,23,17,6,1,27,0,10,4
56403219,2,56403229,,11,5,6,*,*,*,*,*,*,*,*,*,*,*,*,*,*,*,*,*,*,*,*,*,*,*,*,*,*,*,*,*,*,3,3,*,*,*,*,*,*,*,*,*,*,*,*,*,*,*
56403228,1,,56403237,468,215,253,31,11,20,408,187,221,258,118,140,403,184,219,397,182,215,150,69,81,66,23,43,20,6,14,2,0,2,7,3,4,252,252,142,48,38,16,4,2,3,103,77,26,9,113,22,44,13
56403229,1,,56403219,17,8,9,6,3,3,22,10,12,12,5,7,22,10,12,22,10,12,10,5,5,3,1,2,0,0,0,0,0,0,0,0,0,4,4,2,1,0,1,0,2,1,5,1,4,1,6,0,1,1
56403237,2,56403228,,1,1,0,*,*,*,*,*,*,*,*,*,*,*,*,*,*,*,*,*,*,*,*,*,*,*,*,*,*,*,*,*,*,1,1,*,*,*,*,*,*,*,*,*,*,*,*,*,*,*
56403238,1,,56403239,65,32,33,13,9,4,54,24,30,31,17,14,53,24,29,53,24,29,23,7,16,7,0,7,4,0,4,1,0,1,3,1,2,21,21,5,5,3,4,3,2,0,17,12,5,2,17,0,4,2
56403239,2,56403238,,2,1,1,*,*,*,*,*,*,*,*,*,*,*,*,*,*,*,*,*,*,*,*,*,*,*,*,*,*,*,*,*,*,1,1,*,*,*,*,*,*,*,*,*,*,*,*,*,*,*
56403247,0,,,20,9,11,2,1,1,18,8,10,10,5,5,18,8,10,18,8,10,8,3,5,3,1,2,2,0,2,0,0,0,0,0,0,7,7,0,4,0,3,0,0,0,7,6,1,0,5,0,0,3
56403248,0,,,107,52,55,10,3,7,97,49,48,50,29,21,94,48,46,91,45,46,47,20,27,16,6,10,4,1,3,2,1,1,0,0,0,34,34,6,9,7,5,3,2,2,28,19,9,2,29,0,4,7
56403249,0,,,151,50,101,3,0,3,148,50,98,24,11,13,148,50,98,148,50,98,124,39,85,94,20,74,70,12,58,20,2,18,0,0,0,20,19,1,8,7,2,0,1,0,18,15,3,0,15,0,1,4
56403257,2,56403258,,8,5,3,*,*,*,*,*,*,*,*,*,*,*,*,*,*,*,*,*,*,*,*,*,*,*,*,*,*,*,*,*,*,3,3,*,*,*,*,*,*,*,*,*,*,*,*,*,*,*
56403258,1,,56403257,22,12,10,2,2,0,28,15,13,16,8,8,28,15,13,28,15,13,12,7,5,5,3,2,1,0,1,0,0,0,0,0,0,10,10,3,5,3,2,0,0,0,10,9,1,1,9,0,1,4
56403259,2,56403269,,7,4,3,*,*,*,*,*,*,*,*,*,*,*,*,*,*,*,*,*,*,*,*,*,*,*,*,*,*,*,*,*,*,3,3,*,*,*,*,*,*,*,*,*,*,*,*,*,*,*
56403267,1,,56403277,30,16,14,5,2,3,29,16,13,19,11,8,29,16,13,29,16,13,10,5,5,3,1,2,0,0,0,0,0,0,0,0,0,11,11,8,1,3,1,1,1,0,7,6,1,1,7,4,4,1
56403268,1,,56403278,66,35,31,9,5,4,58,30,28,28,16,12,58,30,28,57,29,28,30,14,16,12,3,9,6,1,5,0,0,0,0,0,0,24,24,7,6,6,2,2,2,0,18,11,7,0,20,1,4,4
56403269,1,,56403259,47,23,24,4,1,3,48,24,24,27,13,14,48,24,24,48,24,24,21,11,10,9,3,6,2,0,2,0,0,0,2,0,2,25,25,11,12,3,0,2,0,0,17,12,5,1,19,1,5,2
56403277,2,56403267,,4,2,2,*,*,*,*,*,*,*,*,*,*,*,*,*,*,*,*,*,*,*,*,*,*,*,*,*,*,*,*,*,*,4,4,*,*,*,*,*,*,*,*,*,*,*,*,*,*,*
56403278,2,56403268,,1,0,1,*,*,*,*,*,*,*,*,*,*,*,*,*,*,*,*,*,*,*,*,*,*,*,*,*,*,*,*,*,*,1,1,*,*,*,*,*,*,*,*,*,*,*,*,*,*,*
56403289,0,,,20,12,8,4,1,3,16,11,5,11,8,3,16,11,5,16,11,5,5,3,2,1,1,0,1,1,0,0,0,0,0,0,0,4,4,0,0,1,1,0,1,1,4,1,3,2,4,0,0,0
56403299,0,,,9,5,4,0,0,0,9,5,4,3,1,2,9,5,4,9,5,4,6,4,2,0,0,0,0,0,0,0,0,0,0,0,0,4,4,0,3,1,0,0,0,0,4,4,0,0,4,0,0,3
56403300,0,,,115,55,60,13,7,6,102,48,54,64,34,30,101,48,53,100,47,53,38,14,24,19,7,12,8,3,5,0,0,0,1,0,1,33,33,4,10,4,7,3,2,3,29,13,16,2,26,0,1,3
56403301,0,,,127,63,64,12,6,6,115,57,58,74,42,32,111,53,58,106,51,55,41,15,26,23,8,15,8,4,4,1,1,0,0,0,0,45,45,8,10,14,8,5,0,0,36,27,9,3,26,0,2,6
56403302,0,,,119,64,55,10,7,3,109,57,52,76,43,33,107,56,51,105,54,51,33,14,19,17,7,10,4,2,2,0,0,0,1,0,1,46,46,12,12,11,7,2,2,0,34,24,10,2,22,0,2,3
56403303,0,,,1105,542,563,111,51,60,967,476,491,628,338,290,938,459,479,921,446,475,339,138,201,196,66,130,77,22,55,10,2,8,7,5,2,479,478,206,117,63,47,26,11,8,269,209,60,35,215,31,56,44
56403304,0,,,3635,1781,1854,364,192,172,3199,1541,1658,2162,1086,1076,3095,1489,1606,3035,1457,1578,1037,455,582,488,189,299,177,58,119,10,2,8,49,35,14,1668,1667,684,475,226,175,61,32,14,968,795,173,104,710,107,185,168
56403305,0,,,1900,927,973,221,108,113,1661,811,850,1123,581,542,1611,787,824,1578,769,809,538,230,308,257,90,167,102,27,75,12,3,9,20,16,4,840,839,311,237,143,93,31,18,6,516,419,97,85,367,54,111,81
56403306,0,,,591,262,329,62,34,28,525,226,299,262,136,126,514,221,293,509,217,292,263,90,173,169,42,127,113,20,93,21,0,21,4,0,4,177,176,50,47,29,25,13,4,8,124,84,40,16,96,9,15,20
56403307,0,,,166,76,90,17,7,10,145,68,77,105,54,51,140,67,73,137,65,72,40,14,26,16,4,12,10,1,9,0,0,0,0,0,0,66,65,21,19,11,7,1,4,2,43,30,13,8,23,5,3,3
56403308,0,,,110,49,61,17,8,9,91,40,51,61,29,32,86,37,49,83,34,49,30,11,19,13,3,10,7,1,6,0,0,0,0,0,0,30,30,2,8,7,4,3,2,4,27,17,10,5,15,0,1,1
56403309,0,,,121,59,62,9,6,3,112,53,59,60,27,33,110,52,58,108,52,56,52,26,26,29,15,14,15,5,10,1,0,1,0,0,0,39,39,7,9,9,7,3,3,1,31,20,11,1,30,0,6,4
56403310,0,,,110,55,55,7,7,0,103,48,55,56,27,29,99,47,52,95,45,50,47,21,26,22,10,12,8,3,5,0,0,0,0,0,0,35,35,4,13,7,2,4,4,1,31,19,12,3,30,0,4,8
56403311,0,,,40,24,16,1,1,0,39,23,16,22,15,7,38,23,15,38,23,15,17,8,9,11,5,6,4,2,2,1,0,1,0,0,0,12,12,3,1,3,1,3,0,1,9,4,5,0,11,0,2,0
56403312,0,,,137,66,71,11,4,7,126,62,64,56,30,26,122,62,60,120,61,59,70,32,38,28,9,19,14,3,11,1,0,1,0,0,0,47,47,9,16,8,8,1,2,3,38,23,15,3,41,0,6,11
56403313,0,,,141,67,74,21,10,11,120,57,63,71,33,38,117,57,60,116,56,60,49,24,25,24,11,13,8,5,3,0,0,0,0,0,0,52,52,18,9,11,6,2,5,1,34,20,14,5,32,2,6,5
56403314,0,,,1556,766,790,146,79,67,1401,680,721,852,447,405,1359,663,696,1333,649,684,549,233,316,307,119,188,116,41,75,10,2,8,13,8,5,658,657,231,185,119,69,35,16,2,420,329,91,43,347,18,101,82
56403315,0,,,2208,1074,1134,218,116,102,1980,951,1029,1186,619,567,1925,923,1002,1883,907,976,794,332,462,435,165,270,175,56,119,10,2,8,14,10,4,906,906,277,270,175,104,46,21,13,620,483,137,56,538,19,142,115
56403316,0,,,1158,568,590,106,53,53,1038,505,533,555,284,271,1012,493,519,996,486,510,483,221,262,239,113,126,60,24,36,5,1,4,1,0,1,474,473,131,171,77,48,27,12,7,341,268,73,28,300,5,58,108
56403317,0,,,384,195,189,37,23,14,347,172,175,222,111,111,337,171,166,334,168,166,125,61,64,53,20,33,24,9,15,2,0,2,3,0,3,126,126,23,31,34,12,13,8,5,101,67,34,13,78,4,10,14
56403318,0,,,195,96,99,17,12,5,178,84,94,106,53,53,172,81,91,164,76,88,72,31,41,34,9,25,14,1,13,1,0,1,0,0,0,63,63,9,17,19,5,5,6,2,53,34,19,3,47,0,6,8
56403319,0,,,138,66,72,10,5,5,128,61,67,69,43,26,124,58,66,124,58,66,59,18,41,32,6,26,13,2,11,2,0,2,0,0,0,50,50,11,17,9,8,2,0,3,38,27,11,3,42,0,8,7
56403320,1,,56403330,33,18,15,9,6,3,33,16,17,25,10,15,31,16,15,31,16,15,8,6,2,3,2,1,2,1,1,1,1,0,0,0,0,9,9,3,1,3,2,1,1,1,9,6,3,4,6,0,2,0
56403321,0,,,107,55,52,9,5,4,98,50,48,57,32,25,96,49,47,94,48,46,41,18,23,24,10,14,11,6,5,0,0,0,0,0,0,31,31,4,8,5,6,4,3,1,27,16,11,2,23,0,2,4
56403322,0,,,26,15,11,2,1,1,24,14,10,9,5,4,24,14,10,23,14,9,15,9,6,3,2,1,0,0,0,0,0,0,0,0,0,11,11,2,5,2,2,0,0,0,9,8,1,0,9,0,2,3
56403323,0,,,32,18,14,2,1,1,29,16,13,23,13,10,28,15,13,27,15,12,6,3,3,1,1,0,1,1,0,0,0,0,0,0,0,19,19,12,4,0,3,0,0,0,7,5,2,0,4,1,2,0
56403324,0,,,1021,506,515,157,84,73,852,414,438,594,296,298,817,399,418,801,391,410,258,118,140,153,60,93,71,25,46,9,3,6,4,4,0,389,387,122,114,64,50,24,7,6,257,222,35,35,124,19,30,37
56403325,0,,,2519,1235,1284,306,159,147,2172,1049,1123,1473,748,725,2100,1016,1084,2057,992,1065,699,301,398,361,156,205,109,39,70,6,1,5,16,4,12,1040,1040,317,323,186,128,52,19,15,715,585,130,84,470,41,101,117
56403326,0,,,1668,805,863,231,107,124,1437,698,739,907,464,443,1374,668,706,1354,656,698,530,234,296,263,103,160,79,26,53,6,1,5,3,0,3,602,602,120,183,129,98,37,30,5,480,381,99,67,349,9,64,95
56403327,0,,,328,153,175,60,24,36,268,129,139,197,97,100,249,116,133,242,111,131,71,32,39,32,13,19,5,2,3,0,0,0,0,0,0,109,109,19,24,25,23,14,4,0,90,71,19,11,47,0,7,11
56403328,0,,,225,116,109,24,11,13,201,105,96,116,67,49,197,103,94,194,101,93,85,38,47,40,16,24,12,5,7,0,0,0,1,0,1,66,66,8,16,11,14,8,7,2,58,29,29,4,52,0,5,7
56403329,0,,,135,65,70,11,8,3,124,57,67,66,33,33,123,56,67,121,55,66,58,24,34,31,9,22,15,3,12,2,1,1,0,0,0,48,48,6,20,10,3,7,2,0,42,28,14,3,40,0,5,9
56403330,2,56403320,,9,4,5,*,*,*,*,*,*,*,*,*,*,*,*,*,*,*,*,*,*,*,*,*,*,*,*,*,*,*,*,*,*,3,3,*,*,*,*,*,*,*,*,*,*,*,*,*,*,*
56403331,0,,,55,25,30,4,0,4,51,25,26,32,13,19,50,25,25,50,25,25,19,12,7,10,4,6,3,2,1,0,0,0,0,0,0,17,17,5,3,1,3,2,2,1,12,5,7,1,14,0,4,2
56403332,2,56403333,,5,3,2,*,*,*,*,*,*,*,*,*,*,*,*,*,*,*,*,*,*,*,*,*,*,*,*,*,*,*,*,*,*,3,3,*,*,*,*,*,*,*,*,*,*,*,*,*,*,*
56403333,1,,56403332,297,145,152,18,7,11,284,141,143,192,101,91,267,134,133,259,130,129,92,40,52,40,17,23,16,5,11,0,0,0,1,0,1,99,99,13,29,34,14,4,6,2,88,66,22,2,58,0,5,15
56403334,0,,,256,120,136,34,14,20,222,106,116,148,70,78,218,104,114,212,100,112,74,36,38,31,15,16,9,5,4,1,0,1,0,0,0,80,80,7,31,10,14,11,5,2,73,54,19,10,46,0,5,16
56403335,0,,,354,165,189,52,30,22,302,135,167,174,78,96,294,131,163,291,131,160,128,57,71,62,26,36,18,7,11,1,0,1,2,0,2,130,130,30,35,31,19,6,8,1,100,73,27,13,81,0,21,16
56403336,0,,,1161,585,576,197,99,98,957,481,476,691,354,337,932,467,465,917,457,460,266,127,139,152,60,92,65,23,42,2,0,2,7,1,6,469,469,135,134,101,57,29,9,4,329,281,48,87,189,11,62,41
56403337,0,,,1917,897,1020,316,153,163,1596,740,856,1057,520,537,1539,710,829,1506,690,816,539,220,319,317,113,204,154,42,112,17,5,12,9,7,2,650,648,159,175,121,102,53,23,15,485,391,94,102,278,22,65,63
56403338,0,,,270,152,118,25,15,10,233,125,108,147,86,61,230,124,106,228,122,106,86,39,47,41,17,24,11,3,8,1,1,0,1,0,1,107,107,44,15,22,11,9,3,3,62,38,24,6,60,1,12,6
56403339,0,,,328,163,165,46,21,25,277,137,140,178,95,83,266,132,134,264,132,132,99,42,57,45,13,32,15,1,14,0,0,0,3,2,1,129,129,45,29,21,19,9,3,3,84,56,28,12,69,1,12,13
56403341,1,,56403342,41,16,25,7,2,5,47,24,23,25,13,12,42,22,20,41,22,19,22,11,11,7,3,4,4,1,3,0,0,0,1,0,1,8,8,0,2,2,4,0,1,3,12,5,7,1,10,0,0,0
56403342,2,56403341,,13,10,3,*,*,*,*,*,*,*,*,*,*,*,*,*,*,*,*,*,*,*,*,*,*,*,*,*,*,*,*,*,*,4,4,*,*,*,*,*,*,*,*,*,*,*,*,*,*,*
56403343,0,,,274,133,141,26,13,13,248,120,128,153,76,77,240,116,124,235,113,122,95,44,51,49,18,31,16,4,12,1,0,1,1,0,1,90,90,13,22,25,18,7,2,3,77,49,28,7,62,0,8,13
56403344,0,,,228,114,114,34,21,13,194,93,101,125,66,59,186,90,96,181,88,93,69,27,42,28,7,21,10,1,9,1,0,1,1,1,0,65,65,6,16,16,8,9,7,3,58,33,25,11,44,0,3,2
56403345,0,,,151,70,81,17,7,10,134,63,71,91,46,45,128,61,67,127,60,67,43,17,26,22,6,16,7,1,6,0,0,0,0,0,0,52,52,9,19,11,5,3,2,3,43,30,13,1,28,0,5,6
56403346,0,,,580,276,304,89,45,44,489,230,259,319,156,163,476,220,256,464,215,249,170,74,96,89,39,50,17,5,12,0,0,0,8,3,5,204,204,46,54,40,39,11,7,7,158,114,44,28,113,8,19,27
56403347,0,,,494,231,263,116,49,67,378,182,196,304,154,150,362,176,186,353,174,179,74,28,46,42,16,26,18,7,11,3,1,2,12,7,5,167,166,30,35,52,31,14,2,2,135,123,12,52,39,12,5,7
56403348,0,,,169,83,86,17,8,9,152,75,77,96,48,48,148,73,75,145,71,74,56,27,29,27,11,16,8,3,5,0,0,0,1,0,1,52,52,4,17,11,10,5,4,1,48,29,19,6,37,0,3,7
56403349,0,,,145,75,70,18,10,8,127,65,62,81,44,37,122,61,61,117,59,58,46,21,25,18,5,13,8,1,7,1,0,1,0,0,0,41,41,5,11,7,6,4,4,4,36,24,12,2,28,0,3,5
56403350,0,,,24,12,12,3,2,1,21,10,11,14,5,9,21,10,11,21,10,11,7,5,2,2,1,1,0,0,0,0,0,0,3,2,1,13,13,7,3,1,2,0,0,0,6,6,0,1,5,5,2,2
56403351,0,,,83,44,39,10,4,6,73,40,33,42,26,16,72,39,33,72,39,33,31,14,17,12,4,8,4,1,3,1,0,1,0,0,0,30,30,6,9,7,3,4,1,0,24,18,6,2,18,0,3,4
56403352,0,,,65,32,33,7,5,2,58,27,31,34,15,19,57,27,30,56,26,30,24,12,12,9,3,6,3,0,3,0,0,0,0,0,0,22,22,4,8,4,3,0,2,1,17,11,6,3,15,0,2,5
56403353,0,,,46,22,24,8,6,2,38,16,22,31,12,19,35,15,20,33,14,19,7,4,3,5,2,3,3,1,2,0,0,0,0,0,0,12,12,0,2,1,6,3,0,0,12,8,4,1,5,0,0,0
56403354,0,,,33,17,16,2,0,2,31,17,14,17,10,7,30,16,14,29,15,14,14,7,7,5,2,3,3,2,1,0,0,0,0,0,0,8,8,0,3,1,1,2,0,1,8,4,4,1,8,0,0,1
56403355,0,,,103,53,50,5,3,2,98,50,48,60,31,29,95,48,47,92,47,45,38,19,19,18,7,11,6,2,4,0,0,0,2,0,2,27,27,2,2,7,8,6,1,1,25,11,14,1,22,0,1,2
56403356,0,,,159,86,73,20,13,7,139,73,66,82,46,36,135,72,63,133,71,62,57,27,30,21,10,11,4,2,2,0,0,0,0,0,0,52,52,8,12,14,9,7,0,2,44,30,14,6,35,0,4,8
56403357,0,,,380,180,200,44,21,23,336,159,177,220,110,110,320,150,170,311,146,165,116,49,67,61,20,41,25,6,19,2,0,2,1,0,1,119,118,14,34,28,23,14,3,2,104,73,31,12,64,0,7,12
56403358,0,,,184,93,91,21,13,8,163,80,83,97,52,45,158,79,79,156,78,78,66,28,38,34,12,22,15,4,11,1,0,1,0,0,0,53,53,3,14,14,10,5,4,3,50,27,23,4,43,0,3,5
56403359,0,,,89,43,46,12,7,5,77,36,41,50,24,26,73,34,39,73,34,39,27,12,15,17,5,12,8,3,5,0,0,0,0,0,0,26,26,5,3,7,5,2,3,1,21,9,12,4,20,0,5,2
56403360,0,,,15,7,8,1,0,1,11,6,5,9,5,4,11,6,5,11,6,5,2,1,1,1,0,1,0,0,0,0,0,0,2,1,1,9,9,4,4,1,0,0,0,0,3,3,0,1,2,1,1,0
56403361,0,,,36,20,16,1,1,0,35,19,16,22,12,10,34,19,15,33,18,15,13,7,6,5,2,3,2,0,2,0,0,0,0,0,0,14,14,4,5,0,3,2,0,0,10,8,2,1,11,0,2,1
56403362,1,,56403372;56403381,12,8,4,0,0,0,16,10,6,6,4,2,16,10,6,16,10,6,10,6,4,7,4,3,0,0,0,0,0,0,0,0,0,6,6,2,4,2,0,0,0,0,6,5,1,0,7,0,2,2
56403363,0,,,19,10,9,0,0,0,19,10,9,12,7,5,19,10,9,19,10,9,7,3,4,3,1,2,2,0,2,0,0,0,0,0,0,8,8,1,4,2,1,0,0,0,7,7,0,0,5,0,0,1
56403364,0,,,55,25,30,2,0,2,53,25,28,28,14,14,52,25,27,52,25,27,25,11,14,15,7,8,7,2,5,1,0,1,0,0,0,17,17,3,3,6,0,2,3,0,14,4,10,1,15,0,1,1
56403365,0,,,39,20,19,1,0,1,38,20,18,22,11,11,37,20,17,36,19,17,16,9,7,11,6,5,0,0,0,0,0,0,0,0,0,14,14,4,5,0,1,3,1,0,10,7,3,0,9,0,2,4
56403366,0,,,172,85,87,11,6,5,161,79,82,88,43,45,158,77,81,155,76,79,73,36,37,34,17,17,13,4,9,2,0,2,1,0,1,59,59,13,13,13,14,1,2,3,46,31,15,3,46,0,10,7
56403367,0,,,278,121,157,38,15,23,240,106,134,174,79,95,233,103,130,225,100,125,66,27,39,28,10,18,12,3,9,0,0,0,3,2,1,103,103,19,34,23,15,10,2,0,84,71,13,7,48,1,10,9
56403368,0,,,138,69,69,10,6,4,128,63,65,62,33,29,125,60,65,123,60,63,66,30,36,34,15,19,12,4,8,0,0,0,0,0,0,47,47,6,12,16,8,3,1,1,41,27,14,3,40,0,5,5
56403369,0,,,218,109,109,23,10,13,195,99,96,113,59,54,188,94,94,185,94,91,82,40,42,43,19,24,10,4,6,1,0,1,1,0,1,70,70,9,22,15,13,3,6,2,60,39,21,7,51,0,4,13
56403372,2,56403362,,2,1,1,*,*,*,*,*,*,*,*,*,*,*,*,*,*,*,*,*,*,*,*,*,*,*,*,*,*,*,*,*,*,1,1,*,*,*,*,*,*,*,*,*,*,*,*,*,*,*
56403373,0,,,76,38,38,7,5,2,69,33,36,34,17,17,66,32,34,65,32,33,35,16,19,23,9,14,10,3,7,0,0,0,0,0,0,24,24,5,3,8,3,3,0,2,19,6,13,0,22,0,5,2
56403374,0,,,79,41,38,5,3,2,74,38,36,42,21,21,73,38,35,72,37,35,32,17,15,15,5,10,5,2,3,0,0,0,0,0,0,30,30,7,10,6,3,2,2,0,23,18,5,1,21,0,3,4
56403375,0,,,104,46,58,8,4,4,96,42,54,40,15,25,95,42,53,94,42,52,56,27,29,17,5,12,11,2,9,1,0,1,1,0,1,37,37,6,12,10,5,1,2,1,31,14,17,2,33,0,4,7
56403376,0,,,275,137,138,19,12,7,256,125,131,146,76,70,251,122,129,247,121,126,110,49,61,51,18,33,18,4,14,1,0,1,1,0,1,85,85,11,20,19,19,10,1,5,73,48,25,8,68,0,10,9
56403377,0,,,206,104,102,23,15,8,183,89,94,101,49,52,182,89,93,181,89,92,82,40,42,43,18,25,13,5,8,1,0,1,1,0,1,62,62,11,18,6,8,8,9,2,51,29,22,2,50,0,8,10
56403378,0,,,192,92,100,9,7,2,181,84,97,103,53,50,176,80,96,174,79,95,78,31,47,39,13,26,14,4,10,1,0,1,0,0,0,70,70,17,17,15,12,7,1,1,53,33,20,3,53,0,12,10
56403379,0,,,329,159,170,36,17,19,293,142,151,164,88,76,289,140,149,284,137,147,129,54,75,59,23,36,21,5,16,1,0,1,0,0,0,110,110,12,33,35,16,8,4,2,98,64,34,7,81,0,7,20
56403381,2,56403362,,2,1,1,*,*,*,*,*,*,*,*,*,*,*,*,*,*,*,*,*,*,*,*,*,*,*,*,*,*,*,*,*,*,1,1,*,*,*,*,*,*,*,*,*,*,*,*,*,*,*
56403383,0,,,80,44,36,4,2,2,76,42,34,38,23,15,74,40,34,74,40,34,38,19,19,15,7,8,8,3,5,0,0,0,1,0,1,28,28,6,11,1,5,3,0,2,22,15,7,0,23,0,4,9
56403384,0,,,68,35,33,5,3,2,63,32,31,33,18,15,63,32,31,63,32,31,30,14,16,15,7,8,3,2,1,0,0,0,0,0,0,26,26,3,13,4,4,1,1,0,23,19,4,2,21,0,3,7
56403385,0,,,188,90,98,19,10,9,169,80,89,92,42,50,165,79,86,161,77,84,77,38,39,46,20,26,10,3,7,0,0,0,0,0,0,66,66,11,23,15,7,5,3,2,55,42,13,3,52,0,10,16
56403386,0,,,672,323,349,61,33,28,605,286,319,345,174,171,595,281,314,586,278,308,260,112,148,128,45,83,38,9,29,2,1,1,0,0,0,247,247,57,73,51,38,11,11,6,187,131,56,14,176,6,36,32
56403387,0,,,1064,494,570,129,60,69,919,425,494,526,253,273,900,419,481,885,411,474,393,172,221,220,85,135,76,24,52,4,1,3,5,2,3,403,402,102,126,79,53,25,13,4,296,236,60,33,229,17,43,70
56403388,0,,,2107,1053,1054,215,118,97,1815,896,919,1209,612,597,1748,860,888,1713,840,873,606,284,322,306,137,169,103,44,59,7,0,7,12,2,10,846,846,268,220,158,122,46,17,15,569,450,119,59,398,40,74,100
56403389,0,,,879,439,440,103,54,49,744,366,378,481,244,237,721,354,367,707,343,364,263,122,141,120,50,70,43,14,29,3,0,3,3,0,3,343,343,82,112,69,50,17,10,3,252,191,61,36,163,11,27,41
56403393,0,,,144,75,69,6,5,1,138,70,68,80,45,35,137,70,67,137,70,67,58,25,33,23,8,15,9,3,6,1,0,1,7,0,7,59,59,18,16,14,7,2,0,2,41,27,14,1,40,4,9,5
56403394,0,,,207,88,119,11,8,3,196,80,116,75,36,39,196,80,116,195,80,115,121,44,77,86,25,61,60,15,45,18,4,14,2,0,2,38,37,2,9,6,9,5,4,2,35,15,20,3,31,0,1,3
56403395,0,,,104,50,54,12,5,7,91,44,47,43,23,20,90,43,47,88,43,45,48,21,27,23,7,16,7,1,6,0,0,0,0,0,0,37,37,9,13,4,5,3,2,1,28,18,10,1,32,0,6,4
56403396,0,,,205,103,102,8,5,3,184,92,92,97,48,49,180,92,88,179,92,87,87,44,43,44,19,25,20,9,11,0,0,0,5,4,1,90,90,28,32,18,5,3,4,0,58,42,16,3,63,4,14,14
56403397,0,,,2670,1328,1342,354,190,164,2270,1110,1160,1738,860,878,2154,1046,1108,2083,1011,1072,532,250,282,250,104,146,73,26,47,2,0,2,21,8,13,973,973,181,296,224,177,63,24,8,781,672,109,95,343,27,48,106
56403398,0,,,493,259,234,68,43,25,414,210,204,299,157,142,404,204,200,400,200,200,115,53,62,51,21,30,14,5,9,1,0,1,5,2,3,200,200,49,71,38,27,11,3,1,146,119,27,27,69,7,8,18
56403399,0,,,174,85,89,17,14,3,157,71,86,85,40,45,155,70,85,155,70,85,72,31,41,22,4,18,15,2,13,1,0,1,1,0,1,62,62,12,15,20,9,2,2,2,50,29,21,5,46,0,10,5
56403400,0,,,69,37,32,3,3,0,66,34,32,32,17,15,65,34,31,65,34,31,34,17,17,13,6,7,7,4,3,0,0,0,0,0,0,22,22,2,10,2,2,4,1,1,20,10,10,0,19,0,2,6
56403401,0,,,52,28,24,4,2,2,48,26,22,24,14,10,48,26,22,47,26,21,24,12,12,15,7,8,5,4,1,0,0,0,0,0,0,16,16,1,4,5,3,2,1,0,15,11,4,0,15,0,1,2
56403402,0,,,234,97,137,19,13,6,215,84,131,67,35,32,207,77,130,205,76,129,148,49,99,111,27,84,80,16,64,15,1,14,1,0,1,47,46,9,14,8,1,5,5,4,37,18,19,4,39,0,8,9
56403403,0,,,59,31,28,1,1,0,58,30,28,33,17,16,57,30,27,57,30,27,25,13,12,13,6,7,5,2,3,0,0,0,0,0,0,21,21,6,4,4,3,3,1,0,15,8,7,0,16,0,2,2
56403404,0,,,90,41,49,10,3,7,80,38,42,42,21,21,76,36,40,76,36,40,38,17,21,18,6,12,10,2,8,0,0,0,0,0,0,26,26,3,9,4,4,1,0,5,23,11,12,3,22,0,2,5
56403405,0,,,61,34,27,6,3,3,55,31,24,32,20,12,53,30,23,51,28,23,23,11,12,12,5,7,5,1,4,0,0,0,0,0,0,19,19,5,3,2,4,4,0,1,14,7,7,0,15,0,4,2
56403406,0,,,153,80,73,14,9,5,139,71,68,76,42,34,134,69,65,131,67,64,63,29,34,29,10,19,13,3,10,2,0,2,1,0,1,52,52,14,14,9,3,3,6,3,38,21,17,4,40,0,8,8
56403407,0,,,38,18,20,3,2,1,35,16,19,19,8,11,35,16,19,33,16,17,16,8,8,6,3,3,3,1,2,0,0,0,0,0,0,12,12,4,2,2,0,2,1,1,8,2,6,1,11,0,3,1
56403408,0,,,19,11,8,3,3,0,16,8,8,10,4,6,15,8,7,15,8,7,6,4,2,2,2,0,2,2,0,0,0,0,0,0,0,6,6,2,0,1,1,2,0,0,4,2,2,1,5,0,2,0
56403409,0,,,47,23,24,4,1,3,43,22,21,25,15,10,43,22,21,43,22,21,18,7,11,11,3,8,3,0,3,0,0,0,3,0,3,16,16,2,5,5,2,0,2,0,14,7,7,1,12,0,1,1
56403410,0,,,54,28,26,4,1,3,50,27,23,24,13,11,50,27,23,50,27,23,26,14,12,10,4,6,4,1,3,1,1,0,0,0,0,19,19,3,7,6,0,2,0,1,16,11,5,1,16,0,2,3
56403411,0,,,110,58,52,5,3,2,105,55,50,52,28,24,105,55,50,104,54,50,53,27,26,32,13,19,17,7,10,2,1,1,0,0,0,29,28,5,3,9,4,4,3,0,23,10,13,0,25,0,5,3
56403412,0,,,126,55,71,17,4,13,109,51,58,61,27,34,106,50,56,104,49,55,48,24,24,18,7,11,8,3,5,1,0,1,0,0,0,37,37,7,7,10,4,4,2,3,30,17,13,4,30,0,5,6
56403413,0,,,120,56,64,6,3,3,114,53,61,64,34,30,111,51,60,108,50,58,50,19,31,30,12,18,8,2,6,0,0,0,1,1,0,43,43,10,15,6,5,2,3,2,33,21,12,1,34,0,5,8
56403414,0,,,102,48,54,15,4,11,87,44,43,52,25,27,83,42,41,80,40,40,35,19,16,17,7,10,5,1,4,0,0,0,1,0,1,33,33,9,8,3,5,3,4,1,24,14,10,4,22,0,6,4
56403415,0,,,26,13,13,0,0,0,26,13,13,9,6,3,26,13,13,26,13,13,17,7,10,6,2,4,1,0,1,1,0,1,0,0,0,13,13,4,5,4,0,0,0,0,9,9,0,0,12,0,3,3
56403416,0,,,260,129,131,20,9,11,240,120,120,122,67,55,237,119,118,233,116,117,118,53,65,61,23,38,28,10,18,3,0,3,1,0,1,82,81,10,23,21,13,7,6,1,71,46,25,4,65,0,7,13
56403417,1,,56403418,62,35,27,6,3,3,69,38,31,38,21,17,67,37,30,66,37,29,31,17,14,15,8,7,10,5,5,1,1,0,0,0,0,20,20,5,4,6,3,1,2,2,18,8,10,2,21,0,5,1
56403418,2,56403417,,13,6,7,*,*,*,*,*,*,*,*,*,*,*,*,*,*,*,*,*,*,*,*,*,*,*,*,*,*,*,*,*,*,3,3,*,*,*,*,*,*,*,*,*,*,*,*,*,*,*
56403419,1,,56403429,55,26,29,4,2,2,56,26,30,26,10,16,56,26,30,55,25,30,30,16,14,16,6,10,7,1,6,1,0,1,0,0,0,19,19,4,5,5,3,1,0,2,16,6,10,2,18,0,3,3
56403420,0,,,155,80,75,12,6,6,143,74,69,83,41,42,138,71,67,133,69,64,60,33,27,27,14,13,7,4,3,0,0,0,0,0,0,43,43,4,12,6,9,4,5,3,39,21,18,0,39,0,4,4
56403421,0,,,31,18,13,2,0,2,29,18,11,15,9,6,29,18,11,29,18,11,14,9,5,4,3,1,3,2,1,1,1,0,1,0,1,8,8,0,1,3,2,0,2,0,8,4,4,0,8,0,0,0
56403422,0,,,68,39,29,5,2,3,63,37,26,30,19,11,63,37,26,61,35,26,33,18,15,9,3,6,1,0,1,1,0,1,0,0,0,25,25,5,8,6,4,0,1,1,20,14,6,1,22,0,3,5
56403423,0,,,62,32,30,2,0,2,60,32,28,31,15,16,57,30,27,56,29,27,29,17,12,13,7,6,6,4,2,1,0,1,0,0,0,19,19,3,4,6,2,1,1,2,16,8,8,0,17,0,2,3
56403424,0,,,123,64,59,7,2,5,116,62,54,64,35,29,110,58,52,109,57,52,52,27,25,26,13,13,13,7,6,2,2,0,1,0,1,38,38,4,13,8,5,3,2,3,34,16,18,1,31,0,1,8
56403425,0,,,252,125,127,24,14,10,228,111,117,134,69,65,222,107,115,219,105,114,94,42,52,49,20,29,14,5,9,3,1,2,0,0,0,85,85,14,30,10,17,8,3,3,70,41,29,10,61,0,10,17
56403426,1,,56403437,448,220,228,75,41,34,382,185,197,255,132,123,367,179,188,361,175,186,127,53,74,67,23,44,22,9,13,2,1,1,1,0,1,153,153,38,43,30,21,9,10,7,120,92,28,18,87,2,20,16
56403427,0,,,13,8,5,0,0,0,13,8,5,9,6,3,12,7,5,12,7,5,4,2,2,4,2,2,0,0,0,0,0,0,0,0,0,5,5,3,0,0,0,2,0,0,2,0,2,0,2,0,0,0
56403429,2,56403419,,5,2,3,*,*,*,*,*,*,*,*,*,*,*,*,*,*,*,*,*,*,*,*,*,*,*,*,*,*,*,*,*,*,1,1,*,*,*,*,*,*,*,*,*,*,*,*,*,*,*
56403430,0,,,71,42,29,1,1,0,70,41,29,35,21,14,69,41,28,69,41,28,35,20,15,17,9,8,11,6,5,0,0,0,0,0,0,27,27,5,8,8,4,2,0,0,22,17,5,0,23,0,3,5
56403431,0,,,20,7,13,0,0,0,20,7,13,12,4,8,19,7,12,18,7,11,8,3,5,7,2,5,4,2,2,0,0,0,0,0,0,6,6,0,0,4,2,0,0,0,6,3,3,0,6,0,0,0
56403432,0,,,120,64,56,11,8,3,109,56,53,60,37,23,107,55,52,101,50,51,49,19,30,23,7,16,10,2,8,2,1,1,0,0,0,32,32,3,7,6,5,5,3,3,28,12,16,4,28,0,3,4
56403433,0,,,110,56,54,6,2,4,104,54,50,62,35,27,104,54,50,103,53,50,42,19,23,20,8,12,7,3,4,0,0,0,1,0,1,35,35,2,9,13,6,3,2,0,33,19,14,0,28,0,1,6
56403434,0,,,62,33,29,1,1,0,61,32,29,26,14,12,60,32,28,60,32,28,35,18,17,16,7,9,7,4,3,0,0,0,1,0,1,27,27,9,8,6,3,0,0,1,18,11,7,0,20,0,6,5
56403435,0,,,28,15,13,1,0,1,27,15,12,11,8,3,27,15,12,27,15,12,16,7,9,7,3,4,3,1,2,0,0,0,0,0,0,10,10,2,3,3,1,0,0,1,8,5,3,1,8,0,0,1
56403436,0,,,54,29,25,8,6,2,46,23,23,28,14,14,45,23,22,44,22,22,18,9,9,9,3,6,4,1,3,0,0,0,0,0,0,11,11,0,0,3,2,3,0,3,11,3,8,1,10,0,0,0
56403437,2,56403426,,9,6,3,*,*,*,*,*,*,*,*,*,*,*,*,*,*,*,*,*,*,*,*,*,*,*,*,*,*,*,*,*,*,5,5,*,*,*,*,*,*,*,*,*,*,*,*,*,*,*
56403440,0,,,126,65,61,10,7,3,116,58,58,69,34,35,113,56,57,111,55,56,47,24,23,24,12,12,12,5,7,1,1,0,0,0,0,39,39,5,10,10,6,5,0,3,33,17,16,3,31,0,3,3
56403441,0,,,63,30,33,7,3,4,56,27,29,32,17,15,55,27,28,54,27,27,24,10,14,7,1,6,4,0,4,0,0,0,1,0,1,20,20,4,7,1,3,1,3,1,16,11,5,2,16,0,2,2
56403442,0,,,128,59,69,9,4,5,119,55,64,69,32,37,115,52,63,111,51,60,50,23,27,20,7,13,10,2,8,2,1,1,0,0,0,39,39,8,8,8,5,3,5,2,31,11,20,2,31,0,7,4
56403443,0,,,67,36,31,4,3,1,63,33,30,34,19,15,63,33,30,61,33,28,29,14,15,13,6,7,5,2,3,1,1,0,0,0,0,23,23,4,5,7,4,2,1,0,19,11,8,1,19,0,4,1
56403444,0,,,103,52,51,8,5,3,95,47,48,45,23,22,91,45,46,91,45,46,50,24,26,24,11,13,6,3,3,1,0,1,0,0,0,35,35,7,14,4,4,1,3,2,28,18,10,2,32,0,5,11
56403445,0,,,117,55,62,16,6,10,101,49,52,64,31,33,98,49,49,96,48,48,37,18,19,19,9,10,7,2,5,1,0,1,0,0,0,26,26,1,4,4,6,3,2,6,25,11,14,4,20,0,1,3
56403447,0,,,41,20,21,2,1,1,39,19,20,19,10,9,38,18,20,38,18,20,20,9,11,7,2,5,4,1,3,0,0,0,0,0,0,14,14,3,5,1,1,3,1,0,11,5,6,1,11,0,1,4
56403448,0,,,11,6,5,0,0,0,11,6,5,7,2,5,10,6,4,10,6,4,4,4,0,1,1,0,1,1,0,0,0,0,0,0,0,4,4,1,1,1,0,1,0,0,3,2,1,0,4,0,1,1
56403449,0,,,23,12,11,2,1,1,19,11,8,7,5,2,16,8,8,16,8,8,12,6,6,5,3,2,0,0,0,0,0,0,0,0,0,7,7,0,5,0,0,0,1,1,6,4,2,0,6,0,0,4
56403450,0,,,162,79,83,21,11,10,141,68,73,77,35,42,137,65,72,136,65,71,64,33,31,31,13,18,19,6,13,1,0,1,0,0,0,48,48,8,13,7,9,5,2,4,40,23,17,4,37,0,6,7
56403451,0,,,100,53,47,10,5,5,90,48,42,55,33,22,89,48,41,87,46,41,35,15,20,17,7,10,7,3,4,1,1,0,0,0,0,28,28,4,5,7,3,5,3,1,24,12,12,1,21,0,0,3
56403452,0,,,193,74,119,8,5,3,185,69,116,63,37,26,180,67,113,180,67,113,122,32,90,97,20,77,67,9,58,19,0,19,0,0,0,32,31,2,4,12,3,5,4,1,29,12,17,4,26,0,1,2
56403453,0,,,104,49,55,12,5,7,92,44,48,48,23,25,89,42,47,89,42,47,44,21,23,17,5,12,4,0,4,0,0,0,2,0,2,35,35,6,12,6,5,2,2,2,28,21,7,2,28,0,4,7
56403454,0,,,104,50,54,5,0,5,99,50,49,52,30,22,96,49,47,94,47,47,47,20,27,23,9,14,11,5,6,0,0,0,1,0,1,29,29,4,5,6,5,6,0,3,25,10,15,2,27,0,4,4
56403455,0,,,49,27,22,8,5,3,41,22,19,16,10,6,41,22,19,41,22,19,25,12,13,13,5,8,5,2,3,1,0,1,1,0,1,13,13,1,5,0,2,1,3,1,12,6,6,3,12,0,0,3
56403457,0,,,82,46,36,4,3,1,78,43,35,45,27,18,77,42,35,75,41,34,33,16,17,15,6,9,5,1,4,1,0,1,0,0,0,28,28,5,8,6,6,2,0,1,23,17,6,1,20,0,2,4
56403460,0,,,219,108,111,21,10,11,198,98,100,121,62,59,196,97,99,193,96,97,77,36,41,34,12,22,13,4,9,0,0,0,1,0,1,72,72,11,21,19,10,2,4,5,61,40,21,6,48,0,7,10
56403461,0,,,103,58,45,2,1,1,99,55,44,52,30,22,98,55,43,97,55,42,47,25,22,21,8,13,10,3,7,0,0,0,0,0,0,39,39,10,10,9,6,2,2,0,29,23,6,1,30,0,5,6
56403462,0,,,74,35,39,2,1,1,72,34,38,37,20,17,72,34,38,70,33,37,35,14,21,20,6,14,12,4,8,2,0,2,0,0,0,27,27,4,8,11,1,1,2,0,23,14,9,0,21,0,3,4
56403463,0,,,76,43,33,11,6,5,65,37,28,38,22,16,65,37,28,63,35,28,27,15,12,14,7,7,5,1,4,0,0,0,0,0,0,23,23,3,5,6,4,3,1,1,20,13,7,5,17,0,2,3
56403464,0,,,45,18,27,3,1,2,42,17,25,27,12,15,42,17,25,42,17,25,15,5,10,5,1,4,1,0,1,0,0,0,0,0,0,12,12,0,4,1,4,1,1,1,12,5,7,1,10,0,0,2
56403465,0,,,93,50,43,8,4,4,85,46,39,45,25,20,84,45,39,82,43,39,40,21,19,21,11,10,6,4,2,0,0,0,1,0,1,29,29,4,5,11,4,3,0,2,25,15,10,2,24,0,3,2
56403466,0,,,28,11,17,6,3,3,22,8,14,16,7,9,22,8,14,21,7,14,6,1,5,3,0,3,2,0,2,0,0,0,0,0,0,7,7,0,3,1,0,1,1,1,7,3,4,1,5,0,0,0
56403467,1,,56403468,80,41,39,6,5,1,79,40,39,42,19,23,78,40,38,77,40,37,37,21,16,22,10,12,9,3,6,0,0,0,0,0,0,29,29,9,8,7,4,2,1,1,23,16,7,3,25,0,6,4
56403468,2,56403467,,5,4,1,*,*,*,*,*,*,*,*,*,*,*,*,*,*,*,*,*,*,*,*,*,*,*,*,*,*,*,*,*,*,3,3,*,*,*,*,*,*,*,*,*,*,*,*,*,*,*
56403469,0,,,22,10,12,0,0,0,22,10,12,10,4,6,22,10,12,21,10,11,12,6,6,3,1,2,1,0,1,1,0,1,2,0,2,11,11,3,5,3,0,0,0,0,8,7,1,0,8,0,2,3
56403470,0,,,163,84,79,16,12,4,147,72,75,80,40,40,142,67,75,140,67,73,67,32,35,27,10,17,14,3,11,1,0,1,2,0,2,57,57,13,18,9,8,4,2,3,44,27,17,5,44,0,9,6
56403471,0,,,45,23,22,5,3,2,40,20,20,26,13,13,39,19,20,38,19,19,14,7,7,5,3,2,1,1,0,0,0,0,2,0,2,15,15,1,6,3,3,1,1,0,13,10,3,2,8,0,1,2
56403472,0,,,124,65,59,8,6,2,116,59,57,51,26,25,114,58,56,112,56,56,65,33,32,27,11,16,7,1,6,2,0,2,0,0,0,44,44,13,10,9,2,6,3,1,31,16,15,2,42,0,11,6
56403473,0,,,73,37,36,10,6,4,62,31,31,30,17,13,62,31,31,62,31,31,32,14,18,20,8,12,9,4,5,1,1,0,0,0,0,22,22,4,6,2,5,2,1,2,18,10,8,6,18,0,2,4
56403474,0,,,97,51,46,10,5,5,87,46,41,36,22,14,86,45,41,86,45,41,51,24,27,22,10,12,10,4,6,1,0,1,3,0,3,32,32,4,10,9,3,3,2,1,28,18,10,1,29,0,4,5
56403475,0,,,56,26,30,4,0,4,52,26,26,27,16,11,52,26,26,52,26,26,25,10,15,17,6,11,8,2,6,1,0,1,0,0,0,17,17,1,4,7,2,2,0,1,16,9,7,1,16,0,1,0
56403476,0,,,91,49,42,4,3,1,87,46,41,45,26,19,86,46,40,84,45,39,42,20,22,25,11,14,4,1,3,1,0,1,0,0,0,34,34,7,9,13,2,2,0,1,27,23,4,1,24,0,3,6
56403477,0,,,54,24,30,2,1,1,52,23,29,24,9,15,50,23,27,49,23,26,28,14,14,15,9,6,2,1,1,2,1,1,0,0,0,17,17,2,8,1,2,2,0,2,15,10,5,0,16,0,2,7
56403478,0,,,48,23,25,2,2,0,46,21,25,19,8,11,46,21,25,46,21,25,27,13,14,15,7,8,5,2,3,1,0,1,0,0,0,18,18,2,6,7,2,1,0,0,16,13,3,0,14,0,1,6
56403479,0,,,209,99,110,20,7,13,189,92,97,119,62,57,180,89,91,176,85,91,70,30,40,28,9,19,10,3,7,0,0,0,0,0,0,73,73,14,24,15,11,1,6,2,59,41,18,3,45,0,8,5
56403480,0,,,54,28,26,2,2,0,52,26,26,25,12,13,51,25,26,50,25,25,27,14,13,14,7,7,3,2,1,0,0,0,0,0,0,19,19,2,9,3,2,1,2,0,17,10,7,0,18,0,2,5
56403481,0,,,198,108,90,11,4,7,187,104,83,102,64,38,185,102,83,179,98,81,85,40,45,41,18,23,21,8,13,2,1,1,2,0,2,63,63,5,25,11,9,7,3,3,58,33,25,2,48,0,1,10
56403482,0,,,911,439,472,71,36,35,834,400,434,449,229,220,805,386,419,790,378,412,385,171,214,209,84,125,66,21,45,2,0,2,3,0,3,359,359,92,115,69,47,24,10,2,265,198,67,15,254,0,67,61
56403483,0,,,913,428,485,89,51,38,820,373,447,441,208,233,798,362,436,786,358,428,379,165,214,191,70,121,89,21,68,8,1,7,5,1,4,331,330,72,107,72,41,21,9,8,257,193,64,19,233,4,47,57
56403484,0,,,75,37,38,3,0,3,72,37,35,34,20,14,72,37,35,72,37,35,38,17,21,21,7,14,5,2,3,1,0,1,1,0,1,26,26,3,10,6,2,4,1,0,23,16,7,3,22,0,3,8
56403485,0,,,93,44,49,4,2,2,89,42,47,44,18,26,86,40,46,85,40,45,45,24,21,20,9,11,9,1,8,0,0,0,2,0,2,37,37,10,14,4,4,3,2,0,27,17,10,1,29,0,8,6
56403486,0,,,90,48,42,6,3,3,84,45,39,49,28,21,81,42,39,79,41,38,35,17,18,19,9,10,4,2,2,1,0,1,0,0,0,28,28,4,9,3,6,2,3,1,23,15,8,1,23,0,3,5
56403487,0,,,164,77,87,10,6,4,154,71,83,88,41,47,150,69,81,145,69,76,66,30,36,34,15,19,14,4,10,0,0,0,1,0,1,61,61,10,25,8,13,4,0,1,51,38,13,1,45,0,7,14
56403488,1,,56403489,512,254,258,44,20,24,461,232,229,230,124,106,452,228,224,448,225,223,231,108,123,134,54,80,45,10,35,7,1,6,0,0,0,186,185,65,64,27,18,6,6,4,121,98,23,11,109,4,30,22
56403489,2,56403488,,6,3,3,*,*,*,*,*,*,*,*,*,*,*,*,*,*,*,*,*,*,*,*,*,*,*,*,*,*,*,*,*,*,5,5,*,*,*,*,*,*,*,*,*,*,*,*,*,*,*
56403490,0,,,135,71,64,6,4,2,129,67,62,69,39,30,125,65,60,124,64,60,60,28,32,31,14,17,10,4,6,0,0,0,0,0,0,42,42,3,16,9,4,4,5,1,38,24,14,2,35,0,2,8
56403491,0,,,233,119,114,16,7,9,217,112,105,123,70,53,208,108,100,202,105,97,94,42,52,43,17,26,22,6,16,2,1,1,0,0,0,70,70,13,12,17,12,6,6,4,57,31,26,3,56,0,11,6
56403492,0,,,372,175,197,42,20,22,330,155,175,190,93,97,315,147,168,307,142,165,140,62,78,84,36,48,26,8,18,4,1,3,2,0,2,111,111,11,30,22,24,11,8,5,97,57,40,8,81,0,9,15
56403493,0,,,547,276,271,46,24,22,495,249,246,296,153,143,483,244,239,473,240,233,199,96,103,92,43,49,31,14,17,1,1,0,13,7,6,203,203,43,66,46,27,9,4,8,159,117,42,15,131,5,24,32
56403494,0,,,106,55,51,10,6,4,88,43,45,57,29,28,85,41,44,84,40,44,31,14,17,12,3,9,5,2,3,0,0,0,0,0,0,36,36,7,10,8,6,1,2,2,27,20,7,1,22,0,4,3
56403495,0,,,30,16,14,0,0,0,30,16,14,11,7,4,30,16,14,30,16,14,19,9,10,15,6,9,4,1,3,0,0,0,0,0,0,13,13,4,4,3,1,1,0,0,9,6,3,0,12,0,3,4
56403496,0,,,419,180,239,39,21,18,370,152,218,176,93,83,364,149,215,359,146,213,194,59,135,149,36,113,99,16,83,20,1,19,17,4,13,138,136,57,30,20,15,10,3,1,76,59,17,10,63,14,17,14
56403497,0,,,1287,589,698,103,42,61,1179,543,636,618,323,295,1145,523,622,1133,516,617,561,220,341,329,111,218,132,33,99,24,3,21,11,2,9,509,506,157,170,91,53,17,12,6,347,272,75,26,313,8,87,71
56403498,0,,,1918,913,1005,152,78,74,1750,829,921,937,481,456,1693,796,897,1666,786,880,813,348,465,427,169,258,160,55,105,11,5,6,17,8,9,822,822,261,276,140,79,41,16,9,555,444,111,32,554,11,167,146
56403499,0,,,246,126,120,23,13,10,223,113,110,131,70,61,217,110,107,217,110,107,92,43,49,46,22,24,11,2,9,2,0,2,0,0,0,100,100,28,35,17,10,5,3,2,72,57,15,4,63,0,18,15
56403501,0,,,16,8,8,0,0,0,16,8,8,4,2,2,16,8,8,16,8,8,12,6,6,8,5,3,1,1,0,0,0,0,0,0,0,9,9,3,5,1,0,0,0,0,6,5,1,0,8,0,2,4
56403502,1,,56403511,9,4,5,0,0,0,10,5,5,2,1,1,10,5,5,10,5,5,8,4,4,1,0,1,1,0,1,0,0,0,0,0,0,4,4,2,1,2,0,0,0,0,3,2,1,0,5,0,2,0
56403503,2,56403512,,5,2,3,*,*,*,*,*,*,*,*,*,*,*,*,*,*,*,*,*,*,*,*,*,*,*,*,*,*,*,*,*,*,2,2,*,*,*,*,*,*,*,*,*,*,*,*,*,*,*
56403504,2,56403512,,3,1,2,*,*,*,*,*,*,*,*,*,*,*,*,*,*,*,*,*,*,*,*,*,*,*,*,*,*,*,*,*,*,2,2,*,*,*,*,*,*,*,*,*,*,*,*,*,*,*
56403505,2,56403506,,4,2,2,*,*,*,*,*,*,*,*,*,*,*,*,*,*,*,*,*,*,*,*,*,*,*,*,*,*,*,*,*,*,2,2,*,*,*,*,*,*,*,*,*,*,*,*,*,*,*
56403506,1,,56403505,9,5,4,0,0,0,13,7,6,3,2,1,13,7,6,13,7,6,10,5,5,5,2,3,2,0,2,1,0,1,0,0,0,4,4,2,2,1,1,0,0,0,4,2,2,0,5,0,1,2
56403511,2,56403502,,1,1,0,*,*,*,*,*,*,*,*,*,*,*,*,*,*,*,*,*,*,*,*,*,*,*,*,*,*,*,*,*,*,1,1,*,*,*,*,*,*,*,*,*,*,*,*,*,*,*
56403512,1,,56403503;56403504,7,5,2,0,0,0,15,8,7,9,5,4,13,6,7,13,6,7,6,3,3,2,1,1,1,0,1,0,0,0,1,0,1,3,3,2,3,1,1,0,0,0,5,5,0,0,4,0,0,2
56403513,0,,,12,6,6,0,0,0,12,6,6,5,2,3,12,6,6,12,6,6,7,4,3,3,2,1,0,0,0,0,0,0,0,0,0,5,5,1,2,1,1,0,0,0,4,2,2,0,5,0,1,1
56403514,0,,,19,7,12,0,0,0,19,7,12,7,2,5,19,7,12,19,7,12,12,5,7,8,2,6,6,2,4,1,0,1,1,0,1,8,8,2,3,2,0,1,0,0,6,4,2,0,8,0,2,2
56403520,2,56403521,,3,2,1,*,*,*,*,*,*,*,*,*,*,*,*,*,*,*,*,*,*,*,*,*,*,*,*,*,*,*,*,*,*,2,2,*,*,*,*,*,*,*,*,*,*,*,*,*,*,*
56403521,1,,56403520,22,12,10,0,0,0,25,14,11,7,5,2,25,14,11,25,14,11,18,9,9,7,2,5,3,0,3,1,0,1,0,0,0,9,9,3,5,1,1,1,0,0,8,5,3,0,11,0,3,3
56403522,0,,,8,4,4,0,0,0,8,4,4,0,0,0,8,4,4,8,4,4,8,4,4,4,2,2,0,0,0,0,0,0,0,0,0,4,4,0,4,0,0,0,0,0,4,4,0,0,4,0,0,4
56403523,1,,56403524;56403533;56403535,59,27,32,0,0,0,78,39,39,29,17,12,77,38,39,76,37,39,49,22,27,26,10,16,8,2,6,0,0,0,0,0,0,25,25,8,12,8,4,0,1,0,25,18,7,0,29,0,6,7
56403524,2,56403523,,10,7,3,*,*,*,*,*,*,*,*,*,*,*,*,*,*,*,*,*,*,*,*,*,*,*,*,*,*,*,*,*,*,5,5,*,*,*,*,*,*,*,*,*,*,*,*,*,*,*
56403530,2,56403550,,3,1,2,*,*,*,*,*,*,*,*,*,*,*,*,*,*,*,*,*,*,*,*,*,*,*,*,*,*,*,*,*,*,2,2,*,*,*,*,*,*,*,*,*,*,*,*,*,*,*
56403531,2,56403532,,2,1,1,*,*,*,*,*,*,*,*,*,*,*,*,*,*,*,*,*,*,*,*,*,*,*,*,*,*,*,*,*,*,2,2,*,*,*,*,*,*,*,*,*,*,*,*,*,*,*
56403532,1,,56403531,42,21,21,0,0,0,44,22,22,18,10,8,43,21,22,43,21,22,26,12,14,12,5,7,6,1,5,0,0,0,1,0,1,16,16,2,8,7,0,1,0,0,16,13,3,0,17,0,1,4
56403533,2,56403523,,3,1,2,*,*,*,*,*,*,*,*,*,*,*,*,*,*,*,*,*,*,*,*,*,*,*,*,*,*,*,*,*,*,1,1,*,*,*,*,*,*,*,*,*,*,*,*,*,*,*
56403535,2,56403523,,6,4,2,*,*,*,*,*,*,*,*,*,*,*,*,*,*,*,*,*,*,*,*,*,*,*,*,*,*,*,*,*,*,2,2,*,*,*,*,*,*,*,*,*,*,*,*,*,*,*
56403541,0,,,14,9,5,0,0,0,14,9,5,4,4,0,14,9,5,14,9,5,10,5,5,5,3,2,2,2,0,0,0,0,0,0,0,7,7,1,5,1,0,0,0,0,6,6,0,0,7,0,1,2
56403542,0,,,22,10,12,0,0,0,22,10,12,10,5,5,22,10,12,22,10,12,12,5,7,7,2,5,1,0,1,1,0,1,0,0,0,10,10,1,7,1,1,0,0,0,9,8,1,0,8,0,1,3
56403545,1,,56403546;56403557,9,4,5,0,0,0,13,6,7,5,3,2,13,6,7,13,6,7,8,3,5,6,2,4,3,1,2,0,0,0,0,0,0,5,5,4,3,1,0,0,0,0,4,3,1,0,5,0,2,2
56403546,2,56403545,,3,1,2,*,*,*,*,*,*,*,*,*,*,*,*,*,*,*,*,*,*,*,*,*,*,*,*,*,*,*,*,*,*,2,2,*,*,*,*,*,*,*,*,*,*,*,*,*,*,*
56403550,1,,56403530,12,5,7,1,0,1,14,6,8,5,3,2,14,6,8,14,6,8,9,3,6,4,1,3,2,0,2,0,0,0,0,0,0,6,6,3,4,0,1,0,0,0,5,4,1,0,5,0,2,2
56403551,0,,,17,10,7,1,1,0,16,9,7,9,4,5,16,9,7,16,9,7,7,5,2,1,0,1,0,0,0,0,0,0,0,0,0,9,9,4,3,1,1,0,0,0,5,4,1,1,6,0,3,2
56403552,0,,,10,6,4,0,0,0,10,6,4,3,2,1,10,6,4,10,6,4,7,4,3,4,2,2,3,2,1,1,1,0,0,0,0,4,4,0,3,0,1,0,0,0,4,3,1,0,4,0,0,1
56403554,2,56403555,,6,3,3,*,*,*,*,*,*,*,*,*,*,*,*,*,*,*,*,*,*,*,*,*,*,*,*,*,*,*,*,*,*,3,3,*,*,*,*,*,*,*,*,*,*,*,*,*,*,*
56403555,1,,56403554,13,8,5,0,0,0,19,11,8,4,3,1,19,11,8,19,11,8,15,8,7,10,5,5,2,1,1,1,0,1,0,0,0,7,7,1,9,0,0,0,0,0,9,9,0,0,9,0,1,5
56403557,2,56403545,,1,1,0,*,*,*,*,*,*,*,*,*,*,*,*,*,*,*,*,*,*,*,*,*,*,*,*,*,*,*,*,*,*,1,1,*,*,*,*,*,*,*,*,*,*,*,*,*,*,*
56403559,2,56403588,,5,3,2,*,*,*,*,*,*,*,*,*,*,*,*,*,*,*,*,*,*,*,*,*,*,*,*,*,*,*,*,*,*,2,2,*,*,*,*,*,*,*,*,*,*,*,*,*,*,*
56403560,0,,,39,17,22,6,3,3,31,13,18,18,7,11,31,13,18,31,13,18,13,6,7,6,2,4,3,0,3,0,0,0,0,0,0,14,14,4,1,5,2,2,0,0,10,5,5,2,10,0,2,1
56403561,0,,,21,9,12,0,0,0,21,9,12,5,2,3,21,9,12,21,9,12,16,7,9,8,2,6,3,0,3,0,0,0,0,0,0,12,12,6,4,1,1,0,0,0,6,5,1,0,11,0,6,2
56403562,0,,,24,14,10,0,0,0,24,14,10,14,8,6,23,13,10,22,12,10,10,6,4,3,1,2,2,1,1,0,0,0,0,0,0,6,6,0,1,2,1,0,2,0,6,2,4,0,6,0,0,0
56403567,1,,56403568;56403569;56403576,9,4,5,0,0,0,19,8,11,7,3,4,19,8,11,19,8,11,12,5,7,7,3,4,1,0,1,0,0,0,0,0,0,4,4,3,5,2,0,0,0,0,7,5,2,0,8,0,2,4
56403568,2,56403567,,6,2,4,*,*,*,*,*,*,*,*,*,*,*,*,*,*,*,*,*,*,*,*,*,*,*,*,*,*,*,*,*,*,4,4,*,*,*,*,*,*,*,*,*,*,*,*,*,*,*
56403569,2,56403567,,2,1,1,*,*,*,*,*,*,*,*,*,*,*,*,*,*,*,*,*,*,*,*,*,*,*,*,*,*,*,*,*,*,1,1,*,*,*,*,*,*,*,*,*,*,*,*,*,*,*
56403570,0,,,35,20,15,1,0,1,34,20,14,19,13,6,33,19,14,33,19,14,15,7,8,9,4,5,5,2,3,0,0,0,0,0,0,15,15,6,2,3,4,0,0,0,9,9,0,0,11,0,6,1
56403571,1,,56403572,17,8,9,1,0,1,26,11,15,13,5,8,25,11,14,25,11,14,13,6,7,7,2,5,5,2,3,1,0,1,0,0,0,7,7,0,5,4,0,1,0,0,10,8,2,0,9,0,0,3
56403572,2,56403571,,10,3,7,*,*,*,*,*,*,*,*,*,*,*,*,*,*,*,*,*,*,*,*,*,*,*,*,*,*,*,*,*,*,3,3,*,*,*,*,*,*,*,*,*,*,*,*,*,*,*
56403576,2,56403567,,2,1,1,*,*,*,*,*,*,*,*,*,*,*,*,*,*,*,*,*,*,*,*,*,*,*,*,*,*,*,*,*,*,1,1,*,*,*,*,*,*,*,*,*,*,*,*,*,*,*
56403577,1,,56403578;56403585,10,6,4,0,0,0,18,11,7,5,4,1,18,11,7,18,11,7,13,7,6,7,4,3,3,2,1,1,1,0,0,0,0,5,5,2,5,2,0,0,0,0,7,5,2,0,8,0,1,3
56403578,2,56403577,,5,3,2,*,*,*,*,*,*,*,*,*,*,*,*,*,*,*,*,*,*,*,*,*,*,*,*,*,*,*,*,*,*,2,2,*,*,*,*,*,*,*,*,*,*,*,*,*,*,*
56403579,0,,,10,5,5,0,0,0,10,5,5,5,3,2,10,5,5,10,5,5,5,2,3,1,0,1,1,0,1,0,0,0,0,0,0,5,5,2,1,2,0,0,0,0,3,1,2,0,3,0,0,1
56403580,0,,,16,10,6,0,0,0,16,10,6,9,4,5,16,10,6,16,10,6,7,6,1,3,2,1,3,2,1,1,1,0,0,0,0,8,8,2,5,0,1,0,0,0,6,4,2,0,6,0,2,2
56403581,0,,,25,12,13,1,1,0,24,11,13,13,6,7,24,11,13,24,11,13,11,5,6,3,2,1,2,1,1,0,0,0,0,0,0,7,7,1,1,2,1,1,0,1,6,3,3,0,6,0,0,1
56403585,2,56403577,,3,2,1,*,*,*,*,*,*,*,*,*,*,*,*,*,*,*,*,*,*,*,*,*,*,*,*,*,*,*,*,*,*,2,2,*,*,*,*,*,*,*,*,*,*,*,*,*,*,*
56403586,2,56403597,,3,2,1,*,*,*,*,*,*,*,*,*,*,*,*,*,*,*,*,*,*,*,*,*,*,*,*,*,*,*,*,*,*,1,1,*,*,*,*,*,*,*,*,*,*,*,*,*,*,*
56403587,2,56403598,,7,2,5,*,*,*,*,*,*,*,*,*,*,*,*,*,*,*,*,*,*,*,*,*,*,*,*,*,*,*,*,*,*,4,4,*,*,*,*,*,*,*,*,*,*,*,*,*,*,*
56403588,1,,56403559,11,6,5,0,0,0,16,9,7,5,3,2,16,9,7,16,9,7,11,6,5,3,1,2,3,1,2,0,0,0,0,0,0,4,4,1,1,3,1,0,0,0,5,3,2,0,6,0,1,1
56403589,1,,56403599,19,10,9,0,0,0,22,13,9,8,5,3,22,13,9,22,13,9,14,8,6,8,4,4,2,1,1,0,0,0,1,0,1,8,8,3,3,3,1,0,0,0,7,5,2,0,8,0,2,1
56403590,2,56403591,,7,4,3,*,*,*,*,*,*,*,*,*,*,*,*,*,*,*,*,*,*,*,*,*,*,*,*,*,*,*,*,*,*,3,3,*,*,*,*,*,*,*,*,*,*,*,*,*,*,*
56403591,1,,56403590,56,31,25,6,1,5,57,34,23,38,25,13,54,31,23,52,30,22,19,9,10,11,4,7,2,1,1,0,0,0,1,0,1,19,19,5,8,2,3,2,0,2,17,13,4,0,14,0,3,2
56403595,0,,,16,6,10,0,0,0,16,6,10,8,2,6,16,6,10,16,6,10,8,4,4,3,1,2,2,1,1,0,0,0,0,0,0,5,5,0,2,1,1,1,0,0,5,4,1,0,4,0,0,1
56403596,0,,,14,9,5,0,0,0,14,9,5,5,4,1,14,9,5,14,9,5,9,5,4,5,2,3,1,0,1,0,0,0,0,0,0,7,7,1,5,1,0,0,0,0,6,5,1,0,6,0,1,1
56403597,1,,56403586,59,31,28,1,0,1,61,33,28,27,14,13,60,33,27,59,33,26,34,19,15,14,6,8,5,1,4,0,0,0,0,0,0,27,27,10,7,6,5,0,0,0,18,12,6,0,24,0,8,4
56403598,1,,56403587,79,44,35,7,5,2,79,41,38,32,18,14,79,41,38,79,41,38,47,23,24,27,11,16,7,1,6,0,0,0,0,0,0,37,37,14,15,8,2,2,0,0,26,19,7,2,32,0,10,8
56403599,2,56403589,,3,3,0,*,*,*,*,*,*,*,*,*,*,*,*,*,*,*,*,*,*,*,*,*,*,*,*,*,*,*,*,*,*,2,2,*,*,*,*,*,*,*,*,*,*,*,*,*,*,*
56403622,1,,56403651;56403652;56403655;56403659;56403661;56403663;56403670;56403671;56403673;56403680;56403691;56403692;56403699,3,3,0,0,0,0,49,30,19,14,9,5,49,30,19,49,30,19,35,21,14,13,7,6,2,1,1,0,0,0,0,0,0,2,2,16,10,3,1,0,0,0,14,11,3,0,27,0,14,8
56403651,2,56403622,,10,5,5,*,*,*,*,*,*,*,*,*,*,*,*,*,*,*,*,*,*,*,*,*,*,*,*,*,*,*,*,*,*,6,6,*,*,*,*,*,*,*,*,*,*,*,*,*,*,*
56403652,2,56403622,,6,3,3,*,*,*,*,*,*,*,*,*,*,*,*,*,*,*,*,*,*,*,*,*,*,*,*,*,*,*,*,*,*,2,2,*,*,*,*,*,*,*,*,*,*,*,*,*,*,*
56403655,2,56403622,,1,1,0,*,*,*,*,*,*,*,*,*,*,*,*,*,*,*,*,*,*,*,*,*,*,*,*,*,*,*,*,*,*,1,1,*,*,*,*,*,*,*,*,*,*,*,*,*,*,*
56403659,2,56403622,,3,2,1,*,*,*,*,*,*,*,*,*,*,*,*,*,*,*,*,*,*,*,*,*,*,*,*,*,*,*,*,*,*,1,1,*,*,*,*,*,*,*,*,*,*,*,*,*,*,*
56403661,2,56403622,,2,1,1,*,*,*,*,*,*,*,*,*,*,*,*,*,*,*,*,*,*,*,*,*,*,*,*,*,*,*,*,*,*,1,1,*,*,*,*,*,*,*,*,*,*,*,*,*,*,*
56403663,2,56403622,,1,1,0,*,*,*,*,*,*,*,*,*,*,*,*,*,*,*,*,*,*,*,*,*,*,*,*,*,*,*,*,*,*,1,1,*,*,*,*,*,*,*,*,*,*,*,*,*,*,*
56403670,2,56403622,,1,1,0,*,*,*,*,*,*,*,*,*,*,*,*,*,*,*,*,*,*,*,*,*,*,*,*,*,*,*,*,*,*,1,1,*,*,*,*,*,*,*,*,*,*,*,*,*,*,*
56403671,2,56403622,,1,1,0,*,*,*,*,*,*,*,*,*,*,*,*,*,*,*,*,*,*,*,*,*,*,*,*,*,*,*,*,*,*,1,1,*,*,*,*,*,*,*,*,*,*,*,*,*,*,*
56403673,2,56403622,,9,4,5,*,*,*,*,*,*,*,*,*,*,*,*,*,*,*,*,*,*,*,*,*,*,*,*,*,*,*,*,*,*,5,5,*,*,*,*,*,*,*,*,*,*,*,*,*,*,*
56403680,2,56403622,,1,1,0,*,*,*,*,*,*,*,*,*,*,*,*,*,*,*,*,*,*,*,*,*,*,*,*,*,*,*,*,*,*,1,1,*,*,*,*,*,*,*,*,*,*,*,*,*,*,*
56403691,2,56403622,,8,5,3,*,*,*,*,*,*,*,*,*,*,*,*,*,*,*,*,*,*,*,*,*,*,*,*,*,*,*,*,*,*,5,5,*,*,*,*,*,*,*,*,*,*,*,*,*,*,*
56403692,2,56403622,,2,2,0,*,*,*,*,*,*,*,*,*,*,*,*,*,*,*,*,*,*,*,*,*,*,*,*,*,*,*,*,*,*,2,2,*,*,*,*,*,*,*,*,*,*,*,*,*,*,*
56403699,2,56403622,,1,0,1,*,*,*,*,*,*,*,*,*,*,*,*,*,*,*,*,*,*,*,*,*,*,*,*,*,*,*,*,*,*,1,1,*,*,*,*,*,*,*,*,*,*,*,*,*,*,*
56403703,2,56403723,,2,1,1,*,*,*,*,*,*,*,*,*,*,*,*,*,*,*,*,*,*,*,*,*,*,*,*,*,*,*,*,*,*,1,1,*,*,*,*,*,*,*,*,*,*,*,*,*,*,*
56403704,0,,,10,6,4,0,0,0,10,6,4,3,2,1,10,6,4,10,6,4,7,4,3,4,3,1,1,1,0,1,1,0,0,0,0,4,4,1,0,3,0,0,0,0,3,2,1,0,4,0,1,0
56403705,0,,,33,13,20,4,1,3,29,12,17,18,7,11,27,12,15,26,12,14,11,5,6,2,0,2,1,0,1,0,0,0,0,0,0,10,10,1,5,1,0,0,2,1,9,5,4,0,7,0,1,3
56403707,2,56403717,,4,1,3,*,*,*,*,*,*,*,*,*,*,*,*,*,*,*,*,*,*,*,*,*,*,*,*,*,*,*,*,*,*,4,4,*,*,*,*,*,*,*,*,*,*,*,*,*,*,*
56403708,0,,,20,9,11,2,0,2,18,9,9,8,5,3,18,9,9,18,9,9,10,4,6,3,1,2,2,0,2,0,0,0,0,0,0,6,6,0,2,1,2,1,0,0,6,3,3,0,6,0,0,1
56403709,0,,,41,20,21,1,1,0,40,19,21,20,8,12,38,18,20,37,18,19,20,11,9,12,6,6,1,0,1,1,0,1,0,0,0,16,16,2,9,1,2,2,0,0,14,10,4,0,12,0,1,5
56403712,2,56403723,,5,4,1,*,*,*,*,*,*,*,*,*,*,*,*,*,*,*,*,*,*,*,*,*,*,*,*,*,*,*,*,*,*,3,3,*,*,*,*,*,*,*,*,*,*,*,*,*,*,*
56403713,0,,,26,12,14,0,0,0,26,12,14,7,4,3,26,12,14,26,12,14,19,8,11,9,4,5,3,1,2,1,0,1,0,0,0,11,11,1,6,3,1,0,0,0,10,8,2,0,9,0,1,3
56403714,0,,,13,5,8,0,0,0,13,5,8,4,2,2,13,5,8,13,5,8,9,3,6,4,1,3,1,0,1,0,0,0,0,0,0,5,5,0,3,1,1,0,0,0,5,3,2,0,5,0,0,2
56403715,0,,,14,6,8,0,0,0,14,6,8,3,1,2,14,6,8,14,6,8,11,5,6,6,3,3,1,0,1,0,0,0,0,0,0,6,6,0,4,2,0,0,0,0,6,4,2,0,6,0,0,4
56403716,0,,,31,16,15,1,1,0,30,15,15,16,9,7,30,15,15,30,15,15,14,6,8,7,2,5,2,0,2,0,0,0,0,0,0,10,10,1,2,3,3,1,0,0,9,4,5,0,10,0,1,2
56403717,1,,56403707,37,17,20,1,0,1,40,18,22,12,6,6,39,17,22,38,16,22,28,12,16,9,3,6,4,1,3,0,0,0,0,0,0,15,15,7,5,5,1,1,0,0,12,8,4,0,16,0,6,5
56403718,0,,,23,9,14,0,0,0,23,9,14,13,5,8,23,9,14,21,9,12,10,4,6,5,1,4,0,0,0,0,0,0,0,0,0,12,12,4,5,3,0,0,0,0,8,6,2,0,9,0,4,1
56403719,0,,,114,61,53,6,3,3,108,58,50,54,31,23,105,55,50,104,54,50,54,27,27,22,12,10,4,1,3,2,1,1,0,0,0,41,41,10,11,7,7,3,3,0,31,17,14,0,33,0,8,9
56403722,0,,,23,16,7,1,1,0,22,15,7,12,9,3,20,13,7,20,13,7,10,6,4,6,3,3,3,1,2,0,0,0,0,0,0,9,9,4,0,3,1,0,1,0,3,2,1,0,6,0,3,0
56403723,1,,56403703;56403712,220,112,108,14,7,7,213,110,103,102,59,43,210,108,102,204,103,101,111,51,60,52,22,30,17,3,14,3,1,2,0,0,0,76,76,14,28,15,9,9,4,1,66,35,31,3,67,0,10,14
56403724,0,,,155,72,83,16,9,7,139,63,76,74,34,40,136,61,75,133,61,72,65,29,36,28,10,18,11,1,10,0,0,0,0,0,0,51,51,8,19,9,6,2,2,5,43,24,19,3,43,0,7,5
56403725,0,,,216,109,107,21,12,9,195,97,98,119,61,58,189,95,94,186,94,92,76,36,40,32,12,20,15,7,8,1,1,0,0,0,0,68,68,7,18,15,17,6,5,0,61,38,23,7,49,0,6,8
56403726,0,,,135,69,66,10,5,5,125,64,61,65,39,26,123,63,60,122,63,59,60,25,35,35,12,23,12,2,10,1,1,0,0,0,0,45,45,6,14,13,5,4,1,2,39,22,17,2,36,0,4,6
56403727,0,,,185,99,86,12,7,5,172,91,81,91,47,44,169,88,81,167,87,80,81,44,37,36,16,20,16,6,10,0,0,0,0,0,0,70,70,18,22,15,8,2,2,3,52,39,13,3,50,0,7,13
56403728,0,,,80,35,45,5,2,3,75,33,42,30,12,18,75,33,42,75,33,42,45,21,24,20,8,12,8,4,4,0,0,0,1,0,1,33,33,6,14,9,1,3,0,0,27,22,5,1,25,1,3,11
56403729,0,,,116,64,52,3,3,0,99,48,51,54,31,23,98,48,50,97,47,50,45,17,28,19,4,15,6,1,5,2,0,2,1,0,1,60,60,30,13,10,6,0,1,0,30,22,8,0,33,2,7,3
56403733,1,,56403742,119,57,62,6,3,3,117,57,60,53,26,27,114,55,59,113,55,58,64,31,33,17,7,10,7,2,5,0,0,0,0,0,0,44,44,5,17,14,6,1,1,1,40,31,9,1,40,0,5,13
56403734,0,,,307,160,147,26,18,8,279,140,139,161,82,79,273,138,135,268,136,132,118,58,60,50,20,30,23,7,16,1,0,1,1,0,1,120,120,25,44,30,12,5,2,2,95,70,25,7,76,0,15,18
56403735,0,,,1097,696,401,84,42,42,802,455,347,531,316,215,784,445,339,769,436,333,271,139,132,101,41,60,32,10,22,1,0,1,1,0,1,576,304,61,104,64,39,19,10,7,239,180,59,23,161,1,19,42
56403736,0,,,266,130,136,20,9,11,242,119,123,153,80,73,234,115,119,229,115,114,89,39,50,45,20,25,15,9,6,1,1,0,0,0,0,108,108,32,34,14,21,4,2,1,76,58,18,4,55,2,10,15
56403737,0,,,173,81,92,9,3,6,164,78,86,91,45,46,161,76,85,159,76,83,73,33,40,40,16,24,13,4,9,0,0,0,2,0,2,52,52,5,11,15,10,8,1,2,47,23,24,3,42,0,4,5
56403738,0,,,100,51,49,8,3,5,92,48,44,48,28,20,88,44,44,86,43,43,44,20,24,20,9,11,11,5,6,2,1,1,0,0,0,34,34,5,11,5,10,1,1,1,29,18,11,2,25,0,4,7
56403739,0,,,314,152,162,26,8,18,288,144,144,159,82,77,274,135,139,269,133,136,129,62,67,57,26,31,17,7,10,1,0,1,3,1,2,103,103,15,32,23,14,7,10,2,87,63,24,3,76,0,7,20
56403742,2,56403733,,4,3,1,*,*,*,*,*,*,*,*,*,*,*,*,*,*,*,*,*,*,*,*,*,*,*,*,*,*,*,*,*,*,1,1,*,*,*,*,*,*,*,*,*,*,*,*,*,*,*
56403743,0,,,45,23,22,0,0,0,45,23,22,25,14,11,44,23,21,43,22,21,20,9,11,10,4,6,4,2,2,0,0,0,0,0,0,14,14,3,3,4,0,1,2,1,11,6,5,0,12,0,3,1
56403744,0,,,504,240,264,47,22,25,456,217,239,289,143,146,445,214,231,440,212,228,167,74,93,58,25,33,21,9,12,5,2,3,0,0,0,165,165,20,53,43,23,13,6,7,145,106,39,10,105,0,15,21
56403745,0,,,3138,1714,1424,298,148,150,2513,1284,1229,1655,879,776,2452,1252,1200,2423,1241,1182,858,405,453,370,155,215,127,52,75,8,3,5,6,3,3,1443,1374,560,365,190,155,62,21,21,791,621,170,101,567,41,112,161
56403746,0,,,1959,1127,832,168,79,89,1685,949,736,1164,704,460,1642,921,721,1619,912,707,521,245,276,212,91,121,78,29,49,6,0,6,32,14,18,1016,847,350,239,135,77,34,6,6,485,410,75,51,339,48,74,99
56403747,0,,,114,59,55,12,5,7,102,54,48,56,30,26,101,53,48,98,51,47,46,24,22,19,7,12,12,3,9,0,0,0,2,0,2,41,41,9,9,12,6,3,2,0,31,24,7,2,29,1,5,4
56403748,0,,,386,208,178,33,23,10,349,183,166,206,121,85,345,182,163,341,179,162,143,62,81,64,24,40,18,5,13,3,0,3,0,0,0,168,168,70,38,26,21,7,3,3,97,68,29,13,92,2,24,23
56403749,0,,,621,343,278,44,21,23,552,298,254,306,180,126,539,293,246,533,288,245,246,118,128,119,50,69,35,11,24,2,0,2,33,30,3,322,322,175,74,34,18,9,6,6,144,118,26,13,163,43,62,36
56403751,0,,,45,24,21,5,3,2,40,21,19,25,14,11,40,21,19,40,21,19,15,7,8,7,3,4,3,1,2,0,0,0,0,0,0,15,15,2,5,4,2,0,1,1,13,7,6,3,9,0,0,1
56403752,0,,,80,56,24,4,1,3,75,54,21,47,40,7,74,53,21,73,52,21,28,14,14,13,5,8,5,2,3,0,0,0,1,0,1,54,23,7,11,1,3,1,0,0,16,13,3,1,16,0,3,5
56403753,0,,,206,124,82,27,14,13,179,110,69,118,75,43,175,108,67,174,107,67,61,35,26,18,7,11,10,4,6,4,1,3,0,0,0,87,53,7,13,17,5,5,3,3,46,27,19,9,34,0,4,8
56403754,0,,,522,265,257,71,33,38,436,218,218,287,144,143,422,211,211,416,206,210,149,74,75,58,22,36,23,8,15,0,0,0,0,0,0,192,192,43,57,42,26,14,5,5,147,105,42,20,104,2,14,22
56403755,0,,,2490,1292,1198,256,133,123,2144,1084,1060,1388,735,653,2089,1047,1042,2069,1035,1034,756,349,407,346,143,203,115,39,76,5,1,4,11,2,9,1120,1119,453,294,178,111,48,23,12,653,515,138,91,500,40,131,120
56403756,0,,,3803,2010,1793,368,196,172,3198,1632,1566,2012,1106,906,3127,1598,1529,3089,1584,1505,1186,526,660,640,245,395,230,83,147,15,6,9,27,6,21,1967,1953,966,497,274,146,37,24,9,969,816,153,135,847,62,323,189
56403757,0,,,713,361,352,63,35,28,636,316,320,366,202,164,627,312,315,619,307,312,270,114,156,143,48,95,59,11,48,4,1,3,5,0,5,331,331,132,99,47,32,15,4,2,199,155,44,15,184,5,58,39
56403758,0,,,1353,699,654,93,47,46,1234,634,600,771,424,347,1211,627,584,1194,618,576,463,210,253,220,90,130,66,24,42,4,0,4,8,4,4,657,656,281,202,87,51,17,12,6,367,293,74,31,317,33,91,87
56403759,0,,,742,410,332,102,48,54,603,326,277,430,244,186,581,313,268,567,309,258,173,82,91,79,33,46,21,8,13,3,1,2,9,4,5,311,311,127,71,45,38,12,9,9,180,136,44,29,117,8,20,31
56403762,0,,,28,13,15,2,0,2,26,13,13,18,9,9,25,12,13,24,11,13,8,4,4,6,3,3,4,3,1,0,0,0,0,0,0,11,11,4,4,0,1,1,0,1,7,5,2,1,6,0,2,0
56403763,0,,,168,88,80,8,6,2,160,82,78,94,51,43,157,79,78,156,78,78,66,31,35,36,16,20,12,3,9,2,1,1,0,0,0,60,60,12,21,7,12,5,1,2,47,30,17,3,39,1,4,9
56403764,0,,,712,356,356,75,34,41,609,302,307,380,202,178,589,291,298,573,284,289,229,100,129,98,38,60,30,8,22,5,1,4,4,2,2,300,299,111,78,52,34,14,6,4,182,149,33,22,135,7,30,37
56403765,0,,,2068,1029,1039,152,76,76,1854,902,952,1052,538,514,1795,876,919,1756,858,898,802,364,438,360,166,194,93,34,59,6,0,6,15,7,8,1030,1029,475,273,156,74,33,11,7,541,439,102,37,550,34,201,143
56403766,0,,,2771,1420,1351,190,88,102,2452,1220,1232,1391,771,620,2392,1195,1197,2367,1185,1182,1061,449,612,605,223,382,226,61,165,25,6,19,28,5,23,1381,1380,672,356,176,102,54,12,8,693,541,152,58,684,79,208,174
56403767,0,,,3006,1590,1416,188,105,83,2591,1285,1306,1412,796,616,2547,1263,1284,2528,1252,1276,1179,489,690,685,247,438,281,86,195,25,9,16,54,19,35,1638,1635,919,393,171,95,37,12,8,698,567,131,53,760,103,277,174
56403768,0,,,2133,1157,976,135,55,80,1821,946,875,1093,645,448,1787,929,858,1770,919,851,728,301,427,420,150,270,160,39,121,25,1,24,20,11,9,1136,1036,564,244,110,74,29,11,4,464,386,78,40,418,72,140,112
56403769,0,,,1827,1025,802,180,86,94,1531,835,696,1015,585,430,1499,821,678,1474,805,669,516,250,266,227,93,134,71,19,52,5,0,5,5,3,2,869,866,427,184,117,79,29,15,15,428,325,103,55,316,54,55,85
56403772,0,,,27,14,13,1,1,0,26,13,13,16,9,7,26,13,13,26,13,13,10,4,6,5,2,3,3,0,3,0,0,0,0,0,0,9,9,2,3,2,1,0,0,1,7,4,3,1,6,0,1,0
56403773,0,,,143,64,79,8,6,2,134,57,77,48,26,22,132,55,77,131,55,76,86,31,55,52,15,37,33,6,27,4,1,3,0,0,0,33,31,3,14,5,4,1,2,2,28,18,10,2,22,0,0,8
56403774,0,,,329,171,158,53,31,22,273,138,135,181,94,87,258,131,127,255,128,127,92,44,48,39,21,18,10,5,5,1,0,1,0,0,0,109,109,22,29,19,15,16,6,2,85,57,28,16,56,1,6,10
56403775,0,,,608,314,294,66,34,32,508,254,254,303,164,139,498,251,247,492,251,241,205,90,115,116,46,70,37,14,23,4,1,3,6,0,6,264,264,95,86,34,25,8,13,3,167,127,40,21,129,6,23,38
56403776,0,,,3124,1627,1497,320,167,153,2668,1355,1313,1665,938,727,2591,1319,1272,2550,1298,1252,1003,417,586,553,199,354,187,55,132,26,5,21,19,10,9,1500,1497,706,381,199,115,65,18,13,775,648,127,92,639,91,202,168
56403777,0,,,1197,640,557,92,48,44,1067,563,504,713,422,291,1040,550,490,1026,538,488,354,141,213,176,55,121,64,13,51,6,0,6,6,1,5,578,576,266,144,85,48,18,10,5,303,221,82,33,237,46,58,53
56403778,0,,,319,165,154,22,12,10,292,148,144,155,84,71,289,147,142,284,145,139,137,64,73,63,24,39,20,7,13,1,0,1,1,1,0,124,124,29,46,22,16,3,5,3,93,71,22,5,86,0,15,22
56403779,0,,,59,35,24,9,3,6,44,26,18,26,16,10,42,24,18,42,24,18,18,10,8,7,3,4,2,1,1,0,0,0,0,0,0,24,24,10,5,3,3,2,0,1,14,9,5,2,12,1,2,3
56403781,2,56403782,,6,2,4,*,*,*,*,*,*,*,*,*,*,*,*,*,*,*,*,*,*,*,*,*,*,*,*,*,*,*,*,*,*,4,4,*,*,*,*,*,*,*,*,*,*,*,*,*,*,*
56403782,1,,56403781,39,22,17,1,1,0,42,22,20,18,9,9,42,22,20,42,22,20,24,13,11,8,3,5,3,1,2,0,0,0,0,0,0,15,15,2,10,5,2,0,0,0,16,13,3,1,16,0,2,5
56403783,0,,,42,19,23,2,1,1,40,18,22,12,8,4,40,18,22,40,18,22,28,10,18,12,3,9,8,2,6,0,0,0,0,0,0,16,16,4,4,4,3,0,1,0,12,5,7,1,16,0,4,2
56403784,0,,,530,282,248,63,31,32,444,228,216,270,144,126,426,218,208,412,212,200,174,84,90,80,36,44,25,11,14,2,0,2,0,0,0,224,224,82,50,50,23,11,5,3,141,108,33,16,113,2,30,25
56403785,0,,,549,294,255,39,25,14,475,237,238,264,161,103,462,229,233,455,224,231,211,76,135,151,49,102,91,22,69,7,0,7,0,0,0,212,211,110,37,23,20,10,7,4,98,66,32,16,74,7,16,14
56403786,0,,,319,158,161,30,5,25,275,141,134,172,95,77,272,139,133,272,139,133,103,46,57,43,17,26,20,6,14,3,2,1,0,0,0,134,134,49,33,23,19,4,3,3,83,55,28,10,62,6,13,14
56403787,0,,,243,116,127,28,15,13,215,101,114,117,56,61,212,100,112,209,99,110,98,45,53,47,20,27,16,6,10,2,1,1,0,0,0,82,82,12,29,15,14,4,5,3,69,48,21,6,61,0,10,17
56403788,0,,,109,52,57,5,2,3,103,49,54,47,24,23,101,49,52,100,49,51,56,25,31,33,15,18,12,5,7,0,0,0,1,0,1,42,42,10,13,11,3,3,1,1,31,20,11,1,34,0,8,7
56403789,0,,,164,83,81,17,8,9,146,74,72,80,43,37,142,72,70,142,72,70,66,31,35,40,18,22,13,5,8,1,0,1,0,0,0,54,54,10,13,13,10,3,2,3,44,23,21,4,38,0,7,7
56403790,0,,,26,12,14,0,0,0,26,12,14,5,3,2,26,12,14,26,12,14,21,9,12,8,3,5,5,1,4,0,0,0,0,0,0,10,10,1,4,4,0,1,0,0,9,6,3,0,9,0,0,4
56403791,0,,,168,87,81,7,3,4,161,84,77,88,48,40,157,80,77,154,79,75,73,36,37,37,16,21,15,6,9,1,1,0,0,0,0,53,53,7,14,13,10,4,2,3,45,24,21,3,42,0,6,11
56403792,0,,,109,56,53,8,3,5,101,53,48,54,33,21,99,52,47,97,51,46,47,20,27,25,9,16,7,2,5,0,0,0,0,0,0,35,35,7,6,10,5,3,3,1,28,16,12,1,25,0,3,4
56403793,0,,,120,59,61,8,3,5,112,56,56,52,29,23,109,53,56,108,52,56,60,27,33,25,12,13,10,4,6,1,1,0,0,0,0,44,44,8,16,10,3,5,1,1,36,26,10,4,33,0,5,10
56403794,0,,,227,108,119,15,6,9,211,101,110,106,50,56,206,98,108,205,98,107,105,51,54,57,22,35,20,5,15,2,1,1,1,0,1,79,79,17,19,19,14,6,1,3,62,37,25,4,64,1,12,9
56403795,0,,,102,55,47,4,1,3,96,52,44,42,25,17,93,50,43,93,50,43,54,27,27,31,18,13,12,8,4,2,1,1,0,0,0,42,42,12,13,8,5,4,0,0,29,17,12,0,30,2,3,6
56403796,0,,,593,306,287,50,27,23,526,267,259,290,172,118,513,261,252,502,253,249,236,95,141,136,48,88,49,8,41,4,1,3,2,0,2,243,241,94,68,33,23,14,4,5,141,111,30,13,128,15,29,33
56403797,0,,,165,82,83,16,7,9,148,74,74,99,53,46,144,71,73,140,68,72,49,21,28,17,6,11,6,1,5,1,0,1,7,1,6,63,63,16,17,16,8,2,3,1,45,35,10,6,34,2,8,4
56403798,0,,,128,60,68,16,7,9,112,53,59,56,29,27,108,52,56,106,52,54,56,24,32,22,7,15,9,3,6,3,1,2,0,0,0,35,35,5,6,9,4,3,4,4,30,15,15,5,29,0,1,3
56403799,0,,,250,143,107,25,18,7,220,120,100,152,84,68,214,116,98,211,114,97,68,36,32,24,10,14,6,1,5,0,0,0,1,1,0,81,68,17,18,11,11,6,3,2,50,33,17,5,41,1,10,10
56404003,2,56404013,,6,4,2,*,*,*,*,*,*,*,*,*,*,*,*,*,*,*,*,*,*,*,*,*,*,*,*,*,*,*,*,*,*,2,2,*,*,*,*,*,*,*,*,*,*,*,*,*,*,*
56404006,0,,,28,13,15,0,0,0,28,13,15,22,12,10,26,11,15,26,11,15,6,1,5,4,0,4,1,0,1,0,0,0,0,0,0,15,15,7,5,1,2,0,0,0,8,8,0,0,6,0,4,1
56404013,1,,56404003;56404033,3,1,2,1,1,0,9,5,4,7,4,3,8,4,4,8,4,4,2,1,1,2,1,1,0,0,0,0,0,0,0,0,0,2,2,2,1,2,0,0,0,0,3,3,0,0,1,0,0,1
56404015,0,,,49,21,28,3,1,2,46,20,26,31,14,17,44,20,24,42,18,24,15,6,9,5,1,4,2,0,2,0,0,0,0,0,0,18,18,4,4,5,3,2,0,0,14,12,2,1,10,0,3,2
56404016,0,,,63,37,26,5,4,1,58,33,25,33,20,13,58,33,25,58,33,25,25,13,12,8,4,4,3,1,2,0,0,0,1,0,1,29,29,6,16,5,0,2,0,0,22,18,4,2,17,0,4,5
56404019,0,,,23,9,14,3,1,2,20,8,12,8,5,3,19,8,11,19,8,11,12,3,9,9,3,6,5,1,4,1,0,1,0,0,0,11,11,5,3,1,1,1,0,0,5,4,1,0,10,0,5,0
56404025,0,,,68,31,37,4,2,2,64,29,35,41,19,22,63,28,35,63,28,35,23,10,13,7,1,6,4,0,4,1,0,1,0,0,0,29,29,4,17,4,3,0,1,0,25,23,2,1,13,0,2,7
56404026,0,,,21,10,11,1,1,0,20,9,11,18,8,10,20,9,11,17,9,8,2,1,1,1,0,1,0,0,0,0,0,0,0,0,0,17,17,13,4,0,0,0,0,0,4,4,0,1,2,6,2,0
56404033,2,56404013,,1,1,0,*,*,*,*,*,*,*,*,*,*,*,*,*,*,*,*,*,*,*,*,*,*,*,*,*,*,*,*,*,*,1,1,*,*,*,*,*,*,*,*,*,*,*,*,*,*,*
56404035,0,,,15,6,9,2,1,1,13,5,8,9,4,5,13,5,8,13,5,8,4,1,3,4,1,3,1,0,1,0,0,0,2,1,1,6,6,0,4,1,1,0,0,0,6,6,0,0,3,0,0,1
56404052,0,,,28,13,15,0,0,0,28,13,15,9,6,3,28,13,15,28,13,15,19,7,12,11,3,8,4,1,3,2,0,2,0,0,0,16,16,7,6,3,0,0,0,0,9,8,1,0,11,0,2,4
56404053,1,,56404062,19,10,9,2,1,1,18,10,8,9,5,4,16,9,7,16,9,7,9,5,4,4,2,2,2,1,1,1,1,0,0,0,0,7,7,2,3,2,0,0,1,0,6,4,2,0,5,0,2,1
56404062,2,56404053,,1,1,0,*,*,*,*,*,*,*,*,*,*,*,*,*,*,*,*,*,*,*,*,*,*,*,*,*,*,*,*,*,*,1,1,*,*,*,*,*,*,*,*,*,*,*,*,*,*,*
56404064,2,56404065,,10,5,5,*,*,*,*,*,*,*,*,*,*,*,*,*,*,*,*,*,*,*,*,*,*,*,*,*,*,*,*,*,*,3,3,*,*,*,*,*,*,*,*,*,*,*,*,*,*,*
56404065,1,,56404064,21,10,11,4,1,3,27,14,13,12,7,5,26,13,13,26,13,13,15,7,8,4,1,3,1,0,1,1,0,1,1,0,1,6,6,0,3,3,0,2,1,0,9,4,5,2,8,0,0,2
56404073,1,,56404074,38,21,17,3,2,1,38,21,17,20,12,8,37,20,17,36,20,16,18,9,9,6,1,5,2,0,2,0,0,0,0,0,0,17,17,9,4,3,0,3,0,0,10,6,4,2,14,0,5,1
56404074,2,56404073,,3,2,1,*,*,*,*,*,*,*,*,*,*,*,*,*,*,*,*,*,*,*,*,*,*,*,*,*,*,*,*,*,*,2,2,*,*,*,*,*,*,*,*,*,*,*,*,*,*,*
56404075,0,,,116,57,59,13,5,8,103,52,51,51,27,24,101,51,50,99,49,50,52,25,27,18,8,10,5,2,3,0,0,0,0,0,0,38,38,7,13,6,3,3,4,2,30,16,14,3,32,1,5,8
56404129,2,56403177,,5,2,3,*,*,*,*,*,*,*,*,*,*,*,*,*,*,*,*,*,*,*,*,*,*,*,*,*,*,*,*,*,*,2,2,*,*,*,*,*,*,*,*,*,*,*,*,*,*,*
56404206,1,,56404207;56404217,27,15,12,1,1,0,29,16,13,16,9,7,29,16,13,28,16,12,13,7,6,4,1,3,0,0,0,0,0,0,0,0,0,15,15,11,5,1,1,0,0,1,8,7,1,1,10,0,4,4
56404207,2,56404206,,2,1,1,*,*,*,*,*,*,*,*,*,*,*,*,*,*,*,*,*,*,*,*,*,*,*,*,*,*,*,*,*,*,1,1,*,*,*,*,*,*,*,*,*,*,*,*,*,*,*
56404209,2,56404216,,6,3,3,*,*,*,*,*,*,*,*,*,*,*,*,*,*,*,*,*,*,*,*,*,*,*,*,*,*,*,*,*,*,1,1,*,*,*,*,*,*,*,*,*,*,*,*,*,*,*
56404215,0,,,22,12,10,0,0,0,21,11,10,9,6,3,21,11,10,21,11,10,12,5,7,7,4,3,2,1,1,1,0,1,2,2,0,14,14,9,3,1,1,0,0,0,5,4,1,0,7,1,2,2
56404216,1,,56404209;56404227,224,98,126,10,4,6,218,97,121,64,37,27,214,94,120,213,93,120,154,60,94,115,36,79,66,16,50,8,3,5,0,0,0,70,68,31,12,15,5,4,2,1,39,28,11,2,55,0,24,7
56404217,2,56404206,,6,3,3,*,*,*,*,*,*,*,*,*,*,*,*,*,*,*,*,*,*,*,*,*,*,*,*,*,*,*,*,*,*,3,3,*,*,*,*,*,*,*,*,*,*,*,*,*,*,*
56404225,2,56404226,,7,4,3,*,*,*,*,*,*,*,*,*,*,*,*,*,*,*,*,*,*,*,*,*,*,*,*,*,*,*,*,*,*,2,2,*,*,*,*,*,*,*,*,*,*,*,*,*,*,*
56404226,1,,56404225,26,14,12,4,3,1,27,14,13,17,9,8,27,14,13,26,13,13,10,5,5,8,4,4,3,2,1,0,0,0,0,0,0,15,15,8,6,1,1,0,1,0,9,8,1,1,6,1,1,4
56404227,2,56404216,,1,1,0,*,*,*,*,*,*,*,*,*,*,*,*,*,*,*,*,*,*,*,*,*,*,*,*,*,*,*,*,*,*,1,1,*,*,*,*,*,*,*,*,*,*,*,*,*,*,*
56404235,1,,56404236;56404260,20,12,8,1,0,1,22,13,9,12,7,5,21,13,8,21,13,8,10,6,4,3,2,1,1,1,0,0,0,0,0,0,0,8,8,3,2,3,2,0,0,0,7,6,1,0,7,0,2,1
56404236,2,56404235,,3,1,2,*,*,*,*,*,*,*,*,*,*,*,*,*,*,*,*,*,*,*,*,*,*,*,*,*,*,*,*,*,*,1,1,*,*,*,*,*,*,*,*,*,*,*,*,*,*,*
56404238,0,,,9,5,4,0,0,0,9,5,4,5,3,2,9,5,4,9,5,4,4,2,2,3,1,2,2,0,2,0,0,0,0,0,0,4,4,1,1,2,0,0,0,0,3,0,3,0,3,0,1,0
56404247,0,,,37,18,19,3,2,1,34,16,18,16,7,9,34,16,18,34,16,18,18,9,9,7,4,3,4,2,2,1,0,1,0,0,0,12,12,0,6,2,2,1,1,0,12,10,2,0,11,0,0,4
56404248,0,,,51,27,24,7,3,4,44,24,20,23,15,8,43,24,19,43,24,19,21,9,12,7,3,4,2,0,2,1,0,1,0,0,0,16,16,1,6,5,0,2,1,1,14,11,3,2,13,0,1,2
56404249,0,,,164,79,85,22,8,14,141,70,71,95,49,46,137,67,70,131,65,66,46,21,25,22,9,13,8,4,4,0,0,0,0,0,0,53,53,10,14,9,10,5,3,2,42,30,12,6,29,0,5,8
56404257,0,,,83,46,37,11,7,4,71,38,33,37,20,17,70,37,33,68,36,32,34,18,16,13,6,7,4,2,2,0,0,0,1,1,0,34,34,9,13,6,2,3,0,1,25,19,6,2,24,1,6,8
56404258,0,,,76,39,37,3,2,1,73,37,36,36,19,17,71,36,35,70,36,34,37,18,19,13,9,4,1,1,0,0,0,0,0,0,0,28,28,4,12,5,4,2,0,1,24,18,6,1,23,0,4,6
56404259,0,,,247,128,119,30,23,7,217,105,112,112,58,54,208,102,106,206,100,106,105,47,58,51,21,30,22,6,16,1,0,1,0,0,0,84,84,14,29,15,11,8,4,3,69,49,20,6,65,0,11,19
56404260,2,56404235,,1,1,0,*,*,*,*,*,*,*,*,*,*,*,*,*,*,*,*,*,*,*,*,*,*,*,*,*,*,*,*,*,*,1,1,*,*,*,*,*,*,*,*,*,*,*,*,*,*,*
56404267,2,56404268,,2,1,1,*,*,*,*,*,*,*,*,*,*,*,*,*,*,*,*,*,*,*,*,*,*,*,*,*,*,*,*,*,*,1,1,*,*,*,*,*,*,*,*,*,*,*,*,*,*,*
56404268,1,,56404267,167,75,92,14,10,4,155,66,89,86,37,49,153,64,89,152,63,89,69,29,40,32,14,18,13,3,10,1,1,0,2,0,2,57,57,11,17,14,6,4,5,1,47,29,18,3,45,0,8,7
56404269,0,,,178,71,107,10,6,4,168,65,103,64,33,31,165,63,102,162,61,101,104,32,72,70,17,53,49,6,43,12,0,12,1,0,1,50,49,9,19,10,4,5,2,0,39,30,9,2,36,1,6,8
56404273,2,56404297,,5,3,2,*,*,*,*,*,*,*,*,*,*,*,*,*,*,*,*,*,*,*,*,*,*,*,*,*,*,*,*,*,*,2,2,*,*,*,*,*,*,*,*,*,*,*,*,*,*,*
56404278,0,,,213,112,101,31,21,10,181,90,91,108,58,50,179,88,91,176,85,91,73,32,41,33,11,22,12,3,9,0,0,0,0,0,0,72,72,10,26,11,15,5,3,2,60,44,16,7,47,0,8,10
56404279,0,,,171,75,96,15,6,9,156,69,87,91,39,52,153,68,85,150,68,82,65,30,35,34,16,18,12,5,7,1,1,0,2,0,2,58,58,9,18,17,5,3,3,3,48,34,14,3,41,0,4,9
56404288,0,,,83,44,39,4,1,3,79,43,36,49,28,21,76,41,35,74,40,34,30,15,15,12,6,6,4,2,2,2,1,1,0,0,0,26,26,4,7,6,2,4,2,1,22,14,8,1,18,0,3,2
56404289,0,,,260,133,127,45,25,20,215,108,107,109,56,53,202,101,101,199,101,98,106,52,54,55,26,29,23,12,11,1,0,1,1,0,1,85,80,13,28,19,11,5,2,2,66,46,20,5,63,2,9,19
56404297,1,,56404273,8,2,6,1,0,1,12,5,7,5,3,2,12,5,7,12,5,7,7,2,5,5,1,4,2,0,2,0,0,0,0,0,0,3,3,1,2,1,0,1,0,0,4,3,1,0,5,0,1,1
56404298,0,,,100,53,47,10,7,3,90,46,44,48,27,21,89,45,44,88,45,43,42,19,23,17,6,11,7,3,4,0,0,0,1,0,1,33,33,2,15,6,3,6,0,1,30,18,12,2,28,0,2,8
56404299,0,,,311,150,161,36,18,18,275,132,143,151,77,74,267,128,139,265,126,139,124,55,69,59,24,35,28,8,20,1,0,1,0,0,0,104,104,13,38,17,20,8,6,2,90,62,28,5,75,1,8,20
56404300,0,,,25,13,12,0,0,0,25,13,12,11,7,4,25,13,12,24,12,12,14,6,8,9,3,6,4,1,3,0,0,0,0,0,0,10,10,2,4,2,1,1,0,0,8,4,4,0,10,0,2,2
56404301,0,,,34,15,19,1,1,0,33,14,19,21,9,12,32,13,19,32,13,19,12,5,7,7,2,5,3,0,3,0,0,0,0,0,0,12,12,4,2,1,3,1,1,0,8,4,4,1,9,0,4,1
56404302,0,,,38,18,20,1,1,0,37,17,20,12,5,7,37,17,20,36,16,20,25,12,13,12,3,9,5,1,4,1,0,1,0,0,0,17,17,5,6,4,1,1,0,0,12,7,5,1,14,0,4,5
56404303,0,,,144,67,77,11,3,8,133,64,69,60,32,28,132,64,68,132,64,68,73,32,41,42,15,27,22,8,14,0,0,0,0,0,0,50,50,8,12,17,7,4,1,1,42,21,21,4,44,0,8,5
56404304,0,,,37,20,17,3,2,1,34,18,16,19,11,8,34,18,16,34,18,16,15,7,8,8,4,4,1,0,1,0,0,0,0,0,0,16,16,6,4,4,0,1,1,0,10,7,3,0,11,0,4,2
56404305,0,,,22,11,11,2,1,1,20,10,10,8,5,3,20,10,10,20,10,10,12,5,7,2,0,2,2,0,2,1,0,1,0,0,0,10,10,3,5,1,0,0,1,0,7,6,1,1,8,0,2,2
56404306,0,,,138,79,59,7,4,3,123,69,54,69,42,27,121,69,52,112,61,51,54,27,27,31,12,19,9,3,6,0,0,0,3,0,3,66,66,33,11,13,4,3,1,1,33,22,11,3,40,7,11,5
56404307,0,,,348,173,175,44,16,28,297,151,146,196,99,97,286,145,141,279,142,137,101,52,49,58,26,32,22,7,15,3,0,3,0,0,0,126,126,36,27,25,23,7,5,3,89,68,21,10,68,4,16,15
56404308,0,,,178,78,100,17,9,8,161,69,92,58,32,26,156,68,88,156,68,88,103,37,66,71,22,49,41,10,31,8,3,5,0,0,0,43,42,6,14,8,9,3,0,2,35,25,10,4,31,0,3,8
56404309,0,,,111,55,56,15,11,4,96,44,52,54,25,29,95,44,51,93,43,50,42,19,23,17,7,10,4,0,4,0,0,0,0,0,0,38,38,7,12,4,9,4,2,0,31,21,10,3,28,0,5,5
56404313,2,56404314,,4,3,1,*,*,*,*,*,*,*,*,*,*,*,*,*,*,*,*,*,*,*,*,*,*,*,*,*,*,*,*,*,*,2,2,*,*,*,*,*,*,*,*,*,*,*,*,*,*,*
56404314,1,,56404313,47,18,29,0,0,0,51,21,30,25,8,17,51,21,30,50,21,29,26,13,13,13,6,7,7,2,5,0,0,0,0,0,0,14,14,0,6,5,3,0,2,0,16,10,6,0,15,0,0,2
56404315,0,,,95,42,53,9,3,6,86,39,47,49,23,26,85,39,46,82,38,44,37,16,21,21,9,12,3,0,3,2,0,2,0,0,0,38,38,11,13,7,2,2,2,1,27,18,9,4,23,5,1,7
56404316,0,,,2208,1292,916,34,18,16,1823,1041,782,1631,955,676,1812,1036,776,1353,769,584,192,86,106,95,46,49,25,8,17,2,0,2,27,14,13,1757,1754,1610,62,39,23,13,3,4,144,107,37,5,118,818,15,38
56404317,0,,,264,145,119,22,9,13,227,126,101,144,88,56,223,123,100,207,113,94,83,38,45,44,17,27,14,4,10,1,0,1,2,1,1,136,136,75,27,18,6,3,7,0,60,46,14,4,49,34,4,12
56404318,0,,,100,52,48,9,4,5,91,48,43,55,32,23,89,46,43,88,45,43,36,16,20,22,9,13,5,2,3,0,0,0,2,1,1,33,33,9,8,6,5,0,2,3,24,15,9,4,25,0,8,2
56404319,0,,,59,28,31,3,2,1,56,26,30,32,16,16,55,25,30,54,25,29,24,10,14,12,5,7,7,2,5,0,0,0,0,0,0,21,21,6,7,3,1,1,1,2,15,9,6,1,16,0,4,2
56404322,2,56404333,,3,1,2,*,*,*,*,*,*,*,*,*,*,*,*,*,*,*,*,*,*,*,*,*,*,*,*,*,*,*,*,*,*,2,2,*,*,*,*,*,*,*,*,*,*,*,*,*,*,*
56404323,0,,,83,48,35,9,7,2,74,41,33,35,23,12,73,40,33,73,40,33,39,18,21,17,8,9,5,1,4,0,0,0,0,0,0,28,28,5,8,6,6,0,1,2,23,16,7,2,24,0,3,5
56404325,0,,,50,28,22,2,2,0,44,24,20,22,15,7,43,24,19,42,24,18,22,9,13,9,3,6,3,0,3,0,0,0,1,0,1,30,30,18,8,2,1,0,1,0,12,10,2,0,13,8,1,5
56404326,0,,,221,114,107,10,3,7,194,102,92,123,68,55,191,101,90,186,97,89,71,34,37,38,16,22,14,7,7,0,0,0,0,0,0,113,113,62,21,13,9,6,2,0,51,37,14,4,44,18,7,13
56404327,0,,,137,48,89,12,2,10,122,46,76,80,27,53,118,43,75,118,43,75,42,19,23,26,11,15,7,3,4,0,0,0,1,0,1,61,59,32,8,4,11,1,1,2,27,15,12,0,26,19,4,5
56404328,0,,,565,280,285,45,23,22,514,254,260,242,125,117,503,248,255,496,245,251,272,129,143,83,40,43,27,10,17,2,0,2,8,4,4,221,221,34,101,42,26,11,5,2,185,157,28,9,163,1,27,67
56404329,0,,,65,32,33,6,3,3,59,29,30,31,15,16,55,26,29,53,24,29,28,14,14,11,4,7,5,1,4,2,0,2,0,0,0,22,22,5,6,4,3,3,0,1,17,12,5,1,15,0,3,5
56404330,2,56404331,,4,2,2,*,*,*,*,*,*,*,*,*,*,*,*,*,*,*,*,*,*,*,*,*,*,*,*,*,*,*,*,*,*,2,2,*,*,*,*,*,*,*,*,*,*,*,*,*,*,*
56404331,1,,56404330,27,14,13,2,2,0,29,14,15,13,7,6,28,13,15,28,13,15,16,7,9,10,3,7,5,1,4,0,0,0,0,0,0,8,8,2,3,1,2,1,0,1,8,3,5,0,10,0,2,2
56404332,0,,,12,5,7,2,1,1,10,4,6,4,1,3,10,4,6,10,4,6,6,3,3,2,1,1,1,1,0,0,0,0,0,0,0,4,4,0,1,2,1,0,0,0,4,4,0,1,3,0,0,1
56404333,1,,56404322,211,101,110,13,5,8,201,97,104,101,52,49,198,96,102,195,95,100,100,45,55,49,23,26,21,9,12,1,0,1,0,0,0,83,83,26,25,15,10,4,3,2,59,41,18,2,66,0,19,14
56404334,0,,,17,8,9,3,0,3,14,8,6,6,4,2,14,8,6,14,8,6,8,4,4,2,1,1,1,0,1,0,0,0,0,0,0,6,6,2,2,1,0,0,0,1,4,3,1,1,5,0,2,2
56404335,0,,,121,57,64,13,5,8,108,52,56,60,30,30,105,51,54,105,51,54,48,22,26,26,9,17,13,4,9,2,0,2,0,0,0,38,38,7,8,8,10,0,2,3,31,16,15,2,30,0,5,6
56404336,0,,,129,74,55,8,4,4,110,61,49,78,43,35,109,60,49,106,59,47,32,18,14,13,7,6,4,2,2,1,1,0,1,1,0,83,83,57,13,8,3,2,0,0,24,20,4,2,23,22,11,4
56404337,0,,,3448,1620,1828,372,175,197,3001,1401,1600,1893,915,978,2894,1350,1544,2783,1294,1489,1108,486,622,594,258,336,130,50,80,8,3,5,43,17,26,1582,1581,639,427,256,161,69,19,10,928,817,111,74,774,148,282,209
56404338,0,,,2671,1276,1395,242,132,110,2377,1114,1263,1318,643,675,2308,1076,1232,2244,1045,1199,1059,471,588,599,291,308,114,51,63,4,0,4,53,28,25,1224,1224,418,428,206,107,49,9,7,801,732,69,62,680,74,184,245
56404339,0,,,580,283,297,27,15,12,548,264,284,326,155,171,540,261,279,531,257,274,222,109,113,53,16,37,21,4,17,1,0,1,0,0,0,234,234,38,106,54,20,10,4,2,195,169,26,10,145,7,15,57
56404340,0,,,27,16,11,5,3,2,22,13,9,18,11,7,21,13,8,21,13,8,4,2,2,2,2,0,0,0,0,0,0,0,0,0,0,13,13,6,2,3,2,0,0,0,7,7,0,3,2,3,0,1
56404341,0,,,26,12,14,3,1,2,23,11,12,8,3,5,23,11,12,23,11,12,15,8,7,8,4,4,4,2,2,0,0,0,0,0,0,9,9,0,6,2,0,0,0,1,9,8,1,0,8,0,0,4
56404342,0,,,37,22,15,0,0,0,37,22,15,18,14,4,36,21,15,36,21,15,19,8,11,11,4,7,1,0,1,0,0,0,0,0,0,15,15,3,5,4,3,0,0,0,12,11,1,0,11,0,1,5
56404343,0,,,117,62,55,8,4,4,109,58,51,64,36,28,107,56,51,107,56,51,45,22,23,25,10,15,11,4,7,1,1,0,1,0,1,43,43,8,14,13,3,2,2,1,35,28,7,0,29,0,6,6
56404344,0,,,162,74,88,15,8,7,147,66,81,70,32,38,144,64,80,144,64,80,77,34,43,37,12,25,15,2,13,1,0,1,0,0,0,54,54,6,20,14,4,4,4,2,48,33,15,4,44,0,4,11
56404345,0,,,184,94,90,16,12,4,168,82,86,95,47,48,159,77,82,156,77,79,73,35,38,40,19,21,14,6,8,1,1,0,2,0,2,65,65,10,23,12,12,4,4,0,55,37,18,4,48,0,7,14
56404346,0,,,105,55,50,11,4,7,94,51,43,54,31,23,93,51,42,93,51,42,40,20,20,22,11,11,10,6,4,1,1,0,0,0,0,42,42,13,13,10,0,2,2,2,29,20,9,2,24,6,3,8
56404347,0,,,1690,829,861,110,56,54,1565,763,802,856,447,409,1525,741,784,1440,679,761,709,316,393,322,142,180,78,27,51,6,0,6,24,9,15,804,804,295,283,130,64,17,11,4,508,442,66,22,467,32,132,156
56404348,0,,,1039,516,523,122,67,55,908,442,466,496,244,252,869,420,449,846,408,438,412,198,214,136,64,72,23,7,16,3,2,1,18,6,12,423,420,99,172,82,47,12,5,3,320,286,34,20,259,14,53,107
56404349,0,,,108,32,76,4,3,1,104,29,75,15,8,7,104,29,75,104,29,75,89,21,68,77,17,60,59,13,46,7,1,6,0,0,0,16,14,5,4,2,2,0,1,0,9,4,5,1,9,0,2,3
56404350,0,,,1215,878,337,115,60,55,1097,815,282,983,769,214,1085,806,279,983,716,267,114,46,68,54,20,34,20,4,16,2,0,2,1,0,1,343,326,139,76,47,43,21,0,0,186,163,23,51,74,43,15,21
56404351,0,,,31,18,13,0,0,0,31,18,13,19,9,10,31,18,13,30,17,13,12,9,3,2,1,1,1,1,0,0,0,0,0,0,0,13,13,4,4,3,1,0,1,0,9,8,1,0,11,0,4,3
56404352,0,,,131,61,70,25,16,9,106,45,61,80,35,45,101,41,60,98,41,57,26,10,16,13,3,10,4,0,4,0,0,0,0,0,0,48,48,7,16,11,11,3,0,0,41,38,3,8,20,0,5,5
56404353,0,,,76,41,35,5,3,2,71,38,33,32,19,13,69,36,33,67,34,33,39,19,20,10,4,6,6,2,4,0,0,0,0,0,0,25,25,4,6,8,2,3,1,1,21,14,7,1,21,0,2,5
56404354,0,,,465,233,232,38,18,20,427,215,212,234,125,109,419,210,209,411,206,205,193,90,103,102,45,57,23,10,13,4,2,2,2,0,2,157,157,31,49,27,21,15,4,10,126,80,46,7,120,0,19,30
56404355,0,,,302,119,183,15,11,4,287,108,179,103,56,47,283,105,178,278,103,175,184,52,132,151,33,118,87,12,75,14,1,13,1,0,1,67,66,9,21,18,7,9,1,1,56,36,20,2,49,0,8,10
56404356,0,,,441,216,225,71,37,34,368,177,191,238,118,120,352,171,181,346,169,177,130,59,71,61,24,37,23,6,17,1,1,0,0,0,0,147,147,30,37,27,27,15,7,4,116,86,30,18,91,0,24,15
56404357,0,,,2633,1306,1327,360,192,168,2237,1094,1143,1525,773,752,2165,1057,1108,2118,1030,1088,712,321,391,325,131,194,101,29,72,11,3,8,8,2,6,934,933,167,294,216,159,67,17,13,753,654,99,80,419,9,82,128
56404358,0,,,59,28,31,11,4,7,48,24,24,37,19,18,46,23,23,46,23,23,11,5,6,7,3,4,3,1,2,0,0,0,0,0,0,22,22,3,8,6,3,2,0,0,19,16,3,3,7,0,1,2
56404359,2,56404369,,2,1,1,*,*,*,*,*,*,*,*,*,*,*,*,*,*,*,*,*,*,*,*,*,*,*,*,*,*,*,*,*,*,1,1,*,*,*,*,*,*,*,*,*,*,*,*,*,*,*
56404360,0,,,1153,535,618,146,72,74,1005,461,544,630,301,329,965,439,526,942,427,515,375,160,215,192,75,117,68,25,43,7,1,6,10,6,4,468,468,137,138,95,52,33,10,3,330,272,58,29,265,2,94,48
56404361,0,,,392,190,202,31,14,17,357,173,184,218,113,105,346,169,177,336,163,173,139,60,79,63,24,39,31,13,18,0,0,0,10,9,1,151,151,50,32,33,14,12,9,1,101,68,33,7,90,11,25,15
56404362,0,,,2817,1388,1429,383,196,187,2420,1183,1237,1689,851,838,2352,1150,1202,2302,1122,1180,731,332,399,230,89,141,68,18,50,10,2,8,9,3,6,1014,1013,138,387,212,176,64,26,10,868,754,114,89,471,0,75,160
56404363,0,,,74,34,40,3,3,0,71,31,40,34,14,20,70,31,39,69,31,38,37,17,20,17,7,10,8,2,6,1,1,0,0,0,0,28,28,4,10,7,6,1,0,0,24,15,9,1,21,0,1,3
56404364,0,,,423,204,219,61,31,30,362,173,189,224,110,114,357,169,188,353,169,184,138,63,75,68,30,38,26,8,18,4,0,4,1,0,1,150,150,29,43,29,34,7,6,2,120,91,29,12,91,8,13,21
56404365,0,,,1103,560,543,158,83,75,930,467,463,711,367,344,884,448,436,863,434,429,219,100,119,118,49,69,43,10,33,3,0,3,2,0,2,453,452,155,112,82,69,24,7,3,292,259,33,37,136,29,34,40
56404366,0,,,4201,2183,2018,437,219,218,3508,1810,1698,2655,1409,1246,3412,1764,1648,3262,1673,1589,853,401,452,405,167,238,133,48,85,13,5,8,25,9,16,2199,2197,1224,411,266,189,78,20,9,951,826,125,132,564,337,157,144
56404367,0,,,1551,794,757,187,109,78,1330,665,665,919,481,438,1281,636,645,1247,618,629,411,184,227,212,87,125,63,21,42,3,0,3,4,0,4,650,649,208,187,129,70,38,11,6,432,368,64,63,267,46,56,79
56404368,0,,,2166,1055,1111,196,106,90,1965,944,1021,1362,633,729,1888,911,977,1849,892,957,603,311,292,204,78,126,67,21,46,4,0,4,7,1,6,832,831,129,341,176,120,48,16,1,697,627,70,53,410,2,70,159
56404369,1,,56404359,88,40,48,5,2,3,85,39,46,40,18,22,85,39,46,84,38,46,45,21,24,26,9,17,15,3,12,3,0,3,1,0,1,37,37,9,16,7,4,0,2,0,29,21,8,3,29,0,6,10
56404370,0,,,668,336,332,58,32,26,610,304,306,382,206,176,591,293,298,581,289,292,228,98,130,111,45,66,50,18,32,2,0,2,23,13,10,262,261,71,84,50,33,15,5,3,188,154,34,18,134,18,23,30
56404371,0,,,871,430,441,121,58,63,743,367,376,503,255,248,708,355,353,692,346,346,240,112,128,141,61,80,62,22,40,3,1,2,0,0,0,296,295,71,64,64,54,29,11,2,223,186,37,29,130,2,27,28
56404372,0,,,603,268,335,58,24,34,545,244,301,261,128,133,532,239,293,526,236,290,284,116,168,182,66,116,91,22,69,8,0,8,0,0,0,183,181,28,61,41,29,13,8,1,153,119,34,17,125,0,20,40
56404373,0,,,546,270,276,63,28,35,475,237,238,277,142,135,460,226,234,450,218,232,198,95,103,98,40,58,27,8,19,4,2,2,1,0,1,177,177,26,48,44,27,20,6,6,149,108,41,22,125,0,18,28
56404374,0,,,989,485,504,145,79,66,837,402,435,570,283,287,807,390,417,789,379,410,267,119,148,146,61,85,47,16,31,5,2,3,1,0,1,343,342,52,104,86,58,26,9,7,287,238,49,45,173,3,27,42
56404375,0,,,5246,2605,2641,709,378,331,4436,2163,2273,3077,1518,1559,4303,2098,2205,4215,2053,2162,1359,645,714,611,249,362,212,68,144,21,5,16,31,17,14,2166,2165,637,651,470,277,81,39,10,1509,1341,168,223,838,142,156,279
56404376,0,,,4055,2005,2050,432,215,217,3449,1694,1755,2470,1280,1190,3323,1636,1687,3199,1567,1632,979,414,565,501,189,312,185,56,129,22,1,21,38,9,29,2028,2027,1050,417,278,188,66,21,7,963,863,100,111,614,316,167,176
56404377,0,,,3003,1516,1487,326,168,158,2524,1258,1266,1862,952,910,2451,1223,1228,2378,1186,1192,662,306,356,343,141,202,99,30,69,10,2,8,20,14,6,1466,1466,686,336,223,154,45,19,3,767,680,87,98,437,211,98,128
56404378,0,,,1214,581,633,93,45,48,1112,530,582,766,360,406,1078,514,564,1050,501,549,346,170,176,122,51,71,48,17,31,5,3,2,4,1,3,473,473,94,178,100,62,24,10,5,375,316,59,26,230,12,45,73
56404379,0,,,48,23,25,2,1,1,46,22,24,23,9,14,46,22,24,46,22,24,23,13,10,8,4,4,6,3,3,0,0,0,0,0,0,18,18,4,7,3,1,1,2,0,13,9,4,0,13,0,1,4
56404380,0,,,194,89,105,15,6,9,179,83,96,89,44,45,178,82,96,175,80,95,90,39,51,43,15,28,19,6,13,1,0,1,1,0,1,67,67,11,24,12,11,3,4,2,56,32,24,4,55,1,9,10
56404381,0,,,213,101,112,15,10,5,198,91,107,104,55,49,192,89,103,189,87,102,94,36,58,46,13,33,16,4,12,1,1,0,0,0,0,84,84,23,28,16,8,4,3,2,61,46,15,3,66,0,19,11
56404382,0,,,497,244,253,29,14,15,466,229,237,266,135,131,447,219,228,434,213,221,200,94,106,104,47,57,32,17,15,1,1,0,9,8,1,181,181,38,62,31,26,12,6,6,142,103,39,6,125,1,20,38
56404383,0,,,1832,893,939,237,127,110,1566,751,815,996,495,501,1516,730,786,1479,707,772,570,256,314,276,113,163,83,28,55,3,0,3,7,2,5,696,694,170,206,140,106,45,15,12,513,411,102,67,368,17,81,96
56404384,0,,,1201,599,602,148,77,71,1009,498,511,656,333,323,973,482,491,956,476,480,353,165,188,144,63,81,40,13,27,4,0,4,9,6,3,422,421,114,124,81,54,29,14,5,297,243,54,45,190,16,37,49
56404385,0,,,2376,1097,1279,275,142,133,2052,922,1130,1280,603,677,1981,892,1089,1941,870,1071,772,319,453,435,155,280,174,47,127,20,4,16,9,1,8,929,923,276,297,169,115,38,21,7,639,550,89,83,411,34,103,123
56404386,0,,,4640,2303,2337,576,297,279,3921,1915,2006,2768,1393,1375,3787,1853,1934,3721,1824,1897,1153,522,631,564,217,347,216,69,147,18,3,15,16,4,12,2073,2069,803,579,334,233,95,21,4,1237,1086,151,166,709,119,174,215
56404387,0,,,2412,1191,1221,215,106,109,2067,1020,1047,1506,766,740,2022,997,1025,1981,979,1002,561,254,307,292,109,183,122,40,82,14,2,12,15,7,8,1275,1272,638,336,163,99,29,6,1,604,543,61,76,380,151,107,110
56404388,0,,,556,273,283,57,33,24,494,237,257,305,152,153,474,229,245,465,224,241,189,85,104,81,31,50,23,7,16,1,1,0,3,2,1,245,245,82,85,31,28,17,0,2,162,138,24,14,132,3,43,42
56404389,0,,,260,124,136,33,18,15,224,105,119,144,69,75,209,95,114,205,93,112,80,36,44,42,17,25,11,5,6,2,1,1,1,0,1,100,100,24,30,21,17,4,3,1,75,64,11,4,55,0,15,13
56404390,0,,,207,91,116,27,12,15,180,79,101,99,49,50,177,78,99,174,77,97,81,30,51,30,7,23,10,1,9,1,0,1,1,0,1,75,75,18,20,17,9,9,0,2,57,40,17,7,54,0,10,11
56404391,0,,,221,105,116,16,5,11,205,100,105,114,56,58,200,99,101,192,95,97,91,44,47,52,22,30,12,4,8,0,0,0,0,0,0,79,79,22,16,18,9,8,5,1,57,36,21,5,65,0,19,6
56404392,0,,,314,147,167,15,8,7,299,139,160,168,80,88,293,137,156,287,134,153,131,59,72,81,32,49,27,9,18,1,1,0,2,1,1,107,106,27,28,25,11,6,7,2,76,50,26,3,72,8,12,8
56404393,0,,,469,223,246,48,29,19,421,194,227,254,122,132,407,189,218,403,186,217,167,72,95,89,29,60,38,13,25,3,0,3,7,5,2,162,162,32,45,40,21,10,9,5,129,93,36,13,109,4,18,21
56404394,0,,,1156,568,588,167,91,76,989,477,512,633,319,314,957,462,495,936,446,490,356,158,198,197,79,118,60,23,37,4,1,3,2,0,2,396,396,65,120,84,75,28,15,9,329,260,69,45,235,0,52,52
56404395,0,,,3985,1973,2012,504,263,241,3385,1655,1730,2383,1215,1168,3296,1612,1684,3238,1582,1656,1002,440,562,510,213,297,167,65,102,10,4,6,45,11,34,1806,1804,677,505,334,197,61,22,8,1107,978,129,167,669,128,172,197
56404396,0,,,4942,2423,2519,445,229,216,4148,1988,2160,2861,1449,1412,4071,1951,2120,3983,1905,2078,1287,539,748,627,233,394,221,66,155,12,3,9,42,17,25,2681,2676,1440,611,364,185,54,15,7,1207,1065,142,148,892,261,320,224
56404397,0,,,2793,1348,1445,246,124,122,2447,1166,1281,1594,796,798,2371,1121,1250,2278,1080,1198,853,370,483,455,187,268,165,62,103,12,6,6,11,2,9,1374,1372,641,375,187,101,50,16,2,723,628,95,72,597,84,211,159
56404398,0,,,5100,2521,2579,529,281,248,4488,2185,2303,3147,1608,1539,4343,2124,2219,4263,2087,2176,1341,577,764,700,276,424,261,93,168,22,6,16,28,14,14,2412,2404,984,683,397,241,74,19,6,1399,1268,131,178,895,179,291,241
56404399,0,,,958,464,494,92,46,46,855,412,443,490,245,245,833,404,429,824,402,422,365,167,198,175,76,99,67,29,38,3,2,1,0,0,0,388,388,85,152,75,52,12,9,3,301,261,40,23,235,4,48,83
56404400,0,,,88,37,51,4,1,3,84,36,48,36,16,20,83,36,47,83,36,47,48,20,28,20,8,12,9,2,7,0,0,0,0,0,0,31,31,5,8,8,7,3,0,0,26,14,12,1,26,0,3,7
56404401,0,,,200,98,102,12,5,7,188,93,95,93,50,43,181,90,91,178,89,89,95,43,52,41,14,27,20,5,15,2,0,2,2,1,1,68,68,10,25,15,6,4,5,3,58,38,20,3,57,0,6,16
56404402,0,,,356,161,195,23,11,12,333,150,183,169,89,80,322,146,176,313,142,171,164,61,103,102,31,71,60,15,45,11,1,10,1,0,1,95,94,13,25,21,13,9,9,4,81,45,36,6,73,0,10,14
56404403,0,,,126,64,62,12,7,5,114,57,57,70,37,33,106,52,54,104,51,53,44,20,24,24,11,13,7,3,4,0,0,0,0,0,0,39,39,2,12,10,9,3,2,1,37,24,13,3,26,0,1,5
56404404,0,,,270,129,141,27,10,17,239,116,123,150,75,75,230,111,119,225,109,116,89,41,48,34,12,22,14,2,12,0,0,0,1,0,1,95,95,23,26,13,18,10,2,3,71,53,18,6,59,2,13,13
56404405,0,,,542,283,259,44,23,21,491,257,234,283,161,122,482,253,229,474,250,224,208,96,112,109,42,67,41,15,26,3,1,2,1,0,1,188,188,36,45,52,31,12,8,4,150,107,43,9,131,0,20,22
56404406,0,,,325,172,153,27,13,14,293,156,137,192,109,83,288,153,135,286,152,134,101,47,54,47,16,31,17,4,13,0,0,0,1,0,1,149,149,62,42,20,12,8,4,1,85,65,20,8,72,5,22,17
56404407,0,,,497,246,251,30,15,15,448,220,228,248,131,117,433,212,221,421,207,214,200,89,111,120,48,72,32,10,22,4,2,2,11,7,4,211,211,70,73,27,23,6,9,3,138,107,31,5,133,4,37,38
56404408,0,,,1313,631,682,115,59,56,1181,561,620,651,319,332,1144,544,600,1128,535,593,530,242,288,282,105,177,123,37,86,6,2,4,7,0,7,572,570,206,168,102,57,19,12,6,361,275,86,23,361,3,130,68
56404409,0,,,377,207,170,22,10,12,351,194,157,203,120,83,345,191,154,338,190,148,148,74,74,59,25,34,16,6,10,2,1,1,14,13,1,172,172,75,43,20,22,7,4,1,97,78,19,7,101,22,29,23
56404410,0,,,192,87,105,10,5,5,181,81,100,62,30,32,178,80,98,178,80,98,119,51,68,69,28,41,31,12,19,3,1,2,0,0,0,41,39,10,13,2,6,4,2,2,29,18,11,4,33,0,9,9
56404411,0,,,141,73,68,9,5,4,132,68,64,63,30,33,132,68,64,132,68,64,69,38,31,34,19,15,8,5,3,0,0,0,0,0,0,56,55,16,12,16,7,3,1,0,39,26,13,4,47,0,15,8
56404412,0,,,193,94,99,19,10,9,174,84,90,87,42,45,170,82,88,167,80,87,87,42,45,41,18,23,14,5,9,1,0,1,1,0,1,67,67,14,18,14,11,5,3,2,52,32,20,5,56,0,12,12
56404413,0,,,163,82,81,4,2,2,159,80,79,80,45,35,157,79,78,154,78,76,79,35,44,48,20,28,14,4,10,3,1,2,0,0,0,61,61,9,21,18,8,4,1,0,52,40,12,1,49,0,7,12
56404414,0,,,228,112,116,25,13,12,198,96,102,123,64,59,193,95,98,190,93,97,75,32,43,35,11,24,21,4,17,3,0,3,0,0,0,71,71,12,20,12,8,11,3,5,58,32,26,5,49,0,7,7
56404415,0,,,447,225,222,53,29,24,375,188,187,267,137,130,359,181,178,352,176,176,108,51,57,46,21,25,21,8,13,3,1,2,8,7,1,178,178,51,54,26,34,6,5,2,125,100,25,10,74,10,14,18
56404416,0,,,262,128,134,33,16,17,228,111,117,126,65,61,223,108,115,220,108,112,102,46,56,52,21,31,18,3,15,5,2,3,0,0,0,92,92,21,27,16,15,5,3,5,71,52,19,7,67,0,16,15
56404417,0,,,22,12,10,3,2,1,19,10,9,10,6,4,17,8,9,15,6,9,9,4,5,3,2,1,1,0,1,1,0,1,0,0,0,4,4,0,1,0,0,0,1,2,4,1,3,0,4,0,0,1
56404418,0,,,10,5,5,0,0,0,10,5,5,8,3,5,10,5,5,10,5,5,2,2,0,1,1,0,1,1,0,0,0,0,0,0,0,5,5,2,2,0,1,0,0,0,2,2,0,0,2,1,1,1
56404419,0,,,149,76,73,11,6,5,138,70,68,80,43,37,133,68,65,131,66,65,58,27,31,26,12,14,10,6,4,1,0,1,0,0,0,57,57,9,25,9,10,2,1,1,48,38,10,3,36,0,6,12
56404420,0,,,101,50,51,1,0,1,100,50,50,50,25,25,99,50,49,98,49,49,50,25,25,30,13,17,9,3,6,3,0,3,1,0,1,37,37,8,11,6,8,3,1,0,29,20,9,0,31,0,6,9
56404421,0,,,109,58,51,3,1,2,106,57,49,43,28,15,104,56,48,104,56,48,63,29,34,31,15,16,11,6,5,0,0,0,0,0,0,47,47,12,21,6,4,3,1,0,35,25,10,0,40,0,8,12
56404422,0,,,174,89,85,8,5,3,166,84,82,83,43,40,166,84,82,164,83,81,83,41,42,45,22,23,13,9,4,0,0,0,0,0,0,68,68,13,24,18,10,0,2,1,54,41,13,0,53,0,8,12
56404423,0,,,217,108,109,13,6,7,204,102,102,120,65,55,194,97,97,191,96,95,84,37,47,53,23,30,21,8,13,0,0,0,1,0,1,67,67,7,17,16,16,7,2,2,60,35,25,4,53,0,4,8
56404424,0,,,117,61,56,9,4,5,108,57,51,51,28,23,105,56,49,104,55,49,57,29,28,29,13,16,11,5,6,0,0,0,0,0,0,40,40,5,14,8,7,4,2,0,35,25,10,2,37,0,4,8
56404425,1,,56404426,237,124,113,20,9,11,227,120,107,116,66,50,224,118,106,223,117,106,111,54,57,40,16,24,21,7,14,1,0,1,0,0,0,84,84,17,22,22,16,6,2,2,70,45,25,4,66,0,11,14
56404426,2,56404425,,10,5,5,*,*,*,*,*,*,*,*,*,*,*,*,*,*,*,*,*,*,*,*,*,*,*,*,*,*,*,*,*,*,3,3,*,*,*,*,*,*,*,*,*,*,*,*,*,*,*
56404427,0,,,56,27,29,6,2,4,50,25,25,29,16,13,50,25,25,50,25,25,21,9,12,12,4,8,6,1,5,0,0,0,0,0,0,17,17,3,2,6,2,2,1,1,14,5,9,4,13,0,1,0
56404428,0,,,23,11,12,0,0,0,23,11,12,15,8,7,23,11,12,23,11,12,8,3,5,6,3,3,1,0,1,0,0,0,0,0,0,9,9,2,1,5,1,0,0,0,6,5,1,0,5,0,1,0
56404429,0,,,69,32,37,8,4,4,61,28,33,35,16,19,57,27,30,56,27,29,26,12,14,17,8,9,1,1,0,0,0,0,0,0,0,23,23,2,10,5,1,3,1,1,21,14,7,4,17,0,2,4
56404430,0,,,41,19,22,3,1,2,38,18,20,17,9,8,38,18,20,38,18,20,21,9,12,11,4,7,4,1,3,2,1,1,0,0,0,16,16,3,7,2,2,2,0,0,13,10,3,0,14,0,3,4
56404431,0,,,81,38,43,1,1,0,80,37,43,32,16,16,78,37,41,77,36,41,48,21,27,23,10,13,11,3,8,1,0,1,0,0,0,36,36,8,15,11,1,0,1,0,28,21,7,1,31,0,7,9
56404432,1,,56404442,83,45,38,2,1,1,85,46,39,39,24,15,84,45,39,83,44,39,46,22,24,27,13,14,7,2,5,1,0,1,0,0,0,30,30,5,13,8,4,2,1,0,28,23,5,1,28,0,4,8
56404433,0,,,107,60,47,3,1,2,104,59,45,46,30,16,101,56,45,98,55,43,58,29,29,26,12,14,13,7,6,2,0,2,0,0,0,36,36,5,12,8,6,1,3,1,31,16,15,0,33,0,4,6
56404434,0,,,136,71,65,11,4,7,125,67,58,64,34,30,121,63,58,120,62,58,61,33,28,27,13,14,8,3,5,3,2,1,1,0,1,50,50,11,18,8,5,5,2,1,39,24,15,4,40,0,10,13
56404435,0,,,12,4,8,0,0,0,12,4,8,2,0,2,12,4,8,12,4,8,10,4,6,5,1,4,4,1,3,0,0,0,0,0,0,7,7,3,3,1,0,0,0,0,4,3,1,0,7,0,3,2
56404436,0,,,69,35,34,2,1,1,67,34,33,22,15,7,66,33,33,66,33,33,45,19,26,28,8,20,19,5,14,2,0,2,0,0,0,21,20,3,8,5,2,2,0,0,16,13,3,0,17,0,3,4
56404437,0,,,41,17,24,8,2,6,33,15,18,21,11,10,30,14,16,29,13,16,12,4,8,7,2,5,4,1,3,1,0,1,1,0,1,11,11,2,3,0,2,1,2,1,9,4,5,1,7,0,0,1
56404438,0,,,140,74,66,11,5,6,129,69,60,60,35,25,123,64,59,121,63,58,69,34,35,45,19,26,19,5,14,0,0,0,2,0,2,48,48,9,21,3,8,2,2,3,39,25,14,2,42,0,8,13
56404439,0,,,44,26,18,2,2,0,42,24,18,19,13,6,42,24,18,41,24,17,23,11,12,10,3,7,1,0,1,0,0,0,0,0,0,19,19,5,6,7,0,0,1,0,14,10,4,1,14,0,1,4
56404440,0,,,38,22,16,1,0,1,37,22,15,17,11,6,37,22,15,37,22,15,20,11,9,7,3,4,5,2,3,0,0,0,0,0,0,16,16,3,9,1,1,2,0,0,13,10,3,0,12,0,2,5
56404441,0,,,80,42,38,2,1,1,78,41,37,39,22,17,78,41,37,77,40,37,39,19,20,15,10,5,4,3,1,0,0,0,0,0,0,31,31,5,11,9,5,0,1,0,26,21,5,0,22,0,3,6
56404442,2,56404432,,4,2,2,*,*,*,*,*,*,*,*,*,*,*,*,*,*,*,*,*,*,*,*,*,*,*,*,*,*,*,*,*,*,3,3,*,*,*,*,*,*,*,*,*,*,*,*,*,*,*
56404443,1,,56404452;56404453,9,5,4,0,0,0,22,12,10,10,5,5,21,12,9,21,12,9,12,7,5,3,1,2,2,1,1,0,0,0,0,0,0,4,4,4,0,2,1,0,0,1,4,1,3,0,7,0,3,0
56404444,1,,56404445,68,39,29,1,1,0,73,41,32,33,20,13,73,41,32,72,40,32,40,21,19,14,6,8,6,4,2,1,1,0,0,0,0,27,27,9,10,6,2,1,0,2,21,13,8,1,24,0,6,6
56404445,2,56404444,,6,3,3,*,*,*,*,*,*,*,*,*,*,*,*,*,*,*,*,*,*,*,*,*,*,*,*,*,*,*,*,*,*,3,3,*,*,*,*,*,*,*,*,*,*,*,*,*,*,*
56404446,0,,,52,28,24,3,2,1,49,26,23,25,11,14,49,26,23,48,26,22,24,15,9,8,4,4,6,3,3,0,0,0,0,0,0,18,18,3,6,4,2,2,0,1,15,7,8,0,16,0,3,2
56404447,0,,,29,12,17,1,0,1,28,12,16,11,5,6,28,12,16,28,12,16,17,7,10,9,4,5,2,0,2,0,0,0,0,0,0,9,9,0,3,2,3,1,0,0,9,3,6,0,8,0,0,2
56404448,0,,,93,42,51,5,0,5,88,42,46,40,21,19,86,41,45,85,41,44,48,21,27,21,8,13,11,3,8,0,0,0,0,0,0,37,37,4,21,6,3,1,2,0,32,28,4,1,29,0,1,7
56404450,0,,,61,32,29,3,2,1,58,30,28,28,17,11,56,28,28,56,28,28,30,13,17,14,7,7,3,1,2,1,1,0,0,0,0,25,25,7,11,2,2,1,1,1,18,13,5,1,18,0,2,8
56404452,2,56404443,,3,1,2,*,*,*,*,*,*,*,*,*,*,*,*,*,*,*,*,*,*,*,*,*,*,*,*,*,*,*,*,*,*,1,1,*,*,*,*,*,*,*,*,*,*,*,*,*,*,*
56404453,2,56404443,,10,6,4,*,*,*,*,*,*,*,*,*,*,*,*,*,*,*,*,*,*,*,*,*,*,*,*,*,*,*,*,*,*,3,3,*,*,*,*,*,*,*,*,*,*,*,*,*,*,*
56404454,0,,,47,29,18,5,5,0,42,24,18,27,19,8,42,24,18,41,23,18,15,5,10,5,2,3,1,1,0,0,0,0,0,0,0,12,12,1,2,3,1,2,2,1,11,6,5,0,10,0,1,0
56404456,1,,56404466,102,50,52,11,6,5,94,46,48,50,25,25,92,45,47,91,45,46,44,21,23,16,8,8,4,2,2,0,0,0,0,0,0,33,33,7,10,7,3,5,2,1,28,17,11,2,26,0,5,9
56404457,0,,,50,26,24,2,1,1,48,25,23,25,15,10,46,23,23,46,23,23,23,10,13,10,3,7,4,2,2,0,0,0,0,0,0,19,19,4,7,4,2,0,2,0,15,9,6,1,17,0,4,4
56404458,0,,,223,110,113,18,10,8,205,100,105,104,55,49,202,97,105,199,95,104,101,45,56,45,17,28,16,6,10,2,0,2,2,0,2,83,83,21,30,13,5,7,3,4,62,38,24,3,65,1,16,16
56404460,0,,,31,18,13,6,4,2,25,14,11,16,9,7,25,14,11,24,14,10,9,5,4,1,1,0,0,0,0,0,0,0,0,0,0,13,13,4,5,1,1,2,0,0,9,8,1,2,7,0,3,2
56404461,1,,56404470,35,19,16,2,0,2,36,20,16,14,9,5,36,20,16,36,20,16,22,11,11,6,2,4,3,1,2,0,0,0,0,0,0,16,16,5,4,7,1,0,0,0,12,11,1,1,13,0,3,2
56404462,0,,,18,12,6,2,1,1,16,11,5,5,4,1,16,11,5,16,11,5,11,7,4,4,2,2,3,1,2,0,0,0,0,0,0,9,9,3,4,1,1,0,0,0,6,5,1,1,7,0,2,2
56404463,0,,,40,18,22,6,4,2,34,14,20,16,5,11,34,14,20,34,14,20,18,9,9,4,1,3,4,1,3,1,1,0,1,0,1,14,14,4,3,3,3,0,0,1,10,6,4,2,11,0,3,2
56404464,0,,,20,8,12,3,0,3,17,8,9,6,2,4,17,8,9,17,8,9,11,6,5,9,5,4,3,1,2,0,0,0,0,0,0,8,8,3,1,2,1,1,0,0,5,2,3,0,7,0,3,1
56404465,0,,,14,8,6,3,2,1,11,6,5,6,3,3,10,5,5,9,5,4,5,3,2,1,1,0,0,0,0,0,0,0,1,0,1,4,4,1,1,0,0,1,1,0,3,1,2,0,4,0,1,0
56404466,2,56404456,,3,2,1,*,*,*,*,*,*,*,*,*,*,*,*,*,*,*,*,*,*,*,*,*,*,*,*,*,*,*,*,*,*,2,2,*,*,*,*,*,*,*,*,*,*,*,*,*,*,*
56404467,0,,,112,56,56,6,4,2,106,52,54,53,29,24,104,51,53,104,51,53,53,23,30,30,12,18,16,6,10,1,0,1,1,0,1,38,38,9,9,7,6,3,3,1,29,15,14,1,35,0,8,3
56404468,0,,,63,34,29,0,0,0,63,34,29,29,16,13,62,34,28,61,33,28,34,18,16,15,7,8,6,3,3,1,1,0,0,0,0,24,24,5,9,3,5,1,1,0,19,16,3,0,21,0,3,7
56404469,0,,,31,16,15,2,0,2,29,16,13,13,8,5,29,16,13,29,16,13,16,8,8,8,3,5,3,1,2,0,0,0,0,0,0,12,12,3,3,4,1,0,1,0,9,8,1,1,10,0,2,2
56404470,2,56404461,,3,1,2,*,*,*,*,*,*,*,*,*,*,*,*,*,*,*,*,*,*,*,*,*,*,*,*,*,*,*,*,*,*,1,1,*,*,*,*,*,*,*,*,*,*,*,*,*,*,*
56404471,2,56404481,,9,4,5,*,*,*,*,*,*,*,*,*,*,*,*,*,*,*,*,*,*,*,*,*,*,*,*,*,*,*,*,*,*,4,4,*,*,*,*,*,*,*,*,*,*,*,*,*,*,*
56404472,0,,,65,33,32,5,3,2,60,30,30,43,21,22,58,30,28,57,30,27,17,9,8,7,1,6,4,0,4,0,0,0,0,0,0,21,21,4,4,7,2,2,1,1,17,11,6,1,13,0,3,0
56404473,0,,,12,5,7,0,0,0,12,5,7,6,3,3,12,5,7,12,5,7,6,2,4,5,2,3,1,1,0,0,0,0,0,0,0,4,4,0,2,1,0,1,0,0,4,2,2,0,4,0,0,1
56404474,0,,,54,27,27,1,0,1,53,27,26,30,17,13,53,27,26,50,26,24,23,10,13,8,2,6,3,0,3,0,0,0,1,0,1,23,23,9,5,4,3,1,1,0,14,9,5,0,17,0,7,1
56404477,0,,,202,106,96,15,6,9,187,100,87,90,53,37,181,98,83,181,98,83,97,47,50,43,20,23,15,5,10,1,0,1,2,1,1,72,72,13,23,19,8,3,3,3,59,42,17,3,62,0,9,11
56404478,0,,,255,122,133,16,7,9,239,115,124,122,63,59,232,110,122,227,107,120,117,52,65,51,22,29,16,3,13,0,0,0,1,0,1,95,95,17,33,23,10,9,3,0,78,59,19,5,72,0,12,17
56404479,0,,,64,32,32,3,1,2,59,29,30,37,18,19,57,28,29,57,28,29,22,11,11,11,5,6,4,2,2,0,0,0,0,0,0,25,25,9,5,3,6,0,2,0,15,9,6,1,15,0,5,2
56404481,1,,56404471,21,10,11,3,2,1,27,12,15,11,4,7,27,12,15,27,12,15,16,8,8,6,3,3,1,0,1,0,0,0,0,0,0,8,8,3,5,1,2,0,1,0,9,6,3,1,11,0,3,4
56404482,0,,,35,15,20,1,0,1,34,15,19,20,10,10,34,15,19,34,15,19,14,5,9,7,2,5,3,0,3,1,0,1,1,0,1,13,13,1,4,6,2,0,0,0,12,8,4,0,10,0,1,1
56404483,0,,,22,12,10,0,0,0,22,12,10,11,8,3,22,12,10,22,12,10,11,4,7,8,2,6,0,0,0,0,0,0,1,0,1,9,9,1,4,3,1,0,0,0,8,8,0,0,7,0,0,1
56404484,0,,,133,70,63,6,3,3,127,67,60,61,36,25,123,64,59,122,63,59,66,31,35,40,16,24,14,6,8,1,0,1,0,0,0,46,46,13,11,5,8,4,4,1,33,16,17,2,39,0,8,6
56404487,0,,,26,14,12,1,0,1,25,14,11,16,9,7,25,14,11,25,14,11,9,5,4,2,1,1,1,1,0,1,1,0,0,0,0,10,10,3,4,0,2,0,0,1,7,5,2,1,6,0,1,2
56404488,0,,,344,160,184,25,11,14,319,149,170,166,88,78,314,144,170,312,143,169,153,61,92,80,27,53,31,9,22,2,1,1,1,0,1,129,129,31,38,33,10,9,5,3,98,66,32,3,104,0,25,22
56404489,0,,,126,66,60,2,1,1,124,65,59,60,32,28,122,63,59,120,61,59,64,33,31,31,14,17,11,7,4,0,0,0,0,0,0,51,51,13,17,12,5,2,1,1,37,26,11,2,40,0,8,11
56404490,0,,,82,42,40,5,3,2,77,39,38,44,26,18,75,38,37,72,35,37,33,13,20,19,8,11,5,3,2,1,0,1,1,0,1,31,31,8,7,11,1,2,1,1,23,17,6,1,23,0,7,4
56404491,2,56404492,,10,6,4,*,*,*,*,*,*,*,*,*,*,*,*,*,*,*,*,*,*,*,*,*,*,*,*,*,*,*,*,*,*,3,3,*,*,*,*,*,*,*,*,*,*,*,*,*,*,*
56404492,1,,56404491,158,80,78,4,1,3,163,84,79,105,60,45,161,83,78,158,82,76,58,24,34,26,8,18,5,2,3,0,0,0,0,0,0,53,51,17,18,11,4,2,1,1,36,26,10,0,34,1,8,10
56404493,0,,,52,34,18,6,4,2,46,30,16,24,18,6,46,30,16,45,30,15,22,12,10,11,5,6,5,2,3,0,0,0,0,0,0,26,26,11,8,5,0,2,0,0,15,14,1,4,14,0,4,4
56404494,0,,,21,13,8,3,2,1,18,11,7,9,5,4,18,11,7,18,11,7,9,6,3,7,5,2,3,3,0,0,0,0,0,0,0,8,8,3,2,2,0,0,0,1,5,4,1,1,7,0,3,1
56404495,0,,,94,50,44,4,1,3,90,49,41,46,29,17,87,48,39,86,48,38,44,20,24,23,10,13,7,1,6,2,0,2,1,0,1,37,37,12,10,7,3,3,1,1,25,16,9,0,30,0,8,4
56404497,0,,,104,51,53,4,2,2,100,49,51,52,30,22,97,47,50,96,47,49,48,19,29,26,11,15,12,4,8,0,0,0,2,0,2,37,37,8,11,6,7,2,3,0,28,15,13,0,36,0,8,7
56404498,0,,,329,161,168,27,13,14,302,148,154,175,87,88,289,144,145,283,142,141,127,61,66,63,32,31,18,9,9,2,2,0,1,0,1,115,115,23,31,26,19,10,3,3,92,63,29,5,80,1,11,17
56404499,0,,,32,16,16,2,1,1,30,15,15,18,7,11,30,15,15,30,15,15,12,8,4,4,1,3,1,0,1,0,0,0,2,1,1,11,11,2,3,2,2,2,0,0,9,5,4,1,8,0,2,2
56404500,0,,,190,100,90,8,3,5,181,96,85,100,58,42,173,92,81,168,91,77,81,38,43,38,16,22,10,1,9,1,0,1,3,2,1,76,76,24,22,12,11,3,2,2,52,36,16,1,52,2,11,15
56404501,0,,,96,46,50,5,3,2,90,43,47,59,29,30,87,42,45,86,41,45,31,14,17,17,5,12,8,1,7,1,0,1,2,0,2,30,30,6,5,9,4,1,4,1,24,14,10,1,18,0,3,2
56404506,1,,56404516,14,10,4,0,0,0,21,13,8,13,10,3,21,13,8,20,13,7,8,3,5,5,3,2,1,0,1,0,0,0,0,0,0,7,7,3,1,4,1,0,0,0,6,4,2,0,5,0,0,0
56404507,0,,,21,9,12,7,2,5,14,7,7,9,5,4,14,7,7,14,7,7,5,2,3,2,1,1,1,1,0,0,0,0,1,0,1,9,9,5,1,1,0,1,1,0,4,4,0,2,3,1,1,1
56404508,0,,,28,17,11,8,5,3,20,12,8,16,10,6,20,12,8,20,12,8,4,2,2,3,2,1,1,1,0,0,0,0,0,0,0,15,15,8,4,1,1,1,0,0,7,6,1,2,4,0,3,0
56404509,2,56404518,,2,1,1,*,*,*,*,*,*,*,*,*,*,*,*,*,*,*,*,*,*,*,*,*,*,*,*,*,*,*,*,*,*,1,1,*,*,*,*,*,*,*,*,*,*,*,*,*,*,*
56404510,0,,,20,13,7,2,2,0,18,11,7,9,6,3,17,10,7,17,10,7,9,5,4,5,3,2,2,0,2,0,0,0,0,0,0,8,8,1,4,2,0,1,0,0,7,6,1,0,6,0,1,1
56404512,1,,56404521,19,8,11,0,0,0,25,12,13,12,5,7,25,12,13,25,12,13,13,7,6,8,4,4,3,2,1,0,0,0,0,0,0,7,7,0,4,3,2,0,0,0,9,7,2,0,8,0,0,3
56404516,2,56404506,,7,3,4,*,*,*,*,*,*,*,*,*,*,*,*,*,*,*,*,*,*,*,*,*,*,*,*,*,*,*,*,*,*,2,2,*,*,*,*,*,*,*,*,*,*,*,*,*,*,*
56404517,1,,56404528,31,16,15,0,0,0,38,19,19,12,6,6,38,19,19,38,19,19,26,13,13,12,4,8,6,0,6,1,0,1,0,0,0,12,12,2,3,6,3,0,0,0,12,6,6,0,14,0,2,3
56404518,1,,56404509;56404529,83,26,57,2,2,0,87,27,60,20,10,10,87,27,60,87,27,60,67,17,50,46,5,41,36,1,35,14,0,14,0,0,0,19,18,5,9,4,4,0,0,0,16,13,3,2,13,0,1,5
56404519,0,,,8,4,4,0,0,0,8,4,4,5,2,3,8,4,4,8,4,4,3,2,1,1,0,1,1,0,1,0,0,0,0,0,0,6,6,5,0,1,0,0,0,0,1,1,0,0,3,0,2,0
56404520,1,,56404530,17,8,9,3,0,3,24,11,13,11,6,5,24,11,13,24,11,13,13,5,8,6,1,5,3,0,3,0,0,0,0,0,0,7,7,2,1,3,2,0,1,0,7,3,4,1,8,0,2,0
56404521,2,56404512,,6,4,2,*,*,*,*,*,*,*,*,*,*,*,*,*,*,*,*,*,*,*,*,*,*,*,*,*,*,*,*,*,*,2,2,*,*,*,*,*,*,*,*,*,*,*,*,*,*,*
56404522,1,,56404532,17,9,8,1,1,0,19,9,10,8,4,4,17,8,9,17,8,9,11,5,6,3,1,2,0,0,0,0,0,0,0,0,0,6,6,2,4,1,0,0,0,1,6,4,2,0,6,0,0,4
56404523,0,,,14,8,6,0,0,0,14,8,6,6,4,2,14,8,6,14,8,6,8,4,4,4,1,3,1,0,1,1,0,1,0,0,0,8,8,5,1,1,1,0,0,0,3,1,2,0,7,0,4,0
56404525,2,56404535,,4,2,2,*,*,*,*,*,*,*,*,*,*,*,*,*,*,*,*,*,*,*,*,*,*,*,*,*,*,*,*,*,*,2,2,*,*,*,*,*,*,*,*,*,*,*,*,*,*,*
56404526,0,,,12,7,5,0,0,0,12,7,5,4,3,1,12,7,5,12,7,5,8,4,4,2,0,2,1,0,1,0,0,0,0,0,0,5,5,1,1,3,0,0,0,0,4,2,2,0,5,0,1,1
56404527,0,,,26,14,12,0,0,0,26,14,12,8,6,2,26,14,12,26,14,12,18,8,10,8,4,4,1,0,1,0,0,0,0,0,0,12,12,2,6,4,0,0,0,0,10,8,2,0,11,0,2,5
56404528,2,56404517,,7,3,4,*,*,*,*,*,*,*,*,*,*,*,*,*,*,*,*,*,*,*,*,*,*,*,*,*,*,*,*,*,*,2,2,*,*,*,*,*,*,*,*,*,*,*,*,*,*,*
56404529,2,56404518,,8,4,4,*,*,*,*,*,*,*,*,*,*,*,*,*,*,*,*,*,*,*,*,*,*,*,*,*,*,*,*,*,*,3,3,*,*,*,*,*,*,*,*,*,*,*,*,*,*,*
56404530,2,56404520,,10,3,7,*,*,*,*,*,*,*,*,*,*,*,*,*,*,*,*,*,*,*,*,*,*,*,*,*,*,*,*,*,*,2,2,*,*,*,*,*,*,*,*,*,*,*,*,*,*,*
56404531,0,,,16,6,10,0,0,0,16,6,10,8,3,5,15,6,9,14,5,9,8,3,5,7,3,4,4,2,2,1,0,1,0,0,0,5,5,1,1,1,0,2,0,0,4,2,2,0,5,0,1,1
56404532,2,56404522,,3,1,2,*,*,*,*,*,*,*,*,*,*,*,*,*,*,*,*,*,*,*,*,*,*,*,*,*,*,*,*,*,*,2,2,*,*,*,*,*,*,*,*,*,*,*,*,*,*,*
56404533,2,56404534,,7,3,4,*,*,*,*,*,*,*,*,*,*,*,*,*,*,*,*,*,*,*,*,*,*,*,*,*,*,*,*,*,*,3,3,*,*,*,*,*,*,*,*,*,*,*,*,*,*,*
56404534,1,,56404533,26,13,13,1,0,1,32,16,16,18,10,8,32,16,16,32,16,16,14,6,8,5,0,5,5,0,5,1,0,1,0,0,0,10,10,2,6,3,1,0,1,0,10,6,4,1,9,0,1,2
56404535,1,,56404525,83,37,46,3,1,2,84,38,46,43,19,24,84,38,46,83,37,46,41,19,22,20,9,11,7,2,5,0,0,0,6,0,6,44,44,20,17,5,2,2,0,0,26,20,6,1,27,4,8,8
56404536,0,,,25,14,11,0,0,0,25,14,11,10,6,4,25,14,11,25,14,11,15,8,7,7,5,2,2,2,0,0,0,0,2,0,2,11,11,3,4,2,2,0,0,0,8,6,2,0,9,2,1,2
56404537,0,,,28,13,15,0,0,0,28,13,15,11,5,6,28,13,15,28,13,15,17,8,9,9,2,7,2,0,2,0,0,0,0,0,0,15,15,5,7,3,0,0,0,0,9,6,3,0,13,0,5,0
56404538,0,,,50,27,23,0,0,0,50,27,23,24,13,11,50,27,23,50,27,23,26,14,12,12,5,7,4,2,2,0,0,0,0,0,0,25,25,10,7,6,2,0,0,0,15,10,5,0,18,0,5,3
56404539,0,,,47,22,25,1,0,1,46,22,24,14,9,5,46,22,24,45,22,23,32,13,19,23,9,14,12,5,7,0,0,0,0,0,0,24,24,9,10,3,1,1,0,0,15,12,3,0,22,0,7,6
56404540,1,,56404541,14,6,8,0,0,0,21,12,9,5,3,2,21,12,9,21,12,9,16,9,7,7,2,5,2,1,1,0,0,0,0,0,0,8,8,6,6,1,0,0,0,0,7,6,1,0,12,0,6,2
56404541,2,56404540,,7,6,1,*,*,*,*,*,*,*,*,*,*,*,*,*,*,*,*,*,*,*,*,*,*,*,*,*,*,*,*,*,*,5,5,*,*,*,*,*,*,*,*,*,*,*,*,*,*,*
56404542,2,56404552,,4,2,2,*,*,*,*,*,*,*,*,*,*,*,*,*,*,*,*,*,*,*,*,*,*,*,*,*,*,*,*,*,*,2,2,*,*,*,*,*,*,*,*,*,*,*,*,*,*,*
56404545,0,,,6,0,6,0,0,0,6,0,6,6,0,6,6,0,6,6,0,6,0,0,0,0,0,0,0,0,0,0,0,0,6,0,6,6,6,6,0,0,0,0,0,0,0,0,0,0,0,6,0,0
56404548,1,,56404558;56404568,20,13,7,0,0,0,29,17,12,12,7,5,29,17,12,29,17,12,17,10,7,6,4,2,1,0,1,0,0,0,0,0,0,17,17,17,4,0,1,0,0,0,5,4,1,0,14,2,10,3
56404549,1,,56404559,27,13,14,1,1,0,28,14,14,13,7,6,28,14,14,28,14,14,15,7,8,3,1,2,0,0,0,0,0,0,0,0,0,14,14,7,5,4,0,0,0,0,9,9,0,0,9,1,1,4
56404551,1,,56404561,50,23,27,6,2,4,52,26,26,23,10,13,50,24,26,50,24,26,29,16,13,9,4,5,4,1,3,1,0,1,0,0,0,16,16,2,9,4,0,1,2,1,17,10,7,1,18,0,2,4
56404552,1,,56404542,6,3,3,0,0,0,10,5,5,5,2,3,10,5,5,10,5,5,5,3,2,2,1,1,2,1,1,0,0,0,0,0,0,2,2,0,3,0,1,0,0,0,4,4,0,0,3,0,0,3
56404554,2,56404555,,6,3,3,*,*,*,*,*,*,*,*,*,*,*,*,*,*,*,*,*,*,*,*,*,*,*,*,*,*,*,*,*,*,3,3,*,*,*,*,*,*,*,*,*,*,*,*,*,*,*
56404555,1,,56404554;56404564,15,8,7,1,0,1,28,14,14,11,7,4,28,14,14,28,14,14,17,7,10,8,2,6,3,1,2,1,0,1,0,0,0,7,7,4,3,2,2,1,0,0,8,4,4,1,10,0,2,1
56404558,2,56404548,,7,3,4,*,*,*,*,*,*,*,*,*,*,*,*,*,*,*,*,*,*,*,*,*,*,*,*,*,*,*,*,*,*,4,4,*,*,*,*,*,*,*,*,*,*,*,*,*,*,*
56404559,2,56404549,,2,2,0,*,*,*,*,*,*,*,*,*,*,*,*,*,*,*,*,*,*,*,*,*,*,*,*,*,*,*,*,*,*,2,2,*,*,*,*,*,*,*,*,*,*,*,*,*,*,*
56404560,0,,,19,11,8,0,0,0,19,11,8,7,5,2,19,11,8,19,11,8,12,6,6,5,2,3,1,0,1,0,0,0,0,0,0,10,10,4,3,3,0,0,0,0,6,5,1,0,8,1,2,1
56404561,2,56404551,,8,5,3,*,*,*,*,*,*,*,*,*,*,*,*,*,*,*,*,*,*,*,*,*,*,*,*,*,*,*,*,*,*,3,3,*,*,*,*,*,*,*,*,*,*,*,*,*,*,*
56404562,1,,56404563;56404573,11,7,4,0,0,0,15,9,6,9,5,4,15,9,6,15,9,6,6,4,2,2,1,1,1,0,1,0,0,0,0,0,0,6,6,3,4,0,1,0,0,0,5,4,1,0,5,0,2,0
56404563,2,56404562,,2,1,1,*,*,*,*,*,*,*,*,*,*,*,*,*,*,*,*,*,*,*,*,*,*,*,*,*,*,*,*,*,*,1,1,*,*,*,*,*,*,*,*,*,*,*,*,*,*,*
56404564,2,56404555,,8,3,5,*,*,*,*,*,*,*,*,*,*,*,*,*,*,*,*,*,*,*,*,*,*,*,*,*,*,*,*,*,*,2,2,*,*,*,*,*,*,*,*,*,*,*,*,*,*,*
56404565,1,,56404566,17,8,9,0,0,0,20,10,10,6,4,2,20,10,10,20,10,10,14,6,8,6,3,3,2,1,1,1,0,1,1,0,1,6,6,0,3,2,2,0,0,0,7,2,5,0,7,0,0,0
56404566,2,56404565,,3,2,1,*,*,*,*,*,*,*,*,*,*,*,*,*,*,*,*,*,*,*,*,*,*,*,*,*,*,*,*,*,*,1,1,*,*,*,*,*,*,*,*,*,*,*,*,*,*,*
56404568,2,56404548,,2,1,1,*,*,*,*,*,*,*,*,*,*,*,*,*,*,*,*,*,*,*,*,*,*,*,*,*,*,*,*,*,*,1,1,*,*,*,*,*,*,*,*,*,*,*,*,*,*,*
56404570,0,,,21,10,11,0,0,0,21,10,11,6,3,3,21,10,11,21,10,11,15,7,8,7,4,3,3,1,2,0,0,0,0,0,0,8,8,1,3,2,2,0,0,0,7,4,3,0,8,0,1,2
56404571,0,,,10,4,6,0,0,0,10,4,6,2,1,1,10,4,6,10,4,6,8,3,5,4,1,3,4,1,3,0,0,0,0,0,0,4,4,1,1,1,1,0,0,0,3,1,2,0,4,0,1,1
56404573,2,56404562,,2,1,1,*,*,*,*,*,*,*,*,*,*,*,*,*,*,*,*,*,*,*,*,*,*,*,*,*,*,*,*,*,*,1,1,*,*,*,*,*,*,*,*,*,*,*,*,*,*,*
56404574,2,56404585,,7,3,4,*,*,*,*,*,*,*,*,*,*,*,*,*,*,*,*,*,*,*,*,*,*,*,*,*,*,*,*,*,*,4,4,*,*,*,*,*,*,*,*,*,*,*,*,*,*,*
56404576,2,56404585,,3,1,2,*,*,*,*,*,*,*,*,*,*,*,*,*,*,*,*,*,*,*,*,*,*,*,*,*,*,*,*,*,*,1,1,*,*,*,*,*,*,*,*,*,*,*,*,*,*,*
56404579,2,56404589,,8,5,3,*,*,*,*,*,*,*,*,*,*,*,*,*,*,*,*,*,*,*,*,*,*,*,*,*,*,*,*,*,*,2,2,*,*,*,*,*,*,*,*,*,*,*,*,*,*,*
56404580,1,,56404590,84,40,44,1,1,0,91,44,47,28,14,14,90,44,46,88,42,46,63,30,33,26,12,14,12,4,8,1,0,1,0,0,0,38,38,9,18,8,2,3,0,0,31,22,9,0,38,0,8,16
56404581,2,56404591,,9,3,6,*,*,*,*,*,*,*,*,*,*,*,*,*,*,*,*,*,*,*,*,*,*,*,*,*,*,*,*,*,*,3,3,*,*,*,*,*,*,*,*,*,*,*,*,*,*,*
56404585,1,,56404574;56404576,13,8,5,0,0,0,23,12,11,10,5,5,23,12,11,23,12,11,13,7,6,4,2,2,2,0,2,1,0,1,1,1,0,4,4,3,1,2,3,0,0,0,6,4,2,0,8,0,2,0
56404586,0,,,12,5,7,0,0,0,12,5,7,5,2,3,12,5,7,12,5,7,7,3,4,3,0,3,2,0,2,0,0,0,0,0,0,5,5,1,2,1,1,0,0,0,4,2,2,0,5,0,1,1
56404588,2,56404589,,3,1,2,*,*,*,*,*,*,*,*,*,*,*,*,*,*,*,*,*,*,*,*,*,*,*,*,*,*,*,*,*,*,2,2,*,*,*,*,*,*,*,*,*,*,*,*,*,*,*
56404589,1,,56404579;56404588,9,4,5,0,0,0,20,10,10,9,6,3,19,9,10,19,9,10,11,4,7,5,1,4,3,0,3,0,0,0,0,0,0,5,5,4,2,1,1,1,0,0,4,3,1,0,8,0,3,1
56404590,2,56404580,,8,5,3,*,*,*,*,*,*,*,*,*,*,*,*,*,*,*,*,*,*,*,*,*,*,*,*,*,*,*,*,*,*,2,2,*,*,*,*,*,*,*,*,*,*,*,*,*,*,*
56404591,1,,56404581;56404592,61,28,33,5,1,4,70,33,37,40,19,21,67,33,34,66,33,33,30,14,16,14,5,9,8,1,7,1,0,1,2,0,2,23,23,10,8,5,2,4,1,0,20,14,6,0,22,0,8,2
56404592,2,56404591,,5,3,2,*,*,*,*,*,*,*,*,*,*,*,*,*,*,*,*,*,*,*,*,*,*,*,*,*,*,*,*,*,*,4,4,*,*,*,*,*,*,*,*,*,*,*,*,*,*,*
56404596,1,,56404597,10,4,6,0,0,0,16,6,10,1,0,1,16,6,10,16,6,10,15,6,9,11,4,7,4,2,2,0,0,0,0,0,0,4,4,3,3,1,1,0,0,0,5,4,1,0,8,0,3,3
56404597,2,56404596,,6,2,4,*,*,*,*,*,*,*,*,*,*,*,*,*,*,*,*,*,*,*,*,*,*,*,*,*,*,*,*,*,*,4,4,*,*,*,*,*,*,*,*,*,*,*,*,*,*,*
56404600,2,56404610,,5,2,3,*,*,*,*,*,*,*,*,*,*,*,*,*,*,*,*,*,*,*,*,*,*,*,*,*,*,*,*,*,*,3,3,*,*,*,*,*,*,*,*,*,*,*,*,*,*,*
56404601,2,56404610,,2,1,1,*,*,*,*,*,*,*,*,*,*,*,*,*,*,*,*,*,*,*,*,*,*,*,*,*,*,*,*,*,*,1,1,*,*,*,*,*,*,*,*,*,*,*,*,*,*,*
56404602,2,56404610,,3,1,2,*,*,*,*,*,*,*,*,*,*,*,*,*,*,*,*,*,*,*,*,*,*,*,*,*,*,*,*,*,*,2,2,*,*,*,*,*,*,*,*,*,*,*,*,*,*,*
56404609,2,56404669,,2,1,1,*,*,*,*,*,*,*,*,*,*,*,*,*,*,*,*,*,*,*,*,*,*,*,*,*,*,*,*,*,*,1,1,*,*,*,*,*,*,*,*,*,*,*,*,*,*,*
56404610,1,,56404600;56404601;56404602,20,10,10,0,0,0,30,14,16,8,4,4,30,14,16,30,14,16,22,10,12,7,2,5,6,1,5,2,1,1,0,0,0,7,7,2,7,2,2,0,0,0,11,7,4,0,13,0,2,3
56404611,1,,56404612;56404613;56404622;56404623,11,7,4,0,0,0,20,11,9,7,5,2,20,11,9,20,11,9,13,6,7,9,4,5,3,2,1,0,0,0,0,0,0,7,7,5,6,1,0,0,0,0,7,5,2,0,9,0,2,5
56404612,2,56404611,,2,1,1,*,*,*,*,*,*,*,*,*,*,*,*,*,*,*,*,*,*,*,*,*,*,*,*,*,*,*,*,*,*,1,1,*,*,*,*,*,*,*,*,*,*,*,*,*,*,*
56404613,2,56404611,,2,1,1,*,*,*,*,*,*,*,*,*,*,*,*,*,*,*,*,*,*,*,*,*,*,*,*,*,*,*,*,*,*,1,1,*,*,*,*,*,*,*,*,*,*,*,*,*,*,*
56404614,2,56404625,,6,4,2,*,*,*,*,*,*,*,*,*,*,*,*,*,*,*,*,*,*,*,*,*,*,*,*,*,*,*,*,*,*,3,3,*,*,*,*,*,*,*,*,*,*,*,*,*,*,*
56404620,2,56404630,,7,3,4,*,*,*,*,*,*,*,*,*,*,*,*,*,*,*,*,*,*,*,*,*,*,*,*,*,*,*,*,*,*,3,3,*,*,*,*,*,*,*,*,*,*,*,*,*,*,*
56404621,2,56404631,,3,2,1,*,*,*,*,*,*,*,*,*,*,*,*,*,*,*,*,*,*,*,*,*,*,*,*,*,*,*,*,*,*,2,2,*,*,*,*,*,*,*,*,*,*,*,*,*,*,*
56404622,2,56404611,,3,1,2,*,*,*,*,*,*,*,*,*,*,*,*,*,*,*,*,*,*,*,*,*,*,*,*,*,*,*,*,*,*,2,2,*,*,*,*,*,*,*,*,*,*,*,*,*,*,*
56404623,2,56404611,,2,1,1,*,*,*,*,*,*,*,*,*,*,*,*,*,*,*,*,*,*,*,*,*,*,*,*,*,*,*,*,*,*,1,1,*,*,*,*,*,*,*,*,*,*,*,*,*,*,*
56404624,2,56404625,,1,1,0,*,*,*,*,*,*,*,*,*,*,*,*,*,*,*,*,*,*,*,*,*,*,*,*,*,*,*,*,*,*,1,1,*,*,*,*,*,*,*,*,*,*,*,*,*,*,*
56404625,1,,56404614;56404624;56404626;56404627;56404628;56404634,3,1,2,0,0,0,18,10,8,8,4,4,18,10,8,18,10,8,10,6,4,6,3,3,2,1,1,0,0,0,0,0,0,1,1,4,4,2,0,0,0,0,6,6,0,0,7,0,2,3
56404626,2,56404625,,1,1,0,*,*,*,*,*,*,*,*,*,*,*,*,*,*,*,*,*,*,*,*,*,*,*,*,*,*,*,*,*,*,1,1,*,*,*,*,*,*,*,*,*,*,*,*,*,*,*
56404627,2,56404625,,2,0,2,*,*,*,*,*,*,*,*,*,*,*,*,*,*,*,*,*,*,*,*,*,*,*,*,*,*,*,*,*,*,1,1,*,*,*,*,*,*,*,*,*,*,*,*,*,*,*
56404628,2,56404625,,3,2,1,*,*,*,*,*,*,*,*,*,*,*,*,*,*,*,*,*,*,*,*,*,*,*,*,*,*,*,*,*,*,2,2,*,*,*,*,*,*,*,*,*,*,*,*,*,*,*
56404630,1,,56404620;56404674,72,33,39,1,0,1,82,38,44,38,19,19,81,37,44,80,36,44,44,19,25,23,7,16,4,0,4,0,0,0,0,0,0,47,47,29,16,2,4,0,0,0,22,18,4,1,33,3,16,8
56404631,1,,56404621,13,9,4,0,0,0,16,11,5,8,6,2,16,11,5,16,11,5,8,5,3,3,1,2,1,0,1,0,0,0,0,0,0,6,6,2,4,2,0,0,0,0,6,4,2,0,6,0,1,2
56404634,2,56404625,,2,1,1,*,*,*,*,*,*,*,*,*,*,*,*,*,*,*,*,*,*,*,*,*,*,*,*,*,*,*,*,*,*,1,1,*,*,*,*,*,*,*,*,*,*,*,*,*,*,*
56404640,0,,,16,10,6,0,0,0,16,10,6,6,4,2,16,10,6,16,10,6,10,6,4,1,0,1,0,0,0,0,0,0,0,0,0,8,8,3,2,3,0,0,0,0,5,5,0,0,7,0,2,1
56404650,1,,56404651;56404663;56404673,12,6,6,0,0,0,27,11,16,12,3,9,26,11,15,26,11,15,15,8,7,8,3,5,4,2,2,0,0,0,0,0,0,5,5,1,4,3,1,1,0,0,8,4,4,0,9,0,0,3
56404651,2,56404650,,10,4,6,*,*,*,*,*,*,*,*,*,*,*,*,*,*,*,*,*,*,*,*,*,*,*,*,*,*,*,*,*,*,3,3,*,*,*,*,*,*,*,*,*,*,*,*,*,*,*
56404663,2,56404650,,2,0,2,*,*,*,*,*,*,*,*,*,*,*,*,*,*,*,*,*,*,*,*,*,*,*,*,*,*,*,*,*,*,1,1,*,*,*,*,*,*,*,*,*,*,*,*,*,*,*
56404669,1,,56404609,67,36,31,3,3,0,66,34,32,26,15,11,63,33,30,63,33,30,40,19,21,19,7,12,6,2,4,1,0,1,0,0,0,25,25,7,7,4,6,0,2,0,19,13,6,1,25,0,7,5
56404673,2,56404650,,3,1,2,*,*,*,*,*,*,*,*,*,*,*,*,*,*,*,*,*,*,*,*,*,*,*,*,*,*,*,*,*,*,1,1,*,*,*,*,*,*,*,*,*,*,*,*,*,*,*
56404674,2,56404630,,4,2,2,*,*,*,*,*,*,*,*,*,*,*,*,*,*,*,*,*,*,*,*,*,*,*,*,*,*,*,*,*,*,1,1,*,*,*,*,*,*,*,*,*,*,*,*,*,*,*
56404675,1,,56404685,10,5,5,0,0,0,11,6,5,6,3,3,11,6,5,11,6,5,5,3,2,3,1,2,2,1,1,0,0,0,0,0,0,4,4,2,1,1,1,0,0,0,3,2,1,0,4,0,1,0
56404679,0,,,42,23,19,2,1,1,40,22,18,24,14,10,39,22,17,37,21,16,16,8,8,11,6,5,3,1,2,1,0,1,0,0,0,9,9,1,0,1,2,1,3,1,8,1,7,0,9,0,1,0
56404684,1,,56404693;56404694,10,6,4,0,0,0,21,12,9,13,7,6,21,12,9,21,12,9,8,5,3,6,4,2,1,1,0,0,0,0,1,0,1,5,5,2,2,2,1,1,0,0,6,3,3,0,5,0,1,1
56404685,2,56404675,,1,1,0,*,*,*,*,*,*,*,*,*,*,*,*,*,*,*,*,*,*,*,*,*,*,*,*,*,*,*,*,*,*,1,1,*,*,*,*,*,*,*,*,*,*,*,*,*,*,*
56404693,2,56404684,,4,3,1,*,*,*,*,*,*,*,*,*,*,*,*,*,*,*,*,*,*,*,*,*,*,*,*,*,*,*,*,*,*,1,1,*,*,*,*,*,*,*,*,*,*,*,*,*,*,*
56404694,2,56404684,,7,3,4,*,*,*,*,*,*,*,*,*,*,*,*,*,*,*,*,*,*,*,*,*,*,*,*,*,*,*,*,*,*,2,2,*,*,*,*,*,*,*,*,*,*,*,*,*,*,*
56404703,0,,,30,14,16,4,1,3,26,13,13,17,9,8,26,13,13,25,13,12,9,4,5,7,4,3,3,2,1,0,0,0,0,0,0,8,8,1,1,2,3,0,0,1,7,4,3,2,5,0,0,1
56404704,0,,,108,51,57,2,1,1,106,50,56,51,25,26,103,49,54,100,48,52,55,25,30,33,15,18,7,3,4,2,0,2,0,0,0,38,38,7,10,10,6,3,2,0,31,18,13,0,33,0,4,6
56404705,1,,56404715,78,41,37,8,5,3,73,39,34,41,23,18,72,39,33,72,39,33,32,16,16,15,7,8,5,4,1,0,0,0,3,0,3,27,27,11,6,5,6,0,1,2,20,12,8,2,19,3,2,5
56404706,0,,,63,32,31,2,1,1,59,29,30,42,21,21,55,28,27,54,27,27,17,8,9,10,5,5,2,1,1,0,0,0,0,0,0,24,24,4,9,7,2,1,0,1,20,14,6,0,10,0,1,3
56404707,0,,,16,8,8,1,1,0,13,5,8,8,2,6,12,5,7,12,5,7,5,3,2,2,1,1,1,0,1,0,0,0,0,0,0,6,6,2,1,1,1,1,0,0,4,2,2,0,3,0,0,1
56404708,2,56404709,,31,27,4,*,*,*,*,*,*,*,*,*,*,*,*,*,*,*,*,*,*,*,*,*,*,*,*,*,*,*,*,*,*,27,3,*,*,*,*,*,*,*,*,*,*,*,*,*,*,*
56404709,1,,56404708,196,170,26,0,0,0,120,91,29,89,75,14,118,90,28,117,89,28,31,16,15,16,8,8,8,2,6,0,0,0,1,1,0,162,18,2,8,6,3,1,1,0,19,11,8,0,15,1,0,4
56404713,0,,,18,10,8,3,2,1,15,8,7,5,3,2,15,8,7,15,8,7,10,5,5,4,2,2,1,0,1,0,0,0,0,0,0,6,6,0,4,1,0,0,0,1,6,5,1,0,6,0,0,2
56404715,2,56404705,,4,4,0,*,*,*,*,*,*,*,*,*,*,*,*,*,*,*,*,*,*,*,*,*,*,*,*,*,*,*,*,*,*,4,4,*,*,*,*,*,*,*,*,*,*,*,*,*,*,*
56404716,0,,,35,20,15,2,2,0,33,18,15,16,9,7,31,18,13,31,18,13,17,9,8,7,3,4,2,0,2,1,0,1,0,0,0,10,10,1,1,3,3,1,1,0,9,4,5,0,9,0,1,1
56404717,0,,,112,61,51,4,2,2,108,59,49,63,36,27,106,58,48,104,57,47,45,23,22,24,13,11,9,4,5,2,2,0,0,0,0,34,34,3,7,10,8,4,1,1,31,17,14,1,26,0,1,4
56404718,0,,,91,48,43,10,6,4,79,40,39,37,20,17,77,39,38,76,39,37,42,20,22,17,7,10,10,4,6,1,1,0,0,0,0,26,26,6,4,4,5,2,2,3,20,7,13,2,23,0,3,3
56404719,0,,,105,57,48,7,5,2,98,52,46,48,30,18,98,52,46,96,50,46,50,22,28,21,7,14,8,1,7,0,0,0,0,0,0,36,36,6,10,8,9,0,2,1,30,19,11,2,29,0,4,8
56404721,1,,56404730,31,16,15,0,0,0,34,17,17,13,7,6,34,17,17,33,17,16,21,10,11,7,3,4,3,1,2,0,0,0,0,0,0,14,14,6,6,3,0,0,0,1,10,8,2,0,14,0,5,4
56404722,0,,,32,15,17,0,0,0,32,15,17,14,6,8,32,15,17,31,15,16,18,9,9,8,2,6,4,1,3,0,0,0,0,0,0,15,15,3,8,3,1,0,0,0,12,8,4,0,13,0,2,2
56404723,1,,56404733,52,26,26,4,3,1,54,26,28,27,15,12,54,26,28,53,26,27,27,11,16,11,3,8,4,1,3,2,1,1,0,0,0,20,20,4,8,5,3,1,1,0,18,13,5,3,17,0,3,6
56404724,0,,,209,100,109,16,6,10,193,94,99,102,54,48,189,92,97,187,92,95,91,40,51,41,15,26,13,3,10,1,0,1,0,0,0,73,73,8,26,19,11,6,3,0,65,42,23,3,56,0,4,14
56404725,0,,,191,104,87,16,10,6,175,94,81,101,54,47,170,91,79,167,89,78,74,40,34,35,16,19,13,8,5,2,2,0,0,0,0,70,70,12,29,9,10,6,4,0,58,45,13,3,51,0,9,15
56404726,0,,,23,11,12,3,2,1,20,9,11,9,5,4,19,8,11,19,8,11,11,4,7,4,1,3,2,0,2,0,0,0,0,0,0,6,6,0,2,2,0,0,1,1,6,2,4,1,6,0,0,0
56404727,0,,,64,28,36,6,2,4,58,26,32,27,13,14,55,26,29,53,24,29,31,13,18,15,6,9,3,0,3,1,0,1,0,0,0,22,22,5,5,7,1,1,2,1,16,11,5,2,16,0,2,4
56404728,1,,56404739,102,50,52,8,4,4,98,48,50,43,24,19,98,48,50,97,47,50,55,24,31,25,8,17,8,2,6,1,0,1,0,0,0,38,38,7,17,7,6,1,0,2,33,21,12,2,32,0,3,11
56404730,2,56404721,,3,1,2,*,*,*,*,*,*,*,*,*,*,*,*,*,*,*,*,*,*,*,*,*,*,*,*,*,*,*,*,*,*,2,2,*,*,*,*,*,*,*,*,*,*,*,*,*,*,*
56404731,0,,,16,6,10,0,0,0,16,6,10,6,1,5,16,6,10,16,6,10,10,5,5,6,3,3,3,2,1,0,0,0,0,0,0,5,5,0,2,1,1,1,0,0,5,3,2,0,5,0,0,2
56404733,2,56404723,,6,3,3,*,*,*,*,*,*,*,*,*,*,*,*,*,*,*,*,*,*,*,*,*,*,*,*,*,*,*,*,*,*,2,2,*,*,*,*,*,*,*,*,*,*,*,*,*,*,*
56404734,0,,,121,60,61,9,6,3,112,54,58,61,31,30,109,53,56,109,53,56,51,23,28,25,9,16,11,4,7,0,0,0,1,1,0,40,40,10,7,9,5,5,3,1,30,10,20,1,35,0,8,4
56404735,0,,,645,331,314,91,47,44,547,279,268,351,192,159,523,264,259,511,255,256,196,87,109,82,30,52,26,6,20,5,2,3,0,0,0,204,204,24,53,50,41,19,13,4,179,131,48,21,120,0,12,31
56404736,0,,,569,264,305,75,32,43,488,229,259,299,153,146,463,218,245,456,217,239,189,76,113,87,30,57,22,3,19,3,0,3,1,0,1,211,211,61,51,44,25,16,8,6,148,105,43,19,127,0,34,19
56404737,0,,,458,247,211,44,24,20,413,222,191,258,154,104,400,215,185,390,209,181,155,68,87,82,32,50,24,8,16,0,0,0,1,1,0,195,195,77,49,31,18,7,9,4,114,77,37,5,103,18,24,18
56404738,0,,,194,100,94,16,8,8,178,92,86,101,64,37,174,90,84,173,89,84,77,28,49,35,11,24,8,1,7,2,0,2,14,14,0,77,77,27,18,16,7,4,1,4,50,30,20,4,52,4,10,7
56404739,2,56404728,,4,2,2,*,*,*,*,*,*,*,*,*,*,*,*,*,*,*,*,*,*,*,*,*,*,*,*,*,*,*,*,*,*,2,2,*,*,*,*,*,*,*,*,*,*,*,*,*,*,*
56404743,0,,,9,4,5,0,0,0,9,4,5,3,1,2,9,4,5,9,4,5,6,3,3,1,0,1,0,0,0,0,0,0,0,0,0,5,5,2,2,1,0,0,0,0,3,2,1,0,5,0,2,2
56404744,0,,,101,44,57,12,4,8,89,40,49,52,23,29,86,40,46,85,40,45,37,17,20,19,7,12,7,3,4,0,0,0,0,0,0,25,25,1,6,5,2,4,4,3,24,10,14,3,21,0,0,4
56404745,0,,,107,61,46,18,11,7,89,50,39,63,39,24,85,46,39,84,45,39,26,11,15,14,6,8,8,4,4,0,0,0,0,0,0,34,34,4,9,10,4,3,4,0,30,20,10,5,18,0,2,3
56404746,0,,,974,473,501,164,85,79,806,385,421,573,279,294,777,371,406,764,365,399,233,106,127,105,39,66,41,11,30,1,1,0,15,1,14,370,370,124,89,64,39,26,13,15,244,176,68,43,164,17,44,34
56404747,0,,,1510,717,793,177,88,89,1317,614,703,792,396,396,1279,596,683,1267,589,678,525,218,307,268,91,177,105,29,76,5,0,5,13,2,11,629,627,218,173,107,72,27,21,9,400,289,111,47,362,14,97,69
56404748,0,,,228,120,108,17,10,7,211,110,101,108,63,45,208,108,100,205,106,99,103,47,56,46,19,27,14,3,11,2,1,1,2,1,1,82,82,18,25,14,12,8,5,0,64,42,22,4,65,0,13,12
56404749,0,,,171,87,84,27,13,14,144,74,70,81,43,38,139,70,69,136,68,68,63,31,32,24,10,14,14,5,9,0,0,0,0,0,0,45,45,6,9,8,7,7,0,8,38,16,22,4,38,0,6,3
56404753,0,,,26,13,13,1,0,1,25,13,12,13,8,5,25,13,12,25,13,12,12,5,7,7,2,5,3,1,2,0,0,0,0,0,0,9,9,1,2,4,1,1,0,0,8,3,5,0,8,0,0,1
56404754,0,,,146,72,74,13,7,6,133,65,68,70,33,37,128,64,64,128,64,64,63,32,31,27,14,13,9,4,5,3,1,2,0,0,0,45,45,6,15,7,6,5,2,4,39,20,19,4,39,0,5,10
56404755,0,,,174,74,100,16,5,11,158,69,89,90,41,49,150,64,86,145,63,82,68,28,40,33,11,22,20,6,14,0,0,0,0,0,0,50,50,5,16,6,10,5,4,4,45,21,24,2,40,0,2,8
56404756,0,,,827,393,434,107,50,57,702,330,372,445,225,220,681,318,363,673,316,357,257,105,152,181,69,112,99,34,65,17,5,12,2,1,1,318,316,119,88,48,34,18,6,3,189,160,29,30,110,16,29,17
56404757,0,,,287,125,162,19,9,10,264,113,151,129,69,60,256,110,146,251,109,142,135,44,91,103,25,78,72,12,60,13,0,13,0,0,0,86,79,30,21,8,9,3,4,4,48,32,16,6,37,2,7,6
56404758,0,,,212,103,109,21,13,8,191,90,101,116,58,58,180,87,93,177,86,91,75,32,43,32,10,22,24,6,18,3,2,1,0,0,0,63,63,5,16,19,12,5,1,5,58,35,23,4,46,0,2,5
56404759,0,,,117,64,53,7,5,2,110,59,51,62,38,24,109,59,50,108,58,50,48,21,27,25,10,15,7,0,7,0,0,0,0,0,0,46,46,16,12,7,5,2,3,1,30,18,12,1,29,0,5,5
56404760,0,,,125,63,62,9,3,6,116,60,56,61,32,29,113,59,54,112,58,54,55,28,27,22,9,13,7,1,6,0,0,0,0,0,0,42,42,11,9,8,5,5,2,2,31,19,12,2,36,0,10,3
56404761,0,,,29,15,14,1,1,0,28,14,14,13,6,7,27,14,13,26,13,13,15,8,7,8,4,4,2,1,1,1,0,1,0,0,0,9,9,2,2,2,0,1,2,0,7,4,3,0,9,0,2,1
56404763,0,,,106,54,52,12,8,4,94,46,48,61,34,27,91,45,46,91,45,46,33,12,21,21,7,14,13,3,10,2,0,2,0,0,0,31,31,8,4,4,5,4,4,2,23,10,13,4,22,0,7,0
56404764,0,,,245,121,124,20,11,9,225,110,115,127,65,62,216,106,110,214,105,109,98,45,53,43,14,29,16,4,12,1,0,1,1,0,1,81,81,8,27,21,13,7,2,3,72,52,20,6,61,0,5,13
56404765,0,,,84,47,37,4,3,1,80,44,36,46,25,21,79,43,36,78,42,36,34,19,15,19,10,9,5,3,2,0,0,0,0,0,0,29,29,5,6,10,4,3,1,0,24,16,8,1,24,0,5,3
56404766,0,,,154,84,70,15,9,6,136,73,63,86,47,39,132,70,62,126,64,62,50,26,24,30,15,15,12,8,4,0,0,0,1,0,1,51,51,10,19,6,5,4,1,6,38,26,12,5,28,0,4,7
56404767,0,,,69,32,37,7,4,3,62,28,34,38,18,20,59,27,32,58,27,31,24,10,14,14,4,10,3,0,3,0,0,0,1,1,0,18,18,3,4,1,1,5,2,2,15,6,9,2,16,0,2,2
56404768,0,,,60,32,28,4,3,1,56,29,27,30,18,12,55,28,27,54,27,27,26,11,15,13,6,7,5,3,2,0,0,0,0,0,0,18,18,0,5,6,4,2,1,0,18,10,8,2,16,0,0,2
56404769,0,,,50,25,25,5,3,2,45,22,23,25,14,11,43,21,22,42,20,22,20,8,12,12,4,8,6,1,5,0,0,0,0,0,0,17,17,5,5,1,2,2,1,1,12,5,7,1,12,0,1,4
56404770,0,,,15,8,7,1,1,0,14,7,7,8,4,4,13,7,6,13,7,6,6,3,3,3,1,2,2,0,2,0,0,0,0,0,0,6,6,1,4,0,0,0,1,0,5,4,1,0,4,0,0,1
56404771,0,,,88,49,39,14,8,6,74,41,33,42,24,18,73,40,33,73,40,33,32,17,15,15,8,7,5,3,2,1,1,0,0,0,0,27,27,2,9,7,5,1,0,3,25,14,11,2,19,0,1,4
56404772,0,,,60,25,35,5,0,5,55,25,30,25,10,15,55,25,30,55,25,30,30,15,15,12,5,7,5,3,2,0,0,0,0,0,0,20,20,1,8,6,3,0,1,1,19,11,8,1,19,0,1,6
56404773,0,,,215,103,112,26,15,11,189,88,101,100,50,50,183,86,97,180,85,95,89,38,51,57,21,36,25,6,19,3,0,3,1,0,1,56,54,6,11,9,11,10,5,2,48,22,26,8,39,0,3,8
56404774,0,,,181,86,95,10,5,5,171,81,90,101,48,53,163,78,85,161,78,83,70,33,37,32,12,20,10,3,7,1,0,1,0,0,0,54,54,4,17,13,9,3,7,1,50,25,25,3,48,0,2,9
56404775,0,,,48,24,24,0,0,0,46,22,24,32,17,15,42,20,22,38,18,20,14,5,9,8,3,5,1,0,1,0,0,0,0,0,0,18,18,5,6,2,2,1,2,0,12,5,7,0,10,0,2,1
56404776,0,,,83,46,37,7,4,3,76,42,34,45,27,18,74,41,33,71,41,30,31,15,16,15,7,8,5,2,3,0,0,0,0,0,0,35,24,4,8,6,1,2,1,2,20,14,6,2,18,0,2,5
56404777,0,,,62,30,32,7,3,4,55,27,28,21,11,10,54,26,28,52,25,27,34,16,18,17,6,11,11,2,9,0,0,0,0,0,0,18,18,1,7,4,1,2,1,2,17,8,9,2,17,0,1,4
56404778,0,,,91,44,47,6,0,6,85,44,41,44,25,19,79,40,39,77,39,38,41,19,22,18,5,13,7,2,5,0,0,0,0,0,0,29,29,4,7,11,2,1,2,2,25,12,13,1,23,0,4,1
56404779,0,,,17,12,5,3,3,0,14,9,5,10,8,2,13,8,5,13,8,5,4,1,3,4,1,3,1,0,1,0,0,0,0,0,0,7,7,2,2,1,2,0,0,0,5,5,0,1,3,0,0,0
56404783,0,,,44,24,20,0,0,0,44,24,20,18,10,8,42,23,19,41,23,18,26,14,12,16,8,8,7,4,3,0,0,0,0,0,0,17,17,4,7,3,1,1,0,1,13,7,6,0,16,0,4,5
56404784,1,,56404785,81,43,38,4,4,0,81,42,39,52,28,24,78,39,39,75,38,37,29,14,15,14,4,10,6,2,4,0,0,0,0,0,0,22,22,4,3,8,1,2,1,4,19,10,9,0,18,0,2,1
56404785,2,56404784,,4,3,1,*,*,*,*,*,*,*,*,*,*,*,*,*,*,*,*,*,*,*,*,*,*,*,*,*,*,*,*,*,*,2,1,*,*,*,*,*,*,*,*,*,*,*,*,*,*,*
56404786,0,,,101,63,38,5,2,3,94,59,35,53,37,16,90,57,33,90,57,33,41,22,19,20,9,11,5,1,4,1,0,1,0,0,0,45,27,3,11,4,3,3,2,1,24,15,9,2,21,0,2,5
56404787,0,,,68,31,37,8,3,5,60,28,32,33,15,18,58,27,31,57,27,30,27,13,14,12,4,8,7,1,6,0,0,0,1,0,1,19,19,0,6,7,2,0,3,1,19,10,9,1,16,0,0,4
56404788,0,,,52,24,28,0,0,0,52,24,28,26,14,12,51,23,28,50,23,27,26,10,16,19,6,13,13,3,10,0,0,0,0,0,0,18,18,1,6,6,4,1,0,0,17,7,10,0,16,0,0,3
56404789,0,,,64,34,30,4,3,1,60,31,29,28,17,11,60,31,29,59,30,29,32,14,18,17,6,11,7,2,5,0,0,0,0,0,0,19,19,1,7,4,2,2,2,1,18,10,8,1,18,0,1,4
56404792,1,,56404793,55,29,26,7,4,3,63,31,32,35,18,17,63,31,32,62,30,32,28,13,15,16,6,10,8,2,6,1,0,1,1,0,1,21,21,5,7,5,3,2,0,2,19,10,9,1,22,0,4,2
56404793,2,56404792,,15,6,9,*,*,*,*,*,*,*,*,*,*,*,*,*,*,*,*,*,*,*,*,*,*,*,*,*,*,*,*,*,*,3,3,*,*,*,*,*,*,*,*,*,*,*,*,*,*,*
56404794,0,,,15,8,7,2,1,1,13,7,6,8,4,4,13,7,6,12,7,5,5,3,2,3,2,1,0,0,0,0,0,0,0,0,0,5,4,0,2,0,0,2,0,0,4,2,2,0,3,0,0,1
56404795,0,,,41,31,10,2,1,1,36,27,9,22,17,5,36,27,9,36,27,9,14,10,4,5,3,2,1,1,0,0,0,0,0,0,0,29,12,4,6,0,2,0,0,0,8,7,1,1,6,1,1,2
56404796,0,,,126,58,68,12,4,8,112,52,60,49,31,18,110,51,59,110,51,59,63,21,42,37,9,28,22,6,16,3,0,3,0,0,0,45,39,8,14,6,8,2,1,0,31,20,11,5,27,0,4,5
56404797,0,,,69,29,40,13,8,5,56,21,35,35,17,18,54,21,33,51,19,32,21,4,17,18,4,14,11,3,8,1,0,1,0,0,0,18,18,3,4,2,2,2,2,3,15,8,7,4,14,0,2,1
56404798,0,,,27,14,13,1,1,0,26,13,13,13,7,6,25,12,13,25,12,13,13,6,7,5,2,3,2,0,2,1,0,1,0,0,0,8,8,0,3,1,2,2,0,0,8,5,3,0,7,0,0,3
56404799,0,,,40,22,18,4,1,3,36,21,15,19,11,8,35,20,15,35,20,15,17,10,7,8,5,3,4,3,1,1,1,0,0,0,0,17,17,3,9,3,1,0,1,0,14,10,4,0,11,0,1,4
56405204,0,,,37,20,17,2,1,1,33,18,15,21,11,10,32,17,15,31,17,14,12,7,5,7,3,4,1,1,0,0,0,0,0,0,0,24,24,18,4,1,0,0,0,1,6,5,1,0,7,1,1,4
56405205,0,,,10,5,5,0,0,0,10,5,5,7,3,4,10,5,5,10,5,5,3,2,1,1,0,1,0,0,0,0,0,0,0,0,0,7,7,4,3,0,0,0,0,0,3,3,0,0,3,0,3,0
56405206,0,,,15,8,7,0,0,0,15,8,7,6,3,3,15,8,7,15,8,7,9,5,4,3,2,1,1,0,1,0,0,0,0,0,0,8,8,2,5,1,0,0,0,0,6,6,0,0,6,0,1,2
56405208,0,,,342,167,175,39,20,19,294,142,152,145,72,73,286,138,148,285,138,147,149,70,79,61,26,35,15,5,10,5,2,3,3,1,2,125,124,22,51,23,12,7,5,4,99,74,25,10,93,0,17,26
56405209,0,,,486,238,248,31,17,14,454,220,234,234,124,110,442,215,227,430,209,221,220,96,124,130,46,84,57,23,34,10,3,7,7,3,4,155,153,23,49,33,21,15,7,5,129,84,45,11,114,3,11,24
56405218,0,,,97,42,55,8,3,5,89,39,50,48,21,27,86,39,47,86,39,47,41,18,23,19,6,13,7,2,5,0,0,0,1,0,1,34,34,2,17,8,2,2,2,1,32,21,11,3,25,0,0,9
56405219,0,,,302,123,179,44,15,29,257,107,150,96,50,46,247,101,146,243,99,144,161,57,104,117,35,82,64,15,49,18,4,14,0,0,0,85,82,20,25,27,5,2,1,2,62,48,14,2,66,0,18,13
56405228,0,,,92,41,51,12,3,9,80,38,42,40,22,18,80,38,42,80,38,42,40,16,24,19,6,13,12,3,9,0,0,0,1,0,1,33,33,5,16,4,2,2,3,1,27,20,7,4,26,0,2,9
56405229,0,,,260,124,136,27,12,15,233,112,121,126,66,60,229,108,121,224,106,118,107,46,61,53,19,34,20,7,13,6,0,6,0,0,0,90,90,15,27,24,12,4,6,2,73,46,27,6,66,0,10,10
56405237,2,56405238,,3,1,2,*,*,*,*,*,*,*,*,*,*,*,*,*,*,*,*,*,*,*,*,*,*,*,*,*,*,*,*,*,*,1,1,*,*,*,*,*,*,*,*,*,*,*,*,*,*,*
56405238,1,,56405237;56405276,95,52,43,12,6,6,87,47,40,45,25,20,87,47,40,87,47,40,42,22,20,24,11,13,12,6,6,0,0,0,0,0,0,34,34,9,14,3,2,5,1,2,27,19,8,2,28,0,6,8
56405239,0,,,50,28,22,1,1,0,49,27,22,27,16,11,48,26,22,46,24,22,22,11,11,7,3,4,2,0,2,0,0,0,0,0,0,25,25,10,8,5,1,1,0,0,15,14,1,0,13,0,3,4
56405276,2,56405238,,1,0,1,*,*,*,*,*,*,*,*,*,*,*,*,*,*,*,*,*,*,*,*,*,*,*,*,*,*,*,*,*,*,1,1,*,*,*,*,*,*,*,*,*,*,*,*,*,*,*
56405277,0,,,13,8,5,2,1,1,11,7,4,5,3,2,10,7,3,10,7,3,6,4,2,2,1,1,1,0,1,0,0,0,0,0,0,6,6,4,0,0,1,1,0,0,2,1,1,0,4,0,3,0
56405300,0,,,69,33,36,2,1,1,67,32,35,30,16,14,67,32,35,66,32,34,37,16,21,21,7,14,7,1,6,1,0,1,0,0,0,28,28,6,11,6,3,1,1,0,22,15,7,1,23,0,2,6
56405301,0,,,217,113,104,12,8,4,205,105,100,114,61,53,204,104,100,201,101,100,91,44,47,40,17,23,12,3,9,0,0,0,0,0,0,81,81,14,32,15,8,10,2,0,67,44,23,3,59,0,10,16
56405302,0,,,205,104,101,19,11,8,186,93,93,90,50,40,180,89,91,179,89,90,96,43,53,52,22,30,19,8,11,0,0,0,0,0,0,76,76,16,26,13,12,5,3,1,60,40,20,3,60,0,10,17
56405303,0,,,382,191,191,36,19,17,345,171,174,202,107,95,334,167,167,325,161,164,143,64,79,73,33,40,22,8,14,0,0,0,6,5,1,132,131,23,36,31,19,16,5,1,108,76,32,11,94,0,14,21
56405304,0,,,1141,513,628,132,66,66,975,428,547,605,302,303,947,418,529,932,413,519,370,126,244,242,65,177,127,26,101,17,3,14,9,4,5,415,413,147,108,74,52,24,6,2,259,221,38,43,123,24,24,31
56405305,0,,,3446,1683,1763,419,207,212,2889,1390,1499,2096,1064,1032,2809,1347,1462,2760,1321,1439,793,326,467,419,149,270,160,53,107,16,3,13,9,4,5,1648,1646,747,402,254,157,65,14,7,884,780,104,131,506,124,128,142
56405306,0,,,4839,2384,2455,461,231,230,4046,1963,2083,2878,1481,1397,3933,1909,2024,3849,1866,1983,1168,482,686,574,203,371,202,61,141,17,7,10,28,9,19,2660,2654,1501,579,298,189,67,17,3,1128,1023,105,121,797,234,321,182
56405307,0,,,4472,2083,2389,319,167,152,3797,1711,2086,2496,1227,1269,3710,1664,2046,3637,1630,2007,1301,484,817,723,229,494,288,80,208,34,4,30,143,46,97,2566,2556,1492,616,266,134,36,7,5,1033,930,103,103,872,178,400,195
56405308,0,,,3339,1666,1673,347,173,174,2882,1429,1453,2087,1076,1011,2791,1375,1416,2713,1346,1367,795,353,442,406,163,243,133,47,86,11,3,8,19,8,11,1635,1632,709,439,282,140,48,10,4,905,825,80,108,545,112,157,155
56405309,0,,,89,46,43,11,5,6,78,41,37,41,25,16,77,41,36,77,41,36,37,16,21,25,10,15,6,1,5,0,0,0,0,0,0,38,38,12,12,4,9,1,0,0,26,22,4,3,28,0,11,4
56405310,0,,,131,66,65,16,10,6,115,56,59,55,31,24,114,56,58,114,56,58,60,25,35,32,12,20,8,3,5,0,0,0,0,0,0,49,49,11,19,7,5,2,4,1,38,26,12,3,40,0,10,9
56405311,0,,,303,154,149,29,17,12,273,136,137,125,64,61,269,133,136,268,132,136,148,72,76,70,26,44,28,11,17,2,0,2,3,0,3,111,111,15,43,27,15,6,4,1,96,68,28,7,91,0,8,28
56405312,0,,,486,233,253,39,18,21,446,214,232,240,121,119,429,205,224,422,202,220,206,93,113,113,51,62,34,10,24,2,0,2,0,0,0,166,166,29,49,38,26,12,7,5,137,98,39,9,128,1,22,29
56405313,0,,,840,401,439,89,44,45,748,355,393,459,228,231,730,344,386,716,338,378,289,127,162,143,56,87,42,14,28,3,0,3,5,1,4,314,314,65,110,61,46,15,7,10,242,192,50,25,191,2,35,54
56405314,0,,,4407,2072,2335,472,228,244,3798,1757,2041,2643,1288,1355,3681,1697,1984,3618,1664,1954,1155,469,686,549,210,339,160,36,124,10,2,8,58,29,29,2144,2142,891,620,349,207,59,13,3,1224,1111,113,138,811,146,251,233
56405315,0,,,6208,3016,3192,784,397,387,5144,2450,2694,3689,1854,1835,4956,2358,2598,4866,2311,2555,1455,596,859,750,266,484,318,80,238,38,4,34,49,28,21,2851,2847,1164,765,469,311,99,31,8,1639,1481,158,212,927,145,288,282
56405316,0,,,5441,2615,2826,574,307,267,4599,2160,2439,3161,1609,1552,4460,2086,2374,4351,2027,2324,1438,551,887,806,260,546,362,91,271,45,10,35,36,10,26,2756,2748,1426,651,329,243,73,22,4,1290,1170,120,138,895,209,366,216
56405317,0,,,4285,1944,2341,335,150,185,3770,1693,2077,2381,1165,1216,3663,1645,2018,3581,1612,1969,1389,528,861,736,240,496,253,70,183,16,4,12,51,13,38,2316,2311,1205,587,293,169,35,15,7,1088,954,134,86,1007,123,444,237
56405318,0,,,4051,1950,2101,476,248,228,3405,1609,1796,2372,1188,1184,3279,1552,1727,3212,1523,1689,1033,421,612,586,204,382,260,76,184,27,5,22,53,30,23,2018,2015,979,483,289,191,55,10,8,1016,924,92,134,707,123,316,154
56405319,0,,,28,11,17,0,0,0,27,11,16,21,9,12,25,11,14,25,11,14,6,2,4,4,2,2,0,0,0,0,0,0,0,0,0,14,14,6,4,2,2,0,0,0,8,8,0,0,5,1,2,1
56405320,0,,,1299,631,668,199,106,93,1084,517,567,672,330,342,1043,495,548,1026,487,539,412,187,225,207,85,122,61,22,39,8,2,6,2,1,1,477,476,85,158,99,90,30,11,3,383,320,63,51,270,6,53,75
56405321,0,,,2839,1390,1449,370,190,180,2439,1183,1256,1502,771,731,2363,1143,1220,2316,1116,1200,937,412,525,447,177,270,151,44,107,13,3,10,3,2,1,1040,1038,214,316,240,160,74,24,10,811,665,146,91,585,13,125,157
56405322,0,,,767,377,390,70,35,35,695,340,355,360,193,167,667,320,347,658,313,345,335,147,188,187,82,105,55,23,32,2,1,1,1,0,1,289,289,55,102,62,43,15,9,3,232,181,51,11,209,1,40,67
56405323,0,,,2660,1295,1365,341,171,170,2279,1098,1181,1478,745,733,2192,1054,1138,2149,1028,1121,801,353,448,407,167,240,134,46,88,8,0,8,9,6,3,1063,1060,299,311,216,140,61,22,11,745,631,114,75,531,23,138,156
56405324,0,,,3252,1618,1634,526,261,265,2635,1308,1327,1904,978,926,2550,1259,1291,2498,1240,1258,731,330,401,366,156,210,126,50,76,7,3,4,6,5,1,1362,1361,445,383,243,188,68,24,10,904,807,97,151,487,63,127,148
56405325,0,,,5706,2749,2957,774,383,391,4820,2297,2523,3326,1670,1656,4674,2220,2454,4577,2167,2410,1494,627,867,823,320,503,343,129,214,10,8,2,12,6,6,2430,2428,748,763,453,325,100,33,6,1653,1473,180,250,1014,61,277,306
56405326,0,,,3082,1473,1609,353,165,188,2641,1258,1383,1785,887,898,2560,1220,1340,2509,1193,1316,856,371,485,432,167,265,137,45,92,11,6,5,13,3,10,1457,1456,630,387,213,149,50,16,11,815,724,91,92,576,88,189,167
56405327,0,,,977,455,522,130,65,65,818,373,445,557,264,293,784,358,426,766,353,413,261,109,152,140,49,91,53,12,41,2,1,1,7,3,4,464,458,191,138,66,32,19,7,5,263,232,31,36,189,16,72,45
56405328,0,,,3034,1494,1540,298,167,131,2603,1247,1356,1791,893,898,2520,1200,1320,2462,1176,1286,812,354,458,401,159,242,115,38,77,5,3,2,12,4,8,1506,1503,697,428,195,127,41,12,3,790,722,68,80,553,72,227,144
56405329,0,,,3043,1529,1514,439,236,203,2552,1256,1296,1895,963,932,2443,1195,1248,2394,1169,1225,657,293,364,314,132,182,94,28,66,12,4,8,8,8,0,1295,1293,427,370,238,172,68,13,5,852,762,90,138,444,46,127,117
56405330,0,,,279,127,152,20,10,10,258,116,142,150,72,78,252,113,139,246,111,135,108,44,64,53,18,35,23,6,17,1,0,1,1,0,1,114,114,26,44,21,15,7,0,1,88,66,22,7,68,4,9,24
56405331,0,,,563,257,306,40,14,26,523,243,280,246,118,128,513,237,276,502,230,272,277,125,152,163,66,97,62,19,43,2,0,2,1,0,1,180,177,32,60,39,23,13,6,4,144,103,41,9,130,0,23,36
56405332,0,,,620,283,337,36,17,19,583,266,317,272,147,125,575,259,316,566,255,311,311,119,192,183,60,123,70,14,56,20,1,19,1,0,1,186,184,39,67,40,15,11,6,6,144,104,40,8,133,5,24,37
56405333,0,,,2335,1385,950,165,82,83,2165,1300,865,1673,1047,626,2139,1283,856,2123,1274,849,492,253,239,209,89,120,46,16,30,0,0,0,48,21,27,499,485,219,109,73,58,21,3,2,265,237,28,57,168,44,68,30
56405334,0,,,3425,1615,1810,579,283,296,2823,1317,1506,1882,905,977,2687,1249,1438,2628,1221,1407,941,412,529,482,198,284,153,56,97,7,1,6,6,1,5,1331,1330,318,419,263,233,65,25,7,1003,881,122,116,630,16,169,171
56405335,0,,,4465,2142,2323,539,300,239,3813,1777,2036,2410,1189,1221,3703,1722,1981,3637,1685,1952,1403,588,815,772,306,466,254,97,157,17,4,13,14,3,11,1876,1867,593,622,313,232,65,30,12,1245,1109,136,147,919,27,260,258
56405336,0,,,4584,2161,2423,517,251,266,3943,1836,2107,2574,1256,1318,3844,1784,2060,3775,1750,2025,1369,580,789,736,289,447,257,82,175,24,3,21,15,3,12,2079,2077,763,642,360,216,69,19,8,1296,1145,151,159,903,79,289,261
56405337,0,,,3012,1486,1526,321,164,157,2591,1262,1329,1682,888,794,2518,1217,1301,2477,1198,1279,909,374,535,460,175,285,178,59,119,16,2,14,23,14,9,1448,1446,636,401,208,133,47,17,4,784,693,91,86,618,69,239,159
56405338,0,,,2668,1284,1384,285,143,142,2305,1095,1210,1579,778,801,2238,1062,1176,2183,1039,1144,726,317,409,352,138,214,85,28,57,9,1,8,9,4,5,1165,1164,396,353,216,121,55,21,2,750,666,84,81,464,37,108,141
56405339,0,,,2383,1140,1243,293,162,131,2062,960,1102,1331,650,681,2003,931,1072,1962,912,1050,731,310,421,360,144,216,82,24,58,7,0,7,3,1,2,1030,1028,330,317,192,126,49,11,3,686,586,100,92,503,28,165,130
56405340,0,,,38,18,20,4,2,2,34,16,18,18,9,9,33,15,18,32,15,17,16,7,9,8,4,4,3,1,2,0,0,0,0,0,0,11,11,1,4,2,1,0,2,1,10,5,5,0,9,0,1,0
56405341,0,,,136,68,68,15,7,8,115,59,56,61,33,28,111,56,55,110,55,55,54,26,28,24,12,12,13,7,6,0,0,0,0,0,0,44,44,5,15,12,3,4,3,2,38,25,13,4,35,0,4,10
56405342,0,,,284,138,146,27,11,16,257,127,130,143,75,68,250,122,128,247,120,127,114,52,62,52,20,32,12,1,11,1,0,1,0,0,0,96,96,12,35,25,11,4,3,6,84,64,20,6,69,0,9,20
56405343,0,,,1046,475,571,172,78,94,868,392,476,558,263,295,847,381,466,828,373,455,310,129,181,152,66,86,39,17,22,1,0,1,4,2,2,418,418,112,126,83,66,21,6,4,303,268,35,47,212,0,64,56
56405344,0,,,4258,1982,2276,409,191,218,3792,1758,2034,2348,1170,1178,3629,1668,1961,3543,1617,1926,1444,588,856,823,307,516,275,93,182,38,4,34,16,4,12,1816,1811,586,581,310,224,85,18,7,1210,1073,137,107,941,35,333,247
56405345,0,,,5881,2916,2965,715,409,306,5035,2428,2607,3575,1823,1752,4867,2343,2524,4751,2278,2473,1460,605,855,792,296,496,274,92,182,18,4,14,14,10,4,2651,2648,965,787,442,322,109,13,10,1657,1482,175,251,999,108,300,301
56405346,0,,,4082,2007,2075,521,277,244,3414,1648,1766,2457,1216,1241,3268,1576,1692,3188,1537,1651,957,432,525,469,203,266,165,69,96,13,3,10,24,6,18,1752,1750,591,526,309,220,77,22,5,1129,998,131,159,615,66,139,195
56405347,0,,,3537,1678,1859,495,255,240,2975,1379,1596,2022,1003,1019,2873,1329,1544,2810,1300,1510,953,376,577,485,162,323,199,42,157,31,3,28,10,4,6,1317,1315,332,385,258,221,94,20,5,967,832,135,132,547,26,115,150
56405348,0,,,4944,2434,2510,718,376,342,4122,1987,2135,2910,1454,1456,3973,1899,2074,3876,1849,2027,1212,533,679,575,224,351,187,56,131,18,5,13,13,6,7,1951,1946,568,573,394,282,86,33,10,1352,1192,160,198,699,69,144,218
56405349,0,,,854,406,448,86,42,44,757,356,401,477,234,243,737,350,387,725,343,382,280,122,158,148,60,88,47,18,29,3,0,3,4,1,3,374,374,129,119,55,46,17,4,4,243,196,47,23,189,19,53,56
56405350,0,,,100,55,45,9,4,5,91,51,40,48,32,16,86,46,40,86,46,40,43,19,24,21,7,14,6,0,6,0,0,0,0,0,0,32,32,5,10,8,1,6,0,2,27,18,9,2,26,0,3,7
56405351,0,,,214,95,119,16,10,6,196,84,112,81,42,39,192,82,110,188,79,109,115,42,73,82,24,58,47,8,39,10,1,9,2,0,2,61,60,13,17,11,8,6,3,2,46,22,24,3,48,3,8,10
56405352,0,,,437,220,217,27,12,15,410,208,202,218,109,109,394,197,197,388,194,194,192,99,93,90,49,41,29,13,16,2,0,2,2,1,1,153,153,22,54,39,17,11,5,5,131,87,44,7,121,0,18,33
56405353,0,,,757,360,397,89,43,46,664,314,350,383,185,198,640,302,338,626,295,331,281,129,152,120,45,75,42,14,28,4,1,3,1,0,1,255,255,49,69,51,42,26,8,10,205,141,64,20,180,0,33,42
56405354,0,,,2875,1340,1535,314,167,147,2532,1153,1379,1398,681,717,2458,1114,1344,2415,1098,1317,1134,472,662,691,267,424,254,97,157,32,8,24,2,0,2,1112,1109,293,370,204,179,39,14,10,814,707,107,70,646,9,171,207
56405355,0,,,3185,1555,1630,344,183,161,2763,1328,1435,1919,964,955,2673,1289,1384,2629,1262,1367,844,364,480,475,190,285,154,48,106,9,2,7,17,4,13,1392,1390,476,430,248,150,58,20,8,906,799,107,104,553,51,160,141
56405356,0,,,888,452,436,122,62,60,747,377,370,539,278,261,723,367,356,706,358,348,208,99,109,98,41,57,31,12,19,2,1,1,6,5,1,347,346,99,88,78,58,12,7,4,242,204,38,47,120,13,22,26
56405357,0,,,598,293,305,87,49,38,509,242,267,269,143,126,494,234,260,487,230,257,240,99,141,149,56,93,79,25,54,5,2,3,1,0,1,193,191,30,67,44,34,7,7,2,161,136,25,20,99,2,13,35
56405358,0,,,3096,1422,1674,353,167,186,2618,1186,1432,1784,855,929,2538,1143,1395,2475,1119,1356,834,331,503,469,165,304,203,50,153,24,4,20,8,2,6,1353,1346,536,364,231,145,48,15,7,789,679,110,111,467,77,117,130
56405359,0,,,611,330,281,55,32,23,547,289,258,358,207,151,527,282,245,516,274,242,189,82,107,106,42,64,36,11,25,1,1,0,41,33,8,291,291,132,72,38,31,12,5,1,155,124,31,14,125,46,34,33
56405361,2,56405362,,7,4,3,*,*,*,*,*,*,*,*,*,*,*,*,*,*,*,*,*,*,*,*,*,*,*,*,*,*,*,*,*,*,4,4,*,*,*,*,*,*,*,*,*,*,*,*,*,*,*
56405362,1,,56405361,292,140,152,25,11,14,270,129,141,146,72,74,267,129,138,264,126,138,124,57,67,58,25,33,18,6,12,2,0,2,9,1,8,111,111,26,39,23,18,4,3,2,89,66,23,7,77,6,12,21
56405363,0,,,170,86,84,10,9,1,154,74,80,82,40,42,149,70,79,146,68,78,72,34,38,37,14,23,11,3,8,1,0,1,0,0,0,58,58,14,14,11,8,5,4,2,43,27,16,3,46,0,11,8
56405364,0,,,315,148,167,25,13,12,283,132,151,160,82,78,274,129,145,269,126,143,123,50,73,62,23,39,19,3,16,1,0,1,0,0,0,115,115,18,37,33,15,8,4,0,94,70,24,10,83,0,16,15
56405365,0,,,2683,1253,1430,396,188,208,2278,1060,1218,1385,660,725,2205,1019,1186,2160,993,1167,893,400,493,356,143,213,100,34,66,4,1,3,15,4,11,1026,1026,223,348,206,160,52,18,19,800,671,129,102,574,19,115,200
56405366,0,,,1081,533,548,93,47,46,982,482,500,529,271,258,956,469,487,939,463,476,453,211,242,201,90,111,56,21,35,4,2,2,17,1,16,429,428,118,134,89,50,20,11,6,307,244,63,26,277,3,53,75
56405367,0,,,428,211,217,40,20,20,387,190,197,198,103,95,381,187,194,375,184,191,189,87,102,99,43,56,42,15,27,5,0,5,3,0,3,150,150,27,52,31,21,8,5,6,121,84,37,13,114,0,19,35
56405368,0,,,3463,1711,1752,472,233,239,2883,1416,1467,2177,1091,1086,2752,1353,1399,2687,1320,1367,706,325,381,349,155,194,105,36,69,8,1,7,18,7,11,1514,1513,575,369,251,219,79,17,3,911,806,105,139,494,83,168,115
56405369,0,,,4953,2525,2428,631,309,322,4099,2086,2013,2972,1583,1389,3934,1994,1940,3854,1948,1906,1127,503,624,560,233,327,172,60,112,12,2,10,33,13,20,2352,2350,1068,540,367,251,90,27,7,1246,1077,169,217,758,167,212,203
56405372,0,,,105,54,51,7,5,2,98,49,49,53,31,22,97,48,49,96,47,49,45,18,27,21,8,13,10,1,9,1,0,1,0,0,0,36,36,2,13,13,5,1,1,1,34,21,13,2,25,0,1,7
56405373,0,,,510,245,265,60,36,24,450,209,241,245,115,130,431,198,233,417,190,227,205,94,111,95,39,56,39,13,26,3,1,2,1,0,1,169,168,20,64,35,27,10,8,4,148,104,44,10,125,0,16,39
56405374,0,,,441,210,231,40,13,27,400,196,204,222,120,102,381,184,197,372,177,195,178,76,102,92,31,61,30,7,23,2,0,2,1,0,1,163,163,32,62,26,24,10,3,6,131,95,36,11,117,0,24,26
56405375,0,,,2734,1332,1402,366,181,185,2342,1136,1206,1543,785,758,2272,1097,1175,2235,1083,1152,799,351,448,380,154,226,113,39,74,11,4,7,4,0,4,1081,1081,266,340,243,146,62,12,12,806,675,131,122,537,27,112,159
56405376,0,,,304,150,154,25,13,12,279,137,142,157,84,73,271,135,136,268,134,134,122,53,69,57,24,33,13,5,8,2,0,2,0,0,0,109,109,27,27,22,20,4,6,3,82,58,24,3,80,1,19,11
56405377,0,,,285,148,137,23,16,7,262,132,130,137,77,60,256,129,127,252,126,126,125,55,70,77,35,42,27,9,18,3,1,2,0,0,0,93,93,10,30,24,15,7,2,5,83,60,23,7,73,0,8,19
56405378,0,,,620,301,319,39,23,16,574,273,301,263,137,126,563,268,295,556,266,290,311,136,175,167,72,95,39,14,25,1,0,1,0,0,0,297,296,123,88,46,20,12,7,0,171,140,31,5,219,3,91,51
56405379,0,,,3310,1609,1701,404,208,196,2845,1364,1481,1971,1002,969,2755,1318,1437,2680,1283,1397,874,362,512,467,172,295,174,47,127,22,0,22,21,12,9,1359,1357,427,401,255,179,64,22,9,910,779,131,123,529,67,113,155
56405382,2,56405392,,2,1,1,*,*,*,*,*,*,*,*,*,*,*,*,*,*,*,*,*,*,*,*,*,*,*,*,*,*,*,*,*,*,1,1,*,*,*,*,*,*,*,*,*,*,*,*,*,*,*
56405383,0,,,204,108,96,3,3,0,201,105,96,106,54,52,197,103,94,193,103,90,95,51,44,47,23,24,16,6,10,2,0,2,1,0,1,62,61,8,22,13,12,5,1,0,52,36,16,2,51,0,7,12
56405384,0,,,162,79,83,15,6,9,147,73,74,79,40,39,144,73,71,142,72,70,68,33,35,30,14,16,11,5,6,0,0,0,3,0,3,62,62,10,29,7,12,1,2,1,52,42,10,4,42,0,4,12
56405385,0,,,1723,820,903,158,79,79,1558,736,822,951,467,484,1507,707,800,1478,692,786,607,269,338,295,124,171,96,38,58,9,4,5,30,1,29,713,713,217,215,141,84,30,18,8,492,403,89,39,409,2,113,108
56405386,0,,,974,476,498,92,49,43,876,424,452,477,244,233,845,410,435,830,400,430,399,180,219,202,83,119,69,22,47,8,3,5,0,0,0,363,360,90,116,77,41,25,8,3,268,210,58,28,214,5,44,56
56405387,0,,,173,81,92,15,5,10,158,76,82,89,43,46,149,70,79,144,66,78,69,33,36,26,11,15,10,4,6,2,1,1,2,0,2,49,49,7,6,16,7,2,9,2,41,21,20,4,42,0,5,3
56405388,0,,,430,214,216,19,8,11,411,206,205,206,113,93,400,202,198,396,202,194,205,93,112,108,47,61,38,13,25,5,3,2,2,1,1,164,164,27,68,34,23,5,4,3,136,104,32,4,132,0,23,36
56405389,0,,,3135,1556,1579,500,253,247,2626,1294,1332,1826,947,879,2477,1188,1289,2401,1145,1256,800,347,453,433,172,261,143,53,90,9,2,7,7,1,6,1147,1145,271,325,241,208,57,33,10,866,732,134,161,523,28,120,133
56405391,0,,,20,9,11,0,0,0,20,9,11,10,5,5,20,9,11,20,9,11,10,4,6,6,2,4,2,1,1,0,0,0,0,0,0,8,8,3,3,0,0,1,1,0,5,4,1,0,7,0,3,2
56405392,1,,56405382,113,49,64,5,3,2,110,47,63,72,35,37,109,46,63,109,46,63,38,12,26,14,2,12,4,0,4,1,0,1,0,0,0,27,26,7,9,7,2,1,1,0,19,12,7,0,21,0,5,4
56405393,0,,,105,57,48,4,2,2,100,54,46,43,26,17,100,54,46,99,54,45,57,28,29,26,11,15,12,4,8,2,2,0,0,0,0,39,39,3,19,10,3,3,0,1,35,26,9,1,33,0,2,9
56405394,0,,,368,181,187,36,19,17,332,162,170,178,95,83,323,158,165,319,155,164,154,67,87,72,26,46,24,8,16,0,0,0,1,0,1,132,132,23,42,28,23,12,3,1,108,80,28,8,95,0,12,29
56405395,0,,,1355,671,684,139,77,62,1170,564,606,733,370,363,1133,545,588,1119,542,577,437,194,243,228,94,134,71,26,45,5,2,3,4,2,2,610,610,226,182,100,65,24,10,3,377,315,62,37,309,15,107,63
56405396,0,,,3746,1815,1931,316,156,160,3387,1627,1760,1900,994,906,3301,1578,1723,3252,1553,1699,1487,633,854,847,316,531,321,112,209,28,7,21,16,6,10,1706,1704,664,505,256,169,69,27,14,1010,809,201,82,1056,32,398,217
56405397,0,,,578,283,295,56,32,24,517,247,270,296,148,148,506,240,266,495,237,258,221,99,122,101,43,58,30,10,20,4,1,3,2,0,2,205,205,39,64,42,35,13,7,5,165,119,46,16,144,1,25,25
56405398,0,,,297,154,143,24,17,7,272,136,136,127,68,59,265,131,134,263,130,133,145,68,77,73,32,41,32,10,22,6,2,4,0,0,0,108,108,25,30,26,14,4,5,4,81,59,22,3,87,0,18,22
56405399,0,,,511,239,272,72,35,37,439,204,235,233,109,124,431,200,231,425,198,227,206,95,111,108,47,61,34,12,22,5,0,5,3,1,2,182,182,38,60,33,22,16,8,5,144,105,39,17,130,0,31,42
56405400,0,,,39,22,17,1,0,1,38,22,16,17,11,6,38,22,16,38,22,16,21,11,10,11,7,4,4,3,1,0,0,0,0,0,0,17,17,5,6,3,2,1,0,0,12,12,0,1,14,0,5,5
56405401,0,,,90,42,48,7,4,3,83,38,45,47,24,23,82,37,45,80,36,44,36,14,22,19,6,13,7,2,5,0,0,0,0,0,0,31,31,4,10,8,6,0,3,0,27,18,9,0,21,0,2,5
56405402,0,,,286,136,150,4,2,2,282,134,148,104,67,37,281,133,148,279,131,148,178,67,111,104,29,75,48,8,40,6,0,6,0,0,0,43,41,7,18,9,2,3,2,0,34,24,10,1,35,0,5,8
56405403,0,,,74,38,36,0,0,0,73,37,36,29,15,14,73,37,36,73,37,36,44,22,22,18,9,9,6,3,3,1,1,0,0,0,0,30,30,7,11,5,5,2,0,0,23,16,7,0,22,0,3,7
56405404,0,,,101,55,46,1,1,0,99,53,46,48,27,21,98,53,45,98,53,45,51,26,25,24,12,12,6,1,5,0,0,0,1,0,1,41,41,6,18,10,6,1,0,0,35,29,6,0,32,0,3,12
56405405,1,,56405406,85,42,43,7,3,4,87,44,43,46,23,23,86,43,43,84,43,41,41,21,20,20,10,10,5,2,3,0,0,0,1,0,1,33,33,8,11,6,7,1,1,1,27,18,9,0,26,0,6,6
56405406,2,56405405,,9,5,4,*,*,*,*,*,*,*,*,*,*,*,*,*,*,*,*,*,*,*,*,*,*,*,*,*,*,*,*,*,*,2,2,*,*,*,*,*,*,*,*,*,*,*,*,*,*,*
56405407,0,,,14,7,7,0,0,0,14,7,7,6,2,4,13,7,6,13,7,6,8,5,3,2,2,0,1,1,0,0,0,0,1,0,1,6,6,0,5,0,1,0,0,0,6,5,1,0,5,0,0,4
56405408,0,,,503,204,299,34,13,21,469,191,278,211,104,107,454,183,271,445,177,268,258,87,171,178,50,128,128,30,98,38,5,33,1,0,1,132,130,21,44,30,16,11,2,6,109,76,33,6,84,0,14,21
56405409,0,,,30,16,14,4,3,1,26,13,13,12,6,6,25,12,13,25,12,13,14,7,7,8,5,3,1,1,0,0,0,0,0,0,0,9,9,1,3,3,0,1,0,1,7,4,3,0,8,0,0,1
56405410,0,,,240,118,122,11,8,3,229,110,119,122,59,63,222,106,116,216,103,113,107,51,56,57,30,27,18,8,10,2,0,2,0,0,0,92,92,24,30,15,13,5,1,4,68,50,18,1,69,1,17,18
56405411,0,,,394,139,255,12,9,3,382,130,252,90,51,39,378,128,250,377,127,250,292,79,213,232,45,187,163,22,141,31,1,30,0,0,0,76,72,20,14,23,9,3,0,3,51,32,19,3,55,1,13,8
56405412,0,,,21,11,10,0,0,0,21,11,10,12,8,4,21,11,10,21,11,10,9,3,6,5,1,4,3,0,3,0,0,0,0,0,0,7,7,1,1,2,3,0,0,0,6,2,4,0,6,0,0,0
56405413,0,,,35,16,19,0,0,0,35,16,19,17,9,8,35,16,19,35,16,19,18,7,11,5,2,3,1,1,0,0,0,0,1,0,1,16,16,5,5,4,2,0,0,0,11,10,1,0,13,0,5,3
56405414,0,,,78,43,35,5,4,1,72,38,34,40,23,17,71,37,34,70,36,34,32,15,17,15,4,11,6,0,6,0,0,0,1,0,1,32,32,8,11,7,4,1,1,0,24,15,9,2,22,0,5,6
56405415,0,,,56,28,28,2,1,1,54,27,27,28,17,11,54,27,27,54,27,27,26,10,16,12,4,8,7,2,5,0,0,0,0,0,0,20,20,3,8,2,5,1,1,0,17,11,6,0,16,0,1,3
56405416,0,,,150,80,70,9,7,2,141,73,68,75,41,34,137,72,65,137,72,65,66,32,34,34,17,17,9,3,6,1,0,1,0,0,0,54,54,7,19,16,8,1,1,2,45,38,7,5,39,0,5,11
56405417,0,,,58,32,26,2,1,1,56,31,25,30,17,13,55,30,25,55,30,25,26,14,12,8,4,4,4,2,2,0,0,0,1,0,1,27,27,7,12,5,3,0,0,0,20,17,3,1,20,0,6,4
56405418,0,,,24,13,11,1,1,0,23,12,11,11,6,5,22,12,10,22,12,10,12,6,6,4,1,3,1,0,1,0,0,0,1,1,0,9,9,3,0,4,1,1,0,0,6,5,1,1,7,0,2,0
56405419,0,,,65,29,36,3,0,3,62,29,33,32,15,17,61,29,32,60,29,31,30,14,16,12,6,6,4,2,2,0,0,0,0,0,0,24,24,4,8,5,5,2,0,0,20,14,6,0,20,0,3,4
56405420,0,,,1064,504,560,142,76,66,921,427,494,546,269,277,894,410,484,877,405,472,375,158,217,196,76,120,74,27,47,5,0,5,3,0,3,404,404,81,138,83,67,25,6,4,321,253,68,42,238,4,45,64
56405421,0,,,366,151,215,12,7,5,354,144,210,113,56,57,350,142,208,348,141,207,241,88,153,195,64,131,105,24,81,22,2,20,0,0,0,87,85,23,29,13,8,8,3,1,62,41,21,3,64,0,19,15
56405422,0,,,82,43,39,3,2,1,79,41,38,35,20,15,79,41,38,76,40,36,44,21,23,15,6,9,11,4,7,0,0,0,0,0,0,28,28,5,7,7,4,4,1,0,23,13,10,0,24,0,4,4
56405423,0,,,73,40,33,6,3,3,67,37,30,38,22,16,62,33,29,61,32,29,29,15,14,13,5,8,2,1,1,0,0,0,1,0,1,34,34,11,13,5,4,1,0,0,22,19,3,1,22,0,9,4
56405424,0,,,50,24,26,0,0,0,50,24,26,20,11,9,50,24,26,50,24,26,30,13,17,13,3,10,5,0,5,1,0,1,1,0,1,22,22,5,9,5,3,0,0,0,17,12,5,0,18,0,5,3
56405425,0,,,46,24,22,1,0,1,45,24,21,22,12,10,43,23,20,43,23,20,23,12,11,9,3,6,7,2,5,2,1,1,1,0,1,15,15,3,3,3,2,4,0,0,11,6,5,1,13,0,2,1
56405426,0,,,100,50,50,1,0,1,99,50,49,45,25,20,98,49,49,97,48,49,54,25,29,32,13,19,16,5,11,3,0,3,0,0,0,40,40,10,10,14,5,0,0,1,30,19,11,0,35,0,9,6
56405427,0,,,263,130,133,21,11,10,242,119,123,136,70,66,236,115,121,232,113,119,106,49,57,56,23,33,23,9,14,1,0,1,1,0,1,87,87,14,30,14,10,11,4,4,73,45,28,3,72,0,11,16
56405428,0,,,84,38,46,11,6,5,73,32,41,36,18,18,70,31,39,68,29,39,37,14,23,17,3,14,10,1,9,1,0,1,2,0,2,27,27,3,10,5,4,2,2,1,24,13,11,3,24,0,3,7
56405429,0,,,67,34,33,6,2,4,61,32,29,33,15,18,59,30,29,59,30,29,28,17,11,11,6,5,3,1,2,0,0,0,1,0,1,22,22,5,6,4,3,0,2,2,17,8,9,1,18,0,3,3
56405430,0,,,1629,796,833,221,112,109,1392,674,718,970,486,484,1342,648,694,1303,629,674,422,188,234,203,73,130,69,22,47,5,1,4,5,3,2,635,634,167,195,123,83,40,19,7,463,393,70,70,271,24,51,81
56405431,0,,,27,12,15,5,2,3,22,10,12,13,6,7,21,10,11,21,10,11,9,4,5,5,2,3,5,2,3,0,0,0,1,0,1,6,6,1,0,0,2,2,0,1,5,2,3,1,4,0,1,0
56405432,0,,,23,11,12,3,2,1,20,9,11,8,4,4,20,9,11,20,9,11,12,5,7,6,3,3,1,0,1,0,0,0,0,0,0,10,10,3,4,2,0,0,1,0,7,5,2,0,9,0,2,3
56405433,0,,,162,83,79,10,5,5,152,78,74,96,47,49,144,72,72,140,71,69,56,31,25,24,12,12,7,4,3,0,0,0,2,0,2,54,54,9,16,11,8,7,2,1,44,31,13,3,37,0,6,9
56405434,0,,,165,78,87,16,6,10,149,72,77,87,45,42,147,71,76,144,69,75,62,27,35,26,9,17,9,2,7,1,0,1,0,0,0,60,60,11,21,11,11,3,1,2,49,30,19,2,39,0,4,9
56405435,0,,,25,13,12,5,3,2,20,10,10,12,6,6,19,10,9,19,10,9,8,4,4,5,2,3,1,0,1,0,0,0,0,0,0,7,7,2,2,0,0,1,1,1,5,3,2,2,5,0,1,1
56405436,0,,,51,28,23,4,4,0,47,24,23,27,13,14,47,24,23,46,23,23,20,11,9,8,4,4,2,1,1,0,0,0,0,0,0,20,20,5,6,5,2,1,1,0,15,11,4,1,14,0,4,2
56405437,0,,,717,329,388,36,13,23,681,316,365,317,165,152,671,309,362,665,306,359,364,151,213,231,88,143,104,32,72,19,5,14,6,3,3,265,264,80,75,55,31,13,7,3,184,128,56,6,198,1,49,47
56405438,0,,,97,47,50,3,1,2,94,46,48,47,24,23,89,45,44,88,44,44,47,22,25,24,12,12,11,4,7,2,0,2,0,0,0,33,33,3,15,7,3,1,2,2,30,20,10,0,28,0,2,6
56405439,0,,,164,79,85,13,7,6,151,72,79,96,47,49,142,68,74,139,67,72,55,25,30,30,12,18,12,3,9,3,1,2,0,0,0,51,51,9,12,11,8,6,1,4,42,28,14,2,35,0,5,3
56405440,0,,,1666,794,872,230,116,114,1426,673,753,909,449,460,1384,654,730,1346,637,709,517,224,293,257,96,161,80,26,54,3,1,2,6,1,5,687,687,238,176,121,92,35,11,14,446,362,84,61,364,18,115,84
56405441,0,,,79,42,37,8,4,4,71,38,33,36,21,15,70,38,32,70,38,32,35,17,18,14,7,7,5,1,4,0,0,0,1,1,0,33,33,8,12,10,1,1,0,1,25,21,4,1,23,1,5,5
56405442,0,,,105,51,54,10,7,3,95,44,51,54,27,27,95,44,51,94,44,50,41,17,24,17,5,12,5,3,2,0,0,0,0,0,0,44,44,15,13,9,2,3,0,2,29,18,11,4,30,0,9,4
56405443,0,,,55,30,25,3,2,1,52,28,24,30,18,12,51,28,23,51,28,23,22,10,12,11,6,5,6,4,2,0,0,0,2,0,2,19,19,3,5,7,1,1,2,0,16,8,8,2,13,0,2,1
56405444,0,,,256,120,136,16,6,10,236,112,124,133,66,67,233,111,122,231,111,120,103,46,57,56,23,33,27,9,18,2,1,1,2,1,1,85,85,12,30,18,11,6,4,4,71,43,28,6,67,0,8,14
56405445,0,,,110,57,53,3,3,0,107,54,53,51,28,23,106,54,52,106,54,52,56,26,30,29,12,17,13,5,8,2,0,2,0,0,0,40,40,9,9,12,7,1,1,1,31,22,9,0,35,1,7,4
56405446,0,,,376,169,207,32,11,21,344,158,186,197,93,104,329,149,180,320,145,175,147,65,82,63,27,36,16,5,11,1,0,1,2,0,2,136,136,18,54,30,20,8,2,4,117,91,26,5,91,0,11,30
56405447,0,,,1028,502,526,100,48,52,925,453,472,547,291,256,893,438,455,873,428,445,378,162,216,220,84,136,103,34,69,6,1,5,25,22,3,386,383,101,121,69,46,31,8,7,280,216,64,26,226,22,48,58
56405448,0,,,48,25,23,2,0,2,46,25,21,30,18,12,46,25,21,45,24,21,16,7,9,6,2,4,2,0,2,0,0,0,0,0,0,16,16,3,4,1,6,2,0,0,13,8,5,1,11,0,2,2
56405449,0,,,79,39,40,6,4,2,73,35,38,34,20,14,72,34,38,71,34,37,39,15,24,22,6,16,9,1,8,1,0,1,1,0,1,34,34,10,14,7,1,0,0,2,24,19,5,1,27,0,8,5
56405450,0,,,80,41,39,10,6,4,70,35,35,36,20,16,69,35,34,69,35,34,34,15,19,22,11,11,6,3,3,0,0,0,0,0,0,29,29,4,13,4,6,1,0,1,25,19,6,1,21,0,3,8
56405451,0,,,869,452,417,75,46,29,792,405,387,543,272,271,768,393,375,762,390,372,249,133,116,101,52,49,28,12,16,1,0,1,5,2,3,255,254,33,98,58,34,16,8,7,220,181,39,23,98,0,8,34
56405452,0,,,74,36,38,4,1,3,70,35,35,39,20,19,68,34,34,67,34,33,31,15,16,20,9,11,10,4,6,1,0,1,0,0,0,24,24,5,6,5,1,5,1,1,19,9,10,2,20,0,3,3
56405453,0,,,109,55,54,11,4,7,98,51,47,57,32,25,95,49,46,92,49,43,41,19,22,15,6,9,9,3,6,0,0,0,1,0,1,37,37,11,4,11,4,4,1,2,26,12,14,4,26,0,6,2
56405454,0,,,341,169,172,24,17,7,317,152,165,171,86,85,312,151,161,310,150,160,146,66,80,78,32,46,24,4,20,3,1,2,0,0,0,116,116,11,41,34,10,15,4,1,105,75,30,7,91,0,7,23
56405455,0,,,227,114,113,10,4,6,217,110,107,121,66,55,210,107,103,209,107,102,96,44,52,42,16,26,10,1,9,2,0,2,0,0,0,87,87,23,26,16,12,7,1,2,64,42,22,3,64,0,16,13
56405456,0,,,24,13,11,2,1,1,22,12,10,12,9,3,20,10,10,20,10,10,10,3,7,5,1,4,2,0,2,1,0,1,0,0,0,8,8,2,2,1,1,1,1,0,6,2,4,0,6,0,1,0
56405457,0,,,257,119,138,41,22,19,216,97,119,136,65,71,210,96,114,205,94,111,80,32,48,30,9,21,5,1,4,2,0,2,2,0,2,88,88,15,27,19,15,7,2,3,73,62,11,7,50,0,8,12
56405458,0,,,126,63,63,7,2,5,119,61,58,66,34,32,118,60,58,115,59,56,53,27,26,17,8,9,4,1,3,0,0,0,1,0,1,47,47,11,12,14,4,3,3,0,36,24,12,2,36,0,8,6
56405459,0,,,152,72,80,7,5,2,145,67,78,73,36,37,140,65,75,140,65,75,72,31,41,36,12,24,15,3,12,0,0,0,0,0,0,58,58,9,22,15,8,2,2,0,48,36,12,2,46,0,7,12
56405460,0,,,1195,591,604,139,72,67,1047,513,534,700,362,338,1003,490,513,975,471,504,347,151,196,165,67,98,51,24,27,1,0,1,7,1,6,492,492,128,159,111,63,24,5,2,358,323,35,36,233,8,59,73
56405461,0,,,152,69,83,20,9,11,132,60,72,76,32,44,129,59,70,127,59,68,56,28,28,30,13,17,12,4,8,1,0,1,3,0,3,46,46,3,15,12,7,3,2,4,43,27,16,3,37,0,2,8
56405462,0,,,996,465,531,73,37,36,923,428,495,468,240,228,908,418,490,898,412,486,455,188,267,271,106,165,103,27,76,19,3,16,1,0,1,362,361,70,144,72,48,16,8,3,289,238,51,22,247,0,55,76
56405463,0,,,535,274,261,63,29,34,472,245,227,330,172,158,447,232,215,435,223,212,142,73,69,79,38,41,32,16,16,2,2,0,2,1,1,177,177,24,50,38,40,18,3,4,152,110,42,12,92,1,16,18
56405464,0,,,200,89,111,16,7,9,184,82,102,106,49,57,178,78,100,177,78,99,78,33,45,41,14,27,9,1,8,0,0,0,0,0,0,68,68,14,17,17,7,7,4,2,52,32,20,3,54,0,10,10
56405465,0,,,451,225,226,37,18,19,410,205,205,243,132,111,391,193,198,384,193,191,167,73,94,86,31,55,37,9,28,2,1,1,3,0,3,143,143,21,43,31,18,13,8,9,121,71,50,7,109,0,12,18
56405466,0,,,180,95,85,17,11,6,163,84,79,94,52,42,158,81,77,157,80,77,69,32,37,29,10,19,14,3,11,1,1,0,0,0,0,66,66,15,22,12,5,8,3,1,51,33,18,4,44,0,8,6
56405467,0,,,75,42,33,9,7,2,66,35,31,39,21,18,64,35,29,62,33,29,27,14,13,11,4,7,4,1,3,1,0,1,0,0,0,22,22,1,8,4,5,2,0,2,21,15,6,3,15,0,0,5
56405468,0,,,54,25,29,1,0,1,53,25,28,16,7,9,53,25,28,53,25,28,37,18,19,21,7,14,10,3,7,0,0,0,0,0,0,24,24,4,13,4,3,0,0,0,20,16,4,0,22,0,4,4
56405469,0,,,154,76,78,3,0,3,151,76,75,79,41,38,147,73,74,143,71,72,72,35,37,34,15,19,12,6,6,0,0,0,0,0,0,56,56,9,22,13,5,2,3,2,47,31,16,1,48,0,6,10
56405470,0,,,894,438,456,90,47,43,801,389,412,539,289,250,775,375,400,749,362,387,262,100,162,168,55,113,78,14,64,14,2,12,19,13,6,337,336,103,96,59,56,14,6,2,227,188,39,27,124,30,21,37
56405471,0,,,483,240,243,43,30,13,440,210,230,243,123,120,427,202,225,421,201,220,197,87,110,102,40,62,42,13,29,3,0,3,1,0,1,186,186,35,72,41,18,12,7,1,151,118,33,13,123,0,22,41
56405472,0,,,297,145,152,26,14,12,271,131,140,145,73,72,257,125,132,253,122,131,126,58,68,62,25,37,21,5,16,0,0,0,0,0,0,104,104,21,36,19,12,6,5,5,82,57,25,6,87,0,16,22
56405473,0,,,2040,993,1047,304,149,155,1723,834,889,1085,547,538,1675,802,873,1649,788,861,638,287,351,320,136,184,78,24,54,8,1,7,7,1,6,796,796,187,252,169,127,41,13,7,605,510,95,94,417,7,95,131
56405474,0,,,1553,763,790,212,108,104,1321,640,681,921,467,454,1283,619,664,1252,610,642,400,173,227,188,76,112,73,20,53,10,3,7,31,3,28,645,642,228,173,105,80,37,10,9,403,341,62,54,254,39,68,62
56405475,0,,,124,57,67,14,8,6,110,49,61,71,35,36,106,49,57,102,46,56,39,14,25,17,5,12,4,2,2,0,0,0,0,0,0,36,36,0,16,6,5,4,2,3,36,23,13,3,25,0,0,7
56405476,0,,,145,65,80,14,5,9,131,60,71,72,31,41,129,59,70,126,57,69,59,29,30,24,12,12,9,4,5,0,0,0,0,0,0,48,48,9,14,15,4,0,2,4,39,24,15,4,39,0,7,8
56405477,0,,,95,48,47,8,5,3,87,43,44,48,26,22,85,43,42,84,43,41,39,17,22,20,7,13,7,2,5,2,1,1,1,0,1,31,31,4,10,8,5,1,1,2,27,14,13,3,27,0,3,3
56405478,0,,,102,48,54,6,2,4,96,46,50,48,23,25,95,45,50,94,45,49,48,23,25,22,11,11,5,1,4,0,0,0,1,0,1,35,35,5,10,12,4,1,1,2,30,19,11,2,27,0,3,7
56405479,0,,,262,135,127,14,11,3,248,124,124,122,62,60,245,124,121,243,123,120,126,62,64,69,29,40,23,10,13,2,0,2,0,0,0,102,102,23,35,23,9,8,4,0,79,57,22,2,83,1,17,20
56405480,0,,,2409,1167,1242,355,167,188,2035,988,1047,1429,728,701,1964,955,1009,1916,934,982,606,260,346,342,138,204,102,35,67,6,2,4,25,9,16,990,989,336,252,183,130,55,20,13,644,535,109,100,403,47,109,97
56405481,0,,,885,412,473,56,25,31,829,387,442,431,212,219,814,382,432,796,372,424,398,175,223,235,95,140,102,44,58,5,1,4,4,0,4,309,307,52,104,84,33,17,8,9,253,178,75,14,232,0,37,52
56405482,0,,,307,149,158,21,13,8,286,136,150,148,77,71,278,133,145,275,131,144,138,59,79,74,28,46,31,10,21,1,0,1,2,1,1,111,111,21,34,27,17,6,3,3,90,57,33,5,87,0,13,20
56405483,0,,,2606,1256,1350,366,193,173,2225,1055,1170,1532,771,761,2119,1006,1113,2063,976,1087,693,284,409,397,142,255,186,52,134,18,4,14,22,5,17,937,933,228,259,193,154,69,17,13,698,602,96,98,394,21,92,94
56405484,0,,,3671,1747,1924,464,225,239,3180,1503,1677,2102,1047,1055,3050,1436,1614,2985,1397,1588,1078,456,622,552,210,342,199,56,143,22,3,19,36,10,26,1483,1481,463,407,283,189,90,35,14,1002,802,200,107,729,43,182,154
56405485,0,,,862,424,438,73,43,30,789,381,408,578,285,293,747,365,382,722,352,370,211,96,115,110,44,66,35,12,23,2,1,1,1,0,1,294,294,42,92,64,56,26,9,5,251,202,49,18,137,6,16,29
56405486,0,,,166,83,83,11,5,6,155,78,77,84,46,38,151,76,75,150,76,74,71,32,39,36,17,19,17,8,9,2,0,2,0,0,0,56,56,8,21,11,7,4,1,4,48,31,17,3,43,0,4,10
56405487,0,,,204,108,96,26,20,6,178,88,90,107,57,50,172,84,88,170,83,87,71,31,40,41,14,27,14,3,11,1,0,1,0,0,0,68,68,17,17,14,8,6,0,6,49,32,17,9,51,0,11,7
56405488,0,,,33,20,13,0,0,0,33,20,13,16,11,5,33,20,13,33,20,13,17,9,8,6,5,1,2,1,1,0,0,0,0,0,0,11,11,1,2,4,4,0,0,0,10,8,2,0,9,0,0,2
56405489,0,,,166,79,87,6,2,4,160,77,83,90,48,42,154,73,81,153,73,80,70,29,41,32,11,21,11,2,9,1,0,1,0,0,0,57,57,9,16,16,9,3,3,1,48,34,14,1,48,0,6,8
56405490,0,,,561,256,305,65,24,41,496,232,264,303,145,158,482,225,257,476,223,253,193,87,106,104,48,56,25,11,14,2,1,1,10,6,4,237,237,81,63,49,27,6,8,3,155,123,32,22,127,31,22,36
56405491,0,,,307,156,151,17,13,4,290,143,147,151,79,72,282,139,143,280,138,142,139,64,75,82,35,47,24,7,17,6,0,6,2,0,2,119,119,24,47,26,12,3,4,3,94,71,23,3,91,0,17,22
56405492,0,,,686,329,357,64,29,35,622,300,322,358,175,183,601,292,309,588,285,303,264,125,139,148,65,83,44,19,25,5,2,3,3,2,1,237,237,38,70,64,33,19,5,8,197,143,54,15,170,0,26,40
56405493,0,,,808,371,437,129,57,72,679,314,365,437,211,226,656,306,350,645,301,344,242,103,139,139,54,85,54,17,37,2,1,1,1,1,0,267,267,40,70,62,50,32,9,4,227,165,62,37,158,1,24,35
56405494,0,,,2686,1304,1382,334,158,176,2318,1116,1202,1543,776,767,2232,1074,1158,2170,1040,1130,775,340,435,376,147,229,105,32,73,10,1,9,23,5,18,1050,1050,258,316,233,152,67,15,9,782,658,124,98,514,21,94,136
56405495,0,,,561,263,298,45,22,23,515,241,274,286,141,145,500,233,267,490,227,263,229,100,129,138,56,82,42,15,27,2,0,2,1,0,1,186,186,32,49,41,35,19,4,6,153,103,50,10,139,0,22,25
56405496,0,,,351,183,168,35,22,13,316,161,155,179,97,82,310,155,155,305,150,155,137,64,73,78,33,45,29,10,19,1,0,1,3,1,2,113,113,10,35,33,13,14,6,2,103,71,32,12,84,0,9,18
56405497,0,,,345,170,175,13,5,8,332,165,167,189,100,89,321,163,158,315,158,157,143,65,78,62,25,37,16,6,10,1,0,1,7,7,0,126,126,28,39,30,13,6,5,5,96,68,28,1,93,2,15,21
56405498,0,,,172,85,87,19,10,9,153,75,78,94,51,43,151,73,78,145,69,76,59,24,35,31,14,17,10,5,5,0,0,0,0,0,0,49,49,6,10,13,6,7,1,6,43,24,19,2,40,0,6,5
56405499,0,,,135,72,63,9,6,3,126,66,60,76,46,30,122,63,59,119,62,57,50,20,30,25,7,18,9,3,6,3,1,2,0,0,0,50,50,10,17,10,8,3,0,2,40,28,12,3,34,0,5,4
56405500,0,,,37,19,18,2,2,0,35,17,18,22,12,10,34,16,18,34,16,18,13,5,8,7,2,5,3,0,3,0,0,0,0,0,0,11,11,2,1,3,3,1,0,1,9,5,4,1,8,0,1,1
56405501,0,,,31,15,16,0,0,0,31,15,16,17,8,9,28,14,14,28,14,14,14,7,7,6,2,4,3,1,2,0,0,0,1,0,1,11,11,1,5,2,1,2,0,0,10,8,2,0,9,0,0,2
56405502,0,,,18,10,8,0,0,0,18,10,8,8,3,5,18,10,8,18,10,8,10,7,3,4,2,2,1,0,1,0,0,0,1,0,1,10,10,6,1,2,1,0,0,0,4,4,0,0,8,0,5,1
56405503,2,56405512,,5,3,2,*,*,*,*,*,*,*,*,*,*,*,*,*,*,*,*,*,*,*,*,*,*,*,*,*,*,*,*,*,*,1,1,*,*,*,*,*,*,*,*,*,*,*,*,*,*,*
56405504,2,56405513,,7,4,3,*,*,*,*,*,*,*,*,*,*,*,*,*,*,*,*,*,*,*,*,*,*,*,*,*,*,*,*,*,*,3,3,*,*,*,*,*,*,*,*,*,*,*,*,*,*,*
56405505,1,,56405514,19,10,9,2,1,1,19,10,9,12,8,4,19,10,9,19,10,9,7,2,5,5,2,3,1,0,1,0,0,0,0,0,0,6,6,1,2,2,1,0,1,0,6,4,2,1,5,0,1,1
56405506,2,56405515,,8,3,5,*,*,*,*,*,*,*,*,*,*,*,*,*,*,*,*,*,*,*,*,*,*,*,*,*,*,*,*,*,*,4,4,*,*,*,*,*,*,*,*,*,*,*,*,*,*,*
56405507,0,,,17,8,9,3,2,1,14,6,8,9,5,4,14,6,8,14,6,8,5,1,4,4,1,3,2,1,1,0,0,0,0,0,0,4,4,0,1,1,1,0,0,1,4,1,3,1,3,0,0,1
56405510,0,,,218,114,104,8,5,3,210,109,101,104,56,48,209,109,100,207,107,100,106,53,53,49,24,25,18,7,11,3,1,2,2,0,2,84,84,18,27,17,16,5,1,0,66,48,18,3,68,0,13,19
56405511,0,,,54,25,29,1,0,1,53,25,28,21,13,8,53,25,28,53,25,28,32,12,20,20,7,13,8,2,6,1,0,1,1,0,1,27,27,7,14,5,1,0,0,0,20,17,3,0,23,0,6,8
56405512,1,,56405503,42,21,21,1,1,0,46,23,23,21,9,12,45,23,22,43,22,21,25,14,11,11,5,6,4,1,3,0,0,0,0,0,0,16,16,1,9,2,3,2,0,0,16,13,3,0,16,0,1,6
56405513,1,,56405504,37,19,18,3,0,3,41,23,18,18,14,4,41,23,18,41,23,18,23,9,14,14,5,9,10,3,7,3,1,2,0,0,0,17,17,8,7,2,1,1,0,1,12,9,3,0,16,0,4,2
56405514,2,56405505,,2,1,1,*,*,*,*,*,*,*,*,*,*,*,*,*,*,*,*,*,*,*,*,*,*,*,*,*,*,*,*,*,*,1,1,*,*,*,*,*,*,*,*,*,*,*,*,*,*,*
56405515,1,,56405506,2,1,1,0,0,0,10,4,6,2,1,1,10,4,6,10,4,6,8,3,5,4,0,4,2,0,2,0,0,0,0,0,0,1,1,1,3,1,0,0,0,0,4,3,1,0,5,0,1,1
56405516,2,56405526,,7,3,4,*,*,*,*,*,*,*,*,*,*,*,*,*,*,*,*,*,*,*,*,*,*,*,*,*,*,*,*,*,*,4,4,*,*,*,*,*,*,*,*,*,*,*,*,*,*,*
56405517,0,,,17,8,9,2,2,0,15,6,9,11,4,7,14,6,8,13,6,7,4,2,2,1,1,0,0,0,0,0,0,0,0,0,0,5,5,2,1,0,0,0,1,1,3,1,2,0,2,0,0,0
56405518,1,,56405528,32,15,17,0,0,0,35,16,19,6,0,6,35,16,19,35,16,19,29,16,13,12,5,7,4,2,2,0,0,0,0,0,0,15,15,3,9,2,2,0,0,0,13,12,1,0,16,0,3,8
56405519,0,,,34,18,16,2,0,2,32,18,14,16,11,5,32,18,14,32,18,14,16,7,9,12,6,6,2,0,2,1,0,1,0,0,0,13,13,2,3,7,0,1,0,0,11,9,2,0,9,0,2,2
56405520,0,,,28,12,16,0,0,0,28,12,16,11,6,5,28,12,16,27,12,15,17,6,11,5,0,5,3,0,3,1,0,1,0,0,0,11,11,1,4,5,1,0,0,0,10,6,4,0,10,0,1,2
56405521,0,,,22,12,10,2,1,1,20,11,9,10,6,4,20,11,9,20,11,9,10,5,5,6,2,4,0,0,0,0,0,0,0,0,0,8,8,2,2,2,1,0,1,0,6,4,2,0,8,0,2,0
56405522,0,,,13,7,6,0,0,0,13,7,6,5,3,2,13,7,6,13,7,6,8,4,4,5,3,2,3,2,1,0,0,0,0,0,0,5,5,0,2,3,0,0,0,0,5,4,1,0,5,0,0,0
56405526,1,,56405516,21,11,10,0,0,0,28,14,14,10,4,6,28,14,14,28,14,14,18,10,8,9,5,4,2,2,0,1,1,0,0,0,0,11,11,5,7,3,0,0,0,0,10,10,0,0,13,0,5,5
56405527,1,,56405535,53,23,30,2,0,2,56,25,31,25,11,14,55,25,30,54,24,30,31,14,17,18,7,11,6,3,3,1,1,0,1,0,1,25,25,8,9,5,3,1,0,0,18,13,5,0,22,0,7,6
56405528,2,56405518,,3,1,2,*,*,*,*,*,*,*,*,*,*,*,*,*,*,*,*,*,*,*,*,*,*,*,*,*,*,*,*,*,*,1,1,*,*,*,*,*,*,*,*,*,*,*,*,*,*,*
56405529,0,,,11,5,6,0,0,0,11,5,6,7,4,3,11,5,6,11,5,6,4,1,3,1,0,1,1,0,1,0,0,0,0,0,0,6,6,2,3,1,0,0,0,0,4,4,0,0,4,0,1,0
56405530,0,,,27,15,12,2,2,0,25,13,12,15,7,8,25,13,12,25,13,12,10,6,4,6,3,3,2,1,1,0,0,0,0,0,0,9,9,1,4,2,0,1,0,1,8,6,2,0,7,0,1,2
56405531,0,,,43,26,17,1,1,0,42,25,17,19,12,7,41,24,17,41,24,17,23,13,10,7,3,4,5,1,4,0,0,0,0,0,0,18,18,3,8,5,1,1,0,0,15,11,4,0,15,0,2,4
56405532,2,56405542,,9,6,3,*,*,*,*,*,*,*,*,*,*,*,*,*,*,*,*,*,*,*,*,*,*,*,*,*,*,*,*,*,*,4,4,*,*,*,*,*,*,*,*,*,*,*,*,*,*,*
56405535,2,56405527,,5,2,3,*,*,*,*,*,*,*,*,*,*,*,*,*,*,*,*,*,*,*,*,*,*,*,*,*,*,*,*,*,*,1,1,*,*,*,*,*,*,*,*,*,*,*,*,*,*,*
56405536,0,,,28,13,15,0,0,0,28,13,15,10,5,5,28,13,15,28,13,15,18,8,10,8,3,5,6,2,4,0,0,0,0,0,0,14,14,5,5,3,1,0,0,0,9,6,3,0,14,0,5,3
56405537,0,,,10,6,4,0,0,0,10,6,4,1,1,0,10,6,4,10,6,4,9,5,4,3,1,2,2,1,1,0,0,0,0,0,0,5,5,2,1,2,0,0,0,0,3,1,2,0,5,0,2,0
56405538,2,56405547,,5,3,2,*,*,*,*,*,*,*,*,*,*,*,*,*,*,*,*,*,*,*,*,*,*,*,*,*,*,*,*,*,*,3,3,*,*,*,*,*,*,*,*,*,*,*,*,*,*,*
56405540,0,,,38,21,17,2,2,0,36,19,17,18,9,9,36,19,17,35,19,16,18,10,8,4,2,2,2,0,2,0,0,0,1,0,1,18,18,6,7,3,1,1,0,0,12,11,1,1,12,0,4,4
56405541,0,,,27,16,11,0,0,0,27,16,11,17,12,5,27,16,11,25,14,11,10,4,6,5,2,3,3,1,2,0,0,0,0,0,0,10,10,3,3,0,2,2,0,0,7,5,2,0,7,0,2,0
56405542,1,,56405532,57,27,30,0,0,0,66,33,33,32,16,16,66,33,33,66,33,33,34,17,17,19,10,9,7,4,3,0,0,0,0,0,0,22,22,3,13,5,3,2,0,0,23,20,3,0,20,0,1,7
56405545,0,,,15,9,6,0,0,0,15,9,6,5,2,3,14,9,5,14,9,5,10,7,3,0,0,0,0,0,0,0,0,0,0,0,0,7,7,3,1,2,1,0,0,0,4,3,1,0,7,0,3,1
56405546,2,56405547,,4,2,2,*,*,*,*,*,*,*,*,*,*,*,*,*,*,*,*,*,*,*,*,*,*,*,*,*,*,*,*,*,*,2,2,*,*,*,*,*,*,*,*,*,*,*,*,*,*,*
56405547,1,,56405538;56405546;56405557,31,17,14,0,0,0,43,24,19,18,11,7,42,24,18,42,24,18,25,13,12,8,4,4,3,1,2,0,0,0,0,0,0,14,14,8,8,3,1,0,1,0,13,8,5,0,18,0,5,5
56405550,0,,,102,51,51,7,1,6,95,50,45,54,28,26,92,49,43,90,47,43,41,22,19,20,9,11,6,1,5,0,0,0,0,0,0,33,33,4,11,5,7,4,1,1,29,19,10,1,27,0,3,8
56405551,0,,,122,58,64,4,3,1,118,55,63,44,23,21,117,55,62,117,55,62,74,32,42,43,18,25,17,6,11,2,0,2,0,0,0,50,50,14,16,11,5,2,1,1,36,26,10,1,46,0,13,8
56405552,1,,56405553,8,4,4,0,0,0,12,7,5,6,3,3,12,7,5,12,7,5,6,4,2,2,1,1,0,0,0,0,0,0,0,0,0,4,4,3,3,1,0,0,0,0,3,3,0,0,4,0,1,2
56405553,2,56405552,,4,3,1,*,*,*,*,*,*,*,*,*,*,*,*,*,*,*,*,*,*,*,*,*,*,*,*,*,*,*,*,*,*,3,3,*,*,*,*,*,*,*,*,*,*,*,*,*,*,*
56405555,0,,,15,8,7,0,0,0,15,8,7,9,5,4,15,8,7,14,7,7,6,3,3,3,1,2,1,0,1,0,0,0,0,0,0,4,4,0,1,1,0,2,0,0,4,2,2,0,4,0,0,1
56405556,1,,56405565;56405566,14,7,7,0,0,0,23,14,9,13,10,3,23,14,9,23,14,9,10,4,6,8,3,5,3,1,2,0,0,0,6,6,0,6,6,7,5,2,0,0,0,0,7,7,0,0,7,1,1,2
56405557,2,56405547,,3,2,1,*,*,*,*,*,*,*,*,*,*,*,*,*,*,*,*,*,*,*,*,*,*,*,*,*,*,*,*,*,*,2,2,*,*,*,*,*,*,*,*,*,*,*,*,*,*,*
56405560,0,,,212,95,117,21,5,16,191,90,101,109,52,57,187,89,98,183,88,95,82,38,44,41,17,24,15,5,10,2,0,2,1,0,1,72,72,12,25,16,5,5,6,3,60,41,19,5,55,0,10,15
56405561,0,,,109,52,57,6,3,3,103,49,54,42,21,21,103,49,54,103,49,54,61,28,33,32,13,19,13,5,8,3,0,3,0,0,0,48,48,16,17,8,3,2,1,1,32,25,7,2,37,0,12,11
56405562,0,,,28,13,15,3,0,3,25,13,12,10,5,5,24,13,11,24,13,11,15,8,7,4,1,3,3,1,2,0,0,0,0,0,0,10,10,1,5,1,2,0,1,0,9,6,3,0,8,0,1,4
56405565,2,56405556,,8,6,2,*,*,*,*,*,*,*,*,*,*,*,*,*,*,*,*,*,*,*,*,*,*,*,*,*,*,*,*,*,*,7,7,*,*,*,*,*,*,*,*,*,*,*,*,*,*,*
56405566,2,56405556,,1,1,0,*,*,*,*,*,*,*,*,*,*,*,*,*,*,*,*,*,*,*,*,*,*,*,*,*,*,*,*,*,*,1,1,*,*,*,*,*,*,*,*,*,*,*,*,*,*,*
56405570,0,,,57,26,31,4,2,2,53,24,29,28,13,15,52,23,29,51,23,28,25,11,14,15,5,10,10,4,6,0,0,0,0,0,0,17,17,1,7,2,3,2,1,1,16,5,11,1,16,0,1,4
56405571,0,,,14,9,5,0,0,0,14,9,5,5,4,1,14,9,5,14,9,5,9,5,4,4,3,1,3,2,1,0,0,0,0,0,0,7,7,3,2,1,1,0,0,0,4,3,1,0,6,0,2,2
56405572,1,,56405581,74,38,36,8,5,3,68,34,34,30,15,15,67,34,33,67,34,33,38,19,19,21,9,12,11,3,8,1,1,0,0,0,0,26,26,6,11,4,2,1,1,2,21,13,8,0,23,0,5,5
56405573,0,,,11,4,7,0,0,0,11,4,7,5,2,3,11,4,7,11,4,7,6,2,4,4,1,3,3,1,2,0,0,0,0,0,0,6,6,2,3,1,0,0,0,0,4,4,0,0,5,0,2,1
56405581,2,56405572,,2,1,1,*,*,*,*,*,*,*,*,*,*,*,*,*,*,*,*,*,*,*,*,*,*,*,*,*,*,*,*,*,*,1,1,*,*,*,*,*,*,*,*,*,*,*,*,*,*,*
56405591,0,,,16,7,9,1,0,1,15,7,8,6,2,4,14,7,7,14,7,7,9,5,4,6,3,3,0,0,0,0,0,0,0,0,0,5,5,1,1,1,1,0,1,0,4,2,2,0,5,0,1,1
56405592,0,,,33,16,17,3,0,3,30,16,14,14,8,6,30,16,14,29,16,13,16,8,8,7,3,4,4,1,3,1,0,1,0,0,0,11,11,2,4,1,1,2,1,0,9,5,4,1,10,0,1,3
56405593,0,,,16,11,5,0,0,0,16,11,5,5,4,1,16,11,5,16,11,5,11,7,4,4,2,2,1,1,0,0,0,0,0,0,0,7,7,2,2,2,1,0,0,0,5,3,2,0,7,0,2,0
56405609,2,56405618,,10,5,5,*,*,*,*,*,*,*,*,*,*,*,*,*,*,*,*,*,*,*,*,*,*,*,*,*,*,*,*,*,*,3,3,*,*,*,*,*,*,*,*,*,*,*,*,*,*,*
56405617,0,,,39,19,20,4,2,2,35,17,18,19,11,8,34,16,18,34,16,18,16,6,10,8,2,6,5,1,4,0,0,0,0,0,0,13,13,3,3,1,4,1,1,0,10,6,4,1,11,0,3,2
56405618,1,,56405609,56,30,26,5,4,1,61,31,30,34,20,14,60,31,29,59,31,28,27,11,16,11,3,8,8,2,6,0,0,0,0,0,0,23,23,8,8,5,2,1,1,1,18,11,7,0,17,0,5,1
56405619,0,,,44,21,23,4,3,1,40,18,22,22,9,13,40,18,22,40,18,22,18,9,9,8,3,5,2,1,1,0,0,0,0,0,0,14,14,1,6,2,2,1,2,0,13,10,3,2,12,0,1,4
56405621,2,56405636,,2,1,1,*,*,*,*,*,*,*,*,*,*,*,*,*,*,*,*,*,*,*,*,*,*,*,*,*,*,*,*,*,*,1,1,*,*,*,*,*,*,*,*,*,*,*,*,*,*,*
56405622,2,56405645,,5,3,2,*,*,*,*,*,*,*,*,*,*,*,*,*,*,*,*,*,*,*,*,*,*,*,*,*,*,*,*,*,*,2,2,*,*,*,*,*,*,*,*,*,*,*,*,*,*,*
56405623,2,56405645,,4,3,1,*,*,*,*,*,*,*,*,*,*,*,*,*,*,*,*,*,*,*,*,*,*,*,*,*,*,*,*,*,*,2,2,*,*,*,*,*,*,*,*,*,*,*,*,*,*,*
56405626,0,,,18,7,11,1,0,1,17,7,10,11,6,5,17,7,10,17,7,10,6,1,5,5,1,4,3,1,2,0,0,0,0,0,0,7,7,1,2,3,1,0,0,0,6,3,3,0,4,0,0,1
56405627,0,,,91,50,41,12,7,5,79,43,36,50,25,25,78,42,36,75,41,34,29,18,11,16,9,7,8,4,4,0,0,0,0,0,0,30,30,9,5,5,6,1,3,1,21,13,8,3,23,0,8,3
56405628,0,,,22,7,15,2,0,2,20,7,13,10,4,6,20,7,13,20,7,13,10,3,7,2,0,2,1,0,1,0,0,0,0,0,0,9,9,2,4,1,1,1,0,0,7,5,2,2,7,0,2,2
56405629,0,,,35,15,20,5,1,4,30,14,16,21,10,11,28,13,15,27,13,14,9,4,5,5,2,3,3,1,2,0,0,0,0,0,0,10,10,2,1,3,1,0,3,0,8,4,4,2,7,0,2,0
56405630,2,56405645,,2,1,1,*,*,*,*,*,*,*,*,*,*,*,*,*,*,*,*,*,*,*,*,*,*,*,*,*,*,*,*,*,*,1,1,*,*,*,*,*,*,*,*,*,*,*,*,*,*,*
56405631,2,56405645,,3,2,1,*,*,*,*,*,*,*,*,*,*,*,*,*,*,*,*,*,*,*,*,*,*,*,*,*,*,*,*,*,*,1,1,*,*,*,*,*,*,*,*,*,*,*,*,*,*,*
56405634,2,56405645,,3,2,1,*,*,*,*,*,*,*,*,*,*,*,*,*,*,*,*,*,*,*,*,*,*,*,*,*,*,*,*,*,*,1,1,*,*,*,*,*,*,*,*,*,*,*,*,*,*,*
56405635,2,56405645,,9,6,3,*,*,*,*,*,*,*,*,*,*,*,*,*,*,*,*,*,*,*,*,*,*,*,*,*,*,*,*,*,*,2,2,*,*,*,*,*,*,*,*,*,*,*,*,*,*,*
56405636,1,,56405621,52,26,26,1,1,0,53,26,27,32,17,15,47,24,23,46,24,22,21,9,12,5,2,3,3,1,2,0,0,0,0,0,0,16,16,2,6,2,3,2,2,0,15,5,10,1,14,0,2,3
56405639,1,,56405649;56405659,20,11,9,1,1,0,30,15,15,16,9,7,29,15,14,29,15,14,14,6,8,10,4,6,2,1,1,0,0,0,0,0,0,7,7,2,4,1,3,0,1,0,9,7,2,0,9,0,2,3
56405645,1,,56405622;56405623;56405630;56405631;56405634;56405635;56405679;56405699,12,5,7,1,0,1,41,23,18,17,11,6,40,22,18,37,20,17,24,12,12,10,5,5,3,2,1,0,0,0,0,0,0,4,4,4,6,3,1,0,1,1,12,11,1,0,15,0,4,5
56405649,2,56405639,,6,3,3,*,*,*,*,*,*,*,*,*,*,*,*,*,*,*,*,*,*,*,*,*,*,*,*,*,*,*,*,*,*,1,1,*,*,*,*,*,*,*,*,*,*,*,*,*,*,*
56405659,2,56405639,,5,2,3,*,*,*,*,*,*,*,*,*,*,*,*,*,*,*,*,*,*,*,*,*,*,*,*,*,*,*,*,*,*,3,3,*,*,*,*,*,*,*,*,*,*,*,*,*,*,*
56405679,2,56405645,,1,0,1,*,*,*,*,*,*,*,*,*,*,*,*,*,*,*,*,*,*,*,*,*,*,*,*,*,*,*,*,*,*,1,1,*,*,*,*,*,*,*,*,*,*,*,*,*,*,*
56405699,2,56405645,,3,1,2,*,*,*,*,*,*,*,*,*,*,*,*,*,*,*,*,*,*,*,*,*,*,*,*,*,*,*,*,*,*,2,2,*,*,*,*,*,*,*,*,*,*,*,*,*,*,*
56405701,2,56405711,,4,2,2,*,*,*,*,*,*,*,*,*,*,*,*,*,*,*,*,*,*,*,*,*,*,*,*,*,*,*,*,*,*,2,2,*,*,*,*,*,*,*,*,*,*,*,*,*,*,*
56405702,0,,,32,16,16,2,0,2,30,16,14,16,8,8,29,15,14,29,15,14,14,8,6,5,2,3,4,2,2,0,0,0,1,0,1,11,11,3,2,4,0,1,0,1,7,4,3,0,8,0,1,1
56405703,0,,,185,92,93,17,6,11,168,86,82,103,56,47,166,86,80,165,85,80,65,30,35,30,12,18,15,3,12,0,0,0,1,1,0,44,43,6,14,8,10,0,4,1,35,24,11,3,33,0,5,6
56405704,0,,,112,59,53,5,2,3,106,56,50,56,32,24,105,55,50,102,53,49,50,24,26,33,15,18,7,3,4,0,0,0,0,0,0,41,41,11,12,6,7,2,1,2,30,19,11,1,30,0,7,8
56405705,0,,,107,56,51,7,4,3,100,52,48,55,29,26,98,52,46,97,52,45,45,23,22,18,9,9,4,2,2,1,0,1,0,0,0,38,38,4,16,10,4,1,1,2,34,24,10,2,28,0,3,8
56405706,0,,,71,30,41,8,4,4,63,26,37,43,19,24,63,26,37,62,25,37,20,7,13,13,4,9,1,0,1,0,0,0,1,0,1,21,20,4,5,5,3,1,0,2,16,12,4,3,13,0,3,2
56405707,1,,56405708,54,28,26,3,2,1,59,29,30,36,19,17,58,29,29,56,28,28,23,10,13,10,4,6,3,1,2,0,0,0,0,0,0,18,18,3,8,3,4,0,3,0,18,13,5,1,14,0,3,4
56405708,2,56405707,,8,3,5,*,*,*,*,*,*,*,*,*,*,*,*,*,*,*,*,*,*,*,*,*,*,*,*,*,*,*,*,*,*,3,3,*,*,*,*,*,*,*,*,*,*,*,*,*,*,*
56405709,2,56405719,,8,5,3,*,*,*,*,*,*,*,*,*,*,*,*,*,*,*,*,*,*,*,*,*,*,*,*,*,*,*,*,*,*,2,2,*,*,*,*,*,*,*,*,*,*,*,*,*,*,*
56405711,1,,56405701,6,3,3,0,0,0,10,5,5,6,3,3,10,5,5,10,5,5,4,2,2,2,0,2,2,0,2,0,0,0,0,0,0,2,2,0,3,0,1,0,0,0,4,3,1,0,2,0,0,0
56405712,0,,,251,127,124,23,13,10,226,112,114,129,67,62,221,110,111,219,108,111,97,45,52,42,15,27,14,3,11,1,1,0,0,0,0,94,94,24,27,20,14,3,4,2,69,49,20,7,60,0,11,13
56405713,0,,,261,121,140,41,15,26,220,106,114,146,71,75,216,105,111,209,101,108,74,35,39,34,14,20,14,5,9,0,0,0,1,0,1,84,84,12,23,15,20,8,5,1,72,48,24,7,49,0,4,11
56405714,0,,,142,78,64,16,10,6,126,68,58,78,42,36,122,66,56,121,65,56,48,26,22,28,14,14,8,5,3,0,0,0,0,0,0,47,47,7,14,11,6,6,1,2,40,26,14,3,31,0,5,6
56405715,0,,,261,121,140,37,17,20,224,104,120,127,61,66,216,100,116,213,99,114,97,43,54,51,18,33,26,8,18,5,1,4,0,0,0,81,81,12,26,13,12,7,6,5,69,42,27,4,57,0,9,12
56405716,0,,,137,68,69,15,9,6,122,59,63,67,36,31,115,57,58,112,55,57,55,23,32,25,9,16,17,5,12,2,0,2,0,0,0,36,36,5,4,9,6,6,1,5,31,14,17,5,31,0,5,2
56405717,0,,,85,44,41,6,4,2,79,40,39,41,26,15,79,40,39,77,38,39,38,14,24,16,5,11,7,2,5,1,0,1,0,0,0,45,45,18,19,5,2,0,1,0,27,23,4,2,26,0,8,6
56405718,0,,,149,71,78,22,11,11,127,60,67,75,36,39,122,57,65,118,56,62,52,24,28,26,9,17,10,2,8,0,0,0,0,0,0,46,46,9,10,11,6,2,4,4,37,20,17,4,33,0,6,5
56405719,1,,56405709,248,120,128,25,16,9,231,109,122,134,63,71,226,106,120,223,104,119,97,46,51,48,21,27,15,6,9,2,0,2,0,0,0,80,80,10,21,25,11,8,5,2,72,40,32,9,58,0,8,13
56405720,0,,,24,13,11,4,2,2,20,11,9,12,7,5,19,10,9,19,10,9,8,4,4,8,4,4,2,1,1,0,0,0,0,0,0,7,7,0,2,1,3,1,0,0,7,4,3,1,5,0,0,1
56405721,0,,,142,70,72,8,2,6,134,68,66,76,39,37,130,65,65,129,65,64,58,29,29,28,13,15,7,5,2,1,1,0,0,0,0,49,49,11,12,10,8,5,1,2,37,24,13,1,40,0,8,6
56405722,0,,,236,114,122,29,17,12,206,97,109,115,63,52,196,93,103,191,91,100,91,34,57,49,15,34,28,4,24,1,0,1,1,0,1,72,71,13,18,17,10,7,1,5,58,43,15,4,41,0,7,9
56405723,0,,,153,78,75,18,10,8,135,68,67,84,45,39,131,67,64,128,65,63,51,23,28,21,9,12,5,3,2,0,0,0,0,0,0,49,49,5,17,9,7,8,2,1,44,33,11,7,33,0,4,9
56405724,0,,,222,111,111,25,12,13,196,98,98,108,55,53,189,94,95,185,92,93,88,43,45,34,15,19,12,6,6,2,1,1,0,0,0,64,64,5,18,15,10,6,6,4,58,35,23,6,54,0,3,12
56405725,0,,,294,149,145,32,14,18,256,130,126,169,87,82,245,123,122,239,119,120,87,43,44,41,18,23,18,6,12,2,0,2,0,0,0,99,99,23,27,16,15,6,6,6,74,50,24,10,58,3,11,8
56405726,1,,56405727,115,55,60,12,3,9,108,55,53,67,35,32,102,52,50,100,51,49,41,20,21,21,6,15,7,1,6,0,0,0,1,0,1,36,36,7,12,6,3,6,0,4,31,15,16,4,27,0,3,6
56405727,2,56405726,,6,4,2,*,*,*,*,*,*,*,*,*,*,*,*,*,*,*,*,*,*,*,*,*,*,*,*,*,*,*,*,*,*,2,2,*,*,*,*,*,*,*,*,*,*,*,*,*,*,*
56405728,0,,,53,28,25,7,3,4,46,25,21,21,12,9,46,25,21,46,25,21,25,13,12,12,5,7,3,1,2,0,0,0,0,0,0,25,25,10,8,3,3,0,1,0,15,14,1,1,16,0,5,5
56405730,0,,,116,55,61,9,3,6,107,52,55,61,33,28,102,49,53,97,47,50,46,19,27,28,10,18,10,2,8,0,0,0,0,0,0,38,38,6,11,6,8,4,3,0,31,19,12,2,30,0,6,5
56405731,0,,,123,62,61,8,6,2,115,56,59,64,36,28,111,53,58,110,53,57,51,20,31,34,11,23,10,2,8,1,0,1,0,0,0,46,46,12,12,11,5,3,2,1,34,20,14,2,34,1,8,3
56405732,0,,,190,99,91,21,17,4,168,81,87,86,45,41,165,79,86,163,77,86,82,36,46,41,15,26,15,6,9,1,0,1,0,0,0,68,68,12,25,12,11,3,3,2,56,39,17,2,53,0,7,15
56405733,0,,,317,152,165,31,12,19,286,140,146,162,83,79,275,135,140,271,135,136,124,57,67,59,28,31,25,11,14,2,0,2,0,0,0,108,108,20,28,28,14,10,7,1,88,59,29,9,78,1,13,14
56405734,0,,,506,272,234,55,38,17,446,229,217,309,173,136,437,224,213,426,217,209,137,56,81,55,18,37,22,2,20,2,0,2,11,1,10,249,249,121,60,32,21,8,4,3,126,98,28,15,97,51,30,24
56405735,0,,,310,156,154,31,17,14,279,139,140,187,97,90,268,132,136,259,128,131,92,42,50,49,20,29,17,8,9,2,0,2,1,0,1,106,106,23,28,20,16,11,5,3,82,59,23,7,62,0,14,15
56405736,0,,,187,92,95,22,12,10,165,80,85,96,47,49,162,79,83,161,78,83,69,33,36,31,14,17,9,2,7,0,0,0,0,0,0,56,56,8,13,13,9,6,3,4,48,28,20,1,45,0,6,5
56405737,0,,,186,90,96,18,11,7,168,79,89,102,50,52,162,77,85,159,76,83,66,29,37,32,13,19,9,3,6,0,0,0,0,0,0,55,55,9,13,8,14,4,3,4,46,23,23,3,45,0,8,7
56405740,0,,,16,7,9,1,0,1,15,7,8,7,3,4,15,7,8,15,7,8,8,4,4,4,1,3,3,1,2,1,0,1,0,0,0,4,4,0,0,2,1,0,1,0,4,1,3,0,4,0,0,0
56405741,0,,,108,56,52,20,13,7,86,41,45,63,31,32,83,40,43,80,39,41,23,10,13,12,4,8,3,0,3,0,0,0,0,0,0,33,33,11,4,3,4,5,3,3,21,11,10,7,15,0,2,0
56405742,0,,,1210,645,565,132,66,66,1070,571,499,698,406,292,1043,559,484,1025,551,474,372,165,207,187,73,114,56,14,42,5,1,4,5,1,4,568,567,269,135,59,61,26,7,10,291,223,68,29,262,22,75,61
56405743,0,,,405,193,212,61,35,26,343,158,185,208,101,107,330,150,180,321,145,176,135,57,78,67,25,42,26,7,19,0,0,0,0,0,0,156,156,36,52,33,19,10,4,2,118,97,21,20,83,1,20,21
56405744,0,,,619,309,310,74,32,42,519,259,260,355,191,164,509,254,255,500,248,252,164,68,96,69,20,49,28,10,18,4,0,4,14,1,13,294,294,133,74,43,23,13,4,4,156,127,29,28,107,36,23,26
56405745,0,,,638,318,320,106,63,43,532,255,277,342,171,171,512,249,263,502,245,257,190,84,106,100,38,62,36,12,24,5,2,3,0,0,0,196,196,33,49,38,37,15,10,14,161,112,49,24,120,5,17,23
56405746,0,,,405,192,213,47,24,23,357,167,190,209,105,104,348,161,187,338,158,180,148,62,86,72,27,45,21,4,17,3,0,3,0,0,0,146,146,38,34,37,17,10,4,6,106,72,34,19,95,0,23,16
56405747,0,,,40,19,21,2,1,1,38,18,20,26,14,12,36,17,19,35,17,18,12,4,8,6,2,4,1,1,0,0,0,0,0,0,0,12,12,1,3,4,0,3,1,0,11,7,4,0,8,0,1,1
56405750,0,,,23,11,12,0,0,0,23,11,12,13,6,7,23,11,12,22,10,12,10,5,5,3,1,2,1,1,0,0,0,0,0,0,0,9,9,1,4,3,0,1,0,0,8,7,1,0,7,0,1,2
56405751,0,,,84,47,37,9,7,2,75,40,35,48,26,22,71,36,35,65,33,32,27,14,13,18,9,9,8,3,5,1,1,0,0,0,0,24,24,1,7,5,5,3,2,1,23,13,10,1,15,0,0,5
56405752,0,,,833,422,411,115,58,57,717,364,353,476,257,219,686,347,339,669,336,333,241,107,134,114,49,65,45,16,29,4,1,3,4,3,1,329,329,94,93,65,45,21,7,4,232,196,36,26,166,7,41,48
56405753,0,,,1754,864,890,179,97,82,1547,746,801,850,449,401,1508,726,782,1487,714,773,697,297,400,380,145,235,145,43,102,10,3,7,5,2,3,758,758,261,236,117,84,34,19,7,493,403,90,46,467,21,132,129
56405754,0,,,1771,903,868,193,98,95,1519,765,754,1026,558,468,1478,738,740,1454,726,728,493,207,286,236,91,145,78,26,52,4,1,3,29,15,14,846,845,372,229,117,75,34,15,3,457,375,82,66,336,58,93,92
56405755,0,,,52,26,26,8,3,5,39,19,20,33,16,17,37,18,19,36,18,18,6,3,3,4,1,3,2,1,1,0,0,0,0,0,0,29,29,19,1,6,2,1,0,0,9,7,2,4,4,6,1,0
56405756,0,,,30,15,15,1,1,0,29,14,15,15,7,8,29,14,15,29,14,15,14,7,7,8,4,4,3,2,1,0,0,0,0,0,0,9,9,0,5,0,2,0,2,0,9,5,4,1,8,0,0,3
56405760,0,,,41,21,20,1,1,0,40,20,20,21,12,9,40,20,20,40,20,20,19,8,11,9,3,6,5,1,4,0,0,0,0,0,0,15,15,2,5,3,5,0,0,0,12,9,3,1,11,0,2,2
56405761,0,,,1078,515,563,174,81,93,891,426,465,668,326,342,860,415,445,841,408,433,223,100,123,82,30,52,30,11,19,2,0,2,5,1,4,395,395,81,114,89,72,26,7,6,309,254,55,39,144,18,14,33
56405762,0,,,2124,1081,1043,355,190,165,1720,862,858,1259,670,589,1649,818,831,1613,803,810,461,192,269,219,88,131,70,19,51,6,1,5,2,1,1,885,885,317,219,145,120,58,19,7,561,481,80,98,307,46,80,77
56405763,0,,,3002,1530,1472,341,182,159,2591,1299,1292,1667,930,737,2512,1251,1261,2470,1230,1240,924,369,555,486,151,335,232,61,171,25,5,20,38,13,25,1377,1375,614,328,208,136,64,19,6,746,615,131,102,588,71,196,126
56405764,0,,,1979,1043,936,264,137,127,1633,844,789,1209,660,549,1570,809,761,1543,796,747,424,184,240,208,76,132,67,19,48,3,2,1,6,4,2,947,946,471,201,109,100,33,20,12,462,373,89,76,301,54,110,53
56405765,0,,,246,119,127,37,16,21,209,103,106,136,67,69,199,100,99,197,100,97,73,36,37,25,11,14,10,4,6,0,0,0,0,0,0,84,84,15,27,18,8,8,5,3,68,52,16,8,46,1,6,10
56405766,0,,,192,100,92,18,11,7,174,89,85,105,53,52,171,87,84,167,84,83,69,36,33,40,18,22,12,5,7,0,0,0,0,0,0,59,59,10,16,13,5,6,4,5,48,25,23,2,47,0,9,7
56405767,0,,,194,102,92,32,18,14,162,84,78,97,55,42,158,81,77,158,81,77,65,29,36,35,13,22,16,5,11,1,0,1,0,0,0,54,54,8,11,16,3,5,2,9,45,19,26,11,39,0,5,5
56405770,0,,,61,24,37,4,0,4,57,24,33,30,13,17,53,22,31,51,21,30,27,11,16,12,4,8,9,2,7,2,0,2,0,0,0,17,17,2,4,1,5,2,3,0,14,5,9,2,15,0,1,4
56405771,0,,,446,212,234,40,24,16,404,186,218,229,115,114,391,180,211,387,179,208,175,71,104,74,24,50,29,8,21,3,1,2,6,0,6,162,162,36,48,37,21,10,5,5,125,79,46,12,112,3,20,25
56405772,0,,,774,419,355,90,48,42,652,354,298,488,281,207,628,340,288,622,338,284,164,73,91,71,33,38,24,10,14,3,0,3,0,0,0,363,363,161,91,46,46,10,6,3,197,171,26,26,109,43,22,25
56405773,0,,,740,319,421,81,32,49,641,277,364,358,184,174,626,271,355,615,264,351,283,93,190,186,50,136,105,17,88,20,1,19,0,0,0,305,303,158,57,36,29,13,7,3,142,111,31,14,133,14,66,15
56405774,0,,,1703,885,818,157,73,84,1498,774,724,1013,551,462,1450,752,698,1425,734,691,485,223,262,255,106,149,86,30,56,7,1,6,8,3,5,837,834,405,210,105,70,25,11,8,419,333,86,43,329,53,114,77
56405775,0,,,1434,688,746,253,129,124,1169,551,618,836,408,428,1126,531,595,1102,525,577,333,143,190,147,56,91,44,14,30,4,1,3,0,0,0,501,501,105,140,94,93,37,17,15,391,303,88,72,230,6,51,38
56405776,0,,,136,72,64,18,9,9,118,63,55,70,39,31,113,58,55,113,58,55,48,24,24,24,9,15,11,3,8,2,0,2,0,0,0,44,44,5,18,6,7,3,2,3,38,26,12,3,28,0,2,10
56405780,0,,,225,119,106,37,21,16,188,98,90,117,63,54,180,93,87,179,92,87,71,35,36,40,18,22,11,3,8,3,1,2,1,0,1,79,79,21,14,21,9,8,5,1,57,40,17,7,48,0,11,7
56405781,0,,,495,250,245,69,38,31,416,203,213,264,134,130,395,193,202,385,186,199,152,69,83,60,21,39,12,4,8,1,0,1,0,0,0,171,171,37,46,32,30,13,9,4,133,95,38,18,96,1,15,26
56405782,0,,,175,86,89,18,10,8,156,75,81,107,56,51,147,70,77,140,68,72,49,19,30,29,12,17,13,5,8,0,0,0,1,0,1,53,53,7,17,11,6,3,4,5,46,28,18,7,32,1,3,6
56405783,0,,,242,120,122,28,14,14,209,102,107,117,62,55,203,97,106,198,95,103,92,40,52,52,18,34,25,7,18,1,0,1,1,0,1,86,86,24,20,15,16,2,6,3,61,40,21,5,60,0,17,5
56405784,0,,,173,85,88,23,8,15,150,77,73,87,49,38,142,71,71,138,68,70,63,28,35,34,15,19,11,2,9,2,0,2,0,0,0,55,55,7,18,14,3,5,5,3,47,34,13,6,38,0,7,11
56405785,0,,,1187,603,584,159,81,78,1010,508,502,669,361,308,968,484,484,941,468,473,341,147,194,154,58,96,53,22,31,2,1,1,4,3,1,440,439,120,119,83,56,38,12,11,311,234,77,47,235,7,56,50
56405786,0,,,650,328,322,85,49,36,555,272,283,341,176,165,533,261,272,523,252,271,214,96,118,104,41,63,31,7,24,1,0,1,1,1,0,222,222,46,64,44,33,15,8,12,172,119,53,21,140,2,29,36
56405787,0,,,571,291,280,61,39,22,509,251,258,308,159,149,493,247,246,487,243,244,201,92,109,111,48,63,33,14,19,0,0,0,2,0,2,179,179,32,46,30,34,13,16,8,147,84,63,16,127,1,17,23
56405790,0,,,34,20,14,7,4,3,27,16,11,17,11,6,26,15,11,25,14,11,10,5,5,4,1,3,2,0,2,0,0,0,0,0,0,7,7,1,0,0,2,1,2,1,6,2,4,1,5,0,0,0
56405791,0,,,230,108,122,21,8,13,206,97,109,120,61,59,205,97,108,201,95,106,86,36,50,47,15,32,19,4,15,0,0,0,6,0,6,75,75,17,15,12,15,11,4,1,57,32,25,7,52,2,6,10
56405792,0,,,29,14,15,1,1,0,28,13,15,14,7,7,25,10,15,25,10,15,14,6,8,9,4,5,2,0,2,0,0,0,0,0,0,8,8,1,1,2,2,1,0,1,7,2,5,0,7,0,1,1
56405793,0,,,111,55,56,8,1,7,100,52,48,52,29,23,99,51,48,98,51,47,48,23,25,24,8,16,10,1,9,2,0,2,0,0,0,40,40,13,6,8,7,3,2,1,27,13,14,2,29,1,6,4
56405794,0,,,19,9,10,3,1,2,16,8,8,7,3,4,16,8,8,16,8,8,9,5,4,5,2,3,3,1,2,0,0,0,0,0,0,6,6,0,2,2,1,1,0,0,6,3,3,0,6,0,0,1
56405795,0,,,29,13,16,4,1,3,24,12,12,18,10,8,23,12,11,23,12,11,6,2,4,4,1,3,2,0,2,0,0,0,0,0,0,11,11,5,1,1,2,1,1,0,6,3,3,1,5,1,2,1
56405796,0,,,620,309,311,65,27,38,549,277,272,352,186,166,533,269,264,523,263,260,197,91,106,88,32,56,24,4,20,3,0,3,8,4,4,233,233,72,59,36,34,16,9,7,157,101,56,18,140,5,32,18
56405797,0,,,159,85,74,24,14,10,135,71,64,90,49,41,132,70,62,128,69,59,45,22,23,19,7,12,7,2,5,0,0,0,0,0,0,62,62,18,19,10,8,3,3,1,44,32,12,6,32,2,6,5
56406206,1,,56406209,4,1,3,0,0,0,19,6,13,13,4,9,18,6,12,18,6,12,6,2,4,5,1,4,1,0,1,0,0,0,1,0,1,2,2,1,1,4,1,0,0,0,6,5,1,0,5,0,1,0
56406209,2,56406206,,15,5,10,*,*,*,*,*,*,*,*,*,*,*,*,*,*,*,*,*,*,*,*,*,*,*,*,*,*,*,*,*,*,5,5,*,*,*,*,*,*,*,*,*,*,*,*,*,*,*
56406300,0,,,40,20,20,3,1,2,37,19,18,18,9,9,35,17,18,34,16,18,19,10,9,13,6,7,5,2,3,0,0,0,0,0,0,12,12,1,4,2,2,1,2,0,11,5,6,0,10,0,1,1
56406304,0,,,13,9,4,1,1,0,12,8,4,7,4,3,12,8,4,11,7,4,5,4,1,3,2,1,0,0,0,0,0,0,0,0,0,5,5,2,0,1,2,0,0,0,3,1,2,1,5,0,2,0
56406305,0,,,1065,510,555,85,44,41,958,453,505,493,267,226,930,437,493,916,432,484,465,186,279,275,92,183,131,32,99,17,6,11,3,0,3,449,447,195,114,72,33,18,9,6,249,197,52,22,254,17,97,44
56406306,0,,,681,320,361,40,14,26,640,305,335,300,167,133,626,297,329,608,289,319,340,138,202,217,76,141,100,29,71,11,1,10,5,3,2,263,260,109,74,32,17,15,9,4,145,104,41,8,168,20,53,37
56406307,0,,,169,87,82,7,2,5,162,85,77,82,45,37,158,83,75,154,80,74,80,40,40,38,15,23,15,5,10,1,0,1,0,0,0,57,57,9,19,12,7,5,3,2,47,31,16,2,49,0,6,11
56406308,0,,,26,13,13,2,2,0,24,11,13,8,5,3,24,11,13,24,11,13,16,6,10,8,1,7,1,0,1,0,0,0,0,0,0,12,12,3,6,2,0,1,0,0,9,8,1,2,11,0,3,4
56406309,0,,,278,136,142,29,15,14,249,121,128,139,73,66,240,118,122,240,118,122,110,48,62,54,20,34,21,7,14,4,0,4,0,0,0,92,92,17,25,18,13,11,6,2,75,45,30,8,68,0,14,13
56406314,0,,,34,16,18,3,1,2,30,14,16,18,9,9,30,14,16,29,14,15,12,5,7,5,1,4,3,0,3,0,0,0,0,0,0,12,12,2,5,1,3,0,0,1,10,7,3,1,8,0,0,2
56406315,1,,56406334,116,59,57,14,4,10,99,51,48,65,34,31,97,51,46,96,51,45,34,17,17,15,7,8,4,2,2,0,0,0,2,2,0,49,49,25,7,7,4,4,1,2,25,15,10,2,23,6,5,4
56406316,2,56406317,,8,3,5,*,*,*,*,*,*,*,*,*,*,*,*,*,*,*,*,*,*,*,*,*,*,*,*,*,*,*,*,*,*,1,1,*,*,*,*,*,*,*,*,*,*,*,*,*,*,*
56406317,1,,56406316,69,34,35,5,2,3,72,35,37,36,19,17,70,35,35,70,35,35,36,16,20,21,8,13,4,1,3,0,0,0,0,0,0,26,26,5,10,5,2,3,1,1,22,11,11,0,22,0,5,6
56406319,0,,,111,59,52,8,4,4,103,55,48,51,30,21,102,54,48,98,51,47,52,25,27,30,16,14,8,2,6,2,0,2,0,0,0,40,40,12,11,6,4,3,2,2,28,17,11,2,34,0,9,4
56406334,2,56406315,,1,0,1,*,*,*,*,*,*,*,*,*,*,*,*,*,*,*,*,*,*,*,*,*,*,*,*,*,*,*,*,*,*,1,1,*,*,*,*,*,*,*,*,*,*,*,*,*,*,*
56406354,2,56406364,,6,4,2,*,*,*,*,*,*,*,*,*,*,*,*,*,*,*,*,*,*,*,*,*,*,*,*,*,*,*,*,*,*,4,4,*,*,*,*,*,*,*,*,*,*,*,*,*,*,*
56406364,1,,56406354,29,16,13,2,0,2,33,20,13,14,8,6,32,19,13,32,19,13,19,12,7,6,5,1,1,1,0,0,0,0,0,0,0,13,13,7,6,1,2,1,0,0,10,7,3,1,12,0,3,5
56406374,0,,,65,37,28,1,1,0,62,35,27,35,20,15,60,33,27,59,33,26,27,15,12,15,7,8,5,3,2,0,0,0,0,0,0,28,28,7,10,8,1,2,0,0,20,15,5,0,21,0,5,4
56406375,0,,,16,11,5,2,2,0,14,9,5,5,4,1,13,8,5,13,8,5,9,5,4,5,4,1,3,2,1,0,0,0,0,0,0,7,7,2,3,1,0,1,0,0,5,5,0,0,5,0,1,3
56406384,0,,,69,34,35,2,1,1,67,33,34,31,19,12,67,33,34,66,32,34,36,14,22,20,7,13,7,1,6,1,0,1,2,0,2,29,29,8,11,6,1,2,0,1,21,15,6,0,25,0,7,6
56406394,0,,,45,21,24,2,2,0,43,19,24,19,8,11,43,19,24,43,19,24,24,11,13,13,6,7,5,2,3,0,0,0,0,0,0,22,22,9,6,4,3,0,0,0,13,10,3,0,16,0,5,4
56406400,0,,,454,213,241,41,18,23,413,195,218,277,130,147,392,184,208,377,181,196,136,65,71,73,35,38,21,10,11,2,0,2,1,0,1,168,167,36,50,32,32,10,6,1,130,101,29,7,84,9,9,20
56406401,0,,,704,351,353,91,51,40,612,299,313,391,203,188,587,287,300,578,280,298,221,96,125,120,49,71,30,10,20,1,0,1,4,2,2,276,276,82,73,53,36,24,4,4,194,161,33,29,150,4,42,33
56406402,0,,,171,83,88,27,13,14,144,70,74,80,40,40,141,68,73,137,66,71,64,30,34,37,17,20,13,6,7,1,0,1,0,0,0,48,48,6,13,8,6,6,2,7,41,22,19,3,39,0,5,6
56406403,0,,,112,53,59,9,4,5,103,49,54,51,25,26,100,48,52,97,47,50,52,24,28,22,7,15,3,1,2,0,0,0,0,0,0,42,42,10,14,6,7,3,1,1,32,27,5,1,31,0,7,11
56406404,0,,,265,129,136,27,13,14,238,116,122,139,76,63,231,111,120,228,110,118,99,40,59,43,14,29,19,4,15,1,0,1,0,0,0,89,89,12,32,15,14,9,6,1,77,51,26,5,66,0,8,16
56406405,0,,,431,209,222,25,11,14,406,198,208,218,113,105,394,193,201,390,191,199,188,85,103,95,38,57,36,10,26,3,1,2,3,0,3,151,151,23,41,44,28,10,3,2,127,84,43,7,116,0,18,22
56406406,0,,,383,183,200,17,9,8,366,174,192,186,94,92,356,170,186,349,166,183,180,80,100,100,44,56,37,13,24,3,0,3,3,0,3,131,131,21,44,25,21,11,4,5,110,68,42,4,112,0,18,21
56406407,0,,,1018,477,541,91,34,57,927,443,484,608,302,306,897,429,468,877,416,461,319,141,178,160,65,95,58,24,34,1,0,1,1,0,1,334,334,43,99,80,62,28,11,11,290,206,84,19,209,0,28,37
56406408,0,,,192,93,99,24,9,15,168,84,84,96,50,46,164,81,83,161,79,82,72,34,38,35,15,20,10,3,7,0,0,0,3,1,2,57,57,13,11,8,8,10,2,5,44,23,21,3,47,0,8,6
56406409,0,,,211,104,107,15,8,7,196,96,100,113,55,58,191,93,98,189,92,97,83,41,42,39,17,22,14,6,8,1,0,1,0,0,0,74,74,13,19,24,10,3,3,2,60,42,18,4,58,0,9,10
56406410,0,,,669,328,341,68,28,40,600,299,301,403,205,198,573,287,286,562,282,280,197,94,103,92,43,49,24,10,14,1,0,1,5,0,5,244,244,38,80,71,29,18,5,3,205,163,42,12,128,6,15,35
56406411,0,,,2589,1213,1376,261,140,121,2319,1069,1250,1331,664,667,2246,1034,1212,2203,1012,1191,988,405,583,611,227,384,279,81,198,40,3,37,8,4,4,983,977,269,289,228,110,51,21,9,699,575,124,68,555,19,144,131
56406412,0,,,395,184,211,33,18,15,362,166,196,187,89,98,350,160,190,343,157,186,175,77,98,83,33,50,29,5,24,3,0,3,0,0,0,130,130,17,42,28,21,10,8,4,113,70,43,7,109,1,13,23
56406413,0,,,134,63,71,14,9,5,120,54,66,58,30,28,119,53,66,116,50,66,62,24,38,40,15,25,22,7,15,3,0,3,0,0,0,47,47,7,18,9,6,4,1,2,40,27,13,1,37,0,6,5
56406414,0,,,173,85,88,10,7,3,163,78,85,87,44,43,159,77,82,157,76,81,76,34,42,41,13,28,17,5,12,1,0,1,2,0,2,62,62,12,20,16,5,6,0,3,50,31,19,3,48,0,5,10
56406415,0,,,215,112,103,8,5,3,207,107,100,114,62,52,201,103,98,201,103,98,93,45,48,49,21,28,26,9,17,2,0,2,1,0,1,80,80,18,23,20,8,7,4,0,62,38,24,3,62,0,13,12
56406416,0,,,623,299,324,40,17,23,583,282,301,325,163,162,564,267,297,556,264,292,258,119,139,133,51,82,43,16,27,3,1,2,4,0,4,202,202,25,63,43,40,11,13,7,176,117,59,9,161,0,17,33
56406417,0,,,743,336,407,60,33,27,682,303,379,358,176,182,655,287,368,641,281,360,324,127,197,212,72,140,121,35,86,25,4,21,3,2,1,236,234,45,82,45,33,18,7,4,188,140,48,12,138,4,20,37
56406418,0,,,984,514,470,143,78,65,838,434,404,603,330,273,807,412,395,780,391,389,235,104,131,106,38,68,34,9,25,4,1,3,21,10,11,368,368,96,91,81,59,25,12,4,271,215,56,37,159,11,29,35
56406419,0,,,130,66,64,5,0,5,125,66,59,68,37,31,122,65,57,119,64,55,57,29,28,26,11,15,9,1,8,1,1,0,0,0,0,44,44,7,16,7,6,3,4,1,37,21,16,1,39,0,6,9
56406420,0,,,130,61,69,5,2,3,125,59,66,64,33,31,120,57,63,118,55,63,61,26,35,28,11,17,8,2,6,1,1,0,1,0,1,51,51,13,15,13,5,3,1,1,38,26,12,0,38,0,8,5
56406421,0,,,2286,1081,1205,298,140,158,1983,938,1045,1194,614,580,1926,909,1017,1892,887,1005,789,324,465,409,156,253,134,43,91,13,4,9,7,2,5,954,954,310,273,168,129,47,16,11,637,506,131,92,550,29,171,128
56406422,0,,,353,170,183,36,16,20,316,153,163,175,88,87,309,149,160,305,146,159,141,65,76,65,30,35,21,5,16,2,1,1,0,0,0,122,122,29,26,27,19,15,2,4,93,59,34,10,89,2,16,16
56406423,0,,,369,188,181,35,21,14,334,167,167,179,93,86,322,158,164,316,155,161,155,74,81,73,33,40,25,11,14,1,0,1,0,0,0,111,111,13,31,25,15,14,6,7,98,61,37,10,89,0,9,22
56406424,0,,,192,97,95,19,7,12,173,90,83,88,47,41,172,89,83,172,89,83,85,43,42,41,19,22,18,8,10,1,1,0,0,0,0,68,68,11,26,12,6,10,2,1,57,37,20,7,50,1,7,10
56406425,0,,,228,115,113,27,16,11,201,99,102,111,54,57,194,95,99,190,94,96,90,45,45,41,17,24,20,6,14,2,1,1,1,0,1,63,63,9,17,9,7,5,8,8,51,24,27,4,58,0,9,9
56406426,0,,,470,246,224,41,30,11,429,216,213,238,126,112,418,210,208,413,207,206,191,90,101,92,36,56,43,18,25,2,0,2,2,0,2,152,152,21,45,40,21,13,3,9,131,91,40,13,118,0,14,25
56406427,0,,,1496,717,779,189,96,93,1306,620,686,782,393,389,1265,599,666,1231,583,648,524,227,297,288,118,170,76,20,56,11,1,10,19,12,7,521,520,116,141,114,79,36,20,14,403,309,94,44,318,5,79,65
56406428,0,,,2551,1222,1329,286,146,140,2255,1068,1187,1328,673,655,2179,1030,1149,2127,1006,1121,927,395,532,508,200,308,188,63,125,13,3,10,25,17,8,969,968,263,274,189,127,68,31,16,698,520,178,62,607,11,158,132
56406429,0,,,266,134,132,29,15,14,237,119,118,145,75,70,233,118,115,229,116,113,92,44,48,47,21,26,15,6,9,0,0,0,0,0,0,102,102,25,27,26,14,7,3,0,76,59,17,10,61,3,11,13
56406430,0,,,120,56,64,6,2,4,114,54,60,59,29,30,110,52,58,109,52,57,55,25,30,24,8,16,9,3,6,0,0,0,0,0,0,41,41,4,15,9,9,3,0,1,37,25,12,1,36,0,3,9
56406431,0,,,797,394,403,101,53,48,696,341,355,463,236,227,677,334,343,663,325,338,233,105,128,131,54,77,46,15,31,2,0,2,3,0,3,269,269,46,75,58,59,13,9,9,223,159,64,27,160,3,26,25
56406432,0,,,224,114,110,18,8,10,206,106,100,109,54,55,204,106,98,203,106,97,97,52,45,43,22,21,21,9,12,3,1,2,1,0,1,79,79,12,26,15,17,7,2,0,67,43,24,4,62,0,8,9
56406433,0,,,183,91,92,12,6,6,171,85,86,78,39,39,168,83,85,164,82,82,93,46,47,54,23,31,17,5,12,2,1,1,1,0,1,65,65,9,24,15,9,4,3,1,55,35,20,4,52,0,6,15
56406434,0,,,299,150,149,22,10,12,277,140,137,142,81,61,269,134,135,264,130,134,135,59,76,75,29,46,30,12,18,2,1,1,1,0,1,99,99,17,31,18,13,11,6,3,81,52,29,6,79,0,14,14
56406435,0,,,208,100,108,13,9,4,195,91,104,94,48,46,191,89,102,189,88,101,101,43,58,50,21,29,21,7,14,4,1,3,0,0,0,70,70,9,20,22,9,7,1,2,60,38,22,4,62,0,8,10
56406438,0,,,1319,614,705,126,48,78,1192,565,627,625,325,300,1169,551,618,1157,542,615,567,240,327,311,116,195,132,38,94,23,3,20,6,2,4,456,454,90,148,105,65,27,7,12,360,273,87,36,316,0,66,77
56406439,0,,,793,383,410,103,51,52,690,332,358,412,215,197,670,322,348,658,314,344,278,117,161,131,43,88,48,14,34,2,1,1,1,0,1,272,272,54,78,62,35,17,16,10,218,159,59,27,184,1,39,33
56406441,0,,,256,123,133,24,13,11,232,110,122,133,64,69,221,106,115,215,104,111,99,46,53,43,17,26,22,7,15,0,0,0,1,0,1,85,85,11,33,16,10,7,4,4,73,48,25,5,61,0,5,21
56406442,0,,,476,210,266,38,14,24,438,196,242,188,90,98,428,192,236,422,189,233,250,106,144,127,50,77,42,8,34,7,1,6,3,1,2,149,144,28,57,26,15,13,4,1,116,94,22,9,97,0,21,30
56406443,0,,,750,323,427,57,30,27,693,293,400,339,156,183,678,290,388,668,287,381,354,137,217,239,84,155,106,30,76,11,1,10,2,0,2,261,259,63,89,44,28,20,9,6,195,132,63,11,192,6,37,51
56406444,0,,,201,98,103,20,6,14,181,92,89,106,56,50,176,90,86,174,89,85,75,36,39,40,19,21,18,7,11,0,0,0,1,0,1,57,57,6,13,13,9,7,6,3,51,26,25,4,47,0,5,7
56406445,0,,,266,131,135,18,12,6,248,119,129,130,63,67,240,116,124,235,114,121,118,56,62,62,29,33,30,13,17,4,0,4,0,0,0,85,85,17,19,16,16,9,5,3,68,35,33,8,71,0,11,11
56406446,0,,,184,96,88,7,4,3,177,92,85,82,47,35,173,89,84,171,87,84,95,45,50,51,18,33,31,11,20,3,2,1,0,0,0,64,64,11,20,16,8,3,4,2,53,33,20,0,55,0,7,9
56406447,0,,,80,42,38,4,3,1,76,39,37,40,19,21,76,39,37,75,39,36,36,20,16,17,9,8,6,4,2,0,0,0,1,0,1,28,28,3,14,4,3,2,0,2,25,17,8,2,22,0,3,6
56406448,0,,,133,73,60,1,1,0,132,72,60,75,44,31,131,71,60,130,70,60,57,28,29,26,11,15,14,4,10,1,0,1,0,0,0,50,50,11,12,16,6,4,1,0,39,26,13,1,38,0,7,5
56406449,0,,,76,39,37,7,3,4,69,36,33,40,20,20,69,36,33,67,35,32,29,16,13,10,6,4,4,2,2,0,0,0,0,0,0,22,22,4,4,4,3,3,3,1,18,10,8,4,18,0,3,2
56406450,2,56406451,,8,3,5,*,*,*,*,*,*,*,*,*,*,*,*,*,*,*,*,*,*,*,*,*,*,*,*,*,*,*,*,*,*,2,2,*,*,*,*,*,*,*,*,*,*,*,*,*,*,*
56406451,1,,56406450,269,135,134,16,8,8,261,130,131,149,79,70,256,126,130,251,124,127,112,51,61,55,21,34,25,9,16,4,1,3,1,0,1,94,94,19,26,22,15,7,4,3,77,49,28,2,77,0,13,10
56406452,0,,,566,279,287,48,25,23,518,254,264,306,154,152,487,238,249,477,234,243,212,100,112,99,47,52,42,18,24,4,2,2,7,1,6,204,204,36,64,46,37,13,6,2,167,131,36,9,132,0,29,32
56406453,0,,,2458,1163,1295,261,124,137,2195,1038,1157,1292,631,661,2117,1000,1117,2081,984,1097,903,407,496,442,183,259,118,41,77,5,1,4,24,5,19,962,962,240,302,198,133,57,21,11,719,581,138,69,596,22,140,163
56406454,0,,,827,388,439,80,44,36,747,344,403,452,220,232,725,339,386,705,330,375,295,124,171,125,43,82,48,12,36,6,2,4,3,0,3,318,318,75,105,67,37,21,5,8,240,186,54,18,201,6,48,47
56406455,0,,,202,104,98,16,9,7,186,95,91,111,59,52,180,90,90,175,87,88,75,36,39,41,16,25,12,4,8,1,0,1,2,1,1,64,64,8,22,12,7,9,3,3,54,33,21,3,51,0,4,9
56406456,0,,,206,99,107,17,9,8,189,90,99,90,43,47,184,88,96,183,88,95,99,47,52,50,20,30,20,8,12,2,1,1,1,0,1,72,72,12,23,21,6,6,0,4,60,38,22,2,60,0,9,17
56406457,0,,,389,195,194,19,9,10,370,186,184,195,104,91,367,184,183,363,184,179,175,82,93,94,40,54,32,10,22,1,0,1,0,0,0,122,122,11,37,32,20,10,6,6,111,72,39,4,105,0,10,18
56406458,0,,,180,84,96,13,2,11,167,82,85,88,46,42,164,79,85,161,78,83,79,36,43,50,19,31,23,10,13,2,1,1,2,0,2,60,60,11,14,17,9,4,3,2,49,29,20,3,52,0,9,6
56406459,0,,,200,100,100,18,9,9,182,91,91,89,46,43,177,90,87,175,89,86,93,45,48,44,17,27,22,9,13,4,2,2,0,0,0,63,63,9,22,12,6,5,4,5,54,31,23,6,54,0,8,14
56406460,0,,,20,13,7,4,4,0,16,9,7,8,4,4,16,9,7,16,9,7,8,5,3,4,2,2,1,1,0,0,0,0,1,0,1,8,8,2,2,2,2,0,0,0,6,3,3,2,6,0,2,1
56406461,0,,,266,136,130,12,6,6,254,130,124,131,70,61,251,128,123,246,125,121,123,60,63,60,23,37,19,8,11,0,0,0,1,0,1,100,100,19,36,23,11,5,5,1,81,59,22,3,83,0,15,19
56406462,0,,,316,117,199,8,2,6,308,115,193,85,44,41,306,114,192,305,114,191,223,71,152,189,52,137,117,26,91,21,3,18,2,0,2,72,69,16,24,15,7,3,3,1,53,38,15,1,60,0,13,10
56406463,0,,,65,32,33,4,2,2,61,30,31,27,12,15,59,28,31,56,27,29,34,18,16,15,6,9,5,2,3,0,0,0,0,0,0,28,28,9,11,4,1,1,1,1,19,15,4,0,22,1,6,5
56406464,0,,,249,129,120,18,13,5,231,116,115,114,61,53,227,114,113,223,113,110,117,55,62,62,28,34,19,6,13,1,0,1,2,2,0,87,87,13,35,16,10,8,3,2,74,53,21,4,67,0,5,24
56406465,0,,,139,66,73,10,6,4,129,60,69,71,34,37,126,58,68,125,57,68,58,26,32,29,8,21,9,2,7,2,0,2,1,0,1,48,48,8,12,14,10,1,2,1,39,23,16,2,40,0,8,5
56406466,0,,,215,100,115,21,5,16,194,95,99,104,51,53,190,92,98,190,92,98,90,44,46,44,20,24,15,4,11,2,0,2,2,0,2,73,73,19,12,19,11,5,3,4,54,32,22,5,60,0,14,7
56406467,0,,,93,45,48,9,5,4,84,40,44,44,20,24,81,40,41,81,40,41,40,20,20,19,8,11,8,3,5,0,0,0,1,0,1,28,28,2,8,8,5,2,1,2,26,16,10,1,25,0,2,4
56406468,1,,56406479,65,28,37,2,0,2,70,32,38,37,19,18,68,32,36,68,32,36,33,13,20,15,6,9,1,0,1,0,0,0,0,0,0,22,22,2,8,9,3,3,0,0,23,17,6,0,20,0,2,4
56406469,0,,,105,51,54,11,6,5,94,45,49,58,29,29,91,43,48,86,40,46,36,16,20,18,5,13,9,4,5,0,0,0,0,0,0,31,31,7,6,5,4,4,2,3,24,12,12,2,27,0,6,3
56406471,0,,,50,24,26,0,0,0,50,24,26,27,13,14,47,23,24,46,22,24,23,11,12,12,5,7,5,2,3,0,0,0,0,0,0,18,18,4,5,3,4,1,1,0,14,11,3,0,15,1,2,4
56406472,0,,,126,61,65,11,4,7,115,57,58,51,25,26,112,55,57,111,55,56,64,32,32,21,10,11,6,1,5,1,1,0,0,0,0,45,45,10,14,9,6,2,1,3,34,24,10,2,39,0,10,10
56406473,2,56406474,,5,2,3,*,*,*,*,*,*,*,*,*,*,*,*,*,*,*,*,*,*,*,*,*,*,*,*,*,*,*,*,*,*,3,3,*,*,*,*,*,*,*,*,*,*,*,*,*,*,*
56406474,1,,56406473,143,73,70,6,5,1,142,70,72,66,38,28,139,67,72,133,65,68,76,32,44,36,13,23,10,2,8,1,0,1,1,0,1,51,51,14,15,12,7,2,2,2,40,25,15,3,47,0,12,7
56406475,0,,,56,27,29,2,2,0,54,25,29,30,16,14,54,25,29,52,24,28,24,9,15,12,2,10,7,1,6,0,0,0,0,0,0,21,21,3,11,1,3,2,1,0,18,11,7,1,16,1,2,4
56406476,1,,56406477,117,60,57,7,2,5,112,59,53,48,32,16,110,58,52,108,56,52,64,27,37,31,11,20,15,3,12,2,0,2,1,0,1,42,42,10,15,6,6,2,3,1,33,21,12,2,37,0,10,10
56406477,2,56406476,,2,1,1,*,*,*,*,*,*,*,*,*,*,*,*,*,*,*,*,*,*,*,*,*,*,*,*,*,*,*,*,*,*,1,1,*,*,*,*,*,*,*,*,*,*,*,*,*,*,*
56406478,0,,,10,5,5,0,0,0,10,5,5,4,3,1,10,5,5,10,5,5,6,2,4,6,2,4,1,0,1,0,0,0,0,0,0,4,4,1,1,1,1,0,0,0,3,2,1,0,4,0,1,0
56406479,2,56406468,,7,4,3,*,*,*,*,*,*,*,*,*,*,*,*,*,*,*,*,*,*,*,*,*,*,*,*,*,*,*,*,*,*,3,3,*,*,*,*,*,*,*,*,*,*,*,*,*,*,*
56406485,0,,,81,42,39,9,6,3,72,36,36,35,20,15,71,36,35,71,36,35,37,16,21,16,7,9,7,2,5,0,0,0,0,0,0,27,27,4,8,9,2,0,3,1,22,16,6,2,23,0,4,6
56406486,0,,,204,94,110,18,10,8,186,84,102,86,42,44,182,82,100,175,78,97,100,42,58,50,17,33,24,8,16,3,2,1,3,0,3,68,68,15,12,19,10,5,6,1,53,27,26,2,62,0,14,8
56406488,2,56406498,,8,5,3,*,*,*,*,*,*,*,*,*,*,*,*,*,*,*,*,*,*,*,*,*,*,*,*,*,*,*,*,*,*,4,4,*,*,*,*,*,*,*,*,*,*,*,*,*,*,*
56406498,1,,56406488;56406499,5,3,2,0,0,0,19,12,7,9,5,4,19,12,7,19,12,7,10,7,3,6,3,3,6,3,3,2,1,1,0,0,0,2,2,2,2,3,1,0,0,0,6,3,3,0,7,0,1,1
56406499,2,56406498,,6,4,2,*,*,*,*,*,*,*,*,*,*,*,*,*,*,*,*,*,*,*,*,*,*,*,*,*,*,*,*,*,*,2,2,*,*,*,*,*,*,*,*,*,*,*,*,*,*,*
56406500,2,56406510,,8,4,4,*,*,*,*,*,*,*,*,*,*,*,*,*,*,*,*,*,*,*,*,*,*,*,*,*,*,*,*,*,*,3,3,*,*,*,*,*,*,*,*,*,*,*,*,*,*,*
56406501,2,56406502,,14,4,10,*,*,*,*,*,*,*,*,*,*,*,*,*,*,*,*,*,*,*,*,*,*,*,*,*,*,*,*,*,*,2,2,*,*,*,*,*,*,*,*,*,*,*,*,*,*,*
56406502,1,,56406501,85,45,40,4,0,4,95,49,46,50,26,24,92,48,44,90,47,43,45,23,22,18,6,12,5,0,5,1,0,1,0,0,0,34,34,11,8,7,5,3,1,1,25,16,9,1,32,0,9,4
56406503,0,,,9,5,4,0,0,0,9,5,4,5,3,2,9,5,4,9,5,4,4,2,2,4,2,2,1,1,0,0,0,0,0,0,0,4,4,1,2,0,1,0,0,0,3,2,1,0,3,0,0,1
56406510,1,,56406500,22,10,12,5,2,3,25,12,13,13,7,6,25,12,13,25,12,13,12,5,7,6,1,5,4,1,3,1,0,1,0,0,0,8,8,1,6,1,2,0,1,0,10,8,2,0,9,0,1,3
56406512,0,,,155,75,80,10,4,6,145,71,74,72,38,34,141,68,73,136,68,68,73,33,40,44,18,26,19,6,13,1,0,1,0,0,0,53,53,14,10,16,5,2,2,4,39,20,19,1,47,0,13,4
56406513,0,,,38,20,18,0,0,0,38,20,18,19,11,8,38,20,18,38,20,18,19,9,10,13,4,9,6,2,4,1,0,1,0,0,0,17,17,7,3,4,2,1,0,0,10,6,4,0,14,0,5,2
56406520,0,,,48,29,19,2,2,0,46,27,19,21,13,8,46,27,19,46,27,19,25,14,11,8,3,5,2,0,2,0,0,0,0,0,0,21,21,5,9,6,0,0,0,1,16,13,3,0,17,0,3,6
56406521,0,,,25,11,14,3,1,2,22,10,12,7,2,5,21,10,11,21,10,11,15,8,7,6,4,2,2,1,1,0,0,0,0,0,0,9,9,0,5,3,0,0,1,0,9,7,2,0,9,0,0,4
56406522,0,,,147,74,73,6,3,3,141,71,70,71,35,36,139,71,68,138,71,67,70,36,34,35,19,16,9,5,4,0,0,0,0,0,0,49,49,3,21,12,5,4,3,1,46,29,17,1,40,0,3,10
56406523,1,,56406534,41,20,21,1,1,0,47,22,25,28,16,12,47,22,25,46,21,25,19,6,13,17,4,13,4,1,3,0,0,0,1,0,1,15,15,2,9,3,3,0,0,1,16,12,4,0,15,0,2,3
56406530,0,,,35,16,19,0,0,0,35,16,19,13,7,6,35,16,19,35,16,19,22,9,13,12,4,8,7,3,4,0,0,0,0,0,0,13,13,3,2,4,4,0,0,0,10,5,5,0,12,0,2,2
56406532,0,,,18,10,8,0,0,0,18,10,8,6,4,2,18,10,8,18,10,8,12,6,6,4,2,2,1,0,1,0,0,0,0,0,0,8,8,1,4,3,0,0,0,0,7,5,2,0,7,0,1,2
56406533,0,,,82,45,37,3,3,0,79,42,37,30,20,10,78,42,36,78,42,36,49,22,27,19,8,11,8,2,6,1,0,1,0,0,0,33,33,6,13,10,3,0,0,1,27,20,7,1,30,0,5,11
56406534,2,56406523,,7,3,4,*,*,*,*,*,*,*,*,*,*,*,*,*,*,*,*,*,*,*,*,*,*,*,*,*,*,*,*,*,*,3,3,*,*,*,*,*,*,*,*,*,*,*,*,*,*,*
56406540,0,,,282,140,142,13,7,6,269,133,136,136,74,62,264,132,132,262,132,130,133,59,74,66,27,39,32,11,21,1,1,0,2,0,2,93,93,7,34,22,16,10,3,1,86,53,33,2,82,0,6,22
56406541,0,,,14,5,9,0,0,0,14,5,9,7,3,4,14,5,9,14,5,9,7,2,5,2,1,1,1,0,1,0,0,0,0,0,0,8,8,3,4,1,0,0,0,0,5,5,0,0,5,0,1,2
56406542,2,56406543,,7,5,2,*,*,*,*,*,*,*,*,*,*,*,*,*,*,*,*,*,*,*,*,*,*,*,*,*,*,*,*,*,*,2,2,*,*,*,*,*,*,*,*,*,*,*,*,*,*,*
56406543,1,,56406542,81,42,39,2,1,1,86,46,40,41,25,16,86,46,40,86,46,40,45,21,24,22,7,15,10,4,6,0,0,0,0,0,0,29,29,4,11,8,4,3,0,1,27,17,10,1,26,0,2,8
56406550,0,,,136,68,68,11,7,4,125,61,64,65,32,33,123,61,62,123,61,62,60,29,31,33,15,18,13,5,8,1,0,1,0,0,0,49,49,11,19,6,5,3,1,4,37,20,17,1,42,0,7,11
56406551,0,,,94,52,42,9,8,1,85,44,41,50,25,25,83,43,40,82,42,40,35,19,16,17,9,8,9,5,4,3,1,2,0,0,0,28,28,4,8,6,2,3,2,3,24,12,12,4,19,1,1,4
56406552,0,,,88,50,38,10,7,3,78,43,35,42,25,17,77,43,34,77,43,34,36,18,18,12,6,6,6,3,3,0,0,0,0,0,0,31,31,7,11,5,4,0,2,2,24,17,7,1,22,0,3,9
56406553,0,,,128,64,64,5,3,2,123,61,62,54,30,24,123,61,62,121,59,62,69,31,38,38,15,23,14,3,11,2,0,2,0,0,0,46,46,8,18,2,14,2,2,0,38,22,16,1,39,0,4,11
56406560,1,,56406570,185,85,100,20,8,12,169,79,90,92,48,44,165,78,87,162,76,86,77,31,46,49,19,30,17,4,13,1,0,1,1,0,1,63,63,16,19,10,8,5,2,5,49,31,18,5,52,0,10,5
56406561,0,,,107,52,55,6,4,2,101,48,53,55,30,25,100,47,53,99,47,52,46,18,28,23,8,15,9,3,6,0,0,0,1,0,1,40,40,8,12,12,5,1,1,1,31,19,12,2,33,0,6,4
56406562,0,,,15,9,6,0,0,0,15,9,6,6,4,2,15,9,6,15,9,6,9,5,4,2,1,1,2,1,1,0,0,0,0,0,0,6,6,1,2,2,1,0,0,0,5,4,1,0,5,0,1,2
56406563,1,,56406564,134,75,59,0,0,0,137,76,61,68,39,29,135,74,61,134,73,61,69,37,32,35,18,17,16,6,10,2,1,1,0,0,0,51,51,11,19,8,11,4,0,0,41,26,15,0,46,0,10,7
56406564,2,56406563,,3,1,2,*,*,*,*,*,*,*,*,*,*,*,*,*,*,*,*,*,*,*,*,*,*,*,*,*,*,*,*,*,*,2,2,*,*,*,*,*,*,*,*,*,*,*,*,*,*,*
56406570,2,56406560,,4,2,2,*,*,*,*,*,*,*,*,*,*,*,*,*,*,*,*,*,*,*,*,*,*,*,*,*,*,*,*,*,*,2,2,*,*,*,*,*,*,*,*,*,*,*,*,*,*,*
56406571,2,56406572,,8,5,3,*,*,*,*,*,*,*,*,*,*,*,*,*,*,*,*,*,*,*,*,*,*,*,*,*,*,*,*,*,*,2,2,*,*,*,*,*,*,*,*,*,*,*,*,*,*,*
56406572,1,,56406571,31,15,16,1,1,0,38,19,19,15,9,6,38,19,19,38,19,19,23,10,13,9,2,7,7,2,5,0,0,0,0,0,0,12,12,2,5,3,2,2,0,0,12,8,4,0,13,0,2,5
56406629,1,,56406639,10,5,5,0,0,0,14,7,7,1,1,0,14,7,7,14,7,7,13,6,7,7,3,4,3,1,2,0,0,0,0,0,0,4,4,0,4,2,0,0,0,0,6,5,1,0,6,0,0,4
56406639,2,56406629,,4,2,2,*,*,*,*,*,*,*,*,*,*,*,*,*,*,*,*,*,*,*,*,*,*,*,*,*,*,*,*,*,*,2,2,*,*,*,*,*,*,*,*,*,*,*,*,*,*,*
56406659,0,,,28,16,12,1,1,0,27,15,12,16,10,6,25,13,12,25,13,12,11,5,6,4,2,2,0,0,0,0,0,0,0,0,0,8,8,0,3,2,1,1,0,1,8,5,3,0,6,0,0,2
56406669,1,,56406679,47,24,23,6,3,3,52,27,25,32,19,13,48,24,24,47,23,24,20,8,12,8,2,6,5,1,4,2,0,2,0,0,0,12,12,1,3,3,2,5,0,1,14,7,7,2,12,0,1,0
56406679,2,56406669,,11,6,5,*,*,*,*,*,*,*,*,*,*,*,*,*,*,*,*,*,*,*,*,*,*,*,*,*,*,*,*,*,*,3,3,*,*,*,*,*,*,*,*,*,*,*,*,*,*,*
56406700,0,,,36,17,19,2,1,1,34,16,18,21,9,12,33,16,17,33,16,17,13,7,6,3,1,2,1,0,1,0,0,0,0,0,0,12,12,1,4,4,2,0,0,1,11,7,4,0,9,0,1,3
56406701,0,,,211,104,107,21,9,12,190,95,95,112,57,55,186,92,94,184,91,93,78,38,40,33,14,19,11,4,7,0,0,0,5,0,5,70,70,6,25,17,14,3,3,2,63,44,19,4,46,0,2,13
56406702,0,,,480,238,242,73,31,42,407,207,200,277,147,130,390,195,195,384,194,190,130,60,70,49,18,31,15,4,11,2,1,1,0,0,0,157,157,30,37,36,25,17,3,9,125,91,34,16,84,1,14,13
56406703,0,,,380,204,176,39,24,15,340,179,161,194,113,81,334,176,158,329,174,155,146,66,80,63,27,36,22,7,15,1,1,0,3,3,0,152,152,42,50,28,20,5,2,5,110,91,19,13,91,8,18,27
56406704,0,,,19,10,9,1,1,0,18,9,9,8,4,4,18,9,9,17,8,9,10,5,5,8,5,3,2,1,1,0,0,0,0,0,0,5,5,0,3,0,0,1,0,1,5,3,2,0,5,0,0,3
56406710,0,,,118,63,55,13,5,8,105,58,47,63,38,25,102,57,45,101,56,45,42,20,22,20,11,9,5,2,3,0,0,0,0,0,0,35,35,7,9,3,5,6,2,3,28,16,12,1,25,0,4,5
56406711,0,,,425,210,215,56,26,30,369,184,185,213,108,105,355,180,175,348,177,171,156,76,80,72,36,36,24,8,16,3,0,3,0,0,0,120,120,16,32,19,18,12,12,11,104,58,46,12,91,1,9,17
56406712,0,,,161,88,73,30,22,8,130,65,65,99,50,49,124,61,63,122,61,61,31,15,16,6,4,2,2,1,1,0,0,0,1,1,0,50,50,10,9,11,8,6,5,1,40,30,10,7,18,1,2,4
56406713,0,,,708,360,348,113,61,52,592,297,295,390,201,189,573,284,289,559,275,284,202,96,106,91,41,50,37,16,21,3,1,2,2,0,2,279,279,84,73,56,37,19,6,4,195,147,48,32,128,23,21,34
56406714,0,,,173,79,94,18,9,9,155,70,85,89,41,48,151,68,83,150,68,82,66,29,37,29,14,15,14,5,9,0,0,0,1,0,1,56,56,6,21,8,11,7,1,2,50,29,21,3,38,0,4,13
56406720,0,,,66,28,38,10,4,6,56,24,32,30,14,16,56,24,32,54,23,31,26,10,16,9,3,6,5,1,4,1,0,1,0,0,0,21,21,6,6,1,3,3,0,2,15,9,6,2,15,0,3,3
56406721,0,,,92,46,46,15,6,9,77,40,37,55,31,24,73,38,35,70,35,35,22,9,13,15,7,8,4,1,3,0,0,0,1,0,1,27,27,2,7,8,6,1,0,3,25,20,5,4,12,0,1,1
56406722,0,,,169,88,81,29,18,11,138,69,69,96,49,47,135,69,66,130,67,63,42,20,22,26,12,14,10,3,7,0,0,0,2,1,1,59,59,16,9,17,8,5,2,2,42,29,13,10,28,2,5,5
56406723,0,,,242,118,124,22,13,9,217,104,113,134,66,68,209,102,107,204,101,103,83,38,45,40,15,25,16,3,13,3,1,2,2,1,1,96,96,28,29,20,7,5,6,1,67,44,23,5,54,6,10,11
56406724,0,,,91,49,42,6,5,1,85,44,41,52,28,24,81,43,38,78,41,37,33,16,17,18,10,8,5,0,5,0,0,0,0,0,0,28,27,5,5,5,4,5,2,1,21,8,13,0,22,0,3,3
56406725,0,,,77,37,40,3,0,3,74,37,37,37,20,17,72,35,37,71,34,37,37,17,20,22,10,12,7,4,3,0,0,0,1,0,1,25,25,5,6,4,4,4,2,0,20,10,10,1,21,0,4,5
56406730,0,,,85,38,47,14,9,5,71,29,42,39,15,24,66,28,38,65,27,38,32,14,18,16,7,9,10,4,6,2,1,1,0,0,0,26,26,3,7,7,2,4,2,1,23,14,9,2,19,0,3,4
56406731,0,,,106,49,57,3,2,1,103,47,56,57,28,29,100,46,54,96,44,52,46,19,27,26,10,16,5,0,5,1,0,1,0,0,0,40,40,8,17,5,5,1,4,0,32,21,11,1,32,0,6,8
56406732,0,,,413,210,203,57,32,25,352,177,175,229,117,112,338,170,168,327,166,161,123,60,63,53,25,28,14,7,7,0,0,0,4,4,0,139,139,29,35,29,23,9,11,3,108,77,31,15,80,1,17,19
56406733,0,,,578,275,303,83,45,38,493,228,265,283,153,130,470,213,257,463,208,255,210,75,135,135,34,101,82,12,70,15,1,14,1,1,0,175,172,43,40,37,28,12,6,6,129,101,28,24,80,3,21,11
56406734,0,,,47,31,16,4,4,0,43,27,16,27,20,7,42,26,16,41,25,16,16,7,9,7,2,5,2,1,1,0,0,0,1,1,0,17,17,7,2,4,0,2,1,1,10,6,4,2,10,0,3,2
56406735,0,,,18,6,12,1,0,1,17,6,11,7,3,4,16,6,10,16,6,10,10,3,7,7,2,5,4,0,4,2,0,2,0,0,0,7,7,1,4,0,1,1,0,0,6,4,2,0,7,0,1,1
56406740,0,,,60,30,30,5,1,4,55,29,26,36,19,17,55,29,26,53,29,24,19,10,9,7,3,4,4,1,3,0,0,0,0,0,0,18,18,2,6,3,2,2,2,1,16,10,6,1,13,0,2,1
56406741,0,,,332,161,171,54,28,26,278,133,145,165,78,87,275,131,144,270,128,142,113,55,58,42,20,22,12,4,8,0,0,0,1,0,1,98,98,16,19,17,24,8,7,7,81,44,37,11,72,0,10,8
56406742,0,,,456,230,226,54,29,25,401,200,201,283,144,139,384,189,195,377,185,192,118,56,62,48,17,31,15,3,12,1,0,1,13,13,0,164,164,43,43,31,18,18,7,4,121,88,33,14,80,10,19,15
56406743,0,,,775,382,393,89,47,42,683,332,351,415,211,204,656,313,343,638,304,334,268,121,147,133,58,75,53,20,33,9,1,8,1,0,1,290,290,71,87,61,35,18,12,6,218,162,56,25,181,0,49,39
56406744,1,,56406745,227,126,101,28,15,13,203,113,90,143,85,58,200,111,89,197,110,87,60,28,32,28,14,14,11,6,5,1,0,1,5,5,0,93,93,37,25,11,9,10,2,2,58,42,16,10,44,8,10,5
56406745,2,56406744,,5,3,2,*,*,*,*,*,*,*,*,*,*,*,*,*,*,*,*,*,*,*,*,*,*,*,*,*,*,*,*,*,*,3,3,*,*,*,*,*,*,*,*,*,*,*,*,*,*,*
56406750,0,,,160,75,85,14,5,9,146,70,76,87,43,44,138,67,71,133,66,67,59,27,32,33,16,17,8,4,4,2,0,2,0,0,0,56,56,13,17,10,5,5,4,2,43,22,21,4,40,0,9,7
56406751,0,,,139,64,75,11,7,4,128,57,71,85,39,46,124,56,68,122,56,66,43,18,25,28,10,18,15,3,12,2,1,1,0,0,0,42,42,7,9,10,10,0,1,5,35,18,17,5,29,0,6,6
56406752,0,,,487,241,246,74,36,38,413,205,208,271,140,131,397,199,198,390,195,195,142,65,77,63,25,38,23,6,17,0,0,0,2,1,1,156,156,32,40,25,23,18,13,5,124,79,45,20,90,5,12,15
56406753,0,,,440,233,207,73,38,35,365,193,172,260,144,116,355,186,169,348,181,167,105,49,56,59,24,35,18,6,12,1,1,0,2,0,2,181,181,63,39,39,22,14,4,0,116,95,21,30,71,4,20,14
56406754,0,,,32,32,0,0,0,0,30,30,0,30,30,0,30,30,0,30,30,0,0,0,0,0,0,0,0,0,0,0,0,0,0,0,0,32,32,32,0,0,0,0,0,0,0,0,0,0,0,2,0,0
56406760,0,,,147,72,75,13,6,7,134,66,68,64,32,32,133,66,67,130,64,66,70,34,36,31,12,19,18,5,13,4,2,2,0,0,0,51,51,10,14,11,8,5,2,1,41,23,18,2,43,0,8,8
56406761,0,,,459,208,251,57,26,31,402,182,220,222,112,110,388,172,216,383,168,215,180,70,110,110,38,72,64,15,49,14,1,13,3,0,3,132,131,19,43,21,20,15,8,5,108,75,33,12,80,1,12,21
56406762,0,,,70,30,40,6,4,2,64,26,38,43,16,27,60,26,34,57,24,33,21,10,11,14,6,8,7,3,4,1,0,1,1,0,1,26,26,8,3,8,4,2,1,0,18,12,6,1,15,0,6,2
56406763,1,,56406764,177,85,92,11,7,4,170,79,91,102,46,56,165,77,88,162,76,86,68,33,35,29,11,18,11,4,7,0,0,0,1,0,1,65,65,13,25,9,11,4,2,2,53,40,13,4,47,1,10,13
56406764,2,56406763,,4,1,3,*,*,*,*,*,*,*,*,*,*,*,*,*,*,*,*,*,*,*,*,*,*,*,*,*,*,*,*,*,*,1,1,*,*,*,*,*,*,*,*,*,*,*,*,*,*,*
56406770,0,,,67,38,29,6,3,3,61,35,26,31,18,13,61,35,26,61,35,26,30,17,13,17,9,8,7,3,4,1,0,1,0,0,0,24,24,6,6,3,5,4,0,0,18,10,8,4,16,0,4,3
56406771,0,,,44,21,23,2,1,1,42,20,22,26,14,12,40,19,21,37,17,20,16,6,10,6,2,4,3,1,2,1,0,1,0,0,0,14,14,2,4,3,1,3,1,0,12,7,5,1,11,0,2,2
56406772,0,,,84,41,43,13,5,8,71,36,35,36,18,18,68,34,34,68,34,34,35,18,17,18,8,10,8,2,6,1,0,1,2,2,0,26,25,5,4,7,4,0,3,2,20,11,9,1,20,1,4,3
56406773,0,,,28,17,11,4,3,1,24,14,10,17,11,6,22,12,10,21,11,10,7,3,4,3,1,2,2,0,2,0,0,0,0,0,0,10,10,3,2,1,3,0,1,0,7,6,1,0,6,0,3,1
56407303,0,,,57,26,31,0,0,0,57,26,31,30,14,16,57,26,31,57,26,31,27,12,15,15,6,9,4,1,3,0,0,0,0,0,0,22,22,0,14,4,3,1,0,0,22,16,6,0,17,0,0,7
56407304,1,,56407305,56,26,30,3,0,3,57,29,28,26,14,12,57,29,28,57,29,28,31,15,16,15,6,9,6,2,4,0,0,0,0,0,0,29,29,14,8,7,1,0,1,0,17,13,4,1,23,0,11,5
56407305,2,56407304,,5,3,2,*,*,*,*,*,*,*,*,*,*,*,*,*,*,*,*,*,*,*,*,*,*,*,*,*,*,*,*,*,*,2,2,*,*,*,*,*,*,*,*,*,*,*,*,*,*,*
56410000,0,,,357,275,82,5,0,5,318,253,65,265,219,46,316,253,63,315,252,63,53,34,19,21,9,12,9,3,6,0,0,0,2,0,2,309,309,274,24,9,2,0,0,0,32,29,3,4,39,33,24,7
56410001,0,,,790,576,214,26,10,16,687,492,195,506,401,105,682,492,190,677,490,187,181,91,90,94,33,61,29,7,22,2,0,2,3,1,2,633,632,527,71,21,10,2,0,1,103,92,11,10,142,55,83,26
56410002,0,,,10,10,0,0,0,0,6,6,0,5,5,0,6,6,0,6,6,0,1,1,0,0,0,0,0,0,0,0,0,0,0,0,0,10,10,10,0,0,0,0,0,0,0,0,0,0,1,2,1,0
56410010,1,,56410020,58,31,27,2,2,0,65,36,29,42,26,16,64,35,29,64,35,29,23,10,13,16,6,10,2,1,1,0,0,0,0,0,0,31,31,18,13,6,2,0,0,0,20,18,2,1,15,0,1,6
56410011,0,,,143,118,25,6,3,3,96,80,16,89,75,14,96,80,16,96,80,16,7,5,2,2,1,1,0,0,0,0,0,0,2,1,1,125,125,114,6,3,2,0,0,0,11,11,0,2,5,10,3,1
56410012,2,56410021,,10,7,3,*,*,*,*,*,*,*,*,*,*,*,*,*,*,*,*,*,*,*,*,*,*,*,*,*,*,*,*,*,*,7,7,*,*,*,*,*,*,*,*,*,*,*,*,*,*,*
56410020,2,56410010,,12,9,3,*,*,*,*,*,*,*,*,*,*,*,*,*,*,*,*,*,*,*,*,*,*,*,*,*,*,*,*,*,*,8,8,*,*,*,*,*,*,*,*,*,*,*,*,*,*,*
56410021,1,,56410012,36,25,11,0,0,0,44,31,13,28,22,6,44,31,13,44,31,13,16,9,7,3,3,0,1,1,0,0,0,0,0,0,0,26,26,23,7,3,0,0,0,0,9,9,0,0,11,1,5,5
56410022,0,,,7,7,0,0,0,0,7,7,0,7,7,0,7,7,0,7,7,0,0,0,0,0,0,0,0,0,0,0,0,0,0,0,0,7,7,7,0,0,0,0,0,0,0,0,0,0,0,1,0,0
56411070,0,,,21,12,9,0,0,0,20,11,9,4,2,2,20,11,9,20,11,9,16,9,7,7,3,4,3,1,2,0,0,0,0,0,0,12,12,5,5,2,0,0,0,0,7,7,0,0,10,0,3,4
56411080,1,,56411081;56411082,331,265,66,8,5,3,286,223,63,198,175,23,286,223,63,285,222,63,88,48,40,32,14,18,9,4,5,0,0,0,0,0,0,272,271,236,27,7,1,4,0,0,39,35,4,4,65,16,38,16
56411081,2,56411080,,4,3,1,*,*,*,*,*,*,*,*,*,*,*,*,*,*,*,*,*,*,*,*,*,*,*,*,*,*,*,*,*,*,3,3,*,*,*,*,*,*,*,*,*,*,*,*,*,*,*
56411082,2,56411080,,1,1,0,*,*,*,*,*,*,*,*,*,*,*,*,*,*,*,*,*,*,*,*,*,*,*,*,*,*,*,*,*,*,1,1,*,*,*,*,*,*,*,*,*,*,*,*,*,*,*
56411090,0,,,255,164,91,10,3,7,216,142,74,122,89,33,216,142,74,215,141,74,94,53,41,47,25,22,15,7,8,0,0,0,2,1,1,194,194,148,37,6,2,0,0,1,45,41,4,5,72,5,42,20
56411091,0,,,41,20,21,2,0,2,39,20,19,19,11,8,39,20,19,39,20,19,20,9,11,13,6,7,2,0,2,0,0,0,0,0,0,21,21,5,13,2,1,0,0,0,16,15,1,0,13,0,2,7
56411092,0,,,9,5,4,0,0,0,9,5,4,4,3,1,9,5,4,9,5,4,5,2,3,4,1,3,1,0,1,0,0,0,0,0,0,6,6,3,3,0,0,0,0,0,3,3,0,0,4,0,3,1
56412000,0,,,46,28,18,2,1,1,39,23,16,24,15,9,39,23,16,39,23,16,15,8,7,5,3,2,0,0,0,0,0,0,0,0,0,23,23,11,6,4,1,0,0,1,9,6,3,2,9,0,2,2
56412001,1,,56412010,30,20,10,1,0,1,37,25,12,20,14,6,37,25,12,37,25,12,17,11,6,7,3,4,1,0,1,0,0,0,0,0,0,14,14,7,4,4,2,1,0,0,11,8,3,0,10,0,2,2
56412010,2,56412001,,10,7,3,*,*,*,*,*,*,*,*,*,*,*,*,*,*,*,*,*,*,*,*,*,*,*,*,*,*,*,*,*,*,4,4,*,*,*,*,*,*,*,*,*,*,*,*,*,*,*
56412011,0,,,18,11,7,0,0,0,18,11,7,7,5,2,18,11,7,18,11,7,11,6,5,5,2,3,2,0,2,0,0,0,0,0,0,9,9,4,2,2,1,0,0,0,5,3,2,0,7,0,2,2
56412012,1,,56412021,39,22,17,3,2,1,40,22,18,13,9,4,40,22,18,40,22,18,27,13,14,13,6,7,5,2,3,0,0,0,0,0,0,15,15,2,7,2,4,1,0,0,14,12,2,1,15,0,2,6
56412020,2,56412030,,4,2,2,*,*,*,*,*,*,*,*,*,*,*,*,*,*,*,*,*,*,*,*,*,*,*,*,*,*,*,*,*,*,2,2,*,*,*,*,*,*,*,*,*,*,*,*,*,*,*
56412021,2,56412012,,4,2,2,*,*,*,*,*,*,*,*,*,*,*,*,*,*,*,*,*,*,*,*,*,*,*,*,*,*,*,*,*,*,1,1,*,*,*,*,*,*,*,*,*,*,*,*,*,*,*
56412022,0,,,12,6,6,0,0,0,12,6,6,2,1,1,12,6,6,12,6,6,10,5,5,7,3,4,3,1,2,0,0,0,0,0,0,5,5,0,4,0,1,0,0,0,5,4,1,0,5,0,0,3
56412030,1,,56412020,39,15,24,2,0,2,41,17,24,14,5,9,41,17,24,41,17,24,27,12,15,16,7,9,9,5,4,0,0,0,0,0,0,15,15,2,7,5,3,0,0,0,15,11,4,1,15,0,1,3
56412040,0,,,12,6,6,0,0,0,12,6,6,3,1,2,12,6,6,12,6,6,9,5,4,5,2,3,2,1,1,0,0,0,0,0,0,6,6,1,4,1,0,0,0,0,5,5,0,0,5,0,1,2
56412041,1,,56412042;56412052,23,12,11,3,2,1,28,14,14,12,5,7,27,14,13,27,14,13,16,9,7,4,2,2,2,1,1,0,0,0,0,0,0,9,9,4,2,1,2,0,2,0,7,3,4,1,10,0,3,2
56412042,2,56412041,,2,1,1,*,*,*,*,*,*,*,*,*,*,*,*,*,*,*,*,*,*,*,*,*,*,*,*,*,*,*,*,*,*,1,1,*,*,*,*,*,*,*,*,*,*,*,*,*,*,*
56412050,1,,56412061,50,29,21,0,0,0,53,32,21,21,16,5,52,32,20,52,32,20,32,16,16,12,6,6,3,1,2,0,0,0,1,0,1,17,17,2,10,3,3,1,1,0,18,14,4,0,16,0,0,6
56412051,0,,,15,7,8,1,1,0,14,6,8,9,5,4,14,6,8,14,6,8,5,1,4,3,0,3,1,0,1,0,0,0,0,0,0,4,4,0,2,0,0,1,1,0,4,2,2,1,4,0,0,1
56412052,2,56412041,,6,3,3,*,*,*,*,*,*,*,*,*,*,*,*,*,*,*,*,*,*,*,*,*,*,*,*,*,*,*,*,*,*,1,1,*,*,*,*,*,*,*,*,*,*,*,*,*,*,*
56412060,0,,,61,29,32,7,3,4,51,24,27,23,13,10,50,23,27,49,23,26,28,11,17,15,5,10,9,2,7,1,1,0,0,0,0,20,20,2,7,7,2,0,0,2,17,11,6,1,15,0,1,3
56412061,2,56412050,,4,4,0,*,*,*,*,*,*,*,*,*,*,*,*,*,*,*,*,*,*,*,*,*,*,*,*,*,*,*,*,*,*,3,3,*,*,*,*,*,*,*,*,*,*,*,*,*,*,*
56412070,0,,,28,13,15,0,0,0,28,13,15,11,4,7,27,13,14,27,13,14,17,9,8,5,3,2,0,0,0,0,0,0,0,0,0,10,10,1,6,1,0,1,0,1,9,7,2,0,10,0,1,5
56412080,0,,,169,81,88,10,3,7,159,78,81,78,40,38,157,77,80,151,75,76,81,38,43,39,18,21,13,6,7,0,0,0,0,0,0,68,68,18,23,11,10,5,0,1,50,36,14,3,51,1,11,19
56412081,1,,56412091,87,43,44,0,0,0,88,44,44,33,19,14,88,44,44,88,44,44,55,25,30,31,12,19,9,3,6,3,1,2,0,0,0,33,33,5,13,11,4,2,0,0,29,18,11,0,32,0,4,9
56412082,0,,,10,5,5,0,0,0,10,5,5,4,1,3,10,5,5,10,5,5,6,4,2,3,1,2,2,1,1,0,0,0,0,0,0,4,4,1,1,1,1,0,0,0,3,1,2,0,4,0,1,1
56412090,0,,,49,26,23,3,1,2,46,25,21,23,12,11,45,25,20,45,25,20,23,13,10,13,8,5,3,2,1,0,0,0,0,0,0,16,16,1,7,3,1,3,1,0,15,10,5,1,11,0,0,5
56412091,2,56412081,,3,2,1,*,*,*,*,*,*,*,*,*,*,*,*,*,*,*,*,*,*,*,*,*,*,*,*,*,*,*,*,*,*,2,2,*,*,*,*,*,*,*,*,*,*,*,*,*,*,*
56413000,0,,,112,53,59,7,3,4,99,44,55,37,18,19,98,43,55,97,42,55,62,26,36,29,10,19,14,3,11,0,0,0,0,0,0,46,46,12,15,12,3,3,0,1,34,23,11,0,35,0,5,10
56413010,0,,,47,24,23,6,4,2,41,20,21,22,12,10,41,20,21,41,20,21,19,8,11,11,4,7,4,2,2,0,0,0,1,1,0,16,16,4,4,4,1,1,1,1,12,7,5,2,10,1,1,4
56413011,1,,56413021;56413022,43,23,20,5,4,1,41,22,19,19,13,6,41,22,19,41,22,19,22,9,13,13,4,9,7,3,4,0,0,0,5,5,0,17,17,10,4,1,3,1,0,1,10,5,5,2,14,4,5,3
56413020,0,,,164,102,62,21,12,9,137,84,53,89,59,30,134,82,52,132,81,51,48,25,23,23,9,14,6,1,5,1,1,0,1,1,0,75,44,8,12,9,8,4,1,2,35,22,13,3,25,0,3,4
56413021,2,56413011,,2,2,0,*,*,*,*,*,*,*,*,*,*,*,*,*,*,*,*,*,*,*,*,*,*,*,*,*,*,*,*,*,*,2,2,*,*,*,*,*,*,*,*,*,*,*,*,*,*,*
56413022,2,56413011,,1,1,0,*,*,*,*,*,*,*,*,*,*,*,*,*,*,*,*,*,*,*,*,*,*,*,*,*,*,*,*,*,*,1,1,*,*,*,*,*,*,*,*,*,*,*,*,*,*,*
56413030,0,,,340,174,166,32,22,10,307,151,156,182,95,87,299,149,150,295,145,150,125,56,69,48,17,31,18,4,14,1,0,1,4,4,0,117,117,23,34,27,13,9,7,4,91,57,34,10,79,1,9,14
56413031,0,,,56,30,26,8,7,1,46,21,25,26,12,14,46,21,25,46,21,25,20,9,11,9,3,6,4,1,3,1,1,0,0,0,0,18,18,6,3,2,2,1,3,1,12,2,10,2,12,0,1,2
56413040,0,,,42,23,19,3,3,0,37,18,19,22,11,11,36,17,19,36,17,19,15,7,8,4,2,2,1,1,0,0,0,0,2,0,2,17,17,4,8,1,2,1,1,0,13,9,4,0,9,0,1,3
56413050,0,,,199,106,93,14,5,9,171,89,82,106,62,44,166,87,79,166,87,79,65,27,38,28,13,15,4,1,3,1,0,1,1,0,1,105,104,49,34,9,7,4,1,0,53,44,9,1,46,3,15,14
56413060,0,,,54,30,24,4,2,2,43,22,21,36,19,17,41,21,20,38,21,17,7,3,4,3,0,3,3,0,3,0,0,0,0,0,0,28,28,15,6,3,2,2,0,0,12,10,2,1,6,0,2,1
56413070,0,,,38,18,20,2,1,1,36,17,19,18,7,11,35,17,18,34,17,17,18,10,8,8,5,3,1,0,1,0,0,0,0,0,0,14,14,3,5,3,0,2,1,0,11,8,3,0,11,0,2,3
56413071,0,,,46,26,20,4,2,2,42,24,18,25,14,11,39,22,17,39,22,17,17,10,7,6,3,3,2,1,1,1,1,0,0,0,0,12,12,1,3,2,2,0,3,1,11,6,5,1,10,0,1,2
56413080,1,,56413081,102,55,47,10,3,7,104,56,48,62,34,28,103,55,48,103,55,48,42,22,20,25,12,13,8,4,4,1,1,0,0,0,0,30,30,1,9,8,7,3,1,3,31,17,14,3,23,0,1,3
56413081,2,56413080,,12,4,8,*,*,*,*,*,*,*,*,*,*,*,*,*,*,*,*,*,*,*,*,*,*,*,*,*,*,*,*,*,*,2,2,*,*,*,*,*,*,*,*,*,*,*,*,*,*,*
56413090,0,,,65,37,28,9,6,3,55,30,25,32,18,14,54,29,25,54,29,25,23,12,11,9,4,5,3,2,1,0,0,0,0,0,0,24,20,6,2,5,3,1,2,1,14,7,7,1,16,0,4,2
56414000,0,,,206,191,15,1,0,1,196,182,14,166,159,7,195,182,13,193,181,12,30,23,7,8,4,4,3,2,1,0,0,0,1,1,0,187,10,1,4,2,2,0,1,0,9,4,5,1,8,0,0,2
56414010,0,,,41,20,21,4,3,1,37,17,20,22,10,12,35,16,19,35,16,19,15,7,8,7,3,4,2,1,1,0,0,0,0,0,0,12,12,2,2,3,3,1,0,1,9,4,5,1,9,0,2,1
56414040,0,,,76,38,38,9,5,4,67,33,34,31,16,15,66,33,33,65,32,33,36,17,19,16,5,11,11,4,7,0,0,0,0,0,0,26,26,6,7,5,3,1,4,0,20,11,9,1,19,0,3,4
56414050,0,,,14,7,7,3,1,2,11,6,5,8,5,3,11,6,5,11,6,5,3,1,2,1,0,1,1,0,1,0,0,0,0,0,0,5,5,1,1,2,0,1,0,0,4,3,1,0,1,0,0,0
56414070,0,,,51,26,25,2,0,2,49,26,23,29,16,13,47,26,21,47,26,21,20,10,10,7,3,4,2,0,2,0,0,0,0,0,0,15,15,2,3,2,5,1,2,0,13,5,8,0,12,0,2,2
56414080,0,,,21,12,9,0,0,0,21,12,9,11,6,5,20,11,9,20,11,9,10,6,4,5,2,3,1,1,0,0,0,0,0,0,0,9,9,3,3,1,1,1,0,0,6,5,1,0,8,0,3,2
56414090,1,,56415000,74,41,33,3,1,2,73,41,32,39,24,15,72,41,31,72,41,31,34,17,17,13,6,7,4,3,1,0,0,0,0,0,0,24,24,4,7,5,5,2,1,1,21,11,10,1,19,0,2,4
56415000,2,56414090,,2,1,1,*,*,*,*,*,*,*,*,*,*,*,*,*,*,*,*,*,*,*,*,*,*,*,*,*,*,*,*,*,*,1,1,*,*,*,*,*,*,*,*,*,*,*,*,*,*,*
